Version 	KoJaC2_v7r2	 ILP	 INTERNAL 
Modfile 	016cccc.mod
comment 	VShape GPPC ZUM
Analysis name 	.a016cccc_t2600a200d
Applied torque 	2600.0
Rpm 	200.0
Articulation angle 	20.0
Powerflow 	Drive






Angle_Rot_Spider.LastRot	Angle_Rot_Tulip.LastRot	Torque_1.Tulip	Torque_1.Spider	Disp_Spider_Tulip.x	Disp_Spider_Tulip.Y	Disp_Spider_Tulip.Z	Force_Roller_Tulip_Total_JointRef.x	Force_Roller_Tulip_Total_JointRef.y	Force_Roller_Tulip_Total_JointRef.z	Force_Roller_Tulip_Total_JointRef.mag	Force_Roller_Tulip_Total_TulipRef.x	Force_Roller_Tulip_Total_TulipRef.y	Force_Roller_Tulip_Total_TulipRef.z	Force_Roller_Tulip_Total_TulipRef.mag	Force_IRoller1_Circlip.y_top	Force_IRoller1_Circlip.y_bot	Force_IRoller1_Circlip.y_total	Angle_Rot_ORoller1.y_Trunnion	Angle_Rot_ORoller1.y_IRoller	Angle_Rot_IRoller1.y_Trunnion	Angle_Tilt_ORoller1.x_Trunnion	Angle_Tilt_ORoller1.z_Trunnion	Angle_Tilt_ORoller1.x_Track	Angle_Tilt_ORoller1.z_Track	Angle_Pressure_TulipTrack1.postop	Angle_Pressure_TulipTrack1.posbot	Angle_Pressure_TulipTrack1.negtop	Angle_Pressure_TulipTrack1.negbot	Force_Roller1_TulipTrack_postop.x	Force_Roller1_TulipTrack_postop.y	Force_Roller1_TulipTrack_postop.z	Force_Roller1_TulipTrack_postop.mag	Force_Roller1_TulipTrack_posbot.x	Force_Roller1_TulipTrack_posbot.y	Force_Roller1_TulipTrack_posbot.z	Force_Roller1_TulipTrack_posbot.mag	Force_Roller1_TulipTrack_possho.x	Force_Roller1_TulipTrack_possho.y	Force_Roller1_TulipTrack_possho.z	Force_Roller1_TulipTrack_possho.mag	Force_Roller1_TulipTrack_negtop.x	Force_Roller1_TulipTrack_negtop.y	Force_Roller1_TulipTrack_negtop.z	Force_Roller1_TulipTrack_negtop.mag	Force_Roller1_TulipTrack_negbot.x	Force_Roller1_TulipTrack_negbot.y	Force_Roller1_TulipTrack_negbot.z	Force_Roller1_TulipTrack_negbot.mag	Force_Roller1_TulipTrack_negsho.x	Force_Roller1_TulipTrack_negsho.y	Force_Roller1_TulipTrack_negsho.z	Force_Roller1_TulipTrack_negsho.mag	Force_Roller1_TulipTrack_midsho.x_front	Force_Roller1_TulipTrack_midsho.y_front	Force_Roller1_TulipTrack_midsho.z_front	Force_Roller1_TulipTrack_midsho.mag_front	Force_Roller1_TulipTrack_midsho.x_back	Force_Roller1_TulipTrack_midsho.y_back	Force_Roller1_TulipTrack_midsho.z_back	Force_Roller1_TulipTrack_midsho.mag_back	Force_Roller1_TulipTrack_pos.x	Force_Roller1_TulipTrack_pos.y	Force_Roller1_TulipTrack_pos.z	Force_Roller1_TulipTrack_pos.mag	Force_Roller1_TulipTrack_neg.x	Force_Roller1_TulipTrack_neg.y	Force_Roller1_TulipTrack_neg.z	Force_Roller1_TulipTrack_neg.mag	Force_Roller1_TulipTrack_sho.x	Force_Roller1_TulipTrack_sho.y	Force_Roller1_TulipTrack_sho.z	Force_Roller1_TulipTrack_sho.mag	Force_Roller1_TulipTrack_tot.x	Force_Roller1_TulipTrack_tot.y	Force_Roller1_TulipTrack_tot.z	Force_Roller1_TulipTrack_tot.mag	Force_Roller1_Trunnion.x	Force_Roller1_Trunnion.y	Force_Roller1_Trunnion.z	Force_Roller1_Trunnion.mag	Force_Tulip_Roller1_postop.x	Force_Tulip_Roller1_postop.y	Force_Tulip_Roller1_postop.z	Force_Tulip_Roller1_postop.mag	Force_Tulip_Roller1_posbot.x	Force_Tulip_Roller1_posbot.y	Force_Tulip_Roller1_posbot.z	Force_Tulip_Roller1_posbot.mag	Force_Tulip_Roller1_possho.x	Force_Tulip_Roller1_possho.y	Force_Tulip_Roller1_possho.z	Force_Tulip_Roller1_possho.mag	Force_Tulip_Roller1_negtop.x	Force_Tulip_Roller1_negtop.y	Force_Tulip_Roller1_negtop.z	Force_Tulip_Roller1_negtop.mag	Force_Tulip_Roller1_negbot.x	Force_Tulip_Roller1_negbot.y	Force_Tulip_Roller1_negbot.z	Force_Tulip_Roller1_negbot.mag	Force_Tulip_Roller1_negsho.x	Force_Tulip_Roller1_negsho.y	Force_Tulip_Roller1_negsho.z	Force_Tulip_Roller1_negsho.mag	Force_Tulip_Roller1_midsho.x	Force_Tulip_Roller1_midsho.y	Force_Tulip_Roller1_midsho.z	Force_Tulip_Roller1_midsho.mag	Force_Trunnion1_Roller.x	Force_Trunnion1_Roller.y	Force_Trunnion1_Roller.z	Force_Trunnion1_Roller.mag	Force_Trunnion1_Roller_pos.x	Force_Trunnion1_Roller_pos.y	Force_Trunnion1_Roller_pos.z	Force_Trunnion1_Roller_pos.mag	Force_Trunnion1_Roller_neg.x	Force_Trunnion1_Roller_neg.y	Force_Trunnion1_Roller_neg.z	Force_Trunnion1_Roller_neg.mag	Force_Trunnion1_Roller_fro.x	Force_Trunnion1_Roller_fro.y	Force_Trunnion1_Roller_fro.z	Force_Trunnion1_Roller_fro.mag	Force_Trunnion1_Roller_bck.x	Force_Trunnion1_Roller_bck.y	Force_Trunnion1_Roller_bck.z	Force_Trunnion1_Roller_bck.mag	Stress_Roller1_Tulip_postop.Contact_Stress	Stress_Roller1_Tulip_postop.Longer_Semi_Axis	Stress_Roller1_Tulip_postop.Shorter_Semi_Axis	Stress_Roller1_Tulip_posbot.Contact_Stress	Stress_Roller1_Tulip_posbot.Longer_Semi_Axis	Stress_Roller1_Tulip_posbot.Shorter_Semi_Axis	Stress_Roller1_Tulip_negtop.Contact_Stress	Stress_Roller1_Tulip_negtop.Longer_Semi_Axis	Stress_Roller1_Tulip_negtop.Shorter_Semi_Axis	Stress_Roller1_Tulip_negbot.Contact_Stress	Stress_Roller1_Tulip_negbot.Longer_Semi_Axis	Stress_Roller1_Tulip_negbot.Shorter_Semi_Axis	Stress_Trunnion1_Roller.Contact_Stress	Stress_Trunnion1_Roller.Longer_Semi_Axis	Stress_Trunnion1_Roller.Shorter_Semi_Axis	Stress_Trunnion1_Roller_pos.Contact_Stress	Stress_Trunnion1_Roller_pos.Longer_Semi_Axis	Stress_Trunnion1_Roller_pos.Shorter_Semi_Axis	Stress_Trunnion1_Roller_neg.Contact_Stress	Stress_Trunnion1_Roller_neg.Longer_Semi_Axis	Stress_Trunnion1_Roller_neg.Shorter_Semi_Axis	Stress_Trunnion1_Roller_fro.Contact_Stress	Stress_Trunnion1_Roller_fro.Longer_Semi_Axis	Stress_Trunnion1_Roller_fro.Shorter_Semi_Axis	Stress_Trunnion1_Roller_bck.Contact_Stress	Stress_Trunnion1_Roller_bck.Longer_Semi_Axis	Stress_Trunnion1_Roller_bck.Shorter_Semi_Axis	ConPos_Roller1_TulipTrack_postop.x	ConPos_Roller1_TulipTrack_postop.y	ConPos_Roller1_TulipTrack_postop.z	ConPos_Roller1_TulipTrack_posbot.x	ConPos_Roller1_TulipTrack_posbot.y	ConPos_Roller1_TulipTrack_posbot.z	ConPos_Roller1_TulipTrack_possho.x	ConPos_Roller1_TulipTrack_possho.y	ConPos_Roller1_TulipTrack_possho.z	ConPos_Roller1_TulipTrack_negtop.x	ConPos_Roller1_TulipTrack_negtop.y	ConPos_Roller1_TulipTrack_negtop.z	ConPos_Roller1_TulipTrack_negbot.x	ConPos_Roller1_TulipTrack_negbot.y	ConPos_Roller1_TulipTrack_negbot.z	ConPos_Roller1_TulipTrack_negsho.x	ConPos_Roller1_TulipTrack_negsho.y	ConPos_Roller1_TulipTrack_negsho.z	ConPos_Roller1_TulipTrack_midsho.x_front	ConPos_Roller1_TulipTrack_midsho.y_front	ConPos_Roller1_TulipTrack_midsho.z_front	ConPos_Roller1_TulipTrack_midsho.x_back	ConPos_Roller1_TulipTrack_midsho.y_back	ConPos_Roller1_TulipTrack_midsho.z_back	ConPos_Roller1_Shoulder_pos.x	ConPos_Roller1_Shoulder_pos.y	ConPos_Roller1_Shoulder_pos.z	ConPos_Roller1_Shoulder_neg.x	ConPos_Roller1_Shoulder_neg.y	ConPos_Roller1_Shoulder_neg.z	ConPos_Roller1_Shoulder_mid.x_front	ConPos_Roller1_Shoulder_mid.y_front	ConPos_Roller1_Shoulder_mid.z_front	ConPos_Roller1_Shoulder_mid.x_back	ConPos_Roller1_Shoulder_mid.y_back	ConPos_Roller1_Shoulder_mid.z_back	ConPos_Trunnion1_Roller.x	ConPos_Trunnion1_Roller.y	ConPos_Trunnion1_Roller.z	ConPos_Trunnion1_Roller.x_Tulip	ConPos_Trunnion1_Roller.y_Tulip	ConPos_Trunnion1_Roller.z_Tulip	ConPos_Roller1_Spider.x	ConPos_Roller1_Spider.y	ConPos_Roller1_Spider.z	ConPos_Trunnion1_Roller_pos.x	ConPos_Trunnion1_Roller_pos.y	ConPos_Trunnion1_Roller_pos.z	ConPos_Trunnion1_Roller_neg.x	ConPos_Trunnion1_Roller_neg.y	ConPos_Trunnion1_Roller_neg.z	ConPos_Trunnion1_Roller_fro.x	ConPos_Trunnion1_Roller_fro.y	ConPos_Trunnion1_Roller_fro.z	ConPos_Trunnion1_Roller_bck.x	ConPos_Trunnion1_Roller_bck.y	ConPos_Trunnion1_Roller_bck.z	Disp_Trunnion1.PCR	Disp_Trunnion1.PCR_Offset	Disp_Roller1_TulipTrack.x	Disp_Roller1_TulipTrack.y	Disp_Roller1_TulipTrack.z	Disp_IRoller1_ORoller.y	Disp_Trunnion1_Roller.x	Disp_Trunnion1_Roller.y	Disp_Trunnion1_Roller.z	
0.0	0.4902	2600.0	2579.3473855630255	0.053955830664788804	-0.8859271656202945	27.92867690114145	-120.07947368106763	-205.6805198183247	443.330169516904	503.25460299548706	-121.83469950894325	-204.64569926540202	443.330169516904	503.2546029954884	0.0	0.0	0.0	24.585650705606344	24.066094523163166	-0.9209944224167932	-19.68785409119845	2.1559925394262947	0.18928503761995524	1.6646042043316922	-0.0	-0.0	-0.0	-0.0	-0.0	-0.0	-0.0	-0.0	-0.0	-0.0	-0.0	-0.0	-0.0	-0.0	-0.0	-0.0	-0.0	-0.0	-0.0	-0.0	-0.0	-0.0	-0.0	-0.0	-0.0	-0.0	-0.0	-0.0	-0.0	-0.0	-0.0	-0.0	-0.0	-0.0	-0.0	-0.0	-0.0	-0.0	-0.0	-0.0	-0.0	-0.0	-0.0	-0.0	-0.0	-0.0	-0.0	-0.0	27000.949191743282	-1102.9052415351143	335.6283918258012	27025.549090523717	-27009.346412846386	706.5581137657119	-608.9138218299877	27025.447157441857	-0.0	-0.0	-0.0	-0.0	-0.0	-0.0	-0.0	-0.0	-0.0	-0.0	-0.0	-0.0	-0.0	-0.0	-0.0	-0.0	-0.0	-0.0	-0.0	-0.0	-0.0	-0.0	-0.0	-0.0	-0.0	-0.0	-0.0	-0.0	26959.461540130225	-1885.9627275500884	-73.29472158924075	27025.447157441857	-0.0	-0.0	-0.0	-0.0	-0.0	-0.0	-0.0	-0.0	-0.0	-0.0	-0.0	-0.0	-0.0	-0.0	-0.0	-0.0	-0.0	-0.0	-0.0	-0.0	-0.0	-0.0	-0.0	-0.0	-0.0	-0.0	-0.0	-0.0	-0.0	-0.0	-0.0	-0.0	-0.0	-0.0	-0.0	-0.0	-0.0	-0.0	-0.0	-0.0	-0.0	-0.0	-0.0	-0.0	-0.0	-0.0	-0.0	-0.0	-0.0	-0.0	-0.0	-0.0	-0.0	-0.0	-0.0	-0.0	-0.0	-0.0	-0.0	-0.0	-0.0	-0.0	-0.0	-0.0	-0.0	-0.0	-0.0	-0.0	-0.0	-0.0	-0.0	-0.0	-0.0	-0.0	-0.0	-0.0	-0.0	-0.0	-0.0	-0.0	-0.0	-0.0	-0.0	-0.0	-0.0	-0.0	-0.0	-0.0	-0.0	-0.0	-0.0	-0.0	-0.0	-0.0	-0.0	-0.0	-0.0	-0.0	-0.0	-0.0	27.088028989389624	-3.5119710106103708	0.12265999994331747	-0.6357500959888774	38.05338213303266	0.5578923312000257	0.044220321216275976	-3.437829120016704	0.006010062715919629
1.0	1.49	2600.0	2579.7864914736415	0.08549748610627196	-0.8837443490870819	27.93020900897587	-118.46211688641051	-133.1045229916162	260.45348512901995	315.5726621459595	-121.88308637375664	-129.9792307795469	260.45348512901995	315.5726621459596	0.0	0.0	0.0	24.952469546513946	24.409034982658188	-0.9171065243960502	-19.686006163409324	2.2178925174773405	0.1744122322594127	1.6671868493639124	0.0	0.0	0.0	0.0	0.0	0.0	0.0	0.0	0.0	0.0	0.0	0.0	0.0	0.0	0.0	0.0	0.0	0.0	0.0	0.0	0.0	0.0	0.0	0.0	0.0	0.0	0.0	0.0	0.0	0.0	0.0	0.0	0.0	0.0	0.0	0.0	0.0	0.0	0.0	0.0	0.0	0.0	0.0	0.0	0.0	0.0	0.0	0.0	27009.69293511409	-1106.8615346296153	152.36721188911332	27032.792506014863	-27019.579924589558	801.3118639395741	-274.8109568606173	27032.856324602188	0.0	0.0	0.0	0.0	0.0	0.0	0.0	0.0	0.0	0.0	0.0	0.0	0.0	0.0	0.0	0.0	0.0	0.0	0.0	0.0	0.0	0.0	0.0	0.0	0.0	0.0	0.0	0.0	26963.318396691822	-1892.0681431990158	-418.16294275809963	27032.856324602188	0.0	0.0	0.0	0.0	0.0	0.0	0.0	0.0	0.0	0.0	0.0	0.0	0.0	0.0	0.0	0.0	0.0	0.0	0.0	0.0	0.0	0.0	0.0	0.0	0.0	0.0	0.0	0.0	0.0	0.0	0.0	0.0	0.0	0.0	0.0	0.0	0.0	0.0	0.0	0.0	0.0	0.0	0.0	0.0	0.0	0.0	0.0	0.0	0.0	0.0	0.0	0.0	0.0	0.0	0.0	0.0	0.0	0.0	0.0	0.0	0.0	0.0	0.0	0.0	0.0	0.0	0.0	0.0	0.0	0.0	0.0	0.0	0.0	0.0	0.0	0.0	0.0	0.0	0.0	0.0	0.0	0.0	0.0	0.0	0.0	0.0	0.0	0.0	0.0	0.0	0.0	0.0	0.0	0.0	0.0	0.0	0.0	0.0	0.0	0.0	27.09097114227761	-3.5090288577223996	0.12264007969549297	-0.635636859137105	38.053211217395074	0.5578394433531976	0.04421054513201059	-3.4349536014241413	0.0055775713282803984
2.0	2.4898	2600.0	2579.9688596143787	0.11687063475236564	-0.8804641203591699	27.932634337198017	-117.02410766705361	-36.6570055787779	20.316121947371837	124.3025448019999	-118.50604926910275	-31.538771692983573	20.316121947371837	124.30254480200163	0.0	0.0	0.0	25.316658164048004	24.74520269508241	-0.9085041213516827	-19.683212778261314	2.2790269028107026	0.15427806575442926	1.6689528798119713	0.0	0.0	0.0	0.0	0.0	0.0	0.0	0.0	0.0	0.0	0.0	0.0	0.0	0.0	0.0	0.0	0.0	0.0	0.0	0.0	0.0	0.0	0.0	0.0	0.0	0.0	0.0	0.0	0.0	0.0	0.0	0.0	0.0	0.0	0.0	0.0	0.0	0.0	0.0	0.0	0.0	0.0	0.0	0.0	0.0	0.0	0.0	0.0	27019.53055056099	-1099.6404226230877	-85.99534778808186	27042.0346022929	-27026.80508554782	902.9132136913314	110.53292469064493	27042.109069580587	0.0	0.0	0.0	0.0	0.0	0.0	0.0	0.0	0.0	0.0	0.0	0.0	0.0	0.0	0.0	0.0	0.0	0.0	0.0	0.0	0.0	0.0	0.0	0.0	0.0	0.0	0.0	0.0	26963.990488970103	-1886.916037233595	-811.4355860161652	27042.109069580587	0.0	0.0	0.0	0.0	0.0	0.0	0.0	0.0	0.0	0.0	0.0	0.0	0.0	0.0	0.0	0.0	0.0	0.0	0.0	0.0	0.0	0.0	0.0	0.0	0.0	0.0	0.0	0.0	0.0	0.0	0.0	0.0	0.0	0.0	0.0	0.0	0.0	0.0	0.0	0.0	0.0	0.0	0.0	0.0	0.0	0.0	0.0	0.0	0.0	0.0	0.0	0.0	0.0	0.0	0.0	0.0	0.0	0.0	0.0	0.0	0.0	0.0	0.0	0.0	0.0	0.0	0.0	0.0	0.0	0.0	0.0	0.0	0.0	0.0	0.0	0.0	0.0	0.0	0.0	0.0	0.0	0.0	0.0	0.0	0.0	0.0	0.0	0.0	0.0	0.0	0.0	0.0	0.0	0.0	0.0	0.0	0.0	0.0	0.0	0.0	27.09607207930643	-3.503927920693567	0.12256853694935103	-0.6351591569925555	38.05176706466648	0.5577864739302415	0.044174955911451076	-3.4302835137022174	0.00410163500798951
3.0	3.4897	2600.0	2580.136244592433	0.14824417315111052	-0.876076042460849	27.93595501846827	-116.19931565005209	63.303223314222116	-224.7396608359438	260.8016376332131	-112.13066443101344	70.25875841324157	-224.73966083594382	260.80163763321326	0.0	0.0	0.0	25.67425939190001	25.077365247456108	-0.9021882192233335	-19.679014105276444	2.3423430219667014	0.1292682222555948	1.6726430302565436	0.0	0.0	0.0	0.0	0.0	0.0	0.0	0.0	0.0	0.0	0.0	0.0	0.0	0.0	0.0	0.0	0.0	0.0	0.0	0.0	0.0	0.0	0.0	0.0	0.0	0.0	0.0	0.0	0.0	0.0	0.0	0.0	0.0	0.0	0.0	0.0	0.0	0.0	0.0	0.0	0.0	0.0	0.0	0.0	0.0	0.0	0.0	0.0	27032.958377891864	-1097.7595035876927	-319.33163890972395	27057.12267193538	-27033.782369194265	1010.4231833317093	498.51649649460927	27057.251576825944	0.0	0.0	0.0	0.0	0.0	0.0	0.0	0.0	0.0	0.0	0.0	0.0	0.0	0.0	0.0	0.0	0.0	0.0	0.0	0.0	0.0	0.0	0.0	0.0	0.0	0.0	0.0	0.0	26964.19152939996	-1887.5124638079678	-1210.1796380930027	27057.251576825944	0.0	0.0	0.0	0.0	0.0	0.0	0.0	0.0	0.0	0.0	0.0	0.0	0.0	0.0	0.0	0.0	0.0	0.0	0.0	0.0	0.0	0.0	0.0	0.0	0.0	0.0	0.0	0.0	0.0	0.0	0.0	0.0	0.0	0.0	0.0	0.0	0.0	0.0	0.0	0.0	0.0	0.0	0.0	0.0	0.0	0.0	0.0	0.0	0.0	0.0	0.0	0.0	0.0	0.0	0.0	0.0	0.0	0.0	0.0	0.0	0.0	0.0	0.0	0.0	0.0	0.0	0.0	0.0	0.0	0.0	0.0	0.0	0.0	0.0	0.0	0.0	0.0	0.0	0.0	0.0	0.0	0.0	0.0	0.0	0.0	0.0	0.0	0.0	0.0	0.0	0.0	0.0	0.0	0.0	0.0	0.0	0.0	0.0	0.0	0.0	27.10333925032838	-3.4966607496716193	0.12263861904642497	-0.6353057305861902	38.047474463197936	0.557733701141622	0.04414083351942462	-3.4228255659396987	0.0030819525159685407
4.0	4.4897	2600.0	2580.422307379906	0.1794934831058857	-0.8706288160817609	27.94014651114948	-113.9594717514792	64.65270195270202	-240.43485435472425	273.81682245661705	-108.54880432846402	73.37499676676087	-240.43485435472422	273.81682245661744	0.0	0.0	0.0	26.023591871619665	25.40493271347115	-0.8991879230393963	-19.673505262239384	2.4066156488044053	0.09929764431354875	1.6770933033474165	0.0	0.0	0.0	0.0	0.0	0.0	0.0	0.0	0.0	0.0	0.0	0.0	0.0	0.0	0.0	0.0	0.0	0.0	0.0	0.0	0.0	0.0	0.0	0.0	0.0	0.0	0.0	0.0	0.0	0.0	0.0	0.0	0.0	0.0	0.0	0.0	0.0	0.0	0.0	0.0	0.0	0.0	0.0	0.0	0.0	0.0	0.0	0.0	27043.855887916146	-1096.1889294648865	-332.92635389171414	27068.110599237873	-27039.779522729405	1041.8262462080702	675.0287193253084	27068.26079261501	0.0	0.0	0.0	0.0	0.0	0.0	0.0	0.0	0.0	0.0	0.0	0.0	0.0	0.0	0.0	0.0	0.0	0.0	0.0	0.0	0.0	0.0	0.0	0.0	0.0	0.0	0.0	0.0	26966.746162466676	-1888.207858504937	-1385.64599706701	27068.26079261501	0.0	0.0	0.0	0.0	0.0	0.0	0.0	0.0	0.0	0.0	0.0	0.0	0.0	0.0	0.0	0.0	0.0	0.0	0.0	0.0	0.0	0.0	0.0	0.0	0.0	0.0	0.0	0.0	0.0	0.0	0.0	0.0	0.0	0.0	0.0	0.0	0.0	0.0	0.0	0.0	0.0	0.0	0.0	0.0	0.0	0.0	0.0	0.0	0.0	0.0	0.0	0.0	0.0	0.0	0.0	0.0	0.0	0.0	0.0	0.0	0.0	0.0	0.0	0.0	0.0	0.0	0.0	0.0	0.0	0.0	0.0	0.0	0.0	0.0	0.0	0.0	0.0	0.0	0.0	0.0	0.0	0.0	0.0	0.0	0.0	0.0	0.0	0.0	0.0	0.0	0.0	0.0	0.0	0.0	0.0	0.0	0.0	0.0	0.0	0.0	27.112721935933646	-3.487278064066353	0.12276333707226557	-0.6357298267420218	38.03978895930788	0.5576809333931466	0.044130095789921144	-3.4129738248453614	0.0027022086579595703
5.0	5.4896	2600.0	2580.7082510270957	0.21044364074277994	-0.8641448399302787	27.945187673826137	-112.0597068925708	66.37272630032747	-241.84532886111552	274.68505564978994	-105.19621773612742	76.78849184220233	-241.8453288611155	274.68505564978926	0.0	0.0	0.0	26.363518943983532	25.72665822058459	-0.8956748568307963	-19.64463494344864	2.468776859212019	0.08654099014519796	1.680044124499117	0.0	0.0	0.0	0.0	0.0	0.0	0.0	0.0	0.0	0.0	0.0	0.0	0.0	0.0	0.0	0.0	0.0	0.0	0.0	0.0	0.0	0.0	0.0	0.0	0.0	0.0	0.0	0.0	0.0	0.0	0.0	0.0	0.0	0.0	0.0	0.0	0.0	0.0	0.0	0.0	0.0	0.0	0.0	0.0	0.0	0.0	0.0	0.0	27054.408040097285	-1095.468261564506	-333.67221719053157	27078.6333159689	-27044.7739194467	1067.7012309750999	834.1718339374853	27078.693190793852	0.0	0.0	0.0	0.0	0.0	0.0	0.0	0.0	0.0	0.0	0.0	0.0	0.0	0.0	0.0	0.0	0.0	0.0	0.0	0.0	0.0	0.0	0.0	0.0	0.0	0.0	0.0	0.0	26968.651413236348	-1889.0202881626697	-1542.4228419598646	27078.693190793852	0.0	0.0	0.0	0.0	0.0	0.0	0.0	0.0	0.0	0.0	0.0	0.0	0.0	0.0	0.0	0.0	0.0	0.0	0.0	0.0	0.0	0.0	0.0	0.0	0.0	0.0	0.0	0.0	0.0	0.0	0.0	0.0	0.0	0.0	0.0	0.0	0.0	0.0	0.0	0.0	0.0	0.0	0.0	0.0	0.0	0.0	0.0	0.0	0.0	0.0	0.0	0.0	0.0	0.0	0.0	0.0	0.0	0.0	0.0	0.0	0.0	0.0	0.0	0.0	0.0	0.0	0.0	0.0	0.0	0.0	0.0	0.0	0.0	0.0	0.0	0.0	0.0	0.0	0.0	0.0	0.0	0.0	0.0	0.0	0.0	0.0	0.0	0.0	0.0	0.0	0.0	0.0	0.0	0.0	0.0	0.0	0.0	0.0	0.0	0.0	27.124193839576	-3.4758061604239994	0.12285694699505859	-0.6361831144289622	38.030723055314596	0.5576281424380336	0.04411072762046811	-3.4009986661738862	0.0023598664215393104
6.0	6.4895	2600.0	2580.84304581446	0.24107858828680676	-0.8566818776356019	27.951046185647925	-111.05386329042267	80.56297006539535	-218.62825010668686	258.11172860255243	-101.23700403915247	92.59817336569175	-218.62825010668683	258.1117286025532	1.0901998138342768e-15	0.0	1.0901998138342768e-15	26.69575846876147	26.04256017290729	-0.8920920587124277	-19.606283599003888	2.529710742574095	0.07711274430194405	1.6821975280225663	0.0	0.0	0.0	0.0	0.0	0.0	0.0	0.0	0.0	0.0	0.0	0.0	0.0	0.0	0.0	0.0	0.0	0.0	0.0	0.0	0.0	0.0	0.0	0.0	0.0	0.0	0.0	0.0	0.0	0.0	0.0	0.0	0.0	0.0	0.0	0.0	0.0	0.0	0.0	0.0	0.0	0.0	0.0	0.0	0.0	0.0	0.0	0.0	27155.860357057194	-404.65067506258805	-303.8491110878625	27160.574702740156	-27130.04496570531	437.3755960868217	1212.1091909468882	27160.63044084254	0.0	0.0	0.0	0.0	0.0	0.0	0.0	0.0	0.0	0.0	0.0	0.0	0.0	0.0	0.0	0.0	0.0	0.0	0.0	0.0	0.0	0.0	0.0	0.0	0.0	0.0	0.0	0.0	27081.55052759157	-1202.2858746993893	-1686.4090965792873	27160.63044084254	0.0	0.0	0.0	0.0	0.0	0.0	0.0	0.0	0.0	0.0	0.0	0.0	0.0	0.0	0.0	0.0	0.0	0.0	0.0	0.0	0.0	0.0	0.0	0.0	0.0	0.0	0.0	0.0	0.0	0.0	0.0	0.0	0.0	0.0	0.0	0.0	0.0	0.0	0.0	0.0	0.0	0.0	0.0	0.0	0.0	0.0	0.0	0.0	0.0	0.0	0.0	0.0	0.0	0.0	0.0	0.0	0.0	0.0	0.0	0.0	0.0	0.0	0.0	0.0	0.0	0.0	0.0	0.0	0.0	0.0	0.0	0.0	0.0	0.0	0.0	0.0	0.0	0.0	0.0	0.0	0.0	0.0	0.0	0.0	0.0	0.0	0.0	0.0	0.0	0.0	0.0	0.0	0.0	0.0	0.0	0.0	0.0	0.0	0.0	0.0	27.137692239088086	-3.4623077609119237	0.12290914416695621	-0.6364044424641317	38.01956296204216	0.5575812205202667	0.04409471613488116	-3.3872320158454077	0.00202717070156245
7.0	7.4894	2600.0	2580.7479522443605	0.2711811060361895	-0.8487040775083144	27.957533197469104	-111.79796774009446	89.74260049362418	-121.87596324265532	188.16553975289554	-99.1468580108685	103.54912110079022	-121.87596324265536	188.16553975289557	-1.6173640702975392e-15	0.0	-1.6173640702975392e-15	27.019192301640153	26.35189045586003	-0.8894189047333931	-19.563200436929336	2.587776912744821	0.06633739791539527	1.6817756936995667	0.0	0.0	0.0	0.0	0.0	0.0	0.0	0.0	0.0	0.0	0.0	0.0	0.0	0.0	0.0	0.0	0.0	0.0	0.0	0.0	0.0	0.0	0.0	0.0	0.0	0.0	0.0	0.0	0.0	0.0	0.0	0.0	0.0	0.0	0.0	0.0	0.0	0.0	0.0	0.0	0.0	0.0	0.0	0.0	0.0	0.0	0.0	0.0	27411.027428762955	1477.5820893172727	-208.8626665338383	27451.617386677553	-27350.84875668237	-1338.770427303782	1932.152783504498	27451.674782182985	0.0	0.0	0.0	0.0	0.0	0.0	0.0	0.0	0.0	0.0	0.0	0.0	0.0	0.0	0.0	0.0	0.0	0.0	0.0	0.0	0.0	0.0	0.0	0.0	0.0	0.0	0.0	0.0	27386.1222426205	672.1249808506503	-1772.8521847871596	27451.674782182985	0.0	0.0	0.0	0.0	0.0	0.0	0.0	0.0	0.0	0.0	0.0	0.0	0.0	0.0	0.0	0.0	0.0	0.0	0.0	0.0	0.0	0.0	0.0	0.0	0.0	0.0	0.0	0.0	0.0	0.0	0.0	0.0	0.0	0.0	0.0	0.0	0.0	0.0	0.0	0.0	0.0	0.0	0.0	0.0	0.0	0.0	0.0	0.0	0.0	0.0	0.0	0.0	0.0	0.0	0.0	0.0	0.0	0.0	0.0	0.0	0.0	0.0	0.0	0.0	0.0	0.0	0.0	0.0	0.0	0.0	0.0	0.0	0.0	0.0	0.0	0.0	0.0	0.0	0.0	0.0	0.0	0.0	0.0	0.0	0.0	0.0	0.0	0.0	0.0	0.0	0.0	0.0	0.0	0.0	0.0	0.0	0.0	0.0	0.0	0.0	27.152755590457563	-3.4472444095424426	0.12277469532162469	-0.6349338695560921	38.00557386650091	0.5575749442793835	0.044098270104442165	-3.3736263942739253	0.00193220337564468
8.0	8.4894	2600.0	2580.5782022716025	0.3007312781686783	-0.8402108446143756	27.964632049961658	-113.33073359321678	105.29376165197029	-69.13386097178413	169.44061541573961	-96.54475273901517	120.8707662677916	-69.13386097178413	169.44061541574578	0.0	0.0	0.0	27.334935295925128	26.653675440897523	-0.8854123647371164	-19.514967482672894	2.6429659930463525	0.05469807229282309	1.6788333910618456	0.0	0.0	0.0	0.0	0.0	0.0	0.0	0.0	0.0	0.0	0.0	0.0	0.0	0.0	0.0	0.0	0.0	0.0	0.0	0.0	0.0	0.0	0.0	0.0	0.0	0.0	0.0	0.0	0.0	0.0	0.0	0.0	0.0	0.0	0.0	0.0	0.0	0.0	0.0	0.0	0.0	0.0	0.0	0.0	0.0	0.0	0.0	0.0	27584.597460099714	2744.0616069244006	-153.80293830245347	27721.175055941738	-27494.93261851306	-2521.7611092201905	2478.099156341023	27721.31984984133	0.0	0.0	0.0	0.0	0.0	0.0	0.0	0.0	0.0	0.0	0.0	0.0	0.0	0.0	0.0	0.0	0.0	0.0	0.0	0.0	0.0	0.0	0.0	0.0	0.0	0.0	0.0	0.0	27588.792781350756	1934.0180973699387	-1894.6400935115462	27721.31984984133	0.0	0.0	0.0	0.0	0.0	0.0	0.0	0.0	0.0	0.0	0.0	0.0	0.0	0.0	0.0	0.0	0.0	0.0	0.0	0.0	0.0	0.0	0.0	0.0	0.0	0.0	0.0	0.0	0.0	0.0	0.0	0.0	0.0	0.0	0.0	0.0	0.0	0.0	0.0	0.0	0.0	0.0	0.0	0.0	0.0	0.0	0.0	0.0	0.0	0.0	0.0	0.0	0.0	0.0	0.0	0.0	0.0	0.0	0.0	0.0	0.0	0.0	0.0	0.0	0.0	0.0	0.0	0.0	0.0	0.0	0.0	0.0	0.0	0.0	0.0	0.0	0.0	0.0	0.0	0.0	0.0	0.0	0.0	0.0	0.0	0.0	0.0	0.0	0.0	0.0	0.0	0.0	0.0	0.0	0.0	0.0	0.0	0.0	0.0	0.0	27.16937596512115	-3.430624034878846	0.12247174635575281	-0.631653241102371	37.98938741230091	0.5576141889012989	0.04409183687441392	-3.3603136508818143	0.0016288484869356296
9.0	9.4895	2600.0	2580.160481527053	0.3300063436655169	-0.8305738704272677	27.972567025005496	-114.43100781410611	101.80119354940327	-68.28384196815968	167.6920440312172	-96.08153302424945	119.27396014698752	-68.28384196815968	167.69204403121725	0.0	0.0	0.0	27.643421664516545	26.949204883146454	-0.881076548694979	-19.46115389770019	2.6982362267849935	0.04255634466970339	1.6764438587960637	0.0	0.0	0.0	0.0	0.0	0.0	0.0	0.0	0.0	0.0	0.0	0.0	0.0	0.0	0.0	0.0	0.0	0.0	0.0	0.0	0.0	0.0	0.0	0.0	0.0	0.0	0.0	0.0	0.0	0.0	0.0	0.0	0.0	0.0	0.0	0.0	0.0	0.0	0.0	0.0	0.0	0.0	0.0	0.0	0.0	0.0	0.0	0.0	27588.65833546809	2736.0544275770912	-167.0673890847582	27724.50133175262	-27485.66453689743	-2483.063974702907	2649.6624759152787	27724.503114999246	0.0	0.0	0.0	0.0	0.0	0.0	0.0	0.0	0.0	0.0	0.0	0.0	0.0	0.0	0.0	0.0	0.0	0.0	0.0	0.0	0.0	0.0	0.0	0.0	0.0	0.0	0.0	0.0	27579.846570739093	1927.1555932080596	-2070.3157796965647	27724.503114999246	0.0	0.0	0.0	0.0	0.0	0.0	0.0	0.0	0.0	0.0	0.0	0.0	0.0	0.0	0.0	0.0	0.0	0.0	0.0	0.0	0.0	0.0	0.0	0.0	0.0	0.0	0.0	0.0	0.0	0.0	0.0	0.0	0.0	0.0	0.0	0.0	0.0	0.0	0.0	0.0	0.0	0.0	0.0	0.0	0.0	0.0	0.0	0.0	0.0	0.0	0.0	0.0	0.0	0.0	0.0	0.0	0.0	0.0	0.0	0.0	0.0	0.0	0.0	0.0	0.0	0.0	0.0	0.0	0.0	0.0	0.0	0.0	0.0	0.0	0.0	0.0	0.0	0.0	0.0	0.0	0.0	0.0	0.0	0.0	0.0	0.0	0.0	0.0	0.0	0.0	0.0	0.0	0.0	0.0	0.0	0.0	0.0	0.0	0.0	0.0	27.188158473794658	-3.4118415262053468	0.12224848940497302	-0.628539719668448	37.971023371864526	0.557666735248631	0.04409823027425477	-3.3446858328566718	0.0014213439316238601
10.0	10.4895	2600.0	2580.323290729267	0.3589793637854622	-0.8197026141616216	27.981354432494495	-114.52946569904636	111.06973121604823	-91.37053062624517	183.85335888320301	-92.39466877724229	130.064249074283	-91.37053062624514	183.85335888320085	0.0	0.0	0.0	27.945653496781098	27.237357498403536	-0.8741600708448918	-19.401417981464775	2.753812311845834	0.030257325382877447	1.6749346402488414	0.0	0.0	0.0	0.0	0.0	0.0	0.0	0.0	0.0	0.0	0.0	0.0	0.0	0.0	0.0	0.0	0.0	0.0	0.0	0.0	0.0	0.0	0.0	0.0	0.0	0.0	0.0	0.0	0.0	0.0	0.0	0.0	0.0	0.0	0.0	0.0	0.0	0.0	0.0	0.0	0.0	0.0	0.0	0.0	0.0	0.0	0.0	0.0	27603.19442433328	2743.5196739340627	-177.11166461055475	27739.76588168236	-27485.129620972202	-2455.645514916344	2836.632221006278	27740.025730590514	0.0	0.0	0.0	0.0	0.0	0.0	0.0	0.0	0.0	0.0	0.0	0.0	0.0	0.0	0.0	0.0	0.0	0.0	0.0	0.0	0.0	0.0	0.0	0.0	0.0	0.0	0.0	0.0	27580.33467843278	1934.966984157911	-2256.1181994036638	27740.025730590514	0.0	0.0	0.0	0.0	0.0	0.0	0.0	0.0	0.0	0.0	0.0	0.0	0.0	0.0	0.0	0.0	0.0	0.0	0.0	0.0	0.0	0.0	0.0	0.0	0.0	0.0	0.0	0.0	0.0	0.0	0.0	0.0	0.0	0.0	0.0	0.0	0.0	0.0	0.0	0.0	0.0	0.0	0.0	0.0	0.0	0.0	0.0	0.0	0.0	0.0	0.0	0.0	0.0	0.0	0.0	0.0	0.0	0.0	0.0	0.0	0.0	0.0	0.0	0.0	0.0	0.0	0.0	0.0	0.0	0.0	0.0	0.0	0.0	0.0	0.0	0.0	0.0	0.0	0.0	0.0	0.0	0.0	0.0	0.0	0.0	0.0	0.0	0.0	0.0	0.0	0.0	0.0	0.0	0.0	0.0	0.0	0.0	0.0	0.0	0.0	27.209180742681372	-3.3908192573186327	0.12211695761615095	-0.6259398562715691	37.95089568905093	0.5577196091582614	0.0440743549823004	-3.3263062629865767	0.0008462801563162864
11.0	11.4895	2600.0	2579.939909069287	0.3875842954701446	-0.8076619520294389	27.990950545912092	-115.66613037977184	99.62500063570404	-89.97732412687448	177.19964256658938	-93.50420142772782	120.66796917184183	-89.97732412687448	177.19964256658727	0.0	0.0	0.0	28.240518496829747	27.518560047706288	-0.866243224858962	-19.335961433921863	2.8092894352906415	0.017632361516474872	1.6739677135961026	0.0	0.0	0.0	0.0	0.0	0.0	0.0	0.0	0.0	0.0	0.0	0.0	0.0	0.0	0.0	0.0	0.0	0.0	0.0	0.0	0.0	0.0	0.0	0.0	0.0	0.0	0.0	0.0	0.0	0.0	0.0	0.0	0.0	0.0	0.0	0.0	0.0	0.0	0.0	0.0	0.0	0.0	0.0	0.0	0.0	0.0	0.0	0.0	27603.947166693804	2743.40217534005	-187.73965226451497	27740.5731890009	-27471.258220581352	-2430.661732624918	2994.0195068490266	27740.625398280023	0.0	0.0	0.0	0.0	0.0	0.0	0.0	0.0	0.0	0.0	0.0	0.0	0.0	0.0	0.0	0.0	0.0	0.0	0.0	0.0	0.0	0.0	0.0	0.0	0.0	0.0	0.0	0.0	27567.628807081124	1935.3868268490269	-2412.968560331616	27740.625398280023	0.0	0.0	0.0	0.0	0.0	0.0	0.0	0.0	0.0	0.0	0.0	0.0	0.0	0.0	0.0	0.0	0.0	0.0	0.0	0.0	0.0	0.0	0.0	0.0	0.0	0.0	0.0	0.0	0.0	0.0	0.0	0.0	0.0	0.0	0.0	0.0	0.0	0.0	0.0	0.0	0.0	0.0	0.0	0.0	0.0	0.0	0.0	0.0	0.0	0.0	0.0	0.0	0.0	0.0	0.0	0.0	0.0	0.0	0.0	0.0	0.0	0.0	0.0	0.0	0.0	0.0	0.0	0.0	0.0	0.0	0.0	0.0	0.0	0.0	0.0	0.0	0.0	0.0	0.0	0.0	0.0	0.0	0.0	0.0	0.0	0.0	0.0	0.0	0.0	0.0	0.0	0.0	0.0	0.0	0.0	0.0	0.0	0.0	0.0	0.0	27.232367056155343	-3.3676329438446544	0.1220452941711255	-0.6237415823114425	37.92858653787398	0.5577724029199729	0.044047520306115986	-3.305361281824778	0.000256930795344076
12.0	12.4895	2600.0	2579.4749387345823	0.415767910167797	-0.7945112632716973	28.00131235300896	-119.26876440392516	91.41168435669168	-106.96682495647708	184.45334326228965	-96.67762567761203	115.04160505098116	-106.96682495647708	184.45334326228956	7.85631855154721e-15	0.0	7.85631855154721e-15	28.52758951189161	27.793028166458797	-0.8579540581687587	-19.264713069565396	2.8643950101401683	0.004785111776385195	1.673332586255009	0.0	0.0	0.0	0.0	0.0	0.0	0.0	0.0	0.0	0.0	0.0	0.0	0.0	0.0	0.0	0.0	0.0	0.0	0.0	0.0	0.0	0.0	0.0	0.0	0.0	0.0	0.0	0.0	0.0	0.0	0.0	0.0	0.0	0.0	0.0	0.0	0.0	0.0	0.0	0.0	0.0	0.0	0.0	0.0	0.0	0.0	0.0	0.0	27608.433440826993	2743.6475030953206	-199.8021901361221	27745.145874422768	-27459.09110815856	-2399.557269068655	3169.913089385494	27745.412387779543	0.0	0.0	0.0	0.0	0.0	0.0	0.0	0.0	0.0	0.0	0.0	0.0	0.0	0.0	0.0	0.0	0.0	0.0	0.0	0.0	0.0	0.0	0.0	0.0	0.0	0.0	0.0	0.0	27556.399722861373	1935.681535887781	-2589.5713686745607	27745.412387779543	0.0	0.0	0.0	0.0	0.0	0.0	0.0	0.0	0.0	0.0	0.0	0.0	0.0	0.0	0.0	0.0	0.0	0.0	0.0	0.0	0.0	0.0	0.0	0.0	0.0	0.0	0.0	0.0	0.0	0.0	0.0	0.0	0.0	0.0	0.0	0.0	0.0	0.0	0.0	0.0	0.0	0.0	0.0	0.0	0.0	0.0	0.0	0.0	0.0	0.0	0.0	0.0	0.0	0.0	0.0	0.0	0.0	0.0	0.0	0.0	0.0	0.0	0.0	0.0	0.0	0.0	0.0	0.0	0.0	0.0	0.0	0.0	0.0	0.0	0.0	0.0	0.0	0.0	0.0	0.0	0.0	0.0	0.0	0.0	0.0	0.0	0.0	0.0	0.0	0.0	0.0	0.0	0.0	0.0	0.0	0.0	0.0	0.0	0.0	0.0	27.257645882711707	-3.342354117288291	0.1220266513240866	-0.6218691781853295	37.90398098867605	0.5578252263113782	0.04402536602672609	-3.2819976642298156	-0.00023177050354378397
13.0	13.4895	2600.0	2580.00996987163	0.4434677332170996	-0.7802864101941257	28.01240242917346	-115.73893603071701	116.97510333566605	-121.06807101558019	204.2942826741505	-85.25961161085252	140.74613579732244	-121.06807101558016	204.2942826741495	-3.917499447920403e-15	0.0	-3.917499447920403e-15	28.806608884799136	28.060338130171534	-0.8487567359628726	-19.185771442534442	2.918638918425436	-0.006324590523466778	1.672743494135165	0.0	0.0	0.0	0.0	0.0	0.0	0.0	0.0	0.0	0.0	0.0	0.0	0.0	0.0	0.0	0.0	0.0	0.0	0.0	0.0	0.0	0.0	0.0	0.0	0.0	0.0	0.0	0.0	0.0	0.0	0.0	0.0	0.0	0.0	0.0	0.0	0.0	0.0	0.0	0.0	0.0	0.0	0.0	0.0	0.0	0.0	0.0	0.0	27623.459764791194	2744.2795438784246	-198.69394409534263	27760.152717076457	-27456.294339991906	-2370.81751217222	3342.487258538271	27760.42318902551	0.0	0.0	0.0	0.0	0.0	0.0	0.0	0.0	0.0	0.0	0.0	0.0	0.0	0.0	0.0	0.0	0.0	0.0	0.0	0.0	0.0	0.0	0.0	0.0	0.0	0.0	0.0	0.0	27554.67837558533	1936.314857822853	-2762.5133525848755	27760.42318902551	0.0	0.0	0.0	0.0	0.0	0.0	0.0	0.0	0.0	0.0	0.0	0.0	0.0	0.0	0.0	0.0	0.0	0.0	0.0	0.0	0.0	0.0	0.0	0.0	0.0	0.0	0.0	0.0	0.0	0.0	0.0	0.0	0.0	0.0	0.0	0.0	0.0	0.0	0.0	0.0	0.0	0.0	0.0	0.0	0.0	0.0	0.0	0.0	0.0	0.0	0.0	0.0	0.0	0.0	0.0	0.0	0.0	0.0	0.0	0.0	0.0	0.0	0.0	0.0	0.0	0.0	0.0	0.0	0.0	0.0	0.0	0.0	0.0	0.0	0.0	0.0	0.0	0.0	0.0	0.0	0.0	0.0	0.0	0.0	0.0	0.0	0.0	0.0	0.0	0.0	0.0	0.0	0.0	0.0	0.0	0.0	0.0	0.0	0.0	0.0	27.284967544075073	-3.315032455924928	0.12205082224704977	-0.6202488750529277	37.87720794642009	0.5578780599250005	0.043997617133637694	-3.2563379603741054	-0.000714533955028753
14.0	14.4895	2600.0	2580.1947210319067	0.4706155673666729	-0.7650247174867758	28.024180067752592	-114.97812125867767	106.93431505949776	-124.26084848915684	200.2390435770814	-84.56588682731308	132.30089527485683	-124.26084848915681	200.23904357708005	-2.239290446041731e-15	0.0	-2.239290446041731e-15	29.07673378433889	28.32055928769167	-0.8392063319663846	-19.09717882506385	2.971367058462734	-0.013655064945564135	1.671814607844528	0.0	0.0	0.0	0.0	0.0	0.0	0.0	0.0	0.0	0.0	0.0	0.0	0.0	0.0	0.0	0.0	0.0	0.0	0.0	0.0	0.0	0.0	0.0	0.0	0.0	0.0	0.0	0.0	0.0	0.0	0.0	0.0	0.0	0.0	0.0	0.0	0.0	0.0	0.0	0.0	0.0	0.0	0.0	0.0	0.0	0.0	0.0	0.0	27631.429715225946	2745.6686158063094	-186.04393461665836	27768.1331133532	-27448.768955281346	-2355.6190727173016	3478.870442933747	27768.44248305772	0.0	0.0	0.0	0.0	0.0	0.0	0.0	0.0	0.0	0.0	0.0	0.0	0.0	0.0	0.0	0.0	0.0	0.0	0.0	0.0	0.0	0.0	0.0	0.0	0.0	0.0	0.0	0.0	27548.803751208907	1937.9537791143398	-2897.2650831912338	27768.44248305772	0.0	0.0	0.0	0.0	0.0	0.0	0.0	0.0	0.0	0.0	0.0	0.0	0.0	0.0	0.0	0.0	0.0	0.0	0.0	0.0	0.0	0.0	0.0	0.0	0.0	0.0	0.0	0.0	0.0	0.0	0.0	0.0	0.0	0.0	0.0	0.0	0.0	0.0	0.0	0.0	0.0	0.0	0.0	0.0	0.0	0.0	0.0	0.0	0.0	0.0	0.0	0.0	0.0	0.0	0.0	0.0	0.0	0.0	0.0	0.0	0.0	0.0	0.0	0.0	0.0	0.0	0.0	0.0	0.0	0.0	0.0	0.0	0.0	0.0	0.0	0.0	0.0	0.0	0.0	0.0	0.0	0.0	0.0	0.0	0.0	0.0	0.0	0.0	0.0	0.0	0.0	0.0	0.0	0.0	0.0	0.0	0.0	0.0	0.0	0.0	27.31427973887591	-3.2857202611240917	0.12208552183241879	-0.6187564513196699	37.84816583492897	0.5579308630034654	0.04398842311897367	-3.2285578473502046	-0.0010484067805263202
15.0	15.4894	2600.0	2579.896000349391	0.49716743603209285	-0.7487667624553026	28.036603436571447	-117.01881249830787	83.26221546955277	-107.22361304367396	179.22863107648814	-90.53256666077142	111.4892522946757	-107.22361304367396	179.22863107648956	9.223861997050823e-15	0.0	9.223861997050823e-15	29.338715739641238	28.57314148316053	-0.8282803463992017	-19.00084023363219	3.022613972894367	-0.01907483393749494	1.6705695438662846	0.0	0.0	0.0	0.0	0.0	0.0	0.0	0.0	0.0	0.0	0.0	0.0	0.0	0.0	0.0	0.0	0.0	0.0	0.0	0.0	0.0	0.0	0.0	0.0	0.0	0.0	0.0	0.0	0.0	0.0	0.0	0.0	0.0	0.0	0.0	0.0	0.0	0.0	0.0	0.0	0.0	0.0	0.0	0.0	0.0	0.0	0.0	0.0	27634.6191493044	2744.8099687738286	-174.15013468014223	27771.14483706408	-27435.46301262528	-2337.4903346135393	3617.1811447210357	27771.433006153406	0.0	0.0	0.0	0.0	0.0	0.0	0.0	0.0	0.0	0.0	0.0	0.0	0.0	0.0	0.0	0.0	0.0	0.0	0.0	0.0	0.0	0.0	0.0	0.0	0.0	0.0	0.0	0.0	27537.04253405064	1937.7042265522857	-3034.6469355682975	27771.433006153406	0.0	0.0	0.0	0.0	0.0	0.0	0.0	0.0	0.0	0.0	0.0	0.0	0.0	0.0	0.0	0.0	0.0	0.0	0.0	0.0	0.0	0.0	0.0	0.0	0.0	0.0	0.0	0.0	0.0	0.0	0.0	0.0	0.0	0.0	0.0	0.0	0.0	0.0	0.0	0.0	0.0	0.0	0.0	0.0	0.0	0.0	0.0	0.0	0.0	0.0	0.0	0.0	0.0	0.0	0.0	0.0	0.0	0.0	0.0	0.0	0.0	0.0	0.0	0.0	0.0	0.0	0.0	0.0	0.0	0.0	0.0	0.0	0.0	0.0	0.0	0.0	0.0	0.0	0.0	0.0	0.0	0.0	0.0	0.0	0.0	0.0	0.0	0.0	0.0	0.0	0.0	0.0	0.0	0.0	0.0	0.0	0.0	0.0	0.0	0.0	27.345525725459126	-3.2544742745408755	0.12211804688353117	-0.6173477592318722	37.817025234268165	0.5579836799989659	0.043958731444672806	-3.1987580094292194	-0.00148515498527418
16.0	16.4894	2600.0	2580.328051388592	0.5230941086792127	-0.7315447386189591	28.049633674508243	-113.95473371433127	99.98244224625157	-113.37809109723624	189.30599999546342	-80.88923386166425	128.2150612787081	-113.3780910972362	189.30599999546527	-2.1699631255127656e-15	0.0	-2.1699631255127656e-15	29.59237143885753	28.81813332564067	-0.816358346893786	-18.897597851729532	3.0723406884490028	-0.023381719724369115	1.668991446733017	0.0	0.0	0.0	0.0	0.0	0.0	0.0	0.0	0.0	0.0	0.0	0.0	0.0	0.0	0.0	0.0	0.0	0.0	0.0	0.0	0.0	0.0	0.0	0.0	0.0	0.0	0.0	0.0	0.0	0.0	0.0	0.0	0.0	0.0	0.0	0.0	0.0	0.0	0.0	0.0	0.0	0.0	0.0	0.0	0.0	0.0	0.0	0.0	27648.417396734927	2745.534760869575	-169.7708207839674	27784.91979111704	-27429.872156603913	-2313.554795335521	3777.540638119113	27785.252123946906	0.0	0.0	0.0	0.0	0.0	0.0	0.0	0.0	0.0	0.0	0.0	0.0	0.0	0.0	0.0	0.0	0.0	0.0	0.0	0.0	0.0	0.0	0.0	0.0	0.0	0.0	0.0	0.0	27532.78628003774	1938.6455275797516	-3194.9286013080646	27785.252123946906	0.0	0.0	0.0	0.0	0.0	0.0	0.0	0.0	0.0	0.0	0.0	0.0	0.0	0.0	0.0	0.0	0.0	0.0	0.0	0.0	0.0	0.0	0.0	0.0	0.0	0.0	0.0	0.0	0.0	0.0	0.0	0.0	0.0	0.0	0.0	0.0	0.0	0.0	0.0	0.0	0.0	0.0	0.0	0.0	0.0	0.0	0.0	0.0	0.0	0.0	0.0	0.0	0.0	0.0	0.0	0.0	0.0	0.0	0.0	0.0	0.0	0.0	0.0	0.0	0.0	0.0	0.0	0.0	0.0	0.0	0.0	0.0	0.0	0.0	0.0	0.0	0.0	0.0	0.0	0.0	0.0	0.0	0.0	0.0	0.0	0.0	0.0	0.0	0.0	0.0	0.0	0.0	0.0	0.0	0.0	0.0	0.0	0.0	0.0	0.0	27.378655869924792	-3.2213441300752055	0.12213461424473679	-0.6159876823319441	37.783678340310665	0.5580365103437855	0.043927796547686346	-3.1670236501962354	-0.0019584567458218495
17.0	17.4893	2600.0	2580.352240176552	0.5483362084456421	-0.7133639436932039	28.063236784647472	-114.01864057531476	83.09339126708072	-107.4934692282665	177.36856541573331	-83.77598141038104	113.51804706580516	-107.4934692282665	177.36856541573295	0.0	0.0	0.0	29.836688872597392	29.05590522095708	-0.8049404454238439	-18.787959362030666	3.1204546978226397	-0.0270278377763577	1.6670052725641606	0.0	0.0	0.0	0.0	0.0	0.0	0.0	0.0	0.0	0.0	0.0	0.0	0.0	0.0	0.0	0.0	0.0	0.0	0.0	0.0	0.0	0.0	0.0	0.0	0.0	0.0	0.0	0.0	0.0	0.0	0.0	0.0	0.0	0.0	0.0	0.0	0.0	0.0	0.0	0.0	0.0	0.0	0.0	0.0	0.0	0.0	0.0	0.0	27654.356364615578	2747.894088346843	-155.32083924698637	27790.97825599218	-27418.21913561108	-2300.6011933402897	3912.294296995672	27791.321542623584	0.0	0.0	0.0	0.0	0.0	0.0	0.0	0.0	0.0	0.0	0.0	0.0	0.0	0.0	0.0	0.0	0.0	0.0	0.0	0.0	0.0	0.0	0.0	0.0	0.0	0.0	0.0	0.0	27522.907802663223	1941.9160134540793	-3328.0717192218576	27791.321542623584	0.0	0.0	0.0	0.0	0.0	0.0	0.0	0.0	0.0	0.0	0.0	0.0	0.0	0.0	0.0	0.0	0.0	0.0	0.0	0.0	0.0	0.0	0.0	0.0	0.0	0.0	0.0	0.0	0.0	0.0	0.0	0.0	0.0	0.0	0.0	0.0	0.0	0.0	0.0	0.0	0.0	0.0	0.0	0.0	0.0	0.0	0.0	0.0	0.0	0.0	0.0	0.0	0.0	0.0	0.0	0.0	0.0	0.0	0.0	0.0	0.0	0.0	0.0	0.0	0.0	0.0	0.0	0.0	0.0	0.0	0.0	0.0	0.0	0.0	0.0	0.0	0.0	0.0	0.0	0.0	0.0	0.0	0.0	0.0	0.0	0.0	0.0	0.0	0.0	0.0	0.0	0.0	0.0	0.0	0.0	0.0	0.0	0.0	0.0	0.0	27.41364585225173	-3.1863541477482755	0.12212287895007316	-0.6146298030103458	37.74771544142955	0.5580893701699655	0.043923686236638955	-3.1334254041772027	-0.002165321791818359
18.0	18.4893	2600.0	2580.390551603084	0.5728835198154836	-0.6942633795643622	28.07737083260311	-113.08096681713003	53.800475534044374	-72.52026755163065	144.71000459452088	-90.18248296125783	86.88449798974035	-72.52026755163065	144.7100045945229	0.0	0.0	0.0	30.072807629070553	29.285170536076958	-0.7915827994528214	-18.672203041657735	3.167040590303093	-0.030259714211598267	1.664730959241424	0.0	0.0	0.0	0.0	0.0	0.0	0.0	0.0	0.0	0.0	0.0	0.0	0.0	0.0	0.0	0.0	0.0	0.0	0.0	0.0	0.0	0.0	0.0	0.0	0.0	0.0	0.0	0.0	0.0	0.0	0.0	0.0	0.0	0.0	0.0	0.0	0.0	0.0	0.0	0.0	0.0	0.0	0.0	0.0	0.0	0.0	0.0	0.0	27657.102367601747	2744.874249450597	-127.72282484943591	27793.27183217706	-27406.64062008158	-2293.964366457443	4011.594832721627	27793.508517184386	0.0	0.0	0.0	0.0	0.0	0.0	0.0	0.0	0.0	0.0	0.0	0.0	0.0	0.0	0.0	0.0	0.0	0.0	0.0	0.0	0.0	0.0	0.0	0.0	0.0	0.0	0.0	0.0	27513.352422325002	1939.7118661356417	-3425.211242553756	27793.508517184386	0.0	0.0	0.0	0.0	0.0	0.0	0.0	0.0	0.0	0.0	0.0	0.0	0.0	0.0	0.0	0.0	0.0	0.0	0.0	0.0	0.0	0.0	0.0	0.0	0.0	0.0	0.0	0.0	0.0	0.0	0.0	0.0	0.0	0.0	0.0	0.0	0.0	0.0	0.0	0.0	0.0	0.0	0.0	0.0	0.0	0.0	0.0	0.0	0.0	0.0	0.0	0.0	0.0	0.0	0.0	0.0	0.0	0.0	0.0	0.0	0.0	0.0	0.0	0.0	0.0	0.0	0.0	0.0	0.0	0.0	0.0	0.0	0.0	0.0	0.0	0.0	0.0	0.0	0.0	0.0	0.0	0.0	0.0	0.0	0.0	0.0	0.0	0.0	0.0	0.0	0.0	0.0	0.0	0.0	0.0	0.0	0.0	0.0	0.0	0.0	27.450437229567484	-3.1495627704325146	0.12210496684329636	-0.613298893213636	37.70961095997416	0.5581422501621838	0.0438841533628727	-3.0979970189445893	-0.00262812154526686
19.0	19.4893	2600.0	2579.5497732975205	0.5966526350175136	-0.6741871448201189	28.092017015970487	-118.42246767937377	76.97154868857253	-119.68203827224576	185.12776788960892	-85.95728510473782	112.07071560498298	-119.68203827224573	185.1277678896104	0.0	0.0	0.0	30.300862304105035	29.506543734235493	-0.7768385872818195	-18.55053007631735	3.211960121573388	-0.03320708665741287	1.6620227264811727	0.0	0.0	0.0	0.0	0.0	0.0	0.0	0.0	0.0	0.0	0.0	0.0	0.0	0.0	0.0	0.0	0.0	0.0	0.0	0.0	0.0	0.0	0.0	0.0	0.0	0.0	0.0	0.0	0.0	0.0	0.0	0.0	0.0	0.0	0.0	0.0	0.0	0.0	0.0	0.0	0.0	0.0	0.0	0.0	0.0	0.0	0.0	0.0	27428.27104890058	2720.556346423344	-138.67779797699072	27563.213003887515	-27153.72981171754	-2236.9172123941216	4173.9021947004285	27563.56836176674	0.0	0.0	0.0	0.0	0.0	0.0	0.0	0.0	0.0	0.0	0.0	0.0	0.0	0.0	0.0	0.0	0.0	0.0	0.0	0.0	0.0	0.0	0.0	0.0	0.0	0.0	0.0	0.0	27260.370533487152	1923.4553454531288	-3594.832227631931	27563.56836176674	0.0	0.0	0.0	0.0	0.0	0.0	0.0	0.0	0.0	0.0	0.0	0.0	0.0	0.0	0.0	0.0	0.0	0.0	0.0	0.0	0.0	0.0	0.0	0.0	0.0	0.0	0.0	0.0	0.0	0.0	0.0	0.0	0.0	0.0	0.0	0.0	0.0	0.0	0.0	0.0	0.0	0.0	0.0	0.0	0.0	0.0	0.0	0.0	0.0	0.0	0.0	0.0	0.0	0.0	0.0	0.0	0.0	0.0	0.0	0.0	0.0	0.0	0.0	0.0	0.0	0.0	0.0	0.0	0.0	0.0	0.0	0.0	0.0	0.0	0.0	0.0	0.0	0.0	0.0	0.0	0.0	0.0	0.0	0.0	0.0	0.0	0.0	0.0	0.0	0.0	0.0	0.0	0.0	0.0	0.0	0.0	0.0	0.0	0.0	0.0	27.489063750005677	-3.110936249994325	0.12206792864644628	-0.6119361227153787	37.66944510148923	0.5581950715953726	0.04382509526778446	-3.060762886915678	-0.00324342513719964
20.0	20.4898	2600.0	2579.9849561888104	0.6193154126767157	-0.6526053968440516	28.10728502945685	-114.32573225675463	78.4607091125108	-124.34778875708093	186.249371809026	-79.62841313879834	113.51551326351182	-124.34778875708093	186.2493718090273	1.4099573447527937e-15	0.0	1.4099573447527937e-15	30.519659519389062	29.720458162777813	-0.7624460690897956	-18.423168804605638	3.2555890802744543	-0.036034820155618257	1.6588291652596232	0.0	0.0	0.0	0.0	0.0	0.0	0.0	0.0	0.0	0.0	0.0	0.0	0.0	0.0	0.0	0.0	0.0	0.0	0.0	0.0	0.0	0.0	0.0	0.0	0.0	0.0	0.0	0.0	0.0	0.0	0.0	0.0	0.0	0.0	0.0	0.0	0.0	0.0	0.0	0.0	0.0	0.0	0.0	0.0	0.0	0.0	0.0	0.0	27535.578444294104	2729.799383960457	-128.37962521481816	27670.85770746391	-27240.20172422936	-2229.568163401555	4324.173289495883	27671.249317830792	0.0	0.0	0.0	0.0	0.0	0.0	0.0	0.0	0.0	0.0	0.0	0.0	0.0	0.0	0.0	0.0	0.0	0.0	0.0	0.0	0.0	0.0	0.0	0.0	0.0	0.0	0.0	0.0	27348.942740406765	1931.1103455921505	-3742.216271763366	27671.249317830792	0.0	0.0	0.0	0.0	0.0	0.0	0.0	0.0	0.0	0.0	0.0	0.0	0.0	0.0	0.0	0.0	0.0	0.0	0.0	0.0	0.0	0.0	0.0	0.0	0.0	0.0	0.0	0.0	0.0	0.0	0.0	0.0	0.0	0.0	0.0	0.0	0.0	0.0	0.0	0.0	0.0	0.0	0.0	0.0	0.0	0.0	0.0	0.0	0.0	0.0	0.0	0.0	0.0	0.0	0.0	0.0	0.0	0.0	0.0	0.0	0.0	0.0	0.0	0.0	0.0	0.0	0.0	0.0	0.0	0.0	0.0	0.0	0.0	0.0	0.0	0.0	0.0	0.0	0.0	0.0	0.0	0.0	0.0	0.0	0.0	0.0	0.0	0.0	0.0	0.0	0.0	0.0	0.0	0.0	0.0	0.0	0.0	0.0	0.0	0.0	27.530025082381048	-3.06997491761895	0.12198102331319016	-0.6104769359407416	37.62676002027671	0.5582479327584416	0.04378160958468733	-3.021287482181956	-0.00363515887063034
21.0	21.4903	2600.0	2580.1705139673586	0.6413830885053937	-0.6301061269245677	28.123002442349808	-117.67814793936483	85.81988364288918	-134.42919473530938	198.20294480179103	-78.05746159305089	122.96435101511452	-134.42919473530938	198.20294480179314	0.0	0.0	0.0	30.729033807049614	29.926605622306305	-0.7483145205760582	-18.290282809674853	3.298274149021447	-0.038983989834057146	1.6560557114418877	0.0	0.0	0.0	0.0	0.0	0.0	0.0	0.0	0.0	0.0	0.0	0.0	0.0	0.0	0.0	0.0	0.0	0.0	0.0	0.0	0.0	0.0	0.0	0.0	0.0	0.0	0.0	0.0	0.0	0.0	0.0	0.0	0.0	0.0	0.0	0.0	0.0	0.0	0.0	0.0	0.0	0.0	0.0	0.0	0.0	0.0	0.0	0.0	27779.98115221468	2756.3264226058436	-119.39372581659835	27916.64276067453	-27460.907070554418	-2235.7629713366414	4501.845921016165	27917.139357358858	0.0	0.0	0.0	0.0	0.0	0.0	0.0	0.0	0.0	0.0	0.0	0.0	0.0	0.0	0.0	0.0	0.0	0.0	0.0	0.0	0.0	0.0	0.0	0.0	0.0	0.0	0.0	0.0	27572.46439634362	1951.7946717339153	-3913.6140036991874	27917.139357358858	0.0	0.0	0.0	0.0	0.0	0.0	0.0	0.0	0.0	0.0	0.0	0.0	0.0	0.0	0.0	0.0	0.0	0.0	0.0	0.0	0.0	0.0	0.0	0.0	0.0	0.0	0.0	0.0	0.0	0.0	0.0	0.0	0.0	0.0	0.0	0.0	0.0	0.0	0.0	0.0	0.0	0.0	0.0	0.0	0.0	0.0	0.0	0.0	0.0	0.0	0.0	0.0	0.0	0.0	0.0	0.0	0.0	0.0	0.0	0.0	0.0	0.0	0.0	0.0	0.0	0.0	0.0	0.0	0.0	0.0	0.0	0.0	0.0	0.0	0.0	0.0	0.0	0.0	0.0	0.0	0.0	0.0	0.0	0.0	0.0	0.0	0.0	0.0	0.0	0.0	0.0	0.0	0.0	0.0	0.0	0.0	0.0	0.0	0.0	0.0	27.572719077205534	-3.027280922794464	0.12199021187086889	-0.6092196557257457	37.58148503524228	0.5583008471862865	0.04376778952058179	-2.9798795952889625	-0.0038429036351854194
22.0	22.4906	2600.0	2580.538164869344	0.6629600748564951	-0.6070030438442557	28.139049319344387	-111.84359042649112	73.89993300508286	-127.14097733635165	184.75664246702232	-75.06799623202457	111.06297654643637	-127.14097733635163	184.75664246702536	0.0	0.0	0.0	30.92973060926802	30.123607429936303	-0.7322508479812919	-18.15192560097133	3.3396265978715265	-0.04204978174653299	1.6536585255218264	0.0	0.0	0.0	0.0	0.0	0.0	0.0	0.0	0.0	0.0	0.0	0.0	0.0	0.0	0.0	0.0	0.0	0.0	0.0	0.0	0.0	0.0	0.0	0.0	0.0	0.0	0.0	0.0	0.0	0.0	0.0	0.0	0.0	0.0	0.0	0.0	0.0	0.0	0.0	0.0	0.0	0.0	0.0	0.0	0.0	0.0	0.0	0.0	28136.252161253906	2787.3624145377416	-100.98562438901304	28274.1626402618	-27795.89892427456	-2256.4186442245636	4663.709944823435	28274.61074101528	0.0	0.0	0.0	0.0	0.0	0.0	0.0	0.0	0.0	0.0	0.0	0.0	0.0	0.0	0.0	0.0	0.0	0.0	0.0	0.0	0.0	0.0	0.0	0.0	0.0	0.0	0.0	0.0	27910.955917274263	1973.7781804146641	-4066.4913665749677	28274.61074101528	0.0	0.0	0.0	0.0	0.0	0.0	0.0	0.0	0.0	0.0	0.0	0.0	0.0	0.0	0.0	0.0	0.0	0.0	0.0	0.0	0.0	0.0	0.0	0.0	0.0	0.0	0.0	0.0	0.0	0.0	0.0	0.0	0.0	0.0	0.0	0.0	0.0	0.0	0.0	0.0	0.0	0.0	0.0	0.0	0.0	0.0	0.0	0.0	0.0	0.0	0.0	0.0	0.0	0.0	0.0	0.0	0.0	0.0	0.0	0.0	0.0	0.0	0.0	0.0	0.0	0.0	0.0	0.0	0.0	0.0	0.0	0.0	0.0	0.0	0.0	0.0	0.0	0.0	0.0	0.0	0.0	0.0	0.0	0.0	0.0	0.0	0.0	0.0	0.0	0.0	0.0	0.0	0.0	0.0	0.0	0.0	0.0	0.0	0.0	0.0	27.616811915109555	-2.983188084890451	0.12207927250003939	-0.6081258016587153	37.53395691859386	0.5583538838881066	0.04371518372147879	-2.936911180746321	-0.004355057177238449
23.0	23.4907	2600.0	2580.3558125293216	0.6838570817029745	-0.5832188894749004	28.155400180193283	-113.24578329085942	109.15368206441052	-157.47392087142455	222.56947116798924	-60.35182988541963	145.24734204404376	-157.4739208714245	222.56947116798776	0.0	0.0	0.0	31.121505076775602	30.312277421098727	-0.7153894402537678	-18.0081511861506	3.379605869439273	-0.0452235842599956	1.6514650429082176	0.0	0.0	0.0	0.0	0.0	0.0	0.0	0.0	0.0	0.0	0.0	0.0	0.0	0.0	0.0	0.0	0.0	0.0	0.0	0.0	0.0	0.0	0.0	0.0	0.0	0.0	0.0	0.0	0.0	0.0	0.0	0.0	0.0	0.0	0.0	0.0	0.0	0.0	0.0	0.0	0.0	0.0	0.0	0.0	0.0	0.0	0.0	0.0	28143.569136989165	2787.3465943395972	-121.28967544213661	28281.522165379196	-27768.72105595542	-2214.010359868665	4885.153012970298	28281.94531706051	0.0	0.0	0.0	0.0	0.0	0.0	0.0	0.0	0.0	0.0	0.0	0.0	0.0	0.0	0.0	0.0	0.0	0.0	0.0	0.0	0.0	0.0	0.0	0.0	0.0	0.0	0.0	0.0	27884.642211949013	1974.7634201500498	-4291.324861069039	28281.94531706051	0.0	0.0	0.0	0.0	0.0	0.0	0.0	0.0	0.0	0.0	0.0	0.0	0.0	0.0	0.0	0.0	0.0	0.0	0.0	0.0	0.0	0.0	0.0	0.0	0.0	0.0	0.0	0.0	0.0	0.0	0.0	0.0	0.0	0.0	0.0	0.0	0.0	0.0	0.0	0.0	0.0	0.0	0.0	0.0	0.0	0.0	0.0	0.0	0.0	0.0	0.0	0.0	0.0	0.0	0.0	0.0	0.0	0.0	0.0	0.0	0.0	0.0	0.0	0.0	0.0	0.0	0.0	0.0	0.0	0.0	0.0	0.0	0.0	0.0	0.0	0.0	0.0	0.0	0.0	0.0	0.0	0.0	0.0	0.0	0.0	0.0	0.0	0.0	0.0	0.0	0.0	0.0	0.0	0.0	0.0	0.0	0.0	0.0	0.0	0.0	27.662354838231117	-2.93764516176888	0.1222220620828663	-0.6071237444119927	37.48411339514396	0.5584067655111794	0.0436445551249395	-2.892400846207057	-0.00494336106672501
24.0	24.4909	2600.0	2580.4749273207008	0.703852021502085	-0.5586780541594593	28.172018272748797	-111.91935611224788	87.6415609821852	-142.904282996247	201.56542258692517	-65.51804570656712	126.15217465730164	-142.90428299624696	201.56542258692494	-8.960052446487843e-15	0.0	-8.960052446487843e-15	31.303069098377843	30.49234797294207	-0.6987667522891143	-17.859058483440258	3.417804483816116	-0.04848101322063276	1.648981428523806	0.0	0.0	0.0	0.0	0.0	0.0	0.0	0.0	0.0	0.0	0.0	0.0	0.0	0.0	0.0	0.0	0.0	0.0	0.0	0.0	0.0	0.0	0.0	0.0	0.0	0.0	0.0	0.0	0.0	0.0	0.0	0.0	0.0	0.0	0.0	0.0	0.0	0.0	0.0	0.0	0.0	0.0	0.0	0.0	0.0	0.0	0.0	0.0	28159.4607062055	2786.9504098410107	-111.92405755315008	28297.258645421887	-27763.180000390756	-2203.972320609272	5010.466252591048	28297.640003937842	0.0	0.0	0.0	0.0	0.0	0.0	0.0	0.0	0.0	0.0	0.0	0.0	0.0	0.0	0.0	0.0	0.0	0.0	0.0	0.0	0.0	0.0	0.0	0.0	0.0	0.0	0.0	0.0	27881.143944866482	1975.0993019710183	-4415.566199871983	28297.640003937842	0.0	0.0	0.0	0.0	0.0	0.0	0.0	0.0	0.0	0.0	0.0	0.0	0.0	0.0	0.0	0.0	0.0	0.0	0.0	0.0	0.0	0.0	0.0	0.0	0.0	0.0	0.0	0.0	0.0	0.0	0.0	0.0	0.0	0.0	0.0	0.0	0.0	0.0	0.0	0.0	0.0	0.0	0.0	0.0	0.0	0.0	0.0	0.0	0.0	0.0	0.0	0.0	0.0	0.0	0.0	0.0	0.0	0.0	0.0	0.0	0.0	0.0	0.0	0.0	0.0	0.0	0.0	0.0	0.0	0.0	0.0	0.0	0.0	0.0	0.0	0.0	0.0	0.0	0.0	0.0	0.0	0.0	0.0	0.0	0.0	0.0	0.0	0.0	0.0	0.0	0.0	0.0	0.0	0.0	0.0	0.0	0.0	0.0	0.0	0.0	27.70939654658869	-2.890603453411309	0.12232551234606906	-0.6060219521923922	37.431473264918054	0.558459637961652	0.043598766492016446	-2.846490177543384	-0.00537716085227803
25.0	25.491	2600.0	2580.518734464222	0.7229536465493378	-0.5334723908355126	28.188841192646276	-112.7173116462691	89.0581164413925	-138.41758099776013	199.48926582180366	-63.416771175170645	128.89861745793684	-138.41758099776013	199.48926582180542	-2.8848335723926653e-15	0.0	-2.8848335723926653e-15	31.474812040227924	30.663740971070276	-0.6819416347263685	-17.70470618972158	3.4541372824812684	-0.05182167484866377	1.6462316213922519	0.0	0.0	0.0	0.0	0.0	0.0	0.0	0.0	0.0	0.0	0.0	0.0	0.0	0.0	0.0	0.0	0.0	0.0	0.0	0.0	0.0	0.0	0.0	0.0	0.0	0.0	0.0	0.0	0.0	0.0	0.0	0.0	0.0	0.0	0.0	0.0	0.0	0.0	0.0	0.0	0.0	0.0	0.0	0.0	0.0	0.0	0.0	0.0	28186.686572527662	2788.252434938757	-106.5799134111974	28324.459586315068	-27765.21030357079	-2189.0161061966674	5157.6978592267105	28324.9102720869	0.0	0.0	0.0	0.0	0.0	0.0	0.0	0.0	0.0	0.0	0.0	0.0	0.0	0.0	0.0	0.0	0.0	0.0	0.0	0.0	0.0	0.0	0.0	0.0	0.0	0.0	0.0	0.0	27885.03325693168	1976.8344796811891	-4562.629463536553	28324.9102720869	0.0	0.0	0.0	0.0	0.0	0.0	0.0	0.0	0.0	0.0	0.0	0.0	0.0	0.0	0.0	0.0	0.0	0.0	0.0	0.0	0.0	0.0	0.0	0.0	0.0	0.0	0.0	0.0	0.0	0.0	0.0	0.0	0.0	0.0	0.0	0.0	0.0	0.0	0.0	0.0	0.0	0.0	0.0	0.0	0.0	0.0	0.0	0.0	0.0	0.0	0.0	0.0	0.0	0.0	0.0	0.0	0.0	0.0	0.0	0.0	0.0	0.0	0.0	0.0	0.0	0.0	0.0	0.0	0.0	0.0	0.0	0.0	0.0	0.0	0.0	0.0	0.0	0.0	0.0	0.0	0.0	0.0	0.0	0.0	0.0	0.0	0.0	0.0	0.0	0.0	0.0	0.0	0.0	0.0	0.0	0.0	0.0	0.0	0.0	0.0	27.757819285568836	-2.842180714431162	0.12239181349385739	-0.6048192265738132	37.3762232300755	0.5585124929853815	0.043552958999495336	-2.7992979819972454	-0.005775683264188559
26.0	26.491	2600.0	2580.5994737713445	0.7412218126001897	-0.5076985154579365	28.20581420666833	-112.0976878515995	84.60134465308145	-156.11703989667308	209.9900218698106	-62.5909011470194	125.72055612503755	-156.11703989667308	209.99002186981187	0.0	0.0	0.0	31.63671048245157	30.826194122556164	-0.6646959225285163	-17.545180781444373	3.4883956707025354	-0.05524935984975201	1.6431242855567372	0.0	0.0	0.0	0.0	0.0	0.0	0.0	0.0	0.0	0.0	0.0	0.0	0.0	0.0	0.0	0.0	0.0	0.0	0.0	0.0	0.0	0.0	0.0	0.0	0.0	0.0	0.0	0.0	0.0	0.0	0.0	0.0	0.0	0.0	0.0	0.0	0.0	0.0	0.0	0.0	0.0	0.0	0.0	0.0	0.0	0.0	0.0	0.0	28229.81552483368	2791.3378499480314	-104.38255963897693	28367.67433677724	-27784.22528807486	-2180.2255961488368	5295.250792692765	28368.225878015608	0.0	0.0	0.0	0.0	0.0	0.0	0.0	0.0	0.0	0.0	0.0	0.0	0.0	0.0	0.0	0.0	0.0	0.0	0.0	0.0	0.0	0.0	0.0	0.0	0.0	0.0	0.0	0.0	27906.156359390054	1980.2882073129335	-4699.056855089688	28368.225878015608	0.0	0.0	0.0	0.0	0.0	0.0	0.0	0.0	0.0	0.0	0.0	0.0	0.0	0.0	0.0	0.0	0.0	0.0	0.0	0.0	0.0	0.0	0.0	0.0	0.0	0.0	0.0	0.0	0.0	0.0	0.0	0.0	0.0	0.0	0.0	0.0	0.0	0.0	0.0	0.0	0.0	0.0	0.0	0.0	0.0	0.0	0.0	0.0	0.0	0.0	0.0	0.0	0.0	0.0	0.0	0.0	0.0	0.0	0.0	0.0	0.0	0.0	0.0	0.0	0.0	0.0	0.0	0.0	0.0	0.0	0.0	0.0	0.0	0.0	0.0	0.0	0.0	0.0	0.0	0.0	0.0	0.0	0.0	0.0	0.0	0.0	0.0	0.0	0.0	0.0	0.0	0.0	0.0	0.0	0.0	0.0	0.0	0.0	0.0	0.0	27.807499495916097	-2.792500504083904	0.12245839462658004	-0.6034723739488903	37.31838004266041	0.5585653512393048	0.043501865243019563	-2.750991046639816	-0.006195211925245071
27.0	27.4908	2600.0	2580.4252130544983	0.7587297951422386	-0.4815371888036564	28.22285975475642	-112.8335638211866	101.56968850845077	-200.51118609660145	251.50059741113824	-53.20783227094761	142.1855876427726	-200.51118609660145	251.50059741113898	0.0	0.0	0.0	31.788231544720563	30.97989801516013	-0.64780090842973	-17.380566026716483	3.520377989133956	-0.05877105460087152	1.6396215016611062	0.0	0.0	0.0	0.0	0.0	0.0	0.0	0.0	0.0	0.0	0.0	0.0	0.0	0.0	0.0	0.0	0.0	0.0	0.0	0.0	0.0	0.0	0.0	0.0	0.0	0.0	0.0	0.0	0.0	0.0	0.0	0.0	0.0	0.0	0.0	0.0	0.0	0.0	0.0	0.0	0.0	0.0	0.0	0.0	0.0	0.0	0.0	0.0	28288.14979260496	2798.409402284026	-110.44068478745154	28426.44386863232	-27813.314971262786	-2167.4716263333708	5460.175554607555	28426.957980564253	0.0	0.0	0.0	0.0	0.0	0.0	0.0	0.0	0.0	0.0	0.0	0.0	0.0	0.0	0.0	0.0	0.0	0.0	0.0	0.0	0.0	0.0	0.0	0.0	0.0	0.0	0.0	0.0	27937.218883775426	1987.43451440869	-4863.521884367765	28426.957980564253	0.0	0.0	0.0	0.0	0.0	0.0	0.0	0.0	0.0	0.0	0.0	0.0	0.0	0.0	0.0	0.0	0.0	0.0	0.0	0.0	0.0	0.0	0.0	0.0	0.0	0.0	0.0	0.0	0.0	0.0	0.0	0.0	0.0	0.0	0.0	0.0	0.0	0.0	0.0	0.0	0.0	0.0	0.0	0.0	0.0	0.0	0.0	0.0	0.0	0.0	0.0	0.0	0.0	0.0	0.0	0.0	0.0	0.0	0.0	0.0	0.0	0.0	0.0	0.0	0.0	0.0	0.0	0.0	0.0	0.0	0.0	0.0	0.0	0.0	0.0	0.0	0.0	0.0	0.0	0.0	0.0	0.0	0.0	0.0	0.0	0.0	0.0	0.0	0.0	0.0	0.0	0.0	0.0	0.0	0.0	0.0	0.0	0.0	0.0	0.0	27.858229673525997	-2.7417703264739974	0.12254542724638522	-0.6019662029134828	37.257750840866784	0.5586182433978663	0.0434768553531003	-2.701792507112916	-0.00648991889621558
28.0	28.4906	2600.0	2580.1670555013516	0.7752907389217318	-0.4547717244153425	28.23998722142714	-114.1396615774794	101.30099104452164	-215.62176148492236	264.16376957767034	-51.99485400115008	143.47922598419242	-215.6217614849224	264.1637695776705	0.0	0.0	0.0	31.93025564550814	31.12392664650687	-0.6294544276063927	-17.210882771989606	3.550319168740865	-0.062357106482938615	1.635755215327975	0.0	0.0	0.0	0.0	0.0	0.0	0.0	0.0	0.0	0.0	0.0	0.0	0.0	0.0	0.0	0.0	0.0	0.0	0.0	0.0	0.0	0.0	0.0	0.0	0.0	0.0	0.0	0.0	0.0	0.0	0.0	0.0	0.0	0.0	0.0	0.0	0.0	0.0	0.0	0.0	0.0	0.0	0.0	0.0	0.0	0.0	0.0	0.0	28368.654334672614	2801.548993520437	-111.26815443976123	28506.869455017804	-27865.6693246369	-2155.226481511436	5614.967659730858	28507.339228985245	0.0	0.0	0.0	0.0	0.0	0.0	0.0	0.0	0.0	0.0	0.0	0.0	0.0	0.0	0.0	0.0	0.0	0.0	0.0	0.0	0.0	0.0	0.0	0.0	0.0	0.0	0.0	0.0	27991.517502062725	1990.214722115915	-5018.205177952607	28507.339228985245	0.0	0.0	0.0	0.0	0.0	0.0	0.0	0.0	0.0	0.0	0.0	0.0	0.0	0.0	0.0	0.0	0.0	0.0	0.0	0.0	0.0	0.0	0.0	0.0	0.0	0.0	0.0	0.0	0.0	0.0	0.0	0.0	0.0	0.0	0.0	0.0	0.0	0.0	0.0	0.0	0.0	0.0	0.0	0.0	0.0	0.0	0.0	0.0	0.0	0.0	0.0	0.0	0.0	0.0	0.0	0.0	0.0	0.0	0.0	0.0	0.0	0.0	0.0	0.0	0.0	0.0	0.0	0.0	0.0	0.0	0.0	0.0	0.0	0.0	0.0	0.0	0.0	0.0	0.0	0.0	0.0	0.0	0.0	0.0	0.0	0.0	0.0	0.0	0.0	0.0	0.0	0.0	0.0	0.0	0.0	0.0	0.0	0.0	0.0	0.0	27.91019449281504	-2.6898055071849605	0.12262952230000321	-0.6003127430053228	37.194721569731826	0.5586711169449028	0.04339759212511346	-2.651504930197067	-0.007033219098228088
29.0	29.4905	2600.0	2580.212993322453	0.790885602611223	-0.42738126270014487	28.257166707230567	-114.12448374586097	102.85801722687755	-236.67226863361785	282.166497370413	-48.70344638680035	145.71253826679458	-236.67226863361785	282.16649737041325	0.0	0.0	0.0	32.06176952963827	31.25904721028725	-0.611535916243142	-17.0361855860596	3.57840729258965	-0.06603051254437431	1.63167181729662	0.0	0.0	0.0	0.0	0.0	0.0	0.0	0.0	0.0	0.0	0.0	0.0	0.0	0.0	0.0	0.0	0.0	0.0	0.0	0.0	0.0	0.0	0.0	0.0	0.0	0.0	0.0	0.0	0.0	0.0	0.0	0.0	0.0	0.0	0.0	0.0	0.0	0.0	0.0	0.0	0.0	0.0	0.0	0.0	0.0	0.0	0.0	0.0	28461.96192318619	2808.980124016147	-112.61510454601698	28600.460276292586	-27930.650815718796	-2148.8033923056946	5768.770821291343	28601.002216652825	0.0	0.0	0.0	0.0	0.0	0.0	0.0	0.0	0.0	0.0	0.0	0.0	0.0	0.0	0.0	0.0	0.0	0.0	0.0	0.0	0.0	0.0	0.0	0.0	0.0	0.0	0.0	0.0	28058.689664222566	1996.9660367553547	-5171.014288500391	28601.002216652825	0.0	0.0	0.0	0.0	0.0	0.0	0.0	0.0	0.0	0.0	0.0	0.0	0.0	0.0	0.0	0.0	0.0	0.0	0.0	0.0	0.0	0.0	0.0	0.0	0.0	0.0	0.0	0.0	0.0	0.0	0.0	0.0	0.0	0.0	0.0	0.0	0.0	0.0	0.0	0.0	0.0	0.0	0.0	0.0	0.0	0.0	0.0	0.0	0.0	0.0	0.0	0.0	0.0	0.0	0.0	0.0	0.0	0.0	0.0	0.0	0.0	0.0	0.0	0.0	0.0	0.0	0.0	0.0	0.0	0.0	0.0	0.0	0.0	0.0	0.0	0.0	0.0	0.0	0.0	0.0	0.0	0.0	0.0	0.0	0.0	0.0	0.0	0.0	0.0	0.0	0.0	0.0	0.0	0.0	0.0	0.0	0.0	0.0	0.0	0.0	27.963384587839833	-2.63661541216016	0.12272514622783029	-0.5985773791767174	37.128897486280664	0.5587239871754889	0.043353633932526156	-2.600073737913551	-0.007424288065425921
30.0	30.4904	2600.0	2581.1137274943044	0.8055582255613938	-0.3995061705068005	28.27432803614753	-102.7105479810639	141.47352445539218	-286.9720626913638	336.03151571502457	-16.724368623788905	174.02445311660995	-286.9720626913638	336.03151571502264	-1.517482817743814e-15	0.0	-1.517482817743814e-15	32.18289156628542	31.384806965774114	-0.5934932806708906	-16.85651711237844	3.604547482717219	-0.0697708096683878	1.6273804947715105	0.0	0.0	0.0	0.0	0.0	0.0	0.0	0.0	0.0	0.0	0.0	0.0	0.0	0.0	0.0	0.0	0.0	0.0	0.0	0.0	0.0	0.0	0.0	0.0	0.0	0.0	0.0	0.0	0.0	0.0	0.0	0.0	0.0	0.0	0.0	0.0	0.0	0.0	0.0	0.0	0.0	0.0	0.0	0.0	0.0	0.0	0.0	0.0	28697.59674119931	2830.35522118872	-113.84786239472636	28837.0582885005	-28133.724545657464	-2151.527331747991	5957.8989352906265	28838.031943829406	0.0	0.0	0.0	0.0	0.0	0.0	0.0	0.0	0.0	0.0	0.0	0.0	0.0	0.0	0.0	0.0	0.0	0.0	0.0	0.0	0.0	0.0	0.0	0.0	0.0	0.0	0.0	0.0	28264.517321160118	2013.5246804209623	-5356.758848081601	28838.031943829406	0.0	0.0	0.0	0.0	0.0	0.0	0.0	0.0	0.0	0.0	0.0	0.0	0.0	0.0	0.0	0.0	0.0	0.0	0.0	0.0	0.0	0.0	0.0	0.0	0.0	0.0	0.0	0.0	0.0	0.0	0.0	0.0	0.0	0.0	0.0	0.0	0.0	0.0	0.0	0.0	0.0	0.0	0.0	0.0	0.0	0.0	0.0	0.0	0.0	0.0	0.0	0.0	0.0	0.0	0.0	0.0	0.0	0.0	0.0	0.0	0.0	0.0	0.0	0.0	0.0	0.0	0.0	0.0	0.0	0.0	0.0	0.0	0.0	0.0	0.0	0.0	0.0	0.0	0.0	0.0	0.0	0.0	0.0	0.0	0.0	0.0	0.0	0.0	0.0	0.0	0.0	0.0	0.0	0.0	0.0	0.0	0.0	0.0	0.0	0.0	28.017630392838818	-2.5823696071611835	0.1228608712095876	-0.596767084094564	37.06034954710414	0.5587768667577112	0.04331474246020406	-2.5476614731248546	-0.0077873974624973795
31.0	31.4903	2600.0	2580.1504539762864	0.8192820632975155	-0.3711780116424584	28.291424271538954	-114.57070878913555	124.52768475832998	-292.40104616586484	337.83422470585657	-32.65005626420498	166.03483191685518	-292.40104616586484	337.8342247058553	0.0	0.0	0.0	32.293552190728754	31.501108293981066	-0.5753406385377499	-16.67193273026958	3.6286738815594397	-0.073559674978431	1.6228576021635277	0.0	0.0	0.0	0.0	0.0	0.0	0.0	0.0	0.0	0.0	0.0	0.0	0.0	0.0	0.0	0.0	0.0	0.0	0.0	0.0	0.0	0.0	0.0	0.0	0.0	0.0	0.0	0.0	0.0	0.0	0.0	0.0	0.0	0.0	0.0	0.0	0.0	0.0	0.0	0.0	0.0	0.0	0.0	0.0	0.0	0.0	0.0	0.0	28857.62310882844	2843.543675905963	-113.75471892307361	28997.604940133442	-28260.95496216466	-2149.108822271606	6131.349093860211	28998.166938864342	0.0	0.0	0.0	0.0	0.0	0.0	0.0	0.0	0.0	0.0	0.0	0.0	0.0	0.0	0.0	0.0	0.0	0.0	0.0	0.0	0.0	0.0	0.0	0.0	0.0	0.0	0.0	0.0	28394.154950020846	2024.6643855895086	-5528.687422361392	28998.166938864342	0.0	0.0	0.0	0.0	0.0	0.0	0.0	0.0	0.0	0.0	0.0	0.0	0.0	0.0	0.0	0.0	0.0	0.0	0.0	0.0	0.0	0.0	0.0	0.0	0.0	0.0	0.0	0.0	0.0	0.0	0.0	0.0	0.0	0.0	0.0	0.0	0.0	0.0	0.0	0.0	0.0	0.0	0.0	0.0	0.0	0.0	0.0	0.0	0.0	0.0	0.0	0.0	0.0	0.0	0.0	0.0	0.0	0.0	0.0	0.0	0.0	0.0	0.0	0.0	0.0	0.0	0.0	0.0	0.0	0.0	0.0	0.0	0.0	0.0	0.0	0.0	0.0	0.0	0.0	0.0	0.0	0.0	0.0	0.0	0.0	0.0	0.0	0.0	0.0	0.0	0.0	0.0	0.0	0.0	0.0	0.0	0.0	0.0	0.0	0.0	28.072868868286804	-2.5271311317132015	0.1230187770392991	-0.5948708433429494	36.98907269850721	0.5588297575387386	0.04327544204449906	-2.4943423563555487	-0.00813918369139012
32.0	32.4904	2600.0	2579.9753761982097	0.832046750703137	-0.3423820223795741	28.30842603782751	-115.6336956573391	136.59807873822865	-314.4728883864407	361.83336526149725	-24.16020453129022	177.33152907296244	-314.4728883864406	361.8333652614962	4.658501167166685e-15	0.0	4.658501167166685e-15	32.39369177250217	31.60777155400377	-0.5569680094261604	-16.48227989953937	3.650758547347225	-0.07717403473734799	1.6181024738001346	0.0	0.0	0.0	0.0	0.0	0.0	0.0	0.0	0.0	0.0	0.0	0.0	0.0	0.0	0.0	0.0	0.0	0.0	0.0	0.0	0.0	0.0	0.0	0.0	0.0	0.0	0.0	0.0	0.0	0.0	0.0	0.0	0.0	0.0	0.0	0.0	0.0	0.0	0.0	0.0	0.0	0.0	0.0	0.0	0.0	0.0	0.0	0.0	29025.144692272406	2857.3829650231323	-115.21210738938161	29165.680784885553	-28394.162788414436	-2146.3828563189536	6310.913670323132	29166.12883423425	0.0	0.0	0.0	0.0	0.0	0.0	0.0	0.0	0.0	0.0	0.0	0.0	0.0	0.0	0.0	0.0	0.0	0.0	0.0	0.0	0.0	0.0	0.0	0.0	0.0	0.0	0.0	0.0	28529.755647397338	2036.1764074518067	-5707.021947801316	29166.12883423425	0.0	0.0	0.0	0.0	0.0	0.0	0.0	0.0	0.0	0.0	0.0	0.0	0.0	0.0	0.0	0.0	0.0	0.0	0.0	0.0	0.0	0.0	0.0	0.0	0.0	0.0	0.0	0.0	0.0	0.0	0.0	0.0	0.0	0.0	0.0	0.0	0.0	0.0	0.0	0.0	0.0	0.0	0.0	0.0	0.0	0.0	0.0	0.0	0.0	0.0	0.0	0.0	0.0	0.0	0.0	0.0	0.0	0.0	0.0	0.0	0.0	0.0	0.0	0.0	0.0	0.0	0.0	0.0	0.0	0.0	0.0	0.0	0.0	0.0	0.0	0.0	0.0	0.0	0.0	0.0	0.0	0.0	0.0	0.0	0.0	0.0	0.0	0.0	0.0	0.0	0.0	0.0	0.0	0.0	0.0	0.0	0.0	0.0	0.0	0.0	28.129082265082474	-2.4709177349175317	0.12322705688419891	-0.5928978532620542	36.91508591095201	0.5588826381014617	0.0432466355071062	-2.4401249597192174	-0.00848544513025619
33.0	33.4904	2600.0	2579.824118362775	0.843830430046981	-0.3131968408093286	28.325272401648828	-116.4031647770828	143.4806937557878	-334.9835163642989	382.55765903527987	-17.905456955570113	183.89073076687052	-334.98351636429885	382.55765903527805	0.0	0.0	0.0	32.482995826970324	31.704660957496117	-0.5385749642479483	-16.28750824849739	3.6705657573570485	-0.08045884114396844	1.6130024171324449	0.0	0.0	0.0	0.0	0.0	0.0	0.0	0.0	0.0	0.0	0.0	0.0	0.0	0.0	0.0	0.0	0.0	0.0	0.0	0.0	0.0	0.0	0.0	0.0	0.0	0.0	0.0	0.0	0.0	0.0	0.0	0.0	0.0	0.0	0.0	0.0	0.0	0.0	0.0	0.0	0.0	0.0	0.0	0.0	0.0	0.0	0.0	0.0	29208.032399804448	2873.082572106369	-119.69785607495437	29349.243392478056	-28542.749622912597	-2147.29557498521	6489.5031197459	29349.839608826143	0.0	0.0	0.0	0.0	0.0	0.0	0.0	0.0	0.0	0.0	0.0	0.0	0.0	0.0	0.0	0.0	0.0	0.0	0.0	0.0	0.0	0.0	0.0	0.0	0.0	0.0	0.0	0.0	28680.858397419506	2049.260270307695	-5884.0444420083595	29349.839608826143	0.0	0.0	0.0	0.0	0.0	0.0	0.0	0.0	0.0	0.0	0.0	0.0	0.0	0.0	0.0	0.0	0.0	0.0	0.0	0.0	0.0	0.0	0.0	0.0	0.0	0.0	0.0	0.0	0.0	0.0	0.0	0.0	0.0	0.0	0.0	0.0	0.0	0.0	0.0	0.0	0.0	0.0	0.0	0.0	0.0	0.0	0.0	0.0	0.0	0.0	0.0	0.0	0.0	0.0	0.0	0.0	0.0	0.0	0.0	0.0	0.0	0.0	0.0	0.0	0.0	0.0	0.0	0.0	0.0	0.0	0.0	0.0	0.0	0.0	0.0	0.0	0.0	0.0	0.0	0.0	0.0	0.0	0.0	0.0	0.0	0.0	0.0	0.0	0.0	0.0	0.0	0.0	0.0	0.0	0.0	0.0	0.0	0.0	0.0	0.0	28.186159472145306	-2.413840527854695	0.12346757435316379	-0.5907979714467942	36.8382989781063	0.5589355267614089	0.04322508294150086	-2.385169906432097	-0.008763012133395759
34.0	34.4905	2600.0	2579.3745191727694	0.8546089138734296	-0.28365019185130386	28.34191844666473	-119.09891555053444	153.91177965226962	-352.0040753077713	402.21916492668674	-11.00823927128295	194.29926986272403	-352.0040753077713	402.21916492668583	1.5962544277748151e-15	0.0	1.5962544277748151e-15	32.56140632626648	31.79146209414525	-0.5199387856566725	-16.08758047338638	3.688155890623737	-0.08332309590251942	1.6076452507979984	0.0	0.0	0.0	0.0	0.0	0.0	0.0	0.0	0.0	0.0	0.0	0.0	0.0	0.0	0.0	0.0	0.0	0.0	0.0	0.0	0.0	0.0	0.0	0.0	0.0	0.0	0.0	0.0	0.0	0.0	0.0	0.0	0.0	0.0	0.0	0.0	0.0	0.0	0.0	0.0	0.0	0.0	0.0	0.0	0.0	0.0	0.0	0.0	29406.95097160056	2889.4337249551627	-123.4858596832697	29548.821320901607	-28703.97632267148	-2146.5429709075374	6681.482312476786	29549.418088185386	0.0	0.0	0.0	0.0	0.0	0.0	0.0	0.0	0.0	0.0	0.0	0.0	0.0	0.0	0.0	0.0	0.0	0.0	0.0	0.0	0.0	0.0	0.0	0.0	0.0	0.0	0.0	0.0	28844.54586959769	2062.924401831342	-6074.917764001562	29549.418088185386	0.0	0.0	0.0	0.0	0.0	0.0	0.0	0.0	0.0	0.0	0.0	0.0	0.0	0.0	0.0	0.0	0.0	0.0	0.0	0.0	0.0	0.0	0.0	0.0	0.0	0.0	0.0	0.0	0.0	0.0	0.0	0.0	0.0	0.0	0.0	0.0	0.0	0.0	0.0	0.0	0.0	0.0	0.0	0.0	0.0	0.0	0.0	0.0	0.0	0.0	0.0	0.0	0.0	0.0	0.0	0.0	0.0	0.0	0.0	0.0	0.0	0.0	0.0	0.0	0.0	0.0	0.0	0.0	0.0	0.0	0.0	0.0	0.0	0.0	0.0	0.0	0.0	0.0	0.0	0.0	0.0	0.0	0.0	0.0	0.0	0.0	0.0	0.0	0.0	0.0	0.0	0.0	0.0	0.0	0.0	0.0	0.0	0.0	0.0	0.0	28.24403958296866	-2.355960417031334	0.12372636249871935	-0.5886051738606576	36.75871378069504	0.5589884108157924	0.04321866473470907	-2.3295047435051983	-0.009001070491785551
35.0	35.4906	2600.0	2579.2242183291146	0.8643995442537042	-0.253789040200639	28.35832237919544	-119.35951185134786	164.79967807797945	-373.7121570867538	425.51898114941037	-1.506177711671626	203.4781521262157	-373.7121570867537	425.5189811494113	0.0	0.0	0.0	32.62881313551548	31.867922109438183	-0.5008902545448556	-15.882131070310749	3.7032927113689307	-0.08529284591219732	1.6019159804397627	0.0	0.0	0.0	0.0	0.0	0.0	0.0	0.0	0.0	0.0	0.0	0.0	0.0	0.0	0.0	0.0	0.0	0.0	0.0	0.0	0.0	0.0	0.0	0.0	0.0	0.0	0.0	0.0	0.0	0.0	0.0	0.0	0.0	0.0	0.0	0.0	0.0	0.0	0.0	0.0	0.0	0.0	0.0	0.0	0.0	0.0	0.0	0.0	29617.834346241558	2907.25038055746	-125.92625448016868	29760.444780920625	-28878.54826574277	-2151.556924435797	6863.69378216875	29760.881026463325	0.0	0.0	0.0	0.0	0.0	0.0	0.0	0.0	0.0	0.0	0.0	0.0	0.0	0.0	0.0	0.0	0.0	0.0	0.0	0.0	0.0	0.0	0.0	0.0	0.0	0.0	0.0	0.0	29021.78547266127	2077.8114242073225	-6255.294328452175	29760.881026463325	0.0	0.0	0.0	0.0	0.0	0.0	0.0	0.0	0.0	0.0	0.0	0.0	0.0	0.0	0.0	0.0	0.0	0.0	0.0	0.0	0.0	0.0	0.0	0.0	0.0	0.0	0.0	0.0	0.0	0.0	0.0	0.0	0.0	0.0	0.0	0.0	0.0	0.0	0.0	0.0	0.0	0.0	0.0	0.0	0.0	0.0	0.0	0.0	0.0	0.0	0.0	0.0	0.0	0.0	0.0	0.0	0.0	0.0	0.0	0.0	0.0	0.0	0.0	0.0	0.0	0.0	0.0	0.0	0.0	0.0	0.0	0.0	0.0	0.0	0.0	0.0	0.0	0.0	0.0	0.0	0.0	0.0	0.0	0.0	0.0	0.0	0.0	0.0	0.0	0.0	0.0	0.0	0.0	0.0	0.0	0.0	0.0	0.0	0.0	0.0	28.302641998644603	-2.297358001355399	0.12403378606406863	-0.5862750876760543	36.67635201867053	0.5590412915931603	0.04322346230754233	-2.2732542499191712	-0.00922914352461361
36.0	36.4907	2600.0	2578.459580870915	0.8731631843163983	-0.2236783864869131	28.374425722007835	-125.14670706520519	158.11597949190397	-377.1591835427134	427.681436340829	-6.581827878679178	201.5416602137702	-377.1591835427134	427.6814363408277	-1.5706975374633892e-14	0.0	-1.5706975374633892e-14	32.68529887718102	31.933971444074928	-0.48136755368642464	-15.671411324031652	3.7159683982317127	-0.08654723846659608	1.5958763432159258	0.0	0.0	0.0	0.0	0.0	0.0	0.0	0.0	0.0	0.0	0.0	0.0	0.0	0.0	0.0	0.0	0.0	0.0	0.0	0.0	0.0	0.0	0.0	0.0	0.0	0.0	0.0	0.0	0.0	0.0	0.0	0.0	0.0	0.0	0.0	0.0	0.0	0.0	0.0	0.0	0.0	0.0	0.0	0.0	0.0	0.0	0.0	0.0	29854.254053391178	2927.794039603452	-134.82533458030545	29997.777265884317	-29077.45988804371	-2158.9644746162535	7053.198931059416	29998.456898723045	0.0	0.0	0.0	0.0	0.0	0.0	0.0	0.0	0.0	0.0	0.0	0.0	0.0	0.0	0.0	0.0	0.0	0.0	0.0	0.0	0.0	0.0	0.0	0.0	0.0	0.0	0.0	0.0	29223.501462939763	2094.6818383454097	-6442.5683190950185	29998.456898723045	0.0	0.0	0.0	0.0	0.0	0.0	0.0	0.0	0.0	0.0	0.0	0.0	0.0	0.0	0.0	0.0	0.0	0.0	0.0	0.0	0.0	0.0	0.0	0.0	0.0	0.0	0.0	0.0	0.0	0.0	0.0	0.0	0.0	0.0	0.0	0.0	0.0	0.0	0.0	0.0	0.0	0.0	0.0	0.0	0.0	0.0	0.0	0.0	0.0	0.0	0.0	0.0	0.0	0.0	0.0	0.0	0.0	0.0	0.0	0.0	0.0	0.0	0.0	0.0	0.0	0.0	0.0	0.0	0.0	0.0	0.0	0.0	0.0	0.0	0.0	0.0	0.0	0.0	0.0	0.0	0.0	0.0	0.0	0.0	0.0	0.0	0.0	0.0	0.0	0.0	0.0	0.0	0.0	0.0	0.0	0.0	0.0	0.0	0.0	0.0	28.36186713306947	-2.2381328669305356	0.12433779790664946	-0.5838213146798883	36.59124344889784	0.5590942025721902	0.04321887252299697	-2.2165042029620095	-0.00948170991016735
37.0	37.4908	2600.0	2578.1622228019723	0.8809062356218827	-0.1933078820918759	28.39020310044211	-127.43595691491373	171.8778847561152	-398.4359308075057	452.2533817911147	3.496557839192974	213.93855301542135	-398.43593080750566	452.25338179111344	-1.2547006723867629e-15	0.0	-1.2547006723867629e-15	32.73052971956591	31.989387478549062	-0.46151823175345963	-15.455323611370572	3.7262012028961586	-0.08691895870316901	1.5895482803073568	0.0	0.0	0.0	0.0	0.0	0.0	0.0	0.0	0.0	0.0	0.0	0.0	0.0	0.0	0.0	0.0	0.0	0.0	0.0	0.0	0.0	0.0	0.0	0.0	0.0	0.0	0.0	0.0	0.0	0.0	0.0	0.0	0.0	0.0	0.0	0.0	0.0	0.0	0.0	0.0	0.0	0.0	0.0	0.0	0.0	0.0	0.0	0.0	29984.274036560895	2936.9249376600856	-134.03887594547734	30128.063064347403	-29170.087249252156	-2156.7165084398143	7224.67080552101	30128.74515267616	0.0	0.0	0.0	0.0	0.0	0.0	0.0	0.0	0.0	0.0	0.0	0.0	0.0	0.0	0.0	0.0	0.0	0.0	0.0	0.0	0.0	0.0	0.0	0.0	0.0	0.0	0.0	0.0	29318.305804553398	2103.5514527503497	-6614.627768153733	30128.74515267616	0.0	0.0	0.0	0.0	0.0	0.0	0.0	0.0	0.0	0.0	0.0	0.0	0.0	0.0	0.0	0.0	0.0	0.0	0.0	0.0	0.0	0.0	0.0	0.0	0.0	0.0	0.0	0.0	0.0	0.0	0.0	0.0	0.0	0.0	0.0	0.0	0.0	0.0	0.0	0.0	0.0	0.0	0.0	0.0	0.0	0.0	0.0	0.0	0.0	0.0	0.0	0.0	0.0	0.0	0.0	0.0	0.0	0.0	0.0	0.0	0.0	0.0	0.0	0.0	0.0	0.0	0.0	0.0	0.0	0.0	0.0	0.0	0.0	0.0	0.0	0.0	0.0	0.0	0.0	0.0	0.0	0.0	0.0	0.0	0.0	0.0	0.0	0.0	0.0	0.0	0.0	0.0	0.0	0.0	0.0	0.0	0.0	0.0	0.0	0.0	28.421690296895825	-2.178309703104173	0.12468110589701148	-0.5812610653978859	36.503280523850044	0.559147082689751	0.04322485036549408	-2.1592624200318546	-0.009704385247797329
38.0	38.491	2600.0	2577.7695027732107	0.8874728644563161	-0.16264507516066629	28.405598291563276	-129.49305414453917	160.35474310436618	-414.50013471454486	462.9173321297484	-1.551683757857972	206.1060090954743	-414.50013471454486	462.91733212974873	1.3013690254161936e-14	0.0	1.3013690254161936e-14	32.76445459422632	32.03414317148327	-0.4414220405666718	-15.233878318943285	3.7339049810274996	-0.08631990383498568	1.5829087727963047	0.0	0.0	0.0	0.0	0.0	0.0	0.0	0.0	0.0	0.0	0.0	0.0	0.0	0.0	0.0	0.0	0.0	0.0	0.0	0.0	0.0	0.0	0.0	0.0	0.0	0.0	0.0	0.0	0.0	0.0	0.0	0.0	0.0	0.0	0.0	0.0	0.0	0.0	0.0	0.0	0.0	0.0	0.0	0.0	0.0	0.0	0.0	0.0	29974.654269878327	2932.43698318092	-134.8508512291985	30118.05554831088	-29129.113151467787	-2148.7828292645004	7350.044371257808	30118.858758223476	0.0	0.0	0.0	0.0	0.0	0.0	0.0	0.0	0.0	0.0	0.0	0.0	0.0	0.0	0.0	0.0	0.0	0.0	0.0	0.0	0.0	0.0	0.0	0.0	0.0	0.0	0.0	0.0	29278.896837825632	2102.8753924133625	-6743.127459996649	30118.858758223476	0.0	0.0	0.0	0.0	0.0	0.0	0.0	0.0	0.0	0.0	0.0	0.0	0.0	0.0	0.0	0.0	0.0	0.0	0.0	0.0	0.0	0.0	0.0	0.0	0.0	0.0	0.0	0.0	0.0	0.0	0.0	0.0	0.0	0.0	0.0	0.0	0.0	0.0	0.0	0.0	0.0	0.0	0.0	0.0	0.0	0.0	0.0	0.0	0.0	0.0	0.0	0.0	0.0	0.0	0.0	0.0	0.0	0.0	0.0	0.0	0.0	0.0	0.0	0.0	0.0	0.0	0.0	0.0	0.0	0.0	0.0	0.0	0.0	0.0	0.0	0.0	0.0	0.0	0.0	0.0	0.0	0.0	0.0	0.0	0.0	0.0	0.0	0.0	0.0	0.0	0.0	0.0	0.0	0.0	0.0	0.0	0.0	0.0	0.0	0.0	28.48210740906204	-2.1178925909379633	0.12494360846620109	-0.5785584199546088	36.41246975681162	0.5591999813210602	0.04324178904323903	-2.101568020714355	-0.009883868937835851
39.0	39.4911	2600.0	2578.0555897280237	0.8928958697628255	-0.13173989479775042	28.420572755452927	-127.81428397431776	164.56684889929969	-422.2125621742376	470.8313780986212	6.020420949826074	208.28464532005455	-422.2125621742377	470.8313780986229	3.724434382929944e-14	0.0	3.724434382929944e-14	32.78719682370142	32.06792789020942	-0.4207567671920444	-15.00744290358926	3.7392418703839017	-0.08507632330596866	1.5760986425536276	0.0	0.0	0.0	0.0	0.0	0.0	0.0	0.0	0.0	0.0	0.0	0.0	0.0	0.0	0.0	0.0	0.0	0.0	0.0	0.0	0.0	0.0	0.0	0.0	0.0	0.0	0.0	0.0	0.0	0.0	0.0	0.0	0.0	0.0	0.0	0.0	0.0	0.0	0.0	0.0	0.0	0.0	0.0	0.0	0.0	0.0	0.0	0.0	29975.04612285475	2928.967539722915	-130.35234898152228	30118.088130738062	-29101.761135467706	-2147.7028299475996	7457.546838565832	30118.76713082703	0.0	0.0	0.0	0.0	0.0	0.0	0.0	0.0	0.0	0.0	0.0	0.0	0.0	0.0	0.0	0.0	0.0	0.0	0.0	0.0	0.0	0.0	0.0	0.0	0.0	0.0	0.0	0.0	29253.310080502375	2102.91279219643	-6852.863679030923	30118.76713082703	0.0	0.0	0.0	0.0	0.0	0.0	0.0	0.0	0.0	0.0	0.0	0.0	0.0	0.0	0.0	0.0	0.0	0.0	0.0	0.0	0.0	0.0	0.0	0.0	0.0	0.0	0.0	0.0	0.0	0.0	0.0	0.0	0.0	0.0	0.0	0.0	0.0	0.0	0.0	0.0	0.0	0.0	0.0	0.0	0.0	0.0	0.0	0.0	0.0	0.0	0.0	0.0	0.0	0.0	0.0	0.0	0.0	0.0	0.0	0.0	0.0	0.0	0.0	0.0	0.0	0.0	0.0	0.0	0.0	0.0	0.0	0.0	0.0	0.0	0.0	0.0	0.0	0.0	0.0	0.0	0.0	0.0	0.0	0.0	0.0	0.0	0.0	0.0	0.0	0.0	0.0	0.0	0.0	0.0	0.0	0.0	0.0	0.0	0.0	0.0	28.54303290815181	-2.0569670918481857	0.12516508294076292	-0.5757812942863051	36.318836107006796	0.5592528771556798	0.0432440742519765	-2.043438616468735	-0.010085903999695028
40.0	40.4913	2600.0	2577.814482486479	0.8971612959338269	-0.10062334888893434	28.43508405483564	-129.1709570716457	176.64828341526663	-442.23534122471045	493.4185335113603	16.468263334743817	218.21674657804033	-442.23534122471045	493.4185335113621	-1.0775523315919299e-15	0.0	-1.0775523315919299e-15	32.79900289973611	32.0908930245746	-0.39959425229770157	-14.776637574316162	3.742487393242937	-0.08378639166676333	1.5692856821465657	0.0	0.0	0.0	0.0	0.0	0.0	0.0	0.0	0.0	0.0	0.0	0.0	0.0	0.0	0.0	0.0	0.0	0.0	0.0	0.0	0.0	0.0	0.0	0.0	0.0	0.0	0.0	0.0	0.0	0.0	0.0	0.0	0.0	0.0	0.0	0.0	0.0	0.0	0.0	0.0	0.0	0.0	0.0	0.0	0.0	0.0	0.0	0.0	29978.894012324934	2925.737733566688	-137.5259859753163	30121.635760440462	-29068.33294138398	-2136.3759972102566	7604.320618842285	30122.37996020161	0.0	0.0	0.0	0.0	0.0	0.0	0.0	0.0	0.0	0.0	0.0	0.0	0.0	0.0	0.0	0.0	0.0	0.0	0.0	0.0	0.0	0.0	0.0	0.0	0.0	0.0	0.0	0.0	29221.36516063489	2103.1454437379857	-7003.311492292312	30122.37996020161	0.0	0.0	0.0	0.0	0.0	0.0	0.0	0.0	0.0	0.0	0.0	0.0	0.0	0.0	0.0	0.0	0.0	0.0	0.0	0.0	0.0	0.0	0.0	0.0	0.0	0.0	0.0	0.0	0.0	0.0	0.0	0.0	0.0	0.0	0.0	0.0	0.0	0.0	0.0	0.0	0.0	0.0	0.0	0.0	0.0	0.0	0.0	0.0	0.0	0.0	0.0	0.0	0.0	0.0	0.0	0.0	0.0	0.0	0.0	0.0	0.0	0.0	0.0	0.0	0.0	0.0	0.0	0.0	0.0	0.0	0.0	0.0	0.0	0.0	0.0	0.0	0.0	0.0	0.0	0.0	0.0	0.0	0.0	0.0	0.0	0.0	0.0	0.0	0.0	0.0	0.0	0.0	0.0	0.0	0.0	0.0	0.0	0.0	0.0	0.0	28.604399696016404	-1.9956003039836	0.1253197212826946	-0.5729962748799038	36.2224283333248	0.5593057802979935	0.043238190698965805	-1.9848754852567245	-0.010332044605994151
41.0	41.4915	2600.0	2577.581392039108	0.9003130002410851	-0.06933770378792899	28.449101627219708	-130.2522433121158	169.77743766670756	-451.0949027725302	499.2761125227901	14.912989555290553	213.46575362580913	-451.0949027725302	499.27611252278956	0.0	0.0	0.0	32.79934908955693	32.10311614278514	-0.37861119135155485	-14.541575728501579	3.7436156198171844	-0.0824838700769061	1.5624140994151146	0.0	0.0	0.0	0.0	0.0	0.0	0.0	0.0	0.0	0.0	0.0	0.0	0.0	0.0	0.0	0.0	0.0	0.0	0.0	0.0	0.0	0.0	0.0	0.0	0.0	0.0	0.0	0.0	0.0	0.0	0.0	0.0	0.0	0.0	0.0	0.0	0.0	0.0	0.0	0.0	0.0	0.0	0.0	0.0	0.0	0.0	0.0	0.0	29976.496976179897	2923.091311516588	-136.2430280191521	30118.987299394223	-29034.120622160022	-2133.50604020862	7724.107561930692	30119.65879544488	0.0	0.0	0.0	0.0	0.0	0.0	0.0	0.0	0.0	0.0	0.0	0.0	0.0	0.0	0.0	0.0	0.0	0.0	0.0	0.0	0.0	0.0	0.0	0.0	0.0	0.0	0.0	0.0	29188.8076265772	2104.151089787804	-7126.00192843314	30119.65879544488	0.0	0.0	0.0	0.0	0.0	0.0	0.0	0.0	0.0	0.0	0.0	0.0	0.0	0.0	0.0	0.0	0.0	0.0	0.0	0.0	0.0	0.0	0.0	0.0	0.0	0.0	0.0	0.0	0.0	0.0	0.0	0.0	0.0	0.0	0.0	0.0	0.0	0.0	0.0	0.0	0.0	0.0	0.0	0.0	0.0	0.0	0.0	0.0	0.0	0.0	0.0	0.0	0.0	0.0	0.0	0.0	0.0	0.0	0.0	0.0	0.0	0.0	0.0	0.0	0.0	0.0	0.0	0.0	0.0	0.0	0.0	0.0	0.0	0.0	0.0	0.0	0.0	0.0	0.0	0.0	0.0	0.0	0.0	0.0	0.0	0.0	0.0	0.0	0.0	0.0	0.0	0.0	0.0	0.0	0.0	0.0	0.0	0.0	0.0	0.0	28.666129619506417	-1.9338703804935837	0.1254723280623036	-0.5701933517212692	36.12303853523289	0.559358673222413	0.04325314691447465	-1.9259670248336307	-0.010485098021829538
42.0	42.4917	2600.0	2577.7538575701838	0.9023305784793179	-0.037934449189999886	28.46257816771334	-130.0802661129947	185.3997638069704	-482.69554211700273	533.1875227641164	29.316311216723985	224.5762720065322	-482.69554211700273	533.1875227641162	1.5863100787856857e-14	0.0	1.5863100787856857e-14	32.78875916702774	32.10522648593485	-0.35806530213988674	-14.30280531007365	3.7426727317955204	-0.08164262838622037	1.5554869574825834	0.0	0.0	0.0	0.0	0.0	0.0	0.0	0.0	0.0	0.0	0.0	0.0	0.0	0.0	0.0	0.0	0.0	0.0	0.0	0.0	0.0	0.0	0.0	0.0	0.0	0.0	0.0	0.0	0.0	0.0	0.0	0.0	0.0	0.0	0.0	0.0	0.0	0.0	0.0	0.0	0.0	0.0	0.0	0.0	0.0	0.0	0.0	0.0	29985.277016809516	2919.4930814614	-157.83082799483438	30127.482274457845	-29005.842502600284	-2124.700246382903	7865.395516265426	30128.35370626681	0.0	0.0	0.0	0.0	0.0	0.0	0.0	0.0	0.0	0.0	0.0	0.0	0.0	0.0	0.0	0.0	0.0	0.0	0.0	0.0	0.0	0.0	0.0	0.0	0.0	0.0	0.0	0.0	29161.873531563382	2103.9123146356933	-7271.614824187818	30128.35370626681	0.0	0.0	0.0	0.0	0.0	0.0	0.0	0.0	0.0	0.0	0.0	0.0	0.0	0.0	0.0	0.0	0.0	0.0	0.0	0.0	0.0	0.0	0.0	0.0	0.0	0.0	0.0	0.0	0.0	0.0	0.0	0.0	0.0	0.0	0.0	0.0	0.0	0.0	0.0	0.0	0.0	0.0	0.0	0.0	0.0	0.0	0.0	0.0	0.0	0.0	0.0	0.0	0.0	0.0	0.0	0.0	0.0	0.0	0.0	0.0	0.0	0.0	0.0	0.0	0.0	0.0	0.0	0.0	0.0	0.0	0.0	0.0	0.0	0.0	0.0	0.0	0.0	0.0	0.0	0.0	0.0	0.0	0.0	0.0	0.0	0.0	0.0	0.0	0.0	0.0	0.0	0.0	0.0	0.0	0.0	0.0	0.0	0.0	0.0	0.0	28.728134185973197	-1.8718658140267979	0.12558256812889132	-0.5673646402025285	36.02084560574703	0.559411565228324	0.04324818918753571	-1.8668092155200757	-0.01067871075850088
43.0	43.4918	2600.0	2577.725476914382	0.9032586578369717	-0.00647045327089264	28.475482781711683	-129.33677664392872	200.30578616049024	-530.6223298734923	581.7305791536033	44.03039070139857	234.3325296596522	-530.6223298734922	581.7305791535998	0.0	0.0	0.0	32.7670824706472	32.10283418022201	-0.3440061632624121	-14.060847442464974	3.7397764976300567	-0.08172641496044346	1.548502095782568	0.0	0.0	0.0	0.0	0.0	0.0	0.0	0.0	0.0	0.0	0.0	0.0	0.0	0.0	0.0	0.0	0.0	0.0	0.0	0.0	0.0	0.0	0.0	0.0	0.0	0.0	0.0	0.0	0.0	0.0	0.0	0.0	0.0	0.0	0.0	0.0	0.0	0.0	0.0	0.0	0.0	0.0	0.0	0.0	0.0	0.0	0.0	0.0	29993.84780229776	2916.151955840695	-184.0328631582722	30135.83774033298	-28974.996386720864	-2115.598997411586	8011.341595987334	30136.485675936616	0.0	0.0	0.0	0.0	0.0	0.0	0.0	0.0	0.0	0.0	0.0	0.0	0.0	0.0	0.0	0.0	0.0	0.0	0.0	0.0	0.0	0.0	0.0	0.0	0.0	0.0	0.0	0.0	29131.516905588145	2104.0442345156166	-7425.327570859476	30136.485675936616	0.0	0.0	0.0	0.0	0.0	0.0	0.0	0.0	0.0	0.0	0.0	0.0	0.0	0.0	0.0	0.0	0.0	0.0	0.0	0.0	0.0	0.0	0.0	0.0	0.0	0.0	0.0	0.0	0.0	0.0	0.0	0.0	0.0	0.0	0.0	0.0	0.0	0.0	0.0	0.0	0.0	0.0	0.0	0.0	0.0	0.0	0.0	0.0	0.0	0.0	0.0	0.0	0.0	0.0	0.0	0.0	0.0	0.0	0.0	0.0	0.0	0.0	0.0	0.0	0.0	0.0	0.0	0.0	0.0	0.0	0.0	0.0	0.0	0.0	0.0	0.0	0.0	0.0	0.0	0.0	0.0	0.0	0.0	0.0	0.0	0.0	0.0	0.0	0.0	0.0	0.0	0.0	0.0	0.0	0.0	0.0	0.0	0.0	0.0	0.0	28.790320104653567	-1.809679895346434	0.12568948294912077	-0.5645201834371728	35.91574994393075	0.5594644569446433	0.043246361694497575	-1.8074858253782842	-0.010855406555429568
44.0	44.492	2600.0	2577.20938027725	0.9030844099791049	0.025013445152322393	28.487776266773853	-132.00794184005738	211.2182859720342	-544.0397586233421	598.3464882497066	53.85604417920329	243.18467785446774	-544.0397586233421	598.3464882497078	0.0	0.0	0.0	32.734080086692245	32.090039119692975	-0.33040463109307616	-13.814095557122615	3.734427058976257	-0.08097223283313774	1.5413945605365138	0.0	0.0	0.0	0.0	0.0	0.0	0.0	0.0	0.0	0.0	0.0	0.0	0.0	0.0	0.0	0.0	0.0	0.0	0.0	0.0	0.0	0.0	0.0	0.0	0.0	0.0	0.0	0.0	0.0	0.0	0.0	0.0	0.0	0.0	0.0	0.0	0.0	0.0	0.0	0.0	0.0	0.0	0.0	0.0	0.0	0.0	0.0	0.0	30002.894564816594	2913.1302102473114	-194.08484065728868	30144.612766043774	-28940.98719481715	-2104.800009340782	8169.617974753553	30145.539980954185	0.0	0.0	0.0	0.0	0.0	0.0	0.0	0.0	0.0	0.0	0.0	0.0	0.0	0.0	0.0	0.0	0.0	0.0	0.0	0.0	0.0	0.0	0.0	0.0	0.0	0.0	0.0	0.0	29097.81988851795	2105.014473004922	-7592.05983558587	30145.539980954185	0.0	0.0	0.0	0.0	0.0	0.0	0.0	0.0	0.0	0.0	0.0	0.0	0.0	0.0	0.0	0.0	0.0	0.0	0.0	0.0	0.0	0.0	0.0	0.0	0.0	0.0	0.0	0.0	0.0	0.0	0.0	0.0	0.0	0.0	0.0	0.0	0.0	0.0	0.0	0.0	0.0	0.0	0.0	0.0	0.0	0.0	0.0	0.0	0.0	0.0	0.0	0.0	0.0	0.0	0.0	0.0	0.0	0.0	0.0	0.0	0.0	0.0	0.0	0.0	0.0	0.0	0.0	0.0	0.0	0.0	0.0	0.0	0.0	0.0	0.0	0.0	0.0	0.0	0.0	0.0	0.0	0.0	0.0	0.0	0.0	0.0	0.0	0.0	0.0	0.0	0.0	0.0	0.0	0.0	0.0	0.0	0.0	0.0	0.0	0.0	28.852609318028122	-1.7473906819718792	0.12576561670816322	-0.5616256948746159	35.807841819698986	0.5595173365736683	0.043234151476925164	-1.748109092730484	-0.011085348677424988
45.0	45.4921	2600.0	2577.3512883689637	0.9018059174736942	0.056498907045180555	28.499429389771365	-131.828205391841	190.61428140854332	-544.1946969616973	591.4899392339333	43.52476458379168	227.63583830683274	-544.1946969616973	591.4899392339335	0.0	0.0	0.0	32.68944017113999	32.06613337662285	-0.3169898446182013	-13.563110794544432	3.7267928597021722	-0.07988800646942402	1.5341936049075156	0.0	0.0	0.0	0.0	0.0	0.0	0.0	0.0	0.0	0.0	0.0	0.0	0.0	0.0	0.0	0.0	0.0	0.0	0.0	0.0	0.0	0.0	0.0	0.0	0.0	0.0	0.0	0.0	0.0	0.0	0.0	0.0	0.0	0.0	0.0	0.0	0.0	0.0	0.0	0.0	0.0	0.0	0.0	0.0	0.0	0.0	0.0	0.0	29995.758085941365	2908.820840583039	-190.95091453439744	30137.073581963607	-28910.542218126444	-2112.272076830155	8247.510589128837	30138.058590267898	0.0	0.0	0.0	0.0	0.0	0.0	0.0	0.0	0.0	0.0	0.0	0.0	0.0	0.0	0.0	0.0	0.0	0.0	0.0	0.0	0.0	0.0	0.0	0.0	0.0	0.0	0.0	0.0	29067.890413545352	2103.790864205283	-7676.873484448263	30138.058590267898	0.0	0.0	0.0	0.0	0.0	0.0	0.0	0.0	0.0	0.0	0.0	0.0	0.0	0.0	0.0	0.0	0.0	0.0	0.0	0.0	0.0	0.0	0.0	0.0	0.0	0.0	0.0	0.0	0.0	0.0	0.0	0.0	0.0	0.0	0.0	0.0	0.0	0.0	0.0	0.0	0.0	0.0	0.0	0.0	0.0	0.0	0.0	0.0	0.0	0.0	0.0	0.0	0.0	0.0	0.0	0.0	0.0	0.0	0.0	0.0	0.0	0.0	0.0	0.0	0.0	0.0	0.0	0.0	0.0	0.0	0.0	0.0	0.0	0.0	0.0	0.0	0.0	0.0	0.0	0.0	0.0	0.0	0.0	0.0	0.0	0.0	0.0	0.0	0.0	0.0	0.0	0.0	0.0	0.0	0.0	0.0	0.0	0.0	0.0	0.0	28.914946362229763	-1.6850536377702383	0.12583000901391367	-0.5586977930236044	35.69694938173012	0.559570217055008	0.043235573026795884	-1.6887180209131272	-0.011236895221037031
46.0	46.4922	2600.0	2577.121328374726	0.8994400949566025	0.08793766661619726	28.510411274527463	-132.8249712723409	200.4382613529415	-562.9703420320875	612.1711979629665	53.930368452274706	234.3277298278845	-562.9703420320875	612.1711979629665	-4.649605082393969e-14	0.0	-4.649605082393969e-14	32.633754088122124	32.03093289533261	-0.3031134112694725	-13.308376933462576	3.717087391972112	-0.07892156282887335	1.527014733373972	0.0	0.0	0.0	0.0	0.0	0.0	0.0	0.0	0.0	0.0	0.0	0.0	0.0	0.0	0.0	0.0	0.0	0.0	0.0	0.0	0.0	0.0	0.0	0.0	0.0	0.0	0.0	0.0	0.0	0.0	0.0	0.0	0.0	0.0	0.0	0.0	0.0	0.0	0.0	0.0	0.0	0.0	0.0	0.0	0.0	0.0	0.0	0.0	30004.354819416996	2907.187215996377	-200.58011560109068	30145.534959942222	-28879.205114688575	-2108.9042221339396	8387.946928502204	30146.535766979232	0.0	0.0	0.0	0.0	0.0	0.0	0.0	0.0	0.0	0.0	0.0	0.0	0.0	0.0	0.0	0.0	0.0	0.0	0.0	0.0	0.0	0.0	0.0	0.0	0.0	0.0	0.0	0.0	29036.94281462956	2106.312962534142	-7825.152805763749	30146.535766979232	0.0	0.0	0.0	0.0	0.0	0.0	0.0	0.0	0.0	0.0	0.0	0.0	0.0	0.0	0.0	0.0	0.0	0.0	0.0	0.0	0.0	0.0	0.0	0.0	0.0	0.0	0.0	0.0	0.0	0.0	0.0	0.0	0.0	0.0	0.0	0.0	0.0	0.0	0.0	0.0	0.0	0.0	0.0	0.0	0.0	0.0	0.0	0.0	0.0	0.0	0.0	0.0	0.0	0.0	0.0	0.0	0.0	0.0	0.0	0.0	0.0	0.0	0.0	0.0	0.0	0.0	0.0	0.0	0.0	0.0	0.0	0.0	0.0	0.0	0.0	0.0	0.0	0.0	0.0	0.0	0.0	0.0	0.0	0.0	0.0	0.0	0.0	0.0	0.0	0.0	0.0	0.0	0.0	0.0	0.0	0.0	0.0	0.0	0.0	0.0	28.97724581428037	-1.6227541857196357	0.12589744392435545	-0.5557897552186845	35.58327826793589	0.5596230950339759	0.043214560056744906	-1.6293446047637228	-0.011432301463795959
47.0	47.4923	2600.0	2577.4355099610275	0.8959906480359097	0.11927370958953688	28.520687466193426	-131.33409125337312	188.38216147617277	-555.7784671588339	601.3536287786138	50.131943780521404	224.10548967075735	-555.7784671588338	601.353628778613	0.0	0.0	0.0	32.56627776091887	31.984303119325983	-0.2894097250958996	-13.049734209642986	3.705035921365495	-0.077768818647841	1.5196619651689762	0.0	0.0	0.0	0.0	0.0	0.0	0.0	0.0	0.0	0.0	0.0	0.0	0.0	0.0	0.0	0.0	0.0	0.0	0.0	0.0	0.0	0.0	0.0	0.0	0.0	0.0	0.0	0.0	0.0	0.0	0.0	0.0	0.0	0.0	0.0	0.0	0.0	0.0	0.0	0.0	0.0	0.0	0.0	0.0	0.0	0.0	0.0	0.0	30002.455729597255	2904.5301682131562	-187.12054634585536	30143.302065357213	-28853.78118126656	-2120.0257302800887	8463.324633564676	30144.038571607554	0.0	0.0	0.0	0.0	0.0	0.0	0.0	0.0	0.0	0.0	0.0	0.0	0.0	0.0	0.0	0.0	0.0	0.0	0.0	0.0	0.0	0.0	0.0	0.0	0.0	0.0	0.0	0.0	29012.028579966638	2107.1854811394255	-7907.2769288699155	30144.038571607554	0.0	0.0	0.0	0.0	0.0	0.0	0.0	0.0	0.0	0.0	0.0	0.0	0.0	0.0	0.0	0.0	0.0	0.0	0.0	0.0	0.0	0.0	0.0	0.0	0.0	0.0	0.0	0.0	0.0	0.0	0.0	0.0	0.0	0.0	0.0	0.0	0.0	0.0	0.0	0.0	0.0	0.0	0.0	0.0	0.0	0.0	0.0	0.0	0.0	0.0	0.0	0.0	0.0	0.0	0.0	0.0	0.0	0.0	0.0	0.0	0.0	0.0	0.0	0.0	0.0	0.0	0.0	0.0	0.0	0.0	0.0	0.0	0.0	0.0	0.0	0.0	0.0	0.0	0.0	0.0	0.0	0.0	0.0	0.0	0.0	0.0	0.0	0.0	0.0	0.0	0.0	0.0	0.0	0.0	0.0	0.0	0.0	0.0	0.0	0.0	29.03941449007172	-1.560585509928281	0.1259466405645424	-0.5528139424416921	35.466560456714	0.5596760823854284	0.043224701380706464	-1.5701702421299117	-0.011522833891810632
48.0	48.4924	2600.0	2577.4127577551894	0.8914773287339104	0.1504622410074593	28.530232583162984	-131.23003057538338	192.74816876527254	-575.8384996319971	621.259330027012	57.37436987119144	226.01185625773	-575.8384996319971	621.2593300270113	0.0	0.0	0.0	32.488225890691645	31.926197235310475	-0.27474146739641064	-12.787629315010705	3.69088053218848	-0.07684605114109766	1.5122630073007592	0.0	0.0	0.0	0.0	0.0	0.0	0.0	0.0	0.0	0.0	0.0	0.0	0.0	0.0	0.0	0.0	0.0	0.0	0.0	0.0	0.0	0.0	0.0	0.0	0.0	0.0	0.0	0.0	0.0	0.0	0.0	0.0	0.0	0.0	0.0	0.0	0.0	0.0	0.0	0.0	0.0	0.0	0.0	0.0	0.0	0.0	0.0	0.0	30007.959845632984	2898.3052225819724	-194.64411080410952	30148.229029086237	-28825.074512058254	-2118.735169491297	8577.980269299687	30148.892265631323	0.0	0.0	0.0	0.0	0.0	0.0	0.0	0.0	0.0	0.0	0.0	0.0	0.0	0.0	0.0	0.0	0.0	0.0	0.0	0.0	0.0	0.0	0.0	0.0	0.0	0.0	0.0	0.0	28983.446967786258	2104.7403646345288	-8030.291072411009	30148.892265631323	0.0	0.0	0.0	0.0	0.0	0.0	0.0	0.0	0.0	0.0	0.0	0.0	0.0	0.0	0.0	0.0	0.0	0.0	0.0	0.0	0.0	0.0	0.0	0.0	0.0	0.0	0.0	0.0	0.0	0.0	0.0	0.0	0.0	0.0	0.0	0.0	0.0	0.0	0.0	0.0	0.0	0.0	0.0	0.0	0.0	0.0	0.0	0.0	0.0	0.0	0.0	0.0	0.0	0.0	0.0	0.0	0.0	0.0	0.0	0.0	0.0	0.0	0.0	0.0	0.0	0.0	0.0	0.0	0.0	0.0	0.0	0.0	0.0	0.0	0.0	0.0	0.0	0.0	0.0	0.0	0.0	0.0	0.0	0.0	0.0	0.0	0.0	0.0	0.0	0.0	0.0	0.0	0.0	0.0	0.0	0.0	0.0	0.0	0.0	0.0	29.101370478597083	-1.498629521402922	0.1259974169604735	-0.5498351010152714	35.347259847376144	0.559728990715321	0.04318405787570491	-1.5112115144031453	-0.0118109431678691
49.0	49.4925	2600.0	2577.545051511261	0.8858823296542866	0.18145444737937358	28.539011659126547	-130.83600575723543	190.74535513882068	-576.7544448014385	621.4077087611304	60.0433589203567	223.37557153615484	-576.7544448014385	621.4077087611306	1.4239329688612433e-15	0.0	1.4239329688612433e-15	32.398524669350635	31.856861174486014	-0.26043537831584906	-12.521795754444872	3.673930150728604	-0.07562636924249057	1.5042764573130476	0.0	0.0	0.0	0.0	0.0	0.0	0.0	0.0	0.0	0.0	0.0	0.0	0.0	0.0	0.0	0.0	0.0	0.0	0.0	0.0	0.0	0.0	0.0	0.0	0.0	0.0	0.0	0.0	0.0	0.0	0.0	0.0	0.0	0.0	0.0	0.0	0.0	0.0	0.0	0.0	0.0	0.0	0.0	0.0	0.0	0.0	0.0	0.0	30010.840940916547	2894.5394612889613	-191.924469566782	30150.717531693506	-28795.803313344157	-2122.354234244138	8684.17252721531	30151.575886491533	0.0	0.0	0.0	0.0	0.0	0.0	0.0	0.0	0.0	0.0	0.0	0.0	0.0	0.0	0.0	0.0	0.0	0.0	0.0	0.0	0.0	0.0	0.0	0.0	0.0	0.0	0.0	0.0	28954.342836164047	2105.0423523421464	-8144.467819297907	30151.575886491533	0.0	0.0	0.0	0.0	0.0	0.0	0.0	0.0	0.0	0.0	0.0	0.0	0.0	0.0	0.0	0.0	0.0	0.0	0.0	0.0	0.0	0.0	0.0	0.0	0.0	0.0	0.0	0.0	0.0	0.0	0.0	0.0	0.0	0.0	0.0	0.0	0.0	0.0	0.0	0.0	0.0	0.0	0.0	0.0	0.0	0.0	0.0	0.0	0.0	0.0	0.0	0.0	0.0	0.0	0.0	0.0	0.0	0.0	0.0	0.0	0.0	0.0	0.0	0.0	0.0	0.0	0.0	0.0	0.0	0.0	0.0	0.0	0.0	0.0	0.0	0.0	0.0	0.0	0.0	0.0	0.0	0.0	0.0	0.0	0.0	0.0	0.0	0.0	0.0	0.0	0.0	0.0	0.0	0.0	0.0	0.0	0.0	0.0	0.0	0.0	29.163027385097507	-1.4369726149024937	0.12601692174928955	-0.5466993031549576	35.22496557249434	0.5597818681764026	0.043165511921219764	-1.452708149023462	-0.011985365156373539
50.0	50.4925	2600.0	2577.834229766733	0.8792030213004746	0.21223675701236142	28.547003901605272	-129.41263251773492	175.9113453303762	-576.8858722190683	616.838504340535	53.39310127069985	211.7583708093007	-576.8858722190683	616.8385043405344	3.628984846758604e-14	0.0	3.628984846758604e-14	32.29750009560335	31.776070058618714	-0.24594910578578305	-12.251982005406894	3.6536042361289254	-0.07361428066387352	1.4952029364445125	0.0	0.0	0.0	0.0	0.0	0.0	0.0	0.0	0.0	0.0	0.0	0.0	0.0	0.0	0.0	0.0	0.0	0.0	0.0	0.0	0.0	0.0	0.0	0.0	0.0	0.0	0.0	0.0	0.0	0.0	0.0	0.0	0.0	0.0	0.0	0.0	0.0	0.0	0.0	0.0	0.0	0.0	0.0	0.0	0.0	0.0	0.0	0.0	30007.245673259968	2889.2476664655997	-185.93553308060683	30146.593787624137	-28768.952658967788	-2132.530551708371	8755.690771927815	30147.34556377264	0.0	0.0	0.0	0.0	0.0	0.0	0.0	0.0	0.0	0.0	0.0	0.0	0.0	0.0	0.0	0.0	0.0	0.0	0.0	0.0	0.0	0.0	0.0	0.0	0.0	0.0	0.0	0.0	28927.60119120722	2104.3031474637087	-8223.639226495938	30147.34556377264	0.0	0.0	0.0	0.0	0.0	0.0	0.0	0.0	0.0	0.0	0.0	0.0	0.0	0.0	0.0	0.0	0.0	0.0	0.0	0.0	0.0	0.0	0.0	0.0	0.0	0.0	0.0	0.0	0.0	0.0	0.0	0.0	0.0	0.0	0.0	0.0	0.0	0.0	0.0	0.0	0.0	0.0	0.0	0.0	0.0	0.0	0.0	0.0	0.0	0.0	0.0	0.0	0.0	0.0	0.0	0.0	0.0	0.0	0.0	0.0	0.0	0.0	0.0	0.0	0.0	0.0	0.0	0.0	0.0	0.0	0.0	0.0	0.0	0.0	0.0	0.0	0.0	0.0	0.0	0.0	0.0	0.0	0.0	0.0	0.0	0.0	0.0	0.0	0.0	0.0	0.0	0.0	0.0	0.0	0.0	0.0	0.0	0.0	0.0	0.0	29.224334396561503	-1.3756656034384953	0.12599867475323773	-0.5432531213932029	35.09984491010239	0.5598347438583966	0.043147839798531075	-1.3948636368746063	-0.01216537763919872
51.0	51.4924	2600.0	2577.9045019459313	0.8714649649851767	0.24276445390833956	28.554190613769062	-129.2226031026912	173.4731576875238	-582.3121153247469	621.1914497517635	55.29095399072686	209.12754002644579	-582.3121153247469	621.1914497517645	1.4828204188461288e-15	0.0	1.4828204188461288e-15	32.18517148170429	31.684033058171416	-0.23159506276194028	-11.978541353022043	3.6302025062822842	-0.07114061170704851	1.485228002657908	0.0	0.0	0.0	0.0	0.0	0.0	0.0	0.0	0.0	0.0	0.0	0.0	0.0	0.0	0.0	0.0	0.0	0.0	0.0	0.0	0.0	0.0	0.0	0.0	0.0	0.0	0.0	0.0	0.0	0.0	0.0	0.0	0.0	0.0	0.0	0.0	0.0	0.0	0.0	0.0	0.0	0.0	0.0	0.0	0.0	0.0	0.0	0.0	30009.281318813737	2884.4933245188863	-186.38635661479762	30148.167554344476	-28739.3951655745	-2136.67397060499	8856.922690930776	30149.01805520094	0.0	0.0	0.0	0.0	0.0	0.0	0.0	0.0	0.0	0.0	0.0	0.0	0.0	0.0	0.0	0.0	0.0	0.0	0.0	0.0	0.0	0.0	0.0	0.0	0.0	0.0	0.0	0.0	28897.89241098345	2104.297967294847	-8333.488702872037	30149.01805520094	0.0	0.0	0.0	0.0	0.0	0.0	0.0	0.0	0.0	0.0	0.0	0.0	0.0	0.0	0.0	0.0	0.0	0.0	0.0	0.0	0.0	0.0	0.0	0.0	0.0	0.0	0.0	0.0	0.0	0.0	0.0	0.0	0.0	0.0	0.0	0.0	0.0	0.0	0.0	0.0	0.0	0.0	0.0	0.0	0.0	0.0	0.0	0.0	0.0	0.0	0.0	0.0	0.0	0.0	0.0	0.0	0.0	0.0	0.0	0.0	0.0	0.0	0.0	0.0	0.0	0.0	0.0	0.0	0.0	0.0	0.0	0.0	0.0	0.0	0.0	0.0	0.0	0.0	0.0	0.0	0.0	0.0	0.0	0.0	0.0	0.0	0.0	0.0	0.0	0.0	0.0	0.0	0.0	0.0	0.0	0.0	0.0	0.0	0.0	0.0	29.285210144361407	-1.3147898556385869	0.12596600364784638	-0.5395681216598217	34.97188437964763	0.5598876349343835	0.043148833837979794	-1.3376883395057813	-0.01229597835802191
52.0	52.4924	2600.0	2577.9180780274532	0.8626704596721297	0.27300270358195183	28.560550638309184	-128.55729266855084	187.12226830617146	-593.1122231204687	635.0778141371492	70.16472485836492	215.9134830895491	-593.1122231204687	635.0778141371466	1.3722748697911079e-15	0.0	1.3722748697911079e-15	32.06186482376377	31.58043154111277	-0.2168238772925789	-11.701750476313237	3.6039424273267637	-0.06844016437862072	1.4744991376819638	0.0	0.0	0.0	0.0	0.0	0.0	0.0	0.0	0.0	0.0	0.0	0.0	0.0	0.0	0.0	0.0	0.0	0.0	0.0	0.0	0.0	0.0	0.0	0.0	0.0	0.0	0.0	0.0	0.0	0.0	0.0	0.0	0.0	0.0	0.0	0.0	0.0	0.0	0.0	0.0	0.0	0.0	0.0	0.0	0.0	0.0	0.0	0.0	30020.144542670296	2879.6586258496204	-190.09329250597378	30158.541868334803	-28711.799602726987	-2137.775159585457	8980.418200315764	30159.33404623943	0.0	0.0	0.0	0.0	0.0	0.0	0.0	0.0	0.0	0.0	0.0	0.0	0.0	0.0	0.0	0.0	0.0	0.0	0.0	0.0	0.0	0.0	0.0	0.0	0.0	0.0	0.0	0.0	28870.078331841327	2105.610249478477	-8465.837979981274	30159.33404623943	0.0	0.0	0.0	0.0	0.0	0.0	0.0	0.0	0.0	0.0	0.0	0.0	0.0	0.0	0.0	0.0	0.0	0.0	0.0	0.0	0.0	0.0	0.0	0.0	0.0	0.0	0.0	0.0	0.0	0.0	0.0	0.0	0.0	0.0	0.0	0.0	0.0	0.0	0.0	0.0	0.0	0.0	0.0	0.0	0.0	0.0	0.0	0.0	0.0	0.0	0.0	0.0	0.0	0.0	0.0	0.0	0.0	0.0	0.0	0.0	0.0	0.0	0.0	0.0	0.0	0.0	0.0	0.0	0.0	0.0	0.0	0.0	0.0	0.0	0.0	0.0	0.0	0.0	0.0	0.0	0.0	0.0	0.0	0.0	0.0	0.0	0.0	0.0	0.0	0.0	0.0	0.0	0.0	0.0	0.0	0.0	0.0	0.0	0.0	0.0	29.34558288915187	-1.254417110848124	0.1259160124324684	-0.5357012254184728	34.8412084749386	0.5599405193434329	0.04312773895075801	-1.2811970477368388	-0.012490257706113
53.0	53.4923	2600.0	2577.9530575056597	0.852830599913885	0.30290822451783356	28.56606521505716	-128.46661886749465	176.06245867340115	-593.3502362439823	632.112461804194	65.08632123269487	208.0034430142041	-593.3502362439823	632.1124618041937	0.0	0.0	0.0	31.927302115792283	31.465394731895135	-0.20213953043428523	-11.421900157035777	3.574885947702459	-0.06571880551676715	1.4630136069558517	0.0	0.0	0.0	0.0	0.0	0.0	0.0	0.0	0.0	0.0	0.0	0.0	0.0	0.0	0.0	0.0	0.0	0.0	0.0	0.0	0.0	0.0	0.0	0.0	0.0	0.0	0.0	0.0	0.0	0.0	0.0	0.0	0.0	0.0	0.0	0.0	0.0	0.0	0.0	0.0	0.0	0.0	0.0	0.0	0.0	0.0	0.0	0.0	30017.3915708653	2872.6143552455437	-187.67605793281658	30155.114528970687	-28680.294032583108	-2143.7678773713383	9067.852404658635	30155.94392056308	0.0	0.0	0.0	0.0	0.0	0.0	0.0	0.0	0.0	0.0	0.0	0.0	0.0	0.0	0.0	0.0	0.0	0.0	0.0	0.0	0.0	0.0	0.0	0.0	0.0	0.0	0.0	0.0	28838.194043521817	2104.4769627012015	-8562.166475944521	30155.94392056308	0.0	0.0	0.0	0.0	0.0	0.0	0.0	0.0	0.0	0.0	0.0	0.0	0.0	0.0	0.0	0.0	0.0	0.0	0.0	0.0	0.0	0.0	0.0	0.0	0.0	0.0	0.0	0.0	0.0	0.0	0.0	0.0	0.0	0.0	0.0	0.0	0.0	0.0	0.0	0.0	0.0	0.0	0.0	0.0	0.0	0.0	0.0	0.0	0.0	0.0	0.0	0.0	0.0	0.0	0.0	0.0	0.0	0.0	0.0	0.0	0.0	0.0	0.0	0.0	0.0	0.0	0.0	0.0	0.0	0.0	0.0	0.0	0.0	0.0	0.0	0.0	0.0	0.0	0.0	0.0	0.0	0.0	0.0	0.0	0.0	0.0	0.0	0.0	0.0	0.0	0.0	0.0	0.0	0.0	0.0	0.0	0.0	0.0	0.0	0.0	29.405372685479414	-1.1946273145205881	0.12584698933461896	-0.5316392302021142	34.70769732921199	0.5599933976728388	0.043107168140366754	-1.2254829983711442	-0.012644410997869922
54.0	54.4923	2600.0	2578.43186128027	0.8419786432772762	0.33243352104159307	28.570723341792714	-126.24619462838749	171.36086235584662	-594.1578007823375	631.1308414552343	66.16866615472097	202.29768764074467	-594.1578007823374	631.1308414552334	1.4513036081214677e-15	0.0	1.4513036081214677e-15	31.781657429816445	31.338936677172654	-0.18746821069927155	-11.139184392534212	3.5433096300687232	-0.06315129237983005	1.4509668453836249	0.0	0.0	0.0	0.0	0.0	0.0	0.0	0.0	0.0	0.0	0.0	0.0	0.0	0.0	0.0	0.0	0.0	0.0	0.0	0.0	0.0	0.0	0.0	0.0	0.0	0.0	0.0	0.0	0.0	0.0	0.0	0.0	0.0	0.0	0.0	0.0	0.0	0.0	0.0	0.0	0.0	0.0	0.0	0.0	0.0	0.0	0.0	0.0	30018.740957593734	2867.2924294877294	-185.61154506268787	30155.938489806183	-28656.6379382587	-2154.437745458759	9143.055895012834	30156.922439513524	0.0	0.0	0.0	0.0	0.0	0.0	0.0	0.0	0.0	0.0	0.0	0.0	0.0	0.0	0.0	0.0	0.0	0.0	0.0	0.0	0.0	0.0	0.0	0.0	0.0	0.0	0.0	0.0	28814.207058944863	2104.960268613194	-8645.842055846635	30156.922439513524	0.0	0.0	0.0	0.0	0.0	0.0	0.0	0.0	0.0	0.0	0.0	0.0	0.0	0.0	0.0	0.0	0.0	0.0	0.0	0.0	0.0	0.0	0.0	0.0	0.0	0.0	0.0	0.0	0.0	0.0	0.0	0.0	0.0	0.0	0.0	0.0	0.0	0.0	0.0	0.0	0.0	0.0	0.0	0.0	0.0	0.0	0.0	0.0	0.0	0.0	0.0	0.0	0.0	0.0	0.0	0.0	0.0	0.0	0.0	0.0	0.0	0.0	0.0	0.0	0.0	0.0	0.0	0.0	0.0	0.0	0.0	0.0	0.0	0.0	0.0	0.0	0.0	0.0	0.0	0.0	0.0	0.0	0.0	0.0	0.0	0.0	0.0	0.0	0.0	0.0	0.0	0.0	0.0	0.0	0.0	0.0	0.0	0.0	0.0	0.0	29.46449599008836	-1.1355040099116422	0.12576930234479924	-0.5274500217581237	34.57142022753726	0.5600462750885624	0.04309795682301943	-1.1705626415168877	-0.012782673331787783
55.0	55.4922	2600.0	2578.423741662484	0.8301256455461057	0.36155037886551206	28.57451370106731	-125.90851052384279	164.80219528037196	-585.8610427038041	621.4868284602267	64.47552334070495	197.11829819046397	-585.8610427038038	621.4868284602264	-1.8447665772152813e-14	0.0	-1.8447665772152813e-14	31.62492598894276	31.20113903322867	-0.1729743386619677	-10.853796496167572	3.509306784585057	-0.060857724837242395	1.4383851164033787	0.0	0.0	0.0	0.0	0.0	0.0	0.0	0.0	0.0	0.0	0.0	0.0	0.0	0.0	0.0	0.0	0.0	0.0	0.0	0.0	0.0	0.0	0.0	0.0	0.0	0.0	0.0	0.0	0.0	0.0	0.0	0.0	0.0	0.0	0.0	0.0	0.0	0.0	0.0	0.0	0.0	0.0	0.0	0.0	0.0	0.0	0.0	0.0	30018.277373405806	2855.99669360977	-182.9428582787398	30154.388762998202	-28624.325026818253	-2156.0420049752624	9238.029363569181	30155.292850349142	0.0	0.0	0.0	0.0	0.0	0.0	0.0	0.0	0.0	0.0	0.0	0.0	0.0	0.0	0.0	0.0	0.0	0.0	0.0	0.0	0.0	0.0	0.0	0.0	0.0	0.0	0.0	0.0	28781.065861145165	2100.7950712527	-8750.919657689834	30155.292850349142	0.0	0.0	0.0	0.0	0.0	0.0	0.0	0.0	0.0	0.0	0.0	0.0	0.0	0.0	0.0	0.0	0.0	0.0	0.0	0.0	0.0	0.0	0.0	0.0	0.0	0.0	0.0	0.0	0.0	0.0	0.0	0.0	0.0	0.0	0.0	0.0	0.0	0.0	0.0	0.0	0.0	0.0	0.0	0.0	0.0	0.0	0.0	0.0	0.0	0.0	0.0	0.0	0.0	0.0	0.0	0.0	0.0	0.0	0.0	0.0	0.0	0.0	0.0	0.0	0.0	0.0	0.0	0.0	0.0	0.0	0.0	0.0	0.0	0.0	0.0	0.0	0.0	0.0	0.0	0.0	0.0	0.0	0.0	0.0	0.0	0.0	0.0	0.0	0.0	0.0	0.0	0.0	0.0	0.0	0.0	0.0	0.0	0.0	0.0	0.0	29.52288850314573	-1.0771114968542719	0.1256882997130107	-0.5231399793898284	34.43237836364345	0.5600990297760385	0.043102605128478695	-1.116493761360221	-0.01287903639934927
56.0	56.4921	2600.0	2578.58929342764	0.8172810783311723	0.3902160000165208	28.57742322918765	-124.74265326944081	169.21396168232235	-593.0015989935604	629.16213393834	72.22769067668922	197.42658147381735	-593.0015989935604	629.1621339383393	-1.0918546860488102e-15	0.0	-1.0918546860488102e-15	31.457656558315644	31.051621242567407	-0.15776148634662923	-10.565660815328508	3.4726267327640645	-0.05859987457333255	1.4250722437060381	0.0	0.0	0.0	0.0	0.0	0.0	0.0	0.0	0.0	0.0	0.0	0.0	0.0	0.0	0.0	0.0	0.0	0.0	0.0	0.0	0.0	0.0	0.0	0.0	0.0	0.0	0.0	0.0	0.0	0.0	0.0	0.0	0.0	0.0	0.0	0.0	0.0	0.0	0.0	0.0	0.0	0.0	0.0	0.0	0.0	0.0	0.0	0.0	30024.16987961787	2854.0786217390887	-186.62697087157517	30160.09567898414	-28597.634287680095	-2166.675096903959	9337.164549571353	30161.263396171133	0.0	0.0	0.0	0.0	0.0	0.0	0.0	0.0	0.0	0.0	0.0	0.0	0.0	0.0	0.0	0.0	0.0	0.0	0.0	0.0	0.0	0.0	0.0	0.0	0.0	0.0	0.0	0.0	28754.110168067495	2105.769636946359	-8858.255603219193	30161.263396171133	0.0	0.0	0.0	0.0	0.0	0.0	0.0	0.0	0.0	0.0	0.0	0.0	0.0	0.0	0.0	0.0	0.0	0.0	0.0	0.0	0.0	0.0	0.0	0.0	0.0	0.0	0.0	0.0	0.0	0.0	0.0	0.0	0.0	0.0	0.0	0.0	0.0	0.0	0.0	0.0	0.0	0.0	0.0	0.0	0.0	0.0	0.0	0.0	0.0	0.0	0.0	0.0	0.0	0.0	0.0	0.0	0.0	0.0	0.0	0.0	0.0	0.0	0.0	0.0	0.0	0.0	0.0	0.0	0.0	0.0	0.0	0.0	0.0	0.0	0.0	0.0	0.0	0.0	0.0	0.0	0.0	0.0	0.0	0.0	0.0	0.0	0.0	0.0	0.0	0.0	0.0	0.0	0.0	0.0	0.0	0.0	0.0	0.0	0.0	0.0	29.580471540634385	-1.0195284593656095	0.12558994564264964	-0.5186421894867376	34.29082191322388	0.5601517449680823	0.04306016550065305	-1.0634213867534053	-0.013118654399131529
57.0	57.4919	2600.0	2578.823815551945	0.8034597356857858	0.41840428634292587	28.579445850787597	-123.33404128897202	156.9192943515809	-584.2072445837539	617.359745452042	66.05049151930142	188.3408698358544	-584.2072445837538	617.3597454520416	2.2225676077757276e-15	0.0	2.2225676077757276e-15	31.279060873501155	30.8908608403059	-0.14316486706172837	-10.274850633956632	3.433404416399913	-0.05639233143815268	1.411132307187283	0.0	0.0	0.0	0.0	0.0	0.0	0.0	0.0	0.0	0.0	0.0	0.0	0.0	0.0	0.0	0.0	0.0	0.0	0.0	0.0	0.0	0.0	0.0	0.0	0.0	0.0	0.0	0.0	0.0	0.0	0.0	0.0	0.0	0.0	0.0	0.0	0.0	0.0	0.0	0.0	0.0	0.0	0.0	0.0	0.0	0.0	0.0	0.0	30019.974504644557	2844.4934586280706	-180.5324495569575	30154.97644272053	-28569.34529608192	-2175.9073904214724	9404.077461711178	30155.907158039758	0.0	0.0	0.0	0.0	0.0	0.0	0.0	0.0	0.0	0.0	0.0	0.0	0.0	0.0	0.0	0.0	0.0	0.0	0.0	0.0	0.0	0.0	0.0	0.0	0.0	0.0	0.0	0.0	28724.999002248856	2103.4812924072085	-8934.681600236725	30155.907158039758	0.0	0.0	0.0	0.0	0.0	0.0	0.0	0.0	0.0	0.0	0.0	0.0	0.0	0.0	0.0	0.0	0.0	0.0	0.0	0.0	0.0	0.0	0.0	0.0	0.0	0.0	0.0	0.0	0.0	0.0	0.0	0.0	0.0	0.0	0.0	0.0	0.0	0.0	0.0	0.0	0.0	0.0	0.0	0.0	0.0	0.0	0.0	0.0	0.0	0.0	0.0	0.0	0.0	0.0	0.0	0.0	0.0	0.0	0.0	0.0	0.0	0.0	0.0	0.0	0.0	0.0	0.0	0.0	0.0	0.0	0.0	0.0	0.0	0.0	0.0	0.0	0.0	0.0	0.0	0.0	0.0	0.0	0.0	0.0	0.0	0.0	0.0	0.0	0.0	0.0	0.0	0.0	0.0	0.0	0.0	0.0	0.0	0.0	0.0	0.0	29.637183598135024	-0.9628164018649769	0.12547683350951896	-0.5139896256433036	34.14642830951004	0.5602046182281426	0.043052269598060106	-1.011374720708798	-0.013209872955473724
58.0	58.4918	2600.0	2579.137085083573	0.7886957064268835	0.4460861630101243	28.580582701972855	-121.55950745132395	150.592926630412	-568.2855476091277	600.3360783963656	64.86066745005155	182.34044318486846	-568.2855476091277	600.336078396365	-1.779454684768548e-15	0.0	-1.779454684768548e-15	31.089820127786037	30.718773786891045	-0.12852553810997133	-9.981815653362741	3.3922803576359444	-0.05476342896962936	1.3970256725798442	0.0	0.0	0.0	0.0	0.0	0.0	0.0	0.0	0.0	0.0	0.0	0.0	0.0	0.0	0.0	0.0	0.0	0.0	0.0	0.0	0.0	0.0	0.0	0.0	0.0	0.0	0.0	0.0	0.0	0.0	0.0	0.0	0.0	0.0	0.0	0.0	0.0	0.0	0.0	0.0	0.0	0.0	0.0	0.0	0.0	0.0	0.0	0.0	30019.574958653873	2836.669428799159	-176.64350866124448	30153.8186151551	-28543.205859478498	-2186.414648322579	9476.667754333126	30154.638805281436	0.0	0.0	0.0	0.0	0.0	0.0	0.0	0.0	0.0	0.0	0.0	0.0	0.0	0.0	0.0	0.0	0.0	0.0	0.0	0.0	0.0	0.0	0.0	0.0	0.0	0.0	0.0	0.0	28698.086773656476	2103.117438828148	-9016.593261712816	30154.638805281436	0.0	0.0	0.0	0.0	0.0	0.0	0.0	0.0	0.0	0.0	0.0	0.0	0.0	0.0	0.0	0.0	0.0	0.0	0.0	0.0	0.0	0.0	0.0	0.0	0.0	0.0	0.0	0.0	0.0	0.0	0.0	0.0	0.0	0.0	0.0	0.0	0.0	0.0	0.0	0.0	0.0	0.0	0.0	0.0	0.0	0.0	0.0	0.0	0.0	0.0	0.0	0.0	0.0	0.0	0.0	0.0	0.0	0.0	0.0	0.0	0.0	0.0	0.0	0.0	0.0	0.0	0.0	0.0	0.0	0.0	0.0	0.0	0.0	0.0	0.0	0.0	0.0	0.0	0.0	0.0	0.0	0.0	0.0	0.0	0.0	0.0	0.0	0.0	0.0	0.0	0.0	0.0	0.0	0.0	0.0	0.0	0.0	0.0	0.0	0.0	29.692960812386413	-0.9070391876135918	0.1253637362926306	-0.5093305641591924	33.99945948053909	0.5602573530914577	0.04303605242172548	-0.9602698239008616	-0.01332568802011888
59.0	59.4916	2600.0	2579.519002314932	0.7729974427772702	0.47324805337400966	28.580831767663888	-120.2281718742415	139.71222163197305	-520.6053044918386	552.2718544798423	59.334178200133465	174.510095647438	-520.6053044918386	552.2718544798416	-2.2868216865518818e-14	0.0	-2.2868216865518818e-14	30.890084620195644	30.53518195903835	-0.11351784521958998	-9.686232444284745	3.348815694949383	-0.05317656959601965	1.3823730467479678	0.0	0.0	0.0	0.0	0.0	0.0	0.0	0.0	0.0	0.0	0.0	0.0	0.0	0.0	0.0	0.0	0.0	0.0	0.0	0.0	0.0	0.0	0.0	0.0	0.0	0.0	0.0	0.0	0.0	0.0	0.0	0.0	0.0	0.0	0.0	0.0	0.0	0.0	0.0	0.0	0.0	0.0	0.0	0.0	0.0	0.0	0.0	0.0	30015.65739178362	2830.9352176824477	-176.5893511450922	30149.37920864353	-28515.309806371894	-2199.9845129909736	9543.241196800493	30150.228485885138	0.0	0.0	0.0	0.0	0.0	0.0	0.0	0.0	0.0	0.0	0.0	0.0	0.0	0.0	0.0	0.0	0.0	0.0	0.0	0.0	0.0	0.0	0.0	0.0	0.0	0.0	0.0	0.0	28669.513544337413	2104.7745961713563	-9092.04018806805	30150.228485885138	0.0	0.0	0.0	0.0	0.0	0.0	0.0	0.0	0.0	0.0	0.0	0.0	0.0	0.0	0.0	0.0	0.0	0.0	0.0	0.0	0.0	0.0	0.0	0.0	0.0	0.0	0.0	0.0	0.0	0.0	0.0	0.0	0.0	0.0	0.0	0.0	0.0	0.0	0.0	0.0	0.0	0.0	0.0	0.0	0.0	0.0	0.0	0.0	0.0	0.0	0.0	0.0	0.0	0.0	0.0	0.0	0.0	0.0	0.0	0.0	0.0	0.0	0.0	0.0	0.0	0.0	0.0	0.0	0.0	0.0	0.0	0.0	0.0	0.0	0.0	0.0	0.0	0.0	0.0	0.0	0.0	0.0	0.0	0.0	0.0	0.0	0.0	0.0	0.0	0.0	0.0	0.0	0.0	0.0	0.0	0.0	0.0	0.0	0.0	0.0	29.747755442167822	-0.8522445578321795	0.1252562916112513	-0.5045375145411594	33.8500131096015	0.5603102160024463	0.04300536742801431	-0.9102817142843688	-0.013510475538654362
60.0	60.4915	2600.0	2579.546316770466	0.756380384191899	0.49983044225327117	28.58018633951937	-119.4279829823554	112.84319116528786	-457.5125546442223	486.12176105239513	39.38084856289059	159.5173272032407	-457.5125546442223	486.1217610523947	-3.8733560582023967e-14	0.0	-3.8733560582023967e-14	30.679631823940287	30.34041301883672	-0.09877251116333441	-9.38835117781589	3.3034473747859425	-0.051913134114364094	1.3675261082781722	0.0	0.0	0.0	0.0	0.0	0.0	0.0	0.0	0.0	0.0	0.0	0.0	0.0	0.0	0.0	0.0	0.0	0.0	0.0	0.0	0.0	0.0	0.0	0.0	0.0	0.0	0.0	0.0	0.0	0.0	0.0	0.0	0.0	0.0	0.0	0.0	0.0	0.0	0.0	0.0	0.0	0.0	0.0	0.0	0.0	0.0	0.0	0.0	30002.41632322841	2823.0785592309335	-171.61239963828388	30135.431116870077	-28475.506359942254	-2211.0751453000644	9615.34325524142	30136.32594841966	0.0	0.0	0.0	0.0	0.0	0.0	0.0	0.0	0.0	0.0	0.0	0.0	0.0	0.0	0.0	0.0	0.0	0.0	0.0	0.0	0.0	0.0	0.0	0.0	0.0	0.0	0.0	0.0	28628.836542154222	2105.36578722295	-9173.619504535729	30136.32594841966	0.0	0.0	0.0	0.0	0.0	0.0	0.0	0.0	0.0	0.0	0.0	0.0	0.0	0.0	0.0	0.0	0.0	0.0	0.0	0.0	0.0	0.0	0.0	0.0	0.0	0.0	0.0	0.0	0.0	0.0	0.0	0.0	0.0	0.0	0.0	0.0	0.0	0.0	0.0	0.0	0.0	0.0	0.0	0.0	0.0	0.0	0.0	0.0	0.0	0.0	0.0	0.0	0.0	0.0	0.0	0.0	0.0	0.0	0.0	0.0	0.0	0.0	0.0	0.0	0.0	0.0	0.0	0.0	0.0	0.0	0.0	0.0	0.0	0.0	0.0	0.0	0.0	0.0	0.0	0.0	0.0	0.0	0.0	0.0	0.0	0.0	0.0	0.0	0.0	0.0	0.0	0.0	0.0	0.0	0.0	0.0	0.0	0.0	0.0	0.0	29.8014742100828	-0.7985257899171997	0.1251477051346741	-0.4997339742426869	33.69798821300674	0.5603631169892115	0.04298423618138141	-0.8613806272926982	-0.013662552252270171
61.0	61.4913	2600.0	2580.1837042805837	0.7388717444804338	0.5257662756614361	28.57864471324101	-115.90023434546491	61.34129187499274	-265.52892453525556	296.1439315182335	-1.4149202096341464	131.12443102269756	-265.5289245352556	296.14393151823197	-2.7888652202189475e-15	0.0	-2.7888652202189475e-15	30.45848700385348	30.13458101411941	-0.08442652106186137	-9.088237788045722	3.2561923843575595	-0.05095242578522698	1.3525107143197261	0.0	0.0	0.0	0.0	0.0	0.0	0.0	0.0	0.0	0.0	0.0	0.0	0.0	0.0	0.0	0.0	0.0	0.0	0.0	0.0	0.0	0.0	0.0	0.0	0.0	0.0	0.0	0.0	0.0	0.0	0.0	0.0	0.0	0.0	0.0	0.0	0.0	0.0	0.0	0.0	0.0	0.0	0.0	0.0	0.0	0.0	0.0	0.0	29974.44814837264	2811.130102053851	-169.1023925188116	30106.454289226906	-28424.729573770557	-2220.0016274267323	9673.452816911004	30107.629398024143	0.0	0.0	0.0	0.0	0.0	0.0	0.0	0.0	0.0	0.0	0.0	0.0	0.0	0.0	0.0	0.0	0.0	0.0	0.0	0.0	0.0	0.0	0.0	0.0	0.0	0.0	0.0	0.0	28576.840292075027	2101.931968856371	-9242.046791068753	30107.629398024143	0.0	0.0	0.0	0.0	0.0	0.0	0.0	0.0	0.0	0.0	0.0	0.0	0.0	0.0	0.0	0.0	0.0	0.0	0.0	0.0	0.0	0.0	0.0	0.0	0.0	0.0	0.0	0.0	0.0	0.0	0.0	0.0	0.0	0.0	0.0	0.0	0.0	0.0	0.0	0.0	0.0	0.0	0.0	0.0	0.0	0.0	0.0	0.0	0.0	0.0	0.0	0.0	0.0	0.0	0.0	0.0	0.0	0.0	0.0	0.0	0.0	0.0	0.0	0.0	0.0	0.0	0.0	0.0	0.0	0.0	0.0	0.0	0.0	0.0	0.0	0.0	0.0	0.0	0.0	0.0	0.0	0.0	0.0	0.0	0.0	0.0	0.0	0.0	0.0	0.0	0.0	0.0	0.0	0.0	0.0	0.0	0.0	0.0	0.0	0.0	29.85401672518139	-0.745983274818613	0.12502954063621236	-0.4949192950344614	33.543402040528996	0.5604160358669633	0.04298231487806977	-0.813667479710528	-0.013732229859175292
62.0	62.4911	2600.0	2580.071743024182	0.7204861987640169	0.5510092612100057	28.576207482440797	-115.27751037672896	-87.594317571391	198.4308977085907	245.63487137393938	-130.93596227618397	61.78545664041303	198.43089770859075	245.63487137393955	0.0	0.0	0.0	30.22709715579812	29.917422910192805	-0.06981675064233031	-8.785995571177999	3.207132795697951	-0.05032634961962453	1.3373819831841378	0.0	0.0	0.0	0.0	0.0	0.0	0.0	0.0	0.0	0.0	0.0	0.0	0.0	0.0	0.0	0.0	0.0	0.0	0.0	0.0	0.0	0.0	0.0	0.0	0.0	0.0	0.0	0.0	0.0	0.0	0.0	0.0	0.0	0.0	0.0	0.0	0.0	0.0	0.0	0.0	0.0	0.0	0.0	0.0	0.0	0.0	0.0	0.0	29886.74187449385	2792.353046565576	-166.67376795597315	30017.367565364766	-28317.110019963056	-2223.753658618754	9710.225382101195	30018.199099681427	0.0	0.0	0.0	0.0	0.0	0.0	0.0	0.0	0.0	0.0	0.0	0.0	0.0	0.0	0.0	0.0	0.0	0.0	0.0	0.0	0.0	0.0	0.0	0.0	0.0	0.0	0.0	0.0	28467.62916922974	2093.093350555016	-9290.066032983677	30018.199099681427	0.0	0.0	0.0	0.0	0.0	0.0	0.0	0.0	0.0	0.0	0.0	0.0	0.0	0.0	0.0	0.0	0.0	0.0	0.0	0.0	0.0	0.0	0.0	0.0	0.0	0.0	0.0	0.0	0.0	0.0	0.0	0.0	0.0	0.0	0.0	0.0	0.0	0.0	0.0	0.0	0.0	0.0	0.0	0.0	0.0	0.0	0.0	0.0	0.0	0.0	0.0	0.0	0.0	0.0	0.0	0.0	0.0	0.0	0.0	0.0	0.0	0.0	0.0	0.0	0.0	0.0	0.0	0.0	0.0	0.0	0.0	0.0	0.0	0.0	0.0	0.0	0.0	0.0	0.0	0.0	0.0	0.0	0.0	0.0	0.0	0.0	0.0	0.0	0.0	0.0	0.0	0.0	0.0	0.0	0.0	0.0	0.0	0.0	0.0	0.0	29.905303949263843	-0.6946960507361517	0.12488975755104431	-0.4901051935505406	33.38644663679309	0.5604688930189602	0.04295198625604691	-0.7672093260213371	-0.013864983117386022
63.0	63.491	2600.0	2580.4003819292448	0.7011279996651881	0.5757173599775125	28.57287445286588	-115.31995257491327	-100.89108726871928	253.26874334088734	296.01141752577183	-141.7555325297762	58.16418098231952	253.26874334088734	296.01141752577166	9.195863853958704e-15	0.0	9.195863853958704e-15	29.985335270443677	29.68920686415479	-0.05537747875991267	-8.48158820572805	3.1564706971725287	-0.04994723898377815	1.3220963732278757	0.0	0.0	0.0	0.0	0.0	0.0	0.0	0.0	0.0	0.0	0.0	0.0	0.0	0.0	0.0	0.0	0.0	0.0	0.0	0.0	0.0	0.0	0.0	0.0	0.0	0.0	0.0	0.0	0.0	0.0	0.0	0.0	0.0	0.0	0.0	0.0	0.0	0.0	0.0	0.0	0.0	0.0	0.0	0.0	0.0	0.0	0.0	0.0	29884.940953390742	2786.7372735313625	-164.486179716166	30015.040498434417	-28292.238790167405	-2239.8981509281025	9772.33257549246	30016.102402750686	0.0	0.0	0.0	0.0	0.0	0.0	0.0	0.0	0.0	0.0	0.0	0.0	0.0	0.0	0.0	0.0	0.0	0.0	0.0	0.0	0.0	0.0	0.0	0.0	0.0	0.0	0.0	0.0	28441.833997222446	2095.448144517609	-9361.4945067812	30016.102402750686	0.0	0.0	0.0	0.0	0.0	0.0	0.0	0.0	0.0	0.0	0.0	0.0	0.0	0.0	0.0	0.0	0.0	0.0	0.0	0.0	0.0	0.0	0.0	0.0	0.0	0.0	0.0	0.0	0.0	0.0	0.0	0.0	0.0	0.0	0.0	0.0	0.0	0.0	0.0	0.0	0.0	0.0	0.0	0.0	0.0	0.0	0.0	0.0	0.0	0.0	0.0	0.0	0.0	0.0	0.0	0.0	0.0	0.0	0.0	0.0	0.0	0.0	0.0	0.0	0.0	0.0	0.0	0.0	0.0	0.0	0.0	0.0	0.0	0.0	0.0	0.0	0.0	0.0	0.0	0.0	0.0	0.0	0.0	0.0	0.0	0.0	0.0	0.0	0.0	0.0	0.0	0.0	0.0	0.0	0.0	0.0	0.0	0.0	0.0	0.0	29.95546197319985	-0.6445380268001486	0.12472727290530099	-0.48527483898811374	33.22708440043461	0.5605217424046346	0.04292827194592286	-0.7218970835496198	-0.013973885709355972
64.0	64.491	2600.0	2580.5418816034785	0.6809311450767822	0.5997668364791396	28.568673400197387	-114.41066263022005	-103.71165393345655	263.4960027315417	305.41128063743776	-142.87286447333463	58.59395431511803	263.4960027315417	305.411280637436	2.029107763319795e-15	0.0	2.029107763319795e-15	29.73344330394496	29.45001705407363	-0.04098534734155719	-8.17498343680244	3.1042949391376666	-0.04972977912412629	1.3068431714495612	0.0	0.0	0.0	0.0	0.0	0.0	0.0	0.0	0.0	0.0	0.0	0.0	0.0	0.0	0.0	0.0	0.0	0.0	0.0	0.0	0.0	0.0	0.0	0.0	0.0	0.0	0.0	0.0	0.0	0.0	0.0	0.0	0.0	0.0	0.0	0.0	0.0	0.0	0.0	0.0	0.0	0.0	0.0	0.0	0.0	0.0	0.0	0.0	29886.233719667787	2779.025029048845	-164.79561089983852	30015.61433074558	-28267.226774682556	-2253.001115987809	9843.373842142979	30016.730870568786	0.0	0.0	0.0	0.0	0.0	0.0	0.0	0.0	0.0	0.0	0.0	0.0	0.0	0.0	0.0	0.0	0.0	0.0	0.0	0.0	0.0	0.0	0.0	0.0	0.0	0.0	0.0	0.0	28415.73440778428	2095.689026417354	-9442.365049444736	30016.730870568786	0.0	0.0	0.0	0.0	0.0	0.0	0.0	0.0	0.0	0.0	0.0	0.0	0.0	0.0	0.0	0.0	0.0	0.0	0.0	0.0	0.0	0.0	0.0	0.0	0.0	0.0	0.0	0.0	0.0	0.0	0.0	0.0	0.0	0.0	0.0	0.0	0.0	0.0	0.0	0.0	0.0	0.0	0.0	0.0	0.0	0.0	0.0	0.0	0.0	0.0	0.0	0.0	0.0	0.0	0.0	0.0	0.0	0.0	0.0	0.0	0.0	0.0	0.0	0.0	0.0	0.0	0.0	0.0	0.0	0.0	0.0	0.0	0.0	0.0	0.0	0.0	0.0	0.0	0.0	0.0	0.0	0.0	0.0	0.0	0.0	0.0	0.0	0.0	0.0	0.0	0.0	0.0	0.0	0.0	0.0	0.0	0.0	0.0	0.0	0.0	30.004335609976703	-0.5956643900232984	0.12457570184054491	-0.4804813183275544	33.06542025760248	0.5605746236966658	0.04291025588195143	-0.6778335743546072	-0.01408707584734293
65.0	65.4909	2600.0	2581.0915719253394	0.6599797116732672	0.6230188042552814	28.56361861168558	-111.2171449128873	-106.75594583148265	270.93211305734263	311.72150259272365	-143.27378367697014	56.90964947909377	270.9321130573427	311.72150259272354	4.1649019322256684e-15	0.0	4.1649019322256684e-15	29.471548064012815	29.19980596061479	-0.026511790096150623	-7.866347120848204	3.0507042582353523	-0.04978183282271797	1.29177962519299	0.0	0.0	0.0	0.0	0.0	0.0	0.0	0.0	0.0	0.0	0.0	0.0	0.0	0.0	0.0	0.0	0.0	0.0	0.0	0.0	0.0	0.0	0.0	0.0	0.0	0.0	0.0	0.0	0.0	0.0	0.0	0.0	0.0	0.0	0.0	0.0	0.0	0.0	0.0	0.0	0.0	0.0	0.0	0.0	0.0	0.0	0.0	0.0	29885.64256098091	2772.6873367234366	-157.1890213661642	30014.398790220315	-28250.837067166834	-2272.88631435092	9881.856344607038	30015.44422474907	0.0	0.0	0.0	0.0	0.0	0.0	0.0	0.0	0.0	0.0	0.0	0.0	0.0	0.0	0.0	0.0	0.0	0.0	0.0	0.0	0.0	0.0	0.0	0.0	0.0	0.0	0.0	0.0	28398.348090557207	2097.204274119358	-9490.123917483019	30015.44422474907	0.0	0.0	0.0	0.0	0.0	0.0	0.0	0.0	0.0	0.0	0.0	0.0	0.0	0.0	0.0	0.0	0.0	0.0	0.0	0.0	0.0	0.0	0.0	0.0	0.0	0.0	0.0	0.0	0.0	0.0	0.0	0.0	0.0	0.0	0.0	0.0	0.0	0.0	0.0	0.0	0.0	0.0	0.0	0.0	0.0	0.0	0.0	0.0	0.0	0.0	0.0	0.0	0.0	0.0	0.0	0.0	0.0	0.0	0.0	0.0	0.0	0.0	0.0	0.0	0.0	0.0	0.0	0.0	0.0	0.0	0.0	0.0	0.0	0.0	0.0	0.0	0.0	0.0	0.0	0.0	0.0	0.0	0.0	0.0	0.0	0.0	0.0	0.0	0.0	0.0	0.0	0.0	0.0	0.0	0.0	0.0	0.0	0.0	0.0	0.0	30.051755261124605	-0.5482447388753969	0.12443089189110969	-0.4757705843907294	32.90150761717113	0.5606275513698727	0.04288120153137785	-0.6351425665841017	-0.014234803452253364
66.0	66.4908	2600.0	2580.944231631872	0.6384367907328126	0.6455319371892266	28.55778456954527	-111.94893250455424	-62.38982359334112	218.6414328003544	253.43466557262713	-101.86717569598477	77.76973764029754	218.6414328003544	253.43466557262687	6.2084518588587894e-15	0.0	6.2084518588587894e-15	29.19972751996298	28.93931691741533	-0.012673625818628596	-7.555842445963836	2.9962394509159576	-0.05032673239113645	1.2772728912016742	0.0	0.0	0.0	0.0	0.0	0.0	0.0	0.0	0.0	0.0	0.0	0.0	0.0	0.0	0.0	0.0	0.0	0.0	0.0	0.0	0.0	0.0	0.0	0.0	0.0	0.0	0.0	0.0	0.0	0.0	0.0	0.0	0.0	0.0	0.0	0.0	0.0	0.0	0.0	0.0	0.0	0.0	0.0	0.0	0.0	0.0	0.0	0.0	30773.00572052182	2845.461297811633	-162.8558312038064	30904.709238146366	-29065.947106710177	-2354.5558555980424	10236.870578756349	30905.77185144244	0.0	0.0	0.0	0.0	0.0	0.0	0.0	0.0	0.0	0.0	0.0	0.0	0.0	0.0	0.0	0.0	0.0	0.0	0.0	0.0	0.0	0.0	0.0	0.0	0.0	0.0	0.0	0.0	29216.5102713815	2157.6465918581366	-9844.12629339515	30905.77185144244	0.0	0.0	0.0	0.0	0.0	0.0	0.0	0.0	0.0	0.0	0.0	0.0	0.0	0.0	0.0	0.0	0.0	0.0	0.0	0.0	0.0	0.0	0.0	0.0	0.0	0.0	0.0	0.0	0.0	0.0	0.0	0.0	0.0	0.0	0.0	0.0	0.0	0.0	0.0	0.0	0.0	0.0	0.0	0.0	0.0	0.0	0.0	0.0	0.0	0.0	0.0	0.0	0.0	0.0	0.0	0.0	0.0	0.0	0.0	0.0	0.0	0.0	0.0	0.0	0.0	0.0	0.0	0.0	0.0	0.0	0.0	0.0	0.0	0.0	0.0	0.0	0.0	0.0	0.0	0.0	0.0	0.0	0.0	0.0	0.0	0.0	0.0	0.0	0.0	0.0	0.0	0.0	0.0	0.0	0.0	0.0	0.0	0.0	0.0	0.0	30.097749531535708	-0.5022504684642827	0.12442028038109229	-0.4712222679742281	32.73537635248816	0.5606804356739374	0.04289475824042913	-0.5937174770314625	-0.014273484702361611
67.0	67.4908	2600.0	2580.8502397822017	0.6168102367419537	0.66736846543168	28.55136379987273	-112.1380046358463	30.755820854155896	102.96970943045808	155.3177828206255	-14.517152022144728	115.3694279143674	102.96970943045811	155.317782820627	4.366808974002697e-14	0.0	4.366808974002697e-14	28.919026521148602	28.668586276326284	0.0014984659988489576	-7.2435805203778045	2.9417035645248553	-0.05162551525195499	1.2639507616876378	0.0	0.0	0.0	0.0	0.0	0.0	0.0	0.0	0.0	0.0	0.0	0.0	0.0	0.0	0.0	0.0	0.0	0.0	0.0	0.0	0.0	0.0	0.0	0.0	0.0	0.0	0.0	0.0	0.0	0.0	0.0	0.0	0.0	0.0	0.0	0.0	0.0	0.0	0.0	0.0	0.0	0.0	0.0	0.0	0.0	0.0	0.0	0.0	32245.744580262413	2974.391912149523	-168.02419641506845	32383.070930860828	-30435.690915652245	-2487.2128946225566	10780.180953984063	32384.09811770176	0.0	0.0	0.0	0.0	0.0	0.0	0.0	0.0	0.0	0.0	0.0	0.0	0.0	0.0	0.0	0.0	0.0	0.0	0.0	0.0	0.0	0.0	0.0	0.0	0.0	0.0	0.0	0.0	30592.325005743158	2261.35295408311	-10379.10133185797	32384.09811770176	0.0	0.0	0.0	0.0	0.0	0.0	0.0	0.0	0.0	0.0	0.0	0.0	0.0	0.0	0.0	0.0	0.0	0.0	0.0	0.0	0.0	0.0	0.0	0.0	0.0	0.0	0.0	0.0	0.0	0.0	0.0	0.0	0.0	0.0	0.0	0.0	0.0	0.0	0.0	0.0	0.0	0.0	0.0	0.0	0.0	0.0	0.0	0.0	0.0	0.0	0.0	0.0	0.0	0.0	0.0	0.0	0.0	0.0	0.0	0.0	0.0	0.0	0.0	0.0	0.0	0.0	0.0	0.0	0.0	0.0	0.0	0.0	0.0	0.0	0.0	0.0	0.0	0.0	0.0	0.0	0.0	0.0	0.0	0.0	0.0	0.0	0.0	0.0	0.0	0.0	0.0	0.0	0.0	0.0	0.0	0.0	0.0	0.0	0.0	0.0	30.142351324486995	-0.4576486755130063	0.12490081075625181	-0.46692428196310104	32.567446654166524	0.560733319816968	0.04290659513188074	-0.5534418700084771	-0.014412478474666089
68.0	68.4909	2600.0	2580.4481995352708	0.5948795738526985	0.6884808507918939	28.54429053826673	-114.94052045009815	56.77020334341432	85.27200715192666	153.96588723710934	10.673795951523063	127.75073114850963	85.27200715192669	153.96588723711426	0.0	0.0	0.0	28.62902791513619	28.387813212476672	0.015379661417727423	-6.929514269252555	2.8862985937857464	-0.053287197676452146	1.2510582625564775	0.0	0.0	0.0	0.0	0.0	0.0	0.0	0.0	0.0	0.0	0.0	0.0	0.0	0.0	0.0	0.0	0.0	0.0	0.0	0.0	0.0	0.0	0.0	0.0	0.0	0.0	0.0	0.0	0.0	0.0	0.0	0.0	0.0	0.0	0.0	0.0	0.0	0.0	0.0	0.0	0.0	0.0	0.0	0.0	0.0	0.0	0.0	0.0	32784.04741497133	3015.441645271562	-168.9101113948662	32922.867187546995	-30922.550568973216	-2548.1488701756834	11012.603331494878	32923.769961718164	0.0	0.0	0.0	0.0	0.0	0.0	0.0	0.0	0.0	0.0	0.0	0.0	0.0	0.0	0.0	0.0	0.0	0.0	0.0	0.0	0.0	0.0	0.0	0.0	0.0	0.0	0.0	0.0	31080.514582940992	2297.852536851055	-10615.842664179587	32923.769961718164	0.0	0.0	0.0	0.0	0.0	0.0	0.0	0.0	0.0	0.0	0.0	0.0	0.0	0.0	0.0	0.0	0.0	0.0	0.0	0.0	0.0	0.0	0.0	0.0	0.0	0.0	0.0	0.0	0.0	0.0	0.0	0.0	0.0	0.0	0.0	0.0	0.0	0.0	0.0	0.0	0.0	0.0	0.0	0.0	0.0	0.0	0.0	0.0	0.0	0.0	0.0	0.0	0.0	0.0	0.0	0.0	0.0	0.0	0.0	0.0	0.0	0.0	0.0	0.0	0.0	0.0	0.0	0.0	0.0	0.0	0.0	0.0	0.0	0.0	0.0	0.0	0.0	0.0	0.0	0.0	0.0	0.0	0.0	0.0	0.0	0.0	0.0	0.0	0.0	0.0	0.0	0.0	0.0	0.0	0.0	0.0	0.0	0.0	0.0	0.0	30.185485077826957	-0.41451492217304076	0.12568124656304142	-0.4626663218050135	32.39757030065331	0.5607862368648019	0.0429588455543613	-0.5145990859078567	-0.01451471291545347
69.0	69.4909	2600.0	2580.2961731719365	0.5719730279822185	0.7087543087290327	28.536335663399292	-115.22556569666993	48.85416610164609	104.4694235685808	163.02613593027465	5.387645599508687	125.03852930396533	104.46942356858082	163.02613593027365	1.1226946990589383e-15	0.0	1.1226946990589383e-15	28.329023986502325	28.096630479934557	0.028621999172509148	-6.613600706463222	2.8292127797385174	-0.05492099005088374	1.2378888398416663	0.0	0.0	0.0	0.0	0.0	0.0	0.0	0.0	0.0	0.0	0.0	0.0	0.0	0.0	0.0	0.0	0.0	0.0	0.0	0.0	0.0	0.0	0.0	0.0	0.0	0.0	0.0	0.0	0.0	0.0	0.0	0.0	0.0	0.0	0.0	0.0	0.0	0.0	0.0	0.0	0.0	0.0	0.0	0.0	0.0	0.0	0.0	0.0	32776.71763779611	2995.832501849112	-166.6725919450184	32913.766287677485	-30896.089463216445	-2557.621809272184	11057.427801511823	32914.68491454819	0.0	0.0	0.0	0.0	0.0	0.0	0.0	0.0	0.0	0.0	0.0	0.0	0.0	0.0	0.0	0.0	0.0	0.0	0.0	0.0	0.0	0.0	0.0	0.0	0.0	0.0	0.0	0.0	31052.072583138728	2285.9796879374067	-10673.311022443164	32914.68491454819	0.0	0.0	0.0	0.0	0.0	0.0	0.0	0.0	0.0	0.0	0.0	0.0	0.0	0.0	0.0	0.0	0.0	0.0	0.0	0.0	0.0	0.0	0.0	0.0	0.0	0.0	0.0	0.0	0.0	0.0	0.0	0.0	0.0	0.0	0.0	0.0	0.0	0.0	0.0	0.0	0.0	0.0	0.0	0.0	0.0	0.0	0.0	0.0	0.0	0.0	0.0	0.0	0.0	0.0	0.0	0.0	0.0	0.0	0.0	0.0	0.0	0.0	0.0	0.0	0.0	0.0	0.0	0.0	0.0	0.0	0.0	0.0	0.0	0.0	0.0	0.0	0.0	0.0	0.0	0.0	0.0	0.0	0.0	0.0	0.0	0.0	0.0	0.0	0.0	0.0	0.0	0.0	0.0	0.0	0.0	0.0	0.0	0.0	0.0	0.0	30.227009032462867	-0.37299096753713107	0.12625052497754194	-0.4583616997088573	32.22548849086547	0.5608388106824544	0.04304477001516887	-0.47741126632569786	-0.014506539251409413
70.0	70.4909	2600.0	2580.57575650151	0.5481405181066411	0.728153107603195	28.527525894937504	-114.2147956759618	25.155898381159204	131.06821999030498	175.66080116546172	-14.431073902109345	116.05853213226507	131.068219990305	175.6608011654596	0.0	0.0	0.0	28.020047228703923	27.794187340776983	0.04310377661246611	-6.295616459775968	2.7701633320099877	-0.056123313267318065	1.2242313808850107	0.0	0.0	0.0	0.0	0.0	0.0	0.0	0.0	0.0	0.0	0.0	0.0	0.0	0.0	0.0	0.0	0.0	0.0	0.0	0.0	0.0	0.0	0.0	0.0	0.0	0.0	0.0	0.0	0.0	0.0	0.0	0.0	0.0	0.0	0.0	0.0	0.0	0.0	0.0	0.0	0.0	0.0	0.0	0.0	0.0	0.0	0.0	0.0	32764.273997354176	3003.1498781059604	-149.27372965249333	32901.9580330781	-30876.118091050845	-2598.545996432746	11068.59441516742	32902.90096626086	0.0	0.0	0.0	0.0	0.0	0.0	0.0	0.0	0.0	0.0	0.0	0.0	0.0	0.0	0.0	0.0	0.0	0.0	0.0	0.0	0.0	0.0	0.0	0.0	0.0	0.0	0.0	0.0	31031.60838210648	2301.3513614152794	-10693.17329544699	32902.90096626086	0.0	0.0	0.0	0.0	0.0	0.0	0.0	0.0	0.0	0.0	0.0	0.0	0.0	0.0	0.0	0.0	0.0	0.0	0.0	0.0	0.0	0.0	0.0	0.0	0.0	0.0	0.0	0.0	0.0	0.0	0.0	0.0	0.0	0.0	0.0	0.0	0.0	0.0	0.0	0.0	0.0	0.0	0.0	0.0	0.0	0.0	0.0	0.0	0.0	0.0	0.0	0.0	0.0	0.0	0.0	0.0	0.0	0.0	0.0	0.0	0.0	0.0	0.0	0.0	0.0	0.0	0.0	0.0	0.0	0.0	0.0	0.0	0.0	0.0	0.0	0.0	0.0	0.0	0.0	0.0	0.0	0.0	0.0	0.0	0.0	0.0	0.0	0.0	0.0	0.0	0.0	0.0	0.0	0.0	0.0	0.0	0.0	0.0	0.0	0.0	30.266861056230507	-0.3331389437695017	0.12662091553506538	-0.4539585135087242	32.051652422086434	0.5608913192714159	0.04303215275362209	-0.4419921501858551	-0.014788650597498058
71.0	71.4909	2600.0	2580.1395639529037	0.5234847912062044	0.7466155143432928	28.517905511270033	-117.28486770043672	28.13894169849664	136.80661142850838	182.38308354113116	-10.54924498017499	120.15096196771991	136.8066114285084	182.38308354113084	0.0	0.0	0.0	27.701274144864144	27.482065496829954	0.05639827410573771	-5.975438933005563	2.7091655269562493	-0.05668543043331234	1.2101210745681128	0.0	0.0	0.0	0.0	0.0	0.0	0.0	0.0	0.0	0.0	0.0	0.0	0.0	0.0	0.0	0.0	0.0	0.0	0.0	0.0	0.0	0.0	0.0	0.0	0.0	0.0	0.0	0.0	0.0	0.0	0.0	0.0	0.0	0.0	0.0	0.0	0.0	0.0	0.0	0.0	0.0	0.0	0.0	0.0	0.0	0.0	0.0	0.0	32764.390893837965	2990.9060639688782	-162.4041524958141	32901.02133424502	-30847.54375751592	-2612.3200345303067	11142.964083142337	32902.292023396614	0.0	0.0	0.0	0.0	0.0	0.0	0.0	0.0	0.0	0.0	0.0	0.0	0.0	0.0	0.0	0.0	0.0	0.0	0.0	0.0	0.0	0.0	0.0	0.0	0.0	0.0	0.0	0.0	31001.338582148845	2297.1494571706157	-10779.653560261493	32902.292023396614	0.0	0.0	0.0	0.0	0.0	0.0	0.0	0.0	0.0	0.0	0.0	0.0	0.0	0.0	0.0	0.0	0.0	0.0	0.0	0.0	0.0	0.0	0.0	0.0	0.0	0.0	0.0	0.0	0.0	0.0	0.0	0.0	0.0	0.0	0.0	0.0	0.0	0.0	0.0	0.0	0.0	0.0	0.0	0.0	0.0	0.0	0.0	0.0	0.0	0.0	0.0	0.0	0.0	0.0	0.0	0.0	0.0	0.0	0.0	0.0	0.0	0.0	0.0	0.0	0.0	0.0	0.0	0.0	0.0	0.0	0.0	0.0	0.0	0.0	0.0	0.0	0.0	0.0	0.0	0.0	0.0	0.0	0.0	0.0	0.0	0.0	0.0	0.0	0.0	0.0	0.0	0.0	0.0	0.0	0.0	0.0	0.0	0.0	0.0	0.0	30.304954154544532	-0.2950458454554763	0.12684675826651223	-0.44944446998831644	31.875723803180648	0.5609442590757276	0.04310693423612753	-0.40844235808487045	-0.01482323405401887
72.0	72.4909	2600.0	2580.2738364599722	0.4980790746214323	0.7641482347547682	28.5075193533119	-116.2634593922776	30.915018031952055	137.8837005125464	182.98864772659883	-5.495981786858465	120.17788695918715	137.8837005125464	182.98864772660144	5.8354156770201336e-15	0.0	5.8354156770201336e-15	27.373684382375853	27.15931808211924	0.07038700603197427	-5.65356340450167	2.6473434441567165	-0.057341664910150233	1.196425845423559	0.0	0.0	0.0	0.0	0.0	0.0	0.0	0.0	0.0	0.0	0.0	0.0	0.0	0.0	0.0	0.0	0.0	0.0	0.0	0.0	0.0	0.0	0.0	0.0	0.0	0.0	0.0	0.0	0.0	0.0	0.0	0.0	0.0	0.0	0.0	0.0	0.0	0.0	0.0	0.0	0.0	0.0	0.0	0.0	0.0	0.0	0.0	0.0	32765.14674434523	2987.26178824446	-160.3920907606937	32901.43309633733	-30831.170913920298	-2639.384328119644	11182.824178191066	32902.62916782218	0.0	0.0	0.0	0.0	0.0	0.0	0.0	0.0	0.0	0.0	0.0	0.0	0.0	0.0	0.0	0.0	0.0	0.0	0.0	0.0	0.0	0.0	0.0	0.0	0.0	0.0	0.0	0.0	30983.796104156518	2301.3282834069955	-10830.10956838712	32902.62916782218	0.0	0.0	0.0	0.0	0.0	0.0	0.0	0.0	0.0	0.0	0.0	0.0	0.0	0.0	0.0	0.0	0.0	0.0	0.0	0.0	0.0	0.0	0.0	0.0	0.0	0.0	0.0	0.0	0.0	0.0	0.0	0.0	0.0	0.0	0.0	0.0	0.0	0.0	0.0	0.0	0.0	0.0	0.0	0.0	0.0	0.0	0.0	0.0	0.0	0.0	0.0	0.0	0.0	0.0	0.0	0.0	0.0	0.0	0.0	0.0	0.0	0.0	0.0	0.0	0.0	0.0	0.0	0.0	0.0	0.0	0.0	0.0	0.0	0.0	0.0	0.0	0.0	0.0	0.0	0.0	0.0	0.0	0.0	0.0	0.0	0.0	0.0	0.0	0.0	0.0	0.0	0.0	0.0	0.0	0.0	0.0	0.0	0.0	0.0	0.0	30.34127033354597	-0.25872966645402684	0.1269850719789246	-0.44509581311968704	31.69811158446587	0.5609972520325149	0.04311193719680535	-0.37650421520718236	-0.015035627640059059
73.0	73.4909	2600.0	2580.17318561172	0.4719884998385072	0.7807160627000171	28.496406388241116	-116.65879949319421	17.538027256639904	139.5462381264266	182.7293366552982	-16.33567465334636	116.83323000271776	139.54623812642663	182.7293366552982	3.052936238843599e-14	0.0	3.052936238843599e-14	27.03647887266365	26.827106016767306	0.08309337176023572	-5.330075297306474	2.5850733764061413	-0.05820027651413247	1.1834522139666146	0.0	0.0	0.0	0.0	0.0	0.0	0.0	0.0	0.0	0.0	0.0	0.0	0.0	0.0	0.0	0.0	0.0	0.0	0.0	0.0	0.0	0.0	0.0	0.0	0.0	0.0	0.0	0.0	0.0	0.0	0.0	0.0	0.0	0.0	0.0	0.0	0.0	0.0	0.0	0.0	0.0	0.0	0.0	0.0	0.0	0.0	0.0	0.0	32756.600422264186	2976.775456920347	-151.58892162320913	32891.92974797861	-30809.184287365675	-2661.2642322117667	11210.081667057895	32893.07061903187	0.0	0.0	0.0	0.0	0.0	0.0	0.0	0.0	0.0	0.0	0.0	0.0	0.0	0.0	0.0	0.0	0.0	0.0	0.0	0.0	0.0	0.0	0.0	0.0	0.0	0.0	0.0	0.0	30960.10001433584	2298.799464418956	-10869.306457788658	32893.07061903187	0.0	0.0	0.0	0.0	0.0	0.0	0.0	0.0	0.0	0.0	0.0	0.0	0.0	0.0	0.0	0.0	0.0	0.0	0.0	0.0	0.0	0.0	0.0	0.0	0.0	0.0	0.0	0.0	0.0	0.0	0.0	0.0	0.0	0.0	0.0	0.0	0.0	0.0	0.0	0.0	0.0	0.0	0.0	0.0	0.0	0.0	0.0	0.0	0.0	0.0	0.0	0.0	0.0	0.0	0.0	0.0	0.0	0.0	0.0	0.0	0.0	0.0	0.0	0.0	0.0	0.0	0.0	0.0	0.0	0.0	0.0	0.0	0.0	0.0	0.0	0.0	0.0	0.0	0.0	0.0	0.0	0.0	0.0	0.0	0.0	0.0	0.0	0.0	0.0	0.0	0.0	0.0	0.0	0.0	0.0	0.0	0.0	0.0	0.0	0.0	30.375750912514917	-0.22424908748508446	0.12705865647265388	-0.44101330629979896	31.518488775729033	0.5610501606557756	0.043193391283244245	-0.3461366050695839	-0.01501036223636517
74.0	74.4908	2600.0	2579.8191293227605	0.44527383897327244	0.7962728378971691	28.484605133414142	-119.24828424798397	37.691991000247064	122.42691354970022	175.0119671421256	4.433429465876544	124.9847358072984	122.42691354970025	175.01196714212105	-4.5994566023124757e-14	0.0	-4.5994566023124757e-14	26.69097214283316	26.484894698319344	0.09635954053641874	-5.005014867238357	2.5220082987459613	-0.05908781956700915	1.1708340663725842	0.0	0.0	0.0	0.0	0.0	0.0	0.0	0.0	0.0	0.0	0.0	0.0	0.0	0.0	0.0	0.0	0.0	0.0	0.0	0.0	0.0	0.0	0.0	0.0	0.0	0.0	0.0	0.0	0.0	0.0	0.0	0.0	0.0	0.0	0.0	0.0	0.0	0.0	0.0	0.0	0.0	0.0	0.0	0.0	0.0	0.0	0.0	0.0	32766.31057084983	2968.4683896548813	-163.5631084323294	32900.90676404232	-30791.475331403173	-2680.91309285569	11280.426486241207	32902.13169093071	0.0	0.0	0.0	0.0	0.0	0.0	0.0	0.0	0.0	0.0	0.0	0.0	0.0	0.0	0.0	0.0	0.0	0.0	0.0	0.0	0.0	0.0	0.0	0.0	0.0	0.0	0.0	0.0	30940.92419265578	2297.3002945994326	-10951.341984803013	32902.13169093071	0.0	0.0	0.0	0.0	0.0	0.0	0.0	0.0	0.0	0.0	0.0	0.0	0.0	0.0	0.0	0.0	0.0	0.0	0.0	0.0	0.0	0.0	0.0	0.0	0.0	0.0	0.0	0.0	0.0	0.0	0.0	0.0	0.0	0.0	0.0	0.0	0.0	0.0	0.0	0.0	0.0	0.0	0.0	0.0	0.0	0.0	0.0	0.0	0.0	0.0	0.0	0.0	0.0	0.0	0.0	0.0	0.0	0.0	0.0	0.0	0.0	0.0	0.0	0.0	0.0	0.0	0.0	0.0	0.0	0.0	0.0	0.0	0.0	0.0	0.0	0.0	0.0	0.0	0.0	0.0	0.0	0.0	0.0	0.0	0.0	0.0	0.0	0.0	0.0	0.0	0.0	0.0	0.0	0.0	0.0	0.0	0.0	0.0	0.0	0.0	30.40832737410113	-0.19167262589886033	0.12708863455106292	-0.4370656261844517	31.337423939249813	0.5611030670371522	0.043220348089765936	-0.3175384902612573	-0.015116826267528988
75.0	75.4908	2600.0	2580.2806690035177	0.41799182120414174	0.8108176425098873	28.472159231236727	-116.0788352279087	3.3832804985177063	131.96678886039356	175.78673424614072	-25.80658362890972	113.22439143666269	131.96678886039356	175.7867342461376	1.1533489892582296e-15	0.0	1.1533489892582296e-15	26.336457120410095	26.133112683281787	0.10904240063430928	-4.678500564012111	2.4585033258797684	-0.060131777485897514	1.1588428734571632	0.0	0.0	0.0	0.0	0.0	0.0	0.0	0.0	0.0	0.0	0.0	0.0	0.0	0.0	0.0	0.0	0.0	0.0	0.0	0.0	0.0	0.0	0.0	0.0	0.0	0.0	0.0	0.0	0.0	0.0	0.0	0.0	0.0	0.0	0.0	0.0	0.0	0.0	0.0	0.0	0.0	0.0	0.0	0.0	0.0	0.0	0.0	0.0	32744.427540838427	2959.0964670918215	-151.0101115851984	32878.20845077442	-30775.153764629442	-2708.76970197213	11251.770353001857	32879.32266047462	0.0	0.0	0.0	0.0	0.0	0.0	0.0	0.0	0.0	0.0	0.0	0.0	0.0	0.0	0.0	0.0	0.0	0.0	0.0	0.0	0.0	0.0	0.0	0.0	0.0	0.0	0.0	0.0	30922.852488177577	2294.862768765669	-10934.379611049822	32879.32266047462	0.0	0.0	0.0	0.0	0.0	0.0	0.0	0.0	0.0	0.0	0.0	0.0	0.0	0.0	0.0	0.0	0.0	0.0	0.0	0.0	0.0	0.0	0.0	0.0	0.0	0.0	0.0	0.0	0.0	0.0	0.0	0.0	0.0	0.0	0.0	0.0	0.0	0.0	0.0	0.0	0.0	0.0	0.0	0.0	0.0	0.0	0.0	0.0	0.0	0.0	0.0	0.0	0.0	0.0	0.0	0.0	0.0	0.0	0.0	0.0	0.0	0.0	0.0	0.0	0.0	0.0	0.0	0.0	0.0	0.0	0.0	0.0	0.0	0.0	0.0	0.0	0.0	0.0	0.0	0.0	0.0	0.0	0.0	0.0	0.0	0.0	0.0	0.0	0.0	0.0	0.0	0.0	0.0	0.0	0.0	0.0	0.0	0.0	0.0	0.0	30.438977236730228	-0.16102276326976647	0.12708794250730562	-0.4333409042832328	31.15462975634992	0.5611559431384141	0.04327750157085034	-0.2906452269469467	-0.01513292948644068
76.0	76.4906	2600.0	2580.0093342651417	0.39018526408666304	0.8243161442827435	28.459105643700788	-117.94611115736552	2.1980982384629897	130.55762477783674	175.95854671098525	-25.41544197062102	115.19623293514815	130.55762477783674	175.95854671098346	2.319315150387551e-15	0.0	2.319315150387551e-15	25.973864366458294	25.771827370721407	0.12200271759982786	-4.3505878530981	2.3944800603121803	-0.061259125469981725	1.147364832808869	0.0	0.0	0.0	0.0	0.0	0.0	0.0	0.0	0.0	0.0	0.0	0.0	0.0	0.0	0.0	0.0	0.0	0.0	0.0	0.0	0.0	0.0	0.0	0.0	0.0	0.0	0.0	0.0	0.0	0.0	0.0	0.0	0.0	0.0	0.0	0.0	0.0	0.0	0.0	0.0	0.0	0.0	0.0	0.0	0.0	0.0	0.0	0.0	32741.91418098035	2952.617826674236	-152.2339698036141	32875.128462815745	-30753.745891328883	-2733.406748008807	11295.071179641045	32876.17726791918	0.0	0.0	0.0	0.0	0.0	0.0	0.0	0.0	0.0	0.0	0.0	0.0	0.0	0.0	0.0	0.0	0.0	0.0	0.0	0.0	0.0	0.0	0.0	0.0	0.0	0.0	0.0	0.0	30900.015796139112	2295.098400354804	-10989.293830027827	32876.17726791918	0.0	0.0	0.0	0.0	0.0	0.0	0.0	0.0	0.0	0.0	0.0	0.0	0.0	0.0	0.0	0.0	0.0	0.0	0.0	0.0	0.0	0.0	0.0	0.0	0.0	0.0	0.0	0.0	0.0	0.0	0.0	0.0	0.0	0.0	0.0	0.0	0.0	0.0	0.0	0.0	0.0	0.0	0.0	0.0	0.0	0.0	0.0	0.0	0.0	0.0	0.0	0.0	0.0	0.0	0.0	0.0	0.0	0.0	0.0	0.0	0.0	0.0	0.0	0.0	0.0	0.0	0.0	0.0	0.0	0.0	0.0	0.0	0.0	0.0	0.0	0.0	0.0	0.0	0.0	0.0	0.0	0.0	0.0	0.0	0.0	0.0	0.0	0.0	0.0	0.0	0.0	0.0	0.0	0.0	0.0	0.0	0.0	0.0	0.0	0.0	30.467645897548685	-0.13235410245131266	0.12706072347005365	-0.4297969198093032	30.970512223493024	0.5612088330557772	0.043297156426522064	-0.26555318092628377	-0.015242752850971751
77.0	77.4905	2600.0	2580.5009113713445	0.3618930811185954	0.8367482132152372	28.445482786249514	-115.44696341309829	-0.25214466086617904	128.88715420701664	173.0316833930091	-25.252159769250287	112.65164608306077	128.8871542070167	173.03168339300817	5.053079161406862e-15	0.0	5.053079161406862e-15	25.602768269573453	25.40128519136294	0.13456884654186732	-4.021418204248696	2.330150185322553	-0.06257273402100513	1.1365072982871738	0.0	0.0	0.0	0.0	0.0	0.0	0.0	0.0	0.0	0.0	0.0	0.0	0.0	0.0	0.0	0.0	0.0	0.0	0.0	0.0	0.0	0.0	0.0	0.0	0.0	0.0	0.0	0.0	0.0	0.0	0.0	0.0	0.0	0.0	0.0	0.0	0.0	0.0	0.0	0.0	0.0	0.0	0.0	0.0	0.0	0.0	0.0	0.0	32739.396692638464	2946.366131889264	-138.54376642429864	32871.99968904091	-30747.822045547808	-2762.128023814407	11295.124352618102	32873.05501327376	0.0	0.0	0.0	0.0	0.0	0.0	0.0	0.0	0.0	0.0	0.0	0.0	0.0	0.0	0.0	0.0	0.0	0.0	0.0	0.0	0.0	0.0	0.0	0.0	0.0	0.0	0.0	0.0	30892.534729672512	2295.0257615007404	-11000.995438402322	32873.05501327376	0.0	0.0	0.0	0.0	0.0	0.0	0.0	0.0	0.0	0.0	0.0	0.0	0.0	0.0	0.0	0.0	0.0	0.0	0.0	0.0	0.0	0.0	0.0	0.0	0.0	0.0	0.0	0.0	0.0	0.0	0.0	0.0	0.0	0.0	0.0	0.0	0.0	0.0	0.0	0.0	0.0	0.0	0.0	0.0	0.0	0.0	0.0	0.0	0.0	0.0	0.0	0.0	0.0	0.0	0.0	0.0	0.0	0.0	0.0	0.0	0.0	0.0	0.0	0.0	0.0	0.0	0.0	0.0	0.0	0.0	0.0	0.0	0.0	0.0	0.0	0.0	0.0	0.0	0.0	0.0	0.0	0.0	0.0	0.0	0.0	0.0	0.0	0.0	0.0	0.0	0.0	0.0	0.0	0.0	0.0	0.0	0.0	0.0	0.0	0.0	30.49429406824759	-0.10570593175241073	0.12701324331444333	-0.4264669675113551	30.784905419759227	0.5612616317362562	0.04333783406724095	-0.24226881181246565	-0.015293158539735688
78.0	78.4904	2600.0	2579.8258964532693	0.33313643872438514	0.848116536874442	28.431325641056443	-118.62115209292094	16.011534820176166	108.04884680662968	161.25104733734958	-7.979230188124349	119.43064454634079	108.04884680662973	161.25104733734918	-1.403618049569218e-13	0.0	-1.403618049569218e-13	25.223962369801278	25.021826685018322	0.14720230330101444	-3.6909364085776013	2.26539496422354	-0.063875746788629	1.1261015002625465	0.0	0.0	0.0	0.0	0.0	0.0	0.0	0.0	0.0	0.0	0.0	0.0	0.0	0.0	0.0	0.0	0.0	0.0	0.0	0.0	0.0	0.0	0.0	0.0	0.0	0.0	0.0	0.0	0.0	0.0	0.0	0.0	0.0	0.0	0.0	0.0	0.0	0.0	0.0	0.0	0.0	0.0	0.0	0.0	0.0	0.0	0.0	0.0	32746.23438068759	2940.9484757973687	-158.0772031101786	32878.41286398059	-30722.45973864219	-2785.731121761935	11377.231676115425	32879.64766975533	0.0	0.0	0.0	0.0	0.0	0.0	0.0	0.0	0.0	0.0	0.0	0.0	0.0	0.0	0.0	0.0	0.0	0.0	0.0	0.0	0.0	0.0	0.0	0.0	0.0	0.0	0.0	0.0	30865.877603442925	2295.7676841072407	-11094.96648923	32879.64766975533	0.0	0.0	0.0	0.0	0.0	0.0	0.0	0.0	0.0	0.0	0.0	0.0	0.0	0.0	0.0	0.0	0.0	0.0	0.0	0.0	0.0	0.0	0.0	0.0	0.0	0.0	0.0	0.0	0.0	0.0	0.0	0.0	0.0	0.0	0.0	0.0	0.0	0.0	0.0	0.0	0.0	0.0	0.0	0.0	0.0	0.0	0.0	0.0	0.0	0.0	0.0	0.0	0.0	0.0	0.0	0.0	0.0	0.0	0.0	0.0	0.0	0.0	0.0	0.0	0.0	0.0	0.0	0.0	0.0	0.0	0.0	0.0	0.0	0.0	0.0	0.0	0.0	0.0	0.0	0.0	0.0	0.0	0.0	0.0	0.0	0.0	0.0	0.0	0.0	0.0	0.0	0.0	0.0	0.0	0.0	0.0	0.0	0.0	0.0	0.0	30.51890636066363	-0.08109363933636617	0.12694862293858017	-0.42329290569098615	30.598159640693183	0.5613145248756344	0.043367043242036	-0.22086539415444675	-0.015387950623864671
79.0	79.4903	2600.0	2578.8271772820576	0.3039332857013739	0.8583689210084682	28.416665035413967	-116.45886864501882	14.968420555011107	96.63377707553899	152.06843384435314	-6.525041497301572	117.2354278085222	96.63377707553902	152.06843384435084	2.4144129965544755e-14	0.0	2.4144129965544755e-14	24.836337640979156	24.634067209012308	0.15815845594885714	-3.3596735387893726	2.196147282291807	-0.06419152451499563	1.1120873269337728	0.0	0.0	0.0	0.0	0.0	0.0	0.0	0.0	0.0	0.0	0.0	0.0	0.0	0.0	0.0	0.0	0.0	0.0	0.0	0.0	0.0	0.0	0.0	0.0	0.0	0.0	0.0	0.0	0.0	0.0	0.0	0.0	0.0	0.0	0.0	0.0	0.0	0.0	0.0	0.0	0.0	0.0	0.0	0.0	0.0	0.0	0.0	0.0	32630.10315740568	3148.5898047608453	-164.42626570199144	32782.0726284723	-30593.42157333212	-3034.5790203585325	11384.488838245868	32783.72613817058	0.0	0.0	0.0	0.0	0.0	0.0	0.0	0.0	0.0	0.0	0.0	0.0	0.0	0.0	0.0	0.0	0.0	0.0	0.0	0.0	0.0	0.0	0.0	0.0	0.0	0.0	0.0	0.0	30743.355387020354	2521.945991611876	-11102.188408837608	32783.72613817058	0.0	0.0	0.0	0.0	0.0	0.0	0.0	0.0	0.0	0.0	0.0	0.0	0.0	0.0	0.0	0.0	0.0	0.0	0.0	0.0	0.0	0.0	0.0	0.0	0.0	0.0	0.0	0.0	0.0	0.0	0.0	0.0	0.0	0.0	0.0	0.0	0.0	0.0	0.0	0.0	0.0	0.0	0.0	0.0	0.0	0.0	0.0	0.0	0.0	0.0	0.0	0.0	0.0	0.0	0.0	0.0	0.0	0.0	0.0	0.0	0.0	0.0	0.0	0.0	0.0	0.0	0.0	0.0	0.0	0.0	0.0	0.0	0.0	0.0	0.0	0.0	0.0	0.0	0.0	0.0	0.0	0.0	0.0	0.0	0.0	0.0	0.0	0.0	0.0	0.0	0.0	0.0	0.0	0.0	0.0	0.0	0.0	0.0	0.0	0.0	30.54141380212636	-0.05858619787363395	0.12682469367652588	-0.41895792714750985	30.409820983860037	0.5619036858252132	0.043506775753892925	-0.2032593816151579	-0.015137681785615219
80.0	80.4904	2600.0	2579.407311031123	0.274147735568261	0.8671768777781556	28.40146062078378	-120.08216558450295	-11.957003076448022	134.96161542450292	181.04511606786195	-31.631804074124375	116.45653861011668	134.96161542450292	181.0451160678598	0.0	0.0	0.0	24.44096496394933	24.23570390751151	0.17043853778951476	-3.036164029208725	2.087783163238429	-0.059724779085188716	1.058825050064458	0.0	0.0	0.0	0.0	0.0	0.0	0.0	0.0	0.0	0.0	0.0	0.0	0.0	0.0	0.0	0.0	0.0	0.0	0.0	0.0	0.0	0.0	0.0	0.0	0.0	0.0	0.0	0.0	0.0	0.0	0.0	0.0	0.0	0.0	0.0	0.0	0.0	0.0	0.0	0.0	0.0	0.0	0.0	0.0	0.0	0.0	0.0	0.0	32535.4066609735	3112.069929554415	-121.89797313038112	32684.132617482886	-30523.959433814838	-3029.506766221865	11287.923963189927	32684.969606265742	0.0	0.0	0.0	0.0	0.0	0.0	0.0	0.0	0.0	0.0	0.0	0.0	0.0	0.0	0.0	0.0	0.0	0.0	0.0	0.0	0.0	0.0	0.0	0.0	0.0	0.0	0.0	0.0	30668.59782128511	2509.1125494747635	-11020.376583985228	32684.969606265742	0.0	0.0	0.0	0.0	0.0	0.0	0.0	0.0	0.0	0.0	0.0	0.0	0.0	0.0	0.0	0.0	0.0	0.0	0.0	0.0	0.0	0.0	0.0	0.0	0.0	0.0	0.0	0.0	0.0	0.0	0.0	0.0	0.0	0.0	0.0	0.0	0.0	0.0	0.0	0.0	0.0	0.0	0.0	0.0	0.0	0.0	0.0	0.0	0.0	0.0	0.0	0.0	0.0	0.0	0.0	0.0	0.0	0.0	0.0	0.0	0.0	0.0	0.0	0.0	0.0	0.0	0.0	0.0	0.0	0.0	0.0	0.0	0.0	0.0	0.0	0.0	0.0	0.0	0.0	0.0	0.0	0.0	0.0	0.0	0.0	0.0	0.0	0.0	0.0	0.0	0.0	0.0	0.0	0.0	0.0	0.0	0.0	0.0	0.0	0.0	30.561473378756304	-0.03852662124369744	0.1262257118713506	-0.402125255700665	30.22037866892985	0.5639794332231219	0.0434268467074386	-0.20202685425431852	-0.01516151217638659
81.0	81.4909	2600.0	2580.4557712174505	0.24366396383234232	0.8745756896030582	28.385707335982747	-114.70349762389743	-21.818983484714412	155.0564564342942	194.1016874976152	-38.550994215544044	110.21243692277129	155.05645643429423	194.10168749761792	-5.373606499029237e-15	0.0	-5.373606499029237e-15	24.038001889486125	23.82849242599192	0.1827162812143362	-2.720052576911678	1.9852949092425796	-0.06524640165645147	1.0084785651344546	0.0	0.0	0.0	0.0	0.0	0.0	0.0	0.0	0.0	0.0	0.0	0.0	0.0	0.0	0.0	0.0	0.0	0.0	0.0	0.0	0.0	0.0	0.0	0.0	0.0	0.0	0.0	0.0	0.0	0.0	0.0	0.0	0.0	0.0	0.0	0.0	0.0	0.0	0.0	0.0	0.0	0.0	0.0	0.0	0.0	0.0	0.0	0.0	32345.263691376178	2246.682171918151	-89.71285874073885	32423.320503046823	-30369.837204724998	-2203.8919962033765	11142.544606030115	32424.380519445527	0.0	0.0	0.0	0.0	0.0	0.0	0.0	0.0	0.0	0.0	0.0	0.0	0.0	0.0	0.0	0.0	0.0	0.0	0.0	0.0	0.0	0.0	0.0	0.0	0.0	0.0	0.0	0.0	30481.186921948316	1676.7633684207335	-10928.227692785707	32424.380519445527	0.0	0.0	0.0	0.0	0.0	0.0	0.0	0.0	0.0	0.0	0.0	0.0	0.0	0.0	0.0	0.0	0.0	0.0	0.0	0.0	0.0	0.0	0.0	0.0	0.0	0.0	0.0	0.0	0.0	0.0	0.0	0.0	0.0	0.0	0.0	0.0	0.0	0.0	0.0	0.0	0.0	0.0	0.0	0.0	0.0	0.0	0.0	0.0	0.0	0.0	0.0	0.0	0.0	0.0	0.0	0.0	0.0	0.0	0.0	0.0	0.0	0.0	0.0	0.0	0.0	0.0	0.0	0.0	0.0	0.0	0.0	0.0	0.0	0.0	0.0	0.0	0.0	0.0	0.0	0.0	0.0	0.0	0.0	0.0	0.0	0.0	0.0	0.0	0.0	0.0	0.0	0.0	0.0	0.0	0.0	0.0	0.0	0.0	0.0	0.0	30.579105125831855	-0.020894874168149613	0.12559920789722848	-0.38680528073882187	30.030075871979694	0.5640304309929922	0.04322930711783071	-0.19968743515256993	-0.01534653823808746
82.0	82.4911	2600.0	2580.0427382290222	0.21291987383908376	0.8813231243697356	28.369640740133413	-118.33249452307426	2.3980264510028064	141.74809552559475	184.66416104931199	-13.086160672064578	117.63112763966274	141.74809552559478	184.66416104931366	0.0	0.0	0.0	23.626205037329576	23.414778989882436	0.19141511610597206	-2.4158545132962934	1.8896096059238245	-0.08514151460268414	0.9611192906508815	0.0	0.0	0.0	0.0	0.0	0.0	0.0	0.0	0.0	0.0	0.0	0.0	0.0	0.0	0.0	0.0	0.0	0.0	0.0	0.0	0.0	0.0	0.0	0.0	0.0	0.0	0.0	0.0	0.0	0.0	0.0	0.0	0.0	0.0	0.0	0.0	0.0	0.0	0.0	0.0	0.0	0.0	0.0	0.0	0.0	0.0	0.0	0.0	32152.000064064316	1406.3447557631646	-89.56496071228315	32182.86711239136	-30184.414242547544	-1395.250709600363	11079.805850002316	32183.966277979056	0.0	0.0	0.0	0.0	0.0	0.0	0.0	0.0	0.0	0.0	0.0	0.0	0.0	0.0	0.0	0.0	0.0	0.0	0.0	0.0	0.0	0.0	0.0	0.0	0.0	0.0	0.0	0.0	30265.97932887561	864.9897671189754	-10910.085854334364	32183.966277979056	0.0	0.0	0.0	0.0	0.0	0.0	0.0	0.0	0.0	0.0	0.0	0.0	0.0	0.0	0.0	0.0	0.0	0.0	0.0	0.0	0.0	0.0	0.0	0.0	0.0	0.0	0.0	0.0	0.0	0.0	0.0	0.0	0.0	0.0	0.0	0.0	0.0	0.0	0.0	0.0	0.0	0.0	0.0	0.0	0.0	0.0	0.0	0.0	0.0	0.0	0.0	0.0	0.0	0.0	0.0	0.0	0.0	0.0	0.0	0.0	0.0	0.0	0.0	0.0	0.0	0.0	0.0	0.0	0.0	0.0	0.0	0.0	0.0	0.0	0.0	0.0	0.0	0.0	0.0	0.0	0.0	0.0	0.0	0.0	0.0	0.0	0.0	0.0	0.0	0.0	0.0	0.0	0.0	0.0	0.0	0.0	0.0	0.0	0.0	0.0	30.595050188411506	-0.00494981158849939	0.12495540515426853	-0.37337267812019115	29.83854338835111	0.5640555798480906	0.04318450797245026	-0.1971252076013091	-0.014947272959977902
83.0	83.4912	2600.0	2580.033750919491	0.18191289782839346	0.8871867204850984	28.3532719023866	-118.04038416602269	-20.48337287155299	163.5115533766349	202.70453607627388	-33.73188504067002	114.9576478093586	163.51155337663494	202.70453607627442	1.838582565355647e-15	0.0	1.838582565355647e-15	23.20726810569578	22.991521845185805	0.20146549447074094	-2.1192835426583487	1.7980326041958963	-0.1143909166932473	0.9153874441601206	0.0	0.0	0.0	0.0	0.0	0.0	0.0	0.0	0.0	0.0	0.0	0.0	0.0	0.0	0.0	0.0	0.0	0.0	0.0	0.0	0.0	0.0	0.0	0.0	0.0	0.0	0.0	0.0	0.0	0.0	0.0	0.0	0.0	0.0	0.0	0.0	0.0	0.0	0.0	0.0	0.0	0.0	0.0	0.0	0.0	0.0	0.0	0.0	32101.342593585654	1322.8002562908148	-75.05423033142434	32128.673019069585	-30141.45758938427	-1346.6963656052415	11045.203260555802	32129.699217091613	0.0	0.0	0.0	0.0	0.0	0.0	0.0	0.0	0.0	0.0	0.0	0.0	0.0	0.0	0.0	0.0	0.0	0.0	0.0	0.0	0.0	0.0	0.0	0.0	0.0	0.0	0.0	0.0	30220.10635689519	807.8322053484071	-10881.642830323097	32129.699217091613	0.0	0.0	0.0	0.0	0.0	0.0	0.0	0.0	0.0	0.0	0.0	0.0	0.0	0.0	0.0	0.0	0.0	0.0	0.0	0.0	0.0	0.0	0.0	0.0	0.0	0.0	0.0	0.0	0.0	0.0	0.0	0.0	0.0	0.0	0.0	0.0	0.0	0.0	0.0	0.0	0.0	0.0	0.0	0.0	0.0	0.0	0.0	0.0	0.0	0.0	0.0	0.0	0.0	0.0	0.0	0.0	0.0	0.0	0.0	0.0	0.0	0.0	0.0	0.0	0.0	0.0	0.0	0.0	0.0	0.0	0.0	0.0	0.0	0.0	0.0	0.0	0.0	0.0	0.0	0.0	0.0	0.0	0.0	0.0	0.0	0.0	0.0	0.0	0.0	0.0	0.0	0.0	0.0	0.0	0.0	0.0	0.0	0.0	0.0	0.0	30.60906554867859	0.009065548678581338	0.1243101938256193	-0.36127408318709264	29.646442074377546	0.5640702525781651	0.04303220925180943	-0.1951501459991424	-0.014762756524925938
84.0	84.4913	2600.0	2580.27924029069	0.1507158904470032	0.8918845377014426	28.336643997441403	-117.28800145200147	-5.218359839829645	140.95570035504855	183.44540339459274	-16.453586458637798	116.24537004402008	140.95570035504855	183.44540339459382	-1.939166581825271e-14	0.0	-1.939166581825271e-14	22.782575764590636	22.557965988327656	0.21542552811591076	-1.8092418565229718	1.7099224396054848	-0.1328737025389869	0.8776857561300094	0.0	0.0	0.0	0.0	0.0	0.0	0.0	0.0	0.0	0.0	0.0	0.0	0.0	0.0	0.0	0.0	0.0	0.0	0.0	0.0	0.0	0.0	0.0	0.0	0.0	0.0	0.0	0.0	0.0	0.0	0.0	0.0	0.0	0.0	0.0	0.0	0.0	0.0	0.0	0.0	0.0	0.0	0.0	0.0	0.0	0.0	0.0	0.0	32098.686793798694	1307.2246764716187	-77.67418525685335	32125.388145829747	-30131.35950194679	-1364.6093277081213	11061.075567899527	32126.44357490589	0.0	0.0	0.0	0.0	0.0	0.0	0.0	0.0	0.0	0.0	0.0	0.0	0.0	0.0	0.0	0.0	0.0	0.0	0.0	0.0	0.0	0.0	0.0	0.0	0.0	0.0	0.0	0.0	30210.255977695317	813.4410643851835	-10898.950599415884	32126.44357490589	0.0	0.0	0.0	0.0	0.0	0.0	0.0	0.0	0.0	0.0	0.0	0.0	0.0	0.0	0.0	0.0	0.0	0.0	0.0	0.0	0.0	0.0	0.0	0.0	0.0	0.0	0.0	0.0	0.0	0.0	0.0	0.0	0.0	0.0	0.0	0.0	0.0	0.0	0.0	0.0	0.0	0.0	0.0	0.0	0.0	0.0	0.0	0.0	0.0	0.0	0.0	0.0	0.0	0.0	0.0	0.0	0.0	0.0	0.0	0.0	0.0	0.0	0.0	0.0	0.0	0.0	0.0	0.0	0.0	0.0	0.0	0.0	0.0	0.0	0.0	0.0	0.0	0.0	0.0	0.0	0.0	0.0	0.0	0.0	0.0	0.0	0.0	0.0	0.0	0.0	0.0	0.0	0.0	0.0	0.0	0.0	0.0	0.0	0.0	0.0	30.62085940162711	0.02085940162710997	0.12377021000850157	-0.3514424775037496	29.453822764799202	0.5640852626670243	0.04281529845265129	-0.19314192447242856	-0.014763949268354276
85.0	85.4913	2600.0	2580.0235994610116	0.11934892474512501	0.8954465022262463	28.31979889073644	-116.24542861842201	-19.924326052270768	151.32599824861657	191.8581147339308	-29.00071765821303	114.31945074494799	151.3259982486166	191.85811473393116	-1.171794228771602e-13	0.0	-1.171794228771602e-13	22.351183468159785	22.11479135005386	0.23155519102609995	-1.4904535402381094	1.6267887243072565	-0.14545590699579752	0.8478275196137254	0.0	0.0	0.0	0.0	0.0	0.0	0.0	0.0	0.0	0.0	0.0	0.0	0.0	0.0	0.0	0.0	0.0	0.0	0.0	0.0	0.0	0.0	0.0	0.0	0.0	0.0	0.0	0.0	0.0	0.0	0.0	0.0	0.0	0.0	0.0	0.0	0.0	0.0	0.0	0.0	0.0	0.0	0.0	0.0	0.0	0.0	0.0	0.0	32066.776862234998	1260.4932460515656	-78.63855659936131	32091.637626931642	-30095.66469036995	-1351.9604752816686	11062.888015121905	32093.05721674132	0.0	0.0	0.0	0.0	0.0	0.0	0.0	0.0	0.0	0.0	0.0	0.0	0.0	0.0	0.0	0.0	0.0	0.0	0.0	0.0	0.0	0.0	0.0	0.0	0.0	0.0	0.0	0.0	30174.383490266224	784.3220181184446	-10902.098030712992	32093.05721674132	0.0	0.0	0.0	0.0	0.0	0.0	0.0	0.0	0.0	0.0	0.0	0.0	0.0	0.0	0.0	0.0	0.0	0.0	0.0	0.0	0.0	0.0	0.0	0.0	0.0	0.0	0.0	0.0	0.0	0.0	0.0	0.0	0.0	0.0	0.0	0.0	0.0	0.0	0.0	0.0	0.0	0.0	0.0	0.0	0.0	0.0	0.0	0.0	0.0	0.0	0.0	0.0	0.0	0.0	0.0	0.0	0.0	0.0	0.0	0.0	0.0	0.0	0.0	0.0	0.0	0.0	0.0	0.0	0.0	0.0	0.0	0.0	0.0	0.0	0.0	0.0	0.0	0.0	0.0	0.0	0.0	0.0	0.0	0.0	0.0	0.0	0.0	0.0	0.0	0.0	0.0	0.0	0.0	0.0	0.0	0.0	0.0	0.0	0.0	0.0	30.63045206556904	0.0304520655690439	0.12331260227540558	-0.34385386429687653	29.260448387279677	0.5640999638560993	0.042637710757845636	-0.19110393368525938	-0.014661126291476258
86.0	86.4914	2600.0	2579.9054370861804	0.0878712659282279	0.8979483768448797	28.30279329154114	-116.87770061103946	-26.46668074095214	151.87040711152522	193.45672034278797	-33.56987652629868	115.03888681474561	151.87040711152522	193.4567203427868	-3.710182222359377e-15	0.0	-3.710182222359377e-15	21.913932060291433	21.66154061798604	0.2511067855350659	-1.1653563673627159	1.549101231833125	-0.15448755649802398	0.8254058009857876	0.0	0.0	0.0	0.0	0.0	0.0	0.0	0.0	0.0	0.0	0.0	0.0	0.0	0.0	0.0	0.0	0.0	0.0	0.0	0.0	0.0	0.0	0.0	0.0	0.0	0.0	0.0	0.0	0.0	0.0	0.0	0.0	0.0	0.0	0.0	0.0	0.0	0.0	0.0	0.0	0.0	0.0	0.0	0.0	0.0	0.0	0.0	0.0	32047.861201555454	1181.0784133853115	-80.3078575370342	32069.71785290152	-30075.873026797428	-1307.128657782723	11057.522040773527	32070.789159829386	0.0	0.0	0.0	0.0	0.0	0.0	0.0	0.0	0.0	0.0	0.0	0.0	0.0	0.0	0.0	0.0	0.0	0.0	0.0	0.0	0.0	0.0	0.0	0.0	0.0	0.0	0.0	0.0	30154.34460497467	718.2074718276291	-10896.56812056327	32070.789159829386	0.0	0.0	0.0	0.0	0.0	0.0	0.0	0.0	0.0	0.0	0.0	0.0	0.0	0.0	0.0	0.0	0.0	0.0	0.0	0.0	0.0	0.0	0.0	0.0	0.0	0.0	0.0	0.0	0.0	0.0	0.0	0.0	0.0	0.0	0.0	0.0	0.0	0.0	0.0	0.0	0.0	0.0	0.0	0.0	0.0	0.0	0.0	0.0	0.0	0.0	0.0	0.0	0.0	0.0	0.0	0.0	0.0	0.0	0.0	0.0	0.0	0.0	0.0	0.0	0.0	0.0	0.0	0.0	0.0	0.0	0.0	0.0	0.0	0.0	0.0	0.0	0.0	0.0	0.0	0.0	0.0	0.0	0.0	0.0	0.0	0.0	0.0	0.0	0.0	0.0	0.0	0.0	0.0	0.0	0.0	0.0	0.0	0.0	0.0	0.0	30.637910982041653	0.037910982041648104	0.12294767808849924	-0.33841425519415996	29.066759803232355	0.564113834530677	0.042402639075549815	-0.18906086119952414	-0.01474320298951326
87.0	87.4912	2600.0	2580.589490397434	0.05639311429039333	0.8994967164810705	28.285702119142098	-115.38367494738485	-28.97298318510729	170.28446024656577	207.7248747754407	-33.9958228999385	114.00486930111948	170.2844602465658	207.7248747754432	-3.216764817085697e-13	0.0	-3.216764817085697e-13	21.47019991224158	21.1998206369916	0.27183952998708316	-0.8353954282030089	1.4767235536607215	-0.16116948753505903	0.8099120292484152	0.0	0.0	0.0	0.0	0.0	0.0	0.0	0.0	0.0	0.0	0.0	0.0	0.0	0.0	0.0	0.0	0.0	0.0	0.0	0.0	0.0	0.0	0.0	0.0	0.0	0.0	0.0	0.0	0.0	0.0	0.0	0.0	0.0	0.0	0.0	0.0	0.0	0.0	0.0	0.0	0.0	0.0	0.0	0.0	0.0	0.0	0.0	0.0	32041.437686745718	1107.7753292224616	-67.01655352033612	32060.651684457203	-30078.911615816134	-1267.8230417156453	11027.5585002003	32061.742712031795	0.0	0.0	0.0	0.0	0.0	0.0	0.0	0.0	0.0	0.0	0.0	0.0	0.0	0.0	0.0	0.0	0.0	0.0	0.0	0.0	0.0	0.0	0.0	0.0	0.0	0.0	0.0	0.0	30157.63533202938	652.8890291452	-10864.902798850917	32061.742712031795	0.0	0.0	0.0	0.0	0.0	0.0	0.0	0.0	0.0	0.0	0.0	0.0	0.0	0.0	0.0	0.0	0.0	0.0	0.0	0.0	0.0	0.0	0.0	0.0	0.0	0.0	0.0	0.0	0.0	0.0	0.0	0.0	0.0	0.0	0.0	0.0	0.0	0.0	0.0	0.0	0.0	0.0	0.0	0.0	0.0	0.0	0.0	0.0	0.0	0.0	0.0	0.0	0.0	0.0	0.0	0.0	0.0	0.0	0.0	0.0	0.0	0.0	0.0	0.0	0.0	0.0	0.0	0.0	0.0	0.0	0.0	0.0	0.0	0.0	0.0	0.0	0.0	0.0	0.0	0.0	0.0	0.0	0.0	0.0	0.0	0.0	0.0	0.0	0.0	0.0	0.0	0.0	0.0	0.0	0.0	0.0	0.0	0.0	0.0	0.0	30.64333614032436	0.0433361403243673	0.12267464339966408	-0.3350049408293198	28.8725467526767	0.5641264723567366	0.042209929773730434	-0.18703107349192336	-0.01472644663042831
88.0	88.491	2600.0	2580.295635698622	0.024923457898672733	0.9000473905881012	28.268558218675782	-116.93067407498893	-38.03058034183778	185.30847806966085	222.3923101756494	-41.0966785339333	115.88861287566759	185.30847806966088	222.39231017564836	-3.992000716964887e-13	0.0	-3.992000716964887e-13	21.020650618952036	20.73018013725375	0.2938805868129171	-0.5013271176961456	1.4100719465798173	-0.16625668042819455	0.8014057295680845	0.0	0.0	0.0	0.0	0.0	0.0	0.0	0.0	0.0	0.0	0.0	0.0	0.0	0.0	0.0	0.0	0.0	0.0	0.0	0.0	0.0	0.0	0.0	0.0	0.0	0.0	0.0	0.0	0.0	0.0	0.0	0.0	0.0	0.0	0.0	0.0	0.0	0.0	0.0	0.0	0.0	0.0	0.0	0.0	0.0	0.0	0.0	0.0	32026.07886510828	974.2545980113097	-72.8333181945713	32040.976954333342	-30060.748618803525	-1168.0034114096309	11031.223798156814	32042.171243175508	0.0	0.0	0.0	0.0	0.0	0.0	0.0	0.0	0.0	0.0	0.0	0.0	0.0	0.0	0.0	0.0	0.0	0.0	0.0	0.0	0.0	0.0	0.0	0.0	0.0	0.0	0.0	0.0	30138.90779953721	524.3925451963544	-10866.093460233147	32042.171243175508	0.0	0.0	0.0	0.0	0.0	0.0	0.0	0.0	0.0	0.0	0.0	0.0	0.0	0.0	0.0	0.0	0.0	0.0	0.0	0.0	0.0	0.0	0.0	0.0	0.0	0.0	0.0	0.0	0.0	0.0	0.0	0.0	0.0	0.0	0.0	0.0	0.0	0.0	0.0	0.0	0.0	0.0	0.0	0.0	0.0	0.0	0.0	0.0	0.0	0.0	0.0	0.0	0.0	0.0	0.0	0.0	0.0	0.0	0.0	0.0	0.0	0.0	0.0	0.0	0.0	0.0	0.0	0.0	0.0	0.0	0.0	0.0	0.0	0.0	0.0	0.0	0.0	0.0	0.0	0.0	0.0	0.0	0.0	0.0	0.0	0.0	0.0	0.0	0.0	0.0	0.0	0.0	0.0	0.0	0.0	0.0	0.0	0.0	0.0	0.0	30.646678161743818	0.04667816174381302	0.12248838957812144	-0.33367459554465406	28.678133691932697	0.5641373882622545	0.042018275878827206	-0.1850141622876253	-0.014726655730147021
89.0	89.4907	2600.0	2580.2196018378468	-0.006556936431656421	0.8995316097575448	28.25138465123878	-117.30452002559832	-50.25390168586454	215.37670678135945	250.34562284384407	-51.294517986358194	116.85323049721774	215.37670678135945	250.34562284384444	-8.421460823474601e-14	0.0	-8.421460823474601e-14	20.56511823126153	20.25306814957163	0.3166388777096205	-0.16370856116570282	1.3495592496182178	-0.1703142830162608	0.7999133847835822	0.0	0.0	0.0	0.0	0.0	0.0	0.0	0.0	0.0	0.0	0.0	0.0	0.0	0.0	0.0	0.0	0.0	0.0	0.0	0.0	0.0	0.0	0.0	0.0	0.0	0.0	0.0	0.0	0.0	0.0	0.0	0.0	0.0	0.0	0.0	0.0	0.0	0.0	0.0	0.0	0.0	0.0	0.0	0.0	0.0	0.0	0.0	0.0	32014.165348961564	834.8187972927576	-72.95399752555329	32025.131189438078	-30051.3523367075	-1062.5653431363237	11021.48281259892	32026.33144401312	0.0	0.0	0.0	0.0	0.0	0.0	0.0	0.0	0.0	0.0	0.0	0.0	0.0	0.0	0.0	0.0	0.0	0.0	0.0	0.0	0.0	0.0	0.0	0.0	0.0	0.0	0.0	0.0	30129.232727702314	385.9857008560126	-10852.016220061136	32026.33144401312	0.0	0.0	0.0	0.0	0.0	0.0	0.0	0.0	0.0	0.0	0.0	0.0	0.0	0.0	0.0	0.0	0.0	0.0	0.0	0.0	0.0	0.0	0.0	0.0	0.0	0.0	0.0	0.0	0.0	0.0	0.0	0.0	0.0	0.0	0.0	0.0	0.0	0.0	0.0	0.0	0.0	0.0	0.0	0.0	0.0	0.0	0.0	0.0	0.0	0.0	0.0	0.0	0.0	0.0	0.0	0.0	0.0	0.0	0.0	0.0	0.0	0.0	0.0	0.0	0.0	0.0	0.0	0.0	0.0	0.0	0.0	0.0	0.0	0.0	0.0	0.0	0.0	0.0	0.0	0.0	0.0	0.0	0.0	0.0	0.0	0.0	0.0	0.0	0.0	0.0	0.0	0.0	0.0	0.0	0.0	0.0	0.0	0.0	0.0	0.0	30.647863834417052	0.04786383441705055	0.12240200754777053	-0.3344667692316747	28.483488798549853	0.5641458478693078	0.04183780602727473	-0.18303934631630342	-0.014720726419855569
90.0	90.4906	2600.0	2580.284365595305	-0.03801203797681964	0.897910518657422	28.234226814262524	-118.63186051251976	-67.41594775498743	252.81731399141364	287.2890923689901	-66.3977284943303	119.20473980156383	252.81731399141367	287.2890923689905	-3.670777979850784e-13	0.0	-3.670777979850784e-13	20.10410102356476	19.769063722602638	0.3400599716365857	0.17637501860244711	1.2949649848140323	-0.17417957622619315	0.8047712428943669	0.0	0.0	0.0	0.0	0.0	0.0	0.0	0.0	0.0	0.0	0.0	0.0	0.0	0.0	0.0	0.0	0.0	0.0	0.0	0.0	0.0	0.0	0.0	0.0	0.0	0.0	0.0	0.0	0.0	0.0	0.0	0.0	0.0	0.0	0.0	0.0	0.0	0.0	0.0	0.0	0.0	0.0	0.0	0.0	0.0	0.0	0.0	0.0	32005.167321830697	555.6408491085134	-59.850585112255395	32010.046144048527	-30053.389776542364	-815.3956627758156	10993.183327198383	32011.266560588443	0.0	0.0	0.0	0.0	0.0	0.0	0.0	0.0	0.0	0.0	0.0	0.0	0.0	0.0	0.0	0.0	0.0	0.0	0.0	0.0	0.0	0.0	0.0	0.0	0.0	0.0	0.0	0.0	30128.12376519162	102.15207389579304	-10816.973243756445	32011.266560588443	0.0	0.0	0.0	0.0	0.0	0.0	0.0	0.0	0.0	0.0	0.0	0.0	0.0	0.0	0.0	0.0	0.0	0.0	0.0	0.0	0.0	0.0	0.0	0.0	0.0	0.0	0.0	0.0	0.0	0.0	0.0	0.0	0.0	0.0	0.0	0.0	0.0	0.0	0.0	0.0	0.0	0.0	0.0	0.0	0.0	0.0	0.0	0.0	0.0	0.0	0.0	0.0	0.0	0.0	0.0	0.0	0.0	0.0	0.0	0.0	0.0	0.0	0.0	0.0	0.0	0.0	0.0	0.0	0.0	0.0	0.0	0.0	0.0	0.0	0.0	0.0	0.0	0.0	0.0	0.0	0.0	0.0	0.0	0.0	0.0	0.0	0.0	0.0	0.0	0.0	0.0	0.0	0.0	0.0	0.0	0.0	0.0	0.0	0.0	0.0	30.646851180314243	0.046851180314234846	0.12241333565063424	-0.33733071796944536	28.288864488702995	0.5641507711659419	0.04163667129316451	-0.18119705193573887	-0.014861862245674259
91.0	91.4904	2600.0	2580.304749019282	-0.06939918481050797	0.8952646826603345	28.217133073103014	-116.73472872126877	-72.50005365406106	272.24806617404465	304.9627259272466	-69.43922012120493	118.58098236407021	272.2480661740447	304.96272592724523	-6.3296874124294236e-15	0.0	-6.3296874124294236e-15	19.63763320532672	19.28056658021251	0.3618057238876299	0.5176130249805292	1.2446757117813685	-0.17840833076849308	0.814016223019988	0.0	0.0	0.0	0.0	0.0	0.0	0.0	0.0	0.0	0.0	0.0	0.0	0.0	0.0	0.0	0.0	0.0	0.0	0.0	0.0	0.0	0.0	0.0	0.0	0.0	0.0	0.0	0.0	0.0	0.0	0.0	0.0	0.0	0.0	0.0	0.0	0.0	0.0	0.0	0.0	0.0	0.0	0.0	0.0	0.0	0.0	0.0	0.0	32001.44503508446	199.49644211119974	-48.2809393260715	32002.103277957343	-30057.433639503637	-495.0956961790934	10978.074717554922	32003.321097126125	0.0	0.0	0.0	0.0	0.0	0.0	0.0	0.0	0.0	0.0	0.0	0.0	0.0	0.0	0.0	0.0	0.0	0.0	0.0	0.0	0.0	0.0	0.0	0.0	0.0	0.0	0.0	0.0	30127.70311714652	-257.1234667329253	-10792.031952032608	32003.321097126125	0.0	0.0	0.0	0.0	0.0	0.0	0.0	0.0	0.0	0.0	0.0	0.0	0.0	0.0	0.0	0.0	0.0	0.0	0.0	0.0	0.0	0.0	0.0	0.0	0.0	0.0	0.0	0.0	0.0	0.0	0.0	0.0	0.0	0.0	0.0	0.0	0.0	0.0	0.0	0.0	0.0	0.0	0.0	0.0	0.0	0.0	0.0	0.0	0.0	0.0	0.0	0.0	0.0	0.0	0.0	0.0	0.0	0.0	0.0	0.0	0.0	0.0	0.0	0.0	0.0	0.0	0.0	0.0	0.0	0.0	0.0	0.0	0.0	0.0	0.0	0.0	0.0	0.0	0.0	0.0	0.0	0.0	0.0	0.0	0.0	0.0	0.0	0.0	0.0	0.0	0.0	0.0	0.0	0.0	0.0	0.0	0.0	0.0	0.0	0.0	30.64371925821639	0.04371925821638812	0.12248497882607248	-0.34206533231241426	28.094299019029563	0.5641491935384798	0.04145962545093446	-0.17960371942918169	-0.0150523668746264
92.0	92.4904	2600.0	2579.9362905383687	-0.10069173062279299	0.8915846039161007	28.200144826289257	-118.90122963877006	-78.53590230958977	294.179725211051	326.87474831568494	-73.29532504674899	122.20141442505339	294.179725211051	326.87474831568386	1.1767618537524906e-14	0.0	1.1767618537524906e-14	19.165718892021328	18.788040171743738	0.3814634775793611	0.8599756932853129	1.1986238602131778	-0.18288927161568025	0.8275278100562393	0.0	0.0	0.0	0.0	0.0	0.0	0.0	0.0	0.0	0.0	0.0	0.0	0.0	0.0	0.0	0.0	0.0	0.0	0.0	0.0	0.0	0.0	0.0	0.0	0.0	0.0	0.0	0.0	0.0	0.0	0.0	0.0	0.0	0.0	0.0	0.0	0.0	0.0	0.0	0.0	0.0	0.0	0.0	0.0	0.0	0.0	0.0	0.0	31997.78021294976	-59.796105931679676	-52.23733879758114	31997.87872453561	-30055.790866650106	-269.7897072066106	10978.663026152599	31999.287381873568	0.0	0.0	0.0	0.0	0.0	0.0	0.0	0.0	0.0	0.0	0.0	0.0	0.0	0.0	0.0	0.0	0.0	0.0	0.0	0.0	0.0	0.0	0.0	0.0	0.0	0.0	0.0	0.0	30123.86315170442	-523.7960256053794	-10781.136280034585	31999.287381873568	0.0	0.0	0.0	0.0	0.0	0.0	0.0	0.0	0.0	0.0	0.0	0.0	0.0	0.0	0.0	0.0	0.0	0.0	0.0	0.0	0.0	0.0	0.0	0.0	0.0	0.0	0.0	0.0	0.0	0.0	0.0	0.0	0.0	0.0	0.0	0.0	0.0	0.0	0.0	0.0	0.0	0.0	0.0	0.0	0.0	0.0	0.0	0.0	0.0	0.0	0.0	0.0	0.0	0.0	0.0	0.0	0.0	0.0	0.0	0.0	0.0	0.0	0.0	0.0	0.0	0.0	0.0	0.0	0.0	0.0	0.0	0.0	0.0	0.0	0.0	0.0	0.0	0.0	0.0	0.0	0.0	0.0	0.0	0.0	0.0	0.0	0.0	0.0	0.0	0.0	0.0	0.0	0.0	0.0	0.0	0.0	0.0	0.0	0.0	0.0	30.63845827712294	0.03845827712294182	0.12261733035271317	-0.3486789536103696	27.89980686446333	0.5641420404744036	0.04133255880134188	-0.17826166692130074	-0.015201337951607859
93.0	93.4903	2600.0	2579.414652639468	-0.13184760312251992	0.8868228242747342	28.18331000063915	-116.73067772000287	-80.46132706438586	307.71761631656216	338.8070360330202	-73.20555298661928	121.4126158430663	307.71761631656216	338.80703603301936	8.79977709474839e-14	0.0	8.79977709474839e-14	18.688103495634195	18.29180209600336	0.39851024483894154	1.2034515291570842	1.1569284900257388	-0.18755956761096645	0.8453757863341625	0.0	0.0	0.0	0.0	0.0	0.0	0.0	0.0	0.0	0.0	0.0	0.0	0.0	0.0	0.0	0.0	0.0	0.0	0.0	0.0	0.0	0.0	0.0	0.0	0.0	0.0	0.0	0.0	0.0	0.0	0.0	0.0	0.0	0.0	0.0	0.0	0.0	0.0	0.0	0.0	0.0	0.0	0.0	0.0	0.0	0.0	0.0	0.0	31992.343299437383	-383.97534880772105	-58.70012408832377	31994.701320095428	-30048.981753216303	15.039338214767534	10990.495950187313	31995.820536718602	0.0	0.0	0.0	0.0	0.0	0.0	0.0	0.0	0.0	0.0	0.0	0.0	0.0	0.0	0.0	0.0	0.0	0.0	0.0	0.0	0.0	0.0	0.0	0.0	0.0	0.0	0.0	0.0	30113.586002602708	-852.5766230679772	-10778.570544536633	31995.820536718602	0.0	0.0	0.0	0.0	0.0	0.0	0.0	0.0	0.0	0.0	0.0	0.0	0.0	0.0	0.0	0.0	0.0	0.0	0.0	0.0	0.0	0.0	0.0	0.0	0.0	0.0	0.0	0.0	0.0	0.0	0.0	0.0	0.0	0.0	0.0	0.0	0.0	0.0	0.0	0.0	0.0	0.0	0.0	0.0	0.0	0.0	0.0	0.0	0.0	0.0	0.0	0.0	0.0	0.0	0.0	0.0	0.0	0.0	0.0	0.0	0.0	0.0	0.0	0.0	0.0	0.0	0.0	0.0	0.0	0.0	0.0	0.0	0.0	0.0	0.0	0.0	0.0	0.0	0.0	0.0	0.0	0.0	0.0	0.0	0.0	0.0	0.0	0.0	0.0	0.0	0.0	0.0	0.0	0.0	0.0	0.0	0.0	0.0	0.0	0.0	30.63102179246331	0.031021792463310046	0.12281599992966923	-0.3572100419551188	27.705294308120468	0.5641295074528848	0.04131438663854122	-0.17717980197959335	-0.015144924418873669
94.0	94.4903	2600.0	2579.319195734443	-0.1628314513439049	0.881049700113441	28.166671970886792	-122.74883096565827	-100.56134873550397	335.53425607610393	371.1645152267171	-90.64264353920953	130.24504418658032	335.534256076104	371.16451522671866	-4.130151752786668e-14	0.0	-4.130151752786668e-14	18.20566337776007	17.791887799831475	0.41383747234069607	1.5478459311112842	1.1195650270539423	-0.19246346281461757	0.8674416034758935	0.0	0.0	0.0	0.0	0.0	0.0	0.0	0.0	0.0	0.0	0.0	0.0	0.0	0.0	0.0	0.0	0.0	0.0	0.0	0.0	0.0	0.0	0.0	0.0	0.0	0.0	0.0	0.0	0.0	0.0	0.0	0.0	0.0	0.0	0.0	0.0	0.0	0.0	0.0	0.0	0.0	0.0	0.0	0.0	0.0	0.0	0.0	0.0	31981.449040767628	-687.6093330537459	-50.86880448095903	31988.880520852686	-30052.93958550376	290.64571622884995	10959.563778964613	31990.243682840155	0.0	0.0	0.0	0.0	0.0	0.0	0.0	0.0	0.0	0.0	0.0	0.0	0.0	0.0	0.0	0.0	0.0	0.0	0.0	0.0	0.0	0.0	0.0	0.0	0.0	0.0	0.0	0.0	30114.01635861369	-1173.720802394046	-10730.521381492574	31990.243682840155	0.0	0.0	0.0	0.0	0.0	0.0	0.0	0.0	0.0	0.0	0.0	0.0	0.0	0.0	0.0	0.0	0.0	0.0	0.0	0.0	0.0	0.0	0.0	0.0	0.0	0.0	0.0	0.0	0.0	0.0	0.0	0.0	0.0	0.0	0.0	0.0	0.0	0.0	0.0	0.0	0.0	0.0	0.0	0.0	0.0	0.0	0.0	0.0	0.0	0.0	0.0	0.0	0.0	0.0	0.0	0.0	0.0	0.0	0.0	0.0	0.0	0.0	0.0	0.0	0.0	0.0	0.0	0.0	0.0	0.0	0.0	0.0	0.0	0.0	0.0	0.0	0.0	0.0	0.0	0.0	0.0	0.0	0.0	0.0	0.0	0.0	0.0	0.0	0.0	0.0	0.0	0.0	0.0	0.0	0.0	0.0	0.0	0.0	0.0	0.0	30.621482642319616	0.021482642319615046	0.12307636795457827	-0.3676076016524055	27.51114985561	0.5641106181725682	0.04128940228108034	-0.176334189018216	-0.01520435413058762
95.0	95.4903	2600.0	2579.3677248077793	-0.1935677308880562	0.8742432527915877	28.150289780028388	-122.94474890120547	-83.75346971123327	328.1067840231092	360.25562687213943	-71.60623475673309	130.394026377795	328.1067840231093	360.25562687213744	2.453352718006121e-13	0.0	2.453352718006121e-13	17.718184671470297	17.289830483380012	0.42574956943145653	1.8928331301465826	1.0863067713983183	-0.1977083132433611	0.8933978859923014	0.0	0.0	0.0	0.0	0.0	0.0	0.0	0.0	0.0	0.0	0.0	0.0	0.0	0.0	0.0	0.0	0.0	0.0	0.0	0.0	0.0	0.0	0.0	0.0	0.0	0.0	0.0	0.0	0.0	0.0	0.0	0.0	0.0	0.0	0.0	0.0	0.0	0.0	0.0	0.0	0.0	0.0	0.0	0.0	0.0	0.0	0.0	0.0	31991.364604666862	-1048.4318966500964	-50.97072691730458	32008.580360985197	-30069.039481948406	617.7713852136478	10959.69519355102	32010.056163445053	0.0	0.0	0.0	0.0	0.0	0.0	0.0	0.0	0.0	0.0	0.0	0.0	0.0	0.0	0.0	0.0	0.0	0.0	0.0	0.0	0.0	0.0	0.0	0.0	0.0	0.0	0.0	0.0	30125.44883800402	-1549.3874150544184	-10709.828501604503	32010.056163445053	0.0	0.0	0.0	0.0	0.0	0.0	0.0	0.0	0.0	0.0	0.0	0.0	0.0	0.0	0.0	0.0	0.0	0.0	0.0	0.0	0.0	0.0	0.0	0.0	0.0	0.0	0.0	0.0	0.0	0.0	0.0	0.0	0.0	0.0	0.0	0.0	0.0	0.0	0.0	0.0	0.0	0.0	0.0	0.0	0.0	0.0	0.0	0.0	0.0	0.0	0.0	0.0	0.0	0.0	0.0	0.0	0.0	0.0	0.0	0.0	0.0	0.0	0.0	0.0	0.0	0.0	0.0	0.0	0.0	0.0	0.0	0.0	0.0	0.0	0.0	0.0	0.0	0.0	0.0	0.0	0.0	0.0	0.0	0.0	0.0	0.0	0.0	0.0	0.0	0.0	0.0	0.0	0.0	0.0	0.0	0.0	0.0	0.0	0.0	0.0	30.60982279206276	0.009822792062760042	0.12340762406789739	-0.3797339741484385	27.317295494539156	0.5640843607301028	0.041352492548616934	-0.17587980437834894	-0.015136022154715163
96.0	96.4903	2600.0	2578.5347190376806	-0.22404394419452128	0.866432502238589	28.134197391328737	-126.91281846342461	-100.85226964128016	352.75240642577967	388.21682604094593	-85.86020362463024	137.4993426008477	352.75240642577967	388.21682604094667	9.486190655710467e-15	0.0	9.486190655710467e-15	17.225921654814883	16.78628734152915	0.433898308830486	2.2381753639818367	1.0571326473460607	-0.20338105789437502	0.923067699610847	0.0	0.0	0.0	0.0	0.0	0.0	0.0	0.0	0.0	0.0	0.0	0.0	0.0	0.0	0.0	0.0	0.0	0.0	0.0	0.0	0.0	0.0	0.0	0.0	0.0	0.0	0.0	0.0	0.0	0.0	0.0	0.0	0.0	0.0	0.0	0.0	0.0	0.0	0.0	0.0	0.0	0.0	0.0	0.0	0.0	0.0	0.0	0.0	31977.774817862533	-1432.4951412187563	-51.224465007966955	32009.88516969959	-30063.31431611687	967.9944415108552	10953.858276863106	32011.355673542417	0.0	0.0	0.0	0.0	0.0	0.0	0.0	0.0	0.0	0.0	0.0	0.0	0.0	0.0	0.0	0.0	0.0	0.0	0.0	0.0	0.0	0.0	0.0	0.0	0.0	0.0	0.0	0.0	30114.152292476112	-1949.528706439835	-10680.077789340232	32011.355673542417	0.0	0.0	0.0	0.0	0.0	0.0	0.0	0.0	0.0	0.0	0.0	0.0	0.0	0.0	0.0	0.0	0.0	0.0	0.0	0.0	0.0	0.0	0.0	0.0	0.0	0.0	0.0	0.0	0.0	0.0	0.0	0.0	0.0	0.0	0.0	0.0	0.0	0.0	0.0	0.0	0.0	0.0	0.0	0.0	0.0	0.0	0.0	0.0	0.0	0.0	0.0	0.0	0.0	0.0	0.0	0.0	0.0	0.0	0.0	0.0	0.0	0.0	0.0	0.0	0.0	0.0	0.0	0.0	0.0	0.0	0.0	0.0	0.0	0.0	0.0	0.0	0.0	0.0	0.0	0.0	0.0	0.0	0.0	0.0	0.0	0.0	0.0	0.0	0.0	0.0	0.0	0.0	0.0	0.0	0.0	0.0	0.0	0.0	0.0	0.0	30.596076110254447	-0.0039238897455575695	0.12380271914888652	-0.39351474897748606	27.123853598707516	0.5640485145752554	0.04148593734819752	-0.17585469089875555	-0.014995305989516731
97.0	97.4904	2600.0	2578.1536624744745	-0.25421596204392327	0.8575963268348067	28.11844189077066	-127.86998854385453	-103.46829625766075	361.8951137671481	397.5229498647917	-85.91625142416162	140.26695990820372	361.8951137671482	397.5229498647928	3.664839805727347e-15	0.0	3.664839805727347e-15	16.729011657236477	16.281848596010242	0.4378812026180473	2.5833555265790467	1.0310153144803393	-0.2094951794642991	0.9553310151264791	0.0	0.0	0.0	0.0	0.0	0.0	0.0	0.0	0.0	0.0	0.0	0.0	0.0	0.0	0.0	0.0	0.0	0.0	0.0	0.0	0.0	0.0	0.0	0.0	0.0	0.0	0.0	0.0	0.0	0.0	0.0	0.0	0.0	0.0	0.0	0.0	0.0	0.0	0.0	0.0	0.0	0.0	0.0	0.0	0.0	0.0	0.0	0.0	31971.414479177904	-1701.8779846169625	-52.47987320670514	32016.72198416013	-30064.75013126746	1202.4519979837378	10946.291801589989	32018.06358086882	0.0	0.0	0.0	0.0	0.0	0.0	0.0	0.0	0.0	0.0	0.0	0.0	0.0	0.0	0.0	0.0	0.0	0.0	0.0	0.0	0.0	0.0	0.0	0.0	0.0	0.0	0.0	0.0	30111.599577035176	-2235.3892432634448	-10651.338005713389	32018.06358086882	0.0	0.0	0.0	0.0	0.0	0.0	0.0	0.0	0.0	0.0	0.0	0.0	0.0	0.0	0.0	0.0	0.0	0.0	0.0	0.0	0.0	0.0	0.0	0.0	0.0	0.0	0.0	0.0	0.0	0.0	0.0	0.0	0.0	0.0	0.0	0.0	0.0	0.0	0.0	0.0	0.0	0.0	0.0	0.0	0.0	0.0	0.0	0.0	0.0	0.0	0.0	0.0	0.0	0.0	0.0	0.0	0.0	0.0	0.0	0.0	0.0	0.0	0.0	0.0	0.0	0.0	0.0	0.0	0.0	0.0	0.0	0.0	0.0	0.0	0.0	0.0	0.0	0.0	0.0	0.0	0.0	0.0	0.0	0.0	0.0	0.0	0.0	0.0	0.0	0.0	0.0	0.0	0.0	0.0	0.0	0.0	0.0	0.0	0.0	0.0	30.58022825626134	-0.01977174373865509	0.12423795292225062	-0.4084561150591324	26.930898313323464	0.5639995541424421	0.041684478508327225	-0.1767618315522696	-0.014753360153322488
98.0	98.4904	2600.0	2578.0076972666625	-0.28406055303133276	0.8476431623343325	28.10306614581033	-128.63072008187007	-120.7575206924321	383.90871500464306	422.50934002585075	-100.44245929224962	145.05017519427196	383.90871500464306	422.5093400258515	2.6448927600140393e-14	0.0	2.6448927600140393e-14	16.228457128496093	15.773485892207153	0.44174928803012575	2.9252000952491377	0.9988413693342019	-0.21584759094010303	0.9804851886763041	0.0	0.0	0.0	0.0	0.0	0.0	0.0	0.0	0.0	0.0	0.0	0.0	0.0	0.0	0.0	0.0	0.0	0.0	0.0	0.0	0.0	0.0	0.0	0.0	0.0	0.0	0.0	0.0	0.0	0.0	0.0	0.0	0.0	0.0	0.0	0.0	0.0	0.0	0.0	0.0	0.0	0.0	0.0	0.0	0.0	0.0	0.0	0.0	31958.850037111522	-1686.9093877423911	-49.64826591466252	32003.378320535867	-30064.013135064066	1155.0695481916982	10913.857959450559	32004.55228565972	0.0	0.0	0.0	0.0	0.0	0.0	0.0	0.0	0.0	0.0	0.0	0.0	0.0	0.0	0.0	0.0	0.0	0.0	0.0	0.0	0.0	0.0	0.0	0.0	0.0	0.0	0.0	0.0	30112.219640335712	-2234.4284193974913	-10609.096331747334	32004.55228565972	0.0	0.0	0.0	0.0	0.0	0.0	0.0	0.0	0.0	0.0	0.0	0.0	0.0	0.0	0.0	0.0	0.0	0.0	0.0	0.0	0.0	0.0	0.0	0.0	0.0	0.0	0.0	0.0	0.0	0.0	0.0	0.0	0.0	0.0	0.0	0.0	0.0	0.0	0.0	0.0	0.0	0.0	0.0	0.0	0.0	0.0	0.0	0.0	0.0	0.0	0.0	0.0	0.0	0.0	0.0	0.0	0.0	0.0	0.0	0.0	0.0	0.0	0.0	0.0	0.0	0.0	0.0	0.0	0.0	0.0	0.0	0.0	0.0	0.0	0.0	0.0	0.0	0.0	0.0	0.0	0.0	0.0	0.0	0.0	0.0	0.0	0.0	0.0	0.0	0.0	0.0	0.0	0.0	0.0	0.0	0.0	0.0	0.0	0.0	0.0	30.562195019392497	-0.037804980607504035	0.12459773738941425	-0.4202898556302239	26.738873215928212	0.5639467064438239	0.04179191949956145	-0.18294756715652438	-0.01476168755806802
99.0	99.4905	2600.0	2577.527174494933	-0.31355073572732006	0.8365412494153835	28.08811278904493	-131.90586432522832	-117.03570697976282	385.2630371781252	423.7028694348812	-93.68463168325978	149.39780298923145	385.2630371781253	423.70286943487986	8.589809293327448e-15	0.0	8.589809293327448e-15	15.724064161379328	15.261207317297128	0.44537170386415925	3.263665490806076	0.9603375173056172	-0.22229419533496053	0.9982265480241231	0.0	0.0	0.0	0.0	0.0	0.0	0.0	0.0	0.0	0.0	0.0	0.0	0.0	0.0	0.0	0.0	0.0	0.0	0.0	0.0	0.0	0.0	0.0	0.0	0.0	0.0	0.0	0.0	0.0	0.0	0.0	0.0	0.0	0.0	0.0	0.0	0.0	0.0	0.0	0.0	0.0	0.0	0.0	0.0	0.0	0.0	0.0	0.0	31962.475508025218	-1677.027390411053	-61.35115301626747	32006.499737292066	-30065.716291841745	1110.861849603582	10924.1241278632	32008.089573596637	0.0	0.0	0.0	0.0	0.0	0.0	0.0	0.0	0.0	0.0	0.0	0.0	0.0	0.0	0.0	0.0	0.0	0.0	0.0	0.0	0.0	0.0	0.0	0.0	0.0	0.0	0.0	0.0	30115.73624311264	-2234.733633638299	-10609.721686893736	32008.089573596637	0.0	0.0	0.0	0.0	0.0	0.0	0.0	0.0	0.0	0.0	0.0	0.0	0.0	0.0	0.0	0.0	0.0	0.0	0.0	0.0	0.0	0.0	0.0	0.0	0.0	0.0	0.0	0.0	0.0	0.0	0.0	0.0	0.0	0.0	0.0	0.0	0.0	0.0	0.0	0.0	0.0	0.0	0.0	0.0	0.0	0.0	0.0	0.0	0.0	0.0	0.0	0.0	0.0	0.0	0.0	0.0	0.0	0.0	0.0	0.0	0.0	0.0	0.0	0.0	0.0	0.0	0.0	0.0	0.0	0.0	0.0	0.0	0.0	0.0	0.0	0.0	0.0	0.0	0.0	0.0	0.0	0.0	0.0	0.0	0.0	0.0	0.0	0.0	0.0	0.0	0.0	0.0	0.0	0.0	0.0	0.0	0.0	0.0	0.0	0.0	30.5419534802979	-0.058046519702102735	0.12486542565750684	-0.4288802345375331	26.547717498503307	0.5638938538977596	0.04187592757965526	-0.1945745821119818	-0.014818024310027721
100.0	100.4906	2600.0	2577.509568696067	-0.3426790763959769	0.8243468354547799	28.073611770439804	-131.9124067305056	-140.62160172659236	415.5607129666286	458.1113664633519	-114.25314667284691	155.31109553711212	415.56071296662867	458.1113664633501	-1.831422070360261e-15	0.0	-1.831422070360261e-15	15.215339849552572	14.745361383137467	0.4479889940018821	3.599445378973177	0.917698178304237	-0.2288194502179578	1.0107733768991558	0.0	0.0	0.0	0.0	0.0	0.0	0.0	0.0	0.0	0.0	0.0	0.0	0.0	0.0	0.0	0.0	0.0	0.0	0.0	0.0	0.0	0.0	0.0	0.0	0.0	0.0	0.0	0.0	0.0	0.0	0.0	0.0	0.0	0.0	0.0	0.0	0.0	0.0	0.0	0.0	0.0	0.0	0.0	0.0	0.0	0.0	0.0	0.0	31939.58451984032	-1668.598721910118	-51.94315793442561	31983.182754166915	-30061.434731979458	1071.4570778262137	10870.585435364175	31984.488523692813	0.0	0.0	0.0	0.0	0.0	0.0	0.0	0.0	0.0	0.0	0.0	0.0	0.0	0.0	0.0	0.0	0.0	0.0	0.0	0.0	0.0	0.0	0.0	0.0	0.0	0.0	0.0	0.0	30112.7520056609	-2233.1394838085403	-10547.168378937453	31984.488523692813	0.0	0.0	0.0	0.0	0.0	0.0	0.0	0.0	0.0	0.0	0.0	0.0	0.0	0.0	0.0	0.0	0.0	0.0	0.0	0.0	0.0	0.0	0.0	0.0	0.0	0.0	0.0	0.0	0.0	0.0	0.0	0.0	0.0	0.0	0.0	0.0	0.0	0.0	0.0	0.0	0.0	0.0	0.0	0.0	0.0	0.0	0.0	0.0	0.0	0.0	0.0	0.0	0.0	0.0	0.0	0.0	0.0	0.0	0.0	0.0	0.0	0.0	0.0	0.0	0.0	0.0	0.0	0.0	0.0	0.0	0.0	0.0	0.0	0.0	0.0	0.0	0.0	0.0	0.0	0.0	0.0	0.0	0.0	0.0	0.0	0.0	0.0	0.0	0.0	0.0	0.0	0.0	0.0	0.0	0.0	0.0	0.0	0.0	0.0	0.0	30.519569777435162	-0.08043022256483924	0.125063777887901	-0.4352043808066375	26.357240401245328	0.563841014631664	0.04199599745113636	-0.210603923945161	-0.014771812899977652
101.0	101.4908	2600.0	2577.764234816814	-0.37137505185535685	0.8110910149626674	28.059615875717512	-130.9497365320749	-153.36452490564258	444.11137118609537	487.75344285217204	-124.20415301614777	158.87680564164836	444.11137118609537	487.75344285217153	5.1057195492661556e-15	0.0	5.1057195492661556e-15	14.703055417246054	14.226032738450353	0.45036589780033554	3.933021180802978	0.8725602025127916	-0.2354179269113848	1.0198609531311151	0.0	0.0	0.0	0.0	0.0	0.0	0.0	0.0	0.0	0.0	0.0	0.0	0.0	0.0	0.0	0.0	0.0	0.0	0.0	0.0	0.0	0.0	0.0	0.0	0.0	0.0	0.0	0.0	0.0	0.0	0.0	0.0	0.0	0.0	0.0	0.0	0.0	0.0	0.0	0.0	0.0	0.0	0.0	0.0	0.0	0.0	0.0	0.0	31929.65813829689	-1660.7127171267523	-43.32345486035312	31972.84648696572	-30069.942184258332	1032.9916782994521	10820.231576701468	31974.144337972863	0.0	0.0	0.0	0.0	0.0	0.0	0.0	0.0	0.0	0.0	0.0	0.0	0.0	0.0	0.0	0.0	0.0	0.0	0.0	0.0	0.0	0.0	0.0	0.0	0.0	0.0	0.0	0.0	30122.638981802673	-2230.520369807977	-10487.960039844527	31974.144337972863	0.0	0.0	0.0	0.0	0.0	0.0	0.0	0.0	0.0	0.0	0.0	0.0	0.0	0.0	0.0	0.0	0.0	0.0	0.0	0.0	0.0	0.0	0.0	0.0	0.0	0.0	0.0	0.0	0.0	0.0	0.0	0.0	0.0	0.0	0.0	0.0	0.0	0.0	0.0	0.0	0.0	0.0	0.0	0.0	0.0	0.0	0.0	0.0	0.0	0.0	0.0	0.0	0.0	0.0	0.0	0.0	0.0	0.0	0.0	0.0	0.0	0.0	0.0	0.0	0.0	0.0	0.0	0.0	0.0	0.0	0.0	0.0	0.0	0.0	0.0	0.0	0.0	0.0	0.0	0.0	0.0	0.0	0.0	0.0	0.0	0.0	0.0	0.0	0.0	0.0	0.0	0.0	0.0	0.0	0.0	0.0	0.0	0.0	0.0	0.0	30.49508719097468	-0.10491280902532195	0.1252176486082762	-0.44002557564663236	26.167780997465247	0.5637881683042743	0.04210325426199623	-0.23023059614193297	-0.014771917169494459
102.0	102.4909	2600.0	2577.410691397771	-0.3996180380897638	0.7968408976385408	28.04615542896998	-132.713576520935	-160.77501445416053	473.1535871222339	517.0452742965077	-128.26571735939797	164.3453814866516	473.1535871222339	517.0452742965082	-5.0229276056544234e-15	0.0	-5.0229276056544234e-15	14.187507123912932	13.703522792535352	0.45257027444754105	4.264670931802469	0.8259681717154985	-0.2420689447544632	1.0265359271528856	0.0	0.0	0.0	0.0	0.0	0.0	0.0	0.0	0.0	0.0	0.0	0.0	0.0	0.0	0.0	0.0	0.0	0.0	0.0	0.0	0.0	0.0	0.0	0.0	0.0	0.0	0.0	0.0	0.0	0.0	0.0	0.0	0.0	0.0	0.0	0.0	0.0	0.0	0.0	0.0	0.0	0.0	0.0	0.0	0.0	0.0	0.0	0.0	31924.532329281756	-1656.3778221843422	-52.80044447568591	31967.516947991393	-30070.606067101508	995.2890703094466	10806.324138034128	31968.869090922486	0.0	0.0	0.0	0.0	0.0	0.0	0.0	0.0	0.0	0.0	0.0	0.0	0.0	0.0	0.0	0.0	0.0	0.0	0.0	0.0	0.0	0.0	0.0	0.0	0.0	0.0	0.0	0.0	30124.967091297323	-2229.5080986964467	-10465.383047869745	31968.869090922486	0.0	0.0	0.0	0.0	0.0	0.0	0.0	0.0	0.0	0.0	0.0	0.0	0.0	0.0	0.0	0.0	0.0	0.0	0.0	0.0	0.0	0.0	0.0	0.0	0.0	0.0	0.0	0.0	0.0	0.0	0.0	0.0	0.0	0.0	0.0	0.0	0.0	0.0	0.0	0.0	0.0	0.0	0.0	0.0	0.0	0.0	0.0	0.0	0.0	0.0	0.0	0.0	0.0	0.0	0.0	0.0	0.0	0.0	0.0	0.0	0.0	0.0	0.0	0.0	0.0	0.0	0.0	0.0	0.0	0.0	0.0	0.0	0.0	0.0	0.0	0.0	0.0	0.0	0.0	0.0	0.0	0.0	0.0	0.0	0.0	0.0	0.0	0.0	0.0	0.0	0.0	0.0	0.0	0.0	0.0	0.0	0.0	0.0	0.0	0.0	30.468585919988453	-0.1314140800115489	0.12533494326205	-0.44380309936400275	25.979480451136062	0.5637354297570303	0.042194843004234525	-0.252916331133636	-0.014813309315357712
103.0	103.491	2600.0	2577.907107585497	-0.42737372828906006	0.7815830039714795	28.033269964315842	-130.13301811246495	-152.81517442584658	462.725288642179	504.38256580382426	-118.23947138693619	162.19280916242136	462.72528864217907	504.382565803823	-9.237277994689795e-15	0.0	-9.237277994689795e-15	13.668252327742893	13.178309304369415	0.4537506468587649	4.5945835729786815	0.7786942910588217	-0.24875125049137234	1.0315695671008334	0.0	0.0	0.0	0.0	0.0	0.0	0.0	0.0	0.0	0.0	0.0	0.0	0.0	0.0	0.0	0.0	0.0	0.0	0.0	0.0	0.0	0.0	0.0	0.0	0.0	0.0	0.0	0.0	0.0	0.0	0.0	0.0	0.0	0.0	0.0	0.0	0.0	0.0	0.0	0.0	0.0	0.0	0.0	0.0	0.0	0.0	0.0	0.0	31924.069386320753	-1655.9272942920497	-49.37803162856531	31967.025816872778	-30086.733003588546	964.1796992567472	10762.7350511058	31968.384555713557	0.0	0.0	0.0	0.0	0.0	0.0	0.0	0.0	0.0	0.0	0.0	0.0	0.0	0.0	0.0	0.0	0.0	0.0	0.0	0.0	0.0	0.0	0.0	0.0	0.0	0.0	0.0	0.0	30142.323965954973	-2232.0270891255846	-10413.25943721806	31968.384555713557	0.0	0.0	0.0	0.0	0.0	0.0	0.0	0.0	0.0	0.0	0.0	0.0	0.0	0.0	0.0	0.0	0.0	0.0	0.0	0.0	0.0	0.0	0.0	0.0	0.0	0.0	0.0	0.0	0.0	0.0	0.0	0.0	0.0	0.0	0.0	0.0	0.0	0.0	0.0	0.0	0.0	0.0	0.0	0.0	0.0	0.0	0.0	0.0	0.0	0.0	0.0	0.0	0.0	0.0	0.0	0.0	0.0	0.0	0.0	0.0	0.0	0.0	0.0	0.0	0.0	0.0	0.0	0.0	0.0	0.0	0.0	0.0	0.0	0.0	0.0	0.0	0.0	0.0	0.0	0.0	0.0	0.0	0.0	0.0	0.0	0.0	0.0	0.0	0.0	0.0	0.0	0.0	0.0	0.0	0.0	0.0	0.0	0.0	0.0	0.0	30.440066657429963	-0.1599333425700352	0.12542041383611074	-0.44687618826298986	25.792166001666743	0.5636826235909537	0.04232409753393896	-0.27832322350547634	-0.014742461048280538
104.0	104.4911	2600.0	2577.3602155347185	-0.45461531888277146	0.7653610571284515	28.020990637234142	-133.0497898786998	-188.17368019831332	506.42346622653645	556.3958192249859	-148.8942392089084	175.90362712731076	506.4234662265365	556.3958192249862	-2.6376659437683093e-15	0.0	-2.6376659437683093e-15	13.145992776016215	12.650209143288322	0.4548618401397359	4.922854729030103	0.7313013262867536	-0.25545310432349794	1.0354747692373558	0.0	0.0	0.0	0.0	0.0	0.0	0.0	0.0	0.0	0.0	0.0	0.0	0.0	0.0	0.0	0.0	0.0	0.0	0.0	0.0	0.0	0.0	0.0	0.0	0.0	0.0	0.0	0.0	0.0	0.0	0.0	0.0	0.0	0.0	0.0	0.0	0.0	0.0	0.0	0.0	0.0	0.0	0.0	0.0	0.0	0.0	0.0	0.0	31901.199930123475	-1652.5298009740955	-47.08182596167372	31944.007707599147	-30081.890170552637	930.9007235985954	10710.394784906255	31945.253932923046	0.0	0.0	0.0	0.0	0.0	0.0	0.0	0.0	0.0	0.0	0.0	0.0	0.0	0.0	0.0	0.0	0.0	0.0	0.0	0.0	0.0	0.0	0.0	0.0	0.0	0.0	0.0	0.0	30138.706917094158	-2230.439481996461	-10352.909442354205	31945.253932923046	0.0	0.0	0.0	0.0	0.0	0.0	0.0	0.0	0.0	0.0	0.0	0.0	0.0	0.0	0.0	0.0	0.0	0.0	0.0	0.0	0.0	0.0	0.0	0.0	0.0	0.0	0.0	0.0	0.0	0.0	0.0	0.0	0.0	0.0	0.0	0.0	0.0	0.0	0.0	0.0	0.0	0.0	0.0	0.0	0.0	0.0	0.0	0.0	0.0	0.0	0.0	0.0	0.0	0.0	0.0	0.0	0.0	0.0	0.0	0.0	0.0	0.0	0.0	0.0	0.0	0.0	0.0	0.0	0.0	0.0	0.0	0.0	0.0	0.0	0.0	0.0	0.0	0.0	0.0	0.0	0.0	0.0	0.0	0.0	0.0	0.0	0.0	0.0	0.0	0.0	0.0	0.0	0.0	0.0	0.0	0.0	0.0	0.0	0.0	0.0	30.409588438895277	-0.19041156110472815	0.12548894273321567	-0.44946914239890307	25.606147624090188	0.5636298411240535	0.04243177525637677	-0.30616773797154645	-0.014725191505859759
105.0	105.4912	2600.0	2577.253333423517	-0.481303402710281	0.7481937342172452	28.00935364162521	-134.45389080875978	-189.10647423224052	508.7281244212166	559.1452511890732	-146.32515220124694	180.077919755433	508.72812442121665	559.1452511890726	1.7195734656070333e-14	0.0	1.7195734656070333e-14	12.620872863268465	12.119614803417324	0.4557219671689198	5.249564510089815	0.6842982262380257	-0.26216054112444714	1.0387450329491204	0.0	0.0	0.0	0.0	0.0	0.0	0.0	0.0	0.0	0.0	0.0	0.0	0.0	0.0	0.0	0.0	0.0	0.0	0.0	0.0	0.0	0.0	0.0	0.0	0.0	0.0	0.0	0.0	0.0	0.0	0.0	0.0	0.0	0.0	0.0	0.0	0.0	0.0	0.0	0.0	0.0	0.0	0.0	0.0	0.0	0.0	0.0	0.0	31898.633348762836	-1650.6726164955041	-50.32820726738857	31941.35348625821	-30090.937293036604	897.70091212782	10680.185611015453	31942.710260509164	0.0	0.0	0.0	0.0	0.0	0.0	0.0	0.0	0.0	0.0	0.0	0.0	0.0	0.0	0.0	0.0	0.0	0.0	0.0	0.0	0.0	0.0	0.0	0.0	0.0	0.0	0.0	0.0	30149.093140631758	-2230.4200139225923	-10314.753906218117	31942.710260509164	0.0	0.0	0.0	0.0	0.0	0.0	0.0	0.0	0.0	0.0	0.0	0.0	0.0	0.0	0.0	0.0	0.0	0.0	0.0	0.0	0.0	0.0	0.0	0.0	0.0	0.0	0.0	0.0	0.0	0.0	0.0	0.0	0.0	0.0	0.0	0.0	0.0	0.0	0.0	0.0	0.0	0.0	0.0	0.0	0.0	0.0	0.0	0.0	0.0	0.0	0.0	0.0	0.0	0.0	0.0	0.0	0.0	0.0	0.0	0.0	0.0	0.0	0.0	0.0	0.0	0.0	0.0	0.0	0.0	0.0	0.0	0.0	0.0	0.0	0.0	0.0	0.0	0.0	0.0	0.0	0.0	0.0	0.0	0.0	0.0	0.0	0.0	0.0	0.0	0.0	0.0	0.0	0.0	0.0	0.0	0.0	0.0	0.0	0.0	0.0	30.37718677501428	-0.2228132249857282	0.12554785102562666	-0.45179808950152056	25.421498034313284	0.5635769864587142	0.04252657432117547	-0.33619885586421583	-0.01473125758093776
106.0	106.4913	2600.0	2577.166218333547	-0.5073968464960323	0.7301189546241008	27.998392413872512	-134.2327117932036	-194.13196811838134	516.5420483086007	567.9096139631008	-148.0413501111652	183.81893432978177	516.5420483086007	567.9096139631006	1.306476417239003e-15	0.0	1.306476417239003e-15	12.092886155889646	11.586969610107438	0.4559453348162307	5.574722842227156	0.6380320359685014	-0.26886857919927226	1.0417103265209773	0.0	0.0	0.0	0.0	0.0	0.0	0.0	0.0	0.0	0.0	0.0	0.0	0.0	0.0	0.0	0.0	0.0	0.0	0.0	0.0	0.0	0.0	0.0	0.0	0.0	0.0	0.0	0.0	0.0	0.0	0.0	0.0	0.0	0.0	0.0	0.0	0.0	0.0	0.0	0.0	0.0	0.0	0.0	0.0	0.0	0.0	0.0	0.0	31895.424053484774	-1648.865909298598	-54.03314743083776	31938.061211029755	-30102.96038014097	865.5760121728949	10638.677823666025	31939.300419967716	0.0	0.0	0.0	0.0	0.0	0.0	0.0	0.0	0.0	0.0	0.0	0.0	0.0	0.0	0.0	0.0	0.0	0.0	0.0	0.0	0.0	0.0	0.0	0.0	0.0	0.0	0.0	0.0	30162.248140697237	-2230.122497396738	-10265.683224343176	31939.300419967716	0.0	0.0	0.0	0.0	0.0	0.0	0.0	0.0	0.0	0.0	0.0	0.0	0.0	0.0	0.0	0.0	0.0	0.0	0.0	0.0	0.0	0.0	0.0	0.0	0.0	0.0	0.0	0.0	0.0	0.0	0.0	0.0	0.0	0.0	0.0	0.0	0.0	0.0	0.0	0.0	0.0	0.0	0.0	0.0	0.0	0.0	0.0	0.0	0.0	0.0	0.0	0.0	0.0	0.0	0.0	0.0	0.0	0.0	0.0	0.0	0.0	0.0	0.0	0.0	0.0	0.0	0.0	0.0	0.0	0.0	0.0	0.0	0.0	0.0	0.0	0.0	0.0	0.0	0.0	0.0	0.0	0.0	0.0	0.0	0.0	0.0	0.0	0.0	0.0	0.0	0.0	0.0	0.0	0.0	0.0	0.0	0.0	0.0	0.0	0.0	30.34291790309127	-0.2570820969087322	0.12560032000823312	-0.4540075347143924	25.2382249320365	0.5635241261583707	0.0426258776809604	-0.36821666703829414	-0.014699946430773662
107.0	107.4914	2600.0	2576.7285873331657	-0.5328707386639476	0.7111820352714077	27.988131895457368	-136.1534951416943	-211.87620227356544	543.8170532430237	599.3048362286878	-161.15699321854115	193.53997743599757	543.8170532430237	599.3048362286871	1.1387272042667577e-15	0.0	1.1387272042667577e-15	11.562231302420566	11.052321743628926	0.4557467651137783	5.898272166862917	0.5926483495919415	-0.2755683048113861	1.0444596084088869	0.0	0.0	0.0	0.0	0.0	0.0	0.0	0.0	0.0	0.0	0.0	0.0	0.0	0.0	0.0	0.0	0.0	0.0	0.0	0.0	0.0	0.0	0.0	0.0	0.0	0.0	0.0	0.0	0.0	0.0	0.0	0.0	0.0	0.0	0.0	0.0	0.0	0.0	0.0	0.0	0.0	0.0	0.0	0.0	0.0	0.0	0.0	0.0	31881.437113844848	-1648.2733219690551	-59.357320611197	31924.071806075553	-30103.746675638162	834.9917471143494	10597.072331930982	31925.392983280915	0.0	0.0	0.0	0.0	0.0	0.0	0.0	0.0	0.0	0.0	0.0	0.0	0.0	0.0	0.0	0.0	0.0	0.0	0.0	0.0	0.0	0.0	0.0	0.0	0.0	0.0	0.0	0.0	30164.066284920988	-2230.8859143512655	-10216.798438501382	31925.392983280915	0.0	0.0	0.0	0.0	0.0	0.0	0.0	0.0	0.0	0.0	0.0	0.0	0.0	0.0	0.0	0.0	0.0	0.0	0.0	0.0	0.0	0.0	0.0	0.0	0.0	0.0	0.0	0.0	0.0	0.0	0.0	0.0	0.0	0.0	0.0	0.0	0.0	0.0	0.0	0.0	0.0	0.0	0.0	0.0	0.0	0.0	0.0	0.0	0.0	0.0	0.0	0.0	0.0	0.0	0.0	0.0	0.0	0.0	0.0	0.0	0.0	0.0	0.0	0.0	0.0	0.0	0.0	0.0	0.0	0.0	0.0	0.0	0.0	0.0	0.0	0.0	0.0	0.0	0.0	0.0	0.0	0.0	0.0	0.0	0.0	0.0	0.0	0.0	0.0	0.0	0.0	0.0	0.0	0.0	0.0	0.0	0.0	0.0	0.0	0.0	30.306846372262367	-0.293153627737631	0.12564302407251696	-0.4561354610026107	25.05642207413682	0.5634712656527666	0.04272686954004388	-0.4021187094830922	-0.014640194981384328
108.0	108.4914	2600.0	2577.4073530371743	-0.5576913427098634	0.6913798110566782	27.97860353820478	-133.19223025495012	-208.36171541008756	532.7777439338123	587.3728790811887	-155.3607509183039	192.40013441529302	532.7777439338124	587.3728790811888	1.893954100834212e-15	0.0	1.893954100834212e-15	11.029135551455425	10.515733401207813	0.4553547175174367	6.220153926011437	0.5482971802462577	-0.28225878525145026	1.0470906145611831	0.0	0.0	0.0	0.0	0.0	0.0	0.0	0.0	0.0	0.0	0.0	0.0	0.0	0.0	0.0	0.0	0.0	0.0	0.0	0.0	0.0	0.0	0.0	0.0	0.0	0.0	0.0	0.0	0.0	0.0	0.0	0.0	0.0	0.0	0.0	0.0	0.0	0.0	0.0	0.0	0.0	0.0	0.0	0.0	0.0	0.0	0.0	0.0	31881.252752187058	-1644.9313198241853	-51.073685991479365	31923.700985587097	-30128.33751105687	804.8001810402163	10528.28366795877	31925.05570088432	0.0	0.0	0.0	0.0	0.0	0.0	0.0	0.0	0.0	0.0	0.0	0.0	0.0	0.0	0.0	0.0	0.0	0.0	0.0	0.0	0.0	0.0	0.0	0.0	0.0	0.0	0.0	0.0	30189.450569213444	-2229.0661234574086	-10140.883593200298	31925.05570088432	0.0	0.0	0.0	0.0	0.0	0.0	0.0	0.0	0.0	0.0	0.0	0.0	0.0	0.0	0.0	0.0	0.0	0.0	0.0	0.0	0.0	0.0	0.0	0.0	0.0	0.0	0.0	0.0	0.0	0.0	0.0	0.0	0.0	0.0	0.0	0.0	0.0	0.0	0.0	0.0	0.0	0.0	0.0	0.0	0.0	0.0	0.0	0.0	0.0	0.0	0.0	0.0	0.0	0.0	0.0	0.0	0.0	0.0	0.0	0.0	0.0	0.0	0.0	0.0	0.0	0.0	0.0	0.0	0.0	0.0	0.0	0.0	0.0	0.0	0.0	0.0	0.0	0.0	0.0	0.0	0.0	0.0	0.0	0.0	0.0	0.0	0.0	0.0	0.0	0.0	0.0	0.0	0.0	0.0	0.0	0.0	0.0	0.0	0.0	0.0	30.268989183724646	-0.3310108162753524	0.12567587493960963	-0.4582235874403945	24.876193268011548	0.5634184147827557	0.0428107072206584	-0.4378463866101963	-0.014620938107116609
109.0	109.4914	2600.0	2577.1015819509134	-0.581821261061961	0.6707257129083303	27.969837046014362	-134.93925349135313	-211.95431957240638	540.7663183033346	596.2897338790508	-154.78298389863997	197.92792530019142	540.7663183033347	596.2897338790505	4.394039140357396e-14	0.0	4.394039140357396e-14	10.49385760412537	9.977666740825944	0.4546255212056659	6.540286402841447	0.5050602980627709	-0.28893709219935904	1.0496253770499782	0.0	0.0	0.0	0.0	0.0	0.0	0.0	0.0	0.0	0.0	0.0	0.0	0.0	0.0	0.0	0.0	0.0	0.0	0.0	0.0	0.0	0.0	0.0	0.0	0.0	0.0	0.0	0.0	0.0	0.0	0.0	0.0	0.0	0.0	0.0	0.0	0.0	0.0	0.0	0.0	0.0	0.0	0.0	0.0	0.0	0.0	0.0	0.0	31876.787206467645	-1643.315071026893	-56.198967941240475	31919.166739642205	-30135.311202576657	772.737494487096	10496.934677762525	31920.522272368013	0.0	0.0	0.0	0.0	0.0	0.0	0.0	0.0	0.0	0.0	0.0	0.0	0.0	0.0	0.0	0.0	0.0	0.0	0.0	0.0	0.0	0.0	0.0	0.0	0.0	0.0	0.0	0.0	30197.416318499476	-2228.936302740496	-10102.852705364407	31920.522272368013	0.0	0.0	0.0	0.0	0.0	0.0	0.0	0.0	0.0	0.0	0.0	0.0	0.0	0.0	0.0	0.0	0.0	0.0	0.0	0.0	0.0	0.0	0.0	0.0	0.0	0.0	0.0	0.0	0.0	0.0	0.0	0.0	0.0	0.0	0.0	0.0	0.0	0.0	0.0	0.0	0.0	0.0	0.0	0.0	0.0	0.0	0.0	0.0	0.0	0.0	0.0	0.0	0.0	0.0	0.0	0.0	0.0	0.0	0.0	0.0	0.0	0.0	0.0	0.0	0.0	0.0	0.0	0.0	0.0	0.0	0.0	0.0	0.0	0.0	0.0	0.0	0.0	0.0	0.0	0.0	0.0	0.0	0.0	0.0	0.0	0.0	0.0	0.0	0.0	0.0	0.0	0.0	0.0	0.0	0.0	0.0	0.0	0.0	0.0	0.0	30.22938107649502	-0.3706189235049814	0.12570619353788506	-0.4602808101294121	24.697654303487916	0.5633655675370337	0.04289744621491384	-0.47535596664970786	-0.014591434000300798
110.0	110.4914	2600.0	2577.2746722956836	-0.605244554168231	0.649241404603621	27.961852337844544	-133.2546680936284	-219.45452218802984	543.4290968025471	601.0260203428396	-158.9204319577312	201.64669643683007	543.4290968025471	601.0260203428393	0.0	0.0	0.0	9.956458554644763	9.438108592852826	0.45369421275739535	6.858599844238675	0.46306380562031213	-0.295602487310831	1.0521354634408293	0.0	0.0	0.0	0.0	0.0	0.0	0.0	0.0	0.0	0.0	0.0	0.0	0.0	0.0	0.0	0.0	0.0	0.0	0.0	0.0	0.0	0.0	0.0	0.0	0.0	0.0	0.0	0.0	0.0	0.0	0.0	0.0	0.0	0.0	0.0	0.0	0.0	0.0	0.0	0.0	0.0	0.0	0.0	0.0	0.0	0.0	0.0	0.0	31867.935079975134	-1641.6817060500396	-56.16928886268227	31910.242244058583	-30150.938492068253	744.7648067268386	10426.524820270655	31911.53688554567	0.0	0.0	0.0	0.0	0.0	0.0	0.0	0.0	0.0	0.0	0.0	0.0	0.0	0.0	0.0	0.0	0.0	0.0	0.0	0.0	0.0	0.0	0.0	0.0	0.0	0.0	0.0	0.0	30213.670782013665	-2228.2176480950266	-10025.733408900987	31911.53688554567	0.0	0.0	0.0	0.0	0.0	0.0	0.0	0.0	0.0	0.0	0.0	0.0	0.0	0.0	0.0	0.0	0.0	0.0	0.0	0.0	0.0	0.0	0.0	0.0	0.0	0.0	0.0	0.0	0.0	0.0	0.0	0.0	0.0	0.0	0.0	0.0	0.0	0.0	0.0	0.0	0.0	0.0	0.0	0.0	0.0	0.0	0.0	0.0	0.0	0.0	0.0	0.0	0.0	0.0	0.0	0.0	0.0	0.0	0.0	0.0	0.0	0.0	0.0	0.0	0.0	0.0	0.0	0.0	0.0	0.0	0.0	0.0	0.0	0.0	0.0	0.0	0.0	0.0	0.0	0.0	0.0	0.0	0.0	0.0	0.0	0.0	0.0	0.0	0.0	0.0	0.0	0.0	0.0	0.0	0.0	0.0	0.0	0.0	0.0	0.0	30.188066205391625	-0.41193379460837676	0.12572582431287352	-0.4623373678172287	24.52083682197065	0.5633127224462202	0.04297789739511819	-0.514573298644266	-0.014569845065139371
111.0	111.4914	2600.0	2577.6432650089205	-0.6279142428690357	0.6269571867102385	27.954677206053134	-130.87976951617017	-226.25124076854715	551.994482279368	610.7512148860451	-162.57138624530853	204.66969094663364	551.994482279368	610.7512148860442	8.025287656452636e-15	0.0	8.025287656452636e-15	9.41693728844795	8.897638413437035	0.4520351822313165	7.175012701593871	0.4224149934244008	-0.3022585560331862	1.0547016454253044	0.0	0.0	0.0	0.0	0.0	0.0	0.0	0.0	0.0	0.0	0.0	0.0	0.0	0.0	0.0	0.0	0.0	0.0	0.0	0.0	0.0	0.0	0.0	0.0	0.0	0.0	0.0	0.0	0.0	0.0	0.0	0.0	0.0	0.0	0.0	0.0	0.0	0.0	0.0	0.0	0.0	0.0	0.0	0.0	0.0	0.0	0.0	0.0	31864.304343447748	-1639.834923629738	-51.15414892005736	31906.51291845554	-30173.49838637409	718.2353886506758	10351.231227314322	31907.73973297633	0.0	0.0	0.0	0.0	0.0	0.0	0.0	0.0	0.0	0.0	0.0	0.0	0.0	0.0	0.0	0.0	0.0	0.0	0.0	0.0	0.0	0.0	0.0	0.0	0.0	0.0	0.0	0.0	30236.66045575602	-2227.9189578952073	-9944.073434349126	31907.73973297633	0.0	0.0	0.0	0.0	0.0	0.0	0.0	0.0	0.0	0.0	0.0	0.0	0.0	0.0	0.0	0.0	0.0	0.0	0.0	0.0	0.0	0.0	0.0	0.0	0.0	0.0	0.0	0.0	0.0	0.0	0.0	0.0	0.0	0.0	0.0	0.0	0.0	0.0	0.0	0.0	0.0	0.0	0.0	0.0	0.0	0.0	0.0	0.0	0.0	0.0	0.0	0.0	0.0	0.0	0.0	0.0	0.0	0.0	0.0	0.0	0.0	0.0	0.0	0.0	0.0	0.0	0.0	0.0	0.0	0.0	0.0	0.0	0.0	0.0	0.0	0.0	0.0	0.0	0.0	0.0	0.0	0.0	0.0	0.0	0.0	0.0	0.0	0.0	0.0	0.0	0.0	0.0	0.0	0.0	0.0	0.0	0.0	0.0	0.0	0.0	30.145098933764597	-0.4549010662354043	0.12574289476812311	-0.4644286094534471	24.345743342085314	0.5632598653481221	0.043073584359297624	-0.5554091459733764	-0.01448110343650556
112.0	112.4913	2600.0	2577.6121021243057	-0.6498108336807263	0.6039106575025988	27.948327096524526	-131.0294457935415	-232.70864188366068	550.971126017518	612.283602081023	-164.88389794976322	210.08409713539368	550.971126017518	612.2836020810237	0.0	0.0	0.0	8.875842308087865	8.356078421847366	0.45043349238011465	7.489418513163077	0.38311076305777314	-0.308896961254873	1.0572601026536397	0.0	0.0	0.0	0.0	0.0	0.0	0.0	0.0	0.0	0.0	0.0	0.0	0.0	0.0	0.0	0.0	0.0	0.0	0.0	0.0	0.0	0.0	0.0	0.0	0.0	0.0	0.0	0.0	0.0	0.0	0.0	0.0	0.0	0.0	0.0	0.0	0.0	0.0	0.0	0.0	0.0	0.0	0.0	0.0	0.0	0.0	0.0	0.0	31854.624149775387	-1637.9201410139958	-55.07559156549039	31896.753681724094	-30185.115496124563	690.1734923278647	10288.993154546533	31897.976692859327	0.0	0.0	0.0	0.0	0.0	0.0	0.0	0.0	0.0	0.0	0.0	0.0	0.0	0.0	0.0	0.0	0.0	0.0	0.0	0.0	0.0	0.0	0.0	0.0	0.0	0.0	0.0	0.0	30248.79469539787	-2227.2017739886583	-9875.773834581682	31897.976692859327	0.0	0.0	0.0	0.0	0.0	0.0	0.0	0.0	0.0	0.0	0.0	0.0	0.0	0.0	0.0	0.0	0.0	0.0	0.0	0.0	0.0	0.0	0.0	0.0	0.0	0.0	0.0	0.0	0.0	0.0	0.0	0.0	0.0	0.0	0.0	0.0	0.0	0.0	0.0	0.0	0.0	0.0	0.0	0.0	0.0	0.0	0.0	0.0	0.0	0.0	0.0	0.0	0.0	0.0	0.0	0.0	0.0	0.0	0.0	0.0	0.0	0.0	0.0	0.0	0.0	0.0	0.0	0.0	0.0	0.0	0.0	0.0	0.0	0.0	0.0	0.0	0.0	0.0	0.0	0.0	0.0	0.0	0.0	0.0	0.0	0.0	0.0	0.0	0.0	0.0	0.0	0.0	0.0	0.0	0.0	0.0	0.0	0.0	0.0	0.0	30.10054157953441	-0.49945842046558653	0.12575395047805268	-0.46652441135041023	24.172607206266097	0.5632070038339726	0.04314685003050649	-0.5978303351853224	-0.01443807830188319
113.0	113.4912	2600.0	2577.7719512832023	-0.6709078436720837	0.5801478683692396	27.94281656012031	-129.87474184470557	-247.60334516083273	565.5824829437355	630.9187032549156	-175.3131645963294	217.80762021399278	565.5824829437356	630.9187032549149	1.148630945927604e-14	0.0	1.148630945927604e-14	8.332952480137687	7.813837673190103	0.44831057868027924	7.801764681056415	0.3453719191451593	-0.3155284703880017	1.0599652810009244	0.0	0.0	0.0	0.0	0.0	0.0	0.0	0.0	0.0	0.0	0.0	0.0	0.0	0.0	0.0	0.0	0.0	0.0	0.0	0.0	0.0	0.0	0.0	0.0	0.0	0.0	0.0	0.0	0.0	0.0	0.0	0.0	0.0	0.0	0.0	0.0	0.0	0.0	0.0	0.0	0.0	0.0	0.0	0.0	0.0	0.0	0.0	0.0	31847.5400741269	-1635.5724800525763	-50.19530926158892	31889.550415139063	-30207.013598308513	665.4754199666434	10203.775981130693	31890.80701920344	0.0	0.0	0.0	0.0	0.0	0.0	0.0	0.0	0.0	0.0	0.0	0.0	0.0	0.0	0.0	0.0	0.0	0.0	0.0	0.0	0.0	0.0	0.0	0.0	0.0	0.0	0.0	0.0	30270.90282460434	-2226.509075110062	-9784.614037246893	31890.80701920344	0.0	0.0	0.0	0.0	0.0	0.0	0.0	0.0	0.0	0.0	0.0	0.0	0.0	0.0	0.0	0.0	0.0	0.0	0.0	0.0	0.0	0.0	0.0	0.0	0.0	0.0	0.0	0.0	0.0	0.0	0.0	0.0	0.0	0.0	0.0	0.0	0.0	0.0	0.0	0.0	0.0	0.0	0.0	0.0	0.0	0.0	0.0	0.0	0.0	0.0	0.0	0.0	0.0	0.0	0.0	0.0	0.0	0.0	0.0	0.0	0.0	0.0	0.0	0.0	0.0	0.0	0.0	0.0	0.0	0.0	0.0	0.0	0.0	0.0	0.0	0.0	0.0	0.0	0.0	0.0	0.0	0.0	0.0	0.0	0.0	0.0	0.0	0.0	0.0	0.0	0.0	0.0	0.0	0.0	0.0	0.0	0.0	0.0	0.0	0.0	30.054465811722295	-0.5455341882777025	0.12576566997670333	-0.4686927530886975	24.00133627911069	0.5631541681290022	0.04323330001534354	-0.6416984222516268	-0.014346143925396451
114.0	114.4911	2600.0	2577.6938924198043	-0.6911763046351187	0.5557061394161089	27.938160056805394	-130.89909706197432	-231.82213218722023	545.1027120708571	606.6407843942516	-156.699641305775	215.22382999591355	545.1027120708573	606.6407843942511	1.634485506133121e-15	0.0	1.634485506133121e-15	7.788806022932761	7.271104723683223	0.4460674771259678	8.111951936951826	0.30921365247750937	-0.3221443429481658	1.0627870940767619	0.0	0.0	0.0	0.0	0.0	0.0	0.0	0.0	0.0	0.0	0.0	0.0	0.0	0.0	0.0	0.0	0.0	0.0	0.0	0.0	0.0	0.0	0.0	0.0	0.0	0.0	0.0	0.0	0.0	0.0	0.0	0.0	0.0	0.0	0.0	0.0	0.0	0.0	0.0	0.0	0.0	0.0	0.0	0.0	0.0	0.0	0.0	0.0	31847.479566406997	-1634.5076029391257	-63.9356567676264	31889.459976691098	-30215.913248199984	633.8161079321043	10179.056947039597	31890.693573713586	0.0	0.0	0.0	0.0	0.0	0.0	0.0	0.0	0.0	0.0	0.0	0.0	0.0	0.0	0.0	0.0	0.0	0.0	0.0	0.0	0.0	0.0	0.0	0.0	0.0	0.0	0.0	0.0	30280.419005141244	-2226.8771205545117	-9754.669639486967	31890.693573713586	0.0	0.0	0.0	0.0	0.0	0.0	0.0	0.0	0.0	0.0	0.0	0.0	0.0	0.0	0.0	0.0	0.0	0.0	0.0	0.0	0.0	0.0	0.0	0.0	0.0	0.0	0.0	0.0	0.0	0.0	0.0	0.0	0.0	0.0	0.0	0.0	0.0	0.0	0.0	0.0	0.0	0.0	0.0	0.0	0.0	0.0	0.0	0.0	0.0	0.0	0.0	0.0	0.0	0.0	0.0	0.0	0.0	0.0	0.0	0.0	0.0	0.0	0.0	0.0	0.0	0.0	0.0	0.0	0.0	0.0	0.0	0.0	0.0	0.0	0.0	0.0	0.0	0.0	0.0	0.0	0.0	0.0	0.0	0.0	0.0	0.0	0.0	0.0	0.0	0.0	0.0	0.0	0.0	0.0	0.0	0.0	0.0	0.0	0.0	0.0	30.006935866811766	-0.593064133188239	0.12577396751910142	-0.47091824484366585	23.832155120895237	0.5631013211285065	0.043317355121331995	-0.6869637137045443	-0.014270811122842363
115.0	115.491	2600.0	2578.274888640475	-0.7105829897184631	0.5305950773841065	27.93437563406629	-128.12003536956036	-243.93446888577458	543.2081923206049	609.0926930918655	-165.04934674413198	220.62973895877442	543.208192320605	609.0926930918649	0.0	0.0	0.0	7.243312032655162	6.727713938362823	0.4438310327812295	8.419932181903933	0.27485370491840727	-0.3287537164274206	1.0659090109983749	0.0	0.0	0.0	0.0	0.0	0.0	0.0	0.0	0.0	0.0	0.0	0.0	0.0	0.0	0.0	0.0	0.0	0.0	0.0	0.0	0.0	0.0	0.0	0.0	0.0	0.0	0.0	0.0	0.0	0.0	0.0	0.0	0.0	0.0	0.0	0.0	0.0	0.0	0.0	0.0	0.0	0.0	0.0	0.0	0.0	0.0	0.0	0.0	31846.721385449906	-1632.482641720384	-56.48935648790505	31888.585005067052	-30249.10082921035	612.327216171508	10078.837683782811	31889.904588308815	0.0	0.0	0.0	0.0	0.0	0.0	0.0	0.0	0.0	0.0	0.0	0.0	0.0	0.0	0.0	0.0	0.0	0.0	0.0	0.0	0.0	0.0	0.0	0.0	0.0	0.0	0.0	0.0	30313.592871680026	-2226.6432438843726	-9648.531583921631	31889.904588308815	0.0	0.0	0.0	0.0	0.0	0.0	0.0	0.0	0.0	0.0	0.0	0.0	0.0	0.0	0.0	0.0	0.0	0.0	0.0	0.0	0.0	0.0	0.0	0.0	0.0	0.0	0.0	0.0	0.0	0.0	0.0	0.0	0.0	0.0	0.0	0.0	0.0	0.0	0.0	0.0	0.0	0.0	0.0	0.0	0.0	0.0	0.0	0.0	0.0	0.0	0.0	0.0	0.0	0.0	0.0	0.0	0.0	0.0	0.0	0.0	0.0	0.0	0.0	0.0	0.0	0.0	0.0	0.0	0.0	0.0	0.0	0.0	0.0	0.0	0.0	0.0	0.0	0.0	0.0	0.0	0.0	0.0	0.0	0.0	0.0	0.0	0.0	0.0	0.0	0.0	0.0	0.0	0.0	0.0	0.0	0.0	0.0	0.0	0.0	0.0	29.957989068511445	-0.6420109314885567	0.1257827996739942	-0.4732811082604109	23.665022385198146	0.5630484687107702	0.043393505453160654	-0.7335095936332886	-0.01423269400560229
116.0	116.4908	2600.0	2578.377981813286	-0.7291158094773621	0.5048654940537479	27.931466289537155	-127.05581287537642	-252.85023505377742	561.3678104101367	628.6574898280021	-169.62860643850948	226.50067732769097	561.3678104101367	628.6574898280023	0.0	0.0	0.0	6.696654036607033	6.184289172160089	0.4412029072910897	8.725604921231405	0.2423660988353064	-0.3353656469429235	1.0693485703707175	0.0	0.0	0.0	0.0	0.0	0.0	0.0	0.0	0.0	0.0	0.0	0.0	0.0	0.0	0.0	0.0	0.0	0.0	0.0	0.0	0.0	0.0	0.0	0.0	0.0	0.0	0.0	0.0	0.0	0.0	0.0	0.0	0.0	0.0	0.0	0.0	0.0	0.0	0.0	0.0	0.0	0.0	0.0	0.0	0.0	0.0	0.0	0.0	31838.554602456286	-1630.3297504608254	-56.79564604733937	31880.31932108331	-30266.55466360331	587.6178854555145	10001.329889570627	31881.596972928022	0.0	0.0	0.0	0.0	0.0	0.0	0.0	0.0	0.0	0.0	0.0	0.0	0.0	0.0	0.0	0.0	0.0	0.0	0.0	0.0	0.0	0.0	0.0	0.0	0.0	0.0	0.0	0.0	30331.096576311702	-2226.068630570564	-9565.846772484634	31881.596972928022	0.0	0.0	0.0	0.0	0.0	0.0	0.0	0.0	0.0	0.0	0.0	0.0	0.0	0.0	0.0	0.0	0.0	0.0	0.0	0.0	0.0	0.0	0.0	0.0	0.0	0.0	0.0	0.0	0.0	0.0	0.0	0.0	0.0	0.0	0.0	0.0	0.0	0.0	0.0	0.0	0.0	0.0	0.0	0.0	0.0	0.0	0.0	0.0	0.0	0.0	0.0	0.0	0.0	0.0	0.0	0.0	0.0	0.0	0.0	0.0	0.0	0.0	0.0	0.0	0.0	0.0	0.0	0.0	0.0	0.0	0.0	0.0	0.0	0.0	0.0	0.0	0.0	0.0	0.0	0.0	0.0	0.0	0.0	0.0	0.0	0.0	0.0	0.0	0.0	0.0	0.0	0.0	0.0	0.0	0.0	0.0	0.0	0.0	0.0	0.0	29.907704988853553	-0.6922950111464524	0.12578900386446004	-0.47578763360945736	23.500010659655103	0.5629956123686287	0.043481026427792765	-0.7812500592899935	-0.014156377947871578
117.0	117.4907	2600.0	2578.4559664845106	-0.7467623986811639	0.4785380816407287	27.92943788032713	-126.00512369397985	-258.17513582110814	553.7996105795783	623.8795561897143	-170.85905084825026	230.95210909757225	553.7996105795784	623.8795561897138	-1.619479382814496e-15	0.0	-1.619479382814496e-15	6.149000036745467	5.640736953742064	0.43849215083922716	9.028783551388475	0.21157833450953858	-0.3420004244840912	1.0728692540026397	0.0	0.0	0.0	0.0	0.0	0.0	0.0	0.0	0.0	0.0	0.0	0.0	0.0	0.0	0.0	0.0	0.0	0.0	0.0	0.0	0.0	0.0	0.0	0.0	0.0	0.0	0.0	0.0	0.0	0.0	0.0	0.0	0.0	0.0	0.0	0.0	0.0	0.0	0.0	0.0	0.0	0.0	0.0	0.0	0.0	0.0	0.0	0.0	31833.865997322748	-1628.1692447048931	-57.038710753356675	31875.52686371519	-30288.3695563706	564.0277251123979	9920.756307982801	31876.713497165205	0.0	0.0	0.0	0.0	0.0	0.0	0.0	0.0	0.0	0.0	0.0	0.0	0.0	0.0	0.0	0.0	0.0	0.0	0.0	0.0	0.0	0.0	0.0	0.0	0.0	0.0	0.0	0.0	30352.878123995815	-2225.752612226972	-9480.172903453575	31876.713497165205	0.0	0.0	0.0	0.0	0.0	0.0	0.0	0.0	0.0	0.0	0.0	0.0	0.0	0.0	0.0	0.0	0.0	0.0	0.0	0.0	0.0	0.0	0.0	0.0	0.0	0.0	0.0	0.0	0.0	0.0	0.0	0.0	0.0	0.0	0.0	0.0	0.0	0.0	0.0	0.0	0.0	0.0	0.0	0.0	0.0	0.0	0.0	0.0	0.0	0.0	0.0	0.0	0.0	0.0	0.0	0.0	0.0	0.0	0.0	0.0	0.0	0.0	0.0	0.0	0.0	0.0	0.0	0.0	0.0	0.0	0.0	0.0	0.0	0.0	0.0	0.0	0.0	0.0	0.0	0.0	0.0	0.0	0.0	0.0	0.0	0.0	0.0	0.0	0.0	0.0	0.0	0.0	0.0	0.0	0.0	0.0	0.0	0.0	0.0	0.0	29.856133804054334	-0.7438661959456636	0.12578853348505123	-0.47833262108039737	23.337183024492425	0.562942759824239	0.04356358033841997	-0.8302396110596199	-0.014072246544081611
118.0	118.4905	2600.0	2579.1330871233854	-0.7635103127740266	0.4516471894441399	27.928292359388344	-122.94301457978145	-241.97178154267704	522.9866507498709	589.2201326834214	-154.02270102006696	223.4778187368574	522.986650749871	589.2201326834208	4.383576105883028e-15	0.0	4.383576105883028e-15	5.600650545304242	5.097430521296434	0.4356810444035212	9.328292250753107	0.1829277900146546	-0.3498064520937494	1.0765423221720978	0.0	0.0	0.0	0.0	0.0	0.0	0.0	0.0	0.0	0.0	0.0	0.0	0.0	0.0	0.0	0.0	0.0	0.0	0.0	0.0	0.0	0.0	0.0	0.0	0.0	0.0	0.0	0.0	0.0	0.0	0.0	0.0	0.0	0.0	0.0	0.0	0.0	0.0	0.0	0.0	0.0	0.0	0.0	0.0	0.0	0.0	0.0	0.0	31840.59404988019	-1626.3935110062575	-57.37072813163548	31882.156086161354	-30322.058574452305	541.4861899556383	9840.660680560366	31883.523113300325	0.0	0.0	0.0	0.0	0.0	0.0	0.0	0.0	0.0	0.0	0.0	0.0	0.0	0.0	0.0	0.0	0.0	0.0	0.0	0.0	0.0	0.0	0.0	0.0	0.0	0.0	0.0	0.0	30386.45648998335	-2226.2150577746224	-9395.013284463343	31883.523113300325	0.0	0.0	0.0	0.0	0.0	0.0	0.0	0.0	0.0	0.0	0.0	0.0	0.0	0.0	0.0	0.0	0.0	0.0	0.0	0.0	0.0	0.0	0.0	0.0	0.0	0.0	0.0	0.0	0.0	0.0	0.0	0.0	0.0	0.0	0.0	0.0	0.0	0.0	0.0	0.0	0.0	0.0	0.0	0.0	0.0	0.0	0.0	0.0	0.0	0.0	0.0	0.0	0.0	0.0	0.0	0.0	0.0	0.0	0.0	0.0	0.0	0.0	0.0	0.0	0.0	0.0	0.0	0.0	0.0	0.0	0.0	0.0	0.0	0.0	0.0	0.0	0.0	0.0	0.0	0.0	0.0	0.0	0.0	0.0	0.0	0.0	0.0	0.0	0.0	0.0	0.0	0.0	0.0	0.0	0.0	0.0	0.0	0.0	0.0	0.0	29.80334069537397	-0.7966593046260294	0.12576287666510477	-0.48093854831087085	23.17658965438365	0.5628899070962887	0.04363970093697767	-0.880390702926047	-0.013983813179334231
119.0	119.4903	2600.0	2579.4000124354156	-0.779340773579671	0.4241912378895571	27.928038165720253	-120.17276852346545	-217.11086715371403	483.39251234577586	543.3663073128414	-129.8235248600049	211.48161935203103	483.39251234577586	543.3663073128429	1.0625343022457453e-14	0.0	1.0625343022457453e-14	5.052829199364481	4.5558274290751095	0.4326567624822914	9.616539262381455	0.15899870048112422	-0.36669980018391135	1.0805388818568749	0.0	0.0	0.0	0.0	0.0	0.0	0.0	0.0	0.0	0.0	0.0	0.0	0.0	0.0	0.0	0.0	0.0	0.0	0.0	0.0	0.0	0.0	0.0	0.0	0.0	0.0	0.0	0.0	0.0	0.0	0.0	0.0	0.0	0.0	0.0	0.0	0.0	0.0	0.0	0.0	0.0	0.0	0.0	0.0	0.0	0.0	0.0	0.0	31849.55803250594	-1624.0370837086923	-58.998612985672715	31890.991269503666	-30357.564288350455	518.7559130707984	9760.094111018727	31892.166032971472	0.0	0.0	0.0	0.0	0.0	0.0	0.0	0.0	0.0	0.0	0.0	0.0	0.0	0.0	0.0	0.0	0.0	0.0	0.0	0.0	0.0	0.0	0.0	0.0	0.0	0.0	0.0	0.0	30421.661405294155	-2226.164463793565	-9310.04636918626	31892.166032971472	0.0	0.0	0.0	0.0	0.0	0.0	0.0	0.0	0.0	0.0	0.0	0.0	0.0	0.0	0.0	0.0	0.0	0.0	0.0	0.0	0.0	0.0	0.0	0.0	0.0	0.0	0.0	0.0	0.0	0.0	0.0	0.0	0.0	0.0	0.0	0.0	0.0	0.0	0.0	0.0	0.0	0.0	0.0	0.0	0.0	0.0	0.0	0.0	0.0	0.0	0.0	0.0	0.0	0.0	0.0	0.0	0.0	0.0	0.0	0.0	0.0	0.0	0.0	0.0	0.0	0.0	0.0	0.0	0.0	0.0	0.0	0.0	0.0	0.0	0.0	0.0	0.0	0.0	0.0	0.0	0.0	0.0	0.0	0.0	0.0	0.0	0.0	0.0	0.0	0.0	0.0	0.0	0.0	0.0	0.0	0.0	0.0	0.0	0.0	0.0	29.74935442519494	-0.8506455748050606	0.1257187310541031	-0.4836875047403555	23.018255545017407	0.5628370862469901	0.04371264351658177	-0.931593102973043	-0.013912542741384842
120.0	120.4902	2600.0	2578.9721312115316	-0.7942113606993453	0.39622019153051524	27.92868050098063	-122.39156810382336	-221.31849837429277	459.2010522515925	524.2396208362494	-128.61346978463553	217.76167949279622	459.20105225159256	524.2396208362514	0.0	0.0	0.0	4.504557110208872	4.01485139369369	0.4294390433485963	9.90069783421633	0.13735033087329063	-0.38500111690433364	1.0847111958864681	0.0	0.0	0.0	0.0	0.0	0.0	0.0	0.0	0.0	0.0	0.0	0.0	0.0	0.0	0.0	0.0	0.0	0.0	0.0	0.0	0.0	0.0	0.0	0.0	0.0	0.0	0.0	0.0	0.0	0.0	0.0	0.0	0.0	0.0	0.0	0.0	0.0	0.0	0.0	0.0	0.0	0.0	0.0	0.0	0.0	0.0	0.0	0.0	31845.750122988746	-1622.1760947554574	-60.358136163275645	31887.096124966214	-30381.785902091124	498.04587025781035	9672.534189931475	31888.22481645501	0.0	0.0	0.0	0.0	0.0	0.0	0.0	0.0	0.0	0.0	0.0	0.0	0.0	0.0	0.0	0.0	0.0	0.0	0.0	0.0	0.0	0.0	0.0	0.0	0.0	0.0	0.0	0.0	30445.42872145856	-2226.5649074427747	-9218.30573502028	31888.22481645501	0.0	0.0	0.0	0.0	0.0	0.0	0.0	0.0	0.0	0.0	0.0	0.0	0.0	0.0	0.0	0.0	0.0	0.0	0.0	0.0	0.0	0.0	0.0	0.0	0.0	0.0	0.0	0.0	0.0	0.0	0.0	0.0	0.0	0.0	0.0	0.0	0.0	0.0	0.0	0.0	0.0	0.0	0.0	0.0	0.0	0.0	0.0	0.0	0.0	0.0	0.0	0.0	0.0	0.0	0.0	0.0	0.0	0.0	0.0	0.0	0.0	0.0	0.0	0.0	0.0	0.0	0.0	0.0	0.0	0.0	0.0	0.0	0.0	0.0	0.0	0.0	0.0	0.0	0.0	0.0	0.0	0.0	0.0	0.0	0.0	0.0	0.0	0.0	0.0	0.0	0.0	0.0	0.0	0.0	0.0	0.0	0.0	0.0	0.0	0.0	29.694257093313592	-0.9057429066864098	0.12567980262128833	-0.48654826903210824	22.86220355850558	0.5627842392722564	0.04380282435799233	-0.9837960142103793	-0.013800877639864843
121.0	121.49	2600.0	2579.741512764327	-0.8080924095450693	0.36780017036680795	27.930214920914363	-117.94018847724875	-158.6745623997054	322.4554485061233	378.239370084702	-73.70080447547844	183.45488881590066	322.4554485061233	378.23937008470216	0.0	0.0	0.0	3.9561097239359158	3.473932600969437	0.4268859834998426	10.182570152202269	0.11740377927444877	-0.4027115749008386	1.0890732821080071	0.0	0.0	0.0	0.0	0.0	0.0	0.0	0.0	0.0	0.0	0.0	0.0	0.0	0.0	0.0	0.0	0.0	0.0	0.0	0.0	0.0	0.0	0.0	0.0	0.0	0.0	0.0	0.0	0.0	0.0	0.0	0.0	0.0	0.0	0.0	0.0	0.0	0.0	0.0	0.0	0.0	0.0	0.0	0.0	0.0	0.0	0.0	0.0	31872.281777482498	-1623.119800370068	-61.72174726317876	31913.643996944025	-30435.751134537262	480.19706701078405	9591.250640393917	31914.84960317859	0.0	0.0	0.0	0.0	0.0	0.0	0.0	0.0	0.0	0.0	0.0	0.0	0.0	0.0	0.0	0.0	0.0	0.0	0.0	0.0	0.0	0.0	0.0	0.0	0.0	0.0	0.0	0.0	30499.03022731246	-2230.590414294706	-9131.880791526222	31914.84960317859	0.0	0.0	0.0	0.0	0.0	0.0	0.0	0.0	0.0	0.0	0.0	0.0	0.0	0.0	0.0	0.0	0.0	0.0	0.0	0.0	0.0	0.0	0.0	0.0	0.0	0.0	0.0	0.0	0.0	0.0	0.0	0.0	0.0	0.0	0.0	0.0	0.0	0.0	0.0	0.0	0.0	0.0	0.0	0.0	0.0	0.0	0.0	0.0	0.0	0.0	0.0	0.0	0.0	0.0	0.0	0.0	0.0	0.0	0.0	0.0	0.0	0.0	0.0	0.0	0.0	0.0	0.0	0.0	0.0	0.0	0.0	0.0	0.0	0.0	0.0	0.0	0.0	0.0	0.0	0.0	0.0	0.0	0.0	0.0	0.0	0.0	0.0	0.0	0.0	0.0	0.0	0.0	0.0	0.0	0.0	0.0	0.0	0.0	0.0	0.0	29.6381485951353	-0.9618514048646958	0.1256487656592907	-0.48952399075550046	22.70865207255382	0.5627313507058861	0.04385748278602918	-1.0368951407659746	-0.013798786902175059
122.0	122.4897	2600.0	2579.779335912381	-0.820941549928827	0.33898429242987643	27.932640508896533	-117.98959680852202	-23.669131825155603	-6.14034297037871	120.49679069663253	43.41333318934994	112.23660391237355	-6.140342970378697	120.49679069662568	1.728981514477279e-15	0.0	1.728981514477279e-15	3.406876366047913	2.934379557492418	0.423086641150117	10.462212425575828	0.09919031121907905	-0.4196825286792688	1.0937116426914912	0.0	0.0	0.0	0.0	0.0	0.0	0.0	0.0	0.0	0.0	0.0	0.0	0.0	0.0	0.0	0.0	0.0	0.0	0.0	0.0	0.0	0.0	0.0	0.0	0.0	0.0	0.0	0.0	0.0	0.0	0.0	0.0	0.0	0.0	0.0	0.0	0.0	0.0	0.0	0.0	0.0	0.0	0.0	0.0	0.0	0.0	0.0	0.0	31933.708730028382	-1621.5076493878369	-62.77330308746305	31974.91174028311	-30523.926119275297	459.5808185468644	9515.540892943518	31976.034756502144	0.0	0.0	0.0	0.0	0.0	0.0	0.0	0.0	0.0	0.0	0.0	0.0	0.0	0.0	0.0	0.0	0.0	0.0	0.0	0.0	0.0	0.0	0.0	0.0	0.0	0.0	0.0	0.0	30586.643954389285	-2232.681089510668	-9052.024387339881	31976.034756502144	0.0	0.0	0.0	0.0	0.0	0.0	0.0	0.0	0.0	0.0	0.0	0.0	0.0	0.0	0.0	0.0	0.0	0.0	0.0	0.0	0.0	0.0	0.0	0.0	0.0	0.0	0.0	0.0	0.0	0.0	0.0	0.0	0.0	0.0	0.0	0.0	0.0	0.0	0.0	0.0	0.0	0.0	0.0	0.0	0.0	0.0	0.0	0.0	0.0	0.0	0.0	0.0	0.0	0.0	0.0	0.0	0.0	0.0	0.0	0.0	0.0	0.0	0.0	0.0	0.0	0.0	0.0	0.0	0.0	0.0	0.0	0.0	0.0	0.0	0.0	0.0	0.0	0.0	0.0	0.0	0.0	0.0	0.0	0.0	0.0	0.0	0.0	0.0	0.0	0.0	0.0	0.0	0.0	0.0	0.0	0.0	0.0	0.0	0.0	0.0	29.5811167524441	-1.0188832475559015	0.12562889648986977	-0.49265199568568535	22.557339838308835	0.5626784571904597	0.04395980515983583	-1.0907676657504213	-0.013607141582987821
123.0	123.4897	2600.0	2579.740462075906	-0.832830322773178	0.3096152474807921	27.93596165049163	-118.33461670290126	48.60666762941093	-207.77304539462054	243.9986230305688	105.8326880570912	71.86885129781875	-207.77304539462054	243.99862303056676	0.0	0.0	0.0	2.857740030483826	2.3955838106867375	0.41957242222545826	10.739271318782416	0.08306009631088047	-0.43627338588822034	1.0986420329188753	0.0	0.0	0.0	0.0	0.0	0.0	0.0	0.0	0.0	0.0	0.0	0.0	0.0	0.0	0.0	0.0	0.0	0.0	0.0	0.0	0.0	0.0	0.0	0.0	0.0	0.0	0.0	0.0	0.0	0.0	0.0	0.0	0.0	0.0	0.0	0.0	0.0	0.0	0.0	0.0	0.0	0.0	0.0	0.0	0.0	0.0	0.0	0.0	31978.248625491135	-1621.2287585367867	-65.86439554366511	32019.38640823451	-30595.630948450707	440.93427134854807	9435.532793146103	32020.56113274689	0.0	0.0	0.0	0.0	0.0	0.0	0.0	0.0	0.0	0.0	0.0	0.0	0.0	0.0	0.0	0.0	0.0	0.0	0.0	0.0	0.0	0.0	0.0	0.0	0.0	0.0	0.0	0.0	30657.73515816954	-2235.7824135753453	-8967.769356236959	32020.56113274689	0.0	0.0	0.0	0.0	0.0	0.0	0.0	0.0	0.0	0.0	0.0	0.0	0.0	0.0	0.0	0.0	0.0	0.0	0.0	0.0	0.0	0.0	0.0	0.0	0.0	0.0	0.0	0.0	0.0	0.0	0.0	0.0	0.0	0.0	0.0	0.0	0.0	0.0	0.0	0.0	0.0	0.0	0.0	0.0	0.0	0.0	0.0	0.0	0.0	0.0	0.0	0.0	0.0	0.0	0.0	0.0	0.0	0.0	0.0	0.0	0.0	0.0	0.0	0.0	0.0	0.0	0.0	0.0	0.0	0.0	0.0	0.0	0.0	0.0	0.0	0.0	0.0	0.0	0.0	0.0	0.0	0.0	0.0	0.0	0.0	0.0	0.0	0.0	0.0	0.0	0.0	0.0	0.0	0.0	0.0	0.0	0.0	0.0	0.0	0.0	29.52303251901947	-1.0769674809805319	0.1256247502785483	-0.4959338430078139	22.40859947882182	0.5626256037678454	0.044034457445082484	-1.1455393524465969	-0.013502003213598101
124.0	124.4896	2600.0	2580.3191412111287	-0.8437347333914043	0.279834226175963	27.940153102602142	-114.35584870445015	55.96052223102856	-225.97699184447364	259.3731694380932	110.8790884018217	62.56730724960289	-225.97699184447367	259.37316943809446	0.0	0.0	0.0	2.3084651000257113	1.8579070325163025	0.4157664450998169	11.01323108959533	0.06885167809366743	-0.4528182449914937	1.1036338913105619	0.0	0.0	0.0	0.0	0.0	0.0	0.0	0.0	0.0	0.0	0.0	0.0	0.0	0.0	0.0	0.0	0.0	0.0	0.0	0.0	0.0	0.0	0.0	0.0	0.0	0.0	0.0	0.0	0.0	0.0	0.0	0.0	0.0	0.0	0.0	0.0	0.0	0.0	0.0	0.0	0.0	0.0	0.0	0.0	0.0	0.0	0.0	0.0	31977.18130469908	-1618.273613368205	-60.10188321844671	32018.15962727536	-30630.91495857286	426.85560086246204	9316.588280991049	32019.27504021305	0.0	0.0	0.0	0.0	0.0	0.0	0.0	0.0	0.0	0.0	0.0	0.0	0.0	0.0	0.0	0.0	0.0	0.0	0.0	0.0	0.0	0.0	0.0	0.0	0.0	0.0	0.0	0.0	30692.030940424756	-2235.6034542680577	-8845.071398699063	32019.27504021305	0.0	0.0	0.0	0.0	0.0	0.0	0.0	0.0	0.0	0.0	0.0	0.0	0.0	0.0	0.0	0.0	0.0	0.0	0.0	0.0	0.0	0.0	0.0	0.0	0.0	0.0	0.0	0.0	0.0	0.0	0.0	0.0	0.0	0.0	0.0	0.0	0.0	0.0	0.0	0.0	0.0	0.0	0.0	0.0	0.0	0.0	0.0	0.0	0.0	0.0	0.0	0.0	0.0	0.0	0.0	0.0	0.0	0.0	0.0	0.0	0.0	0.0	0.0	0.0	0.0	0.0	0.0	0.0	0.0	0.0	0.0	0.0	0.0	0.0	0.0	0.0	0.0	0.0	0.0	0.0	0.0	0.0	0.0	0.0	0.0	0.0	0.0	0.0	0.0	0.0	0.0	0.0	0.0	0.0	0.0	0.0	0.0	0.0	0.0	0.0	29.464074349148596	-1.135925650851405	0.12561386576548686	-0.4992622901128118	22.262291646348277	0.5625727521009255	0.04412666569424803	-1.2011397330342701	-0.013360624162707481
125.0	125.4896	2600.0	2580.413997765753	-0.8535907126779707	0.24978733138717518	27.94519585692961	-114.41015282944863	65.89586704483304	-242.2510301530199	275.89401946082023	120.07516804471743	54.89901987358462	-242.2510301530199	275.89401946081887	0.0	0.0	0.0	1.7595619134882143	1.3214813012739939	0.4120618248673784	11.28431832969476	0.05632652550327772	-0.46892125615134495	1.108664843573256	0.0	0.0	0.0	0.0	0.0	0.0	0.0	0.0	0.0	0.0	0.0	0.0	0.0	0.0	0.0	0.0	0.0	0.0	0.0	0.0	0.0	0.0	0.0	0.0	0.0	0.0	0.0	0.0	0.0	0.0	0.0	0.0	0.0	0.0	0.0	0.0	0.0	0.0	0.0	0.0	0.0	0.0	0.0	0.0	0.0	0.0	0.0	0.0	31979.681737402545	-1616.1019184390786	-71.62644270166933	32020.570884724013	-30656.27624177486	405.8779898684589	9242.155801047327	32021.70285611779	0.0	0.0	0.0	0.0	0.0	0.0	0.0	0.0	0.0	0.0	0.0	0.0	0.0	0.0	0.0	0.0	0.0	0.0	0.0	0.0	0.0	0.0	0.0	0.0	0.0	0.0	0.0	0.0	30716.69234537154	-2236.653341659869	-8767.647745805985	32021.70285611779	0.0	0.0	0.0	0.0	0.0	0.0	0.0	0.0	0.0	0.0	0.0	0.0	0.0	0.0	0.0	0.0	0.0	0.0	0.0	0.0	0.0	0.0	0.0	0.0	0.0	0.0	0.0	0.0	0.0	0.0	0.0	0.0	0.0	0.0	0.0	0.0	0.0	0.0	0.0	0.0	0.0	0.0	0.0	0.0	0.0	0.0	0.0	0.0	0.0	0.0	0.0	0.0	0.0	0.0	0.0	0.0	0.0	0.0	0.0	0.0	0.0	0.0	0.0	0.0	0.0	0.0	0.0	0.0	0.0	0.0	0.0	0.0	0.0	0.0	0.0	0.0	0.0	0.0	0.0	0.0	0.0	0.0	0.0	0.0	0.0	0.0	0.0	0.0	0.0	0.0	0.0	0.0	0.0	0.0	0.0	0.0	0.0	0.0	0.0	0.0	29.40442776562376	-1.19557223437624	0.12559028870665215	-0.5026230397657924	22.118628464245067	0.5625198932692036	0.04420206288011532	-1.2573959025424701	-0.01326293869778107
126.0	126.4895	2600.0	2580.5230692302953	-0.862446480293933	0.2195228979203777	27.95105463775978	-113.30724547975478	79.99491811576718	-217.5829107487565	258.03108698848473	131.6941964825492	43.524216424579215	-217.5829107487565	258.0310869884851	-2.3389889602074748e-14	0.0	-2.3389889602074748e-14	1.2108522202028473	0.7860712992216649	0.4085377354773423	11.55255771514626	0.04541902341703743	-0.48444256768762795	1.1136449012983098	0.0	0.0	0.0	0.0	0.0	0.0	0.0	0.0	0.0	0.0	0.0	0.0	0.0	0.0	0.0	0.0	0.0	0.0	0.0	0.0	0.0	0.0	0.0	0.0	0.0	0.0	0.0	0.0	0.0	0.0	0.0	0.0	0.0	0.0	0.0	0.0	0.0	0.0	0.0	0.0	0.0	0.0	0.0	0.0	0.0	0.0	0.0	0.0	31713.729039049937	-1599.485460325783	-77.81654052885868	31754.133883859166	-30424.818411146513	381.07947661312124	9087.41407793155	31755.249826485757	0.0	0.0	0.0	0.0	0.0	0.0	0.0	0.0	0.0	0.0	0.0	0.0	0.0	0.0	0.0	0.0	0.0	0.0	0.0	0.0	0.0	0.0	0.0	0.0	0.0	0.0	0.0	0.0	30483.99182638172	-2217.384119134481	-8614.252233352965	31755.249826485757	0.0	0.0	0.0	0.0	0.0	0.0	0.0	0.0	0.0	0.0	0.0	0.0	0.0	0.0	0.0	0.0	0.0	0.0	0.0	0.0	0.0	0.0	0.0	0.0	0.0	0.0	0.0	0.0	0.0	0.0	0.0	0.0	0.0	0.0	0.0	0.0	0.0	0.0	0.0	0.0	0.0	0.0	0.0	0.0	0.0	0.0	0.0	0.0	0.0	0.0	0.0	0.0	0.0	0.0	0.0	0.0	0.0	0.0	0.0	0.0	0.0	0.0	0.0	0.0	0.0	0.0	0.0	0.0	0.0	0.0	0.0	0.0	0.0	0.0	0.0	0.0	0.0	0.0	0.0	0.0	0.0	0.0	0.0	0.0	0.0	0.0	0.0	0.0	0.0	0.0	0.0	0.0	0.0	0.0	0.0	0.0	0.0	0.0	0.0	0.0	29.344176792370288	-1.2558232076297133	0.12552489931717314	-0.505968442398287	21.977524711256226	0.5624670418111889	0.04426265122489497	-1.3142718116982852	-0.013180767297442378
127.0	127.4894	2600.0	2580.8396478380373	-0.8705949745253582	0.18945631023401746	27.957541878683312	-111.93633713729284	83.50604961058707	-103.83838319297433	174.02704880969085	134.3853200384074	37.994600293379335	-103.83838319297433	174.02704880968884	1.4700474690753064e-14	0.0	1.4700474690753064e-14	0.6614954118786214	0.25162457135957106	0.40442298024669854	11.818314658046043	0.03536484314131859	-0.49868227108959023	1.1178533409976013	0.0	0.0	0.0	0.0	0.0	0.0	0.0	0.0	0.0	0.0	0.0	0.0	0.0	0.0	0.0	0.0	0.0	0.0	0.0	0.0	0.0	0.0	0.0	0.0	0.0	0.0	0.0	0.0	0.0	0.0	0.0	0.0	0.0	0.0	0.0	0.0	0.0	0.0	0.0	0.0	0.0	0.0	0.0	0.0	0.0	0.0	0.0	0.0	31001.384354738806	-1560.769670192567	-60.39355384230787	31040.706842064385	-29783.121954187616	366.49043548631965	8742.082923845433	31041.78929160987	0.0	0.0	0.0	0.0	0.0	0.0	0.0	0.0	0.0	0.0	0.0	0.0	0.0	0.0	0.0	0.0	0.0	0.0	0.0	0.0	0.0	0.0	0.0	0.0	0.0	0.0	0.0	0.0	29839.677741976957	-2167.5613269361597	-8275.74725167707	31041.78929160987	0.0	0.0	0.0	0.0	0.0	0.0	0.0	0.0	0.0	0.0	0.0	0.0	0.0	0.0	0.0	0.0	0.0	0.0	0.0	0.0	0.0	0.0	0.0	0.0	0.0	0.0	0.0	0.0	0.0	0.0	0.0	0.0	0.0	0.0	0.0	0.0	0.0	0.0	0.0	0.0	0.0	0.0	0.0	0.0	0.0	0.0	0.0	0.0	0.0	0.0	0.0	0.0	0.0	0.0	0.0	0.0	0.0	0.0	0.0	0.0	0.0	0.0	0.0	0.0	0.0	0.0	0.0	0.0	0.0	0.0	0.0	0.0	0.0	0.0	0.0	0.0	0.0	0.0	0.0	0.0	0.0	0.0	0.0	0.0	0.0	0.0	0.0	0.0	0.0	0.0	0.0	0.0	0.0	0.0	0.0	0.0	0.0	0.0	0.0	0.0	29.283776691555225	-1.3162233084447725	0.12524342412817754	-0.5089453704548008	21.838668186519378	0.5624141824725724	0.04434110445144022	-1.3716640901081916	-0.01297301646487077
128.0	128.4895	2600.0	2580.4257886928845	-0.8780218855449713	0.15960632222289953	27.964641760061742	-113.77511236180727	102.65297231157453	-57.74743051191075	163.75950246648503	151.1590995779134	25.166158470015944	-57.74743051191072	163.7595024664872	1.2593716426725883e-14	0.0	1.2593716426725883e-14	0.11270076103738852	-0.28179756281213686	0.4008806466896883	12.08143452513974	0.026069369878816962	-0.5116794554638183	1.1211429043677537	0.0	0.0	0.0	0.0	0.0	0.0	0.0	0.0	0.0	0.0	0.0	0.0	0.0	0.0	0.0	0.0	0.0	0.0	0.0	0.0	0.0	0.0	0.0	0.0	0.0	0.0	0.0	0.0	0.0	0.0	0.0	0.0	0.0	0.0	0.0	0.0	0.0	0.0	0.0	0.0	0.0	0.0	0.0	0.0	0.0	0.0	0.0	0.0	30531.251923704916	-1535.7550207582408	-73.1386641648655	30569.940084611142	-29358.784733883916	346.3842665847922	8516.477985117548	30571.04218671102	0.0	0.0	0.0	0.0	0.0	0.0	0.0	0.0	0.0	0.0	0.0	0.0	0.0	0.0	0.0	0.0	0.0	0.0	0.0	0.0	0.0	0.0	0.0	0.0	0.0	0.0	0.0	0.0	29413.609851417856	-2134.583849838026	-8054.2987080346975	30571.04218671102	0.0	0.0	0.0	0.0	0.0	0.0	0.0	0.0	0.0	0.0	0.0	0.0	0.0	0.0	0.0	0.0	0.0	0.0	0.0	0.0	0.0	0.0	0.0	0.0	0.0	0.0	0.0	0.0	0.0	0.0	0.0	0.0	0.0	0.0	0.0	0.0	0.0	0.0	0.0	0.0	0.0	0.0	0.0	0.0	0.0	0.0	0.0	0.0	0.0	0.0	0.0	0.0	0.0	0.0	0.0	0.0	0.0	0.0	0.0	0.0	0.0	0.0	0.0	0.0	0.0	0.0	0.0	0.0	0.0	0.0	0.0	0.0	0.0	0.0	0.0	0.0	0.0	0.0	0.0	0.0	0.0	0.0	0.0	0.0	0.0	0.0	0.0	0.0	0.0	0.0	0.0	0.0	0.0	0.0	0.0	0.0	0.0	0.0	0.0	0.0	29.223283264336622	-1.3767167356633758	0.12476123468835561	-0.5114841388782272	21.7025316915154	0.5623613273977576	0.044365144852465475	-1.4295824074419947	-0.012896356702911832
129.0	129.4895	2600.0	2580.615214863084	-0.8843102014290949	0.12942984948225636	27.972579224057696	-112.99325195936038	115.85674421901693	-89.43837306273616	184.9039825030585	161.26798341520043	13.523967412609636	-89.43837306273613	184.9039825030598	1.401563404773462e-15	0.0	1.401563404773462e-15	-0.43562544680008275	-0.8135191363371763	0.39713663681871636	12.341282638701207	0.01875090698922932	-0.5243546295381882	1.1245748894793177	0.0	0.0	0.0	0.0	0.0	0.0	0.0	0.0	0.0	0.0	0.0	0.0	0.0	0.0	0.0	0.0	0.0	0.0	0.0	0.0	0.0	0.0	0.0	0.0	0.0	0.0	0.0	0.0	0.0	0.0	0.0	0.0	0.0	0.0	0.0	0.0	0.0	0.0	0.0	0.0	0.0	0.0	0.0	0.0	0.0	0.0	0.0	0.0	30530.726641047644	-1533.752680276404	-72.57916747002399	30569.313604498577	-29390.851856232825	336.6181984745412	8403.29471604443	30570.424379312586	0.0	0.0	0.0	0.0	0.0	0.0	0.0	0.0	0.0	0.0	0.0	0.0	0.0	0.0	0.0	0.0	0.0	0.0	0.0	0.0	0.0	0.0	0.0	0.0	0.0	0.0	0.0	0.0	29444.578896040934	-2134.530544134317	-7937.97201571334	30570.424379312586	0.0	0.0	0.0	0.0	0.0	0.0	0.0	0.0	0.0	0.0	0.0	0.0	0.0	0.0	0.0	0.0	0.0	0.0	0.0	0.0	0.0	0.0	0.0	0.0	0.0	0.0	0.0	0.0	0.0	0.0	0.0	0.0	0.0	0.0	0.0	0.0	0.0	0.0	0.0	0.0	0.0	0.0	0.0	0.0	0.0	0.0	0.0	0.0	0.0	0.0	0.0	0.0	0.0	0.0	0.0	0.0	0.0	0.0	0.0	0.0	0.0	0.0	0.0	0.0	0.0	0.0	0.0	0.0	0.0	0.0	0.0	0.0	0.0	0.0	0.0	0.0	0.0	0.0	0.0	0.0	0.0	0.0	0.0	0.0	0.0	0.0	0.0	0.0	0.0	0.0	0.0	0.0	0.0	0.0	0.0	0.0	0.0	0.0	0.0	0.0	29.162184658570045	-1.4378153414299533	0.1243380368369116	-0.5141009078997282	21.568971275802603	0.5623084784758949	0.044402585692236936	-1.488029869097476	-0.012738888852830662
130.0	130.4895	2600.0	2580.3023769528163	-0.8893979117195199	0.09888456246765356	27.981366956952492	-114.50586926248432	105.22019863816875	-95.827468237919	182.66304488292707	154.37225554974975	18.764088400334003	-95.82746823791898	182.6630448829269	-1.9594815781001875e-14	0.0	-1.9594815781001875e-14	-0.9829097085173373	-1.3430946402548107	0.3933112667195051	12.597431021107688	0.0140266494643706	-0.5371973931377184	1.128658853799121	0.0	0.0	0.0	0.0	0.0	0.0	0.0	0.0	0.0	0.0	0.0	0.0	0.0	0.0	0.0	0.0	0.0	0.0	0.0	0.0	0.0	0.0	0.0	0.0	0.0	0.0	0.0	0.0	0.0	0.0	0.0	0.0	0.0	0.0	0.0	0.0	0.0	0.0	0.0	0.0	0.0	0.0	0.0	0.0	0.0	0.0	0.0	0.0	30516.989560286398	-1531.3379249715615	-73.60428289893581	30555.475209093816	-29409.7804384221	327.5659824905597	8285.853235608727	30556.469834572323	0.0	0.0	0.0	0.0	0.0	0.0	0.0	0.0	0.0	0.0	0.0	0.0	0.0	0.0	0.0	0.0	0.0	0.0	0.0	0.0	0.0	0.0	0.0	0.0	0.0	0.0	0.0	0.0	29462.29327282361	-2134.0204845616986	-7817.74138922055	30556.469834572323	0.0	0.0	0.0	0.0	0.0	0.0	0.0	0.0	0.0	0.0	0.0	0.0	0.0	0.0	0.0	0.0	0.0	0.0	0.0	0.0	0.0	0.0	0.0	0.0	0.0	0.0	0.0	0.0	0.0	0.0	0.0	0.0	0.0	0.0	0.0	0.0	0.0	0.0	0.0	0.0	0.0	0.0	0.0	0.0	0.0	0.0	0.0	0.0	0.0	0.0	0.0	0.0	0.0	0.0	0.0	0.0	0.0	0.0	0.0	0.0	0.0	0.0	0.0	0.0	0.0	0.0	0.0	0.0	0.0	0.0	0.0	0.0	0.0	0.0	0.0	0.0	0.0	0.0	0.0	0.0	0.0	0.0	0.0	0.0	0.0	0.0	0.0	0.0	0.0	0.0	0.0	0.0	0.0	0.0	0.0	0.0	0.0	0.0	0.0	0.0	29.10047552332222	-1.4995244766777807	0.124003074115933	-0.517020129880426	21.438158951786846	0.5622556259639242	0.0444293333449421	-1.5467875214658922	-0.012569780663139378
131.0	131.4896	2600.0	2580.3582749024827	-0.8932834571871037	0.06807065710351058	27.99096583442737	-114.63007212788575	110.41031235881928	-114.46307149165652	196.0415395943431	158.64630291966023	12.721677607110903	-114.46307149165649	196.04153959434186	0.0	0.0	0.0	-1.5289168464721419	-1.870519065969044	0.38963296495100475	12.84973391535948	0.011847373674044011	-0.5502298192587058	1.1333304387704113	0.0	0.0	0.0	0.0	0.0	0.0	0.0	0.0	0.0	0.0	0.0	0.0	0.0	0.0	0.0	0.0	0.0	0.0	0.0	0.0	0.0	0.0	0.0	0.0	0.0	0.0	0.0	0.0	0.0	0.0	0.0	0.0	0.0	0.0	0.0	0.0	0.0	0.0	0.0	0.0	0.0	0.0	0.0	0.0	0.0	0.0	0.0	0.0	30519.995535984795	-1528.780610081103	-77.86229248584097	30558.359907018614	-29441.483880154025	315.4294906473593	8184.36288348825	30559.520032840155	0.0	0.0	0.0	0.0	0.0	0.0	0.0	0.0	0.0	0.0	0.0	0.0	0.0	0.0	0.0	0.0	0.0	0.0	0.0	0.0	0.0	0.0	0.0	0.0	0.0	0.0	0.0	0.0	29492.834796250816	-2133.7781326399545	-7713.880424227756	30559.520032840155	0.0	0.0	0.0	0.0	0.0	0.0	0.0	0.0	0.0	0.0	0.0	0.0	0.0	0.0	0.0	0.0	0.0	0.0	0.0	0.0	0.0	0.0	0.0	0.0	0.0	0.0	0.0	0.0	0.0	0.0	0.0	0.0	0.0	0.0	0.0	0.0	0.0	0.0	0.0	0.0	0.0	0.0	0.0	0.0	0.0	0.0	0.0	0.0	0.0	0.0	0.0	0.0	0.0	0.0	0.0	0.0	0.0	0.0	0.0	0.0	0.0	0.0	0.0	0.0	0.0	0.0	0.0	0.0	0.0	0.0	0.0	0.0	0.0	0.0	0.0	0.0	0.0	0.0	0.0	0.0	0.0	0.0	0.0	0.0	0.0	0.0	0.0	0.0	0.0	0.0	0.0	0.0	0.0	0.0	0.0	0.0	0.0	0.0	0.0	0.0	29.038295014210963	-1.5617049857890417	0.12373329745410139	-0.5202045519616021	21.310156851283086	0.5622027758013296	0.04445468069085541	-1.6057531875732294	-0.0124425441315353
132.0	132.4896	2600.0	2579.8891905621763	-0.8959884380793954	0.037082394813935826	28.001329089176075	-116.30791085860618	89.16643701235076	-95.86773334267558	175.12511502932222	144.31222919351057	25.537504243169675	-95.86773334267555	175.12511502932003	-4.184389745570003e-15	0.0	-4.184389745570003e-15	-2.0738618820201946	-2.3957894585812993	0.3858819942055661	13.098385926773267	0.01182853010844406	-0.5630625816412518	1.1382896046118889	0.0	0.0	0.0	0.0	0.0	0.0	0.0	0.0	0.0	0.0	0.0	0.0	0.0	0.0	0.0	0.0	0.0	0.0	0.0	0.0	0.0	0.0	0.0	0.0	0.0	0.0	0.0	0.0	0.0	0.0	0.0	0.0	0.0	0.0	0.0	0.0	0.0	0.0	0.0	0.0	0.0	0.0	0.0	0.0	0.0	0.0	0.0	0.0	30504.84127071499	-1525.3589582219738	-80.3443654055801	30543.060032026868	-29457.80002703755	306.38985242222725	8067.081189003513	30543.96267815581	0.0	0.0	0.0	0.0	0.0	0.0	0.0	0.0	0.0	0.0	0.0	0.0	0.0	0.0	0.0	0.0	0.0	0.0	0.0	0.0	0.0	0.0	0.0	0.0	0.0	0.0	0.0	0.0	29507.811538259088	-2132.6929259640824	-7594.362066079122	30543.96267815581	0.0	0.0	0.0	0.0	0.0	0.0	0.0	0.0	0.0	0.0	0.0	0.0	0.0	0.0	0.0	0.0	0.0	0.0	0.0	0.0	0.0	0.0	0.0	0.0	0.0	0.0	0.0	0.0	0.0	0.0	0.0	0.0	0.0	0.0	0.0	0.0	0.0	0.0	0.0	0.0	0.0	0.0	0.0	0.0	0.0	0.0	0.0	0.0	0.0	0.0	0.0	0.0	0.0	0.0	0.0	0.0	0.0	0.0	0.0	0.0	0.0	0.0	0.0	0.0	0.0	0.0	0.0	0.0	0.0	0.0	0.0	0.0	0.0	0.0	0.0	0.0	0.0	0.0	0.0	0.0	0.0	0.0	0.0	0.0	0.0	0.0	0.0	0.0	0.0	0.0	0.0	0.0	0.0	0.0	0.0	0.0	0.0	0.0	0.0	0.0	28.975776637331556	-1.624223362668438	0.12351150889198026	-0.5234718165950563	21.184881669078138	0.5621499282554131	0.04449282629907989	-1.6649757834145766	-0.012284307771390432
133.0	133.4895	2600.0	2580.145114972941	-0.8975055190172044	0.00600611377927968	28.012417105934247	-115.26890180916962	109.27954748321282	-120.09962206102526	199.13025496299863	158.6129228638019	8.41902150066744	-120.09962206102526	199.130254962997	0.0	0.0	0.0	-2.6174694943484296	-2.919066534735291	0.3824940533536573	13.343324323653382	0.014480159007484289	-0.5757848818733488	1.1440557621313283	0.0	0.0	0.0	0.0	0.0	0.0	0.0	0.0	0.0	0.0	0.0	0.0	0.0	0.0	0.0	0.0	0.0	0.0	0.0	0.0	0.0	0.0	0.0	0.0	0.0	0.0	0.0	0.0	0.0	0.0	0.0	0.0	0.0	0.0	0.0	0.0	0.0	0.0	0.0	0.0	0.0	0.0	0.0	0.0	0.0	0.0	0.0	0.0	30509.664835245105	-1524.1535856809169	-82.93699042775121	30547.824326064816	-29493.89551579038	299.9885969312159	7952.862961706336	30548.77894683074	0.0	0.0	0.0	0.0	0.0	0.0	0.0	0.0	0.0	0.0	0.0	0.0	0.0	0.0	0.0	0.0	0.0	0.0	0.0	0.0	0.0	0.0	0.0	0.0	0.0	0.0	0.0	0.0	29542.54856239739	-2134.749968754867	-7477.202829375554	30548.77894683074	0.0	0.0	0.0	0.0	0.0	0.0	0.0	0.0	0.0	0.0	0.0	0.0	0.0	0.0	0.0	0.0	0.0	0.0	0.0	0.0	0.0	0.0	0.0	0.0	0.0	0.0	0.0	0.0	0.0	0.0	0.0	0.0	0.0	0.0	0.0	0.0	0.0	0.0	0.0	0.0	0.0	0.0	0.0	0.0	0.0	0.0	0.0	0.0	0.0	0.0	0.0	0.0	0.0	0.0	0.0	0.0	0.0	0.0	0.0	0.0	0.0	0.0	0.0	0.0	0.0	0.0	0.0	0.0	0.0	0.0	0.0	0.0	0.0	0.0	0.0	0.0	0.0	0.0	0.0	0.0	0.0	0.0	0.0	0.0	0.0	0.0	0.0	0.0	0.0	0.0	0.0	0.0	0.0	0.0	0.0	0.0	0.0	0.0	0.0	0.0	28.913046571569097	-1.6869534284308936	0.12333422641261907	-0.526967145449917	21.062424983542357	0.5620970435796845	0.044516435617189466	-1.7241838137794778	-0.012169187373393217
134.0	134.4895	2600.0	2579.957781853406	-0.8978461274363891	-0.02510669461913939	28.024191974719642	-116.67588688706743	88.97798425244581	-108.57144485063421	182.53247080852924	145.2389700116728	20.880274242954325	-108.57144485063421	182.5324708085301	0.0	0.0	0.0	-3.1599592888666805	-3.4397643466417076	0.37863962093169745	13.584453303995987	0.019961353323236786	-0.5884291144956286	1.1507389071042298	0.0	0.0	0.0	0.0	0.0	0.0	0.0	0.0	0.0	0.0	0.0	0.0	0.0	0.0	0.0	0.0	0.0	0.0	0.0	0.0	0.0	0.0	0.0	0.0	0.0	0.0	0.0	0.0	0.0	0.0	0.0	0.0	0.0	0.0	0.0	0.0	0.0	0.0	0.0	0.0	0.0	0.0	0.0	0.0	0.0	0.0	0.0	0.0	30498.88159603678	-1518.43441987219	-85.08804822069894	30536.77556115697	-29515.892081808517	291.276326984286	7828.899742423178	30537.917389051636	0.0	0.0	0.0	0.0	0.0	0.0	0.0	0.0	0.0	0.0	0.0	0.0	0.0	0.0	0.0	0.0	0.0	0.0	0.0	0.0	0.0	0.0	0.0	0.0	0.0	0.0	0.0	0.0	29562.985446818715	-2132.250089575826	-7351.72085210196	30537.917389051636	0.0	0.0	0.0	0.0	0.0	0.0	0.0	0.0	0.0	0.0	0.0	0.0	0.0	0.0	0.0	0.0	0.0	0.0	0.0	0.0	0.0	0.0	0.0	0.0	0.0	0.0	0.0	0.0	0.0	0.0	0.0	0.0	0.0	0.0	0.0	0.0	0.0	0.0	0.0	0.0	0.0	0.0	0.0	0.0	0.0	0.0	0.0	0.0	0.0	0.0	0.0	0.0	0.0	0.0	0.0	0.0	0.0	0.0	0.0	0.0	0.0	0.0	0.0	0.0	0.0	0.0	0.0	0.0	0.0	0.0	0.0	0.0	0.0	0.0	0.0	0.0	0.0	0.0	0.0	0.0	0.0	0.0	0.0	0.0	0.0	0.0	0.0	0.0	0.0	0.0	0.0	0.0	0.0	0.0	0.0	0.0	0.0	0.0	0.0	0.0	28.850194593754107	-1.749805406245894	0.12320273087494941	-0.5307219187754403	20.942653559343416	0.5620441892659597	0.04456338157888096	-1.7832578745475736	-0.01196625226773702
135.0	135.4895	2600.0	2580.2217919422214	-0.8970387966998229	-0.05622696009762534	28.036615620276866	-115.19930155518156	98.65868931704243	-123.9812660912173	195.89734658269268	151.314831271904	10.403744216077031	-123.9812660912173	195.89734658269262	-4.977379350422427e-15	0.0	-4.977379350422427e-15	-3.7008764108865955	-3.958129701634052	0.37501880787840225	13.821847781888678	0.027843084025515243	-0.6007216555581218	1.1579561107599805	0.0	0.0	0.0	0.0	0.0	0.0	0.0	0.0	0.0	0.0	0.0	0.0	0.0	0.0	0.0	0.0	0.0	0.0	0.0	0.0	0.0	0.0	0.0	0.0	0.0	0.0	0.0	0.0	0.0	0.0	0.0	0.0	0.0	0.0	0.0	0.0	0.0	0.0	0.0	0.0	0.0	0.0	0.0	0.0	0.0	0.0	0.0	0.0	30498.511774439852	-1514.5718729670443	-90.07755434489027	30536.22868626423	-29545.729596300323	283.3166705840414	7713.383113018849	30537.299893109954	0.0	0.0	0.0	0.0	0.0	0.0	0.0	0.0	0.0	0.0	0.0	0.0	0.0	0.0	0.0	0.0	0.0	0.0	0.0	0.0	0.0	0.0	0.0	0.0	0.0	0.0	0.0	0.0	29591.274735347226	-2132.2266999523567	-7234.414530488551	30537.299893109954	0.0	0.0	0.0	0.0	0.0	0.0	0.0	0.0	0.0	0.0	0.0	0.0	0.0	0.0	0.0	0.0	0.0	0.0	0.0	0.0	0.0	0.0	0.0	0.0	0.0	0.0	0.0	0.0	0.0	0.0	0.0	0.0	0.0	0.0	0.0	0.0	0.0	0.0	0.0	0.0	0.0	0.0	0.0	0.0	0.0	0.0	0.0	0.0	0.0	0.0	0.0	0.0	0.0	0.0	0.0	0.0	0.0	0.0	0.0	0.0	0.0	0.0	0.0	0.0	0.0	0.0	0.0	0.0	0.0	0.0	0.0	0.0	0.0	0.0	0.0	0.0	0.0	0.0	0.0	0.0	0.0	0.0	0.0	0.0	0.0	0.0	0.0	0.0	0.0	0.0	0.0	0.0	0.0	0.0	0.0	0.0	0.0	0.0	0.0	0.0	28.787288568149723	-1.8127114318502784	0.12309384381006824	-0.5345637388587051	20.825721620155182	0.5619913426784287	0.044602321171254906	-1.8423002374837414	-0.01180497369664685
136.0	136.4894	2600.0	2579.6863681894647	-0.8950841719248757	-0.08729510388100385	28.04964797779297	-117.89917429765772	70.08774608601016	-93.93950776065753	166.24421364306528	133.76065327477036	30.341309908984837	-93.93950776065753	166.244213643065	0.0	0.0	0.0	-4.240272612707514	-4.47406072643826	0.37146301811016363	14.055408782103934	0.03863132490687052	-0.6127823260819115	1.1662150550288615	0.0	0.0	0.0	0.0	0.0	0.0	0.0	0.0	0.0	0.0	0.0	0.0	0.0	0.0	0.0	0.0	0.0	0.0	0.0	0.0	0.0	0.0	0.0	0.0	0.0	0.0	0.0	0.0	0.0	0.0	0.0	0.0	0.0	0.0	0.0	0.0	0.0	0.0	0.0	0.0	0.0	0.0	0.0	0.0	0.0	0.0	0.0	0.0	30482.710329931313	-1509.4479720834952	-93.56901742572119	30520.20342985856	-29562.019156433857	277.00025833725897	7586.5051171696705	30521.218285666837	0.0	0.0	0.0	0.0	0.0	0.0	0.0	0.0	0.0	0.0	0.0	0.0	0.0	0.0	0.0	0.0	0.0	0.0	0.0	0.0	0.0	0.0	0.0	0.0	0.0	0.0	0.0	0.0	29605.8653248983	-2131.098736400035	-7106.048281641621	30521.218285666837	0.0	0.0	0.0	0.0	0.0	0.0	0.0	0.0	0.0	0.0	0.0	0.0	0.0	0.0	0.0	0.0	0.0	0.0	0.0	0.0	0.0	0.0	0.0	0.0	0.0	0.0	0.0	0.0	0.0	0.0	0.0	0.0	0.0	0.0	0.0	0.0	0.0	0.0	0.0	0.0	0.0	0.0	0.0	0.0	0.0	0.0	0.0	0.0	0.0	0.0	0.0	0.0	0.0	0.0	0.0	0.0	0.0	0.0	0.0	0.0	0.0	0.0	0.0	0.0	0.0	0.0	0.0	0.0	0.0	0.0	0.0	0.0	0.0	0.0	0.0	0.0	0.0	0.0	0.0	0.0	0.0	0.0	0.0	0.0	0.0	0.0	0.0	0.0	0.0	0.0	0.0	0.0	0.0	0.0	0.0	0.0	0.0	0.0	0.0	0.0	28.724427912410466	-1.875572087589539	0.12299733068529668	-0.53866417591273	20.711556538877904	0.5619384954093898	0.04464076995919893	-1.9010415382102026	-0.011625731002928899
137.0	137.4893	2600.0	2580.1937424117264	-0.8919699404737197	-0.11825207642903396	28.063250651317684	-114.95441957433651	79.35843740975176	-100.35337079599708	171.9973232289066	138.36350849644438	19.178625715743692	-100.35337079599708	171.997323228907	0.0	0.0	0.0	-4.77794108540579	-4.987418233553535	0.36802789045955725	14.28534711835125	0.05245331147557652	-0.6243344804770696	1.1757035986556523	0.0	0.0	0.0	0.0	0.0	0.0	0.0	0.0	0.0	0.0	0.0	0.0	0.0	0.0	0.0	0.0	0.0	0.0	0.0	0.0	0.0	0.0	0.0	0.0	0.0	0.0	0.0	0.0	0.0	0.0	0.0	0.0	0.0	0.0	0.0	0.0	0.0	0.0	0.0	0.0	0.0	0.0	0.0	0.0	0.0	0.0	0.0	0.0	30478.950941587256	-1504.301704964595	-97.90986060331709	30516.208159927824	-29589.605267503142	270.82314501835725	7462.076303055599	30517.21920187275	0.0	0.0	0.0	0.0	0.0	0.0	0.0	0.0	0.0	0.0	0.0	0.0	0.0	0.0	0.0	0.0	0.0	0.0	0.0	0.0	0.0	0.0	0.0	0.0	0.0	0.0	0.0	0.0	29631.690389909778	-2130.8138355367755	-6980.202350216278	30517.21920187275	0.0	0.0	0.0	0.0	0.0	0.0	0.0	0.0	0.0	0.0	0.0	0.0	0.0	0.0	0.0	0.0	0.0	0.0	0.0	0.0	0.0	0.0	0.0	0.0	0.0	0.0	0.0	0.0	0.0	0.0	0.0	0.0	0.0	0.0	0.0	0.0	0.0	0.0	0.0	0.0	0.0	0.0	0.0	0.0	0.0	0.0	0.0	0.0	0.0	0.0	0.0	0.0	0.0	0.0	0.0	0.0	0.0	0.0	0.0	0.0	0.0	0.0	0.0	0.0	0.0	0.0	0.0	0.0	0.0	0.0	0.0	0.0	0.0	0.0	0.0	0.0	0.0	0.0	0.0	0.0	0.0	0.0	0.0	0.0	0.0	0.0	0.0	0.0	0.0	0.0	0.0	0.0	0.0	0.0	0.0	0.0	0.0	0.0	0.0	0.0	28.661711016042666	-1.9382889839573387	0.1229245191145289	-0.5430268529368145	20.600210911665933	0.5618856497344353	0.044673296949644094	-1.9593797055441264	-0.011459997989498438
138.0	138.4893	2600.0	2579.9915587903347	-0.8877000972031013	-0.14905826289747898	28.077384709321592	-116.01021281382053	92.03584429393959	-109.49799308678283	184.17050958836856	147.86982022449044	7.967582995086558	-109.49799308678283	184.17050958836992	-2.6833243634798035e-15	0.0	-2.6833243634798035e-15	-5.3138368453464695	-5.498104495584718	0.3646599562507921	14.512238534732827	0.06944857673412894	-0.6347484348599466	1.18670689119747	0.0	0.0	0.0	0.0	0.0	0.0	0.0	0.0	0.0	0.0	0.0	0.0	0.0	0.0	0.0	0.0	0.0	0.0	0.0	0.0	0.0	0.0	0.0	0.0	0.0	0.0	0.0	0.0	0.0	0.0	0.0	0.0	0.0	0.0	0.0	0.0	0.0	0.0	0.0	0.0	0.0	0.0	0.0	0.0	0.0	0.0	0.0	0.0	30483.073088472716	-1498.4094078178257	-102.09735104540981	30520.04914051904	-29625.285032219068	265.5402192261013	7335.141656957473	30521.014530580112	0.0	0.0	0.0	0.0	0.0	0.0	0.0	0.0	0.0	0.0	0.0	0.0	0.0	0.0	0.0	0.0	0.0	0.0	0.0	0.0	0.0	0.0	0.0	0.0	0.0	0.0	0.0	0.0	29665.504436962514	-2131.066369947433	-6851.914375072054	30521.014530580112	0.0	0.0	0.0	0.0	0.0	0.0	0.0	0.0	0.0	0.0	0.0	0.0	0.0	0.0	0.0	0.0	0.0	0.0	0.0	0.0	0.0	0.0	0.0	0.0	0.0	0.0	0.0	0.0	0.0	0.0	0.0	0.0	0.0	0.0	0.0	0.0	0.0	0.0	0.0	0.0	0.0	0.0	0.0	0.0	0.0	0.0	0.0	0.0	0.0	0.0	0.0	0.0	0.0	0.0	0.0	0.0	0.0	0.0	0.0	0.0	0.0	0.0	0.0	0.0	0.0	0.0	0.0	0.0	0.0	0.0	0.0	0.0	0.0	0.0	0.0	0.0	0.0	0.0	0.0	0.0	0.0	0.0	0.0	0.0	0.0	0.0	0.0	0.0	0.0	0.0	0.0	0.0	0.0	0.0	0.0	0.0	0.0	0.0	0.0	0.0	28.599216654681687	-2.000783345318315	0.12285603460608613	-0.547618813275168	20.491683672836153	0.5618328040824444	0.04471276998417587	-2.017269811532982	-0.011295896441186752
139.0	139.4893	2600.0	2579.5160474064255	-0.8821857708417156	-0.17966398049056923	28.092029332997352	-119.8115589305453	44.25360009974975	-82.86306736380071	152.24808277313008	119.83757165208588	44.183109846264415	-82.86306736380071	152.2480827731294	0.0	0.0	0.0	-5.847913123175827	-6.005918578191843	0.36128428300524157	14.739172826759853	0.09260580220810401	-0.6415717169456762	1.2027727345180572	0.0	0.0	0.0	0.0	0.0	0.0	0.0	0.0	0.0	0.0	0.0	0.0	0.0	0.0	0.0	0.0	0.0	0.0	0.0	0.0	0.0	0.0	0.0	0.0	0.0	0.0	0.0	0.0	0.0	0.0	0.0	0.0	0.0	0.0	0.0	0.0	0.0	0.0	0.0	0.0	0.0	0.0	0.0	0.0	0.0	0.0	0.0	0.0	30490.386769877634	-1490.0315472985437	-109.03044605443293	30526.967864936098	-29663.127108851473	257.4762478755079	7211.015016331614	30528.12050323209	0.0	0.0	0.0	0.0	0.0	0.0	0.0	0.0	0.0	0.0	0.0	0.0	0.0	0.0	0.0	0.0	0.0	0.0	0.0	0.0	0.0	0.0	0.0	0.0	0.0	0.0	0.0	0.0	29701.29619046258	-2131.5678595728164	-6727.225618805197	30528.12050323209	0.0	0.0	0.0	0.0	0.0	0.0	0.0	0.0	0.0	0.0	0.0	0.0	0.0	0.0	0.0	0.0	0.0	0.0	0.0	0.0	0.0	0.0	0.0	0.0	0.0	0.0	0.0	0.0	0.0	0.0	0.0	0.0	0.0	0.0	0.0	0.0	0.0	0.0	0.0	0.0	0.0	0.0	0.0	0.0	0.0	0.0	0.0	0.0	0.0	0.0	0.0	0.0	0.0	0.0	0.0	0.0	0.0	0.0	0.0	0.0	0.0	0.0	0.0	0.0	0.0	0.0	0.0	0.0	0.0	0.0	0.0	0.0	0.0	0.0	0.0	0.0	0.0	0.0	0.0	0.0	0.0	0.0	0.0	0.0	0.0	0.0	0.0	0.0	0.0	0.0	0.0	0.0	0.0	0.0	0.0	0.0	0.0	0.0	0.0	0.0	28.53703242166095	-2.062967578339052	0.12284319739959478	-0.5531008361310612	20.38606562553073	0.5617799611771587	0.04475394778302713	-2.0739702142107777	-0.011117561234633897
140.0	140.4898	2600.0	2579.9284614378344	-0.8748476936940792	-0.21006737366895573	28.107288640137757	-116.33263369742416	68.35822875686969	-119.06179457794612	179.9495485681379	133.24251025918417	21.273517847002946	-119.0617945779461	179.9495485681378	-4.472260986851534e-15	0.0	-4.472260986851534e-15	-6.381214132441101	-6.5111474894455545	0.35833426083598907	15.001557024878938	0.1399825597026737	-0.6140311996549032	1.2487934950345299	0.0	0.0	0.0	0.0	0.0	0.0	0.0	0.0	0.0	0.0	0.0	0.0	0.0	0.0	0.0	0.0	0.0	0.0	0.0	0.0	0.0	0.0	0.0	0.0	0.0	0.0	0.0	0.0	0.0	0.0	0.0	0.0	0.0	0.0	0.0	0.0	0.0	0.0	0.0	0.0	0.0	0.0	0.0	0.0	0.0	0.0	0.0	0.0	30285.243920155674	-1457.5010530202949	-109.77399316878311	30320.494042024744	-29495.350740509846	235.5120665199776	7025.579595867139	30321.443730420164	0.0	0.0	0.0	0.0	0.0	0.0	0.0	0.0	0.0	0.0	0.0	0.0	0.0	0.0	0.0	0.0	0.0	0.0	0.0	0.0	0.0	0.0	0.0	0.0	0.0	0.0	0.0	0.0	29530.352459924914	-2118.084708975578	-6546.903898427617	30321.443730420164	0.0	0.0	0.0	0.0	0.0	0.0	0.0	0.0	0.0	0.0	0.0	0.0	0.0	0.0	0.0	0.0	0.0	0.0	0.0	0.0	0.0	0.0	0.0	0.0	0.0	0.0	0.0	0.0	0.0	0.0	0.0	0.0	0.0	0.0	0.0	0.0	0.0	0.0	0.0	0.0	0.0	0.0	0.0	0.0	0.0	0.0	0.0	0.0	0.0	0.0	0.0	0.0	0.0	0.0	0.0	0.0	0.0	0.0	0.0	0.0	0.0	0.0	0.0	0.0	0.0	0.0	0.0	0.0	0.0	0.0	0.0	0.0	0.0	0.0	0.0	0.0	0.0	0.0	0.0	0.0	0.0	0.0	0.0	0.0	0.0	0.0	0.0	0.0	0.0	0.0	0.0	0.0	0.0	0.0	0.0	0.0	0.0	0.0	0.0	0.0	28.47518956643398	-2.124810433566022	0.12308295428124803	-0.5623677534161996	20.284402349695657	0.5617271086925352	0.04478742242448469	-2.1265994278333586	-0.01096286405490909
141.0	141.4904	2600.0	2580.309815673156	-0.8663637760295962	-0.24042238418971323	28.12301215497863	-115.0769521722759	75.1648266638622	-120.64215108675407	182.88516809054778	136.84920714161126	12.83552076781052	-120.64215108675407	182.88516809054724	0.0	0.0	0.0	-6.913688668938467	-7.013733670874362	0.35541000198560374	15.278990655816688	0.1936154391026415	-0.5677303735455843	1.3028496766640145	0.0	0.0	0.0	0.0	0.0	0.0	0.0	0.0	0.0	0.0	0.0	0.0	0.0	0.0	0.0	0.0	0.0	0.0	0.0	0.0	0.0	0.0	0.0	0.0	0.0	0.0	0.0	0.0	0.0	0.0	0.0	0.0	0.0	0.0	0.0	0.0	0.0	0.0	0.0	0.0	0.0	0.0	0.0	0.0	0.0	0.0	0.0	0.0	29723.656909741938	-1402.724806498014	-105.66917719647556	29756.92495782829	-28981.418149901674	207.98383624227137	6751.832574457606	29758.244208439028	0.0	0.0	0.0	0.0	0.0	0.0	0.0	0.0	0.0	0.0	0.0	0.0	0.0	0.0	0.0	0.0	0.0	0.0	0.0	0.0	0.0	0.0	0.0	0.0	0.0	0.0	0.0	0.0	29012.68944778739	-2077.8043384172047	-6284.87696829426	29758.244208439028	0.0	0.0	0.0	0.0	0.0	0.0	0.0	0.0	0.0	0.0	0.0	0.0	0.0	0.0	0.0	0.0	0.0	0.0	0.0	0.0	0.0	0.0	0.0	0.0	0.0	0.0	0.0	0.0	0.0	0.0	0.0	0.0	0.0	0.0	0.0	0.0	0.0	0.0	0.0	0.0	0.0	0.0	0.0	0.0	0.0	0.0	0.0	0.0	0.0	0.0	0.0	0.0	0.0	0.0	0.0	0.0	0.0	0.0	0.0	0.0	0.0	0.0	0.0	0.0	0.0	0.0	0.0	0.0	0.0	0.0	0.0	0.0	0.0	0.0	0.0	0.0	0.0	0.0	0.0	0.0	0.0	0.0	0.0	0.0	0.0	0.0	0.0	0.0	0.0	0.0	0.0	0.0	0.0	0.0	0.0	0.0	0.0	0.0	0.0	0.0	28.413579060529383	-2.186420939470618	0.12320222681656226	-0.5720336525162801	20.186108014896067	0.5616742116890653	0.0448285096449246	-2.178611731991244	-0.0107549730653341
142.0	142.4906	2600.0	2580.25348509282	-0.857168652236995	-0.2706817030596281	28.139060045549304	-111.23724295606736	100.65906897550302	-151.63055471088757	213.30212729697215	149.52978511872786	-12.11675492154609	-151.63055471088757	213.30212729697104	-1.5761424808198757e-14	0.0	-1.5761424808198757e-14	-7.444253349458128	-7.51375824633586	0.35292096122010747	15.547980295618618	0.24052927070342425	-0.522738288514647	1.3474658265078518	0.0	0.0	0.0	0.0	0.0	0.0	0.0	0.0	0.0	0.0	0.0	0.0	0.0	0.0	0.0	0.0	0.0	0.0	0.0	0.0	0.0	0.0	0.0	0.0	0.0	0.0	0.0	0.0	0.0	0.0	0.0	0.0	0.0	0.0	0.0	0.0	0.0	0.0	0.0	0.0	0.0	0.0	0.0	0.0	0.0	0.0	0.0	0.0	29002.31938677253	-1343.7329281104392	-103.31309826197621	29033.61537237005	-28308.238621899458	186.02711350464713	6451.2300546425095	29034.62328288903	0.0	0.0	0.0	0.0	0.0	0.0	0.0	0.0	0.0	0.0	0.0	0.0	0.0	0.0	0.0	0.0	0.0	0.0	0.0	0.0	0.0	0.0	0.0	0.0	0.0	0.0	0.0	0.0	28336.06574006406	-2027.2779265148756	-5997.238678151444	29034.62328288903	0.0	0.0	0.0	0.0	0.0	0.0	0.0	0.0	0.0	0.0	0.0	0.0	0.0	0.0	0.0	0.0	0.0	0.0	0.0	0.0	0.0	0.0	0.0	0.0	0.0	0.0	0.0	0.0	0.0	0.0	0.0	0.0	0.0	0.0	0.0	0.0	0.0	0.0	0.0	0.0	0.0	0.0	0.0	0.0	0.0	0.0	0.0	0.0	0.0	0.0	0.0	0.0	0.0	0.0	0.0	0.0	0.0	0.0	0.0	0.0	0.0	0.0	0.0	0.0	0.0	0.0	0.0	0.0	0.0	0.0	0.0	0.0	0.0	0.0	0.0	0.0	0.0	0.0	0.0	0.0	0.0	0.0	0.0	0.0	0.0	0.0	0.0	0.0	0.0	0.0	0.0	0.0	0.0	0.0	0.0	0.0	0.0	0.0	0.0	0.0	28.352294326388137	-2.2477056736118683	0.12304503843725702	-0.5797702948967847	20.09061701469065	0.5616213606019337	0.0448418342119345	-2.232208065820429	-0.010565141905261208
143.0	143.4907	2600.0	2580.2132550259394	-0.8470191503138259	-0.30066164122382405	28.155408331192127	-113.31753093801672	100.16292887792223	-149.7239002824057	212.816168218178	150.67238881409506	-13.088406638926248	-149.72390028240574	212.81616821817718	-5.854000119587477e-15	0.0	-5.854000119587477e-15	-7.972573253962943	-8.010906090834819	0.350841523391542	15.808858943327493	0.28511723891546836	-0.47966157231144313	1.3868928840870072	0.0	0.0	0.0	0.0	0.0	0.0	0.0	0.0	0.0	0.0	0.0	0.0	0.0	0.0	0.0	0.0	0.0	0.0	0.0	0.0	0.0	0.0	0.0	0.0	0.0	0.0	0.0	0.0	0.0	0.0	0.0	0.0	0.0	0.0	0.0	0.0	0.0	0.0	0.0	0.0	0.0	0.0	0.0	0.0	0.0	0.0	0.0	0.0	28987.87141551411	-1323.1101937253713	-112.40190216405287	29018.26914160681	-28316.17640124388	162.39066934538644	6347.063447832314	29019.25965848646	0.0	0.0	0.0	0.0	0.0	0.0	0.0	0.0	0.0	0.0	0.0	0.0	0.0	0.0	0.0	0.0	0.0	0.0	0.0	0.0	0.0	0.0	0.0	0.0	0.0	0.0	0.0	0.0	28341.67295487876	-2026.2779237513441	-5895.863212547543	29019.25965848646	0.0	0.0	0.0	0.0	0.0	0.0	0.0	0.0	0.0	0.0	0.0	0.0	0.0	0.0	0.0	0.0	0.0	0.0	0.0	0.0	0.0	0.0	0.0	0.0	0.0	0.0	0.0	0.0	0.0	0.0	0.0	0.0	0.0	0.0	0.0	0.0	0.0	0.0	0.0	0.0	0.0	0.0	0.0	0.0	0.0	0.0	0.0	0.0	0.0	0.0	0.0	0.0	0.0	0.0	0.0	0.0	0.0	0.0	0.0	0.0	0.0	0.0	0.0	0.0	0.0	0.0	0.0	0.0	0.0	0.0	0.0	0.0	0.0	0.0	0.0	0.0	0.0	0.0	0.0	0.0	0.0	0.0	0.0	0.0	0.0	0.0	0.0	0.0	0.0	0.0	0.0	0.0	0.0	0.0	0.0	0.0	0.0	0.0	0.0	0.0	28.29155636633036	-2.3084436336696363	0.12281083740187876	-0.586807669492767	19.99796045474402	0.5615684802330185	0.044842009922864426	-2.2859472643569396	-0.010389526836348013
144.0	144.4909	2600.0	2580.6032410304138	-0.8357779770300802	-0.33023747010984966	28.172020331422544	-112.02462701243711	80.9389363936916	-131.92686367439407	191.0636695993769	138.2025991711816	-0.8185744600195904	-131.92686367439413	191.06366959937478	-1.816942442089979e-15	0.0	-1.816942442089979e-15	-8.498824909023902	-8.504850834162106	0.34857340465225617	16.06099738090807	0.3289258940587842	-0.43940816853766723	1.4224117707910073	0.0	0.0	0.0	0.0	0.0	0.0	0.0	0.0	0.0	0.0	0.0	0.0	0.0	0.0	0.0	0.0	0.0	0.0	0.0	0.0	0.0	0.0	0.0	0.0	0.0	0.0	0.0	0.0	0.0	0.0	0.0	0.0	0.0	0.0	0.0	0.0	0.0	0.0	0.0	0.0	0.0	0.0	0.0	0.0	0.0	0.0	0.0	0.0	28959.268454645036	-1303.8232318053576	-99.9333015136688	28988.77664049909	-28328.32984581435	165.15719896213412	6154.808381343229	28989.708776817304	0.0	0.0	0.0	0.0	0.0	0.0	0.0	0.0	0.0	0.0	0.0	0.0	0.0	0.0	0.0	0.0	0.0	0.0	0.0	0.0	0.0	0.0	0.0	0.0	0.0	0.0	0.0	0.0	28351.004201084957	-2024.1281693983467	-5703.216715905987	28989.708776817304	0.0	0.0	0.0	0.0	0.0	0.0	0.0	0.0	0.0	0.0	0.0	0.0	0.0	0.0	0.0	0.0	0.0	0.0	0.0	0.0	0.0	0.0	0.0	0.0	0.0	0.0	0.0	0.0	0.0	0.0	0.0	0.0	0.0	0.0	0.0	0.0	0.0	0.0	0.0	0.0	0.0	0.0	0.0	0.0	0.0	0.0	0.0	0.0	0.0	0.0	0.0	0.0	0.0	0.0	0.0	0.0	0.0	0.0	0.0	0.0	0.0	0.0	0.0	0.0	0.0	0.0	0.0	0.0	0.0	0.0	0.0	0.0	0.0	0.0	0.0	0.0	0.0	0.0	0.0	0.0	0.0	0.0	0.0	0.0	0.0	0.0	0.0	0.0	0.0	0.0	0.0	0.0	0.0	0.0	0.0	0.0	0.0	0.0	0.0	0.0	28.231526135826904	-2.368473864173094	0.122653902029511	-0.5934804407727435	19.907928350540093	0.5615156313619905	0.04485712264760578	-2.339339388822932	-0.010151302133497438
145.0	145.491	2600.0	2580.6293964874226	-0.8235173219998624	-0.35939810228903873	28.1888445813742	-111.9257148240722	81.2296778724976	-132.94368361814034	191.8323466470384	138.25046477696011	-3.5263572002913866	-132.94368361814034	191.83234664703915	0.0	0.0	0.0	-9.02214957152778	-8.995335729766037	0.3464596632747732	16.300587672470506	0.3722344006496705	-0.40574554256689893	1.4536687963387183	0.0	0.0	0.0	0.0	0.0	0.0	0.0	0.0	0.0	0.0	0.0	0.0	0.0	0.0	0.0	0.0	0.0	0.0	0.0	0.0	0.0	0.0	0.0	0.0	0.0	0.0	0.0	0.0	0.0	0.0	0.0	0.0	0.0	0.0	0.0	0.0	0.0	0.0	0.0	0.0	0.0	0.0	0.0	0.0	0.0	0.0	0.0	0.0	28924.806933591288	-1286.319407048084	-98.15468367087537	28953.561233540957	-28324.16044625466	158.31562124010568	6005.786973361274	28954.319297654052	0.0	0.0	0.0	0.0	0.0	0.0	0.0	0.0	0.0	0.0	0.0	0.0	0.0	0.0	0.0	0.0	0.0	0.0	0.0	0.0	0.0	0.0	0.0	0.0	0.0	0.0	0.0	0.0	28344.345205346104	-2021.6445513457552	-5555.506653644547	28954.319297654052	0.0	0.0	0.0	0.0	0.0	0.0	0.0	0.0	0.0	0.0	0.0	0.0	0.0	0.0	0.0	0.0	0.0	0.0	0.0	0.0	0.0	0.0	0.0	0.0	0.0	0.0	0.0	0.0	0.0	0.0	0.0	0.0	0.0	0.0	0.0	0.0	0.0	0.0	0.0	0.0	0.0	0.0	0.0	0.0	0.0	0.0	0.0	0.0	0.0	0.0	0.0	0.0	0.0	0.0	0.0	0.0	0.0	0.0	0.0	0.0	0.0	0.0	0.0	0.0	0.0	0.0	0.0	0.0	0.0	0.0	0.0	0.0	0.0	0.0	0.0	0.0	0.0	0.0	0.0	0.0	0.0	0.0	0.0	0.0	0.0	0.0	0.0	0.0	0.0	0.0	0.0	0.0	0.0	0.0	0.0	0.0	0.0	0.0	0.0	0.0	28.172252880131243	-2.4277471198687515	0.1225364574456676	-0.5998611744821752	19.820562320606648	0.5614627896499496	0.044864952345097034	-2.392260068694875	-0.00992699190375637
146.0	146.491	2600.0	2580.4102361032005	-0.8103361485034434	-0.3880972934793489	28.205814265113055	-112.83943386567626	84.84002155864619	-155.91530537221377	210.33342469162747	140.92287658402532	-8.444521802968666	-155.91530537221374	210.33342469162596	-3.573179262558814e-15	0.0	-3.573179262558814e-15	-9.541841245453284	-9.482519386160286	0.345046735322324	16.52363794780114	0.41326088389837423	-0.3822417473766322	1.4783990518842511	0.0	0.0	0.0	0.0	0.0	0.0	0.0	0.0	0.0	0.0	0.0	0.0	0.0	0.0	0.0	0.0	0.0	0.0	0.0	0.0	0.0	0.0	0.0	0.0	0.0	0.0	0.0	0.0	0.0	0.0	0.0	0.0	0.0	0.0	0.0	0.0	0.0	0.0	0.0	0.0	0.0	0.0	0.0	0.0	0.0	0.0	0.0	0.0	28896.315701347867	-1273.399101038825	-122.23922533871865	28924.618386604536	-28321.211167506754	149.32610311085432	5879.368588465986	28925.426103665628	0.0	0.0	0.0	0.0	0.0	0.0	0.0	0.0	0.0	0.0	0.0	0.0	0.0	0.0	0.0	0.0	0.0	0.0	0.0	0.0	0.0	0.0	0.0	0.0	0.0	0.0	0.0	0.0	28339.207460185855	-2019.5841292622997	-5430.550225529516	28925.426103665628	0.0	0.0	0.0	0.0	0.0	0.0	0.0	0.0	0.0	0.0	0.0	0.0	0.0	0.0	0.0	0.0	0.0	0.0	0.0	0.0	0.0	0.0	0.0	0.0	0.0	0.0	0.0	0.0	0.0	0.0	0.0	0.0	0.0	0.0	0.0	0.0	0.0	0.0	0.0	0.0	0.0	0.0	0.0	0.0	0.0	0.0	0.0	0.0	0.0	0.0	0.0	0.0	0.0	0.0	0.0	0.0	0.0	0.0	0.0	0.0	0.0	0.0	0.0	0.0	0.0	0.0	0.0	0.0	0.0	0.0	0.0	0.0	0.0	0.0	0.0	0.0	0.0	0.0	0.0	0.0	0.0	0.0	0.0	0.0	0.0	0.0	0.0	0.0	0.0	0.0	0.0	0.0	0.0	0.0	0.0	0.0	0.0	0.0	0.0	0.0	28.113822522448892	-2.4861774775511134	0.1223853678248081	-0.6052883042546495	19.735796586941035	0.5614099422607677	0.04485825271209466	-2.4452792332318167	-0.009809776098276922
147.0	147.4908	2600.0	2580.4027232423323	-0.7964202955367353	-0.41633598763716323	28.222861410464365	-112.98747607176847	90.59583422467402	-188.74513476906696	237.90439429932	143.9723007520552	-15.676464655454767	-188.745134769067	237.90439429932184	0.0	0.0	0.0	-10.056912523933589	-9.966856379522799	0.34497185476839076	16.718613626482522	0.44572517516877125	-0.3791163073982866	1.488604619003215	0.0	0.0	0.0	0.0	0.0	0.0	0.0	0.0	0.0	0.0	0.0	0.0	0.0	0.0	0.0	0.0	0.0	0.0	0.0	0.0	0.0	0.0	0.0	0.0	0.0	0.0	0.0	0.0	0.0	0.0	0.0	0.0	0.0	0.0	0.0	0.0	0.0	0.0	0.0	0.0	0.0	0.0	0.0	0.0	0.0	0.0	0.0	0.0	28825.82845073103	-1264.9079684387145	-154.81568391763048	28853.98319011747	-28274.402404867662	145.11048240070238	5755.935836425243	28854.699543705756	0.0	0.0	0.0	0.0	0.0	0.0	0.0	0.0	0.0	0.0	0.0	0.0	0.0	0.0	0.0	0.0	0.0	0.0	0.0	0.0	0.0	0.0	0.0	0.0	0.0	0.0	0.0	0.0	28290.662620578507	-2014.7465010913609	-5307.814124710431	28854.699543705756	0.0	0.0	0.0	0.0	0.0	0.0	0.0	0.0	0.0	0.0	0.0	0.0	0.0	0.0	0.0	0.0	0.0	0.0	0.0	0.0	0.0	0.0	0.0	0.0	0.0	0.0	0.0	0.0	0.0	0.0	0.0	0.0	0.0	0.0	0.0	0.0	0.0	0.0	0.0	0.0	0.0	0.0	0.0	0.0	0.0	0.0	0.0	0.0	0.0	0.0	0.0	0.0	0.0	0.0	0.0	0.0	0.0	0.0	0.0	0.0	0.0	0.0	0.0	0.0	0.0	0.0	0.0	0.0	0.0	0.0	0.0	0.0	0.0	0.0	0.0	0.0	0.0	0.0	0.0	0.0	0.0	0.0	0.0	0.0	0.0	0.0	0.0	0.0	0.0	0.0	0.0	0.0	0.0	0.0	0.0	0.0	0.0	0.0	0.0	0.0	28.056272626028832	-2.5437273739711657	0.12221616206780757	-0.6077490172060255	19.65313673277239	0.561357095439182	0.04483803546627056	-2.500354658831903	-0.009767747640775648
148.0	148.4906	2600.0	2580.485183009851	-0.7815324458377365	-0.4440745246947329	28.23999130999423	-112.48161161091049	82.42798799372758	-198.03520526792977	242.20740839370063	138.9767338115962	-11.48710643911545	-198.0352052679298	242.2074083937028	-1.3834543845351188e-15	0.0	-1.3834543845351188e-15	-10.569127323762988	-10.449003660561084	0.3462677312006047	16.908852762334348	0.4780132238558748	-0.3750549669276544	1.496818312705568	0.0	0.0	0.0	0.0	0.0	0.0	0.0	0.0	0.0	0.0	0.0	0.0	0.0	0.0	0.0	0.0	0.0	0.0	0.0	0.0	0.0	0.0	0.0	0.0	0.0	0.0	0.0	0.0	0.0	0.0	0.0	0.0	0.0	0.0	0.0	0.0	0.0	0.0	0.0	0.0	0.0	0.0	0.0	0.0	0.0	0.0	0.0	0.0	28743.902564555407	-1256.9007810998792	-176.61432501471646	28771.912116402425	-28217.823911230593	144.6359033009828	5622.31817480962	28772.85122278525	0.0	0.0	0.0	0.0	0.0	0.0	0.0	0.0	0.0	0.0	0.0	0.0	0.0	0.0	0.0	0.0	0.0	0.0	0.0	0.0	0.0	0.0	0.0	0.0	0.0	0.0	0.0	0.0	28232.43492504844	-2009.0451147612598	-5174.004582361131	28772.85122278525	0.0	0.0	0.0	0.0	0.0	0.0	0.0	0.0	0.0	0.0	0.0	0.0	0.0	0.0	0.0	0.0	0.0	0.0	0.0	0.0	0.0	0.0	0.0	0.0	0.0	0.0	0.0	0.0	0.0	0.0	0.0	0.0	0.0	0.0	0.0	0.0	0.0	0.0	0.0	0.0	0.0	0.0	0.0	0.0	0.0	0.0	0.0	0.0	0.0	0.0	0.0	0.0	0.0	0.0	0.0	0.0	0.0	0.0	0.0	0.0	0.0	0.0	0.0	0.0	0.0	0.0	0.0	0.0	0.0	0.0	0.0	0.0	0.0	0.0	0.0	0.0	0.0	0.0	0.0	0.0	0.0	0.0	0.0	0.0	0.0	0.0	0.0	0.0	0.0	0.0	0.0	0.0	0.0	0.0	0.0	0.0	0.0	0.0	0.0	0.0	27.999674119865062	-2.600325880134943	0.12209710766224714	-0.6094717710476151	19.57322280862163	0.5613042531268245	0.0448107049781085	-2.5552120385488903	-0.009731595076485763
149.0	149.4905	2600.0	2580.13896467679	-0.7656148688640063	-0.47126795926814985	28.257167702812943	-114.49860986165733	112.13267794662165	-240.48713341295505	288.994343302621	155.57338055070065	-38.478466546366676	-240.48713341295505	288.99434330262136	-1.5534523572719961e-15	0.0	-1.5534523572719961e-15	-11.07835922609153	-10.928995762982069	0.34923295141512944	17.096884925523696	0.5127625730414777	-0.367982834382288	1.5060732741784588	0.0	0.0	0.0	0.0	0.0	0.0	0.0	0.0	0.0	0.0	0.0	0.0	0.0	0.0	0.0	0.0	0.0	0.0	0.0	0.0	0.0	0.0	0.0	0.0	0.0	0.0	0.0	0.0	0.0	0.0	0.0	0.0	0.0	0.0	0.0	0.0	0.0	0.0	0.0	0.0	0.0	0.0	0.0	0.0	0.0	0.0	0.0	0.0	28658.276471042318	-1249.0498251295703	-200.999712494607	28686.187209888605	-28155.924390963813	142.84427017317623	5491.736112188729	28686.854974379978	0.0	0.0	0.0	0.0	0.0	0.0	0.0	0.0	0.0	0.0	0.0	0.0	0.0	0.0	0.0	0.0	0.0	0.0	0.0	0.0	0.0	0.0	0.0	0.0	0.0	0.0	0.0	0.0	28168.985341930118	-2003.0074776492952	-5043.002495707926	28686.854974379978	0.0	0.0	0.0	0.0	0.0	0.0	0.0	0.0	0.0	0.0	0.0	0.0	0.0	0.0	0.0	0.0	0.0	0.0	0.0	0.0	0.0	0.0	0.0	0.0	0.0	0.0	0.0	0.0	0.0	0.0	0.0	0.0	0.0	0.0	0.0	0.0	0.0	0.0	0.0	0.0	0.0	0.0	0.0	0.0	0.0	0.0	0.0	0.0	0.0	0.0	0.0	0.0	0.0	0.0	0.0	0.0	0.0	0.0	0.0	0.0	0.0	0.0	0.0	0.0	0.0	0.0	0.0	0.0	0.0	0.0	0.0	0.0	0.0	0.0	0.0	0.0	0.0	0.0	0.0	0.0	0.0	0.0	0.0	0.0	0.0	0.0	0.0	0.0	0.0	0.0	0.0	0.0	0.0	0.0	0.0	0.0	0.0	0.0	0.0	0.0	27.944107347934143	-2.655892652065855	0.12203781542748121	-0.6113031951710491	19.49620458845692	0.5612514055752414	0.04477856783169178	-2.6089307820732373	-0.009748871496945529
150.0	150.4904	2600.0	2579.8872100704916	-0.7487938698355323	-0.4979080369745451	28.274331059060593	-116.02690588214318	126.41803721548057	-273.8695116214553	323.184579486356	163.244756977434	-52.86693050836765	-273.86951162145533	323.1845794863556	0.0	0.0	0.0	-11.584639058985685	-11.406802334010415	0.3536215757318632	17.280265388495735	0.5482391362823024	-0.35993895912514334	1.5142591682266908	0.0	0.0	0.0	0.0	0.0	0.0	0.0	0.0	0.0	0.0	0.0	0.0	0.0	0.0	0.0	0.0	0.0	0.0	0.0	0.0	0.0	0.0	0.0	0.0	0.0	0.0	0.0	0.0	0.0	0.0	0.0	0.0	0.0	0.0	0.0	0.0	0.0	0.0	0.0	0.0	0.0	0.0	0.0	0.0	0.0	0.0	0.0	0.0	28482.059886614028	-1237.162982373469	-217.9782017758616	28509.749597744147	-28007.372616504246	145.95317699605616	5330.104445387849	28510.423297599962	0.0	0.0	0.0	0.0	0.0	0.0	0.0	0.0	0.0	0.0	0.0	0.0	0.0	0.0	0.0	0.0	0.0	0.0	0.0	0.0	0.0	0.0	0.0	0.0	0.0	0.0	0.0	0.0	28018.860559805304	-1990.631184832646	-4881.093834837514	28510.423297599962	0.0	0.0	0.0	0.0	0.0	0.0	0.0	0.0	0.0	0.0	0.0	0.0	0.0	0.0	0.0	0.0	0.0	0.0	0.0	0.0	0.0	0.0	0.0	0.0	0.0	0.0	0.0	0.0	0.0	0.0	0.0	0.0	0.0	0.0	0.0	0.0	0.0	0.0	0.0	0.0	0.0	0.0	0.0	0.0	0.0	0.0	0.0	0.0	0.0	0.0	0.0	0.0	0.0	0.0	0.0	0.0	0.0	0.0	0.0	0.0	0.0	0.0	0.0	0.0	0.0	0.0	0.0	0.0	0.0	0.0	0.0	0.0	0.0	0.0	0.0	0.0	0.0	0.0	0.0	0.0	0.0	0.0	0.0	0.0	0.0	0.0	0.0	0.0	0.0	0.0	0.0	0.0	0.0	0.0	0.0	0.0	0.0	0.0	0.0	0.0	27.889615792098617	-2.7103842079013925	0.12198968951276809	-0.6127116444982625	19.42188116455138	0.561198562545779	0.0447542867214365	-2.661994849136721	-0.009750035024798601
151.0	151.4904	2600.0	2580.3685320212294	-0.7311376243921665	-0.5239690346595305	28.291428854012587	-111.46049649381166	144.2157945647413	-311.923841932551	361.27291739978205	166.77958668201788	-73.5269144379272	-311.923841932551	361.27291739978244	0.0	0.0	0.0	-12.087723892264647	-11.882402394332006	0.35960548400505127	17.458799829754266	0.584728081673166	-0.3511132852086359	1.521681510143593	0.0	0.0	0.0	0.0	0.0	0.0	0.0	0.0	0.0	0.0	0.0	0.0	0.0	0.0	0.0	0.0	0.0	0.0	0.0	0.0	0.0	0.0	0.0	0.0	0.0	0.0	0.0	0.0	0.0	0.0	0.0	0.0	0.0	0.0	0.0	0.0	0.0	0.0	0.0	0.0	0.0	0.0	0.0	0.0	0.0	0.0	0.0	0.0	28260.7493229753	-1223.848158220524	-235.87228349165025	28288.220027858744	-27813.159632449377	148.89593187707388	5163.539950066226	28288.799259681757	0.0	0.0	0.0	0.0	0.0	0.0	0.0	0.0	0.0	0.0	0.0	0.0	0.0	0.0	0.0	0.0	0.0	0.0	0.0	0.0	0.0	0.0	0.0	0.0	0.0	0.0	0.0	0.0	27823.178072438553	-1975.0338040016275	-4714.463593771433	28288.799259681757	0.0	0.0	0.0	0.0	0.0	0.0	0.0	0.0	0.0	0.0	0.0	0.0	0.0	0.0	0.0	0.0	0.0	0.0	0.0	0.0	0.0	0.0	0.0	0.0	0.0	0.0	0.0	0.0	0.0	0.0	0.0	0.0	0.0	0.0	0.0	0.0	0.0	0.0	0.0	0.0	0.0	0.0	0.0	0.0	0.0	0.0	0.0	0.0	0.0	0.0	0.0	0.0	0.0	0.0	0.0	0.0	0.0	0.0	0.0	0.0	0.0	0.0	0.0	0.0	0.0	0.0	0.0	0.0	0.0	0.0	0.0	0.0	0.0	0.0	0.0	0.0	0.0	0.0	0.0	0.0	0.0	0.0	0.0	0.0	0.0	0.0	0.0	0.0	0.0	0.0	0.0	0.0	0.0	0.0	0.0	0.0	0.0	0.0	0.0	0.0	27.836260215414192	-2.7637397845858134	0.12191191021005517	-0.6138300924390065	19.350289101508004	0.561145727816923	0.04471803806971907	-2.714210118980927	-0.00976736447733549
152.0	152.4904	2600.0	2579.9255592701033	-0.7125755017887341	-0.5494066983451327	28.30842714056616	-115.53072934264128	150.55124033980977	-326.42941171961826	377.5833500379934	172.00730633463903	-80.1655284882363	-326.42941171961826	377.58335003799175	0.0	0.0	0.0	-12.587491644060046	-12.35554973333449	0.3670653355051317	17.633134330401628	0.6232770964049461	-0.3409793422389631	1.5295042448150338	0.0	0.0	0.0	0.0	0.0	0.0	0.0	0.0	0.0	0.0	0.0	0.0	0.0	0.0	0.0	0.0	0.0	0.0	0.0	0.0	0.0	0.0	0.0	0.0	0.0	0.0	0.0	0.0	0.0	0.0	0.0	0.0	0.0	0.0	0.0	0.0	0.0	0.0	0.0	0.0	0.0	0.0	0.0	0.0	0.0	0.0	0.0	0.0	28105.093812505154	-1213.0318206439824	-252.4568171597597	28132.39198596772	-27682.85643838749	152.18885898461588	5010.703520217499	28133.091756945072	0.0	0.0	0.0	0.0	0.0	0.0	0.0	0.0	0.0	0.0	0.0	0.0	0.0	0.0	0.0	0.0	0.0	0.0	0.0	0.0	0.0	0.0	0.0	0.0	0.0	0.0	0.0	0.0	27691.4887327836	-1964.0113511425948	-4560.14944704592	28133.091756945072	0.0	0.0	0.0	0.0	0.0	0.0	0.0	0.0	0.0	0.0	0.0	0.0	0.0	0.0	0.0	0.0	0.0	0.0	0.0	0.0	0.0	0.0	0.0	0.0	0.0	0.0	0.0	0.0	0.0	0.0	0.0	0.0	0.0	0.0	0.0	0.0	0.0	0.0	0.0	0.0	0.0	0.0	0.0	0.0	0.0	0.0	0.0	0.0	0.0	0.0	0.0	0.0	0.0	0.0	0.0	0.0	0.0	0.0	0.0	0.0	0.0	0.0	0.0	0.0	0.0	0.0	0.0	0.0	0.0	0.0	0.0	0.0	0.0	0.0	0.0	0.0	0.0	0.0	0.0	0.0	0.0	0.0	0.0	0.0	0.0	0.0	0.0	0.0	0.0	0.0	0.0	0.0	0.0	0.0	0.0	0.0	0.0	0.0	0.0	0.0	27.78411891513877	-2.8158810848612315	0.12185103359486499	-0.6150093175949561	19.28145830460093	0.5610929021703789	0.04468002739493139	-2.7651506929593737	-0.009818895844281951
153.0	153.4904	2600.0	2579.739293563923	-0.6931902177689254	-0.5742131167935958	28.3252771331315	-116.7434718712175	145.5975599096273	-333.28199216126393	381.97457241963644	169.4561166494805	-78.18127785000976	-333.281992161264	381.97457241963576	0.0	0.0	0.0	-13.084008474170034	-12.825989016057145	0.3755459251830791	17.802206391638045	0.6632093142312087	-0.330419390288481	1.5369152733864686	0.0	0.0	0.0	0.0	0.0	0.0	0.0	0.0	0.0	0.0	0.0	0.0	0.0	0.0	0.0	0.0	0.0	0.0	0.0	0.0	0.0	0.0	0.0	0.0	0.0	0.0	0.0	0.0	0.0	0.0	0.0	0.0	0.0	0.0	0.0	0.0	0.0	0.0	0.0	0.0	0.0	0.0	0.0	0.0	0.0	0.0	0.0	0.0	27913.54881763223	-1200.9035448751329	-262.80707244408785	27940.605656924436	-27518.404028731766	159.89153273624098	4839.883376011007	27941.234702212954	0.0	0.0	0.0	0.0	0.0	0.0	0.0	0.0	0.0	0.0	0.0	0.0	0.0	0.0	0.0	0.0	0.0	0.0	0.0	0.0	0.0	0.0	0.0	0.0	0.0	0.0	0.0	0.0	27525.589013039356	-1950.454911614929	-4387.513168886618	27941.234702212954	0.0	0.0	0.0	0.0	0.0	0.0	0.0	0.0	0.0	0.0	0.0	0.0	0.0	0.0	0.0	0.0	0.0	0.0	0.0	0.0	0.0	0.0	0.0	0.0	0.0	0.0	0.0	0.0	0.0	0.0	0.0	0.0	0.0	0.0	0.0	0.0	0.0	0.0	0.0	0.0	0.0	0.0	0.0	0.0	0.0	0.0	0.0	0.0	0.0	0.0	0.0	0.0	0.0	0.0	0.0	0.0	0.0	0.0	0.0	0.0	0.0	0.0	0.0	0.0	0.0	0.0	0.0	0.0	0.0	0.0	0.0	0.0	0.0	0.0	0.0	0.0	0.0	0.0	0.0	0.0	0.0	0.0	0.0	0.0	0.0	0.0	0.0	0.0	0.0	0.0	0.0	0.0	0.0	0.0	0.0	0.0	0.0	0.0	0.0	0.0	27.733232572637206	-2.866767427362791	0.1217740819673183	-0.6160367822229528	19.215247306544104	0.5610400846660916	0.04464811884593672	-2.814987120705491	-0.009844001138214282
154.0	154.4905	2600.0	2579.473490604538	-0.6730005542463764	-0.5983194566649326	28.341921512402333	-118.98927952707528	152.37918008174162	-352.6429609735159	402.1628042086003	173.0132173285292	-86.28029783437158	-352.642960973516	402.16280420860085	0.0	0.0	0.0	-13.576872219378178	-13.293437698346214	0.3849707602874353	17.964267580270096	0.7044797622137543	-0.3210979226027243	1.543700136978175	0.0	0.0	0.0	0.0	0.0	0.0	0.0	0.0	0.0	0.0	0.0	0.0	0.0	0.0	0.0	0.0	0.0	0.0	0.0	0.0	0.0	0.0	0.0	0.0	0.0	0.0	0.0	0.0	0.0	0.0	0.0	0.0	0.0	0.0	0.0	0.0	0.0	0.0	0.0	0.0	0.0	0.0	0.0	0.0	0.0	0.0	0.0	0.0	27709.73681817941	-1188.9190690600483	-274.90463938540273	27736.593439827786	-27341.979139819538	170.39201462465059	4662.209973492009	27737.142220457812	0.0	0.0	0.0	0.0	0.0	0.0	0.0	0.0	0.0	0.0	0.0	0.0	0.0	0.0	0.0	0.0	0.0	0.0	0.0	0.0	0.0	0.0	0.0	0.0	0.0	0.0	0.0	0.0	27347.692292505748	-1936.1828604605673	-4207.609863471591	27737.142220457812	0.0	0.0	0.0	0.0	0.0	0.0	0.0	0.0	0.0	0.0	0.0	0.0	0.0	0.0	0.0	0.0	0.0	0.0	0.0	0.0	0.0	0.0	0.0	0.0	0.0	0.0	0.0	0.0	0.0	0.0	0.0	0.0	0.0	0.0	0.0	0.0	0.0	0.0	0.0	0.0	0.0	0.0	0.0	0.0	0.0	0.0	0.0	0.0	0.0	0.0	0.0	0.0	0.0	0.0	0.0	0.0	0.0	0.0	0.0	0.0	0.0	0.0	0.0	0.0	0.0	0.0	0.0	0.0	0.0	0.0	0.0	0.0	0.0	0.0	0.0	0.0	0.0	0.0	0.0	0.0	0.0	0.0	0.0	0.0	0.0	0.0	0.0	0.0	0.0	0.0	0.0	0.0	0.0	0.0	0.0	0.0	0.0	0.0	0.0	0.0	27.683704094751427	-2.9162959052485737	0.12169043560415066	-0.6169707901275426	19.151634461799148	0.5609872732268719	0.0446042162300619	-2.8635569968933043	-0.009884041560478911
155.0	155.4906	2600.0	2579.090469299375	-0.6520267873033144	-0.6217207809400378	28.35832430755657	-122.64374066852905	156.7546481441968	-364.94115906425014	415.68684898507274	176.62120130494986	-91.75215577617928	-364.94115906425014	415.68684898507223	0.0	0.0	0.0	-14.065984903156085	-13.757551423696484	0.3950823975165875	18.120219658596117	0.7471017627049681	-0.31208008425469946	1.5500369288749085	0.0	0.0	0.0	0.0	0.0	0.0	0.0	0.0	0.0	0.0	0.0	0.0	0.0	0.0	0.0	0.0	0.0	0.0	0.0	0.0	0.0	0.0	0.0	0.0	0.0	0.0	0.0	0.0	0.0	0.0	0.0	0.0	0.0	0.0	0.0	0.0	0.0	0.0	0.0	0.0	0.0	0.0	0.0	0.0	0.0	0.0	0.0	0.0	27485.883816231188	-1176.1811193488154	-291.03482314878795	27512.577350243966	-27141.078609205226	173.9386102550567	4505.092548444644	27512.983509267888	0.0	0.0	0.0	0.0	0.0	0.0	0.0	0.0	0.0	0.0	0.0	0.0	0.0	0.0	0.0	0.0	0.0	0.0	0.0	0.0	0.0	0.0	0.0	0.0	0.0	0.0	0.0	0.0	27145.470219337963	-1920.3268615154486	-4049.6978772772795	27512.983509267888	0.0	0.0	0.0	0.0	0.0	0.0	0.0	0.0	0.0	0.0	0.0	0.0	0.0	0.0	0.0	0.0	0.0	0.0	0.0	0.0	0.0	0.0	0.0	0.0	0.0	0.0	0.0	0.0	0.0	0.0	0.0	0.0	0.0	0.0	0.0	0.0	0.0	0.0	0.0	0.0	0.0	0.0	0.0	0.0	0.0	0.0	0.0	0.0	0.0	0.0	0.0	0.0	0.0	0.0	0.0	0.0	0.0	0.0	0.0	0.0	0.0	0.0	0.0	0.0	0.0	0.0	0.0	0.0	0.0	0.0	0.0	0.0	0.0	0.0	0.0	0.0	0.0	0.0	0.0	0.0	0.0	0.0	0.0	0.0	0.0	0.0	0.0	0.0	0.0	0.0	0.0	0.0	0.0	0.0	0.0	0.0	0.0	0.0	0.0	0.0	27.63556907286683	-2.964430927133168	0.12160605043652645	-0.6177956546972437	19.09066476479348	0.5609344612175505	0.04455954571218167	-2.9108408399266144	-0.00994714021930326
156.0	156.4907	2600.0	2578.746167225257	-0.6303325737400199	-0.6443797467785485	28.374432639836115	-123.31038273566809	165.90835969028922	-385.39331564996553	437.3317299867611	179.2555449577576	-102.94893835021503	-385.3933156499655	437.33172998676065	3.241699311660261e-14	0.0	3.241699311660261e-14	-14.551432422975566	-14.218231567472904	0.4056377246909537	18.27019878235408	0.790708304885468	-0.30313214757617135	1.555690401812232	0.0	0.0	0.0	0.0	0.0	0.0	0.0	0.0	0.0	0.0	0.0	0.0	0.0	0.0	0.0	0.0	0.0	0.0	0.0	0.0	0.0	0.0	0.0	0.0	0.0	0.0	0.0	0.0	0.0	0.0	0.0	0.0	0.0	0.0	0.0	0.0	0.0	0.0	0.0	0.0	0.0	0.0	0.0	0.0	0.0	0.0	0.0	0.0	27244.828055379443	-1163.6291637931936	-304.38357087676945	27271.364798195205	-26925.65442778107	184.85706557860198	4328.22975006787	27271.938164867446	0.0	0.0	0.0	0.0	0.0	0.0	0.0	0.0	0.0	0.0	0.0	0.0	0.0	0.0	0.0	0.0	0.0	0.0	0.0	0.0	0.0	0.0	0.0	0.0	0.0	0.0	0.0	0.0	26928.577088921495	-1903.9882702100758	-3871.069090221494	27271.938164867446	0.0	0.0	0.0	0.0	0.0	0.0	0.0	0.0	0.0	0.0	0.0	0.0	0.0	0.0	0.0	0.0	0.0	0.0	0.0	0.0	0.0	0.0	0.0	0.0	0.0	0.0	0.0	0.0	0.0	0.0	0.0	0.0	0.0	0.0	0.0	0.0	0.0	0.0	0.0	0.0	0.0	0.0	0.0	0.0	0.0	0.0	0.0	0.0	0.0	0.0	0.0	0.0	0.0	0.0	0.0	0.0	0.0	0.0	0.0	0.0	0.0	0.0	0.0	0.0	0.0	0.0	0.0	0.0	0.0	0.0	0.0	0.0	0.0	0.0	0.0	0.0	0.0	0.0	0.0	0.0	0.0	0.0	0.0	0.0	0.0	0.0	0.0	0.0	0.0	0.0	0.0	0.0	0.0	0.0	0.0	0.0	0.0	0.0	0.0	0.0	27.58889677691127	-3.0111032230887274	0.12147954761016508	-0.6184148658993284	19.03226166600675	0.5608816605618452	0.04450707985013189	-2.956865180521476	-0.010004382685879422
157.0	157.4908	2600.0	2578.1250233711103	-0.6079027083660118	-0.6662594848596249	28.390206379937194	-127.90966660812047	161.54723072240813	-392.37164022262726	443.18607222799136	180.01068148745617	-100.27235469610241	-392.37164022262726	443.18607222799125	0.0	0.0	0.0	-15.033054882511617	-14.675075838685652	0.4162692026943718	18.41359842497677	0.8357111657089838	-0.29486546450573153	1.5610427026175846	0.0	0.0	0.0	0.0	0.0	0.0	0.0	0.0	0.0	0.0	0.0	0.0	0.0	0.0	0.0	0.0	0.0	0.0	0.0	0.0	0.0	0.0	0.0	0.0	0.0	0.0	0.0	0.0	0.0	0.0	0.0	0.0	0.0	0.0	0.0	0.0	0.0	0.0	0.0	0.0	0.0	0.0	0.0	0.0	0.0	0.0	0.0	0.0	27112.723866150718	-1154.7310926773641	-316.7407877047141	27139.151130150152	-26814.84449001455	191.66882796099023	4182.661395249471	27139.77299666646	0.0	0.0	0.0	0.0	0.0	0.0	0.0	0.0	0.0	0.0	0.0	0.0	0.0	0.0	0.0	0.0	0.0	0.0	0.0	0.0	0.0	0.0	0.0	0.0	0.0	0.0	0.0	0.0	26816.3725689332	-1894.1341338338405	-3723.129924915071	27139.77299666646	0.0	0.0	0.0	0.0	0.0	0.0	0.0	0.0	0.0	0.0	0.0	0.0	0.0	0.0	0.0	0.0	0.0	0.0	0.0	0.0	0.0	0.0	0.0	0.0	0.0	0.0	0.0	0.0	0.0	0.0	0.0	0.0	0.0	0.0	0.0	0.0	0.0	0.0	0.0	0.0	0.0	0.0	0.0	0.0	0.0	0.0	0.0	0.0	0.0	0.0	0.0	0.0	0.0	0.0	0.0	0.0	0.0	0.0	0.0	0.0	0.0	0.0	0.0	0.0	0.0	0.0	0.0	0.0	0.0	0.0	0.0	0.0	0.0	0.0	0.0	0.0	0.0	0.0	0.0	0.0	0.0	0.0	0.0	0.0	0.0	0.0	0.0	0.0	0.0	0.0	0.0	0.0	0.0	0.0	0.0	0.0	0.0	0.0	0.0	0.0	27.54375419534611	-3.05624580465389	0.12133796907889358	-0.6190073461990825	18.97637911148692	0.5608288696630669	0.04445147557815054	-3.0013853119586535	-0.010053651406455878
158.0	158.491	2600.0	2578.127437131064	-0.5846264737944067	-0.6872883221148006	28.40560613305713	-127.50090095202539	156.20443704361972	-405.05208562272037	452.4638084565525	175.89376668769728	-98.5783380672801	-405.05208562272037	452.4638084565533	0.0	0.0	0.0	-15.510686471107554	-15.127798140538449	0.42678892213597414	18.55040766627524	0.8827530311131184	-0.2873183984647506	1.566739683378315	0.0	0.0	0.0	0.0	0.0	0.0	0.0	0.0	0.0	0.0	0.0	0.0	0.0	0.0	0.0	0.0	0.0	0.0	0.0	0.0	0.0	0.0	0.0	0.0	0.0	0.0	0.0	0.0	0.0	0.0	0.0	0.0	0.0	0.0	0.0	0.0	0.0	0.0	0.0	0.0	0.0	0.0	0.0	0.0	0.0	0.0	0.0	0.0	27120.68024460205	-1152.4981506342301	-329.52405537922823	27147.157033844935	-26843.6264672501	204.24891216286235	4047.0554930199314	27147.756034246235	0.0	0.0	0.0	0.0	0.0	0.0	0.0	0.0	0.0	0.0	0.0	0.0	0.0	0.0	0.0	0.0	0.0	0.0	0.0	0.0	0.0	0.0	0.0	0.0	0.0	0.0	0.0	0.0	26843.589216160944	-1894.6989555289585	-3582.2467191523488	27147.756034246235	0.0	0.0	0.0	0.0	0.0	0.0	0.0	0.0	0.0	0.0	0.0	0.0	0.0	0.0	0.0	0.0	0.0	0.0	0.0	0.0	0.0	0.0	0.0	0.0	0.0	0.0	0.0	0.0	0.0	0.0	0.0	0.0	0.0	0.0	0.0	0.0	0.0	0.0	0.0	0.0	0.0	0.0	0.0	0.0	0.0	0.0	0.0	0.0	0.0	0.0	0.0	0.0	0.0	0.0	0.0	0.0	0.0	0.0	0.0	0.0	0.0	0.0	0.0	0.0	0.0	0.0	0.0	0.0	0.0	0.0	0.0	0.0	0.0	0.0	0.0	0.0	0.0	0.0	0.0	0.0	0.0	0.0	0.0	0.0	0.0	0.0	0.0	0.0	0.0	0.0	0.0	0.0	0.0	0.0	0.0	0.0	0.0	0.0	0.0	0.0	27.500242027462967	-3.0997579725370312	0.12128467588602791	-0.6197855626201012	18.92300591451875	0.560776082503293	0.044409780510844654	-3.044090917674566	-0.01009350670421983
159.0	159.4911	2600.0	2577.7644358609746	-0.5605513384386134	-0.7074327989190049	28.4205821438826	-129.14445115985285	172.71934619274904	-421.9359205556545	473.8567113271457	181.47168051259908	-116.5259240965897	-421.9359205556545	473.8567113271465	8.752486778619556e-15	0.0	8.752486778619556e-15	-15.984209960286224	-15.576198139782225	0.4370563783969125	18.680849169138156	0.9315525389255235	-0.2801797376875637	1.5726513300512004	0.0	0.0	0.0	0.0	0.0	0.0	0.0	0.0	0.0	0.0	0.0	0.0	0.0	0.0	0.0	0.0	0.0	0.0	0.0	0.0	0.0	0.0	0.0	0.0	0.0	0.0	0.0	0.0	0.0	0.0	0.0	0.0	0.0	0.0	0.0	0.0	0.0	0.0	0.0	0.0	0.0	0.0	0.0	0.0	0.0	0.0	0.0	0.0	27132.906019882896	-1150.1625342898456	-343.08146058779056	27159.43975540881	-26875.626173557896	216.45351111361623	3913.9348771016857	27159.989332941506	0.0	0.0	0.0	0.0	0.0	0.0	0.0	0.0	0.0	0.0	0.0	0.0	0.0	0.0	0.0	0.0	0.0	0.0	0.0	0.0	0.0	0.0	0.0	0.0	0.0	0.0	0.0	0.0	26873.95060680334	-1895.581506978253	-3444.2081962321695	27159.989332941506	0.0	0.0	0.0	0.0	0.0	0.0	0.0	0.0	0.0	0.0	0.0	0.0	0.0	0.0	0.0	0.0	0.0	0.0	0.0	0.0	0.0	0.0	0.0	0.0	0.0	0.0	0.0	0.0	0.0	0.0	0.0	0.0	0.0	0.0	0.0	0.0	0.0	0.0	0.0	0.0	0.0	0.0	0.0	0.0	0.0	0.0	0.0	0.0	0.0	0.0	0.0	0.0	0.0	0.0	0.0	0.0	0.0	0.0	0.0	0.0	0.0	0.0	0.0	0.0	0.0	0.0	0.0	0.0	0.0	0.0	0.0	0.0	0.0	0.0	0.0	0.0	0.0	0.0	0.0	0.0	0.0	0.0	0.0	0.0	0.0	0.0	0.0	0.0	0.0	0.0	0.0	0.0	0.0	0.0	0.0	0.0	0.0	0.0	0.0	0.0	27.458422885886694	-3.1415771141132995	0.12128965537080319	-0.6206809232281552	18.87215164296309	0.5607232945820355	0.044368796076249745	-3.0849871697381217	-0.010142332360366891
160.0	160.4913	2600.0	2577.950436171183	-0.5357399269089548	-0.7266906607222395	28.435095078180275	-128.0956599555975	173.31911571388622	-444.1448863396978	493.67265878617025	178.62176942455332	-120.5913656069388	-444.1448863396978	493.67265878617144	-1.6894254740556155e-15	0.0	-1.6894254740556155e-15	-16.45358092197852	-16.020045067536095	0.4467971587161713	18.80480045919237	0.9819812524093141	-0.27350836376466925	1.578715557003263	0.0	0.0	0.0	0.0	0.0	0.0	0.0	0.0	0.0	0.0	0.0	0.0	0.0	0.0	0.0	0.0	0.0	0.0	0.0	0.0	0.0	0.0	0.0	0.0	0.0	0.0	0.0	0.0	0.0	0.0	0.0	0.0	0.0	0.0	0.0	0.0	0.0	0.0	0.0	0.0	0.0	0.0	0.0	0.0	0.0	0.0	0.0	0.0	27136.967995593714	-1147.5991188751427	-356.2213117711877	27163.558481069453	-26899.20384659725	229.56407823593935	3777.524413764879	27164.122624215168	0.0	0.0	0.0	0.0	0.0	0.0	0.0	0.0	0.0	0.0	0.0	0.0	0.0	0.0	0.0	0.0	0.0	0.0	0.0	0.0	0.0	0.0	0.0	0.0	0.0	0.0	0.0	0.0	26895.779469129735	-1895.938654476944	-3303.334877029224	27164.122624215168	0.0	0.0	0.0	0.0	0.0	0.0	0.0	0.0	0.0	0.0	0.0	0.0	0.0	0.0	0.0	0.0	0.0	0.0	0.0	0.0	0.0	0.0	0.0	0.0	0.0	0.0	0.0	0.0	0.0	0.0	0.0	0.0	0.0	0.0	0.0	0.0	0.0	0.0	0.0	0.0	0.0	0.0	0.0	0.0	0.0	0.0	0.0	0.0	0.0	0.0	0.0	0.0	0.0	0.0	0.0	0.0	0.0	0.0	0.0	0.0	0.0	0.0	0.0	0.0	0.0	0.0	0.0	0.0	0.0	0.0	0.0	0.0	0.0	0.0	0.0	0.0	0.0	0.0	0.0	0.0	0.0	0.0	0.0	0.0	0.0	0.0	0.0	0.0	0.0	0.0	0.0	0.0	0.0	0.0	0.0	0.0	0.0	0.0	0.0	0.0	27.41832593242767	-3.1816740675723283	0.12131878921724228	-0.6216728906819335	18.823768746179653	0.5606705036321312	0.04433178630818052	-3.124065282793447	-0.010182103440104569
161.0	161.4914	2600.0	2577.6473078804966	-0.5102119848967134	-0.7450510862491689	28.44910972542131	-129.80924203965697	168.81606155976985	-446.8215991294869	494.9735784949477	176.68503940684602	-118.87682200186099	-446.8215991294869	494.97357849494625	5.158953979642251e-15	0.0	5.158953979642251e-15	-16.91866799893448	-16.459107074663446	0.45581042059057375	18.92197965727535	1.034148107882177	-0.2675497027152234	1.5850501826200685	0.0	0.0	0.0	0.0	0.0	0.0	0.0	0.0	0.0	0.0	0.0	0.0	0.0	0.0	0.0	0.0	0.0	0.0	0.0	0.0	0.0	0.0	0.0	0.0	0.0	0.0	0.0	0.0	0.0	0.0	0.0	0.0	0.0	0.0	0.0	0.0	0.0	0.0	0.0	0.0	0.0	0.0	0.0	0.0	0.0	0.0	0.0	0.0	27143.444461907606	-1144.9579555607902	-368.4536850877937	27170.080310788915	-26924.597038180797	243.4224620360948	3639.794733401416	27170.5959791966	0.0	0.0	0.0	0.0	0.0	0.0	0.0	0.0	0.0	0.0	0.0	0.0	0.0	0.0	0.0	0.0	0.0	0.0	0.0	0.0	0.0	0.0	0.0	0.0	0.0	0.0	0.0	0.0	26919.308637206097	-1896.4835408127683	-3161.559510589943	27170.5959791966	0.0	0.0	0.0	0.0	0.0	0.0	0.0	0.0	0.0	0.0	0.0	0.0	0.0	0.0	0.0	0.0	0.0	0.0	0.0	0.0	0.0	0.0	0.0	0.0	0.0	0.0	0.0	0.0	0.0	0.0	0.0	0.0	0.0	0.0	0.0	0.0	0.0	0.0	0.0	0.0	0.0	0.0	0.0	0.0	0.0	0.0	0.0	0.0	0.0	0.0	0.0	0.0	0.0	0.0	0.0	0.0	0.0	0.0	0.0	0.0	0.0	0.0	0.0	0.0	0.0	0.0	0.0	0.0	0.0	0.0	0.0	0.0	0.0	0.0	0.0	0.0	0.0	0.0	0.0	0.0	0.0	0.0	0.0	0.0	0.0	0.0	0.0	0.0	0.0	0.0	0.0	0.0	0.0	0.0	0.0	0.0	0.0	0.0	0.0	0.0	27.379987424745003	-3.2200125752550015	0.12139043413854497	-0.6228214368159481	18.777826746078226	0.5606177077405676	0.044305429039539775	-3.161229423846237	-0.01021085308382659
162.0	162.4916	2600.0	2577.513161416759	-0.4840228165951527	-0.7625077378920546	28.462589318968114	-130.61105059877443	183.60113329362864	-489.5398888610831	538.9043750716282	179.79571349796785	-135.8017823630289	-489.5398888610831	538.9043750716268	0.0	0.0	0.0	-17.3793846645097	-16.893271549420586	0.4640434835170594	19.03287215462324	1.0877647339629881	-0.26174628210277556	1.5915048557616032	0.0	0.0	0.0	0.0	0.0	0.0	0.0	0.0	0.0	0.0	0.0	0.0	0.0	0.0	0.0	0.0	0.0	0.0	0.0	0.0	0.0	0.0	0.0	0.0	0.0	0.0	0.0	0.0	0.0	0.0	0.0	0.0	0.0	0.0	0.0	0.0	0.0	0.0	0.0	0.0	0.0	0.0	0.0	0.0	0.0	0.0	0.0	0.0	27147.082405876667	-1142.3444400368955	-380.7004789918807	27173.773510976458	-26946.767097314198	258.23637179729354	3499.9322611545704	27174.334745367447	0.0	0.0	0.0	0.0	0.0	0.0	0.0	0.0	0.0	0.0	0.0	0.0	0.0	0.0	0.0	0.0	0.0	0.0	0.0	0.0	0.0	0.0	0.0	0.0	0.0	0.0	0.0	0.0	26939.507262098377	-1896.9903814900752	-3018.086284579558	27174.334745367447	0.0	0.0	0.0	0.0	0.0	0.0	0.0	0.0	0.0	0.0	0.0	0.0	0.0	0.0	0.0	0.0	0.0	0.0	0.0	0.0	0.0	0.0	0.0	0.0	0.0	0.0	0.0	0.0	0.0	0.0	0.0	0.0	0.0	0.0	0.0	0.0	0.0	0.0	0.0	0.0	0.0	0.0	0.0	0.0	0.0	0.0	0.0	0.0	0.0	0.0	0.0	0.0	0.0	0.0	0.0	0.0	0.0	0.0	0.0	0.0	0.0	0.0	0.0	0.0	0.0	0.0	0.0	0.0	0.0	0.0	0.0	0.0	0.0	0.0	0.0	0.0	0.0	0.0	0.0	0.0	0.0	0.0	0.0	0.0	0.0	0.0	0.0	0.0	0.0	0.0	0.0	0.0	0.0	0.0	0.0	0.0	0.0	0.0	0.0	0.0	27.343438593059087	-3.256561406940915	0.12149048553067383	-0.6240330604759607	18.734343351349874	0.5605649061487787	0.044280293411113454	-3.1965410159888883	-0.010235100402454763
163.0	163.4918	2600.0	2577.3749199204212	-0.4572239515159926	-0.7790405651674424	28.475494492770054	-131.05609421831468	200.12469524053083	-526.8000167568441	578.5705239051557	182.51973485924643	-154.63550647825102	-526.8000167568441	578.5705239051556	0.0	0.0	0.0	-17.835663236270737	-17.32242739222076	0.47136280914708767	19.137322320113583	1.1425185001757339	-0.25618115507584166	1.59784309471315	0.0	0.0	0.0	0.0	0.0	0.0	0.0	0.0	0.0	0.0	0.0	0.0	0.0	0.0	0.0	0.0	0.0	0.0	0.0	0.0	0.0	0.0	0.0	0.0	0.0	0.0	0.0	0.0	0.0	0.0	0.0	0.0	0.0	0.0	0.0	0.0	0.0	0.0	0.0	0.0	0.0	0.0	0.0	0.0	0.0	0.0	0.0	0.0	27157.745805424907	-1139.7869723451513	-391.66846288567433	27184.474903135804	-26974.7909859956	272.3343618995027	3363.364336251253	27185.027761640922	0.0	0.0	0.0	0.0	0.0	0.0	0.0	0.0	0.0	0.0	0.0	0.0	0.0	0.0	0.0	0.0	0.0	0.0	0.0	0.0	0.0	0.0	0.0	0.0	0.0	0.0	0.0	0.0	26965.50076317005	-1897.7105267473967	-2878.5756459289405	27185.027761640922	0.0	0.0	0.0	0.0	0.0	0.0	0.0	0.0	0.0	0.0	0.0	0.0	0.0	0.0	0.0	0.0	0.0	0.0	0.0	0.0	0.0	0.0	0.0	0.0	0.0	0.0	0.0	0.0	0.0	0.0	0.0	0.0	0.0	0.0	0.0	0.0	0.0	0.0	0.0	0.0	0.0	0.0	0.0	0.0	0.0	0.0	0.0	0.0	0.0	0.0	0.0	0.0	0.0	0.0	0.0	0.0	0.0	0.0	0.0	0.0	0.0	0.0	0.0	0.0	0.0	0.0	0.0	0.0	0.0	0.0	0.0	0.0	0.0	0.0	0.0	0.0	0.0	0.0	0.0	0.0	0.0	0.0	0.0	0.0	0.0	0.0	0.0	0.0	0.0	0.0	0.0	0.0	0.0	0.0	0.0	0.0	0.0	0.0	0.0	0.0	27.308723723359215	-3.2912762766407835	0.12159218735320869	-0.6252311686680696	18.69327721047223	0.5605120957919112	0.04426329217457789	-3.2300319013037933	-0.01024933422865672
164.0	164.492	2600.0	2577.423941417905	-0.42986291678716626	-0.7946236658575598	28.487785944715675	-131.30280964400663	192.53113913655758	-532.3766288648834	581.1484683961311	178.00020444569603	-150.41474188032225	-532.3766288648834	581.1484683961334	0.0	0.0	0.0	-18.287534690128208	-17.74643119098067	0.47750483997674487	19.235192807993517	1.1982509252253322	-0.25094053072418454	1.6039883814089448	0.0	0.0	0.0	0.0	0.0	0.0	0.0	0.0	0.0	0.0	0.0	0.0	0.0	0.0	0.0	0.0	0.0	0.0	0.0	0.0	0.0	0.0	0.0	0.0	0.0	0.0	0.0	0.0	0.0	0.0	0.0	0.0	0.0	0.0	0.0	0.0	0.0	0.0	0.0	0.0	0.0	0.0	0.0	0.0	0.0	0.0	0.0	0.0	27158.16891044747	-1137.0036989177024	-396.9640952638331	27184.85785272156	-26993.52571802292	292.26919452048566	3209.9421815887963	27185.28242966723	0.0	0.0	0.0	0.0	0.0	0.0	0.0	0.0	0.0	0.0	0.0	0.0	0.0	0.0	0.0	0.0	0.0	0.0	0.0	0.0	0.0	0.0	0.0	0.0	0.0	0.0	0.0	0.0	26981.993334481573	-1897.8759300171102	-2722.0733702505827	27185.28242966723	0.0	0.0	0.0	0.0	0.0	0.0	0.0	0.0	0.0	0.0	0.0	0.0	0.0	0.0	0.0	0.0	0.0	0.0	0.0	0.0	0.0	0.0	0.0	0.0	0.0	0.0	0.0	0.0	0.0	0.0	0.0	0.0	0.0	0.0	0.0	0.0	0.0	0.0	0.0	0.0	0.0	0.0	0.0	0.0	0.0	0.0	0.0	0.0	0.0	0.0	0.0	0.0	0.0	0.0	0.0	0.0	0.0	0.0	0.0	0.0	0.0	0.0	0.0	0.0	0.0	0.0	0.0	0.0	0.0	0.0	0.0	0.0	0.0	0.0	0.0	0.0	0.0	0.0	0.0	0.0	0.0	0.0	0.0	0.0	0.0	0.0	0.0	0.0	0.0	0.0	0.0	0.0	0.0	0.0	0.0	0.0	0.0	0.0	0.0	0.0	27.27589193778859	-3.324108062211416	0.12167821804880326	-0.6263980979656547	18.654547254752995	0.5604592778511823	0.04425330188435317	-3.261670443388567	-0.01021149859031272
165.0	165.4921	2600.0	2577.529120634249	-0.4019729068250744	-0.8092675371810871	28.499440488297722	-130.80387422375492	185.49622227739022	-536.578877557803	582.6108425289718	173.10224195382037	-146.8132004340441	-536.578877557803	582.6108425289708	0.0	0.0	0.0	-18.734584899827553	-18.16522777363401	0.4827443739618936	19.32625513386713	1.2551096302500364	-0.24623551050008946	1.6100975892063587	0.0	0.0	0.0	0.0	0.0	0.0	0.0	0.0	0.0	0.0	0.0	0.0	0.0	0.0	0.0	0.0	0.0	0.0	0.0	0.0	0.0	0.0	0.0	0.0	0.0	0.0	0.0	0.0	0.0	0.0	0.0	0.0	0.0	0.0	0.0	0.0	0.0	0.0	0.0	0.0	0.0	0.0	0.0	0.0	0.0	0.0	0.0	0.0	27156.663003923317	-1134.2379673249916	-407.8037613853942	27183.398337643117	-27008.56831214379	309.0209031175017	3066.2224151965934	27183.818276499616	0.0	0.0	0.0	0.0	0.0	0.0	0.0	0.0	0.0	0.0	0.0	0.0	0.0	0.0	0.0	0.0	0.0	0.0	0.0	0.0	0.0	0.0	0.0	0.0	0.0	0.0	0.0	0.0	26994.812265870238	-1897.88230866387	-2576.4567845467836	27183.818276499616	0.0	0.0	0.0	0.0	0.0	0.0	0.0	0.0	0.0	0.0	0.0	0.0	0.0	0.0	0.0	0.0	0.0	0.0	0.0	0.0	0.0	0.0	0.0	0.0	0.0	0.0	0.0	0.0	0.0	0.0	0.0	0.0	0.0	0.0	0.0	0.0	0.0	0.0	0.0	0.0	0.0	0.0	0.0	0.0	0.0	0.0	0.0	0.0	0.0	0.0	0.0	0.0	0.0	0.0	0.0	0.0	0.0	0.0	0.0	0.0	0.0	0.0	0.0	0.0	0.0	0.0	0.0	0.0	0.0	0.0	0.0	0.0	0.0	0.0	0.0	0.0	0.0	0.0	0.0	0.0	0.0	0.0	0.0	0.0	0.0	0.0	0.0	0.0	0.0	0.0	0.0	0.0	0.0	0.0	0.0	0.0	0.0	0.0	0.0	0.0	27.244953192053	-3.355046807947005	0.12177284508940422	-0.6276084050862952	18.618240594596685	0.5604064541589054	0.04423804948600145	-3.2913718080430185	-0.01019156311266185
166.0	166.4922	2600.0	2577.5518317681144	-0.3735643847055882	-0.8229299161122582	28.510419406751303	-130.62912495228014	186.1378591985376	-550.5879783507507	595.699918429724	170.49326292622024	-150.47696903374887	-550.5879783507507	595.699918429724	0.0	0.0	0.0	-19.17689504782249	-18.578765068796653	0.4868885287151756	19.410602785499304	1.3129275959150895	-0.2419244202778569	1.6161108435294627	0.0	0.0	0.0	0.0	0.0	0.0	0.0	0.0	0.0	0.0	0.0	0.0	0.0	0.0	0.0	0.0	0.0	0.0	0.0	0.0	0.0	0.0	0.0	0.0	0.0	0.0	0.0	0.0	0.0	0.0	0.0	0.0	0.0	0.0	0.0	0.0	0.0	0.0	0.0	0.0	0.0	0.0	0.0	0.0	0.0	0.0	0.0	0.0	27155.474641450175	-1131.395432208806	-415.5445146725963	27182.20991512907	-27023.560829508846	327.61673887684543	2918.1148251782306	27182.63355097665	0.0	0.0	0.0	0.0	0.0	0.0	0.0	0.0	0.0	0.0	0.0	0.0	0.0	0.0	0.0	0.0	0.0	0.0	0.0	0.0	0.0	0.0	0.0	0.0	0.0	0.0	0.0	0.0	27007.483768211212	-1897.886102197054	-2426.811822036816	27182.63355097665	0.0	0.0	0.0	0.0	0.0	0.0	0.0	0.0	0.0	0.0	0.0	0.0	0.0	0.0	0.0	0.0	0.0	0.0	0.0	0.0	0.0	0.0	0.0	0.0	0.0	0.0	0.0	0.0	0.0	0.0	0.0	0.0	0.0	0.0	0.0	0.0	0.0	0.0	0.0	0.0	0.0	0.0	0.0	0.0	0.0	0.0	0.0	0.0	0.0	0.0	0.0	0.0	0.0	0.0	0.0	0.0	0.0	0.0	0.0	0.0	0.0	0.0	0.0	0.0	0.0	0.0	0.0	0.0	0.0	0.0	0.0	0.0	0.0	0.0	0.0	0.0	0.0	0.0	0.0	0.0	0.0	0.0	0.0	0.0	0.0	0.0	0.0	0.0	0.0	0.0	0.0	0.0	0.0	0.0	0.0	0.0	0.0	0.0	0.0	0.0	27.215970960848935	-3.3840290391510663	0.12188160454755442	-0.6288264050809182	18.584271150765705	0.5603536246646108	0.044231970769962346	-3.319108583591938	-0.010144920541613879
167.0	167.4923	2600.0	2577.4893993122505	-0.3447007777693339	-0.8356145215967309	28.52069712383616	-131.0569332129235	198.08801335455792	-558.8621298271037	607.2410237564809	170.8465168309704	-165.0037831828631	-558.8621298271037	607.2410237564809	-4.4252748704604385e-15	0.0	-4.4252748704604385e-15	-19.61432305990557	-18.987008703607653	0.48998566048925557	19.488308073689847	1.3714880648046381	-0.23789344290249317	1.6218873334068555	0.0	0.0	0.0	0.0	0.0	0.0	0.0	0.0	0.0	0.0	0.0	0.0	0.0	0.0	0.0	0.0	0.0	0.0	0.0	0.0	0.0	0.0	0.0	0.0	0.0	0.0	0.0	0.0	0.0	0.0	0.0	0.0	0.0	0.0	0.0	0.0	0.0	0.0	0.0	0.0	0.0	0.0	0.0	0.0	0.0	0.0	0.0	0.0	27158.781343605187	-1128.7661400895358	-423.3469797330529	27185.524452068585	-27042.20402914276	346.8082193337264	2769.9340496574014	27185.908285989528	0.0	0.0	0.0	0.0	0.0	0.0	0.0	0.0	0.0	0.0	0.0	0.0	0.0	0.0	0.0	0.0	0.0	0.0	0.0	0.0	0.0	0.0	0.0	0.0	0.0	0.0	0.0	0.0	27023.75399397025	-1898.171136950128	-2277.5591633282465	27185.908285989528	0.0	0.0	0.0	0.0	0.0	0.0	0.0	0.0	0.0	0.0	0.0	0.0	0.0	0.0	0.0	0.0	0.0	0.0	0.0	0.0	0.0	0.0	0.0	0.0	0.0	0.0	0.0	0.0	0.0	0.0	0.0	0.0	0.0	0.0	0.0	0.0	0.0	0.0	0.0	0.0	0.0	0.0	0.0	0.0	0.0	0.0	0.0	0.0	0.0	0.0	0.0	0.0	0.0	0.0	0.0	0.0	0.0	0.0	0.0	0.0	0.0	0.0	0.0	0.0	0.0	0.0	0.0	0.0	0.0	0.0	0.0	0.0	0.0	0.0	0.0	0.0	0.0	0.0	0.0	0.0	0.0	0.0	0.0	0.0	0.0	0.0	0.0	0.0	0.0	0.0	0.0	0.0	0.0	0.0	0.0	0.0	0.0	0.0	0.0	0.0	27.188960243292748	-3.4110397567072543	0.12199485759563551	-0.629994866279412	18.55264474283366	0.5603007909064975	0.04422324980067218	-3.3449221748120683	-0.01007782026657822
168.0	168.4924	2600.0	2577.1965780486144	-0.31542652053545406	-0.8473037047064014	28.53024412235577	-132.70245392836293	188.37232298187155	-571.1281167703671	615.8582621917657	167.61468291651175	-158.11195848192438	-571.1281167703672	615.8582621917631	0.0	0.0	0.0	-20.046747649572794	-19.38996132680663	0.4920869994800771	19.559289248139763	1.4306299552443387	-0.23418947208703172	1.6273305703846996	0.0	0.0	0.0	0.0	0.0	0.0	0.0	0.0	0.0	0.0	0.0	0.0	0.0	0.0	0.0	0.0	0.0	0.0	0.0	0.0	0.0	0.0	0.0	0.0	0.0	0.0	0.0	0.0	0.0	0.0	0.0	0.0	0.0	0.0	0.0	0.0	0.0	0.0	0.0	0.0	0.0	0.0	0.0	0.0	0.0	0.0	0.0	0.0	27160.807157994055	-1126.3455014763451	-431.04667424110227	27187.56886699896	-27058.895996587828	366.609174299344	2620.929588835666	27188.003360866198	0.0	0.0	0.0	0.0	0.0	0.0	0.0	0.0	0.0	0.0	0.0	0.0	0.0	0.0	0.0	0.0	0.0	0.0	0.0	0.0	0.0	0.0	0.0	0.0	0.0	0.0	0.0	0.0	27038.036941217895	-1898.342148453915	-2127.999577822255	27188.003360866198	0.0	0.0	0.0	0.0	0.0	0.0	0.0	0.0	0.0	0.0	0.0	0.0	0.0	0.0	0.0	0.0	0.0	0.0	0.0	0.0	0.0	0.0	0.0	0.0	0.0	0.0	0.0	0.0	0.0	0.0	0.0	0.0	0.0	0.0	0.0	0.0	0.0	0.0	0.0	0.0	0.0	0.0	0.0	0.0	0.0	0.0	0.0	0.0	0.0	0.0	0.0	0.0	0.0	0.0	0.0	0.0	0.0	0.0	0.0	0.0	0.0	0.0	0.0	0.0	0.0	0.0	0.0	0.0	0.0	0.0	0.0	0.0	0.0	0.0	0.0	0.0	0.0	0.0	0.0	0.0	0.0	0.0	0.0	0.0	0.0	0.0	0.0	0.0	0.0	0.0	0.0	0.0	0.0	0.0	0.0	0.0	0.0	0.0	0.0	0.0	27.163956650047574	-3.4360433499524308	0.12210019745177941	-0.6310845756378223	18.523344796084004	0.5602479547051432	0.04422097183558694	-3.3688061275925048	-0.009993490584440158
169.0	169.4925	2600.0	2577.5035674762653	-0.28577559378896616	-0.857953122556263	28.53902365044308	-131.2040392339513	191.99721832348226	-578.7749639142772	623.7450525729498	164.0173582713978	-164.85065344405663	-578.7749639142772	623.745052572951	0.0	0.0	0.0	-20.47407855428151	-19.7876477028172	0.4932392220635965	19.623494480591038	1.490173638502898	-0.23083031391443495	1.6323750601201954	0.0	0.0	0.0	0.0	0.0	0.0	0.0	0.0	0.0	0.0	0.0	0.0	0.0	0.0	0.0	0.0	0.0	0.0	0.0	0.0	0.0	0.0	0.0	0.0	0.0	0.0	0.0	0.0	0.0	0.0	0.0	0.0	0.0	0.0	0.0	0.0	0.0	0.0	0.0	0.0	0.0	0.0	0.0	0.0	0.0	0.0	0.0	0.0	27163.953495199108	-1124.1419978992233	-437.7279716141409	27190.72765664637	-27075.821088637087	387.47648835149613	2470.3545088589913	27191.04405962283	0.0	0.0	0.0	0.0	0.0	0.0	0.0	0.0	0.0	0.0	0.0	0.0	0.0	0.0	0.0	0.0	0.0	0.0	0.0	0.0	0.0	0.0	0.0	0.0	0.0	0.0	0.0	0.0	27052.519194148532	-1898.5915556285902	-1977.2284661796002	27191.04405962283	0.0	0.0	0.0	0.0	0.0	0.0	0.0	0.0	0.0	0.0	0.0	0.0	0.0	0.0	0.0	0.0	0.0	0.0	0.0	0.0	0.0	0.0	0.0	0.0	0.0	0.0	0.0	0.0	0.0	0.0	0.0	0.0	0.0	0.0	0.0	0.0	0.0	0.0	0.0	0.0	0.0	0.0	0.0	0.0	0.0	0.0	0.0	0.0	0.0	0.0	0.0	0.0	0.0	0.0	0.0	0.0	0.0	0.0	0.0	0.0	0.0	0.0	0.0	0.0	0.0	0.0	0.0	0.0	0.0	0.0	0.0	0.0	0.0	0.0	0.0	0.0	0.0	0.0	0.0	0.0	0.0	0.0	0.0	0.0	0.0	0.0	0.0	0.0	0.0	0.0	0.0	0.0	0.0	0.0	0.0	0.0	0.0	0.0	0.0	0.0	27.141022281470512	-3.458977718529489	0.12218860435853797	-0.6320791953695213	18.496344233056266	0.5601951178334833	0.044220316648802244	-3.390714297088682	-0.009890119910789643
170.0	170.4925	2600.0	2577.555161911279	-0.2557889100982907	-0.8675682694184675	28.54701818463802	-130.6081280529725	186.00669894455496	-581.9522046579707	624.7602289454927	159.53811899157517	-161.8782374329058	-581.9522046579707	624.7602289454944	0.0	0.0	0.0	-20.89616186100264	-20.180059226113503	0.49353887383422174	19.68097530416102	1.5501524055182112	-0.2277525757295583	1.6371255186805123	0.0	0.0	0.0	0.0	0.0	0.0	0.0	0.0	0.0	0.0	0.0	0.0	0.0	0.0	0.0	0.0	0.0	0.0	0.0	0.0	0.0	0.0	0.0	0.0	0.0	0.0	0.0	0.0	0.0	0.0	0.0	0.0	0.0	0.0	0.0	0.0	0.0	0.0	0.0	0.0	0.0	0.0	0.0	0.0	0.0	0.0	0.0	0.0	27167.309457271578	-1121.9388654667987	-445.4401696844767	27194.11456381272	-27092.033592622578	407.6069097173063	2322.6179037803763	27194.466008796728	0.0	0.0	0.0	0.0	0.0	0.0	0.0	0.0	0.0	0.0	0.0	0.0	0.0	0.0	0.0	0.0	0.0	0.0	0.0	0.0	0.0	0.0	0.0	0.0	0.0	0.0	0.0	0.0	27066.30742267789	-1898.7471236294825	-1829.9572031064229	27194.466008796728	0.0	0.0	0.0	0.0	0.0	0.0	0.0	0.0	0.0	0.0	0.0	0.0	0.0	0.0	0.0	0.0	0.0	0.0	0.0	0.0	0.0	0.0	0.0	0.0	0.0	0.0	0.0	0.0	0.0	0.0	0.0	0.0	0.0	0.0	0.0	0.0	0.0	0.0	0.0	0.0	0.0	0.0	0.0	0.0	0.0	0.0	0.0	0.0	0.0	0.0	0.0	0.0	0.0	0.0	0.0	0.0	0.0	0.0	0.0	0.0	0.0	0.0	0.0	0.0	0.0	0.0	0.0	0.0	0.0	0.0	0.0	0.0	0.0	0.0	0.0	0.0	0.0	0.0	0.0	0.0	0.0	0.0	0.0	0.0	0.0	0.0	0.0	0.0	0.0	0.0	0.0	0.0	0.0	0.0	0.0	0.0	0.0	0.0	0.0	0.0	27.120166513176812	-3.4798334868231886	0.12225964381538852	-0.6330069047687972	18.4716508228096	0.5601422737079067	0.04421590706638409	-3.41060918969947	-0.00977305356534022
171.0	171.4925	2600.0	2578.0607718062543	-0.22548292153009394	-0.8761257021024734	28.554202971801107	-127.83290917551129	168.86086457270358	-572.4315478732926	610.3549141713609	151.4075107231874	-148.09122171528	-572.4315478732926	610.3549141713614	0.0	0.0	0.0	-21.31300368396437	-20.56716460202935	0.49288648739074986	19.731672183963617	1.6106258041348103	-0.22500150715069303	1.641696536528648	0.0	0.0	0.0	0.0	0.0	0.0	0.0	0.0	0.0	0.0	0.0	0.0	0.0	0.0	0.0	0.0	0.0	0.0	0.0	0.0	0.0	0.0	0.0	0.0	0.0	0.0	0.0	0.0	0.0	0.0	0.0	0.0	0.0	0.0	0.0	0.0	0.0	0.0	0.0	0.0	0.0	0.0	0.0	0.0	0.0	0.0	0.0	0.0	27161.37406414814	-1119.4525395736773	-449.1717437246682	27188.143928857993	-27098.711521158253	431.1975570106271	2164.844039550259	27188.46533285216	0.0	0.0	0.0	0.0	0.0	0.0	0.0	0.0	0.0	0.0	0.0	0.0	0.0	0.0	0.0	0.0	0.0	0.0	0.0	0.0	0.0	0.0	0.0	0.0	0.0	0.0	0.0	0.0	27070.48559470931	-1898.2476561984543	-1672.7560067375985	27188.46533285216	0.0	0.0	0.0	0.0	0.0	0.0	0.0	0.0	0.0	0.0	0.0	0.0	0.0	0.0	0.0	0.0	0.0	0.0	0.0	0.0	0.0	0.0	0.0	0.0	0.0	0.0	0.0	0.0	0.0	0.0	0.0	0.0	0.0	0.0	0.0	0.0	0.0	0.0	0.0	0.0	0.0	0.0	0.0	0.0	0.0	0.0	0.0	0.0	0.0	0.0	0.0	0.0	0.0	0.0	0.0	0.0	0.0	0.0	0.0	0.0	0.0	0.0	0.0	0.0	0.0	0.0	0.0	0.0	0.0	0.0	0.0	0.0	0.0	0.0	0.0	0.0	0.0	0.0	0.0	0.0	0.0	0.0	0.0	0.0	0.0	0.0	0.0	0.0	0.0	0.0	0.0	0.0	0.0	0.0	0.0	0.0	0.0	0.0	0.0	0.0	27.10142691217413	-3.498573087825868	0.12233075238829672	-0.6339131427928026	18.449198394532928	0.5600894425045088	0.044218335216916003	-3.4284085267930373	-0.009610785100121859
172.0	172.4924	2600.0	2577.817387086957	-0.19490468858010904	-0.8836178585906317	28.560558755540928	-129.27619103370486	183.9864277819361	-589.9614141517375	631.3618687916291	152.2072314746456	-165.5182704808285	-589.9614141517375	631.3618687916294	0.0	0.0	0.0	-21.724353882228172	-20.949042544438342	0.491561200778967	19.775578439158068	1.6715088414157475	-0.22256552801156862	1.6460769709321055	0.0	0.0	0.0	0.0	0.0	0.0	0.0	0.0	0.0	0.0	0.0	0.0	0.0	0.0	0.0	0.0	0.0	0.0	0.0	0.0	0.0	0.0	0.0	0.0	0.0	0.0	0.0	0.0	0.0	0.0	0.0	0.0	0.0	0.0	0.0	0.0	0.0	0.0	0.0	0.0	0.0	0.0	0.0	0.0	0.0	0.0	0.0	0.0	27166.60015472428	-1117.474527168903	-454.1029752364956	27193.365418749756	-27115.36550580465	454.05024225248366	2011.3414512358515	27193.65187997613	0.0	0.0	0.0	0.0	0.0	0.0	0.0	0.0	0.0	0.0	0.0	0.0	0.0	0.0	0.0	0.0	0.0	0.0	0.0	0.0	0.0	0.0	0.0	0.0	0.0	0.0	0.0	0.0	27084.668983755324	-1898.5116537710683	-1520.217783815035	27193.65187997613	0.0	0.0	0.0	0.0	0.0	0.0	0.0	0.0	0.0	0.0	0.0	0.0	0.0	0.0	0.0	0.0	0.0	0.0	0.0	0.0	0.0	0.0	0.0	0.0	0.0	0.0	0.0	0.0	0.0	0.0	0.0	0.0	0.0	0.0	0.0	0.0	0.0	0.0	0.0	0.0	0.0	0.0	0.0	0.0	0.0	0.0	0.0	0.0	0.0	0.0	0.0	0.0	0.0	0.0	0.0	0.0	0.0	0.0	0.0	0.0	0.0	0.0	0.0	0.0	0.0	0.0	0.0	0.0	0.0	0.0	0.0	0.0	0.0	0.0	0.0	0.0	0.0	0.0	0.0	0.0	0.0	0.0	0.0	0.0	0.0	0.0	0.0	0.0	0.0	0.0	0.0	0.0	0.0	0.0	0.0	0.0	0.0	0.0	0.0	0.0	27.084823690073915	-3.5151763099260838	0.12240421488503603	-0.6347946512235024	18.429029644572765	0.5600366165077537	0.044215290724826294	-3.4440947785309537	-0.009436653470855313
173.0	173.4923	2600.0	2577.956152996782	-0.16409083739582092	-0.8900538463564979	28.566074877479185	-128.40278909883997	182.01755205090737	-593.938588419886	634.3348581917695	148.20461982802587	-166.29208088359522	-593.938588419886	634.3348581917695	0.0	0.0	0.0	-22.130153273783144	-21.32569471120755	0.4895802946653965	19.812773469504155	1.7326930593283811	-0.22035143487109704	1.65021867070164	0.0	0.0	0.0	0.0	0.0	0.0	0.0	0.0	0.0	0.0	0.0	0.0	0.0	0.0	0.0	0.0	0.0	0.0	0.0	0.0	0.0	0.0	0.0	0.0	0.0	0.0	0.0	0.0	0.0	0.0	0.0	0.0	0.0	0.0	0.0	0.0	0.0	0.0	0.0	0.0	0.0	0.0	0.0	0.0	0.0	0.0	0.0	0.0	27168.600542671116	-1115.4764028332474	-457.2523082984992	27195.334576466445	-27127.986772394288	477.96056309435676	1855.2603908287626	27195.553014065572	0.0	0.0	0.0	0.0	0.0	0.0	0.0	0.0	0.0	0.0	0.0	0.0	0.0	0.0	0.0	0.0	0.0	0.0	0.0	0.0	0.0	0.0	0.0	0.0	0.0	0.0	0.0	0.0	27094.822749004168	-1898.5294925973758	-1365.3826227966676	27195.553014065572	0.0	0.0	0.0	0.0	0.0	0.0	0.0	0.0	0.0	0.0	0.0	0.0	0.0	0.0	0.0	0.0	0.0	0.0	0.0	0.0	0.0	0.0	0.0	0.0	0.0	0.0	0.0	0.0	0.0	0.0	0.0	0.0	0.0	0.0	0.0	0.0	0.0	0.0	0.0	0.0	0.0	0.0	0.0	0.0	0.0	0.0	0.0	0.0	0.0	0.0	0.0	0.0	0.0	0.0	0.0	0.0	0.0	0.0	0.0	0.0	0.0	0.0	0.0	0.0	0.0	0.0	0.0	0.0	0.0	0.0	0.0	0.0	0.0	0.0	0.0	0.0	0.0	0.0	0.0	0.0	0.0	0.0	0.0	0.0	0.0	0.0	0.0	0.0	0.0	0.0	0.0	0.0	0.0	0.0	0.0	0.0	0.0	0.0	0.0	0.0	27.070358572766665	-3.529641427233333	0.12248056499388393	-0.6356272782133467	18.41111834923033	0.5599837969041053	0.04421888327376701	-3.457690654375613	-0.009232749396558524
174.0	174.4923	2600.0	2578.145452895926	-0.13309248047128203	-0.8954209632438637	28.570734063058463	-126.94976553850391	185.139972437857	-601.2157931863977	641.7581182511997	144.13343446047656	-172.10056779452853	-601.2157931863977	641.7581182511998	0.0	0.0	0.0	-22.53023575364224	-21.6971766754873	0.48711183802304436	19.84322174927594	1.7940420143571068	-0.21838100909705738	1.6540628314475818	0.0	0.0	0.0	0.0	0.0	0.0	0.0	0.0	0.0	0.0	0.0	0.0	0.0	0.0	0.0	0.0	0.0	0.0	0.0	0.0	0.0	0.0	0.0	0.0	0.0	0.0	0.0	0.0	0.0	0.0	0.0	0.0	0.0	0.0	0.0	0.0	0.0	0.0	0.0	0.0	0.0	0.0	0.0	0.0	0.0	0.0	0.0	0.0	27171.51794012004	-1113.5978328724566	-460.4030132818339	27198.225277364738	-27140.675348782923	502.1318348628841	1699.4175179250606	27198.463461523825	0.0	0.0	0.0	0.0	0.0	0.0	0.0	0.0	0.0	0.0	0.0	0.0	0.0	0.0	0.0	0.0	0.0	0.0	0.0	0.0	0.0	0.0	0.0	0.0	0.0	0.0	0.0	0.0	27105.074340851017	-1898.6075805517178	-1211.0528063870158	27198.463461523825	0.0	0.0	0.0	0.0	0.0	0.0	0.0	0.0	0.0	0.0	0.0	0.0	0.0	0.0	0.0	0.0	0.0	0.0	0.0	0.0	0.0	0.0	0.0	0.0	0.0	0.0	0.0	0.0	0.0	0.0	0.0	0.0	0.0	0.0	0.0	0.0	0.0	0.0	0.0	0.0	0.0	0.0	0.0	0.0	0.0	0.0	0.0	0.0	0.0	0.0	0.0	0.0	0.0	0.0	0.0	0.0	0.0	0.0	0.0	0.0	0.0	0.0	0.0	0.0	0.0	0.0	0.0	0.0	0.0	0.0	0.0	0.0	0.0	0.0	0.0	0.0	0.0	0.0	0.0	0.0	0.0	0.0	0.0	0.0	0.0	0.0	0.0	0.0	0.0	0.0	0.0	0.0	0.0	0.0	0.0	0.0	0.0	0.0	0.0	0.0	27.058054450311595	-3.541945549688407	0.12255454230699495	-0.6363920546036208	18.395472274413944	0.5599309821011497	0.044221602504128044	-3.4691917641550547	-0.009013638786662661
175.0	175.4922	2600.0	2578.4245729361423	-0.10194586931639534	-0.8997043214906939	28.574520860796255	-125.78847864640372	167.7632316007257	-584.6430681337063	621.1076882104173	138.58477287382627	-157.35788497817703	-584.6430681337063	621.1076882104171	0.0	0.0	0.0	-22.924541618628698	-22.06346651294315	0.4841313992734365	19.8668565972007	1.855423541385448	-0.2167114005699813	1.6575658510742346	0.0	0.0	0.0	0.0	0.0	0.0	0.0	0.0	0.0	0.0	0.0	0.0	0.0	0.0	0.0	0.0	0.0	0.0	0.0	0.0	0.0	0.0	0.0	0.0	0.0	0.0	0.0	0.0	0.0	0.0	0.0	0.0	0.0	0.0	0.0	0.0	0.0	0.0	0.0	0.0	0.0	0.0	0.0	0.0	0.0	0.0	0.0	0.0	27172.902293060397	-1111.8660950245803	-460.77512230149415	27199.543726959906	-27151.004712703387	528.1341706496578	1539.1575871215707	27199.7240553915	0.0	0.0	0.0	0.0	0.0	0.0	0.0	0.0	0.0	0.0	0.0	0.0	0.0	0.0	0.0	0.0	0.0	0.0	0.0	0.0	0.0	0.0	0.0	0.0	0.0	0.0	0.0	0.0	27112.968729045104	-1898.5523702932762	-1052.337533550474	27199.7240553915	0.0	0.0	0.0	0.0	0.0	0.0	0.0	0.0	0.0	0.0	0.0	0.0	0.0	0.0	0.0	0.0	0.0	0.0	0.0	0.0	0.0	0.0	0.0	0.0	0.0	0.0	0.0	0.0	0.0	0.0	0.0	0.0	0.0	0.0	0.0	0.0	0.0	0.0	0.0	0.0	0.0	0.0	0.0	0.0	0.0	0.0	0.0	0.0	0.0	0.0	0.0	0.0	0.0	0.0	0.0	0.0	0.0	0.0	0.0	0.0	0.0	0.0	0.0	0.0	0.0	0.0	0.0	0.0	0.0	0.0	0.0	0.0	0.0	0.0	0.0	0.0	0.0	0.0	0.0	0.0	0.0	0.0	0.0	0.0	0.0	0.0	0.0	0.0	0.0	0.0	0.0	0.0	0.0	0.0	0.0	0.0	0.0	0.0	0.0	0.0	27.047935168281846	-3.5520648317181585	0.1226217025225811	-0.6370778179064549	18.382053415214553	0.5598781779801607	0.044225579900162446	-3.478585432618657	-0.00875999176476487
176.0	176.4921	2600.0	2578.7135349927926	-0.07068949201444093	-0.9029084507419662	28.577428757045027	-124.68308600125236	162.90600238816114	-583.3116622283733	618.3338360792778	134.41717247637823	-154.97180805663814	-583.3116622283733	618.3338360792784	0.0	0.0	0.0	-23.312878126938894	-22.424596377372115	0.48081515198688446	19.883653364220738	1.9167464929601794	-0.2153648309805457	1.6607055656366638	0.0	0.0	0.0	0.0	0.0	0.0	0.0	0.0	0.0	0.0	0.0	0.0	0.0	0.0	0.0	0.0	0.0	0.0	0.0	0.0	0.0	0.0	0.0	0.0	0.0	0.0	0.0	0.0	0.0	0.0	0.0	0.0	0.0	0.0	0.0	0.0	0.0	0.0	0.0	0.0	0.0	0.0	0.0	0.0	0.0	0.0	0.0	0.0	27175.971216923303	-1110.36085527591	-460.98517454335695	27202.551721173542	-27162.096814207795	554.3589013654308	1379.416060728856	27202.749967687403	0.0	0.0	0.0	0.0	0.0	0.0	0.0	0.0	0.0	0.0	0.0	0.0	0.0	0.0	0.0	0.0	0.0	0.0	0.0	0.0	0.0	0.0	0.0	0.0	0.0	0.0	0.0	0.0	27121.670278996586	-1898.63474423751	-894.3115731580326	27202.749967687403	0.0	0.0	0.0	0.0	0.0	0.0	0.0	0.0	0.0	0.0	0.0	0.0	0.0	0.0	0.0	0.0	0.0	0.0	0.0	0.0	0.0	0.0	0.0	0.0	0.0	0.0	0.0	0.0	0.0	0.0	0.0	0.0	0.0	0.0	0.0	0.0	0.0	0.0	0.0	0.0	0.0	0.0	0.0	0.0	0.0	0.0	0.0	0.0	0.0	0.0	0.0	0.0	0.0	0.0	0.0	0.0	0.0	0.0	0.0	0.0	0.0	0.0	0.0	0.0	0.0	0.0	0.0	0.0	0.0	0.0	0.0	0.0	0.0	0.0	0.0	0.0	0.0	0.0	0.0	0.0	0.0	0.0	0.0	0.0	0.0	0.0	0.0	0.0	0.0	0.0	0.0	0.0	0.0	0.0	0.0	0.0	0.0	0.0	0.0	0.0	27.040003204997173	-3.559996795002828	0.1226806022268587	-0.6376786941833241	18.370881485637323	0.5598253817604174	0.044236426982577015	-3.485875062468678	-0.00848771276066047
177.0	177.4919	2600.0	2578.8625661845776	-0.03936952674583347	-0.9050396720725008	28.57945371687224	-123.21746978347804	161.30436143324184	-589.5125452519328	623.4794967652427	130.15813665729007	-155.75782914232698	-589.5125452519329	623.4794967652427	0.0	0.0	0.0	-23.69510795374277	-22.780555326754246	0.47724159341772093	19.893606976800818	1.9779047763668702	-0.2143472317504935	1.6634663942398047	0.0	0.0	0.0	0.0	0.0	0.0	0.0	0.0	0.0	0.0	0.0	0.0	0.0	0.0	0.0	0.0	0.0	0.0	0.0	0.0	0.0	0.0	0.0	0.0	0.0	0.0	0.0	0.0	0.0	0.0	0.0	0.0	0.0	0.0	0.0	0.0	0.0	0.0	0.0	0.0	0.0	0.0	0.0	0.0	0.0	0.0	0.0	0.0	27181.0426315391	-1109.1076395038178	-460.1841794386145	27207.553505829175	-27174.21620412805	581.3668230056091	1218.5638731171646	27207.736245495573	0.0	0.0	0.0	0.0	0.0	0.0	0.0	0.0	0.0	0.0	0.0	0.0	0.0	0.0	0.0	0.0	0.0	0.0	0.0	0.0	0.0	0.0	0.0	0.0	0.0	0.0	0.0	0.0	27131.43508101985	-1898.845872745387	-735.2050057072842	27207.736245495573	0.0	0.0	0.0	0.0	0.0	0.0	0.0	0.0	0.0	0.0	0.0	0.0	0.0	0.0	0.0	0.0	0.0	0.0	0.0	0.0	0.0	0.0	0.0	0.0	0.0	0.0	0.0	0.0	0.0	0.0	0.0	0.0	0.0	0.0	0.0	0.0	0.0	0.0	0.0	0.0	0.0	0.0	0.0	0.0	0.0	0.0	0.0	0.0	0.0	0.0	0.0	0.0	0.0	0.0	0.0	0.0	0.0	0.0	0.0	0.0	0.0	0.0	0.0	0.0	0.0	0.0	0.0	0.0	0.0	0.0	0.0	0.0	0.0	0.0	0.0	0.0	0.0	0.0	0.0	0.0	0.0	0.0	0.0	0.0	0.0	0.0	0.0	0.0	0.0	0.0	0.0	0.0	0.0	0.0	0.0	0.0	0.0	0.0	0.0	0.0	27.034257979575074	-3.5657420204249277	0.12272933130667434	-0.6381909009978667	18.36195630725191	0.5597725907064559	0.04424253398878818	-3.49106462324199	-0.008199567203546547
178.0	178.4918	2600.0	2579.297968329989	-0.00800795888984	-0.9061048773675828	28.580594327369916	-121.19992005073071	158.20822744139517	-569.6678844109177	603.5236220560573	125.32203502373338	-154.96338724990346	-569.6678844109177	603.5236220560586	0.0	0.0	0.0	-24.07128857330954	-23.131227079207154	0.47329599763295493	19.897456941657335	2.038901433992035	-0.21292351953637365	1.6659291921456492	0.0	0.0	0.0	0.0	0.0	0.0	0.0	0.0	0.0	0.0	0.0	0.0	0.0	0.0	0.0	0.0	0.0	0.0	0.0	0.0	0.0	0.0	0.0	0.0	0.0	0.0	0.0	0.0	0.0	0.0	0.0	0.0	0.0	0.0	0.0	0.0	0.0	0.0	0.0	0.0	0.0	0.0	0.0	0.0	0.0	0.0	0.0	0.0	27184.592584939055	-1107.8903581348409	-449.26381308762393	27210.867921264875	-27183.960880713574	612.2279051628666	1047.5653595683787	27211.02617239183	0.0	0.0	0.0	0.0	0.0	0.0	0.0	0.0	0.0	0.0	0.0	0.0	0.0	0.0	0.0	0.0	0.0	0.0	0.0	0.0	0.0	0.0	0.0	0.0	0.0	0.0	0.0	0.0	27138.79368728474	-1898.945620047378	-565.5334523173625	27211.02617239183	0.0	0.0	0.0	0.0	0.0	0.0	0.0	0.0	0.0	0.0	0.0	0.0	0.0	0.0	0.0	0.0	0.0	0.0	0.0	0.0	0.0	0.0	0.0	0.0	0.0	0.0	0.0	0.0	0.0	0.0	0.0	0.0	0.0	0.0	0.0	0.0	0.0	0.0	0.0	0.0	0.0	0.0	0.0	0.0	0.0	0.0	0.0	0.0	0.0	0.0	0.0	0.0	0.0	0.0	0.0	0.0	0.0	0.0	0.0	0.0	0.0	0.0	0.0	0.0	0.0	0.0	0.0	0.0	0.0	0.0	0.0	0.0	0.0	0.0	0.0	0.0	0.0	0.0	0.0	0.0	0.0	0.0	0.0	0.0	0.0	0.0	0.0	0.0	0.0	0.0	0.0	0.0	0.0	0.0	0.0	0.0	0.0	0.0	0.0	0.0	27.030696810225066	-3.569303189774932	0.12277163000457507	-0.6386048641640107	18.35526205984967	0.5597198103863134	0.04425668791511363	-3.4941671687879534	-0.007855777444439268
179.0	179.4916	2600.0	2579.8393458442583	0.023370921396565835	-0.9060853408123956	28.580841327453893	-118.32782691860665	127.74908940232126	-502.94487819162435	532.2357137261555	119.45663266217343	-126.69418842005325	-502.9448781916244	532.2357137261548	0.0	0.0	0.0	-24.441726802589322	-23.47637588976437	0.46886840593441204	19.898361148831796	2.100131500962189	-0.2079346215124303	1.6685544614483767	0.0	0.0	0.0	0.0	0.0	0.0	0.0	0.0	0.0	0.0	0.0	0.0	0.0	0.0	0.0	0.0	0.0	0.0	0.0	0.0	0.0	0.0	0.0	0.0	0.0	0.0	0.0	0.0	0.0	0.0	0.0	0.0	0.0	0.0	0.0	0.0	0.0	0.0	0.0	0.0	0.0	0.0	0.0	0.0	0.0	0.0	0.0	0.0	27184.27461769228	-1106.2152584987898	-403.9550074967965	27209.7717435543	-27188.97061590082	654.6314559309576	844.0262661905535	27209.94387780748	0.0	0.0	0.0	0.0	0.0	0.0	0.0	0.0	0.0	0.0	0.0	0.0	0.0	0.0	0.0	0.0	0.0	0.0	0.0	0.0	0.0	0.0	0.0	0.0	0.0	0.0	0.0	0.0	27141.2075762341	-1898.7145699857485	-361.63533971250337	27209.94387780748	0.0	0.0	0.0	0.0	0.0	0.0	0.0	0.0	0.0	0.0	0.0	0.0	0.0	0.0	0.0	0.0	0.0	0.0	0.0	0.0	0.0	0.0	0.0	0.0	0.0	0.0	0.0	0.0	0.0	0.0	0.0	0.0	0.0	0.0	0.0	0.0	0.0	0.0	0.0	0.0	0.0	0.0	0.0	0.0	0.0	0.0	0.0	0.0	0.0	0.0	0.0	0.0	0.0	0.0	0.0	0.0	0.0	0.0	0.0	0.0	0.0	0.0	0.0	0.0	0.0	0.0	0.0	0.0	0.0	0.0	0.0	0.0	0.0	0.0	0.0	0.0	0.0	0.0	0.0	0.0	0.0	0.0	0.0	0.0	0.0	0.0	0.0	0.0	0.0	0.0	0.0	0.0	0.0	0.0	0.0	0.0	0.0	0.0	0.0	0.0	27.029341790268692	-3.5706582097313055	0.12282169536723228	-0.6389010759535737	18.35086159688135	0.559667038105052	0.0442637973936483	-3.4951812753837626	-0.007400765479679931
180.0	180.4915	2600.0	2579.929194729584	0.054705425408992	-0.9049773908557589	28.58019266694063	-117.65259426011289	140.67108146478492	-485.16920648331796	518.6710373794351	116.4415686106786	-141.67514671279787	-485.16920648331796	518.6710373794364	0.0	0.0	0.0	-24.806046255011154	-23.815928908861785	0.46442608786158607	19.897440121275125	2.161798555535849	-0.19825409905368574	1.6715484997292729	0.0	0.0	0.0	0.0	0.0	0.0	0.0	0.0	0.0	0.0	0.0	0.0	0.0	0.0	0.0	0.0	0.0	0.0	0.0	0.0	0.0	0.0	0.0	0.0	0.0	0.0	0.0	0.0	0.0	0.0	0.0	0.0	0.0	0.0	0.0	0.0	0.0	0.0	0.0	0.0	0.0	0.0	0.0	0.0	0.0	0.0	0.0	0.0	27189.538035254067	-1104.7701458217516	-359.6721383439795	27214.350252995697	-27197.93060613983	697.0052754975311	640.9459005758491	27214.409000710166	0.0	0.0	0.0	0.0	0.0	0.0	0.0	0.0	0.0	0.0	0.0	0.0	0.0	0.0	0.0	0.0	0.0	0.0	0.0	0.0	0.0	0.0	0.0	0.0	0.0	0.0	0.0	0.0	27147.61510866957	-1898.9548785005948	-158.18198029104266	27214.409000710166	0.0	0.0	0.0	0.0	0.0	0.0	0.0	0.0	0.0	0.0	0.0	0.0	0.0	0.0	0.0	0.0	0.0	0.0	0.0	0.0	0.0	0.0	0.0	0.0	0.0	0.0	0.0	0.0	0.0	0.0	0.0	0.0	0.0	0.0	0.0	0.0	0.0	0.0	0.0	0.0	0.0	0.0	0.0	0.0	0.0	0.0	0.0	0.0	0.0	0.0	0.0	0.0	0.0	0.0	0.0	0.0	0.0	0.0	0.0	0.0	0.0	0.0	0.0	0.0	0.0	0.0	0.0	0.0	0.0	0.0	0.0	0.0	0.0	0.0	0.0	0.0	0.0	0.0	0.0	0.0	0.0	0.0	0.0	0.0	0.0	0.0	0.0	0.0	0.0	0.0	0.0	0.0	0.0	0.0	0.0	0.0	0.0	0.0	0.0	0.0	27.030198344067568	-3.5698016559324346	0.12284913267348367	-0.6390900743253692	18.348950732926014	0.5596142742399631	0.04426434681802835	-3.494091018787517	-0.006918636817929679
181.0	181.4913	2600.0	2580.0791888128842	0.0859127712623007	-0.9027842238206708	28.57865159871943	-117.3277055682629	84.98977497322265	-346.4506675891754	375.52245927094333	115.07605776699711	-88.01450603576087	-346.4506675891754	375.52245927094367	0.0	0.0	0.0	-25.165181905513563	-24.15008940491182	0.45931620581212695	19.895518011041357	2.2230048969181864	-0.18307126524448925	1.674049023357055	0.0	0.0	0.0	0.0	0.0	0.0	0.0	0.0	0.0	0.0	0.0	0.0	0.0	0.0	0.0	0.0	0.0	0.0	0.0	0.0	0.0	0.0	0.0	0.0	0.0	0.0	0.0	0.0	0.0	0.0	0.0	0.0	0.0	0.0	0.0	0.0	0.0	0.0	0.0	0.0	0.0	0.0	0.0	0.0	0.0	0.0	0.0	0.0	27196.704644939684	-1103.732288894547	-241.04507617726415	27220.159280180214	-27206.980082869708	766.7650091936043	363.97318219334835	27220.216205723802	0.0	0.0	0.0	0.0	0.0	0.0	0.0	0.0	0.0	0.0	0.0	0.0	0.0	0.0	0.0	0.0	0.0	0.0	0.0	0.0	0.0	0.0	0.0	0.0	0.0	0.0	0.0	0.0	27153.57150185052	-1899.581124480721	123.75997638969933	27220.216205723802	0.0	0.0	0.0	0.0	0.0	0.0	0.0	0.0	0.0	0.0	0.0	0.0	0.0	0.0	0.0	0.0	0.0	0.0	0.0	0.0	0.0	0.0	0.0	0.0	0.0	0.0	0.0	0.0	0.0	0.0	0.0	0.0	0.0	0.0	0.0	0.0	0.0	0.0	0.0	0.0	0.0	0.0	0.0	0.0	0.0	0.0	0.0	0.0	0.0	0.0	0.0	0.0	0.0	0.0	0.0	0.0	0.0	0.0	0.0	0.0	0.0	0.0	0.0	0.0	0.0	0.0	0.0	0.0	0.0	0.0	0.0	0.0	0.0	0.0	0.0	0.0	0.0	0.0	0.0	0.0	0.0	0.0	0.0	0.0	0.0	0.0	0.0	0.0	0.0	0.0	0.0	0.0	0.0	0.0	0.0	0.0	0.0	0.0	0.0	0.0	27.033263715135714	-3.5667362848642874	0.1228170296256427	-0.6389293988395358	18.349294650106895	0.5595614272699367	0.044258205090370706	-3.4911400581477916	-0.006249550090719798
182.0	182.4911	2600.0	2580.1543820464635	0.11696235056182666	-0.8994915419447287	28.57621726816177	-116.02807132070481	-46.99654679099331	72.49864181426216	144.6625100348852	117.96109174829873	41.90906319914575	72.49864181426216	144.66251003488503	0.0	0.0	0.0	-25.522099015940565	-24.47829215625832	0.4498980843471192	19.892421694255276	2.2834840237783562	-0.16257884789325178	1.6757745896701095	0.0	0.0	0.0	0.0	0.0	0.0	0.0	0.0	0.0	0.0	0.0	0.0	0.0	0.0	0.0	0.0	0.0	0.0	0.0	0.0	0.0	0.0	0.0	0.0	0.0	0.0	0.0	0.0	0.0	0.0	0.0	0.0	0.0	0.0	0.0	0.0	0.0	0.0	0.0	0.0	0.0	0.0	0.0	0.0	0.0	0.0	0.0	0.0	27205.397292511436	-1100.5706705638545	179.7775066356564	27228.243013389347	-27211.544483514426	937.0042479778807	-191.3872031970536	27228.344775262423	0.0	0.0	0.0	0.0	0.0	0.0	0.0	0.0	0.0	0.0	0.0	0.0	0.0	0.0	0.0	0.0	0.0	0.0	0.0	0.0	0.0	0.0	0.0	0.0	0.0	0.0	0.0	0.0	27153.001548641467	-1899.3947328360684	699.689751896164	27228.344775262423	0.0	0.0	0.0	0.0	0.0	0.0	0.0	0.0	0.0	0.0	0.0	0.0	0.0	0.0	0.0	0.0	0.0	0.0	0.0	0.0	0.0	0.0	0.0	0.0	0.0	0.0	0.0	0.0	0.0	0.0	0.0	0.0	0.0	0.0	0.0	0.0	0.0	0.0	0.0	0.0	0.0	0.0	0.0	0.0	0.0	0.0	0.0	0.0	0.0	0.0	0.0	0.0	0.0	0.0	0.0	0.0	0.0	0.0	0.0	0.0	0.0	0.0	0.0	0.0	0.0	0.0	0.0	0.0	0.0	0.0	0.0	0.0	0.0	0.0	0.0	0.0	0.0	0.0	0.0	0.0	0.0	0.0	0.0	0.0	0.0	0.0	0.0	0.0	0.0	0.0	0.0	0.0	0.0	0.0	0.0	0.0	0.0	0.0	0.0	0.0	27.038551393134476	-3.5614486068655284	0.12273836099749684	-0.6384271970241935	18.35075744537778	0.5595086845356866	0.0442356143853312	-3.4863092823207595	-0.0046284646312136505
183.0	183.4911	2600.0	2580.0858223739106	0.14804432592948896	-0.8950845821987017	28.57288532886803	-116.63427890945239	-99.12600956251116	254.99948100355573	297.4126024575921	122.4538959764195	91.8398832137245	254.99948100355576	297.41260245759105	1.7752493542720728e-15	0.0	1.7752493542720728e-15	-25.870289333618587	-24.802195541483787	0.44466864344792095	19.88808377709471	2.3466331725084135	-0.1367539004637839	1.6798840797871117	0.0	0.0	0.0	0.0	0.0	0.0	0.0	0.0	0.0	0.0	0.0	0.0	0.0	0.0	0.0	0.0	0.0	0.0	0.0	0.0	0.0	0.0	0.0	0.0	0.0	0.0	0.0	0.0	0.0	0.0	0.0	0.0	0.0	0.0	0.0	0.0	0.0	0.0	0.0	0.0	0.0	0.0	0.0	0.0	0.0	0.0	0.0	0.0	27217.521501552084	-1096.070635120973	354.5580318580209	27241.889782512884	-27218.006799570197	1019.7495106844929	-515.0571555909568	27241.972525489342	0.0	0.0	0.0	0.0	0.0	0.0	0.0	0.0	0.0	0.0	0.0	0.0	0.0	0.0	0.0	0.0	0.0	0.0	0.0	0.0	0.0	0.0	0.0	0.0	0.0	0.0	0.0	0.0	27156.305034763685	-1897.2488745649607	1029.8595274827544	27241.972525489342	0.0	0.0	0.0	0.0	0.0	0.0	0.0	0.0	0.0	0.0	0.0	0.0	0.0	0.0	0.0	0.0	0.0	0.0	0.0	0.0	0.0	0.0	0.0	0.0	0.0	0.0	0.0	0.0	0.0	0.0	0.0	0.0	0.0	0.0	0.0	0.0	0.0	0.0	0.0	0.0	0.0	0.0	0.0	0.0	0.0	0.0	0.0	0.0	0.0	0.0	0.0	0.0	0.0	0.0	0.0	0.0	0.0	0.0	0.0	0.0	0.0	0.0	0.0	0.0	0.0	0.0	0.0	0.0	0.0	0.0	0.0	0.0	0.0	0.0	0.0	0.0	0.0	0.0	0.0	0.0	0.0	0.0	0.0	0.0	0.0	0.0	0.0	0.0	0.0	0.0	0.0	0.0	0.0	0.0	0.0	0.0	0.0	0.0	0.0	0.0	27.046073398930567	-3.5539266010694353	0.12283125114831761	-0.638693958483831	18.35598124188064	0.5594559794968962	0.044219532574911506	-3.4784767886108687	-0.0038399709625849695
184.0	184.491	2600.0	2580.522588852962	0.17896647039296293	-0.8896189512059348	28.568684450843694	-114.71619144841317	-114.42911671144248	272.78285541686927	317.27639928171527	123.32414332768529	105.09511408378603	272.78285541686927	317.2763992817179	0.0	0.0	0.0	-26.210583462772593	-25.120870496887946	0.4414682127766574	19.881071855125253	2.410242725062074	-0.10707995398596067	1.6843182227116344	0.0	0.0	0.0	0.0	0.0	0.0	0.0	0.0	0.0	0.0	0.0	0.0	0.0	0.0	0.0	0.0	0.0	0.0	0.0	0.0	0.0	0.0	0.0	0.0	0.0	0.0	0.0	0.0	0.0	0.0	0.0	0.0	0.0	0.0	0.0	0.0	0.0	0.0	0.0	0.0	0.0	0.0	0.0	0.0	0.0	0.0	0.0	0.0	27225.650618476066	-1097.2065457455772	365.74432677460237	27250.205186675594	-27221.260977763475	1052.8786284057005	-686.1142856304982	27250.254227045447	0.0	0.0	0.0	0.0	0.0	0.0	0.0	0.0	0.0	0.0	0.0	0.0	0.0	0.0	0.0	0.0	0.0	0.0	0.0	0.0	0.0	0.0	0.0	0.0	0.0	0.0	0.0	0.0	27157.3738122897	-1900.581077887885	1200.497657034184	27250.254227045447	0.0	0.0	0.0	0.0	0.0	0.0	0.0	0.0	0.0	0.0	0.0	0.0	0.0	0.0	0.0	0.0	0.0	0.0	0.0	0.0	0.0	0.0	0.0	0.0	0.0	0.0	0.0	0.0	0.0	0.0	0.0	0.0	0.0	0.0	0.0	0.0	0.0	0.0	0.0	0.0	0.0	0.0	0.0	0.0	0.0	0.0	0.0	0.0	0.0	0.0	0.0	0.0	0.0	0.0	0.0	0.0	0.0	0.0	0.0	0.0	0.0	0.0	0.0	0.0	0.0	0.0	0.0	0.0	0.0	0.0	0.0	0.0	0.0	0.0	0.0	0.0	0.0	0.0	0.0	0.0	0.0	0.0	0.0	0.0	0.0	0.0	0.0	0.0	0.0	0.0	0.0	0.0	0.0	0.0	0.0	0.0	0.0	0.0	0.0	0.0	27.05576962529701	-3.544230374702995	0.12295500202915728	-0.6391286791252211	18.36430978144616	0.5594033957021836	0.04420825121243337	-3.468300887093365	-0.0034177824206606507
185.0	185.491	2600.0	2581.1911005294605	0.20958477196829284	-0.8830998836362154	28.563629098326107	-110.46476153936239	-131.5483950693233	279.72152069563293	328.25534714234345	122.54558804275256	120.3745099201624	279.72152069563293	328.2553471423439	-7.470256452283227e-15	0.0	-7.470256452283227e-15	-26.54058634323407	-25.433771947312902	0.43832370931436815	19.848262816875756	2.4715653175166357	-0.09679943278008149	1.6871191423119136	0.0	0.0	0.0	0.0	0.0	0.0	0.0	0.0	0.0	0.0	0.0	0.0	0.0	0.0	0.0	0.0	0.0	0.0	0.0	0.0	0.0	0.0	0.0	0.0	0.0	0.0	0.0	0.0	0.0	0.0	0.0	0.0	0.0	0.0	0.0	0.0	0.0	0.0	0.0	0.0	0.0	0.0	0.0	0.0	0.0	0.0	0.0	0.0	27232.77518007911	-1098.0637126413183	368.28886859749707	27257.392109600016	-27222.579090065472	1082.6449041594706	-849.2893584613481	27257.333411721855	0.0	0.0	0.0	0.0	0.0	0.0	0.0	0.0	0.0	0.0	0.0	0.0	0.0	0.0	0.0	0.0	0.0	0.0	0.0	0.0	0.0	0.0	0.0	0.0	0.0	0.0	0.0	0.0	27156.68576822212	-1902.835121412573	1362.300005332519	27257.333411721855	0.0	0.0	0.0	0.0	0.0	0.0	0.0	0.0	0.0	0.0	0.0	0.0	0.0	0.0	0.0	0.0	0.0	0.0	0.0	0.0	0.0	0.0	0.0	0.0	0.0	0.0	0.0	0.0	0.0	0.0	0.0	0.0	0.0	0.0	0.0	0.0	0.0	0.0	0.0	0.0	0.0	0.0	0.0	0.0	0.0	0.0	0.0	0.0	0.0	0.0	0.0	0.0	0.0	0.0	0.0	0.0	0.0	0.0	0.0	0.0	0.0	0.0	0.0	0.0	0.0	0.0	0.0	0.0	0.0	0.0	0.0	0.0	0.0	0.0	0.0	0.0	0.0	0.0	0.0	0.0	0.0	0.0	0.0	0.0	0.0	0.0	0.0	0.0	0.0	0.0	0.0	0.0	0.0	0.0	0.0	0.0	0.0	0.0	0.0	0.0	27.06762969994981	-3.5323703000501854	0.12304334632761714	-0.6395820282266406	18.374122501385337	0.5593506554527189	0.04420668970002496	-3.455937151678083	-0.0031533193878447397
186.0	186.4909	2600.0	2580.8691415218605	0.23984674075265786	-0.8756931596901617	28.557792743826816	-113.18139787070137	-71.3895997221771	229.13555482767734	265.3480850856969	120.5261338195396	58.1373790170619	229.13555482767737	265.3480850856977	2.6970643949894258e-15	0.0	2.6970643949894258e-15	-26.86304446194926	-25.74023986667367	0.43473735620827325	19.808731716464695	2.5315032632704106	-0.08686338386275529	1.6888739569163185	0.0	0.0	0.0	0.0	0.0	0.0	0.0	0.0	0.0	0.0	0.0	0.0	0.0	0.0	0.0	0.0	0.0	0.0	0.0	0.0	0.0	0.0	0.0	0.0	0.0	0.0	0.0	0.0	0.0	0.0	0.0	0.0	0.0	0.0	0.0	0.0	0.0	0.0	0.0	0.0	0.0	0.0	0.0	0.0	0.0	0.0	0.0	0.0	27391.413750315318	71.29470383925621	311.5327382831042	27393.27805909291	-27359.11293579752	-8.785512446468488	-1361.072644400721	27392.94903003852	0.0	0.0	0.0	0.0	0.0	0.0	0.0	0.0	0.0	0.0	0.0	0.0	0.0	0.0	0.0	0.0	0.0	0.0	0.0	0.0	0.0	0.0	0.0	0.0	0.0	0.0	0.0	0.0	27343.34433695663	-738.9176377200172	1472.8128725592655	27392.94903003852	0.0	0.0	0.0	0.0	0.0	0.0	0.0	0.0	0.0	0.0	0.0	0.0	0.0	0.0	0.0	0.0	0.0	0.0	0.0	0.0	0.0	0.0	0.0	0.0	0.0	0.0	0.0	0.0	0.0	0.0	0.0	0.0	0.0	0.0	0.0	0.0	0.0	0.0	0.0	0.0	0.0	0.0	0.0	0.0	0.0	0.0	0.0	0.0	0.0	0.0	0.0	0.0	0.0	0.0	0.0	0.0	0.0	0.0	0.0	0.0	0.0	0.0	0.0	0.0	0.0	0.0	0.0	0.0	0.0	0.0	0.0	0.0	0.0	0.0	0.0	0.0	0.0	0.0	0.0	0.0	0.0	0.0	0.0	0.0	0.0	0.0	0.0	0.0	0.0	0.0	0.0	0.0	0.0	0.0	0.0	0.0	0.0	0.0	0.0	0.0	27.081477509051023	-3.5185224909489787	0.12306196404617183	-0.6395139107452306	18.38627330802974	0.5593120337432813	0.044191589872564385	-3.442117667797161	-0.00279378547828453
187.0	187.4909	2600.0	2580.628927123522	0.26955970613093533	-0.867880002220233	28.551371566641834	-114.16413236756306	18.619415653814944	122.0683451444976	168.16900024928546	110.76244622494414	-33.34384897990094	122.06834514449757	168.16900024928572	0.0	0.0	0.0	-27.176613162365967	-26.03996438363458	0.43193055309002876	19.76440773284834	2.5883006932042476	-0.07553823084631045	1.6877603770451852	0.0	0.0	0.0	0.0	0.0	0.0	0.0	0.0	0.0	0.0	0.0	0.0	0.0	0.0	0.0	0.0	0.0	0.0	0.0	0.0	0.0	0.0	0.0	0.0	0.0	0.0	0.0	0.0	0.0	0.0	0.0	0.0	0.0	0.0	0.0	0.0	0.0	0.0	0.0	0.0	0.0	0.0	0.0	0.0	0.0	0.0	0.0	0.0	27645.537854224578	2018.4462195621418	214.10804985618006	27719.951851466874	-27577.78638042153	-1844.2283718188878	-2106.4794223828612	27719.53707204554	0.0	0.0	0.0	0.0	0.0	0.0	0.0	0.0	0.0	0.0	0.0	0.0	0.0	0.0	0.0	0.0	0.0	0.0	0.0	0.0	0.0	0.0	0.0	0.0	0.0	0.0	0.0	0.0	27649.878612543824	1200.5150924012178	1554.255999832665	27719.53707204554	0.0	0.0	0.0	0.0	0.0	0.0	0.0	0.0	0.0	0.0	0.0	0.0	0.0	0.0	0.0	0.0	0.0	0.0	0.0	0.0	0.0	0.0	0.0	0.0	0.0	0.0	0.0	0.0	0.0	0.0	0.0	0.0	0.0	0.0	0.0	0.0	0.0	0.0	0.0	0.0	0.0	0.0	0.0	0.0	0.0	0.0	0.0	0.0	0.0	0.0	0.0	0.0	0.0	0.0	0.0	0.0	0.0	0.0	0.0	0.0	0.0	0.0	0.0	0.0	0.0	0.0	0.0	0.0	0.0	0.0	0.0	0.0	0.0	0.0	0.0	0.0	0.0	0.0	0.0	0.0	0.0	0.0	0.0	0.0	0.0	0.0	0.0	0.0	0.0	0.0	0.0	0.0	0.0	0.0	0.0	0.0	0.0	0.0	0.0	0.0	27.09681345231289	-3.5031865476871156	0.12287679368077331	-0.6375177252384904	18.401287714117096	0.559316724636608	0.04419184754061393	-3.428774145249709	-0.0026534152403115898
188.0	188.4909	2600.0	2580.7168249815804	0.29880090080513955	-0.8594437422847925	28.544298709106325	-113.22483475726767	41.861557688323956	104.5973709997807	159.72746550912652	105.80287414995836	-58.12060770081006	104.5973709997807	159.72746550912635	0.0	0.0	0.0	-27.482264818669517	-26.332553094238936	0.42845478899094647	19.714762728627306	2.642910230825416	-0.06333454882829588	1.6847967614865622	0.0	0.0	0.0	0.0	0.0	0.0	0.0	0.0	0.0	0.0	0.0	0.0	0.0	0.0	0.0	0.0	0.0	0.0	0.0	0.0	0.0	0.0	0.0	0.0	0.0	0.0	0.0	0.0	0.0	0.0	0.0	0.0	0.0	0.0	0.0	0.0	0.0	0.0	0.0	0.0	0.0	0.0	0.0	0.0	0.0	0.0	0.0	0.0	27744.063401689815	2758.204510948465	185.23216694603113	27881.44646744268	-27654.312537597103	-2522.2137090216374	-2495.30394144817	27880.98107458352	0.0	0.0	0.0	0.0	0.0	0.0	0.0	0.0	0.0	0.0	0.0	0.0	0.0	0.0	0.0	0.0	0.0	0.0	0.0	0.0	0.0	0.0	0.0	0.0	0.0	0.0	0.0	0.0	27761.984219567657	1938.1095114435882	1692.6515871297133	27880.98107458352	0.0	0.0	0.0	0.0	0.0	0.0	0.0	0.0	0.0	0.0	0.0	0.0	0.0	0.0	0.0	0.0	0.0	0.0	0.0	0.0	0.0	0.0	0.0	0.0	0.0	0.0	0.0	0.0	0.0	0.0	0.0	0.0	0.0	0.0	0.0	0.0	0.0	0.0	0.0	0.0	0.0	0.0	0.0	0.0	0.0	0.0	0.0	0.0	0.0	0.0	0.0	0.0	0.0	0.0	0.0	0.0	0.0	0.0	0.0	0.0	0.0	0.0	0.0	0.0	0.0	0.0	0.0	0.0	0.0	0.0	0.0	0.0	0.0	0.0	0.0	0.0	0.0	0.0	0.0	0.0	0.0	0.0	0.0	0.0	0.0	0.0	0.0	0.0	0.0	0.0	0.0	0.0	0.0	0.0	0.0	0.0	0.0	0.0	0.0	0.0	27.113849790863515	-3.486150209136486	0.12258391196304563	-0.6340905594308169	18.418648388531253	0.5593642673732886	0.044200733801796815	-3.415199970899886	-0.0024629983892789603
189.0	189.4909	2600.0	2580.315281359383	0.3278026436692542	-0.8497431912297247	28.536344482660695	-115.41284863402325	50.72392199035312	101.27155027499103	161.70642778505567	105.46911976614868	-69.06016701151384	101.27155027499103	161.70642778505876	0.0	0.0	0.0	-27.78131478024595	-26.61778978676613	0.42275451959120103	19.65897464774205	2.6979941900841244	-0.05086265884514245	1.6828051208499535	0.0	0.0	0.0	0.0	0.0	0.0	0.0	0.0	0.0	0.0	0.0	0.0	0.0	0.0	0.0	0.0	0.0	0.0	0.0	0.0	0.0	0.0	0.0	0.0	0.0	0.0	0.0	0.0	0.0	0.0	0.0	0.0	0.0	0.0	0.0	0.0	0.0	0.0	0.0	0.0	0.0	0.0	0.0	0.0	0.0	0.0	0.0	0.0	27749.027701610685	2765.090527862042	196.07463545065954	27887.14236480131	-27646.179812209793	-2498.7567905305846	-2666.3966852131443	27886.640439288756	0.0	0.0	0.0	0.0	0.0	0.0	0.0	0.0	0.0	0.0	0.0	0.0	0.0	0.0	0.0	0.0	0.0	0.0	0.0	0.0	0.0	0.0	0.0	0.0	0.0	0.0	0.0	0.0	27756.273232820808	1945.8523132122566	1862.168088636575	27886.640439288756	0.0	0.0	0.0	0.0	0.0	0.0	0.0	0.0	0.0	0.0	0.0	0.0	0.0	0.0	0.0	0.0	0.0	0.0	0.0	0.0	0.0	0.0	0.0	0.0	0.0	0.0	0.0	0.0	0.0	0.0	0.0	0.0	0.0	0.0	0.0	0.0	0.0	0.0	0.0	0.0	0.0	0.0	0.0	0.0	0.0	0.0	0.0	0.0	0.0	0.0	0.0	0.0	0.0	0.0	0.0	0.0	0.0	0.0	0.0	0.0	0.0	0.0	0.0	0.0	0.0	0.0	0.0	0.0	0.0	0.0	0.0	0.0	0.0	0.0	0.0	0.0	0.0	0.0	0.0	0.0	0.0	0.0	0.0	0.0	0.0	0.0	0.0	0.0	0.0	0.0	0.0	0.0	0.0	0.0	0.0	0.0	0.0	0.0	0.0	0.0	27.133231052952933	-3.466768947047069	0.12240976762598951	-0.6311278695380692	18.437941127574497	0.5594170199010674	0.044191069475276235	-3.398823416852104	-0.0019937625837981405
190.0	190.4909	2600.0	2580.238003181046	0.35650046418229775	-0.8387976989197294	28.52753408282387	-116.82219104516479	47.50404772713227	113.5018841772209	169.6665452669851	106.21984497345875	-67.98090470764146	113.50188417722086	169.6665452669862	4.845158109021328e-15	0.0	4.845158109021328e-15	-28.072978185054072	-26.895862948360143	0.4158259342964647	19.59721581822883	2.7532324910639288	-0.037980756524255664	1.6815518558818687	0.0	0.0	0.0	0.0	0.0	0.0	0.0	0.0	0.0	0.0	0.0	0.0	0.0	0.0	0.0	0.0	0.0	0.0	0.0	0.0	0.0	0.0	0.0	0.0	0.0	0.0	0.0	0.0	0.0	0.0	0.0	0.0	0.0	0.0	0.0	0.0	0.0	0.0	0.0	0.0	0.0	0.0	0.0	0.0	0.0	0.0	0.0	0.0	27757.081821102292	2764.8347757334136	201.73181728883745	27895.171594499618	-27641.073613298275	-2474.409939785125	-2820.0086657666175	27894.51745273398	0.0	0.0	0.0	0.0	0.0	0.0	0.0	0.0	0.0	0.0	0.0	0.0	0.0	0.0	0.0	0.0	0.0	0.0	0.0	0.0	0.0	0.0	0.0	0.0	0.0	0.0	0.0	0.0	27753.4635739153	1946.167154744649	2015.3900312421792	27894.51745273398	0.0	0.0	0.0	0.0	0.0	0.0	0.0	0.0	0.0	0.0	0.0	0.0	0.0	0.0	0.0	0.0	0.0	0.0	0.0	0.0	0.0	0.0	0.0	0.0	0.0	0.0	0.0	0.0	0.0	0.0	0.0	0.0	0.0	0.0	0.0	0.0	0.0	0.0	0.0	0.0	0.0	0.0	0.0	0.0	0.0	0.0	0.0	0.0	0.0	0.0	0.0	0.0	0.0	0.0	0.0	0.0	0.0	0.0	0.0	0.0	0.0	0.0	0.0	0.0	0.0	0.0	0.0	0.0	0.0	0.0	0.0	0.0	0.0	0.0	0.0	0.0	0.0	0.0	0.0	0.0	0.0	0.0	0.0	0.0	0.0	0.0	0.0	0.0	0.0	0.0	0.0	0.0	0.0	0.0	0.0	0.0	0.0	0.0	0.0	0.0	27.15492545892276	-3.445074541077244	0.12232245531949922	-0.6286299815720897	18.459477026969573	0.5594699019006976	0.044172082687707524	-3.3796697655190684	-0.00145886697375643
191.0	191.4909	2600.0	2580.24582229983	0.3848291046318534	-0.8266741522331276	28.517912216842046	-115.99895803574418	25.87049799649685	129.52990789217978	175.79259930532248	108.52018677514207	-48.46039614213806	129.52990789217975	175.79259930532123	0.0	0.0	0.0	-28.357038898277217	-27.166894322271173	0.40798674885131386	19.529467237517995	2.8082545407497603	-0.024756985652382397	1.6807121877681306	0.0	0.0	0.0	0.0	0.0	0.0	0.0	0.0	0.0	0.0	0.0	0.0	0.0	0.0	0.0	0.0	0.0	0.0	0.0	0.0	0.0	0.0	0.0	0.0	0.0	0.0	0.0	0.0	0.0	0.0	0.0	0.0	0.0	0.0	0.0	0.0	0.0	0.0	0.0	0.0	0.0	0.0	0.0	0.0	0.0	0.0	0.0	0.0	27762.20216587425	2764.7115495654916	216.02686528337782	27900.361407295386	-27630.169657460265	-2439.265231178417	-3003.8527226738584	27899.810417771467	0.0	0.0	0.0	0.0	0.0	0.0	0.0	0.0	0.0	0.0	0.0	0.0	0.0	0.0	0.0	0.0	0.0	0.0	0.0	0.0	0.0	0.0	0.0	0.0	0.0	0.0	0.0	0.0	27744.70147315935	1946.284628172155	2200.6675484949856	27899.810417771467	0.0	0.0	0.0	0.0	0.0	0.0	0.0	0.0	0.0	0.0	0.0	0.0	0.0	0.0	0.0	0.0	0.0	0.0	0.0	0.0	0.0	0.0	0.0	0.0	0.0	0.0	0.0	0.0	0.0	0.0	0.0	0.0	0.0	0.0	0.0	0.0	0.0	0.0	0.0	0.0	0.0	0.0	0.0	0.0	0.0	0.0	0.0	0.0	0.0	0.0	0.0	0.0	0.0	0.0	0.0	0.0	0.0	0.0	0.0	0.0	0.0	0.0	0.0	0.0	0.0	0.0	0.0	0.0	0.0	0.0	0.0	0.0	0.0	0.0	0.0	0.0	0.0	0.0	0.0	0.0	0.0	0.0	0.0	0.0	0.0	0.0	0.0	0.0	0.0	0.0	0.0	0.0	0.0	0.0	0.0	0.0	0.0	0.0	0.0	0.0	27.178851389490994	-3.4211486105090105	0.12230433379315048	-0.6265026747702802	18.48329786025081	0.559522721466641	0.04415456165309086	-3.357913997001538	-0.0009266233378693746
192.0	192.4909	2600.0	2580.3426400171697	0.412729084350457	-0.8134375963898888	28.507524729793126	-115.42785913510762	17.25543488905168	144.8239132716132	185.99813588589618	108.96363254745481	-41.81228862174246	144.8239132716132	185.9981358858965	0.0	0.0	0.0	-28.632842159127886	-27.430887848788274	0.3998406363681672	19.45544802728715	2.862855153537821	-0.011515989679114262	1.6801467977607598	0.0	0.0	0.0	0.0	0.0	0.0	0.0	0.0	0.0	0.0	0.0	0.0	0.0	0.0	0.0	0.0	0.0	0.0	0.0	0.0	0.0	0.0	0.0	0.0	0.0	0.0	0.0	0.0	0.0	0.0	0.0	0.0	0.0	0.0	0.0	0.0	0.0	0.0	0.0	0.0	0.0	0.0	0.0	0.0	0.0	0.0	0.0	0.0	27768.527417357946	2765.7226502427884	223.4275826423539	27906.813802211665	-27621.321781656035	-2415.58972274224	-3160.003030935654	27906.237830096816	0.0	0.0	0.0	0.0	0.0	0.0	0.0	0.0	0.0	0.0	0.0	0.0	0.0	0.0	0.0	0.0	0.0	0.0	0.0	0.0	0.0	0.0	0.0	0.0	0.0	0.0	0.0	0.0	27738.302521197653	1947.4183400623156	2356.320199216456	27906.237830096816	0.0	0.0	0.0	0.0	0.0	0.0	0.0	0.0	0.0	0.0	0.0	0.0	0.0	0.0	0.0	0.0	0.0	0.0	0.0	0.0	0.0	0.0	0.0	0.0	0.0	0.0	0.0	0.0	0.0	0.0	0.0	0.0	0.0	0.0	0.0	0.0	0.0	0.0	0.0	0.0	0.0	0.0	0.0	0.0	0.0	0.0	0.0	0.0	0.0	0.0	0.0	0.0	0.0	0.0	0.0	0.0	0.0	0.0	0.0	0.0	0.0	0.0	0.0	0.0	0.0	0.0	0.0	0.0	0.0	0.0	0.0	0.0	0.0	0.0	0.0	0.0	0.0	0.0	0.0	0.0	0.0	0.0	0.0	0.0	0.0	0.0	0.0	0.0	0.0	0.0	0.0	0.0	0.0	0.0	0.0	0.0	0.0	0.0	0.0	0.0	27.204927864965804	-3.395072135034194	0.12235006088813985	-0.6246893860481351	18.509596951589668	0.5595755792021965	0.044139194130931134	-3.333693128898336	-0.0005198111029801974
193.0	193.4909	2600.0	2579.9438929840517	0.44012645063719436	-0.799121050257591	28.4964094616915	-118.51212558412954	21.981392619731185	132.1177102699838	178.83901950903962	110.11396105391395	-49.02265917908881	132.11771026998375	178.83901950904155	0.0	0.0	0.0	-28.900291231301548	-27.687267323631467	0.3902768172929242	19.37186450055645	2.9162017850253212	-0.001647520242144548	1.6793696783968006	0.0	0.0	0.0	0.0	0.0	0.0	0.0	0.0	0.0	0.0	0.0	0.0	0.0	0.0	0.0	0.0	0.0	0.0	0.0	0.0	0.0	0.0	0.0	0.0	0.0	0.0	0.0	0.0	0.0	0.0	0.0	0.0	0.0	0.0	0.0	0.0	0.0	0.0	0.0	0.0	0.0	0.0	0.0	0.0	0.0	0.0	0.0	0.0	27777.066281195115	2765.4823574066413	211.87081063932303	27915.19645460936	-27613.64970561086	-2391.1876369089755	-3315.462562565636	27914.578993473348	0.0	0.0	0.0	0.0	0.0	0.0	0.0	0.0	0.0	0.0	0.0	0.0	0.0	0.0	0.0	0.0	0.0	0.0	0.0	0.0	0.0	0.0	0.0	0.0	0.0	0.0	0.0	0.0	27733.073605116773	1947.4073743493773	2511.5639180336066	27914.578993473348	0.0	0.0	0.0	0.0	0.0	0.0	0.0	0.0	0.0	0.0	0.0	0.0	0.0	0.0	0.0	0.0	0.0	0.0	0.0	0.0	0.0	0.0	0.0	0.0	0.0	0.0	0.0	0.0	0.0	0.0	0.0	0.0	0.0	0.0	0.0	0.0	0.0	0.0	0.0	0.0	0.0	0.0	0.0	0.0	0.0	0.0	0.0	0.0	0.0	0.0	0.0	0.0	0.0	0.0	0.0	0.0	0.0	0.0	0.0	0.0	0.0	0.0	0.0	0.0	0.0	0.0	0.0	0.0	0.0	0.0	0.0	0.0	0.0	0.0	0.0	0.0	0.0	0.0	0.0	0.0	0.0	0.0	0.0	0.0	0.0	0.0	0.0	0.0	0.0	0.0	0.0	0.0	0.0	0.0	0.0	0.0	0.0	0.0	0.0	0.0	27.23310526705727	-3.366894732942733	0.12241209527942708	-0.6230598430300877	18.538046613134913	0.5596284104940075	0.044124474920808815	-3.307185974312143	-3.483449419955332e-05
194.0	194.4908	2600.0	2579.90952174605	0.4669552774989567	-0.7837693024799547	28.484610198191252	-118.29511268152783	26.088627678298504	121.92863179534756	171.87478415974135	108.00382764733149	-54.85912314280722	121.9286317953475	171.8747841597411	7.412475605707671e-15	0.0	7.412475605707671e-15	-29.158944893927803	-27.93630007902978	0.38003444437976674	19.278942594639304	2.967919705947847	0.004996496323582693	1.678139649893188	0.0	0.0	0.0	0.0	0.0	0.0	0.0	0.0	0.0	0.0	0.0	0.0	0.0	0.0	0.0	0.0	0.0	0.0	0.0	0.0	0.0	0.0	0.0	0.0	0.0	0.0	0.0	0.0	0.0	0.0	0.0	0.0	0.0	0.0	0.0	0.0	0.0	0.0	0.0	0.0	0.0	0.0	0.0	0.0	0.0	0.0	0.0	0.0	27780.83330125364	2765.3727914445794	200.9807024801158	27918.853465543216	-27601.598336321378	-2371.6963161101653	-3457.4760292397987	27918.22549210888	0.0	0.0	0.0	0.0	0.0	0.0	0.0	0.0	0.0	0.0	0.0	0.0	0.0	0.0	0.0	0.0	0.0	0.0	0.0	0.0	0.0	0.0	0.0	0.0	0.0	0.0	0.0	0.0	27723.568863786266	1947.7502657793846	2652.793430573681	27918.22549210888	0.0	0.0	0.0	0.0	0.0	0.0	0.0	0.0	0.0	0.0	0.0	0.0	0.0	0.0	0.0	0.0	0.0	0.0	0.0	0.0	0.0	0.0	0.0	0.0	0.0	0.0	0.0	0.0	0.0	0.0	0.0	0.0	0.0	0.0	0.0	0.0	0.0	0.0	0.0	0.0	0.0	0.0	0.0	0.0	0.0	0.0	0.0	0.0	0.0	0.0	0.0	0.0	0.0	0.0	0.0	0.0	0.0	0.0	0.0	0.0	0.0	0.0	0.0	0.0	0.0	0.0	0.0	0.0	0.0	0.0	0.0	0.0	0.0	0.0	0.0	0.0	0.0	0.0	0.0	0.0	0.0	0.0	0.0	0.0	0.0	0.0	0.0	0.0	0.0	0.0	0.0	0.0	0.0	0.0	0.0	0.0	0.0	0.0	0.0	0.0	27.263320668032705	-3.3366793319672925	0.12246633247560748	-0.621505584685633	18.568802381986924	0.5596812356779639	0.04410859190945529	-3.278562894604611	0.0003789406739582338
195.0	195.4908	2600.0	2580.033606605629	0.4931782237679064	-0.767414821469256	28.472165619342615	-118.02844982209534	11.825875360875216	125.42219584859099	172.63051151792422	110.5823921914434	-42.91970215036053	125.42219584859099	172.63051151792428	0.0	0.0	0.0	-29.409141428845775	-28.177679503370527	0.36873313111449924	19.178339571265383	3.0181713255333826	0.010039130787768087	1.6765825260144138	0.0	0.0	0.0	0.0	0.0	0.0	0.0	0.0	0.0	0.0	0.0	0.0	0.0	0.0	0.0	0.0	0.0	0.0	0.0	0.0	0.0	0.0	0.0	0.0	0.0	0.0	0.0	0.0	0.0	0.0	0.0	0.0	0.0	0.0	0.0	0.0	0.0	0.0	0.0	0.0	0.0	0.0	0.0	0.0	0.0	0.0	0.0	0.0	27787.76981777513	2765.374251242541	194.23158594994487	27925.708085992566	-27591.056484267618	-2349.283093533407	-3609.2274277372067	27925.115068639163	0.0	0.0	0.0	0.0	0.0	0.0	0.0	0.0	0.0	0.0	0.0	0.0	0.0	0.0	0.0	0.0	0.0	0.0	0.0	0.0	0.0	0.0	0.0	0.0	0.0	0.0	0.0	0.0	27715.556335010984	1948.3719940066146	2804.2530575077467	27925.115068639163	0.0	0.0	0.0	0.0	0.0	0.0	0.0	0.0	0.0	0.0	0.0	0.0	0.0	0.0	0.0	0.0	0.0	0.0	0.0	0.0	0.0	0.0	0.0	0.0	0.0	0.0	0.0	0.0	0.0	0.0	0.0	0.0	0.0	0.0	0.0	0.0	0.0	0.0	0.0	0.0	0.0	0.0	0.0	0.0	0.0	0.0	0.0	0.0	0.0	0.0	0.0	0.0	0.0	0.0	0.0	0.0	0.0	0.0	0.0	0.0	0.0	0.0	0.0	0.0	0.0	0.0	0.0	0.0	0.0	0.0	0.0	0.0	0.0	0.0	0.0	0.0	0.0	0.0	0.0	0.0	0.0	0.0	0.0	0.0	0.0	0.0	0.0	0.0	0.0	0.0	0.0	0.0	0.0	0.0	0.0	0.0	0.0	0.0	0.0	0.0	27.295522603587585	-3.304477396412409	0.12250128569868317	-0.6200237160840918	18.601844757326347	0.5597340646866816	0.044088554649861805	-3.247878941486886	0.0008275445539073696
196.0	196.4907	2600.0	2580.2080605823257	0.5187601112025749	-0.7500907884907683	28.459116010909447	-116.83372165939454	8.37924839549669	119.63824506740187	167.4324938692189	109.64935861377852	-41.19888925742271	119.63824506740183	167.43249386921912	1.790338194993836e-15	0.0	1.790338194993836e-15	-29.650612718342717	-28.411313980484	0.356667949245257	19.07077515027322	3.066863309571924	0.014141485863809828	1.6746516492791368	0.0	0.0	0.0	0.0	0.0	0.0	0.0	0.0	0.0	0.0	0.0	0.0	0.0	0.0	0.0	0.0	0.0	0.0	0.0	0.0	0.0	0.0	0.0	0.0	0.0	0.0	0.0	0.0	0.0	0.0	0.0	0.0	0.0	0.0	0.0	0.0	0.0	0.0	0.0	0.0	0.0	0.0	0.0	0.0	0.0	0.0	0.0	0.0	27793.301652895658	2764.9651539370684	184.2190304726806	27931.104269658354	-27579.08570511628	-2329.8236439686075	-3751.796091141921	27930.449700132864	0.0	0.0	0.0	0.0	0.0	0.0	0.0	0.0	0.0	0.0	0.0	0.0	0.0	0.0	0.0	0.0	0.0	0.0	0.0	0.0	0.0	0.0	0.0	0.0	0.0	0.0	0.0	0.0	27706.17535517939	1948.751235339948	2946.2240686110317	27930.449700132864	0.0	0.0	0.0	0.0	0.0	0.0	0.0	0.0	0.0	0.0	0.0	0.0	0.0	0.0	0.0	0.0	0.0	0.0	0.0	0.0	0.0	0.0	0.0	0.0	0.0	0.0	0.0	0.0	0.0	0.0	0.0	0.0	0.0	0.0	0.0	0.0	0.0	0.0	0.0	0.0	0.0	0.0	0.0	0.0	0.0	0.0	0.0	0.0	0.0	0.0	0.0	0.0	0.0	0.0	0.0	0.0	0.0	0.0	0.0	0.0	0.0	0.0	0.0	0.0	0.0	0.0	0.0	0.0	0.0	0.0	0.0	0.0	0.0	0.0	0.0	0.0	0.0	0.0	0.0	0.0	0.0	0.0	0.0	0.0	0.0	0.0	0.0	0.0	0.0	0.0	0.0	0.0	0.0	0.0	0.0	0.0	0.0	0.0	0.0	0.0	27.329657573586644	-3.270342426413354	0.12250404660546468	-0.6185728310877049	18.637306562376892	0.5597868981478594	0.044067983152619714	-3.215229005707005	0.00126362185765393
197.0	197.4905	2600.0	2579.984981532209	0.5436700440608077	-0.7318164827624115	28.445497536173708	-116.93410437700005	16.20192642385155	100.74168913008094	155.1933475219763	106.65839791917458	-50.59716730816217	100.74168913008091	155.1933475219766	-1.091083540051208e-15	0.0	-1.091083540051208e-15	-29.883193190208857	-28.63716527115039	0.34404719094422304	18.956672468267193	3.1140008597327085	0.017678622640705	1.6723817736554338	0.0	0.0	0.0	0.0	0.0	0.0	0.0	0.0	0.0	0.0	0.0	0.0	0.0	0.0	0.0	0.0	0.0	0.0	0.0	0.0	0.0	0.0	0.0	0.0	0.0	0.0	0.0	0.0	0.0	0.0	0.0	0.0	0.0	0.0	0.0	0.0	0.0	0.0	0.0	0.0	0.0	0.0	0.0	0.0	0.0	0.0	0.0	0.0	27796.982750304556	2764.6185880968173	171.77262658723552	27934.653600745147	-27565.63876069496	-2314.814496698657	-3882.31181188702	27933.763646239517	0.0	0.0	0.0	0.0	0.0	0.0	0.0	0.0	0.0	0.0	0.0	0.0	0.0	0.0	0.0	0.0	0.0	0.0	0.0	0.0	0.0	0.0	0.0	0.0	0.0	0.0	0.0	0.0	27695.41159445692	1949.392814598963	3075.580548771783	27933.763646239517	0.0	0.0	0.0	0.0	0.0	0.0	0.0	0.0	0.0	0.0	0.0	0.0	0.0	0.0	0.0	0.0	0.0	0.0	0.0	0.0	0.0	0.0	0.0	0.0	0.0	0.0	0.0	0.0	0.0	0.0	0.0	0.0	0.0	0.0	0.0	0.0	0.0	0.0	0.0	0.0	0.0	0.0	0.0	0.0	0.0	0.0	0.0	0.0	0.0	0.0	0.0	0.0	0.0	0.0	0.0	0.0	0.0	0.0	0.0	0.0	0.0	0.0	0.0	0.0	0.0	0.0	0.0	0.0	0.0	0.0	0.0	0.0	0.0	0.0	0.0	0.0	0.0	0.0	0.0	0.0	0.0	0.0	0.0	0.0	0.0	0.0	0.0	0.0	0.0	0.0	0.0	0.0	0.0	0.0	0.0	0.0	0.0	0.0	0.0	0.0	27.3656852025258	-3.234314797474195	0.12248690813587891	-0.617146287129611	18.675254314447027	0.5598397420385084	0.044040669200379315	-3.1806600255131787	0.0016547282030123902
198.0	198.4904	2600.0	2580.3423425370747	0.5679040906902489	-0.7125928304104516	28.431337843820778	-116.50093617345598	2.1752309247131043	117.6231854568062	165.56694572248938	109.79690536648012	-39.010759167329525	117.62318545680617	165.56694572248836	0.0	0.0	0.0	-30.107101831676687	-28.854983842807542	0.33045854665711283	18.836309407944086	3.1597822755961933	0.020905843331136806	1.6699401027668157	0.0	0.0	0.0	0.0	0.0	0.0	0.0	0.0	0.0	0.0	0.0	0.0	0.0	0.0	0.0	0.0	0.0	0.0	0.0	0.0	0.0	0.0	0.0	0.0	0.0	0.0	0.0	0.0	0.0	0.0	0.0	0.0	0.0	0.0	0.0	0.0	0.0	0.0	0.0	0.0	0.0	0.0	0.0	0.0	0.0	0.0	0.0	0.0	27807.656303121315	2764.8621040012763	164.3699518522249	27945.254141047575	-27556.07658982161	-2291.778251753165	-4039.161529315429	27944.667298775006	0.0	0.0	0.0	0.0	0.0	0.0	0.0	0.0	0.0	0.0	0.0	0.0	0.0	0.0	0.0	0.0	0.0	0.0	0.0	0.0	0.0	0.0	0.0	0.0	0.0	0.0	0.0	0.0	27688.45644170141	1950.557143923616	3232.512512507501	27944.667298775006	0.0	0.0	0.0	0.0	0.0	0.0	0.0	0.0	0.0	0.0	0.0	0.0	0.0	0.0	0.0	0.0	0.0	0.0	0.0	0.0	0.0	0.0	0.0	0.0	0.0	0.0	0.0	0.0	0.0	0.0	0.0	0.0	0.0	0.0	0.0	0.0	0.0	0.0	0.0	0.0	0.0	0.0	0.0	0.0	0.0	0.0	0.0	0.0	0.0	0.0	0.0	0.0	0.0	0.0	0.0	0.0	0.0	0.0	0.0	0.0	0.0	0.0	0.0	0.0	0.0	0.0	0.0	0.0	0.0	0.0	0.0	0.0	0.0	0.0	0.0	0.0	0.0	0.0	0.0	0.0	0.0	0.0	0.0	0.0	0.0	0.0	0.0	0.0	0.0	0.0	0.0	0.0	0.0	0.0	0.0	0.0	0.0	0.0	0.0	0.0	27.403583059321875	-3.196416940678119	0.12249003670129559	-0.6157842806157106	18.715589249002985	0.5598925887944882	0.04401375049911827	-3.144155206796736	0.0020972729046474297
199.0	199.4903	2600.0	2578.425706038865	0.5913963202513298	-0.6924375075364455	28.41667904777939	-120.39515906218503	26.58952794255674	84.38940452409446	149.41073896393155	104.6247127309034	-65.23547200559914	84.38940452409447	149.41073896393337	0.0	0.0	0.0	-30.322066188053583	-29.06462988658994	0.31606324823021364	18.709883335448083	3.2039336565181347	0.0239386161894915	1.6671396066081705	0.0	0.0	0.0	0.0	0.0	0.0	0.0	0.0	0.0	0.0	0.0	0.0	0.0	0.0	0.0	0.0	0.0	0.0	0.0	0.0	0.0	0.0	0.0	0.0	0.0	0.0	0.0	0.0	0.0	0.0	0.0	0.0	0.0	0.0	0.0	0.0	0.0	0.0	0.0	0.0	0.0	0.0	0.0	0.0	0.0	0.0	0.0	0.0	27585.001212168845	2740.870908185101	152.98431216114344	27721.256634764228	-27316.10611113066	-2255.1061173710305	-4142.57479163015	27720.318948010023	0.0	0.0	0.0	0.0	0.0	0.0	0.0	0.0	0.0	0.0	0.0	0.0	0.0	0.0	0.0	0.0	0.0	0.0	0.0	0.0	0.0	0.0	0.0	0.0	0.0	0.0	0.0	0.0	27450.038302472036	1934.3545628317024	3342.117920940808	27720.318948010023	0.0	0.0	0.0	0.0	0.0	0.0	0.0	0.0	0.0	0.0	0.0	0.0	0.0	0.0	0.0	0.0	0.0	0.0	0.0	0.0	0.0	0.0	0.0	0.0	0.0	0.0	0.0	0.0	0.0	0.0	0.0	0.0	0.0	0.0	0.0	0.0	0.0	0.0	0.0	0.0	0.0	0.0	0.0	0.0	0.0	0.0	0.0	0.0	0.0	0.0	0.0	0.0	0.0	0.0	0.0	0.0	0.0	0.0	0.0	0.0	0.0	0.0	0.0	0.0	0.0	0.0	0.0	0.0	0.0	0.0	0.0	0.0	0.0	0.0	0.0	0.0	0.0	0.0	0.0	0.0	0.0	0.0	0.0	0.0	0.0	0.0	0.0	0.0	0.0	0.0	0.0	0.0	0.0	0.0	0.0	0.0	0.0	0.0	0.0	0.0	27.44330997124858	-3.1566900287514175	0.12247958923445201	-0.6144080373944977	18.758400878309924	0.5599454374422458	0.043977765437599625	-3.1058336036256886	0.0025637409795214107
200.0	200.4904	2600.0	2579.5441962297327	0.6139110949573524	-0.6710492005484646	28.401476330013722	-119.60792902141385	-12.85270795826364	137.18485544588992	182.458031750761	116.5395155232145	-29.82934977948753	137.18485544588992	182.4580317507626	4.694625808377945e-15	0.0	4.694625808377945e-15	-30.528119178360292	-29.26628082259735	0.3010615949005918	18.57752286316169	3.2465423076133564	0.026904372981136532	1.6639310934166904	0.0	0.0	0.0	0.0	0.0	0.0	0.0	0.0	0.0	0.0	0.0	0.0	0.0	0.0	0.0	0.0	0.0	0.0	0.0	0.0	0.0	0.0	0.0	0.0	0.0	0.0	0.0	0.0	0.0	0.0	0.0	0.0	0.0	0.0	0.0	0.0	0.0	0.0	0.0	0.0	0.0	0.0	0.0	0.0	0.0	0.0	0.0	0.0	27596.47705899186	2740.746857509462	147.41130352368825	27732.63365598043	-27307.263397446142	-2236.144353707354	-4287.396041481816	27732.088645549826	0.0	0.0	0.0	0.0	0.0	0.0	0.0	0.0	0.0	0.0	0.0	0.0	0.0	0.0	0.0	0.0	0.0	0.0	0.0	0.0	0.0	0.0	0.0	0.0	0.0	0.0	0.0	0.0	27443.884133937532	1935.2712765831536	3486.644428914031	27732.088645549826	0.0	0.0	0.0	0.0	0.0	0.0	0.0	0.0	0.0	0.0	0.0	0.0	0.0	0.0	0.0	0.0	0.0	0.0	0.0	0.0	0.0	0.0	0.0	0.0	0.0	0.0	0.0	0.0	0.0	0.0	0.0	0.0	0.0	0.0	0.0	0.0	0.0	0.0	0.0	0.0	0.0	0.0	0.0	0.0	0.0	0.0	0.0	0.0	0.0	0.0	0.0	0.0	0.0	0.0	0.0	0.0	0.0	0.0	0.0	0.0	0.0	0.0	0.0	0.0	0.0	0.0	0.0	0.0	0.0	0.0	0.0	0.0	0.0	0.0	0.0	0.0	0.0	0.0	0.0	0.0	0.0	0.0	0.0	0.0	0.0	0.0	0.0	0.0	0.0	0.0	0.0	0.0	0.0	0.0	0.0	0.0	0.0	0.0	0.0	0.0	27.485150344302465	-3.114849655697533	0.12238013936374716	-0.6129368577132168	18.803663540920066	0.5599982935035168	0.043928897553866114	-3.065490329224753	0.00301645421437583
201.0	201.4909	2600.0	2580.5976814663004	0.6356342737280037	-0.6484078827193479	28.385733808275134	-114.75767671107269	-33.157246698319796	170.8635057130709	208.47797235510743	118.92651044387277	-11.18983853233658	170.86350571307088	208.47797235510748	1.1248226782600978e-15	0.0	1.1248226782600978e-15	-30.724891159251992	-29.46005252124775	0.28604627376473374	18.439328241582878	3.288578837296897	0.029992874755897368	1.6611641666686943	0.0	0.0	0.0	0.0	0.0	0.0	0.0	0.0	0.0	0.0	0.0	0.0	0.0	0.0	0.0	0.0	0.0	0.0	0.0	0.0	0.0	0.0	0.0	0.0	0.0	0.0	0.0	0.0	0.0	0.0	0.0	0.0	0.0	0.0	0.0	0.0	0.0	0.0	0.0	0.0	0.0	0.0	0.0	0.0	0.0	0.0	0.0	0.0	27938.923348916924	2775.170404521062	139.91534348565403	28076.76236630797	-27624.58322466092	-2247.0745442008015	-4483.5985193942	28076.139300596977	0.0	0.0	0.0	0.0	0.0	0.0	0.0	0.0	0.0	0.0	0.0	0.0	0.0	0.0	0.0	0.0	0.0	0.0	0.0	0.0	0.0	0.0	0.0	0.0	0.0	0.0	0.0	0.0	27765.735346363694	1961.285534254951	3672.4511916890356	28076.139300596977	0.0	0.0	0.0	0.0	0.0	0.0	0.0	0.0	0.0	0.0	0.0	0.0	0.0	0.0	0.0	0.0	0.0	0.0	0.0	0.0	0.0	0.0	0.0	0.0	0.0	0.0	0.0	0.0	0.0	0.0	0.0	0.0	0.0	0.0	0.0	0.0	0.0	0.0	0.0	0.0	0.0	0.0	0.0	0.0	0.0	0.0	0.0	0.0	0.0	0.0	0.0	0.0	0.0	0.0	0.0	0.0	0.0	0.0	0.0	0.0	0.0	0.0	0.0	0.0	0.0	0.0	0.0	0.0	0.0	0.0	0.0	0.0	0.0	0.0	0.0	0.0	0.0	0.0	0.0	0.0	0.0	0.0	0.0	0.0	0.0	0.0	0.0	0.0	0.0	0.0	0.0	0.0	0.0	0.0	0.0	0.0	0.0	0.0	0.0	0.0	27.529100695313574	-3.070899304686428	0.12236310623397494	-0.6116782363921737	18.851512603892676	0.5600511737528888	0.04390841105425067	-3.022826624761783	0.0033340455323499804
202.0	202.4911	2600.0	2580.5480416999967	0.6568610480564699	-0.6251495492944098	28.369662628844026	-115.79116113595137	-15.058080824084755	157.7027222425002	196.22560331927045	112.74427780993211	-30.38201139546799	157.70272224250016	196.22560331927292	-1.51554159672378e-15	0.0	-1.51554159672378e-15	-30.912771207486855	-29.64476136253163	0.2694029432632369	18.295506240956957	3.3294720734738625	0.03321475901994471	1.6589128370935804	0.0	0.0	0.0	0.0	0.0	0.0	0.0	0.0	0.0	0.0	0.0	0.0	0.0	0.0	0.0	0.0	0.0	0.0	0.0	0.0	0.0	0.0	0.0	0.0	0.0	0.0	0.0	0.0	0.0	0.0	0.0	0.0	0.0	0.0	0.0	0.0	0.0	0.0	0.0	0.0	0.0	0.0	0.0	0.0	0.0	0.0	0.0	0.0	28257.307073480588	2803.4005560351147	127.11753781263138	28396.31343310208	-27918.00068109219	-2254.77975454575	-4670.1761740647225	28395.58661601791	0.0	0.0	0.0	0.0	0.0	0.0	0.0	0.0	0.0	0.0	0.0	0.0	0.0	0.0	0.0	0.0	0.0	0.0	0.0	0.0	0.0	0.0	0.0	0.0	0.0	0.0	0.0	0.0	28063.54202142907	1981.4351747650658	3849.7874132819325	28395.58661601791	0.0	0.0	0.0	0.0	0.0	0.0	0.0	0.0	0.0	0.0	0.0	0.0	0.0	0.0	0.0	0.0	0.0	0.0	0.0	0.0	0.0	0.0	0.0	0.0	0.0	0.0	0.0	0.0	0.0	0.0	0.0	0.0	0.0	0.0	0.0	0.0	0.0	0.0	0.0	0.0	0.0	0.0	0.0	0.0	0.0	0.0	0.0	0.0	0.0	0.0	0.0	0.0	0.0	0.0	0.0	0.0	0.0	0.0	0.0	0.0	0.0	0.0	0.0	0.0	0.0	0.0	0.0	0.0	0.0	0.0	0.0	0.0	0.0	0.0	0.0	0.0	0.0	0.0	0.0	0.0	0.0	0.0	0.0	0.0	0.0	0.0	0.0	0.0	0.0	0.0	0.0	0.0	0.0	0.0	0.0	0.0	0.0	0.0	0.0	0.0	27.574482392243162	-3.025517607756836	0.12245790548678229	-0.610644199974711	18.90174159723917	0.5601041130156302	0.04385262709212938	-2.978508833216911	0.0038883440370515404
203.0	203.4912	2600.0	2580.0926876057283	0.6774317438634471	-0.6012253194686846	28.353293667506275	-117.98802447117079	-9.514246953840486	155.34716539824527	195.3060076161971	112.00180968034877	-38.3052142930319	155.34716539824535	195.30600761619687	0.0	0.0	0.0	-31.09093318626162	-29.821318091169427	0.25294490915323886	18.146137166541962	3.3689129209899926	0.036564898914647065	1.65683405447715	0.0	0.0	0.0	0.0	0.0	0.0	0.0	0.0	0.0	0.0	0.0	0.0	0.0	0.0	0.0	0.0	0.0	0.0	0.0	0.0	0.0	0.0	0.0	0.0	0.0	0.0	0.0	0.0	0.0	0.0	0.0	0.0	0.0	0.0	0.0	0.0	0.0	0.0	0.0	0.0	0.0	0.0	0.0	0.0	0.0	0.0	0.0	0.0	28276.513826100945	2805.4549604476465	132.55176828122725	28415.653813770554	-27911.514385118422	-2233.992654651007	-4833.559926580345	28414.902076473016	0.0	0.0	0.0	0.0	0.0	0.0	0.0	0.0	0.0	0.0	0.0	0.0	0.0	0.0	0.0	0.0	0.0	0.0	0.0	0.0	0.0	0.0	0.0	0.0	0.0	0.0	0.0	0.0	28060.00694410808	1983.981647507197	4013.2888177293435	28414.902076473016	0.0	0.0	0.0	0.0	0.0	0.0	0.0	0.0	0.0	0.0	0.0	0.0	0.0	0.0	0.0	0.0	0.0	0.0	0.0	0.0	0.0	0.0	0.0	0.0	0.0	0.0	0.0	0.0	0.0	0.0	0.0	0.0	0.0	0.0	0.0	0.0	0.0	0.0	0.0	0.0	0.0	0.0	0.0	0.0	0.0	0.0	0.0	0.0	0.0	0.0	0.0	0.0	0.0	0.0	0.0	0.0	0.0	0.0	0.0	0.0	0.0	0.0	0.0	0.0	0.0	0.0	0.0	0.0	0.0	0.0	0.0	0.0	0.0	0.0	0.0	0.0	0.0	0.0	0.0	0.0	0.0	0.0	0.0	0.0	0.0	0.0	0.0	0.0	0.0	0.0	0.0	0.0	0.0	0.0	0.0	0.0	0.0	0.0	0.0	0.0	27.621318468636247	-2.9786815313637582	0.12259790430540522	-0.6096892558101803	18.954661901204286	0.5601570068910067	0.04381582630879667	-2.932658101842297	0.00430396750146554
204.0	204.4913	2600.0	2580.414601876302	0.6970750650929272	-0.5765272511124588	28.336658764772217	-116.93183356255986	-6.997727691104957	147.40541578086413	188.28270896359678	109.31178050729066	-42.10649041973737	147.40541578086413	188.28270896359803	-2.8532046262709226e-15	0.0	-2.8532046262709226e-15	-31.2587074103255	-29.989568107789317	0.23720012027346976	17.99127468281645	3.4065461886760104	0.04000388472683924	1.654436219110812	0.0	0.0	0.0	0.0	0.0	0.0	0.0	0.0	0.0	0.0	0.0	0.0	0.0	0.0	0.0	0.0	0.0	0.0	0.0	0.0	0.0	0.0	0.0	0.0	0.0	0.0	0.0	0.0	0.0	0.0	0.0	0.0	0.0	0.0	0.0	0.0	0.0	0.0	0.0	0.0	0.0	0.0	0.0	0.0	0.0	0.0	0.0	0.0	28289.084792641414	2809.4241075925097	119.57280816874938	28428.49767184384	-27902.643077765293	-2227.4148999358945	-4961.558621577829	28427.73173886677	0.0	0.0	0.0	0.0	0.0	0.0	0.0	0.0	0.0	0.0	0.0	0.0	0.0	0.0	0.0	0.0	0.0	0.0	0.0	0.0	0.0	0.0	0.0	0.0	0.0	0.0	0.0	0.0	28054.313120650095	1988.8642074422294	4139.549046677424	28427.73173886677	0.0	0.0	0.0	0.0	0.0	0.0	0.0	0.0	0.0	0.0	0.0	0.0	0.0	0.0	0.0	0.0	0.0	0.0	0.0	0.0	0.0	0.0	0.0	0.0	0.0	0.0	0.0	0.0	0.0	0.0	0.0	0.0	0.0	0.0	0.0	0.0	0.0	0.0	0.0	0.0	0.0	0.0	0.0	0.0	0.0	0.0	0.0	0.0	0.0	0.0	0.0	0.0	0.0	0.0	0.0	0.0	0.0	0.0	0.0	0.0	0.0	0.0	0.0	0.0	0.0	0.0	0.0	0.0	0.0	0.0	0.0	0.0	0.0	0.0	0.0	0.0	0.0	0.0	0.0	0.0	0.0	0.0	0.0	0.0	0.0	0.0	0.0	0.0	0.0	0.0	0.0	0.0	0.0	0.0	0.0	0.0	0.0	0.0	0.0	0.0	27.669692065978833	-2.9303079340211644	0.12267252930155968	-0.6086227524200355	19.010526952159623	0.5602100205956494	0.043818073096113394	-2.8853801745499306	0.004471545828215159
205.0	205.4913	2600.0	2580.2786946506976	0.7158383611688987	-0.5511425047313656	28.319813668500537	-116.58454119582528	-15.949966010433853	146.34358952859776	187.78392598326883	112.09956170534862	-35.77771550900434	146.34358952859776	187.78392598326732	1.1407112201125126e-15	0.0	1.1407112201125126e-15	-31.418136083589584	-30.14802370665798	0.21858878742599364	17.830943464518413	3.4424623378972994	0.043503182466698466	1.6519223597353434	0.0	0.0	0.0	0.0	0.0	0.0	0.0	0.0	0.0	0.0	0.0	0.0	0.0	0.0	0.0	0.0	0.0	0.0	0.0	0.0	0.0	0.0	0.0	0.0	0.0	0.0	0.0	0.0	0.0	0.0	0.0	0.0	0.0	0.0	0.0	0.0	0.0	0.0	0.0	0.0	0.0	0.0	0.0	0.0	0.0	0.0	0.0	0.0	28317.173438612732	2806.0544170544126	119.092697207016	28456.114211439213	-27903.87087634657	-2203.375388276807	-5120.881769260381	28455.303601969008	0.0	0.0	0.0	0.0	0.0	0.0	0.0	0.0	0.0	0.0	0.0	0.0	0.0	0.0	0.0	0.0	0.0	0.0	0.0	0.0	0.0	0.0	0.0	0.0	0.0	0.0	0.0	0.0	28058.314601423186	1985.899823031999	4300.172868696573	28455.303601969008	0.0	0.0	0.0	0.0	0.0	0.0	0.0	0.0	0.0	0.0	0.0	0.0	0.0	0.0	0.0	0.0	0.0	0.0	0.0	0.0	0.0	0.0	0.0	0.0	0.0	0.0	0.0	0.0	0.0	0.0	0.0	0.0	0.0	0.0	0.0	0.0	0.0	0.0	0.0	0.0	0.0	0.0	0.0	0.0	0.0	0.0	0.0	0.0	0.0	0.0	0.0	0.0	0.0	0.0	0.0	0.0	0.0	0.0	0.0	0.0	0.0	0.0	0.0	0.0	0.0	0.0	0.0	0.0	0.0	0.0	0.0	0.0	0.0	0.0	0.0	0.0	0.0	0.0	0.0	0.0	0.0	0.0	0.0	0.0	0.0	0.0	0.0	0.0	0.0	0.0	0.0	0.0	0.0	0.0	0.0	0.0	0.0	0.0	0.0	0.0	27.71948484159433	-2.8805151584056716	0.12272614691000895	-0.6075165001514192	19.06847836571499	0.56026291992541	0.043733831260228895	-2.8367210137536625	0.0051583755558829505
206.0	206.4913	2600.0	2580.372980947032	0.7337411891833203	-0.5251215778321758	28.302804363698904	-116.09966836366391	-8.94513195617401	128.83929968572835	173.66264285497624	107.8994994804325	-43.781804345388075	128.83929968572835	173.66264285497505	2.2848857568382478e-15	0.0	2.2848857568382478e-15	-31.566716680536082	-30.29828958865754	0.20137315119168692	17.665272133000105	3.4766700284669447	0.04712906798246659	1.6493137840182734	0.0	0.0	0.0	0.0	0.0	0.0	0.0	0.0	0.0	0.0	0.0	0.0	0.0	0.0	0.0	0.0	0.0	0.0	0.0	0.0	0.0	0.0	0.0	0.0	0.0	0.0	0.0	0.0	0.0	0.0	0.0	0.0	0.0	0.0	0.0	0.0	0.0	0.0	0.0	0.0	0.0	0.0	0.0	0.0	0.0	0.0	0.0	0.0	28360.359943282452	2811.5079211178995	108.93607653759864	28499.58701405724	-27924.293462885777	-2199.2725049415662	-5251.256901615045	28498.748463732885	0.0	0.0	0.0	0.0	0.0	0.0	0.0	0.0	0.0	0.0	0.0	0.0	0.0	0.0	0.0	0.0	0.0	0.0	0.0	0.0	0.0	0.0	0.0	0.0	0.0	0.0	0.0	0.0	28082.072001898276	1991.453961548628	4428.3187778603215	28498.748463732885	0.0	0.0	0.0	0.0	0.0	0.0	0.0	0.0	0.0	0.0	0.0	0.0	0.0	0.0	0.0	0.0	0.0	0.0	0.0	0.0	0.0	0.0	0.0	0.0	0.0	0.0	0.0	0.0	0.0	0.0	0.0	0.0	0.0	0.0	0.0	0.0	0.0	0.0	0.0	0.0	0.0	0.0	0.0	0.0	0.0	0.0	0.0	0.0	0.0	0.0	0.0	0.0	0.0	0.0	0.0	0.0	0.0	0.0	0.0	0.0	0.0	0.0	0.0	0.0	0.0	0.0	0.0	0.0	0.0	0.0	0.0	0.0	0.0	0.0	0.0	0.0	0.0	0.0	0.0	0.0	0.0	0.0	0.0	0.0	0.0	0.0	0.0	0.0	0.0	0.0	0.0	0.0	0.0	0.0	0.0	0.0	0.0	0.0	0.0	0.0	27.77061558446422	-2.8293844155357775	0.12279086610584869	-0.6063803683926083	19.129513369814696	0.560315817423574	0.04370723264009338	-2.7867534719498277	0.005476987748019829
207.0	207.4912	2600.0	2580.671957142922	0.7508121482492017	-0.49863456626015645	28.285714309438646	-121.74818201332685	-25.305633952506465	175.2485241446619	214.88378288779862	119.68198008474792	-33.75231216201792	175.24852414466184	214.88378288779836	-6.9994653721345726e-15	0.0	-6.9994653721345726e-15	-31.70594052284712	-30.43913052979223	0.18278099379294388	17.49436153566351	3.5087384351691484	0.05082863736925396	1.6463880350316127	0.0	0.0	0.0	0.0	0.0	0.0	0.0	0.0	0.0	0.0	0.0	0.0	0.0	0.0	0.0	0.0	0.0	0.0	0.0	0.0	0.0	0.0	0.0	0.0	0.0	0.0	0.0	0.0	0.0	0.0	0.0	0.0	0.0	0.0	0.0	0.0	0.0	0.0	0.0	0.0	0.0	0.0	0.0	0.0	0.0	0.0	0.0	0.0	28421.68060137906	2814.1905400157825	112.41598202815476	28560.886435041488	-27957.961588659244	-2182.967714821101	-5412.3763809267575	28560.580917161173	0.0	0.0	0.0	0.0	0.0	0.0	0.0	0.0	0.0	0.0	0.0	0.0	0.0	0.0	0.0	0.0	0.0	0.0	0.0	0.0	0.0	0.0	0.0	0.0	0.0	0.0	0.0	0.0	28118.854764886568	1993.6832629642997	4589.337216189572	28560.580917161173	0.0	0.0	0.0	0.0	0.0	0.0	0.0	0.0	0.0	0.0	0.0	0.0	0.0	0.0	0.0	0.0	0.0	0.0	0.0	0.0	0.0	0.0	0.0	0.0	0.0	0.0	0.0	0.0	0.0	0.0	0.0	0.0	0.0	0.0	0.0	0.0	0.0	0.0	0.0	0.0	0.0	0.0	0.0	0.0	0.0	0.0	0.0	0.0	0.0	0.0	0.0	0.0	0.0	0.0	0.0	0.0	0.0	0.0	0.0	0.0	0.0	0.0	0.0	0.0	0.0	0.0	0.0	0.0	0.0	0.0	0.0	0.0	0.0	0.0	0.0	0.0	0.0	0.0	0.0	0.0	0.0	0.0	0.0	0.0	0.0	0.0	0.0	0.0	0.0	0.0	0.0	0.0	0.0	0.0	0.0	0.0	0.0	0.0	0.0	0.0	27.822878793990256	-2.7771212060097494	0.1228443346346626	-0.6051159737372447	19.192992805081566	0.5603687136965095	0.04363798555711867	-2.7357802531543625	0.0060398532219445595
208.0	208.4909	2600.0	2580.2272384575645	0.7670252330243247	-0.4716736102559143	28.26857550743515	-116.84867938071693	-40.78011383066769	191.60673905857948	228.10035951247943	122.15035413574513	-19.89780243071073	191.60673905857945	228.10035951247883	0.0	0.0	0.0	-31.834524328318246	-30.571201716668075	0.16484013171856857	17.318322917426137	3.5385467332575535	0.05462620407698962	1.6430122551748219	0.0	0.0	0.0	0.0	0.0	0.0	0.0	0.0	0.0	0.0	0.0	0.0	0.0	0.0	0.0	0.0	0.0	0.0	0.0	0.0	0.0	0.0	0.0	0.0	0.0	0.0	0.0	0.0	0.0	0.0	0.0	0.0	0.0	0.0	0.0	0.0	0.0	0.0	0.0	0.0	0.0	0.0	0.0	0.0	0.0	0.0	0.0	0.0	28489.4821398655	2819.076124456051	108.32085921789512	28628.82317179201	-27998.920955621215	-2175.092997568125	-5557.558728751523	28627.907070736357	0.0	0.0	0.0	0.0	0.0	0.0	0.0	0.0	0.0	0.0	0.0	0.0	0.0	0.0	0.0	0.0	0.0	0.0	0.0	0.0	0.0	0.0	0.0	0.0	0.0	0.0	0.0	0.0	28163.064021210015	1998.423086441123	4733.412442997328	28627.907070736357	0.0	0.0	0.0	0.0	0.0	0.0	0.0	0.0	0.0	0.0	0.0	0.0	0.0	0.0	0.0	0.0	0.0	0.0	0.0	0.0	0.0	0.0	0.0	0.0	0.0	0.0	0.0	0.0	0.0	0.0	0.0	0.0	0.0	0.0	0.0	0.0	0.0	0.0	0.0	0.0	0.0	0.0	0.0	0.0	0.0	0.0	0.0	0.0	0.0	0.0	0.0	0.0	0.0	0.0	0.0	0.0	0.0	0.0	0.0	0.0	0.0	0.0	0.0	0.0	0.0	0.0	0.0	0.0	0.0	0.0	0.0	0.0	0.0	0.0	0.0	0.0	0.0	0.0	0.0	0.0	0.0	0.0	0.0	0.0	0.0	0.0	0.0	0.0	0.0	0.0	0.0	0.0	0.0	0.0	0.0	0.0	0.0	0.0	0.0	0.0	27.876251266140496	-2.7237487338595088	0.12290234853034468	-0.6036675825303216	19.259418700485245	0.5604216054140262	0.04359510654044757	-2.683880587596021	0.00642110261882179
209.0	209.4907	2600.0	2579.7277342686666	0.78230329879072	-0.4441298621841188	28.25139683614398	-119.8247568544302	-37.94777348913339	199.95520976900477	236.1780933570525	122.9807315261023	-25.956608817607044	199.95520976900474	236.1780933570517	0.0	0.0	0.0	-31.953208113122678	-30.694118529148618	0.1464529495211706	17.137149077769717	3.5663059882217634	0.05849896317032433	1.639253220648524	0.0	0.0	0.0	0.0	0.0	0.0	0.0	0.0	0.0	0.0	0.0	0.0	0.0	0.0	0.0	0.0	0.0	0.0	0.0	0.0	0.0	0.0	0.0	0.0	0.0	0.0	0.0	0.0	0.0	0.0	0.0	0.0	0.0	0.0	0.0	0.0	0.0	0.0	0.0	0.0	0.0	0.0	0.0	0.0	0.0	0.0	0.0	0.0	28577.629938172176	2826.064559977898	114.48219534686724	28717.254046188496	-28057.824034134144	-2165.862015620505	-5717.866363529981	28716.309713337654	0.0	0.0	0.0	0.0	0.0	0.0	0.0	0.0	0.0	0.0	0.0	0.0	0.0	0.0	0.0	0.0	0.0	0.0	0.0	0.0	0.0	0.0	0.0	0.0	0.0	0.0	0.0	0.0	28225.326483908266	2004.8416875972077	4892.647364851676	28716.309713337654	0.0	0.0	0.0	0.0	0.0	0.0	0.0	0.0	0.0	0.0	0.0	0.0	0.0	0.0	0.0	0.0	0.0	0.0	0.0	0.0	0.0	0.0	0.0	0.0	0.0	0.0	0.0	0.0	0.0	0.0	0.0	0.0	0.0	0.0	0.0	0.0	0.0	0.0	0.0	0.0	0.0	0.0	0.0	0.0	0.0	0.0	0.0	0.0	0.0	0.0	0.0	0.0	0.0	0.0	0.0	0.0	0.0	0.0	0.0	0.0	0.0	0.0	0.0	0.0	0.0	0.0	0.0	0.0	0.0	0.0	0.0	0.0	0.0	0.0	0.0	0.0	0.0	0.0	0.0	0.0	0.0	0.0	0.0	0.0	0.0	0.0	0.0	0.0	0.0	0.0	0.0	0.0	0.0	0.0	0.0	0.0	0.0	0.0	0.0	0.0	27.930813261196732	-2.6691867388032655	0.12299225938900755	-0.6020666982318461	19.328474451426533	0.5604745028044863	0.04354868677525694	-2.6309429034332985	0.00686176912387983
210.0	210.4906	2600.0	2580.022630947765	0.7966261672773819	-0.4160872254330302	28.23424186251665	-118.3989416129201	-66.1858520002679	250.92461077365135	285.2403138968429	135.60834279978735	-3.0419965741857595	250.92461077365132	285.24031389684455	0.0	0.0	0.0	-32.06148563761184	-30.807809920643905	0.12810628055680434	16.95092773052964	3.5919487788780446	0.062445280013497466	1.6351312871705106	0.0	0.0	0.0	0.0	0.0	0.0	0.0	0.0	0.0	0.0	0.0	0.0	0.0	0.0	0.0	0.0	0.0	0.0	0.0	0.0	0.0	0.0	0.0	0.0	0.0	0.0	0.0	0.0	0.0	0.0	0.0	0.0	0.0	0.0	0.0	0.0	0.0	0.0	0.0	0.0	0.0	0.0	0.0	0.0	0.0	0.0	0.0	0.0	28750.356082669397	2840.928234642406	116.01023836013108	28890.609313236673	-28198.752240299247	-2162.9340824038977	-5895.978676454675	28889.625755759018	0.0	0.0	0.0	0.0	0.0	0.0	0.0	0.0	0.0	0.0	0.0	0.0	0.0	0.0	0.0	0.0	0.0	0.0	0.0	0.0	0.0	0.0	0.0	0.0	0.0	0.0	0.0	0.0	28370.068263825786	2016.8506288680032	5067.742747467947	28889.625755759018	0.0	0.0	0.0	0.0	0.0	0.0	0.0	0.0	0.0	0.0	0.0	0.0	0.0	0.0	0.0	0.0	0.0	0.0	0.0	0.0	0.0	0.0	0.0	0.0	0.0	0.0	0.0	0.0	0.0	0.0	0.0	0.0	0.0	0.0	0.0	0.0	0.0	0.0	0.0	0.0	0.0	0.0	0.0	0.0	0.0	0.0	0.0	0.0	0.0	0.0	0.0	0.0	0.0	0.0	0.0	0.0	0.0	0.0	0.0	0.0	0.0	0.0	0.0	0.0	0.0	0.0	0.0	0.0	0.0	0.0	0.0	0.0	0.0	0.0	0.0	0.0	0.0	0.0	0.0	0.0	0.0	0.0	0.0	0.0	0.0	0.0	0.0	0.0	0.0	0.0	0.0	0.0	0.0	0.0	0.0	0.0	0.0	0.0	0.0	0.0	27.986445824168687	-2.613554175831308	0.12308898871248974	-0.6003205964229247	19.400347850565854	0.5605274123612596	0.043503961264094074	-2.577078994284519	0.007256672784816298
211.0	211.4904	2600.0	2580.180672108221	0.8100290846170424	-0.38757798486036976	28.217146426431757	-117.46396824470527	-75.551745248551	280.66629287163227	313.49548322136945	139.62966519718606	3.067025076157734	280.6662928716322	313.49548322137093	0.0	0.0	0.0	-32.15897207825525	-30.91248823187614	0.11045593272632169	16.759644669524235	3.615595353420735	0.06640347822580672	1.6307673660370794	0.0	0.0	0.0	0.0	0.0	0.0	0.0	0.0	0.0	0.0	0.0	0.0	0.0	0.0	0.0	0.0	0.0	0.0	0.0	0.0	0.0	0.0	0.0	0.0	0.0	0.0	0.0	0.0	0.0	0.0	0.0	0.0	0.0	0.0	0.0	0.0	0.0	0.0	0.0	0.0	0.0	0.0	0.0	0.0	0.0	0.0	0.0	0.0	28966.76259759457	2863.882596370157	118.60094116032393	29108.232943523722	-28383.0406173421	-2170.0774211682547	-6077.0449407427905	29107.33079331328	0.0	0.0	0.0	0.0	0.0	0.0	0.0	0.0	0.0	0.0	0.0	0.0	0.0	0.0	0.0	0.0	0.0	0.0	0.0	0.0	0.0	0.0	0.0	0.0	0.0	0.0	0.0	0.0	28558.63968524241	2035.8524028637999	5243.673353062195	29107.33079331328	0.0	0.0	0.0	0.0	0.0	0.0	0.0	0.0	0.0	0.0	0.0	0.0	0.0	0.0	0.0	0.0	0.0	0.0	0.0	0.0	0.0	0.0	0.0	0.0	0.0	0.0	0.0	0.0	0.0	0.0	0.0	0.0	0.0	0.0	0.0	0.0	0.0	0.0	0.0	0.0	0.0	0.0	0.0	0.0	0.0	0.0	0.0	0.0	0.0	0.0	0.0	0.0	0.0	0.0	0.0	0.0	0.0	0.0	0.0	0.0	0.0	0.0	0.0	0.0	0.0	0.0	0.0	0.0	0.0	0.0	0.0	0.0	0.0	0.0	0.0	0.0	0.0	0.0	0.0	0.0	0.0	0.0	0.0	0.0	0.0	0.0	0.0	0.0	0.0	0.0	0.0	0.0	0.0	0.0	0.0	0.0	0.0	0.0	0.0	0.0	28.043082864393828	-2.556917135606166	0.1232463579783627	-0.598489274929124	19.47517104976899	0.5605803851167265	0.043495195276141534	-2.5222960459322925	0.00746358694456755
212.0	212.4904	2600.0	2580.2494163925935	0.8224746428327958	-0.35862207324382417	28.200155667293565	-117.15192530166496	-69.33494706513012	284.46012066208743	315.35609829762393	136.05932188182123	-4.446281083157374	284.4601206620874	315.35609829762416	2.178658411835213e-15	0.0	2.178658411835213e-15	-32.24648178598764	-31.007053920187698	0.0915365430681059	16.56310131329629	3.6369995494291487	0.07006091448398888	1.6260018499251392	0.0	0.0	0.0	0.0	0.0	0.0	0.0	0.0	0.0	0.0	0.0	0.0	0.0	0.0	0.0	0.0	0.0	0.0	0.0	0.0	0.0	0.0	0.0	0.0	0.0	0.0	0.0	0.0	0.0	0.0	0.0	0.0	0.0	0.0	0.0	0.0	0.0	0.0	0.0	0.0	0.0	0.0	0.0	0.0	0.0	0.0	0.0	0.0	29124.53934528226	2873.6359387758353	111.86719833228086	29266.176549962613	-28513.506204277575	-2173.2163375282817	-6222.2435591725525	29265.3245363987	0.0	0.0	0.0	0.0	0.0	0.0	0.0	0.0	0.0	0.0	0.0	0.0	0.0	0.0	0.0	0.0	0.0	0.0	0.0	0.0	0.0	0.0	0.0	0.0	0.0	0.0	0.0	0.0	28692.71055495717	2043.5028215779948	5386.248921874281	29265.3245363987	0.0	0.0	0.0	0.0	0.0	0.0	0.0	0.0	0.0	0.0	0.0	0.0	0.0	0.0	0.0	0.0	0.0	0.0	0.0	0.0	0.0	0.0	0.0	0.0	0.0	0.0	0.0	0.0	0.0	0.0	0.0	0.0	0.0	0.0	0.0	0.0	0.0	0.0	0.0	0.0	0.0	0.0	0.0	0.0	0.0	0.0	0.0	0.0	0.0	0.0	0.0	0.0	0.0	0.0	0.0	0.0	0.0	0.0	0.0	0.0	0.0	0.0	0.0	0.0	0.0	0.0	0.0	0.0	0.0	0.0	0.0	0.0	0.0	0.0	0.0	0.0	0.0	0.0	0.0	0.0	0.0	0.0	0.0	0.0	0.0	0.0	0.0	0.0	0.0	0.0	0.0	0.0	0.0	0.0	0.0	0.0	0.0	0.0	0.0	0.0	28.100669780276732	-2.4993302197232694	0.12345270746338607	-0.5965080453657158	19.552561254402846	0.5606333960258476	0.04345006701328574	-2.466712352090692	0.007898488706581329
213.0	213.4903	2600.0	2580.106335467079	0.8339350737742264	-0.3292779074680637	28.183325202170856	-120.398708766324	-103.36503628572608	333.3668398894665	369.2067574365841	157.4464166728667	19.768805624524244	333.36683988946646	369.20675743658217	0.0	0.0	0.0	-32.32344658920386	-31.092028798945147	0.07249792387172292	16.36120631535342	3.656144711702221	0.07324753622480015	1.6209316665328075	0.0	0.0	0.0	0.0	0.0	0.0	0.0	0.0	0.0	0.0	0.0	0.0	0.0	0.0	0.0	0.0	0.0	0.0	0.0	0.0	0.0	0.0	0.0	0.0	0.0	0.0	0.0	0.0	0.0	0.0	0.0	0.0	0.0	0.0	0.0	0.0	0.0	0.0	0.0	0.0	0.0	0.0	0.0	0.0	0.0	0.0	0.0	0.0	29298.666736173254	2887.9899327517433	127.91099244166463	29440.936119475	-28647.395792774303	-2162.9150301255672	-6431.206422077178	29439.9711816906	0.0	0.0	0.0	0.0	0.0	0.0	0.0	0.0	0.0	0.0	0.0	0.0	0.0	0.0	0.0	0.0	0.0	0.0	0.0	0.0	0.0	0.0	0.0	0.0	0.0	0.0	0.0	0.0	28830.3838507685	2055.5573258762665	5594.2429582702425	29439.9711816906	0.0	0.0	0.0	0.0	0.0	0.0	0.0	0.0	0.0	0.0	0.0	0.0	0.0	0.0	0.0	0.0	0.0	0.0	0.0	0.0	0.0	0.0	0.0	0.0	0.0	0.0	0.0	0.0	0.0	0.0	0.0	0.0	0.0	0.0	0.0	0.0	0.0	0.0	0.0	0.0	0.0	0.0	0.0	0.0	0.0	0.0	0.0	0.0	0.0	0.0	0.0	0.0	0.0	0.0	0.0	0.0	0.0	0.0	0.0	0.0	0.0	0.0	0.0	0.0	0.0	0.0	0.0	0.0	0.0	0.0	0.0	0.0	0.0	0.0	0.0	0.0	0.0	0.0	0.0	0.0	0.0	0.0	0.0	0.0	0.0	0.0	0.0	0.0	0.0	0.0	0.0	0.0	0.0	0.0	0.0	0.0	0.0	0.0	0.0	0.0	28.159111714110427	-2.440888285889581	0.12368044571713264	-0.5944148693622262	19.632718182176873	0.5606863097193867	0.04341155532797306	-2.4103847920750106	0.008274433666512423
214.0	214.4903	2600.0	2579.3034020125474	0.844416742865804	-0.2995610208920005	28.166689855976074	-122.5944370745044	-95.69809710369368	327.45125103585434	362.5077152224883	155.23568571184288	9.45535152467346	327.4512510358543	362.50771522248635	-9.216788603010678e-15	0.0	-9.216788603010678e-15	-32.38907937209919	-31.167134012879067	0.053802554173764366	16.153445249970147	3.6728201958051683	0.07534216769704737	1.6154511624357526	0.0	0.0	0.0	0.0	0.0	0.0	0.0	0.0	0.0	0.0	0.0	0.0	0.0	0.0	0.0	0.0	0.0	0.0	0.0	0.0	0.0	0.0	0.0	0.0	0.0	0.0	0.0	0.0	0.0	0.0	0.0	0.0	0.0	0.0	0.0	0.0	0.0	0.0	0.0	0.0	0.0	0.0	0.0	0.0	0.0	0.0	0.0	0.0	29498.0493142167	2904.0794298530564	123.29038499834977	29640.91414241283	-28812.53180450054	-2166.4266715821564	-6608.568504162398	29639.982644780768	0.0	0.0	0.0	0.0	0.0	0.0	0.0	0.0	0.0	0.0	0.0	0.0	0.0	0.0	0.0	0.0	0.0	0.0	0.0	0.0	0.0	0.0	0.0	0.0	0.0	0.0	0.0	0.0	28999.449408275425	2069.138693926925	5768.810125586852	29639.982644780768	0.0	0.0	0.0	0.0	0.0	0.0	0.0	0.0	0.0	0.0	0.0	0.0	0.0	0.0	0.0	0.0	0.0	0.0	0.0	0.0	0.0	0.0	0.0	0.0	0.0	0.0	0.0	0.0	0.0	0.0	0.0	0.0	0.0	0.0	0.0	0.0	0.0	0.0	0.0	0.0	0.0	0.0	0.0	0.0	0.0	0.0	0.0	0.0	0.0	0.0	0.0	0.0	0.0	0.0	0.0	0.0	0.0	0.0	0.0	0.0	0.0	0.0	0.0	0.0	0.0	0.0	0.0	0.0	0.0	0.0	0.0	0.0	0.0	0.0	0.0	0.0	0.0	0.0	0.0	0.0	0.0	0.0	0.0	0.0	0.0	0.0	0.0	0.0	0.0	0.0	0.0	0.0	0.0	0.0	0.0	0.0	0.0	0.0	0.0	0.0	28.21835788153475	-2.3816421184652468	0.12396512016491851	-0.5921702836964148	19.71588053104618	0.56073921732856	0.04340797171260368	-2.3534041132482124	0.0084932062040159
215.0	215.4903	2600.0	2578.966440207391	0.8538805933594571	-0.26952637021866016	28.150305557705916	-124.4545171530858	-98.72471070135362	341.85580642692173	376.9627139793466	158.6487137080621	8.12902095276877	341.8558064269217	376.9627139793459	0.0	0.0	0.0	-32.44393883002412	-31.232085210990245	0.03468555450042443	15.940031311392053	3.6870941270415156	0.07648931779090225	1.6096759689278184	0.0	0.0	0.0	0.0	0.0	0.0	0.0	0.0	0.0	0.0	0.0	0.0	0.0	0.0	0.0	0.0	0.0	0.0	0.0	0.0	0.0	0.0	0.0	0.0	0.0	0.0	0.0	0.0	0.0	0.0	0.0	0.0	0.0	0.0	0.0	0.0	0.0	0.0	0.0	0.0	0.0	0.0	0.0	0.0	0.0	0.0	0.0	0.0	29707.179163742552	2923.1730568886037	127.3640475450654	29850.923874946086	-28986.151882190214	-2172.5536718663666	-6790.21190166546	29850.024590677618	0.0	0.0	0.0	0.0	0.0	0.0	0.0	0.0	0.0	0.0	0.0	0.0	0.0	0.0	0.0	0.0	0.0	0.0	0.0	0.0	0.0	0.0	0.0	0.0	0.0	0.0	0.0	0.0	29177.177245464558	2085.1167727249667	5947.149241014953	29850.024590677618	0.0	0.0	0.0	0.0	0.0	0.0	0.0	0.0	0.0	0.0	0.0	0.0	0.0	0.0	0.0	0.0	0.0	0.0	0.0	0.0	0.0	0.0	0.0	0.0	0.0	0.0	0.0	0.0	0.0	0.0	0.0	0.0	0.0	0.0	0.0	0.0	0.0	0.0	0.0	0.0	0.0	0.0	0.0	0.0	0.0	0.0	0.0	0.0	0.0	0.0	0.0	0.0	0.0	0.0	0.0	0.0	0.0	0.0	0.0	0.0	0.0	0.0	0.0	0.0	0.0	0.0	0.0	0.0	0.0	0.0	0.0	0.0	0.0	0.0	0.0	0.0	0.0	0.0	0.0	0.0	0.0	0.0	0.0	0.0	0.0	0.0	0.0	0.0	0.0	0.0	0.0	0.0	0.0	0.0	0.0	0.0	0.0	0.0	0.0	0.0	28.278316030449087	-2.321683969550911	0.12425599306984715	-0.5898107037100686	19.801828136697605	0.5607921269729315	0.04341566613977346	-2.295826270518378	0.008700484899977589
216.0	216.4904	2600.0	2578.39398174566	0.8623602395981738	-0.23924226116730035	28.134216170337954	-127.20988680923757	-99.90269042942236	346.62233127636284	382.5048279388336	161.68215358195081	4.667340801559475	346.62233127636284	382.50482793883276	-1.754893577640124e-14	0.0	-1.754893577640124e-14	-32.48790409015144	-31.28665353116731	0.015114325597393419	15.721142110354062	3.6989433650728745	0.07677717765750101	1.6036163137629158	0.0	0.0	0.0	0.0	0.0	0.0	0.0	0.0	0.0	0.0	0.0	0.0	0.0	0.0	0.0	0.0	0.0	0.0	0.0	0.0	0.0	0.0	0.0	0.0	0.0	0.0	0.0	0.0	0.0	0.0	0.0	0.0	0.0	0.0	0.0	0.0	0.0	0.0	0.0	0.0	0.0	0.0	0.0	0.0	0.0	0.0	0.0	0.0	29935.40773014771	2940.761586719252	122.50458861660312	30079.756017201056	-29178.419654823418	-2179.3843025625797	-6971.6280416352665	30078.787991575686	0.0	0.0	0.0	0.0	0.0	0.0	0.0	0.0	0.0	0.0	0.0	0.0	0.0	0.0	0.0	0.0	0.0	0.0	0.0	0.0	0.0	0.0	0.0	0.0	0.0	0.0	0.0	0.0	29373.51782292547	2099.7289088779517	6125.444984461064	30078.787991575686	0.0	0.0	0.0	0.0	0.0	0.0	0.0	0.0	0.0	0.0	0.0	0.0	0.0	0.0	0.0	0.0	0.0	0.0	0.0	0.0	0.0	0.0	0.0	0.0	0.0	0.0	0.0	0.0	0.0	0.0	0.0	0.0	0.0	0.0	0.0	0.0	0.0	0.0	0.0	0.0	0.0	0.0	0.0	0.0	0.0	0.0	0.0	0.0	0.0	0.0	0.0	0.0	0.0	0.0	0.0	0.0	0.0	0.0	0.0	0.0	0.0	0.0	0.0	0.0	0.0	0.0	0.0	0.0	0.0	0.0	0.0	0.0	0.0	0.0	0.0	0.0	0.0	0.0	0.0	0.0	0.0	0.0	0.0	0.0	0.0	0.0	0.0	0.0	0.0	0.0	0.0	0.0	0.0	0.0	0.0	0.0	0.0	0.0	0.0	0.0	28.33888009813814	-2.2611199018618606	0.1245985514973931	-0.5873480417589204	19.890606520086127	0.5608450792295546	0.043417921567471866	-2.237745324576149	0.008925828061699767
217.0	217.4904	2600.0	2578.1147682818755	0.869796171284629	-0.20870392371982824	28.11846280823122	-128.5551383682055	-104.18350140636902	363.76092739881966	399.6281244709994	165.4118064100512	4.422653765024735	363.76092739881966	399.6281244710022	-2.520395550583463e-14	0.0	-2.520395550583463e-14	-32.52127396617456	-31.33085147135724	-0.005036172816278896	15.497427507678237	3.7085078854105094	0.07679953653149364	1.5973351607219253	0.0	0.0	0.0	0.0	0.0	0.0	0.0	0.0	0.0	0.0	0.0	0.0	0.0	0.0	0.0	0.0	0.0	0.0	0.0	0.0	0.0	0.0	0.0	0.0	0.0	0.0	0.0	0.0	0.0	0.0	0.0	0.0	0.0	0.0	0.0	0.0	0.0	0.0	0.0	0.0	0.0	0.0	0.0	0.0	0.0	0.0	0.0	0.0	30087.6907915946	2952.573567935948	127.4643150310946	30232.48377153764	-29297.218504623506	-2184.714412525604	-7129.682409777714	30231.31423600774	0.0	0.0	0.0	0.0	0.0	0.0	0.0	0.0	0.0	0.0	0.0	0.0	0.0	0.0	0.0	0.0	0.0	0.0	0.0	0.0	0.0	0.0	0.0	0.0	0.0	0.0	0.0	0.0	29496.02879577478	2110.5936975136015	6281.881880383119	30231.31423600774	0.0	0.0	0.0	0.0	0.0	0.0	0.0	0.0	0.0	0.0	0.0	0.0	0.0	0.0	0.0	0.0	0.0	0.0	0.0	0.0	0.0	0.0	0.0	0.0	0.0	0.0	0.0	0.0	0.0	0.0	0.0	0.0	0.0	0.0	0.0	0.0	0.0	0.0	0.0	0.0	0.0	0.0	0.0	0.0	0.0	0.0	0.0	0.0	0.0	0.0	0.0	0.0	0.0	0.0	0.0	0.0	0.0	0.0	0.0	0.0	0.0	0.0	0.0	0.0	0.0	0.0	0.0	0.0	0.0	0.0	0.0	0.0	0.0	0.0	0.0	0.0	0.0	0.0	0.0	0.0	0.0	0.0	0.0	0.0	0.0	0.0	0.0	0.0	0.0	0.0	0.0	0.0	0.0	0.0	0.0	0.0	0.0	0.0	0.0	0.0	28.40001796062474	-2.1999820393752603	0.12492885768224009	-0.5847948146974004	19.982149696984283	0.5608979839680629	0.04341890286016438	-2.1791810763554826	0.00919786197334481
218.0	218.4905	2600.0	2578.298129434366	0.8760960516925466	-0.1778697889040822	28.103084028076594	-127.51677893973327	-125.09486059640767	389.34960858738475	428.3717670037897	177.66597662650017	18.548687504866386	389.34960858738475	428.3717670037919	0.0	0.0	0.0	-32.543441395440986	-31.364635949120558	-0.025224326156838624	15.268369554061971	3.715674304236727	0.07595442595464257	1.590810791042624	0.0	0.0	0.0	0.0	0.0	0.0	0.0	0.0	0.0	0.0	0.0	0.0	0.0	0.0	0.0	0.0	0.0	0.0	0.0	0.0	0.0	0.0	0.0	0.0	0.0	0.0	0.0	0.0	0.0	0.0	0.0	0.0	0.0	0.0	0.0	0.0	0.0	0.0	0.0	0.0	0.0	0.0	0.0	0.0	0.0	0.0	0.0	0.0	30087.756362450695	2949.5582691922164	130.32084277001965	30232.266875502624	-29264.653782606758	-2175.764502583006	-7264.344709808857	30231.186153531406	0.0	0.0	0.0	0.0	0.0	0.0	0.0	0.0	0.0	0.0	0.0	0.0	0.0	0.0	0.0	0.0	0.0	0.0	0.0	0.0	0.0	0.0	0.0	0.0	0.0	0.0	0.0	0.0	29466.108217911515	2110.7166291902304	6420.121342393448	30231.186153531406	0.0	0.0	0.0	0.0	0.0	0.0	0.0	0.0	0.0	0.0	0.0	0.0	0.0	0.0	0.0	0.0	0.0	0.0	0.0	0.0	0.0	0.0	0.0	0.0	0.0	0.0	0.0	0.0	0.0	0.0	0.0	0.0	0.0	0.0	0.0	0.0	0.0	0.0	0.0	0.0	0.0	0.0	0.0	0.0	0.0	0.0	0.0	0.0	0.0	0.0	0.0	0.0	0.0	0.0	0.0	0.0	0.0	0.0	0.0	0.0	0.0	0.0	0.0	0.0	0.0	0.0	0.0	0.0	0.0	0.0	0.0	0.0	0.0	0.0	0.0	0.0	0.0	0.0	0.0	0.0	0.0	0.0	0.0	0.0	0.0	0.0	0.0	0.0	0.0	0.0	0.0	0.0	0.0	0.0	0.0	0.0	0.0	0.0	0.0	0.0	28.46173524143467	-2.1382647585653323	0.12523202525574817	-0.5821389906934273	20.076636018265464	0.5609509149230526	0.04343550495609216	-2.1201391227017234	0.009377501525384052
219.0	219.4906	2600.0	2577.6839322623655	0.881231448642722	-0.1467821206072273	28.08813007794251	-131.73138363185484	-117.79239464751299	391.48555763589843	429.5219988636772	176.57117927558645	7.129117728472919	391.48555763589843	429.5219988636764	0.0	0.0	0.0	-32.55424965940474	-31.388142801730286	-0.04500854770354792	15.03453598716421	3.7204724347846563	0.07472285817412445	1.584075269943532	0.0	0.0	0.0	0.0	0.0	0.0	0.0	0.0	0.0	0.0	0.0	0.0	0.0	0.0	0.0	0.0	0.0	0.0	0.0	0.0	0.0	0.0	0.0	0.0	0.0	0.0	0.0	0.0	0.0	0.0	0.0	0.0	0.0	0.0	0.0	0.0	0.0	0.0	0.0	0.0	0.0	0.0	0.0	0.0	0.0	0.0	0.0	0.0	30082.512992114665	2950.7770824143863	129.0275661685915	30227.16198096806	-29228.61302054121	-2175.1440104243115	-7387.376502216374	30226.088105412106	0.0	0.0	0.0	0.0	0.0	0.0	0.0	0.0	0.0	0.0	0.0	0.0	0.0	0.0	0.0	0.0	0.0	0.0	0.0	0.0	0.0	0.0	0.0	0.0	0.0	0.0	0.0	0.0	29432.89694825897	2115.623920818112	6545.6179857187535	30226.088105412106	0.0	0.0	0.0	0.0	0.0	0.0	0.0	0.0	0.0	0.0	0.0	0.0	0.0	0.0	0.0	0.0	0.0	0.0	0.0	0.0	0.0	0.0	0.0	0.0	0.0	0.0	0.0	0.0	0.0	0.0	0.0	0.0	0.0	0.0	0.0	0.0	0.0	0.0	0.0	0.0	0.0	0.0	0.0	0.0	0.0	0.0	0.0	0.0	0.0	0.0	0.0	0.0	0.0	0.0	0.0	0.0	0.0	0.0	0.0	0.0	0.0	0.0	0.0	0.0	0.0	0.0	0.0	0.0	0.0	0.0	0.0	0.0	0.0	0.0	0.0	0.0	0.0	0.0	0.0	0.0	0.0	0.0	0.0	0.0	0.0	0.0	0.0	0.0	0.0	0.0	0.0	0.0	0.0	0.0	0.0	0.0	0.0	0.0	0.0	0.0	28.52395048753556	-2.076049512464443	0.12545469179057284	-0.579381818290586	20.17417203152365	0.5610039522635677	0.04347896837479825	-2.060699746664314	0.009392684203237479
220.0	220.4907	2600.0	2577.6634595055507	0.8852472133673935	-0.11548190188444774	28.073632433704084	-131.34778195131182	-146.12663841697943	424.21850049723054	467.5110377763233	194.77509154081415	25.84372252295361	424.21850049723054	467.5110377763233	0.0	0.0	0.0	-32.555399469512395	-31.400435666947562	-0.06694575249169066	14.796288802563723	3.7230159357802775	0.07340274726133521	1.5771487460385252	0.0	0.0	0.0	0.0	0.0	0.0	0.0	0.0	0.0	0.0	0.0	0.0	0.0	0.0	0.0	0.0	0.0	0.0	0.0	0.0	0.0	0.0	0.0	0.0	0.0	0.0	0.0	0.0	0.0	0.0	0.0	0.0	0.0	0.0	0.0	0.0	0.0	0.0	0.0	0.0	0.0	0.0	0.0	0.0	0.0	0.0	0.0	0.0	30088.87973862209	2942.3416480951964	142.48961313931306	30232.736587831918	-29196.688479457785	-2157.1339519471408	-7540.410725479235	30231.732318245817	0.0	0.0	0.0	0.0	0.0	0.0	0.0	0.0	0.0	0.0	0.0	0.0	0.0	0.0	0.0	0.0	0.0	0.0	0.0	0.0	0.0	0.0	0.0	0.0	0.0	0.0	0.0	0.0	29403.389784982322	2110.754574858516	6703.95579036583	30231.732318245817	0.0	0.0	0.0	0.0	0.0	0.0	0.0	0.0	0.0	0.0	0.0	0.0	0.0	0.0	0.0	0.0	0.0	0.0	0.0	0.0	0.0	0.0	0.0	0.0	0.0	0.0	0.0	0.0	0.0	0.0	0.0	0.0	0.0	0.0	0.0	0.0	0.0	0.0	0.0	0.0	0.0	0.0	0.0	0.0	0.0	0.0	0.0	0.0	0.0	0.0	0.0	0.0	0.0	0.0	0.0	0.0	0.0	0.0	0.0	0.0	0.0	0.0	0.0	0.0	0.0	0.0	0.0	0.0	0.0	0.0	0.0	0.0	0.0	0.0	0.0	0.0	0.0	0.0	0.0	0.0	0.0	0.0	0.0	0.0	0.0	0.0	0.0	0.0	0.0	0.0	0.0	0.0	0.0	0.0	0.0	0.0	0.0	0.0	0.0	0.0	28.586584714323056	-2.013415285676942	0.12565794059461172	-0.5765435503162388	20.274080142669526	0.561057054177791	0.04342618242090607	-2.0009212479660428	0.009850495361700183
221.0	221.4908	2600.0	2577.779575021072	0.888123594071075	-0.08400568918929896	28.059635086630372	-130.65885566368704	-154.3542623398025	445.24338478421475	489.0180431844137	200.13125754041542	29.05950139112974	445.2433847842148	489.0180431844142	0.0	0.0	0.0	-32.544778179366325	-31.402954539785167	-0.0872961267158817	14.554088589841689	3.723559370169848	0.07242202473010273	1.570220674676061	0.0	0.0	0.0	0.0	0.0	0.0	0.0	0.0	0.0	0.0	0.0	0.0	0.0	0.0	0.0	0.0	0.0	0.0	0.0	0.0	0.0	0.0	0.0	0.0	0.0	0.0	0.0	0.0	0.0	0.0	0.0	0.0	0.0	0.0	0.0	0.0	0.0	0.0	0.0	0.0	0.0	0.0	0.0	0.0	0.0	0.0	0.0	0.0	30090.453101564708	2939.2227764509857	150.11503787215852	30234.036001031494	-29167.72594568405	-2155.164596435252	-7656.832718734804	30232.896959486792	0.0	0.0	0.0	0.0	0.0	0.0	0.0	0.0	0.0	0.0	0.0	0.0	0.0	0.0	0.0	0.0	0.0	0.0	0.0	0.0	0.0	0.0	0.0	0.0	0.0	0.0	0.0	0.0	29376.940777732147	2111.192452887727	6823.948675908559	30232.896959486792	0.0	0.0	0.0	0.0	0.0	0.0	0.0	0.0	0.0	0.0	0.0	0.0	0.0	0.0	0.0	0.0	0.0	0.0	0.0	0.0	0.0	0.0	0.0	0.0	0.0	0.0	0.0	0.0	0.0	0.0	0.0	0.0	0.0	0.0	0.0	0.0	0.0	0.0	0.0	0.0	0.0	0.0	0.0	0.0	0.0	0.0	0.0	0.0	0.0	0.0	0.0	0.0	0.0	0.0	0.0	0.0	0.0	0.0	0.0	0.0	0.0	0.0	0.0	0.0	0.0	0.0	0.0	0.0	0.0	0.0	0.0	0.0	0.0	0.0	0.0	0.0	0.0	0.0	0.0	0.0	0.0	0.0	0.0	0.0	0.0	0.0	0.0	0.0	0.0	0.0	0.0	0.0	0.0	0.0	0.0	0.0	0.0	0.0	0.0	0.0	28.64956249502178	-1.9504375049782223	0.12581135784076455	-0.5737015440183674	20.377262972001244	0.5611099865454453	0.04344552889324674	-1.9408032016574543	0.009984642417342302
222.0	222.4909	2600.0	2577.1481168664536	0.8898901425412163	-0.052401952829754184	28.04617235819383	-134.31112921283784	-164.14478417791904	477.6548020470913	522.6251998534792	209.91435974523844	30.314207494026054	477.6548020470913	522.6251998534802	1.2114120608092708e-15	0.0	1.2114120608092708e-15	-32.523583510998726	-31.401442793388973	-0.10117110140639794	14.308777674479813	3.722257700658046	0.07255633238212492	1.563275902259157	0.0	0.0	0.0	0.0	0.0	0.0	0.0	0.0	0.0	0.0	0.0	0.0	0.0	0.0	0.0	0.0	0.0	0.0	0.0	0.0	0.0	0.0	0.0	0.0	0.0	0.0	0.0	0.0	0.0	0.0	0.0	0.0	0.0	0.0	0.0	0.0	0.0	0.0	0.0	0.0	0.0	0.0	0.0	0.0	0.0	0.0	0.0	0.0	30097.38928892486	2937.1384240468847	185.98425616664306	30240.936068095558	-29132.685251028543	-2142.6504247078924	-7819.339148501533	30239.8142437629	0.0	0.0	0.0	0.0	0.0	0.0	0.0	0.0	0.0	0.0	0.0	0.0	0.0	0.0	0.0	0.0	0.0	0.0	0.0	0.0	0.0	0.0	0.0	0.0	0.0	0.0	0.0	0.0	29343.755503851084	2112.7528159234475	6994.759035613899	30239.8142437629	0.0	0.0	0.0	0.0	0.0	0.0	0.0	0.0	0.0	0.0	0.0	0.0	0.0	0.0	0.0	0.0	0.0	0.0	0.0	0.0	0.0	0.0	0.0	0.0	0.0	0.0	0.0	0.0	0.0	0.0	0.0	0.0	0.0	0.0	0.0	0.0	0.0	0.0	0.0	0.0	0.0	0.0	0.0	0.0	0.0	0.0	0.0	0.0	0.0	0.0	0.0	0.0	0.0	0.0	0.0	0.0	0.0	0.0	0.0	0.0	0.0	0.0	0.0	0.0	0.0	0.0	0.0	0.0	0.0	0.0	0.0	0.0	0.0	0.0	0.0	0.0	0.0	0.0	0.0	0.0	0.0	0.0	0.0	0.0	0.0	0.0	0.0	0.0	0.0	0.0	0.0	0.0	0.0	0.0	0.0	0.0	0.0	0.0	0.0	0.0	28.712796273704978	-1.8872037262950165	0.12595420210222144	-0.5708591337625657	20.483296276623623	0.5611629039134151	0.04345875136608654	-1.8804292405258198	0.010107651876276961
223.0	223.491	2600.0	2577.3049768551396	0.8905533684116851	-0.020725335766095424	28.0332840850152	-133.572959514976	-172.76831312556166	491.25282272204635	537.6057676087746	215.81103242292377	33.40993592320956	491.25282272204635	537.6057676087744	-1.4900835335251665e-15	0.0	-1.4900835335251665e-15	-32.49073957787877	-31.39032731719345	-0.11349725227316454	14.058349833895576	3.7183985389565932	0.0715924960834089	1.5561356572953406	0.0	0.0	0.0	0.0	0.0	0.0	0.0	0.0	0.0	0.0	0.0	0.0	0.0	0.0	0.0	0.0	0.0	0.0	0.0	0.0	0.0	0.0	0.0	0.0	0.0	0.0	0.0	0.0	0.0	0.0	0.0	0.0	0.0	0.0	0.0	0.0	0.0	0.0	0.0	0.0	0.0	0.0	0.0	0.0	0.0	0.0	0.0	0.0	30099.046018344954	2939.684945148111	184.90664306154926	30242.82574856103	-29102.911037550723	-2147.7774296773846	-7935.35769961645	30241.730779965055	0.0	0.0	0.0	0.0	0.0	0.0	0.0	0.0	0.0	0.0	0.0	0.0	0.0	0.0	0.0	0.0	0.0	0.0	0.0	0.0	0.0	0.0	0.0	0.0	0.0	0.0	0.0	0.0	29315.774342238794	2118.9609493755775	7117.419460579862	30241.730779965055	0.0	0.0	0.0	0.0	0.0	0.0	0.0	0.0	0.0	0.0	0.0	0.0	0.0	0.0	0.0	0.0	0.0	0.0	0.0	0.0	0.0	0.0	0.0	0.0	0.0	0.0	0.0	0.0	0.0	0.0	0.0	0.0	0.0	0.0	0.0	0.0	0.0	0.0	0.0	0.0	0.0	0.0	0.0	0.0	0.0	0.0	0.0	0.0	0.0	0.0	0.0	0.0	0.0	0.0	0.0	0.0	0.0	0.0	0.0	0.0	0.0	0.0	0.0	0.0	0.0	0.0	0.0	0.0	0.0	0.0	0.0	0.0	0.0	0.0	0.0	0.0	0.0	0.0	0.0	0.0	0.0	0.0	0.0	0.0	0.0	0.0	0.0	0.0	0.0	0.0	0.0	0.0	0.0	0.0	0.0	0.0	0.0	0.0	0.0	0.0	28.77619173245785	-1.8238082675421514	0.12607323139482995	-0.5679362627571073	20.592387196501374	0.5612160643626046	0.04349738795863525	-1.8199741029069385	0.01009909120113638
224.0	224.4911	2600.0	2577.389444770534	0.8901338319849708	0.010967897977653967	28.021005096953676	-133.54081721810053	-175.43714961509252	491.65301139833787	538.8265276927264	218.20867923065452	31.564467946715013	491.6530113983379	538.8265276927258	0.0	0.0	0.0	-32.44800892303248	-31.36749775205832	-0.1279951468647182	13.803838060534893	3.7123366785951304	0.07053545857526085	1.5489390655018018	0.0	0.0	0.0	0.0	0.0	0.0	0.0	0.0	0.0	0.0	0.0	0.0	0.0	0.0	0.0	0.0	0.0	0.0	0.0	0.0	0.0	0.0	0.0	0.0	0.0	0.0	0.0	0.0	0.0	0.0	0.0	0.0	0.0	0.0	0.0	0.0	0.0	0.0	0.0	0.0	0.0	0.0	0.0	0.0	0.0	0.0	0.0	0.0	30101.235298766078	2928.347481305756	179.30380454915996	30243.871037571833	-29076.064133522093	-2142.6253742599415	-8038.533442452592	30242.790362275453	0.0	0.0	0.0	0.0	0.0	0.0	0.0	0.0	0.0	0.0	0.0	0.0	0.0	0.0	0.0	0.0	0.0	0.0	0.0	0.0	0.0	0.0	0.0	0.0	0.0	0.0	0.0	0.0	29289.987223600234	2111.501966163563	7229.424374371968	30242.790362275453	0.0	0.0	0.0	0.0	0.0	0.0	0.0	0.0	0.0	0.0	0.0	0.0	0.0	0.0	0.0	0.0	0.0	0.0	0.0	0.0	0.0	0.0	0.0	0.0	0.0	0.0	0.0	0.0	0.0	0.0	0.0	0.0	0.0	0.0	0.0	0.0	0.0	0.0	0.0	0.0	0.0	0.0	0.0	0.0	0.0	0.0	0.0	0.0	0.0	0.0	0.0	0.0	0.0	0.0	0.0	0.0	0.0	0.0	0.0	0.0	0.0	0.0	0.0	0.0	0.0	0.0	0.0	0.0	0.0	0.0	0.0	0.0	0.0	0.0	0.0	0.0	0.0	0.0	0.0	0.0	0.0	0.0	0.0	0.0	0.0	0.0	0.0	0.0	0.0	0.0	0.0	0.0	0.0	0.0	0.0	0.0	0.0	0.0	0.0	0.0	28.839653247144614	-1.760346752855387	0.12617663893376205	-0.5649929595477365	20.70390582997461	0.5612691380774912	0.043433036855407836	-1.7594728829534911	0.010538909313187912
225.0	225.4912	2600.0	2577.1551696385213	0.8886254817421245	0.042661703541665055	28.009364646234925	-134.2833850521847	-193.0690739142301	516.7574873854152	567.7552250504255	231.82100326475117	39.581779248735984	516.7574873854152	567.7552250504252	0.0	0.0	0.0	-32.39398676562409	-31.334398087494048	-0.1416867413699816	13.545400719064869	3.7041939936695805	0.06948696864670556	1.5417546962021689	0.0	0.0	0.0	0.0	0.0	0.0	0.0	0.0	0.0	0.0	0.0	0.0	0.0	0.0	0.0	0.0	0.0	0.0	0.0	0.0	0.0	0.0	0.0	0.0	0.0	0.0	0.0	0.0	0.0	0.0	0.0	0.0	0.0	0.0	0.0	0.0	0.0	0.0	0.0	0.0	0.0	0.0	0.0	0.0	0.0	0.0	0.0	0.0	30110.161636221972	2925.4907296676297	193.18219049866883	30252.564339697066	-29046.304846727795	-2136.9289196350023	-8179.163215665014	30251.495853347526	0.0	0.0	0.0	0.0	0.0	0.0	0.0	0.0	0.0	0.0	0.0	0.0	0.0	0.0	0.0	0.0	0.0	0.0	0.0	0.0	0.0	0.0	0.0	0.0	0.0	0.0	0.0	0.0	29261.705838699687	2112.039520283644	7378.676157636363	30251.495853347526	0.0	0.0	0.0	0.0	0.0	0.0	0.0	0.0	0.0	0.0	0.0	0.0	0.0	0.0	0.0	0.0	0.0	0.0	0.0	0.0	0.0	0.0	0.0	0.0	0.0	0.0	0.0	0.0	0.0	0.0	0.0	0.0	0.0	0.0	0.0	0.0	0.0	0.0	0.0	0.0	0.0	0.0	0.0	0.0	0.0	0.0	0.0	0.0	0.0	0.0	0.0	0.0	0.0	0.0	0.0	0.0	0.0	0.0	0.0	0.0	0.0	0.0	0.0	0.0	0.0	0.0	0.0	0.0	0.0	0.0	0.0	0.0	0.0	0.0	0.0	0.0	0.0	0.0	0.0	0.0	0.0	0.0	0.0	0.0	0.0	0.0	0.0	0.0	0.0	0.0	0.0	0.0	0.0	0.0	0.0	0.0	0.0	0.0	0.0	0.0	28.903126397973434	-1.6968736020265602	0.1262779898160022	-0.5620633646987674	20.81843283651008	0.5613220403247371	0.043414560019148576	-1.698946589046825	0.010777892826693669
226.0	226.4913	2600.0	2577.263819696308	0.8860159218928034	0.07430634837090397	27.998401429102113	-133.53911517138656	-196.2421426933615	518.5450710434935	570.2917363535444	234.26547246419062	38.253918240705396	518.5450710434935	570.2917363535431	0.0	0.0	0.0	-32.3285042330009	-31.290376442047464	-0.15499844558183218	13.283195767034742	3.6938796364956876	0.06848948427131983	1.5344985112109673	0.0	0.0	0.0	0.0	0.0	0.0	0.0	0.0	0.0	0.0	0.0	0.0	0.0	0.0	0.0	0.0	0.0	0.0	0.0	0.0	0.0	0.0	0.0	0.0	0.0	0.0	0.0	0.0	0.0	0.0	0.0	0.0	0.0	0.0	0.0	0.0	0.0	0.0	0.0	0.0	0.0	0.0	0.0	0.0	0.0	0.0	0.0	0.0	30111.096862567636	2923.2340310992017	187.06152867458718	30253.238561896418	-29018.558925524692	-2143.1714693910158	-8277.430366504312	30252.037940173348	0.0	0.0	0.0	0.0	0.0	0.0	0.0	0.0	0.0	0.0	0.0	0.0	0.0	0.0	0.0	0.0	0.0	0.0	0.0	0.0	0.0	0.0	0.0	0.0	0.0	0.0	0.0	0.0	29235.267645896616	2113.575389959503	7484.498932957118	30252.037940173348	0.0	0.0	0.0	0.0	0.0	0.0	0.0	0.0	0.0	0.0	0.0	0.0	0.0	0.0	0.0	0.0	0.0	0.0	0.0	0.0	0.0	0.0	0.0	0.0	0.0	0.0	0.0	0.0	0.0	0.0	0.0	0.0	0.0	0.0	0.0	0.0	0.0	0.0	0.0	0.0	0.0	0.0	0.0	0.0	0.0	0.0	0.0	0.0	0.0	0.0	0.0	0.0	0.0	0.0	0.0	0.0	0.0	0.0	0.0	0.0	0.0	0.0	0.0	0.0	0.0	0.0	0.0	0.0	0.0	0.0	0.0	0.0	0.0	0.0	0.0	0.0	0.0	0.0	0.0	0.0	0.0	0.0	0.0	0.0	0.0	0.0	0.0	0.0	0.0	0.0	0.0	0.0	0.0	0.0	0.0	0.0	0.0	0.0	0.0	0.0	28.966521933206884	-1.6334780667931137	0.12635133002622917	-0.5591061236865433	20.936035056487345	0.5613749613564392	0.04342785266898161	-1.6385259750782801	0.010878007102838871
227.0	227.4914	2600.0	2577.3573965232554	0.8823378337564579	0.10585554082126605	27.98813972933592	-133.26744959184268	-209.00026320620233	536.2648956994476	590.7802988425694	244.11887491066224	42.98020536628609	536.2648956994476	590.780298842569	0.0	0.0	0.0	-32.25216577144454	-31.23512144060998	-0.16881860528684836	13.017077619277824	3.6812501725882636	0.06727517446223752	1.5270772694439858	0.0	0.0	0.0	0.0	0.0	0.0	0.0	0.0	0.0	0.0	0.0	0.0	0.0	0.0	0.0	0.0	0.0	0.0	0.0	0.0	0.0	0.0	0.0	0.0	0.0	0.0	0.0	0.0	0.0	0.0	0.0	0.0	0.0	0.0	0.0	0.0	0.0	0.0	0.0	0.0	0.0	0.0	0.0	0.0	0.0	0.0	0.0	0.0	30117.33654400828	2921.2152498374962	191.01812643209436	30259.2786920899	-28991.07282755769	-2145.4891453724435	-8394.5626397583	30258.124682116224	0.0	0.0	0.0	0.0	0.0	0.0	0.0	0.0	0.0	0.0	0.0	0.0	0.0	0.0	0.0	0.0	0.0	0.0	0.0	0.0	0.0	0.0	0.0	0.0	0.0	0.0	0.0	0.0	29209.112526669735	2115.2229085604085	7609.710029293927	30258.124682116224	0.0	0.0	0.0	0.0	0.0	0.0	0.0	0.0	0.0	0.0	0.0	0.0	0.0	0.0	0.0	0.0	0.0	0.0	0.0	0.0	0.0	0.0	0.0	0.0	0.0	0.0	0.0	0.0	0.0	0.0	0.0	0.0	0.0	0.0	0.0	0.0	0.0	0.0	0.0	0.0	0.0	0.0	0.0	0.0	0.0	0.0	0.0	0.0	0.0	0.0	0.0	0.0	0.0	0.0	0.0	0.0	0.0	0.0	0.0	0.0	0.0	0.0	0.0	0.0	0.0	0.0	0.0	0.0	0.0	0.0	0.0	0.0	0.0	0.0	0.0	0.0	0.0	0.0	0.0	0.0	0.0	0.0	0.0	0.0	0.0	0.0	0.0	0.0	0.0	0.0	0.0	0.0	0.0	0.0	0.0	0.0	0.0	0.0	0.0	0.0	29.029754549083652	-1.5702454509163462	0.12642835156275695	-0.5560890154946212	21.056429512936685	0.5614279936131561	0.043437359436924325	-1.5783282703937835	0.010996514339359692
228.0	228.4914	2600.0	2577.138881947942	0.8775956876033818	0.1372672020248825	27.97860832293069	-135.98797887805088	-220.0018684416209	542.6229144464985	601.109956496774	254.87345317852666	43.96675314367895	542.6229144464985	601.1099564967759	-9.996658716678485e-14	0.0	-9.996658716678485e-14	-32.16555915314703	-31.168721101044806	-0.18350728200792257	12.747577981345984	3.666623520860224	0.06635280687704033	1.5196961992666753	0.0	0.0	0.0	0.0	0.0	0.0	0.0	0.0	0.0	0.0	0.0	0.0	0.0	0.0	0.0	0.0	0.0	0.0	0.0	0.0	0.0	0.0	0.0	0.0	0.0	0.0	0.0	0.0	0.0	0.0	0.0	0.0	0.0	0.0	0.0	0.0	0.0	0.0	0.0	0.0	0.0	0.0	0.0	0.0	0.0	0.0	0.0	0.0	30126.112340482283	2915.026578673204	197.44985132240012	30267.457956516886	-28960.79300366798	-2140.3946343248695	-8530.10658179202	30266.673733475935	0.0	0.0	0.0	0.0	0.0	0.0	0.0	0.0	0.0	0.0	0.0	0.0	0.0	0.0	0.0	0.0	0.0	0.0	0.0	0.0	0.0	0.0	0.0	0.0	0.0	0.0	0.0	0.0	29180.033342514675	2113.294970505093	7754.429533244351	30266.673733475935	0.0	0.0	0.0	0.0	0.0	0.0	0.0	0.0	0.0	0.0	0.0	0.0	0.0	0.0	0.0	0.0	0.0	0.0	0.0	0.0	0.0	0.0	0.0	0.0	0.0	0.0	0.0	0.0	0.0	0.0	0.0	0.0	0.0	0.0	0.0	0.0	0.0	0.0	0.0	0.0	0.0	0.0	0.0	0.0	0.0	0.0	0.0	0.0	0.0	0.0	0.0	0.0	0.0	0.0	0.0	0.0	0.0	0.0	0.0	0.0	0.0	0.0	0.0	0.0	0.0	0.0	0.0	0.0	0.0	0.0	0.0	0.0	0.0	0.0	0.0	0.0	0.0	0.0	0.0	0.0	0.0	0.0	0.0	0.0	0.0	0.0	0.0	0.0	0.0	0.0	0.0	0.0	0.0	0.0	0.0	0.0	0.0	0.0	0.0	0.0	29.092743066399493	-1.5072569336005055	0.12650337433040273	-0.5531032816744372	21.17941848662696	0.5614808895339265	0.043384739094058544	-1.5183432851157144	0.01134274397691933
229.0	229.4914	2600.0	2577.188777049752	0.8717687479769383	0.16849003274681193	27.969843464840892	-134.10480725798698	-221.2211124590249	548.1880244922172	606.1625113152329	255.3057311793964	41.73563889849176	548.1880244922171	606.1625113152337	-9.671448847956925e-15	0.0	-9.671448847956925e-15	-32.06759255757991	-31.091467068073136	-0.19771441562171627	12.474187088326273	3.64892631543261	0.06484862584556152	1.5115031994701624	0.0	0.0	0.0	0.0	0.0	0.0	0.0	0.0	0.0	0.0	0.0	0.0	0.0	0.0	0.0	0.0	0.0	0.0	0.0	0.0	0.0	0.0	0.0	0.0	0.0	0.0	0.0	0.0	0.0	0.0	0.0	0.0	0.0	0.0	0.0	0.0	0.0	0.0	0.0	0.0	0.0	0.0	0.0	0.0	0.0	0.0	0.0	0.0	30125.205163814386	2910.7910782306794	199.3095235587982	30266.15957053681	-28931.785969955603	-2147.364056615415	-8620.460107358187	30265.02509937036	0.0	0.0	0.0	0.0	0.0	0.0	0.0	0.0	0.0	0.0	0.0	0.0	0.0	0.0	0.0	0.0	0.0	0.0	0.0	0.0	0.0	0.0	0.0	0.0	0.0	0.0	0.0	0.0	29151.978188516674	2112.9326037247747	7852.988461336419	30265.02509937036	0.0	0.0	0.0	0.0	0.0	0.0	0.0	0.0	0.0	0.0	0.0	0.0	0.0	0.0	0.0	0.0	0.0	0.0	0.0	0.0	0.0	0.0	0.0	0.0	0.0	0.0	0.0	0.0	0.0	0.0	0.0	0.0	0.0	0.0	0.0	0.0	0.0	0.0	0.0	0.0	0.0	0.0	0.0	0.0	0.0	0.0	0.0	0.0	0.0	0.0	0.0	0.0	0.0	0.0	0.0	0.0	0.0	0.0	0.0	0.0	0.0	0.0	0.0	0.0	0.0	0.0	0.0	0.0	0.0	0.0	0.0	0.0	0.0	0.0	0.0	0.0	0.0	0.0	0.0	0.0	0.0	0.0	0.0	0.0	0.0	0.0	0.0	0.0	0.0	0.0	0.0	0.0	0.0	0.0	0.0	0.0	0.0	0.0	0.0	0.0	29.15539683883164	-1.444603161168356	0.12653774949115495	-0.5498812536329242	21.305396235427413	0.5615337855369227	0.04336472915670359	-1.4589283209231583	0.01153218838731812
230.0	230.4914	2600.0	2577.603545890852	0.8648815393428727	0.1994959301636047	27.96186176040826	-131.7679491291419	-215.3315379041414	538.4946420665974	594.7326652944963	249.96453809199738	35.32977965281315	538.4946420665974	594.7326652944954	3.109278413946715e-15	0.0	3.109278413946715e-15	-31.958481939743365	-31.003159924178686	-0.21178292744034746	12.19705988174336	3.627982447381962	0.06276553602486055	1.5022911222306339	0.0	0.0	0.0	0.0	0.0	0.0	0.0	0.0	0.0	0.0	0.0	0.0	0.0	0.0	0.0	0.0	0.0	0.0	0.0	0.0	0.0	0.0	0.0	0.0	0.0	0.0	0.0	0.0	0.0	0.0	0.0	0.0	0.0	0.0	0.0	0.0	0.0	0.0	0.0	0.0	0.0	0.0	0.0	0.0	0.0	0.0	0.0	0.0	30122.054434646714	2905.691662011394	184.3753081099881	30262.43879221804	-28907.65003316349	-2160.1608843725444	-8684.232465180377	30261.10406108018	0.0	0.0	0.0	0.0	0.0	0.0	0.0	0.0	0.0	0.0	0.0	0.0	0.0	0.0	0.0	0.0	0.0	0.0	0.0	0.0	0.0	0.0	0.0	0.0	0.0	0.0	0.0	0.0	29128.517847582345	2112.5114495099156	7924.718441325788	30261.10406108018	0.0	0.0	0.0	0.0	0.0	0.0	0.0	0.0	0.0	0.0	0.0	0.0	0.0	0.0	0.0	0.0	0.0	0.0	0.0	0.0	0.0	0.0	0.0	0.0	0.0	0.0	0.0	0.0	0.0	0.0	0.0	0.0	0.0	0.0	0.0	0.0	0.0	0.0	0.0	0.0	0.0	0.0	0.0	0.0	0.0	0.0	0.0	0.0	0.0	0.0	0.0	0.0	0.0	0.0	0.0	0.0	0.0	0.0	0.0	0.0	0.0	0.0	0.0	0.0	0.0	0.0	0.0	0.0	0.0	0.0	0.0	0.0	0.0	0.0	0.0	0.0	0.0	0.0	0.0	0.0	0.0	0.0	0.0	0.0	0.0	0.0	0.0	0.0	0.0	0.0	0.0	0.0	0.0	0.0	0.0	0.0	0.0	0.0	0.0	0.0	29.217649619136917	-1.3823503808630808	0.12654410488662862	-0.546380100225188	21.43428184652237	0.5615866783065624	0.043364031859449384	-1.4001924239339782	0.011670698342451838
231.0	231.4913	2600.0	2577.204063015476	0.8569441981385177	0.23024769436457865	27.954684156126557	-133.79273574870237	-220.4479652212794	539.4765621971886	597.9404340479258	255.80739632544285	32.56343800215474	539.4765621971887	597.940434047924	0.0	0.0	0.0	-31.838856358752505	-30.903847647396073	-0.22615913919085767	11.916707914215413	3.6041424462868408	0.06059194049203421	1.4922691624833038	0.0	0.0	0.0	0.0	0.0	0.0	0.0	0.0	0.0	0.0	0.0	0.0	0.0	0.0	0.0	0.0	0.0	0.0	0.0	0.0	0.0	0.0	0.0	0.0	0.0	0.0	0.0	0.0	0.0	0.0	0.0	0.0	0.0	0.0	0.0	0.0	0.0	0.0	0.0	0.0	0.0	0.0	0.0	0.0	0.0	0.0	0.0	0.0	30125.802315286754	2900.820109257155	190.1022794935278	30265.73741580859	-28874.01255867041	-2160.7086868792467	-8806.781398714764	30264.445507435958	0.0	0.0	0.0	0.0	0.0	0.0	0.0	0.0	0.0	0.0	0.0	0.0	0.0	0.0	0.0	0.0	0.0	0.0	0.0	0.0	0.0	0.0	0.0	0.0	0.0	0.0	0.0	0.0	29095.72798284569	2113.1853969266936	8056.657029998644	30264.445507435958	0.0	0.0	0.0	0.0	0.0	0.0	0.0	0.0	0.0	0.0	0.0	0.0	0.0	0.0	0.0	0.0	0.0	0.0	0.0	0.0	0.0	0.0	0.0	0.0	0.0	0.0	0.0	0.0	0.0	0.0	0.0	0.0	0.0	0.0	0.0	0.0	0.0	0.0	0.0	0.0	0.0	0.0	0.0	0.0	0.0	0.0	0.0	0.0	0.0	0.0	0.0	0.0	0.0	0.0	0.0	0.0	0.0	0.0	0.0	0.0	0.0	0.0	0.0	0.0	0.0	0.0	0.0	0.0	0.0	0.0	0.0	0.0	0.0	0.0	0.0	0.0	0.0	0.0	0.0	0.0	0.0	0.0	0.0	0.0	0.0	0.0	0.0	0.0	0.0	0.0	0.0	0.0	0.0	0.0	0.0	0.0	0.0	0.0	0.0	0.0	29.27942610250447	-1.3205738974955317	0.12653130443869723	-0.542664081736986	21.565844722654216	0.5616395599123944	0.04335439797090817	-1.342146700705862	0.011841582409364601
232.0	232.4913	2600.0	2577.8051564221064	0.8479441774235039	0.2607177358234974	27.948334206755675	-130.6621195342559	-225.1791459100059	540.7624462381442	600.168526745118	258.183581536985	33.4585633086499	540.7624462381443	600.1685267451181	0.0	0.0	0.0	-31.708181837567537	-30.79332842967306	-0.24048544373136688	11.632924521766675	3.577167182045701	0.057962154338951424	1.4812652660328136	0.0	0.0	0.0	0.0	0.0	0.0	0.0	0.0	0.0	0.0	0.0	0.0	0.0	0.0	0.0	0.0	0.0	0.0	0.0	0.0	0.0	0.0	0.0	0.0	0.0	0.0	0.0	0.0	0.0	0.0	0.0	0.0	0.0	0.0	0.0	0.0	0.0	0.0	0.0	0.0	0.0	0.0	0.0	0.0	0.0	0.0	0.0	0.0	30128.205087198436	2895.0784812851907	177.40711152631238	30267.502283345257	-28852.929607119426	-2171.86929341477	-8879.039761695365	30266.25034970196	0.0	0.0	0.0	0.0	0.0	0.0	0.0	0.0	0.0	0.0	0.0	0.0	0.0	0.0	0.0	0.0	0.0	0.0	0.0	0.0	0.0	0.0	0.0	0.0	0.0	0.0	0.0	0.0	29075.11466825189	2113.0994125412126	8137.470622469593	30266.25034970196	0.0	0.0	0.0	0.0	0.0	0.0	0.0	0.0	0.0	0.0	0.0	0.0	0.0	0.0	0.0	0.0	0.0	0.0	0.0	0.0	0.0	0.0	0.0	0.0	0.0	0.0	0.0	0.0	0.0	0.0	0.0	0.0	0.0	0.0	0.0	0.0	0.0	0.0	0.0	0.0	0.0	0.0	0.0	0.0	0.0	0.0	0.0	0.0	0.0	0.0	0.0	0.0	0.0	0.0	0.0	0.0	0.0	0.0	0.0	0.0	0.0	0.0	0.0	0.0	0.0	0.0	0.0	0.0	0.0	0.0	0.0	0.0	0.0	0.0	0.0	0.0	0.0	0.0	0.0	0.0	0.0	0.0	0.0	0.0	0.0	0.0	0.0	0.0	0.0	0.0	0.0	0.0	0.0	0.0	0.0	0.0	0.0	0.0	0.0	0.0	29.340660990966036	-1.2593390090339616	0.1264845374292661	-0.5386805388999125	21.700270970555188	0.5616924733557047	0.0433502792641201	-1.284909007042728	0.011966648700143537
233.0	233.4912	2600.0	2577.7496641766993	0.8379080891469229	0.29085766557517156	27.942827294791755	-130.83760848783464	-236.84590591838784	553.1533856427853	615.7865953341253	268.2098810296921	35.74804418642816	553.1533856427853	615.7865953341241	0.0	0.0	0.0	-31.567176713844816	-30.671736422112176	-0.25522776326699087	11.34610170919798	3.5474467852362026	0.05526022851490932	1.469540008965664	0.0	0.0	0.0	0.0	0.0	0.0	0.0	0.0	0.0	0.0	0.0	0.0	0.0	0.0	0.0	0.0	0.0	0.0	0.0	0.0	0.0	0.0	0.0	0.0	0.0	0.0	0.0	0.0	0.0	0.0	0.0	0.0	0.0	0.0	0.0	0.0	0.0	0.0	0.0	0.0	0.0	0.0	0.0	0.0	0.0	0.0	0.0	0.0	30134.235498873506	2889.3519097163394	186.7118502985682	30273.013805612285	-28822.37570571094	-2173.798493647946	-8995.772683615938	30271.74701578079	0.0	0.0	0.0	0.0	0.0	0.0	0.0	0.0	0.0	0.0	0.0	0.0	0.0	0.0	0.0	0.0	0.0	0.0	0.0	0.0	0.0	0.0	0.0	0.0	0.0	0.0	0.0	0.0	29045.164684626052	2113.464468268703	8263.797176343965	30271.74701578079	0.0	0.0	0.0	0.0	0.0	0.0	0.0	0.0	0.0	0.0	0.0	0.0	0.0	0.0	0.0	0.0	0.0	0.0	0.0	0.0	0.0	0.0	0.0	0.0	0.0	0.0	0.0	0.0	0.0	0.0	0.0	0.0	0.0	0.0	0.0	0.0	0.0	0.0	0.0	0.0	0.0	0.0	0.0	0.0	0.0	0.0	0.0	0.0	0.0	0.0	0.0	0.0	0.0	0.0	0.0	0.0	0.0	0.0	0.0	0.0	0.0	0.0	0.0	0.0	0.0	0.0	0.0	0.0	0.0	0.0	0.0	0.0	0.0	0.0	0.0	0.0	0.0	0.0	0.0	0.0	0.0	0.0	0.0	0.0	0.0	0.0	0.0	0.0	0.0	0.0	0.0	0.0	0.0	0.0	0.0	0.0	0.0	0.0	0.0	0.0	29.401268401208522	-1.1987315987914828	0.12642532650855118	-0.5345215612085605	21.83728012232322	0.56174537418015	0.0433198695603129	-1.2284733840673798	0.012163493225689236
234.0	234.4911	2600.0	2577.8458909212413	0.8268636858291318	0.3206353201048243	27.938172758849117	-129.8300960209508	-236.0058345898178	545.1247744433235	608.0424553475933	267.52383355197156	31.394366929434913	545.1247744433234	608.0424553475909	0.0	0.0	0.0	-31.415352601923125	-30.53902198770283	-0.2698653580156836	11.05645674160045	3.515140446564969	0.05264080391683913	1.4571840667883746	0.0	0.0	0.0	0.0	0.0	0.0	0.0	0.0	0.0	0.0	0.0	0.0	0.0	0.0	0.0	0.0	0.0	0.0	0.0	0.0	0.0	0.0	0.0	0.0	0.0	0.0	0.0	0.0	0.0	0.0	0.0	0.0	0.0	0.0	0.0	0.0	0.0	0.0	0.0	0.0	0.0	0.0	0.0	0.0	0.0	0.0	0.0	0.0	30134.73943546852	2882.4859055113175	181.37698572115235	30272.828467951298	-28796.025828763504	-2182.5260314610327	-9076.789359669738	30271.48209930649	0.0	0.0	0.0	0.0	0.0	0.0	0.0	0.0	0.0	0.0	0.0	0.0	0.0	0.0	0.0	0.0	0.0	0.0	0.0	0.0	0.0	0.0	0.0	0.0	0.0	0.0	0.0	0.0	29019.096868998546	2112.9928774957075	8354.035342034653	30271.48209930649	0.0	0.0	0.0	0.0	0.0	0.0	0.0	0.0	0.0	0.0	0.0	0.0	0.0	0.0	0.0	0.0	0.0	0.0	0.0	0.0	0.0	0.0	0.0	0.0	0.0	0.0	0.0	0.0	0.0	0.0	0.0	0.0	0.0	0.0	0.0	0.0	0.0	0.0	0.0	0.0	0.0	0.0	0.0	0.0	0.0	0.0	0.0	0.0	0.0	0.0	0.0	0.0	0.0	0.0	0.0	0.0	0.0	0.0	0.0	0.0	0.0	0.0	0.0	0.0	0.0	0.0	0.0	0.0	0.0	0.0	0.0	0.0	0.0	0.0	0.0	0.0	0.0	0.0	0.0	0.0	0.0	0.0	0.0	0.0	0.0	0.0	0.0	0.0	0.0	0.0	0.0	0.0	0.0	0.0	0.0	0.0	0.0	0.0	0.0	0.0	29.461179155244466	-1.1388208447555395	0.1263574303734291	-0.5302167309360709	21.977073470927287	0.5617982721643979	0.04330544690367392	-1.172880243648092	0.012326970360992279
235.0	235.4909	2600.0	2578.213459349824	0.8148229851581239	0.3500130941152648	27.93438373947319	-127.92481309494909	-245.85941806135452	562.0723045496856	626.6872320357578	275.0712500402914	33.87356869476571	562.0723045496854	626.6872320357593	-3.72180763688822e-14	0.0	-3.72180763688822e-14	-31.252869739781662	-30.395530177342977	-0.2841101987278971	10.764345699331722	3.4805742262900834	0.05044016560279943	1.4444116986668218	0.0	0.0	0.0	0.0	0.0	0.0	0.0	0.0	0.0	0.0	0.0	0.0	0.0	0.0	0.0	0.0	0.0	0.0	0.0	0.0	0.0	0.0	0.0	0.0	0.0	0.0	0.0	0.0	0.0	0.0	0.0	0.0	0.0	0.0	0.0	0.0	0.0	0.0	0.0	0.0	0.0	0.0	0.0	0.0	0.0	0.0	0.0	0.0	30139.547586268487	2873.1023056550907	181.83064062943689	30276.72551557672	-28770.33552182352	-2187.0459945187067	-9169.498371062513	30275.321246806918	0.0	0.0	0.0	0.0	0.0	0.0	0.0	0.0	0.0	0.0	0.0	0.0	0.0	0.0	0.0	0.0	0.0	0.0	0.0	0.0	0.0	0.0	0.0	0.0	0.0	0.0	0.0	0.0	28993.474407366743	2110.3921648082824	8456.935810176428	30275.321246806918	0.0	0.0	0.0	0.0	0.0	0.0	0.0	0.0	0.0	0.0	0.0	0.0	0.0	0.0	0.0	0.0	0.0	0.0	0.0	0.0	0.0	0.0	0.0	0.0	0.0	0.0	0.0	0.0	0.0	0.0	0.0	0.0	0.0	0.0	0.0	0.0	0.0	0.0	0.0	0.0	0.0	0.0	0.0	0.0	0.0	0.0	0.0	0.0	0.0	0.0	0.0	0.0	0.0	0.0	0.0	0.0	0.0	0.0	0.0	0.0	0.0	0.0	0.0	0.0	0.0	0.0	0.0	0.0	0.0	0.0	0.0	0.0	0.0	0.0	0.0	0.0	0.0	0.0	0.0	0.0	0.0	0.0	0.0	0.0	0.0	0.0	0.0	0.0	0.0	0.0	0.0	0.0	0.0	0.0	0.0	0.0	0.0	0.0	0.0	0.0	29.520318921579054	-1.0796810784209467	0.12628400011835533	-0.5258323865466239	22.119594500601615	0.5618510288713916	0.04331261658495666	-1.1181376544922015	0.01241510981234232
236.0	236.4908	2600.0	2578.5082037279844	0.8018025977243767	0.3789492606637248	27.931470923436034	-125.76333410324695	-256.6807922224362	559.7495795702989	628.5069905178691	283.45000778317984	36.84478780531206	559.749579570299	628.5069905178699	-1.1939032204348558e-15	0.0	-1.1939032204348558e-15	-31.08018230542067	-30.240654878237496	-0.29902835211211226	10.469434269087152	3.4432265295497437	0.04808521902569955	1.4308415921885371	0.0	0.0	0.0	0.0	0.0	0.0	0.0	0.0	0.0	0.0	0.0	0.0	0.0	0.0	0.0	0.0	0.0	0.0	0.0	0.0	0.0	0.0	0.0	0.0	0.0	0.0	0.0	0.0	0.0	0.0	0.0	0.0	0.0	0.0	0.0	0.0	0.0	0.0	0.0	0.0	0.0	0.0	0.0	0.0	0.0	0.0	0.0	0.0	30144.98157161905	2869.7541037336523	181.5084034647449	30281.815465220654	-28746.711429832696	-2199.006620779991	-9257.170690238148	30280.426967539817	0.0	0.0	0.0	0.0	0.0	0.0	0.0	0.0	0.0	0.0	0.0	0.0	0.0	0.0	0.0	0.0	0.0	0.0	0.0	0.0	0.0	0.0	0.0	0.0	0.0	0.0	0.0	0.0	28970.246726850914	2113.97755721321	8553.371312499847	30280.426967539817	0.0	0.0	0.0	0.0	0.0	0.0	0.0	0.0	0.0	0.0	0.0	0.0	0.0	0.0	0.0	0.0	0.0	0.0	0.0	0.0	0.0	0.0	0.0	0.0	0.0	0.0	0.0	0.0	0.0	0.0	0.0	0.0	0.0	0.0	0.0	0.0	0.0	0.0	0.0	0.0	0.0	0.0	0.0	0.0	0.0	0.0	0.0	0.0	0.0	0.0	0.0	0.0	0.0	0.0	0.0	0.0	0.0	0.0	0.0	0.0	0.0	0.0	0.0	0.0	0.0	0.0	0.0	0.0	0.0	0.0	0.0	0.0	0.0	0.0	0.0	0.0	0.0	0.0	0.0	0.0	0.0	0.0	0.0	0.0	0.0	0.0	0.0	0.0	0.0	0.0	0.0	0.0	0.0	0.0	0.0	0.0	0.0	0.0	0.0	0.0	29.578609418338335	-1.0213905816616597	0.12620019995548473	-0.5212441055696241	22.264610385474402	0.5619038881401013	0.04327540575243185	-1.0644475972400433	0.012630734283651007
237.0	237.4907	2600.0	2578.57394244388	0.7878101847890474	0.4074153015493942	27.929443021297004	-125.42966005673041	-247.35405990032086	545.5001329973697	611.9534505755047	276.00518393448147	27.16190369634205	545.5001329973696	611.9534505755028	0.0	0.0	0.0	-30.89668897049167	-30.075128870642224	-0.31316046652910157	10.172260359401276	3.4036144947728055	0.04614243571680255	1.4168043663782681	0.0	0.0	0.0	0.0	0.0	0.0	0.0	0.0	0.0	0.0	0.0	0.0	0.0	0.0	0.0	0.0	0.0	0.0	0.0	0.0	0.0	0.0	0.0	0.0	0.0	0.0	0.0	0.0	0.0	0.0	0.0	0.0	0.0	0.0	0.0	0.0	0.0	0.0	0.0	0.0	0.0	0.0	0.0	0.0	0.0	0.0	0.0	0.0	30140.598940187378	2856.820973360884	179.2405748619015	30276.21604049515	-28714.813809826595	-2202.970629655766	-9336.948708952945	30274.943813684495	0.0	0.0	0.0	0.0	0.0	0.0	0.0	0.0	0.0	0.0	0.0	0.0	0.0	0.0	0.0	0.0	0.0	0.0	0.0	0.0	0.0	0.0	0.0	0.0	0.0	0.0	0.0	0.0	28937.961052071932	2108.596782992507	8644.099298207664	30274.943813684495	0.0	0.0	0.0	0.0	0.0	0.0	0.0	0.0	0.0	0.0	0.0	0.0	0.0	0.0	0.0	0.0	0.0	0.0	0.0	0.0	0.0	0.0	0.0	0.0	0.0	0.0	0.0	0.0	0.0	0.0	0.0	0.0	0.0	0.0	0.0	0.0	0.0	0.0	0.0	0.0	0.0	0.0	0.0	0.0	0.0	0.0	0.0	0.0	0.0	0.0	0.0	0.0	0.0	0.0	0.0	0.0	0.0	0.0	0.0	0.0	0.0	0.0	0.0	0.0	0.0	0.0	0.0	0.0	0.0	0.0	0.0	0.0	0.0	0.0	0.0	0.0	0.0	0.0	0.0	0.0	0.0	0.0	0.0	0.0	0.0	0.0	0.0	0.0	0.0	0.0	0.0	0.0	0.0	0.0	0.0	0.0	0.0	0.0	0.0	0.0	29.635986645886916	-0.9640133541130885	0.12610047585399858	-0.5165547932485137	22.412394368514093	0.5619566411043194	0.04327765508352626	-1.0117718439374137	0.012684847786476801
238.0	238.4905	2600.0	2578.897155304841	0.7728803273660276	0.43537507541438847	27.928300204554503	-123.33279364733244	-248.13825642415028	542.4989562242292	609.1704932073216	276.0097840723174	24.539180638857943	542.4989562242292	609.1704932073222	1.2058414489143557e-14	0.0	1.2058414489143557e-14	-30.703335372540977	-29.898323549431243	-0.3280760865260828	9.872556046689592	3.3613525343837805	0.04413947823130848	1.4020004056352948	0.0	0.0	0.0	0.0	0.0	0.0	0.0	0.0	0.0	0.0	0.0	0.0	0.0	0.0	0.0	0.0	0.0	0.0	0.0	0.0	0.0	0.0	0.0	0.0	0.0	0.0	0.0	0.0	0.0	0.0	0.0	0.0	0.0	0.0	0.0	0.0	0.0	0.0	0.0	0.0	0.0	0.0	0.0	0.0	0.0	0.0	0.0	0.0	30140.715669343943	2853.929813396806	187.52594088450434	30276.109763616183	-28685.52646797623	-2216.322654443687	-9422.888388063231	30274.780600814636	0.0	0.0	0.0	0.0	0.0	0.0	0.0	0.0	0.0	0.0	0.0	0.0	0.0	0.0	0.0	0.0	0.0	0.0	0.0	0.0	0.0	0.0	0.0	0.0	0.0	0.0	0.0	0.0	28908.926076703337	2113.3352187784153	8739.001531767493	30274.780600814636	0.0	0.0	0.0	0.0	0.0	0.0	0.0	0.0	0.0	0.0	0.0	0.0	0.0	0.0	0.0	0.0	0.0	0.0	0.0	0.0	0.0	0.0	0.0	0.0	0.0	0.0	0.0	0.0	0.0	0.0	0.0	0.0	0.0	0.0	0.0	0.0	0.0	0.0	0.0	0.0	0.0	0.0	0.0	0.0	0.0	0.0	0.0	0.0	0.0	0.0	0.0	0.0	0.0	0.0	0.0	0.0	0.0	0.0	0.0	0.0	0.0	0.0	0.0	0.0	0.0	0.0	0.0	0.0	0.0	0.0	0.0	0.0	0.0	0.0	0.0	0.0	0.0	0.0	0.0	0.0	0.0	0.0	0.0	0.0	0.0	0.0	0.0	0.0	0.0	0.0	0.0	0.0	0.0	0.0	0.0	0.0	0.0	0.0	0.0	0.0	29.69237938721859	-0.9076206127814112	0.12598623691311164	-0.5116636020361437	22.56251882020081	0.5620095184897478	0.043242802886322165	-0.9602823163554577	0.012899622207631328
239.0	239.4903	2600.0	2579.4240014867564	0.7570129052034796	0.4628246341078668	27.92804532882932	-120.91660874576156	-219.74589227795144	480.8434964309676	542.3279003550955	250.7080449674504	7.386449228706625	480.8434964309676	542.3279003550964	0.0	0.0	0.0	-30.499300314768647	-29.710627622887674	-0.34246890353795834	9.570689531909597	3.317084633459823	0.04252281821591804	1.3868917714645028	0.0	0.0	0.0	0.0	0.0	0.0	0.0	0.0	0.0	0.0	0.0	0.0	0.0	0.0	0.0	0.0	0.0	0.0	0.0	0.0	0.0	0.0	0.0	0.0	0.0	0.0	0.0	0.0	0.0	0.0	0.0	0.0	0.0	0.0	0.0	0.0	0.0	0.0	0.0	0.0	0.0	0.0	0.0	0.0	0.0	0.0	0.0	0.0	30124.123700316082	2844.2964920775544	166.68486045767085	30258.563004371106	-28650.482221885297	-2230.5594578002797	-9469.45844637306	30257.167255196484	0.0	0.0	0.0	0.0	0.0	0.0	0.0	0.0	0.0	0.0	0.0	0.0	0.0	0.0	0.0	0.0	0.0	0.0	0.0	0.0	0.0	0.0	0.0	0.0	0.0	0.0	0.0	0.0	28873.41993605519	2112.390023517613	8795.430625824292	30257.167255196484	0.0	0.0	0.0	0.0	0.0	0.0	0.0	0.0	0.0	0.0	0.0	0.0	0.0	0.0	0.0	0.0	0.0	0.0	0.0	0.0	0.0	0.0	0.0	0.0	0.0	0.0	0.0	0.0	0.0	0.0	0.0	0.0	0.0	0.0	0.0	0.0	0.0	0.0	0.0	0.0	0.0	0.0	0.0	0.0	0.0	0.0	0.0	0.0	0.0	0.0	0.0	0.0	0.0	0.0	0.0	0.0	0.0	0.0	0.0	0.0	0.0	0.0	0.0	0.0	0.0	0.0	0.0	0.0	0.0	0.0	0.0	0.0	0.0	0.0	0.0	0.0	0.0	0.0	0.0	0.0	0.0	0.0	0.0	0.0	0.0	0.0	0.0	0.0	0.0	0.0	0.0	0.0	0.0	0.0	0.0	0.0	0.0	0.0	0.0	0.0	29.747749927822507	-0.8522500721774906	0.12586697407714031	-0.5067206073054906	22.715341028468444	0.5620623972801059	0.0432376352823755	-0.9098674396838863	0.01302237714658902
240.0	240.4902	2600.0	2579.7545268005806	0.7402260319167199	0.48970061940531373	27.928685060135614	-119.30837772320407	-212.29939666976495	449.25120478997644	511.0109273063877	243.52612188022619	0.7421477379284626	449.25120478997644	511.01092730638646	0.0	0.0	0.0	-30.285340372230397	-29.51237467038661	-0.3566901599633079	9.266904024492273	3.2711326565207957	0.04151949501145338	1.3717139604309607	0.0	0.0	0.0	0.0	0.0	0.0	0.0	0.0	0.0	0.0	0.0	0.0	0.0	0.0	0.0	0.0	0.0	0.0	0.0	0.0	0.0	0.0	0.0	0.0	0.0	0.0	0.0	0.0	0.0	0.0	0.0	0.0	0.0	0.0	0.0	0.0	0.0	0.0	0.0	0.0	0.0	0.0	0.0	0.0	0.0	0.0	0.0	0.0	30119.905618128305	2833.25304817307	173.17289663660048	30253.36388126234	-28615.0475729187	-2235.5197038835054	-9559.33266581318	30252.261683426834	0.0	0.0	0.0	0.0	0.0	0.0	0.0	0.0	0.0	0.0	0.0	0.0	0.0	0.0	0.0	0.0	0.0	0.0	0.0	0.0	0.0	0.0	0.0	0.0	0.0	0.0	0.0	0.0	28837.586982833862	2109.2243896737364	8896.296220564558	30252.261683426834	0.0	0.0	0.0	0.0	0.0	0.0	0.0	0.0	0.0	0.0	0.0	0.0	0.0	0.0	0.0	0.0	0.0	0.0	0.0	0.0	0.0	0.0	0.0	0.0	0.0	0.0	0.0	0.0	0.0	0.0	0.0	0.0	0.0	0.0	0.0	0.0	0.0	0.0	0.0	0.0	0.0	0.0	0.0	0.0	0.0	0.0	0.0	0.0	0.0	0.0	0.0	0.0	0.0	0.0	0.0	0.0	0.0	0.0	0.0	0.0	0.0	0.0	0.0	0.0	0.0	0.0	0.0	0.0	0.0	0.0	0.0	0.0	0.0	0.0	0.0	0.0	0.0	0.0	0.0	0.0	0.0	0.0	0.0	0.0	0.0	0.0	0.0	0.0	0.0	0.0	0.0	0.0	0.0	0.0	0.0	0.0	0.0	0.0	0.0	0.0	29.802000648413404	-0.7979993515865973	0.12574294640918154	-0.5017868544094591	22.870546357104683	0.5621151474997961	0.04323309060996729	-0.86056365976519	0.013129144493391887
241.0	241.49	2600.0	2579.899621666907	0.7225514058301561	0.5159423872864328	27.930218618826007	-118.06650442671162	-152.75331123669093	313.89854549296604	368.5180734019916	190.5840649785459	-30.83808907130514	313.89854549296604	368.518073401992	-1.1222405390772414e-14	0.0	-1.1222405390772414e-14	-30.061341504502966	-29.303058115087296	-0.37113212580815524	8.96090090489184	3.2232369881345377	0.040662992666847746	1.3563422213554286	0.0	0.0	0.0	0.0	0.0	0.0	0.0	0.0	0.0	0.0	0.0	0.0	0.0	0.0	0.0	0.0	0.0	0.0	0.0	0.0	0.0	0.0	0.0	0.0	0.0	0.0	0.0	0.0	0.0	0.0	0.0	0.0	0.0	0.0	0.0	0.0	0.0	0.0	0.0	0.0	0.0	0.0	0.0	0.0	0.0	0.0	0.0	0.0	30084.42716303008	2823.8462585525654	166.9123157639241	30217.12635478028	-28558.936269551898	-2249.0020564041047	-9608.384659345322	30215.75593725862	0.0	0.0	0.0	0.0	0.0	0.0	0.0	0.0	0.0	0.0	0.0	0.0	0.0	0.0	0.0	0.0	0.0	0.0	0.0	0.0	0.0	0.0	0.0	0.0	0.0	0.0	0.0	0.0	28780.922158361856	2108.789843585461	8955.636882426943	30215.75593725862	0.0	0.0	0.0	0.0	0.0	0.0	0.0	0.0	0.0	0.0	0.0	0.0	0.0	0.0	0.0	0.0	0.0	0.0	0.0	0.0	0.0	0.0	0.0	0.0	0.0	0.0	0.0	0.0	0.0	0.0	0.0	0.0	0.0	0.0	0.0	0.0	0.0	0.0	0.0	0.0	0.0	0.0	0.0	0.0	0.0	0.0	0.0	0.0	0.0	0.0	0.0	0.0	0.0	0.0	0.0	0.0	0.0	0.0	0.0	0.0	0.0	0.0	0.0	0.0	0.0	0.0	0.0	0.0	0.0	0.0	0.0	0.0	0.0	0.0	0.0	0.0	0.0	0.0	0.0	0.0	0.0	0.0	0.0	0.0	0.0	0.0	0.0	0.0	0.0	0.0	0.0	0.0	0.0	0.0	0.0	0.0	0.0	0.0	0.0	0.0	29.85503710008152	-0.7449628999184804	0.12560558945258138	-0.4968314588338817	23.028153998162587	0.5621680230988949	0.043206997182110234	-0.8124963178460378	0.013275948322235703
242.0	242.4898	2600.0	2579.8668796476873	0.7040122235022606	0.5414751921062702	27.93264754547388	-117.7468132601771	-28.29563284002142	4.2307394981953195	121.17282710016258	79.48425060499359	-91.36306024048825	4.2307394981953195	121.17282710016339	0.0	0.0	0.0	-29.827252065500357	-29.08324989104889	-0.3850835687739167	8.653121470894988	3.1740163866974056	0.040460036596795076	1.3412378854842713	0.0	0.0	0.0	0.0	0.0	0.0	0.0	0.0	0.0	0.0	0.0	0.0	0.0	0.0	0.0	0.0	0.0	0.0	0.0	0.0	0.0	0.0	0.0	0.0	0.0	0.0	0.0	0.0	0.0	0.0	0.0	0.0	0.0	0.0	0.0	0.0	0.0	0.0	0.0	0.0	0.0	0.0	0.0	0.0	0.0	0.0	0.0	0.0	30011.665020967626	2803.1910492694515	166.9328906986375	30142.75674153698	-28463.229996194143	-2249.8721634358994	-9658.469461897117	30141.390460867075	0.0	0.0	0.0	0.0	0.0	0.0	0.0	0.0	0.0	0.0	0.0	0.0	0.0	0.0	0.0	0.0	0.0	0.0	0.0	0.0	0.0	0.0	0.0	0.0	0.0	0.0	0.0	0.0	28683.94315217063	2097.935224664465	9018.508299636087	30141.390460867075	0.0	0.0	0.0	0.0	0.0	0.0	0.0	0.0	0.0	0.0	0.0	0.0	0.0	0.0	0.0	0.0	0.0	0.0	0.0	0.0	0.0	0.0	0.0	0.0	0.0	0.0	0.0	0.0	0.0	0.0	0.0	0.0	0.0	0.0	0.0	0.0	0.0	0.0	0.0	0.0	0.0	0.0	0.0	0.0	0.0	0.0	0.0	0.0	0.0	0.0	0.0	0.0	0.0	0.0	0.0	0.0	0.0	0.0	0.0	0.0	0.0	0.0	0.0	0.0	0.0	0.0	0.0	0.0	0.0	0.0	0.0	0.0	0.0	0.0	0.0	0.0	0.0	0.0	0.0	0.0	0.0	0.0	0.0	0.0	0.0	0.0	0.0	0.0	0.0	0.0	0.0	0.0	0.0	0.0	0.0	0.0	0.0	0.0	0.0	0.0	29.90675168502233	-0.6932483149776694	0.1254527508551688	-0.4920100652226106	23.188193921987097	0.5622206355265811	0.04320324388339783	-0.7656176850190446	0.013327507830408822
243.0	243.4897	2600.0	2580.2253566264617	0.6845186320507782	0.5664553621063412	27.935970080246125	-115.95597270016694	64.50181737620005	-227.81876303988523	263.6430557452593	-5.961759187543068	-132.5546282747782	-227.81876303988525	263.64305574525997	-4.560677053988108e-15	0.0	-4.560677053988108e-15	-29.583531112084444	-28.852387586235192	-0.3995893396524026	8.343038549500724	3.1228277444050754	0.04013234344615205	1.3257239398919884	0.0	0.0	0.0	0.0	0.0	0.0	0.0	0.0	0.0	0.0	0.0	0.0	0.0	0.0	0.0	0.0	0.0	0.0	0.0	0.0	0.0	0.0	0.0	0.0	0.0	0.0	0.0	0.0	0.0	0.0	0.0	0.0	0.0	0.0	0.0	0.0	0.0	0.0	0.0	0.0	0.0	0.0	0.0	0.0	0.0	0.0	0.0	0.0	29957.6718341005	2796.520001808123	156.6892479722389	30088.32294031359	-28391.417597224525	-2267.9640329072777	-9695.539194975909	30086.869799230793	0.0	0.0	0.0	0.0	0.0	0.0	0.0	0.0	0.0	0.0	0.0	0.0	0.0	0.0	0.0	0.0	0.0	0.0	0.0	0.0	0.0	0.0	0.0	0.0	0.0	0.0	0.0	0.0	28611.57559145205	2100.7067309133436	9065.567148346903	30086.869799230793	0.0	0.0	0.0	0.0	0.0	0.0	0.0	0.0	0.0	0.0	0.0	0.0	0.0	0.0	0.0	0.0	0.0	0.0	0.0	0.0	0.0	0.0	0.0	0.0	0.0	0.0	0.0	0.0	0.0	0.0	0.0	0.0	0.0	0.0	0.0	0.0	0.0	0.0	0.0	0.0	0.0	0.0	0.0	0.0	0.0	0.0	0.0	0.0	0.0	0.0	0.0	0.0	0.0	0.0	0.0	0.0	0.0	0.0	0.0	0.0	0.0	0.0	0.0	0.0	0.0	0.0	0.0	0.0	0.0	0.0	0.0	0.0	0.0	0.0	0.0	0.0	0.0	0.0	0.0	0.0	0.0	0.0	0.0	0.0	0.0	0.0	0.0	0.0	0.0	0.0	0.0	0.0	0.0	0.0	0.0	0.0	0.0	0.0	0.0	0.0	29.957272717163004	-0.6427272828369973	0.1252731411290137	-0.4870936157926578	23.350441609550778	0.5622733638370677	0.04316098142292575	-0.7200278130615503	0.01351190936799897
244.0	244.4897	2600.0	2580.1784918398644	0.6641830997258051	0.5907943555969107	27.940159813488734	-115.63745569981621	63.234486525838285	-234.41855214886337	268.92876201418613	-7.267617137906199	-131.59712454324836	-234.41855214886337	268.928762014188	-4.600774638506927e-15	0.0	-4.600774638506927e-15	-29.330197817161345	-28.611147411200143	-0.4139333926808396	8.030827851595145	3.0700131441035676	0.03984597978238359	1.3101377750301626	0.0	0.0	0.0	0.0	0.0	0.0	0.0	0.0	0.0	0.0	0.0	0.0	0.0	0.0	0.0	0.0	0.0	0.0	0.0	0.0	0.0	0.0	0.0	0.0	0.0	0.0	0.0	0.0	0.0	0.0	0.0	0.0	0.0	0.0	0.0	0.0	0.0	0.0	0.0	0.0	0.0	0.0	0.0	0.0	0.0	0.0	0.0	0.0	29957.436999809466	2788.1714512745734	166.99259072410462	30087.369744871554	-28361.071463003635	-2278.8846112978667	-9778.80795824107	30086.022912398515	0.0	0.0	0.0	0.0	0.0	0.0	0.0	0.0	0.0	0.0	0.0	0.0	0.0	0.0	0.0	0.0	0.0	0.0	0.0	0.0	0.0	0.0	0.0	0.0	0.0	0.0	0.0	0.0	28580.831980036408	2100.4784928953104	9159.301726397085	30086.022912398515	0.0	0.0	0.0	0.0	0.0	0.0	0.0	0.0	0.0	0.0	0.0	0.0	0.0	0.0	0.0	0.0	0.0	0.0	0.0	0.0	0.0	0.0	0.0	0.0	0.0	0.0	0.0	0.0	0.0	0.0	0.0	0.0	0.0	0.0	0.0	0.0	0.0	0.0	0.0	0.0	0.0	0.0	0.0	0.0	0.0	0.0	0.0	0.0	0.0	0.0	0.0	0.0	0.0	0.0	0.0	0.0	0.0	0.0	0.0	0.0	0.0	0.0	0.0	0.0	0.0	0.0	0.0	0.0	0.0	0.0	0.0	0.0	0.0	0.0	0.0	0.0	0.0	0.0	0.0	0.0	0.0	0.0	0.0	0.0	0.0	0.0	0.0	0.0	0.0	0.0	0.0	0.0	0.0	0.0	0.0	0.0	0.0	0.0	0.0	0.0	30.00647951693974	-0.5935204830602564	0.12510318416591035	-0.4821798508729837	23.514882624096334	0.5623262529015397	0.043130999809806315	-0.675750586868398	0.013670833797059693
245.0	245.4896	2600.0	2580.5556315564904	0.6430997970650225	0.6143549610438417	27.945199165866505	-113.38473580642672	72.98147386693746	-251.49661060317067	285.36457205926337	-19.366215536545493	-133.44415887357172	-251.49661060317072	285.36457205926223	0.0	0.0	0.0	-29.06690149021391	-28.359527406100373	-0.4277143295735012	7.71678432409343	3.015844996534734	0.039854467307467514	1.29477445542288	0.0	0.0	0.0	0.0	0.0	0.0	0.0	0.0	0.0	0.0	0.0	0.0	0.0	0.0	0.0	0.0	0.0	0.0	0.0	0.0	0.0	0.0	0.0	0.0	0.0	0.0	0.0	0.0	0.0	0.0	0.0	0.0	0.0	0.0	0.0	0.0	0.0	0.0	0.0	0.0	0.0	0.0	0.0	0.0	0.0	0.0	0.0	0.0	29949.569422889286	2778.502808450055	155.85474891388444	30078.58170153289	-28338.17324350037	-2295.918147567493	-9813.920554424205	30077.17306475992	0.0	0.0	0.0	0.0	0.0	0.0	0.0	0.0	0.0	0.0	0.0	0.0	0.0	0.0	0.0	0.0	0.0	0.0	0.0	0.0	0.0	0.0	0.0	0.0	0.0	0.0	0.0	0.0	28557.012711654188	2098.764467508749	9204.811364925614	30077.17306475992	0.0	0.0	0.0	0.0	0.0	0.0	0.0	0.0	0.0	0.0	0.0	0.0	0.0	0.0	0.0	0.0	0.0	0.0	0.0	0.0	0.0	0.0	0.0	0.0	0.0	0.0	0.0	0.0	0.0	0.0	0.0	0.0	0.0	0.0	0.0	0.0	0.0	0.0	0.0	0.0	0.0	0.0	0.0	0.0	0.0	0.0	0.0	0.0	0.0	0.0	0.0	0.0	0.0	0.0	0.0	0.0	0.0	0.0	0.0	0.0	0.0	0.0	0.0	0.0	0.0	0.0	0.0	0.0	0.0	0.0	0.0	0.0	0.0	0.0	0.0	0.0	0.0	0.0	0.0	0.0	0.0	0.0	0.0	0.0	0.0	0.0	0.0	0.0	0.0	0.0	0.0	0.0	0.0	0.0	0.0	0.0	0.0	0.0	0.0	0.0	30.054202845087403	-0.5457971549126022	0.12494595683383052	-0.477361734511859	23.681657212504827	0.5623791403013609	0.04312815552788155	-0.6328625848033236	0.0137319397631263
246.0	246.4895	2600.0	2580.87674078694	0.6213217963377876	0.637143204621228	27.951058707271628	-110.99642525932724	72.36278171919547	-207.28018917568681	246.01149449405375	-22.077340355892375	-130.6490323014259	-207.28018917568681	246.01149449405293	0.0	0.0	0.0	-28.794448093484952	-28.0975970207151	-0.44163757115765184	7.400940777488284	2.960518157687481	0.04015497061477869	1.2797479361494157	0.0	0.0	0.0	0.0	0.0	0.0	0.0	0.0	0.0	0.0	0.0	0.0	0.0	0.0	0.0	0.0	0.0	0.0	0.0	0.0	0.0	0.0	0.0	0.0	0.0	0.0	0.0	0.0	0.0	0.0	0.0	0.0	0.0	0.0	0.0	0.0	0.0	0.0	0.0	0.0	0.0	0.0	0.0	0.0	0.0	0.0	0.0	0.0	30451.58838939151	2817.718986368212	161.61944356495403	30582.10091814494	-28789.175316612473	-2350.809435136896	-10042.555543347418	30580.97189842396	0.0	0.0	0.0	0.0	0.0	0.0	0.0	0.0	0.0	0.0	0.0	0.0	0.0	0.0	0.0	0.0	0.0	0.0	0.0	0.0	0.0	0.0	0.0	0.0	0.0	0.0	0.0	0.0	29011.102418523602	2134.7639620403024	9433.692889876347	30580.97189842396	0.0	0.0	0.0	0.0	0.0	0.0	0.0	0.0	0.0	0.0	0.0	0.0	0.0	0.0	0.0	0.0	0.0	0.0	0.0	0.0	0.0	0.0	0.0	0.0	0.0	0.0	0.0	0.0	0.0	0.0	0.0	0.0	0.0	0.0	0.0	0.0	0.0	0.0	0.0	0.0	0.0	0.0	0.0	0.0	0.0	0.0	0.0	0.0	0.0	0.0	0.0	0.0	0.0	0.0	0.0	0.0	0.0	0.0	0.0	0.0	0.0	0.0	0.0	0.0	0.0	0.0	0.0	0.0	0.0	0.0	0.0	0.0	0.0	0.0	0.0	0.0	0.0	0.0	0.0	0.0	0.0	0.0	0.0	0.0	0.0	0.0	0.0	0.0	0.0	0.0	0.0	0.0	0.0	0.0	0.0	0.0	0.0	0.0	0.0	0.0	30.100420433765443	-0.49957956623455513	0.12483837128930646	-0.472659842175509	23.850414370683314	0.5624320223286192	0.04310669977572958	-0.5913657750879489	0.013839687669911163
247.0	247.4894	2600.0	2580.791056023031	0.5993630207267573	0.6592200457475196	27.957545978956784	-111.58797067867273	91.12669097913749	-118.18799068510775	186.34470787005102	-41.461771103073254	-137.97416622682428	-118.18799068510779	186.34470787004955	3.7988227704489486e-15	0.0	3.7988227704489486e-15	-28.51299003106878	-27.825735105086164	-0.4554316945082385	7.083528014811854	2.904780763540921	0.04111661873858953	1.265601748283612	0.0	0.0	0.0	0.0	0.0	0.0	0.0	0.0	0.0	0.0	0.0	0.0	0.0	0.0	0.0	0.0	0.0	0.0	0.0	0.0	0.0	0.0	0.0	0.0	0.0	0.0	0.0	0.0	0.0	0.0	0.0	0.0	0.0	0.0	0.0	0.0	0.0	0.0	0.0	0.0	0.0	0.0	0.0	0.0	0.0	0.0	0.0	0.0	31825.33778150587	2937.1388529312153	161.36444833075657	31960.99103647332	-30068.679180100164	-2476.958655604167	-10543.216925772776	31959.66543881934	0.0	0.0	0.0	0.0	0.0	0.0	0.0	0.0	0.0	0.0	0.0	0.0	0.0	0.0	0.0	0.0	0.0	0.0	0.0	0.0	0.0	0.0	0.0	0.0	0.0	0.0	0.0	0.0	30299.85022869041	2231.226722597561	9917.707315330452	31959.66543881934	0.0	0.0	0.0	0.0	0.0	0.0	0.0	0.0	0.0	0.0	0.0	0.0	0.0	0.0	0.0	0.0	0.0	0.0	0.0	0.0	0.0	0.0	0.0	0.0	0.0	0.0	0.0	0.0	0.0	0.0	0.0	0.0	0.0	0.0	0.0	0.0	0.0	0.0	0.0	0.0	0.0	0.0	0.0	0.0	0.0	0.0	0.0	0.0	0.0	0.0	0.0	0.0	0.0	0.0	0.0	0.0	0.0	0.0	0.0	0.0	0.0	0.0	0.0	0.0	0.0	0.0	0.0	0.0	0.0	0.0	0.0	0.0	0.0	0.0	0.0	0.0	0.0	0.0	0.0	0.0	0.0	0.0	0.0	0.0	0.0	0.0	0.0	0.0	0.0	0.0	0.0	0.0	0.0	0.0	0.0	0.0	0.0	0.0	0.0	0.0	30.145166490201518	-0.4548335097984833	0.12514387180356318	-0.46813367496086034	24.02105413632399	0.5624849084615318	0.043112699248434944	-0.5511710885577282	0.013949209291520092
248.0	248.4894	2600.0	2580.347302830217	0.5772312039381121	0.680561414419138	27.964645906866604	-115.12316692560125	95.85170224663304	-54.49179666609675	159.4059230093295	-46.96308914859037	-142.25104795458904	-54.49179666609675	159.40592300933005	3.589476325636666e-14	0.0	3.589476325636666e-14	-28.222468877502504	-27.544504686951896	-0.46844413919465744	6.764744378387923	2.848881322712033	0.04291107350018277	1.2524718322254627	0.0	0.0	0.0	0.0	0.0	0.0	0.0	0.0	0.0	0.0	0.0	0.0	0.0	0.0	0.0	0.0	0.0	0.0	0.0	0.0	0.0	0.0	0.0	0.0	0.0	0.0	0.0	0.0	0.0	0.0	0.0	0.0	0.0	0.0	0.0	0.0	0.0	0.0	0.0	0.0	0.0	0.0	0.0	0.0	0.0	0.0	0.0	0.0	32713.347822351796	2999.918215298916	166.08382029323124	32851.03071259734	-30883.747779313868	-2554.500546063601	-10897.92101984493	32849.597143509855	0.0	0.0	0.0	0.0	0.0	0.0	0.0	0.0	0.0	0.0	0.0	0.0	0.0	0.0	0.0	0.0	0.0	0.0	0.0	0.0	0.0	0.0	0.0	0.0	0.0	0.0	0.0	0.0	31120.027299542988	2282.255412052765	10267.971737434154	32849.597143509855	0.0	0.0	0.0	0.0	0.0	0.0	0.0	0.0	0.0	0.0	0.0	0.0	0.0	0.0	0.0	0.0	0.0	0.0	0.0	0.0	0.0	0.0	0.0	0.0	0.0	0.0	0.0	0.0	0.0	0.0	0.0	0.0	0.0	0.0	0.0	0.0	0.0	0.0	0.0	0.0	0.0	0.0	0.0	0.0	0.0	0.0	0.0	0.0	0.0	0.0	0.0	0.0	0.0	0.0	0.0	0.0	0.0	0.0	0.0	0.0	0.0	0.0	0.0	0.0	0.0	0.0	0.0	0.0	0.0	0.0	0.0	0.0	0.0	0.0	0.0	0.0	0.0	0.0	0.0	0.0	0.0	0.0	0.0	0.0	0.0	0.0	0.0	0.0	0.0	0.0	0.0	0.0	0.0	0.0	0.0	0.0	0.0	0.0	0.0	0.0	30.188389772524026	-0.41161022747597187	0.12584537507571625	-0.46381781355521606	24.193596683168337	0.5625375469940339	0.0431949414641746	-0.5122951747882932	0.013923303247918751
249.0	249.4894	2600.0	2580.3399605682985	0.554250642772304	0.7010840308470363	27.972581535318078	-114.69080731863866	100.03099828351695	-74.90170592163481	169.61853510441935	-53.50441246867195	-142.46915366977186	-74.90170592163481	169.61853510442162	0.0	0.0	0.0	-27.923182378562675	-27.2528995164833	-0.4819941756291232	6.444356712136732	2.7915504430704785	0.04480277375367972	1.2392594595781121	0.0	0.0	0.0	0.0	0.0	0.0	0.0	0.0	0.0	0.0	0.0	0.0	0.0	0.0	0.0	0.0	0.0	0.0	0.0	0.0	0.0	0.0	0.0	0.0	0.0	0.0	0.0	0.0	0.0	0.0	0.0	0.0	0.0	0.0	0.0	0.0	0.0	0.0	0.0	0.0	0.0	0.0	0.0	0.0	0.0	0.0	0.0	0.0	32707.425798468925	2991.4577341891313	165.0571596533447	32844.356678183605	-30856.610730403918	-2574.5853769125783	-10950.080216037912	32843.00796772968	0.0	0.0	0.0	0.0	0.0	0.0	0.0	0.0	0.0	0.0	0.0	0.0	0.0	0.0	0.0	0.0	0.0	0.0	0.0	0.0	0.0	0.0	0.0	0.0	0.0	0.0	0.0	0.0	31092.065081087236	2281.4673168295867	10331.581110557589	32843.00796772968	0.0	0.0	0.0	0.0	0.0	0.0	0.0	0.0	0.0	0.0	0.0	0.0	0.0	0.0	0.0	0.0	0.0	0.0	0.0	0.0	0.0	0.0	0.0	0.0	0.0	0.0	0.0	0.0	0.0	0.0	0.0	0.0	0.0	0.0	0.0	0.0	0.0	0.0	0.0	0.0	0.0	0.0	0.0	0.0	0.0	0.0	0.0	0.0	0.0	0.0	0.0	0.0	0.0	0.0	0.0	0.0	0.0	0.0	0.0	0.0	0.0	0.0	0.0	0.0	0.0	0.0	0.0	0.0	0.0	0.0	0.0	0.0	0.0	0.0	0.0	0.0	0.0	0.0	0.0	0.0	0.0	0.0	0.0	0.0	0.0	0.0	0.0	0.0	0.0	0.0	0.0	0.0	0.0	0.0	0.0	0.0	0.0	0.0	0.0	0.0	30.22997985380491	-0.3700201461950919	0.12642108251150028	-0.45948301664252234	24.367936940199737	0.5625898093694314	0.0432329103135252	-0.4750707882325258	0.01403796865593917
250.0	250.4894	2600.0	2579.686727483452	0.5303562638990479	0.7207229561568378	27.981368692435687	-118.04736996944122	108.67707178975976	-95.20978379304084	186.57650017999669	-63.01131982182778	-147.56510788058588	-95.20978379304084	186.5765001799937	6.1287716025841964e-15	0.0	6.1287716025841964e-15	-27.615259467918396	-26.95090701221231	-0.4962468849235907	6.121693940304583	2.7318264214600103	0.045734208984298114	1.225236152380647	0.0	0.0	0.0	0.0	0.0	0.0	0.0	0.0	0.0	0.0	0.0	0.0	0.0	0.0	0.0	0.0	0.0	0.0	0.0	0.0	0.0	0.0	0.0	0.0	0.0	0.0	0.0	0.0	0.0	0.0	0.0	0.0	0.0	0.0	0.0	0.0	0.0	0.0	0.0	0.0	0.0	0.0	0.0	0.0	0.0	0.0	0.0	0.0	32698.026987696732	2992.9981231296733	170.93121574948304	32835.16749056899	-30816.370522595513	-2601.538512165904	-11029.108036704582	32833.79233200878	0.0	0.0	0.0	0.0	0.0	0.0	0.0	0.0	0.0	0.0	0.0	0.0	0.0	0.0	0.0	0.0	0.0	0.0	0.0	0.0	0.0	0.0	0.0	0.0	0.0	0.0	0.0	0.0	31051.74709851626	2291.1319080563526	10421.01893344175	32833.79233200878	0.0	0.0	0.0	0.0	0.0	0.0	0.0	0.0	0.0	0.0	0.0	0.0	0.0	0.0	0.0	0.0	0.0	0.0	0.0	0.0	0.0	0.0	0.0	0.0	0.0	0.0	0.0	0.0	0.0	0.0	0.0	0.0	0.0	0.0	0.0	0.0	0.0	0.0	0.0	0.0	0.0	0.0	0.0	0.0	0.0	0.0	0.0	0.0	0.0	0.0	0.0	0.0	0.0	0.0	0.0	0.0	0.0	0.0	0.0	0.0	0.0	0.0	0.0	0.0	0.0	0.0	0.0	0.0	0.0	0.0	0.0	0.0	0.0	0.0	0.0	0.0	0.0	0.0	0.0	0.0	0.0	0.0	0.0	0.0	0.0	0.0	0.0	0.0	0.0	0.0	0.0	0.0	0.0	0.0	0.0	0.0	0.0	0.0	0.0	0.0	30.269846442979357	-0.33015355702063687	0.12680188481861931	-0.45493049217066095	24.543994101323477	0.5626425850909198	0.04322751802980853	-0.4397862514713144	0.014313919733191079
251.0	251.4895	2600.0	2580.3961860611516	0.5056275855482076	0.7394776669103932	27.99096410184219	-114.34490714859565	95.87456849327646	-94.34413170166896	176.54321244707987	-54.61240586041095	-138.8674756763794	-94.34413170166896	176.54321244707745	0.0	0.0	0.0	-27.2978768459951	-26.639342520979078	-0.5095048953622616	5.797358818611527	2.670908583994242	0.04656281625206053	1.2113405002297977	0.0	0.0	0.0	0.0	0.0	0.0	0.0	0.0	0.0	0.0	0.0	0.0	0.0	0.0	0.0	0.0	0.0	0.0	0.0	0.0	0.0	0.0	0.0	0.0	0.0	0.0	0.0	0.0	0.0	0.0	0.0	0.0	0.0	0.0	0.0	0.0	0.0	0.0	0.0	0.0	0.0	0.0	0.0	0.0	0.0	0.0	0.0	0.0	32704.263747367353	2986.158873938538	161.0671709504391	32840.70575842314	-30814.370631785063	-2628.824743176184	-11044.828189269565	32839.37250761404	0.0	0.0	0.0	0.0	0.0	0.0	0.0	0.0	0.0	0.0	0.0	0.0	0.0	0.0	0.0	0.0	0.0	0.0	0.0	0.0	0.0	0.0	0.0	0.0	0.0	0.0	0.0	0.0	31048.558474955094	2292.2245967978556	10447.827990494741	32839.37250761404	0.0	0.0	0.0	0.0	0.0	0.0	0.0	0.0	0.0	0.0	0.0	0.0	0.0	0.0	0.0	0.0	0.0	0.0	0.0	0.0	0.0	0.0	0.0	0.0	0.0	0.0	0.0	0.0	0.0	0.0	0.0	0.0	0.0	0.0	0.0	0.0	0.0	0.0	0.0	0.0	0.0	0.0	0.0	0.0	0.0	0.0	0.0	0.0	0.0	0.0	0.0	0.0	0.0	0.0	0.0	0.0	0.0	0.0	0.0	0.0	0.0	0.0	0.0	0.0	0.0	0.0	0.0	0.0	0.0	0.0	0.0	0.0	0.0	0.0	0.0	0.0	0.0	0.0	0.0	0.0	0.0	0.0	0.0	0.0	0.0	0.0	0.0	0.0	0.0	0.0	0.0	0.0	0.0	0.0	0.0	0.0	0.0	0.0	0.0	0.0	30.30796504051195	-0.2920349594880563	0.12703855100553196	-0.4504603921324266	24.722113598317847	0.562695411081487	0.043280988829594635	-0.40616719664038126	0.01439947955042045
252.0	252.4895	2600.0	2580.2394228493936	0.4801444599636267	0.7573319380223896	28.001324498411464	-115.68553719548795	110.72097820013731	-122.97524966277813	201.9039141755962	-70.78278386798773	-143.63869965194678	-122.97524966277813	201.90391417559752	1.154849071449728e-14	0.0	1.154849071449728e-14	-26.97190968754229	-26.318086152187554	-0.5227441579178381	5.471501276223716	2.60911434545868	0.04743175107708919	1.1977923915128328	0.0	0.0	0.0	0.0	0.0	0.0	0.0	0.0	0.0	0.0	0.0	0.0	0.0	0.0	0.0	0.0	0.0	0.0	0.0	0.0	0.0	0.0	0.0	0.0	0.0	0.0	0.0	0.0	0.0	0.0	0.0	0.0	0.0	0.0	0.0	0.0	0.0	0.0	0.0	0.0	0.0	0.0	0.0	0.0	0.0	0.0	0.0	0.0	32693.92184595999	2979.5509900132756	153.1181742304552	32829.768426644565	-30790.68259359788	-2654.807266691833	-11071.433575337449	32828.200950038074	0.0	0.0	0.0	0.0	0.0	0.0	0.0	0.0	0.0	0.0	0.0	0.0	0.0	0.0	0.0	0.0	0.0	0.0	0.0	0.0	0.0	0.0	0.0	0.0	0.0	0.0	0.0	0.0	31023.777161117156	2293.964421347301	10485.883630243972	32828.200950038074	0.0	0.0	0.0	0.0	0.0	0.0	0.0	0.0	0.0	0.0	0.0	0.0	0.0	0.0	0.0	0.0	0.0	0.0	0.0	0.0	0.0	0.0	0.0	0.0	0.0	0.0	0.0	0.0	0.0	0.0	0.0	0.0	0.0	0.0	0.0	0.0	0.0	0.0	0.0	0.0	0.0	0.0	0.0	0.0	0.0	0.0	0.0	0.0	0.0	0.0	0.0	0.0	0.0	0.0	0.0	0.0	0.0	0.0	0.0	0.0	0.0	0.0	0.0	0.0	0.0	0.0	0.0	0.0	0.0	0.0	0.0	0.0	0.0	0.0	0.0	0.0	0.0	0.0	0.0	0.0	0.0	0.0	0.0	0.0	0.0	0.0	0.0	0.0	0.0	0.0	0.0	0.0	0.0	0.0	0.0	0.0	0.0	0.0	0.0	0.0	30.344296528591812	-0.25570347140818933	0.12718093965884558	-0.4461351507316906	24.90190958447394	0.5627482095453671	0.04331795796457765	-0.3741904848361015	0.01451541062877648
253.0	253.4895	2600.0	2580.014327627162	0.45396911108377497	0.7742140384552305	28.012416366362373	-115.6433853114322	105.97855048560815	-115.45717001921825	194.76961733844843	-68.74394498491894	-140.99331812972014	-115.45717001921827	194.769617338446	6.044954180323301e-15	0.0	6.044954180323301e-15	-26.63745463827872	-25.987480403051656	-0.5357117876406439	5.144125941087249	2.5463909137459626	0.04821895996012728	1.1845352856323175	0.0	0.0	0.0	0.0	0.0	0.0	0.0	0.0	0.0	0.0	0.0	0.0	0.0	0.0	0.0	0.0	0.0	0.0	0.0	0.0	0.0	0.0	0.0	0.0	0.0	0.0	0.0	0.0	0.0	0.0	0.0	0.0	0.0	0.0	0.0	0.0	0.0	0.0	0.0	0.0	0.0	0.0	0.0	0.0	0.0	0.0	0.0	0.0	32692.43800780964	2969.8278184160345	160.63647884718802	32827.445594256205	-30768.88344033413	-2674.838391964359	-11120.018553813703	32825.809376543264	0.0	0.0	0.0	0.0	0.0	0.0	0.0	0.0	0.0	0.0	0.0	0.0	0.0	0.0	0.0	0.0	0.0	0.0	0.0	0.0	0.0	0.0	0.0	0.0	0.0	0.0	0.0	0.0	31000.851310172813	2291.44065307007	10546.576648522974	32825.809376543264	0.0	0.0	0.0	0.0	0.0	0.0	0.0	0.0	0.0	0.0	0.0	0.0	0.0	0.0	0.0	0.0	0.0	0.0	0.0	0.0	0.0	0.0	0.0	0.0	0.0	0.0	0.0	0.0	0.0	0.0	0.0	0.0	0.0	0.0	0.0	0.0	0.0	0.0	0.0	0.0	0.0	0.0	0.0	0.0	0.0	0.0	0.0	0.0	0.0	0.0	0.0	0.0	0.0	0.0	0.0	0.0	0.0	0.0	0.0	0.0	0.0	0.0	0.0	0.0	0.0	0.0	0.0	0.0	0.0	0.0	0.0	0.0	0.0	0.0	0.0	0.0	0.0	0.0	0.0	0.0	0.0	0.0	0.0	0.0	0.0	0.0	0.0	0.0	0.0	0.0	0.0	0.0	0.0	0.0	0.0	0.0	0.0	0.0	0.0	0.0	30.378746911365493	-0.22125308863450496	0.12724270386178113	-0.441933145580895	25.083321070713897	0.5628010926212257	0.04335981479854203	-0.3439719425390828	0.014593737083559459
254.0	254.4895	2600.0	2580.1212287951084	0.42717820448595095	0.7900945362480211	28.024194077473133	-116.12450995915788	93.82534596797632	-113.14405237780882	187.3223797300722	-59.35485333130054	-136.98576110415883	-113.14405237780883	187.32237973007454	1.0264629659288163e-14	0.0	1.0264629659288163e-14	-26.294623145223227	-25.647344790567306	-0.5486899251634663	4.815405133350891	2.483044766704549	0.04908371936796959	1.1717782749637216	0.0	0.0	0.0	0.0	0.0	0.0	0.0	0.0	0.0	0.0	0.0	0.0	0.0	0.0	0.0	0.0	0.0	0.0	0.0	0.0	0.0	0.0	0.0	0.0	0.0	0.0	0.0	0.0	0.0	0.0	0.0	0.0	0.0	0.0	0.0	0.0	0.0	0.0	0.0	0.0	0.0	0.0	0.0	0.0	0.0	0.0	0.0	0.0	32698.31073938316	2963.293718347747	154.00988703159803	32832.672049587476	-30757.17636710366	-2699.7320198059992	-11162.316567662674	32831.231506183285	0.0	0.0	0.0	0.0	0.0	0.0	0.0	0.0	0.0	0.0	0.0	0.0	0.0	0.0	0.0	0.0	0.0	0.0	0.0	0.0	0.0	0.0	0.0	0.0	0.0	0.0	0.0	0.0	30988.14036214653	2292.1722836670806	10600.51250319984	32831.231506183285	0.0	0.0	0.0	0.0	0.0	0.0	0.0	0.0	0.0	0.0	0.0	0.0	0.0	0.0	0.0	0.0	0.0	0.0	0.0	0.0	0.0	0.0	0.0	0.0	0.0	0.0	0.0	0.0	0.0	0.0	0.0	0.0	0.0	0.0	0.0	0.0	0.0	0.0	0.0	0.0	0.0	0.0	0.0	0.0	0.0	0.0	0.0	0.0	0.0	0.0	0.0	0.0	0.0	0.0	0.0	0.0	0.0	0.0	0.0	0.0	0.0	0.0	0.0	0.0	0.0	0.0	0.0	0.0	0.0	0.0	0.0	0.0	0.0	0.0	0.0	0.0	0.0	0.0	0.0	0.0	0.0	0.0	0.0	0.0	0.0	0.0	0.0	0.0	0.0	0.0	0.0	0.0	0.0	0.0	0.0	0.0	0.0	0.0	0.0	0.0	30.411266025732193	-0.1887339742678087	0.12726040921898069	-0.4379176208244476	25.26628290527228	0.5628539792864016	0.04339012396447951	-0.3154989536999706	0.014693164953861528
255.0	255.4894	2600.0	2579.8772680831066	0.3998214197312779	0.804966265899845	28.036617413315348	-116.70376999141445	86.3366681053958	-100.93911097804316	176.8120310238756	-54.34152189788437	-134.61348070521487	-100.93911097804317	176.81203102387923	-9.456561240868806e-15	0.0	-9.456561240868806e-15	-25.943743400621983	-25.29824818340908	-0.561434021122333	4.485432117119045	2.419161939879091	0.05004032361309545	1.1595484940271095	0.0	0.0	0.0	0.0	0.0	0.0	0.0	0.0	0.0	0.0	0.0	0.0	0.0	0.0	0.0	0.0	0.0	0.0	0.0	0.0	0.0	0.0	0.0	0.0	0.0	0.0	0.0	0.0	0.0	0.0	0.0	0.0	0.0	0.0	0.0	0.0	0.0	0.0	0.0	0.0	0.0	0.0	0.0	0.0	0.0	0.0	0.0	0.0	32698.8994663323	2956.102492693114	163.80236487880316	32832.65751460508	-30737.14209174901	-2723.2570047987792	-11211.848085460319	32831.28949910427	0.0	0.0	0.0	0.0	0.0	0.0	0.0	0.0	0.0	0.0	0.0	0.0	0.0	0.0	0.0	0.0	0.0	0.0	0.0	0.0	0.0	0.0	0.0	0.0	0.0	0.0	0.0	0.0	30967.110740456785	2291.902835219087	10662.02625940281	32831.28949910427	0.0	0.0	0.0	0.0	0.0	0.0	0.0	0.0	0.0	0.0	0.0	0.0	0.0	0.0	0.0	0.0	0.0	0.0	0.0	0.0	0.0	0.0	0.0	0.0	0.0	0.0	0.0	0.0	0.0	0.0	0.0	0.0	0.0	0.0	0.0	0.0	0.0	0.0	0.0	0.0	0.0	0.0	0.0	0.0	0.0	0.0	0.0	0.0	0.0	0.0	0.0	0.0	0.0	0.0	0.0	0.0	0.0	0.0	0.0	0.0	0.0	0.0	0.0	0.0	0.0	0.0	0.0	0.0	0.0	0.0	0.0	0.0	0.0	0.0	0.0	0.0	0.0	0.0	0.0	0.0	0.0	0.0	0.0	0.0	0.0	0.0	0.0	0.0	0.0	0.0	0.0	0.0	0.0	0.0	0.0	0.0	0.0	0.0	0.0	0.0	30.441827247863703	-0.15817275213629503	0.12724087267301892	-0.4340929857692277	25.450636324819772	0.5629068572732303	0.04342462992435081	-0.28879388967410985	0.01478485153425551
256.0	256.4894	2600.0	2580.372436442421	0.3719433788236409	0.8187876158635422	28.049649580531263	-113.92452152215265	92.55065947666661	-109.98983627861028	183.41806142856493	-63.373775751701025	-132.39405470258131	-109.98983627861031	183.41806142856402	2.2155274677863518e-14	0.0	2.2155274677863518e-14	-25.58457236341014	-24.94004713332919	-0.5738474249634349	4.154294512535807	2.354658266559708	0.051036304059433955	1.1477080541675564	0.0	0.0	0.0	0.0	0.0	0.0	0.0	0.0	0.0	0.0	0.0	0.0	0.0	0.0	0.0	0.0	0.0	0.0	0.0	0.0	0.0	0.0	0.0	0.0	0.0	0.0	0.0	0.0	0.0	0.0	0.0	0.0	0.0	0.0	0.0	0.0	0.0	0.0	0.0	0.0	0.0	0.0	0.0	0.0	0.0	0.0	0.0	0.0	32692.833234193924	2948.642323675596	148.1962850827316	32825.870872997395	-30730.33796252229	-2751.8022107876295	-11203.19509183019	32824.34564410604	0.0	0.0	0.0	0.0	0.0	0.0	0.0	0.0	0.0	0.0	0.0	0.0	0.0	0.0	0.0	0.0	0.0	0.0	0.0	0.0	0.0	0.0	0.0	0.0	0.0	0.0	0.0	0.0	30958.69234837585	2291.276036394917	10665.22804104061	32824.34564410604	0.0	0.0	0.0	0.0	0.0	0.0	0.0	0.0	0.0	0.0	0.0	0.0	0.0	0.0	0.0	0.0	0.0	0.0	0.0	0.0	0.0	0.0	0.0	0.0	0.0	0.0	0.0	0.0	0.0	0.0	0.0	0.0	0.0	0.0	0.0	0.0	0.0	0.0	0.0	0.0	0.0	0.0	0.0	0.0	0.0	0.0	0.0	0.0	0.0	0.0	0.0	0.0	0.0	0.0	0.0	0.0	0.0	0.0	0.0	0.0	0.0	0.0	0.0	0.0	0.0	0.0	0.0	0.0	0.0	0.0	0.0	0.0	0.0	0.0	0.0	0.0	0.0	0.0	0.0	0.0	0.0	0.0	0.0	0.0	0.0	0.0	0.0	0.0	0.0	0.0	0.0	0.0	0.0	0.0	0.0	0.0	0.0	0.0	0.0	0.0	30.47037052090629	-0.12962947909371178	0.12719021713171472	-0.4304086364479864	25.636464123077264	0.5629597325413017	0.04347610151816398	-0.2639674565548086	0.014831331306718643
257.0	257.4893	2600.0	2579.993642348409	0.34358532732095554	0.8315571511002106	28.063249890824064	-116.47300001642358	78.9460197960798	-107.49017349086147	177.06657271084316	-51.84088485794562	-130.80885456120447	-107.49017349086147	177.06657271084399	-2.897769005081541e-15	0.0	-2.897769005081541e-15	-25.217943202775515	-24.573031493612202	-0.5864781317269199	3.822072008542274	2.289830037940543	0.052142545915042506	1.1364767775574698	0.0	0.0	0.0	0.0	0.0	0.0	0.0	0.0	0.0	0.0	0.0	0.0	0.0	0.0	0.0	0.0	0.0	0.0	0.0	0.0	0.0	0.0	0.0	0.0	0.0	0.0	0.0	0.0	0.0	0.0	0.0	0.0	0.0	0.0	0.0	0.0	0.0	0.0	0.0	0.0	0.0	0.0	0.0	0.0	0.0	0.0	0.0	0.0	32697.01471108618	2942.873507319868	155.52776482119313	32829.5516932946	-30708.38382508126	-2776.3280291246656	-11268.144734624586	32828.09650641144	0.0	0.0	0.0	0.0	0.0	0.0	0.0	0.0	0.0	0.0	0.0	0.0	0.0	0.0	0.0	0.0	0.0	0.0	0.0	0.0	0.0	0.0	0.0	0.0	0.0	0.0	0.0	0.0	30935.98774988691	2292.1102394126738	10742.197765052055	32828.09650641144	0.0	0.0	0.0	0.0	0.0	0.0	0.0	0.0	0.0	0.0	0.0	0.0	0.0	0.0	0.0	0.0	0.0	0.0	0.0	0.0	0.0	0.0	0.0	0.0	0.0	0.0	0.0	0.0	0.0	0.0	0.0	0.0	0.0	0.0	0.0	0.0	0.0	0.0	0.0	0.0	0.0	0.0	0.0	0.0	0.0	0.0	0.0	0.0	0.0	0.0	0.0	0.0	0.0	0.0	0.0	0.0	0.0	0.0	0.0	0.0	0.0	0.0	0.0	0.0	0.0	0.0	0.0	0.0	0.0	0.0	0.0	0.0	0.0	0.0	0.0	0.0	0.0	0.0	0.0	0.0	0.0	0.0	0.0	0.0	0.0	0.0	0.0	0.0	0.0	0.0	0.0	0.0	0.0	0.0	0.0	0.0	0.0	0.0	0.0	0.0	30.496877377319784	-0.10312262268021759	0.12712095365711248	-0.42693543604322043	25.82339623403638	0.5630126149940345	0.043503943459438	-0.2409673313629301	0.01494684955107324
258.0	258.4893	2600.0	2580.2609280061015	0.3147623861631658	0.8432743108686743	28.077386191893236	-114.43321587025639	63.03061490271647	-90.13964684349837	158.72295121529794	-38.927556613947665	-124.7095210699299	-90.13964684349837	158.72295121529842	-4.0855868827864575e-14	0.0	-4.0855868827864575e-14	-24.843421901279527	-24.197459674830405	-0.5986445064026042	3.4888585253939457	2.224920355940229	0.05342599935552472	1.1259716429859765	0.0	0.0	0.0	0.0	0.0	0.0	0.0	0.0	0.0	0.0	0.0	0.0	0.0	0.0	0.0	0.0	0.0	0.0	0.0	0.0	0.0	0.0	0.0	0.0	0.0	0.0	0.0	0.0	0.0	0.0	0.0	0.0	0.0	0.0	0.0	0.0	0.0	0.0	0.0	0.0	0.0	0.0	0.0	0.0	0.0	0.0	0.0	0.0	32702.83880665261	2937.2438629555404	151.90786811036125	32834.83125470219	-30705.165726111863	-2804.882604832608	-11285.620810727858	32833.51650034492	0.0	0.0	0.0	0.0	0.0	0.0	0.0	0.0	0.0	0.0	0.0	0.0	0.0	0.0	0.0	0.0	0.0	0.0	0.0	0.0	0.0	0.0	0.0	0.0	0.0	0.0	0.0	0.0	30931.491681954685	2292.296858828936	10771.629552606812	32833.51650034492	0.0	0.0	0.0	0.0	0.0	0.0	0.0	0.0	0.0	0.0	0.0	0.0	0.0	0.0	0.0	0.0	0.0	0.0	0.0	0.0	0.0	0.0	0.0	0.0	0.0	0.0	0.0	0.0	0.0	0.0	0.0	0.0	0.0	0.0	0.0	0.0	0.0	0.0	0.0	0.0	0.0	0.0	0.0	0.0	0.0	0.0	0.0	0.0	0.0	0.0	0.0	0.0	0.0	0.0	0.0	0.0	0.0	0.0	0.0	0.0	0.0	0.0	0.0	0.0	0.0	0.0	0.0	0.0	0.0	0.0	0.0	0.0	0.0	0.0	0.0	0.0	0.0	0.0	0.0	0.0	0.0	0.0	0.0	0.0	0.0	0.0	0.0	0.0	0.0	0.0	0.0	0.0	0.0	0.0	0.0	0.0	0.0	0.0	0.0	0.0	30.521331497394755	-0.07866850260524672	0.1270404590586974	-0.423709191986278	26.011595803981844	0.5630655032297578	0.04355233107854101	-0.21977443211956033	0.01499938174291104
259.0	259.4893	2600.0	2579.3687897686186	0.28549090136122623	0.8538312460098385	28.092032130599915	-117.9322653333111	69.04447963293569	-110.08484644358843	175.481716400706	-46.37284026790439	-128.54850858690043	-110.08484644358849	175.48171640070504	0.0	0.0	0.0	-24.460534209089747	-23.81398123814288	-0.609191608465246	3.155400349646352	2.1535608066474556	0.053325535461432906	1.1098709287965982	0.0	0.0	0.0	0.0	0.0	0.0	0.0	0.0	0.0	0.0	0.0	0.0	0.0	0.0	0.0	0.0	0.0	0.0	0.0	0.0	0.0	0.0	0.0	0.0	0.0	0.0	0.0	0.0	0.0	0.0	0.0	0.0	0.0	0.0	0.0	0.0	0.0	0.0	0.0	0.0	0.0	0.0	0.0	0.0	0.0	0.0	0.0	0.0	32582.72595184981	3150.8905672981055	138.85429646289853	32735.018288311392	-30580.285214329848	-3051.4565944649744	-11269.798502706495	32733.37118949513	0.0	0.0	0.0	0.0	0.0	0.0	0.0	0.0	0.0	0.0	0.0	0.0	0.0	0.0	0.0	0.0	0.0	0.0	0.0	0.0	0.0	0.0	0.0	0.0	0.0	0.0	0.0	0.0	30812.530260758733	2515.8676796309524	10757.879817960664	32733.37118949513	0.0	0.0	0.0	0.0	0.0	0.0	0.0	0.0	0.0	0.0	0.0	0.0	0.0	0.0	0.0	0.0	0.0	0.0	0.0	0.0	0.0	0.0	0.0	0.0	0.0	0.0	0.0	0.0	0.0	0.0	0.0	0.0	0.0	0.0	0.0	0.0	0.0	0.0	0.0	0.0	0.0	0.0	0.0	0.0	0.0	0.0	0.0	0.0	0.0	0.0	0.0	0.0	0.0	0.0	0.0	0.0	0.0	0.0	0.0	0.0	0.0	0.0	0.0	0.0	0.0	0.0	0.0	0.0	0.0	0.0	0.0	0.0	0.0	0.0	0.0	0.0	0.0	0.0	0.0	0.0	0.0	0.0	0.0	0.0	0.0	0.0	0.0	0.0	0.0	0.0	0.0	0.0	0.0	0.0	0.0	0.0	0.0	0.0	0.0	0.0	30.54360997130459	-0.05639002869540378	0.12689214428312423	-0.4186680917484987	26.20124736443979	0.5637541803417688	0.04369894997064121	-0.2032001029920156	0.01470595432576588
260.0	260.4898	2600.0	2580.0070136110944	0.25547632200888004	0.8626487472194525	28.10729891506585	-116.69537657014733	68.7850989676226	-116.04695827804431	178.3706738183726	-48.55902936617713	-126.45640126086435	-116.04695827804434	178.37067381837224	-1.261763361283614e-14	0.0	-1.261763361283614e-14	-24.07077130417997	-23.420664353370952	-0.6211956493873492	2.8305253012184672	2.0445126207944955	0.04940189145630584	1.055345347622325	0.0	0.0	0.0	0.0	0.0	0.0	0.0	0.0	0.0	0.0	0.0	0.0	0.0	0.0	0.0	0.0	0.0	0.0	0.0	0.0	0.0	0.0	0.0	0.0	0.0	0.0	0.0	0.0	0.0	0.0	0.0	0.0	0.0	0.0	0.0	0.0	0.0	0.0	0.0	0.0	0.0	0.0	0.0	0.0	0.0	0.0	0.0	0.0	32475.831794078757	2997.3501379826102	118.39296613728806	32614.07327307326	-30483.518681029258	-2936.0585390504607	-11212.719516118877	32612.734167324026	0.0	0.0	0.0	0.0	0.0	0.0	0.0	0.0	0.0	0.0	0.0	0.0	0.0	0.0	0.0	0.0	0.0	0.0	0.0	0.0	0.0	0.0	0.0	0.0	0.0	0.0	0.0	0.0	30706.47380545745	2396.783335649746	10721.862055876798	32612.734167324026	0.0	0.0	0.0	0.0	0.0	0.0	0.0	0.0	0.0	0.0	0.0	0.0	0.0	0.0	0.0	0.0	0.0	0.0	0.0	0.0	0.0	0.0	0.0	0.0	0.0	0.0	0.0	0.0	0.0	0.0	0.0	0.0	0.0	0.0	0.0	0.0	0.0	0.0	0.0	0.0	0.0	0.0	0.0	0.0	0.0	0.0	0.0	0.0	0.0	0.0	0.0	0.0	0.0	0.0	0.0	0.0	0.0	0.0	0.0	0.0	0.0	0.0	0.0	0.0	0.0	0.0	0.0	0.0	0.0	0.0	0.0	0.0	0.0	0.0	0.0	0.0	0.0	0.0	0.0	0.0	0.0	0.0	0.0	0.0	0.0	0.0	0.0	0.0	0.0	0.0	0.0	0.0	0.0	0.0	0.0	0.0	0.0	0.0	0.0	0.0	30.563118487067428	-0.036881512932573905	0.12627275667203114	-0.4014110410902879	26.391692816757583	0.5650181726124571	0.04360438554437752	-0.2021292165860829	0.014730045170545538
261.0	261.4903	2600.0	2578.119477802245	0.22496037701466798	0.8705187895723644	28.12301480243646	-60.67063619861074	52.04969173779317	-111.56339083150284	137.2460807475613	-42.49886981277086	-67.70481941029722	-111.56339083150284	137.24608074756253	-1.880943894506925e-14	0.0	-1.880943894506925e-14	-23.674280700408794	-23.01881172715231	-0.633691770395545	2.5180606779380383	1.940738934060501	0.05970986524286971	1.002036450107174	0.0	0.0	0.0	0.0	0.0	0.0	0.0	0.0	0.0	0.0	0.0	0.0	0.0	0.0	0.0	0.0	0.0	0.0	0.0	0.0	0.0	0.0	0.0	0.0	0.0	0.0	0.0	0.0	0.0	0.0	0.0	0.0	0.0	0.0	0.0	0.0	0.0	0.0	0.0	0.0	0.0	0.0	0.0	0.0	0.0	0.0	0.0	0.0	32296.35445861677	2180.107290845217	110.18418046567737	32370.040464445465	-30313.858204649212	-2107.348518684621	-11146.199484012523	32366.783590097144	0.0	0.0	0.0	0.0	0.0	0.0	0.0	0.0	0.0	0.0	0.0	0.0	0.0	0.0	0.0	0.0	0.0	0.0	0.0	0.0	0.0	0.0	0.0	0.0	0.0	0.0	0.0	0.0	30504.585487430664	1567.2009648103228	10706.204992625251	32366.783590097144	0.0	0.0	0.0	0.0	0.0	0.0	0.0	0.0	0.0	0.0	0.0	0.0	0.0	0.0	0.0	0.0	0.0	0.0	0.0	0.0	0.0	0.0	0.0	0.0	0.0	0.0	0.0	0.0	0.0	0.0	0.0	0.0	0.0	0.0	0.0	0.0	0.0	0.0	0.0	0.0	0.0	0.0	0.0	0.0	0.0	0.0	0.0	0.0	0.0	0.0	0.0	0.0	0.0	0.0	0.0	0.0	0.0	0.0	0.0	0.0	0.0	0.0	0.0	0.0	0.0	0.0	0.0	0.0	0.0	0.0	0.0	0.0	0.0	0.0	0.0	0.0	0.0	0.0	0.0	0.0	0.0	0.0	0.0	0.0	0.0	0.0	0.0	0.0	0.0	0.0	0.0	0.0	0.0	0.0	0.0	0.0	0.0	0.0	0.0	0.0	30.580639078780663	-0.019360921219334415	0.12557695646845027	-0.3853879548406584	26.582587441208833	0.5650570988008999	0.04334132834355657	-0.2005869951621455	0.01505266311940606
262.0	262.4906	2600.0	2580.138904127276	0.1941668432433945	0.8777040446793346	28.139058387605964	-114.22229615401373	79.97266219124504	-124.82194540601496	187.14400255309386	-64.35911832269991	-123.69423400213418	-124.82194540601498	187.14400255309334	-9.828201542148573e-15	0.0	-9.828201542148573e-15	-23.268538223588827	-22.610855430273308	-0.641964678496427	2.2138122516812224	1.8468215414534175	0.08179261607782519	0.9558354122283318	0.0	0.0	0.0	0.0	0.0	0.0	0.0	0.0	0.0	0.0	0.0	0.0	0.0	0.0	0.0	0.0	0.0	0.0	0.0	0.0	0.0	0.0	0.0	0.0	0.0	0.0	0.0	0.0	0.0	0.0	0.0	0.0	0.0	0.0	0.0	0.0	0.0	0.0	0.0	0.0	0.0	0.0	0.0	0.0	0.0	0.0	0.0	0.0	32093.5257747953	1311.631746824283	91.91577155441107	32120.448673793275	-30136.742692380725	-1321.063276572793	-11030.198639051689	32119.055875047303	0.0	0.0	0.0	0.0	0.0	0.0	0.0	0.0	0.0	0.0	0.0	0.0	0.0	0.0	0.0	0.0	0.0	0.0	0.0	0.0	0.0	0.0	0.0	0.0	0.0	0.0	0.0	0.0	30298.366684944984	774.2398399307406	10632.18130015147	32119.055875047303	0.0	0.0	0.0	0.0	0.0	0.0	0.0	0.0	0.0	0.0	0.0	0.0	0.0	0.0	0.0	0.0	0.0	0.0	0.0	0.0	0.0	0.0	0.0	0.0	0.0	0.0	0.0	0.0	0.0	0.0	0.0	0.0	0.0	0.0	0.0	0.0	0.0	0.0	0.0	0.0	0.0	0.0	0.0	0.0	0.0	0.0	0.0	0.0	0.0	0.0	0.0	0.0	0.0	0.0	0.0	0.0	0.0	0.0	0.0	0.0	0.0	0.0	0.0	0.0	0.0	0.0	0.0	0.0	0.0	0.0	0.0	0.0	0.0	0.0	0.0	0.0	0.0	0.0	0.0	0.0	0.0	0.0	0.0	0.0	0.0	0.0	0.0	0.0	0.0	0.0	0.0	0.0	0.0	0.0	0.0	0.0	0.0	0.0	0.0	0.0	30.59642422302851	-0.00357577697149125	0.12491443436090285	-0.3725115470221543	26.774976625583566	0.5650778580800082	0.04329476726613436	-0.1976256651337055	0.014625100886264229
263.0	263.4907	2600.0	2580.4247087210038	0.1631150580435569	0.8839076036437462	28.155411881400067	-111.90428256123415	95.18875711216964	-147.1112466202928	207.90667814738606	-81.88918294194991	-121.97388922718528	-147.11124662029283	207.90667814739004	2.071240667062288e-15	0.0	2.071240667062288e-15	-22.856412189868657	-22.19331641492773	-0.6525181892929061	1.9122063767994897	1.7563546126921468	0.10810935699533959	0.912344128364516	0.0	0.0	0.0	0.0	0.0	0.0	0.0	0.0	0.0	0.0	0.0	0.0	0.0	0.0	0.0	0.0	0.0	0.0	0.0	0.0	0.0	0.0	0.0	0.0	0.0	0.0	0.0	0.0	0.0	0.0	0.0	0.0	0.0	0.0	0.0	0.0	0.0	0.0	0.0	0.0	0.0	0.0	0.0	0.0	0.0	0.0	0.0	0.0	32048.452827218625	1300.2771012499263	76.44750119680462	32074.9106527038	-30096.852652318365	-1343.098423115826	-11003.991161152066	32073.544774849146	0.0	0.0	0.0	0.0	0.0	0.0	0.0	0.0	0.0	0.0	0.0	0.0	0.0	0.0	0.0	0.0	0.0	0.0	0.0	0.0	0.0	0.0	0.0	0.0	0.0	0.0	0.0	0.0	30257.884981930525	786.4518693622355	10609.154740208674	32073.544774849146	0.0	0.0	0.0	0.0	0.0	0.0	0.0	0.0	0.0	0.0	0.0	0.0	0.0	0.0	0.0	0.0	0.0	0.0	0.0	0.0	0.0	0.0	0.0	0.0	0.0	0.0	0.0	0.0	0.0	0.0	0.0	0.0	0.0	0.0	0.0	0.0	0.0	0.0	0.0	0.0	0.0	0.0	0.0	0.0	0.0	0.0	0.0	0.0	0.0	0.0	0.0	0.0	0.0	0.0	0.0	0.0	0.0	0.0	0.0	0.0	0.0	0.0	0.0	0.0	0.0	0.0	0.0	0.0	0.0	0.0	0.0	0.0	0.0	0.0	0.0	0.0	0.0	0.0	0.0	0.0	0.0	0.0	0.0	0.0	0.0	0.0	0.0	0.0	0.0	0.0	0.0	0.0	0.0	0.0	0.0	0.0	0.0	0.0	0.0	0.0	30.610166528054034	0.010166528054025289	0.12428238949289261	-0.3610290364009108	26.967763524086802	0.5650920162312761	0.04313101181778482	-0.19531032121053366	0.0144507720720542
264.0	264.4909	2600.0	2580.949592815796	0.13188810385020314	0.8889554189450386	28.172021772594025	-102.7316588901631	83.26804638704925	-144.11499721333553	195.5926729436466	-73.0207280038612	-110.25123386714041	-144.11499721333553	195.592672943647	3.950431123582615e-15	0.0	3.950431123582615e-15	-22.438683583703835	-21.765628089852033	-0.6669428070410842	1.5993399419299676	1.6688359328872562	0.1253004488830767	0.8757119362291281	0.0	0.0	0.0	0.0	0.0	0.0	0.0	0.0	0.0	0.0	0.0	0.0	0.0	0.0	0.0	0.0	0.0	0.0	0.0	0.0	0.0	0.0	0.0	0.0	0.0	0.0	0.0	0.0	0.0	0.0	0.0	0.0	0.0	0.0	0.0	0.0	0.0	0.0	0.0	0.0	0.0	0.0	0.0	0.0	0.0	0.0	0.0	0.0	32040.150737703298	1286.5060754070053	55.67088765330163	32066.01715873894	-30093.45491089289	-1358.706333403821	-10984.78952126976	32064.430638964623	0.0	0.0	0.0	0.0	0.0	0.0	0.0	0.0	0.0	0.0	0.0	0.0	0.0	0.0	0.0	0.0	0.0	0.0	0.0	0.0	0.0	0.0	0.0	0.0	0.0	0.0	0.0	0.0	30254.510979972278	787.7887828480735	10591.112613759155	32064.430638964623	0.0	0.0	0.0	0.0	0.0	0.0	0.0	0.0	0.0	0.0	0.0	0.0	0.0	0.0	0.0	0.0	0.0	0.0	0.0	0.0	0.0	0.0	0.0	0.0	0.0	0.0	0.0	0.0	0.0	0.0	0.0	0.0	0.0	0.0	0.0	0.0	0.0	0.0	0.0	0.0	0.0	0.0	0.0	0.0	0.0	0.0	0.0	0.0	0.0	0.0	0.0	0.0	0.0	0.0	0.0	0.0	0.0	0.0	0.0	0.0	0.0	0.0	0.0	0.0	0.0	0.0	0.0	0.0	0.0	0.0	0.0	0.0	0.0	0.0	0.0	0.0	0.0	0.0	0.0	0.0	0.0	0.0	0.0	0.0	0.0	0.0	0.0	0.0	0.0	0.0	0.0	0.0	0.0	0.0	0.0	0.0	0.0	0.0	0.0	0.0	30.62168316979621	0.021683169796201437	0.1237463332829941	-0.3514428625776748	27.160966064062816	0.565106700886162	0.04290194614199418	-0.19333533351867435	0.014488830848463068
265.0	265.491	2600.0	2580.545574035735	0.10050929428973567	0.8928939825571572	28.18884486535077	-112.04572412135894	91.42605082608495	-142.74801093074313	203.19931517654555	-82.33451345051802	-118.88647929180297	-142.74801093074313	203.1993151765462	-1.5105737228449854e-14	0.0	-1.5105737228449854e-14	-22.014799893218953	-21.328599998320026	-0.6838129395831808	1.2783059070335732	1.586665318995204	0.13701153927663784	0.8471567727362166	0.0	0.0	0.0	0.0	0.0	0.0	0.0	0.0	0.0	0.0	0.0	0.0	0.0	0.0	0.0	0.0	0.0	0.0	0.0	0.0	0.0	0.0	0.0	0.0	0.0	0.0	0.0	0.0	0.0	0.0	0.0	0.0	0.0	0.0	0.0	0.0	0.0	0.0	0.0	0.0	0.0	0.0	0.0	0.0	0.0	0.0	0.0	0.0	32015.55825580997	1238.6849212012316	69.17398845325243	32039.586386310486	-30059.76259199336	-1351.0184101048062	-11001.205387431584	32038.11944868018	0.0	0.0	0.0	0.0	0.0	0.0	0.0	0.0	0.0	0.0	0.0	0.0	0.0	0.0	0.0	0.0	0.0	0.0	0.0	0.0	0.0	0.0	0.0	0.0	0.0	0.0	0.0	0.0	30221.20875697393	763.2630939619447	10608.349000890628	32038.11944868018	0.0	0.0	0.0	0.0	0.0	0.0	0.0	0.0	0.0	0.0	0.0	0.0	0.0	0.0	0.0	0.0	0.0	0.0	0.0	0.0	0.0	0.0	0.0	0.0	0.0	0.0	0.0	0.0	0.0	0.0	0.0	0.0	0.0	0.0	0.0	0.0	0.0	0.0	0.0	0.0	0.0	0.0	0.0	0.0	0.0	0.0	0.0	0.0	0.0	0.0	0.0	0.0	0.0	0.0	0.0	0.0	0.0	0.0	0.0	0.0	0.0	0.0	0.0	0.0	0.0	0.0	0.0	0.0	0.0	0.0	0.0	0.0	0.0	0.0	0.0	0.0	0.0	0.0	0.0	0.0	0.0	0.0	0.0	0.0	0.0	0.0	0.0	0.0	0.0	0.0	0.0	0.0	0.0	0.0	0.0	0.0	0.0	0.0	0.0	0.0	30.63101380402601	0.031013804026009943	0.12331176562891459	-0.3441743197417474	27.354693856372457	0.5651210993756997	0.04271238990940415	-0.1912407891502587	0.014394575175822013
266.0	266.491	2600.0	2580.5877613561925	0.06905284132166929	0.8958266967911471	28.205818977471544	-112.0871631054506	91.42797981383409	-163.2862610057772	218.13988782227224	-84.39628732349954	-117.47286627930589	-163.28626100577722	218.13988782227145	2.065317793625748e-14	0.0	2.065317793625748e-14	-21.584848441515184	-20.882868685069944	-0.7025394782891393	0.9516798197406445	1.5095536992688476	0.1454867745189479	0.825570083386321	0.0	0.0	0.0	0.0	0.0	0.0	0.0	0.0	0.0	0.0	0.0	0.0	0.0	0.0	0.0	0.0	0.0	0.0	0.0	0.0	0.0	0.0	0.0	0.0	0.0	0.0	0.0	0.0	0.0	0.0	0.0	0.0	0.0	0.0	0.0	0.0	0.0	0.0	0.0	0.0	0.0	0.0	0.0	0.0	0.0	0.0	0.0	0.0	32003.831161738915	1189.874480819081	70.63614909013779	32026.02066718177	-30043.60383146136	-1336.057681243673	-11008.04142906218	32024.680442017838	0.0	0.0	0.0	0.0	0.0	0.0	0.0	0.0	0.0	0.0	0.0	0.0	0.0	0.0	0.0	0.0	0.0	0.0	0.0	0.0	0.0	0.0	0.0	0.0	0.0	0.0	0.0	0.0	30205.635169138648	726.7864916593115	10614.685244405307	32024.680442017838	0.0	0.0	0.0	0.0	0.0	0.0	0.0	0.0	0.0	0.0	0.0	0.0	0.0	0.0	0.0	0.0	0.0	0.0	0.0	0.0	0.0	0.0	0.0	0.0	0.0	0.0	0.0	0.0	0.0	0.0	0.0	0.0	0.0	0.0	0.0	0.0	0.0	0.0	0.0	0.0	0.0	0.0	0.0	0.0	0.0	0.0	0.0	0.0	0.0	0.0	0.0	0.0	0.0	0.0	0.0	0.0	0.0	0.0	0.0	0.0	0.0	0.0	0.0	0.0	0.0	0.0	0.0	0.0	0.0	0.0	0.0	0.0	0.0	0.0	0.0	0.0	0.0	0.0	0.0	0.0	0.0	0.0	0.0	0.0	0.0	0.0	0.0	0.0	0.0	0.0	0.0	0.0	0.0	0.0	0.0	0.0	0.0	0.0	0.0	0.0	30.63825645913009	0.03825645913008913	0.12295715721530691	-0.33893578034484884	27.548813432193477	0.5651347022204358	0.04252682507739557	-0.1892143307708382	0.014325782492522029
267.0	267.4908	2600.0	2580.421185266404	0.03764515914195407	0.8979077563497624	28.222863920502885	-112.7335205452655	90.0258522229087	-186.224414783032	235.5695935053451	-85.0040773158307	-116.56675153179093	-186.224414783032	235.5695935053434	-6.9500162161496685e-15	0.0	-6.9500162161496685e-15	-21.149345408177183	-20.428214957116893	-0.7238543287234819	0.6209218996239145	1.4374483178251298	0.1520018083578083	0.8105439435106278	0.0	0.0	0.0	0.0	0.0	0.0	0.0	0.0	0.0	0.0	0.0	0.0	0.0	0.0	0.0	0.0	0.0	0.0	0.0	0.0	0.0	0.0	0.0	0.0	0.0	0.0	0.0	0.0	0.0	0.0	0.0	0.0	0.0	0.0	0.0	0.0	0.0	0.0	0.0	0.0	0.0	0.0	0.0	0.0	0.0	0.0	0.0	0.0	31994.68505569466	1091.8962468882803	73.08541295432511	32013.394863785477	-30030.82390700027	-1271.7298834271762	-11013.923835229974	32012.0945843584	0.0	0.0	0.0	0.0	0.0	0.0	0.0	0.0	0.0	0.0	0.0	0.0	0.0	0.0	0.0	0.0	0.0	0.0	0.0	0.0	0.0	0.0	0.0	0.0	0.0	0.0	0.0	0.0	30192.863925140457	637.2715214641856	10618.806556472884	32012.0945843584	0.0	0.0	0.0	0.0	0.0	0.0	0.0	0.0	0.0	0.0	0.0	0.0	0.0	0.0	0.0	0.0	0.0	0.0	0.0	0.0	0.0	0.0	0.0	0.0	0.0	0.0	0.0	0.0	0.0	0.0	0.0	0.0	0.0	0.0	0.0	0.0	0.0	0.0	0.0	0.0	0.0	0.0	0.0	0.0	0.0	0.0	0.0	0.0	0.0	0.0	0.0	0.0	0.0	0.0	0.0	0.0	0.0	0.0	0.0	0.0	0.0	0.0	0.0	0.0	0.0	0.0	0.0	0.0	0.0	0.0	0.0	0.0	0.0	0.0	0.0	0.0	0.0	0.0	0.0	0.0	0.0	0.0	0.0	0.0	0.0	0.0	0.0	0.0	0.0	0.0	0.0	0.0	0.0	0.0	0.0	0.0	0.0	0.0	0.0	0.0	30.64356162327194	0.04356162327193759	0.12268536621050756	-0.33562285596152586	27.743039636961917	0.5651472833618506	0.04230775464939054	-0.18720851405799313	0.014385767681777809
268.0	268.4906	2600.0	2580.327654108095	0.006175366080258359	0.8988501074705276	28.23999560521127	-113.54300663374306	108.7783049776608	-222.89507590719148	272.77637150771665	-105.74976926728597	-116.36889743036225	-222.89507590719148	272.7763715077151	-3.2226658147906273e-13	0.0	-3.2226658147906273e-13	-20.70797304299611	-19.965809475268657	-0.7462980478801922	0.28604031602366387	1.3715519260014395	0.15684200860021646	0.8028690279850993	0.0	0.0	0.0	0.0	0.0	0.0	0.0	0.0	0.0	0.0	0.0	0.0	0.0	0.0	0.0	0.0	0.0	0.0	0.0	0.0	0.0	0.0	0.0	0.0	0.0	0.0	0.0	0.0	0.0	0.0	0.0	0.0	0.0	0.0	0.0	0.0	0.0	0.0	0.0	0.0	0.0	0.0	0.0	0.0	0.0	0.0	0.0	0.0	31975.722189074466	967.1334109459841	71.02787069988503	31990.423590597442	-30013.82978901244	-1181.143634855506	-11003.598340444718	31989.1271423246	0.0	0.0	0.0	0.0	0.0	0.0	0.0	0.0	0.0	0.0	0.0	0.0	0.0	0.0	0.0	0.0	0.0	0.0	0.0	0.0	0.0	0.0	0.0	0.0	0.0	0.0	0.0	0.0	30175.550256228515	517.3186934574644	10605.319581749265	31989.1271423246	0.0	0.0	0.0	0.0	0.0	0.0	0.0	0.0	0.0	0.0	0.0	0.0	0.0	0.0	0.0	0.0	0.0	0.0	0.0	0.0	0.0	0.0	0.0	0.0	0.0	0.0	0.0	0.0	0.0	0.0	0.0	0.0	0.0	0.0	0.0	0.0	0.0	0.0	0.0	0.0	0.0	0.0	0.0	0.0	0.0	0.0	0.0	0.0	0.0	0.0	0.0	0.0	0.0	0.0	0.0	0.0	0.0	0.0	0.0	0.0	0.0	0.0	0.0	0.0	0.0	0.0	0.0	0.0	0.0	0.0	0.0	0.0	0.0	0.0	0.0	0.0	0.0	0.0	0.0	0.0	0.0	0.0	0.0	0.0	0.0	0.0	0.0	0.0	0.0	0.0	0.0	0.0	0.0	0.0	0.0	0.0	0.0	0.0	0.0	0.0	30.64663807244892	0.04663807244891772	0.1225094437010372	-0.33450561625888076	27.937481429189297	0.5651577585999488	0.042106306432177075	-0.18524497264244322	0.01443704188011966
269.0	269.4905	2600.0	2580.0351331688694	-0.025326925201625224	0.8986852637220888	28.257169422158604	-115.71824910033683	102.1557620714702	-229.71700168076242	276.76057118102983	-101.12270712613459	-116.62208625612764	-229.71700168076242	276.7605711810284	3.651860496922673e-13	0.0	3.651860496922673e-13	-20.261484518487332	-19.495814256989124	-0.77048546365378	-0.05213541053726197	1.3120695991810152	0.16075613792160093	0.8024180752260545	0.0	0.0	0.0	0.0	0.0	0.0	0.0	0.0	0.0	0.0	0.0	0.0	0.0	0.0	0.0	0.0	0.0	0.0	0.0	0.0	0.0	0.0	0.0	0.0	0.0	0.0	0.0	0.0	0.0	0.0	0.0	0.0	0.0	0.0	0.0	0.0	0.0	0.0	0.0	0.0	0.0	0.0	0.0	0.0	0.0	0.0	0.0	0.0	31974.67305079134	815.1247759596868	82.49750689452345	31985.167671031977	-30004.50179722497	-1062.95496966898	-11026.411389042936	31984.085878568367	0.0	0.0	0.0	0.0	0.0	0.0	0.0	0.0	0.0	0.0	0.0	0.0	0.0	0.0	0.0	0.0	0.0	0.0	0.0	0.0	0.0	0.0	0.0	0.0	0.0	0.0	0.0	0.0	30166.353824526166	365.6014450094441	10622.578877303707	31984.085878568367	0.0	0.0	0.0	0.0	0.0	0.0	0.0	0.0	0.0	0.0	0.0	0.0	0.0	0.0	0.0	0.0	0.0	0.0	0.0	0.0	0.0	0.0	0.0	0.0	0.0	0.0	0.0	0.0	0.0	0.0	0.0	0.0	0.0	0.0	0.0	0.0	0.0	0.0	0.0	0.0	0.0	0.0	0.0	0.0	0.0	0.0	0.0	0.0	0.0	0.0	0.0	0.0	0.0	0.0	0.0	0.0	0.0	0.0	0.0	0.0	0.0	0.0	0.0	0.0	0.0	0.0	0.0	0.0	0.0	0.0	0.0	0.0	0.0	0.0	0.0	0.0	0.0	0.0	0.0	0.0	0.0	0.0	0.0	0.0	0.0	0.0	0.0	0.0	0.0	0.0	0.0	0.0	0.0	0.0	0.0	0.0	0.0	0.0	0.0	0.0	30.64751552787426	0.04751552787425696	0.12242431355917216	-0.33558294889393214	28.13177339444729	0.5651656362645232	0.04185444243327843	-0.18329358595920323	0.014672722532195651
270.0	270.4904	2600.0	2580.179701797404	-0.05681005512705948	0.897440547267401	28.274333447904972	-114.82508067029629	125.72038825277374	-272.88305179066333	321.64510742113595	-126.69862597821704	-113.74477284077875	-272.88305179066333	321.6451074211364	1.409302333650552e-13	0.0	1.409302333650552e-13	-19.809108940547137	-19.019826425385688	-0.7940756442090177	-0.3922419555636676	1.2583019855917457	0.16468006548872466	0.8080267465494957	0.0	0.0	0.0	0.0	0.0	0.0	0.0	0.0	0.0	0.0	0.0	0.0	0.0	0.0	0.0	0.0	0.0	0.0	0.0	0.0	0.0	0.0	0.0	0.0	0.0	0.0	0.0	0.0	0.0	0.0	0.0	0.0	0.0	0.0	0.0	0.0	0.0	0.0	0.0	0.0	0.0	0.0	0.0	0.0	0.0	0.0	0.0	0.0	31962.911044695138	522.7262037252559	62.38845148616831	31967.2460098463	-30006.34039378578	-804.6142310124164	-10990.926637745895	31966.04974413949	0.0	0.0	0.0	0.0	0.0	0.0	0.0	0.0	0.0	0.0	0.0	0.0	0.0	0.0	0.0	0.0	0.0	0.0	0.0	0.0	0.0	0.0	0.0	0.0	0.0	0.0	0.0	0.0	30164.663929538125	70.22734467970972	10579.057348501383	31966.04974413949	0.0	0.0	0.0	0.0	0.0	0.0	0.0	0.0	0.0	0.0	0.0	0.0	0.0	0.0	0.0	0.0	0.0	0.0	0.0	0.0	0.0	0.0	0.0	0.0	0.0	0.0	0.0	0.0	0.0	0.0	0.0	0.0	0.0	0.0	0.0	0.0	0.0	0.0	0.0	0.0	0.0	0.0	0.0	0.0	0.0	0.0	0.0	0.0	0.0	0.0	0.0	0.0	0.0	0.0	0.0	0.0	0.0	0.0	0.0	0.0	0.0	0.0	0.0	0.0	0.0	0.0	0.0	0.0	0.0	0.0	0.0	0.0	0.0	0.0	0.0	0.0	0.0	0.0	0.0	0.0	0.0	0.0	0.0	0.0	0.0	0.0	0.0	0.0	0.0	0.0	0.0	0.0	0.0	0.0	0.0	0.0	0.0	0.0	0.0	0.0	30.64622078363788	0.046220783637878064	0.12243525349080658	-0.3387109347670299	28.32619428056637	0.5651696095636582	0.04164162733578842	-0.18146947640696573	0.014845554451636413
271.0	271.4904	2600.0	2580.214639557103	-0.0882031748724869	0.8951665445326583	28.291429423790976	-114.233770527524	129.70021269410785	-298.88962873894883	345.26295727972115	-132.62744313400253	-110.8217525108157	-298.88962873894883	345.26295727972075	3.808083451748405e-15	0.0	3.808083451748405e-15	-19.350803117603167	-18.54065186428003	-0.8142515062981797	-0.733195752219126	1.2086747161762605	0.1689861048080556	0.8178532563749169	0.0	0.0	0.0	0.0	0.0	0.0	0.0	0.0	0.0	0.0	0.0	0.0	0.0	0.0	0.0	0.0	0.0	0.0	0.0	0.0	0.0	0.0	0.0	0.0	0.0	0.0	0.0	0.0	0.0	0.0	0.0	0.0	0.0	0.0	0.0	0.0	0.0	0.0	0.0	0.0	0.0	0.0	0.0	0.0	0.0	0.0	0.0	0.0	31953.39277409495	153.53532465273466	52.12525419785758	31953.80415402249	-30003.42757441479	-469.24169815610765	-10979.1185241091	31952.572628051057	0.0	0.0	0.0	0.0	0.0	0.0	0.0	0.0	0.0	0.0	0.0	0.0	0.0	0.0	0.0	0.0	0.0	0.0	0.0	0.0	0.0	0.0	0.0	0.0	0.0	0.0	0.0	0.0	30156.77247979652	-304.27953160718926	10556.67490828953	31952.572628051057	0.0	0.0	0.0	0.0	0.0	0.0	0.0	0.0	0.0	0.0	0.0	0.0	0.0	0.0	0.0	0.0	0.0	0.0	0.0	0.0	0.0	0.0	0.0	0.0	0.0	0.0	0.0	0.0	0.0	0.0	0.0	0.0	0.0	0.0	0.0	0.0	0.0	0.0	0.0	0.0	0.0	0.0	0.0	0.0	0.0	0.0	0.0	0.0	0.0	0.0	0.0	0.0	0.0	0.0	0.0	0.0	0.0	0.0	0.0	0.0	0.0	0.0	0.0	0.0	0.0	0.0	0.0	0.0	0.0	0.0	0.0	0.0	0.0	0.0	0.0	0.0	0.0	0.0	0.0	0.0	0.0	0.0	0.0	0.0	0.0	0.0	0.0	0.0	0.0	0.0	0.0	0.0	0.0	0.0	0.0	0.0	0.0	0.0	0.0	0.0	30.6428054236871	0.042805423687095605	0.1225132322816513	-0.34366512491053336	28.52073669964507	0.5651670682483463	0.04156361873567136	-0.17994080902812937	0.01475966102586584
272.0	272.4904	2600.0	2579.8278796910804	-0.11951267720588574	0.8918331234164465	28.308427700942488	-116.95977531318928	143.86546309551701	-324.75678807979546	373.95699206847894	-148.81169792778385	-110.59809705800215	-324.7567880797955	373.9569920684816	-1.7109632575874175e-15	0.0	-1.7109632575874175e-15	-18.887835653279566	-18.056943441524446	-0.8336779705259414	-1.0751065891392286	1.1633656001481019	0.17351257369095643	0.8320119530206028	0.0	0.0	0.0	0.0	0.0	0.0	0.0	0.0	0.0	0.0	0.0	0.0	0.0	0.0	0.0	0.0	0.0	0.0	0.0	0.0	0.0	0.0	0.0	0.0	0.0	0.0	0.0	0.0	0.0	0.0	0.0	0.0	0.0	0.0	0.0	0.0	0.0	0.0	0.0	0.0	0.0	0.0	0.0	0.0	0.0	0.0	0.0	0.0	31941.28998872246	-119.37947180220316	54.179254788879284	31941.559025720686	-29992.806260277568	-231.1170898756509	-10980.269028046296	31940.384318352382	0.0	0.0	0.0	0.0	0.0	0.0	0.0	0.0	0.0	0.0	0.0	0.0	0.0	0.0	0.0	0.0	0.0	0.0	0.0	0.0	0.0	0.0	0.0	0.0	0.0	0.0	0.0	0.0	30143.75969464644	-583.9434610311714	10545.184299469522	31940.384318352382	0.0	0.0	0.0	0.0	0.0	0.0	0.0	0.0	0.0	0.0	0.0	0.0	0.0	0.0	0.0	0.0	0.0	0.0	0.0	0.0	0.0	0.0	0.0	0.0	0.0	0.0	0.0	0.0	0.0	0.0	0.0	0.0	0.0	0.0	0.0	0.0	0.0	0.0	0.0	0.0	0.0	0.0	0.0	0.0	0.0	0.0	0.0	0.0	0.0	0.0	0.0	0.0	0.0	0.0	0.0	0.0	0.0	0.0	0.0	0.0	0.0	0.0	0.0	0.0	0.0	0.0	0.0	0.0	0.0	0.0	0.0	0.0	0.0	0.0	0.0	0.0	0.0	0.0	0.0	0.0	0.0	0.0	0.0	0.0	0.0	0.0	0.0	0.0	0.0	0.0	0.0	0.0	0.0	0.0	0.0	0.0	0.0	0.0	0.0	0.0	30.637241172171972	0.0372411721719743	0.12264440562016599	-0.35052791403805567	28.71484916606393	0.5651590454235628	0.041461660899469205	-0.1786532768058277	0.014867394651461288
273.0	273.4904	2600.0	2579.4418136355416	-0.1506829430516626	0.8874323011572376	28.325275470572603	-118.56121145207729	156.70400508880442	-337.2400703198252	390.3124019310389	-163.63156138700106	-108.8008188843778	-337.24007031982524	390.31240193104253	-1.6448645528541079e-12	0.0	-1.6448645528541079e-12	-18.419590465288145	-17.569750169947827	-0.8507390914316503	-1.417883961390908	1.1223568235259707	0.17821888650729525	0.850448580274137	0.0	0.0	0.0	0.0	0.0	0.0	0.0	0.0	0.0	0.0	0.0	0.0	0.0	0.0	0.0	0.0	0.0	0.0	0.0	0.0	0.0	0.0	0.0	0.0	0.0	0.0	0.0	0.0	0.0	0.0	0.0	0.0	0.0	0.0	0.0	0.0	0.0	0.0	0.0	0.0	0.0	0.0	0.0	0.0	0.0	0.0	0.0	0.0	31930.032034829732	-422.3061234099941	53.065675432006316	31932.8687119249	-29987.36881397181	39.09851139412847	-10971.960873105565	31931.610395965337	0.0	0.0	0.0	0.0	0.0	0.0	0.0	0.0	0.0	0.0	0.0	0.0	0.0	0.0	0.0	0.0	0.0	0.0	0.0	0.0	0.0	0.0	0.0	0.0	0.0	0.0	0.0	0.0	30135.053646427325	-897.951287694576	10521.405214684768	31931.610395965337	0.0	0.0	0.0	0.0	0.0	0.0	0.0	0.0	0.0	0.0	0.0	0.0	0.0	0.0	0.0	0.0	0.0	0.0	0.0	0.0	0.0	0.0	0.0	0.0	0.0	0.0	0.0	0.0	0.0	0.0	0.0	0.0	0.0	0.0	0.0	0.0	0.0	0.0	0.0	0.0	0.0	0.0	0.0	0.0	0.0	0.0	0.0	0.0	0.0	0.0	0.0	0.0	0.0	0.0	0.0	0.0	0.0	0.0	0.0	0.0	0.0	0.0	0.0	0.0	0.0	0.0	0.0	0.0	0.0	0.0	0.0	0.0	0.0	0.0	0.0	0.0	0.0	0.0	0.0	0.0	0.0	0.0	0.0	0.0	0.0	0.0	0.0	0.0	0.0	0.0	0.0	0.0	0.0	0.0	0.0	0.0	0.0	0.0	0.0	0.0	30.629523651203808	0.02952365120381018	0.12283801206050188	-0.35928170219313016	28.908772000754347	0.5651454384185168	0.04143344346948612	-0.1776295874720107	0.01486763177710792
274.0	274.4905	2600.0	2579.456649096215	-0.18165093358335752	0.882008705734199	28.341918854258374	-118.83149451210555	151.48207721414474	-350.7373352913297	400.105513798992	-160.32086056085242	-106.60659207629213	-350.7373352913297	400.10551379899266	-3.7933963628834704e-14	0.0	-3.7933963628834704e-14	-17.94666941221614	-17.079550575936388	-0.8656090487085432	-1.7612836750879484	1.0855402567709573	0.183181562348921	0.8729683823914637	0.0	0.0	0.0	0.0	0.0	0.0	0.0	0.0	0.0	0.0	0.0	0.0	0.0	0.0	0.0	0.0	0.0	0.0	0.0	0.0	0.0	0.0	0.0	0.0	0.0	0.0	0.0	0.0	0.0	0.0	0.0	0.0	0.0	0.0	0.0	0.0	0.0	0.0	0.0	0.0	0.0	0.0	0.0	0.0	0.0	0.0	0.0	0.0	31936.310161746944	-731.4308934073334	49.57219484997226	31944.72343442082	-30000.350273057167	314.39625704798505	-10966.855567231807	31943.571850140535	0.0	0.0	0.0	0.0	0.0	0.0	0.0	0.0	0.0	0.0	0.0	0.0	0.0	0.0	0.0	0.0	0.0	0.0	0.0	0.0	0.0	0.0	0.0	0.0	0.0	0.0	0.0	0.0	30144.61248064983	-1219.6216835210473	10497.935220110028	31943.571850140535	0.0	0.0	0.0	0.0	0.0	0.0	0.0	0.0	0.0	0.0	0.0	0.0	0.0	0.0	0.0	0.0	0.0	0.0	0.0	0.0	0.0	0.0	0.0	0.0	0.0	0.0	0.0	0.0	0.0	0.0	0.0	0.0	0.0	0.0	0.0	0.0	0.0	0.0	0.0	0.0	0.0	0.0	0.0	0.0	0.0	0.0	0.0	0.0	0.0	0.0	0.0	0.0	0.0	0.0	0.0	0.0	0.0	0.0	0.0	0.0	0.0	0.0	0.0	0.0	0.0	0.0	0.0	0.0	0.0	0.0	0.0	0.0	0.0	0.0	0.0	0.0	0.0	0.0	0.0	0.0	0.0	0.0	0.0	0.0	0.0	0.0	0.0	0.0	0.0	0.0	0.0	0.0	0.0	0.0	0.0	0.0	0.0	0.0	0.0	0.0	30.619702391333487	0.019702391333488833	0.12310148232198752	-0.36984270863931656	29.10222718384671	0.5651254829879435	0.04142541286887765	-0.17690245652011882	0.01492136358553662
275.0	275.4906	2600.0	2579.1313129176797	-0.21239952620898087	0.8755560017288542	28.35832046265149	-120.32346886474261	144.06576679565836	-356.08239215776837	402.526213217058	-154.91763313046246	-105.9868353491147	-356.08239215776837	402.526213217057	-6.1521135804420475e-15	0.0	-6.1521135804420475e-15	-17.468804294964237	-16.587570783323585	-0.8768455371256935	-2.1050844516145393	1.0528013950727448	0.18844547549839244	0.899334185105593	0.0	0.0	0.0	0.0	0.0	0.0	0.0	0.0	0.0	0.0	0.0	0.0	0.0	0.0	0.0	0.0	0.0	0.0	0.0	0.0	0.0	0.0	0.0	0.0	0.0	0.0	0.0	0.0	0.0	0.0	0.0	0.0	0.0	0.0	0.0	0.0	0.0	0.0	0.0	0.0	0.0	0.0	0.0	0.0	0.0	0.0	0.0	0.0	31934.202864989005	-1121.7459369979774	56.88732889845549	31953.94909455845	-29998.272800807084	671.146086889217	-10984.326590599438	31953.12564915268	0.0	0.0	0.0	0.0	0.0	0.0	0.0	0.0	0.0	0.0	0.0	0.0	0.0	0.0	0.0	0.0	0.0	0.0	0.0	0.0	0.0	0.0	0.0	0.0	0.0	0.0	0.0	0.0	30137.486233483323	-1625.2431095250681	10492.50909516323	31953.12564915268	0.0	0.0	0.0	0.0	0.0	0.0	0.0	0.0	0.0	0.0	0.0	0.0	0.0	0.0	0.0	0.0	0.0	0.0	0.0	0.0	0.0	0.0	0.0	0.0	0.0	0.0	0.0	0.0	0.0	0.0	0.0	0.0	0.0	0.0	0.0	0.0	0.0	0.0	0.0	0.0	0.0	0.0	0.0	0.0	0.0	0.0	0.0	0.0	0.0	0.0	0.0	0.0	0.0	0.0	0.0	0.0	0.0	0.0	0.0	0.0	0.0	0.0	0.0	0.0	0.0	0.0	0.0	0.0	0.0	0.0	0.0	0.0	0.0	0.0	0.0	0.0	0.0	0.0	0.0	0.0	0.0	0.0	0.0	0.0	0.0	0.0	0.0	0.0	0.0	0.0	0.0	0.0	0.0	0.0	0.0	0.0	0.0	0.0	0.0	0.0	30.60777704146028	0.007777041460279579	0.12342015284227874	-0.38210969344908113	29.295309098031463	0.5650977876324007	0.041513144211575446	-0.1765723670830679	0.0148135004647402
276.0	276.4907	2600.0	2578.38374391081	-0.24287953861451658	0.8680818696523971	28.3744317908886	-125.78217989561017	161.78966355601912	-378.30451313183613	430.2456933762116	-174.9713035332788	-106.68690150495239	-378.30451313183613	430.24569337621233	0.0	0.0	0.0	-16.986328039197037	-16.09444088995772	-0.8842064608690016	-2.449080158559048	1.0242355762231177	0.1941121910670908	0.9295566822746835	0.0	0.0	0.0	0.0	0.0	0.0	0.0	0.0	0.0	0.0	0.0	0.0	0.0	0.0	0.0	0.0	0.0	0.0	0.0	0.0	0.0	0.0	0.0	0.0	0.0	0.0	0.0	0.0	0.0	0.0	0.0	0.0	0.0	0.0	0.0	0.0	0.0	0.0	0.0	0.0	0.0	0.0	0.0	0.0	0.0	0.0	0.0	0.0	31918.991041241068	-1516.7829031945475	56.09687013054673	31955.05854047351	-29989.249177790585	1029.7983348543657	-10983.440368241765	31953.89668226405	0.0	0.0	0.0	0.0	0.0	0.0	0.0	0.0	0.0	0.0	0.0	0.0	0.0	0.0	0.0	0.0	0.0	0.0	0.0	0.0	0.0	0.0	0.0	0.0	0.0	0.0	0.0	0.0	30122.6475346291	-2034.0996296469643	10466.138608960742	31953.89668226405	0.0	0.0	0.0	0.0	0.0	0.0	0.0	0.0	0.0	0.0	0.0	0.0	0.0	0.0	0.0	0.0	0.0	0.0	0.0	0.0	0.0	0.0	0.0	0.0	0.0	0.0	0.0	0.0	0.0	0.0	0.0	0.0	0.0	0.0	0.0	0.0	0.0	0.0	0.0	0.0	0.0	0.0	0.0	0.0	0.0	0.0	0.0	0.0	0.0	0.0	0.0	0.0	0.0	0.0	0.0	0.0	0.0	0.0	0.0	0.0	0.0	0.0	0.0	0.0	0.0	0.0	0.0	0.0	0.0	0.0	0.0	0.0	0.0	0.0	0.0	0.0	0.0	0.0	0.0	0.0	0.0	0.0	0.0	0.0	0.0	0.0	0.0	0.0	0.0	0.0	0.0	0.0	0.0	0.0	0.0	0.0	0.0	0.0	0.0	0.0	30.593762869625657	-0.006237130374341149	0.12379997577782449	-0.39609181046806213	29.48785823675465	0.5650599876440326	0.04165024091761138	-0.17661229256290875	0.014653561916621479
277.0	277.4908	2600.0	2578.264119671188	-0.273049174317462	0.8596004991689632	28.390208135152808	-127.25066546289963	171.93195134866076	-398.37395207243003	452.16715210762027	-187.0539797552574	-103.75035620675405	-398.37395207243014	452.1671521076198	0.0	0.0	0.0	-16.49989905340164	-15.599991306200666	-0.8885669205517324	-2.792278525040665	0.9977147363438226	0.2002667879559052	0.9612558022280294	0.0	0.0	0.0	0.0	0.0	0.0	0.0	0.0	0.0	0.0	0.0	0.0	0.0	0.0	0.0	0.0	0.0	0.0	0.0	0.0	0.0	0.0	0.0	0.0	0.0	0.0	0.0	0.0	0.0	0.0	0.0	0.0	0.0	0.0	0.0	0.0	0.0	0.0	0.0	0.0	0.0	0.0	0.0	0.0	0.0	0.0	0.0	0.0	31907.64415761324	-1685.001689654046	49.105915541191635	31952.142303356562	-29990.302184797965	1166.06000840865	-10958.743728101595	31951.087386455463	0.0	0.0	0.0	0.0	0.0	0.0	0.0	0.0	0.0	0.0	0.0	0.0	0.0	0.0	0.0	0.0	0.0	0.0	0.0	0.0	0.0	0.0	0.0	0.0	0.0	0.0	0.0	0.0	30121.273633461897	-2220.562522821315	10423.529246721964	31951.087386455463	0.0	0.0	0.0	0.0	0.0	0.0	0.0	0.0	0.0	0.0	0.0	0.0	0.0	0.0	0.0	0.0	0.0	0.0	0.0	0.0	0.0	0.0	0.0	0.0	0.0	0.0	0.0	0.0	0.0	0.0	0.0	0.0	0.0	0.0	0.0	0.0	0.0	0.0	0.0	0.0	0.0	0.0	0.0	0.0	0.0	0.0	0.0	0.0	0.0	0.0	0.0	0.0	0.0	0.0	0.0	0.0	0.0	0.0	0.0	0.0	0.0	0.0	0.0	0.0	0.0	0.0	0.0	0.0	0.0	0.0	0.0	0.0	0.0	0.0	0.0	0.0	0.0	0.0	0.0	0.0	0.0	0.0	0.0	0.0	0.0	0.0	0.0	0.0	0.0	0.0	0.0	0.0	0.0	0.0	0.0	0.0	0.0	0.0	0.0	0.0	30.577682711728887	-0.022317288271111114	0.12421660892155659	-0.41074527683335227	29.679579429322324	0.5650094359432545	0.04177192893126203	-0.1780365352297849	0.014624902300424701
278.0	278.491	2600.0	2578.1658727764657	-0.3028827831602241	0.8499507563375156	28.405601718718504	-127.23009853418986	159.6728927574386	-400.23490374618615	449.30046609286666	-176.70869314831359	-102.25931947927167	-400.23490374618615	449.3004660928671	0.0	0.0	0.0	-16.009427359719695	-15.102031187609787	-0.8920498847235182	-3.1315764652151863	0.9640624335715954	0.206580134488636	0.9847071823599921	0.0	0.0	0.0	0.0	0.0	0.0	0.0	0.0	0.0	0.0	0.0	0.0	0.0	0.0	0.0	0.0	0.0	0.0	0.0	0.0	0.0	0.0	0.0	0.0	0.0	0.0	0.0	0.0	0.0	0.0	0.0	0.0	0.0	0.0	0.0	0.0	0.0	0.0	0.0	0.0	0.0	0.0	0.0	0.0	0.0	0.0	0.0	0.0	31909.345281646216	-1678.6009743921495	51.30543676490963	31953.507628778247	-29996.74345582462	1126.3950781518058	-10949.09725241785	31952.403891875583	0.0	0.0	0.0	0.0	0.0	0.0	0.0	0.0	0.0	0.0	0.0	0.0	0.0	0.0	0.0	0.0	0.0	0.0	0.0	0.0	0.0	0.0	0.0	0.0	0.0	0.0	0.0	0.0	30128.90931879822	-2227.3961188240824	10404.020581439976	31952.403891875583	0.0	0.0	0.0	0.0	0.0	0.0	0.0	0.0	0.0	0.0	0.0	0.0	0.0	0.0	0.0	0.0	0.0	0.0	0.0	0.0	0.0	0.0	0.0	0.0	0.0	0.0	0.0	0.0	0.0	0.0	0.0	0.0	0.0	0.0	0.0	0.0	0.0	0.0	0.0	0.0	0.0	0.0	0.0	0.0	0.0	0.0	0.0	0.0	0.0	0.0	0.0	0.0	0.0	0.0	0.0	0.0	0.0	0.0	0.0	0.0	0.0	0.0	0.0	0.0	0.0	0.0	0.0	0.0	0.0	0.0	0.0	0.0	0.0	0.0	0.0	0.0	0.0	0.0	0.0	0.0	0.0	0.0	0.0	0.0	0.0	0.0	0.0	0.0	0.0	0.0	0.0	0.0	0.0	0.0	0.0	0.0	0.0	0.0	0.0	0.0	30.559385887776898	-0.04061411222309986	0.12454031902162128	-0.42178951118042857	29.87048166953612	0.5649568263537917	0.04190511779062987	-0.18527354333277019	0.014574241362187924
279.0	279.4911	2600.0	2577.5787618951795	-0.33237075036635727	0.8391679282846015	28.42057923590641	-130.97061227728773	165.36092378653666	-418.20440013500723	468.3934848907547	-184.69372008880597	-101.91057921326137	-418.20440013500723	468.39348489075496	-3.115540109612171e-14	0.0	-3.115540109612171e-14	-15.515292709264038	-14.600322332492807	-0.8953517789077028	-3.4674042344331673	0.9245857527891458	0.2129952675545295	1.0012270601701463	0.0	0.0	0.0	0.0	0.0	0.0	0.0	0.0	0.0	0.0	0.0	0.0	0.0	0.0	0.0	0.0	0.0	0.0	0.0	0.0	0.0	0.0	0.0	0.0	0.0	0.0	0.0	0.0	0.0	0.0	0.0	0.0	0.0	0.0	0.0	0.0	0.0	0.0	0.0	0.0	0.0	0.0	0.0	0.0	0.0	0.0	0.0	0.0	31901.332518951553	-1672.6614334705926	63.30441258932662	31945.2159204534	-29988.84355251616	1086.1827805582775	-10950.526948435649	31944.08507217709	0.0	0.0	0.0	0.0	0.0	0.0	0.0	0.0	0.0	0.0	0.0	0.0	0.0	0.0	0.0	0.0	0.0	0.0	0.0	0.0	0.0	0.0	0.0	0.0	0.0	0.0	0.0	0.0	30122.599318583096	-2230.2590291372244	10396.13034034953	31944.08507217709	0.0	0.0	0.0	0.0	0.0	0.0	0.0	0.0	0.0	0.0	0.0	0.0	0.0	0.0	0.0	0.0	0.0	0.0	0.0	0.0	0.0	0.0	0.0	0.0	0.0	0.0	0.0	0.0	0.0	0.0	0.0	0.0	0.0	0.0	0.0	0.0	0.0	0.0	0.0	0.0	0.0	0.0	0.0	0.0	0.0	0.0	0.0	0.0	0.0	0.0	0.0	0.0	0.0	0.0	0.0	0.0	0.0	0.0	0.0	0.0	0.0	0.0	0.0	0.0	0.0	0.0	0.0	0.0	0.0	0.0	0.0	0.0	0.0	0.0	0.0	0.0	0.0	0.0	0.0	0.0	0.0	0.0	0.0	0.0	0.0	0.0	0.0	0.0	0.0	0.0	0.0	0.0	0.0	0.0	0.0	0.0	0.0	0.0	0.0	0.0	30.538918783103362	-0.061081216896639014	0.12478092361527783	-0.429802842244533	30.06038457721372	0.5649042388028597	0.04201175856478634	-0.19770212086569727	0.014586507569237493
280.0	280.4913	2600.0	2577.6962028516605	-0.3614622812754661	0.8272825946352205	28.435093294276502	-129.7201585098155	173.36558858092397	-439.1676782347981	489.64394863407125	-194.08762814384679	-95.98405820404516	-439.16767823479813	489.64394863407114	0.0	0.0	0.0	-15.016989329501671	-14.09540189179025	-0.8975077441094254	-3.8004461064298964	0.8813931636698508	0.2194849006576626	1.013049054422798	0.0	0.0	0.0	0.0	0.0	0.0	0.0	0.0	0.0	0.0	0.0	0.0	0.0	0.0	0.0	0.0	0.0	0.0	0.0	0.0	0.0	0.0	0.0	0.0	0.0	0.0	0.0	0.0	0.0	0.0	0.0	0.0	0.0	0.0	0.0	0.0	0.0	0.0	0.0	0.0	0.0	0.0	0.0	0.0	0.0	0.0	0.0	0.0	31890.83613380986	-1667.1375688778542	51.64131024584116	31934.424118997358	-29995.849488571228	1050.04918103708	-10903.182238963165	31933.258098096696	0.0	0.0	0.0	0.0	0.0	0.0	0.0	0.0	0.0	0.0	0.0	0.0	0.0	0.0	0.0	0.0	0.0	0.0	0.0	0.0	0.0	0.0	0.0	0.0	0.0	0.0	0.0	0.0	30130.374211142556	-2231.711011589537	10339.873723451516	31933.258098096696	0.0	0.0	0.0	0.0	0.0	0.0	0.0	0.0	0.0	0.0	0.0	0.0	0.0	0.0	0.0	0.0	0.0	0.0	0.0	0.0	0.0	0.0	0.0	0.0	0.0	0.0	0.0	0.0	0.0	0.0	0.0	0.0	0.0	0.0	0.0	0.0	0.0	0.0	0.0	0.0	0.0	0.0	0.0	0.0	0.0	0.0	0.0	0.0	0.0	0.0	0.0	0.0	0.0	0.0	0.0	0.0	0.0	0.0	0.0	0.0	0.0	0.0	0.0	0.0	0.0	0.0	0.0	0.0	0.0	0.0	0.0	0.0	0.0	0.0	0.0	0.0	0.0	0.0	0.0	0.0	0.0	0.0	0.0	0.0	0.0	0.0	0.0	0.0	0.0	0.0	0.0	0.0	0.0	0.0	0.0	0.0	0.0	0.0	0.0	0.0	30.516325019116678	-0.08367498088332682	0.12495712768325837	-0.4357686094796334	30.24948171196775	0.5648513422703426	0.04215286344360544	-0.2142992210997259	0.014487784377548218
281.0	281.4915	2600.0	2577.3372565333516	-0.39012801315150647	0.8143767962225706	28.449109793829606	-131.57149207547263	165.02319486943998	-446.11821986602905	493.52322991761787	-187.92716848110285	-96.0577519961771	-446.11821986602905	493.5232299176185	2.4441161986295303e-14	0.0	2.4441161986295303e-14	-14.515594196617954	-13.586997976587126	-0.8999422067536328	-4.13112761029912	0.8359302113515731	0.22604348293401136	1.02163316465306	0.0	0.0	0.0	0.0	0.0	0.0	0.0	0.0	0.0	0.0	0.0	0.0	0.0	0.0	0.0	0.0	0.0	0.0	0.0	0.0	0.0	0.0	0.0	0.0	0.0	0.0	0.0	0.0	0.0	0.0	0.0	0.0	0.0	0.0	0.0	0.0	0.0	0.0	0.0	0.0	0.0	0.0	0.0	0.0	0.0	0.0	0.0	0.0	31891.024395896835	-1662.3235832851124	58.77801405800046	31934.37351147145	-29998.375367398894	1011.4920709154	-10899.936344795173	31933.278146997007	0.0	0.0	0.0	0.0	0.0	0.0	0.0	0.0	0.0	0.0	0.0	0.0	0.0	0.0	0.0	0.0	0.0	0.0	0.0	0.0	0.0	0.0	0.0	0.0	0.0	0.0	0.0	0.0	30134.517093446608	-2231.6329097094567	10327.872351774708	31933.278146997007	0.0	0.0	0.0	0.0	0.0	0.0	0.0	0.0	0.0	0.0	0.0	0.0	0.0	0.0	0.0	0.0	0.0	0.0	0.0	0.0	0.0	0.0	0.0	0.0	0.0	0.0	0.0	0.0	0.0	0.0	0.0	0.0	0.0	0.0	0.0	0.0	0.0	0.0	0.0	0.0	0.0	0.0	0.0	0.0	0.0	0.0	0.0	0.0	0.0	0.0	0.0	0.0	0.0	0.0	0.0	0.0	0.0	0.0	0.0	0.0	0.0	0.0	0.0	0.0	0.0	0.0	0.0	0.0	0.0	0.0	0.0	0.0	0.0	0.0	0.0	0.0	0.0	0.0	0.0	0.0	0.0	0.0	0.0	0.0	0.0	0.0	0.0	0.0	0.0	0.0	0.0	0.0	0.0	0.0	0.0	0.0	0.0	0.0	0.0	0.0	30.49170013114574	-0.10829986885425669	0.1250922376952754	-0.4403281403428043	30.437299708958616	0.564798500253955	0.04224788259580402	-0.23432887736979918	0.014513501962416162
282.0	282.4917	2600.0	2577.595098363044	-0.4183389211913614	0.8004302070244876	28.462589168481724	-130.12356971815092	185.0085658240732	-486.19989033724573	536.237490472668	-208.77435616543517	-87.02632378874114	-486.1998903372458	536.237490472668	-1.622784060766508e-14	0.0	-1.622784060766508e-14	-14.010689282161009	-13.075583359830961	-0.9018337941301036	-4.459729200769676	0.7892372332149987	0.23265080484938047	1.0280283054271655	0.0	0.0	0.0	0.0	0.0	0.0	0.0	0.0	0.0	0.0	0.0	0.0	0.0	0.0	0.0	0.0	0.0	0.0	0.0	0.0	0.0	0.0	0.0	0.0	0.0	0.0	0.0	0.0	0.0	0.0	0.0	0.0	0.0	0.0	0.0	0.0	0.0	0.0	0.0	0.0	0.0	0.0	0.0	0.0	0.0	0.0	0.0	0.0	31875.00306021486	-1655.8361599558884	52.016738601977494	31918.02498931316	-30004.37254932372	975.4432297370472	-10838.750591871025	31916.96063170546	0.0	0.0	0.0	0.0	0.0	0.0	0.0	0.0	0.0	0.0	0.0	0.0	0.0	0.0	0.0	0.0	0.0	0.0	0.0	0.0	0.0	0.0	0.0	0.0	0.0	0.0	0.0	0.0	30141.220342838522	-2228.491544331261	10258.315536536053	31916.96063170546	0.0	0.0	0.0	0.0	0.0	0.0	0.0	0.0	0.0	0.0	0.0	0.0	0.0	0.0	0.0	0.0	0.0	0.0	0.0	0.0	0.0	0.0	0.0	0.0	0.0	0.0	0.0	0.0	0.0	0.0	0.0	0.0	0.0	0.0	0.0	0.0	0.0	0.0	0.0	0.0	0.0	0.0	0.0	0.0	0.0	0.0	0.0	0.0	0.0	0.0	0.0	0.0	0.0	0.0	0.0	0.0	0.0	0.0	0.0	0.0	0.0	0.0	0.0	0.0	0.0	0.0	0.0	0.0	0.0	0.0	0.0	0.0	0.0	0.0	0.0	0.0	0.0	0.0	0.0	0.0	0.0	0.0	0.0	0.0	0.0	0.0	0.0	0.0	0.0	0.0	0.0	0.0	0.0	0.0	0.0	0.0	0.0	0.0	0.0	0.0	30.465039033578353	-0.13496096642163738	0.12519513768151652	-0.44394261146672176	30.62399719265518	0.564745626999156	0.04234111729575284	-0.25733726923098704	0.01452573068284741
283.0	283.4918	2600.0	2577.5884492142704	-0.4460671835158851	0.7854783718290478	28.475497397387706	-130.61792853721272	188.3580119233975	-514.97871708159	563.6868483103785	-213.63398736666932	-83.06806457902712	-514.97871708159	563.686848310379	1.93779363494271e-14	0.0	1.93779363494271e-14	-13.502626071341528	-12.56148796771953	-0.903271083394772	-4.786376650928698	0.7419092432596827	0.23928726084713944	1.0328035805615325	0.0	0.0	0.0	0.0	0.0	0.0	0.0	0.0	0.0	0.0	0.0	0.0	0.0	0.0	0.0	0.0	0.0	0.0	0.0	0.0	0.0	0.0	0.0	0.0	0.0	0.0	0.0	0.0	0.0	0.0	0.0	0.0	0.0	0.0	0.0	0.0	0.0	0.0	0.0	0.0	0.0	0.0	0.0	0.0	0.0	0.0	0.0	0.0	31868.402348918906	-1652.850219643841	52.209598511358315	31911.278695209534	-30009.77149663361	940.9590957384889	-10806.644063012562	31910.113525411663	0.0	0.0	0.0	0.0	0.0	0.0	0.0	0.0	0.0	0.0	0.0	0.0	0.0	0.0	0.0	0.0	0.0	0.0	0.0	0.0	0.0	0.0	0.0	0.0	0.0	0.0	0.0	0.0	30147.694284206114	-2227.893129852463	10218.041238547758	31910.113525411663	0.0	0.0	0.0	0.0	0.0	0.0	0.0	0.0	0.0	0.0	0.0	0.0	0.0	0.0	0.0	0.0	0.0	0.0	0.0	0.0	0.0	0.0	0.0	0.0	0.0	0.0	0.0	0.0	0.0	0.0	0.0	0.0	0.0	0.0	0.0	0.0	0.0	0.0	0.0	0.0	0.0	0.0	0.0	0.0	0.0	0.0	0.0	0.0	0.0	0.0	0.0	0.0	0.0	0.0	0.0	0.0	0.0	0.0	0.0	0.0	0.0	0.0	0.0	0.0	0.0	0.0	0.0	0.0	0.0	0.0	0.0	0.0	0.0	0.0	0.0	0.0	0.0	0.0	0.0	0.0	0.0	0.0	0.0	0.0	0.0	0.0	0.0	0.0	0.0	0.0	0.0	0.0	0.0	0.0	0.0	0.0	0.0	0.0	0.0	0.0	30.43639340669102	-0.16360659330898028	0.12527413514996635	-0.44686123920658216	30.80940887605858	0.5646927545945214	0.042426470664097854	-0.2830239123341059	0.014534642664925192
284.0	284.492	2600.0	2577.3095722075846	-0.47325678415273864	0.7695650623278419	28.487792819824364	-132.06970300186362	195.01804261535105	-533.8779934625555	583.523911506742	-221.86283403827838	-79.06532912108376	-533.8779934625555	583.5239115067409	0.0	0.0	0.0	-12.991521337376573	-12.04471446445712	-0.9044344459327339	-5.111183621223188	0.6945247350647434	0.24593845647891172	1.0365333933122693	0.0	0.0	0.0	0.0	0.0	0.0	0.0	0.0	0.0	0.0	0.0	0.0	0.0	0.0	0.0	0.0	0.0	0.0	0.0	0.0	0.0	0.0	0.0	0.0	0.0	0.0	0.0	0.0	0.0	0.0	0.0	0.0	0.0	0.0	0.0	0.0	0.0	0.0	0.0	0.0	0.0	0.0	0.0	0.0	0.0	0.0	0.0	0.0	31859.697477171896	-1650.6083246650421	53.54657605485506	31902.4716662232	-30012.815059047254	907.3520333578965	-10774.905944104088	31901.268839739005	0.0	0.0	0.0	0.0	0.0	0.0	0.0	0.0	0.0	0.0	0.0	0.0	0.0	0.0	0.0	0.0	0.0	0.0	0.0	0.0	0.0	0.0	0.0	0.0	0.0	0.0	0.0	0.0	30151.78476204249	-2227.3984383604857	10178.38520815332	31901.268839739005	0.0	0.0	0.0	0.0	0.0	0.0	0.0	0.0	0.0	0.0	0.0	0.0	0.0	0.0	0.0	0.0	0.0	0.0	0.0	0.0	0.0	0.0	0.0	0.0	0.0	0.0	0.0	0.0	0.0	0.0	0.0	0.0	0.0	0.0	0.0	0.0	0.0	0.0	0.0	0.0	0.0	0.0	0.0	0.0	0.0	0.0	0.0	0.0	0.0	0.0	0.0	0.0	0.0	0.0	0.0	0.0	0.0	0.0	0.0	0.0	0.0	0.0	0.0	0.0	0.0	0.0	0.0	0.0	0.0	0.0	0.0	0.0	0.0	0.0	0.0	0.0	0.0	0.0	0.0	0.0	0.0	0.0	0.0	0.0	0.0	0.0	0.0	0.0	0.0	0.0	0.0	0.0	0.0	0.0	0.0	0.0	0.0	0.0	0.0	0.0	30.40582455061742	-0.19417544938258047	0.12533632557730037	-0.44933567199168784	30.993468285458547	0.564639899205784	0.042517106403106714	-0.31107699732853555	0.014537992319643861
285.0	285.4921	2600.0	2577.3525830512535	-0.49987607822133284	0.7527218574350705	28.499443308135877	-131.81696492298943	194.43745562079675	-535.8618777124394	585.0893849449841	-222.582099641917	-75.09224533063751	-535.8618777124394	585.0893849449867	2.4654367203759803e-14	0.0	2.4654367203759803e-14	-12.477506943415422	-11.52574536888316	-0.905035999148611	-5.434209350159408	0.6475188817082982	0.25259066707398903	1.0396254749130251	0.0	0.0	0.0	0.0	0.0	0.0	0.0	0.0	0.0	0.0	0.0	0.0	0.0	0.0	0.0	0.0	0.0	0.0	0.0	0.0	0.0	0.0	0.0	0.0	0.0	0.0	0.0	0.0	0.0	0.0	0.0	0.0	0.0	0.0	0.0	0.0	0.0	0.0	0.0	0.0	0.0	0.0	0.0	0.0	0.0	0.0	0.0	0.0	31856.589476271172	-1648.3624108895406	57.912170284298426	31899.259325519957	-30026.922200000223	875.41241856718	-10728.410828337512	31897.981168234423	0.0	0.0	0.0	0.0	0.0	0.0	0.0	0.0	0.0	0.0	0.0	0.0	0.0	0.0	0.0	0.0	0.0	0.0	0.0	0.0	0.0	0.0	0.0	0.0	0.0	0.0	0.0	0.0	30166.610621824002	-2226.768541085891	10124.144806586051	31897.981168234423	0.0	0.0	0.0	0.0	0.0	0.0	0.0	0.0	0.0	0.0	0.0	0.0	0.0	0.0	0.0	0.0	0.0	0.0	0.0	0.0	0.0	0.0	0.0	0.0	0.0	0.0	0.0	0.0	0.0	0.0	0.0	0.0	0.0	0.0	0.0	0.0	0.0	0.0	0.0	0.0	0.0	0.0	0.0	0.0	0.0	0.0	0.0	0.0	0.0	0.0	0.0	0.0	0.0	0.0	0.0	0.0	0.0	0.0	0.0	0.0	0.0	0.0	0.0	0.0	0.0	0.0	0.0	0.0	0.0	0.0	0.0	0.0	0.0	0.0	0.0	0.0	0.0	0.0	0.0	0.0	0.0	0.0	0.0	0.0	0.0	0.0	0.0	0.0	0.0	0.0	0.0	0.0	0.0	0.0	0.0	0.0	0.0	0.0	0.0	0.0	30.37338261999156	-0.22661738000844173	0.12538620588607005	-0.4515444339162224	31.176105211960063	0.564587039717122	0.04261581598413767	-0.34126838206501786	0.01451730943797134
286.0	286.4923	2600.0	2577.207306527104	-0.525903843810234	0.734981428386644	28.51042227007235	-132.69339110810682	185.4633672311929	-549.6750353872997	595.1023787185954	-215.5028185796546	-74.58372351074648	-549.6750353872997	595.1023787185968	6.9604670550634834e-15	0.0	6.9604670550634834e-15	-11.960717579534629	-11.004486929140935	-0.9053675855184996	-5.755488359859248	0.6012623040852928	0.25923088375128256	1.04240009796467	0.0	0.0	0.0	0.0	0.0	0.0	0.0	0.0	0.0	0.0	0.0	0.0	0.0	0.0	0.0	0.0	0.0	0.0	0.0	0.0	0.0	0.0	0.0	0.0	0.0	0.0	0.0	0.0	0.0	0.0	0.0	0.0	0.0	0.0	0.0	0.0	0.0	0.0	0.0	0.0	0.0	0.0	0.0	0.0	0.0	0.0	0.0	0.0	31857.784008903014	-1647.165832470653	56.544545881907496	31900.387999572107	-30036.236860652396	842.6197645335832	-10708.641356615824	31899.224638248164	0.0	0.0	0.0	0.0	0.0	0.0	0.0	0.0	0.0	0.0	0.0	0.0	0.0	0.0	0.0	0.0	0.0	0.0	0.0	0.0	0.0	0.0	0.0	0.0	0.0	0.0	0.0	0.0	30176.994256150967	-2227.4187420781354	10096.937948362818	31899.224638248164	0.0	0.0	0.0	0.0	0.0	0.0	0.0	0.0	0.0	0.0	0.0	0.0	0.0	0.0	0.0	0.0	0.0	0.0	0.0	0.0	0.0	0.0	0.0	0.0	0.0	0.0	0.0	0.0	0.0	0.0	0.0	0.0	0.0	0.0	0.0	0.0	0.0	0.0	0.0	0.0	0.0	0.0	0.0	0.0	0.0	0.0	0.0	0.0	0.0	0.0	0.0	0.0	0.0	0.0	0.0	0.0	0.0	0.0	0.0	0.0	0.0	0.0	0.0	0.0	0.0	0.0	0.0	0.0	0.0	0.0	0.0	0.0	0.0	0.0	0.0	0.0	0.0	0.0	0.0	0.0	0.0	0.0	0.0	0.0	0.0	0.0	0.0	0.0	0.0	0.0	0.0	0.0	0.0	0.0	0.0	0.0	0.0	0.0	0.0	0.0	30.339119732521347	-0.26088026747864757	0.1254253075389742	-0.4536273031237703	31.3572501668141	0.5645341857287463	0.04271443976928206	-0.3734066357444124	0.014491077623478987
287.0	287.4924	2600.0	2577.5859531652	-0.5513065787126002	0.7163280746586543	28.52069507065533	-130.36729246219332	196.95262393356919	-571.2298768629661	618.1339169137382	-227.03056976392324	-65.13898533834798	-571.2298768629661	618.1339169137384	4.654375476968373e-14	0.0	4.654375476968373e-14	-11.441183673276718	-10.481251268561795	-0.9052080733458316	-6.074967320264148	0.5559379194397915	0.2658606206187596	1.0449951023971227	0.0	0.0	0.0	0.0	0.0	0.0	0.0	0.0	0.0	0.0	0.0	0.0	0.0	0.0	0.0	0.0	0.0	0.0	0.0	0.0	0.0	0.0	0.0	0.0	0.0	0.0	0.0	0.0	0.0	0.0	0.0	0.0	0.0	0.0	0.0	0.0	0.0	0.0	0.0	0.0	0.0	0.0	0.0	0.0	0.0	0.0	0.0	0.0	31847.19457128877	-1644.8415441526759	42.94933813502881	31889.671531901073	-30053.918389235718	814.6804778540499	-10629.307975668073	31888.61713636135	0.0	0.0	0.0	0.0	0.0	0.0	0.0	0.0	0.0	0.0	0.0	0.0	0.0	0.0	0.0	0.0	0.0	0.0	0.0	0.0	0.0	0.0	0.0	0.0	0.0	0.0	0.0	0.0	30194.720765279268	-2226.569651246707	10010.251163901863	31888.61713636135	0.0	0.0	0.0	0.0	0.0	0.0	0.0	0.0	0.0	0.0	0.0	0.0	0.0	0.0	0.0	0.0	0.0	0.0	0.0	0.0	0.0	0.0	0.0	0.0	0.0	0.0	0.0	0.0	0.0	0.0	0.0	0.0	0.0	0.0	0.0	0.0	0.0	0.0	0.0	0.0	0.0	0.0	0.0	0.0	0.0	0.0	0.0	0.0	0.0	0.0	0.0	0.0	0.0	0.0	0.0	0.0	0.0	0.0	0.0	0.0	0.0	0.0	0.0	0.0	0.0	0.0	0.0	0.0	0.0	0.0	0.0	0.0	0.0	0.0	0.0	0.0	0.0	0.0	0.0	0.0	0.0	0.0	0.0	0.0	0.0	0.0	0.0	0.0	0.0	0.0	0.0	0.0	0.0	0.0	0.0	0.0	0.0	0.0	0.0	0.0	30.303041296576325	-0.29695870342367325	0.12545359262733186	-0.4556440474996268	31.53687822890568	0.56448132982123	0.0428238183258722	-0.4074270285721408	0.01442005549988323
288.0	288.4925	2600.0	2577.285861454124	-0.5760610484293877	0.6968083972590864	28.53023866533687	-132.28447477936055	188.38433992199592	-568.1171214101879	612.9803466954677	-220.61515417701227	-65.70232524766834	-568.1171214101879	612.9803466954676	6.931282756184423e-15	0.0	6.931282756184423e-15	-10.919678852286848	-9.956401570305315	-0.905026620506717	-6.392638833672434	0.5118174617286324	0.2724738208193882	1.047620049245701	0.0	0.0	0.0	0.0	0.0	0.0	0.0	0.0	0.0	0.0	0.0	0.0	0.0	0.0	0.0	0.0	0.0	0.0	0.0	0.0	0.0	0.0	0.0	0.0	0.0	0.0	0.0	0.0	0.0	0.0	0.0	0.0	0.0	0.0	0.0	0.0	0.0	0.0	0.0	0.0	0.0	0.0	0.0	0.0	0.0	0.0	0.0	0.0	31847.924164151522	-1643.7115011069548	56.317411311875276	31890.36269337861	-30063.46571781069	781.9797338043843	-10606.916804910958	31889.342222384617	0.0	0.0	0.0	0.0	0.0	0.0	0.0	0.0	0.0	0.0	0.0	0.0	0.0	0.0	0.0	0.0	0.0	0.0	0.0	0.0	0.0	0.0	0.0	0.0	0.0	0.0	0.0	0.0	30205.174689052743	-2226.623960910865	9980.967644315208	31889.342222384617	0.0	0.0	0.0	0.0	0.0	0.0	0.0	0.0	0.0	0.0	0.0	0.0	0.0	0.0	0.0	0.0	0.0	0.0	0.0	0.0	0.0	0.0	0.0	0.0	0.0	0.0	0.0	0.0	0.0	0.0	0.0	0.0	0.0	0.0	0.0	0.0	0.0	0.0	0.0	0.0	0.0	0.0	0.0	0.0	0.0	0.0	0.0	0.0	0.0	0.0	0.0	0.0	0.0	0.0	0.0	0.0	0.0	0.0	0.0	0.0	0.0	0.0	0.0	0.0	0.0	0.0	0.0	0.0	0.0	0.0	0.0	0.0	0.0	0.0	0.0	0.0	0.0	0.0	0.0	0.0	0.0	0.0	0.0	0.0	0.0	0.0	0.0	0.0	0.0	0.0	0.0	0.0	0.0	0.0	0.0	0.0	0.0	0.0	0.0	0.0	30.26521537838717	-0.33478462161282974	0.12547771604320065	-0.4576846998206939	31.71465352867034	0.5644284586879166	0.04290007658633306	-0.4431704832493287	0.01443132048991589
289.0	289.4925	2600.0	2577.5653364006516	-0.6001237220272078	0.6764529365088001	28.539023009279227	-130.88740894557853	189.0615952580183	-571.5495702426161	616.07200217711	-221.90054883911944	-60.29881463919446	-571.5495702426161	616.0720021771104	2.295423713275111e-14	0.0	2.295423713275111e-14	-10.39570173060074	-9.429897587665495	-0.904421093860297	-6.708353484964252	0.46880624169422597	0.2790771507506427	1.050138707478802	0.0	0.0	0.0	0.0	0.0	0.0	0.0	0.0	0.0	0.0	0.0	0.0	0.0	0.0	0.0	0.0	0.0	0.0	0.0	0.0	0.0	0.0	0.0	0.0	0.0	0.0	0.0	0.0	0.0	0.0	0.0	0.0	0.0	0.0	0.0	0.0	0.0	0.0	0.0	0.0	0.0	0.0	0.0	0.0	0.0	0.0	0.0	0.0	31840.660868813346	-1641.740776065968	56.41291413593995	31883.00769619235	-30080.1671847414	753.6654547536614	-10539.263606608609	31881.978402371245	0.0	0.0	0.0	0.0	0.0	0.0	0.0	0.0	0.0	0.0	0.0	0.0	0.0	0.0	0.0	0.0	0.0	0.0	0.0	0.0	0.0	0.0	0.0	0.0	0.0	0.0	0.0	0.0	30221.982031463638	-2225.749479071124	9906.482130179727	31881.978402371245	0.0	0.0	0.0	0.0	0.0	0.0	0.0	0.0	0.0	0.0	0.0	0.0	0.0	0.0	0.0	0.0	0.0	0.0	0.0	0.0	0.0	0.0	0.0	0.0	0.0	0.0	0.0	0.0	0.0	0.0	0.0	0.0	0.0	0.0	0.0	0.0	0.0	0.0	0.0	0.0	0.0	0.0	0.0	0.0	0.0	0.0	0.0	0.0	0.0	0.0	0.0	0.0	0.0	0.0	0.0	0.0	0.0	0.0	0.0	0.0	0.0	0.0	0.0	0.0	0.0	0.0	0.0	0.0	0.0	0.0	0.0	0.0	0.0	0.0	0.0	0.0	0.0	0.0	0.0	0.0	0.0	0.0	0.0	0.0	0.0	0.0	0.0	0.0	0.0	0.0	0.0	0.0	0.0	0.0	0.0	0.0	0.0	0.0	0.0	0.0	30.225695729481	-0.3743042705190015	0.12549782089326358	-0.45968989166273205	31.890777983675463	0.5643755935586714	0.0429873211102042	-0.4806436986925811	0.01438330172756078
290.0	290.4925	2600.0	2577.749467040561	-0.6234538248293169	0.6552600927629035	28.547016798452383	-130.0130192940996	178.24182406022462	-573.8367666467204	614.7862781372456	-212.47792949762155	-59.38570961674849	-573.8367666467204	614.7862781372431	0.0	0.0	0.0	-9.869689185169726	-8.902183294220777	-0.9034390241915766	-7.022078743280101	0.4271298492771764	0.2856678489068748	1.0527646772460415	0.0	0.0	0.0	0.0	0.0	0.0	0.0	0.0	0.0	0.0	0.0	0.0	0.0	0.0	0.0	0.0	0.0	0.0	0.0	0.0	0.0	0.0	0.0	0.0	0.0	0.0	0.0	0.0	0.0	0.0	0.0	0.0	0.0	0.0	0.0	0.0	0.0	0.0	0.0	0.0	0.0	0.0	0.0	0.0	0.0	0.0	0.0	0.0	31846.231795651558	-1640.7417303471263	55.1018605557179	31888.51751372439	-30103.486159783366	724.8490945453649	-10491.054353951666	31887.419253362288	0.0	0.0	0.0	0.0	0.0	0.0	0.0	0.0	0.0	0.0	0.0	0.0	0.0	0.0	0.0	0.0	0.0	0.0	0.0	0.0	0.0	0.0	0.0	0.0	0.0	0.0	0.0	0.0	30245.604507739714	-2226.35622126212	9851.611674093818	31887.419253362288	0.0	0.0	0.0	0.0	0.0	0.0	0.0	0.0	0.0	0.0	0.0	0.0	0.0	0.0	0.0	0.0	0.0	0.0	0.0	0.0	0.0	0.0	0.0	0.0	0.0	0.0	0.0	0.0	0.0	0.0	0.0	0.0	0.0	0.0	0.0	0.0	0.0	0.0	0.0	0.0	0.0	0.0	0.0	0.0	0.0	0.0	0.0	0.0	0.0	0.0	0.0	0.0	0.0	0.0	0.0	0.0	0.0	0.0	0.0	0.0	0.0	0.0	0.0	0.0	0.0	0.0	0.0	0.0	0.0	0.0	0.0	0.0	0.0	0.0	0.0	0.0	0.0	0.0	0.0	0.0	0.0	0.0	0.0	0.0	0.0	0.0	0.0	0.0	0.0	0.0	0.0	0.0	0.0	0.0	0.0	0.0	0.0	0.0	0.0	0.0	30.184505358033018	-0.415494641966987	0.1255120531369044	-0.46175165781054955	32.06505992936308	0.5643227219573359	0.04306051890661852	-0.5197313709745829	0.01434175504695029
291.0	291.4925	2600.0	2578.017641213869	-0.6460205698535005	0.6332874308495001	28.55420145714744	-128.55808237533714	167.73192462977016	-573.4648352523492	611.1653592564247	-203.16979190544222	-58.16540845839335	-573.4648352523492	611.1653592564262	-4.495236513880288e-15	0.0	-4.495236513880288e-15	-9.34173366931753	-8.373348953373698	-0.9021374171070091	-7.333708061760796	0.38677305015180263	0.29224221000150935	1.0554055090567553	0.0	0.0	0.0	0.0	0.0	0.0	0.0	0.0	0.0	0.0	0.0	0.0	0.0	0.0	0.0	0.0	0.0	0.0	0.0	0.0	0.0	0.0	0.0	0.0	0.0	0.0	0.0	0.0	0.0	0.0	0.0	0.0	0.0	0.0	0.0	0.0	0.0	0.0	0.0	0.0	0.0	0.0	0.0	0.0	0.0	0.0	0.0	0.0	31848.01151760359	-1639.4084153003587	53.61262515417282	31890.223766714855	-30125.7809158844	697.0792543559345	-10433.77375415483	31889.061291163915	0.0	0.0	0.0	0.0	0.0	0.0	0.0	0.0	0.0	0.0	0.0	0.0	0.0	0.0	0.0	0.0	0.0	0.0	0.0	0.0	0.0	0.0	0.0	0.0	0.0	0.0	0.0	0.0	30267.980340684622	-2226.5739827653556	9787.949960375277	31889.061291163915	0.0	0.0	0.0	0.0	0.0	0.0	0.0	0.0	0.0	0.0	0.0	0.0	0.0	0.0	0.0	0.0	0.0	0.0	0.0	0.0	0.0	0.0	0.0	0.0	0.0	0.0	0.0	0.0	0.0	0.0	0.0	0.0	0.0	0.0	0.0	0.0	0.0	0.0	0.0	0.0	0.0	0.0	0.0	0.0	0.0	0.0	0.0	0.0	0.0	0.0	0.0	0.0	0.0	0.0	0.0	0.0	0.0	0.0	0.0	0.0	0.0	0.0	0.0	0.0	0.0	0.0	0.0	0.0	0.0	0.0	0.0	0.0	0.0	0.0	0.0	0.0	0.0	0.0	0.0	0.0	0.0	0.0	0.0	0.0	0.0	0.0	0.0	0.0	0.0	0.0	0.0	0.0	0.0	0.0	0.0	0.0	0.0	0.0	0.0	0.0	30.141726246799333	-0.45827375320066116	0.12552370178107258	-0.46382889540655503	32.23745481865763	0.5642698638194223	0.043136375575330524	-0.5603927729949535	0.014284971077871701
292.0	292.4924	2600.0	2577.827941994946	-0.6677991787094679	0.6105722503286882	28.560560135731436	-129.44223864492963	166.49470098129405	-576.5342219410952	613.8953393449777	-203.34905979166064	-55.90114920204359	-576.5342219410952	613.8953393449779	8.242069117951681e-15	0.0	8.242069117951681e-15	-8.81211203262573	-7.843406971506302	-0.9008342995943573	-7.643205261915419	0.3479468265056173	0.2988005720429312	1.0581956532928762	0.0	0.0	0.0	0.0	0.0	0.0	0.0	0.0	0.0	0.0	0.0	0.0	0.0	0.0	0.0	0.0	0.0	0.0	0.0	0.0	0.0	0.0	0.0	0.0	0.0	0.0	0.0	0.0	0.0	0.0	0.0	0.0	0.0	0.0	0.0	0.0	0.0	0.0	0.0	0.0	0.0	0.0	0.0	0.0	0.0	0.0	0.0	0.0	31844.842644725755	-1637.9535134678629	58.755947462648265	31886.993383525325	-30138.52942078713	667.6279082975193	-10389.041832095847	31885.872621909322	0.0	0.0	0.0	0.0	0.0	0.0	0.0	0.0	0.0	0.0	0.0	0.0	0.0	0.0	0.0	0.0	0.0	0.0	0.0	0.0	0.0	0.0	0.0	0.0	0.0	0.0	0.0	0.0	30280.973500975	-2226.4907048423897	9737.2612081184	31885.872621909322	0.0	0.0	0.0	0.0	0.0	0.0	0.0	0.0	0.0	0.0	0.0	0.0	0.0	0.0	0.0	0.0	0.0	0.0	0.0	0.0	0.0	0.0	0.0	0.0	0.0	0.0	0.0	0.0	0.0	0.0	0.0	0.0	0.0	0.0	0.0	0.0	0.0	0.0	0.0	0.0	0.0	0.0	0.0	0.0	0.0	0.0	0.0	0.0	0.0	0.0	0.0	0.0	0.0	0.0	0.0	0.0	0.0	0.0	0.0	0.0	0.0	0.0	0.0	0.0	0.0	0.0	0.0	0.0	0.0	0.0	0.0	0.0	0.0	0.0	0.0	0.0	0.0	0.0	0.0	0.0	0.0	0.0	0.0	0.0	0.0	0.0	0.0	0.0	0.0	0.0	0.0	0.0	0.0	0.0	0.0	0.0	0.0	0.0	0.0	0.0	30.097420975834005	-0.5025790241659962	0.12554004833484408	-0.4659796136117049	32.40784276848559	0.5642169996135862	0.04321261030286523	-0.6025073599245756	0.014246025401158373
293.0	293.4924	2600.0	2577.915192717133	-0.6887650536891861	0.5871227228499855	28.566073702299086	-129.14612698674682	174.65894160469637	-587.011251413265	625.9126754459578	-211.66312419030504	-48.81792556172512	-587.011251413265	625.9126754459586	-1.0998242178147267e-14	0.0	-1.0998242178147267e-14	-8.280759721948638	-7.312820339272803	-0.8990499969321007	-7.9504420425722415	0.31059684521179287	0.30534276436867136	1.0610356396710137	0.0	0.0	0.0	0.0	0.0	0.0	0.0	0.0	0.0	0.0	0.0	0.0	0.0	0.0	0.0	0.0	0.0	0.0	0.0	0.0	0.0	0.0	0.0	0.0	0.0	0.0	0.0	0.0	0.0	0.0	0.0	0.0	0.0	0.0	0.0	0.0	0.0	0.0	0.0	0.0	0.0	0.0	0.0	0.0	0.0	0.0	0.0	0.0	31836.136500251752	-1635.0922305698707	56.900401582480995	31878.148495808728	-30156.55712346136	641.8601136410132	-10311.32577642931	31877.160494839038	0.0	0.0	0.0	0.0	0.0	0.0	0.0	0.0	0.0	0.0	0.0	0.0	0.0	0.0	0.0	0.0	0.0	0.0	0.0	0.0	0.0	0.0	0.0	0.0	0.0	0.0	0.0	0.0	30298.61796288748	-2225.3837622525084	9653.744240626069	31877.160494839038	0.0	0.0	0.0	0.0	0.0	0.0	0.0	0.0	0.0	0.0	0.0	0.0	0.0	0.0	0.0	0.0	0.0	0.0	0.0	0.0	0.0	0.0	0.0	0.0	0.0	0.0	0.0	0.0	0.0	0.0	0.0	0.0	0.0	0.0	0.0	0.0	0.0	0.0	0.0	0.0	0.0	0.0	0.0	0.0	0.0	0.0	0.0	0.0	0.0	0.0	0.0	0.0	0.0	0.0	0.0	0.0	0.0	0.0	0.0	0.0	0.0	0.0	0.0	0.0	0.0	0.0	0.0	0.0	0.0	0.0	0.0	0.0	0.0	0.0	0.0	0.0	0.0	0.0	0.0	0.0	0.0	0.0	0.0	0.0	0.0	0.0	0.0	0.0	0.0	0.0	0.0	0.0	0.0	0.0	0.0	0.0	0.0	0.0	0.0	0.0	30.051624812113168	-0.5483751878868296	0.12555292622728867	-0.4681592477234023	32.57624928526309	0.5641641540219745	0.04330215427246528	-0.6460847583663305	0.01417749389804836
294.0	294.4923	2600.0	2578.3836679489677	-0.7088961314382067	0.5629701776716676	28.57072880900248	-125.9248285869726	165.8939666051419	-579.9384254023142	616.2032520757758	-203.171067301002	-45.81907924018015	-579.9384254023142	616.2032520757757	0.0	0.0	0.0	-7.747949462635828	-6.7815691899498205	-0.897126596116989	-8.255364298360275	0.2748980062387849	0.3118743071815321	1.0640531282224652	0.0	0.0	0.0	0.0	0.0	0.0	0.0	0.0	0.0	0.0	0.0	0.0	0.0	0.0	0.0	0.0	0.0	0.0	0.0	0.0	0.0	0.0	0.0	0.0	0.0	0.0	0.0	0.0	0.0	0.0	0.0	0.0	0.0	0.0	0.0	0.0	0.0	0.0	0.0	0.0	0.0	0.0	0.0	0.0	0.0	0.0	0.0	0.0	31837.484947180183	-1633.9233694292654	54.890706518777506	31879.431712763548	-30183.19620381622	617.2990862099789	-10238.851964839623	31878.52695464146	0.0	0.0	0.0	0.0	0.0	0.0	0.0	0.0	0.0	0.0	0.0	0.0	0.0	0.0	0.0	0.0	0.0	0.0	0.0	0.0	0.0	0.0	0.0	0.0	0.0	0.0	0.0	0.0	30324.878351066956	-2225.85847507508	9575.37403132268	31878.52695464146	0.0	0.0	0.0	0.0	0.0	0.0	0.0	0.0	0.0	0.0	0.0	0.0	0.0	0.0	0.0	0.0	0.0	0.0	0.0	0.0	0.0	0.0	0.0	0.0	0.0	0.0	0.0	0.0	0.0	0.0	0.0	0.0	0.0	0.0	0.0	0.0	0.0	0.0	0.0	0.0	0.0	0.0	0.0	0.0	0.0	0.0	0.0	0.0	0.0	0.0	0.0	0.0	0.0	0.0	0.0	0.0	0.0	0.0	0.0	0.0	0.0	0.0	0.0	0.0	0.0	0.0	0.0	0.0	0.0	0.0	0.0	0.0	0.0	0.0	0.0	0.0	0.0	0.0	0.0	0.0	0.0	0.0	0.0	0.0	0.0	0.0	0.0	0.0	0.0	0.0	0.0	0.0	0.0	0.0	0.0	0.0	0.0	0.0	0.0	0.0	30.00439667490721	-0.5956033250927887	0.12556579910709348	-0.47042265912187586	32.742560001093274	0.5641113136676641	0.04339081334116107	-0.6910110075408179	0.014106734503563128
295.0	295.4922	2600.0	2578.628205927771	-0.728180521769394	0.5381458848319067	28.574517383732786	-125.09318405974773	161.37534898605466	-582.9113704359614	617.637412841958	-199.50306806710066	-43.46071548412147	-582.9113704359614	617.637412841959	2.654247912239491e-15	0.0	2.654247912239491e-15	-7.213888073635009	-6.24982455993336	-0.895145233649564	-8.557908622873658	0.24098009492531353	0.3183949442827326	1.0673187984813468	0.0	0.0	0.0	0.0	0.0	0.0	0.0	0.0	0.0	0.0	0.0	0.0	0.0	0.0	0.0	0.0	0.0	0.0	0.0	0.0	0.0	0.0	0.0	0.0	0.0	0.0	0.0	0.0	0.0	0.0	0.0	0.0	0.0	0.0	0.0	0.0	0.0	0.0	0.0	0.0	0.0	0.0	0.0	0.0	0.0	0.0	0.0	0.0	31835.923028537825	-1630.899182185083	55.45031121027476	31877.717954057665	-30205.557129246245	590.9684236968117	-10168.415623673634	31876.662332523705	0.0	0.0	0.0	0.0	0.0	0.0	0.0	0.0	0.0	0.0	0.0	0.0	0.0	0.0	0.0	0.0	0.0	0.0	0.0	0.0	0.0	0.0	0.0	0.0	0.0	0.0	0.0	0.0	30346.8481164334	-2224.575384956514	9499.561843395924	31876.662332523705	0.0	0.0	0.0	0.0	0.0	0.0	0.0	0.0	0.0	0.0	0.0	0.0	0.0	0.0	0.0	0.0	0.0	0.0	0.0	0.0	0.0	0.0	0.0	0.0	0.0	0.0	0.0	0.0	0.0	0.0	0.0	0.0	0.0	0.0	0.0	0.0	0.0	0.0	0.0	0.0	0.0	0.0	0.0	0.0	0.0	0.0	0.0	0.0	0.0	0.0	0.0	0.0	0.0	0.0	0.0	0.0	0.0	0.0	0.0	0.0	0.0	0.0	0.0	0.0	0.0	0.0	0.0	0.0	0.0	0.0	0.0	0.0	0.0	0.0	0.0	0.0	0.0	0.0	0.0	0.0	0.0	0.0	0.0	0.0	0.0	0.0	0.0	0.0	0.0	0.0	0.0	0.0	0.0	0.0	0.0	0.0	0.0	0.0	0.0	0.0	29.955796062416095	-0.6442039375839032	0.12557979693479343	-0.4727998304185762	32.90669086561837	0.5640584547094888	0.0434673533151278	-0.7371964507971804	0.01405002432470922
296.0	296.492	2600.0	2578.7721486356863	-0.7465899898552377	0.5126913223377979	28.57742944920246	-124.29465433689256	167.17869572841204	-589.4059856151722	625.1378194295824	-205.06886934202345	-36.66928181684125	-589.4059856151722	625.1378194295809	-4.392798568939795e-15	0.0	-4.392798568939795e-15	-6.678547856893742	-5.717903781958344	-0.892802280386678	-8.85795530593598	0.20882994122799767	0.3249147671055755	1.0707740125443281	0.0	0.0	0.0	0.0	0.0	0.0	0.0	0.0	0.0	0.0	0.0	0.0	0.0	0.0	0.0	0.0	0.0	0.0	0.0	0.0	0.0	0.0	0.0	0.0	0.0	0.0	0.0	0.0	0.0	0.0	0.0	0.0	0.0	0.0	0.0	0.0	0.0	0.0	0.0	0.0	0.0	0.0	0.0	0.0	0.0	0.0	0.0	0.0	31828.405628101806	-1630.0245434611716	53.3592479462833	31870.16209636546	-30225.720231573483	568.8111552862844	-10085.80520319376	31869.125752748525	0.0	0.0	0.0	0.0	0.0	0.0	0.0	0.0	0.0	0.0	0.0	0.0	0.0	0.0	0.0	0.0	0.0	0.0	0.0	0.0	0.0	0.0	0.0	0.0	0.0	0.0	0.0	0.0	30366.310709646652	-2225.25511187782	9411.513683609004	31869.125752748525	0.0	0.0	0.0	0.0	0.0	0.0	0.0	0.0	0.0	0.0	0.0	0.0	0.0	0.0	0.0	0.0	0.0	0.0	0.0	0.0	0.0	0.0	0.0	0.0	0.0	0.0	0.0	0.0	0.0	0.0	0.0	0.0	0.0	0.0	0.0	0.0	0.0	0.0	0.0	0.0	0.0	0.0	0.0	0.0	0.0	0.0	0.0	0.0	0.0	0.0	0.0	0.0	0.0	0.0	0.0	0.0	0.0	0.0	0.0	0.0	0.0	0.0	0.0	0.0	0.0	0.0	0.0	0.0	0.0	0.0	0.0	0.0	0.0	0.0	0.0	0.0	0.0	0.0	0.0	0.0	0.0	0.0	0.0	0.0	0.0	0.0	0.0	0.0	0.0	0.0	0.0	0.0	0.0	0.0	0.0	0.0	0.0	0.0	0.0	0.0	29.90589376680953	-0.6941062331904712	0.12559334404491146	-0.4752643054305939	33.06865739510304	0.5640056592754112	0.04354979934946919	-0.7845971805955514	0.013955692492589912
297.0	297.4919	2600.0	2578.896397425446	-0.7640968565021792	0.4866285703860945	28.579454170422	-123.2845959092265	166.71674060974053	-583.2698045916555	619.0292627464593	-204.80147387353102	-32.40246112977184	-583.2698045916555	619.0292627464594	-3.4401680035692066e-14	0.0	-3.4401680035692066e-14	-6.142246912916764	-5.185805900252611	-0.8904588573904784	-9.155407248992242	0.17840348815901047	0.33141197547802814	1.0743369204415885	0.0	0.0	0.0	0.0	0.0	0.0	0.0	0.0	0.0	0.0	0.0	0.0	0.0	0.0	0.0	0.0	0.0	0.0	0.0	0.0	0.0	0.0	0.0	0.0	0.0	0.0	0.0	0.0	0.0	0.0	0.0	0.0	0.0	0.0	0.0	0.0	0.0	0.0	0.0	0.0	0.0	0.0	0.0	0.0	0.0	0.0	0.0	0.0	31824.691945866427	-1627.8482453034137	55.543054830564834	31866.345764614634	-30247.41187187688	545.0224699785863	-10009.559280610243	31865.251472909964	0.0	0.0	0.0	0.0	0.0	0.0	0.0	0.0	0.0	0.0	0.0	0.0	0.0	0.0	0.0	0.0	0.0	0.0	0.0	0.0	0.0	0.0	0.0	0.0	0.0	0.0	0.0	0.0	30387.361288455882	-2224.908106579735	9330.182703137136	31865.251472909964	0.0	0.0	0.0	0.0	0.0	0.0	0.0	0.0	0.0	0.0	0.0	0.0	0.0	0.0	0.0	0.0	0.0	0.0	0.0	0.0	0.0	0.0	0.0	0.0	0.0	0.0	0.0	0.0	0.0	0.0	0.0	0.0	0.0	0.0	0.0	0.0	0.0	0.0	0.0	0.0	0.0	0.0	0.0	0.0	0.0	0.0	0.0	0.0	0.0	0.0	0.0	0.0	0.0	0.0	0.0	0.0	0.0	0.0	0.0	0.0	0.0	0.0	0.0	0.0	0.0	0.0	0.0	0.0	0.0	0.0	0.0	0.0	0.0	0.0	0.0	0.0	0.0	0.0	0.0	0.0	0.0	0.0	0.0	0.0	0.0	0.0	0.0	0.0	0.0	0.0	0.0	0.0	0.0	0.0	0.0	0.0	0.0	0.0	0.0	0.0	29.854742103296168	-0.7452578967038337	0.12560094703609936	-0.4777784182067688	33.22833115086543	0.563952812226791	0.043631002135289615	-0.8331980541141212	0.013871457858114241
298.0	298.4918	2600.0	2579.181191486977	-0.7806907789304194	0.45999514937210706	28.580590800859433	-121.7543691586943	153.55857981013972	-564.2665178710879	597.3282740946569	-193.04121975268941	-33.75575978901543	-564.2665178710879	597.3282740946579	-2.605129163046953e-15	0.0	-2.605129163046953e-15	-5.605286031787965	-4.654011877555663	-0.8879807840944226	-9.449294486973347	0.15018682848347956	0.3388607007113482	1.0781710085270322	0.0	0.0	0.0	0.0	0.0	0.0	0.0	0.0	0.0	0.0	0.0	0.0	0.0	0.0	0.0	0.0	0.0	0.0	0.0	0.0	0.0	0.0	0.0	0.0	0.0	0.0	0.0	0.0	0.0	0.0	0.0	0.0	0.0	0.0	0.0	0.0	0.0	0.0	0.0	0.0	0.0	0.0	0.0	0.0	0.0	0.0	0.0	0.0	31827.395610076455	-1625.840855315391	62.253142541926955	31868.955823197026	-30273.247286124664	520.5483730051494	-9941.415918675064	31868.043904883438	0.0	0.0	0.0	0.0	0.0	0.0	0.0	0.0	0.0	0.0	0.0	0.0	0.0	0.0	0.0	0.0	0.0	0.0	0.0	0.0	0.0	0.0	0.0	0.0	0.0	0.0	0.0	0.0	30412.592610641976	-2224.966161044797	9257.211167782065	31868.043904883438	0.0	0.0	0.0	0.0	0.0	0.0	0.0	0.0	0.0	0.0	0.0	0.0	0.0	0.0	0.0	0.0	0.0	0.0	0.0	0.0	0.0	0.0	0.0	0.0	0.0	0.0	0.0	0.0	0.0	0.0	0.0	0.0	0.0	0.0	0.0	0.0	0.0	0.0	0.0	0.0	0.0	0.0	0.0	0.0	0.0	0.0	0.0	0.0	0.0	0.0	0.0	0.0	0.0	0.0	0.0	0.0	0.0	0.0	0.0	0.0	0.0	0.0	0.0	0.0	0.0	0.0	0.0	0.0	0.0	0.0	0.0	0.0	0.0	0.0	0.0	0.0	0.0	0.0	0.0	0.0	0.0	0.0	0.0	0.0	0.0	0.0	0.0	0.0	0.0	0.0	0.0	0.0	0.0	0.0	0.0	0.0	0.0	0.0	0.0	0.0	29.802409502442078	-0.7975904975579198	0.1255872115747439	-0.4804055893778465	33.3856517645538	0.5638999758047074	0.04370636753257344	-0.8828674599762373	0.013814518591806582
299.0	299.4916	2600.0	2579.487700595139	-0.7963641050711613	0.43280495711002753	28.58083715493229	-120.12336640496505	134.74878865835169	-519.5590600735163	550.0258867597329	-176.42536873305653	-38.222355614994754	-519.5590600735163	550.0258867597324	1.2467913783666737e-14	0.0	1.2467913783666737e-14	-5.0682880580437635	-4.123454634914776	-0.8851455396819201	-9.734234924417562	0.125954747862726	0.3528262746138061	1.082308446209762	0.0	0.0	0.0	0.0	0.0	0.0	0.0	0.0	0.0	0.0	0.0	0.0	0.0	0.0	0.0	0.0	0.0	0.0	0.0	0.0	0.0	0.0	0.0	0.0	0.0	0.0	0.0	0.0	0.0	0.0	0.0	0.0	0.0	0.0	0.0	0.0	0.0	0.0	0.0	0.0	0.0	0.0	0.0	0.0	0.0	0.0	0.0	0.0	31833.171045343446	-1623.9647474876037	58.78417262653411	31874.621501786118	-30303.02260458486	497.5197321898555	-9869.392337008669	31873.587968092084	0.0	0.0	0.0	0.0	0.0	0.0	0.0	0.0	0.0	0.0	0.0	0.0	0.0	0.0	0.0	0.0	0.0	0.0	0.0	0.0	0.0	0.0	0.0	0.0	0.0	0.0	0.0	0.0	30441.516510667734	-2225.671639841625	9180.744427444466	31873.587968092084	0.0	0.0	0.0	0.0	0.0	0.0	0.0	0.0	0.0	0.0	0.0	0.0	0.0	0.0	0.0	0.0	0.0	0.0	0.0	0.0	0.0	0.0	0.0	0.0	0.0	0.0	0.0	0.0	0.0	0.0	0.0	0.0	0.0	0.0	0.0	0.0	0.0	0.0	0.0	0.0	0.0	0.0	0.0	0.0	0.0	0.0	0.0	0.0	0.0	0.0	0.0	0.0	0.0	0.0	0.0	0.0	0.0	0.0	0.0	0.0	0.0	0.0	0.0	0.0	0.0	0.0	0.0	0.0	0.0	0.0	0.0	0.0	0.0	0.0	0.0	0.0	0.0	0.0	0.0	0.0	0.0	0.0	0.0	0.0	0.0	0.0	0.0	0.0	0.0	0.0	0.0	0.0	0.0	0.0	0.0	0.0	0.0	0.0	0.0	0.0	29.74894090147275	-0.8510590985272516	0.1255617364811366	-0.4831653611213924	33.54070534660944	0.5638471151677008	0.04378638226354696	-0.933541620113705	0.01373847713214948
300.0	300.4915	2600.0	2579.7259627516346	-0.8110812473128743	0.4051146164997138	28.580191536224966	-118.57182013794227	123.26616850963978	-455.38158500363767	486.4424043916163	-166.38359790157662	-39.627303456072696	-455.38158500363767	486.4424043916182	-5.3607931788991575e-15	0.0	-5.3607931788991575e-15	-4.531273367582366	-3.5939433757083146	-0.8821525089986226	-10.011898743866753	0.10496623526046374	0.37139834099618185	1.0865996865466543	0.0	0.0	0.0	0.0	0.0	0.0	0.0	0.0	0.0	0.0	0.0	0.0	0.0	0.0	0.0	0.0	0.0	0.0	0.0	0.0	0.0	0.0	0.0	0.0	0.0	0.0	0.0	0.0	0.0	0.0	0.0	0.0	0.0	0.0	0.0	0.0	0.0	0.0	0.0	0.0	0.0	0.0	0.0	0.0	0.0	0.0	0.0	0.0	31835.75019515635	-1621.5686309598127	62.21888355210615	31877.081837940896	-30336.14708334025	477.6663643392282	-9776.692313942842	31876.224645010636	0.0	0.0	0.0	0.0	0.0	0.0	0.0	0.0	0.0	0.0	0.0	0.0	0.0	0.0	0.0	0.0	0.0	0.0	0.0	0.0	0.0	0.0	0.0	0.0	0.0	0.0	0.0	0.0	30473.34758639246	-2225.671743578032	9083.786093250455	31876.224645010636	0.0	0.0	0.0	0.0	0.0	0.0	0.0	0.0	0.0	0.0	0.0	0.0	0.0	0.0	0.0	0.0	0.0	0.0	0.0	0.0	0.0	0.0	0.0	0.0	0.0	0.0	0.0	0.0	0.0	0.0	0.0	0.0	0.0	0.0	0.0	0.0	0.0	0.0	0.0	0.0	0.0	0.0	0.0	0.0	0.0	0.0	0.0	0.0	0.0	0.0	0.0	0.0	0.0	0.0	0.0	0.0	0.0	0.0	0.0	0.0	0.0	0.0	0.0	0.0	0.0	0.0	0.0	0.0	0.0	0.0	0.0	0.0	0.0	0.0	0.0	0.0	0.0	0.0	0.0	0.0	0.0	0.0	0.0	0.0	0.0	0.0	0.0	0.0	0.0	0.0	0.0	0.0	0.0	0.0	0.0	0.0	0.0	0.0	0.0	0.0	29.694425055499227	-0.9055749445007778	0.12554123010020324	-0.4860199297894314	33.693393204817234	0.5637942528315525	0.04386539586502911	-0.9851689904670263	0.013640279747201691
301.0	301.4913	2600.0	2579.9881738055533	-0.8248044699926546	0.3769784619224448	28.578653855082933	-116.87095652039352	86.41573501014534	-337.28219334573083	367.26799164022225	-134.73820229876944	-54.51712186672011	-337.28219334573083	367.2679916402217	0.0	0.0	0.0	-3.993636051325028	-3.0649322549623155	-0.8789071842868396	-10.287259114398292	0.08563123838361278	0.38926296625568924	1.0910667952741107	0.0	0.0	0.0	0.0	0.0	0.0	0.0	0.0	0.0	0.0	0.0	0.0	0.0	0.0	0.0	0.0	0.0	0.0	0.0	0.0	0.0	0.0	0.0	0.0	0.0	0.0	0.0	0.0	0.0	0.0	0.0	0.0	0.0	0.0	0.0	0.0	0.0	0.0	0.0	0.0	0.0	0.0	0.0	0.0	0.0	0.0	0.0	0.0	31849.392944764604	-1619.7672273116023	60.187782118648656	31890.611461522814	-30379.641075930816	458.81665637739263	-9686.136471550391	31889.721610137185	0.0	0.0	0.0	0.0	0.0	0.0	0.0	0.0	0.0	0.0	0.0	0.0	0.0	0.0	0.0	0.0	0.0	0.0	0.0	0.0	0.0	0.0	0.0	0.0	0.0	0.0	0.0	0.0	30515.491236768772	-2226.627754559531	8988.952541501356	31889.721610137185	0.0	0.0	0.0	0.0	0.0	0.0	0.0	0.0	0.0	0.0	0.0	0.0	0.0	0.0	0.0	0.0	0.0	0.0	0.0	0.0	0.0	0.0	0.0	0.0	0.0	0.0	0.0	0.0	0.0	0.0	0.0	0.0	0.0	0.0	0.0	0.0	0.0	0.0	0.0	0.0	0.0	0.0	0.0	0.0	0.0	0.0	0.0	0.0	0.0	0.0	0.0	0.0	0.0	0.0	0.0	0.0	0.0	0.0	0.0	0.0	0.0	0.0	0.0	0.0	0.0	0.0	0.0	0.0	0.0	0.0	0.0	0.0	0.0	0.0	0.0	0.0	0.0	0.0	0.0	0.0	0.0	0.0	0.0	0.0	0.0	0.0	0.0	0.0	0.0	0.0	0.0	0.0	0.0	0.0	0.0	0.0	0.0	0.0	0.0	0.0	29.638949565205415	-0.9610504347945864	0.1255257637690609	-0.4889838154528554	33.84366509309219	0.5637413850193311	0.04393830201876044	-1.0376475469815427	0.013535468043057329
302.0	302.4911	2600.0	2579.99847101006	-0.8374686391332621	0.3484426237890082	28.576216647686753	-115.77857175283494	-47.740967865777044	70.18134002874312	143.55938902808683	-21.92437196228457	-123.30125548406798	70.18134002874311	143.55938902808856	0.0	0.0	0.0	-3.4556256420809	-2.536346084115572	-0.8757638527337163	-10.560165386613809	0.06804439684258774	0.4064982685170643	1.0957775143528166	0.0	0.0	0.0	0.0	0.0	0.0	0.0	0.0	0.0	0.0	0.0	0.0	0.0	0.0	0.0	0.0	0.0	0.0	0.0	0.0	0.0	0.0	0.0	0.0	0.0	0.0	0.0	0.0	0.0	0.0	0.0	0.0	0.0	0.0	0.0	0.0	0.0	0.0	0.0	0.0	0.0	0.0	0.0	0.0	0.0	0.0	0.0	0.0	31911.972168583256	-1620.6756967555175	62.37031010065111	31953.160210815895	-30468.170280986382	440.28859113780385	-9614.213891175765	31952.09481489352	0.0	0.0	0.0	0.0	0.0	0.0	0.0	0.0	0.0	0.0	0.0	0.0	0.0	0.0	0.0	0.0	0.0	0.0	0.0	0.0	0.0	0.0	0.0	0.0	0.0	0.0	0.0	0.0	30602.903296465298	-2230.9920934441557	8911.865526708096	31952.09481489352	0.0	0.0	0.0	0.0	0.0	0.0	0.0	0.0	0.0	0.0	0.0	0.0	0.0	0.0	0.0	0.0	0.0	0.0	0.0	0.0	0.0	0.0	0.0	0.0	0.0	0.0	0.0	0.0	0.0	0.0	0.0	0.0	0.0	0.0	0.0	0.0	0.0	0.0	0.0	0.0	0.0	0.0	0.0	0.0	0.0	0.0	0.0	0.0	0.0	0.0	0.0	0.0	0.0	0.0	0.0	0.0	0.0	0.0	0.0	0.0	0.0	0.0	0.0	0.0	0.0	0.0	0.0	0.0	0.0	0.0	0.0	0.0	0.0	0.0	0.0	0.0	0.0	0.0	0.0	0.0	0.0	0.0	0.0	0.0	0.0	0.0	0.0	0.0	0.0	0.0	0.0	0.0	0.0	0.0	0.0	0.0	0.0	0.0	0.0	0.0	29.582594413156535	-1.0174055868434662	0.12552861449848413	-0.4920850262917243	33.99143451880951	0.5636885201699536	0.04401792661528082	-1.0908695547979432	0.0134308267633702
303.0	303.4911	2600.0	2579.925664400715	-0.8491852087890217	0.31931995505647115	28.572881934741375	-117.32403974517366	-80.74592924715581	235.35541887502086	275.0945448131429	2.5995649765773132	-142.4011153539396	235.35541887502083	275.0945448131423	2.6580861984830377e-14	0.0	2.6580861984830377e-14	-2.91736247922842	-2.0084923424447467	-0.872556047470063	-10.830412545294829	0.05250375296671212	0.4232667589678123	1.100724894526127	0.0	0.0	0.0	0.0	0.0	0.0	0.0	0.0	0.0	0.0	0.0	0.0	0.0	0.0	0.0	0.0	0.0	0.0	0.0	0.0	0.0	0.0	0.0	0.0	0.0	0.0	0.0	0.0	0.0	0.0	0.0	0.0	0.0	0.0	0.0	0.0	0.0	0.0	0.0	0.0	0.0	0.0	0.0	0.0	0.0	0.0	0.0	0.0	31924.98977039946	-1618.447419253227	60.17213934727874	31966.043930636013	-30513.478666344694	423.7386765825403	-9513.84494097564	31965.061869929694	0.0	0.0	0.0	0.0	0.0	0.0	0.0	0.0	0.0	0.0	0.0	0.0	0.0	0.0	0.0	0.0	0.0	0.0	0.0	0.0	0.0	0.0	0.0	0.0	0.0	0.0	0.0	0.0	30646.608354919954	-2231.8291559088875	8807.355750020433	31965.061869929694	0.0	0.0	0.0	0.0	0.0	0.0	0.0	0.0	0.0	0.0	0.0	0.0	0.0	0.0	0.0	0.0	0.0	0.0	0.0	0.0	0.0	0.0	0.0	0.0	0.0	0.0	0.0	0.0	0.0	0.0	0.0	0.0	0.0	0.0	0.0	0.0	0.0	0.0	0.0	0.0	0.0	0.0	0.0	0.0	0.0	0.0	0.0	0.0	0.0	0.0	0.0	0.0	0.0	0.0	0.0	0.0	0.0	0.0	0.0	0.0	0.0	0.0	0.0	0.0	0.0	0.0	0.0	0.0	0.0	0.0	0.0	0.0	0.0	0.0	0.0	0.0	0.0	0.0	0.0	0.0	0.0	0.0	0.0	0.0	0.0	0.0	0.0	0.0	0.0	0.0	0.0	0.0	0.0	0.0	0.0	0.0	0.0	0.0	0.0	0.0	29.52520467875641	-1.074795321243592	0.12553773725325143	-0.4953144748345644	34.13668459707428	0.5636356539737707	0.044102636572722245	-1.144999261728578	0.01331533650814449
304.0	304.4911	2600.0	2580.502082316022	-0.8599124924187146	0.28980132907607087	28.568679545188235	-114.93373075833006	-115.87938573989526	275.5569859052861	320.2646514785698	30.4250461739175	-160.3499643617033	275.55698590528607	320.264651478571	0.0	0.0	0.0	-2.3791488538833367	-1.48159501913528	-0.8693786850458304	-11.09799865198742	0.03856857250668398	0.43936747569845375	1.105619073015319	0.0	0.0	0.0	0.0	0.0	0.0	0.0	0.0	0.0	0.0	0.0	0.0	0.0	0.0	0.0	0.0	0.0	0.0	0.0	0.0	0.0	0.0	0.0	0.0	0.0	0.0	0.0	0.0	0.0	0.0	0.0	0.0	0.0	0.0	0.0	0.0	0.0	0.0	0.0	0.0	0.0	0.0	0.0	0.0	0.0	0.0	0.0	0.0	31939.86878895528	-1616.9576207571956	70.99305101634872	31980.850679997497	-30551.491012041588	402.3960498360953	-9442.263739269078	31979.866637647145	0.0	0.0	0.0	0.0	0.0	0.0	0.0	0.0	0.0	0.0	0.0	0.0	0.0	0.0	0.0	0.0	0.0	0.0	0.0	0.0	0.0	0.0	0.0	0.0	0.0	0.0	0.0	0.0	30683.414554713716	-2232.956128935957	8732.344951473604	31979.866637647145	0.0	0.0	0.0	0.0	0.0	0.0	0.0	0.0	0.0	0.0	0.0	0.0	0.0	0.0	0.0	0.0	0.0	0.0	0.0	0.0	0.0	0.0	0.0	0.0	0.0	0.0	0.0	0.0	0.0	0.0	0.0	0.0	0.0	0.0	0.0	0.0	0.0	0.0	0.0	0.0	0.0	0.0	0.0	0.0	0.0	0.0	0.0	0.0	0.0	0.0	0.0	0.0	0.0	0.0	0.0	0.0	0.0	0.0	0.0	0.0	0.0	0.0	0.0	0.0	0.0	0.0	0.0	0.0	0.0	0.0	0.0	0.0	0.0	0.0	0.0	0.0	0.0	0.0	0.0	0.0	0.0	0.0	0.0	0.0	0.0	0.0	0.0	0.0	0.0	0.0	0.0	0.0	0.0	0.0	0.0	0.0	0.0	0.0	0.0	0.0	29.467006539865846	-1.1329934601341483	0.12553166950555067	-0.4985370812751348	34.279295964743504	0.5635827885676934	0.044168241991244	-1.1999438409440115	0.0132400166616333
305.0	305.491	2600.0	2580.5892170370635	-0.8695688326420158	0.2600317847350523	28.56362333350997	-113.18106709549828	-121.53421172597521	276.265918354495	322.34046629764373	33.243949209316256	-162.7125023152803	276.265918354495	322.3404662976466	-1.1837092061975066e-15	0.0	-1.1837092061975066e-15	-1.8406499425586371	-0.9555299239148006	-0.8660424132762852	-11.362914157140443	0.026340244846991528	0.4547607106243377	1.110662538058015	0.0	0.0	0.0	0.0	0.0	0.0	0.0	0.0	0.0	0.0	0.0	0.0	0.0	0.0	0.0	0.0	0.0	0.0	0.0	0.0	0.0	0.0	0.0	0.0	0.0	0.0	0.0	0.0	0.0	0.0	0.0	0.0	0.0	0.0	0.0	0.0	0.0	0.0	0.0	0.0	0.0	0.0	0.0	0.0	0.0	0.0	0.0	0.0	31935.336088975964	-1613.5417136124286	69.66869529186884	31976.148325033177	-30578.719115871554	386.4897941909471	-9337.428058016267	31974.912038456205	0.0	0.0	0.0	0.0	0.0	0.0	0.0	0.0	0.0	0.0	0.0	0.0	0.0	0.0	0.0	0.0	0.0	0.0	0.0	0.0	0.0	0.0	0.0	0.0	0.0	0.0	0.0	0.0	30708.864992206825	-2232.6581105224136	8624.143349860555	31974.912038456205	0.0	0.0	0.0	0.0	0.0	0.0	0.0	0.0	0.0	0.0	0.0	0.0	0.0	0.0	0.0	0.0	0.0	0.0	0.0	0.0	0.0	0.0	0.0	0.0	0.0	0.0	0.0	0.0	0.0	0.0	0.0	0.0	0.0	0.0	0.0	0.0	0.0	0.0	0.0	0.0	0.0	0.0	0.0	0.0	0.0	0.0	0.0	0.0	0.0	0.0	0.0	0.0	0.0	0.0	0.0	0.0	0.0	0.0	0.0	0.0	0.0	0.0	0.0	0.0	0.0	0.0	0.0	0.0	0.0	0.0	0.0	0.0	0.0	0.0	0.0	0.0	0.0	0.0	0.0	0.0	0.0	0.0	0.0	0.0	0.0	0.0	0.0	0.0	0.0	0.0	0.0	0.0	0.0	0.0	0.0	0.0	0.0	0.0	0.0	0.0	29.408180829000464	-1.191819170999537	0.1255227286918896	-0.5018419720047861	34.41942176392152	0.5635299223861768	0.04424098776419049	-1.2554349832781504	0.013110198855107629
306.0	306.4909	2600.0	2580.7929746932186	-0.8782802264771125	0.23012750933976198	28.55778689242448	-113.21710093432559	-60.07586832801644	217.43435744943483	252.39833933444774	-19.03154108184026	-126.74786918677638	217.43435744943483	252.39833933444677	-1.6476905979128427e-15	0.0	-1.6476905979128427e-15	-1.302092298592236	-0.43032771104739265	-0.8627602844108736	-11.624813956160793	0.015849190894993728	0.4697065821967598	1.1156914370610522	0.0	0.0	0.0	0.0	0.0	0.0	0.0	0.0	0.0	0.0	0.0	0.0	0.0	0.0	0.0	0.0	0.0	0.0	0.0	0.0	0.0	0.0	0.0	0.0	0.0	0.0	0.0	0.0	0.0	0.0	0.0	0.0	0.0	0.0	0.0	0.0	0.0	0.0	0.0	0.0	0.0	0.0	0.0	0.0	0.0	0.0	0.0	0.0	31455.136508543594	-1586.7592435202932	68.48000419209828	31495.207685916022	-30150.64911209015	365.9765184271581	-9093.136324188943	31494.137691048272	0.0	0.0	0.0	0.0	0.0	0.0	0.0	0.0	0.0	0.0	0.0	0.0	0.0	0.0	0.0	0.0	0.0	0.0	0.0	0.0	0.0	0.0	0.0	0.0	0.0	0.0	0.0	0.0	30277.03567629782	-2199.096355783699	8387.239997572207	31494.137691048272	0.0	0.0	0.0	0.0	0.0	0.0	0.0	0.0	0.0	0.0	0.0	0.0	0.0	0.0	0.0	0.0	0.0	0.0	0.0	0.0	0.0	0.0	0.0	0.0	0.0	0.0	0.0	0.0	0.0	0.0	0.0	0.0	0.0	0.0	0.0	0.0	0.0	0.0	0.0	0.0	0.0	0.0	0.0	0.0	0.0	0.0	0.0	0.0	0.0	0.0	0.0	0.0	0.0	0.0	0.0	0.0	0.0	0.0	0.0	0.0	0.0	0.0	0.0	0.0	0.0	0.0	0.0	0.0	0.0	0.0	0.0	0.0	0.0	0.0	0.0	0.0	0.0	0.0	0.0	0.0	0.0	0.0	0.0	0.0	0.0	0.0	0.0	0.0	0.0	0.0	0.0	0.0	0.0	0.0	0.0	0.0	0.0	0.0	0.0	0.0	29.348876232839725	-1.2511237671602726	0.12544135479142826	-0.505138833777392	34.55701437493463	0.5634770529246518	0.04431571229579304	-1.3114130538438322	0.01296907954336663
307.0	307.4909	2600.0	2580.794540583414	-0.8863647967288151	0.20049888104135058	28.551366391643864	-112.99370606500452	21.588870934786428	116.7111694388484	163.8754222887834	-85.90159570165997	-76.51518028765713	116.7111694388484	163.87542228878524	4.335946580702857e-15	0.0	4.335946580702857e-15	-0.763162000137112	0.0943129788315602	-0.8595399481859087	-11.884329481516493	0.005767098820576362	0.48319065429418123	1.1195519063773616	0.0	0.0	0.0	0.0	0.0	0.0	0.0	0.0	0.0	0.0	0.0	0.0	0.0	0.0	0.0	0.0	0.0	0.0	0.0	0.0	0.0	0.0	0.0	0.0	0.0	0.0	0.0	0.0	0.0	0.0	0.0	0.0	0.0	0.0	0.0	0.0	0.0	0.0	0.0	0.0	0.0	0.0	0.0	0.0	0.0	0.0	0.0	0.0	30664.46172865927	-1544.955174434488	71.03560068409102	30703.438661752298	-29422.335739613278	343.01538486064914	-8766.178177071073	30702.400228010403	0.0	0.0	0.0	0.0	0.0	0.0	0.0	0.0	0.0	0.0	0.0	0.0	0.0	0.0	0.0	0.0	0.0	0.0	0.0	0.0	0.0	0.0	0.0	0.0	0.0	0.0	0.0	0.0	29543.839916668556	-2143.9009882100468	8074.812152115147	30702.400228010403	0.0	0.0	0.0	0.0	0.0	0.0	0.0	0.0	0.0	0.0	0.0	0.0	0.0	0.0	0.0	0.0	0.0	0.0	0.0	0.0	0.0	0.0	0.0	0.0	0.0	0.0	0.0	0.0	0.0	0.0	0.0	0.0	0.0	0.0	0.0	0.0	0.0	0.0	0.0	0.0	0.0	0.0	0.0	0.0	0.0	0.0	0.0	0.0	0.0	0.0	0.0	0.0	0.0	0.0	0.0	0.0	0.0	0.0	0.0	0.0	0.0	0.0	0.0	0.0	0.0	0.0	0.0	0.0	0.0	0.0	0.0	0.0	0.0	0.0	0.0	0.0	0.0	0.0	0.0	0.0	0.0	0.0	0.0	0.0	0.0	0.0	0.0	0.0	0.0	0.0	0.0	0.0	0.0	0.0	0.0	0.0	0.0	0.0	0.0	0.0	29.289532896124275	-1.3104671038757163	0.12509456896890953	-0.5078797691652958	34.69218177433531	0.5634241805554839	0.04436292666336511	-1.3679812829276032	0.01285365166583807
308.0	308.4909	2600.0	2580.965097404012	-0.8936777625912795	0.170973630412191	28.544296949406416	-112.20300313937332	44.45215047307374	87.64634697201363	149.155589009308	-104.62704515120639	-60.1555402112026	87.6463469720136	149.15558900930526	2.9824262129371954e-14	0.0	2.9824262129371954e-14	-0.22403148303553533	0.6180749838262093	-0.856244748282514	-12.14105037901444	-0.0035074187307481165	0.4956164674456767	1.1225159641614397	0.0	0.0	0.0	0.0	0.0	0.0	0.0	0.0	0.0	0.0	0.0	0.0	0.0	0.0	0.0	0.0	0.0	0.0	0.0	0.0	0.0	0.0	0.0	0.0	0.0	0.0	0.0	0.0	0.0	0.0	0.0	0.0	0.0	0.0	0.0	0.0	0.0	0.0	0.0	0.0	0.0	0.0	0.0	0.0	0.0	0.0	0.0	0.0	30372.224860878418	-1528.201594352562	70.49564600843101	30410.728579710958	-29173.64595095374	328.70945010238586	-8576.380593221858	30409.932128401397	0.0	0.0	0.0	0.0	0.0	0.0	0.0	0.0	0.0	0.0	0.0	0.0	0.0	0.0	0.0	0.0	0.0	0.0	0.0	0.0	0.0	0.0	0.0	0.0	0.0	0.0	0.0	0.0	29292.14694389158	-2123.34751446718	7888.313812485411	30409.932128401397	0.0	0.0	0.0	0.0	0.0	0.0	0.0	0.0	0.0	0.0	0.0	0.0	0.0	0.0	0.0	0.0	0.0	0.0	0.0	0.0	0.0	0.0	0.0	0.0	0.0	0.0	0.0	0.0	0.0	0.0	0.0	0.0	0.0	0.0	0.0	0.0	0.0	0.0	0.0	0.0	0.0	0.0	0.0	0.0	0.0	0.0	0.0	0.0	0.0	0.0	0.0	0.0	0.0	0.0	0.0	0.0	0.0	0.0	0.0	0.0	0.0	0.0	0.0	0.0	0.0	0.0	0.0	0.0	0.0	0.0	0.0	0.0	0.0	0.0	0.0	0.0	0.0	0.0	0.0	0.0	0.0	0.0	0.0	0.0	0.0	0.0	0.0	0.0	0.0	0.0	0.0	0.0	0.0	0.0	0.0	0.0	0.0	0.0	0.0	0.0	29.23001701850899	-1.369982981491017	0.12458453868218806	-0.5102013052002987	34.824895221389454	0.5633713068467521	0.044392443956297656	-1.4251385975756097	0.012703385626691547
309.0	309.4909	2600.0	2580.4332966949623	-0.8997821387972936	0.14101314170097223	28.536345587381156	-115.06084696839753	60.94341230822647	90.22436347530267	158.40938663279715	-120.20518678830013	-50.03809626719885	90.22436347530264	158.40938663279744	-2.162198823753577e-15	0.0	-2.162198823753577e-15	0.3143589842710575	1.1401281867801747	-0.8529723549625837	-12.394182667845842	-0.01024049401024835	0.5080673346758862	1.126089435867259	0.0	0.0	0.0	0.0	0.0	0.0	0.0	0.0	0.0	0.0	0.0	0.0	0.0	0.0	0.0	0.0	0.0	0.0	0.0	0.0	0.0	0.0	0.0	0.0	0.0	0.0	0.0	0.0	0.0	0.0	0.0	0.0	0.0	0.0	0.0	0.0	0.0	0.0	0.0	0.0	0.0	0.0	0.0	0.0	0.0	0.0	0.0	0.0	30355.99336976419	-1525.7717709117298	68.38439868941681	30394.39075533613	-29193.304179074104	321.27757551942	-8451.200804565866	30393.66748537551	0.0	0.0	0.0	0.0	0.0	0.0	0.0	0.0	0.0	0.0	0.0	0.0	0.0	0.0	0.0	0.0	0.0	0.0	0.0	0.0	0.0	0.0	0.0	0.0	0.0	0.0	0.0	0.0	29309.609893647965	-2122.505483471972	7759.94597702697	30393.66748537551	0.0	0.0	0.0	0.0	0.0	0.0	0.0	0.0	0.0	0.0	0.0	0.0	0.0	0.0	0.0	0.0	0.0	0.0	0.0	0.0	0.0	0.0	0.0	0.0	0.0	0.0	0.0	0.0	0.0	0.0	0.0	0.0	0.0	0.0	0.0	0.0	0.0	0.0	0.0	0.0	0.0	0.0	0.0	0.0	0.0	0.0	0.0	0.0	0.0	0.0	0.0	0.0	0.0	0.0	0.0	0.0	0.0	0.0	0.0	0.0	0.0	0.0	0.0	0.0	0.0	0.0	0.0	0.0	0.0	0.0	0.0	0.0	0.0	0.0	0.0	0.0	0.0	0.0	0.0	0.0	0.0	0.0	0.0	0.0	0.0	0.0	0.0	0.0	0.0	0.0	0.0	0.0	0.0	0.0	0.0	0.0	0.0	0.0	0.0	0.0	29.16983478159194	-1.4301652184080567	0.12416692615866019	-0.5128090530502672	34.95483839988795	0.5633184394203521	0.04442050766935014	-1.4826783418993474	0.01253879862531871
310.0	310.4909	2600.0	2580.060081748402	-0.9046606682319673	0.11066168043632622	28.52753162139962	-116.94191282534304	31.69200502667354	120.88971548451843	171.15524376363305	-100.03567731308792	-68.35683888516357	120.8897154845184	171.15524376363197	0.0	0.0	0.0	0.8516123471583641	1.6601942460061538	-0.8498341921186593	-12.64343508978143	-0.014203280515892966	0.5207940546990554	1.130418137071454	0.0	0.0	0.0	0.0	0.0	0.0	0.0	0.0	0.0	0.0	0.0	0.0	0.0	0.0	0.0	0.0	0.0	0.0	0.0	0.0	0.0	0.0	0.0	0.0	0.0	0.0	0.0	0.0	0.0	0.0	0.0	0.0	0.0	0.0	0.0	0.0	0.0	0.0	0.0	0.0	0.0	0.0	0.0	0.0	0.0	0.0	0.0	0.0	30360.918562507864	-1523.6214754782686	78.3052462045072	30399.225813684083	-29219.864675171684	303.5326913434525	-8377.141166041416	30398.50519097684	0.0	0.0	0.0	0.0	0.0	0.0	0.0	0.0	0.0	0.0	0.0	0.0	0.0	0.0	0.0	0.0	0.0	0.0	0.0	0.0	0.0	0.0	0.0	0.0	0.0	0.0	0.0	0.0	29334.66641419572	-2122.5427686924745	7683.832143453872	30398.50519097684	0.0	0.0	0.0	0.0	0.0	0.0	0.0	0.0	0.0	0.0	0.0	0.0	0.0	0.0	0.0	0.0	0.0	0.0	0.0	0.0	0.0	0.0	0.0	0.0	0.0	0.0	0.0	0.0	0.0	0.0	0.0	0.0	0.0	0.0	0.0	0.0	0.0	0.0	0.0	0.0	0.0	0.0	0.0	0.0	0.0	0.0	0.0	0.0	0.0	0.0	0.0	0.0	0.0	0.0	0.0	0.0	0.0	0.0	0.0	0.0	0.0	0.0	0.0	0.0	0.0	0.0	0.0	0.0	0.0	0.0	0.0	0.0	0.0	0.0	0.0	0.0	0.0	0.0	0.0	0.0	0.0	0.0	0.0	0.0	0.0	0.0	0.0	0.0	0.0	0.0	0.0	0.0	0.0	0.0	0.0	0.0	0.0	0.0	0.0	0.0	29.10906702000173	-1.4909329799982702	0.12383934542837297	-0.5157625769526614	35.08189577617226	0.5632655705076902	0.04444714759661247	-1.5404598399015985	0.012413770659100968
311.0	311.491	2600.0	2580.2285258634165	-0.9083412170807622	0.08004139412935064	28.51790786067993	-115.98354749551437	23.64908348744575	136.10671277539677	180.3787673257714	-94.55391274967042	-71.2110948038826	136.10671277539674	180.37876732576981	1.680730564381107e-15	0.0	1.680730564381107e-15	1.3880526560057744	2.1783372130714542	-0.8465697572607552	-12.888915726713654	-0.01610830383124249	0.5334250063847202	1.134884340224868	0.0	0.0	0.0	0.0	0.0	0.0	0.0	0.0	0.0	0.0	0.0	0.0	0.0	0.0	0.0	0.0	0.0	0.0	0.0	0.0	0.0	0.0	0.0	0.0	0.0	0.0	0.0	0.0	0.0	0.0	0.0	0.0	0.0	0.0	0.0	0.0	0.0	0.0	0.0	0.0	0.0	0.0	0.0	0.0	0.0	0.0	0.0	0.0	30364.6058724015	-1521.486846774029	77.69414359853991	30402.8000090639	-29257.91255713793	296.72562008152954	-8256.915389837028	30402.14046822477	0.0	0.0	0.0	0.0	0.0	0.0	0.0	0.0	0.0	0.0	0.0	0.0	0.0	0.0	0.0	0.0	0.0	0.0	0.0	0.0	0.0	0.0	0.0	0.0	0.0	0.0	0.0	0.0	29370.447948358174	-2122.82400330396	7560.459682681325	30402.14046822477	0.0	0.0	0.0	0.0	0.0	0.0	0.0	0.0	0.0	0.0	0.0	0.0	0.0	0.0	0.0	0.0	0.0	0.0	0.0	0.0	0.0	0.0	0.0	0.0	0.0	0.0	0.0	0.0	0.0	0.0	0.0	0.0	0.0	0.0	0.0	0.0	0.0	0.0	0.0	0.0	0.0	0.0	0.0	0.0	0.0	0.0	0.0	0.0	0.0	0.0	0.0	0.0	0.0	0.0	0.0	0.0	0.0	0.0	0.0	0.0	0.0	0.0	0.0	0.0	0.0	0.0	0.0	0.0	0.0	0.0	0.0	0.0	0.0	0.0	0.0	0.0	0.0	0.0	0.0	0.0	0.0	0.0	0.0	0.0	0.0	0.0	0.0	0.0	0.0	0.0	0.0	0.0	0.0	0.0	0.0	0.0	0.0	0.0	0.0	0.0	29.04787224711399	-1.5521277528860082	0.12357733069954423	-0.5187858408527265	35.206214352210104	0.5632127023701605	0.04447696327372118	-1.598600315970806	0.01226942617000409
312.0	312.491	2600.0	2579.8395149456583	-0.9108455661729843	0.04924525840326565	28.507521057434147	-118.98746763800592	36.53192688681701	122.11415427181461	174.36876386121966	-107.310998828656	-63.063053108508036	122.11415427181458	174.3687638612227	-1.0020193770970861e-15	0.0	-1.0020193770970861e-15	1.9235224890369869	2.694481179231679	-0.8432533279647951	-13.130535876954713	-0.015662728255303425	0.5460442162653375	1.1397644814809433	0.0	0.0	0.0	0.0	0.0	0.0	0.0	0.0	0.0	0.0	0.0	0.0	0.0	0.0	0.0	0.0	0.0	0.0	0.0	0.0	0.0	0.0	0.0	0.0	0.0	0.0	0.0	0.0	0.0	0.0	0.0	0.0	0.0	0.0	0.0	0.0	0.0	0.0	0.0	0.0	0.0	0.0	0.0	0.0	0.0	0.0	0.0	0.0	30349.645847260836	-1518.1841361635795	79.42462620337314	30387.698076634617	-29275.925098812262	288.9295233547302	-8136.460097854327	30386.925701437907	0.0	0.0	0.0	0.0	0.0	0.0	0.0	0.0	0.0	0.0	0.0	0.0	0.0	0.0	0.0	0.0	0.0	0.0	0.0	0.0	0.0	0.0	0.0	0.0	0.0	0.0	0.0	0.0	29386.12378412008	-2121.734959598662	7437.689378449263	30386.925701437907	0.0	0.0	0.0	0.0	0.0	0.0	0.0	0.0	0.0	0.0	0.0	0.0	0.0	0.0	0.0	0.0	0.0	0.0	0.0	0.0	0.0	0.0	0.0	0.0	0.0	0.0	0.0	0.0	0.0	0.0	0.0	0.0	0.0	0.0	0.0	0.0	0.0	0.0	0.0	0.0	0.0	0.0	0.0	0.0	0.0	0.0	0.0	0.0	0.0	0.0	0.0	0.0	0.0	0.0	0.0	0.0	0.0	0.0	0.0	0.0	0.0	0.0	0.0	0.0	0.0	0.0	0.0	0.0	0.0	0.0	0.0	0.0	0.0	0.0	0.0	0.0	0.0	0.0	0.0	0.0	0.0	0.0	0.0	0.0	0.0	0.0	0.0	0.0	0.0	0.0	0.0	0.0	0.0	0.0	0.0	0.0	0.0	0.0	0.0	0.0	28.986379815766703	-1.6136201842332911	0.12336147018169728	-0.5219656414047317	35.32776255471658	0.5631598338791297	0.044505383048595276	-1.6568835749806612	0.01210363212176927
313.0	313.491	2600.0	2580.010970286789	-0.9121401390338397	0.018363565550140674	28.496404854580682	-118.24058768985562	32.835074169674044	118.44651695257848	170.5536749858175	-105.19920477680716	-63.18311473248106	118.44651695257846	170.55367498581762	-1.120365885881002e-15	0.0	-1.120365885881002e-15	2.45805885585299	3.208650352625698	-0.8398667165801191	-13.368342516698515	-0.012316439110696678	0.5586653217769887	1.1456268505640337	0.0	0.0	0.0	0.0	0.0	0.0	0.0	0.0	0.0	0.0	0.0	0.0	0.0	0.0	0.0	0.0	0.0	0.0	0.0	0.0	0.0	0.0	0.0	0.0	0.0	0.0	0.0	0.0	0.0	0.0	0.0	0.0	0.0	0.0	0.0	0.0	0.0	0.0	0.0	0.0	0.0	0.0	0.0	0.0	0.0	0.0	0.0	0.0	30346.067661921552	-1515.1505122589729	77.83133117706308	30383.968821285223	-29307.024260402035	283.55390509732797	-8009.515005618252	30383.126969456473	0.0	0.0	0.0	0.0	0.0	0.0	0.0	0.0	0.0	0.0	0.0	0.0	0.0	0.0	0.0	0.0	0.0	0.0	0.0	0.0	0.0	0.0	0.0	0.0	0.0	0.0	0.0	0.0	29414.692928416272	-2121.4537811016853	7308.192541507143	30383.126969456473	0.0	0.0	0.0	0.0	0.0	0.0	0.0	0.0	0.0	0.0	0.0	0.0	0.0	0.0	0.0	0.0	0.0	0.0	0.0	0.0	0.0	0.0	0.0	0.0	0.0	0.0	0.0	0.0	0.0	0.0	0.0	0.0	0.0	0.0	0.0	0.0	0.0	0.0	0.0	0.0	0.0	0.0	0.0	0.0	0.0	0.0	0.0	0.0	0.0	0.0	0.0	0.0	0.0	0.0	0.0	0.0	0.0	0.0	0.0	0.0	0.0	0.0	0.0	0.0	0.0	0.0	0.0	0.0	0.0	0.0	0.0	0.0	0.0	0.0	0.0	0.0	0.0	0.0	0.0	0.0	0.0	0.0	0.0	0.0	0.0	0.0	0.0	0.0	0.0	0.0	0.0	0.0	0.0	0.0	0.0	0.0	0.0	0.0	0.0	0.0	28.924716607193513	-1.6752833928064843	0.12320083068360543	-0.5254488638257467	35.44656257416178	0.5631069631629585	0.044546030630054634	-1.7150373888261021	0.01191457813280739
314.0	314.4909	2600.0	2580.0169612118666	-0.9122535381684803	-0.01253219738686157	28.484607525217974	-117.84130407566045	16.654470004956238	129.02732853234508	175.5334607007791	-94.463373081795	-72.39209531024606	129.02732853234505	175.53346070077873	1.0308585619214394e-15	0.0	1.0308585619214394e-15	2.9913156231457445	3.72086201840917	-0.8367668981816767	-13.602417594154035	-0.006659160327392491	0.5709753209081994	1.151960511593487	0.0	0.0	0.0	0.0	0.0	0.0	0.0	0.0	0.0	0.0	0.0	0.0	0.0	0.0	0.0	0.0	0.0	0.0	0.0	0.0	0.0	0.0	0.0	0.0	0.0	0.0	0.0	0.0	0.0	0.0	0.0	0.0	0.0	0.0	0.0	0.0	0.0	0.0	0.0	0.0	0.0	0.0	0.0	0.0	0.0	0.0	0.0	0.0	30347.801556951512	-1511.917536750738	84.15028339400585	30385.556359037408	-29338.07480686606	274.4635404534295	-7901.126485539826	30384.630380322324	0.0	0.0	0.0	0.0	0.0	0.0	0.0	0.0	0.0	0.0	0.0	0.0	0.0	0.0	0.0	0.0	0.0	0.0	0.0	0.0	0.0	0.0	0.0	0.0	0.0	0.0	0.0	0.0	29443.454754404807	-2121.5669517050824	7197.7558407851275	30384.630380322324	0.0	0.0	0.0	0.0	0.0	0.0	0.0	0.0	0.0	0.0	0.0	0.0	0.0	0.0	0.0	0.0	0.0	0.0	0.0	0.0	0.0	0.0	0.0	0.0	0.0	0.0	0.0	0.0	0.0	0.0	0.0	0.0	0.0	0.0	0.0	0.0	0.0	0.0	0.0	0.0	0.0	0.0	0.0	0.0	0.0	0.0	0.0	0.0	0.0	0.0	0.0	0.0	0.0	0.0	0.0	0.0	0.0	0.0	0.0	0.0	0.0	0.0	0.0	0.0	0.0	0.0	0.0	0.0	0.0	0.0	0.0	0.0	0.0	0.0	0.0	0.0	0.0	0.0	0.0	0.0	0.0	0.0	0.0	0.0	0.0	0.0	0.0	0.0	0.0	0.0	0.0	0.0	0.0	0.0	0.0	0.0	0.0	0.0	0.0	0.0	28.86299122961743	-1.7370087703825803	0.12306733361462265	-0.5290144471591274	35.56250385566585	0.5630540931972434	0.04457597185268107	-1.7731719139940634	0.01177582524442642
315.0	315.4908	2600.0	2580.001479628812	-0.9112008977821097	-0.04340229507112392	28.47216712782933	-117.80757571398497	15.12566469544072	122.91468470272537	170.92521857132607	-94.61648979178425	-71.79923737454737	122.91468470272535	170.92521857132667	-2.5297130744820376e-15	0.0	-2.5297130744820376e-15	3.52344720214481	4.2310046000311905	-0.8336723137174111	-13.832581544974593	0.0017682544750539666	0.5831767612420518	1.1591804315238872	0.0	0.0	0.0	0.0	0.0	0.0	0.0	0.0	0.0	0.0	0.0	0.0	0.0	0.0	0.0	0.0	0.0	0.0	0.0	0.0	0.0	0.0	0.0	0.0	0.0	0.0	0.0	0.0	0.0	0.0	0.0	0.0	0.0	0.0	0.0	0.0	0.0	0.0	0.0	0.0	0.0	0.0	0.0	0.0	0.0	0.0	0.0	0.0	30343.107633642943	-1507.6994362207295	86.21959796329057	30380.664447570824	-29365.70534364595	268.0859027650937	-7779.772295739838	30379.950252669256	0.0	0.0	0.0	0.0	0.0	0.0	0.0	0.0	0.0	0.0	0.0	0.0	0.0	0.0	0.0	0.0	0.0	0.0	0.0	0.0	0.0	0.0	0.0	0.0	0.0	0.0	0.0	0.0	29468.528028363282	-2121.249274863185	7074.428224960539	30379.950252669256	0.0	0.0	0.0	0.0	0.0	0.0	0.0	0.0	0.0	0.0	0.0	0.0	0.0	0.0	0.0	0.0	0.0	0.0	0.0	0.0	0.0	0.0	0.0	0.0	0.0	0.0	0.0	0.0	0.0	0.0	0.0	0.0	0.0	0.0	0.0	0.0	0.0	0.0	0.0	0.0	0.0	0.0	0.0	0.0	0.0	0.0	0.0	0.0	0.0	0.0	0.0	0.0	0.0	0.0	0.0	0.0	0.0	0.0	0.0	0.0	0.0	0.0	0.0	0.0	0.0	0.0	0.0	0.0	0.0	0.0	0.0	0.0	0.0	0.0	0.0	0.0	0.0	0.0	0.0	0.0	0.0	0.0	0.0	0.0	0.0	0.0	0.0	0.0	0.0	0.0	0.0	0.0	0.0	0.0	0.0	0.0	0.0	0.0	0.0	0.0	28.801280515525512	-1.7987194844744891	0.12294944579086951	-0.5328196014406872	35.675707121097446	0.5630012208946671	0.044606282333850146	-1.8310549265315488	0.011612546769687539
316.0	316.4907	2600.0	2579.9761009345184	-0.9089826442196909	-0.07422315692887657	28.45911474430587	-117.906723397733	7.973244430670094	122.7114462751168	170.36333847419056	-91.00267836732199	-75.39284169676829	122.71144627511678	170.36333847418905	-5.743899592257476e-15	0.0	-5.743899592257476e-15	4.054279449295389	4.73887246979002	-0.8305347030890539	-14.05891612753152	0.01295240928239468	0.5950970500181055	1.1672739976633362	0.0	0.0	0.0	0.0	0.0	0.0	0.0	0.0	0.0	0.0	0.0	0.0	0.0	0.0	0.0	0.0	0.0	0.0	0.0	0.0	0.0	0.0	0.0	0.0	0.0	0.0	0.0	0.0	0.0	0.0	0.0	0.0	0.0	0.0	0.0	0.0	0.0	0.0	0.0	0.0	0.0	0.0	0.0	0.0	0.0	0.0	0.0	0.0	30341.152933939757	-1503.588102832449	90.85214833718524	30378.521897165414	-29395.56729588459	262.156126293453	-7657.414254162933	30377.69075392813	0.0	0.0	0.0	0.0	0.0	0.0	0.0	0.0	0.0	0.0	0.0	0.0	0.0	0.0	0.0	0.0	0.0	0.0	0.0	0.0	0.0	0.0	0.0	0.0	0.0	0.0	0.0	0.0	29495.7327065239	-2121.08410845894	6950.312931906739	30377.69075392813	0.0	0.0	0.0	0.0	0.0	0.0	0.0	0.0	0.0	0.0	0.0	0.0	0.0	0.0	0.0	0.0	0.0	0.0	0.0	0.0	0.0	0.0	0.0	0.0	0.0	0.0	0.0	0.0	0.0	0.0	0.0	0.0	0.0	0.0	0.0	0.0	0.0	0.0	0.0	0.0	0.0	0.0	0.0	0.0	0.0	0.0	0.0	0.0	0.0	0.0	0.0	0.0	0.0	0.0	0.0	0.0	0.0	0.0	0.0	0.0	0.0	0.0	0.0	0.0	0.0	0.0	0.0	0.0	0.0	0.0	0.0	0.0	0.0	0.0	0.0	0.0	0.0	0.0	0.0	0.0	0.0	0.0	0.0	0.0	0.0	0.0	0.0	0.0	0.0	0.0	0.0	0.0	0.0	0.0	0.0	0.0	0.0	0.0	0.0	0.0	28.739644619483595	-1.8603553805164026	0.12285823501495624	-0.5368273825775929	35.78613613711427	0.5629483523596686	0.04464474136243623	-1.8886631092268762	0.011428630777849468
317.0	317.4906	2600.0	2579.97985503523	-0.9056234525666843	-0.10496663219602313	28.44548993153306	-118.26794902167241	11.585282526206358	115.1069591406667	165.44225149464097	-95.01144782335905	-71.37472465456811	115.10695914066669	165.44225149464512	1.2657985364054477e-15	0.0	1.2657985364054477e-15	4.583600362935964	5.244615785640319	-0.8277106240337658	-14.281560949849185	0.02676142413119294	0.6064808419353039	1.176159095067269	0.0	0.0	0.0	0.0	0.0	0.0	0.0	0.0	0.0	0.0	0.0	0.0	0.0	0.0	0.0	0.0	0.0	0.0	0.0	0.0	0.0	0.0	0.0	0.0	0.0	0.0	0.0	0.0	0.0	0.0	0.0	0.0	0.0	0.0	0.0	0.0	0.0	0.0	0.0	0.0	0.0	0.0	0.0	0.0	0.0	0.0	0.0	0.0	30333.18893885149	-1499.07774990922	94.86522935347782	30370.357006661536	-29419.75368098211	257.3701880455693	-7531.446741508376	30369.570890671675	0.0	0.0	0.0	0.0	0.0	0.0	0.0	0.0	0.0	0.0	0.0	0.0	0.0	0.0	0.0	0.0	0.0	0.0	0.0	0.0	0.0	0.0	0.0	0.0	0.0	0.0	0.0	0.0	29517.171990257455	-2121.0685335000408	6822.643333583323	30369.570890671675	0.0	0.0	0.0	0.0	0.0	0.0	0.0	0.0	0.0	0.0	0.0	0.0	0.0	0.0	0.0	0.0	0.0	0.0	0.0	0.0	0.0	0.0	0.0	0.0	0.0	0.0	0.0	0.0	0.0	0.0	0.0	0.0	0.0	0.0	0.0	0.0	0.0	0.0	0.0	0.0	0.0	0.0	0.0	0.0	0.0	0.0	0.0	0.0	0.0	0.0	0.0	0.0	0.0	0.0	0.0	0.0	0.0	0.0	0.0	0.0	0.0	0.0	0.0	0.0	0.0	0.0	0.0	0.0	0.0	0.0	0.0	0.0	0.0	0.0	0.0	0.0	0.0	0.0	0.0	0.0	0.0	0.0	0.0	0.0	0.0	0.0	0.0	0.0	0.0	0.0	0.0	0.0	0.0	0.0	0.0	0.0	0.0	0.0	0.0	0.0	28.678148795099705	-1.9218512049002958	0.12277350056210526	-0.5409620091978565	35.893742276601934	0.5628954707559353	0.04468011000479809	-1.9460063322346999	0.01127871010184396
318.0	318.4905	2600.0	2580.202091641562	-0.9010960704855256	-0.13557457810367596	28.431328479303822	-117.02382695860068	2.7061593769922188	115.0092469099964	164.1006588939079	-89.42627625314526	-75.53039447868649	115.00924690999642	164.10065889390683	0.0	0.0	0.0	5.111447949135869	5.747840529545427	-0.8247514571463211	-14.50081637893158	0.04417326752278678	0.6171778701667923	1.1868693781040103	0.0	0.0	0.0	0.0	0.0	0.0	0.0	0.0	0.0	0.0	0.0	0.0	0.0	0.0	0.0	0.0	0.0	0.0	0.0	0.0	0.0	0.0	0.0	0.0	0.0	0.0	0.0	0.0	0.0	0.0	0.0	0.0	0.0	0.0	0.0	0.0	0.0	0.0	0.0	0.0	0.0	0.0	0.0	0.0	0.0	0.0	0.0	0.0	30335.31738502918	-1493.3091043494112	99.22084279255976	30372.21259156518	-29453.689753125967	251.89620847656525	-7405.601558559782	30371.47059688394	0.0	0.0	0.0	0.0	0.0	0.0	0.0	0.0	0.0	0.0	0.0	0.0	0.0	0.0	0.0	0.0	0.0	0.0	0.0	0.0	0.0	0.0	0.0	0.0	0.0	0.0	0.0	0.0	29548.239212640074	-2120.8963278921437	6695.489856337517	30371.47059688394	0.0	0.0	0.0	0.0	0.0	0.0	0.0	0.0	0.0	0.0	0.0	0.0	0.0	0.0	0.0	0.0	0.0	0.0	0.0	0.0	0.0	0.0	0.0	0.0	0.0	0.0	0.0	0.0	0.0	0.0	0.0	0.0	0.0	0.0	0.0	0.0	0.0	0.0	0.0	0.0	0.0	0.0	0.0	0.0	0.0	0.0	0.0	0.0	0.0	0.0	0.0	0.0	0.0	0.0	0.0	0.0	0.0	0.0	0.0	0.0	0.0	0.0	0.0	0.0	0.0	0.0	0.0	0.0	0.0	0.0	0.0	0.0	0.0	0.0	0.0	0.0	0.0	0.0	0.0	0.0	0.0	0.0	0.0	0.0	0.0	0.0	0.0	0.0	0.0	0.0	0.0	0.0	0.0	0.0	0.0	0.0	0.0	0.0	0.0	0.0	28.61688776490007	-1.9831122350999377	0.12271746746209708	-0.5455096780535644	35.99857650923895	0.5628425774802693	0.044717603053895945	-2.0027061575260525	0.01110059679185925
319.0	319.4904	2600.0	2580.870575448241	-0.895388426563185	-0.16598718654925487	28.416672457953187	-93.99950429048111	-37.01497929883043	144.96474016153743	176.69406155683637	-47.42350885865199	-89.20216537103624	144.96474016153738	176.6940615568344	0.0	0.0	0.0	5.637757696054777	6.248757160341733	-0.8219709391217721	-14.718153970420158	0.06536120082027173	0.6256971823251897	1.1999368826128451	0.0	0.0	0.0	0.0	0.0	0.0	0.0	0.0	0.0	0.0	0.0	0.0	0.0	0.0	0.0	0.0	0.0	0.0	0.0	0.0	0.0	0.0	0.0	0.0	0.0	0.0	0.0	0.0	0.0	0.0	0.0	0.0	0.0	0.0	0.0	0.0	0.0	0.0	0.0	0.0	0.0	0.0	0.0	0.0	0.0	0.0	0.0	0.0	30442.24510303135	-1491.4444912313206	105.20047123944738	30478.93962595499	-29589.20082120508	246.9585027821761	-7303.292235540015	30478.186809871073	0.0	0.0	0.0	0.0	0.0	0.0	0.0	0.0	0.0	0.0	0.0	0.0	0.0	0.0	0.0	0.0	0.0	0.0	0.0	0.0	0.0	0.0	0.0	0.0	0.0	0.0	0.0	0.0	29681.082196622483	-2128.1159857506277	6589.715715107242	30478.186809871073	0.0	0.0	0.0	0.0	0.0	0.0	0.0	0.0	0.0	0.0	0.0	0.0	0.0	0.0	0.0	0.0	0.0	0.0	0.0	0.0	0.0	0.0	0.0	0.0	0.0	0.0	0.0	0.0	0.0	0.0	0.0	0.0	0.0	0.0	0.0	0.0	0.0	0.0	0.0	0.0	0.0	0.0	0.0	0.0	0.0	0.0	0.0	0.0	0.0	0.0	0.0	0.0	0.0	0.0	0.0	0.0	0.0	0.0	0.0	0.0	0.0	0.0	0.0	0.0	0.0	0.0	0.0	0.0	0.0	0.0	0.0	0.0	0.0	0.0	0.0	0.0	0.0	0.0	0.0	0.0	0.0	0.0	0.0	0.0	0.0	0.0	0.0	0.0	0.0	0.0	0.0	0.0	0.0	0.0	0.0	0.0	0.0	0.0	0.0	0.0	28.555958058704398	-2.0440419412956032	0.12268092647668818	-0.5503664054799715	36.10059220577785	0.5627897061242216	0.04475336542427625	-2.0587707743432646	0.010907068135756601
320.0	320.4905	2600.0	2579.441169053186	-0.8881297690974881	-0.19615921310806136	28.401476930670178	-119.29998601291662	-18.29272201021922	141.4867737915577	185.97208795722202	-80.40421064984187	-90.01262828625475	141.4867737915577	185.97208795721758	0.0	0.0	0.0	6.162901689420456	6.747256264666554	-0.8194526597222693	-14.950290698058062	0.1006248893092136	0.6179078541326859	1.2289332419322299	0.0	0.0	0.0	0.0	0.0	0.0	0.0	0.0	0.0	0.0	0.0	0.0	0.0	0.0	0.0	0.0	0.0	0.0	0.0	0.0	0.0	0.0	0.0	0.0	0.0	0.0	0.0	0.0	0.0	0.0	0.0	0.0	0.0	0.0	0.0	0.0	0.0	0.0	0.0	0.0	0.0	0.0	0.0	0.0	0.0	0.0	0.0	0.0	30290.12225178832	-1467.2160966327995	111.95882546600892	30325.843168510593	-29471.658273255016	231.36098886085261	-7140.592296770874	30325.240767904732	0.0	0.0	0.0	0.0	0.0	0.0	0.0	0.0	0.0	0.0	0.0	0.0	0.0	0.0	0.0	0.0	0.0	0.0	0.0	0.0	0.0	0.0	0.0	0.0	0.0	0.0	0.0	0.0	29559.674033185667	-2117.4247672474335	6431.361522900683	30325.240767904732	0.0	0.0	0.0	0.0	0.0	0.0	0.0	0.0	0.0	0.0	0.0	0.0	0.0	0.0	0.0	0.0	0.0	0.0	0.0	0.0	0.0	0.0	0.0	0.0	0.0	0.0	0.0	0.0	0.0	0.0	0.0	0.0	0.0	0.0	0.0	0.0	0.0	0.0	0.0	0.0	0.0	0.0	0.0	0.0	0.0	0.0	0.0	0.0	0.0	0.0	0.0	0.0	0.0	0.0	0.0	0.0	0.0	0.0	0.0	0.0	0.0	0.0	0.0	0.0	0.0	0.0	0.0	0.0	0.0	0.0	0.0	0.0	0.0	0.0	0.0	0.0	0.0	0.0	0.0	0.0	0.0	0.0	0.0	0.0	0.0	0.0	0.0	0.0	0.0	0.0	0.0	0.0	0.0	0.0	0.0	0.0	0.0	0.0	0.0	0.0	28.4954380682471	-2.104561931752898	0.1227809104529379	-0.5574413098363221	36.19926176244821	0.5627368303738829	0.0447946884714001	-2.112237511018584	0.010735931108125658
321.0	321.491	2600.0	2579.948265515086	-0.8793399375150742	-0.2262608515765114	28.38573303743711	-112.37796947692914	-83.34594509502311	204.77410391326018	248.0076374247755	-36.04252879798879	-135.18983210798982	204.77410391326018	248.00763742477568	-1.9437515547829592e-14	0.0	-1.9437515547829592e-14	6.68802366099701	7.243493446462861	-0.8171447502507181	-15.218503091410462	0.15512661398430605	0.5738246923592328	1.2830602366268153	0.0	0.0	0.0	0.0	0.0	0.0	0.0	0.0	0.0	0.0	0.0	0.0	0.0	0.0	0.0	0.0	0.0	0.0	0.0	0.0	0.0	0.0	0.0	0.0	0.0	0.0	0.0	0.0	0.0	0.0	0.0	0.0	0.0	0.0	0.0	0.0	0.0	0.0	0.0	0.0	0.0	0.0	0.0	0.0	0.0	0.0	0.0	0.0	29677.47965497256	-1411.7017782507173	105.98610208381379	29711.22571749375	-28909.25218034879	205.86682581675655	-6848.43116727003	29710.06987924816	0.0	0.0	0.0	0.0	0.0	0.0	0.0	0.0	0.0	0.0	0.0	0.0	0.0	0.0	0.0	0.0	0.0	0.0	0.0	0.0	0.0	0.0	0.0	0.0	0.0	0.0	0.0	0.0	28991.200361774718	-2074.6362114527656	6155.845872288497	29710.06987924816	0.0	0.0	0.0	0.0	0.0	0.0	0.0	0.0	0.0	0.0	0.0	0.0	0.0	0.0	0.0	0.0	0.0	0.0	0.0	0.0	0.0	0.0	0.0	0.0	0.0	0.0	0.0	0.0	0.0	0.0	0.0	0.0	0.0	0.0	0.0	0.0	0.0	0.0	0.0	0.0	0.0	0.0	0.0	0.0	0.0	0.0	0.0	0.0	0.0	0.0	0.0	0.0	0.0	0.0	0.0	0.0	0.0	0.0	0.0	0.0	0.0	0.0	0.0	0.0	0.0	0.0	0.0	0.0	0.0	0.0	0.0	0.0	0.0	0.0	0.0	0.0	0.0	0.0	0.0	0.0	0.0	0.0	0.0	0.0	0.0	0.0	0.0	0.0	0.0	0.0	0.0	0.0	0.0	0.0	0.0	0.0	0.0	0.0	0.0	0.0	28.43519239076006	-2.1648076092399333	0.12293113987315483	-0.5670953300312599	36.29398141064586	0.5626839532995532	0.04482401709387901	-2.162895751349752	0.010557161879722471
322.0	322.4912	2600.0	2580.5498842013294	-0.8698107942626229	-0.2562793593577856	28.369659977293022	-115.99097229695687	-12.603896641276151	157.18354378260324	195.7534937133816	-84.33667715618135	-80.62312789262793	157.18354378260324	195.75349371338064	0.0	0.0	0.0	7.211453939095747	7.737172827553405	-0.8150237616490329	-15.479272121893782	0.20404658996787503	0.5302777298387853	1.3290402994303065	0.0	0.0	0.0	0.0	0.0	0.0	0.0	0.0	0.0	0.0	0.0	0.0	0.0	0.0	0.0	0.0	0.0	0.0	0.0	0.0	0.0	0.0	0.0	0.0	0.0	0.0	0.0	0.0	0.0	0.0	0.0	0.0	0.0	0.0	0.0	0.0	0.0	0.0	0.0	0.0	0.0	0.0	0.0	0.0	0.0	0.0	0.0	0.0	28915.38450569062	-1351.2229158565697	104.17777481537838	28947.12623886928	-28198.197930667775	182.66273853331813	-6537.056242586359	28946.585921864822	0.0	0.0	0.0	0.0	0.0	0.0	0.0	0.0	0.0	0.0	0.0	0.0	0.0	0.0	0.0	0.0	0.0	0.0	0.0	0.0	0.0	0.0	0.0	0.0	0.0	0.0	0.0	0.0	28274.225841328756	-2021.1307077089755	5864.129966823359	28946.585921864822	0.0	0.0	0.0	0.0	0.0	0.0	0.0	0.0	0.0	0.0	0.0	0.0	0.0	0.0	0.0	0.0	0.0	0.0	0.0	0.0	0.0	0.0	0.0	0.0	0.0	0.0	0.0	0.0	0.0	0.0	0.0	0.0	0.0	0.0	0.0	0.0	0.0	0.0	0.0	0.0	0.0	0.0	0.0	0.0	0.0	0.0	0.0	0.0	0.0	0.0	0.0	0.0	0.0	0.0	0.0	0.0	0.0	0.0	0.0	0.0	0.0	0.0	0.0	0.0	0.0	0.0	0.0	0.0	0.0	0.0	0.0	0.0	0.0	0.0	0.0	0.0	0.0	0.0	0.0	0.0	0.0	0.0	0.0	0.0	0.0	0.0	0.0	0.0	0.0	0.0	0.0	0.0	0.0	0.0	0.0	0.0	0.0	0.0	0.0	0.0	28.375284121734254	-2.2247158782657483	0.12281625951413282	-0.5751325892114426	36.38590383848008	0.5626310787179546	0.04483911324751898	-2.2148168733095095	0.01037461134235181
323.0	323.4912	2600.0	2580.4604085287756	-0.8593887785560552	-0.2860524347378964	28.35329484465515	-115.87241272528262	-10.796116245497615	154.02481720045813	193.04563312957654	-86.71119299362908	-77.61534105050666	154.02481720045813	193.04563312957737	1.872395801221514e-14	0.0	1.872395801221514e-14	7.733195753925961	8.228314062165882	-0.8130396158403349	-15.732146404914076	0.24913533255903844	0.4881311709637672	1.3684443340766304	0.0	0.0	0.0	0.0	0.0	0.0	0.0	0.0	0.0	0.0	0.0	0.0	0.0	0.0	0.0	0.0	0.0	0.0	0.0	0.0	0.0	0.0	0.0	0.0	0.0	0.0	0.0	0.0	0.0	0.0	0.0	0.0	0.0	0.0	0.0	0.0	0.0	0.0	0.0	0.0	0.0	0.0	0.0	0.0	0.0	0.0	0.0	0.0	28813.412450441952	-1326.741827473985	100.24571115093424	28844.11603982095	-28132.042438449047	172.63602660898562	-6364.261213783252	28843.464350761467	0.0	0.0	0.0	0.0	0.0	0.0	0.0	0.0	0.0	0.0	0.0	0.0	0.0	0.0	0.0	0.0	0.0	0.0	0.0	0.0	0.0	0.0	0.0	0.0	0.0	0.0	0.0	0.0	28203.958518714375	-2014.1007730385459	5694.344361235289	28843.464350761467	0.0	0.0	0.0	0.0	0.0	0.0	0.0	0.0	0.0	0.0	0.0	0.0	0.0	0.0	0.0	0.0	0.0	0.0	0.0	0.0	0.0	0.0	0.0	0.0	0.0	0.0	0.0	0.0	0.0	0.0	0.0	0.0	0.0	0.0	0.0	0.0	0.0	0.0	0.0	0.0	0.0	0.0	0.0	0.0	0.0	0.0	0.0	0.0	0.0	0.0	0.0	0.0	0.0	0.0	0.0	0.0	0.0	0.0	0.0	0.0	0.0	0.0	0.0	0.0	0.0	0.0	0.0	0.0	0.0	0.0	0.0	0.0	0.0	0.0	0.0	0.0	0.0	0.0	0.0	0.0	0.0	0.0	0.0	0.0	0.0	0.0	0.0	0.0	0.0	0.0	0.0	0.0	0.0	0.0	0.0	0.0	0.0	0.0	0.0	0.0	28.315907752494635	-2.284092247505375	0.12257586324839524	-0.5819667493405315	36.47513576835788	0.5625782095562327	0.044854264493351	-2.2673971849897745	0.010143202283668998
324.0	324.4913	2600.0	2580.519599608098	-0.8478418467012361	-0.3154118194918633	28.336664925936333	-107.08719647084583	-32.67364342757173	157.70375762895412	193.4055578133926	-68.19417147346756	-88.79633776155968	157.70375762895412	193.40555781339276	2.511761451830631e-15	0.0	2.511761451830631e-15	8.252776242441271	8.716783964473445	-0.8114870625382867	-15.977171253302092	0.2944766770121789	0.44820310103576877	1.4051230199790532	0.0	0.0	0.0	0.0	0.0	0.0	0.0	0.0	0.0	0.0	0.0	0.0	0.0	0.0	0.0	0.0	0.0	0.0	0.0	0.0	0.0	0.0	0.0	0.0	0.0	0.0	0.0	0.0	0.0	0.0	0.0	0.0	0.0	0.0	0.0	0.0	0.0	0.0	0.0	0.0	0.0	0.0	0.0	0.0	0.0	0.0	0.0	0.0	28827.472863274055	-1308.1059770884112	100.40332727439277	28857.311270425453	-28175.18551499864	161.00566335495532	-6231.536707854087	28856.52528232661	0.0	0.0	0.0	0.0	0.0	0.0	0.0	0.0	0.0	0.0	0.0	0.0	0.0	0.0	0.0	0.0	0.0	0.0	0.0	0.0	0.0	0.0	0.0	0.0	0.0	0.0	0.0	0.0	28243.559181375993	-2014.849704551614	5562.445218223241	28856.52528232661	0.0	0.0	0.0	0.0	0.0	0.0	0.0	0.0	0.0	0.0	0.0	0.0	0.0	0.0	0.0	0.0	0.0	0.0	0.0	0.0	0.0	0.0	0.0	0.0	0.0	0.0	0.0	0.0	0.0	0.0	0.0	0.0	0.0	0.0	0.0	0.0	0.0	0.0	0.0	0.0	0.0	0.0	0.0	0.0	0.0	0.0	0.0	0.0	0.0	0.0	0.0	0.0	0.0	0.0	0.0	0.0	0.0	0.0	0.0	0.0	0.0	0.0	0.0	0.0	0.0	0.0	0.0	0.0	0.0	0.0	0.0	0.0	0.0	0.0	0.0	0.0	0.0	0.0	0.0	0.0	0.0	0.0	0.0	0.0	0.0	0.0	0.0	0.0	0.0	0.0	0.0	0.0	0.0	0.0	0.0	0.0	0.0	0.0	0.0	0.0	28.257260818916517	-2.342739181083487	0.1224194719584846	-0.5887913194002996	36.56158667331517	0.5625253401322783	0.0448501284152889	-2.3192542134920777	0.00994568331837253
325.0	325.4913	2600.0	2580.5410740024245	-0.8352582978447638	-0.3443693858928179	28.319818909826477	-117.85345545813834	-4.11243526543876	138.90633080296968	182.21228779744754	-94.78621697830933	-70.15641209594831	138.90633080296968	182.2122877974471	-1.0072866739655326e-14	0.0	-1.0072866739655326e-14	8.770059256328356	9.202301877151243	-0.8100909446012192	-16.213208460995336	0.33896160121878083	0.41135381861017795	1.4378351177153965	0.0	0.0	0.0	0.0	0.0	0.0	0.0	0.0	0.0	0.0	0.0	0.0	0.0	0.0	0.0	0.0	0.0	0.0	0.0	0.0	0.0	0.0	0.0	0.0	0.0	0.0	0.0	0.0	0.0	0.0	0.0	0.0	0.0	0.0	0.0	0.0	0.0	0.0	0.0	0.0	0.0	0.0	0.0	0.0	0.0	0.0	0.0	0.0	28749.468969126785	-1289.0842280392385	102.51616821798912	28778.537379764624	-28131.08871818947	156.0270100539744	-6064.8818171984985	28777.861080266168	0.0	0.0	0.0	0.0	0.0	0.0	0.0	0.0	0.0	0.0	0.0	0.0	0.0	0.0	0.0	0.0	0.0	0.0	0.0	0.0	0.0	0.0	0.0	0.0	0.0	0.0	0.0	0.0	28195.574543804338	-2009.6319771445997	5397.7999051751085	28777.861080266168	0.0	0.0	0.0	0.0	0.0	0.0	0.0	0.0	0.0	0.0	0.0	0.0	0.0	0.0	0.0	0.0	0.0	0.0	0.0	0.0	0.0	0.0	0.0	0.0	0.0	0.0	0.0	0.0	0.0	0.0	0.0	0.0	0.0	0.0	0.0	0.0	0.0	0.0	0.0	0.0	0.0	0.0	0.0	0.0	0.0	0.0	0.0	0.0	0.0	0.0	0.0	0.0	0.0	0.0	0.0	0.0	0.0	0.0	0.0	0.0	0.0	0.0	0.0	0.0	0.0	0.0	0.0	0.0	0.0	0.0	0.0	0.0	0.0	0.0	0.0	0.0	0.0	0.0	0.0	0.0	0.0	0.0	0.0	0.0	0.0	0.0	0.0	0.0	0.0	0.0	0.0	0.0	0.0	0.0	0.0	0.0	0.0	0.0	0.0	0.0	28.199367350321094	-2.4006326496789043	0.12229289662934732	-0.5951289661096649	36.64533278236904	0.5624724682186628	0.04485152022954539	-2.3708389884203482	0.00976747481227596
326.0	326.4914	2600.0	2580.946243796402	-0.8216832988005074	-0.37288301840333554	28.302811491139487	-112.54045489933925	-22.03190034594809	151.73836013811749	190.1980245933407	-81.67355356214648	-80.49962279622923	151.73836013811746	190.19802459334068	4.774173196300192e-15	0.0	4.774173196300192e-15	9.28488606418973	9.684668273114402	-0.8085518587947862	-16.436782639737046	0.38324385113243786	0.38110916152268615	1.4666665791001126	0.0	0.0	0.0	0.0	0.0	0.0	0.0	0.0	0.0	0.0	0.0	0.0	0.0	0.0	0.0	0.0	0.0	0.0	0.0	0.0	0.0	0.0	0.0	0.0	0.0	0.0	0.0	0.0	0.0	0.0	0.0	0.0	0.0	0.0	0.0	0.0	0.0	0.0	0.0	0.0	0.0	0.0	0.0	0.0	0.0	0.0	0.0	0.0	28717.53491309948	-1272.6740882932006	100.45685835714332	28745.897140296238	-28130.25000168586	152.25303806896636	-5912.388782953506	28745.268954486124	0.0	0.0	0.0	0.0	0.0	0.0	0.0	0.0	0.0	0.0	0.0	0.0	0.0	0.0	0.0	0.0	0.0	0.0	0.0	0.0	0.0	0.0	0.0	0.0	0.0	0.0	0.0	0.0	28191.050995122074	-2007.1387017870927	5246.57271825704	28745.268954486124	0.0	0.0	0.0	0.0	0.0	0.0	0.0	0.0	0.0	0.0	0.0	0.0	0.0	0.0	0.0	0.0	0.0	0.0	0.0	0.0	0.0	0.0	0.0	0.0	0.0	0.0	0.0	0.0	0.0	0.0	0.0	0.0	0.0	0.0	0.0	0.0	0.0	0.0	0.0	0.0	0.0	0.0	0.0	0.0	0.0	0.0	0.0	0.0	0.0	0.0	0.0	0.0	0.0	0.0	0.0	0.0	0.0	0.0	0.0	0.0	0.0	0.0	0.0	0.0	0.0	0.0	0.0	0.0	0.0	0.0	0.0	0.0	0.0	0.0	0.0	0.0	0.0	0.0	0.0	0.0	0.0	0.0	0.0	0.0	0.0	0.0	0.0	0.0	0.0	0.0	0.0	0.0	0.0	0.0	0.0	0.0	0.0	0.0	0.0	0.0	28.142304537230462	-2.4576954627695393	0.12218150617089213	-0.6011910053883591	36.72661450498378	0.5624195991708353	0.0448618239981791	-2.4218635745947505	0.009537954125926331
327.0	327.4912	2600.0	2580.7002048302656	-0.8072905740174305	-0.40090490461672196	28.285724976148728	-111.38651578064673	-43.97205048649629	177.22817834979682	213.8932545054346	-70.30142229651756	-96.94435076282753	177.22817834979682	213.89325450543504	1.5904515431502916e-14	0.0	1.5904515431502916e-14	9.795739757997994	10.164404507062025	-0.8082958863794252	-16.63889136769885	0.42262412224172446	0.3654333408676629	1.485598936957194	0.0	0.0	0.0	0.0	0.0	0.0	0.0	0.0	0.0	0.0	0.0	0.0	0.0	0.0	0.0	0.0	0.0	0.0	0.0	0.0	0.0	0.0	0.0	0.0	0.0	0.0	0.0	0.0	0.0	0.0	0.0	0.0	0.0	0.0	0.0	0.0	0.0	0.0	0.0	0.0	0.0	0.0	0.0	0.0	0.0	0.0	0.0	0.0	28669.55951458616	-1260.9304883255516	128.282149578758	28697.561651936343	-28105.707381765314	142.96409390638314	-5795.42610128025	28697.355102116366	0.0	0.0	0.0	0.0	0.0	0.0	0.0	0.0	0.0	0.0	0.0	0.0	0.0	0.0	0.0	0.0	0.0	0.0	0.0	0.0	0.0	0.0	0.0	0.0	0.0	0.0	0.0	0.0	28163.629139018503	-2003.7401701570357	5131.589315922585	28697.355102116366	0.0	0.0	0.0	0.0	0.0	0.0	0.0	0.0	0.0	0.0	0.0	0.0	0.0	0.0	0.0	0.0	0.0	0.0	0.0	0.0	0.0	0.0	0.0	0.0	0.0	0.0	0.0	0.0	0.0	0.0	0.0	0.0	0.0	0.0	0.0	0.0	0.0	0.0	0.0	0.0	0.0	0.0	0.0	0.0	0.0	0.0	0.0	0.0	0.0	0.0	0.0	0.0	0.0	0.0	0.0	0.0	0.0	0.0	0.0	0.0	0.0	0.0	0.0	0.0	0.0	0.0	0.0	0.0	0.0	0.0	0.0	0.0	0.0	0.0	0.0	0.0	0.0	0.0	0.0	0.0	0.0	0.0	0.0	0.0	0.0	0.0	0.0	0.0	0.0	0.0	0.0	0.0	0.0	0.0	0.0	0.0	0.0	0.0	0.0	0.0	28.086156770075068	-2.51384322992493	0.12203509924700937	-0.6054322442039162	36.80551361293574	0.5623667003446664	0.04484133872651297	-2.47377353619028	0.009449097381920261
328.0	328.491	2600.0	2580.2453770721972	-0.7920406574318943	-0.4284406552892834	28.26857978866884	-116.9687931252447	-36.17343534362591	189.659539494855	225.74533641060287	-80.81727520153073	-91.97164790704119	189.65953949485498	225.74533641060498	0.0	0.0	0.0	10.303175484518295	10.641879137961311	-0.809250752073187	-16.824771407480586	0.4580787702862284	0.35944227379239857	1.4967099414628475	0.0	0.0	0.0	0.0	0.0	0.0	0.0	0.0	0.0	0.0	0.0	0.0	0.0	0.0	0.0	0.0	0.0	0.0	0.0	0.0	0.0	0.0	0.0	0.0	0.0	0.0	0.0	0.0	0.0	0.0	0.0	0.0	0.0	0.0	0.0	0.0	0.0	0.0	0.0	0.0	0.0	0.0	0.0	0.0	0.0	0.0	0.0	0.0	28582.598494087895	-1252.0487303119933	149.24217142866559	28610.397339482093	-28045.259199707016	143.21805305772386	-5653.466094391091	28609.766756649773	0.0	0.0	0.0	0.0	0.0	0.0	0.0	0.0	0.0	0.0	0.0	0.0	0.0	0.0	0.0	0.0	0.0	0.0	0.0	0.0	0.0	0.0	0.0	0.0	0.0	0.0	0.0	0.0	28100.22423381714	-1997.6729434032868	4990.536513271115	28609.766756649773	0.0	0.0	0.0	0.0	0.0	0.0	0.0	0.0	0.0	0.0	0.0	0.0	0.0	0.0	0.0	0.0	0.0	0.0	0.0	0.0	0.0	0.0	0.0	0.0	0.0	0.0	0.0	0.0	0.0	0.0	0.0	0.0	0.0	0.0	0.0	0.0	0.0	0.0	0.0	0.0	0.0	0.0	0.0	0.0	0.0	0.0	0.0	0.0	0.0	0.0	0.0	0.0	0.0	0.0	0.0	0.0	0.0	0.0	0.0	0.0	0.0	0.0	0.0	0.0	0.0	0.0	0.0	0.0	0.0	0.0	0.0	0.0	0.0	0.0	0.0	0.0	0.0	0.0	0.0	0.0	0.0	0.0	0.0	0.0	0.0	0.0	0.0	0.0	0.0	0.0	0.0	0.0	0.0	0.0	0.0	0.0	0.0	0.0	0.0	0.0	28.03095068501867	-2.5690493149813385	0.12191107415360913	-0.6079541365452581	36.88208130183414	0.5623138200535912	0.044822883229762495	-2.526445392183536	0.00939065937755386
329.0	329.4908	2600.0	2580.27948312581	-0.7758333116761614	-0.4554325693361838	28.251405735498338	-117.05358504080505	-49.36563703438515	215.13416618310322	249.8423850150625	-75.78543026628539	-101.95624772454903	215.1341661831032	249.84238501506243	1.331077402221018e-15	0.0	1.331077402221018e-15	10.807711027544501	11.117415769018365	-0.8117231120073789	-17.004520513255333	0.4932083634356051	0.3538961872053129	1.5054453255724158	0.0	0.0	0.0	0.0	0.0	0.0	0.0	0.0	0.0	0.0	0.0	0.0	0.0	0.0	0.0	0.0	0.0	0.0	0.0	0.0	0.0	0.0	0.0	0.0	0.0	0.0	0.0	0.0	0.0	0.0	0.0	0.0	0.0	0.0	0.0	0.0	0.0	0.0	0.0	0.0	0.0	0.0	0.0	0.0	0.0	0.0	0.0	0.0	28499.887097428986	-1244.15415472383	174.53638483763532	28527.56468885046	-27987.27970993758	142.6434985679062	-5520.8773433033275	28526.97424140471	0.0	0.0	0.0	0.0	0.0	0.0	0.0	0.0	0.0	0.0	0.0	0.0	0.0	0.0	0.0	0.0	0.0	0.0	0.0	0.0	0.0	0.0	0.0	0.0	0.0	0.0	0.0	0.0	28039.566484923012	-1991.8813090466658	4858.330943649339	28526.97424140471	0.0	0.0	0.0	0.0	0.0	0.0	0.0	0.0	0.0	0.0	0.0	0.0	0.0	0.0	0.0	0.0	0.0	0.0	0.0	0.0	0.0	0.0	0.0	0.0	0.0	0.0	0.0	0.0	0.0	0.0	0.0	0.0	0.0	0.0	0.0	0.0	0.0	0.0	0.0	0.0	0.0	0.0	0.0	0.0	0.0	0.0	0.0	0.0	0.0	0.0	0.0	0.0	0.0	0.0	0.0	0.0	0.0	0.0	0.0	0.0	0.0	0.0	0.0	0.0	0.0	0.0	0.0	0.0	0.0	0.0	0.0	0.0	0.0	0.0	0.0	0.0	0.0	0.0	0.0	0.0	0.0	0.0	0.0	0.0	0.0	0.0	0.0	0.0	0.0	0.0	0.0	0.0	0.0	0.0	0.0	0.0	0.0	0.0	0.0	0.0	27.976774946669238	-2.623225053330757	0.1218409787767247	-0.6097405273453966	36.95595370598346	0.5622609428798537	0.04479454486273158	-2.5788166106249863	0.009379003170620851
330.0	330.4906	2600.0	2580.1229943823714	-0.7587161112195336	-0.4818599331175971	28.234251091621164	-117.46133708072011	-75.42775211017215	255.06003463289457	290.7612986009615	-65.07046393267956	-123.50038955715716	255.06003463289454	290.7612986009608	-1.3822275251437661e-14	0.0	-1.3822275251437661e-14	11.309462374573654	11.591001906709568	-0.8156290053998453	-17.17957131618356	0.5289043747687118	0.34751464579376135	1.512974352142706	0.0	0.0	0.0	0.0	0.0	0.0	0.0	0.0	0.0	0.0	0.0	0.0	0.0	0.0	0.0	0.0	0.0	0.0	0.0	0.0	0.0	0.0	0.0	0.0	0.0	0.0	0.0	0.0	0.0	0.0	0.0	0.0	0.0	0.0	0.0	0.0	0.0	0.0	0.0	0.0	0.0	0.0	0.0	0.0	0.0	0.0	0.0	0.0	28336.512241992634	-1233.1786372232837	201.5105452491633	28364.048760565707	-27846.59297748693	137.7859298635101	-5388.352514211365	28363.463614899036	0.0	0.0	0.0	0.0	0.0	0.0	0.0	0.0	0.0	0.0	0.0	0.0	0.0	0.0	0.0	0.0	0.0	0.0	0.0	0.0	0.0	0.0	0.0	0.0	0.0	0.0	0.0	0.0	27896.388384673948	-1980.227787234851	4728.242933246219	28363.463614899036	0.0	0.0	0.0	0.0	0.0	0.0	0.0	0.0	0.0	0.0	0.0	0.0	0.0	0.0	0.0	0.0	0.0	0.0	0.0	0.0	0.0	0.0	0.0	0.0	0.0	0.0	0.0	0.0	0.0	0.0	0.0	0.0	0.0	0.0	0.0	0.0	0.0	0.0	0.0	0.0	0.0	0.0	0.0	0.0	0.0	0.0	0.0	0.0	0.0	0.0	0.0	0.0	0.0	0.0	0.0	0.0	0.0	0.0	0.0	0.0	0.0	0.0	0.0	0.0	0.0	0.0	0.0	0.0	0.0	0.0	0.0	0.0	0.0	0.0	0.0	0.0	0.0	0.0	0.0	0.0	0.0	0.0	0.0	0.0	0.0	0.0	0.0	0.0	0.0	0.0	0.0	0.0	0.0	0.0	0.0	0.0	0.0	0.0	0.0	0.0	27.92368270108283	-2.6763172989171697	0.12178387373676677	-0.6110709810924639	37.02714497281526	0.5622080710031436	0.0447572315113839	-2.6305568595897477	0.00938671402342362
331.0	331.4905	2600.0	2580.085723436707	-0.7407255711774385	-0.5077285521036483	28.217152690743198	-118.30178228158181	-68.23682603032648	271.6935071945127	304.08705656332455	-71.38647488030074	-116.42829261762745	271.6935071945127	304.08705656332427	0.0	0.0	0.0	11.808597547109954	12.062517215088487	-0.8206933902378327	-17.350655576694326	0.566138228817016	0.3396950933533705	1.5203593175139998	0.0	0.0	0.0	0.0	0.0	0.0	0.0	0.0	0.0	0.0	0.0	0.0	0.0	0.0	0.0	0.0	0.0	0.0	0.0	0.0	0.0	0.0	0.0	0.0	0.0	0.0	0.0	0.0	0.0	0.0	0.0	0.0	0.0	0.0	0.0	0.0	0.0	0.0	0.0	0.0	0.0	0.0	0.0	0.0	0.0	0.0	0.0	0.0	28096.211905077995	-1219.359129093129	213.58189722546044	28123.47022199735	-27637.718075821806	146.61938086391544	-5199.242359479349	28122.892432928318	0.0	0.0	0.0	0.0	0.0	0.0	0.0	0.0	0.0	0.0	0.0	0.0	0.0	0.0	0.0	0.0	0.0	0.0	0.0	0.0	0.0	0.0	0.0	0.0	0.0	0.0	0.0	0.0	27684.338866479728	-1963.5356957531862	4540.81357153974	28122.892432928318	0.0	0.0	0.0	0.0	0.0	0.0	0.0	0.0	0.0	0.0	0.0	0.0	0.0	0.0	0.0	0.0	0.0	0.0	0.0	0.0	0.0	0.0	0.0	0.0	0.0	0.0	0.0	0.0	0.0	0.0	0.0	0.0	0.0	0.0	0.0	0.0	0.0	0.0	0.0	0.0	0.0	0.0	0.0	0.0	0.0	0.0	0.0	0.0	0.0	0.0	0.0	0.0	0.0	0.0	0.0	0.0	0.0	0.0	0.0	0.0	0.0	0.0	0.0	0.0	0.0	0.0	0.0	0.0	0.0	0.0	0.0	0.0	0.0	0.0	0.0	0.0	0.0	0.0	0.0	0.0	0.0	0.0	0.0	0.0	0.0	0.0	0.0	0.0	0.0	0.0	0.0	0.0	0.0	0.0	0.0	0.0	0.0	0.0	0.0	0.0	27.871699695427203	-2.728300304572795	0.12172542861396964	-0.6122534266894628	37.09573070163911	0.5621552013778582	0.044726744881149236	-2.681335293198163	0.009376077470277371
332.0	332.4904	2600.0	2579.9644984937004	-0.7218818990533252	-0.5329725048391251	28.20016735743688	-120.1734408188422	-81.4964980417135	295.8244496757714	329.53822251337675	-68.94277973945461	-127.78978125460343	295.8244496757714	329.538222513376	0.0	0.0	0.0	12.304904990444008	12.531922360907185	-0.8270335521344334	-17.517528471624196	0.6045054217443522	0.3305665243275212	1.5272426933831	0.0	0.0	0.0	0.0	0.0	0.0	0.0	0.0	0.0	0.0	0.0	0.0	0.0	0.0	0.0	0.0	0.0	0.0	0.0	0.0	0.0	0.0	0.0	0.0	0.0	0.0	0.0	0.0	0.0	0.0	0.0	0.0	0.0	0.0	0.0	0.0	0.0	0.0	0.0	0.0	0.0	0.0	0.0	0.0	0.0	0.0	0.0	0.0	27939.921959737116	-1209.0946081152467	225.62416894785423	27966.981516659736	-27509.839014536414	155.31652810825804	-5030.482811106917	27966.428501731425	0.0	0.0	0.0	0.0	0.0	0.0	0.0	0.0	0.0	0.0	0.0	0.0	0.0	0.0	0.0	0.0	0.0	0.0	0.0	0.0	0.0	0.0	0.0	0.0	0.0	0.0	0.0	0.0	27553.55874129262	-1952.507871791848	4371.525688267605	27966.428501731425	0.0	0.0	0.0	0.0	0.0	0.0	0.0	0.0	0.0	0.0	0.0	0.0	0.0	0.0	0.0	0.0	0.0	0.0	0.0	0.0	0.0	0.0	0.0	0.0	0.0	0.0	0.0	0.0	0.0	0.0	0.0	0.0	0.0	0.0	0.0	0.0	0.0	0.0	0.0	0.0	0.0	0.0	0.0	0.0	0.0	0.0	0.0	0.0	0.0	0.0	0.0	0.0	0.0	0.0	0.0	0.0	0.0	0.0	0.0	0.0	0.0	0.0	0.0	0.0	0.0	0.0	0.0	0.0	0.0	0.0	0.0	0.0	0.0	0.0	0.0	0.0	0.0	0.0	0.0	0.0	0.0	0.0	0.0	0.0	0.0	0.0	0.0	0.0	0.0	0.0	0.0	0.0	0.0	0.0	0.0	0.0	0.0	0.0	0.0	0.0	27.820923311362588	-2.7790766886374105	0.12165434763196847	-0.613179010860835	37.16168900963934	0.5621023394209156	0.04469067883980565	-2.731162069321041	0.009360444052547729
333.0	333.4903	2600.0	2579.72001874886	-0.7022080646165884	-0.557587987369321	28.18333187330338	-120.45931239482523	-90.75909486449382	318.36143587467035	352.2806595534846	-67.28389004166638	-134.9834707811242	318.36143587467035	352.2806595534866	0.0	0.0	0.0	12.798084433451683	12.998993214012513	-0.8346181116048588	-17.679265753861092	0.6445689095873758	0.3210806023774658	1.534025118285954	0.0	0.0	0.0	0.0	0.0	0.0	0.0	0.0	0.0	0.0	0.0	0.0	0.0	0.0	0.0	0.0	0.0	0.0	0.0	0.0	0.0	0.0	0.0	0.0	0.0	0.0	0.0	0.0	0.0	0.0	0.0	0.0	0.0	0.0	0.0	0.0	0.0	0.0	0.0	0.0	0.0	0.0	0.0	0.0	0.0	0.0	0.0	0.0	27749.51459232557	-1197.502951286371	240.09612215319763	27776.378806026936	-27346.133470112418	161.96981940423373	-4863.96880736745	27775.80678480184	0.0	0.0	0.0	0.0	0.0	0.0	0.0	0.0	0.0	0.0	0.0	0.0	0.0	0.0	0.0	0.0	0.0	0.0	0.0	0.0	0.0	0.0	0.0	0.0	0.0	0.0	0.0	0.0	27387.0565982245	-1939.073239144595	4205.302415466135	27775.80678480184	0.0	0.0	0.0	0.0	0.0	0.0	0.0	0.0	0.0	0.0	0.0	0.0	0.0	0.0	0.0	0.0	0.0	0.0	0.0	0.0	0.0	0.0	0.0	0.0	0.0	0.0	0.0	0.0	0.0	0.0	0.0	0.0	0.0	0.0	0.0	0.0	0.0	0.0	0.0	0.0	0.0	0.0	0.0	0.0	0.0	0.0	0.0	0.0	0.0	0.0	0.0	0.0	0.0	0.0	0.0	0.0	0.0	0.0	0.0	0.0	0.0	0.0	0.0	0.0	0.0	0.0	0.0	0.0	0.0	0.0	0.0	0.0	0.0	0.0	0.0	0.0	0.0	0.0	0.0	0.0	0.0	0.0	0.0	0.0	0.0	0.0	0.0	0.0	0.0	0.0	0.0	0.0	0.0	0.0	0.0	0.0	0.0	0.0	0.0	0.0	27.771387576673156	-2.828612423326841	0.12157460165211251	-0.6140702254744415	37.225020995431805	0.5620494841586942	0.044647805358233095	-2.7797816784604064	0.009372002185388183
334.0	334.4903	2600.0	2579.0664146470012	-0.6816991546037189	-0.5815181928023784	28.16669565883627	-123.25752363921131	-107.29389403399182	345.8954637995253	382.55466107177017	-65.03390189258059	-149.91660493511876	345.8954637995253	382.5546610717677	0.0	0.0	0.0	13.288157164185918	13.463532681022098	-0.8431247059086304	-17.83523193093895	0.6862896053907378	0.31181284363118394	1.540637312923878	0.0	0.0	0.0	0.0	0.0	0.0	0.0	0.0	0.0	0.0	0.0	0.0	0.0	0.0	0.0	0.0	0.0	0.0	0.0	0.0	0.0	0.0	0.0	0.0	0.0	0.0	0.0	0.0	0.0	0.0	0.0	0.0	0.0	0.0	0.0	0.0	0.0	0.0	0.0	0.0	0.0	0.0	0.0	0.0	0.0	0.0	0.0	0.0	27558.18765567243	-1185.9233134854876	251.378429205585	27584.838445881724	-27181.363889526394	170.49987699627897	-4694.1023175241435	27584.238428317913	0.0	0.0	0.0	0.0	0.0	0.0	0.0	0.0	0.0	0.0	0.0	0.0	0.0	0.0	0.0	0.0	0.0	0.0	0.0	0.0	0.0	0.0	0.0	0.0	0.0	0.0	0.0	0.0	27219.451822931565	-1925.5770231517802	4035.319721819766	27584.238428317913	0.0	0.0	0.0	0.0	0.0	0.0	0.0	0.0	0.0	0.0	0.0	0.0	0.0	0.0	0.0	0.0	0.0	0.0	0.0	0.0	0.0	0.0	0.0	0.0	0.0	0.0	0.0	0.0	0.0	0.0	0.0	0.0	0.0	0.0	0.0	0.0	0.0	0.0	0.0	0.0	0.0	0.0	0.0	0.0	0.0	0.0	0.0	0.0	0.0	0.0	0.0	0.0	0.0	0.0	0.0	0.0	0.0	0.0	0.0	0.0	0.0	0.0	0.0	0.0	0.0	0.0	0.0	0.0	0.0	0.0	0.0	0.0	0.0	0.0	0.0	0.0	0.0	0.0	0.0	0.0	0.0	0.0	0.0	0.0	0.0	0.0	0.0	0.0	0.0	0.0	0.0	0.0	0.0	0.0	0.0	0.0	0.0	0.0	0.0	0.0	27.723178805797584	-2.8768211942024204	0.12150158958920934	-0.6149480069798112	37.28583592042738	0.5619966282746347	0.0446132484533563	-2.827087272287779	0.009370899270149662
335.0	335.4903	2600.0	2578.870033781305	-0.6604383910081661	-0.6047389095589959	28.150311289792654	-124.76987657485367	-102.08346502688072	347.5974252411994	383.1612271181804	-71.17805655196933	-144.6452218287268	347.5974252411994	383.16122711817826	-1.786562874714907e-15	0.0	-1.786562874714907e-15	13.774872948295732	13.925310950601876	-0.8525097586177822	-17.985497773939304	0.7291713073907979	0.30257583947219074	1.5466684103086	0.0	0.0	0.0	0.0	0.0	0.0	0.0	0.0	0.0	0.0	0.0	0.0	0.0	0.0	0.0	0.0	0.0	0.0	0.0	0.0	0.0	0.0	0.0	0.0	0.0	0.0	0.0	0.0	0.0	0.0	0.0	0.0	0.0	0.0	0.0	0.0	0.0	0.0	0.0	0.0	0.0	0.0	0.0	0.0	0.0	0.0	0.0	0.0	27327.404706447596	-1173.0881634348098	265.3544784537321	27353.85890196117	-26975.636841060226	177.11297237829865	-4526.24291969656	27353.30376670894	0.0	0.0	0.0	0.0	0.0	0.0	0.0	0.0	0.0	0.0	0.0	0.0	0.0	0.0	0.0	0.0	0.0	0.0	0.0	0.0	0.0	0.0	0.0	0.0	0.0	0.0	0.0	0.0	27010.97853468468	-1909.3341400537072	3868.4245752350803	27353.30376670894	0.0	0.0	0.0	0.0	0.0	0.0	0.0	0.0	0.0	0.0	0.0	0.0	0.0	0.0	0.0	0.0	0.0	0.0	0.0	0.0	0.0	0.0	0.0	0.0	0.0	0.0	0.0	0.0	0.0	0.0	0.0	0.0	0.0	0.0	0.0	0.0	0.0	0.0	0.0	0.0	0.0	0.0	0.0	0.0	0.0	0.0	0.0	0.0	0.0	0.0	0.0	0.0	0.0	0.0	0.0	0.0	0.0	0.0	0.0	0.0	0.0	0.0	0.0	0.0	0.0	0.0	0.0	0.0	0.0	0.0	0.0	0.0	0.0	0.0	0.0	0.0	0.0	0.0	0.0	0.0	0.0	0.0	0.0	0.0	0.0	0.0	0.0	0.0	0.0	0.0	0.0	0.0	0.0	0.0	0.0	0.0	0.0	0.0	0.0	0.0	27.676350366785083	-2.9236496332149207	0.12140207313402201	-0.6156528532226898	37.3440836755536	0.5619437868698216	0.04456380859180287	-2.8731830306482733	0.009408615959992591
336.0	336.4904	2600.0	2578.5066760447507	-0.6384459784744677	-0.6272204935367215	28.134221992023537	-126.38432568205826	-101.77705612366843	357.6995036256252	392.78556723144436	-75.29435261121218	-143.74396472953953	357.69950362562525	392.7855672314442	0.0	0.0	0.0	14.258310361152395	14.38392443978507	-0.8621962667950991	-18.12978138216507	0.7734256436861489	0.29364001430544645	1.5523608741818773	0.0	0.0	0.0	0.0	0.0	0.0	0.0	0.0	0.0	0.0	0.0	0.0	0.0	0.0	0.0	0.0	0.0	0.0	0.0	0.0	0.0	0.0	0.0	0.0	0.0	0.0	0.0	0.0	0.0	0.0	0.0	0.0	0.0	0.0	0.0	0.0	0.0	0.0	0.0	0.0	0.0	0.0	0.0	0.0	0.0	0.0	0.0	0.0	27082.52807080033	-1159.8674459903627	277.1824599126264	27108.770708278887	-26755.883947353806	185.89359506842385	-4352.32654122212	27108.20223759552	0.0	0.0	0.0	0.0	0.0	0.0	0.0	0.0	0.0	0.0	0.0	0.0	0.0	0.0	0.0	0.0	0.0	0.0	0.0	0.0	0.0	0.0	0.0	0.0	0.0	0.0	0.0	0.0	26788.376197422425	-1892.1243295567597	3695.5912627413068	27108.20223759552	0.0	0.0	0.0	0.0	0.0	0.0	0.0	0.0	0.0	0.0	0.0	0.0	0.0	0.0	0.0	0.0	0.0	0.0	0.0	0.0	0.0	0.0	0.0	0.0	0.0	0.0	0.0	0.0	0.0	0.0	0.0	0.0	0.0	0.0	0.0	0.0	0.0	0.0	0.0	0.0	0.0	0.0	0.0	0.0	0.0	0.0	0.0	0.0	0.0	0.0	0.0	0.0	0.0	0.0	0.0	0.0	0.0	0.0	0.0	0.0	0.0	0.0	0.0	0.0	0.0	0.0	0.0	0.0	0.0	0.0	0.0	0.0	0.0	0.0	0.0	0.0	0.0	0.0	0.0	0.0	0.0	0.0	0.0	0.0	0.0	0.0	0.0	0.0	0.0	0.0	0.0	0.0	0.0	0.0	0.0	0.0	0.0	0.0	0.0	0.0	27.63096020334261	-2.9690397966573956	0.12126453104166905	-0.6162896674229492	37.39987744702766	0.5618909501240876	0.04451273584540538	-2.917907191307267	0.009426434947175408
337.0	337.4904	2600.0	2577.855704902776	-0.6157068115776643	-0.6489345151632893	28.11846496754258	-129.8896517057619	-119.21585888900518	378.6304204881971	417.6658209022571	-74.35370832123772	-159.86015353979744	378.6304204881971	417.6658209022571	2.6046284272022497e-15	0.0	2.6046284272022497e-15	14.738306101337262	14.839141916133737	-0.8720314014894469	-18.26785623970037	0.8192284508482194	0.28521288205810885	1.5579072876687654	0.0	0.0	0.0	0.0	0.0	0.0	0.0	0.0	0.0	0.0	0.0	0.0	0.0	0.0	0.0	0.0	0.0	0.0	0.0	0.0	0.0	0.0	0.0	0.0	0.0	0.0	0.0	0.0	0.0	0.0	0.0	0.0	0.0	0.0	0.0	0.0	0.0	0.0	0.0	0.0	0.0	0.0	0.0	0.0	0.0	0.0	0.0	0.0	26925.848094112403	-1150.8482367621673	288.68838560835286	26951.977445732253	-26622.564547466904	196.36334349382284	-4193.414399220076	26951.516209116995	0.0	0.0	0.0	0.0	0.0	0.0	0.0	0.0	0.0	0.0	0.0	0.0	0.0	0.0	0.0	0.0	0.0	0.0	0.0	0.0	0.0	0.0	0.0	0.0	0.0	0.0	0.0	0.0	26652.271640944633	-1881.5551597014137	3535.589417423306	26951.516209116995	0.0	0.0	0.0	0.0	0.0	0.0	0.0	0.0	0.0	0.0	0.0	0.0	0.0	0.0	0.0	0.0	0.0	0.0	0.0	0.0	0.0	0.0	0.0	0.0	0.0	0.0	0.0	0.0	0.0	0.0	0.0	0.0	0.0	0.0	0.0	0.0	0.0	0.0	0.0	0.0	0.0	0.0	0.0	0.0	0.0	0.0	0.0	0.0	0.0	0.0	0.0	0.0	0.0	0.0	0.0	0.0	0.0	0.0	0.0	0.0	0.0	0.0	0.0	0.0	0.0	0.0	0.0	0.0	0.0	0.0	0.0	0.0	0.0	0.0	0.0	0.0	0.0	0.0	0.0	0.0	0.0	0.0	0.0	0.0	0.0	0.0	0.0	0.0	0.0	0.0	0.0	0.0	0.0	0.0	0.0	0.0	0.0	0.0	0.0	0.0	27.587063743014916	-3.012936256985089	0.12112082171580443	-0.6169340111101282	37.45322980710686	0.5618381055774615	0.04446698724102344	-2.961129413932438	0.00943204998902709
338.0	338.4905	2600.0	2578.1367681973206	-0.5921474820743897	-0.6698000251155961	28.10308753615897	-128.60929072486752	-108.6353899720925	373.425991992459	409.62051842003007	-79.82073075340483	-148.22499302457433	373.425991992459	409.6205184200307	0.0	0.0	0.0	15.21469253153458	15.290819467256277	-0.8819727029448041	-18.399665772005314	0.8668236268784774	0.277345412225401	1.563592607563521	0.0	0.0	0.0	0.0	0.0	0.0	0.0	0.0	0.0	0.0	0.0	0.0	0.0	0.0	0.0	0.0	0.0	0.0	0.0	0.0	0.0	0.0	0.0	0.0	0.0	0.0	0.0	0.0	0.0	0.0	0.0	0.0	0.0	0.0	0.0	0.0	0.0	0.0	0.0	0.0	0.0	0.0	0.0	0.0	0.0	0.0	0.0	0.0	26929.215678573317	-1147.9747659564018	300.6913096511977	26955.35045941884	-26647.339837903368	208.94771380671799	-4055.1702129204264	26954.93990050014	0.0	0.0	0.0	0.0	0.0	0.0	0.0	0.0	0.0	0.0	0.0	0.0	0.0	0.0	0.0	0.0	0.0	0.0	0.0	0.0	0.0	0.0	0.0	0.0	0.0	0.0	0.0	0.0	26674.331105331028	-1881.3590462934671	3392.540826824874	26954.93990050014	0.0	0.0	0.0	0.0	0.0	0.0	0.0	0.0	0.0	0.0	0.0	0.0	0.0	0.0	0.0	0.0	0.0	0.0	0.0	0.0	0.0	0.0	0.0	0.0	0.0	0.0	0.0	0.0	0.0	0.0	0.0	0.0	0.0	0.0	0.0	0.0	0.0	0.0	0.0	0.0	0.0	0.0	0.0	0.0	0.0	0.0	0.0	0.0	0.0	0.0	0.0	0.0	0.0	0.0	0.0	0.0	0.0	0.0	0.0	0.0	0.0	0.0	0.0	0.0	0.0	0.0	0.0	0.0	0.0	0.0	0.0	0.0	0.0	0.0	0.0	0.0	0.0	0.0	0.0	0.0	0.0	0.0	0.0	0.0	0.0	0.0	0.0	0.0	0.0	0.0	0.0	0.0	0.0	0.0	0.0	0.0	0.0	0.0	0.0	0.0	27.54476698581184	-3.055233014188157	0.12104600768666356	-0.6176836706316347	37.50413904832966	0.5617852748260215	0.04441564119842759	-3.002647097962036	0.009465387936047849
339.0	339.4906	2600.0	2577.622232319372	-0.5677982469811724	-0.6898004370597007	28.088130774008608	-131.70618646174256	-117.51294851373675	389.6788352299475	427.7913127295317	-82.18591946176093	-156.20911389196402	389.6788352299475	427.79131272953185	0.0	0.0	0.0	15.687453256029041	15.73865899566785	-0.8916383751492163	-18.52497075777282	0.9160361432608788	0.27020835141698474	1.5693009578424868	0.0	0.0	0.0	0.0	0.0	0.0	0.0	0.0	0.0	0.0	0.0	0.0	0.0	0.0	0.0	0.0	0.0	0.0	0.0	0.0	0.0	0.0	0.0	0.0	0.0	0.0	0.0	0.0	0.0	0.0	0.0	0.0	0.0	0.0	0.0	0.0	0.0	0.0	0.0	0.0	0.0	0.0	0.0	0.0	0.0	0.0	0.0	0.0	26934.928920511677	-1145.55354180229	313.6355503222108	26961.10265045882	-26673.54708910961	221.99429603848662	-3918.1367815120648	26960.697164966976	0.0	0.0	0.0	0.0	0.0	0.0	0.0	0.0	0.0	0.0	0.0	0.0	0.0	0.0	0.0	0.0	0.0	0.0	0.0	0.0	0.0	0.0	0.0	0.0	0.0	0.0	0.0	0.0	26697.752931904826	-1881.758511081106	3250.87140840722	26960.697164966976	0.0	0.0	0.0	0.0	0.0	0.0	0.0	0.0	0.0	0.0	0.0	0.0	0.0	0.0	0.0	0.0	0.0	0.0	0.0	0.0	0.0	0.0	0.0	0.0	0.0	0.0	0.0	0.0	0.0	0.0	0.0	0.0	0.0	0.0	0.0	0.0	0.0	0.0	0.0	0.0	0.0	0.0	0.0	0.0	0.0	0.0	0.0	0.0	0.0	0.0	0.0	0.0	0.0	0.0	0.0	0.0	0.0	0.0	0.0	0.0	0.0	0.0	0.0	0.0	0.0	0.0	0.0	0.0	0.0	0.0	0.0	0.0	0.0	0.0	0.0	0.0	0.0	0.0	0.0	0.0	0.0	0.0	0.0	0.0	0.0	0.0	0.0	0.0	0.0	0.0	0.0	0.0	0.0	0.0	0.0	0.0	0.0	0.0	0.0	0.0	27.50411238741526	-3.095887612584739	0.12101696953837263	-0.6185042667409947	37.552677986946925	0.5617324474862385	0.044378330515460404	-3.0424524963166832	0.009477025886775414
340.0	340.4907	2600.0	2577.509829394369	-0.5426880160995778	-0.7089206369026876	28.073633909167235	-131.5243229835942	-133.49169631506814	402.87534280555775	444.3278320812942	-79.39222581274771	-169.75145066203186	402.8753428055578	444.32783208129365	0.0	0.0	0.0	16.15642964069818	16.182527778490456	-0.9009753684706561	-18.64361929413884	0.9670398595524472	0.26393027674445374	1.5752506618778568	0.0	0.0	0.0	0.0	0.0	0.0	0.0	0.0	0.0	0.0	0.0	0.0	0.0	0.0	0.0	0.0	0.0	0.0	0.0	0.0	0.0	0.0	0.0	0.0	0.0	0.0	0.0	0.0	0.0	0.0	0.0	0.0	0.0	0.0	0.0	0.0	0.0	0.0	0.0	0.0	0.0	0.0	0.0	0.0	0.0	0.0	0.0	0.0	26941.39249540562	-1143.171374996287	326.8008071398136	26967.61519214586	-26699.740748882483	235.50043014212795	-3780.3423112569576	26967.06518144703	0.0	0.0	0.0	0.0	0.0	0.0	0.0	0.0	0.0	0.0	0.0	0.0	0.0	0.0	0.0	0.0	0.0	0.0	0.0	0.0	0.0	0.0	0.0	0.0	0.0	0.0	0.0	0.0	26721.068462230098	-1882.2275135604482	3108.7496400355158	26967.06518144703	0.0	0.0	0.0	0.0	0.0	0.0	0.0	0.0	0.0	0.0	0.0	0.0	0.0	0.0	0.0	0.0	0.0	0.0	0.0	0.0	0.0	0.0	0.0	0.0	0.0	0.0	0.0	0.0	0.0	0.0	0.0	0.0	0.0	0.0	0.0	0.0	0.0	0.0	0.0	0.0	0.0	0.0	0.0	0.0	0.0	0.0	0.0	0.0	0.0	0.0	0.0	0.0	0.0	0.0	0.0	0.0	0.0	0.0	0.0	0.0	0.0	0.0	0.0	0.0	0.0	0.0	0.0	0.0	0.0	0.0	0.0	0.0	0.0	0.0	0.0	0.0	0.0	0.0	0.0	0.0	0.0	0.0	0.0	0.0	0.0	0.0	0.0	0.0	0.0	0.0	0.0	0.0	0.0	0.0	0.0	0.0	0.0	0.0	0.0	0.0	27.4651395840285	-3.134860415971495	0.12104285079888907	-0.6194839430564123	37.598857824105636	0.5616796194918373	0.0443466608181796	-3.0804179838158827	0.009485092136265041
341.0	341.4908	2600.0	2577.4939753633203	-0.5168639376674808	-0.72714786446651	28.059636464970502	-132.21265947498975	-152.0572536562213	443.0346093756432	486.7044902397664	-77.10204552301728	-186.16355790296072	443.03460937564313	486.7044902397668	0.0	0.0	0.0	16.62158178056197	16.62220739977253	-0.9097760280570114	-18.756087380586912	1.0196733680037433	0.25797693966122603	1.5814107257134524	0.0	0.0	0.0	0.0	0.0	0.0	0.0	0.0	0.0	0.0	0.0	0.0	0.0	0.0	0.0	0.0	0.0	0.0	0.0	0.0	0.0	0.0	0.0	0.0	0.0	0.0	0.0	0.0	0.0	0.0	0.0	0.0	0.0	0.0	0.0	0.0	0.0	0.0	0.0	0.0	0.0	0.0	0.0	0.0	0.0	0.0	0.0	0.0	26948.344559563375	-1140.5815744768424	337.0587282311941	26974.57709428013	-26726.458860136358	250.54018310626807	-3638.7433291960906	26974.188154635558	0.0	0.0	0.0	0.0	0.0	0.0	0.0	0.0	0.0	0.0	0.0	0.0	0.0	0.0	0.0	0.0	0.0	0.0	0.0	0.0	0.0	0.0	0.0	0.0	0.0	0.0	0.0	0.0	26744.763924330462	-1882.811903960581	2963.0134268709644	26974.188154635558	0.0	0.0	0.0	0.0	0.0	0.0	0.0	0.0	0.0	0.0	0.0	0.0	0.0	0.0	0.0	0.0	0.0	0.0	0.0	0.0	0.0	0.0	0.0	0.0	0.0	0.0	0.0	0.0	0.0	0.0	0.0	0.0	0.0	0.0	0.0	0.0	0.0	0.0	0.0	0.0	0.0	0.0	0.0	0.0	0.0	0.0	0.0	0.0	0.0	0.0	0.0	0.0	0.0	0.0	0.0	0.0	0.0	0.0	0.0	0.0	0.0	0.0	0.0	0.0	0.0	0.0	0.0	0.0	0.0	0.0	0.0	0.0	0.0	0.0	0.0	0.0	0.0	0.0	0.0	0.0	0.0	0.0	0.0	0.0	0.0	0.0	0.0	0.0	0.0	0.0	0.0	0.0	0.0	0.0	0.0	0.0	0.0	0.0	0.0	0.0	27.42788506054398	-3.172114939456023	0.12111778713860051	-0.6205735779733694	37.64268520785501	0.5616267878086345	0.04431394073957015	-3.116555782564687	0.009487663683941109
342.0	342.4909	2600.0	2577.3228673458193	-0.4903713140264734	-0.7444691957039645	28.046176347638127	-133.39068107956336	-162.30957315698467	475.8915684364481	520.2021301822733	-78.37866206932267	-194.9211550076034	475.8915684364481	520.2021301822762	0.0	0.0	0.0	17.082836302804	17.05746326888805	-0.9178079860709459	-18.862430203178683	1.0736371483611096	0.25222205815994553	1.5875824018982319	0.0	0.0	0.0	0.0	0.0	0.0	0.0	0.0	0.0	0.0	0.0	0.0	0.0	0.0	0.0	0.0	0.0	0.0	0.0	0.0	0.0	0.0	0.0	0.0	0.0	0.0	0.0	0.0	0.0	0.0	0.0	0.0	0.0	0.0	0.0	0.0	0.0	0.0	0.0	0.0	0.0	0.0	0.0	0.0	0.0	0.0	0.0	0.0	26950.580452856328	-1138.0143344936503	346.77722432960405	26976.825569638622	-26747.738032742767	266.39235535237805	-3494.725330143966	26976.388933442777	0.0	0.0	0.0	0.0	0.0	0.0	0.0	0.0	0.0	0.0	0.0	0.0	0.0	0.0	0.0	0.0	0.0	0.0	0.0	0.0	0.0	0.0	0.0	0.0	0.0	0.0	0.0	0.0	26762.907973132766	-1883.0544166523748	2815.3903413073135	26976.388933442777	0.0	0.0	0.0	0.0	0.0	0.0	0.0	0.0	0.0	0.0	0.0	0.0	0.0	0.0	0.0	0.0	0.0	0.0	0.0	0.0	0.0	0.0	0.0	0.0	0.0	0.0	0.0	0.0	0.0	0.0	0.0	0.0	0.0	0.0	0.0	0.0	0.0	0.0	0.0	0.0	0.0	0.0	0.0	0.0	0.0	0.0	0.0	0.0	0.0	0.0	0.0	0.0	0.0	0.0	0.0	0.0	0.0	0.0	0.0	0.0	0.0	0.0	0.0	0.0	0.0	0.0	0.0	0.0	0.0	0.0	0.0	0.0	0.0	0.0	0.0	0.0	0.0	0.0	0.0	0.0	0.0	0.0	0.0	0.0	0.0	0.0	0.0	0.0	0.0	0.0	0.0	0.0	0.0	0.0	0.0	0.0	0.0	0.0	0.0	0.0	27.392384798002233	-3.2076152019977724	0.12121341473595992	-0.6216940116464447	37.68418502898032	0.5615739503248314	0.04429274391241117	-3.1509087977665375	0.009473957839056012
343.0	343.491	2600.0	2577.450283746049	-0.46328821317550767	-0.7608953665577266	28.033284983101378	-132.81929924128417	-174.475883846535	490.5156635145184	537.2973259267756	-77.76387383105248	-205.0258037949424	490.51566351451834	537.2973259267743	0.0	0.0	0.0	17.540057497911317	17.48822024960899	-0.9250475103306114	-18.962482269115878	1.1286896609249886	0.24676958508711186	1.5935830996605793	0.0	0.0	0.0	0.0	0.0	0.0	0.0	0.0	0.0	0.0	0.0	0.0	0.0	0.0	0.0	0.0	0.0	0.0	0.0	0.0	0.0	0.0	0.0	0.0	0.0	0.0	0.0	0.0	0.0	0.0	0.0	0.0	0.0	0.0	0.0	0.0	0.0	0.0	0.0	0.0	0.0	0.0	0.0	0.0	0.0	0.0	0.0	0.0	26955.33927419722	-1135.4004664300373	355.78001132461526	26981.586851456814	-26771.076205652735	283.2454045010193	-3349.2562111536818	26981.25768632716	0.0	0.0	0.0	0.0	0.0	0.0	0.0	0.0	0.0	0.0	0.0	0.0	0.0	0.0	0.0	0.0	0.0	0.0	0.0	0.0	0.0	0.0	0.0	0.0	0.0	0.0	0.0	0.0	26783.013547618833	-1883.4920144166279	2666.6288597558814	26981.25768632716	0.0	0.0	0.0	0.0	0.0	0.0	0.0	0.0	0.0	0.0	0.0	0.0	0.0	0.0	0.0	0.0	0.0	0.0	0.0	0.0	0.0	0.0	0.0	0.0	0.0	0.0	0.0	0.0	0.0	0.0	0.0	0.0	0.0	0.0	0.0	0.0	0.0	0.0	0.0	0.0	0.0	0.0	0.0	0.0	0.0	0.0	0.0	0.0	0.0	0.0	0.0	0.0	0.0	0.0	0.0	0.0	0.0	0.0	0.0	0.0	0.0	0.0	0.0	0.0	0.0	0.0	0.0	0.0	0.0	0.0	0.0	0.0	0.0	0.0	0.0	0.0	0.0	0.0	0.0	0.0	0.0	0.0	0.0	0.0	0.0	0.0	0.0	0.0	0.0	0.0	0.0	0.0	0.0	0.0	0.0	0.0	0.0	0.0	0.0	0.0	27.3586502913361	-3.2413497086638974	0.12130220578487035	-0.6227892344969599	37.723377592475025	0.5615211071758119	0.04427087545168212	-3.1835206338842883	0.009442317961377669
344.0	344.4911	2600.0	2577.1742792889863	-0.43562209993466067	-0.7763748122816564	28.02100601089695	-135.09598661972632	-189.1167369112227	503.9476421758121	554.9588199454678	-79.60954199482876	-218.3538106012311	503.94764217581206	554.9588199454666	-3.0154043841933243e-15	0.0	-3.0154043841933243e-15	17.99311123751649	17.914396629876034	-0.9314715668772785	-19.05611917439574	1.1848638121975326	0.24172104313207057	1.5995161887801783	0.0	0.0	0.0	0.0	0.0	0.0	0.0	0.0	0.0	0.0	0.0	0.0	0.0	0.0	0.0	0.0	0.0	0.0	0.0	0.0	0.0	0.0	0.0	0.0	0.0	0.0	0.0	0.0	0.0	0.0	0.0	0.0	0.0	0.0	0.0	0.0	0.0	0.0	0.0	0.0	0.0	0.0	0.0	0.0	0.0	0.0	0.0	0.0	26957.002943391995	-1132.7415744386935	366.1344984133027	26983.275665408655	-26790.427405847357	300.0390047032864	-3204.3681718867488	26983.050223674138	0.0	0.0	0.0	0.0	0.0	0.0	0.0	0.0	0.0	0.0	0.0	0.0	0.0	0.0	0.0	0.0	0.0	0.0	0.0	0.0	0.0	0.0	0.0	0.0	0.0	0.0	0.0	0.0	26799.08195680758	-1883.7165826722653	2519.0906061110163	26983.050223674138	0.0	0.0	0.0	0.0	0.0	0.0	0.0	0.0	0.0	0.0	0.0	0.0	0.0	0.0	0.0	0.0	0.0	0.0	0.0	0.0	0.0	0.0	0.0	0.0	0.0	0.0	0.0	0.0	0.0	0.0	0.0	0.0	0.0	0.0	0.0	0.0	0.0	0.0	0.0	0.0	0.0	0.0	0.0	0.0	0.0	0.0	0.0	0.0	0.0	0.0	0.0	0.0	0.0	0.0	0.0	0.0	0.0	0.0	0.0	0.0	0.0	0.0	0.0	0.0	0.0	0.0	0.0	0.0	0.0	0.0	0.0	0.0	0.0	0.0	0.0	0.0	0.0	0.0	0.0	0.0	0.0	0.0	0.0	0.0	0.0	0.0	0.0	0.0	0.0	0.0	0.0	0.0	0.0	0.0	0.0	0.0	0.0	0.0	0.0	0.0	27.326753079190322	-3.2732469208096755	0.12139347636870607	-0.6239033378753428	37.76028023697608	0.5614682580681575	0.044256360795374525	-3.214276013352591	0.009407493645093247
345.0	345.4912	2600.0	2577.0456582030556	-0.40741212894188455	-0.790908601421895	28.009366855169226	-135.08191957551392	-197.26335136352276	517.8147284891701	570.3437979216459	-81.35400723275595	-224.81432404218864	517.8147284891701	570.3437979216453	0.0	0.0	0.0	18.441914864830522	18.335872577752873	-0.93696729032988	-19.14324254112874	1.2421765243904188	0.23714475929275308	1.6054289441125078	0.0	0.0	0.0	0.0	0.0	0.0	0.0	0.0	0.0	0.0	0.0	0.0	0.0	0.0	0.0	0.0	0.0	0.0	0.0	0.0	0.0	0.0	0.0	0.0	0.0	0.0	0.0	0.0	0.0	0.0	0.0	0.0	0.0	0.0	0.0	0.0	0.0	0.0	0.0	0.0	0.0	0.0	0.0	0.0	0.0	0.0	0.0	0.0	26958.037990272773	-1130.1646978612343	374.5747339344214	26984.31749666061	-26808.498508994235	318.1588167577235	-3056.230405890585	26984.020486823625	0.0	0.0	0.0	0.0	0.0	0.0	0.0	0.0	0.0	0.0	0.0	0.0	0.0	0.0	0.0	0.0	0.0	0.0	0.0	0.0	0.0	0.0	0.0	0.0	0.0	0.0	0.0	0.0	26813.757321048717	-1883.8832632023584	2368.7050917852425	26984.020486823625	0.0	0.0	0.0	0.0	0.0	0.0	0.0	0.0	0.0	0.0	0.0	0.0	0.0	0.0	0.0	0.0	0.0	0.0	0.0	0.0	0.0	0.0	0.0	0.0	0.0	0.0	0.0	0.0	0.0	0.0	0.0	0.0	0.0	0.0	0.0	0.0	0.0	0.0	0.0	0.0	0.0	0.0	0.0	0.0	0.0	0.0	0.0	0.0	0.0	0.0	0.0	0.0	0.0	0.0	0.0	0.0	0.0	0.0	0.0	0.0	0.0	0.0	0.0	0.0	0.0	0.0	0.0	0.0	0.0	0.0	0.0	0.0	0.0	0.0	0.0	0.0	0.0	0.0	0.0	0.0	0.0	0.0	0.0	0.0	0.0	0.0	0.0	0.0	0.0	0.0	0.0	0.0	0.0	0.0	0.0	0.0	0.0	0.0	0.0	0.0	27.29671147810071	-3.30328852189929	0.12150191638530128	-0.6250546436065236	37.79493016660505	0.5614154026622015	0.04424618796546276	-3.2431383328251755	0.009354884550063851
346.0	346.4913	2600.0	2577.312198206581	-0.37870583033466654	-0.8044798132061746	27.998400501054405	-133.50704721713194	-200.4618820571632	525.2675223423083	577.8538464371117	-82.98708621335025	-226.10228069693403	525.2675223423083	577.8538464371114	0.0	0.0	0.0	18.886358033491515	18.752588530827474	-0.9415404990169376	-19.224041946128832	1.3004171883979456	0.23280775476449653	1.6112127078420089	0.0	0.0	0.0	0.0	0.0	0.0	0.0	0.0	0.0	0.0	0.0	0.0	0.0	0.0	0.0	0.0	0.0	0.0	0.0	0.0	0.0	0.0	0.0	0.0	0.0	0.0	0.0	0.0	0.0	0.0	0.0	0.0	0.0	0.0	0.0	0.0	0.0	0.0	0.0	0.0	0.0	0.0	0.0	0.0	0.0	0.0	0.0	0.0	26960.50635444041	-1127.746198354888	382.0294056296269	26986.786782469895	-26827.43393003377	337.2889779751526	-2906.4770438035134	26986.525970030823	0.0	0.0	0.0	0.0	0.0	0.0	0.0	0.0	0.0	0.0	0.0	0.0	0.0	0.0	0.0	0.0	0.0	0.0	0.0	0.0	0.0	0.0	0.0	0.0	0.0	0.0	0.0	0.0	26829.217071726158	-1884.2224239589525	2217.0703882366415	26986.525970030823	0.0	0.0	0.0	0.0	0.0	0.0	0.0	0.0	0.0	0.0	0.0	0.0	0.0	0.0	0.0	0.0	0.0	0.0	0.0	0.0	0.0	0.0	0.0	0.0	0.0	0.0	0.0	0.0	0.0	0.0	0.0	0.0	0.0	0.0	0.0	0.0	0.0	0.0	0.0	0.0	0.0	0.0	0.0	0.0	0.0	0.0	0.0	0.0	0.0	0.0	0.0	0.0	0.0	0.0	0.0	0.0	0.0	0.0	0.0	0.0	0.0	0.0	0.0	0.0	0.0	0.0	0.0	0.0	0.0	0.0	0.0	0.0	0.0	0.0	0.0	0.0	0.0	0.0	0.0	0.0	0.0	0.0	0.0	0.0	0.0	0.0	0.0	0.0	0.0	0.0	0.0	0.0	0.0	0.0	0.0	0.0	0.0	0.0	0.0	0.0	27.268560887256363	-3.331439112743634	0.12162049019176557	-0.626188902893859	37.82732838763212	0.5613625399859525	0.04423341558162861	-3.2701258565899347	0.009290810897556052
347.0	347.4914	2600.0	2577.43103393072	-0.3495399313379959	-0.8170637675130832	27.988140029721865	-132.83878791606185	-202.3382678073795	526.4608070511392	579.4375717497409	-85.86197149114743	-226.3065179042642	526.4608070511392	579.4375717497412	0.0	0.0	0.0	19.326349371096203	19.164472128649663	-0.9451305944524935	-19.298406252628617	1.3593538139743384	0.22878195322408276	1.6167200909074744	0.0	0.0	0.0	0.0	0.0	0.0	0.0	0.0	0.0	0.0	0.0	0.0	0.0	0.0	0.0	0.0	0.0	0.0	0.0	0.0	0.0	0.0	0.0	0.0	0.0	0.0	0.0	0.0	0.0	0.0	0.0	0.0	0.0	0.0	0.0	0.0	0.0	0.0	0.0	0.0	0.0	0.0	0.0	0.0	0.0	0.0	0.0	0.0	26961.43414247351	-1125.191742407677	389.0621361434536	26987.707513271656	-26844.099041390156	357.0881898079832	-2755.1533458727727	26987.479231646263	0.0	0.0	0.0	0.0	0.0	0.0	0.0	0.0	0.0	0.0	0.0	0.0	0.0	0.0	0.0	0.0	0.0	0.0	0.0	0.0	0.0	0.0	0.0	0.0	0.0	0.0	0.0	0.0	26842.349419750866	-1884.2843451637204	2064.409216485357	26987.479231646263	0.0	0.0	0.0	0.0	0.0	0.0	0.0	0.0	0.0	0.0	0.0	0.0	0.0	0.0	0.0	0.0	0.0	0.0	0.0	0.0	0.0	0.0	0.0	0.0	0.0	0.0	0.0	0.0	0.0	0.0	0.0	0.0	0.0	0.0	0.0	0.0	0.0	0.0	0.0	0.0	0.0	0.0	0.0	0.0	0.0	0.0	0.0	0.0	0.0	0.0	0.0	0.0	0.0	0.0	0.0	0.0	0.0	0.0	0.0	0.0	0.0	0.0	0.0	0.0	0.0	0.0	0.0	0.0	0.0	0.0	0.0	0.0	0.0	0.0	0.0	0.0	0.0	0.0	0.0	0.0	0.0	0.0	0.0	0.0	0.0	0.0	0.0	0.0	0.0	0.0	0.0	0.0	0.0	0.0	0.0	0.0	0.0	0.0	0.0	0.0	27.242343274309547	-3.357656725690447	0.12173412366575988	-0.6272636871675187	37.8575082773291	0.5613096708143673	0.04422871164732066	-3.2952389030922724	0.009207216961005413
348.0	348.4914	2600.0	2577.266130097115	-0.31997344269812855	-0.828660874468294	27.9786096299947	-133.55758113016776	-216.41118517010176	540.3002658457635	597.1564332878552	-87.6952797166359	-238.7068630339126	540.3002658457635	597.1564332878556	0.0	0.0	0.0	19.761738278510798	19.571460303695492	-0.9477537401067948	-19.366273973022004	1.4188272983031227	0.22509824006495166	1.6218647908346093	0.0	0.0	0.0	0.0	0.0	0.0	0.0	0.0	0.0	0.0	0.0	0.0	0.0	0.0	0.0	0.0	0.0	0.0	0.0	0.0	0.0	0.0	0.0	0.0	0.0	0.0	0.0	0.0	0.0	0.0	0.0	0.0	0.0	0.0	0.0	0.0	0.0	0.0	0.0	0.0	0.0	0.0	0.0	0.0	0.0	0.0	0.0	0.0	26962.893214722397	-1122.911871901719	396.26473100824666	26989.17500253799	-26860.350423233074	377.3170038648139	-2604.002913649071	26988.91669101551	0.0	0.0	0.0	0.0	0.0	0.0	0.0	0.0	0.0	0.0	0.0	0.0	0.0	0.0	0.0	0.0	0.0	0.0	0.0	0.0	0.0	0.0	0.0	0.0	0.0	0.0	0.0	0.0	26855.041874409497	-1884.4281374631744	1912.4018074205865	26988.91669101551	0.0	0.0	0.0	0.0	0.0	0.0	0.0	0.0	0.0	0.0	0.0	0.0	0.0	0.0	0.0	0.0	0.0	0.0	0.0	0.0	0.0	0.0	0.0	0.0	0.0	0.0	0.0	0.0	0.0	0.0	0.0	0.0	0.0	0.0	0.0	0.0	0.0	0.0	0.0	0.0	0.0	0.0	0.0	0.0	0.0	0.0	0.0	0.0	0.0	0.0	0.0	0.0	0.0	0.0	0.0	0.0	0.0	0.0	0.0	0.0	0.0	0.0	0.0	0.0	0.0	0.0	0.0	0.0	0.0	0.0	0.0	0.0	0.0	0.0	0.0	0.0	0.0	0.0	0.0	0.0	0.0	0.0	0.0	0.0	0.0	0.0	0.0	0.0	0.0	0.0	0.0	0.0	0.0	0.0	0.0	0.0	0.0	0.0	0.0	0.0	27.218074662062126	-3.3819253379378797	0.12183272896658953	-0.6282518981213004	37.88547701514004	0.5612568008781067	0.04422136866783809	-3.3184879411673154	0.0091080766441386
349.0	349.4915	2600.0	2577.308400114809	-0.2900312403846415	-0.8392378422427044	27.969840950844052	-132.94105099913574	-220.03107877954602	536.5393672889614	594.9466289680822	-90.58158409481258	-240.58673133097182	536.5393672889614	594.9466289680829	-1.9697283978110428e-15	0.0	-1.9697283978110428e-15	20.19246643809282	19.973555462200743	-0.9494170144294892	-19.427669996574572	1.4787895073382842	0.22171647907014871	1.6266907595903908	0.0	0.0	0.0	0.0	0.0	0.0	0.0	0.0	0.0	0.0	0.0	0.0	0.0	0.0	0.0	0.0	0.0	0.0	0.0	0.0	0.0	0.0	0.0	0.0	0.0	0.0	0.0	0.0	0.0	0.0	0.0	0.0	0.0	0.0	0.0	0.0	0.0	0.0	0.0	0.0	0.0	0.0	0.0	0.0	0.0	0.0	0.0	0.0	26964.036641770836	-1120.6076826448798	402.0360182775892	26990.30690001793	-26875.68794988665	398.75806266809167	-2450.379066265067	26990.10871301959	0.0	0.0	0.0	0.0	0.0	0.0	0.0	0.0	0.0	0.0	0.0	0.0	0.0	0.0	0.0	0.0	0.0	0.0	0.0	0.0	0.0	0.0	0.0	0.0	0.0	0.0	0.0	0.0	26866.763052307157	-1884.5272361028728	1758.2856787749881	26990.10871301959	0.0	0.0	0.0	0.0	0.0	0.0	0.0	0.0	0.0	0.0	0.0	0.0	0.0	0.0	0.0	0.0	0.0	0.0	0.0	0.0	0.0	0.0	0.0	0.0	0.0	0.0	0.0	0.0	0.0	0.0	0.0	0.0	0.0	0.0	0.0	0.0	0.0	0.0	0.0	0.0	0.0	0.0	0.0	0.0	0.0	0.0	0.0	0.0	0.0	0.0	0.0	0.0	0.0	0.0	0.0	0.0	0.0	0.0	0.0	0.0	0.0	0.0	0.0	0.0	0.0	0.0	0.0	0.0	0.0	0.0	0.0	0.0	0.0	0.0	0.0	0.0	0.0	0.0	0.0	0.0	0.0	0.0	0.0	0.0	0.0	0.0	0.0	0.0	0.0	0.0	0.0	0.0	0.0	0.0	0.0	0.0	0.0	0.0	0.0	0.0	27.195803029024205	-3.4041969709757973	0.12191087894883676	-0.6291665404901887	37.91126972668149	0.5612039290871962	0.04422045264378867	-3.3398123402628963	0.0089833275749549
350.0	350.4914	2600.0	2577.113788100259	-0.2597344286967927	-0.8487742496725317	27.96185950410888	-134.69177137886436	-212.89725666289814	539.3056774894734	595.2459398804365	-97.67155936074414	-232.22269842503377	539.3056774894734	595.2459398804359	3.0854633353848592e-15	0.0	3.0854633353848592e-15	20.618397246375697	20.370774895642736	-0.9502170793146597	-19.482548600858326	1.5392538845757828	0.21867054799027913	1.6313000184318747	0.0	0.0	0.0	0.0	0.0	0.0	0.0	0.0	0.0	0.0	0.0	0.0	0.0	0.0	0.0	0.0	0.0	0.0	0.0	0.0	0.0	0.0	0.0	0.0	0.0	0.0	0.0	0.0	0.0	0.0	0.0	0.0	0.0	0.0	0.0	0.0	0.0	0.0	0.0	0.0	0.0	0.0	0.0	0.0	0.0	0.0	0.0	0.0	26963.023104375217	-1118.5304824562836	408.48366435308003	26989.304997930172	-26887.926345293185	420.44697391354913	-2296.6391663646	26989.10725215386	0.0	0.0	0.0	0.0	0.0	0.0	0.0	0.0	0.0	0.0	0.0	0.0	0.0	0.0	0.0	0.0	0.0	0.0	0.0	0.0	0.0	0.0	0.0	0.0	0.0	0.0	0.0	0.0	26875.380501621854	-1884.4455861734994	1604.5865492577623	26989.10725215386	0.0	0.0	0.0	0.0	0.0	0.0	0.0	0.0	0.0	0.0	0.0	0.0	0.0	0.0	0.0	0.0	0.0	0.0	0.0	0.0	0.0	0.0	0.0	0.0	0.0	0.0	0.0	0.0	0.0	0.0	0.0	0.0	0.0	0.0	0.0	0.0	0.0	0.0	0.0	0.0	0.0	0.0	0.0	0.0	0.0	0.0	0.0	0.0	0.0	0.0	0.0	0.0	0.0	0.0	0.0	0.0	0.0	0.0	0.0	0.0	0.0	0.0	0.0	0.0	0.0	0.0	0.0	0.0	0.0	0.0	0.0	0.0	0.0	0.0	0.0	0.0	0.0	0.0	0.0	0.0	0.0	0.0	0.0	0.0	0.0	0.0	0.0	0.0	0.0	0.0	0.0	0.0	0.0	0.0	0.0	0.0	0.0	0.0	0.0	0.0	27.17556254645885	-3.424437453541153	0.12198316893084103	-0.630046758876122	37.93489603748174	0.5611510572820926	0.04421505259522834	-3.359138686343981	0.008836806675909564
351.0	351.4913	2600.0	2577.4283256486387	-0.22911659212283716	-0.8572679260896221	27.95468350383421	-132.051568461211	-226.14602304375873	544.9330958647666	604.592192672328	-97.1378480255098	-243.19514582439658	544.9330958647666	604.5921926723298	0.0	0.0	0.0	21.039399008130324	20.763116096032714	-0.9502281383563136	-19.530874199014846	1.6002508933765118	0.21598329686038503	1.6357622012451045	0.0	0.0	0.0	0.0	0.0	0.0	0.0	0.0	0.0	0.0	0.0	0.0	0.0	0.0	0.0	0.0	0.0	0.0	0.0	0.0	0.0	0.0	0.0	0.0	0.0	0.0	0.0	0.0	0.0	0.0	0.0	0.0	0.0	0.0	0.0	0.0	0.0	0.0	0.0	0.0	0.0	0.0	0.0	0.0	0.0	0.0	0.0	0.0	26966.08184414857	-1116.3687520282183	414.29960927652763	26992.359907612205	-26903.480532450874	442.9350353468899	-2141.9477054176014	26992.24696423484	0.0	0.0	0.0	0.0	0.0	0.0	0.0	0.0	0.0	0.0	0.0	0.0	0.0	0.0	0.0	0.0	0.0	0.0	0.0	0.0	0.0	0.0	0.0	0.0	0.0	0.0	0.0	0.0	26887.290855737476	-1884.6576674816072	1450.1903646153125	26992.24696423484	0.0	0.0	0.0	0.0	0.0	0.0	0.0	0.0	0.0	0.0	0.0	0.0	0.0	0.0	0.0	0.0	0.0	0.0	0.0	0.0	0.0	0.0	0.0	0.0	0.0	0.0	0.0	0.0	0.0	0.0	0.0	0.0	0.0	0.0	0.0	0.0	0.0	0.0	0.0	0.0	0.0	0.0	0.0	0.0	0.0	0.0	0.0	0.0	0.0	0.0	0.0	0.0	0.0	0.0	0.0	0.0	0.0	0.0	0.0	0.0	0.0	0.0	0.0	0.0	0.0	0.0	0.0	0.0	0.0	0.0	0.0	0.0	0.0	0.0	0.0	0.0	0.0	0.0	0.0	0.0	0.0	0.0	0.0	0.0	0.0	0.0	0.0	0.0	0.0	0.0	0.0	0.0	0.0	0.0	0.0	0.0	0.0	0.0	0.0	0.0	27.15736782566322	-3.4426321743367825	0.1220643282428035	-0.6309160615306222	37.95636648336038	0.5610981867812788	0.04420805591423934	-3.3764291084060614	0.008670559311970664
352.0	352.4913	2600.0	2577.4471964942463	-0.19821932854457044	-0.8647142190001913	27.948330792569873	-133.73450893180592	-222.82490168406002	547.9017786867491	606.4092799239187	-103.4695898280097	-238.39022561876482	547.9017786867491	606.4092799239187	-2.200772720299683e-15	0.0	-2.200772720299683e-15	21.455162070367166	21.15076794842249	-0.9499175981598589	-19.57272301263994	1.6616505519931235	0.21356027097194094	1.6400150847087638	0.0	0.0	0.0	0.0	0.0	0.0	0.0	0.0	0.0	0.0	0.0	0.0	0.0	0.0	0.0	0.0	0.0	0.0	0.0	0.0	0.0	0.0	0.0	0.0	0.0	0.0	0.0	0.0	0.0	0.0	0.0	0.0	0.0	0.0	0.0	0.0	0.0	0.0	0.0	0.0	0.0	0.0	0.0	0.0	0.0	0.0	0.0	0.0	26971.474675999572	-1115.7997492341979	418.5642115981734	26997.789748009152	-26920.554523299346	467.3601326333485	-1985.9045361261112	26997.74987220444	0.0	0.0	0.0	0.0	0.0	0.0	0.0	0.0	0.0	0.0	0.0	0.0	0.0	0.0	0.0	0.0	0.0	0.0	0.0	0.0	0.0	0.0	0.0	0.0	0.0	0.0	0.0	0.0	26900.67822368909	-1886.0510781982916	1294.1485996906272	26997.74987220444	0.0	0.0	0.0	0.0	0.0	0.0	0.0	0.0	0.0	0.0	0.0	0.0	0.0	0.0	0.0	0.0	0.0	0.0	0.0	0.0	0.0	0.0	0.0	0.0	0.0	0.0	0.0	0.0	0.0	0.0	0.0	0.0	0.0	0.0	0.0	0.0	0.0	0.0	0.0	0.0	0.0	0.0	0.0	0.0	0.0	0.0	0.0	0.0	0.0	0.0	0.0	0.0	0.0	0.0	0.0	0.0	0.0	0.0	0.0	0.0	0.0	0.0	0.0	0.0	0.0	0.0	0.0	0.0	0.0	0.0	0.0	0.0	0.0	0.0	0.0	0.0	0.0	0.0	0.0	0.0	0.0	0.0	0.0	0.0	0.0	0.0	0.0	0.0	0.0	0.0	0.0	0.0	0.0	0.0	0.0	0.0	0.0	0.0	0.0	0.0	27.141234953018774	-3.458765046981231	0.12215191533864174	-0.6317511235739477	37.975609663286484	0.5610452879061043	0.04420378042523284	-3.3916905262974977	0.008562214080134911
353.0	353.4912	2600.0	2577.9830732297773	-0.16709288395272656	-0.8710953751755744	27.942822390419025	-128.54832760760294	-245.47347274805358	558.0351289959893	623.0450252969456	-99.89384463233	-258.4629918542923	558.0351289959892	623.0450252969447	0.0	0.0	0.0	21.86611224757569	21.533215249843117	-0.9482583163338004	-19.608113151221783	1.7233001596228186	0.21137001837960803	1.6439906132825943	0.0	0.0	0.0	0.0	0.0	0.0	0.0	0.0	0.0	0.0	0.0	0.0	0.0	0.0	0.0	0.0	0.0	0.0	0.0	0.0	0.0	0.0	0.0	0.0	0.0	0.0	0.0	0.0	0.0	0.0	0.0	0.0	0.0	0.0	0.0	0.0	0.0	0.0	0.0	0.0	0.0	0.0	0.0	0.0	0.0	0.0	0.0	0.0	26975.32370978187	-1112.7634912580136	423.6084849797019	27001.588397417356	-26934.87597287563	489.12117808450176	-1831.4409321788953	27001.49920076855	0.0	0.0	0.0	0.0	0.0	0.0	0.0	0.0	0.0	0.0	0.0	0.0	0.0	0.0	0.0	0.0	0.0	0.0	0.0	0.0	0.0	0.0	0.0	0.0	0.0	0.0	0.0	0.0	26911.42382247397	-1885.1313775485382	1141.274123804953	27001.49920076855	0.0	0.0	0.0	0.0	0.0	0.0	0.0	0.0	0.0	0.0	0.0	0.0	0.0	0.0	0.0	0.0	0.0	0.0	0.0	0.0	0.0	0.0	0.0	0.0	0.0	0.0	0.0	0.0	0.0	0.0	0.0	0.0	0.0	0.0	0.0	0.0	0.0	0.0	0.0	0.0	0.0	0.0	0.0	0.0	0.0	0.0	0.0	0.0	0.0	0.0	0.0	0.0	0.0	0.0	0.0	0.0	0.0	0.0	0.0	0.0	0.0	0.0	0.0	0.0	0.0	0.0	0.0	0.0	0.0	0.0	0.0	0.0	0.0	0.0	0.0	0.0	0.0	0.0	0.0	0.0	0.0	0.0	0.0	0.0	0.0	0.0	0.0	0.0	0.0	0.0	0.0	0.0	0.0	0.0	0.0	0.0	0.0	0.0	0.0	0.0	27.127191806072773	-3.4728081939272313	0.12224102605004068	-0.6325250372756028	37.99285506027719	0.5609924041720525	0.0442015512224682	-3.404922362737042	0.008289380968230021
354.0	354.4911	2600.0	2578.073021447715	-0.1357709809234735	-0.8764150202251033	27.93816885795607	-128.39178875424295	-247.27616147466682	557.1481785665555	622.9318135503996	-104.06012639169239	-258.4597484106706	557.1481785665555	622.9318135504017	0.0	0.0	0.0	22.271662303442493	21.910872092846084	-0.9462255044658575	-19.637003486324108	1.7851058698666795	0.20944374710684766	1.647663184398352	0.0	0.0	0.0	0.0	0.0	0.0	0.0	0.0	0.0	0.0	0.0	0.0	0.0	0.0	0.0	0.0	0.0	0.0	0.0	0.0	0.0	0.0	0.0	0.0	0.0	0.0	0.0	0.0	0.0	0.0	0.0	0.0	0.0	0.0	0.0	0.0	0.0	0.0	0.0	0.0	0.0	0.0	0.0	0.0	0.0	0.0	0.0	0.0	26984.152380823536	-1111.38435908245	424.10871054758746	27010.359551540216	-26953.55606159894	514.4356594634277	-1671.7801515598778	27010.251337013407	0.0	0.0	0.0	0.0	0.0	0.0	0.0	0.0	0.0	0.0	0.0	0.0	0.0	0.0	0.0	0.0	0.0	0.0	0.0	0.0	0.0	0.0	0.0	0.0	0.0	0.0	0.0	0.0	26926.426011161584	-1885.6980646177317	982.5489113383452	27010.251337013407	0.0	0.0	0.0	0.0	0.0	0.0	0.0	0.0	0.0	0.0	0.0	0.0	0.0	0.0	0.0	0.0	0.0	0.0	0.0	0.0	0.0	0.0	0.0	0.0	0.0	0.0	0.0	0.0	0.0	0.0	0.0	0.0	0.0	0.0	0.0	0.0	0.0	0.0	0.0	0.0	0.0	0.0	0.0	0.0	0.0	0.0	0.0	0.0	0.0	0.0	0.0	0.0	0.0	0.0	0.0	0.0	0.0	0.0	0.0	0.0	0.0	0.0	0.0	0.0	0.0	0.0	0.0	0.0	0.0	0.0	0.0	0.0	0.0	0.0	0.0	0.0	0.0	0.0	0.0	0.0	0.0	0.0	0.0	0.0	0.0	0.0	0.0	0.0	0.0	0.0	0.0	0.0	0.0	0.0	0.0	0.0	0.0	0.0	0.0	0.0	27.11524398763847	-3.4847560123615335	0.12232773161140957	-0.6332314091788461	38.00792911093163	0.5609395475912117	0.044205644848353966	-3.4161250011215336	0.008047923861799141
355.0	355.491	2600.0	2578.4066363481893	-0.10431145080275565	-0.8806746127125058	27.934380445447026	-126.90972115021577	-238.61590410109417	541.7797545879392	605.4493616263674	-107.75788258134709	-247.8545253853372	541.7797545879392	605.4493616263657	0.0	0.0	0.0	22.671746065674217	22.283645626999554	-0.9437299704799849	-19.659342079988463	1.8469373501283972	0.20782639208438333	1.650984584132222	0.0	0.0	0.0	0.0	0.0	0.0	0.0	0.0	0.0	0.0	0.0	0.0	0.0	0.0	0.0	0.0	0.0	0.0	0.0	0.0	0.0	0.0	0.0	0.0	0.0	0.0	0.0	0.0	0.0	0.0	0.0	0.0	0.0	0.0	0.0	0.0	0.0	0.0	0.0	0.0	0.0	0.0	0.0	0.0	0.0	0.0	0.0	0.0	26980.691838353858	-1109.562792423892	425.54292785718496	27006.850028279772	-26959.278688913237	541.1811411165271	-1507.2451045579462	27006.8023331013	0.0	0.0	0.0	0.0	0.0	0.0	0.0	0.0	0.0	0.0	0.0	0.0	0.0	0.0	0.0	0.0	0.0	0.0	0.0	0.0	0.0	0.0	0.0	0.0	0.0	0.0	0.0	0.0	26928.456724225074	-1885.300527468661	819.2878809487689	27006.8023331013	0.0	0.0	0.0	0.0	0.0	0.0	0.0	0.0	0.0	0.0	0.0	0.0	0.0	0.0	0.0	0.0	0.0	0.0	0.0	0.0	0.0	0.0	0.0	0.0	0.0	0.0	0.0	0.0	0.0	0.0	0.0	0.0	0.0	0.0	0.0	0.0	0.0	0.0	0.0	0.0	0.0	0.0	0.0	0.0	0.0	0.0	0.0	0.0	0.0	0.0	0.0	0.0	0.0	0.0	0.0	0.0	0.0	0.0	0.0	0.0	0.0	0.0	0.0	0.0	0.0	0.0	0.0	0.0	0.0	0.0	0.0	0.0	0.0	0.0	0.0	0.0	0.0	0.0	0.0	0.0	0.0	0.0	0.0	0.0	0.0	0.0	0.0	0.0	0.0	0.0	0.0	0.0	0.0	0.0	0.0	0.0	0.0	0.0	0.0	0.0	27.10539807743573	-3.4946019225642675	0.12240446366644224	-0.6338569195184296	38.02086964287116	0.5608866948679431	0.04420576585923976	-3.4253047420480334	0.0077896645773617695
356.0	356.4909	2600.0	2578.7900831451	-0.0727426867234336	-0.883867141974285	27.93146736080074	-124.04570095223788	-262.48191413787197	561.9967993536975	632.5539452552747	-107.7471585952917	-269.582345469531	561.9967993536975	632.5539452552741	-1.2694328449908844e-15	0.0	-1.2694328449908844e-15	23.06622383936396	22.651527887492733	-0.9408556701071954	-19.6751141335519	1.9087272646115911	0.2065315723397697	1.653964186250062	0.0	0.0	0.0	0.0	0.0	0.0	0.0	0.0	0.0	0.0	0.0	0.0	0.0	0.0	0.0	0.0	0.0	0.0	0.0	0.0	0.0	0.0	0.0	0.0	0.0	0.0	0.0	0.0	0.0	0.0	0.0	0.0	0.0	0.0	0.0	0.0	0.0	0.0	0.0	0.0	0.0	0.0	0.0	0.0	0.0	0.0	0.0	0.0	26987.115953658424	-1108.243682842475	425.97755356623185	27013.22062311171	-26973.631048694635	567.6255623867627	-1345.5531798416475	27013.135399097235	0.0	0.0	0.0	0.0	0.0	0.0	0.0	0.0	0.0	0.0	0.0	0.0	0.0	0.0	0.0	0.0	0.0	0.0	0.0	0.0	0.0	0.0	0.0	0.0	0.0	0.0	0.0	0.0	26939.186348034247	-1885.6025437419196	658.9583013205549	27013.135399097235	0.0	0.0	0.0	0.0	0.0	0.0	0.0	0.0	0.0	0.0	0.0	0.0	0.0	0.0	0.0	0.0	0.0	0.0	0.0	0.0	0.0	0.0	0.0	0.0	0.0	0.0	0.0	0.0	0.0	0.0	0.0	0.0	0.0	0.0	0.0	0.0	0.0	0.0	0.0	0.0	0.0	0.0	0.0	0.0	0.0	0.0	0.0	0.0	0.0	0.0	0.0	0.0	0.0	0.0	0.0	0.0	0.0	0.0	0.0	0.0	0.0	0.0	0.0	0.0	0.0	0.0	0.0	0.0	0.0	0.0	0.0	0.0	0.0	0.0	0.0	0.0	0.0	0.0	0.0	0.0	0.0	0.0	0.0	0.0	0.0	0.0	0.0	0.0	0.0	0.0	0.0	0.0	0.0	0.0	0.0	0.0	0.0	0.0	0.0	0.0	27.097667629742833	-3.502332370257168	0.12247065722173779	-0.634406143047436	38.03167934332505	0.5608338507972861	0.0442116808565944	-3.4324437555425957	0.00752150281766805
357.0	357.4907	2600.0	2578.753621134816	-0.04110669365044101	-0.885984390466486	27.929438802520764	-125.15100586309562	-249.3540814447988	542.8426825111443	610.3428627891202	-114.11390790475707	-254.59428160198146	542.8426825111442	610.3428627891203	0.0	0.0	0.0	23.455016938382105	23.01448136663308	-0.9375981904024372	-19.684331189919558	1.9703812187598209	0.20554911380204816	1.6565995710168884	0.0	0.0	0.0	0.0	0.0	0.0	0.0	0.0	0.0	0.0	0.0	0.0	0.0	0.0	0.0	0.0	0.0	0.0	0.0	0.0	0.0	0.0	0.0	0.0	0.0	0.0	0.0	0.0	0.0	0.0	0.0	0.0	0.0	0.0	0.0	0.0	0.0	0.0	0.0	0.0	0.0	0.0	0.0	0.0	0.0	0.0	0.0	0.0	26988.09799267992	-1106.9230099295485	425.25405496097864	27014.13616652707	-26981.729168353377	594.7441890263588	-1182.266169756664	27014.166336589093	0.0	0.0	0.0	0.0	0.0	0.0	0.0	0.0	0.0	0.0	0.0	0.0	0.0	0.0	0.0	0.0	0.0	0.0	0.0	0.0	0.0	0.0	0.0	0.0	0.0	0.0	0.0	0.0	26943.692713507928	-1885.5564257087183	497.2753627833487	27014.166336589093	0.0	0.0	0.0	0.0	0.0	0.0	0.0	0.0	0.0	0.0	0.0	0.0	0.0	0.0	0.0	0.0	0.0	0.0	0.0	0.0	0.0	0.0	0.0	0.0	0.0	0.0	0.0	0.0	0.0	0.0	0.0	0.0	0.0	0.0	0.0	0.0	0.0	0.0	0.0	0.0	0.0	0.0	0.0	0.0	0.0	0.0	0.0	0.0	0.0	0.0	0.0	0.0	0.0	0.0	0.0	0.0	0.0	0.0	0.0	0.0	0.0	0.0	0.0	0.0	0.0	0.0	0.0	0.0	0.0	0.0	0.0	0.0	0.0	0.0	0.0	0.0	0.0	0.0	0.0	0.0	0.0	0.0	0.0	0.0	0.0	0.0	0.0	0.0	0.0	0.0	0.0	0.0	0.0	0.0	0.0	0.0	0.0	0.0	0.0	0.0	27.092066200289707	-3.507933799710291	0.12252450064105497	-0.6348784021403373	38.040383746668375	0.5607810138231197	0.04421568397313456	-3.4375289805432403	0.007226074644625069
358.0	358.4905	2600.0	2578.6860917877957	-0.00942738383259974	-0.8870318439291577	27.928296786359713	-123.06329128929248	-243.96207608146509	535.2172974039952	600.932295412194	-116.59409162510384	-247.11917373415045	535.2172974039952	600.9322954121945	0.0	0.0	0.0	23.83814073850992	23.372429707934792	-0.9339523578440801	-19.687887069647914	2.031915355437446	0.20398788217972913	1.6589930436311282	0.0	0.0	0.0	0.0	0.0	0.0	0.0	0.0	0.0	0.0	0.0	0.0	0.0	0.0	0.0	0.0	0.0	0.0	0.0	0.0	0.0	0.0	0.0	0.0	0.0	0.0	0.0	0.0	0.0	0.0	0.0	0.0	0.0	0.0	0.0	0.0	0.0	0.0	0.0	0.0	0.0	0.0	0.0	0.0	0.0	0.0	0.0	0.0	26991.094629832478	-1105.7604027354791	415.3244322496194	27016.9278373551	-26990.641297385973	625.7128290260675	-1008.8538757803964	27016.735930368097	0.0	0.0	0.0	0.0	0.0	0.0	0.0	0.0	0.0	0.0	0.0	0.0	0.0	0.0	0.0	0.0	0.0	0.0	0.0	0.0	0.0	0.0	0.0	0.0	0.0	0.0	0.0	0.0	26948.89558903569	-1885.5809910993808	325.00952062941707	27016.735930368097	0.0	0.0	0.0	0.0	0.0	0.0	0.0	0.0	0.0	0.0	0.0	0.0	0.0	0.0	0.0	0.0	0.0	0.0	0.0	0.0	0.0	0.0	0.0	0.0	0.0	0.0	0.0	0.0	0.0	0.0	0.0	0.0	0.0	0.0	0.0	0.0	0.0	0.0	0.0	0.0	0.0	0.0	0.0	0.0	0.0	0.0	0.0	0.0	0.0	0.0	0.0	0.0	0.0	0.0	0.0	0.0	0.0	0.0	0.0	0.0	0.0	0.0	0.0	0.0	0.0	0.0	0.0	0.0	0.0	0.0	0.0	0.0	0.0	0.0	0.0	0.0	0.0	0.0	0.0	0.0	0.0	0.0	0.0	0.0	0.0	0.0	0.0	0.0	0.0	0.0	0.0	0.0	0.0	0.0	0.0	0.0	0.0	0.0	0.0	0.0	27.088592554707763	-3.5114074452922317	0.1225716625949923	-0.6352629347458416	38.046970058562856	0.5607281824505357	0.044221202850551054	-3.4405729143857178	0.006882690591135381
359.0	359.4904	2600.0	2578.985807432305	0.02227699260413996	-0.8870048002496531	27.92804541348578	-122.80531214169966	-215.007139031557	479.2317927118337	539.418506978166	-120.88805133076491	-216.09093819548798	479.23179271183363	539.4185069781662	0.0	0.0	0.0	24.2158644889118	23.725129371718626	-0.9298116946218343	-19.68874471196275	2.0937315458091414	0.1988860103680711	1.661587993113926	0.0	0.0	0.0	0.0	0.0	0.0	0.0	0.0	0.0	0.0	0.0	0.0	0.0	0.0	0.0	0.0	0.0	0.0	0.0	0.0	0.0	0.0	0.0	0.0	0.0	0.0	0.0	0.0	0.0	0.0	0.0	0.0	0.0	0.0	0.0	0.0	0.0	0.0	0.0	0.0	0.0	0.0	0.0	0.0	0.0	0.0	0.0	0.0	26995.785103788152	-1104.3744672220198	372.75161941307675	27020.936329141838	-27000.617282982923	666.9409106026188	-806.8570427842825	27020.902318905675	0.0	0.0	0.0	0.0	0.0	0.0	0.0	0.0	0.0	0.0	0.0	0.0	0.0	0.0	0.0	0.0	0.0	0.0	0.0	0.0	0.0	0.0	0.0	0.0	0.0	0.0	0.0	0.0	26954.740111693147	-1885.7656358062898	122.6197607852681	27020.902318905675	0.0	0.0	0.0	0.0	0.0	0.0	0.0	0.0	0.0	0.0	0.0	0.0	0.0	0.0	0.0	0.0	0.0	0.0	0.0	0.0	0.0	0.0	0.0	0.0	0.0	0.0	0.0	0.0	0.0	0.0	0.0	0.0	0.0	0.0	0.0	0.0	0.0	0.0	0.0	0.0	0.0	0.0	0.0	0.0	0.0	0.0	0.0	0.0	0.0	0.0	0.0	0.0	0.0	0.0	0.0	0.0	0.0	0.0	0.0	0.0	0.0	0.0	0.0	0.0	0.0	0.0	0.0	0.0	0.0	0.0	0.0	0.0	0.0	0.0	0.0	0.0	0.0	0.0	0.0	0.0	0.0	0.0	0.0	0.0	0.0	0.0	0.0	0.0	0.0	0.0	0.0	0.0	0.0	0.0	0.0	0.0	0.0	0.0	0.0	0.0	27.08725399255382	-3.512746007446182	0.12262564223473262	-0.6355457018006461	38.05137680866965	0.5606753608481089	0.04422922957537505	-3.4415838411724686	0.00644099556811147
360.0	360.4902	2600.0	2579.460457658508	0.053939421831378294	-0.8858984163711788	27.928687262593026	-119.24012620669237	-209.13287530105296	442.9175295526038	504.1137820120132	-121.02503176621575	-208.1050429842071	442.9175295526038	504.1137820120117	0.0	0.0	0.0	24.587737205811628	24.072586508414908	-0.9257795042581859	-19.687871775513976	2.1560129835184334	0.18927062869270195	1.6645936550319338	0.0	0.0	0.0	0.0	0.0	0.0	0.0	0.0	0.0	0.0	0.0	0.0	0.0	0.0	0.0	0.0	0.0	0.0	0.0	0.0	0.0	0.0	0.0	0.0	0.0	0.0	0.0	0.0	0.0	0.0	0.0	0.0	0.0	0.0	0.0	0.0	0.0	0.0	0.0	0.0	0.0	0.0	0.0	0.0	0.0	0.0	0.0	0.0	27002.477722231688	-1102.9678201670279	334.61206373481235	27027.06618161023	-27010.89537653847	706.8247428569896	-608.3153243206275	27026.988692661012	0.0	0.0	0.0	0.0	0.0	0.0	0.0	0.0	0.0	0.0	0.0	0.0	0.0	0.0	0.0	0.0	0.0	0.0	0.0	0.0	0.0	0.0	0.0	0.0	0.0	0.0	0.0	0.0	26960.990894051443	-1886.0799350638013	-76.09390679176481	27026.988692661012	0.0	0.0	0.0	0.0	0.0	0.0	0.0	0.0	0.0	0.0	0.0	0.0	0.0	0.0	0.0	0.0	0.0	0.0	0.0	0.0	0.0	0.0	0.0	0.0	0.0	0.0	0.0	0.0	0.0	0.0	0.0	0.0	0.0	0.0	0.0	0.0	0.0	0.0	0.0	0.0	0.0	0.0	0.0	0.0	0.0	0.0	0.0	0.0	0.0	0.0	0.0	0.0	0.0	0.0	0.0	0.0	0.0	0.0	0.0	0.0	0.0	0.0	0.0	0.0	0.0	0.0	0.0	0.0	0.0	0.0	0.0	0.0	0.0	0.0	0.0	0.0	0.0	0.0	0.0	0.0	0.0	0.0	0.0	0.0	0.0	0.0	0.0	0.0	0.0	0.0	0.0	0.0	0.0	0.0	0.0	0.0	0.0	0.0	0.0	0.0	27.088056990152914	-3.511943009847083	0.12266080081171449	-0.6357484385946984	38.05339455007858	0.5606225436796849	0.04421992297171488	-3.4405329363465076	0.006006930403490891
