Version	KoJaC2_v7r2	 	 INTERNAL 
Testrig	Axial Cycle Force Generation 
Modfile	016cccc.mod
comment	VShape GPPC ZUM
Analysis name	.a016cccc_t2600a120d
Applied torque	2600.0
Rpm	200.0
Articulation angle	12.0
Mode	Drive
Contact	cfo_sp_ro_1
Part	spider
RefSystem	dummy_tutr1.rofix_ref


Angle_Rot_Spider.Last_Rot	Track	CPoint_x	CPoint_y	CPoint_z	Normal_Force_x	Normal_Force_y	Normal_Force_z	Normal_Force_mag	Friction_Force_x	Friction_Force_y	Friction_Force_z	Friction_Force_mag	Friction_Force_Mu	Friction_Torque_x	Friction_Torque_y	Friction_Torque_z	Friction_Torque_mag	Boring_Velocity	Slip_Velocity	Pos_Ball_x	Pos_Ball_y	Pos_Ball_z	
0.0	100	13.21991	-1.53201	-0.02026	-26631.36462	-590.50982	-51.37424	26637.96018	-41.30753	1864.14633	-14.03011	1864.65672	0.07	-3.58808	-0.07956	-0.00692	-3.58897	2.50611	4.97402	
0.0	110	5.41829	-1.60139	-11.9483	-5.86286	-0.23338	13.33291	14.56689	-0.08509	1.01594	-0.01963	1.01968	0.07	0.0	0.0	-0.0	0.0	-22.1986	2.04625	
1.0	100	13.21991	-1.53057	-0.02651	-26639.91053	-591.4662	-37.86153	26646.50256	-41.38139	1864.74689	-14.21257	1865.26013	0.07	-3.74225	-0.08309	-0.00532	-3.74317	2.70507	4.3163	
2.0	8	13.21972	-1.52806	-0.02789	-26642.20493	-592.88572	-34.0012	26648.82273	-41.47807	1864.87316	-17.33902	1865.41496	0.07	-3.83802	-0.08541	-0.0049	-3.83897	2.85345	3.59244	
3.0	8	13.21965	-1.52442	-0.02795	-26643.79319	-595.00121	-32.66501	26650.45607	-41.62898	1864.99949	-16.01335	1865.53276	0.07	-3.93616	-0.0879	-0.00483	-3.93714	3.0472	2.89739	
4.0	8	13.21974	-1.51979	-0.0189	-26639.22976	-597.45529	-50.31922	26645.97619	-41.78997	1864.67958	-16.09856	1865.21728	0.07	-4.04091	-0.09063	-0.00763	-4.04193	8.00497	1.86471	
4.0	110	5.42447	-1.592	-11.94417	-7.89178	-0.30268	17.9577	19.61762	-0.13766	-1.36374	-0.08348	1.37321	0.07	0.0	0.0	-0.0	0.0	-24.76726	0.63602	
5.0	8	13.21976	-1.51502	0.00415	-26620.95956	-598.33113	-96.84022	26627.85883	-41.82355	1863.4098	-16.03629	1863.94809	0.07	-4.03732	-0.09074	-0.01469	-4.03837	18.63553	0.56751	
5.0	110	5.47116	-1.59184	-11.92327	-29.33322	-1.11088	66.12752	72.34999	-0.47406	5.04068	-0.12561	5.06448	0.07	0.0	0.0	-0.0	0.0	-18.18424	0.63147	
6.0	8	13.2197	-1.50916	-0.03106	-26657.90325	-600.96011	-23.59661	26664.68667	-40.73389	1807.62521	-18.24848	1808.1762	0.06781	-4.04201	-0.09112	-0.00358	-4.04304	18.13794	0.08519	
6.0	113	5.34807	-1.77418	11.90081	-2.88546	-0.02063	-6.68928	7.28511	0.01142	-0.50988	-0.00335	0.51002	0.07	-0.0	-0.0	-0.0	-0.0	33.60792	7.64101	
7.0	8	13.21966	-1.50241	-0.02655	-26671.23285	-603.47662	-31.63259	26678.07801	-38.89629	1719.97461	-17.46766	1720.50304	0.06449	-4.04346	-0.09149	-0.0048	-4.0445	9.24076	0.07613	
8.0	8	13.21978	-1.49439	-0.01018	-26688.93876	-607.24151	-63.28291	26695.92102	-34.84201	1533.48527	-20.53532	1534.01849	0.05746	-3.97953	-0.09054	-0.00944	-3.98057	3.14034	0.0631	
8.0	106	5.43652	-1.58202	-11.93673	-17.88364	-0.64313	40.54897	44.3222	0.03321	-3.1022	-0.03456	3.10257	0.07	0.0	0.0	-0.0	0.0	-29.87303	3.91134	
9.0	93	13.21986	-1.48608	0.01553	-26713.91093	-610.39323	-113.85774	26721.12611	-27.37614	1202.43134	-23.11913	1202.96512	0.04502	-3.81056	-0.08707	-0.01624	-3.81159	2.80209	0.04615	
9.0	106	5.4812	-1.58228	-11.91602	-44.0445	-1.52549	99.01851	108.38316	0.0958	-7.58589	-0.07426	7.58686	0.07	0.0	0.0	-1e-05	1e-05	-27.06821	3.55342	
10.0	93	13.2199	-1.47776	0.04267	-26753.20923	-612.57217	-167.30247	26760.74436	-18.11522	798.19598	-25.77639	798.81751	0.02985	-3.75661	-0.08602	-0.02349	-3.75767	2.71557	0.02926	
10.0	106	5.52644	-1.58244	-11.89473	-72.29521	-2.3939	161.01264	176.51459	0.15771	-12.3545	-0.11287	12.35602	0.07	1e-05	0.0	-2e-05	2e-05	-23.78041	3.08892	
11.0	93	13.21996	-1.46882	-0.0552	-26910.98249	-617.01607	37.13286	26918.08066	-5.97499	258.69059	-31.68578	260.69236	0.00968	-3.60278	-0.0826	0.00497	-3.60373	2.49524	0.00925	
12.0	93	13.22013	-1.46082	-0.04369	-27005.94012	-617.12089	16.79239	27012.99543	7.83503	-343.67806	-29.68952	345.04705	0.01277	-4.09087	-0.09348	0.00254	-4.09194	4.37101	0.01223	
13.0	93	13.21982	-1.45432	-0.05078	-27153.3034	-614.07687	33.53675	27160.26695	29.15473	-1291.03723	-34.26014	1291.82076	0.04756	-4.11279	-0.09301	0.00508	-4.11384	38.95346	0.04929	
14.0	41	5.40858	-1.56788	-11.94279	-4.43407	-0.12157	10.13251	11.0609	-0.0227	0.77393	-0.00065	0.77426	0.07	-0.0	-0.0	0.0	-0.0	15.7731	8.60022	
14.0	93	13.21953	-1.44858	-0.05028	-27245.95736	-606.9503	33.32883	27252.73733	42.43694	-1906.90103	-34.77449	1907.69015	0.07	-4.12738	-0.09194	0.00505	-4.12841	46.48661	0.62349	
15.0	93	13.21945	-1.44136	-0.05811	-27248.60508	-599.23465	51.41329	27255.24177	41.87107	-1907.06775	-36.03903	1907.86776	0.07	-4.12819	-0.09078	0.00779	-4.1292	51.01371	2.86334	
16.0	93	13.21944	-1.43238	-0.06011	-27256.40054	-593.6894	57.77722	27262.92677	41.47642	-1907.62559	-35.29619	1908.40286	0.07	-4.12917	-0.08994	0.00875	-4.13015	55.399	4.65356	
17.0	10	13.21903	-1.42192	-0.06272	-27256.65566	-589.52849	64.05139	27263.10555	41.17957	-1907.66318	-34.41786	1908.41797	0.07	-4.12965	-0.08932	0.0097	-4.13062	59.61138	6.1829	
18.0	10	13.21869	-1.4102	-0.06769	-26994.87722	-580.79206	74.42271	27001.2269	40.55539	-1889.34635	-33.98915	1890.08721	0.07	-4.09043	-0.08801	0.01128	-4.09139	63.37139	7.6914	
19.0	10	13.21847	-1.39741	-0.05762	-26992.40788	-578.38922	54.77425	26998.65955	40.41533	-1889.19397	-32.54101	1889.90639	0.07	-4.0902	-0.08764	0.0083	-4.09115	71.17798	8.86404	
19.0	41	5.41455	-1.55496	-11.93765	-8.06855	-0.18869	18.36017	20.05575	-0.11497	1.39872	-0.03615	1.4039	0.07	-0.0	-0.0	0.0	-0.0	9.928	3.12852	
20.0	10	13.21828	-1.38403	-0.06041	-27015.31258	-576.41134	62.03277	27021.53238	40.27116	-1890.81816	-31.45077	1891.50846	0.07	-4.09367	-0.08734	0.0094	-4.09461	82.79749	9.95967	
21.0	10	13.21772	-1.37	-0.0644	-27185.64073	-577.61133	71.6639	27191.87071	40.33887	-1902.71119	-33.34243	1903.43081	0.07	-4.11977	-0.08753	0.01086	-4.12071	88.38429	10.89362	
22.0	94	13.21751	-1.35529	-0.04779	-27348.53972	-578.91948	37.3384	27354.69186	40.49845	-1914.32762	-17.89509	1914.83957	0.07	-4.14617	-0.08777	0.00566	-4.1471	93.125	11.80559	
23.0	94	13.21743	-1.33988	-0.06195	-27541.12007	-581.08354	68.50488	27547.33464	40.5879	-1927.60356	-33.02448	1928.31363	0.07	-4.17548	-0.0881	0.01039	-4.17642	98.17718	12.62427	
24.0	94	13.21744	-1.3239	-0.06905	-27562.9505	-579.66565	84.22151	27569.17383	40.4473	-1929.02367	-39.67955	1929.85563	0.07	-4.18038	-0.08792	0.01277	-4.18132	103.2295	13.33503	
25.0	41	5.33446	-1.39987	-11.9695	-0.35844	-0.00778	0.82848	0.90273	-0.00366	0.06308	-0.00099	0.06319	0.07	-0.0	-0.0	0.0	-0.0	23.48253	5.42954	
25.0	94	13.21706	-1.30743	-0.06084	-27583.21768	-578.16749	67.63003	27589.35935	40.384	-1930.54219	-33.35823	1931.25265	0.07	-4.18425	-0.08771	0.01026	-4.18518	107.67958	14.07985	
26.0	94	13.21677	-1.2904	-0.04831	-27604.4087	-576.84137	42.01821	27610.46706	40.3512	-1932.24127	-17.26963	1932.73971	0.07	-4.18918	-0.08754	0.00638	-4.1901	111.51391	14.74528	
27.0	94	13.21653	-1.27277	-0.05896	-27632.96762	-575.85801	64.81412	27639.04326	40.22052	-1933.97036	-35.17917	1934.7084	0.07	-4.19532	-0.08743	0.00984	-4.19624	115.2808	15.36859	
28.0	41	5.27822	-1.3933	-11.99287	-29.22966	-0.6239	69.19911	75.12176	-0.35525	5.24549	-0.10276	5.25851	0.07	-0.0	-0.0	0.0	-0.0	25.59683	5.72249	
28.0	94	13.21634	-1.25472	-0.02777	-27663.0777	-575.03867	-0.6562	27669.0538	40.24744	-1936.12362	-33.50811	1936.83178	0.07	-4.20147	-0.08734	-0.0001	-4.20238	119.08136	16.03928	
29.0	41	5.31769	-1.39058	-11.97578	-52.37888	-1.10926	122.79142	133.50097	-0.68331	9.31772	-0.2073	9.34504	0.07	-0.0	-0.0	1e-05	-1e-05	27.20298	5.91558	
29.0	94	13.21609	-1.23621	-0.0028	-27723.06529	-574.97051	-52.9499	27729.07759	40.30615	-1940.32202	-33.65649	1941.03242	0.07	-4.21195	-0.08735	-0.00804	-4.21286	122.83662	16.61565	
30.0	94	13.21544	-1.21712	-0.0998	-27854.02272	-576.47575	155.31168	27860.42045	40.01954	-1948.98528	-56.90257	1950.22642	0.07	-4.23309	-0.08761	0.0236	-4.23406	126.4699	16.85557	
31.0	94	13.21536	-1.1978	-0.06157	-27946.67717	-577.14525	74.40944	27952.73507	40.31913	-1956.06252	-28.84539	1956.69064	0.07	-4.24903	-0.08775	0.01131	-4.24995	129.95488	17.33531	
32.0	94	13.21522	-1.17805	-0.05846	-28044.21205	-577.95507	68.50709	28050.25053	40.36936	-1962.81603	-33.46642	1963.51635	0.07	-4.26556	-0.08791	0.01042	-4.26648	133.62297	17.75866	
33.0	94	13.21512	-1.158	-0.04562	-28160.2602	-579.15727	41.9454	28166.24641	40.51038	-1971.1026	-18.96521	1971.61006	0.07	-4.2849	-0.08813	0.00638	-4.28581	137.18385	18.1613	
34.0	94	13.21474	-1.13763	-0.04929	-28272.33334	-580.31067	50.41615	28278.33331	40.57636	-1978.89327	-23.49398	1979.44865	0.07	-4.30421	-0.08835	0.00768	-4.30512	140.58904	18.45778	
35.0	94	13.21447	-1.11705	-0.03732	-28387.83584	-581.54769	25.12148	28393.80307	40.69072	-1987.07065	-18.11019	1987.56974	0.07	-4.32454	-0.08859	0.00383	-4.32545	144.18916	18.79348	
36.0	94	13.2142	-1.09625	-0.08457	-28519.79735	-583.08125	129.21329	28526.04987	40.51008	-1995.35557	-62.80503	1996.75472	0.07	-4.3472	-0.08888	0.0197	-4.34816	147.46919	18.92111	
37.0	94	13.21412	-1.07534	-0.04091	-28627.57802	-584.15641	34.88124	28633.55861	40.85659	-2003.76706	-25.46491	2004.34532	0.07	-4.3665	-0.0891	0.00532	-4.36741	150.99038	19.26421	
38.0	94	13.21408	-1.05414	-0.05156	-28736.42185	-585.20464	58.65606	28742.4398	40.91276	-2011.41514	-23.92058	2011.97339	0.07	-4.38559	-0.08931	0.00895	-4.38651	154.25106	19.43103	
39.0	41	5.19478	-1.13107	-12.02346	-8.19608	-0.16088	19.718	21.35418	-0.07767	1.49263	-0.02011	1.49479	0.07	-0.0	-0.0	0.0	-0.0	38.92005	10.07277	
39.0	94	13.21367	-1.03276	-0.05388	-28827.34451	-585.82281	65.18542	28833.37006	40.92259	-2017.61715	-34.92534	2018.33431	0.07	-4.40192	-0.08945	0.00995	-4.40284	157.52128	19.59078	
39.0	115	5.22607	-1.19692	11.96598	-3.15419	-0.06635	-7.46075	8.10037	0.01447	-0.56683	-0.00108	0.56702	0.07	-0.0	-0.0	-0.0	-1e-05	82.88764	55.89726	
40.0	94	13.21339	-1.01123	-0.05712	-28948.69431	-587.05399	73.64261	28954.73981	41.07925	-2026.41009	-5.72159	2026.8345	0.07	-4.42329	-0.0897	0.01125	-4.42421	160.7089	19.72552	
40.0	115	5.19423	-1.2264	11.97998	-4.4644	-0.0943	-10.63516	11.53457	0.01854	-0.80721	-0.00063	0.80743	0.07	-0.0	-0.0	-0.0	-0.0	83.79081	56.76796	
41.0	94	13.21326	-0.98964	-0.04433	-29071.19677	-588.28766	45.94183	29077.18478	41.24186	-2034.47464	45.57669	2035.40296	0.07	-4.44528	-0.08996	0.00702	-4.44619	163.94719	19.8452	
41.0	115	5.16389	-1.18468	11.99268	-2.84027	-0.06013	-6.82962	7.39693	0.00753	-0.51773	0.00143	0.51778	0.07	-0.0	-0.0	-0.0	-0.0	84.49784	57.56117	
42.0	41	5.12896	-1.13093	-12.04999	-6.66273	-0.12766	16.2507	17.56398	0.00922	1.22937	0.01344	1.22948	0.07	-0.0	-0.0	0.0	-0.0	41.83869	11.80353	
42.0	94	13.21314	-0.96803	-0.03486	-29192.02325	-589.44738	25.80654	29197.98513	41.2914	-2042.93013	45.71111	2043.8586	0.07	-4.46689	-0.0902	0.00395	-4.4678	167.10291	19.96873	
42.0	115	5.13094	-1.1427	12.00638	-0.80415	-0.01708	-1.94904	2.10848	0.00201	-0.14758	0.00046	0.14759	0.07	-0.0	-0.0	-0.0	-0.0	85.30325	58.37138	
43.0	94	13.21317	-0.94644	-0.03943	-29313.69091	-590.62261	36.70902	29319.66332	41.39316	-2051.35935	49.2304	2052.36746	0.07	-4.48844	-0.09043	0.00562	-4.48936	170.1847	19.99403	
44.0	94	13.21276	-0.92474	-0.05511	-29310.43851	-589.21729	72.8645	29316.45087	41.3119	-2051.50967	28.61546	2052.12511	0.07	-4.49112	-0.09028	0.01116	-4.49204	173.26739	20.01652	
45.0	94	13.21246	-0.90293	-0.04021	-29304.11334	-587.76544	39.82929	29310.03434	41.19683	-2050.74877	47.13409	2051.704	0.07	-4.49297	-0.09012	0.00611	-4.49388	176.25502	20.12916	
46.0	41	5.10478	-1.01713	-12.05784	-12.23532	-0.22584	29.83153	32.24398	0.01681	2.25689	0.02398	2.25708	0.07	-0.0	-0.0	0.0	-0.0	46.50469	14.19028	
46.0	94	13.21216	-0.88107	-0.02755	-29288.44029	-586.12479	12.27717	29294.30709	41.03769	-2049.65925	46.74664	2050.60293	0.07	-4.49357	-0.08993	0.00188	-4.49447	179.15597	20.15794	
47.0	94	13.21187	-0.85926	-0.04413	-29299.74292	-584.97249	50.82156	29305.62592	41.01639	-2050.52851	44.60572	2051.4237	0.07	-4.49886	-0.08982	0.0078	-4.49976	181.85116	20.06743	
48.0	94	13.21154	-0.83759	-0.00898	-29291.20826	-583.52609	-26.81166	29297.03232	40.76182	-2049.25055	68.18322	2050.78968	0.07	-4.50046	-0.08966	-0.00412	-4.50136	184.93343	20.10563	
49.0	94	13.2114	-0.81605	-0.04155	-29297.4531	-582.26852	46.44708	29303.27545	40.82913	-2050.13046	53.03276	2051.22265	0.07	-4.50357	-0.08951	0.00714	-4.50447	187.7155	19.90893	
50.0	94	13.21092	-0.79457	-0.03338	-29295.1729	-580.91887	28.98558	29300.94644	40.70573	-2049.75777	59.97674	2051.03903	0.07	-4.50564	-0.08935	0.00446	-4.50653	190.34955	19.77283	
51.0	94	13.21034	-0.77313	-0.06876	-29278.63097	-579.17302	110.38666	29284.56689	40.65726	-2049.27816	31.72699	2049.92698	0.07	-4.50603	-0.08914	0.01699	-4.50695	192.90828	19.43761	
51.0	115	5.05068	-0.95795	12.04155	-15.38908	-0.33884	-38.08102	41.07436	0.04542	-2.8729	0.00721	2.87327	0.07	-0.0	-0.0	-1e-05	-1e-05	93.7621	63.51593	
52.0	94	13.21002	-0.7519	-0.04431	-29295.39307	-578.19991	56.48376	29301.15289	40.54327	-2050.31244	39.66958	2051.09691	0.07	-4.51133	-0.08904	0.0087	-4.51221	195.50708	19.32262	
53.0	1	4.95785	-0.93852	-12.11345	-0.01832	-0.00031	0.04617	0.04967	-2e-05	0.00348	1e-05	0.00348	0.07	-0.0	-0.0	0.0	-0.0	51.42146	19.32953	
53.0	94	13.2097	-0.7309	-0.03976	-29296.54993	-576.91562	47.55829	29302.26837	40.44853	-2050.24147	45.96815	2051.15559	0.07	-4.51415	-0.08889	0.00733	-4.51503	198.11426	19.08214	
54.0	1	4.99099	-0.8265	-12.0991	-3.76286	-0.06396	9.43851	10.16114	0.00109	0.71126	0.00526	0.71128	0.07	-0.0	-0.0	0.0	-0.0	52.61951	20.0656	
54.0	94	13.20939	-0.71024	-0.03482	-29283.93422	-575.37481	36.66435	29289.60914	40.32451	-2049.34058	46.9463	2050.27482	0.07	-4.51459	-0.0887	0.00565	-4.51546	200.59582	18.84433	
55.0	94	13.20917	-0.68981	-0.03763	-29293.39971	-574.25089	44.03466	29299.0609	40.25548	-2050.04533	44.952	2050.93321	0.07	-4.51803	-0.08857	0.00679	-4.51891	203.00559	18.47812	
56.0	94	13.20869	-0.66954	-0.03677	-29292.42585	-572.90126	43.19359	29298.05956	40.162	-2049.93176	47.08553	2050.86573	0.07	-4.51932	-0.08839	0.00666	-4.52019	205.35947	18.15726	
57.0	94	13.20819	-0.64957	-0.03875	-29291.1866	-571.55745	48.52993	29296.80265	40.07762	-2049.82948	47.92613	2050.78132	0.07	-4.52136	-0.08823	0.00749	-4.52223	207.64261	17.75752	
58.0	94	13.20783	-0.62997	-0.01724	-29288.34268	-570.24834	1.269	29293.8936	39.902	-2049.25381	62.86108	2050.60598	0.07	-4.52382	-0.08808	0.0002	-4.52468	210.04916	17.46453	
59.0	94	13.20738	-0.61082	-0.05254	-29298.51128	-569.04475	82.2498	29304.15227	39.94251	-2050.49958	41.70179	2051.3125	0.07	-4.52786	-0.08794	0.01271	-4.52874	212.1697	16.85165	
60.0	94	13.20708	-0.59207	-0.04115	-29297.49774	-567.72608	57.11106	29303.05357	39.82605	-2050.23355	49.59894	2051.22007	0.07	-4.52922	-0.08777	0.00883	-4.53008	214.10695	16.46827	
61.0	94	13.20683	-0.57357	-0.05009	-29300.28475	-566.44371	78.59522	29305.86498	39.73171	-2050.78663	31.74759	2051.41715	0.07	-4.53138	-0.0876	0.01216	-4.53225	216.17099	15.93055	
62.0	94	13.20663	-0.55551	-0.05397	-29301.33687	-565.12754	87.97379	29306.91815	39.61821	-2050.97033	20.53796	2051.45575	0.07	-4.53363	-0.08744	0.01361	-4.5345	218.20301	15.4399	
63.0	94	13.20633	-0.53788	-0.03685	-29298.04879	-563.82641	50.91833	29303.51781	39.53513	-2050.39843	43.86376	2051.24859	0.07	-4.53481	-0.08727	0.00788	-4.53565	220.18908	14.96301	
63.0	103	4.86088	-0.6711	-12.14495	-0.4758	-0.00723	1.24112	1.32921	-0.00157	0.09303	-6e-05	0.09304	0.07	-0.0	-0.0	0.0	-0.0	56.95614	28.17181	
64.0	94	13.20588	-0.52073	-0.03862	-29304.88279	-562.63595	56.38722	29310.33766	39.46285	-2050.83283	45.78679	2051.72343	0.07	-4.53783	-0.08712	0.00873	-4.53867	222.04362	14.43322	
65.0	94	13.20551	-0.50404	-0.03613	-29305.06973	-561.36108	51.90569	29310.49185	39.3526	-2051.03955	35.77711	2051.729	0.07	-4.53873	-0.08694	0.00804	-4.53957	223.81547	13.82325	
66.0	94	13.20516	-0.48796	-0.03679	-29338.58599	-560.70464	54.47619	29343.99402	39.32542	-2053.18195	46.3237	2054.08094	0.07	-4.54527	-0.08687	0.00844	-4.54611	225.5664	13.19147	
67.0	94	13.20487	-0.47237	-0.04064	-29403.78297	-560.64701	64.32446	29409.1978	39.33919	-2057.71267	47.73525	2058.64219	0.07	-4.55735	-0.0869	0.00997	-4.55819	227.21356	12.55313	
67.0	115	4.86902	-0.64559	12.11825	-4.72566	-0.11179	-12.25791	13.13776	0.01559	-0.9195	0.00237	0.91963	0.07	-0.0	-0.0	-1e-05	-1e-05	103.70185	64.19329	
68.0	94	13.20469	-0.45724	-0.02758	-29595.68987	-563.05087	35.74176	29601.06692	39.46139	-2071.12875	48.57823	2072.07417	0.07	-4.58955	-0.08732	0.00554	-4.59038	228.81423	11.97908	
68.0	103	4.85483	-0.6432	-12.14452	-0.05507	-0.00079	0.14352	0.15372	-0.00015	0.01076	0.0	0.01076	0.07	-0.0	-0.0	0.0	-0.0	59.95886	32.98684	
69.0	94	13.20459	-0.44255	-0.03315	-29867.95385	-566.87717	50.68959	29873.37588	39.75294	-2090.19805	48.39907	2091.13621	0.07	-4.63365	-0.08794	0.00786	-4.63449	230.33872	11.23504	
69.0	103	4.86692	-0.66602	-12.13951	-0.0008	-1e-05	0.00208	0.00223	-0.0	0.00016	-0.0	0.00016	0.07	-0.0	-0.0	0.0	-0.0	60.94984	34.03847	
70.0	94	13.20461	-0.42853	-0.04228	-30190.34243	-571.58386	75.56082	30195.84729	40.1288	-2112.69285	51.89272	2113.71101	0.07	-4.6857	-0.08871	0.01173	-4.68656	231.83531	10.49375	
71.0	94	13.20478	-0.41538	-0.04164	-30570.44403	-577.315	75.03834	30575.98685	40.52131	-2139.38426	48.719	2140.32253	0.07	-4.74733	-0.08965	0.01165	-4.74819	233.16098	9.72337	
71.0	115	4.81047	-0.59076	12.14255	-7.39295	-0.17837	-19.455	20.81308	0.02512	-1.45671	0.00381	1.45693	0.07	-0.0	-0.0	-0.0	-0.0	104.44349	62.6937	
72.0	94	13.20511	-0.40283	-0.03865	-31175.19272	-587.20581	69.29762	31180.79945	41.20711	-2181.66262	51.29386	2182.65454	0.07	-4.84429	-0.09125	0.01077	-4.84516	234.6328	8.92041	
73.0	94	13.20571	-0.39083	-0.04081	-31764.70538	-596.69816	77.44252	31770.40374	41.8865	-2222.89621	53.12497	2223.92543	0.07	-4.93979	-0.09279	0.01204	-4.94068	235.91965	8.13883	
73.0	115	4.7862	-0.50214	12.15243	-11.65728	-0.28379	-30.86637	32.99553	0.03064	-2.30944	0.00966	2.30966	0.07	-0.0	-0.0	-1e-05	-1e-05	104.97503	61.74098	
74.0	94	13.2064	-0.37926	-0.03078	-32094.05296	-601.36095	56.58413	32099.73633	42.17375	-2246.01832	50.52527	2246.98235	0.07	-4.99502	-0.09359	0.00881	-4.9959	237.15994	7.35603	
74.0	103	4.70551	-0.5204	-12.19846	-1.02983	-0.01334	2.77448	2.95947	-0.00308	0.20714	-0.00015	0.20716	0.07	-0.0	-0.0	0.0	-0.0	60.87841	39.59521	
75.0	94	13.20691	-0.36851	-0.01902	-32067.80935	-599.29597	29.11836	32073.42202	41.98585	-2244.1855	50.23807	2245.14036	0.07	-4.99549	-0.09336	0.00454	-4.99637	238.1278	6.651	
75.0	103	4.72007	-0.55056	-12.19299	-11.49774	-0.14698	30.93745	33.00523	-0.0393	2.31003	-0.00363	2.31037	0.07	-0.0	-0.0	0.0	-0.0	61.30735	40.5335	
76.0	94	13.20703	-0.35863	-0.0445	-32083.42638	-597.82761	93.12749	32089.13085	41.94235	-2245.59482	34.09981	2246.24532	0.07	-5.00272	-0.09322	0.01452	-5.00361	239.11835	5.67137	
77.0	94	13.20735	-0.34947	-0.02952	-32071.56504	-596.12646	56.94765	32077.15533	41.81239	-2244.36835	53.75681	2245.40138	0.07	-5.0051	-0.09303	0.00889	-5.00597	240.08301	4.90496	
78.0	49	12.7121	2.80204	-1.07783	-28.1032	-7.58027	2.42748	29.20861	-0.00581	0.64308	1.94083	2.0446	0.07	-1e-05	-0.0	0.0	-1e-05	239.24238	14.33585	
78.0	51	12.74141	2.7858	-0.73087	-316.42735	-85.20693	18.51111	328.22119	-0.0298	4.98325	22.42853	22.97548	0.07	-0.00037	-0.0001	2e-05	-0.00039	239.83989	13.87238	
78.0	55	12.72829	2.79405	-0.89913	-120.96709	-32.59309	8.47107	125.56713	-0.03375	2.32814	8.4757	8.7897	0.07	-8e-05	-2e-05	1e-05	-9e-05	239.61486	14.08098	
78.0	59	12.76427	2.77324	-0.20081	-936.37898	-251.88325	14.08093	969.76752	0.05452	3.58688	67.78887	67.88373	0.07	-0.00172	-0.00046	3e-05	-0.00178	240.40618	13.51433	
78.0	66	12.75526	2.74457	0.66992	-82.90485	-22.34145	-4.44905	85.9776	0.04506	-1.33577	5.86815	6.01843	0.07	-3e-05	-1e-05	-0.0	-3e-05	240.38817	13.72946	
78.0	69	12.75046	2.78598	-0.55176	-307.20768	-82.67468	13.22132	318.41241	-0.02833	3.62232	21.99254	22.28887	0.07	-0.00031	-8e-05	1e-05	-0.00032	240.09287	13.72862	
78.0	71	12.74825	2.73074	0.84556	-1.59149	-0.42934	-0.10958	1.65202	0.00092	-0.03178	0.11119	0.11564	0.07	-0.0	-0.0	-0.0	-0.0	240.23181	13.86418	
78.0	94	13.20749	-0.3425	-0.02856	-27330.20381	-503.525	48.00277	27334.88397	23.92547	-1324.36155	-270.01162	1351.81811	0.04945	-4.265	-0.07858	0.00749	-4.26573	247.75755	0.05171	
78.0	115	4.74006	-0.51087	12.17339	-9.38894	-0.23186	-25.16445	26.85993	0.04114	-1.87974	0.00197	1.88019	0.07	-0.0	-0.0	-1e-05	-1e-05	90.95634	53.49689	
79.0	49	12.70294	2.78535	-1.24774	-1024.02466	-276.1507	101.71422	1065.47243	-0.6753	27.96927	69.13689	74.58314	0.07	-0.00305	-0.00082	0.0003	-0.00318	238.70427	14.55076	
79.0	66	12.76436	2.78128	-0.18802	-2722.94774	-732.19422	39.53893	2819.94966	-0.59916	12.86504	196.97607	197.39666	0.07	-0.03142	-0.00845	0.00046	-0.03254	240.44195	13.52151	
79.0	71	12.74232	2.76211	0.83957	-533.96974	-143.87416	-36.04526	554.18654	0.14955	-9.94888	37.49535	38.79309	0.07	-0.00127	-0.00034	-9e-05	-0.00131	240.53092	13.89943	
79.0	72	12.71932	2.74155	1.18976	-86.31642	-23.30793	-8.20195	89.78338	0.0449	-2.23346	5.87443	6.28484	0.07	-7e-05	-2e-05	-1e-05	-7e-05	240.20428	14.28888	
79.0	94	13.2077	-0.3378	0.02168	-26860.97792	-487.39799	-56.4204	26865.45877	23.03735	-1235.86782	-291.49577	1269.9881	0.04727	-4.18867	-0.076	-0.0088	-4.18937	247.18278	0.04892	
80.0	44	12.56878	2.73259	-2.3023	-117.02594	-31.8564	21.58238	123.18969	-0.18428	5.28923	6.80786	8.62304	0.07	-9e-05	-2e-05	2e-05	-9e-05	236.32783	16.85543	
80.0	49	12.61994	2.7657	-1.95094	-934.47642	-253.33142	146.19031	979.18057	-1.23715	37.61895	57.28135	68.541	0.07	-0.00303	-0.00082	0.00047	-0.00318	237.63164	16.0903	
80.0	66	12.76483	2.78789	-0.14553	-4126.77477	-1110.81577	46.11208	4273.91015	-2.65381	22.24328	298.32792	299.16777	0.07	-0.09306	-0.02505	0.00104	-0.09638	241.57892	13.6074	
80.0	75	12.6278	2.77239	1.87816	-1.04912	-0.28504	-0.1604	1.09892	0.00024	-0.03839	0.06666	0.07692	0.07	-0.0	-0.0	-0.0	-0.0	240.17076	15.63403	
80.0	94	13.20699	-0.3331	0.09646	-26336.02059	-472.29209	-205.7157	26341.05843	22.81644	-1133.31643	-319.07006	1177.59604	0.04471	-4.10419	-0.0736	-0.03206	-4.10498	248.5343	0.04577	
81.0	44	12.53085	2.75487	-2.47475	-189.71633	-51.71949	37.85544	200.25041	-0.2631	8.8934	10.83191	14.01756	0.07	-0.0004	-0.00011	8e-05	-0.00042	236.34875	17.41871	
81.0	66	12.76484	2.7896	-0.23384	-6808.46814	-1833.1276	124.06615	7052.02011	-3.86831	47.62027	491.32456	493.64205	0.07	-0.17788	-0.04789	0.00324	-0.18424	242.43498	13.69113	
81.0	79	12.56792	2.79045	2.21971	-13.54967	-3.69388	-2.43026	14.25288	0.00653	-0.56496	0.82231	0.9977	0.07	-1e-05	-0.0	-0.0	-1e-05	240.44232	16.62043	
81.0	94	13.20708	-0.3296	0.07041	-24505.41341	-433.09655	-142.3378	24509.65359	5.6696	-174.11891	-446.30223	479.09834	0.01955	-3.81512	-0.06743	-0.02216	-3.81578	250.15642	0.01884	
81.0	103	4.84123	-0.4732	-12.14404	-0.20599	-0.0024	0.53845	0.57651	-0.00057	0.04035	-4e-05	0.04036	0.07	-0.0	-0.0	0.0	-0.0	80.86596	51.9845	
82.0	44	12.49136	2.77293	-2.64638	-468.9289	-128.0636	100.66382	496.41495	-0.72235	23.06607	25.97946	34.74907	0.07	-0.0015	-0.00041	0.00032	-0.00159	234.76471	18.05681	
82.0	66	12.76646	2.79052	-0.19814	-7552.87538	-2034.1445	116.45061	7822.86591	-6.46661	55.19796	544.77287	547.60032	0.07	-0.21788	-0.05868	0.00336	-0.22567	242.02982	13.66558	
82.0	78	12.47665	2.79257	2.68206	-46.9468	-12.87823	-10.25506	49.74955	0.01688	-2.20677	2.69397	3.48246	0.07	-5e-05	-1e-05	-1e-05	-6e-05	238.97927	17.70446	
82.0	94	13.2063	-0.32602	0.11564	-23275.18478	-406.15912	-213.67021	23279.70891	-3.41318	468.82474	-519.37574	699.68525	0.03006	-3.61774	-0.06313	-0.03321	-3.61844	249.99153	0.02948	
83.0	40	12.3756	2.74223	-3.17276	-94.65205	-26.06315	24.58011	101.20514	-0.17606	5.18701	4.82202	7.08434	0.07	-8e-05	-2e-05	2e-05	-8e-05	230.78791	19.53816	
83.0	44	12.41352	2.76616	-2.99662	-491.89806	-135.00621	120.17631	524.05413	-0.8622	26.08665	25.77669	36.68371	0.07	-0.00136	-0.00037	0.00033	-0.00145	231.80483	19.06364	
83.0	66	12.76747	2.79133	-0.17842	-8837.15412	-2381.76519	122.64525	9153.31308	-9.00087	66.20981	637.23739	640.73102	0.07	-0.27895	-0.07518	0.00387	-0.28893	241.23871	13.60423	
83.0	81	12.42442	2.79776	2.90908	-0.54159	-0.14903	-0.12833	0.57619	0.00018	-0.02669	0.03024	0.04033	0.07	-0.0	-0.0	-0.0	-0.0	237.88175	18.23596	
83.0	94	13.20574	-0.32278	0.13306	-22045.50644	-380.26741	-229.21536	22049.97727	-15.02519	1233.19958	-600.77846	1371.83881	0.06222	-3.42006	-0.05899	-0.03556	-3.42075	249.1601	0.07137	
84.0	40	12.32541	2.76057	-3.34331	-182.85701	-50.48416	50.13838	196.21212	-0.48393	10.51518	8.82278	13.7348	0.07	-0.00036	-0.0001	0.0001	-0.00039	228.52838	20.25829	
84.0	66	12.76789	2.79195	-0.1987	-9483.61008	-2558.66732	147.28836	9823.81455	-17.81816	105.1486	679.34605	687.66618	0.07	-0.32363	-0.08732	0.00503	-0.33524	240.63357	13.32432	
84.0	94	13.20574	-0.32016	0.09744	-21755.80768	-371.42753	-165.92023	21759.61065	-19.0188	1391.0529	-620.21351	1523.17257	0.07	-3.3683	-0.05751	-0.02569	-3.36889	248.29557	0.8585	
85.0	40	12.27379	2.78108	-3.50724	-405.76429	-112.38324	117.58927	437.15202	-1.40031	24.3677	18.45682	30.60065	0.07	-0.00143	-0.00039	0.00041	-0.00154	226.61419	21.16963	
85.0	66	12.76943	2.79063	-0.1524	-9214.35236	-2488.41591	109.76857	9545.08	-27.0659	129.11564	655.0027	668.15563	0.07	-0.33361	-0.09009	0.00397	-0.34558	240.62093	13.08139	
85.0	87	12.2603	2.82365	3.50894	-51.17699	-14.24835	-14.8897	55.17067	-0.01517	-2.76405	2.69712	3.86195	0.07	-7e-05	-2e-05	-2e-05	-8e-05	236.48932	18.79316	
85.0	88	12.22433	2.84046	3.61483	-5.82634	-1.62604	-1.74612	6.29596	-0.00165	-0.31977	0.30328	0.44072	0.07	-0.0	-0.0	-0.0	-0.0	236.08244	19.18647	
85.0	94	13.20541	-0.31794	0.09607	-21723.67578	-368.13972	-162.9995	21727.40632	-19.05439	1393.7829	-608.43982	1520.91843	0.07	-3.35663	-0.05688	-0.02519	-3.3572	247.76665	1.64426	
85.0	115	4.69926	-0.47044	12.19173	-4.68655	-0.10725	-12.67386	13.51303	0.03153	-0.94538	-0.00366	0.94591	0.07	-0.0	-0.0	-0.0	-0.0	103.33662	53.53281	
86.0	40	12.16627	2.78322	-3.85737	-231.25441	-64.53845	74.21859	251.30104	-1.00328	14.68044	9.63963	17.59103	0.07	-0.00054	-0.00015	0.00017	-0.00059	222.79865	22.66737	
86.0	66	12.77029	2.79108	-0.11288	-9352.86655	-2529.90816	82.53015	9689.34256	-37.52045	160.17521	657.99981	678.25337	0.07	-0.35891	-0.09708	0.00317	-0.37182	240.16039	12.82526	
86.0	88	12.15355	2.84196	3.84283	-28.79103	-8.07764	-9.22971	31.29472	-0.01503	-1.62499	1.46903	2.19063	0.07	-1e-05	-0.0	-0.0	-1e-05	235.52784	19.18206	
86.0	94	13.20549	-0.31613	0.06384	-21782.04309	-367.21998	-109.89899	21785.41552	-20.61111	1402.01003	-599.58609	1524.97882	0.07	-3.35889	-0.05663	-0.01695	-3.35941	247.0635	2.54741	
86.0	115	4.69487	-0.44664	12.19366	-4.61549	-0.10555	-12.48587	13.31206	0.03418	-0.93121	-0.00476	0.93185	0.07	-0.0	-0.0	-0.0	-0.0	105.95396	53.16111	
87.0	40	12.0438	2.80744	-4.1995	-88.79807	-25.00282	31.43719	97.46043	-0.44366	5.8829	3.42566	6.82206	0.07	-6e-05	-2e-05	2e-05	-7e-05	218.96903	24.29005	
87.0	66	12.7709	2.79069	-0.10138	-9418.3773	-2551.84864	75.48842	9758.25091	-47.8885	196.05147	652.57302	683.06737	0.07	-0.3792	-0.10274	0.00304	-0.39289	240.00751	12.67246	
87.0	90	12.10732	2.77604	4.04003	-36.88685	-10.39976	-12.46365	40.30059	-0.01335	-2.14645	1.83053	2.82104	0.07	-6e-05	-2e-05	-2e-05	-6e-05	235.4249	18.94389	
87.0	94	13.20521	-0.31433	0.03879	-21839.47849	-367.19147	-66.9526	21842.66771	-21.91232	1410.71808	-589.22171	1528.98263	0.07	-3.3609	-0.05651	-0.0103	-3.36139	246.45705	3.39239	
88.0	36	11.91998	2.80772	-4.53343	-140.08448	-39.81201	54.01009	155.32465	-0.80461	9.61932	5.0037	10.87271	0.07	-6e-05	-2e-05	2e-05	-7e-05	216.24942	25.98067	
88.0	66	12.77166	2.78908	-0.08756	-8913.59997	-2418.77225	62.80615	9236.16091	-54.30093	215.86993	607.00171	646.52881	0.07	-0.37245	-0.10107	0.00262	-0.38593	240.8834	12.63995	
88.0	90	12.05141	2.79516	4.18695	-256.33025	-72.58518	-90.43486	281.34013	-0.17445	-15.11353	12.62495	19.69362	0.07	-0.00075	-0.00021	-0.00026	-0.00082	236.23525	18.89656	
88.0	94	13.20484	-0.31277	-0.00671	-22061.26278	-370.61884	11.41853	22064.37862	-24.47582	1439.72295	-558.65131	1544.50398	0.07	-3.38825	-0.05692	0.00175	-3.38872	246.09553	4.27948	
89.0	36	11.85476	2.79182	-4.70929	-613.64732	-175.40292	247.9053	684.67967	-3.71799	42.86091	21.12256	47.92748	0.07	-0.00062	-0.00018	0.00025	-0.00069	212.92843	27.06688	
89.0	66	12.57165	2.73716	0.03762	-7831.47459	-2128.75285	-21.20797	8115.66589	-53.42058	191.2263	532.2696	568.09522	0.07	-0.33819	-0.09193	-0.00092	-0.35047	240.16644	12.43735	
89.0	84	11.9362	2.78171	4.51034	-485.80436	-138.92217	-186.27199	538.5188	-0.50802	-29.56807	23.37687	37.69625	0.07	-0.00096	-0.00028	-0.00037	-0.00107	234.33323	19.49429	
89.0	94	13.20467	-0.31163	0.00769	-22430.34158	-377.36025	-11.5664	22433.51862	-24.74991	1486.62528	-505.28768	1570.34484	0.07	-3.43944	-0.05786	-0.00177	-3.43992	246.02489	4.80835	
89.0	115	4.8687	-0.45843	12.12956	-1.47639	-0.03384	-3.81433	4.09023	0.01378	-0.28597	-0.0028	0.28632	0.07	-0.0	-0.0	-0.0	-0.0	115.10722	51.61573	
90.0	66	12.7719	2.7868	0.10276	-8567.02239	-2333.00307	-66.77733	8879.25871	-66.16679	226.51241	575.01929	621.557	0.07	-0.3806	-0.10365	-0.00297	-0.39447	238.3579	12.37682	
90.0	94	13.20433	-0.31121	-0.05495	-22777.54624	-384.01545	97.93873	22780.99367	-27.63562	1504.6933	-527.33022	1594.66072	0.07	-3.48776	-0.0588	0.015	-3.48829	245.73911	5.65349	
91.0	29	11.72147	2.76544	-5.04112	-157.61644	-45.54466	68.75807	177.89022	-1.1081	11.35784	4.98319	12.45233	0.07	-0.00025	-7e-05	0.00011	-0.00028	208.1995	29.04216	
91.0	66	12.77115	2.78369	0.21474	-7709.46635	-2102.62755	-127.51054	7992.06938	-64.31131	204.46516	516.7557	559.44473	0.07	-0.34986	-0.09542	-0.00579	-0.36269	240.44736	12.50616	
91.0	91	11.74417	2.7816	4.98116	-134.5776	-39.12714	-57.97496	151.66793	-0.18708	-8.5923	6.23318	10.61674	0.07	-3e-05	-1e-05	-1e-05	-4e-05	233.11136	20.25544	
91.0	94	13.20412	-0.31116	-0.08006	-23339.21087	-395.12478	146.28391	23343.01366	-29.43389	1565.04254	-468.79196	1634.01053	0.07	-3.56977	-0.06043	0.02237	-3.57035	245.48049	6.26943	
92.0	66	12.76921	2.78103	0.30831	-7418.02816	-2026.55815	-176.39025	7691.89139	-66.17372	199.0607	495.8916	538.43532	0.07	-0.34299	-0.0937	-0.00816	-0.35565	241.24033	12.51005	
92.0	91	11.67616	2.79228	5.12816	-21.32187	-6.23437	-9.50671	24.16335	-0.03464	-1.37728	0.9809	1.69123	0.07	-0.0	-0.0	-0.0	-0.0	233.67776	20.49001	
92.0	94	13.20389	-0.31156	-0.11959	-23896.56722	-406.78808	223.68311	23901.07603	-31.6059	1613.01149	-443.12143	1673.06951	0.07	-3.65145	-0.06216	0.03418	-3.65214	245.04178	6.89309	
93.0	20	11.57607	2.74964	-5.36662	-6.05305	-1.77105	2.84862	6.92031	-0.04588	0.44718	0.18053	0.48442	0.07	-0.0	-0.0	0.0	-0.0	202.53171	31.10978	
93.0	66	12.76542	2.77744	0.44725	-6822.67569	-1866.77277	-236.40812	7077.40298	-65.92068	183.23703	455.54072	495.41769	0.07	-0.31976	-0.08749	-0.01108	-0.3317	240.31829	12.53609	
93.0	91	11.60526	2.805	5.27489	-11.40783	-3.35596	-5.26645	13.00525	-0.02771	-0.73899	0.53094	0.91037	0.07	-0.0	-0.0	-0.0	-0.0	232.21279	20.55955	
93.0	94	13.20379	-0.31225	-0.1264	-24485.78508	-419.83055	241.67835	24490.5765	-32.54282	1665.96061	-403.07877	1714.33844	0.07	-3.73835	-0.0641	0.0369	-3.73908	244.53858	7.50873	
94.0	20	11.55922	2.72314	-5.41576	-0.03535	-0.01038	0.01693	0.04055	-0.00028	0.00263	0.00103	0.00284	0.07	-0.0	-0.0	0.0	-0.0	200.32812	31.74934	
94.0	71	12.76031	2.77333	0.58161	-6232.43937	-1707.84264	-281.56528	6468.331	-64.70496	167.60755	415.6138	452.78456	0.07	-0.29511	-0.08087	-0.01333	-0.30628	239.91338	12.58314	
94.0	94	13.20343	-0.31338	-0.14994	-25094.29868	-433.88314	294.35616	25099.77542	-33.99029	1718.34722	-364.86606	1756.98598	0.07	-3.82928	-0.06621	0.04492	-3.83012	244.01877	8.18848	
95.0	72	12.7536	2.76833	0.72054	-5491.82101	-1506.98964	-308.1013	5703.16072	-60.46	145.3218	366.88274	399.22021	0.07	-0.2617	-0.07181	-0.01468	-0.27177	239.80966	12.67474	
95.0	91	11.5409	2.82185	5.39803	-40.24349	-11.90853	-19.06516	46.0959	-0.16115	-2.56947	1.94512	3.2267	0.07	-2e-05	-1e-05	-1e-05	-3e-05	231.75996	20.21276	
95.0	94	13.20314	-0.3151	-0.16884	-25796.89461	-450.37043	341.18807	25803.08149	-35.26951	1777.13687	-320.86118	1806.21463	0.07	-3.93515	-0.0687	0.05205	-3.93609	243.36114	8.79475	
96.0	72	12.74299	2.76336	0.88982	-4814.99273	-1323.26879	-334.74657	5004.72282	-56.21251	122.7654	323.26301	350.32865	0.07	-0.23036	-0.06331	-0.01601	-0.23943	239.25796	12.74325	
96.0	91	11.46222	2.84551	5.54405	-0.01919	-0.00572	-0.00941	0.02212	-0.0001	-0.00123	0.00094	0.00155	0.07	-0.0	-0.0	-0.0	-0.0	230.60275	20.4137	
96.0	94	13.20329	-0.31734	-0.16561	-26512.65878	-468.01568	345.80903	26519.04407	-36.01991	1835.03218	-278.07186	1856.33092	0.07	-4.04364	-0.07138	0.05274	-4.04461	242.66887	9.33226	
97.0	1	4.79766	-0.47866	-12.1516	-17.75606	-0.18452	46.59259	49.86162	-0.13105	3.48766	-0.03613	3.49031	0.07	-1e-05	-0.0	2e-05	-2e-05	47.18747	54.40582	
97.0	72	12.73174	2.75722	1.04239	-4015.22456	-1104.89902	-327.87756	4177.35967	-49.50069	99.63961	270.42005	292.41302	0.07	-0.192	-0.05283	-0.01568	-0.19975	238.72164	12.86127	
97.0	91	11.48272	2.78418	5.5371	-111.13379	-33.14526	-54.50744	128.14206	-0.63058	-7.01659	5.55237	8.9699	0.07	-0.00017	-5e-05	-8e-05	-0.0002	230.43873	19.84148	
97.0	94	13.20353	-0.32013	-0.16035	-27183.32933	-485.76619	345.31054	27189.86211	-36.70463	1888.67158	-232.54774	1903.28821	0.07	-4.14619	-0.07409	0.05267	-4.14719	241.92384	9.85679	
98.0	73	12.71712	2.75182	1.2056	-3417.27335	-941.92644	-323.7079	3559.46195	-44.31344	81.27026	231.32124	249.15468	0.07	-0.16331	-0.04501	-0.01547	-0.17011	238.38579	12.93144	
98.0	91	11.42001	2.74727	5.68257	-70.88193	-21.28583	-35.82681	82.22466	-0.43469	-4.51525	3.54267	5.7556	0.07	-5e-05	-2e-05	-3e-05	-6e-05	229.70269	19.91991	
98.0	94	13.20358	-0.32352	-0.16803	-27842.35559	-504.20236	374.02674	27849.43232	-37.74826	1939.22655	-195.80919	1949.45269	0.07	-4.24832	-0.07693	0.05707	-4.2494	241.13668	10.40772	
99.0	73	12.69944	2.74612	1.37712	-2871.31398	-792.83983	-311.62454	2995.02068	-39.3186	65.6757	195.18912	209.66174	0.07	-0.13683	-0.03778	-0.01485	-0.14273	237.4992	13.01645	
99.0	91	11.34805	2.7459	5.82065	-26.43071	-7.98522	-13.69816	30.82184	-0.18433	-1.68337	1.33696	2.15758	0.07	-0.0	-0.0	-0.0	-0.0	228.39664	20.006	
99.0	94	13.20401	-0.32711	-0.14169	-28439.01209	-522.63067	326.32521	28445.68578	-38.29302	1984.48813	-158.92533	1991.20987	0.07	-4.34122	-0.07978	0.04981	-4.34224	240.38739	10.87044	
100.0	75	12.6826	2.74006	1.52247	-2192.30067	-606.39848	-263.70471	2289.85623	-31.3571	48.31575	149.58241	160.28904	0.07	-0.10393	-0.02875	-0.0125	-0.10856	236.95106	13.1751	
100.0	94	13.20419	-0.33098	-0.14067	-29121.06741	-543.5053	332.43729	29128.03597	-39.27916	2035.44694	-113.02849	2038.96114	0.07	-4.44814	-0.08302	0.05078	-4.44921	239.43455	11.36292	
100.0	115	5.06875	-0.48489	12.05706	-20.15813	-0.52808	-50.05036	53.95987	0.11526	-3.77541	-0.00659	3.77718	0.07	-0.0	-0.0	-1e-05	-1e-05	133.02255	46.37144	
101.0	75	12.66072	2.73471	1.68997	-1501.87324	-416.29869	-201.13633	1571.42726	-22.5794	31.75797	102.86854	110.00152	0.07	-0.07075	-0.01961	-0.00948	-0.07403	235.92557	13.34247	
101.0	91	11.27604	2.76591	5.93871	-14.2603	-4.3426	-7.58947	16.72765	-0.13272	-0.88465	0.75557	1.17094	0.07	-0.0	-0.0	-0.0	-0.0	226.87965	19.84124	
101.0	94	13.2048	-0.33501	-0.09031	-29827.12295	-566.16488	224.7893	29833.3427	-40.11371	2086.89054	-66.51773	2088.33567	0.07	-4.56022	-0.08656	0.03437	-4.56117	238.6089	11.72974	
102.0	74	12.64133	2.72904	1.82495	-724.09243	-201.10222	-104.97601	758.79636	-11.35929	14.96653	49.68159	53.11583	0.07	-0.03379	-0.00938	-0.0049	-0.03541	234.89547	13.5523	
102.0	91	11.28425	2.76973	5.91733	-68.21304	-20.79232	-36.24632	79.99459	-0.7296	-4.11105	3.73131	5.59962	0.07	-4e-05	-1e-05	-2e-05	-4e-05	226.29783	19.49218	
102.0	94	13.20537	-0.3397	-0.05897	-30554.80446	-590.22158	158.29546	30560.91449	-41.40454	2138.79302	-17.34541	2139.26408	0.07	-4.6762	-0.09033	0.02423	-4.67714	237.61103	12.12565	
103.0	79	12.61957	2.72389	1.96361	-0.11565	-0.03219	-0.01809	0.1214	-0.00242	0.00297	0.0102	0.01089	0.07	-1e-05	-0.0	-0.0	-1e-05	233.79683	13.76573	
103.0	94	13.20594	-0.34497	-0.00146	-31352.79788	-617.01913	26.81955	31358.88019	-43.15738	2194.43954	33.80411	2195.12418	0.07	-4.80326	-0.09453	0.00411	-4.8042	236.64422	12.39429	
103.0	115	4.93114	-0.43347	12.11318	-3.17832	-0.08903	-8.09074	8.69309	0.00463	-0.60848	0.00488	0.60852	0.07	-0.0	-0.0	-0.0	-0.0	133.96174	45.00058	
104.0	94	13.20618	-0.35176	0.00467	-31355.22815	-626.77756	15.74541	31361.49599	-43.85266	2194.61365	33.30802	2195.30444	0.07	-4.80966	-0.09614	0.00242	-4.81062	235.40291	14.7491	
105.0	94	13.20645	-0.36023	0.01274	-31349.71146	-633.49808	-2.05348	31356.11157	-44.34078	2194.15681	37.25853	2194.92105	0.07	-4.81398	-0.09728	-0.00032	-4.81496	234.211	16.76623	
106.0	94	13.2068	-0.37011	0.00508	-31345.20765	-638.2337	15.44233	31351.70846	-44.65494	2193.91507	33.16545	2194.6201	0.07	-4.81839	-0.09811	0.00237	-4.81939	232.9489	18.36357	
106.0	103	4.86907	-0.61038	-12.11989	-3.40028	-0.03842	8.81078	9.44422	-0.01202	0.66099	-0.00176	0.6611	0.07	-0.0	-0.0	0.0	-0.0	51.24014	62.57715	
107.0	94	13.20713	-0.38126	0.01222	-31337.06412	-641.55335	-0.96709	31343.6306	-44.90442	2193.33299	33.54916	2194.04912	0.07	-4.82229	-0.09873	-0.00015	-4.8233	231.59413	19.58396	
107.0	103	4.85467	-0.56498	-12.12469	-10.69338	-0.11941	27.79621	29.78241	-0.03224	2.0845	-0.00345	2.08476	0.07	-0.0	-0.0	0.0	-0.0	52.45037	63.84992	
108.0	94	13.20753	-0.39362	0.01877	-31329.50564	-644.27538	-13.30435	31336.13236	-45.10797	2192.83723	31.51036	2193.52747	0.07	-4.82581	-0.09924	-0.00205	-4.82683	230.31929	20.64349	
108.0	103	4.8421	-0.60718	-12.12923	-13.31284	-0.14637	34.75165	37.21466	-0.04265	2.60465	-0.00537	2.60501	0.07	-0.0	-0.0	1e-05	-1e-05	52.92506	64.87031	
109.0	94	13.20788	-0.407	0.00285	-31347.54341	-646.79503	28.07184	31354.22794	-45.24492	2194.12833	29.71883	2194.79599	0.07	-4.83295	-0.09972	0.00433	-4.83398	228.83426	21.6105	
109.0	103	4.82775	-0.65086	-12.13434	-0.20178	-0.00218	0.52864	0.56584	-0.0007	0.0396	-0.0001	0.03961	0.07	-0.0	-0.0	0.0	-0.0	52.84067	65.59033	
110.0	94	13.20827	-0.42089	0.00318	-31339.30212	-648.56266	29.0165	31346.02579	-45.36831	2193.55783	29.23908	2194.22177	0.07	-4.83539	-0.10007	0.00448	-4.83642	227.3526	22.57906	
111.0	94	13.20869	-0.43541	0.00491	-31327.02311	-649.95271	26.49693	31333.77598	-45.46833	2192.70249	28.89137	2193.36414	0.07	-4.83742	-0.10036	0.00409	-4.83846	225.76806	23.35719	
111.0	103	4.80479	-0.63002	-12.14181	-0.01884	-0.0002	0.04908	0.05257	-6e-05	0.00368	-1e-05	0.00368	0.07	-0.0	-0.0	0.0	-0.0	53.54335	66.92581	
111.0	115	4.85863	-0.6052	12.14782	-4.0062	-0.12347	-10.44278	11.18555	0.00516	-0.78294	0.00728	0.78299	0.07	-0.0	-0.0	-0.0	-0.0	108.29452	28.77154	
112.0	94	13.20914	-0.45065	0.00387	-31344.142	-651.62834	29.11799	31350.9283	-45.5824	2193.88964	29.51122	2194.56156	0.07	-4.84434	-0.10071	0.0045	-4.84539	224.11061	24.21948	
113.0	94	13.20957	-0.46679	0.00381	-31337.89489	-652.68405	31.91671	31344.70723	-45.65555	2193.47242	28.05965	2194.12694	0.07	-4.84664	-0.10094	0.00494	-4.84769	222.41691	24.90497	
114.0	94	13.20986	-0.48349	0.00317	-31340.05308	-653.68264	36.11677	31346.89031	-45.72524	2193.65791	25.60075	2194.28376	0.07	-4.84981	-0.10116	0.00559	-4.85087	220.63547	25.62127	
115.0	94	13.21017	-0.50062	0.00486	-31337.25274	-654.58222	32.90616	31344.10583	-45.78805	2193.43537	27.72142	2194.08837	0.07	-4.85221	-0.10135	0.0051	-4.85327	218.77556	26.25028	
116.0	94	13.21054	-0.51822	0.00515	-31338.96541	-655.38449	33.78792	31345.83582	-45.84374	2193.55705	27.46371	2194.20793	0.07	-4.85562	-0.10154	0.00524	-4.85669	216.84842	26.83329	
117.0	94	13.21095	-0.53633	0.00557	-31334.29088	-656.11115	34.00447	31341.17776	-45.89439	2193.22961	27.47683	2193.88181	0.07	-4.85843	-0.10173	0.00527	-4.8595	214.86322	27.44455	
118.0	94	13.21146	-0.55506	0.01991	-31335.4059	-656.98311	1.08813	31342.29237	-45.97892	2193.07584	41.89968	2193.9579	0.07	-4.86133	-0.10192	0.00017	-4.86239	212.759	27.90503	
119.0	94	13.21195	-0.57425	0.00806	-31340.67149	-657.72699	32.64119	31347.58938	-46.01174	2193.7146	25.31904	2194.34315	0.07	-4.86419	-0.10208	0.00507	-4.86526	210.67258	28.46578	
120.0	94	13.21246	-0.5938	0.00128	-31344.01585	-658.38528	50.68566	31350.9708	-46.05373	2193.98787	19.34143	2194.55641	0.07	-4.86649	-0.10222	0.00787	-4.86757	208.43702	28.93016	
120.0	115	4.85574	-0.72346	12.15522	-0.22818	-0.00754	-0.59257	0.63503	-0.00117	-0.04443	0.00102	0.04445	0.07	-0.0	-0.0	-0.0	-0.0	100.5686	19.31991	
121.0	94	13.21301	-0.6136	0.00881	-31342.58596	-659.17433	33.74944	31349.535	-46.10743	2193.79476	28.65661	2194.46635	0.07	-4.8682	-0.10238	0.00524	-4.86928	206.24343	29.43842	
122.0	94	13.21334	-0.63391	0.00458	-31343.55889	-659.81426	45.22894	31350.53563	-46.15037	2193.90008	23.2116	2194.50819	0.07	-4.87064	-0.10253	0.00703	-4.87173	203.92286	29.82043	
123.0	94	13.21371	-0.65459	0.00614	-31339.91648	-660.53572	43.97076	31346.90744	-46.20456	2193.6838	21.82209	2194.27885	0.07	-4.87211	-0.10269	0.00684	-4.8732	201.49724	30.29604	
123.0	115	4.92405	-0.76087	12.13065	-0.35514	-0.01189	-0.90638	0.97355	-0.00131	-0.06812	0.00141	0.06815	0.07	-0.0	-0.0	-0.0	-0.0	98.99671	16.31802	
124.0	94	13.21415	-0.67561	0.00892	-31337.18569	-661.1921	38.66852	31344.18411	-46.24437	2193.42167	28.5658	2194.09507	0.07	-4.8733	-0.10282	0.00601	-4.87439	199.12715	30.63007	
125.0	94	13.21465	-0.69683	0.00673	-31336.78297	-661.95382	45.56817	31343.80683	-46.3066	2193.50073	19.6708	2194.07764	0.07	-4.87498	-0.10298	0.00709	-4.87607	196.5231	30.89213	
126.0	94	13.21522	-0.71824	0.0098	-31313.36141	-662.20652	39.80945	31320.38801	-46.32247	2191.81406	23.14186	2192.42564	0.07	-4.87304	-0.10305	0.0062	-4.87413	193.92224	31.15075	
127.0	94	13.21584	-0.73989	0.01042	-31276.46131	-662.27974	39.2091	31283.49699	-46.32763	2189.23067	23.43328	2189.84618	0.07	-4.86922	-0.10311	0.0061	-4.87031	191.2985	31.52337	
128.0	94	13.21618	-0.76192	0.01063	-31202.8492	-661.41654	40.99166	31209.88546	-46.26759	2184.08826	22.23442	2184.69142	0.07	-4.85828	-0.10298	0.00638	-4.85937	188.50768	31.79615	
129.0	94	13.21646	-0.78406	0.00684	-31072.74385	-659.41618	52.33053	31079.78408	-46.1219	2174.99417	20.87253	2175.58326	0.07	-4.83848	-0.10268	0.00815	-4.83958	185.53979	31.89675	
129.0	115	4.90704	-0.89107	12.14184	-3.86374	-0.13458	-9.90716	10.63477	-0.01962	-0.74396	0.01776	0.74443	0.07	-0.0	-0.0	-0.0	-0.0	93.00446	11.39874	
130.0	94	13.21675	-0.80634	0.00165	-30914.65593	-656.65456	65.65401	30921.6988	-45.91994	2163.93035	20.64823	2164.51601	0.07	-4.81416	-0.10226	0.01022	-4.81526	182.45452	32.0932	
130.0	115	4.93849	-0.88563	12.12988	-8.6442	-0.30219	-22.01717	23.65521	-0.06093	-1.65407	0.04662	1.65585	0.07	-0.0	-0.0	-0.0	-0.0	91.85013	10.45846	
131.0	41	4.82947	-1.06287	-12.1234	-0.01441	-0.0001	0.0378	0.04045	-4e-05	0.00283	-1e-05	0.00283	0.07	-0.0	-0.0	0.0	-0.0	38.26599	65.97225	
131.0	94	13.21705	-0.8285	0.01137	-30732.0458	-653.65299	43.78738	30739.02762	-45.72496	2151.15117	20.20563	2151.73196	0.07	-4.78643	-0.1018	0.00682	-4.78752	179.36428	31.98822	
132.0	94	13.21734	-0.85076	0.00776	-30495.07054	-649.22475	52.85189	30502.02638	-45.40854	2134.56315	20.33106	2135.14288	0.07	-4.75006	-0.10113	0.00823	-4.75115	176.33956	32.07141	
132.0	115	4.99388	-0.94177	12.10941	-3.52323	-0.12409	-8.8412	9.51816	-0.02612	-0.66547	0.01975	0.66627	0.07	-0.0	-0.0	-1e-05	-1e-05	90.25057	9.05195	
133.0	94	13.21757	-0.8728	0.01969	-30157.24032	-642.72374	25.6202	30164.09943	-44.96492	2110.83117	25.89515	2111.46883	0.07	-4.69694	-0.1001	0.00399	-4.69801	172.87866	31.74078	
134.0	41	4.90495	-1.17935	-12.09292	-2.38994	-0.01559	6.19734	6.64222	-0.00827	0.46489	-0.00202	0.46497	0.07	-0.0	-0.0	0.0	-0.0	36.40373	63.89696	
134.0	94	13.21744	-0.89487	0.01628	-29926.26918	-638.31628	34.192	29933.09546	-44.65662	2094.74744	20.62998	2095.32495	0.07	-4.65931	-0.09938	0.00532	-4.66038	170.18496	31.78245	
135.0	94	13.21743	-0.91708	0.01219	-29930.43962	-638.80698	45.87152	29937.29104	-44.68559	2095.04756	18.99949	2095.61019	0.07	-4.65867	-0.09943	0.00714	-4.65973	167.14346	31.9591	
136.0	94	13.21759	-0.9393	0.01285	-29938.1218	-639.66447	46.33663	29944.99047	-44.74686	2095.59322	18.11872	2096.14921	0.07	-4.65888	-0.09954	0.00721	-4.65995	164.07852	31.95922	
137.0	94	13.21792	-0.96154	0.01315	-29940.98033	-640.39571	47.19198	29947.86531	-44.79835	2095.79736	17.65679	2096.35045	0.07	-4.65835	-0.09964	0.00734	-4.65942	160.99635	31.99936	
138.0	94	13.21838	-0.98368	0.01223	-29930.28782	-640.90101	50.19722	29937.19097	-44.83151	2095.04771	17.89397	2095.60373	0.07	-4.65594	-0.0997	0.00781	-4.65702	157.55632	31.7574	
138.0	115	5.00437	-1.1042	12.10924	-1.52373	-0.05558	-3.80228	4.09661	-0.02001	-0.2858	0.0122	0.28676	0.07	-0.0	-0.0	-0.0	-0.0	83.83414	5.43011	
139.0	94	13.21855	-1.0057	0.01435	-29920.30744	-641.59241	45.30919	29927.21991	-44.88003	2094.32598	19.40569	2094.89669	0.07	-4.65346	-0.09979	0.00705	-4.65453	154.43975	31.72104	
140.0	94	13.21874	-1.02774	0.01489	-29798.95926	-639.71996	46.11634	29805.86085	-44.75719	2085.85724	14.025	2086.38451	0.07	-4.633	-0.09946	0.00717	-4.63408	150.9889	31.64596	
141.0	94	13.21891	-1.04978	0.01451	-29411.78999	-632.12896	47.76974	29418.62097	-44.21999	2058.76143	17.032	2059.3067	0.07	-4.57175	-0.09826	0.00743	-4.57281	147.17757	31.56469	
142.0	94	13.21905	-1.07183	0.01295	-28992.30717	-623.69564	51.57275	28999.06087	-43.62965	2029.41627	15.78045	2029.94654	0.07	-4.5045	-0.0969	0.00801	-4.50555	143.81543	31.65426	
143.0	41	4.93661	-1.39124	-12.07644	-1.61242	-0.00834	4.11379	4.41851	-0.00476	0.30928	-0.00124	0.30932	0.07	-0.0	-0.0	0.0	-0.0	27.77083	57.49748	
143.0	94	13.21918	-1.09387	0.01456	-28630.65215	-616.29553	48.48682	28637.32553	-43.11262	2004.08801	15.84255	2004.61429	0.07	-4.4458	-0.0957	0.00753	-4.44684	140.35668	31.50755	
144.0	94	13.2189	-1.11566	0.01058	-28610.24815	-616.29611	58.64752	28616.94532	-43.13636	2002.73097	2.27294	2003.19676	0.07	-4.44016	-0.09565	0.0091	-4.4412	136.64843	31.01786	
145.0	94	13.21881	-1.13693	0.01437	-28578.22674	-616.25965	50.10149	28584.91437	-43.10675	2000.40014	16.99289	2000.93669	0.07	-4.43263	-0.09559	0.00777	-4.43367	133.42744	30.59431	
146.0	94	13.21888	-1.158	0.00671	-28545.32542	-615.96687	68.49106	28552.05263	-43.08009	1998.11538	15.14969	1998.63715	0.07	-4.42523	-0.09549	0.01062	-4.42628	129.83698	30.2424	
146.0	115	5.10003	-1.21937	12.07408	-7.06609	-0.26818	-17.35081	18.73639	-0.66781	-1.0912	0.28883	1.31153	0.07	-0.0	-0.0	-0.0	-0.0	72.96228	0.94538	
147.0	94	13.21909	-1.17867	0.00446	-28504.67192	-615.73609	75.02817	28511.4202	-43.06444	1995.28668	13.75883	1995.79879	0.07	-4.41634	-0.0954	0.01162	-4.41739	125.99939	29.74939	
147.0	115	5.13981	-1.22403	12.05805	-9.41886	-0.35797	-22.91812	24.78071	-1.15119	-1.20076	0.49187	1.73465	0.07	-0.0	-0.0	-0.0	-0.0	72.39628	0.73125	
148.0	94	13.21934	-1.19883	0.01781	-28444.30249	-615.38962	46.87017	28450.99726	-43.05619	1991.10947	12.90479	1991.61676	0.07	-4.40437	-0.09529	0.00726	-4.40541	122.58443	29.29937	
149.0	94	13.21932	-1.21883	0.01394	-28364.97382	-614.22984	55.59157	28371.67793	-42.97323	1985.54394	11.61525	1986.04289	0.07	-4.38952	-0.09505	0.0086	-4.39056	118.89814	28.89944	
150.0	94	13.21941	-1.23837	0.01711	-28273.11413	-612.90296	49.28043	28279.79952	-42.87327	1979.0639	16.50022	1979.597	0.07	-4.37344	-0.09481	0.00762	-4.37447	115.01905	28.35817	
151.0	94	13.21972	-1.25734	0.02815	-28183.68123	-611.89138	26.61066	28190.33534	-42.80515	1972.68321	24.84195	1973.30394	0.07	-4.35709	-0.0946	0.00411	-4.35812	111.20349	27.83296	
152.0	94	13.22003	-1.27605	0.01761	-28064.77278	-609.81783	49.25134	28071.44056	-42.65832	1964.4775	15.78289	1965.00399	0.07	-4.33586	-0.09421	0.00761	-4.33689	107.51247	27.37568	
153.0	94	13.21995	-1.29433	0.00498	-27943.88814	-607.53266	77.3597	27950.59865	-42.48747	1956.02747	14.03058	1956.53916	0.07	-4.31407	-0.09379	0.01194	-4.31511	103.63344	26.85244	
153.0	115	5.20078	-1.34954	12.03588	-9.91864	-0.3849	-23.6871	25.6828	-0.53576	1.70479	0.19664	1.79779	0.07	-0.0	-0.0	-0.0	-0.0	63.86947	1.53906	
154.0	94	13.21995	-1.31192	0.01386	-27830.73974	-605.78604	58.98552	27837.39446	-42.39893	1948.18256	3.18927	1948.64648	0.07	-4.29436	-0.09347	0.0091	-4.29539	99.61181	26.21388	
155.0	94	13.22005	-1.3291	0.00638	-27696.3096	-603.3981	75.16196	27702.98367	-42.19334	1938.68897	15.98418	1939.21393	0.07	-4.27163	-0.09306	0.01159	-4.27266	95.65209	25.60438	
156.0	94	13.22024	-1.34579	0.00292	-27563.36638	-600.99338	82.73813	27570.0418	-42.08275	1929.36662	-4.90463	1929.83174	0.07	-4.24729	-0.09261	0.01275	-4.24832	91.85279	25.00496	
157.0	94	13.22025	-1.36178	0.02392	-27440.35885	-599.05648	39.12173	27446.92502	-41.91486	1920.79128	12.87125	1921.29166	0.07	-4.22542	-0.09225	0.00602	-4.22644	88.06676	24.39934	
158.0	94	13.22016	-1.37748	0.01447	-27329.81998	-596.90687	59.54893	27336.40254	-41.75216	1913.04038	13.90418	1913.54646	0.07	-4.20537	-0.09185	0.00916	-4.20638	83.90767	23.64734	
159.0	94	13.2202	-1.39245	0.0142	-27219.82201	-595.01904	60.43179	27226.39179	-41.61998	1905.34037	13.65687	1905.84381	0.07	-4.1857	-0.0915	0.00929	-4.18671	79.81909	22.84223	
159.0	115	5.24867	-1.48294	12.01868	-1.96084	-0.0777	-4.6522	5.04914	-0.05291	0.34907	0.01647	0.35344	0.07	-0.0	-0.0	-0.0	-0.0	54.89087	2.53342	
160.0	94	13.22027	-1.40687	0.00143	-27087.52929	-592.49498	87.75686	27094.15056	-41.43234	1896.09428	12.83657	1896.59035	0.07	-4.16238	-0.09105	0.01349	-4.1634	75.79331	22.18118	
160.0	115	5.2952	-1.48297	11.99906	-13.26328	-0.5247	-31.1032	33.81714	-0.31982	2.34349	0.09685	2.3672	0.07	-0.0	-0.0	-0.0	-0.0	53.53112	2.74547	
161.0	94	13.2203	-1.42046	0.01946	-26977.30601	-590.81785	49.50386	26983.82026	-41.33578	1888.384	11.37476	1888.87061	0.07	-4.142	-0.09071	0.0076	-4.143	71.89383	21.5119	
162.0	94	13.22011	-1.43362	0.0169	-26828.76641	-587.82071	55.40382	26835.26243	-41.10841	1877.92669	17.9832	1878.46265	0.07	-4.11595	-0.09018	0.0085	-4.11695	67.86828	20.75906	
163.0	94	13.22003	-1.44616	0.01506	-26716.63258	-585.55698	60.27348	26723.1167	-40.9605	1870.12803	12.27489	1870.61682	0.07	-4.09566	-0.08977	0.00924	-4.09665	63.763	19.98198	
164.0	94	13.22013	-1.45795	0.01343	-26719.78048	-585.92751	63.8662	26726.28031	-40.9889	1870.36314	10.69266	1870.84278	0.07	-4.09289	-0.08975	0.00978	-4.09388	59.61176	19.06024	
165.0	94	13.22013	-1.46894	0.0163	-26721.03605	-586.43312	58.82532	26727.53509	-41.0222	1870.43225	12.3692	1870.92293	0.07	-4.08973	-0.08976	0.009	-4.09072	55.43115	18.15052	
165.0	115	5.33303	-1.48042	11.98299	-0.11298	-0.00451	-0.26147	0.28487	-0.00246	0.01977	0.00072	0.01994	0.07	-0.0	-0.0	-0.0	-0.0	45.51965	3.06063	
166.0	94	13.22002	-1.47917	0.02127	-26729.23578	-587.19618	49.12881	26735.73	-41.07218	1870.97442	16.30233	1871.49619	0.07	-4.0918	-0.08989	0.00752	-4.09279	51.29589	17.32757	
167.0	94	13.22007	-1.48881	0.01237	-26732.75517	-587.60155	67.40795	26739.29727	-41.10097	1871.25608	12.02731	1871.74605	0.07	-4.08604	-0.08981	0.0103	-4.08704	47.15598	16.44325	
168.0	94	13.22029	-1.49766	0.01397	-26737.27784	-588.15165	64.31485	26743.82331	-41.14645	1871.59523	9.9157	1872.07373	0.07	-4.08451	-0.08985	0.00983	-4.08551	42.9681	15.61294	
169.0	94	13.22036	-1.50591	0.00127	-26737.19752	-588.33263	91.08	26743.82475	-41.15874	1871.6092	7.24112	1872.07571	0.07	-4.08153	-0.08981	0.0139	-4.08254	38.72468	14.735	
170.0	94	13.2202	-1.51332	5e-05	-26735.87267	-588.64044	94.29497	26742.51814	-41.21681	1871.5307	-3.27336	1871.98737	0.07	-4.07908	-0.08981	0.01439	-4.08009	34.58209	13.83318	
171.0	94	13.22024	-1.51982	0.01417	-26735.12127	-589.21171	65.79108	26741.69419	-41.2136	1871.42451	12.3833	1871.91923	0.07	-4.07683	-0.08985	0.01003	-4.07783	30.30986	12.91795	
171.0	113	5.41091	-1.61421	11.95205	-2.91104	-0.11717	-6.65385	7.26372	-0.04194	0.50662	0.00943	0.50844	0.07	-0.0	-0.0	-0.0	-0.0	35.30108	3.16098	
172.0	94	13.22053	-1.52555	0.02422	-26740.82305	-589.91604	44.52644	26747.36624	-41.25099	1871.73188	24.23676	1872.34326	0.07	-4.07573	-0.08991	0.00679	-4.07673	26.12737	11.95657	
173.0	94	13.22046	-1.53082	0.0007	-26740.80965	-589.94923	93.06892	26747.47844	-41.2788	1871.85947	5.08646	1872.32147	0.07	-4.07384	-0.08988	0.01418	-4.07486	21.86584	11.03658	
174.0	94	13.22032	-1.53498	0.01252	-26740.97925	-590.57776	68.95399	26747.58883	-41.3092	1871.83876	11.86116	1872.3321	0.07	-4.07216	-0.08993	0.0105	-4.07317	17.5125	10.08727	
175.0	94	13.22037	-1.5385	0.0091	-26736.34203	-590.85201	76.20869	26742.9785	-41.3224	1871.50761	12.78353	1872.0074	0.07	-4.06966	-0.08994	0.0116	-4.07067	13.18953	9.1895	
175.0	113	5.42114	-1.60872	11.94777	-7.3124	-0.29536	-16.60634	18.14743	-0.09838	1.26633	0.0208	1.27032	0.07	-0.0	-0.0	-0.0	-0.0	28.55351	2.98542	
176.0	94	13.22042	-1.54136	-0.01037	-26719.95144	-590.60318	116.64803	26726.73238	-41.28829	1870.3734	12.23612	1870.86907	0.07	-4.06588	-0.08987	0.01775	-4.06692	8.91525	8.21553	
176.0	113	5.4682	-1.60691	11.92706	-25.6963	-1.03541	-57.84301	63.30233	-0.3151	4.4195	0.06087	4.43114	0.07	-0.0	-0.0	-0.0	-1e-05	26.80725	2.91808	
177.0	100	13.22062	-1.54287	0.03293	-26743.23394	-592.22023	27.41153	26749.80445	-41.4226	1871.81466	27.43964	1872.474	0.07	-4.06781	-0.09008	0.00417	-4.06881	4.62959	7.33825	
178.0	100	13.22069	-1.54407	0.02687	-26745.27241	-592.46947	39.67322	26751.86331	-41.43174	1872.00548	25.28101	1872.63457	0.07	-1.8384	-0.04072	0.00273	-1.83885	1.09551	6.43409	
178.0	113	5.4421	-1.60686	11.93849	-1.16016	-0.04688	-2.63646	2.88081	-0.04776	0.19513	0.01755	0.20165	0.07	-0.0	-0.0	-0.0	-0.0	23.11307	2.92403	
179.0	100	13.22072	-1.54464	0.01182	-26739.11829	-592.23279	70.61928	26745.76926	-41.4206	1871.70448	13.23109	1872.2095	0.07	2.26367	0.05014	-0.00598	2.26423	-1.37735	5.667	
179.0	113	5.42572	-1.60254	11.94582	-8.37726	-0.34021	-19.18101	20.93335	-0.09288	1.46233	0.01463	1.46535	0.07	-0.0	-0.0	-0.0	-0.0	21.9042	2.61881	
180.0	100	13.22056	-1.54423	0.00991	-26747.60798	-592.69719	74.23459	26754.27692	-41.49834	1872.33548	-3.41256	1872.79842	0.07	3.51331	0.07785	-0.00975	3.51418	-2.40175	4.90078	
181.0	100	13.2203	-1.54254	0.02752	-26750.1424	-593.96155	36.84287	26756.76113	-41.55508	1872.45079	15.18587	1872.97341	0.07	3.60403	0.08002	-0.00496	3.60493	-2.50596	4.22757	
182.0	100	13.22026	-1.53988	0.02542	-26747.499	-595.52298	40.60791	26754.15854	-41.66366	1872.27267	14.35082	1872.79117	0.07	3.69498	0.08227	-0.00561	3.6959	-2.61926	3.5116	
182.0	108	5.39188	-1.59162	11.95985	-1.80996	-0.07245	-4.15176	4.52971	-0.28858	0.04012	0.12511	0.31708	0.07	-0.0	-0.0	-0.0	-0.0	26.05197	0.12797	
183.0	56	5.2584	-1.83707	-11.93737	-3e-05	-0.0	8e-05	9e-05	0.0	-1e-05	0.0	1e-05	0.07	0.0	0.0	-0.0	0.0	-29.94723	2.09408	
183.0	100	13.22029	-1.53627	0.004	-26730.52209	-597.16628	83.77738	26737.32293	-41.75487	1871.0867	14.5661	1871.60922	0.07	3.88272	0.08674	-0.01217	3.88371	-2.90676	2.83674	
183.0	108	5.43811	-1.59373	11.93929	-21.23663	-0.83719	-48.23957	52.71386	-0.29484	-3.67305	0.19354	3.68994	0.07	-0.0	-0.0	-0.0	-0.0	27.48581	0.8233	
184.0	100	13.22031	-1.53164	-0.02203	-26706.917	-599.10904	136.09656	26713.98266	-41.86407	1869.44997	14.28423	1869.97321	0.07	4.05326	0.09093	-0.02066	4.05434	-8.91772	1.77003	
184.0	108	5.48595	-1.59526	11.91769	-45.23214	-1.75103	-101.66114	111.28342	-0.81237	-7.73146	0.49462	7.78974	0.07	-0.0	-0.0	-1e-05	-1e-05	24.0615	0.48374	
185.0	5	13.22043	-1.52521	0.02924	-26752.46375	-604.48448	28.65056	26759.30752	-42.29322	1872.58873	17.56032	1873.14859	0.07	4.05796	0.09169	-0.00435	4.05899	-3.47478	1.31027	
186.0	5	13.22044	-1.519	0.0328	-26762.1228	-607.12925	20.27365	26769.0163	-41.42087	1826.46154	19.12483	1827.03126	0.06825	4.06009	0.09211	-0.00308	4.06114	-15.64059	0.0868	
187.0	5	13.22055	-1.512	0.01778	-26768.65277	-609.8322	49.70365	26775.64447	-39.11893	1718.66393	18.82519	1719.21214	0.06421	4.06037	0.0925	-0.00754	4.06143	-7.53332	0.07549	
187.0	108	5.46033	-1.58543	11.92721	-10.55914	-0.38971	-23.74981	25.99424	0.00962	-1.81939	0.02558	1.81959	0.07	-0.0	-0.0	-0.0	-0.0	27.12672	2.83487	
188.0	11	13.22074	-1.50389	0.01492	-26815.17781	-614.20958	53.23529	26822.26404	-34.07499	1488.8901	14.34531	1489.34906	0.05553	3.86329	0.08849	-0.00767	3.86431	-2.86129	0.06013	
189.0	7	13.22057	-1.49539	0.03364	-26873.80221	-618.19812	12.33855	26880.91453	-26.25281	1141.72441	24.23738	1142.28337	0.04249	3.66086	0.08421	-0.00168	3.66183	-2.56399	0.04315	
190.0	99	13.22064	-1.48705	0.03657	-26940.07779	-620.69427	3.99856	26947.22747	-16.0832	698.23336	26.71841	698.92944	0.02594	3.61262	0.08323	-0.00054	3.61358	-2.49568	0.02524	
191.0	99	13.22088	-1.47889	0.03737	-27029.02664	-622.00253	-0.35847	27036.18257	-3.54944	154.22485	26.69034	156.55759	0.00579	3.83878	0.08834	5e-05	3.8398	-2.77955	0.00552	
192.0	99	13.22064	-1.47143	0.04581	-27150.2721	-621.33709	-20.91808	27157.38891	14.69546	-643.22167	32.11049	644.19031	0.02372	4.11519	0.09418	0.00317	4.11627	-27.91405	0.023	
193.0	99	13.22041	-1.46555	0.04114	-27271.31195	-616.23887	-12.52644	27278.27639	33.45429	-1481.19501	34.14358	1481.96614	0.05433	4.13385	0.09341	0.0019	4.1349	-42.37813	0.05837	
193.0	108	5.37876	-1.56576	11.95666	-9.27218	-0.26601	-21.16072	23.10455	-0.04426	1.61671	-0.00093	1.61732	0.07	0.0	0.0	0.0	0.0	-14.07242	8.31836	
194.0	99	13.22021	-1.45978	0.01085	-27305.15695	-607.68575	49.80896	27311.96366	42.59428	-1911.0512	34.63315	1911.83954	0.07	4.13951	0.09213	-0.00755	4.14054	-47.76785	1.26886	
194.0	108	5.42359	-1.5691	11.93662	-41.09952	-1.13308	-93.11107	101.78471	-0.1949	7.12229	-0.00064	7.12496	0.07	0.0	0.0	0.0	0.0	-14.85138	8.01282	
195.0	99	13.21996	-1.45221	-0.02253	-27271.41427	-599.66572	118.40178	27278.2634	42.11785	-1908.71109	33.99154	1909.47829	0.07	4.13492	0.09092	-0.01795	4.13596	-52.23604	3.46686	
195.0	108	5.46748	-1.5698	11.91678	-74.38115	-1.97671	-167.13111	182.94609	-0.43065	12.79891	0.04028	12.80621	0.07	0.0	0.0	1e-05	1e-05	-11.50285	5.97144	
196.0	99	13.2199	-1.4425	0.06491	-27348.38691	-596.45188	-66.73614	27354.97167	41.73338	-1914.38961	7.50318	1914.85915	0.07	4.14731	0.09045	0.01012	4.14831	-60.62491	5.0499	
196.0	108	5.33018	-1.55508	11.97617	-0.02562	-0.00066	-0.05897	0.0643	-0.00275	0.00337	0.00116	0.0045	0.07	0.0	0.0	0.0	0.0	-11.86823	7.51131	
197.0	99	13.21973	-1.43184	0.04033	-27332.42492	-591.99213	-16.43812	27338.84008	41.41255	-1912.97102	33.97629	1913.72086	0.07	4.14529	0.08978	0.00249	4.14626	-61.26053	6.56054	
197.0	108	5.37411	-1.5575	11.95666	-18.27291	-0.45738	-42.08249	45.88076	-0.17546	3.2066	0.04134	3.21166	0.07	0.0	0.0	0.0	0.0	-8.3812	3.79675	
198.0	99	13.21958	-1.41975	0.07151	-27105.88967	-584.25044	-83.37399	27112.31371	40.81819	-1897.26403	24.75612	1897.86453	0.07	4.11121	0.08861	0.01265	4.11218	-70.06742	7.9861	
199.0	99	13.21912	-1.40681	0.07972	-27089.39567	-581.33488	-101.20861	27095.82166	40.52485	-1895.79328	42.45808	1896.70164	0.07	4.10876	0.08817	0.01535	4.10973	-78.20807	9.18279	
200.0	99	13.21869	-1.39331	0.06858	-27122.05251	-579.329	-78.68108	27128.35316	40.44587	-1898.23801	34.68687	1898.98568	0.07	4.11397	0.08787	0.01193	4.11493	-85.84267	10.29992	
200.0	108	5.4102	-1.55506	11.93939	-2.45607	-0.05691	-5.65193	6.16278	-0.03842	0.42949	0.01237	0.43139	0.07	0.0	0.0	0.0	0.0	-16.65355	4.90226	
201.0	99	13.21839	-1.37908	0.05703	-27265.15326	-579.91688	-55.49478	27271.3763	40.52106	-1908.28334	33.02546	1908.9992	0.07	4.13583	0.08797	0.00842	4.13677	-90.99524	11.2682	
201.0	108	5.37035	-1.54621	11.95648	-6.5974	-0.15113	-15.25404	16.62029	-0.0815	1.16033	0.02375	1.16343	0.07	0.0	0.0	0.0	0.0	-17.83548	4.91882	
202.0	99	13.21819	-1.36415	0.04555	-27427.49402	-581.1242	-32.81286	27433.66928	40.65436	-1919.84581	18.94925	1920.3697	0.07	4.16112	0.08816	0.00498	4.16206	-96.0412	12.14729	
203.0	99	13.21822	-1.34854	0.05801	-27634.39867	-583.50174	-59.97454	27640.62338	40.7519	-1934.03389	39.31669	1934.86268	0.07	4.19315	0.08854	0.0091	4.1941	-100.55928	12.94865	
204.0	99	13.21778	-1.33232	0.06591	-27656.77272	-582.06848	-76.97003	27663.00427	40.60025	-1935.38922	47.51498	1936.39807	0.07	4.19745	0.08834	0.01168	4.1984	-105.71709	13.68774	
205.0	99	13.2175	-1.31555	0.07298	-27666.7174	-580.39628	-92.9683	27672.96071	40.48987	-1936.31276	38.79747	1937.12462	0.07	4.20051	0.08812	0.01411	4.20146	-110.1222	14.41183	
205.0	116	5.33097	-1.4718	-11.91889	-5.8547	-0.11735	13.81032	15.00054	0.02625	-1.04914	0.00221	1.04947	0.07	0.0	0.0	-0.0	0.0	-62.44578	40.37285	
206.0	99	13.21734	-1.29822	0.06175	-27693.58689	-579.19359	-69.61631	27699.73044	40.45323	-1938.27101	33.59848	1938.98423	0.07	4.20626	0.08797	0.01057	4.20719	-114.13638	15.06026	
207.0	6	13.21722	-1.28033	0.06002	-27718.60043	-578.08499	-66.23459	27724.70702	40.38091	-1940.02633	33.18289	1940.73024	0.07	4.21151	0.08783	0.01006	4.21243	-117.94581	15.73254	
208.0	6	13.21671	-1.26193	0.07196	-27775.00343	-577.79877	-93.41116	27781.16975	40.26155	-1943.57798	50.6594	1944.65491	0.07	4.22129	0.08781	0.0142	4.22222	-121.82073	16.24542	
209.0	6	13.21638	-1.24312	0.06747	-27850.6273	-577.98533	-85.0455	27856.75395	40.29248	-1948.90379	50.17354	1949.96585	0.07	4.23432	0.08787	0.01293	4.23525	-125.39606	16.76015	
210.0	6	13.21614	-1.22392	0.05195	-27935.29245	-578.4113	-53.01253	27941.33022	40.41394	-1955.14364	35.87592	1955.89034	0.07	4.24897	0.08798	0.00806	4.24989	-129.17963	17.30535	
211.0	6	13.21599	-1.20425	0.06758	-28024.18418	-578.99283	-86.97051	28030.2996	40.35586	-1961.0243	51.50027	1962.11548	0.07	4.26419	0.0881	0.01323	4.26512	-132.88123	17.68708	
211.0	70	5.28033	-1.3888	11.99155	-2.25872	-0.04785	-5.27086	5.73463	-0.04805	0.39809	0.01697	0.40134	0.07	0.0	0.0	0.0	0.0	-31.17421	6.83502	
212.0	6	13.21588	-1.18422	0.04133	-28097.4923	-579.32552	-30.84969	28103.48098	40.50326	-1966.45916	38.24366	1967.248	0.07	4.2781	0.08821	0.0047	4.27901	-136.44429	18.18804	
212.0	70	5.33099	-1.30746	11.96899	-21.00349	-0.44189	-48.61291	52.95807	-0.31607	3.69312	0.10299	3.70805	0.07	1e-05	0.0	2e-05	2e-05	-32.72001	7.02146	
213.0	6	13.21533	-1.1638	0.06027	-28231.34982	-580.95715	-73.30365	28237.42193	40.57296	-1975.90673	33.9373	1976.61461	0.07	4.2993	0.08847	0.01116	4.30022	-140.0391	18.466	
214.0	6	13.21507	-1.14316	0.0394	-28318.99698	-581.62888	-28.59007	28324.98367	40.67277	-1982.02662	34.69326	1982.74744	0.07	4.31502	0.08862	0.00436	4.31593	-143.57467	18.84942	
214.0	70	5.22249	-1.25621	12.01413	-18.28927	-0.37662	-43.82952	47.49385	-0.19255	3.31858	0.05183	3.32456	0.07	0.0	0.0	0.0	0.0	-33.60554	7.89654	
215.0	6	13.21487	-1.1222	0.05791	-28461.55375	-583.51407	-70.98652	28467.62318	40.66062	-1991.22648	65.42249	1992.7158	0.07	4.33936	0.08896	0.01082	4.34028	-147.27428	19.09509	
216.0	6	13.21474	-1.1011	0.08628	-28589.1433	-585.01782	-134.22929	28595.44331	40.69423	-2000.58518	51.8872	2001.67165	0.07	4.36126	0.08924	0.02048	4.36222	-150.45041	19.24421	
216.0	54	5.12718	-1.25069	12.05327	-0.05082	-0.00104	-0.12379	0.13382	-0.00065	0.00929	0.00019	0.00932	0.07	0.0	0.0	0.0	0.0	-35.4176	8.90495	
217.0	6	13.21459	-1.07989	0.05633	-28696.92975	-586.07507	-69.34592	28702.99757	40.93456	-2008.48645	35.00895	2009.20857	0.07	4.38036	0.08946	0.01059	4.38128	-153.86515	19.56589	
217.0	54	5.16283	-1.25495	12.03835	-2.96987	-0.06025	-7.17696	7.7674	-0.03712	0.54235	0.01081	0.54373	0.07	0.0	0.0	0.0	0.0	-37.14585	9.34129	
218.0	6	13.21428	-1.05843	0.05127	-28796.99971	-586.99074	-59.00085	28803.04206	41.00985	-2015.48024	35.71892	2016.21384	0.07	4.39777	0.08964	0.00901	4.39869	-157.17813	19.76079	
218.0	54	5.19986	-1.23961	12.02259	-6.72397	-0.13539	-16.11999	17.46666	-0.08003	1.21983	0.02314	1.22267	0.07	0.0	0.0	0.0	0.0	-38.70371	9.80052	
219.0	6	13.21404	-1.03673	0.058	-28908.13286	-588.11514	-75.86679	28914.21416	41.06893	-2023.26807	35.43632	2023.99508	0.07	4.41785	0.08988	0.01159	4.41878	-160.53695	19.89208	
220.0	6	13.21388	-1.01495	0.04225	-29026.11163	-589.33103	-41.10387	29032.12285	41.30587	-2031.3507	-44.05488	2032.24818	0.07	4.43879	0.09012	0.00629	4.4397	-163.80155	20.09121	
221.0	6	13.21376	-0.99309	0.02545	-29124.49755	-590.17442	-4.32353	29130.47686	41.30891	-2038.22431	-44.76352	2039.13426	0.07	4.45675	0.09031	0.00066	4.45767	-166.96093	20.23505	
221.0	54	5.14511	-1.13075	12.04374	-17.23894	-0.33939	-41.70819	45.13169	0.04055	3.15868	-0.04247	3.15922	0.07	0.0	0.0	0.0	0.0	-41.89065	11.46781	
221.0	116	5.11258	-1.19918	-12.01409	-2.44791	-0.05117	5.9981	6.47859	0.00635	-0.45346	-0.00128	0.4535	0.07	0.0	0.0	-0.0	0.0	-85.03773	58.66116	
222.0	6	13.21357	-0.97115	0.06582	-29273.68586	-592.02004	-96.02562	29279.82911	41.53517	-2048.93616	-29.95362	2049.576	0.07	4.48253	0.09065	0.0147	4.48347	-170.16866	20.16997	
223.0	6	13.21341	-0.94933	0.03927	-29395.29607	-593.25728	-37.47709	29401.30592	41.58376	-2056.908	-55.80109	2058.08491	0.07	4.50432	0.09091	0.00574	4.50524	-173.0408	20.26383	
224.0	6	13.21317	-0.9274	0.02653	-29384.54017	-591.79243	-8.98259	29390.50016	41.42841	-2056.25545	-53.26202	2057.3623	0.07	4.50609	0.09075	0.00138	4.507	-176.40182	20.37174	
225.0	6	13.21288	-0.90532	0.05126	-29389.1375	-590.54856	-65.4875	29395.14312	41.42375	-2056.8025	-42.24636	2057.65333	0.07	4.50987	0.09062	0.01005	4.51079	-179.35287	20.35462	
226.0	6	13.21271	-0.88321	0.04894	-29384.41613	-589.13793	-61.33349	29390.38545	41.31341	-2056.53941	-38.88902	2057.32192	0.07	4.5123	0.09047	0.00942	4.51322	-182.14881	20.32663	
227.0	6	13.21253	-0.86118	0.05594	-29383.96491	-587.78213	-77.92625	29389.94648	41.21558	-2056.69229	-28.10411	2057.2972	0.07	4.51523	0.09032	0.01197	4.51615	-185.04164	20.26242	
228.0	6	13.21211	-0.8393	0.04271	-29376.9915	-586.32996	-48.70412	29382.88251	41.11379	-2055.74431	-50.40435	2056.7731	0.07	4.51666	0.09015	0.00749	4.51757	-187.82175	20.22481	
228.0	54	5.02627	-1.03119	12.08913	-3.68204	-0.06795	-9.23501	9.9422	-0.00076	0.69594	-0.00482	0.69596	0.07	0.0	0.0	0.0	0.0	-47.84818	15.94358	
229.0	6	13.21166	-0.81757	0.03967	-29378.98021	-585.05969	-42.40572	29384.83574	41.01144	-2055.99402	-47.04754	2056.94113	0.07	4.51937	0.09	0.00652	4.52027	-190.64289	20.11926	
229.0	54	5.05627	-1.00099	12.07635	-0.07308	-0.00134	-0.18203	0.19616	2e-05	0.01373	-0.00011	0.01373	0.07	0.0	0.0	0.0	0.0	-49.3408	16.62327	
230.0	6	13.21124	-0.79587	0.0456	-29379.17412	-583.73573	-57.29273	29385.02853	40.92683	-2056.19881	-36.9986	2056.93885	0.07	4.52233	0.08985	0.00882	4.52323	-193.31491	19.94055	
230.0	116	5.02033	-1.01425	-12.05396	-1.06934	-0.02312	2.65975	2.86676	0.00276	-0.20064	-0.00064	0.20066	0.07	0.0	0.0	-0.0	0.0	-93.87597	64.11597	
231.0	6	13.2109	-0.77422	0.04033	-29381.57713	-582.48235	-46.21119	29387.38668	40.83594	-2056.19285	-46.05352	2057.11388	0.07	4.52481	0.0897	0.00712	4.52571	-195.95587	19.75899	
231.0	54	4.94947	-0.91857	12.11757	-1.0099	-0.01807	-2.5622	2.7541	0.00048	0.19276	-0.00155	0.19277	0.07	0.0	0.0	0.0	0.0	-50.09069	18.19077	
232.0	6	13.21057	-0.75279	0.0226	-29366.22103	-580.90237	-7.52744	29371.96694	40.66467	-2055.10935	-46.48774	2056.03725	0.07	4.52549	0.08952	0.00116	4.52637	-198.55906	19.623	
232.0	54	4.97962	-0.92873	12.10532	-14.75432	-0.26163	-37.19994	40.01992	-0.00959	2.80133	-0.0159	2.80139	0.07	0.0	0.0	0.0	0.0	-51.38606	18.8896	
233.0	6	13.2103	-0.7316	0.02436	-29364.21653	-579.57642	-12.9563	29369.93852	40.58052	-2054.97962	-46.11217	2055.89745	0.07	4.52786	0.08937	0.002	4.52874	-201.06718	19.32824	
233.0	54	5.00813	-0.9172	12.09343	-13.25853	-0.23293	-33.21301	35.76237	-0.01372	2.50331	-0.01208	2.50337	0.07	0.0	0.0	1e-05	1e-05	-52.75213	19.67807	
234.0	6	13.20986	-0.71077	0.05201	-29381.94929	-578.56485	-76.17916	29387.74378	40.58252	-2056.46792	-34.04529	2057.15005	0.07	4.53288	0.08926	0.01175	4.53377	-203.48185	18.92475	
235.0	6	13.20955	-0.69012	0.01999	-29377.08046	-577.22891	-4.52048	29382.75123	40.39505	-2055.31483	-66.67244	2056.79265	0.07	4.53414	0.08909	0.0007	4.53502	-205.85574	18.70335	
236.0	6	13.20905	-0.66967	0.02868	-29367.93902	-575.70483	-25.11913	29373.59204	40.32911	-2055.21909	-47.10272	2056.15433	0.07	4.53467	0.08889	0.00388	4.53555	-208.21998	18.33425	
236.0	65	4.92138	-0.84069	12.12585	-8.95569	-0.15234	-22.78933	24.48635	-0.0105	1.714	-0.00733	1.71405	0.07	0.0	0.0	0.0	0.0	-54.40027	22.2599	
237.0	6	13.20865	-0.64954	0.02756	-29369.17845	-574.43968	-23.18896	29374.80487	40.23758	-2055.29013	-47.62715	2056.23562	0.07	4.53738	0.08875	0.00358	4.53825	-210.47398	17.94289	
237.0	65	4.94759	-0.84104	12.11508	-9.2666	-0.15589	-23.48834	25.25067	-0.01532	1.76747	-0.00569	1.76754	0.07	0.0	0.0	1e-05	1e-05	-55.38984	23.08547	
238.0	6	13.20831	-0.6298	0.03389	-29374.15377	-573.21725	-39.50822	29379.77278	40.17207	-2055.79667	-40.55882	2056.58911	0.07	4.54109	0.08862	0.00611	4.54196	-212.55683	17.49086	
239.0	6	13.20803	-0.61055	0.04329	-29370.6432	-571.81125	-61.57658	29376.27345	40.11015	-2055.46712	-44.20164	2056.33355	0.07	4.54256	0.08844	0.00952	4.54343	-214.77749	16.98686	
240.0	6	13.20776	-0.59164	0.03196	-29366.25317	-570.43066	-36.65579	29371.81574	39.98283	-2054.95223	-52.87312	2056.02112	0.07	4.54317	0.08825	0.00567	4.54403	-216.77664	16.56465	
241.0	6	13.20746	-0.57305	0.035	-29370.40791	-569.19441	-44.60844	29375.95671	39.9055	-2055.36987	-47.88107	2056.31475	0.07	4.54518	0.08808	0.0069	4.54604	-218.78912	16.06327	
242.0	6	13.20695	-0.55492	0.0423	-29359.14351	-567.62173	-63.92022	29364.69969	39.82383	-2054.6275	-46.02919	2055.52883	0.07	4.5452	0.08788	0.0099	4.54606	-220.74162	15.51949	
242.0	116	4.90684	-0.70745	-12.10191	-10.06819	-0.23001	25.98174	27.86525	0.02907	-1.95037	-0.006	1.9506	0.07	1e-05	0.0	-2e-05	3e-05	-101.62105	65.70067	
243.0	6	13.20656	-0.53722	0.03719	-29371.46884	-566.5672	-52.94791	29376.98051	39.73358	-2055.47683	-46.61128	2056.38916	0.07	4.54952	0.08776	0.0082	4.55037	-222.61794	15.00565	
244.0	6	13.20619	-0.51998	0.0401	-29373.92016	-565.26621	-60.81242	29379.42153	39.63313	-2055.91511	-33.56487	2056.57101	0.07	4.55191	0.0876	0.00942	4.55276	-224.32691	14.41683	
245.0	6	13.20586	-0.5033	0.04419	-29362.35157	-563.71806	-71.1965	29367.84869	39.56338	-2054.83845	-46.69281	2055.74963	0.07	4.55094	0.08737	0.01103	4.55179	-226.17162	13.74281	
245.0	116	4.85084	-0.63291	-12.12452	-12.59498	-0.29219	32.95268	35.27886	0.03449	-2.46922	-0.00871	2.46948	0.07	1e-05	0.0	-1e-05	1e-05	-102.69946	65.20346	
246.0	6	13.20559	-0.48719	0.03598	-29423.09079	-563.58387	-53.64331	29428.53676	39.52608	-2059.08584	-46.82832	2059.9975	0.07	4.56193	0.08738	0.00832	4.56277	-227.80085	13.18119	
247.0	6	13.20536	-0.47156	0.03025	-29399.34385	-561.8629	-41.41867	29404.74153	39.38668	-2057.41035	-47.32004	2058.33133	0.07	4.56031	0.08715	0.00642	4.56115	-229.37767	12.59896	
247.0	102	4.81461	-0.63055	12.16044	-44.7482	-0.6631	-118.49952	126.66877	-0.10448	8.86619	-0.01016	8.86681	0.07	0.0	0.0	1e-05	1e-05	-58.90045	32.51144	
247.0	116	4.81726	-0.64302	-12.13847	-40.67222	-0.9549	107.49136	114.93274	0.12919	-8.04421	-0.02258	8.04528	0.07	1e-05	0.0	-3e-05	3e-05	-103.35097	64.78065	
248.0	6	13.20521	-0.45642	0.0403	-29616.32776	-564.63973	-66.01659	29621.78331	39.62047	-2072.59661	-47.59956	2073.5217	0.07	4.59599	0.08762	0.01024	4.59683	-230.90757	11.93583	
248.0	116	4.80086	-0.60292	-12.14494	-5.50685	-0.12993	14.60947	15.61343	0.01709	-1.09271	-0.00328	1.09285	0.07	0.0	0.0	-0.0	0.0	-103.66025	64.52353	
249.0	6	13.20513	-0.44167	0.03658	-29856.03713	-567.88236	-61.29947	29861.50031	39.8442	-2089.30328	-50.76034	2090.29959	0.07	4.63507	0.08816	0.00952	4.63592	-232.36372	11.19521	
249.0	116	4.78464	-0.5553	-12.15112	-3.58921	-0.08521	9.57019	10.22146	0.00954	-0.71558	-0.00279	0.71564	0.07	0.0	0.0	-0.0	0.0	-103.6877	64.08767	
250.0	6	13.20511	-0.42772	0.04062	-30150.97071	-572.08459	-71.79765	30156.48305	40.13649	-2110.17285	-41.18381	2110.9563	0.07	4.68188	0.08883	0.01115	4.68273	-233.74876	10.49865	
251.0	6	13.20512	-0.41455	0.03602	-30505.26274	-577.35642	-61.64582	30510.78818	40.50345	-2134.80763	-49.04652	2135.75507	0.07	4.73885	0.08969	0.00958	4.7397	-235.06091	9.71988	
251.0	116	4.75766	-0.58608	-12.16279	-2.52121	-0.06074	6.7983	7.25101	0.00852	-0.5075	-0.00138	0.50757	0.07	0.0	0.0	-0.0	0.0	-103.55659	63.19503	
252.0	6	13.20523	-0.40198	0.03503	-30950.46735	-584.24395	-60.39479	30956.04008	40.98514	-2165.9351	-50.91243	2166.92102	0.07	4.81082	0.09081	0.00939	4.81169	-236.33288	8.96141	
252.0	116	4.74429	-0.53617	-12.16806	-1.86134	-0.04491	5.02121	5.3553	0.00569	-0.37481	-0.00124	0.37486	0.07	0.0	0.0	-0.0	0.0	-103.98676	62.73615	
253.0	6	13.2056	-0.38988	0.03298	-31628.32694	-595.41809	-58.41478	31633.98489	41.7616	-2213.40873	-50.43248	2214.37704	0.07	4.92011	0.09262	0.00909	4.92099	-237.62455	8.07125	
254.0	6	13.20619	-0.37841	0.02753	-32072.75364	-602.18789	-48.84071	32078.44357	42.23397	-2244.16642	-64.49386	2245.49016	0.07	4.99392	0.09376	0.0076	4.9948	-238.79024	7.27999	
255.0	6	13.20665	-0.36779	0.03663	-32067.84779	-600.3494	-72.75698	32073.54946	42.11739	-2244.31124	-44.57468	2245.14893	0.07	4.99842	0.09358	0.01134	4.99931	-239.60233	6.47456	
256.0	6	13.20704	-0.3579	0.03216	-32060.11169	-598.58176	-63.12162	32065.76127	41.99042	-2243.62904	-51.04767	2244.60249	0.07	5.00233	0.0934	0.00985	5.00321	-240.53229	5.63971	
257.0	6	13.20733	-0.34878	0.02351	-32059.16786	-597.03831	-42.34075	32064.75466	41.85498	-2243.3994	-57.63985	2244.53004	0.07	5.00619	0.09323	0.00661	5.00706	-241.28673	4.85042	
258.0	6	13.20752	-0.34205	0.02026	-27304.21655	-503.50269	-30.53955	27308.87565	24.10259	-1323.48031	270.91406	1351.13859	0.04948	4.26336	0.07862	0.00477	4.26408	-249.92202	0.05174	
258.0	84	12.75331	2.74181	-0.72123	-67.92303	-18.30831	3.92266	70.4565	0.03591	-1.16023	-4.79341	4.93195	0.07	2e-05	1e-05	-0.0	2e-05	-242.39347	13.87813	
258.0	89	12.7641	2.75946	-0.36602	-279.68961	-75.29031	8.09341	289.75923	0.10286	-2.54519	-20.12255	20.28313	0.07	0.00041	0.00011	-1e-05	0.00042	-242.57595	13.66704	
258.0	91	12.71742	2.80022	1.02152	-48.71547	-13.13433	-3.8552	50.60208	-0.01974	1.06479	-3.37826	3.54214	0.07	2e-05	1e-05	0.0	2e-05	-241.49586	14.38812	
258.0	104	12.70037	2.80412	1.20241	-44.66143	-12.05666	-4.35291	46.46454	-0.01008	1.13746	-3.04712	3.25252	0.07	1e-05	0.0	0.0	2e-05	-241.0399	14.65875	
258.0	116	4.68363	-0.5126	-12.19466	-8.88195	-0.2181	24.35413	25.92413	0.03901	-1.81427	-0.00202	1.81469	0.07	0.0	0.0	-0.0	0.0	-89.67878	53.96936	
259.0	6	13.20754	-0.33747	0.01141	-27064.38896	-491.40566	-13.06833	27068.85295	23.26806	-1288.71388	271.31133	1317.1692	0.04866	4.22326	0.07668	0.00204	4.22396	-246.65174	0.05068	
259.0	84	12.73907	2.76109	-0.8921	-608.00663	-163.85534	43.39926	631.19262	0.29142	-12.31955	-42.43021	44.18347	0.07	0.00147	0.0004	-0.0001	0.00152	-239.32119	13.94774	
259.0	90	12.72617	2.7573	-1.06905	-405.51484	-109.42193	34.8359	421.46053	0.21977	-9.68596	-27.86602	29.50223	0.07	0.00072	0.00019	-6e-05	0.00075	-239.1835	14.17157	
259.0	91	12.76322	2.78351	0.22155	-1842.7786	-495.63077	-31.85322	1908.5328	-0.10537	8.95847	-133.29655	133.59728	0.07	0.02422	0.00652	0.00042	0.02509	-239.06236	13.47869	
259.0	104	12.69274	2.77349	1.37667	-928.31413	-250.59322	-101.98345	966.93574	-0.52277	27.16561	-61.99263	67.68552	0.07	0.0027	0.00073	0.0003	0.00281	-236.85249	14.59927	
259.0	111	12.61115	2.71607	2.07906	-52.2663	-14.20637	-8.72911	54.8615	-0.05238	2.14835	-3.18274	3.84031	0.07	1e-05	0.0	0.0	1e-05	-234.52003	15.82597	
259.0	116	4.67567	-0.47025	-12.19786	-36.23798	-0.87408	99.29833	105.70768	0.14074	-7.39814	-0.01376	7.39949	0.07	1e-05	0.0	-2e-05	2e-05	-93.61348	54.03956	
260.0	91	12.76458	2.78755	0.19236	-4972.34207	-1338.87335	-74.21096	5149.97813	-2.40055	28.83247	-359.33573	360.4986	0.07	0.11688	0.03147	0.00174	0.12105	-243.01746	13.71446	
260.0	96	13.20748	-0.3329	-0.06606	-26042.83948	-467.0882	142.17655	26047.41587	18.88606	-948.35156	343.81759	1008.92909	0.03873	4.06136	0.07284	-0.02217	4.06207	-250.79295	0.03884	
260.0	117	12.51125	2.72985	2.59696	-24.69341	-6.75133	-5.17362	26.11726	-0.03614	1.19324	-1.38464	1.82821	0.07	1e-05	0.0	0.0	1e-05	-236.57463	17.71125	
261.0	82	12.55936	2.77953	-2.2838	-25.17256	-6.86727	4.64375	26.50248	0.01089	-1.06642	-1.51801	1.85519	0.07	3e-05	1e-05	-1e-05	3e-05	-241.38903	16.75255	
261.0	91	12.76559	2.78831	0.21144	-6301.02072	-1696.81716	-103.73804	6526.31689	-4.44435	44.30018	-454.65867	456.83341	0.07	0.1673	0.04505	0.00275	0.17328	-243.52759	13.74494	
261.0	96	13.20717	-0.32925	-0.09657	-24653.44329	-436.08802	192.03701	24658.04771	8.0789	-268.15584	428.21537	505.313	0.02049	3.84032	0.06793	-0.02991	3.84103	-251.17621	0.01977	
261.0	117	12.43543	2.72544	2.94476	-0.56314	-0.15471	-0.13516	0.59944	-0.00094	0.02949	-0.02984	0.04196	0.07	0.0	0.0	0.0	0.0	-235.01083	18.84047	
262.0	78	12.48164	2.79435	-2.65794	-266.00971	-72.92442	57.30077	281.71353	0.10532	-12.41974	-15.31716	19.71995	0.07	0.00046	0.00013	-0.0001	0.00048	-240.39217	17.71877	
262.0	91	12.76751	2.78933	0.16383	-7086.91664	-1908.79496	-89.94763	7340.02563	-6.07858	46.6783	-511.64095	513.80178	0.07	0.20525	0.05528	0.00261	0.21258	-243.40588	13.71508	
262.0	96	13.20657	-0.32568	-0.11847	-23144.48335	-404.13925	216.41532	23149.02317	-4.81196	553.69517	519.37007	759.17506	0.0328	3.59905	0.06285	-0.03365	3.59976	-251.12785	0.03236	
262.0	117	12.43014	2.74898	2.94425	-65.75884	-18.0475	-15.72982	69.98117	-0.11383	3.44692	-3.47892	4.89868	0.07	6e-05	2e-05	1e-05	6e-05	-234.61299	18.9681	
263.0	80	12.38805	2.84176	-3.00987	-0.66128	-0.18235	0.16322	0.70511	7e-05	-0.03305	-0.03665	0.04936	0.07	0.0	0.0	-0.0	0.0	-238.19711	18.72289	
263.0	91	12.76837	2.79039	0.13762	-8649.10105	-2331.65709	-92.07223	8958.35091	-8.95834	57.88438	-624.34635	627.08788	0.07	0.27498	0.07413	0.00293	0.28481	-241.99279	13.6301	
263.0	96	13.20588	-0.32251	-0.13944	-22042.80995	-380.54734	239.74031	22047.39808	-14.93094	1240.986	597.03748	1377.21565	0.06247	3.42069	0.05905	-0.0372	3.42141	-250.07678	0.07186	
263.0	117	12.38217	2.76576	3.12205	-81.53534	-22.44733	-21.0136	87.14049	-0.13668	4.42491	-4.19646	6.0999	0.07	0.00011	3e-05	3e-05	0.00012	-231.55773	19.5307	
264.0	6	13.20598	-0.31998	-0.08241	-21774.26953	-372.11258	140.84097	21777.90434	-19.32424	1377.69413	652.41033	1524.48475	0.07	3.37421	0.05766	-0.02183	3.37477	-249.03163	1.01142	
264.0	74	12.33328	2.8356	-3.23298	-15.63683	-4.32765	4.15198	16.74748	0.00036	-0.81229	-0.84531	1.17233	0.07	1e-05	0.0	-0.0	1e-05	-238.11805	18.65825	
264.0	77	4.84721	-0.46211	12.13968	-12.37254	-0.14569	-32.24414	34.53672	-0.05419	2.41697	0.00987	2.4176	0.07	0.0	0.0	0.0	0.0	-74.26855	51.68704	
264.0	91	12.7679	2.79142	0.21187	-9592.06599	-2589.06839	-159.3483	9936.61899	-19.1053	113.01269	-686.15888	695.66579	0.07	0.33102	0.08935	0.0055	0.34291	-241.79196	13.31056	
264.0	114	12.29568	2.74715	3.46222	-21.83329	-6.0433	-6.19833	23.48687	-0.06338	1.28267	-1.02732	1.64458	0.07	2e-05	1e-05	1e-05	2e-05	-228.91937	20.68962	
265.0	6	13.20565	-0.31788	-0.06217	-21758.3127	-369.11969	107.3656	21761.70831	-20.67625	1396.01326	609.27996	1523.3196	0.07	3.36293	0.05705	-0.01659	3.36346	-248.30439	1.88362	
265.0	73	12.23683	2.82956	-3.58356	-61.34038	-17.10645	18.22997	66.23899	-0.01367	-3.35815	-3.19717	4.63673	0.07	4e-05	1e-05	-1e-05	4e-05	-237.0859	18.99462	
265.0	77	4.85193	-0.49717	12.13751	-4.27463	-0.04974	-11.12756	11.92047	-0.02421	0.83406	0.00557	0.83443	0.07	0.0	0.0	0.0	0.0	-71.43776	51.84207	
265.0	91	12.76965	2.79045	0.15025	-9431.47881	-2548.55065	-110.91045	9770.3738	-28.88435	136.03497	-669.63814	683.92621	0.07	0.34547	0.09335	0.00406	0.35789	-241.45703	13.03787	
265.0	114	12.23835	2.77913	3.62863	-140.11253	-38.90966	-41.95649	151.34672	-0.51434	8.56008	-6.22085	10.59427	0.07	0.00031	9e-05	9e-05	0.00034	-226.61149	21.63891	
266.0	72	12.1323	2.84072	-3.90978	-0.89994	-0.25292	0.29475	0.98017	-0.00055	-0.05124	-0.04563	0.06861	0.07	0.0	0.0	-0.0	0.0	-236.29957	19.4856	
266.0	91	12.7709	2.79024	0.06087	-9129.20958	-2470.4692	-43.3066	9457.67207	-36.58849	146.50573	-644.56355	662.01572	0.07	0.35279	0.09547	0.00167	0.36548	-241.37545	12.90416	
266.0	96	13.20519	-0.31592	-0.1112	-21811.48714	-368.43166	188.98264	21815.4172	-18.66677	1408.07869	590.69298	1527.0731	0.07	3.36542	0.05685	-0.02916	3.36602	-247.67573	2.37448	
266.0	114	12.1223	2.80291	3.9744	-442.4646	-123.92661	-147.39585	482.5539	-1.84966	28.34396	-18.2784	33.77723	0.07	0.00052	0.00014	0.00017	0.00056	-222.85215	23.28321	
267.0	6	13.20512	-0.31418	-0.01886	-21872.27964	-368.22503	32.5456	21875.4032	-22.97599	1416.19199	581.95676	1531.27441	0.07	3.36709	0.05669	-0.00501	3.36757	-246.55655	3.55905	
267.0	72	12.09449	2.76361	-4.08839	-129.68676	-36.60762	44.42955	141.88995	-0.05437	-7.58702	-6.41001	9.93248	0.07	0.00014	4e-05	-5e-05	0.00016	-234.26901	18.95392	
267.0	91	12.7711	2.79008	0.08044	-9359.38818	-2536.78175	-59.89931	9697.26749	-48.7222	195.06719	-648.30336	678.76528	0.07	0.37818	0.1025	0.00242	0.39183	-239.02061	12.601	
267.0	114	12.0009	2.81486	4.31262	-1.18454	-0.33482	-0.43402	1.30522	-0.00582	0.07889	-0.04498	0.091	0.07	0.0	0.0	0.0	0.0	-216.74416	24.70269	
267.0	116	4.82092	-0.39248	-12.14661	-1.12707	-0.02517	2.94951	3.15761	0.00649	-0.22094	0.0006	0.22103	0.07	0.0	0.0	-0.0	0.0	-111.05527	52.49435	
268.0	6	13.20485	-0.31258	-0.02828	-22120.66182	-372.35667	47.27143	22123.84604	-23.10559	1443.72154	559.9218	1548.6698	0.07	3.39891	0.05721	-0.00726	3.39939	-246.30113	4.17812	
268.0	71	11.97976	2.74984	-4.41946	-28.3329	-8.07468	10.59681	31.30888	-0.01304	-1.72624	-1.35024	2.19162	0.07	0.0	0.0	-0.0	0.0	-234.00402	19.52426	
268.0	91	12.77186	2.78881	-0.0248	-8911.73614	-2419.31731	16.52905	9234.30618	-54.33155	195.94222	-613.58835	646.4023	0.07	0.37364	0.10143	-0.00069	0.38716	-239.84411	12.51141	
268.0	114	11.94184	2.80355	4.47931	-295.50642	-83.8956	-112.51696	327.14306	-1.66744	20.19079	-10.67553	22.90011	0.07	0.0004	0.00011	0.00015	0.00044	-215.35669	25.76739	
269.0	6	13.20485	-0.3117	0.05139	-22508.28051	-379.13557	-90.91965	22511.65701	-27.14177	1485.21472	525.92504	1575.81617	0.07	3.45297	0.05816	0.01395	3.45349	-245.97877	5.05832	
269.0	66	11.9161	2.77363	-4.56841	-280.88819	-80.45318	109.23057	311.93302	-0.19398	-17.3393	-13.26999	21.83533	0.07	0.00029	8e-05	-0.00011	0.00032	-234.59089	19.65378	
269.0	91	12.77223	2.78708	-0.04326	-8403.30547	-2284.99816	26.5876	8708.47095	-57.84481	206.08859	-570.77536	609.59251	0.07	0.36364	0.09888	-0.00115	0.37685	-240.55916	12.49614	
269.0	112	11.81243	2.78738	4.81525	-151.876	-43.55176	-62.73233	169.99536	-0.95087	10.69746	-5.12462	11.89965	0.07	6e-05	2e-05	2e-05	7e-05	-212.23125	27.37445	
270.0	6	13.20436	-0.3112	0.0873	-22910.20822	-386.95527	-156.6682	22914.01144	-29.15957	1522.84451	502.84113	1603.98094	0.07	3.50956	0.05928	0.024	3.51014	-245.62353	5.77106	
270.0	66	11.85601	2.7819	-4.71355	-162.96896	-46.90032	65.64169	181.84431	-0.15724	-10.16843	-7.65563	12.72911	0.07	0.00018	5e-05	-7e-05	0.0002	-234.68111	19.71488	
270.0	91	12.77227	2.78496	-0.12881	-8212.8795	-2236.83051	80.49915	8512.41919	-62.79832	210.64216	-553.84749	595.86978	0.07	0.36489	0.09938	-0.00358	0.3782	-240.8899	12.44359	
270.0	112	11.74593	2.7705	4.98262	-41.17102	-11.87218	-17.6816	46.35343	-0.28016	2.94774	-1.32691	3.24474	0.07	2e-05	0.0	1e-05	2e-05	-210.06752	28.39302	
271.0	6	13.20371	-0.31118	0.13058	-23431.09525	-397.39876	-238.66581	23435.68032	-31.42001	1572.51935	466.29192	1640.49763	0.07	3.5851	0.0608	0.03652	3.58581	-245.16452	6.51485	
271.0	66	11.7901	2.78792	-4.86899	-207.46563	-60.06908	87.05915	232.87245	-0.29871	-13.07354	-9.73233	16.30107	0.07	0.00027	8e-05	-0.00011	0.0003	-234.19141	19.81755	
271.0	77	4.68906	-0.46954	12.19531	-0.08032	-0.00087	-0.21722	0.23159	-0.00083	0.01619	0.00024	0.01621	0.07	0.0	0.0	0.0	0.0	-54.84931	53.18852	
271.0	91	12.7713	2.78207	-0.21721	-7675.10103	-2093.58586	127.84938	7956.54593	-64.4511	204.89741	-513.87313	556.95824	0.07	0.3483	0.09501	-0.0058	0.36107	-240.79909	12.45903	
271.0	112	11.67496	2.74852	5.15657	-3.43326	-0.99645	-1.5386	3.89198	-0.02481	0.24961	-0.1063	0.27244	0.07	0.0	0.0	0.0	0.0	-207.18425	29.45807	
272.0	6	13.20343	-0.31153	0.14656	-23963.8247	-408.81165	-274.09133	23968.87872	-32.71767	1615.58092	450.8428	1677.62671	0.07	3.66288	0.06249	0.04189	3.66365	-244.76792	7.06186	
272.0	89	12.7686	2.7795	-0.34577	-7359.70981	-2010.9166	196.5356	7632.02072	-66.16477	193.94511	-493.27492	534.14664	0.07	0.33996	0.09289	-0.00908	0.35254	-241.84514	12.40118	
273.0	6	13.20284	-0.31232	0.19061	-24595.85423	-422.52548	-364.92284	24602.18978	-34.58101	1677.37631	388.61724	1722.15286	0.07	3.75709	0.06454	0.05574	3.75805	-244.03611	7.8503	
273.0	66	11.65345	2.80478	-5.16943	-269.72516	-79.06814	121.81074	306.33525	-0.70749	-17.22739	-12.74901	21.44343	0.07	0.00022	7e-05	-0.0001	0.00025	-232.7589	20.07925	
273.0	89	12.76616	2.77552	-0.44433	-6452.09883	-1765.40062	221.61394	6692.93145	-63.01016	176.37826	-429.43827	468.50485	0.07	0.30179	0.08258	-0.01037	0.31306	-240.25675	12.54776	
274.0	6	13.20291	-0.31347	0.18183	-25209.04967	-436.8678	-358.12722	25215.37812	-35.00302	1728.60539	355.23922	1765.07697	0.07	3.84888	0.0667	0.05468	3.84985	-243.44471	8.3631	
274.0	66	11.58487	2.81151	-5.31304	-124.27898	-36.63119	57.83498	141.88726	-0.40602	-7.96613	-5.91802	9.93212	0.07	9e-05	3e-05	-4e-05	0.0001	-231.97488	20.19011	
274.0	84	12.75959	2.77131	-0.60871	-5982.49726	-1639.31374	282.88537	6209.48043	-62.45521	158.94827	-399.70966	434.66426	0.07	0.28247	0.0774	-0.01336	0.29319	-239.87596	12.55244	
274.0	109	11.53877	2.71851	5.46074	-0.2501	-0.07344	-0.1196	0.28679	-0.00199	0.01861	-0.00726	0.02008	0.07	0.0	0.0	0.0	0.0	-200.22994	31.92991	
275.0	6	13.20324	-0.31517	0.15726	-26003.21336	-455.2518	-321.59639	26009.18652	-35.16894	1795.33553	302.16652	1820.9259	0.07	3.97122	0.06953	0.04911	3.97214	-242.80873	8.63277	
275.0	84	12.74932	2.767	-0.79489	-5308.09353	-1456.82351	329.20286	5514.21492	-57.56716	128.484	-359.63652	386.21308	0.07	0.25258	0.06932	-0.01566	0.26238	-240.84706	12.6419	
276.0	6	13.20293	-0.31758	0.18588	-26613.92499	-471.02765	-389.21813	26620.9384	-36.55797	1843.64292	268.60084	1863.46508	0.07	4.06131	0.07188	0.0594	4.06238	-241.92663	9.47436	
276.0	59	11.52753	2.7939	-5.44104	-100.07866	-29.68296	47.84874	114.8317	-0.49003	-6.3185	-4.94461	8.0382	0.07	0.00021	6e-05	-0.0001	0.00024	-230.80982	19.79309	
276.0	84	12.74124	2.76115	-0.92228	-4595.72198	-1262.85176	331.33902	4777.57686	-54.08118	115.71667	-309.07634	334.42982	0.07	0.21889	0.06015	-0.01578	0.22755	-238.74942	12.71199	
277.0	6	13.20328	-0.32042	0.16721	-27262.06271	-488.51328	-362.70318	27268.85149	-37.03362	1894.27864	232.23544	1908.82067	0.07	4.16074	0.07456	0.05536	4.16178	-241.14478	9.92638	
277.0	69	11.46799	2.73967	-5.59376	-7.43935	-2.21913	3.65091	8.57891	-0.03857	-0.474	-0.3667	0.60052	0.07	0.0	0.0	-0.0	0.0	-229.86991	19.8097	
277.0	90	12.72701	2.75613	-1.09961	-4043.02964	-1112.7789	348.68903	4207.84381	-50.2482	96.83216	-273.60247	294.54993	0.07	0.1928	0.05307	-0.01663	0.20066	-238.1627	12.75718	
278.0	6	13.20315	-0.32385	0.18768	-27944.68678	-507.41253	-418.49166	27952.42605	-38.14396	1947.45437	185.80618	1956.66999	0.07	4.26678	0.07748	0.0639	4.26796	-240.18441	10.55596	
278.0	51	11.39183	2.7405	-5.74191	-30.88898	-9.3035	15.8583	35.94676	-0.19296	-1.98178	-1.53849	2.51627	0.07	1e-05	0.0	-0.0	1e-05	-228.47145	19.98745	
278.0	69	11.47058	2.76763	-5.56886	-177.82439	-53.11895	87.44428	205.15759	-1.17334	-11.04931	-9.0981	14.36104	0.07	0.00042	0.00013	-0.00021	0.00049	-229.61974	19.44024	
278.0	77	4.66575	-0.51908	12.20023	-0.76992	-0.0083	-2.1026	2.23914	-0.00575	0.15663	0.00149	0.15674	0.07	0.0	0.0	0.0	0.0	-41.84218	54.52877	
278.0	88	12.71611	2.74957	-1.22276	-3166.78996	-872.68666	304.28083	3298.89792	-41.42621	75.63568	-214.21612	230.92301	0.07	0.15053	0.04148	-0.01446	0.15681	-237.53229	12.9269	
279.0	6	13.20357	-0.3274	0.17101	-28208.32471	-519.737	-387.72815	28215.77649	-38.6747	1966.45538	177.72437	1974.84897	0.07	4.30876	0.07939	0.05922	4.30989	-239.31408	11.64004	
279.0	88	12.69758	2.74441	-1.39825	-3106.97941	-857.84989	342.49279	3241.37761	-45.31165	81.64884	-206.54423	226.672	0.07	0.14723	0.04065	-0.01623	0.1536	-233.8485	12.95214	
280.0	6	13.20439	-0.33113	0.13196	-29225.29752	-547.09591	-314.96037	29232.11469	-39.37732	2043.18445	104.76242	2046.2474	0.07	4.46722	0.08363	0.04814	4.46826	-238.40618	11.3791	
280.0	55	11.32101	2.7601	-5.86072	-99.16793	-30.08374	52.18311	116.02753	-0.83439	-6.2111	-5.16638	8.12191	0.07	4e-05	1e-05	-2e-05	5e-05	-226.88618	19.76617	
280.0	87	12.6772	2.73897	-1.56767	-1992.79659	-551.30721	247.02152	2082.35384	-28.75921	42.87747	-136.31443	145.76417	0.07	0.0941	0.02603	-0.01166	0.09833	-235.88292	13.1286	
281.0	6	13.20502	-0.3352	0.08677	-29879.91615	-568.89484	-217.68319	29886.12414	-40.25887	2090.70042	62.21393	2092.01328	0.07	4.57095	0.08703	0.0333	4.5719	-237.4444	11.74938	
281.0	85	12.65567	2.73384	-1.72745	-1436.27645	-398.1836	196.75552	1503.38051	-21.76416	29.81532	-98.53538	105.22287	0.07	0.06735	0.01867	-0.00923	0.07049	-234.7852	13.27687	
282.0	6	13.20535	-0.34001	0.04547	-30619.08563	-593.35832	-127.84688	30625.1012	-41.58512	2143.31992	12.05755	2143.75721	0.07	4.68864	0.09086	0.01958	4.68956	-236.42721	12.09587	
282.0	55	11.25033	2.77848	-5.97543	-18.18429	-5.55561	9.77218	21.37823	-0.19633	-1.10283	-0.9923	1.49648	0.07	0.0	0.0	-0.0	0.0	-224.92838	19.57961	
282.0	85	12.63544	2.72851	-1.86491	-683.78745	-189.95904	101.37946	716.88737	-10.80916	13.81726	-47.01598	50.18224	0.07	0.03177	0.00883	-0.00471	0.03331	-233.74869	13.48951	
283.0	6	13.20582	-0.34541	-0.00295	-31324.94321	-618.29869	-18.30111	31331.05002	-43.25679	2192.49785	-32.89729	2193.17127	0.07	4.80111	0.09477	0.0028	4.80204	-235.33327	12.68042	
284.0	6	13.20619	-0.35239	-0.00796	-31324.80572	-627.4666	-8.81663	31331.09072	-43.90615	2192.43317	-37.07921	2193.18623	0.07	4.80833	0.09632	0.00135	4.8093	-234.05592	14.95825	
285.0	6	13.20652	-0.36104	0.0063	-31315.66653	-633.64023	-44.10359	31322.10746	-44.3059	2191.87402	-31.53502	2192.54856	0.07	4.81189	0.09736	0.00678	4.81288	-232.64335	17.02055	
285.0	116	4.89075	-0.47152	-12.13082	-8.57291	-0.24572	22.0186	23.62993	0.01302	-1.654	-0.01339	1.6541	0.07	0.0	0.0	-0.0	1e-05	-119.52614	37.73254	
286.0	6	13.20697	-0.37092	-0.0024	-31321.32452	-638.44968	-23.81866	31327.83993	-44.66215	2192.25484	-32.19293	2192.94605	0.07	4.81755	0.0982	0.00366	4.81855	-231.28183	18.46983	
286.0	116	4.90397	-0.45653	-12.12604	-1.1704	-0.03394	2.99726	3.21785	0.00104	-0.22523	-0.00214	0.22524	0.07	0.0	0.0	-0.0	0.0	-116.32786	35.47874	
287.0	6	13.20733	-0.38234	0.00885	-31317.69705	-641.60066	-52.34896	31324.31229	-44.86091	2192.05555	-28.34899	2192.69781	0.07	4.82091	0.09877	0.00806	4.82192	-229.8432	19.73386	
287.0	116	4.90944	-0.5419	-12.12541	-5.8284	-0.17075	14.88438	15.98575	0.00992	-1.11898	-0.00895	1.11906	0.07	0.0	0.0	-0.0	0.0	-114.07463	33.65296	
288.0	6	13.20749	-0.39469	-0.02371	-31314.05758	-644.53734	22.95395	31320.69855	-45.14048	2191.52448	-44.09609	2192.43282	0.07	4.82454	0.0993	-0.00354	4.82557	-228.67496	20.61713	
289.0	6	13.20786	-0.40806	0.00589	-31324.46097	-646.73044	-50.41991	31331.17708	-45.22713	2192.57469	-25.57285	2193.19019	0.07	4.83023	0.09973	0.00777	4.83126	-226.90867	21.6351	
290.0	6	13.20812	-0.42183	-0.00378	-31320.6851	-648.67139	-28.57806	31327.41462	-45.37625	2192.25709	-29.36879	2192.92332	0.07	4.83359	0.10011	0.00441	4.83463	-225.35318	22.51911	
291.0	6	13.20844	-0.43624	-0.01493	-31311.16063	-650.18193	-2.22498	31317.91056	-45.50804	2191.64153	-25.30943	2192.26006	0.07	4.83584	0.10042	0.00034	4.83689	-223.91668	23.24392	
292.0	6	13.20881	-0.45154	-0.00772	-31311.05329	-651.47708	-21.02785	31317.83713	-45.57467	2191.48958	-33.96736	2192.22658	0.07	4.83976	0.1007	0.00325	4.84081	-222.08232	24.12871	
293.0	6	13.20921	-0.46768	-0.00367	-31315.00709	-652.68813	-32.97381	31321.82559	-45.65466	2191.87152	-28.27701	2192.52929	0.07	4.84408	0.10096	0.0051	4.84514	-220.19114	24.82629	
294.0	6	13.20968	-0.48425	-0.00811	-31322.81429	-653.90112	-24.69398	31329.64877	-45.75079	2192.44377	-24.21178	2193.05473	0.07	4.84817	0.10121	0.00382	4.84923	-218.36221	25.53922	
295.0	6	13.21015	-0.5013	-0.00461	-31321.45707	-654.77643	-35.02587	31328.31997	-45.80084	2192.34	-26.93481	2192.98378	0.07	4.85081	0.10141	0.00542	4.85187	-216.40018	26.13277	
295.0	116	4.90663	-0.66324	-12.13212	-0.36478	-0.0114	0.93686	1.00544	0.0001	-0.07038	-0.00082	0.07038	0.07	0.0	0.0	-0.0	0.0	-104.43005	23.70445	
296.0	6	13.21067	-0.51881	-0.00307	-31323.3844	-655.60779	-39.06395	31330.26903	-45.85467	2192.46746	-27.52332	2193.11963	0.07	4.85423	0.1016	0.00605	4.85529	-214.43394	26.80211	
297.0	6	13.21104	-0.53687	-0.01136	-31321.30324	-656.46874	-20.60378	31328.18879	-45.91965	2192.12843	-38.85382	2192.95356	0.07	4.85686	0.1018	0.00319	4.85793	-212.27526	27.29845	
298.0	6	13.21139	-0.5556	-0.00867	-31317.64541	-657.07554	-29.22289	31324.55133	-45.97394	2192.15886	-21.16665	2192.74306	0.07	4.85887	0.10194	0.00453	4.85994	-210.30293	27.84472	
299.0	6	13.21178	-0.5747	0.01276	-31317.35025	-657.61026	-82.7922	31324.36324	-46.00868	2192.18663	-8.86978	2192.68732	0.07	4.86089	0.10207	0.01285	4.86198	-208.03675	28.36617	
300.0	6	13.21217	-0.59397	-0.01184	-31312.72372	-658.41611	-25.98768	31319.65603	-46.07019	2191.80646	-20.68007	2192.38812	0.07	4.86246	0.10224	0.00404	4.86354	-205.75294	28.80791	
301.0	6	13.21263	-0.61367	-0.00728	-31311.66389	-659.10564	-37.423	31318.62251	-46.10939	2191.72184	-21.76356	2192.31484	0.07	4.8649	0.10241	0.00581	4.86598	-203.43939	29.25003	
301.0	65	4.83198	-0.81566	12.12662	-3.30243	-0.03018	-8.6843	9.29107	-0.01046	0.65036	0.00172	0.65044	0.07	0.0	0.0	0.0	0.0	-46.80981	68.35179	
302.0	6	13.21316	-0.63388	-0.00765	-31315.70388	-659.87952	-38.08163	31322.67869	-46.15926	2191.97989	-24.49381	2192.60267	0.07	4.8683	0.10258	0.00592	4.86938	-201.09574	29.69575	
303.0	6	13.21374	-0.65438	-0.00887	-31302.05917	-660.40826	-37.52149	31309.0475	-46.19652	2191.01107	-24.40016	2191.63387	0.07	4.86752	0.10269	0.00583	4.86861	-198.66032	30.06435	
304.0	6	13.21425	-0.67523	-0.00917	-31311.4893	-661.30577	-39.25478	31318.49659	-46.25977	2191.68322	-23.18999	2192.29402	0.07	4.86995	0.10285	0.00611	4.87104	-196.1653	30.51268	
305.0	6	13.21458	-0.69633	-0.00853	-31312.06891	-662.09517	-42.54237	31319.09704	-46.30757	2191.67832	-26.18169	2192.32382	0.07	4.87157	0.10301	0.00662	4.87266	-193.55977	30.79659	
306.0	6	13.21498	-0.71763	-0.00634	-31291.35862	-662.36448	-48.47405	31298.40572	-46.32911	2190.28919	-22.05508	2190.89012	0.07	4.87007	0.10309	0.00754	4.87116	-190.99274	31.01542	
307.0	6	13.21541	-0.7391	-0.01259	-31257.96531	-662.54798	-34.60907	31265.0054	-46.34988	2187.93623	-23.40091	2188.55223	0.07	4.86693	0.10316	0.00539	4.86803	-188.24591	31.25977	
308.0	6	13.2159	-0.76089	-0.01055	-31158.15667	-661.17722	-40.90613	31165.19783	-46.24999	2180.95341	-22.78766	2181.56277	0.07	4.85239	0.10297	0.00637	4.85348	-185.54337	31.52049	
309.0	6	13.21641	-0.78277	-0.01136	-31018.67044	-658.96509	-41.22854	31025.69662	-46.09669	2171.20434	-21.58278	2171.80087	0.07	4.83121	0.10263	0.00642	4.8323	-182.40864	31.52836	
310.0	6	13.21685	-0.80468	-0.01156	-30847.00354	-656.1172	-43.02349	30854.01057	-45.89817	2159.19924	-20.14527	2159.78097	0.07	4.80456	0.10219	0.0067	4.80566	-179.52908	31.6739	
311.0	6	13.21694	-0.82666	-0.01321	-30634.2802	-652.32419	-39.80307	30641.25053	-45.63187	2144.29285	-21.97115	2144.89087	0.07	4.77163	0.10161	0.0062	4.77272	-176.31689	31.67516	
312.0	6	13.21703	-0.84853	-0.01099	-30323.00289	-646.45272	-45.49154	30329.92705	-45.21996	2122.51977	-19.8631	2123.09434	0.07	4.72358	0.1007	0.00709	4.72466	-173.23393	31.54909	
313.0	6	13.21708	-0.87035	-0.01154	-30002.17171	-640.15711	-44.81408	30009.03392	-44.77933	2100.05979	-19.88655	2100.63129	0.07	4.67298	0.09971	0.00698	4.67405	-170.13686	31.49871	
313.0	116	4.9384	-0.99729	-12.1323	-0.00646	-0.00023	0.01645	0.01768	-4e-05	-0.00124	-3e-05	0.00124	0.07	0.0	0.0	-0.0	0.0	-86.98586	8.35292	
314.0	6	13.21709	-0.89218	-0.00216	-29822.73399	-636.79783	-68.11748	29829.60969	-44.53172	2087.51579	-18.61199	2088.07367	0.07	4.64406	0.09916	0.01061	4.64513	-167.01729	31.52328	
314.0	116	4.9738	-0.98897	-12.1185	-9.02143	-0.31884	22.78916	24.51191	-0.07474	-1.71337	-0.05356	1.71584	0.07	0.0	0.0	-0.0	0.0	-86.51044	7.69157	
315.0	6	13.21741	-0.91398	-0.01628	-29830.5603	-637.71294	-37.17118	29837.39913	-44.61378	2088.06173	-19.63651	2088.63059	0.07	4.64377	0.09927	0.00579	4.64484	-164.18777	31.6429	
316.0	6	13.21747	-0.93601	-0.0093	-29842.15882	-638.47689	-54.77782	29849.03845	-44.66076	2088.88589	-17.01447	2089.43254	0.07	4.64407	0.09936	0.00852	4.64514	-160.97683	31.62144	
317.0	6	13.21754	-0.95789	-0.01472	-29840.28201	-639.31484	-42.51848	29847.16002	-44.72315	2088.73846	-19.05235	2089.30408	0.07	4.64306	0.09948	0.00662	4.64413	-157.98455	31.60523	
318.0	6	13.21779	-0.97977	-0.0145	-29845.09819	-640.12474	-44.1336	29851.9948	-44.77925	2089.0756	-18.76044	2089.63968	0.07	4.6429	0.09958	0.00687	4.64397	-154.81243	31.52821	
319.0	6	13.21816	-1.00155	-0.01332	-29836.0034	-640.74621	-48.67957	29842.92252	-44.8223	2088.45089	-17.43396	2089.00457	0.07	4.64053	0.09966	0.00757	4.64161	-151.22487	31.29008	
320.0	6	13.21868	-1.02325	-0.01485	-29692.04937	-638.56653	-45.69332	29698.95033	-44.67137	2078.37446	-17.41419	2078.92741	0.07	4.61645	0.09928	0.0071	4.61752	-147.99681	31.2889	
320.0	70	4.94809	-1.24165	12.07319	-0.48992	-0.00314	-1.23937	1.33269	-0.00132	0.09328	0.00029	0.09329	0.07	0.0	0.0	0.0	0.0	-29.71696	58.69191	
321.0	6	13.21877	-1.04503	-0.01669	-29361.48531	-632.09864	-42.99241	29368.31995	-44.21971	2055.23171	-17.50678	2055.78191	0.07	4.56296	0.09823	0.00668	4.56402	-144.38585	31.28006	
322.0	6	13.21872	-1.0667	-0.01553	-29066.23328	-626.40461	-46.57816	29073.01961	-43.81917	2034.55592	-17.11022	2035.09967	0.07	4.51492	0.0973	0.00724	4.51597	-140.76786	31.07041	
323.0	6	13.21863	-1.08829	-0.02751	-28522.48004	-615.34011	-20.64322	28529.12437	-43.0564	1996.46967	-20.94797	1997.04377	0.07	4.42831	0.09554	0.00321	4.42935	-137.47125	31.12639	
324.0	6	13.21854	-1.10992	-0.00945	-28501.58757	-615.03179	-60.04095	28508.28587	-43.02281	1995.04921	-13.32715	1995.55755	0.07	4.42274	0.09544	0.00932	4.42378	-133.86332	30.76596	
325.0	6	13.21873	-1.13084	-0.02048	-28486.28299	-615.47834	-37.23339	28492.9556	-43.0466	1993.8681	-25.37988	1994.4942	0.07	4.41797	0.09546	0.00577	4.41901	-130.3385	30.17985	
326.0	6	13.2186	-1.15148	-0.0153	-28443.17532	-615.18263	-49.70108	28449.87069	-43.03434	1990.96451	-15.56405	1991.49036	0.07	4.40868	0.09535	0.0077	4.40972	-126.99954	29.81142	
327.0	6	13.21862	-1.1718	-0.01989	-28412.79049	-615.21574	-40.53994	28419.47919	-43.03989	1988.82801	-16.65092	1989.36335	0.07	4.40132	0.0953	0.00628	4.40236	-123.51651	29.43604	
328.0	6	13.21877	-1.19186	-0.00989	-28360.68563	-614.6521	-63.39927	28367.41627	-43.0083	1985.20115	-7.30773	1985.68042	0.07	4.39047	0.09515	0.00981	4.39151	-119.6677	28.95191	
329.0	6	13.2191	-1.21139	-0.01478	-28264.54739	-613.43923	-54.18089	28271.25541	-42.91161	1978.45808	-14.51948	1978.97665	0.07	4.3733	0.09492	0.00838	4.37434	-116.12491	28.48632	
330.0	6	13.21931	-1.23068	-0.00623	-28180.6538	-612.16258	-73.48895	28187.39776	-42.82254	1972.59509	-10.63656	1973.08852	0.07	4.35787	0.09467	0.01136	4.35891	-112.48763	28.05024	
330.0	116	5.23482	-1.33671	-12.02037	-1.61328	-0.06099	3.853	4.17756	-0.09691	0.27373	-0.03624	0.29263	0.07	0.0	0.0	-0.0	0.0	-67.50037	0.87707	
331.0	6	13.21922	-1.24928	-0.03768	-28075.3859	-610.92889	-5.26242	28082.03261	-42.75608	1965.09722	-26.83398	1965.74546	0.07	4.33913	0.09442	0.00081	4.34016	-108.91611	27.53471	
332.0	6	13.21935	-1.26779	-0.01529	-27974.28497	-609.0975	-54.70482	27980.96874	-42.6136	1958.17084	-11.55162	1958.66853	0.07	4.3211	0.09409	0.00845	4.32214	-104.81246	26.98164	
333.0	6	13.21956	-1.28566	-0.01268	-27859.402	-607.24157	-61.21807	27866.08637	-42.49254	1950.15959	-6.55345	1950.63348	0.07	4.30078	0.09374	0.00945	4.30181	-101.15401	26.49245	
334.0	6	13.21983	-1.30303	-0.01553	-27726.89407	-604.92996	-54.89154	27733.54662	-42.31619	1940.83385	-14.06202	1941.34604	0.07	4.27724	0.09332	0.00847	4.27826	-97.41074	25.98309	
335.0	6	13.21967	-1.31997	-0.01593	-27615.47253	-602.93874	-54.81027	27622.10821	-42.17155	1933.03732	-16.70979	1933.56948	0.07	4.25721	0.09295	0.00845	4.25823	-93.55395	25.36913	
336.0	6	13.21964	-1.33641	-0.01142	-27472.25224	-600.25864	-65.17454	27478.88646	-42.00007	1923.00008	-7.06976	1923.47168	0.07	4.23222	0.09247	0.01004	4.23325	-89.48109	24.71022	
337.0	6	13.21977	-1.35218	-0.01915	-27350.01778	-598.26694	-49.43501	27356.60505	-41.85802	1914.47083	-11.06604	1914.96035	0.07	4.21047	0.0921	0.00761	4.21148	-85.7276	24.04208	
337.0	116	5.27723	-1.34707	-12.00371	-0.0	-0.0	1e-05	1e-05	-0.0	0.0	-0.0	0.0	0.07	0.0	0.0	-0.0	0.0	-57.60491	2.56847	
338.0	6	13.21992	-1.36741	-0.03183	-27243.79756	-596.6075	-22.51106	27250.33858	-41.73646	1906.9075	-27.35019	1907.56027	0.07	4.19143	0.09179	0.00346	4.19243	-81.91808	23.41829	
339.0	6	13.21979	-1.3824	-0.00823	-27121.83036	-593.95424	-72.09752	27128.42903	-41.54506	1898.51094	-11.79776	1899.0021	0.07	4.16954	0.09131	0.01108	4.17055	-77.92426	22.74173	
340.0	6	13.2197	-1.39656	-0.01163	-27004.18381	-591.77735	-65.25772	27010.74605	-41.39241	1890.26801	-13.01758	1890.76596	0.07	4.14863	0.09091	0.01003	4.14964	-74.01165	21.98055	
341.0	6	13.21978	-1.41006	-0.01496	-26869.51946	-589.29203	-59.44775	26876.0465	-41.21933	1880.8223	-13.62368	1881.32325	0.07	4.12495	0.09047	0.00913	4.12596	-69.95957	21.23382	
342.0	6	13.21989	-1.423	-0.00606	-26726.72165	-586.49008	-78.28833	26733.27047	-41.01845	1870.84189	-12.02524	1871.33015	0.07	4.0996	0.08996	0.01201	4.1006	-65.92213	20.46289	
342.0	116	5.31161	-1.48654	-11.99174	-9.30044	-0.36432	21.66767	23.58217	-0.18559	1.63946	-0.05209	1.65076	0.07	0.0	0.0	-0.0	0.0	-49.68066	3.12531	
343.0	6	13.21966	-1.43516	-0.01573	-26600.83529	-584.24843	-57.67103	26607.3131	-40.86877	1862.01894	-12.80069	1862.51138	0.07	4.07656	0.08954	0.00884	4.07755	-62.04352	19.77042	
344.0	6	13.2195	-1.44677	-0.01502	-26606.84539	-584.65776	-60.35571	26613.33668	-40.90062	1862.44807	-10.9061	1862.92904	0.07	4.07448	0.08953	0.00924	4.07547	-58.09883	18.93598	
345.0	6	13.21955	-1.45767	-0.01555	-26611.7494	-585.04896	-60.10422	26618.24752	-40.92745	1862.79401	-11.22264	1863.27736	0.07	4.07217	0.08953	0.0092	4.07317	-54.11699	18.09127	
346.0	6	13.21977	-1.46789	-0.013	-26614.52378	-585.35859	-65.53075	26621.04083	-40.95283	1863.02516	-9.12316	1863.49755	0.07	4.06946	0.0895	0.01002	4.07046	-50.10569	17.21829	
347.0	6	13.21955	-1.47731	-0.0176	-26616.16738	-585.83484	-56.70088	26622.67424	-40.98225	1863.09784	-11.94164	1863.58679	0.07	4.0667	0.08951	0.00866	4.06769	-45.9252	16.31104	
348.0	6	13.21953	-1.48601	-0.01624	-26620.25568	-586.3421	-59.90597	26626.77972	-41.0169	1863.3887	-11.73301	1863.87701	0.07	4.06472	0.08953	0.00915	4.06571	-41.78681	15.45956	
348.0	116	5.39642	-1.48902	-11.95536	-0.9195	-0.03623	2.09866	2.29154	-0.01842	0.15926	-0.00532	0.16041	0.07	0.0	0.0	-0.0	0.0	-40.33214	3.25364	
349.0	6	13.21968	-1.49393	-0.01841	-26621.3468	-586.89128	-55.23408	26627.87257	-41.05515	1863.45483	-12.70885	1863.95036	0.07	4.06255	0.08956	0.00843	4.06355	-37.62938	14.54526	
350.0	6	13.21988	-1.50112	-0.01771	-26623.25476	-587.43092	-56.71063	26629.79507	-41.09232	1863.58694	-12.64915	1864.08285	0.07	4.06025	0.08959	0.00865	4.06125	-33.52266	13.67357	
351.0	6	13.21969	-1.5076	-0.01753	-26628.44209	-587.99979	-57.65434	26634.9957	-41.13258	1863.95847	-12.32653	1864.453	0.07	4.05876	0.08962	0.00879	4.05976	-29.43875	12.80067	
352.0	6	13.21968	-1.51337	-0.01404	-26624.05821	-588.25682	-65.27072	26630.63616	-41.14776	1863.65093	-12.02742	1864.14392	0.07	4.05618	0.08962	0.00994	4.05718	-25.3128	11.91475	
352.0	116	5.43654	-1.62214	-11.94026	-0.27983	-0.01107	0.63373	0.69286	-0.00372	0.04835	-0.0008	0.0485	0.07	0.0	0.0	-0.0	0.0	-33.53344	3.18627	
353.0	6	13.21985	-1.5183	-0.02012	-26628.24738	-588.8318	-52.08997	26634.80796	-41.19019	1863.92788	-13.77436	1864.43383	0.07	4.055	0.08967	0.00793	4.056	-21.1976	11.04626	
354.0	6	13.21998	-1.52261	-0.01161	-26629.63344	-589.06691	-69.31522	26636.23813	-41.21925	1864.07467	-5.93229	1864.53978	0.07	4.05332	0.08966	0.01055	4.05433	-16.98663	10.12945	
355.0	100	13.2198	-1.52605	-0.01675	-26633.74033	-589.54791	-59.31647	26640.3305	-41.23862	1864.32298	-12.96489	1864.82409	0.07	4.05225	0.0897	0.00902	4.05325	-12.86496	9.2405	
356.0	56	5.40143	-1.61067	-11.95586	-1.16034	-0.04637	2.6528	2.89584	-0.01609	0.20204	-0.00351	0.20271	0.07	0.0	0.0	-0.0	0.0	-26.54107	3.06102	
356.0	100	13.21982	-1.52878	-0.0165	-26638.88331	-589.94824	-59.91974	26645.48242	-41.26599	1864.68144	-13.11314	1865.1841	0.07	4.05161	0.08973	0.00911	4.05262	-8.73642	8.31034	
357.0	56	5.45195	-1.6084	-11.9337	-16.38493	-0.65243	37.05338	40.51968	-0.19389	2.82951	-0.03592	2.83637	0.07	0.0	0.0	-0.0	0.0	-24.81666	3.04148	
357.0	100	13.21988	-1.53085	-0.00159	-26618.81573	-589.52521	-90.78884	26625.49781	-41.22294	1863.28468	-12.63939	1863.78348	0.07	4.0471	0.08963	0.0138	4.04812	-4.62785	7.41006	
358.0	100	13.22015	-1.5318	-0.02915	-26635.93947	-590.54719	-34.2076	26642.50716	-41.31677	1864.4535	-15.68892	1864.97723	0.07	1.89615	0.04204	0.00244	1.89662	-1.13855	6.5127	
359.0	100	13.22013	-1.53243	-0.01258	-26637.29377	-590.35523	-67.79806	26643.92117	-41.31915	1864.60859	-2.22898	1865.06768	0.07	-2.28566	-0.05066	-0.00582	-2.28623	1.39861	5.76775	
360.0	56	5.41832	-1.60138	-11.9483	-5.79142	-0.2306	13.17086	14.38977	-0.0843	1.00356	-0.0195	1.00728	0.07	0.0	0.0	-0.0	0.0	-22.1953	2.04892	
360.0	100	13.21991	-1.53201	-0.02045	-26631.5388	-590.49945	-50.99697	26638.13337	-41.30706	1864.15973	-14.01464	1864.66999	0.07	-3.586	-0.07951	-0.00687	-3.58689	2.5039	4.97602	
