Version	KoJaC2_v7r2	 	 INTERNAL 
Testrig	Axial Cycle Force Generation 
Modfile	016cccc.mod
comment	VShape GPPC ZUM
Analysis name	.a016cccc_t2600a120d
Applied torque	2600.0
Rpm	200.0
Articulation angle	12.0
Mode	Drive
Contact	cfo_sp_ro_1
Part	spider
RefSystem	spider.sp_ref


Angle_Rot_Spider.Last_Rot	Track	CPoint_x	CPoint_y	CPoint_z	Normal_Force_x	Normal_Force_y	Normal_Force_z	Normal_Force_mag	Friction_Force_x	Friction_Force_y	Friction_Force_z	Friction_Force_mag	Friction_Force_Mu	Friction_Torque_x	Friction_Torque_y	Friction_Torque_z	Friction_Torque_mag	Boring_Velocity	Slip_Velocity	Pos_Ball_x	Pos_Ball_y	Pos_Ball_z	
0.0	100	12.98547	30.13014	-0.05994	-26626.06942	-787.48362	114.97628	26637.96018	-55.56674	1820.39316	-400.0322	1864.65672	0.07	-3.58737	-0.1061	0.01549	-3.58897	2.50611	4.97402	
0.0	110	5.18433	27.53158	-11.70202	-5.86059	2.49139	13.10117	14.56689	-0.09286	0.98914	-0.22964	1.01968	0.07	0.0	-0.0	-0.0	0.0	-22.1986	2.04625	
1.0	100	12.98531	30.12426	-0.11371	-26634.25903	-775.52102	225.63638	26646.50256	-56.41143	1820.97565	-400.07599	1865.26013	0.07	-3.74145	-0.10894	0.0317	-3.74317	2.70507	4.3163	
2.0	8	12.98474	30.11965	-0.16289	-26635.8057	-766.00056	326.88053	26648.82273	-57.29782	1820.5095	-402.78419	1865.41496	0.07	-3.83709	-0.11035	0.04709	-3.83897	2.85345	3.59244	
3.0	8	12.98406	30.11565	-0.21089	-26636.28036	-757.73047	425.70173	26650.45607	-58.21138	1820.99083	-401.0191	1865.53276	0.07	-3.93505	-0.11194	0.06289	-3.93714	3.0472	2.89739	
4.0	8	12.98346	30.11375	-0.25011	-26630.51088	-753.73448	505.78794	26645.97619	-59.13915	1820.76862	-400.42436	1865.21728	0.07	-4.03959	-0.11433	0.07672	-4.04193	8.00497	1.86471	
4.0	110	5.0157	27.53077	-11.77514	-7.62533	3.37006	17.75804	19.61762	-0.12634	-1.35232	0.20239	1.37321	0.07	0.0	-0.0	-0.0	0.0	-24.76726	0.63602	
5.0	8	12.98303	30.11416	-0.27529	-26611.35348	-754.10852	556.82345	26627.85883	-59.92226	1819.67348	-399.3748	1863.94809	0.07	-4.03586	-0.11437	0.08445	-4.03837	18.63553	0.56751	
5.0	110	5.01906	27.53275	-11.77405	-28.10907	12.40437	65.50215	72.34999	-0.52444	4.90337	-1.15362	5.06448	0.07	0.0	-0.0	-0.0	0.0	-18.18424	0.63147	
6.0	8	12.98128	30.10293	-0.35723	-26644.74359	-731.83532	726.3411	26664.68667	-59.08318	1764.797	-389.23244	1808.1762	0.06781	-4.04002	-0.11096	0.11013	-4.04304	18.13794	0.08519	
6.0	113	5.37577	32.2624	11.55475	-3.03086	-1.41425	-6.47199	7.28511	0.01641	-0.49955	0.10148	0.51002	0.07	-0.0	-0.0	-0.0	-0.0	33.60792	7.64101	
7.0	8	12.98005	30.10003	-0.40062	-26655.71355	-726.20491	815.72546	26678.07801	-57.06237	1679.37208	-369.57274	1720.50304	0.06449	-4.04111	-0.1101	0.12367	-4.0445	9.24076	0.07613	
8.0	8	12.97907	30.10005	-0.43277	-26671.43898	-726.76885	882.24065	26695.92102	-51.80684	1496.4387	-333.46664	1534.01849	0.05746	-3.97692	-0.10837	0.13155	-3.98057	3.14034	0.0631	
8.0	106	4.85298	27.53112	-11.84314	-16.68663	7.61455	40.34888	44.3222	0.06533	-3.04305	0.60129	3.10257	0.07	0.0	-0.0	-0.0	0.0	-29.87303	3.91134	
9.0	93	12.97833	30.10161	-0.45576	-26694.93149	-730.71275	930.20014	26721.12611	-41.40721	1172.09896	-267.57156	1202.96512	0.04502	-3.80785	-0.10423	0.13269	-3.81159	2.80209	0.04615	
9.0	106	4.85461	27.53256	-11.84273	-40.7586	18.60009	98.68984	108.38316	0.17715	-7.43991	1.47536	7.58686	0.07	0.0	-0.0	-1e-05	1e-05	-27.06821	3.55342	
10.0	93	12.97764	30.10284	-0.47716	-26732.87188	-734.3748	975.54766	26760.74436	-28.15242	776.04687	-187.26479	798.81751	0.02985	-3.75376	-0.10312	0.13698	-3.75767	2.71557	0.02926	
10.0	106	4.85706	27.53426	-11.84202	-66.36276	30.25781	160.74156	176.51459	0.29455	-12.11664	2.40243	12.35602	0.07	1e-05	-0.0	-2e-05	2e-05	-23.78041	3.08892	
11.0	93	12.97207	30.07873	-0.62029	-26878.89384	-688.2156	1278.47233	26918.08066	-10.2821	246.80655	-83.31456	260.69236	0.00968	-3.59848	-0.09214	0.17116	-3.60373	2.49524	0.00925	
12.0	93	12.97055	30.07537	-0.65645	-26970.15262	-683.50725	1358.53138	27012.99543	10.70491	-342.53203	40.18306	345.04705	0.01277	-4.08545	-0.10354	0.20579	-4.09194	4.37101	0.01223	
13.0	93	12.96786	30.06643	-0.70958	-27111.83729	-668.4043	1477.02903	27160.26695	43.62113	-1271.25468	225.40987	1291.82076	0.04756	-4.1065	-0.10124	0.22372	-4.11384	38.95346	0.04929	
14.0	41	4.56467	27.52984	-11.95683	-3.91351	1.90886	10.1678	11.0609	-0.03262	0.75792	-0.15484	0.77426	0.07	-0.0	0.0	0.0	-0.0	15.7731	8.60022	
14.0	93	12.96547	30.05789	-0.75449	-27199.30749	-652.68684	1575.86938	27252.73733	65.07292	-1874.80096	346.65336	1907.69015	0.07	-4.12031	-0.09887	0.23872	-4.12841	46.48661	0.62349	
15.0	93	12.96264	30.04846	-0.80745	-27195.58276	-632.66245	1687.66715	27255.24177	64.95248	-1875.55372	343.56777	1907.86776	0.07	-4.12016	-0.09585	0.25568	-4.1292	51.01371	2.86334	
16.0	93	12.95994	30.04124	-0.85469	-27197.20895	-617.33681	1788.26628	27262.92677	65.10303	-1876.30571	342.40324	1908.40286	0.07	-4.1202	-0.09352	0.27091	-4.13015	55.399	4.65356	
17.0	10	12.95659	30.03471	-0.90239	-27190.94825	-603.57482	1888.10888	27263.10555	65.34387	-1876.54091	341.15032	1908.41797	0.07	-4.11969	-0.09145	0.28607	-4.13062	59.61138	6.1829	
18.0	10	12.95309	30.02829	-0.95226	-26922.69249	-584.41222	1973.15633	27001.2269	64.95863	-1858.89127	335.75776	1890.08721	0.07	-4.07949	-0.08855	0.29898	-4.09139	63.37139	7.6914	
19.0	10	12.95061	30.0252	-0.98728	-26914.84012	-577.89457	2045.73617	26998.65955	65.36069	-1858.86316	334.81621	1889.90639	0.07	-4.07845	-0.08757	0.30999	-4.09115	71.17798	8.86404	
19.0	41	4.35879	27.53488	-12.03445	-6.79581	3.40891	18.55881	20.05575	-0.13734	1.36438	-0.3009	1.4039	0.07	-0.0	0.0	0.0	-0.0	9.928	3.12852	
20.0	10	12.94722	30.01968	-1.03438	-26930.22429	-566.72336	2145.93945	27021.53238	65.75194	-1860.66777	333.76093	1891.50846	0.07	-4.08078	-0.08588	0.32518	-4.09461	82.79749	9.95967	
21.0	10	12.9432	30.01407	-1.08219	-27092.04745	-558.42544	2259.85804	27191.87071	66.27317	-1873.14445	331.64222	1903.43081	0.07	-4.10559	-0.08462	0.34246	-4.12071	88.38429	10.89362	
22.0	94	12.94085	30.01264	-1.1096	-27249.49228	-558.8107	2330.67975	27354.69186	68.21316	-1882.03236	346.28274	1914.83957	0.07	-4.13115	-0.08472	0.35334	-4.1471	93.125	11.80559	
23.0	94	12.93605	30.00559	-1.16671	-27431.03956	-547.56108	2468.58083	27547.33464	67.70044	-1898.45248	331.19222	1928.31363	0.07	-4.15879	-0.08302	0.37426	-4.17642	98.17718	12.62427	
24.0	94	12.93175	30.00004	-1.21658	-27443.28402	-536.07774	2576.45656	27569.17383	67.37856	-1901.60551	322.02388	1929.85563	0.07	-4.16223	-0.08131	0.39076	-4.18132	103.2295	13.33503	
25.0	41	4.02659	27.6743	-12.17456	-0.28364	0.14846	0.84405	0.90273	-0.00474	0.06177	-0.01246	0.06319	0.07	-0.0	0.0	0.0	-0.0	23.48253	5.42954	
25.0	94	12.92833	29.9975	-1.2511	-27456.47495	-530.93447	2651.95044	27589.35935	68.22169	-1902.41064	325.44789	1931.25265	0.07	-4.16502	-0.08054	0.40229	-4.18518	107.67958	14.07985	
26.0	94	12.92535	29.99595	-1.28106	-27471.28018	-527.90881	2718.08181	27610.46706	70.01933	-1901.60551	338.34386	1932.73971	0.07	-4.16898	-0.08011	0.41249	-4.1901	111.51391	14.74528	
27.0	94	12.9202	29.99034	-1.33332	-27488.75553	-516.49115	2831.65479	27639.04326	68.58026	-1907.18164	317.88608	1934.7084	0.07	-4.17343	-0.07842	0.42991	-4.19624	115.2808	15.36859	
28.0	41	3.84819	27.67634	-12.2325	-22.28132	12.1129	70.71138	75.12176	-0.45118	5.1384	-1.02238	5.25851	0.07	-0.0	0.0	0.0	-0.0	25.59683	5.72249	
28.0	94	12.91905	29.99256	-1.34438	-27516.06378	-521.80084	2858.40788	27669.0538	69.09334	-1909.54216	316.53147	1936.83178	0.07	-4.17914	-0.07925	0.43414	-4.20238	119.08136	16.03928	
29.0	41	3.84976	27.68257	-12.23303	-39.63648	21.29305	125.69035	133.50097	-0.8582	9.12648	-1.81674	9.34504	0.07	-0.0	0.0	1e-05	-1e-05	27.20298	5.91558	
29.0	94	12.91734	29.99371	-1.36112	-27571.94816	-525.48261	2900.56666	27729.07759	69.47915	-1914.26306	313.65024	1941.03242	0.07	-4.18899	-0.07984	0.44068	-4.21286	122.83662	16.61565	
30.0	94	12.90257	29.9733	-1.49627	-27671.24506	-483.86756	3204.8552	27860.42045	67.16466	-1927.54085	288.89145	1950.22642	0.07	-4.20531	-0.07354	0.48705	-4.23406	126.4699	16.85557	
31.0	94	12.90216	29.97725	-1.49925	-27762.04229	-494.02731	3221.85398	27952.73507	70.76693	-1930.0616	313.83522	1956.69064	0.07	-4.22095	-0.07511	0.48985	-4.24995	129.95488	17.33531	
32.0	94	12.89797	29.97516	-1.53604	-27849.65828	-491.11809	3312.38457	28050.25053	70.65115	-1938.13519	306.65431	1963.51635	0.07	-4.23597	-0.0747	0.50382	-4.26648	133.62297	17.75866	
33.0	94	12.8949	29.9749	-1.56284	-27957.82702	-492.44319	3384.50067	28166.24641	72.78091	-1944.38481	318.30311	1971.61006	0.07	-4.2541	-0.07493	0.51499	-4.28581	137.18385	18.1613	
34.0	94	12.88958	29.97195	-1.60528	-28057.89429	-487.92792	3490.07579	28278.33331	72.67181	-1953.49335	311.1262	1979.44865	0.07	-4.27156	-0.07428	0.53133	-4.30512	140.58904	18.45778	
35.0	94	12.88613	29.97179	-1.63204	-28165.15194	-489.60249	3562.66171	28393.80307	73.75782	-1961.29207	313.57084	1987.56974	0.07	-4.29062	-0.07458	0.54273	-4.32545	144.18916	18.79348	
36.0	94	12.87547	29.96182	-1.71605	-28272.7935	-470.00466	3763.47764	28526.04987	68.41114	-1977.64646	266.95279	1996.75472	0.07	-4.30955	-0.07164	0.57366	-4.34816	147.46919	18.92111	
37.0	94	12.87605	29.96719	-1.71084	-28380.60153	-483.74277	3766.7132	28633.55861	73.62311	-1980.33936	300.39276	2004.34532	0.07	-4.32883	-0.07378	0.57453	-4.36741	150.99038	19.26421	
38.0	94	12.86991	29.96377	-1.75808	-28474.64724	-478.07303	3885.06835	28742.4398	74.12301	-1988.31153	298.59666	2011.97339	0.07	-4.34564	-0.07296	0.59292	-4.38651	154.25106	19.43103	
39.0	41	3.34448	27.95782	-12.42389	-5.52797	3.05143	20.3993	21.35418	-0.10694	1.47004	-0.24888	1.49479	0.07	-0.0	0.0	0.0	-0.0	38.92005	10.07277	
39.0	94	12.86441	29.96193	-1.79669	-28552.9115	-475.28028	3983.53895	28833.37006	72.88514	-1996.89998	284.16833	2018.33431	0.07	-4.36001	-0.07258	0.60828	-4.40284	157.52128	19.59078	
39.0	115	6.53095	31.7664	11.04608	-4.10603	-1.26009	-6.86795	8.10037	0.02457	-0.55961	0.08798	0.56702	0.07	-0.0	-0.0	-0.0	-1e-05	82.88764	55.89726	
40.0	94	12.85887	29.96015	-1.83564	-28660.88242	-473.09773	4087.41424	28954.73981	77.15465	-2001.60417	309.33152	2026.8345	0.07	-4.37931	-0.07229	0.62455	-4.42421	160.7089	19.72552	
40.0	115	6.53411	31.69013	11.05814	-5.84965	-1.77147	-9.78212	11.53457	0.03312	-0.79708	0.12454	0.80743	0.07	-0.0	-0.0	-0.0	-0.0	83.79081	56.76796	
41.0	94	12.85561	29.96102	-1.8584	-28774.7611	-477.00099	4155.51058	29077.18478	84.58218	-2002.26877	355.85223	2035.40296	0.07	-4.39995	-0.07294	0.63542	-4.44619	163.94719	19.8452	
41.0	115	6.53685	31.68325	11.05776	-3.74788	-1.12118	-6.27781	7.39693	0.0172	-0.51112	0.08102	0.51778	0.07	-0.0	-0.0	-0.0	-0.0	84.49784	57.56117	
42.0	41	3.17219	27.97177	-12.471	-4.32246	2.40661	16.85283	17.56398	-0.01171	1.21665	-0.17674	1.22948	0.07	-0.0	0.0	0.0	-0.0	41.83869	11.80353	
42.0	94	12.85197	29.96143	-1.88389	-28885.94579	-479.90621	4230.14908	29197.98513	85.00628	-2011.476	352.27295	2043.8586	0.07	-4.42005	-0.07343	0.64729	-4.4678	167.10291	19.96873	
42.0	115	6.53674	31.67615	11.05912	-1.06822	-0.31524	-1.79032	2.10848	0.00478	-0.14574	0.02281	0.14759	0.07	-0.0	-0.0	-0.0	-0.0	85.30325	58.37138	
43.0	94	12.84649	29.95978	-1.9225	-28993.53211	-478.40376	4334.61452	29319.66332	85.93699	-2020.15425	351.85768	2052.36746	0.07	-4.43942	-0.07325	0.66371	-4.48936	170.1847	19.99403	
44.0	94	12.83896	29.9567	-1.9714	-28973.76461	-471.43345	4444.43549	29316.45087	83.0209	-2024.28308	326.50112	2052.12511	0.07	-4.43953	-0.07224	0.681	-4.49204	173.26739	20.01652	
45.0	94	12.83603	29.95844	-1.98977	-28960.99554	-475.17836	4484.75818	29310.03434	85.69723	-2021.65491	339.20011	2051.704	0.07	-4.44036	-0.07286	0.68761	-4.49388	176.25502	20.12916	
46.0	41	3.01432	28.11491	-12.5297	-7.60922	4.12833	31.06012	32.24398	-0.02159	2.23661	-0.30256	2.25708	0.07	-0.0	0.0	0.0	-0.0	46.50469	14.19028	
46.0	94	12.83285	29.95998	-2.0098	-28938.3575	-478.20413	4527.6057	29294.30709	85.55	-2021.52816	333.28287	2050.60293	0.07	-4.43986	-0.07337	0.69465	-4.49447	179.15597	20.15794	
47.0	94	12.82535	29.95746	-2.05775	-28932.45291	-472.4785	4637.84897	29305.62592	85.27533	-2023.5874	325.82409	2051.4237	0.07	-4.44246	-0.07255	0.71212	-4.49976	181.85116	20.06743	
48.0	94	12.82575	29.9623	-2.05465	-28924.83152	-483.29574	4629.97295	29297.03232	88.68099	-2019.92809	343.16831	2050.78968	0.07	-4.44417	-0.07426	0.71137	-4.50136	184.93343	20.10563	
49.0	94	12.81593	29.95785	-2.11691	-28908.46354	-473.62125	4770.57344	29303.27545	86.42678	-2023.81938	322.80008	2051.22265	0.07	-4.44378	-0.0728	0.73333	-4.50447	187.7155	19.90893	
50.0	94	12.81214	29.95925	-2.13879	-28897.90948	-476.80786	4819.64147	29300.94644	87.3929	-2023.42919	323.81768	2051.03903	0.07	-4.44454	-0.07333	0.74127	-4.50653	190.34955	19.77283	
51.0	94	12.80126	29.95517	-2.2026	-28857.42365	-466.98046	4961.54082	29284.56689	82.72491	-2027.57909	290.3106	2049.92698	0.07	-4.44121	-0.07187	0.76359	-4.50695	192.90828	19.43761	
51.0	115	6.71882	31.38429	10.99723	-21.35356	-5.27596	-34.68851	41.07436	0.09851	-2.84733	0.37243	2.87327	0.07	-0.0	-0.0	-1e-05	-1e-05	93.7621	63.51593	
52.0	94	12.80038	29.9591	-2.20732	-28871.76503	-475.994	4975.15569	29301.15289	83.81519	-2028.42757	292.32714	2051.09691	0.07	-4.44609	-0.0733	0.76615	-4.51221	195.50708	19.32262	
53.0	1	2.65277	28.26594	-12.63017	-0.01036	0.00553	0.04826	0.04967	-8e-05	0.00345	-0.00041	0.00348	0.07	-0.0	0.0	0.0	-0.0	51.42146	19.32953	
53.0	94	12.79632	29.96053	-2.23081	-28863.57198	-479.18831	5028.67003	29302.26837	84.63771	-2028.42603	292.51247	2051.15559	0.07	-4.44743	-0.07384	0.77484	-4.51503	198.11426	19.08214	
54.0	1	2.6588	28.39312	-12.64318	-2.11373	1.10287	9.87748	10.16114	-0.01082	0.70655	-0.08121	0.71128	0.07	-0.0	0.0	0.0	-0.0	52.61951	20.0656	
54.0	94	12.79243	29.96204	-2.25326	-28842.30705	-482.7289	5076.36687	29289.60914	84.51722	-2028.2822	287.32382	2050.27482	0.07	-4.4465	-0.07442	0.7826	-4.51546	200.59582	18.84433	
55.0	94	12.78737	29.96279	-2.28261	-28839.85904	-484.7416	5144.17397	29299.0609	83.94778	-2030.08591	279.34027	2050.93321	0.07	-4.44808	-0.07476	0.79341	-4.51891	203.00559	18.47812	
56.0	94	12.78276	29.96429	-2.30764	-28828.66896	-487.9224	5200.58377	29298.05956	84.01737	-2030.57652	275.22777	2050.86573	0.07	-4.44777	-0.07528	0.80236	-4.52019	205.35947	18.15726	
57.0	94	12.77769	29.96561	-2.33472	-28816.30415	-490.76878	5261.40728	29296.80265	83.85157	-2031.22896	269.78115	2050.78132	0.07	-4.44806	-0.07575	0.81215	-4.52223	207.64261	17.75752	
58.0	94	12.77698	29.96966	-2.33818	-28811.81996	-499.84679	5268.90744	29293.8936	86.05685	-2029.8488	278.01608	2050.60598	0.07	-4.45022	-0.07721	0.81383	-4.52468	210.04916	17.46453	
59.0	94	12.76617	29.96756	-2.39641	-28797.57706	-495.27721	5402.55457	29304.15227	82.0827	-2034.2377	251.04257	2051.3125	0.07	-4.45045	-0.07654	0.83492	-4.52874	212.1697	16.85165	
60.0	94	12.76389	29.97066	-2.40837	-28791.4002	-502.52632	5428.7835	29303.05357	83.07081	-2033.95042	252.28696	2051.22007	0.07	-4.45098	-0.07769	0.83926	-4.53008	214.10695	16.46827	
61.0	94	12.75807	29.97193	-2.43948	-28780.75936	-505.28321	5499.66374	29305.86498	79.4023	-2037.11967	228.36597	2051.41715	0.07	-4.45104	-0.07814	0.85054	-4.53225	216.17099	15.93055	
62.0	94	12.75329	29.97387	-2.46495	-28770.79098	-509.67401	5556.73192	29306.91815	76.84547	-2039.14445	210.84446	2051.45575	0.07	-4.45155	-0.07886	0.85976	-4.5345	218.20301	15.4399	
63.0	94	12.75241	29.97798	-2.46905	-28765.38812	-518.8834	5565.91075	29303.51781	80.66122	-2037.05727	226.96306	2051.24859	0.07	-4.45236	-0.08031	0.8615	-4.53565	220.18908	14.96301	
63.0	103	2.30635	28.70834	-12.74223	-0.23679	0.11106	1.30323	1.32921	-0.00308	0.09261	-0.00845	0.09304	0.07	-0.0	0.0	0.0	-0.0	56.95614	28.17181	
64.0	94	12.748	29.98037	-2.49086	-28762.32605	-524.38315	5616.89561	29310.33766	80.547	-2038.06647	222.18526	2051.72343	0.07	-4.45381	-0.0812	0.86977	-4.53867	222.04362	14.43322	
65.0	94	12.74455	29.98329	-2.50782	-28754.85362	-531.03864	5655.20325	29310.49185	78.12087	-2039.89953	205.66699	2051.729	0.07	-4.45351	-0.08225	0.87587	-4.53957	223.81547	13.82325	
66.0	94	12.74065	29.98602	-2.52705	-28779.0253	-537.92283	5705.11409	29343.99402	79.66521	-2041.83165	209.34537	2054.08094	0.07	-4.45858	-0.08334	0.88386	-4.54611	225.5664	13.19147	
67.0	94	12.73628	29.98864	-2.54865	-28833.13043	-545.14426	5766.65612	29409.1978	79.54316	-2046.94396	204.20821	2058.64219	0.07	-4.46891	-0.08449	0.89379	-4.55819	227.21356	12.55313	
67.0	115	6.89137	30.8118	10.96114	-6.98703	-1.11159	-11.07007	13.13776	0.02996	-0.91623	0.07309	0.91963	0.07	-0.0	-0.0	-0.0	-1e-05	103.70185	64.19329	
68.0	94	12.73533	29.99279	-2.55301	-29019.15565	-558.23646	5813.78879	29601.06692	79.53406	-2060.95263	199.09778	2072.07417	0.07	-4.50014	-0.08657	0.90157	-4.59038	228.81423	11.97908	
68.0	103	2.20559	28.85791	-12.77121	-0.02628	0.01046	0.1511	0.15372	-0.00031	0.01073	-0.0008	0.01076	0.07	-0.0	0.0	0.0	-0.0	59.95886	32.98684	
69.0	94	12.73093	29.99569	-2.57476	-29275.7808	-569.68926	5917.99789	29873.37588	79.54991	-2080.66902	193.23273	2091.13621	0.07	-4.54178	-0.08838	0.9181	-4.63449	230.33872	11.23504	
69.0	103	2.20193	28.86251	-12.77214	-0.00038	0.00014	0.00219	0.00223	-0.0	0.00016	-1e-05	0.00016	0.07	-0.0	0.0	0.0	-0.0	60.94984	34.03847	
70.0	94	12.72598	29.99842	-2.59916	-29579.73709	-581.85791	6040.67784	30195.84729	80.38521	-2103.52759	191.00826	2113.71101	0.07	-4.59093	-0.09031	0.93755	-4.68656	231.83531	10.49375	
71.0	94	12.72308	30.0017	-2.61336	-29945.36697	-597.44227	6148.90489	30575.98685	79.95818	-2131.04169	182.34184	2140.32253	0.07	-4.65026	-0.09278	0.95487	-4.74819	233.16098	9.72337	
71.0	115	6.89639	30.65056	10.97262	-11.07667	-1.51148	-17.55583	20.81308	0.04624	-1.45303	0.09593	1.45693	0.07	-0.0	-0.0	-0.0	-0.0	104.44349	62.6937	
72.0	94	12.7208	30.00526	-2.62439	-30532.3106	-618.24186	6295.87488	31180.79945	81.13151	-2173.70619	179.99981	2182.65454	0.07	-4.74439	-0.09607	0.97831	-4.84516	234.6328	8.92041	
73.0	94	12.71766	30.00869	-2.63973	-31101.66771	-638.33699	6452.70059	31770.40374	82.09513	-2215.38706	176.53571	2223.92543	0.07	-4.83668	-0.09927	1.00347	-4.94068	235.91965	8.13883	
73.0	115	6.89766	30.6329	10.97327	-17.56629	-2.19395	-27.84452	32.99553	0.06361	-2.30445	0.14145	2.30966	0.07	-0.0	-0.0	-1e-05	-1e-05	104.97503	61.74098	
74.0	94	12.71706	30.01316	-2.64233	-31422.12851	-655.49966	6527.88116	32099.73633	81.50474	-2239.24998	167.47008	2246.98235	0.07	-4.89044	-0.10202	1.01598	-4.9959	237.15994	7.35603	
74.0	103	1.95518	29.15264	-12.82953	-0.45332	0.14536	2.92093	2.95947	-0.00582	0.20678	-0.01119	0.20716	0.07	-0.0	0.0	0.0	-0.0	60.87841	39.59521	
75.0	94	12.71695	30.0176	-2.64248	-31396.00591	-665.83116	6523.18037	32073.42202	80.5496	-2238.03667	159.24459	2245.14036	0.07	-4.89084	-0.10372	1.01618	-4.99637	238.1278	6.651	
75.0	103	1.95812	29.1555	-12.8292	-5.03739	1.51098	32.58354	33.00523	-0.06941	2.30633	-0.11768	2.31037	0.07	-0.0	0.0	0.0	-0.0	61.30735	40.5335	
76.0	94	12.70925	30.02	-2.67811	-31392.83223	-672.19814	6614.42011	32089.13085	76.55789	-2240.83975	135.62502	2246.24532	0.07	-4.89504	-0.10481	1.03138	-5.00361	239.11835	5.67137	
77.0	94	12.71017	30.02459	-2.6735	-31383.35728	-683.63945	6600.10733	32077.15533	79.66475	-2239.1762	146.87005	2245.40138	0.07	-4.89769	-0.10669	1.03001	-5.00597	240.08301	4.90496	
78.0	49	11.97185	33.12105	-3.73978	-26.9268	-7.55597	8.42603	29.20861	0.38173	0.7275	1.87228	2.0446	0.07	-1e-05	-0.0	0.0	-1e-05	239.24238	14.33585	
78.0	51	12.07139	33.12012	-3.40572	-304.97948	-85.32003	86.23898	328.22119	4.47748	5.96133	21.73218	22.97548	0.07	-0.00036	-0.0001	0.0001	-0.00039	239.83989	13.87238	
78.0	55	12.02418	33.12095	-3.56796	-116.30652	-32.5752	34.33301	125.56713	1.66465	2.69726	8.19833	8.7897	0.07	-8e-05	-2e-05	2e-05	-9e-05	239.61486	14.08098	
78.0	59	12.20184	33.13088	-2.89141	-910.79183	-254.00189	215.38413	969.76752	13.81274	6.55461	66.13959	67.88373	0.07	-0.00167	-0.00047	0.0004	-0.00178	240.40618	13.51433	
78.0	66	12.37066	33.14037	-2.03673	-81.79865	-22.77862	13.50048	85.9776	1.25503	-1.07715	5.78672	6.01843	0.07	-3e-05	-1e-05	0.0	-3e-05	240.38817	13.72946	
78.0	69	12.11671	33.12818	-3.23238	-297.06119	-82.99273	79.0779	318.41241	4.40655	4.58261	21.36295	22.28887	0.07	-0.0003	-8e-05	8e-05	-0.00032	240.09287	13.72862	
78.0	71	12.39972	33.13423	-1.86292	-1.57517	-0.4388	0.23554	1.65202	0.02392	-0.02687	0.1099	0.11564	0.07	-0.0	-0.0	0.0	-0.0	240.23181	13.86418	
78.0	94	12.70836	30.02711	-2.68166	-26739.81661	-587.8855	5642.02802	27334.88397	-15.59634	-1334.84011	-213.00434	1351.81811	0.04945	-4.17287	-0.09174	0.88046	-4.26573	247.75755	0.05171	
78.0	115	6.90543	30.36674	10.98669	-14.31254	-1.36441	-22.688	26.85993	0.06333	-1.87771	0.07297	1.88019	0.07	-0.0	-0.0	-1e-05	-1e-05	90.95634	53.49689	
79.0	49	11.92707	33.09783	-3.90016	-978.34016	-275.44467	319.70651	1065.47243	13.13747	30.7288	66.67678	74.58314	0.07	-0.00292	-0.00082	0.00095	-0.00318	238.70427	14.55076	
79.0	66	12.20374	33.13667	-2.87608	-2648.67569	-739.62014	624.17563	2819.94966	39.50798	20.78648	192.2823	197.39666	0.07	-0.03056	-0.00853	0.0072	-0.03254	240.44195	13.52151	
79.0	71	12.39235	33.15882	-1.86577	-528.35031	-147.09433	79.57342	554.18654	7.92357	-8.42992	37.02779	38.79309	0.07	-0.00125	-0.00035	0.00019	-0.00131	240.53092	13.89943	
79.0	72	12.44163	33.15231	-1.51775	-85.89273	-23.92411	10.54188	89.78338	1.2703	-1.99485	5.8229	6.28484	0.07	-7e-05	-2e-05	1e-05	-7e-05	240.20428	14.28888	
79.0	94	12.71704	30.03014	-2.64097	-26298.30708	-584.14351	5459.91719	26865.45877	-22.55163	-1246.51706	-241.98434	1269.9881	0.04727	-4.10093	-0.09109	0.85141	-4.18937	247.18278	0.04892	
80.0	44	11.57906	33.00757	-4.89842	-109.74942	-31.49712	46.24604	123.18969	1.15497	5.53488	6.51061	8.62304	0.07	-8e-05	-2e-05	4e-05	-9e-05	236.32783	16.85543	
80.0	49	11.70077	33.05376	-4.56642	-881.74322	-251.42336	343.67102	979.18057	10.1027	39.69177	54.95787	68.541	0.07	-0.00286	-0.00082	0.00111	-0.00318	237.63164	16.0903	
80.0	66	12.21234	33.14279	-2.8311	-4016.85421	-1124.40705	931.07412	4273.91015	58.29391	33.17192	291.55239	299.16777	0.07	-0.09059	-0.02536	0.021	-0.09638	241.57892	13.6074	
80.0	75	12.49317	33.20107	-0.82309	-1.05642	-0.29482	0.06844	1.09892	0.01433	-0.03592	0.0665	0.07692	0.07	-0.0	-0.0	0.0	-0.0	240.17076	15.63403	
80.0	94	12.73007	30.03453	-2.57549	-25812.02902	-581.89898	5220.33627	26341.05843	-30.21468	-1144.17066	-276.935	1177.59604	0.04471	-4.02253	-0.09068	0.81353	-4.10498	248.5343	0.04577	
81.0	44	11.50494	33.03005	-5.05522	-177.3064	-51.24113	77.69822	200.25041	1.87124	9.24635	10.36801	14.01756	0.07	-0.00037	-0.00011	0.00016	-0.00042	236.34875	17.41871	
81.0	66	12.19411	33.14003	-2.91265	-6617.07988	-1856.89099	1580.2523	7052.02011	96.67431	63.86261	479.85218	493.64205	0.07	-0.17288	-0.04851	0.04129	-0.18424	242.43498	13.69113	
81.0	79	12.50568	33.22138	-0.47237	-13.71853	-3.82988	0.52783	14.25288	0.1816	-0.53736	0.82078	0.9977	0.07	-1e-05	-0.0	0.0	-1e-05	240.44232	16.62043	
81.0	94	12.72364	30.03454	-2.60762	-24005.23433	-541.58907	4917.16641	24509.65359	-84.27012	-188.79065	-432.19423	479.09834	0.01955	-3.73725	-0.08432	0.76553	-3.81578	250.15642	0.01884	
81.0	103	2.02804	29.45065	-12.82839	-0.09088	0.01457	0.56912	0.57651	-0.00101	0.04033	-0.00119	0.04036	0.07	-0.0	0.0	0.0	-0.0	80.86596	51.9845	
82.0	44	11.42974	33.05015	-5.21013	-436.74115	-127.18902	198.76599	496.41495	4.40162	23.82045	24.91405	34.74907	0.07	-0.0014	-0.00041	0.00063	-0.00159	234.76471	18.05681	
82.0	66	12.20318	33.14137	-2.87275	-7344.81937	-2064.56013	1728.71366	7822.86591	105.33509	71.24852	532.62959	547.60032	0.07	-0.21188	-0.05956	0.04987	-0.22567	242.02982	13.66558	
82.0	78	12.51304	33.22724	0.00408	-47.91324	-13.39175	0.01341	49.74955	0.59499	-2.12606	2.69322	3.48246	0.07	-5e-05	-2e-05	0.0	-6e-05	238.97927	17.70446	
82.0	94	12.73124	30.03753	-2.56938	-22814.14208	-519.43891	4603.25438	23279.70891	-115.3242	453.24491	-520.41217	699.68525	0.03006	-3.54607	-0.08074	0.7155	-3.61844	249.99153	0.02948	
83.0	40	11.2074	33.01381	-5.69408	-87.26485	-25.88555	44.24099	101.20514	0.77045	5.30955	4.62634	7.08434	0.07	-7e-05	-2e-05	4e-05	-8e-05	230.78791	19.53816	
83.0	44	11.28063	33.04249	-5.53022	-455.07395	-134.27985	222.50697	524.05413	4.21253	26.74268	24.75435	36.68371	0.07	-0.00126	-0.00037	0.00062	-0.00145	231.80483	19.06364	
83.0	66	12.20863	33.1426	-2.8475	-8596.5432	-2421.61663	2004.58432	9153.31308	122.10381	82.69135	623.5295	640.73102	0.07	-0.27135	-0.07644	0.06328	-0.28893	241.23871	13.60423	
83.0	81	12.51047	33.22751	0.24314	-0.55486	-0.155	-0.00994	0.57619	0.00669	-0.0259	0.03019	0.04033	0.07	-0.0	-0.0	-0.0	-0.0	237.88175	18.23596	
83.0	94	12.73358	30.03984	-2.55749	-21612.63558	-495.52536	4341.65122	22049.97727	-151.36641	1217.09133	-614.58817	1371.83881	0.06222	-3.3529	-0.07687	0.67355	-3.42075	249.1601	0.07137	
84.0	40	11.12232	33.03927	-5.84383	-168.02217	-50.32343	87.95054	196.21212	1.24836	10.70718	8.51131	13.7348	0.07	-0.00033	-0.0001	0.00017	-0.00039	228.52838	20.25829	
84.0	66	12.20547	33.14335	-2.86032	-9222.31061	-2605.22114	2160.8198	9823.81455	122.07937	120.22263	665.97892	687.66618	0.07	-0.31471	-0.0889	0.07374	-0.33524	240.63357	13.32432	
84.0	94	12.72572	30.04101	-2.59664	-21314.72263	-490.94786	4349.96841	21759.61065	-160.61055	1376.70976	-631.6084	1523.17257	0.07	-3.30001	-0.07601	0.67347	-3.36889	248.29557	0.8585	
85.0	40	11.03738	33.06909	-5.98606	-371.51042	-112.46644	201.08008	437.15202	2.22404	24.70131	17.92481	30.60065	0.07	-0.00131	-0.0004	0.00071	-0.00154	226.61419	21.16963	
85.0	66	12.2173	33.1444	-2.80757	-8967.66064	-2538.35632	2060.67032	9545.08	108.02401	141.22541	644.06378	668.15563	0.07	-0.32467	-0.0919	0.07461	-0.34558	240.62093	13.08139	
85.0	87	12.4776	33.2432	0.87865	-53.01442	-14.81643	-3.70777	55.17067	0.57018	-2.713	2.68871	3.86195	0.07	-8e-05	-2e-05	-1e-05	-8e-05	236.48932	18.79316	
85.0	88	12.46419	33.26179	0.9894	-6.04605	-1.69166	-0.47191	6.29596	0.06426	-0.31403	0.30247	0.44072	0.07	-0.0	-0.0	-0.0	-0.0	236.08244	19.18647	
85.0	94	12.72469	30.04356	-2.60155	-21281.4964	-494.84912	4351.23209	21727.40632	-157.90071	1381.9913	-615.10997	1520.91843	0.07	-3.2883	-0.07646	0.67233	-3.3572	247.76665	1.64426	
85.0	115	6.91132	30.06958	10.99576	-7.20975	-0.3717	-11.42293	13.51303	0.03903	-0.94509	0.00612	0.94591	0.07	-0.0	-0.0	-0.0	-0.0	103.33662	53.53281	
86.0	40	10.85954	33.07939	-6.29756	-210.22872	-64.80858	121.47406	251.30104	0.88527	14.8184	9.43798	17.59103	0.07	-0.00049	-0.00015	0.00029	-0.00059	222.79865	22.66737	
86.0	66	12.2272	33.14763	-2.76048	-9108.87563	-2585.05946	2056.50467	9689.34256	98.35964	169.89272	649.22221	678.25337	0.07	-0.34955	-0.0992	0.07892	-0.37182	240.16039	12.82526	
86.0	88	12.44414	33.25468	1.23603	-30.00493	-8.39102	-2.94181	31.29472	0.30483	-1.60261	1.46204	2.19063	0.07	-1e-05	-0.0	-0.0	-1e-05	235.52784	19.18206	
86.0	94	12.71778	30.04615	-2.63583	-21326.63928	-500.97404	4419.02836	21785.41552	-157.28594	1392.61668	-601.19908	1524.97882	0.07	-3.28866	-0.07725	0.68143	-3.35941	247.0635	2.54741	
86.0	115	6.91047	30.04776	10.99704	-7.10437	-0.32265	-11.25321	13.31206	0.0409	-0.93095	0.00087	0.93185	0.07	-0.0	-0.0	-0.0	-0.0	105.95396	53.16111	
87.0	40	10.66876	33.11506	-6.59756	-80.11282	-25.21011	49.44615	97.46043	0.2263	5.91901	3.38445	6.82206	0.07	-6e-05	-2e-05	4e-05	-7e-05	218.96903	24.29005	
87.0	66	12.23118	33.15023	-2.73995	-9174.82134	-2611.40786	2055.88504	9758.25091	86.97289	203.24789	646.3026	683.06737	0.07	-0.3694	-0.10514	0.08277	-0.39289	240.00751	12.67246	
87.0	90	12.44227	33.17904	1.4489	-38.57917	-10.78006	-4.42442	40.30059	0.38575	-2.12525	1.8146	2.82104	0.07	-6e-05	-2e-05	-1e-05	-6e-05	235.4249	18.94389	
87.0	94	12.71211	30.04989	-2.66222	-21373.22246	-508.57149	4475.36027	21842.66771	-156.06165	1403.66233	-585.80263	1528.98263	0.07	-3.28915	-0.07826	0.68872	-3.36139	246.45705	3.39239	
88.0	36	10.47881	33.13007	-6.88807	-125.46712	-40.33777	82.19863	155.32465	0.17285	9.65285	5.00083	10.87271	0.07	-5e-05	-2e-05	3e-05	-7e-05	216.24942	25.98067	
88.0	66	12.2359	33.15236	-2.71631	-8685.55389	-2478.89394	1929.48354	9236.16091	71.23106	220.28479	603.65574	646.52881	0.07	-0.36292	-0.10358	0.08062	-0.38593	240.8834	12.63995	
88.0	90	12.41961	33.18731	1.61443	-268.91531	-75.04286	-34.71876	281.34013	2.57848	-15.01413	12.48062	19.69362	0.07	-0.00078	-0.00022	-0.0001	-0.00082	236.23525	18.89656	
88.0	94	12.70218	30.05428	-2.70769	-21573.43786	-520.86464	4599.16111	22064.37862	-151.99412	1435.06313	-550.43994	1544.50398	0.07	-3.31332	-0.08	0.70636	-3.38872	246.09553	4.27948	
89.0	36	10.37945	33.13309	-7.03558	-547.29841	-178.75087	370.53857	684.67967	0.41461	42.92297	21.31878	47.92748	0.07	-0.00055	-0.00018	0.00037	-0.00069	212.92843	27.06688	
89.0	66	12.06787	33.10388	-2.54131	-7647.68257	-2185.09994	1613.17154	8115.66589	56.87975	193.11084	531.22978	568.09522	0.07	-0.33026	-0.09436	0.06966	-0.35047	240.16644	12.43735	
89.0	84	12.37575	33.16298	1.96565	-512.79719	-143.20796	-80.82709	538.5188	4.59694	-29.47075	23.05103	37.69625	0.07	-0.00102	-0.00028	-0.00016	-0.00107	234.33323	19.49429	
89.0	94	12.70498	30.05963	-2.69399	-21939.04061	-538.7355	4653.06557	22433.51862	-141.02727	1484.23509	-493.09272	1570.34484	0.07	-3.3641	-0.08261	0.71349	-3.43992	246.02489	4.80835	
89.0	115	7.07241	29.9047	10.89643	-2.23674	-0.06076	-3.42393	4.09023	0.01516	-0.28587	-0.00483	0.28632	0.07	-0.0	-0.0	-0.0	-0.0	115.10722	51.61573	
90.0	66	12.27823	33.15964	-2.5075	-8375.89982	-2397.84272	1713.44322	8879.25871	53.11155	226.37633	576.42521	621.557	0.07	-0.37211	-0.10653	0.07612	-0.39447	238.3579	12.37682	
90.0	94	12.69177	30.06489	-2.75458	-22256.00584	-556.39775	4830.55882	22780.99367	-148.00166	1504.1	-508.64675	1594.66072	0.07	-3.4079	-0.0852	0.73967	-3.48829	245.73911	5.65349	
91.0	29	10.18329	33.15044	-7.30824	-139.55461	-47.0012	99.80145	177.89022	-0.12948	11.33375	5.15654	12.45233	0.07	-0.00022	-7e-05	0.00016	-0.00028	208.1995	29.04216	
91.0	66	12.30222	33.16134	-2.38522	-7552.37865	-2163.45939	1467.71697	7992.06938	43.03001	202.40456	519.76843	559.44473	0.07	-0.34273	-0.09818	0.06661	-0.36269	240.44736	12.50616	
91.0	91	12.28833	33.13687	2.49051	-143.40458	-40.02259	-28.92195	151.66793	1.17396	-8.61208	6.09665	10.61674	0.07	-3e-05	-1e-05	-1e-05	-4e-05	233.11136	20.25544	
91.0	94	12.68661	30.07093	-2.7777	-22795.74599	-581.08732	4991.25126	23343.01366	-137.42001	1566.15098	-445.28336	1634.01053	0.07	-3.48664	-0.08888	0.76342	-3.57035	245.48049	6.26943	
92.0	66	12.32133	33.16353	-2.27989	-7278.97649	-2087.05352	1351.2594	7691.89139	36.92691	195.21878	500.43844	538.43532	0.07	-0.33656	-0.0965	0.06248	-0.35565	241.24033	12.51005	
92.0	91	12.25322	33.13379	2.6618	-22.78879	-6.34871	-4.92261	24.16335	0.17919	-1.38398	0.95538	1.69123	0.07	-0.0	-0.0	-0.0	-0.0	233.67776	20.49001	
92.0	94	12.67858	30.07756	-2.81407	-23325.59235	-607.25239	5177.78152	23901.07603	-133.88314	1615.58764	-413.65864	1673.06951	0.07	-3.5642	-0.09279	0.79118	-3.65214	245.04178	6.89309	
93.0	20	9.97824	33.18573	-7.56973	-5.31863	-1.85276	4.02121	6.92031	-0.01027	0.44489	0.1914	0.48442	0.07	-0.0	-0.0	0.0	-0.0	202.53171	31.10978	
93.0	66	12.34806	33.16433	-2.12915	-6711.1197	-1923.58281	1162.03893	7077.40298	28.88491	177.98111	461.44022	495.41769	0.07	-0.31453	-0.09015	0.05446	-0.3317	240.31829	12.53609	
93.0	91	12.21491	33.13235	2.83412	-12.23074	-3.40103	-2.82463	13.00525	0.0878	-0.7446	0.51636	0.91037	0.07	-0.0	-0.0	-0.0	-0.0	232.21279	20.55955	
93.0	94	12.67757	30.08462	-2.81776	-23899.32497	-635.447	5311.00839	24490.5765	-126.13432	1669.65492	-367.82995	1714.33844	0.07	-3.64881	-0.09702	0.81085	-3.73908	244.53858	7.50873	
94.0	20	9.95474	33.18645	-7.6002	-0.03101	-0.01094	0.02373	0.04055	-7e-05	0.00261	0.00111	0.00284	0.07	-0.0	-0.0	0.0	-0.0	200.32812	31.74934	
94.0	71	12.37261	33.16439	-1.98175	-6145.05056	-1760.31447	989.4203	6468.331	21.84659	161.23345	422.54036	452.78456	0.07	-0.29097	-0.08335	0.04685	-0.30628	239.91338	12.58314	
94.0	94	12.67301	30.09226	-2.83682	-24485.14925	-665.84386	5480.22301	25099.77542	-119.21544	1722.86197	-323.31727	1756.98598	0.07	-3.73633	-0.1016	0.83626	-3.83012	244.01877	8.18848	
95.0	72	12.39653	33.16318	-1.82879	-5428.08425	-1553.24691	805.83345	5703.16072	15.97003	138.30486	374.15706	399.22021	0.07	-0.25866	-0.07402	0.0384	-0.27177	239.80966	12.67474	
95.0	91	12.17797	33.12341	2.99853	-43.25042	-11.95339	-10.55227	46.0959	0.25942	-2.6045	1.88703	3.2267	0.07	-3e-05	-1e-05	-1e-05	-3e-05	231.75996	20.21276	
95.0	94	12.66962	30.10016	-2.85055	-25164.67312	-700.24422	5661.08637	25803.08149	-110.93146	1782.06347	-272.68164	1806.21463	0.07	-3.83871	-0.10682	0.86356	-3.93609	243.36114	8.79475	
96.0	72	12.42286	33.161	-1.64463	-4773.23223	-1363.1853	636.57716	5004.72282	11.14594	115.35669	330.60364	350.32865	0.07	-0.22836	-0.06522	0.03045	-0.23943	239.25796	12.74325	
96.0	91	12.13094	33.1323	3.17439	-0.02069	-0.00571	-0.00537	0.02212	0.00011	-0.00125	0.00091	0.00155	0.07	-0.0	-0.0	-0.0	-0.0	230.60275	20.4137	
96.0	94	12.67136	30.10794	-2.84195	-25866.29979	-735.85632	5801.09893	26519.04407	-102.34831	1840.04952	-222.95088	1856.33092	0.07	-3.94506	-0.11223	0.88477	-4.04461	242.66887	9.33226	
97.0	1	1.977	30.16796	-12.83307	-7.76693	-1.51725	49.2296	49.86162	-0.15274	3.48597	0.08334	3.49031	0.07	-0.0	-0.0	2e-05	-2e-05	47.18747	54.40582	
97.0	72	12.44505	33.15753	-1.47593	-3991.10404	-1137.36659	477.30455	4177.35967	6.83183	92.41496	277.34126	292.41302	0.07	-0.19085	-0.05439	0.02282	-0.19975	238.72164	12.86127	
97.0	91	12.14948	33.06063	3.17879	-119.82095	-32.92003	-31.29857	128.14206	0.56207	-7.15775	5.37677	8.9699	0.07	-0.00018	-5e-05	-5e-05	-0.0002	230.43873	19.84148	
97.0	94	12.67376	30.11582	-2.83053	-26525.36112	-771.47556	5924.41089	27189.86211	-93.09636	1893.36963	-170.26609	1903.28821	0.07	-4.04583	-0.11767	0.90363	-4.14719	241.92384	9.85679	
98.0	73	12.46601	33.15405	-1.29529	-3406.49304	-968.45125	357.31887	3559.46195	3.84662	74.21339	237.81428	249.15468	0.07	-0.1628	-0.04628	0.01708	-0.17011	238.38579	12.93144	
98.0	91	12.11753	33.009	3.35049	-76.63843	-21.01072	-21.11862	82.22466	0.3237	-4.61811	3.41982	5.7556	0.07	-6e-05	-2e-05	-2e-05	-6e-05	229.70269	19.91991	
98.0	94	12.67344	30.12416	-2.83085	-27167.529	-808.87906	6071.40537	27849.43232	-85.98394	1943.48681	-125.82348	1949.45269	0.07	-4.14536	-0.12342	0.92641	-4.2494	241.13668	10.40772	
99.0	73	12.48553	33.14946	-1.10525	-2870.85696	-813.84043	256.89089	2995.02068	1.28365	58.97845	201.1913	209.66174	0.07	-0.13681	-0.03878	0.01224	-0.14273	237.4992	13.01645	
99.0	91	12.07438	32.99263	3.51833	-28.64511	-7.83249	-8.252	30.82184	0.10084	-1.7271	1.28924	2.15758	0.07	-0.0	-0.0	-0.0	-0.0	228.39664	20.006	
99.0	94	12.68059	30.13197	-2.79725	-27764.89531	-843.73284	6128.27405	28445.68578	-78.32943	1988.01208	-81.17411	1991.20987	0.07	-4.23832	-0.1288	0.93548	-4.34224	240.38739	10.87044	
100.0	75	12.50035	33.14486	-0.94013	-2197.57623	-621.37799	167.30103	2289.85623	-0.28673	42.6172	154.51948	160.28904	0.07	-0.10418	-0.02946	0.00793	-0.10856	236.95106	13.1751	
100.0	94	12.68245	30.1409	-2.78739	-28435.32048	-883.86848	6252.50394	29128.03597	-69.29547	2037.60302	-27.10369	2038.96114	0.07	-4.3434	-0.13501	0.95505	-4.44921	239.43455	11.36292	
100.0	115	7.21414	29.46212	10.80048	-29.96566	1.02159	-44.86294	53.95987	0.12581	-3.77125	-0.16991	3.77718	0.07	-0.0	0.0	-1e-05	-1e-05	133.02255	46.37144	
101.0	75	12.51453	33.13967	-0.75171	-1509.89858	-425.59057	91.99231	1571.42726	-1.24723	27.44827	106.51465	110.00152	0.07	-0.07113	-0.02005	0.00433	-0.07403	235.92557	13.34247	
101.0	91	12.02482	32.98867	3.6876	-15.49283	-4.20853	-4.69838	16.72765	0.02712	-0.91499	0.73018	1.17094	0.07	-0.0	-0.0	-0.0	-0.0	226.87965	19.84124	
101.0	94	12.69488	30.14843	-2.72869	-29153.01121	-922.00381	6267.39042	29833.3427	-60.0162	2087.28669	27.89569	2088.33567	0.07	-4.45715	-0.14096	0.95821	-4.56117	238.6089	11.72974	
102.0	74	12.5243	33.13499	-0.59479	-729.69638	-205.11893	35.23262	758.79636	-1.07934	12.69677	51.5647	53.11583	0.07	-0.03405	-0.00957	0.00164	-0.03541	234.89547	13.5523	
102.0	91	12.02648	32.98483	3.68545	-74.08792	-20.04487	-22.5459	79.99459	0.0561	-4.2749	3.61633	5.59962	0.07	-4e-05	-1e-05	-1e-05	-4e-05	226.29783	19.49218	
102.0	94	12.70349	30.15638	-2.68769	-29883.96309	-963.12978	6323.81417	30560.91449	-50.68307	2136.93578	85.95056	2139.26408	0.07	-4.57353	-0.1474	0.96782	-4.67714	237.61103	12.12565	
103.0	79	12.53227	33.13028	-0.4331	-0.11683	-0.03275	0.00412	0.1214	-0.00032	0.00246	0.01061	0.01089	0.07	-1e-05	-0.0	0.0	-1e-05	233.79683	13.76573	
103.0	94	12.71747	30.16296	-2.62032	-30697.43178	-1004.7103	6327.52764	31358.88019	-41.46464	2189.83431	146.54875	2195.12418	0.07	-4.70286	-0.15392	0.96938	-4.8042	236.64422	12.39429	
103.0	115	7.06453	29.4127	10.89731	-4.74894	0.24561	-7.27715	8.69309	0.00719	-0.60795	-0.02521	0.60852	0.07	-0.0	0.0	-0.0	-0.0	133.96174	45.00058	
104.0	94	12.72087	30.17081	-2.60218	-30707.87759	-1024.57044	6286.48867	31361.49599	-41.54146	2189.5074	153.92608	2195.30444	0.07	-4.71036	-0.15716	0.9643	-4.81062	235.40291	14.7491	
105.0	94	12.72483	30.17751	-2.58142	-30712.23957	-1040.65602	6235.47179	31356.11157	-40.53859	2188.29408	165.54168	2194.92105	0.07	-4.71609	-0.1598	0.9575	-4.81496	234.211	16.76623	
106.0	94	12.72587	30.18429	-2.57524	-30710.87563	-1056.41909	6217.37247	31351.70846	-40.99523	2187.70196	169.22432	2194.6201	0.07	-4.72088	-0.16239	0.95573	-4.81939	232.9489	18.36357	
106.0	103	2.1373	30.52149	-12.79085	-1.57415	-0.58395	9.29378	9.44422	-0.01329	0.6598	0.03921	0.6611	0.07	-0.0	-0.0	0.0	-0.0	51.24014	62.57715	
107.0	94	12.72999	30.18956	-2.55389	-30713.05538	-1068.56995	6163.56771	31343.6306	-40.51011	2186.50569	177.20984	2194.04912	0.07	-4.72626	-0.16444	0.94848	-4.8233	231.59413	19.58396	
107.0	103	2.13538	30.62345	-12.78462	-4.96445	-1.94046	29.30155	29.78241	-0.03529	2.08029	0.13179	2.08476	0.07	-0.0	-0.0	0.0	-0.0	52.45037	63.84992	
108.0	94	12.73416	30.19419	-2.53236	-30715.30298	-1080.02899	6112.02844	31336.13236	-40.47838	2185.52457	182.77471	2193.52747	0.07	-4.7312	-0.16636	0.94146	-4.82683	230.31929	20.64349	
108.0	103	2.13622	30.63844	-12.78351	-6.19304	-2.54721	36.60722	37.21466	-0.04582	2.59885	0.17308	2.60501	0.07	-0.0	-0.0	1e-05	-1e-05	52.92506	64.87031	
109.0	94	12.73403	30.19982	-2.53196	-30732.4074	-1094.91494	6116.20033	31354.22794	-40.34965	2186.30179	188.64208	2194.79599	0.07	-4.73811	-0.16881	0.94295	-4.83398	228.83426	21.6105	
109.0	103	2.13598	30.65239	-12.78251	-0.09415	-0.04058	0.55648	0.56584	-0.00074	0.03951	0.00276	0.03961	0.07	-0.0	-0.0	0.0	-0.0	52.84067	65.59033	
110.0	94	12.73724	30.20443	-2.51496	-30732.04603	-1105.84815	6073.86035	31346.02579	-39.96675	2185.11918	195.61692	2194.22177	0.07	-4.74169	-0.17062	0.93714	-4.83642	227.3526	22.57906	
111.0	94	12.74088	30.20882	-2.49587	-30728.70204	-1115.80058	6025.56037	31333.77598	-39.55475	2183.62507	202.64073	2193.36414	0.07	-4.74503	-0.1723	0.93045	-4.83846	225.76806	23.35719	
111.0	103	2.14384	30.78923	-12.7707	-0.00898	-0.00411	0.05164	0.05257	-6e-05	0.00367	0.00028	0.00368	0.07	-0.0	-0.0	0.0	-0.0	53.54335	66.92581	
111.0	115	6.90047	29.01625	10.98263	-5.95263	0.59056	-9.45166	11.18555	0.00667	-0.78116	-0.05301	0.78299	0.07	-0.0	0.0	-0.0	-0.0	108.29452	28.77154	
112.0	94	12.74413	30.21316	-2.47872	-30753.50414	-1126.57425	5986.11048	31350.9283	-38.99222	2184.07383	210.71676	2194.56156	0.07	-4.75306	-0.17412	0.92517	-4.84539	224.11061	24.21948	
113.0	94	12.74768	30.21698	-2.45987	-30755.64116	-1136.10477	5940.57859	31344.70723	-38.8086	2183.06668	216.57976	2194.12694	0.07	-4.75659	-0.17571	0.91875	-4.84769	222.41691	24.90497	
114.0	94	12.75108	30.22069	-2.44081	-30766.04781	-1145.54344	5896.2331	31346.89031	-38.83195	2182.7354	221.44859	2194.28376	0.07	-4.76098	-0.17727	0.91243	-4.85087	220.63547	25.62127	
115.0	94	12.75505	30.22418	-2.41876	-30773.25746	-1153.85939	5841.93493	31344.10583	-38.00404	2181.59485	230.70192	2194.08837	0.07	-4.76488	-0.17866	0.90456	-4.85327	218.77556	26.25028	
116.0	94	12.75889	30.22767	-2.39736	-30784.38188	-1162.17469	5790.73442	31345.83582	-37.6433	2180.98132	237.59606	2194.20793	0.07	-4.7697	-0.18007	0.89721	-4.85669	216.84842	26.83329	
117.0	94	12.7629	30.231	-2.37511	-30789.59915	-1169.91688	5735.96564	31341.17776	-37.25227	2179.87998	244.64859	2193.88181	0.07	-4.77398	-0.1814	0.88937	-4.8595	214.86322	27.44455	
118.0	94	12.76964	30.23267	-2.33855	-30806.8021	-1174.3307	5648.11322	31342.29237	-34.28266	2177.53327	265.75335	2193.9579	0.07	-4.77932	-0.18218	0.87624	-4.86239	212.759	27.90503	
119.0	94	12.77165	30.2367	-2.32689	-30816.50448	-1184.58708	5622.38068	31347.58938	-36.95701	2178.98334	256.53005	2194.34315	0.07	-4.78284	-0.18385	0.87261	-4.86526	210.67258	28.46578	
120.0	94	12.77473	30.24018	-2.30958	-30827.0634	-1193.16814	5581.3871	31350.9708	-37.70555	2179.0618	257.57677	2194.55641	0.07	-4.78623	-0.18525	0.86657	-4.86757	208.43702	28.93016	
120.0	115	6.73501	28.70925	11.06009	-0.33085	0.05005	-0.53972	0.63503	-0.00105	-0.04431	-0.00346	0.04445	0.07	-0.0	0.0	-0.0	-0.0	100.5686	19.31991	
121.0	94	12.78049	30.24218	-2.27756	-30839.40115	-1197.82112	5503.62662	31349.535	-35.75571	2177.06699	273.46554	2194.46635	0.07	-4.79004	-0.18605	0.85484	-4.86928	206.24343	29.43842	
122.0	94	12.78402	30.24516	-2.25634	-30849.22687	-1205.02619	5452.44879	31350.53563	-36.45239	2176.92065	274.87069	2194.50819	0.07	-4.79383	-0.18726	0.84729	-4.87173	203.92286	29.82043	
123.0	94	12.78866	30.24735	-2.22878	-30856.93445	-1210.49714	5386.36231	31346.90744	-36.46397	2176.01829	280.13294	2194.27885	0.07	-4.79703	-0.18818	0.83737	-4.8732	201.49724	30.29604	
123.0	115	6.73185	28.6264	11.05358	-0.50727	0.08439	-0.82665	0.97355	-0.00121	-0.06786	-0.00619	0.06815	0.07	-0.0	0.0	-0.0	-0.0	98.99671	16.31802	
124.0	94	12.79365	30.24924	-2.19934	-30866.38202	-1215.07463	5314.87837	31344.18411	-35.08863	2174.12464	293.26438	2194.09507	0.07	-4.80009	-0.18896	0.82653	-4.87439	199.12715	30.63007	
125.0	94	12.79788	30.2516	-2.17415	-30876.17132	-1220.80216	5254.13293	31343.80683	-36.44318	2174.3811	291.05913	2194.07764	0.07	-4.80333	-0.18992	0.81737	-4.87607	196.5231	30.89213	
126.0	94	12.80314	30.25319	-2.14315	-30865.54414	-1223.69759	5175.65981	31320.38801	-35.67522	2171.42142	300.64341	2192.42564	0.07	-4.80335	-0.19043	0.80545	-4.87413	193.92224	31.15075	
127.0	94	12.8081	30.25496	-2.11391	-30840.84221	-1226.40039	5098.58584	31283.49699	-35.47139	2167.94266	306.90828	2189.84618	0.07	-4.8014	-0.19093	0.79376	-4.87031	191.2985	31.52337	
128.0	94	12.81277	30.25648	-2.08439	-30779.59857	-1227.44259	5016.63703	31209.88546	-35.48846	2162.11143	311.27371	2184.69142	0.07	-4.79238	-0.19111	0.78109	-4.85937	188.50768	31.79615	
129.0	94	12.81683	30.2584	-2.05814	-30661.09589	-1227.17272	4933.98668	31079.78408	-35.48478	2152.39104	314.82722	2175.58326	0.07	-4.77438	-0.19109	0.76829	-4.83958	185.53979	31.89675	
129.0	115	6.56855	28.41427	11.12801	-5.4083	1.09138	-9.09162	10.63477	-0.01879	-0.74013	-0.07767	0.74443	0.07	-0.0	0.0	-0.0	-0.0	93.00446	11.39874	
130.0	94	12.82076	30.26029	-2.03264	-30514.67432	-1225.54251	4848.1082	30921.6988	-35.27616	2140.57792	319.07881	2164.51601	0.07	-4.75187	-0.19085	0.75497	-4.81526	182.45452	32.0932	
130.0	115	6.57112	28.41027	11.12598	-12.02838	2.48291	-20.21689	23.65521	-0.05795	-1.64632	-0.16771	1.65585	0.07	-0.0	0.0	-0.0	-0.0	91.85013	10.45846	
131.0	41	2.64555	31.52842	-12.59318	-0.00833	-0.00552	0.0392	0.04045	-3e-05	0.00281	0.00039	0.00283	0.07	-0.0	-0.0	0.0	-0.0	38.26599	65.97225	
131.0	94	12.82716	30.26018	-1.99198	-30349.53223	-1218.06958	4723.34829	30739.02762	-35.14358	2127.10147	322.73006	2151.73196	0.07	-4.72685	-0.18971	0.73565	-4.78752	179.36428	31.98822	
132.0	94	12.83154	30.26159	-1.96373	-30125.70923	-1211.939	4620.22298	30502.02638	-34.8444	2109.7867	326.22246	2135.14288	0.07	-4.69253	-0.18878	0.71967	-4.75115	176.33956	32.07141	
132.0	115	6.56785	28.33685	11.11851	-4.84205	1.0419	-8.128	9.51816	-0.02492	-0.66211	-0.07003	0.66627	0.07	-0.0	0.0	-1e-05	-1e-05	90.25057	9.05195	
133.0	94	12.83836	30.26069	-1.91974	-29807.57801	-1196.34329	4466.53667	30164.09943	-33.64796	2084.64332	333.81232	2111.46883	0.07	-4.64248	-0.18633	0.69566	-4.69801	172.87866	31.74078	
134.0	41	2.8186	31.57556	-12.54863	-1.44043	-0.95469	6.41348	6.64222	-0.00695	0.46007	0.06692	0.46497	0.07	-0.0	-0.0	0.0	-0.0	36.40373	63.89696	
134.0	94	12.84257	30.26162	-1.89008	-29589.41097	-1189.39711	4363.74799	29933.09546	-34.23014	2068.61658	331.72333	2095.32495	0.07	-4.60687	-0.18518	0.67941	-4.66038	170.18496	31.78245	
135.0	94	12.84676	30.26246	-1.86053	-29603.27922	-1191.75695	4297.32119	29937.29104	-34.56358	2068.29256	335.48963	2095.61019	0.07	-4.60774	-0.1855	0.66888	-4.65973	167.14346	31.9591	
136.0	94	12.85173	30.26258	-1.82581	-29622.28489	-1192.5245	4219.07308	29944.99047	-34.84043	2068.10806	339.93634	2096.14921	0.07	-4.60973	-0.18558	0.65656	-4.65995	164.07852	31.95922	
137.0	94	12.85673	30.26259	-1.7909	-29636.43976	-1192.74626	4139.25493	29947.86531	-35.07403	2067.52891	344.64366	2096.35045	0.07	-4.61096	-0.18557	0.644	-4.65942	160.99635	31.99936	
138.0	94	12.86163	30.26266	-1.75665	-29636.84158	-1192.36954	4058.48241	29937.19097	-35.21729	2065.90553	349.7843	2095.60373	0.07	-4.61029	-0.18548	0.63134	-4.65702	157.55632	31.7574	
138.0	115	6.40167	28.12201	11.18587	-2.03578	0.50486	-3.51894	4.09661	-0.01904	-0.28457	-0.02981	0.28676	0.07	-0.0	0.0	-0.0	-0.0	83.83414	5.43011	
139.0	94	12.86662	30.26214	-1.71886	-29638.9751	-1190.50117	3968.92343	29927.21991	-35.2274	2064.11323	356.07265	2094.89669	0.07	-4.6097	-0.18516	0.61728	-4.65453	154.43975	31.72104	
140.0	94	12.87136	30.26156	-1.68215	-29529.86299	-1184.52958	3869.55073	29805.86085	-36.0432	2055.77492	354.24664	2086.38451	0.07	-4.59117	-0.18417	0.60162	-4.63408	150.9889	31.64596	
141.0	94	12.87606	30.26091	-1.64578	-29156.90192	-1167.74937	3737.2037	29418.62097	-35.40265	2027.74691	357.39783	2059.3067	0.07	-4.53213	-0.18151	0.58091	-4.57281	147.17757	31.56469	
142.0	94	12.8807	30.26019	-1.61009	-28751.24666	-1149.55972	3604.14469	28999.06087	-35.29516	1998.21349	355.78089	2029.94654	0.07	-4.46705	-0.17861	0.55997	-4.50555	143.81543	31.65426	
143.0	41	3.16139	31.82629	-12.42717	-1.08766	-0.72122	4.22138	4.41851	-0.004	0.30504	0.05109	0.30932	0.07	-0.0	-0.0	0.0	-0.0	27.77083	57.49748	
143.0	94	12.88582	30.25869	-1.57085	-28403.44218	-1131.96859	3472.68385	28637.32553	-35.09564	1972.45616	355.89805	2004.61429	0.07	-4.41052	-0.17577	0.53924	-4.44684	140.35668	31.50755	
144.0	94	12.88981	30.25799	-1.53659	-28392.36937	-1129.7174	3395.09349	28616.94532	-37.04526	1972.63716	346.5942	2003.19676	0.07	-4.40634	-0.17533	0.5269	-4.4412	136.64843	31.01786	
145.0	94	12.89476	30.25599	-1.49419	-28371.8966	-1123.75523	3296.96636	28584.91437	-35.53552	1967.1031	364.67834	2000.93669	0.07	-4.40063	-0.1743	0.51138	-4.43367	133.42744	30.59431	
146.0	94	12.89841	30.25568	-1.46259	-28347.21896	-1121.81536	3224.34752	28552.05263	-36.05817	1964.42418	366.45318	1998.63715	0.07	-4.39452	-0.17391	0.49985	-4.42628	129.83698	30.2424	
146.0	115	6.22986	27.96879	11.25911	-9.0264	2.60668	-16.21054	18.73639	-0.63263	-1.13628	0.16955	1.31153	0.07	-0.0	0.0	-0.0	-0.0	72.96228	0.94538	
147.0	94	12.90273	30.25439	-1.42527	-28316.10905	-1117.50382	3138.50845	28511.4202	-36.55797	1961.1511	368.45987	1995.79879	0.07	-4.38713	-0.17314	0.48626	-4.41739	125.99939	29.74939	
147.0	115	6.23278	27.96323	11.25653	-11.94169	3.48586	-21.43195	24.78071	-1.09126	-1.28815	0.39853	1.73465	0.07	-0.0	0.0	-0.0	-0.0	72.39628	0.73125	
148.0	94	12.90872	30.25036	-1.37231	-28269.05314	-1106.31996	3015.94693	28450.99726	-37.02554	1956.4757	370.63358	1991.61676	0.07	-4.37724	-0.1713	0.467	-4.40541	122.58443	29.29937	
149.0	94	12.91245	30.24895	-1.3357	-28198.82683	-1100.18168	2927.09309	28371.67793	-37.48613	1950.53274	371.99889	1986.04289	0.07	-4.36381	-0.17025	0.45297	-4.39056	118.89814	28.89944	
150.0	94	12.91696	30.24621	-1.29181	-28117.50677	-1090.70315	2821.92144	28279.79952	-37.30744	1942.5991	379.10574	1979.597	0.07	-4.34937	-0.16872	0.43651	-4.37447	115.01905	28.35817	
151.0	94	12.92236	30.24205	-1.23989	-28039.94637	-1078.31146	2700.67742	28190.33534	-36.86652	1934.13382	389.4813	1973.30394	0.07	-4.33487	-0.1667	0.41751	-4.35812	111.20349	27.83296	
152.0	94	12.92552	30.2415	-1.20864	-27928.24155	-1072.38433	2620.89505	28071.44056	-38.11327	1927.06779	382.35821	1965.00399	0.07	-4.31476	-0.16568	0.40491	-4.33689	107.51247	27.37568	
153.0	94	12.92811	30.24115	-1.17904	-27813.91094	-1067.05061	2546.31623	27950.59865	-38.61028	1918.45818	382.19491	1956.53916	0.07	-4.29401	-0.16473	0.39311	-4.31511	103.63344	26.85244	
153.0	115	6.07384	27.82248	11.31983	-12.09918	3.85775	-22.32339	25.6828	-0.51286	1.62968	0.5596	1.79779	0.07	-0.0	0.0	-0.0	-0.0	63.86947	1.53906	
154.0	94	12.93271	30.23693	-1.12811	-27711.38258	-1053.5342	2426.9058	27837.39446	-40.01977	1912.17169	373.12327	1948.64648	0.07	-4.27594	-0.16256	0.37448	-4.29539	99.61181	26.21388	
155.0	94	12.93584	30.23551	-1.0927	-27584.21415	-1045.29913	2339.61189	27702.98367	-39.19526	1899.8604	386.71031	1939.21393	0.07	-4.25434	-0.16122	0.36084	-4.27266	95.65209	25.60438	
156.0	94	12.93935	30.23321	-1.05327	-27459.0384	-1035.26918	2244.24437	27570.0418	-41.39684	1894.113	367.25031	1929.83174	0.07	-4.23122	-0.15953	0.34582	-4.24832	91.85279	25.00496	
157.0	94	12.9446	30.22622	-0.98944	-27347.62893	-1015.86257	2099.74003	27446.92502	-40.29389	1881.7666	385.60671	1921.29166	0.07	-4.21115	-0.15643	0.32333	-4.22644	88.06676	24.39934	
158.0	94	12.94716	30.22464	-0.95506	-27243.07554	-1008.50987	2019.07078	27336.40254	-40.6257	1873.43758	387.60966	1913.54646	0.07	-4.19202	-0.15518	0.31068	-4.20638	83.90767	23.64734	
159.0	94	12.95045	30.22132	-0.91146	-27140.32407	-997.48991	1919.43563	27226.39179	-41.10298	1865.42824	388.2379	1905.84381	0.07	-4.17348	-0.15339	0.29516	-4.18671	79.81909	22.84223	
159.0	115	5.89038	27.67864	11.39102	-2.30014	0.80018	-4.423	5.04914	-0.05166	0.33837	0.08808	0.35344	0.07	-0.0	0.0	-0.0	-0.0	54.89087	2.53342	
160.0	94	12.95279	30.22025	-0.87978	-27013.14289	-990.53804	1844.43494	27094.15056	-41.57565	1856.0409	387.86415	1896.59035	0.07	-4.15095	-0.15221	0.28342	-4.1634	75.79331	22.18118	
160.0	115	5.89604	27.6806	11.38839	-15.42926	5.38624	-29.60617	33.81714	-0.3136	2.27423	0.57718	2.3672	0.07	-0.0	0.0	-0.0	-0.0	53.53112	2.74547	
161.0	94	12.95713	30.21328	-0.81778	-26912.23873	-971.73004	1706.95715	26983.82026	-42.18921	1848.31151	387.03591	1888.87061	0.07	-4.13201	-0.1492	0.26208	-4.143	71.89383	21.5119	
162.0	94	12.95971	30.20998	-0.77557	-26769.68041	-959.60853	1610.79865	26835.26243	-42.15357	1836.31984	393.41385	1878.46265	0.07	-4.10689	-0.14722	0.24712	-4.11695	67.86828	20.75906	
163.0	94	12.96236	30.20643	-0.73249	-26663.20803	-948.40027	1516.19279	26723.1167	-42.99938	1829.39945	388.14428	1870.61682	0.07	-4.08747	-0.14539	0.23243	-4.09665	63.763	19.98198	
164.0	94	12.96503	30.20281	-0.68896	-26671.58895	-940.93523	1426.54932	26726.28031	-43.77014	1829.55736	388.4028	1870.84278	0.07	-4.08551	-0.14413	0.21852	-4.09388	59.61176	19.06024	
165.0	94	12.96765	30.19828	-0.64083	-26678.2647	-931.65237	1327.91128	26727.53509	-44.37235	1828.9219	391.69937	1870.92293	0.07	-4.08318	-0.14259	0.20324	-4.09072	55.43115	18.15052	
165.0	115	5.73225	27.6749	11.47072	-0.1268	0.04678	-0.25077	0.28487	-0.00247	0.01919	0.00483	0.01994	0.07	-0.0	0.0	-0.0	-0.0	45.51965	3.06063	
166.0	94	12.97009	30.19328	-0.59042	-26691.76362	-921.58997	1224.61627	26735.73	-44.90366	1828.3127	397.18297	1871.49619	0.07	-4.08606	-0.14108	0.18747	-4.09279	51.29589	17.32757	
167.0	94	12.97181	30.19087	-0.5534	-26698.90645	-916.62161	1148.13666	26739.29727	-45.83407	1829.13298	394.46807	1871.74605	0.07	-4.08087	-0.1401	0.17549	-4.08704	47.15598	16.44325	
168.0	94	12.97407	30.18634	-0.50597	-26707.77921	-907.32195	1050.41964	26743.82331	-46.66871	1829.59882	393.76419	1872.07373	0.07	-4.08	-0.13861	0.16047	-4.08551	42.9681	15.61294	
169.0	94	12.97543	30.1845	-0.4723	-26710.53	-903.57591	981.47852	26743.82475	-47.48638	1829.88919	392.32393	1872.07571	0.07	-4.07745	-0.13793	0.14983	-4.08254	38.72468	14.735	
170.0	94	12.97691	30.18036	-0.42736	-26712.74261	-895.00315	889.17279	26742.51814	-48.62012	1831.72662	383.08009	1871.98737	0.07	-4.07555	-0.13655	0.13566	-4.08009	34.58209	13.83318	
171.0	94	12.97895	30.17313	-0.36724	-26716.24231	-880.05284	765.57945	26741.69419	-48.77926	1828.18417	399.30543	1871.91923	0.07	-4.07395	-0.1342	0.11674	-4.07783	30.30986	12.91795	
171.0	113	5.56035	27.53712	11.52911	-3.12423	1.22433	-6.44219	7.26372	-0.04377	0.49333	0.11499	0.50844	0.07	-0.0	0.0	-0.0	-0.0	35.30108	3.16098	
172.0	94	12.98084	30.16667	-0.31095	-26725.44282	-866.65482	649.01198	26747.36624	-49.20863	1825.83851	411.77852	1872.34326	0.07	-4.07339	-0.13209	0.09892	-4.07673	26.12737	11.95657	
173.0	94	12.98131	30.16678	-0.28743	-26726.68178	-866.88294	600.49773	26747.47844	-50.50078	1829.74874	393.77264	1872.32147	0.07	-4.07169	-0.13207	0.09148	-4.07486	21.86584	11.03658	
174.0	94	12.98247	30.15988	-0.22927	-26729.67595	-852.58706	480.65234	26747.58883	-51.10252	1828.17884	400.97149	1872.3321	0.07	-4.07044	-0.12983	0.07319	-4.07317	17.5125	10.08727	
175.0	94	12.98331	30.15596	-0.18592	-26726.78133	-844.33332	391.35643	26742.9785	-51.84413	1827.54186	402.26192	1872.0074	0.07	-4.06821	-0.12852	0.05957	-4.07067	13.18953	9.1895	
175.0	113	5.40117	27.53374	11.60391	-7.60886	3.09278	-16.18237	18.14743	-0.10527	1.2334	0.28523	1.27032	0.07	-0.0	0.0	-0.0	-0.0	28.55351	2.98542	
176.0	94	12.98379	30.1552	-0.15818	-26711.36264	-842.317	334.41273	26726.73238	-52.5647	1826.45097	401.82695	1870.86907	0.07	-4.06458	-0.12817	0.05089	-4.06692	8.91525	8.21553	
176.0	113	5.40527	27.53773	11.60271	-26.52193	10.79044	-56.45652	63.30233	-0.34126	4.30711	0.98353	4.43114	0.07	-0.0	0.0	-0.0	-1e-05	26.80725	2.91808	
177.0	100	12.98507	30.14194	-0.06909	-26736.94801	-815.44198	150.67645	26749.80445	-53.29741	1824.62332	417.2146	1872.474	0.07	-4.06685	-0.12403	0.02292	-4.06881	4.62959	7.33825	
178.0	100	12.98542	30.13841	-0.02815	-26739.57256	-808.1284	66.16743	26751.86331	-54.13444	1825.21382	415.23993	1872.63457	0.07	-1.838	-0.05555	0.00455	-1.83885	1.09551	6.43409	
178.0	113	5.29383	27.5301	11.65232	-1.17885	0.49412	-2.58171	2.88081	-0.04897	0.18678	0.05811	0.20165	0.07	-0.0	0.0	-0.0	-0.0	23.11307	2.92403	
179.0	100	12.9856	30.13658	0.004	-26733.67776	-804.1435	-0.00375	26745.76926	-54.96828	1827.4136	403.36882	1872.2095	0.07	2.26321	0.06808	0.0	2.26423	-1.37735	5.667	
179.0	113	5.23461	27.5301	11.67936	-8.44416	3.60121	-18.8131	20.93335	-0.10345	1.42635	0.31947	1.46535	0.07	-0.0	0.0	-0.0	-0.0	21.9042	2.61881	
180.0	100	12.98553	30.1322	0.04903	-26742.2931	-795.26257	-93.00945	26754.27692	-55.81172	1831.50993	387.07924	1872.79842	0.07	3.51261	0.10446	0.01222	3.51418	-2.40175	4.90078	
181.0	100	12.98509	30.12418	0.11339	-26744.47373	-778.58458	-226.26866	26756.76113	-56.63694	1827.77827	405.02871	1872.97341	0.07	3.60327	0.1049	0.03049	3.60493	-2.50596	4.22757	
182.0	100	12.98467	30.12043	0.15862	-26741.14763	-770.78673	-319.23462	26754.15854	-57.50604	1827.83846	403.79002	1872.79117	0.07	3.69411	0.10648	0.0441	3.6959	-2.61926	3.5116	
182.0	108	5.07144	27.5297	11.7511	-1.77941	0.78231	-4.09145	4.52971	-0.2898	0.01122	0.12818	0.31708	0.07	-0.0	0.0	-0.0	-0.0	26.05197	0.12797	
183.0	56	5.1547	32.2631	-11.6549	-4e-05	-2e-05	8e-05	9e-05	0.0	-1e-05	-0.0	1e-05	0.07	0.0	0.0	-0.0	0.0	-29.94723	2.09408	
183.0	100	12.98433	30.12086	0.18512	-26723.58942	-771.23079	-373.3754	26737.32293	-58.35241	1826.72023	403.2484	1871.60922	0.07	3.88172	0.11202	0.05423	3.88371	-2.90676	2.83674	
183.0	108	5.07464	27.52952	11.74966	-20.70676	9.09305	-47.61615	52.71386	-0.26462	-3.63461	-0.57901	3.68994	0.07	-0.0	0.0	-0.0	-0.0	27.48581	0.8233	
184.0	100	12.98402	30.12244	0.20721	-26699.49498	-773.88083	-418.26534	26713.98266	-59.20347	1825.29048	402.00674	1869.97321	0.07	4.05214	0.11745	0.06348	4.05434	-8.91772	1.77003	
184.0	108	5.07957	27.53005	11.74759	-43.74675	19.16676	-100.51297	111.28342	-0.74849	-7.66991	-1.1368	7.78974	0.07	-0.0	0.0	-1e-05	-1e-05	24.0615	0.48374	
185.0	5	12.98238	30.10902	0.3049	-26741.66252	-747.13592	-621.1381	26759.30752	-60.47706	1827.81656	405.11083	1873.14859	0.07	4.05632	0.11333	0.09422	4.05899	-3.47478	1.31027	
186.0	5	12.98123	30.10455	0.35563	-26748.99056	-738.16078	-725.84884	26769.0163	-59.94278	1782.53922	396.23733	1827.03126	0.06825	4.0581	0.11199	0.11012	4.06114	-15.64059	0.0868	
187.0	5	12.98041	30.10397	0.38834	-26753.73487	-737.15071	-793.35751	26775.64447	-57.26973	1677.33848	372.75486	1719.21214	0.06421	4.05811	0.11181	0.12034	4.06143	-7.53332	0.07549	
187.0	108	4.92421	27.52934	11.81331	-9.95375	4.48312	-23.59079	25.99424	0.0277	-1.78521	-0.35094	1.81959	0.07	-0.0	0.0	-0.0	-0.0	27.12672	2.83487	
188.0	11	12.9792	30.10124	0.43316	-26797.56078	-732.69617	-887.54765	26822.26404	-50.34846	1453.66807	320.11688	1489.34906	0.05553	3.86075	0.10556	0.12787	3.86431	-2.86129	0.06013	
189.0	7	12.9768	30.09382	0.49892	-26851.7233	-718.84001	-1025.56866	26880.91453	-39.61414	1112.13643	257.67144	1142.28337	0.04249	3.65785	0.09792	0.13971	3.66183	-2.56399	0.04315	
190.0	99	12.97495	30.08888	0.54909	-26914.07455	-710.36405	-1131.83148	26947.22747	-24.98477	677.80039	168.71501	698.92944	0.02594	3.60914	0.09526	0.15178	3.61358	-2.49568	0.02524	
191.0	99	12.9732	30.08364	0.59695	-26998.8422	-701.72788	-1235.01659	27036.18257	-6.41049	145.48365	57.47776	156.55759	0.00579	3.8345	0.09966	0.1754	3.8398	-2.77955	0.00552	
192.0	99	12.9706	30.07567	0.65168	-27114.81962	-688.02548	-1355.34133	27157.38891	21.08727	-636.20259	-98.90778	644.19031	0.02372	4.10982	0.10428	0.20543	4.11627	-27.91405	0.023	
193.0	99	12.96862	30.06852	0.69245	-27231.48745	-675.95986	-1446.90427	27278.27639	50.27038	-1457.14631	-265.36983	1481.96614	0.05433	4.12781	0.10246	0.21932	4.1349	-42.37813	0.05837	
193.0	108	4.58365	27.52813	11.94944	-8.27492	4.01284	-21.19535	23.10455	-0.06429	1.58306	0.32481	1.61732	0.07	0.0	-0.0	0.0	0.0	-14.07242	8.31836	
194.0	99	12.96787	30.06593	0.7078	-27263.51992	-671.29038	-1480.94885	27311.96366	65.25158	-1878.43666	-349.7833	1911.83954	0.07	4.13319	0.10177	0.22451	4.14054	-47.76785	1.26886	
194.0	108	4.58706	27.52747	11.94798	-36.37724	17.6268	-93.4137	101.78471	-0.28571	6.97467	1.42736	7.12496	0.07	0.0	-0.0	0.0	0.0	-14.85138	8.01282	
195.0	99	12.96724	30.06492	0.72014	-27228.51175	-668.29921	-1505.05096	27278.2634	65.28976	-1876.36194	-348.00932	1909.47829	0.07	4.12842	0.10133	0.2282	4.13596	-52.23604	3.46686	
195.0	108	4.5897	27.52922	11.94729	-65.3063	31.5643	-167.95254	182.94609	-0.60014	12.52767	2.58776	12.80621	0.07	0.0	-0.0	1e-05	1e-05	-11.50285	5.97144	
196.0	99	12.96	30.04112	0.85018	-27289.70441	-619.43182	-1784.04388	27354.97167	66.98927	-1876.98338	-373.0032	1914.85915	0.07	4.13841	0.09394	0.27055	4.14831	-60.62491	5.0499	
196.0	108	4.40702	27.5299	12.01614	-0.02221	0.01112	-0.05931	0.0643	-0.00286	0.00306	0.00164	0.0045	0.07	0.0	-0.0	0.0	0.0	-11.86823	7.51131	
197.0	99	12.95861	30.03998	0.87104	-27270.76785	-616.65574	-1826.78221	27338.84008	65.62765	-1881.28488	-344.65595	1913.72086	0.07	4.13594	0.09352	0.27705	4.14626	-61.26053	6.56054	
197.0	108	4.40997	27.52987	12.01503	-15.68943	7.91437	-42.38218	45.88076	-0.22179	3.13373	0.66729	3.21166	0.07	0.0	-0.0	0.0	0.0	-8.3812	3.79675	
198.0	99	12.95376	30.02856	0.946	-27034.33406	-587.27666	-1969.12229	27112.31371	65.87193	-1864.46711	-348.30024	1897.86453	0.07	4.10035	0.08907	0.29866	4.11218	-70.06742	7.9861	
199.0	99	12.94988	30.02187	0.9983	-27010.04547	-572.91346	-2076.71988	27095.82166	64.84323	-1866.94425	-328.31638	1896.70164	0.07	4.09672	0.0869	0.31498	4.10973	-78.20807	9.18279	
200.0	99	12.94725	30.01901	1.03127	-27037.23361	-567.64588	-2147.86454	27128.35316	65.74818	-1868.2458	-333.88833	1898.98568	0.07	4.10111	0.0861	0.3258	4.11493	-85.84267	10.29992	
200.0	108	4.3225	27.53114	12.04667	-2.04936	1.0498	-5.71646	6.16278	-0.0455	0.41873	0.09321	0.43139	0.07	0.0	-0.0	0.0	0.0	-16.65355	4.90226	
201.0	99	12.94467	30.01639	1.06352	-27174.43483	-565.17901	-2226.79811	27271.3763	66.50119	-1878.22925	-334.82897	1908.9992	0.07	4.12207	0.08573	0.33778	4.13677	-90.99524	11.2682	
201.0	108	4.24029	27.53515	12.07687	-5.44656	2.81797	-15.44759	16.62029	-0.10038	1.13351	0.24217	1.16343	0.07	0.0	-0.0	0.0	0.0	-17.83548	4.91882	
202.0	99	12.94211	30.01396	1.09553	-27330.59408	-563.26785	-2308.15224	27433.66928	68.29154	-1887.32878	-348.06052	1920.3697	0.07	4.14642	0.08546	0.35018	4.16206	-96.0412	12.14729	
203.0	99	12.93769	30.00719	1.15059	-27526.93767	-553.00392	-2442.52944	27640.62338	67.38502	-1905.67401	-327.96253	1934.86268	0.07	4.17685	0.08391	0.37062	4.1941	-100.55928	12.94865	
204.0	99	12.93298	30.00151	1.20075	-27539.80152	-541.28493	-2551.10719	27663.00427	66.90536	-1909.06932	-317.19943	1936.39807	0.07	4.1797	0.08215	0.38718	4.1984	-105.71709	13.68774	
205.0	99	12.92837	29.99617	1.24981	-27540.01496	-529.88489	-2656.98187	27672.96071	67.86815	-1908.83666	-322.7821	1937.12462	0.07	4.18128	0.08045	0.4034	4.20146	-110.1222	14.41183	
205.0	116	6.12307	32.11356	-11.20938	-7.03612	-2.71827	12.96612	15.00054	0.04271	-1.0307	-0.19291	1.04947	0.07	0.0	0.0	-0.0	0.0	-62.44578	40.37285	
206.0	99	12.92544	29.99445	1.28068	-27560.30328	-526.65527	-2725.32267	27699.73044	68.64225	-1910.32073	-324.99661	1938.98423	0.07	4.18601	0.07999	0.41394	4.20719	-114.13638	15.06026	
207.0	6	12.92168	29.99115	1.3205	-27576.78733	-520.04142	-2812.42537	27724.70702	68.94452	-1912.52455	-322.38233	1940.73024	0.07	4.18996	0.07901	0.42731	4.21243	-117.94581	15.73254	
208.0	6	12.9161	29.98557	1.37329	-27621.32787	-508.888	-2932.00827	27781.16975	67.47886	-1919.7998	-302.48642	1944.65491	0.07	4.19793	0.07734	0.44561	4.22222	-121.82073	16.24542	
209.0	6	12.91216	29.98314	1.40968	-27688.1395	-505.04617	-3018.37705	27856.75395	67.86398	-1925.50071	-300.34703	1949.96585	0.07	4.20961	0.07679	0.4589	4.23525	-125.39606	16.76015	
210.0	6	12.90939	29.98285	1.43492	-27766.20363	-505.96902	-3082.18521	27941.33022	69.76788	-1929.62534	-311.74589	1955.89034	0.07	4.22326	0.07696	0.4688	4.24989	-129.17963	17.30535	
211.0	6	12.90342	29.97723	1.49014	-27841.40771	-495.44427	-3210.64594	28030.2996	68.37091	-1938.80421	-293.70195	1962.11548	0.07	4.23638	0.07539	0.48854	4.26512	-132.88123	17.68708	
211.0	70	3.74735	27.6839	12.26495	-1.68337	0.89848	-5.40787	5.73463	-0.05642	0.38877	0.08215	0.40134	0.07	0.0	-0.0	0.0	0.0	-31.17421	6.83502	
212.0	6	12.90186	29.97927	1.504	-27910.56526	-501.0698	-3248.83357	28103.48098	70.22007	-1942.39866	-303.67959	1967.248	0.07	4.24964	0.07629	0.49466	4.27901	-136.44429	18.18804	
212.0	70	3.76071	27.76966	12.27491	-15.5389	8.19673	-49.95911	52.95807	-0.38956	3.61761	0.7147	3.70805	0.07	1e-05	-0.0	2e-05	2e-05	-32.72001	7.02146	
213.0	6	12.89485	29.97355	1.56159	-28028.89048	-490.73637	-3390.05505	28237.42193	71.11616	-1951.57082	-305.48181	1976.61461	0.07	4.26847	0.07473	0.51627	4.30022	-140.0391	18.466	
214.0	6	12.89255	29.97486	1.5799	-28110.92779	-495.10322	-3440.24869	28324.98367	71.4038	-1958.37106	-301.61521	1982.74744	0.07	4.28331	0.07544	0.5242	4.31593	-143.57467	18.84942	
214.0	70	3.57192	27.81741	12.33907	-13.08794	7.24042	-45.07714	47.49385	-0.25586	3.26032	0.59797	3.32456	0.07	0.0	-0.0	0.0	0.0	-33.60554	7.89654	
215.0	6	12.88565	29.96962	1.63627	-28237.19583	-485.83199	-3581.94202	28467.62318	68.05422	-1973.32511	-268.83625	1992.7158	0.07	4.30515	0.07407	0.54612	4.34028	-147.27428	19.09509	
216.0	6	12.87748	29.96293	1.70153	-28345.60971	-473.22645	-3741.90391	28595.44331	69.9323	-1980.86492	-279.23649	2001.67165	0.07	4.32411	0.07219	0.57083	4.36222	-150.45041	19.24421	
216.0	54	3.3989	27.82334	12.38885	-0.03536	0.01996	-0.12751	0.13382	-0.00084	0.00913	0.00166	0.00932	0.07	0.0	-0.0	0.0	0.0	-35.4176	8.90495	
217.0	6	12.87631	29.96606	1.7096	-28449.76916	-482.15021	-3773.62367	28702.99757	72.46322	-1986.48253	-292.49844	2009.20857	0.07	4.34263	0.0736	0.57601	4.38128	-153.86515	19.56589	
217.0	54	3.39995	27.82567	12.38891	-2.05169	1.14211	-7.40396	7.7674	-0.04795	0.53312	0.09552	0.54373	0.07	0.0	-0.0	0.0	0.0	-37.14585	9.34129	
218.0	6	12.87194	29.96526	1.7414	-28539.53296	-482.10463	-3857.18361	28803.04206	72.65	-1994.17344	-288.29243	2016.21384	0.07	4.35845	0.07363	0.58905	4.39869	-157.17813	19.76079	
218.0	54	3.40262	27.8479	12.39151	-4.61244	2.53	-16.65559	17.46666	-0.10442	1.19976	0.21116	1.22267	0.07	0.0	-0.0	0.0	0.0	-38.70371	9.80052	
219.0	6	12.86607	29.96279	1.78419	-28636.61914	-478.15293	-3968.27348	28914.21416	72.93733	-2002.49326	-285.05605	2023.99508	0.07	4.37635	0.07307	0.60645	4.41878	-160.53695	19.89208	
220.0	6	12.86325	29.96406	1.8045	-28747.10684	-482.936	-4029.2404	29032.12285	83.91851	-1998.49231	-359.19193	2032.24818	0.07	4.39612	0.07385	0.61617	4.4397	-163.80155	20.09121	
221.0	6	12.86062	29.96556	1.82331	-28838.51357	-487.94544	-4084.93899	29130.47686	84.36476	-2006.05017	-355.96887	2039.13426	0.07	4.41299	0.07467	0.62509	4.45767	-166.96093	20.23505	
221.0	54	3.23897	27.9691	12.45343	-11.40795	6.26791	-43.2139	45.13169	-0.01197	3.12604	0.45657	3.15922	0.07	0.0	-0.0	0.0	0.0	-41.89065	11.46781	
221.0	116	6.47407	31.67819	-11.09569	-3.23819	-0.98419	5.52428	6.47859	0.01477	-0.44765	-0.07109	0.4535	0.07	0.0	0.0	-0.0	0.0	-85.03773	58.66116	
222.0	6	12.85011	29.95837	1.89729	-28962.49514	-474.1247	-4272.8765	29279.82911	82.92972	-2019.81291	-337.99445	2049.576	0.07	4.43488	0.0726	0.65428	4.48347	-170.16866	20.16997	
223.0	6	12.8488	29.96152	1.90552	-29079.76133	-483.47847	-4309.35251	29401.30592	86.89966	-2024.62274	-359.25579	2058.08491	0.07	4.45597	0.07408	0.66033	4.50524	-173.0408	20.26383	
224.0	6	12.84555	29.9627	1.92669	-29061.98748	-486.20663	-4354.99562	29390.50016	86.53567	-2025.28872	-351.36426	2057.3623	0.07	4.45663	0.07456	0.66783	4.507	-176.40182	20.37174	
225.0	6	12.83694	29.95863	1.98371	-29047.10329	-476.85216	-4484.73424	29395.14312	85.05926	-2028.37675	-335.24604	2057.65333	0.07	4.45738	0.07317	0.6882	4.51079	-179.35287	20.35462	
226.0	6	12.83235	29.95875	2.01389	-29031.75751	-476.80372	-4552.41373	29390.38545	84.51792	-2029.50136	-326.42681	2057.32192	0.07	4.45815	0.07322	0.69907	4.51322	-182.14881	20.32663	
227.0	6	12.82638	29.95766	2.0526	-29017.5366	-474.21903	-4639.68103	29389.94648	82.82567	-2032.07235	-310.31216	2057.2972	0.07	4.45892	0.07287	0.71295	4.51615	-185.04164	20.26242	
228.0	6	12.82331	29.95951	2.07085	-29003.87844	-478.40094	-4679.73851	29382.88251	86.1176	-2028.89398	-326.32585	2056.7731	0.07	4.4593	0.07355	0.7195	4.51757	-187.82175	20.22481	
228.0	54	2.88631	28.12126	12.56074	-2.21534	1.22863	-9.61406	9.9422	-0.01279	0.68985	0.09111	0.69596	0.07	0.0	-0.0	0.0	0.0	-47.84818	15.94358	
229.0	6	12.81869	29.95999	2.09853	-28995.68064	-479.84911	-4742.23789	29384.83574	85.50119	-2030.51772	-317.32342	2056.94113	0.07	4.46041	0.07382	0.7295	4.52027	-190.64289	20.11926	
229.0	54	2.88719	28.16388	12.56586	-0.04369	0.02372	-0.18975	0.19616	-0.00022	0.01362	0.00175	0.01373	0.07	0.0	-0.0	0.0	0.0	-49.3408	16.62327	
230.0	6	12.81274	29.95953	2.13432	-28982.44129	-478.77251	-4823.77194	29385.02853	83.79471	-2032.96921	-301.68208	2056.93885	0.07	4.46126	0.0737	0.74252	4.52323	-193.31491	19.94055	
230.0	116	6.65038	31.38419	-11.03889	-1.47714	-0.37466	2.42817	2.86676	0.00648	-0.19877	-0.02673	0.20066	0.07	0.0	0.0	-0.0	0.0	-93.87597	64.11597	
231.0	6	12.80867	29.96085	2.15855	-28975.56629	-481.62144	-4878.84156	29387.38668	85.07758	-2032.65466	-304.62168	2057.11388	0.07	4.46229	0.07417	0.75135	4.52571	-195.95587	19.75899	
231.0	54	2.7151	28.26465	12.61678	-0.58384	0.32001	-2.67241	2.7541	-0.00278	0.19131	0.02352	0.19277	0.07	0.0	-0.0	0.0	0.0	-50.09069	18.19077	
232.0	6	12.8067	29.96385	2.17002	-28955.82161	-488.04438	-4902.51462	29371.96694	84.86729	-2032.41967	-298.92639	2056.03725	0.07	4.46224	0.07521	0.7555	4.52637	-198.55906	19.623	
232.0	54	2.71857	28.26929	12.61653	-8.47762	4.53941	-38.84737	40.01992	-0.05753	2.7804	0.33745	2.80139	0.07	0.0	-0.0	0.0	0.0	-51.38606	18.8896	
233.0	6	12.80171	29.96446	2.19986	-28942.22434	-489.3177	-4970.06108	29369.93852	84.5996	-2033.22825	-292.47247	2055.89745	0.07	4.46279	0.07545	0.76637	4.52874	-201.06718	19.32824	
233.0	54	2.72062	28.29606	12.61909	-7.57493	3.95603	-34.72632	35.76237	-0.05655	2.48523	0.29545	2.50337	0.07	0.0	-0.0	1e-05	1e-05	-52.75213	19.67807	
234.0	6	12.79226	29.96198	2.25427	-28938.48034	-484.20288	-5096.01686	29387.74378	82.45649	-2037.06007	-274.68808	2057.15005	0.07	4.46446	0.0747	0.78618	4.53377	-203.48185	18.92475	
235.0	6	12.79298	29.96698	2.24981	-28935.20891	-495.62318	-5084.69399	29382.75123	87.58536	-2032.87111	-300.26636	2056.79265	0.07	4.46594	0.0765	0.78479	4.53502	-205.85574	18.70335	
236.0	6	12.78671	29.96734	2.2844	-28912.32515	-496.10204	-5161.32216	29373.59204	83.9945	-2035.97409	-274.81823	2056.15433	0.07	4.46432	0.0766	0.79695	4.53555	-208.21998	18.33425	
236.0	65	2.5485	28.41474	12.66826	-4.90372	2.51448	-23.85816	24.48635	-0.03925	1.7033	0.18758	1.71405	0.07	0.0	-0.0	0.0	0.0	-54.40027	22.2599	
237.0	6	12.78227	29.96902	2.30875	-28903.64719	-499.8387	-5216.17695	29374.80487	83.76639	-2036.84475	-268.98251	2056.23562	0.07	4.46545	0.07722	0.80587	4.53825	-210.47398	17.94289	
237.0	65	2.55083	28.43261	12.66958	-5.03932	2.51979	-24.61406	25.25067	-0.04494	1.75683	0.18905	1.76754	0.07	0.0	-0.0	1e-05	1e-05	-55.38984	23.08547	
238.0	6	12.77665	29.96997	2.33974	-28895.60875	-501.94552	-5287.99532	29379.77278	82.21196	-2038.97533	-255.69425	2056.58911	0.07	4.46711	0.0776	0.8175	4.54196	-212.55683	17.49086	
239.0	6	12.77063	29.9707	2.37292	-28878.31308	-503.7085	-5362.34588	29376.27345	82.49491	-2039.07599	-252.72784	2056.33355	0.07	4.46641	0.07791	0.82936	4.54343	-214.77749	16.98686	
240.0	6	12.76834	29.97382	2.38525	-28868.69638	-510.84429	-5388.9672	29371.81574	83.60082	-2038.48132	-254.6128	2056.02112	0.07	4.46619	0.07903	0.83371	4.54403	-216.77664	16.56465	
241.0	6	12.76356	29.97566	2.4109	-28861.81215	-514.99495	-5447.69791	29375.95671	82.30081	-2040.22838	-243.15652	2056.31475	0.07	4.46647	0.0797	0.84305	4.54604	-218.78912	16.06327	
242.0	6	12.75785	29.97722	2.43996	-28837.87831	-518.12189	-5513.0674	29364.69969	81.51007	-2040.46998	-234.59996	2055.52883	0.07	4.4645	0.08021	0.8535	4.54606	-220.74162	15.51949	
242.0	116	6.82477	31.01768	-10.98065	-14.64905	-2.74123	23.54491	27.86525	0.06189	-1.94059	-0.18743	1.9506	0.07	1e-05	0.0	-2e-05	3e-05	-101.62105	65.70067	
243.0	6	12.75463	29.98014	2.45617	-28842.87581	-525.03607	-5551.56155	29376.98051	81.15676	-2042.04016	-228.5212	2056.38916	0.07	4.46764	0.08133	0.85991	4.55037	-222.61794	15.00565	
244.0	6	12.75001	29.98245	2.47955	-28834.92991	-530.26668	-5605.00169	29379.42153	78.22519	-2044.4261	-209.01455	2056.57101	0.07	4.46838	0.08217	0.86858	4.55276	-224.32691	14.41683	
245.0	6	12.74533	29.98479	2.50327	-28812.96656	-535.37144	-5656.57781	29367.84869	80.15292	-2042.91222	-214.92261	2055.74963	0.07	4.46579	0.08298	0.87673	4.55179	-226.17162	13.74281	
245.0	116	6.82958	30.92536	-10.9882	-18.55806	-3.16379	29.836	35.27886	0.07459	-2.45903	-0.21436	2.46948	0.07	1e-05	0.0	-1e-05	1e-05	-102.69946	65.20346	
246.0	6	12.74312	29.98828	2.51427	-28867.49608	-544.54326	-5692.97095	29428.53676	79.75059	-2047.86537	-208.51128	2059.9975	0.07	4.47578	0.08443	0.88267	4.56277	-227.80085	13.18119	
247.0	6	12.74057	29.99169	2.52698	-28838.395	-551.9472	-5716.7432	29404.74153	79.2032	-2046.87146	-201.92059	2058.33133	0.07	4.4733	0.08562	0.88676	4.56115	-229.37767	12.59896	
247.0	102	2.19146	28.85476	12.77368	-21.28256	8.9181	-124.54917	126.66877	-0.2364	8.83805	0.67323	8.86681	0.07	0.0	-0.0	1e-05	1e-05	-58.90045	32.51144	
247.0	116	6.83398	30.80508	-10.99774	-60.42926	-9.62788	97.28896	114.93274	0.25431	-8.01612	-0.63533	8.04528	0.07	2e-05	0.0	-3e-05	3e-05	-103.35097	64.78065	
248.0	6	12.73519	29.99399	2.55432	-29038.67327	-561.2288	-5821.55678	29621.78331	79.2179	-2062.68879	-196.29496	2073.5217	0.07	4.50634	0.08709	0.90341	4.59683	-230.90757	11.93583	
248.0	116	6.83479	30.79019	-10.99876	-8.21156	-1.26105	13.21965	15.61343	0.03384	-1.08918	-0.08288	1.09285	0.07	0.0	0.0	-0.0	0.0	-103.66025	64.52353	
249.0	6	12.73255	29.99766	2.56745	-29267.024	-573.71906	-5900.9621	29861.50031	79.7748	-2079.79923	-193.45161	2090.29959	0.07	4.54363	0.08907	0.91611	4.63592	-232.36372	11.19521	
249.0	116	6.83487	30.78307	-10.99934	-5.3733	-0.79476	8.65877	10.22146	0.02047	-0.7134	-0.05278	0.71564	0.07	0.0	0.0	-0.0	0.0	-103.6877	64.08767	
250.0	6	12.72851	30.00067	2.58741	-29546.7458	-586.49601	-6004.94007	30156.48305	77.95327	-2101.97086	-178.26457	2110.9563	0.07	4.58805	0.09107	0.93245	4.68273	-233.74876	10.49865	
251.0	6	12.72619	30.00421	2.59813	-29888.8486	-602.28582	-6099.35868	30510.78818	79.62382	-2126.65068	-180.18499	2135.75507	0.07	4.64309	0.09356	0.94751	4.7397	-235.06091	9.71988	
251.0	116	6.83984	30.64404	-11.00853	-3.80501	-0.51975	6.15052	7.25101	0.01582	-0.50625	-0.03299	0.50757	0.07	0.0	0.0	-0.0	0.0	-103.55659	63.19503	
252.0	6	12.7233	30.00764	2.6116	-30318.47423	-619.63497	-6219.533	30956.04008	80.2977	-2158.23507	-176.40969	2166.92102	0.07	4.71259	0.09631	0.96674	4.81169	-236.33288	8.96141	
252.0	116	6.84023	30.64018	-11.00862	-2.81503	-0.36718	4.54093	5.3553	0.01103	-0.37397	-0.0234	0.37486	0.07	0.0	0.0	-0.0	0.0	-103.98676	62.73615	
253.0	6	12.72079	30.01142	2.62323	-30976.33917	-642.17189	-6384.59292	31633.98489	80.9808	-2206.28001	-170.98625	2214.37704	0.07	4.81868	0.0999	0.99319	4.92099	-237.62455	8.07125	
254.0	6	12.71915	30.01554	2.63072	-31407.13747	-660.94829	-6494.72132	32078.44357	83.99638	-2236.80313	-178.55651	2245.49016	0.07	4.89028	0.10291	1.01127	4.9948	-238.79024	7.27999	
255.0	6	12.71469	30.01876	2.65172	-31391.37242	-668.77315	-6545.7662	32073.54946	79.21527	-2238.65277	-151.17028	2245.14893	0.07	4.89298	0.10424	1.02029	4.99931	-239.60233	6.47456	
256.0	6	12.71316	30.02278	2.65867	-31379.92226	-678.6942	-6561.4708	32065.76127	79.6752	-2238.19847	-149.53191	2244.60249	0.07	4.8962	0.1059	1.02378	5.00321	-240.53229	5.63971	
257.0	6	12.71264	30.02702	2.66078	-31377.77543	-689.47904	-6565.69254	32064.75466	80.15147	-2238.21009	-148.00814	2244.53004	0.07	4.89979	0.10767	1.02526	5.00706	-241.28673	4.85042	
258.0	6	12.71124	30.02943	2.66724	-26720.77536	-592.18562	-5605.72651	27308.87565	-15.66581	-1333.73905	215.5695	1351.13859	0.04948	4.17226	0.09247	0.87529	4.26408	-249.92202	0.05174	
258.0	84	12.38042	33.14057	1.97612	-67.08069	-18.68378	-10.73387	70.4565	1.02268	-0.95471	-4.72936	4.93195	0.07	2e-05	1e-05	0.0	2e-05	-242.39347	13.87813	
258.0	89	12.31862	33.1431	2.32652	-274.5852	-76.49295	-52.07885	289.75923	4.21858	-1.68471	-19.76793	20.28313	0.07	0.0004	0.00011	8e-05	0.00042	-242.57595	13.66704	
258.0	91	11.99058	33.12451	3.67602	-46.75668	-13.11935	-14.222	50.60208	0.65423	1.20776	-3.26498	3.54214	0.07	2e-05	1e-05	1e-05	2e-05	-241.49586	14.38812	
258.0	104	11.93709	33.12064	3.84966	-42.69919	-12.00801	-13.83981	46.46454	0.59555	1.26628	-2.9361	3.25252	0.07	1e-05	0.0	0.0	2e-05	-241.0399	14.65875	
258.0	116	6.84897	30.35151	-11.0229	-13.64065	-1.28553	22.00773	25.92413	0.06022	-1.8124	-0.06854	1.81469	0.07	0.0	0.0	-0.0	0.0	-89.67878	53.96936	
259.0	6	12.71118	30.03069	2.66741	-26485.74856	-589.67077	-5556.99665	27068.85295	-17.63893	-1298.23526	221.83054	1317.1692	0.04866	4.13297	0.09202	0.86714	4.22396	-246.65174	0.05068	
259.0	84	12.40098	33.16045	1.80412	-602.14879	-167.65211	-87.82788	631.19262	9.07825	-10.65142	-41.90837	44.18347	0.07	0.00145	0.0004	0.00021	0.00152	-239.32119	13.94774	
259.0	90	12.42447	33.16352	1.62825	-402.80724	-112.18422	-52.82054	421.46053	6.00835	-8.58909	-27.57732	29.50223	0.07	0.00071	0.0002	9e-05	0.00075	-239.1835	14.17157	
259.0	91	12.1973	33.13943	2.89928	-1791.72429	-500.75599	-425.98703	1908.5328	26.96943	14.15854	-130.07851	133.59728	0.07	0.02355	0.00658	0.0056	0.02509	-239.06236	13.47869	
259.0	104	11.89293	33.08403	4.01447	-885.06392	-249.81716	-298.69376	966.93574	11.8131	29.56457	-59.73036	67.68552	0.07	0.00257	0.00073	0.00087	0.00281	-236.85249	14.59927	
259.0	111	11.67052	32.99892	4.68275	-49.22106	-14.0459	-19.74295	54.8615	0.57278	2.27084	-3.04355	3.84031	0.07	1e-05	0.0	0.0	1e-05	-234.52003	15.82597	
259.0	116	6.84983	30.34372	-11.02285	-55.70896	-4.88535	89.70374	105.70768	0.2261	-7.39139	-0.26212	7.39949	0.07	1e-05	0.0	-1e-05	2e-05	-93.61348	54.03956	
260.0	91	12.20393	33.14261	2.86787	-4836.70074	-1355.37057	-1136.47321	5149.97813	70.83312	41.55759	-351.01976	360.4986	0.07	0.11369	0.03186	0.02671	0.12105	-243.01746	13.71446	
260.0	96	12.72525	30.0351	2.59997	-25514.32079	-576.51023	-5211.04059	26047.41587	-41.22314	-959.87294	308.03004	1008.92909	0.03873	3.97894	0.08991	0.81266	4.06207	-250.79295	0.03884	
260.0	117	11.46473	32.99859	5.16623	-23.03572	-6.66266	-10.34775	26.11726	0.23451	1.24147	-1.32141	1.82821	0.07	1e-05	0.0	0.0	1e-05	-236.57463	17.71125	
261.0	82	12.51098	33.21135	0.39912	-25.51388	-7.12205	-0.83668	26.50248	0.33368	-1.01739	-1.51502	1.85519	0.07	3e-05	1e-05	0.0	3e-05	-241.38903	16.75255	
261.0	91	12.20073	33.14142	2.88262	-6126.91166	-1720.20691	-1447.29191	6526.31689	88.45768	58.76386	-444.31837	456.83341	0.07	0.16268	0.04567	0.03843	0.17328	-243.52759	13.74494	
261.0	96	12.72987	30.03724	2.57748	-24162.1171	-549.89746	-4889.68579	24658.04771	-77.04939	-281.64381	412.40924	505.313	0.02049	3.76378	0.08566	0.76168	3.84103	-251.17621	0.01977	
261.0	117	11.31748	32.98993	5.48663	-0.52172	-0.15278	-0.25258	0.59944	0.00488	0.03042	-0.02848	0.04196	0.07	0.0	0.0	0.0	0.0	-235.01083	18.84047	
262.0	78	12.51319	33.22669	0.01256	-271.32999	-75.77655	-0.68265	281.71353	3.38437	-11.98048	-15.29348	19.71995	0.07	0.00047	0.00013	0.0	0.00048	-240.39217	17.71877	
262.0	91	12.21243	33.14313	2.83155	-6896.42942	-1939.02931	-1598.56274	7340.02563	98.82803	61.11516	-500.48999	513.80178	0.07	0.19973	0.05616	0.0463	0.21258	-243.40588	13.71508	
262.0	96	12.73275	30.03948	2.56256	-22688.3509	-519.72394	-4565.73041	23149.02317	-117.35739	538.74053	521.85501	759.17506	0.0328	3.52812	0.08082	0.70999	3.59976	-251.12785	0.03236	
262.0	117	11.31068	33.02249	5.48079	-60.92328	-17.90621	-29.41234	69.98117	0.56829	3.54345	-3.33438	4.89868	0.07	5e-05	2e-05	3e-05	6e-05	-234.61299	18.9681	
263.0	80	12.49545	33.27182	-0.35568	-0.67885	-0.1897	0.01894	0.70511	0.00796	-0.03214	-0.03661	0.04936	0.07	0.0	0.0	-0.0	0.0	-238.19711	18.72289	
263.0	91	12.21898	33.14465	2.80047	-8420.20952	-2372.73016	-1929.31965	8958.35091	119.41319	73.24633	-611.24028	627.08788	0.07	0.2677	0.07544	0.06134	0.28481	-241.99279	13.6301	
263.0	96	12.7356	30.04181	2.54779	-21613.40101	-498.71601	-4324.34288	22047.39808	-150.25676	1225.76361	609.63056	1377.21565	0.06247	3.35406	0.07739	0.67107	3.42141	-250.07678	0.07186	
263.0	117	11.22585	33.04431	5.63953	-75.21812	-22.33663	-37.90481	87.14049	0.68709	4.52649	-4.03083	6.0999	0.07	0.0001	3e-05	5e-05	0.00012	-231.55773	19.5307	
264.0	6	12.72333	30.04251	2.60849	-21328.63129	-493.91384	-4372.9457	21777.90434	-167.11053	1363.49723	661.06213	1524.48475	0.07	3.30515	0.07654	0.67765	3.37477	-249.03163	1.01142	
264.0	74	12.49002	33.25905	-0.59227	-16.11458	-4.49962	0.74287	16.74748	0.18294	-0.79427	-0.84264	1.17233	0.07	1e-05	0.0	-0.0	1e-05	-238.11805	18.65825	
264.0	77	2.02088	29.59692	12.83237	-5.43956	0.46704	-34.10247	34.53672	-0.07852	2.41589	0.04561	2.4176	0.07	0.0	-0.0	0.0	0.0	-74.26855	51.68704	
264.0	91	12.20371	33.14457	2.86646	-9326.45949	-2637.47789	-2190.26497	9936.61899	122.01888	127.35769	-672.93558	695.66579	0.07	0.32186	0.09102	0.07559	0.34291	-241.79196	13.31056	
264.0	114	11.07039	33.02916	5.94736	-20.02122	-6.03033	-10.69669	23.48687	0.13785	1.30369	-0.99299	1.64458	0.07	2e-05	1e-05	1e-05	2e-05	-228.91937	20.68962	
265.0	6	12.71829	30.04475	2.63232	-21304.6873	-497.77542	-4408.45403	21761.70831	-159.38865	1385.00447	613.88964	1523.3196	0.07	3.29282	0.07694	0.68136	3.36346	-248.30439	1.88362	
265.0	73	12.47023	33.24756	-0.9629	-63.62339	-17.77982	4.8525	66.23899	0.67988	-3.30176	-3.18361	4.63673	0.07	4e-05	1e-05	-0.0	4e-05	-237.0859	18.99462	
265.0	77	2.0218	29.60352	12.83229	-1.87751	0.11988	-11.77107	11.92047	-0.03262	0.83368	0.01369	0.83443	0.07	0.0	-0.0	0.0	0.0	-71.43776	51.84207	
265.0	91	12.2188	33.1463	2.79919	-9179.97879	-2601.1604	-2102.89282	9770.3738	109.11587	147.54985	-658.84583	683.92621	0.07	0.33626	0.09528	0.07703	0.35789	-241.45703	13.03787	
265.0	114	10.97898	33.07107	6.0914	-128.02099	-38.98638	-70.68605	151.34672	0.70498	8.66438	-6.05558	10.59427	0.07	0.00028	9e-05	0.00016	0.00034	-226.61149	21.63891	
266.0	72	12.43738	33.25109	-1.3116	-0.9392	-0.26256	0.09852	0.98017	0.00939	-0.0506	-0.04538	0.06861	0.07	0.0	0.0	-0.0	0.0	-236.29957	19.4856	
266.0	91	12.23923	33.14954	2.70422	-8899.36797	-2526.19317	-1966.5093	9457.67207	96.54651	155.19638	-636.28427	662.01572	0.07	0.3439	0.09762	0.07599	0.36548	-241.37545	12.90416	
266.0	96	12.72752	30.04882	2.58787	-21372.46823	-506.25903	-4344.3908	21815.4172	-153.32828	1399.61288	591.20765	1527.0731	0.07	3.29768	0.07811	0.67032	3.36602	-247.67573	2.37448	
266.0	114	10.79318	33.10394	6.39792	-401.16056	-124.61291	-237.48705	482.5539	1.72716	28.58258	-17.91519	33.77723	0.07	0.00047	0.00015	0.00028	0.00056	-222.85215	23.28321	
267.0	6	12.708	30.05173	2.68053	-21398.59313	-512.32918	-4513.424	21875.4032	-155.40179	1409.97849	576.72548	1531.27441	0.07	3.29417	0.07887	0.69481	3.36757	-246.55655	3.55905	
267.0	72	12.44007	33.16366	-1.50415	-135.7667	-37.91236	16.21147	141.88995	1.3424	-7.5212	-6.34694	9.93248	0.07	0.00015	4e-05	-2e-05	0.00016	-234.26901	18.95392	
267.0	91	12.23628	33.15189	2.71438	-9121.00851	-2597.51362	-2024.13525	9697.26749	85.25397	201.36927	-642.57645	678.76528	0.07	0.36855	0.10496	0.08179	0.39183	-239.02061	12.601	
267.0	114	10.60411	33.12829	6.69441	-1.06573	-0.33814	-0.67342	1.30522	0.00297	0.0793	-0.04453	0.091	0.07	0.0	0.0	0.0	0.0	-216.74416	24.70269	
267.0	116	7.02505	30.04248	-10.92415	-1.71455	-0.06277	2.65083	3.15761	0.00812	-0.22088	2e-05	0.22103	0.07	0.0	0.0	-0.0	0.0	-111.05527	52.49435	
268.0	6	12.70943	30.05671	2.67303	-21643.95067	-526.39773	-4552.67703	22123.84604	-150.73542	1439.79298	550.13923	1548.6698	0.07	3.32566	0.08088	0.69953	3.39939	-246.30113	4.17812	
268.0	71	12.39846	33.1395	-1.86143	-29.84936	-8.34128	4.43672	31.30888	0.2819	-1.71732	-1.33212	2.19162	0.07	0.0	0.0	-0.0	0.0	-234.00402	19.52426	
268.0	91	12.25983	33.15492	2.60203	-8700.61574	-2481.25471	-1847.99116	9234.30618	72.74136	199.61191	-610.49137	646.4023	0.07	0.36478	0.10403	0.07748	0.38716	-239.84411	12.51141	
268.0	114	10.51201	33.13411	6.83533	-264.98402	-85.20177	-171.89156	327.14306	0.42207	20.24884	-10.68744	22.90011	0.07	0.00035	0.00011	0.00023	0.00044	-215.35669	25.76739	
269.0	6	12.69279	30.06143	2.75171	-21993.97172	-543.78611	-4769.08859	22511.65701	-147.44906	1483.40053	510.86028	1575.81617	0.07	3.37407	0.08342	0.73162	3.45349	-245.97877	5.05832	
269.0	66	12.36862	33.151	-2.03078	-296.8241	-82.83476	48.33285	311.93302	2.704	-17.3006	-13.04452	21.83533	0.07	0.00031	9e-05	-5e-05	0.00032	-234.59089	19.65378	
269.0	91	12.26518	33.15722	2.57351	-8207.1833	-2346.58274	-1724.2848	8708.47095	60.4744	207.36088	-570.04153	609.59251	0.07	0.35516	0.10155	0.07462	0.37685	-240.55916	12.49614	
269.0	112	10.31634	33.136	7.12629	-135.17253	-44.47616	-92.99827	169.99536	0.05199	10.70545	-5.19541	11.89965	0.07	5e-05	2e-05	4e-05	7e-05	-212.23125	27.37445	
270.0	6	12.68485	30.0671	2.78674	-22373.31969	-563.59172	-4916.18252	22914.01144	-144.35873	1522.89872	482.38462	1603.98094	0.07	3.42731	0.08634	0.7531	3.51014	-245.62353	5.77106	
270.0	66	12.34143	33.14662	-2.19644	-172.70461	-48.11241	30.42481	181.84431	1.51343	-10.17427	-7.49826	12.72911	0.07	0.00019	5e-05	-3e-05	0.0002	-234.68111	19.71488	
270.0	91	12.28424	33.15969	2.47859	-8033.29989	-2300.00045	-1623.99852	8512.41919	52.18632	209.79458	-555.26896	595.86978	0.07	0.35691	0.10219	0.07215	0.3782	-240.8899	12.44359	
270.0	112	10.21758	33.14063	7.26491	-36.5052	-12.2005	-25.82941	46.35343	-0.01992	2.94464	-1.36274	3.24474	0.07	2e-05	1e-05	1e-05	2e-05	-210.06752	28.39302	
271.0	6	12.67537	30.07338	2.82811	-22865.94307	-587.83769	-5102.37259	23435.68032	-138.72987	1574.19188	440.34808	1640.49763	0.07	3.49863	0.08994	0.78069	3.58581	-245.16452	6.51485	
271.0	66	12.31052	33.13956	-2.37419	-220.60676	-61.37191	42.37598	232.87245	1.8233	-13.11699	-9.505	16.30107	0.07	0.00029	8e-05	-5e-05	0.0003	-234.19141	19.81755	
271.0	77	1.83946	29.89773	12.85978	-0.03339	-0.00245	-0.22916	0.23159	-0.00098	0.01618	-3e-05	0.01621	0.07	0.0	0.0	0.0	0.0	-54.84931	53.18852	
271.0	91	12.30302	33.16152	2.3799	-7519.03719	-2155.00376	-1458.30781	7956.54593	42.3735	202.17216	-517.2363	556.95824	0.07	0.34122	0.0978	0.06618	0.36107	-240.79909	12.45903	
271.0	112	10.1135	33.14206	7.40844	-3.03121	-1.03074	-2.21288	3.89198	-0.00391	0.24895	-0.1106	0.27244	0.07	0.0	0.0	0.0	0.0	-207.18425	29.45807	
272.0	6	12.67202	30.08019	2.8421	-23380.17772	-613.76177	-5243.82814	23968.87872	-136.4385	1618.7566	418.85917	1677.62671	0.07	3.57367	0.09381	0.80152	3.66365	-244.76792	7.06186	
272.0	89	12.32852	33.16343	2.24086	-7226.29866	-2071.51691	-1318.0158	7632.02072	36.52844	189.47618	-498.07337	534.14664	0.07	0.33379	0.09569	0.06088	0.35254	-241.84514	12.40118	
273.0	6	12.6627	30.08773	2.88252	-23980.39842	-644.15108	-5458.32419	24602.18978	-125.04618	1681.37083	350.95027	1722.15286	0.07	3.66307	0.0984	0.83377	3.75805	-244.03611	7.8503	
273.0	66	12.24107	33.12905	-2.72279	-288.64496	-80.04125	64.17766	306.33525	2.06405	-17.37871	-12.39117	21.44343	0.07	0.00024	7e-05	-5e-05	0.00025	-232.7589	20.07925	
273.0	89	12.34814	33.16408	2.13034	-6346.21934	-1819.70798	-1099.77016	6692.93145	26.46827	170.8551	-435.43629	468.50485	0.07	0.29684	0.08512	0.05144	0.31306	-240.25675	12.54776	
274.0	6	12.66513	30.0952	2.87076	-24582.88981	-674.61215	-5571.50976	25215.37812	-118.12122	1733.38921	311.29722	1765.07697	0.07	3.75328	0.103	0.85065	3.84985	-243.44471	8.3631	
274.0	66	12.20432	33.12158	-2.89168	-133.35823	-36.89553	31.40535	141.88726	0.8778	-8.05821	-5.73948	9.93212	0.07	9e-05	3e-05	-2e-05	0.0001	-231.97488	20.19011	
274.0	84	12.3774	33.16344	1.95399	-5901.21958	-1689.92355	-936.70329	6209.48043	20.92257	152.29625	-406.5724	434.66426	0.07	0.27863	0.07979	0.04423	0.29319	-239.87596	12.55244	
274.0	109	9.9239	33.19128	7.63827	-0.2194	-0.07755	-0.16762	0.28679	-0.00055	0.01848	-0.00782	0.02008	0.07	0.0	0.0	0.0	0.0	-200.22994	31.92991	
275.0	6	12.67121	30.10251	2.84277	-25368.98366	-710.64795	-5690.99558	26009.18652	-106.90717	1800.26619	251.76101	1820.9259	0.07	3.87436	0.10853	0.86913	3.97214	-242.80873	8.63277	
275.0	84	12.40754	33.16179	1.75478	-5252.96498	-1501.251	-747.77706	5514.21492	17.51753	121.15909	-366.2979	386.21308	0.07	0.24995	0.07143	0.03558	0.26238	-240.84706	12.6419	
276.0	6	12.6658	30.11085	2.86573	-25954.51473	-744.84934	-5872.19942	26620.9384	-100.79997	1848.73184	211.02616	1863.46508	0.07	3.96068	0.11366	0.8961	4.06238	-241.92663	9.47436	
276.0	59	12.17517	33.07888	-3.05885	-107.66066	-29.60166	26.81872	114.8317	0.5762	-6.43205	-4.78639	8.0382	0.07	0.00022	6e-05	-6e-05	0.00024	-230.80982	19.79309	
276.0	84	12.42765	33.15927	1.61267	-4558.27423	-1300.87007	-595.91424	4777.57686	10.45732	108.23212	-316.259	334.42982	0.07	0.2171	0.06196	0.02838	0.22755	-238.74942	12.71199	
277.0	6	12.67095	30.11845	2.84182	-26596.62594	-779.57298	-5966.74253	27268.85149	-93.21003	1899.18484	167.34744	1908.82067	0.07	4.05918	0.11898	0.91065	4.16178	-241.14478	9.92638	
277.0	69	12.14848	33.00985	-3.23526	-8.02239	-2.20039	2.09694	8.57891	0.04026	-0.48373	-0.35358	0.60052	0.07	0.0	0.0	-0.0	0.0	-229.86991	19.8097	
277.0	90	12.45198	33.15599	1.41976	-4022.52944	-1145.08944	-462.5761	4207.84381	6.88832	89.17233	-280.64302	294.54993	0.07	0.19182	0.05461	0.02206	0.20066	-238.1627	12.75718	
278.0	6	12.6677	30.12719	2.85511	-27255.99737	-818.69327	-6146.41932	27952.42605	-84.16348	1951.57458	113.27222	1956.66999	0.07	4.16162	0.125	0.93848	4.26796	-240.18441	10.55596	
278.0	51	12.10392	32.99542	-3.41279	-33.45308	-9.16097	9.44128	35.94676	0.13696	-2.02833	-1.48282	2.51627	0.07	1e-05	0.0	-0.0	1e-05	-228.47145	19.98745	
278.0	69	12.1452	33.02849	-3.22817	-191.79405	-52.41238	50.57293	205.15759	0.77544	-11.32527	-8.79639	14.36104	0.07	0.00046	0.00013	-0.00012	0.00049	-229.61974	19.44024	
278.0	77	1.83876	30.19564	12.85292	-0.32	-0.07867	-2.21476	2.23914	-0.00663	0.15653	-0.0046	0.15674	0.07	0.0	0.0	0.0	0.0	-41.84218	54.52877	
278.0	88	12.46833	33.1522	1.27966	-3157.65471	-897.1662	-327.16519	3298.89792	3.28135	68.82459	-220.40382	230.92301	0.07	0.1501	0.04265	0.01555	0.15681	-237.53229	12.9269	
279.0	6	12.67277	30.13546	2.83147	-27523.74877	-844.5209	-6153.0546	28215.77649	-82.29855	1970.71551	97.65136	1974.84897	0.07	4.20419	0.129	0.93986	4.30989	-239.31408	11.64004	
279.0	88	12.48785	33.14781	1.08613	-3107.5462	-880.37173	-273.18674	3241.37761	-2.20991	74.25412	-214.15331	226.672	0.07	0.14726	0.04172	0.01295	0.1536	-233.8485	12.95214	
280.0	6	12.68294	30.1433	2.78523	-28537.80342	-892.29087	-6270.09746	29232.11469	-67.50638	2045.06927	16.21781	2046.2474	0.07	4.36213	0.13639	0.95841	4.46826	-238.40618	11.3791	
280.0	55	12.05678	32.99076	-3.57991	-107.64856	-29.27968	31.88849	116.02753	0.26524	-6.40567	-4.98623	8.12191	0.07	4e-05	1e-05	-1e-05	5e-05	-226.88618	19.76617	
280.0	87	12.50413	33.14272	0.89745	-1999.07768	-564.61043	-145.26198	2082.35384	-0.36018	37.51385	-140.85374	145.76417	0.07	0.0944	0.02666	0.00686	0.09833	-235.88292	13.1286	
281.0	6	12.69426	30.15095	2.7321	-29202.75903	-929.29977	-6286.15012	29886.12414	-59.04573	2090.89025	-34.8012	2092.01328	0.07	4.46736	0.14216	0.96164	4.5719	-237.4444	11.74938	
281.0	85	12.51711	33.13776	0.71722	-1444.84703	-406.83796	-83.98144	1503.38051	-1.26629	25.56527	-102.06207	105.22287	0.07	0.06775	0.01908	0.00394	0.07049	-234.7852	13.27687	
282.0	6	12.70458	30.15833	2.68185	-29949.42132	-969.93663	-6323.6231	30625.1012	-49.51823	2141.12771	-93.88855	2143.75721	0.07	4.58609	0.14852	0.96832	4.68956	-236.42721	12.09587	
282.0	55	12.00754	32.9861	-3.74591	-19.77685	-5.34244	6.11255	21.37823	0.01315	-1.14755	-0.96042	1.49648	0.07	0.0	0.0	-0.0	0.0	-224.92838	19.57961	
282.0	85	12.5266	33.13307	0.55832	-689.53752	-193.61969	-31.25592	716.88737	-1.04817	11.61206	-48.809	50.18224	0.07	0.03204	0.009	0.00145	0.03331	-233.74869	13.48951	
283.0	6	12.71654	30.16511	2.62384	-30667.95448	-1009.39995	-6331.85399	31331.05002	-41.42504	2187.77118	-148.12642	2193.17127	0.07	4.70041	0.15471	0.97047	4.80204	-235.33327	12.68042	
284.0	6	12.71978	30.17285	2.60731	-30675.32692	-1028.64096	-6293.12814	31331.09072	-40.51031	2186.9666	-160.00573	2193.18623	0.07	4.70864	0.1579	0.96599	4.8093	-234.05592	14.95825	
285.0	6	12.71923	30.1806	2.60886	-30665.23749	-1046.94333	-6294.5639	31322.10746	-41.33187	2186.14602	-162.25417	2192.54856	0.07	4.71195	0.16087	0.96721	4.81288	-232.64335	17.02055	
285.0	116	7.01544	29.30112	-10.92507	-12.8268	0.83886	19.82784	23.62993	0.01867	-1.65196	0.08197	1.6541	0.07	0.0	-0.0	-0.0	1e-05	-119.52614	37.73254	
286.0	6	12.72358	30.18651	2.58726	-30681.20282	-1060.87826	-6242.74666	31327.83993	-40.87756	2185.92027	-170.56958	2192.94605	0.07	4.71909	0.16317	0.9602	4.81855	-231.28183	18.46983	
286.0	116	7.01635	29.28784	-10.92384	-1.74678	0.12373	2.69963	3.21785	0.00181	-0.22494	0.01148	0.22524	0.07	0.0	-0.0	-0.0	0.0	-116.32786	35.47874	
287.0	6	12.72402	30.19265	2.58432	-30678.66547	-1075.64919	-6234.98232	31324.31229	-41.18421	2185.36536	-174.37258	2192.69781	0.07	4.72254	0.16558	0.95979	4.82192	-229.8432	19.73386	
287.0	116	7.00999	29.17493	-10.92252	-8.67653	0.66177	13.40985	15.98575	0.01297	-1.11718	0.06352	1.11906	0.07	0.0	-0.0	-0.0	0.0	-114.07463	33.65296	
288.0	6	12.73307	30.19566	2.53783	-30697.0971	-1083.43933	-6123.76898	31320.69855	-37.6995	2183.21322	-197.28275	2192.43282	0.07	4.72949	0.16692	0.94349	4.82557	-228.67496	20.61713	
289.0	6	12.73019	30.2022	2.5512	-30700.17472	-1100.04808	-6158.8817	31331.17708	-40.83376	2184.84798	-186.69529	2193.19019	0.07	4.73396	0.16963	0.9497	4.83126	-226.90867	21.6351	
290.0	6	12.73504	30.20627	2.52554	-30708.49877	-1109.627	-6096.20681	31327.41462	-39.63542	2183.6242	-197.80567	2192.92332	0.07	4.73912	0.17124	0.9408	4.83463	-225.35318	22.51911	
291.0	6	12.74033	30.21001	2.4977	-30712.32698	-1117.90897	-6026.174	31317.91056	-39.97818	2182.64605	-201.15197	2192.26006	0.07	4.74336	0.17266	0.93071	4.83689	-223.91668	23.24392	
292.0	6	12.74225	30.21467	2.48691	-30716.90446	-1129.19189	-6000.30238	31317.83713	-37.81157	2181.14224	-216.90138	2192.22658	0.07	4.74792	0.17454	0.92747	4.84081	-222.08232	24.12871	
293.0	6	12.74493	30.21874	2.47234	-30727.13296	-1139.7203	-5966.66537	31321.82559	-38.45718	2181.26496	-218.60672	2192.52929	0.07	4.75315	0.1763	0.92298	4.84514	-220.19114	24.82629	
294.0	6	12.7494	30.22211	2.44879	-30745.32132	-1148.36796	-5912.13665	31329.64877	-38.81646	2181.4579	-221.86428	2193.05473	0.07	4.75879	0.17775	0.91509	4.84923	-218.36221	25.53922	
295.0	6	12.7525	30.22603	2.43214	-30751.25181	-1157.80128	-5872.2773	31328.31997	-37.85986	2180.38765	-231.63376	2192.98378	0.07	4.7625	0.17931	0.90945	4.85187	-216.40018	26.13277	
295.0	116	6.88984	28.86106	-10.97745	-0.53523	0.06549	0.84861	1.00544	0.00019	-0.07016	0.00553	0.07038	0.07	0.0	-0.0	-0.0	0.0	-104.43005	23.70445	
296.0	6	12.75611	30.2297	2.41289	-30761.88621	-1166.40417	-5825.08502	31330.26903	-37.33944	2179.70815	-239.27361	2193.11963	0.07	4.76721	0.18076	0.90272	4.85529	-214.43394	26.80211	
297.0	6	12.76152	30.23223	2.38328	-30773.03182	-1172.52951	-5753.35553	31328.18879	-34.86197	2177.52627	-257.31165	2192.95356	0.07	4.77184	0.18182	0.89215	4.85793	-212.27526	27.29845	
298.0	6	12.76494	30.23544	2.36369	-30777.82302	-1180.55801	-5706.0853	31324.55133	-37.77965	2178.46689	-246.93482	2192.74306	0.07	4.77512	0.18316	0.88529	4.85994	-210.30293	27.84472	
299.0	6	12.76511	30.24043	2.36161	-30777.97939	-1192.8139	-5701.65869	31324.36324	-39.66079	2178.95813	-241.75641	2192.68732	0.07	4.77718	0.18514	0.88498	4.86198	-208.03675	28.36617	
300.0	6	12.77372	30.24086	2.31395	-30794.22206	-1193.73254	-5586.74721	31319.65603	-37.19737	2176.59334	-260.04512	2192.38812	0.07	4.78194	0.18537	0.86755	4.86354	-205.75294	28.80791	
301.0	6	12.77721	30.24407	2.29396	-30801.7699	-1201.21921	-5537.52286	31318.62251	-36.7004	2175.58803	-267.795	2192.31484	0.07	4.78567	0.18663	0.86037	4.86598	-203.43939	29.25003	
301.0	65	2.36166	31.20097	12.69148	-1.69654	-1.01955	-9.07779	9.29107	-0.00918	0.6465	-0.0709	0.65044	0.07	0.0	0.0	0.0	0.0	-46.80981	68.35179	
302.0	6	12.78172	30.24651	2.26851	-30816.4789	-1207.39661	-5476.95372	31322.67869	-35.95425	2174.72266	-277.11927	2192.60267	0.07	4.79069	0.1877	0.85144	4.86938	-201.09574	29.69575	
303.0	6	12.78651	30.24874	2.24154	-30814.17402	-1212.51755	-5410.44689	31309.0475	-35.73221	2172.93148	-283.46253	2191.63387	0.07	4.79165	0.18855	0.84133	4.86861	-198.66032	30.06435	
304.0	6	12.79114	30.25088	2.21477	-30834.35548	-1218.28663	-5348.50711	31318.49659	-35.75285	2172.89079	-288.82594	2192.29402	0.07	4.79574	0.18948	0.83187	4.87104	-196.1653	30.51268	
305.0	6	12.79548	30.25305	2.18818	-30845.71707	-1223.62413	-5284.91454	31319.09704	-35.0676	2171.67411	-298.13681	2192.32382	0.07	4.79901	0.19037	0.82223	4.87266	-193.55977	30.79659	
306.0	6	12.79968	30.25524	2.16246	-30835.80131	-1227.97532	-5218.77717	31298.40572	-35.60166	2169.92999	-300.22641	2190.89012	0.07	4.79917	0.19112	0.81223	4.87116	-190.99274	31.01542	
307.0	6	12.80541	30.25629	2.12786	-30816.81455	-1229.17358	-5129.68186	31265.0054	-35.23875	2166.56223	-307.45278	2188.55223	0.07	4.79824	0.19138	0.7987	4.86803	-188.24591	31.25977	
308.0	6	12.80987	30.2581	2.10067	-30729.02105	-1229.74362	-5048.22261	31165.19783	-35.13153	2158.84469	-312.04407	2181.56277	0.07	4.78556	0.19151	0.78618	4.85348	-185.54337	31.52049	
309.0	6	12.81491	30.25941	2.07008	-30603.09172	-1227.57718	-4953.55244	31025.69662	-35.10398	2148.46728	-315.55515	2171.80087	0.07	4.76648	0.1912	0.77152	4.8323	-182.40864	31.52836	
310.0	6	12.81989	30.26067	2.03944	-30445.13606	-1223.96976	-4854.43674	30854.01057	-35.1024	2135.89637	-318.38402	2159.78097	0.07	4.74197	0.19064	0.7561	4.80566	-179.52908	31.6739	
311.0	6	12.82484	30.26154	2.0067	-30247.36892	-1217.56541	-4743.46311	30641.25053	-34.55333	2120.02154	-323.83881	2144.89087	0.07	4.71137	0.18965	0.73885	4.77272	-176.31689	31.67516	
312.0	6	12.8293	30.26281	1.97712	-29950.72699	-1208.07507	-4625.90343	30329.92705	-34.53297	2097.89743	-324.28908	2123.09434	0.07	4.66559	0.18819	0.7206	4.72466	-173.23393	31.54909	
313.0	6	12.83428	30.2634	1.94424	-29645.44139	-1196.66188	-4500.88012	30009.03392	-34.17892	2074.81837	-326.51546	2100.63129	0.07	4.61742	0.18639	0.70103	4.67405	-170.13686	31.49871	
313.0	116	6.50319	28.26524	-11.14736	-0.0089	0.00199	0.01514	0.01768	-4e-05	-0.00123	0.00014	0.00124	0.07	0.0	-0.0	-0.0	0.0	-86.98586	8.35292	
314.0	6	12.83783	30.26519	1.92046	-29476.12556	-1193.83792	-4420.22476	29829.60969	-34.20758	2061.75021	-328.73637	2088.07367	0.07	4.59009	0.18591	0.68833	4.64513	-167.01729	31.52328	
314.0	116	6.50774	28.26639	-11.14482	-12.34317	2.80832	20.99031	24.51191	-0.07161	-1.70424	0.1859	1.71584	0.07	0.0	-0.0	-0.0	0.0	-86.51044	7.69157	
315.0	6	12.8451	30.26357	1.8732	-29500.03595	-1190.45842	-4312.89632	29837.39913	-34.20074	2061.30053	-335.03463	2088.63059	0.07	4.59232	0.18532	0.6714	4.64484	-164.18777	31.6429	
316.0	6	12.84893	30.2647	1.84588	-29520.477	-1193.68438	-4252.25253	29849.03845	-34.72025	2061.66817	-337.70872	2089.43254	0.07	4.59401	0.18576	0.66174	4.64514	-160.97683	31.62144	
317.0	6	12.85448	30.26399	1.80589	-29531.91708	-1191.88214	-4159.11672	29847.16002	-34.60957	2060.38245	-344.69968	2089.30408	0.07	4.59508	0.18545	0.64715	4.64413	-157.98455	31.60523	
318.0	6	12.85933	30.26392	1.77086	-29547.94622	-1191.83598	-4079.215	29851.9948	-34.85449	2059.92932	-349.38568	2089.63968	0.07	4.59667	0.18541	0.63459	4.64397	-154.81243	31.52821	
319.0	6	12.86414	30.26385	1.73624	-29549.76048	-1191.33379	-3999.05031	29842.92252	-35.25257	2058.69508	-352.80579	2089.00457	0.07	4.59601	0.18529	0.62199	4.64161	-151.22487	31.29008	
320.0	6	12.8694	30.26318	1.69844	-29418.89765	-1183.98007	-3892.85284	29698.95033	-35.33152	2047.93935	-355.85855	2078.92741	0.07	4.57398	0.18408	0.60525	4.61752	-147.99681	31.2889	
320.0	70	3.04993	31.81904	12.45615	-0.31907	-0.20934	-1.27689	1.33269	-0.00105	0.0921	-0.01484	0.09329	0.07	0.0	0.0	0.0	0.0	-29.71696	58.69191	
321.0	6	12.87441	30.2621	1.6598	-29102.79556	-1168.55411	-3762.97605	29368.31995	-35.15825	2024.29271	-356.71024	2055.78191	0.07	4.52276	0.1816	0.58479	4.56402	-144.38585	31.28006	
322.0	6	12.87894	30.26132	1.62355	-28820.55632	-1155.18354	-3644.38659	29073.01961	-35.11161	2003.18268	-357.29124	2035.09967	0.07	4.47676	0.17944	0.56609	4.51597	-140.76786	31.07041	
323.0	6	12.88519	30.2582	1.574	-28295.18704	-1126.78718	-3467.51755	28529.12437	-34.24187	1964.23575	-358.87215	1997.04377	0.07	4.39303	0.17494	0.53836	4.42935	-137.47125	31.12639	
324.0	6	12.8877	30.25964	1.55323	-28280.06308	-1129.03073	-3418.43315	28508.28587	-35.43976	1963.35931	-355.26634	1995.55755	0.07	4.38836	0.1752	0.53046	4.42378	-133.86332	30.76596	
325.0	6	12.89391	30.25647	1.50362	-28278.0376	-1121.37016	-3308.11689	28492.9556	-34.31781	1959.41461	-370.84203	1994.4942	0.07	4.38568	0.17391	0.51306	4.41901	-130.3385	30.17985	
326.0	6	12.8977	30.25581	1.46935	-28243.9913	-1118.14247	-3228.28985	28449.87069	-35.81919	1957.49989	-364.61627	1991.49036	0.07	4.37781	0.17331	0.50038	4.40972	-126.99954	29.81142	
327.0	6	12.90266	30.25331	1.42509	-28224.94317	-1111.43438	-3127.95366	28419.47919	-36.06197	1954.49497	-369.07382	1989.36335	0.07	4.37222	0.17217	0.48454	4.40236	-123.51651	29.43604	
328.0	6	12.90602	30.25312	1.39464	-28180.52187	-1109.06227	-3055.89168	28367.41627	-37.45915	1951.86914	-362.94681	1985.68042	0.07	4.36258	0.17169	0.47308	4.39151	-119.6677	28.95191	
329.0	6	12.91113	30.25033	1.3492	-28095.70725	-1099.37542	-2947.28521	28271.25541	-36.98223	1943.28401	-372.328	1978.97665	0.07	4.34718	0.1701	0.45603	4.37434	-116.12491	28.48632	
330.0	6	12.91461	30.24961	1.31647	-28019.78278	-1094.63428	-2867.56706	28187.39776	-37.73665	1937.54977	-370.8843	1973.08852	0.07	4.33299	0.16927	0.44344	4.35891	-112.48763	28.05024	
330.0	116	6.22916	27.85042	-11.23947	-2.00721	0.605	3.61345	4.17756	-0.09207	0.26107	-0.09485	0.29263	0.07	0.0	-0.0	-0.0	0.0	-67.50037	0.87707	
331.0	6	12.92182	30.24181	1.24427	-27931.33589	-1073.48702	-2699.75119	28082.03261	-36.47863	1926.59542	-388.65743	1965.74546	0.07	4.31687	0.16591	0.41725	4.34016	-108.91611	27.53471	
332.0	6	12.92368	30.24326	1.22422	-27834.77753	-1072.90073	-2647.38656	27980.96874	-38.35792	1921.93518	-375.6012	1958.66853	0.07	4.29955	0.16573	0.40893	4.32214	-104.81246	26.98164	
333.0	6	12.92757	30.24119	1.1845	-27728.61171	-1064.04439	-2551.60177	27866.08637	-39.20471	1914.37898	-372.27288	1950.63348	0.07	4.28059	0.16426	0.3939	4.30181	-101.15401	26.49245	
334.0	6	12.93195	30.23797	1.13907	-27605.81748	-1051.8432	-2441.73604	27733.54662	-38.83654	1903.2377	-380.79184	1941.34604	0.07	4.25856	0.16226	0.37667	4.27826	-97.41074	25.98309	
335.0	6	12.93561	30.235	1.09566	-27503.11994	-1041.23662	-2339.88929	27622.10821	-38.99405	1894.5104	-384.70865	1933.56948	0.07	4.23988	0.16052	0.36072	4.25823	-93.55395	25.36913	
336.0	6	12.93886	30.23283	1.05674	-27367.54086	-1031.2315	-2245.76718	27478.88646	-40.20529	1885.92628	-376.04377	1923.47168	0.07	4.21609	0.15887	0.34597	4.23325	-89.48109	24.71022	
337.0	6	12.94321	30.2283	1.00551	-27254.74667	-1017.07761	-2127.95129	27356.60505	-40.28068	1876.26992	-380.86978	1914.96035	0.07	4.1958	0.15658	0.32759	4.21148	-85.7276	24.04208	
337.0	116	6.00618	27.82317	-11.35599	-0.0	0.0	1e-05	1e-05	-0.0	0.0	-0.0	0.0	0.07	0.0	-0.0	-0.0	0.0	-57.60491	2.56847	
338.0	6	12.94781	30.22267	0.94908	-27158.36025	-1001.12545	-2000.54219	27250.33858	-39.4558	1865.21014	-397.76948	1907.56027	0.07	4.17828	0.15402	0.30778	4.19243	-81.91808	23.41829	
339.0	6	12.94923	30.22353	0.92782	-27040.03181	-998.52411	-1947.12376	27128.42903	-41.07024	1859.47797	-383.22827	1899.0021	0.07	4.15696	0.15351	0.29934	4.17055	-77.92426	22.74173	
340.0	6	12.95266	30.2193	0.87991	-26930.04887	-985.41062	-1838.97685	27010.74605	-41.42938	1850.69145	-384.99439	1890.76596	0.07	4.13724	0.15139	0.28252	4.14964	-74.01165	21.98055	
341.0	6	12.9561	30.21504	0.83181	-26802.63102	-971.80063	-1731.02552	26876.0465	-41.82954	1840.86736	-385.79115	1881.32325	0.07	4.11468	0.14919	0.26574	4.12596	-69.95957	21.23382	
342.0	6	12.95866	30.21299	0.79538	-26665.11316	-962.47849	-1647.15672	26733.27047	-42.35699	1830.9778	-384.19094	1871.33015	0.07	4.09015	0.14763	0.25266	4.1006	-65.92213	20.46289	
342.0	116	5.84137	27.67703	-11.41587	-10.68051	3.78621	20.68116	23.58217	-0.18376	1.59425	-0.38677	1.65076	0.07	0.0	-0.0	-0.0	0.0	-49.68066	3.12531	
343.0	6	12.96196	30.2073	0.74053	-26546.65973	-946.04018	-1526.09808	26607.3131	-42.78915	1821.78003	-385.01333	1862.51138	0.07	4.06825	0.14498	0.23387	4.07755	-62.04352	19.77042	
344.0	6	12.9645	30.20345	0.69561	-26558.03834	-938.45094	-1435.13023	26613.33668	-43.58716	1822.20099	-384.95239	1862.92904	0.07	4.067	0.14371	0.21977	4.07547	-58.09883	18.93598	
345.0	6	12.96712	30.19927	0.64925	-26568.18525	-930.04502	-1340.76464	26618.24752	-44.25899	1822.12312	-386.92507	1863.27736	0.07	4.06551	0.14232	0.20517	4.07317	-54.11699	18.09127	
346.0	6	12.96958	30.1956	0.60572	-26575.6041	-922.49865	-1251.43037	26621.04083	-45.06571	1822.44034	-386.398	1863.49755	0.07	4.06351	0.14105	0.19135	4.07046	-50.10569	17.21829	
347.0	6	12.97178	30.1905	0.55497	-26582.28287	-912.0678	-1147.67302	26622.67424	-45.64118	1821.63498	-390.53628	1863.58679	0.07	4.06152	0.13936	0.17535	4.06769	-45.9252	16.31104	
348.0	6	12.97369	30.18651	0.50986	-26590.49245	-903.97797	-1055.43039	26626.77972	-46.38508	1821.67544	-391.64337	1863.87701	0.07	4.06017	0.13803	0.16116	4.06571	-41.78681	15.45956	
348.0	116	5.67701	27.6693	-11.49704	-1.00974	0.37909	2.02185	2.29154	-0.01868	0.15464	-0.03832	0.16041	0.07	0.0	-0.0	-0.0	0.0	-40.33214	3.25364	
349.0	6	12.97576	30.1818	0.46115	-26595.71436	-894.15731	-955.01746	26627.87257	-47.09301	1821.2784	-393.74887	1863.95036	0.07	4.05864	0.13645	0.14574	4.06355	-37.62938	14.54526	
350.0	6	12.9776	30.17758	0.41508	-26601.16055	-885.44881	-860.3621	26629.79507	-47.85289	1821.17975	-394.73953	1864.08285	0.07	4.05689	0.13504	0.13121	4.06125	-33.52266	13.67357	
351.0	6	12.97892	30.17318	0.36837	-26609.57238	-876.58781	-765.01479	26634.9957	-48.6336	1821.39326	-395.40659	1864.453	0.07	4.05588	0.13361	0.11661	4.05976	-29.43875	12.80067	
352.0	6	12.98013	30.16935	0.32479	-26607.8885	-868.5797	-675.73725	26630.63616	-49.3901	1820.96217	-395.84084	1864.14392	0.07	4.05372	0.13233	0.10295	4.05718	-25.3128	11.91475	
352.0	116	5.54784	27.53318	-11.53419	-0.2981	0.11632	0.61454	0.69286	-0.00392	0.04712	-0.01082	0.0485	0.07	0.0	-0.0	-0.0	0.0	-33.53344	3.18627	
353.0	6	12.98165	30.16359	0.27175	-26615.00967	-856.61714	-566.09365	26634.80796	-50.129	1820.7066	-398.28138	1864.43383	0.07	4.05298	0.13045	0.08621	4.056	-21.1976	11.04626	
354.0	6	12.98261	30.16063	0.23286	-26618.22086	-850.46191	-486.01882	26636.23813	-51.08108	1822.32367	-391.19784	1864.53978	0.07	4.05159	0.12945	0.07398	4.05433	-16.98663	10.12945	
355.0	100	12.98341	30.15493	0.18057	-26624.41903	-838.90113	-379.16388	26640.3305	-51.70121	1820.99907	-398.57028	1864.82409	0.07	4.05083	0.12764	0.05769	4.05325	-12.86496	9.2405	
356.0	56	5.34115	27.53107	-11.63119	-1.19857	0.49269	2.58971	2.89584	-0.01727	0.19679	-0.04543	0.20271	0.07	0.0	-0.0	-0.0	0.0	-26.54107	3.06102	
356.0	100	12.98411	30.15025	0.13349	-26631.07177	-829.39643	-282.58034	26645.48242	-52.48518	1821.22618	-399.1143	1865.1841	0.07	4.05042	0.12615	0.04298	4.05262	-8.73642	8.31034	
357.0	56	5.34811	27.53579	-11.62881	-16.78419	6.88997	36.23071	40.51968	-0.21188	2.75902	-0.62284	2.83637	0.07	0.0	-0.0	-0.0	0.0	-24.81666	3.04148	
357.0	100	12.98455	30.14843	0.10067	-26611.83862	-825.08638	-215.43283	26625.49781	-53.1982	1819.89051	-398.56916	1863.78348	0.07	4.04604	0.12545	0.03275	4.04812	-4.62785	7.41006	
358.0	100	12.98546	30.13817	0.02635	-26630.28807	-804.36735	-62.75483	26642.50716	-54.03686	1820.35913	-401.88643	1864.97723	0.07	1.89575	0.05726	0.00447	1.89662	-1.13855	6.5127	
359.0	100	12.98559	30.13654	-0.00488	-26631.87898	-800.9709	1.62234	26643.92117	-54.86009	1823.28286	-388.72538	1865.06768	0.07	-2.2852	-0.06873	0.00014	-2.28623	1.39861	5.76775	
360.0	56	5.18436	27.53159	-11.70201	-5.78918	2.46105	12.94195	14.38977	-0.09197	0.97707	-0.22694	1.00728	0.07	0.0	-0.0	-0.0	0.0	-22.1953	2.04892	
360.0	100	12.98547	30.1301	-0.06012	-26626.24345	-787.40386	115.34452	26638.13337	-55.56689	1820.40946	-400.01986	1864.66999	0.07	-3.58529	-0.10603	0.01553	-3.58689	2.5039	4.97602	
