Version	KoJaC2_v7r2	 	 INTERNAL 
Testrig	Axial Cycle Force Generation 
Modfile	016cccc.mod
comment	VShape GPPC ZUM
Analysis name	.a016cccc_t2600a040d
Applied torque	2600.0
Rpm	200.0
Articulation angle	4.0
Mode	Drive
Contact	cfo_sp_ro_1
Part	iroller_1
RefSystem	dummy_tutr1.rofix_ref


Angle_Rot_Spider.Last_Rot	Track	CPoint_x	CPoint_y	CPoint_z	Normal_Force_x	Normal_Force_y	Normal_Force_z	Normal_Force_mag	Friction_Force_x	Friction_Force_y	Friction_Force_z	Friction_Force_mag	Friction_Force_Mu	Friction_Torque_x	Friction_Torque_y	Friction_Torque_z	Friction_Torque_mag	Boring_Velocity	Slip_Velocity	Pos_Ball_x	Pos_Ball_y	Pos_Ball_z	
0.0	8	13.17598	-0.67244	-0.00549	27074.34468	598.50065	14.59828	27080.96298	41.88632	-1895.15838	14.30819	1895.67521	0.07	-3.09379	-0.06839	-0.00167	3.09455	1.89838	0.54036	
1.0	8	13.17599	-0.67226	-0.03447	27034.59179	597.75869	-44.58351	27041.23622	41.90921	-1891.80535	48.34431	1892.88695	0.07	-4.09749	-0.0906	0.00676	4.0985	3.11657	0.40604	
2.0	8	13.17589	-0.67211	-0.01365	27002.05382	596.9724	-1.44952	27008.6521	41.78757	-1890.0842	15.33626	1890.60829	0.07	-4.15509	-0.09186	0.00022	4.1561	4.4581	0.27733	
3.0	8	13.17583	-0.67178	-0.01975	26968.59995	596.29344	-13.62085	26975.1948	41.74797	-1887.7094	18.75896	1888.26416	0.07	-4.14888	-0.09173	0.0021	4.14989	5.6935	0.16677	
4.0	8	13.17572	-0.67139	-0.01814	26892.84023	594.62071	-10.17575	26899.41511	41.25032	-1865.32616	17.3712	1865.86308	0.06936	-4.13613	-0.09145	0.00157	4.13714	6.71661	0.09212	
5.0	8	13.17559	-0.67098	-0.01467	26818.36469	592.79979	-3.13532	26824.91577	40.28474	-1822.40263	16.21034	1822.91991	0.06796	-4.12348	-0.09115	0.00048	4.12449	8.21736	0.0857	
6.0	8	13.17545	-0.67053	-0.021	26779.37235	591.64923	-16.28215	26785.91229	39.20416	-1773.96692	18.21963	1774.49361	0.06625	-4.11626	-0.09094	0.0025	4.11726	9.1733	0.08045	
7.0	8	13.1753	-0.6701	-0.02255	26746.04429	590.45318	-19.70486	26752.56826	37.89503	-1715.8945	19.6344	1716.4252	0.06416	-4.11011	-0.09074	0.00303	4.11111	10.84481	0.07538	
8.0	1	4.91607	-0.80139	-12.12106	0.39397	0.01086	-1.00812	1.08242	0.00136	-0.07578	-0.00028	0.07579	0.07	-0.0	-0.0	0.0	0.0	3.40837	2.43084	
8.0	8	13.17518	-0.66963	-0.03128	26720.85863	589.31016	-38.01519	26727.38329	36.69562	-1661.92765	30.18689	1662.60678	0.06221	-4.10543	-0.09054	0.00584	4.10643	11.80749	0.07135	
9.0	8	13.17504	-0.66917	-0.03681	26698.85013	588.06246	-50.38085	26705.37313	35.01615	-1586.55083	37.71033	1587.38519	0.05944	-4.10154	-0.09034	0.00774	4.10254	12.4815	0.06634	
9.0	96	4.88406	-0.9257	12.11196	0.72127	0.01197	1.86237	1.9972	-0.0005	0.1398	-0.0007	0.1398	0.07	-0.0	-0.0	-0.0	0.0	5.01142	2.65792	
10.0	8	13.17493	-0.66873	-0.03657	26677.24441	586.65312	-50.08973	26683.74112	33.76748	-1531.73273	44.47233	1532.75021	0.05744	-4.0975	-0.09011	0.00769	4.0985	13.28191	0.06307	
11.0	8	13.17484	-0.66831	-0.02501	26657.3273	585.12887	-26.40688	26663.76139	32.28321	-1469.6736	24.07216	1470.22521	0.05514	-4.09387	-0.08986	0.00406	4.09485	14.62086	0.05955	
12.0	8	13.17475	-0.66787	-0.01996	26637.95248	583.53114	-16.19876	26644.34805	30.26708	-1381.26665	14.86671	1381.67821	0.05186	-4.0902	-0.0896	0.00249	4.09118	16.89067	0.0549	
13.0	8	13.17467	-0.66737	-0.03575	26615.44669	581.81817	-48.66747	26621.84974	28.59865	-1306.32643	23.04149	1306.84258	0.04909	-4.08597	-0.08932	0.00747	4.08696	16.65264	0.05123	
14.0	8	13.17461	-0.66697	-0.01373	26601.73078	579.99487	-3.9648	26608.05311	26.64832	-1222.14652	13.27632	1222.50911	0.04594	-4.08317	-0.08902	0.00061	4.08414	15.84568	0.04728	
15.0	8	13.17455	-0.66648	-0.026	26584.59813	578.06855	-29.23025	26590.89836	24.71418	-1135.03122	30.47507	1135.7092	0.04271	-4.07959	-0.08871	0.00449	4.08056	16.68032	0.0434	
16.0	8	13.17448	-0.66604	-0.01416	26576.46928	576.12861	-5.29901	26582.71378	21.43549	-988.58188	24.39208	989.11505	0.03721	-4.07737	-0.08839	0.00081	4.07833	22.18414	0.03715	
17.0	1	4.87326	-0.76534	-12.13638	7.08227	0.18399	-18.38785	19.70546	0.16657	-1.36836	0.05046	1.37938	0.07	-0.0	-0.0	0.0	0.0	10.24402	5.27349	
17.0	8	13.17438	-0.66554	-0.02693	26574.04064	574.28828	-31.31349	26580.26379	18.86481	-871.28839	30.13218	872.01335	0.03281	-4.07586	-0.08808	0.0048	4.07682	23.27902	0.03238	
18.0	1	4.88784	-0.77733	-12.13071	6.76461	0.17397	-17.50315	18.76568	0.02829	-1.31331	-0.00212	1.31362	0.07	-0.0	-0.0	0.0	0.0	10.62038	5.31431	
18.0	8	13.17433	-0.66507	-0.03009	26583.1697	572.54953	-37.89232	26589.36178	16.91142	-782.97515	33.43577	783.87118	0.02948	-4.07628	-0.0878	0.00581	4.07723	23.43184	0.02888	
19.0	8	13.17431	-0.6646	-0.04144	26598.55443	570.86372	-61.83561	26604.75159	9.93979	-457.23306	54.43772	460.56958	0.01731	-4.07711	-0.0875	0.00948	4.07806	24.73533	0.01664	
20.0	8	13.17424	-0.66415	-0.04526	26602.3543	568.79933	-69.63084	26608.52561	11.84732	-549.60771	36.6249	550.95406	0.02071	-4.07786	-0.08719	0.01067	4.0788	26.25323	0.01999	
20.0	96	4.89728	-0.87118	12.10723	1.55897	0.02723	4.02827	4.3195	0.00514	0.30229	-0.00403	0.30236	0.07	-0.0	-0.0	-0.0	0.0	6.79148	5.1347	
21.0	8	13.17413	-0.66368	-0.06147	26640.14285	567.42646	-102.69527	26646.38306	2.68449	-114.69513	62.65405	130.71997	0.00491	-4.08231	-0.08695	0.01574	4.08326	30.49373	0.00468	
22.0	8	13.17418	-0.66327	-0.03888	26699.46572	566.31498	-56.50203	26705.5308	5.67841	-265.17471	25.45253	266.45394	0.00998	-4.09178	-0.08679	0.00866	4.09271	31.89095	0.00953	
23.0	8	13.17418	-0.66277	-0.05873	26758.78386	565.20587	-97.12105	26764.92862	2.6062	-115.44249	46.22938	124.38214	0.00465	-4.10063	-0.08661	0.01488	4.10157	33.1668	0.00443	
24.0	8	13.17419	-0.66232	-0.05246	26817.81002	563.89169	-84.39602	26823.87054	-0.09319	11.03643	44.1285	45.48775	0.0017	-4.10944	-0.08641	0.01293	4.11037	34.52903	0.00162	
25.0	8	13.17417	-0.66185	-0.05612	26895.53261	562.86965	-92.04818	26901.57931	-3.68141	183.153	44.3	188.47033	0.00701	-4.1212	-0.08625	0.0141	4.12213	35.9217	0.00668	
26.0	8	13.17421	-0.66137	-0.05721	26980.75905	561.90441	-94.496	26986.775	-5.74562	283.25982	43.85045	286.69147	0.01062	-4.13398	-0.08609	0.01448	4.1349	37.09513	0.01015	
27.0	8	13.17429	-0.66089	-0.05466	27028.32426	560.07319	-89.35464	27034.27415	-8.55238	420.30527	47.51046	423.06844	0.01565	-4.14151	-0.08582	0.01369	4.14242	38.32086	0.01502	
28.0	1	4.86013	-0.80308	-12.14097	9.70875	0.23192	-25.05359	26.86998	0.06115	-1.87981	0.00629	1.88082	0.07	-0.0	-0.0	0.0	0.0	18.58304	8.99344	
28.0	8	13.17439	-0.6604	-0.05129	27095.29413	558.5751	-82.49195	27101.17664	-11.7596	576.89836	43.77649	578.67641	0.02135	-4.15151	-0.08558	0.01264	4.15241	39.5631	0.02063	
29.0	1	4.87419	-0.80786	-12.13548	2.97203	0.07046	-7.64543	8.20308	0.01279	-0.57407	-0.00032	0.57421	0.07	-0.0	-0.0	0.0	0.0	19.24915	9.28442	
29.0	8	13.17453	-0.65992	-0.04	27208.33493	557.93485	-59.39109	27214.11964	-14.72782	721.86555	34.25718	722.82802	0.02656	-4.1683	-0.08548	0.0091	4.16919	40.82427	0.02587	
30.0	1	4.8908	-0.81225	-12.12902	5.72164	0.1346	-14.67332	15.74997	0.02562	-1.1022	-0.00012	1.1025	0.07	-0.0	-0.0	0.0	0.0	19.95007	9.56994	
30.0	8	13.17468	-0.65941	-0.03719	27282.93628	556.43521	-54.21416	27288.66379	-17.9161	881.84812	34.81491	882.71692	0.03235	-4.17978	-0.08525	0.00831	4.18066	42.06894	0.03189	
31.0	1	4.90539	-0.81569	-12.12332	9.0058	0.2102	-23.03367	24.73254	0.04093	-1.73078	0.00021	1.73127	0.07	-0.0	-0.0	0.0	0.0	20.46921	9.82463	
31.0	8	13.1748	-0.6589	-0.03371	27373.40954	555.18281	-47.05887	27379.07947	-20.82409	1029.69365	34.89235	1030.49509	0.03764	-4.19394	-0.08506	0.00721	4.19481	43.28757	0.03762	
32.0	1	4.91846	-0.81795	-12.11818	12.19954	0.2825	-31.12483	33.43147	0.056	-2.33953	0.00071	2.3402	0.07	-0.0	-0.0	0.0	0.0	21.03255	10.08506	
32.0	8	13.17491	-0.65837	-0.03043	27477.88772	554.15635	-40.41816	27483.50481	-23.78873	1182.12591	35.09434	1182.88595	0.04304	-4.21056	-0.08492	0.00619	4.21142	44.49114	0.04379	
32.0	96	4.90744	-0.88973	12.10462	0.0878	0.00151	0.22517	0.24169	-0.00039	0.01691	4e-05	0.01692	0.07	-0.0	-0.0	-0.0	0.0	11.36275	8.72035	
33.0	8	13.175	-0.6578	-0.04463	27602.16019	553.53816	-71.47302	27607.80252	-26.46705	1325.10376	41.24295	1326.0096	0.04803	-4.23041	-0.08484	0.01095	4.23128	45.68345	0.04988	
34.0	8	13.17514	-0.65723	-0.04495	27664.36835	551.57745	-72.45522	27669.96139	-28.66962	1442.1351	32.0519	1442.77611	0.05214	-4.24067	-0.08455	0.01111	4.24153	46.86055	0.05529	
35.0	8	13.17514	-0.6566	-0.06707	27714.77758	549.3578	-119.95926	27720.48124	-31.92926	1622.88927	55.307	1624.14529	0.05859	-4.24992	-0.08424	0.0184	4.2508	48.05033	0.06492	
36.0	8	13.17532	-0.65601	-0.04354	27773.66065	547.14455	-70.61207	27779.13928	-35.00252	1781.39131	35.83638	1782.09551	0.06415	-4.26002	-0.08392	0.01083	4.26086	49.13361	0.07537	
37.0	8	13.17541	-0.65535	-0.04525	27815.13636	544.65129	-74.79082	27820.56882	-37.67909	1929.51386	38.28403	1930.26141	0.06938	-4.26733	-0.08356	0.01147	4.26817	50.34494	0.09223	
38.0	8	13.17548	-0.65451	-0.04808	27845.3114	542.17936	-81.3697	27850.70819	-37.83501	1948.81522	37.84959	1949.5499	0.07	-4.2727	-0.08319	0.01249	4.27353	51.47452	0.422	
39.0	8	13.17559	-0.65339	-0.03764	27876.04191	540.20573	-59.59729	27881.3394	-37.81976	1951.32507	-2.48547	1951.69312	0.07	-4.27836	-0.08291	0.00915	4.27918	52.58731	0.74345	
40.0	8	13.17569	-0.65203	-0.02908	27873.16834	538.01924	-41.74233	27878.39164	-37.71279	1950.72523	-39.46494	1951.48883	0.07	-4.27885	-0.08259	0.00641	4.27966	53.69056	1.0181	
41.0	8	13.17576	-0.65044	-0.02873	27933.44792	537.42749	-41.53549	27938.64825	-37.67106	1954.94276	-39.54843	1955.7056	0.07	-4.28877	-0.08251	0.00638	4.28957	54.77003	1.21455	
42.0	1	4.86275	-0.74635	-12.1387	0.68463	0.01477	-1.76013	1.88864	0.00207	-0.13219	-0.0003	0.1322	0.07	-0.0	-0.0	0.0	0.0	20.60063	10.48423	
42.0	8	13.17582	-0.64872	-0.02641	27959.48	536.4706	-37.15041	27964.65095	-37.59767	1956.76814	-39.37682	1957.52539	0.07	-4.2936	-0.08238	0.0057	4.29439	55.83935	1.37578	
43.0	1	4.88319	-0.7574	-12.13076	5.41524	0.11624	-13.89385	14.91232	0.01834	-1.0437	-0.00159	1.04386	0.07	-0.0	-0.0	0.0	0.0	20.48959	10.47321	
43.0	8	13.17587	-0.64688	-0.02131	27986.73647	535.78302	-26.71206	27991.8773	-37.53465	1958.68114	-39.08775	1959.43066	0.07	-4.29837	-0.08229	0.0041	4.29916	56.87895	1.52196	
44.0	8	13.17584	-0.64492	-0.04005	28021.47149	535.45322	-68.02342	28026.66947	-37.54369	1961.32381	-26.93663	1961.86804	0.07	-4.30458	-0.08225	0.01045	4.30538	57.9412	1.59577	
45.0	8	13.17588	-0.64288	-0.05058	28050.84573	535.17375	-91.44649	28056.09951	-37.5048	1963.52448	-13.28338	1963.92755	0.07	-4.30977	-0.08222	0.01405	4.31058	58.91407	1.68203	
46.0	8	13.17598	-0.64086	0.00097	28078.61298	534.9002	20.01275	28083.7146	-37.37471	1964.39106	-66.10955	1965.85848	0.07	-4.31489	-0.0822	-0.00308	4.31568	59.90341	1.80989	
47.0	8	13.17604	-0.63872	-0.03185	28105.39791	534.88083	-51.58839	28110.53451	-37.50978	1966.93712	-41.68402	1967.73631	0.07	-4.31969	-0.08221	0.00793	4.32048	60.88104	1.81454	
48.0	8	13.17608	-0.6366	-0.02805	28133.08337	534.9141	-44.03175	28138.20271	-37.49672	1968.94566	-38.19025	1969.67294	0.07	-4.32494	-0.08223	0.00677	4.32573	61.80096	1.85006	
48.0	96	4.89952	-0.80069	12.10964	2.25765	0.03837	5.83052	6.25247	-0.00648	0.43762	-0.00037	0.43767	0.07	-0.0	-0.0	-0.0	0.0	24.04556	15.21057	
49.0	8	13.17615	-0.63445	-0.02776	28162.72747	535.07225	-43.3498	28167.84337	-37.50768	1971.00836	-38.91208	1971.7492	0.07	-4.33023	-0.08227	0.00667	4.33102	62.74223	1.87726	
49.0	96	4.90751	-0.84293	12.10694	1.2363	0.0211	3.17556	3.4078	-0.0044	0.23851	0.00013	0.23855	0.07	-0.0	-0.0	-0.0	0.0	24.65187	15.45842	
50.0	8	13.1762	-0.63227	-0.02613	28193.36239	535.31281	-39.49611	28198.47163	-37.52004	1973.13598	-39.77991	1973.89356	0.07	-4.33619	-0.08233	0.00607	4.33697	63.65811	1.90774	
51.0	8	13.1762	-0.63009	-0.02591	28222.61167	535.5635	-38.88159	28227.71952	-37.53675	1975.18116	-39.87154	1975.94012	0.07	-4.34193	-0.08239	0.00598	4.34272	64.54523	1.90316	
52.0	8	13.1762	-0.6279	-0.02554	28249.38155	535.81312	-37.81072	28254.48784	-37.55394	1977.02875	-41.19432	1977.81444	0.07	-4.34716	-0.08245	0.00582	4.34795	65.4167	1.89019	
53.0	8	13.1761	-0.62568	-0.05238	28279.45222	536.20791	-95.94142	28284.69801	-37.59898	1979.47676	-19.46588	1979.9295	0.07	-4.35293	-0.08254	0.01477	4.35374	66.2046	1.83903	
54.0	8	13.17618	-0.62352	-0.03924	28308.94531	536.56601	-67.45708	28314.11023	-37.6176	1981.46537	-25.60972	1981.98788	0.07	-4.35847	-0.08261	0.01039	4.35927	67.02865	1.83506	
55.0	8	13.17623	-0.62135	-0.02968	28337.00738	536.92968	-46.89261	28342.13259	-37.63098	1983.3604	-30.37311	1983.94987	0.07	-4.36394	-0.08269	0.00722	4.36473	67.88323	1.8256	
56.0	1	4.82677	-0.72366	-12.15077	2.03625	0.04167	-5.33109	5.70689	0.00588	-0.39944	-0.00088	0.39948	0.07	-0.0	-0.0	0.0	0.0	22.05428	12.33891	
56.0	8	13.17627	-0.61918	-0.01978	28365.32923	537.32434	-25.60943	28370.4296	-37.64239	1985.12089	-42.36939	1985.92977	0.07	-4.36917	-0.08277	0.00394	4.36995	68.69109	1.82128	
57.0	8	13.17628	-0.617	-0.02641	28392.77566	537.72842	-41.17197	28397.89705	-37.69341	1987.05267	-41.91506	1987.85211	0.07	-4.37427	-0.08284	0.00634	4.37506	69.47308	1.75873	
57.0	96	4.82113	-0.7596	12.14129	2.53521	0.0443	6.67455	7.13996	-0.0067	0.49975	-0.00077	0.4998	0.07	-0.0	-0.0	-0.0	0.0	27.07322	16.8883	
58.0	8	13.17631	-0.61483	-0.0247	28424.9482	538.19609	-38.59039	28430.06902	-37.72165	1989.32288	-41.20913	1990.10719	0.07	-4.37978	-0.08293	0.00595	4.38057	70.22765	1.69834	
59.0	8	13.17636	-0.61271	-0.02441	28455.15855	538.63157	-38.95952	28460.28267	-37.75206	1991.44344	-40.72527	1992.21755	0.07	-4.38524	-0.08301	0.006	4.38603	70.95368	1.64181	
60.0	8	13.17642	-0.61065	-0.0249	28489.78665	539.15693	-40.83149	28494.91711	-37.78732	1993.94681	-36.79882	1994.6443	0.07	-4.39151	-0.08311	0.00629	4.3923	71.63882	1.59027	
61.0	8	13.17645	-0.60863	-0.03249	28519.35264	539.59896	-58.1088	28524.5161	-37.83811	1996.04174	-35.38961	1996.71399	0.07	-4.39691	-0.08319	0.00896	4.39771	72.45806	1.5336	
62.0	8	13.17648	-0.60667	-0.03184	28550.19939	540.06056	-57.42071	28555.3646	-37.87637	1998.12558	-39.51586	1998.87517	0.07	-4.40251	-0.08328	0.00885	4.40331	72.92117	1.49121	
63.0	8	13.17651	-0.60477	-0.01669	28577.25006	540.43508	-24.95896	28582.37069	-37.864	1999.66548	-54.46991	2000.76552	0.07	-4.40748	-0.08335	0.00385	4.40827	73.57242	1.44671	
64.0	8	13.17654	-0.60325	-0.0063	27864.30995	526.18994	-2.91134	27869.27795	-36.83119	1950.46324	13.20787	1950.85567	0.07	-4.2977	-0.08116	0.00045	4.29847	74.31119	0.66758	
64.0	56	12.6505	2.51091	-1.67689	0.02748	0.00747	-0.00364	0.0287	-5e-05	-0.00072	-0.00188	0.00201	0.07	-0.0	-0.0	0.0	0.0	71.70597	4.31973	
64.0	69	12.67399	2.50556	-1.50333	1.7341	0.47046	-0.20682	1.80865	-0.00372	-0.03921	-0.12033	0.12661	0.07	-0.0	-0.0	0.0	0.0	71.81359	4.23909	
64.0	70	12.72877	2.4944	-0.97894	111.48351	30.13176	-8.55987	115.80055	-0.27487	-1.25672	-8.00364	8.10637	0.07	-2e-05	-1e-05	0.0	2e-05	72.08215	4.06964	
64.0	73	12.76038	2.48612	-0.46292	104.33497	28.13797	-3.88754	108.13253	-0.30087	0.07068	-7.56323	7.56954	0.07	-3e-05	-1e-05	0.0	3e-05	72.22	4.01417	
64.0	77	12.71293	2.49804	-1.15469	84.86767	22.9612	-7.77426	88.26198	-0.20377	-1.29144	-6.03868	6.17859	0.07	-1e-05	-0.0	0.0	1e-05	72.00303	4.11438	
64.0	78	12.7415	2.49168	-0.80968	105.66582	28.5306	-6.85276	109.66413	-0.28313	-0.78438	-7.63135	7.67677	0.07	-3e-05	-1e-05	0.0	3e-05	72.13618	4.03909	
64.0	79	12.7518	2.49155	-0.62846	185.68605	50.09723	-9.12192	192.54156	-0.50184	-0.59009	-13.45614	13.47841	0.07	-8e-05	-2e-05	0.0	9e-05	72.19067	4.02356	
64.0	84	12.76978	2.45592	0.41707	7.81952	2.1085	0.26633	8.10318	-0.02494	0.16113	-0.5433	0.56724	0.07	-0.0	-0.0	-0.0	0.0	72.18729	4.15528	
65.0	8	13.17657	-0.60217	-0.00544	27700.64744	521.60293	-1.34994	27705.55793	-36.50713	1938.84777	27.718	1939.38953	0.07	-4.27248	-0.08045	0.00021	4.27324	74.88293	0.51701	
65.0	56	12.65159	2.51073	-1.67203	14.78362	4.01627	-1.95635	15.44387	-0.01984	-0.41343	-0.9987	1.08107	0.07	-0.0	-0.0	0.0	0.0	72.16364	4.40234	
65.0	69	12.67473	2.50602	-1.49939	25.33468	6.87138	-3.01269	26.4223	-0.03745	-0.62498	-1.74037	1.84957	0.07	-0.0	-0.0	0.0	0.0	72.27125	4.31535	
65.0	70	12.72854	2.49762	-0.97592	116.7828	31.55584	-8.98869	121.30454	-0.21133	-1.59296	-8.33791	8.49135	0.07	-5e-05	-1e-05	0.0	5e-05	72.52667	4.12488	
65.0	71	12.69513	2.50223	-1.32759	21.7647	5.89609	-2.31952	22.66818	-0.03653	-0.46216	-1.51754	1.58678	0.07	-0.0	-0.0	0.0	0.0	72.35867	4.24014	
65.0	73	12.75871	2.49357	-0.46461	110.17032	29.70438	-4.09498	114.17801	-0.24002	-0.21073	-7.9861	7.99249	0.07	-9e-05	-2e-05	0.0	9e-05	72.65537	4.04951	
65.0	77	12.71287	2.50054	-1.15233	114.22167	30.89725	-10.47194	118.78928	-0.1986	-2.00049	-8.06861	8.31528	0.07	-4e-05	-1e-05	0.0	4e-05	72.4512	4.17752	
65.0	78	12.74082	2.49622	-0.80752	112.86129	30.46679	-7.28443	117.12797	-0.22371	-1.11273	-8.12005	8.19899	0.07	-7e-05	-2e-05	0.0	7e-05	72.57951	4.08795	
65.0	79	12.75094	2.49664	-0.62641	169.28174	45.66178	-8.35113	175.53075	-0.34519	-0.95973	-12.24479	12.2872	0.07	-0.00016	-4e-05	1e-05	0.00017	72.62835	4.06393	
65.0	80	12.76485	2.49086	-0.27991	79.11905	21.32357	-1.74422	81.96073	-0.17788	0.19121	-5.73132	5.73727	0.07	-5e-05	-1e-05	0.0	5e-05	72.67446	4.04772	
65.0	84	12.76712	2.49199	-0.10796	61.33091	16.52554	-0.54245	63.52061	-0.14497	0.39273	-4.42671	4.44646	0.07	-4e-05	-1e-05	0.0	4e-05	72.67794	4.06377	
65.0	96	4.76581	-0.78574	12.16399	0.51515	0.00922	1.3748	1.46818	-0.00213	0.10275	0.00011	0.10277	0.07	-0.0	-0.0	-0.0	0.0	25.4408	16.29014	
65.0	101	12.73763	2.48527	0.8887	8.65251	2.33643	0.61878	8.98375	-0.0229	0.23875	-0.58133	0.62886	0.07	-0.0	-0.0	-0.0	0.0	72.42898	4.37346	
66.0	8	13.17662	-0.60117	-0.00172	27620.54732	518.57072	6.05576	27625.41559	-36.30137	1933.07885	37.25505	1933.77857	0.07	-4.25974	-0.07998	-0.00093	4.26049	75.45803	0.4623	
66.0	56	12.65255	2.51059	-1.66826	26.46472	7.18795	-3.49984	27.64592	-0.02876	-0.76047	-1.77929	1.9352	0.07	-0.0	-0.0	0.0	0.0	72.70929	4.45582	
66.0	69	12.67538	2.50637	-1.49667	44.09794	11.95743	-5.24922	45.9909	-0.05406	-1.12465	-3.01603	3.21935	0.07	-1e-05	-0.0	0.0	1e-05	72.81723	4.36665	
66.0	70	12.72865	2.49991	-0.972	126.37073	34.13758	-9.70594	131.25982	-0.19449	-1.83893	-9.00014	9.18814	0.07	-9e-05	-2e-05	1e-05	0.0001	73.07946	4.16795	
66.0	71	12.69552	2.50362	-1.3242	46.45781	12.5818	-4.92041	48.38223	-0.06401	-1.02566	-3.22706	3.38674	0.07	-1e-05	-0.0	0.0	1e-05	72.91151	4.28916	
66.0	73	12.75683	2.50071	-0.47484	80.55577	21.71521	-3.05248	83.48712	-0.15164	-0.25788	-5.83641	5.84407	0.07	-0.00012	-3e-05	0.0	0.00012	73.20992	4.08986	
66.0	77	12.71279	2.50278	-1.15114	126.14952	34.11744	-11.58754	131.19441	-0.1863	-2.32772	-8.88171	9.18356	0.07	-7e-05	-2e-05	1e-05	7e-05	73.00025	4.22488	
66.0	78	12.74066	2.49937	-0.80323	141.17789	38.10143	-9.0384	146.50805	-0.2384	-1.52186	-10.13917	10.25552	0.07	-0.00013	-4e-05	1e-05	0.00014	73.13471	4.12883	
66.0	79	12.75032	2.5012	-0.62281	170.89553	46.08653	-8.40422	177.20012	-0.30176	-1.13286	-12.34842	12.40395	0.07	-0.00024	-6e-05	1e-05	0.00025	73.18355	4.10326	
66.0	80	12.76341	2.49807	-0.27619	87.74767	23.64391	-1.90584	90.89731	-0.17228	0.12677	-6.35919	6.36278	0.07	-9e-05	-3e-05	0.0	0.0001	73.2319	4.08395	
66.0	84	12.76467	2.50247	-0.11315	71.44036	19.24532	-0.68151	73.99035	-0.14967	0.37274	-5.1637	5.1793	0.07	-9e-05	-2e-05	0.0	9e-05	73.23631	4.1003	
66.0	85	12.73459	2.49776	0.89029	18.99542	5.12842	1.36085	19.72254	-0.04507	0.50743	-1.28314	1.38057	0.07	-1e-05	-0.0	-0.0	1e-05	72.99058	4.39694	
66.0	96	4.75987	-0.77129	12.16633	0.34411	0.00616	0.91967	0.98196	-0.00141	0.06872	7e-05	0.06874	0.07	-0.0	-0.0	-0.0	0.0	25.67752	16.36633	
66.0	101	12.76746	2.4852	0.24076	19.42844	5.23378	0.37038	20.12446	-0.04339	0.25903	-1.38401	1.40871	0.07	-1e-05	-0.0	-0.0	1e-05	73.20436	4.13918	
67.0	8	13.17667	-0.60018	-0.0024	27645.94438	517.63044	4.28281	27650.79023	-36.23287	1934.82878	38.69866	1935.55491	0.07	-4.26325	-0.07982	-0.00066	4.264	76.01145	0.41627	
67.0	56	12.65332	2.51078	-1.66516	75.34808	20.46129	-9.97733	78.71178	-0.06741	-2.21216	-5.04577	5.50981	0.07	-2e-05	-0.0	0.0	2e-05	73.21031	4.50447	
67.0	69	12.67603	2.50703	-1.49307	101.30336	27.46174	-12.03232	105.64703	-0.10214	-2.64823	-6.90409	7.39527	0.07	-3e-05	-1e-05	0.0	3e-05	73.32864	4.41326	
67.0	71	12.69583	2.50547	-1.32024	108.93568	29.49382	-11.47109	113.43921	-0.12406	-2.47584	-7.54387	7.94072	0.07	-4e-05	-1e-05	0.0	4e-05	73.43159	4.33473	
67.0	77	12.71278	2.50528	-1.14836	233.09317	63.02716	-21.36051	242.40693	-0.29228	-4.46616	-16.36753	16.96844	0.07	-0.00022	-6e-05	2e-05	0.00023	73.52395	4.2693	
67.0	79	12.7454	2.50653	-0.67385	41.54924	11.20612	-2.21812	43.09103	-0.06304	-0.35895	-2.99427	3.01636	0.07	-0.00024	-6e-05	1e-05	0.00024	73.7114	4.15158	
67.0	80	12.76173	2.50636	-0.26965	140.76023	37.92007	-2.97376	145.80884	-0.24362	0.10416	-10.20315	10.20659	0.07	-0.00025	-7e-05	1e-05	0.00026	73.78778	4.12384	
67.0	84	12.76207	2.5137	-0.11219	122.81281	33.07788	-1.11462	127.19424	-0.22561	0.53826	-8.88442	8.90357	0.07	-0.00024	-6e-05	0.0	0.00025	73.79704	4.1418	
67.0	85	12.73092	2.51231	0.89272	46.55225	12.56638	3.34456	48.33438	-0.09949	1.20916	-3.15839	3.3834	0.07	-3e-05	-1e-05	-0.0	3e-05	73.58413	4.43156	
67.0	101	12.76424	2.49846	0.2444	38.91729	10.4822	0.77126	40.31163	-0.07657	0.48869	-2.77811	2.82181	0.07	-5e-05	-1e-05	-0.0	6e-05	73.77596	4.17912	
68.0	8	13.17673	-0.59915	0.00173	27711.3454	517.6479	13.09214	27716.1829	-36.24617	1939.45251	36.40251	1940.13272	0.07	-4.27296	-0.07982	-0.00202	4.27371	76.53604	0.54944	
68.0	56	12.65397	2.51147	-1.6617	256.30198	69.5885	-33.93307	267.74002	-0.3616	-7.12014	-17.33287	18.74181	0.07	-0.00012	-3e-05	2e-05	0.00012	73.60244	4.47901	
68.0	69	12.67666	2.5082	-1.48829	296.74881	80.42444	-35.10609	309.45174	-0.4497	-7.24891	-20.40777	21.66163	0.07	-0.00017	-4e-05	2e-05	0.00017	73.73268	4.3932	
68.0	73	12.74962	2.51467	-0.39588	98.78872	26.62927	-3.08289	102.36129	-0.21734	-0.02287	-7.16196	7.16529	0.07	-0.00111	-0.0003	3e-05	0.00115	74.21866	4.15726	
68.0	85	12.74926	2.51084	0.59876	85.27291	22.98395	4.06635	88.40965	-0.22081	1.86263	-5.89759	6.18867	0.07	-0.00013	-4e-05	-1e-05	0.00014	74.18798	4.36531	
68.0	103	12.73303	2.43547	1.12855	0.00952	0.00257	0.00086	0.0099	-3e-05	0.00031	-0.00062	0.00069	0.07	-0.0	-0.0	-0.0	0.0	73.98381	4.54298	
69.0	8	13.17676	-0.59811	0.02814	27724.00165	516.8484	69.28065	27728.90548	-36.26959	1940.2928	38.98735	1941.02336	0.07	-4.27474	-0.07969	-0.01068	4.2755	77.02623	0.59118	
69.0	56	12.62924	2.51299	-1.83776	235.92998	64.17105	-34.86513	246.9746	-0.31934	-7.33083	-15.65374	17.28822	0.07	-5e-05	-1e-05	1e-05	5e-05	73.82873	4.59666	
69.0	69	12.65474	2.51315	-1.65485	536.84058	145.72761	-70.90623	560.76915	-0.76484	-14.8572	-36.3255	39.25383	0.07	-0.00058	-0.00016	8e-05	0.00061	73.99397	4.49971	
69.0	84	12.74162	2.51837	-0.12642	360.53229	97.21263	-3.52817	373.42506	-0.83735	2.16051	-26.03685	26.13975	0.07	-0.00593	-0.0016	6e-05	0.00614	74.68066	4.20191	
69.0	96	4.7433	-0.72807	12.17289	0.32462	0.00584	0.87104	0.92958	-0.00111	0.06506	-2e-05	0.06507	0.07	-0.0	-0.0	-0.0	0.0	27.37324	16.99188	
69.0	103	12.67316	2.55443	1.4052	18.74242	5.07556	2.13121	19.53412	-0.04699	0.67294	-1.18941	1.36739	0.07	-0.0	-0.0	-0.0	0.0	74.27729	4.88994	
70.0	1	4.8318	-0.72565	-12.14677	0.09053	0.00174	-0.23806	0.2547	0.00032	-0.01783	-1e-05	0.01783	0.07	-0.0	-0.0	0.0	0.0	26.686	16.06081	
70.0	8	13.17688	-0.59703	0.00463	27809.57369	517.56199	19.20706	27814.39606	-36.24889	1946.28059	38.81118	1947.00499	0.07	-4.28784	-0.0798	-0.00296	4.28859	77.51407	0.24276	
70.0	56	12.60326	2.51513	-2.00485	173.1702	47.17599	-27.83756	181.62715	0.00546	-6.47596	-10.94075	12.7137	0.07	-7e-05	-2e-05	1e-05	7e-05	74.14161	4.88763	
70.0	67	12.53971	2.52322	-2.35398	15.90152	4.35302	-3.03114	16.7629	0.00167	-0.67463	-0.96006	1.17339	0.07	-0.0	-0.0	0.0	0.0	73.74202	5.15192	
70.0	80	12.75875	2.52388	-0.23676	878.95623	237.1059	-16.29088	910.52109	-0.7659	-1.53829	-63.71243	63.7356	0.07	-0.01628	-0.00439	0.0003	0.01686	75.1904	4.2275	
70.0	103	12.60945	2.55591	1.8865	4.2253	1.14923	0.63803	4.42504	-0.00645	0.16811	-0.26008	0.30975	0.07	-0.0	-0.0	-0.0	0.0	74.52855	5.1079	
71.0	8	13.17699	-0.59597	0.00384	27882.63505	518.16423	17.39923	27887.45478	-36.28811	1951.43194	37.12897	1952.12244	0.07	-4.299	-0.07989	-0.00268	4.29975	77.97153	0.10936	
71.0	56	12.57355	2.51802	-2.17875	244.52824	66.75822	-42.99688	257.09814	0.13449	-10.09027	-14.90161	17.99693	0.07	-0.00011	-3e-05	2e-05	0.00011	74.32236	5.11654	
71.0	67	12.541	2.52139	-2.35171	99.97582	27.36124	-18.98997	105.37752	0.06132	-4.35564	-5.95287	7.37645	0.07	-1e-05	-0.0	0.0	1e-05	74.12125	5.2552	
71.0	80	12.75979	2.52424	-0.19163	760.9382	205.36292	-11.37876	788.24511	-0.22981	-2.20328	-55.13285	55.17734	0.07	-0.01547	-0.00418	0.00023	0.01603	75.62788	4.25643	
71.0	103	12.61277	2.54752	1.88245	31.56254	8.58437	4.76736	33.0547	-0.03304	1.21493	-1.96893	2.31384	0.07	-1e-05	-0.0	-0.0	1e-05	75.00899	5.05626	
72.0	1	4.76042	-0.74968	-12.17394	0.19502	0.0037	-0.51572	0.55137	0.0008	-0.03859	2e-05	0.0386	0.07	-0.0	-0.0	0.0	0.0	26.70859	16.40221	
72.0	8	13.17713	-0.59496	-0.00476	27792.92603	515.78061	-1.13028	27797.71157	-35.44515	1910.07579	49.29969	1911.04064	0.06875	-4.28517	-0.07952	0.00017	4.28591	78.40669	0.08887	
72.0	63	12.50724	2.52346	-2.52241	8.09108	2.21895	-1.64594	8.54976	0.00596	-0.37039	-0.47006	0.59848	0.07	-0.0	-0.0	0.0	0.0	74.41671	5.43492	
72.0	67	12.54217	2.52045	-2.34885	201.2494	55.06502	-38.11053	212.09877	0.13485	-8.77896	-11.97243	14.84679	0.07	-7e-05	-2e-05	1e-05	7e-05	74.62664	5.2883	
72.0	80	12.75994	2.52401	-0.21116	1053.18064	284.31599	-17.4088	1091.02159	-0.26895	-3.67451	-76.28198	76.37091	0.07	-0.02255	-0.00609	0.00037	0.02336	76.09937	4.28124	
72.0	103	12.5713	2.55236	2.13303	7.32681	1.99885	1.26732	7.69959	-0.00728	0.30736	-0.44268	0.53897	0.07	-0.0	-0.0	-0.0	0.0	75.21992	5.27521	
73.0	8	13.17723	-0.59401	0.00384	27758.40486	514.40345	16.9617	27763.17596	-35.09196	1891.75578	57.25457	1892.9473	0.06818	-4.27988	-0.07931	-0.00262	4.28062	78.81929	0.08654	
73.0	63	12.50803	2.52162	-2.52274	48.02157	13.17284	-9.84604	50.75962	0.03361	-2.20496	-2.78605	3.55317	0.07	-1e-05	-0.0	0.0	1e-05	74.7061	5.46681	
73.0	67	12.54311	2.52019	-2.34611	214.66408	58.72451	-40.57148	226.21954	0.15339	-9.37636	-12.76006	15.83537	0.07	-0.00012	-3e-05	2e-05	0.00012	74.94729	5.31832	
73.0	84	12.76111	2.5246	-0.14181	1191.46605	321.77664	-13.11814	1234.22188	-0.27569	-2.49984	-86.35893	86.39555	0.07	-0.02703	-0.0073	0.0003	0.028	76.42462	4.29799	
73.0	105	12.54906	2.5589	2.25096	0.30121	0.08227	0.05476	0.31701	-0.0003	0.01304	-0.01795	0.02219	0.07	-0.0	-0.0	-0.0	0.0	75.42112	5.39255	
74.0	8	13.17732	-0.59313	0.00983	27667.95445	511.93409	29.20247	27672.70555	-34.43144	1856.95889	68.72873	1858.5493	0.06716	-4.2658	-0.07893	-0.0045	4.26653	79.20394	0.08307	
74.0	63	12.50874	2.5203	-2.52261	85.51974	23.45677	-17.54504	90.39731	0.06248	-3.93441	-4.95557	6.32781	0.07	-2e-05	-1e-05	0.0	2e-05	75.11733	5.49993	
74.0	67	12.54366	2.52047	-2.34456	214.88488	58.77766	-40.61612	226.45086	0.15892	-9.40012	-12.76261	15.85155	0.07	-0.00017	-5e-05	3e-05	0.00018	75.35881	5.35076	
74.0	84	12.76181	2.52416	-0.11663	1327.62448	358.60751	-11.96841	1375.2561	-0.26738	-2.22216	-96.24188	96.2679	0.07	-0.03112	-0.00841	0.00028	0.03224	76.81467	4.31667	
74.0	105	12.52681	2.55943	2.37128	0.14231	0.03894	0.02734	0.15005	-0.00014	0.00637	-0.00835	0.0105	0.07	-0.0	-0.0	-0.0	0.0	75.64013	5.51072	
75.0	8	13.17744	-0.59229	0.01187	27646.87045	510.72089	32.75395	27651.60672	-33.99877	1835.56956	76.20266	1837.4652	0.06645	-4.25973	-0.07869	-0.00505	4.26046	79.57406	0.081	
75.0	63	12.50952	2.51944	-2.52158	236.24926	64.78861	-48.41816	249.71102	0.18718	-10.89618	-13.66691	17.47988	0.07	-0.00011	-3e-05	2e-05	0.00011	75.69911	5.53396	
75.0	84	12.76212	2.52409	-0.12679	1436.41348	388.0641	-14.12672	1487.97748	-0.24511	-2.88299	-104.11911	104.1593	0.07	-0.03461	-0.00935	0.00034	0.03585	77.40969	4.34214	
75.0	105	12.5286	2.55495	2.37048	2.1706	0.59385	0.4176	2.28878	-0.00214	0.09731	-0.12726	0.16022	0.07	-0.0	-0.0	-0.0	0.0	76.23837	5.53527	
76.0	8	13.17761	-0.59147	0.0049	27597.29429	509.00656	16.99439	27601.9932	-33.37644	1806.70766	86.69889	1809.09459	0.06554	-4.25393	-0.07846	-0.00262	4.25465	79.89811	0.07862	
76.0	63	12.47423	2.51949	-2.68991	83.06998	22.83486	-18.12548	88.03741	0.06982	-3.98496	-4.70034	6.16263	0.07	-2e-05	-1e-05	0.0	2e-05	75.57473	5.69202	
76.0	67	12.51117	2.5194	-2.51521	154.21033	42.27831	-31.46392	162.96705	0.1176	-7.08327	-8.94144	11.40771	0.07	-0.00013	-4e-05	3e-05	0.00014	75.80158	5.53763	
76.0	84	12.76265	2.52373	-0.11972	1641.31917	443.4944	-15.23563	1700.2494	-0.33416	-2.85082	-118.98292	119.01753	0.07	-0.04072	-0.011	0.00038	0.04218	77.49689	4.35123	
76.0	105	12.50382	2.56171	2.48879	0.30426	0.08336	0.06116	0.32134	-0.00032	0.01405	-0.01756	0.02249	0.07	-0.0	-0.0	-0.0	0.0	76.19949	5.66271	
77.0	8	13.17774	-0.59071	0.00136	27495.05516	506.37434	8.60321	27499.71904	-31.67734	1718.2978	100.91968	1721.55034	0.0626	-4.23785	-0.07805	-0.00133	4.23857	80.20846	0.07213	
77.0	63	12.47515	2.51886	-2.68792	143.34207	39.39591	-31.2404	151.90441	0.12296	-6.87751	-8.10876	10.63331	0.07	-7e-05	-2e-05	1e-05	7e-05	75.79615	5.70896	
77.0	84	12.76292	2.52377	-0.12923	1911.29593	516.62575	-19.21608	1979.98069	-0.35658	-3.83404	-138.54516	138.59866	0.07	-0.04912	-0.01328	0.00049	0.05089	77.76853	4.36633	
77.0	105	12.50715	2.5516	2.48799	9.01654	2.47017	1.81439	9.52322	-0.00951	0.41678	-0.52018	0.66663	0.07	-0.0	-0.0	-0.0	0.0	76.51833	5.67143	
78.0	8	13.1779	-0.59	0.01091	27308.21637	502.26888	27.76486	27312.84911	-29.49703	1597.21179	118.1864	1601.85006	0.05865	-4.20839	-0.0774	-0.00428	4.20911	80.49583	0.06502	
78.0	63	12.43546	2.51756	-2.86662	36.55002	10.07805	-8.58755	38.87438	0.0324	-1.83192	-2.01196	2.72121	0.07	-1e-05	-0.0	0.0	1e-05	75.70046	5.90317	
78.0	67	12.47543	2.5188	-2.68807	183.48765	50.42701	-40.04764	194.45929	0.16612	-8.83042	-10.35794	13.61216	0.07	-0.00014	-4e-05	3e-05	0.00015	75.9924	5.73921	
78.0	84	12.76357	2.52284	-0.12015	2100.78892	567.94824	-19.63539	2176.29613	-0.22166	-4.44466	-152.27581	152.34082	0.07	-0.05544	-0.01499	0.00052	0.05743	78.0143	4.3785	
78.0	105	12.48043	2.56199	2.60526	4.42448	1.21451	0.93542	4.68253	-0.00425	0.20957	-0.25199	0.32778	0.07	-0.0	-0.0	-0.0	0.0	76.65678	5.79449	
79.0	1	4.86472	-0.69766	-12.13273	0.42955	0.00789	-1.11971	1.1993	0.00159	-0.08394	2e-05	0.08395	0.07	-0.0	-0.0	0.0	0.0	27.44168	16.82637	
79.0	8	13.17802	-0.58933	0.01019	27165.17969	499.05879	25.41754	27169.77536	-27.2746	1477.72334	135.67518	1484.18932	0.05463	-4.18567	-0.0769	-0.00392	4.18638	80.76376	0.0588	
79.0	63	12.43539	2.51726	-2.86832	134.25976	37.01665	-31.55291	142.79881	0.12535	-6.74337	-7.37767	9.99593	0.07	-5e-05	-1e-05	1e-05	5e-05	76.02903	5.92963	
79.0	84	12.7639	2.5227	-0.12013	2384.3266	644.84246	-22.30726	2470.0876	-0.18983	-5.27673	-172.82555	172.90619	0.07	-0.06489	-0.01755	0.00061	0.06723	78.39531	4.39481	
80.0	1	4.86723	-0.71177	-12.13173	0.24721	0.00452	-0.64397	0.6898	0.00075	-0.04828	-5e-05	0.04829	0.07	-0.0	-0.0	0.0	0.0	27.30706	16.85225	
80.0	8	13.17816	-0.58868	0.01893	27038.26604	496.25148	42.83067	27042.85359	-25.44729	1373.61871	149.19567	1381.93172	0.0511	-4.16525	-0.07645	-0.0066	4.16595	80.98201	0.05388	
80.0	63	12.4356	2.51779	-2.8678	178.97595	49.33745	-41.99695	190.34263	0.17668	-9.00152	-9.82192	13.32399	0.07	-0.00013	-3e-05	3e-05	0.00013	76.07933	5.95045	
80.0	84	12.76461	2.52141	-0.10975	2529.65186	684.29382	-21.61322	2620.66093	-0.02691	-5.69181	-183.35797	183.44629	0.07	-0.07066	-0.01911	0.0006	0.0732	78.49623	4.40067	
80.0	105	12.42912	2.56252	2.83882	0.38382	0.10577	0.08894	0.40794	-0.00035	0.01911	-0.02122	0.02856	0.07	-0.0	-0.0	-0.0	0.0	76.93468	6.03604	
81.0	1	4.79334	-0.72367	-12.16014	0.11907	0.00216	-0.31275	0.33465	0.00038	-0.02342	-2e-05	0.02343	0.07	-0.0	-0.0	0.0	0.0	26.9485	16.89549	
81.0	8	13.17832	-0.58806	0.01232	26861.70475	492.63053	28.64018	26866.23693	-22.6451	1224.99292	168.18873	1236.69233	0.04603	-4.13705	-0.07587	-0.00441	4.13775	81.18397	0.04739	
81.0	53	12.35299	2.51147	-3.20833	9.69982	2.69113	-2.56523	10.38793	0.01047	-0.52109	-0.50706	0.72715	0.07	-0.0	-0.0	0.0	0.0	75.65262	6.28885	
81.0	63	12.39735	2.51621	-3.02946	191.89974	53.04034	-47.47748	204.67755	0.20839	-9.96593	-10.29134	14.32742	0.07	-0.00014	-4e-05	3e-05	0.00015	75.9933	6.11581	
81.0	84	12.76503	2.52071	-0.11743	2835.76623	767.45161	-26.01405	2937.89531	-0.04137	-6.81425	-205.53969	205.65262	0.07	-0.08184	-0.02215	0.00075	0.08479	78.70556	4.40985	
81.0	105	12.44068	2.51746	2.84395	30.18788	8.31873	7.00204	32.08641	-0.03329	1.51569	-1.6572	2.24605	0.07	-1e-05	-0.0	-0.0	1e-05	77.19353	6.01161	
82.0	1	4.7985	-0.73746	-12.15815	3.22308	0.05826	-8.46918	9.06194	0.0113	-0.63424	-6e-05	0.63434	0.07	-0.0	-0.0	0.0	0.0	26.77016	16.88209	
82.0	8	13.17847	-0.58745	-0.00199	26621.73508	487.95556	-1.24564	26626.20666	-19.20492	1048.25897	188.97929	1065.3304	0.04001	-4.09884	-0.07513	0.00019	4.09953	81.36282	0.04028	
82.0	53	12.35206	2.51216	-3.2119	90.24539	25.03929	-23.91222	96.65915	0.09448	-4.84753	-4.71945	6.76614	0.07	-2e-05	-1e-05	1e-05	2e-05	75.79656	6.29625	
82.0	84	12.7652	2.51937	-0.15815	3138.41676	849.74204	-39.03269	3251.65263	-0.14384	-9.91431	-227.39968	227.61575	0.07	-0.09349	-0.02531	0.00116	0.09686	78.91249	4.41877	
82.0	105	12.40053	2.56755	2.95632	3.26221	0.90065	0.78783	3.47475	-0.0032	0.16658	-0.17721	0.24323	0.07	-0.0	-0.0	-0.0	0.0	77.32131	6.19955	
83.0	8	13.17865	-0.58686	0.01329	26554.43393	486.54303	29.99741	26558.90783	-17.83121	960.87895	199.64483	981.56221	0.03696	-4.08742	-0.07489	-0.00462	4.0881	81.52623	0.03687	
83.0	53	12.35155	2.51326	-3.21331	171.41119	47.55513	-45.3847	183.58393	0.19296	-9.2285	-8.94107	12.85088	0.07	-0.0001	-3e-05	3e-05	0.00011	75.84084	6.32429	
83.0	84	12.76619	2.51903	-0.0847	3338.63537	904.55665	-22.00365	3459.07401	0.08445	-6.19977	-242.05585	242.13525	0.07	-0.10321	-0.02796	0.00068	0.10693	79.02335	4.42217	
84.0	8	13.17878	-0.58628	0.00181	26323.46475	482.21986	5.72928	26327.8819	-14.17997	771.41435	222.49625	802.98553	0.0305	-4.05042	-0.0742	-0.00088	4.0511	81.66521	0.02994	
84.0	53	12.30763	2.50797	-3.38131	82.4495	22.95338	-23.03235	88.62994	0.09775	-4.56542	-4.19983	6.20413	0.07	-2e-05	-0.0	0.0	2e-05	75.6419	6.49431	
84.0	84	12.76687	2.51706	-0.09002	3721.91277	1008.86126	-26.20201	3856.30941	-0.02697	-6.90911	-269.85349	269.94193	0.07	-0.11851	-0.03212	0.00083	0.12279	79.20908	4.4267	
84.0	105	12.35718	2.5099	3.19377	15.61574	4.33168	4.10701	16.71773	-0.0181	0.83877	-0.81584	1.17024	0.07	-0.0	-0.0	-0.0	1e-05	77.38162	6.39602	
85.0	1	4.79922	-0.77916	-12.15779	0.10656	0.0019	-0.27949	0.29912	0.00062	-0.02093	9e-05	0.02094	0.07	-0.0	-0.0	0.0	0.0	26.19435	16.86611	
85.0	8	13.17892	-0.58572	-0.00344	26058.97337	477.40072	-5.27158	26063.34653	-10.25878	562.70304	246.92338	614.58206	0.02358	-4.00805	-0.07343	0.00081	4.00872	81.77792	0.02286	
85.0	53	12.26046	2.50192	-3.55244	27.53834	7.69253	-8.08604	29.71396	0.03753	-1.56907	-1.36489	2.07998	0.07	-0.0	-0.0	0.0	0.0	75.68711	6.68783	
85.0	84	12.76738	2.51587	-0.08577	4116.64092	1116.58315	-27.68877	4265.47267	-0.02057	-7.32614	-298.49345	298.58335	0.07	-0.13543	-0.03673	0.00091	0.14032	79.66525	4.43848	
85.0	105	12.31842	2.5275	3.32079	1.91144	0.53154	0.52197	2.05148	-0.00233	0.10478	-0.09817	0.1436	0.07	-0.0	-0.0	-0.0	0.0	77.75108	6.57231	
86.0	8	13.17909	-0.58516	0.0013	25860.86009	473.93624	4.06599	25865.20282	-6.97214	378.18379	263.29294	460.86306	0.01782	-3.97582	-0.07286	-0.00063	3.97649	81.82705	0.01714	
86.0	53	12.25808	2.5076	-3.55542	93.08815	26.01138	-27.44543	100.4751	0.11798	-5.29956	-4.62249	7.03326	0.07	-3e-05	-1e-05	1e-05	4e-05	75.20997	6.68877	
86.0	84	12.76817	2.51445	-0.03371	4316.5025	1171.57893	-11.22021	4472.68565	0.10985	-3.403	-313.06953	313.08804	0.07	-0.14659	-0.03979	0.00038	0.15189	79.31667	4.42646	
86.0	105	12.2789	2.46392	3.52442	1.42831	0.39885	0.41478	1.53987	-0.00205	0.08112	-0.07095	0.10779	0.07	-0.0	-0.0	-0.0	0.0	77.19079	6.7108	
87.0	8	13.17925	-0.58461	-0.00484	25612.24316	469.65294	-8.3591	25616.55019	-2.81335	158.52062	286.33712	327.30055	0.01278	-3.93567	-0.07217	0.00128	3.93633	81.87171	0.01223	
87.0	53	12.22393	2.55741	-3.62342	0.93984	0.26309	-0.28396	1.01644	0.00093	-0.0537	-0.04667	0.07115	0.07	-0.0	-0.0	0.0	0.0	74.7964	6.79724	
87.0	84	12.76862	2.51326	-0.02956	4699.52995	1276.46329	-10.84877	4869.81088	0.10337	-3.27768	-340.87126	340.88703	0.07	-0.16438	-0.04465	0.00038	0.17034	79.16367	4.42042	
88.0	8	13.17942	-0.58406	-0.00752	25326.15652	464.80426	-13.80357	25330.42514	1.68046	-82.39807	308.66252	319.47584	0.01261	-3.88957	-0.07138	0.00212	3.89023	81.89639	0.01207	
88.0	53	12.16679	2.54828	-3.81618	9.73497	2.73846	-3.11196	10.58079	0.01101	-0.5727	-0.46954	0.74066	0.07	-0.0	-0.0	0.0	0.0	74.52033	7.00651	
88.0	84	12.76898	2.51226	-0.02662	4955.10705	1346.95097	-10.49288	5134.92676	0.20251	-3.54497	-359.42729	359.44483	0.07	-0.17839	-0.04849	0.00038	0.18486	79.39725	4.42423	
88.0	105	12.22212	2.49502	3.68647	53.20217	14.92105	16.32708	57.61669	-0.06644	3.08226	-2.60033	4.03317	0.07	-3e-05	-1e-05	-1e-05	3e-05	77.15215	6.92887	
89.0	1	4.80376	-0.6915	-12.15494	0.27817	0.00491	-0.72936	0.78062	0.00089	-0.05464	-3e-05	0.05464	0.07	-0.0	-0.0	0.0	0.0	25.09941	16.71149	
89.0	8	13.17957	-0.58353	-0.02415	25014.86563	459.5895	-46.27666	25019.13001	7.03079	-348.77006	336.74151	484.85548	0.01938	-3.83941	-0.07054	0.0071	3.84007	81.88515	0.01867	
89.0	84	12.76908	2.51225	-0.00332	5391.48355	1467.09599	-1.63988	5587.52791	-0.15523	0.13327	-391.12689	391.12694	0.07	-0.20019	-0.05447	6e-05	0.20747	79.47284	4.42392	
89.0	105	12.17099	2.49832	3.84684	62.88384	17.70638	20.20702	68.38287	-0.08291	3.7246	-3.00565	4.7868	0.07	-3e-05	-1e-05	-1e-05	3e-05	77.04902	7.12959	
90.0	1	4.80629	-0.7087	-12.15396	5.70255	0.10041	-14.96598	16.01592	0.01978	-1.12094	1e-05	1.12111	0.07	-0.0	-0.0	0.0	0.0	24.78747	16.65906	
90.0	8	13.17972	-0.583	-0.03202	24677.58814	454.00225	-60.88531	24681.8391	12.45061	-628.12566	362.65706	725.40817	0.02939	-3.78517	-0.06964	0.00934	3.78583	81.8412	0.02879	
90.0	53	12.0628	2.55512	-4.12313	0.00267	0.00076	-0.00093	0.00293	0.0	-0.00016	-0.00012	0.00021	0.07	-0.0	-0.0	0.0	0.0	73.73218	7.33013	
90.0	84	12.76927	2.51138	0.02555	5732.00835	1561.18754	11.17954	5940.82076	-0.2707	3.97167	-415.83844	415.85749	0.07	-0.21876	-0.05958	-0.00043	0.22673	79.47957	4.41994	
90.0	105	12.11832	2.50427	4.00246	113.47813	32.07552	37.94717	123.87942	-0.15628	6.84637	-5.31966	8.67156	0.07	-5e-05	-2e-05	-2e-05	6e-05	76.89829	7.31542	
91.0	8	13.17964	-0.58248	-0.07913	24177.38315	445.48014	-147.55911	24181.93711	21.20189	-1020.34908	393.47659	1093.79413	0.04523	-3.70565	-0.06828	0.02262	3.70635	81.74254	0.04641	
91.0	53	11.98578	2.53739	-4.35221	2.38432	0.68018	-0.87851	2.63047	0.00305	-0.14949	-0.10747	0.18413	0.07	-0.0	-0.0	0.0	0.0	73.18211	7.52993	
91.0	84	12.76966	2.51003	0.00116	6017.70293	1640.41406	-0.24639	6237.28361	-1.51906	5.50697	-436.57247	436.60985	0.07	-0.23544	-0.06418	1e-05	0.24403	79.63085	4.41641	
91.0	105	12.11618	2.51984	3.99578	351.72063	99.44106	117.7737	384.01376	-0.51814	21.27796	-16.41846	26.88096	0.07	-0.00057	-0.00016	-0.00019	0.00062	77.15204	7.36677	
91.0	106	12.06416	2.49137	4.17128	14.64829	4.16059	5.14646	16.07386	-0.02374	0.90689	-0.66558	1.12517	0.07	-0.0	-0.0	-0.0	0.0	76.84338	7.54876	
92.0	1	4.80587	-0.73461	-12.15404	15.09169	0.26475	-39.66375	42.43869	0.05509	-2.9702	0.00114	2.97071	0.07	-0.0	-0.0	0.0	0.0	24.15165	16.54975	
92.0	8	13.18003	-0.58193	-0.04205	24132.62467	445.48986	-78.51383	24136.86391	22.35157	-1139.01457	407.34928	1209.87074	0.05013	-3.69577	-0.06822	0.01202	3.69642	81.66995	0.05259	
92.0	101	12.76895	2.51109	0.09578	6380.30175	1741.65792	47.50656	6613.9156	-0.30647	13.74553	-462.76993	462.97412	0.07	-0.25739	-0.07026	-0.00192	0.26681	79.357	4.40915	
92.0	106	12.00417	2.49997	4.33167	119.5801	34.13089	43.89379	131.87488	-0.16392	7.49734	-5.3832	9.23124	0.07	-3e-05	-1e-05	-1e-05	3e-05	76.32662	7.68495	
93.0	1	4.80469	-0.74789	-12.15446	6.47282	0.11324	-16.99108	18.1826	0.02663	-1.2725	0.00166	1.27278	0.07	-0.0	-0.0	0.0	0.0	23.91242	16.51309	
93.0	8	13.1802	-0.58141	-0.04029	23970.26994	443.39688	-75.07581	23974.48806	26.29021	-1349.27984	425.13081	1414.91465	0.05902	-3.66776	-0.06785	0.01149	3.66841	81.60383	0.06563	
93.0	53	11.90691	2.51353	-4.57736	56.79008	16.30856	-22.12246	63.09109	0.09234	-3.66396	-2.464	4.41638	0.07	-0.0	-0.0	0.0	0.0	72.10875	7.79563	
93.0	101	12.76864	2.51039	0.14112	6660.724	1820.14238	73.31346	6905.32674	-0.0648	19.69073	-482.97169	483.37292	0.07	-0.27553	-0.07529	-0.00303	0.28565	79.36934	4.406	
93.0	106	11.94559	2.50042	4.48822	28.12295	8.06154	10.69684	31.14982	-0.04023	1.79058	-1.24367	2.18049	0.07	-0.0	-0.0	-0.0	0.0	76.15338	7.86136	
94.0	1	4.80416	-0.75887	-12.15459	11.71648	0.20487	-30.83302	32.98474	0.0467	-2.30846	0.00241	2.30893	0.07	-0.0	-0.0	0.0	0.0	23.50568	16.44528	
94.0	8	13.18019	-0.58091	-0.07315	23750.0899	440.29841	-134.44847	23754.55134	32.21437	-1602.4014	442.99096	1662.81959	0.07	-3.63096	-0.06731	0.02055	3.63164	81.38927	0.13036	
94.0	101	12.76839	2.51019	0.15962	6885.31651	1883.79412	85.56281	7138.8784	0.28654	21.62905	-499.25415	499.72253	0.07	-0.2922	-0.07994	-0.00363	0.30296	79.15538	4.37917	
94.0	106	11.88117	2.50766	4.64815	143.105	41.24682	56.85384	159.41361	-0.19802	9.2619	-6.22098	11.15897	0.07	-3e-05	-1e-05	-1e-05	3e-05	75.70668	8.02531	
95.0	1	4.80239	-0.77444	-12.15526	4.24883	0.07409	-11.16048	11.94213	0.02201	-0.83565	0.00283	0.83594	0.07	-0.0	-0.0	0.0	0.0	23.2375	16.4824	
95.0	8	13.18034	-0.58045	-0.07574	23921.21419	444.54569	-140.25701	23925.75561	32.59624	-1618.17308	430.56518	1674.79342	0.07	-3.65818	-0.06798	0.02145	3.65887	81.22604	0.24638	
95.0	35	11.77202	2.50469	-4.9141	16.77505	4.87127	-7.09818	18.85512	0.03701	-1.12704	-0.686	1.31992	0.07	-0.0	-0.0	0.0	0.0	70.81028	8.22164	
95.0	101	12.76754	2.51019	0.20798	6914.04908	1894.02156	112.1539	7169.65626	3.32894	17.54715	-501.55296	501.87086	0.07	-0.30092	-0.08243	-0.00488	0.31205	79.27588	4.3444	
95.0	106	11.81708	2.50905	4.8053	36.35102	10.52999	14.9694	40.69841	-0.04764	2.38274	-1.56042	2.84862	0.07	-0.0	-0.0	-0.0	0.0	75.61792	8.10983	
96.0	8	13.1805	-0.58008	-0.08116	24127.62034	449.51732	-152.05341	24132.28645	33.15466	-1630.00341	442.13561	1689.22889	0.07	-3.68241	-0.06861	0.02321	3.68312	80.99806	0.43686	
96.0	101	12.76673	2.5099	0.25267	6861.58146	1881.85024	135.24598	7116.24564	8.54927	4.61972	-498.01925	498.11404	0.07	-0.3048	-0.0836	-0.00601	0.31612	77.54337	4.24247	
96.0	104	11.74912	2.51261	4.96438	1.15161	0.33539	0.49234	1.29657	-0.00065	0.0757	-0.05006	0.09075	0.07	-0.0	-0.0	-0.0	0.0	73.5739	8.03853	
97.0	1	4.86821	-0.79453	-12.12979	0.85543	0.0149	-2.22538	2.38418	0.00508	-0.16681	0.00084	0.16689	0.07	-0.0	-0.0	0.0	0.0	22.9816	16.52834	
97.0	8	13.18046	-0.5798	-0.11593	24425.10042	456.2641	-219.4283	24430.34704	34.72389	-1657.94371	417.78755	1710.12559	0.07	-3.72537	-0.06959	0.03347	3.72617	80.80389	0.52745	
97.0	101	12.76666	2.5088	0.26565	6508.95168	1786.91785	134.57826	6751.12129	9.08435	2.4941	-472.4859	472.57981	0.07	-0.29471	-0.08091	-0.00609	0.30567	78.83381	4.25427	
97.0	104	11.67986	2.51974	5.11804	2.88665	0.84532	1.27824	3.26821	-0.00309	0.19396	-0.12128	0.22878	0.07	-0.0	-0.0	-0.0	0.0	74.67938	8.2601	
97.0	106	11.75273	2.52116	4.94994	154.95583	45.12498	66.09503	174.4022	-0.15468	10.2475	-6.63362	12.2082	0.07	-6e-05	-2e-05	-3e-05	7e-05	75.02525	8.05111	
98.0	1	4.86637	-0.68933	-12.12967	0.45811	0.00796	-1.19178	1.27682	0.00256	-0.08934	0.00039	0.08938	0.07	-0.0	-0.0	0.0	0.0	22.70133	16.56695	
98.0	8	13.18058	-0.57957	-0.12632	24588.74414	460.60604	-240.71513	24594.23591	35.31136	-1672.49288	406.71157	1721.59625	0.07	-3.74787	-0.07021	0.03669	3.74871	80.59546	0.65817	
98.0	43	11.62761	2.48344	-5.25382	0.09809	0.02882	-0.04483	0.11163	0.00033	-0.00688	-0.00369	0.00781	0.07	-0.0	-0.0	0.0	0.0	68.90429	8.77855	
98.0	85	12.76563	2.50826	0.31285	6346.25373	1744.16239	154.65691	6583.38497	11.87843	-2.37165	-460.67746	460.83667	0.07	-0.29263	-0.08043	-0.00713	0.30357	78.6459	4.21667	
98.0	104	11.68663	2.52682	5.09787	164.82005	48.25421	72.73744	186.50698	-0.13727	11.01972	-6.99947	13.05548	0.07	-8e-05	-2e-05	-4e-05	9e-05	74.60869	8.11312	
99.0	1	4.86287	-0.69801	-12.13095	0.99439	0.01727	-2.58841	2.7729	0.00495	-0.19404	0.00061	0.1941	0.07	-0.0	-0.0	0.0	0.0	22.51994	16.61159	
99.0	8	13.18079	-0.57943	-0.12105	24719.34719	464.41371	-232.37677	24724.8014	35.38644	-1683.63782	399.45951	1730.73869	0.07	-3.76563	-0.07075	0.0354	3.76646	80.37397	0.75761	
99.0	85	12.7636	2.50819	0.38073	6286.33298	1729.75236	186.75288	6522.64534	14.46579	-3.30264	-456.34642	456.58759	0.07	-0.29503	-0.08118	-0.00876	0.30612	78.32209	4.18336	
99.0	102	11.60999	2.53088	5.26478	86.11979	25.39655	39.70757	98.17481	-0.04732	5.83541	-3.62965	6.87231	0.07	-1e-05	-0.0	-0.0	1e-05	73.89508	8.19778	
100.0	1	4.79153	-0.70906	-12.15831	0.44245	0.00767	-1.1653	1.24649	0.00232	-0.08722	0.00031	0.08725	0.07	-0.0	-0.0	0.0	0.0	21.91504	16.63917	
100.0	8	13.18093	-0.57936	-0.11894	24859.52216	468.48274	-230.1624	24865.00137	35.58347	-1695.32099	392.59036	1740.5478	0.07	-3.78516	-0.07133	0.03504	3.78599	80.08676	0.844	
100.0	43	11.59165	2.46755	-5.34007	0.00433	0.00128	-0.00202	0.00494	2e-05	-0.00031	-0.00016	0.00035	0.07	-0.0	-0.0	0.0	0.0	67.87471	8.95915	
100.0	85	12.76145	2.50759	0.4449	6223.41947	1714.28582	216.32523	6458.8329	16.56614	-3.12781	-451.8015	452.11593	0.07	-0.29674	-0.08174	-0.01031	0.30796	78.07202	4.1532	
101.0	1	4.78974	-0.72556	-12.15895	4.68007	0.0811	-12.35772	13.2145	0.02714	-0.92461	0.00421	0.92501	0.07	-0.0	-0.0	0.0	0.0	21.64787	16.64723	
101.0	8	13.18095	-0.57938	-0.13059	25004.29074	472.69001	-254.29169	25010.05109	36.16818	-1708.43554	380.66233	1750.70385	0.07	-3.80555	-0.07194	0.0387	3.80643	79.77036	0.9473	
101.0	43	11.52591	2.45515	-5.48514	5.08017	1.50804	-2.45675	5.84105	0.02155	-0.36634	-0.1803	0.40887	0.07	-0.0	-0.0	0.0	0.0	67.10417	9.16428	
101.0	85	12.75992	2.50644	0.48681	6021.99995	1660.33598	228.97708	6250.89029	18.24113	-5.87374	-437.14275	437.56259	0.07	-0.29114	-0.08027	-0.01107	0.30221	77.84145	4.12213	
101.0	102	11.53993	2.53851	5.40881	48.04527	14.24844	22.83253	55.06987	-0.01377	3.28328	-2.01992	3.85489	0.07	-1e-05	-0.0	-0.0	1e-05	73.24688	8.16517	
102.0	1	4.78667	-0.73913	-12.16005	0.60026	0.0104	-1.58704	1.69679	0.00347	-0.11872	0.00054	0.11877	0.07	-0.0	-0.0	0.0	0.0	21.40884	16.65121	
102.0	8	13.18103	-0.57948	-0.13433	25150.17716	476.96906	-263.14345	25156.07591	36.52634	-1720.81144	371.92695	1760.92471	0.07	-3.8259	-0.07256	0.04003	3.8268	79.44024	1.03937	
102.0	39	11.4729	2.44445	-5.59881	6.19803	1.84987	-3.08688	7.16703	0.02766	-0.45222	-0.21547	0.50169	0.07	-0.0	-0.0	0.0	0.0	66.28169	9.32679	
102.0	85	12.75761	2.50569	0.54175	5919.68732	1633.73828	250.5884	6146.10391	20.09754	-6.91234	-429.70141	430.22668	0.07	-0.28996	-0.08002	-0.01227	0.30105	77.50987	4.09084	
102.0	102	11.4614	2.55034	5.56315	3.30374	0.9877	1.64154	3.81902	0.00013	0.22894	-0.13802	0.26733	0.07	-0.0	-0.0	-0.0	0.0	72.49327	8.25215	
103.0	1	4.78331	-0.75273	-12.16125	0.81381	0.01408	-2.154	2.30265	0.00498	-0.16111	0.00083	0.16119	0.07	-0.0	-0.0	0.0	0.0	21.15551	16.64055	
103.0	8	13.18106	-0.57965	-0.14199	25310.999	481.58814	-280.20791	25317.13084	36.97675	-1735.36173	357.55163	1772.19942	0.07	-3.84944	-0.07324	0.04262	3.85037	79.07906	1.12725	
103.0	39	11.4731	2.43256	-5.60468	45.21237	13.4968	-22.51714	52.28138	0.21349	-3.30677	-1.55341	3.6597	0.07	-0.0	-0.0	0.0	0.0	65.95414	9.35474	
103.0	85	12.75545	2.50454	0.59115	5664.37361	1564.65842	261.66548	5882.32549	21.1184	-7.69432	-411.14916	411.76306	0.07	-0.28079	-0.07756	-0.01297	0.29159	77.20943	4.0646	
103.0	102	11.47017	2.54164	5.55012	54.74776	16.33939	26.89353	63.14709	0.00247	3.77549	-2.29885	4.4203	0.07	-2e-05	-1e-05	-1e-05	3e-05	72.38085	8.12273	
104.0	1	4.77956	-0.7671	-12.1626	4.15746	0.07185	-11.00222	11.76173	0.02932	-0.82282	0.00571	0.82336	0.07	-0.0	-0.0	0.0	0.0	20.89924	16.60867	
104.0	8	13.1811	-0.57991	-0.14565	25466.37275	486.16189	-289.53086	25472.65833	37.34257	-1748.20445	349.08005	1783.10688	0.07	-3.87211	-0.07392	0.04402	3.87306	78.69636	1.19711	
104.0	85	12.75225	2.50396	0.6528	5601.97591	1548.9975	285.9417	5819.2173	22.35928	-5.78506	-406.70908	407.36431	0.07	-0.28104	-0.07771	-0.01435	0.29194	76.9808	4.04099	
105.0	8	13.18103	-0.58024	-0.15946	25589.95942	490.17791	-318.34316	25596.63337	37.9297	-1758.5257	341.23258	1791.72849	0.07	-3.8914	-0.07454	0.04841	3.89242	78.28407	1.30556	
105.0	28	11.41685	2.41873	-5.72297	0.55298	0.16579	-0.28121	0.64214	0.00287	-0.04088	-0.01846	0.04495	0.07	-0.0	-0.0	0.0	0.0	64.84634	9.52918	
105.0	85	12.75026	2.50237	0.69167	5466.58342	1512.66445	295.54668	5679.70385	24.09108	-9.55448	-396.69943	397.5451	0.07	-0.27693	-0.07663	-0.01497	0.28773	76.46114	4.00175	
105.0	102	11.39312	2.55203	5.697	10.4841	3.1483	5.30918	12.16617	0.00379	0.72909	-0.43982	0.85148	0.07	-0.0	-0.0	-0.0	0.0	71.41702	8.08585	
106.0	8	13.18097	-0.58065	-0.17082	25622.70101	492.48935	-341.32937	25629.70656	38.39968	-1760.45766	342.47539	1793.87154	0.07	-3.89386	-0.07484	0.05187	3.89493	77.84951	1.53507	
106.0	85	12.74747	2.50114	0.73998	5435.64267	1505.31095	314.45388	5648.98695	29.6699	-24.97362	-393.32289	395.23016	0.07	-0.27771	-0.07691	-0.01607	0.28861	74.9926	3.91557	
107.0	8	13.18102	-0.58113	-0.1725	25916.4002	499.89052	-349.10596	25923.57161	38.73864	-1786.10197	318.27176	1814.65089	0.07	-3.93858	-0.07597	0.05305	3.93967	77.38579	1.46747	
107.0	81	11.33285	2.49303	5.84697	26.66725	8.06569	13.96085	31.16252	0.00814	1.88203	-1.10287	2.18138	0.07	-1e-05	-0.0	-1e-05	1e-05	70.42477	8.0059	
107.0	85	12.74404	2.49993	0.79618	5120.81221	1419.28005	318.87441	5323.41568	25.93088	-10.07086	-371.6002	372.63996	0.07	-0.26401	-0.07317	-0.01644	0.27446	75.71075	3.94829	
108.0	8	13.18082	-0.58171	-0.19063	26062.94639	504.4757	-387.77403	26070.71228	39.36193	-1798.77364	305.46191	1824.95012	0.07	-3.96089	-0.07667	0.05893	3.96207	76.88966	1.58346	
108.0	81	11.34114	2.49621	5.82864	101.52879	30.69802	52.99021	118.56823	0.06343	7.12821	-4.251	8.29978	0.07	-0.00012	-4e-05	-6e-05	0.00014	69.95459	7.84108	
108.0	85	12.74208	2.49819	0.82809	4896.33564	1357.85459	317.04968	5091.01093	27.05852	-14.67204	-355.03926	356.37103	0.07	-0.25406	-0.07046	-0.01645	0.26416	75.16851	3.91433	
109.0	1	4.82383	-0.69957	-12.14438	0.10985	0.0019	-0.28902	0.3092	0.00075	-0.02163	0.00014	0.02164	0.07	-0.0	-0.0	0.0	0.0	19.88793	16.42083	
109.0	8	13.18104	-0.58231	-0.18066	26232.68532	509.6048	-371.28873	26240.26165	39.40966	-1812.20746	297.10449	1836.82336	0.07	-3.98675	-0.07745	0.05643	3.9879	76.39565	1.60466	
109.0	81	11.26446	2.46708	5.9891	24.53391	7.46797	13.20734	28.84645	0.01043	1.74936	-1.00854	2.01928	0.07	-0.0	-0.0	-0.0	0.0	69.33219	7.94132	
109.0	85	12.73631	2.49811	0.90657	4802.7082	1333.30352	340.95503	4995.99386	27.19424	-8.82374	-348.55405	349.72462	0.07	-0.25129	-0.06976	-0.01784	0.2614	74.78688	3.895	
109.0	96	5.07945	-0.74694	12.05146	0.03647	0.00078	0.08976	0.09689	-0.00024	0.00678	4e-05	0.00678	0.07	-0.0	-0.0	-0.0	0.0	36.04277	15.86061	
110.0	1	4.75217	-0.71951	-12.17161	2.69202	0.0464	-7.18503	7.67293	0.01918	-0.53675	0.00372	0.5371	0.07	-0.0	-0.0	0.0	0.0	19.33933	16.41933	
110.0	8	13.18084	-0.58301	-0.19696	26387.44832	514.4562	-407.66811	26395.61114	39.97053	-1825.33853	283.71985	1847.68919	0.07	-4.01055	-0.07819	0.06196	4.01179	75.8534	1.70995	
110.0	81	11.26699	2.48035	5.9762	113.62381	34.59526	61.15077	133.59123	0.08796	8.06771	-4.72763	9.35127	0.07	-6e-05	-2e-05	-3e-05	7e-05	68.89605	7.79843	
110.0	85	12.73378	2.49668	0.94085	4553.67499	1264.91266	335.54073	4737.98982	27.75512	-12.31006	-330.26294	331.65569	0.07	-0.23945	-0.06651	-0.01764	0.24914	74.28967	3.86557	
111.0	1	4.74683	-0.7322	-12.17352	1.49235	0.02571	-3.98826	4.2584	0.01041	-0.2979	0.00198	0.29809	0.07	-0.0	-0.0	0.0	0.0	18.97252	16.33784	
111.0	8	13.18101	-0.58376	-0.18649	26536.70982	519.28299	-389.81013	26544.65247	40.00986	-1836.99155	276.57491	1858.12605	0.07	-4.03363	-0.07893	0.05925	4.03484	75.31284	1.75048	
111.0	81	11.1824	2.4757	6.13254	42.47227	13.04641	23.7822	50.39539	0.04025	3.06186	-1.75155	3.52768	0.07	-0.0	-0.0	-0.0	0.0	68.00043	7.87782	
111.0	85	12.72868	2.49599	1.00431	4475.9889	1244.35308	352.42827	4659.08756	28.47411	-10.45386	-324.72289	326.13649	0.07	-0.23664	-0.06579	-0.01863	0.24632	73.75395	3.83833	
112.0	1	4.74126	-0.74727	-12.17554	1.83126	0.03156	-4.91202	5.24238	0.0127	-0.36674	0.00238	0.36697	0.07	-0.0	-0.0	0.0	0.0	18.61209	16.27741	
112.0	8	13.181	-0.58459	-0.19122	26695.43605	524.34288	-402.9824	26703.6259	40.34146	-1849.87209	265.43477	1869.25381	0.07	-4.05857	-0.07972	0.06127	4.05981	74.72647	1.8239	
112.0	81	11.18999	2.48241	6.11455	63.73238	19.55018	35.41385	75.4862	0.07606	4.56637	-2.65773	5.28403	0.07	-3e-05	-1e-05	-2e-05	3e-05	67.60424	7.73203	
112.0	85	12.72514	2.49475	1.04658	4292.67514	1194.11827	352.38822	4469.58116	28.87608	-11.93757	-311.30649	312.87068	0.07	-0.22787	-0.06339	-0.01871	0.23727	73.17321	3.80962	
112.0	96	5.09645	-0.71227	12.04484	0.24365	0.00533	0.59718	0.64499	-0.00148	0.04512	0.0002	0.04515	0.07	-0.0	-0.0	-0.0	0.0	35.73509	15.32	
113.0	1	4.73552	-0.76103	-12.17761	0.5865	0.0101	-1.57354	1.67932	0.00417	-0.11748	0.0008	0.11756	0.07	-0.0	-0.0	0.0	0.0	18.36621	16.22098	
113.0	8	13.18118	-0.58545	-0.18252	26839.60539	529.17267	-388.16614	26847.62772	40.42431	-1861.11193	257.93857	1879.33606	0.07	-4.08124	-0.08047	0.05902	4.08246	74.14222	1.88175	
113.0	28	11.39865	2.35077	-5.78966	0.00062	0.00019	-0.00032	0.00073	0.0	-5e-05	-2e-05	5e-05	0.07	-0.0	-0.0	0.0	0.0	60.75725	9.61363	
113.0	81	11.10313	2.48455	6.26658	6.7731	2.09361	3.88685	8.0849	0.00917	0.49137	-0.28065	0.56595	0.07	-0.0	-0.0	-0.0	0.0	66.73242	7.787	
113.0	85	12.71979	2.49409	1.10655	4204.25265	1170.45807	365.26566	4379.39852	29.80208	-11.90549	-304.8756	306.56001	0.07	-0.22418	-0.06241	-0.01948	0.23352	72.61718	3.78075	
114.0	1	4.7295	-0.77533	-12.17979	1.05833	0.01822	-2.84654	3.03697	0.00777	-0.21244	0.00153	0.21259	0.07	-0.0	-0.0	0.0	0.0	18.02052	16.13651	
114.0	8	13.18114	-0.58633	-0.18984	27017.01415	534.68403	-406.51028	27025.362	40.79076	-1875.51498	244.11858	1891.77541	0.07	-4.10924	-0.08132	0.06183	4.11051	73.51038	1.94487	
114.0	81	11.10662	2.49028	6.2567	52.56379	16.2489	30.1321	62.72896	0.08531	3.80027	-2.19814	4.39103	0.07	-0.0	-0.0	-0.0	1e-05	66.27193	7.66132	
114.0	85	12.71607	2.49286	1.14713	3980.14871	1108.70727	358.65829	4147.22212	29.46248	-12.42715	-288.53922	290.30562	0.07	-0.21285	-0.05929	-0.01918	0.22179	72.04341	3.75639	
115.0	8	13.18123	-0.58722	-0.18665	27074.65073	537.87287	-401.352	27082.96703	40.70721	-1882.31223	223.4665	1895.96775	0.07	-4.11982	-0.08185	0.06107	4.12109	72.86693	2.165	
115.0	85	12.71122	2.49185	1.19801	3963.8346	1104.87448	373.34091	4131.84169	34.36272	-26.603	-286.10625	289.3878	0.07	-0.21272	-0.05929	-0.02004	0.22174	70.42289	3.70737	
115.0	96	5.11415	-0.67978	12.03788	3.96397	0.08845	9.67157	10.45276	0.0031	0.73168	-0.00796	0.73173	0.07	-0.0	-0.0	-0.0	0.0	34.55778	14.46856	
116.0	8	13.18138	-0.58813	-0.17937	27294.99147	544.3121	-390.01651	27303.20398	41.07846	-1897.24912	227.01741	1911.22436	0.07	-4.15389	-0.08284	0.05935	4.15514	72.20975	2.04168	
116.0	85	12.70597	2.49085	1.25001	3752.41621	1046.62391	369.06176	3913.08773	30.2279	-12.47693	-271.95717	273.91623	0.07	-0.20177	-0.05628	-0.01984	0.21041	70.73701	3.69625	
117.0	8	13.18148	-0.58908	-0.17712	27461.37294	549.71411	-388.00457	27469.6148	41.28378	-1910.32282	215.40407	1922.87196	0.07	-4.18101	-0.08369	0.05907	4.18226	71.51981	2.09009	
117.0	85	12.70135	2.48967	1.29466	3584.04886	1000.22492	365.33618	3738.89377	30.05437	-12.84565	-259.67261	261.72149	0.07	-0.19308	-0.05388	-0.01968	0.20142	70.06637	3.66909	
117.0	100	11.02878	2.50654	6.38012	2.99204	0.93046	1.75188	3.58986	0.00703	0.21667	-0.12709	0.25129	0.07	-0.0	-0.0	-0.0	0.0	64.29391	7.4353	
118.0	8	13.18156	-0.59007	-0.17698	27628.945	555.18631	-390.3517	27637.27932	41.51885	-1923.48421	202.97032	1934.60907	0.07	-4.20821	-0.08456	0.05946	4.20948	70.80501	2.13531	
118.0	85	12.69699	2.48839	1.3354	3399.20692	949.14243	357.60471	3547.30322	29.55998	-13.10603	-246.1964	248.31075	0.07	-0.1834	-0.05121	-0.01929	0.19139	69.38189	3.64244	
118.0	96	5.13225	-0.77878	12.03196	0.24641	0.0056	0.5982	0.64699	-0.00144	0.04527	0.00017	0.04529	0.07	-0.0	-0.0	-0.0	0.0	34.6493	14.15294	
118.0	100	11.03468	2.50884	6.3681	19.41525	6.03791	11.35381	23.28771	0.05141	1.40048	-0.83268	1.63013	0.07	-0.0	-0.0	-0.0	0.0	63.72428	7.29987	
119.0	8	13.18159	-0.59111	-0.18029	27796.38266	560.68781	-400.04028	27804.91489	41.8051	-1936.54201	190.56823	1946.345	0.07	-4.23571	-0.08544	0.06096	4.23701	70.06559	2.19023	
119.0	85	12.69303	2.487	1.3719	3219.16398	899.28876	348.10625	3360.49326	29.12287	-14.05754	-233.00211	235.23549	0.07	-0.17384	-0.04856	-0.0188	0.18147	68.67429	3.61464	
119.0	96	5.14375	-0.76191	12.02726	5.55744	0.12718	13.46813	14.57024	-0.03128	1.01943	0.00328	1.01992	0.07	-0.0	-0.0	-0.0	0.0	34.43338	13.93991	
119.0	100	11.04078	2.51044	6.35608	29.8673	9.28754	17.43536	35.8093	0.08827	2.14511	-1.29387	2.50667	0.07	-1e-05	-0.0	-0.0	1e-05	63.13758	7.15652	
120.0	8	13.18186	-0.59217	-0.16283	27955.15444	566.06997	-364.69184	27963.26331	41.78479	-1948.93026	177.87475	1957.47658	0.07	-4.26238	-0.08631	0.05561	4.26361	69.33174	2.22786	
120.0	85	12.68697	2.48607	1.42426	3098.6662	866.16651	348.1739	3236.23264	29.26384	-14.56212	-224.2145	226.58457	0.07	-0.16755	-0.04683	-0.01883	0.17498	67.86621	3.58672	
121.0	8	13.18194	-0.59326	-0.159	28127.74282	571.75795	-358.77027	28135.84083	42.02548	-1961.87178	168.25866	1969.52227	0.07	-4.29066	-0.08722	0.05473	4.2919	68.55488	2.22956	
121.0	85	12.68234	2.48481	1.46363	2926.73509	818.508	338.15499	3057.79045	28.00539	-12.61867	-211.84332	214.0587	0.07	-0.15828	-0.04427	-0.01829	0.16537	67.20351	3.55813	
122.0	8	13.18192	-0.59437	-0.1632	28171.35926	574.83399	-368.41534	28179.63177	42.14299	-1965.68321	155.48686	1972.27348	0.07	-4.29964	-0.08773	0.05623	4.3009	67.76056	2.37708	
122.0	85	12.67857	2.48338	1.49485	2880.24689	805.83504	340.04389	3010.11994	30.15026	-20.31308	-207.2415	210.40603	0.07	-0.15554	-0.04352	-0.01836	0.16256	65.95929	3.51853	
123.0	8	13.18215	-0.59552	-0.14904	28412.2677	582.00615	-340.63455	28420.26951	42.39839	-1983.49375	147.45703	1989.41918	0.07	-4.33943	-0.08889	0.05203	4.34065	66.93754	2.30646	
123.0	85	12.67325	2.48216	1.53807	2641.39709	739.36852	321.10029	2761.65707	27.13023	-14.02179	-190.8888	193.31631	0.07	-0.1428	-0.03997	-0.01736	0.1493	65.56339	3.4929	
123.0	100	10.96274	2.53616	6.47117	0.15627	0.04892	0.09331	0.18847	0.00065	0.01119	-0.00695	0.01319	0.07	-0.0	-0.0	-0.0	0.0	60.16363	6.79105	
124.0	8	13.18233	-0.59669	-0.14233	28577.82113	587.65414	-328.22155	28585.74693	42.60313	-1995.93366	135.84122	2001.00451	0.07	-4.36743	-0.08981	0.05016	4.36865	66.09807	2.31954	
124.0	85	12.66876	2.48083	1.57379	2475.70202	693.27699	308.12842	2589.33903	26.03668	-13.47862	-178.86905	181.25595	0.07	-0.13374	-0.03745	-0.01665	0.13988	64.73707	3.46189	
124.0	100	10.96922	2.53435	6.46052	0.89678	0.28076	0.53479	1.08123	0.00396	0.06399	-0.04023	0.07569	0.07	-0.0	-0.0	-0.0	0.0	59.47402	6.66147	
125.0	8	13.18244	-0.59788	-0.13671	28782.07455	594.14214	-318.32701	28789.96618	42.89028	-2010.98747	124.58516	2015.2994	0.07	-4.4015	-0.09086	0.04868	4.40271	65.23667	2.32677	
125.0	85	12.66437	2.47942	1.60732	2318.24231	649.43962	294.84602	2425.48004	24.87113	-12.74891	-167.46928	169.78536	0.07	-0.12511	-0.03505	-0.01591	0.13089	63.89761	3.42902	
125.0	96	5.01905	-0.71988	12.07876	1.02525	0.02447	2.56563	2.76301	-0.00432	0.19336	-0.00012	0.19341	0.07	-0.0	-0.0	-0.0	0.0	31.99042	12.79748	
125.0	100	10.97615	2.52936	6.45078	1.36935	0.42869	0.81531	1.65034	0.00633	0.09738	-0.06184	0.11553	0.07	-0.0	-0.0	-0.0	0.0	58.75626	6.53354	
126.0	8	13.18257	-0.5991	-0.12802	28939.15804	599.70326	-300.86709	28946.93478	43.0928	-2022.65842	113.25423	2026.28492	0.07	-4.4283	-0.09177	0.04604	4.42949	64.3611	2.33361	
126.0	85	12.65996	2.47804	1.64079	2159.18888	605.11322	280.5001	2259.85374	23.67282	-12.18788	-155.93233	158.18925	0.07	-0.11636	-0.03261	-0.01512	0.12179	63.01888	3.39454	
126.0	100	10.98534	2.51309	6.44314	2.17595	0.68115	1.2934	2.62137	0.01042	0.15429	-0.09878	0.1835	0.07	-0.0	-0.0	-0.0	0.0	58.00206	6.39463	
127.0	8	13.1827	-0.60039	-0.12095	29082.64361	604.99177	-287.11539	29090.35252	43.31284	-2033.26034	102.90676	2036.32351	0.07	-4.45294	-0.09263	0.04396	4.45412	63.46423	2.35503	
127.0	85	12.6562	2.47662	1.66915	2009.40712	563.31175	265.68125	2103.71663	22.67913	-12.52951	-144.96166	147.259	0.07	-0.10807	-0.0303	-0.01429	0.11315	62.13845	3.36025	
127.0	100	10.99686	2.48629	6.4371	3.39556	1.06284	2.01487	4.0889	0.01676	0.2401	-0.1549	0.28622	0.07	-0.0	-0.0	-0.0	0.0	57.22704	6.2373	
128.0	8	13.18279	-0.60173	-0.11442	29202.70921	609.7974	-274.24159	29210.36266	43.51855	-2042.13651	93.23956	2044.72712	0.07	-4.47429	-0.09343	0.04202	4.47546	62.54458	2.36847	
128.0	85	12.65262	2.47512	1.69488	1867.80441	523.76138	250.88135	1956.00632	21.62238	-12.6288	-134.61303	136.92218	0.07	-0.10023	-0.02811	-0.01346	0.10497	61.24676	3.32467	
128.0	100	11.00512	2.47672	6.42742	6.41268	2.00702	3.79847	7.71874	0.03327	0.4516	-0.29479	0.54033	0.07	-0.0	-0.0	-0.0	0.0	56.47191	6.09536	
129.0	8	13.18286	-0.60312	-0.10684	29338.58808	614.95882	-258.79206	29346.17348	43.73937	-2052.11953	82.23784	2054.2324	0.07	-4.49818	-0.09429	0.03968	4.49934	61.60662	2.37784	
129.0	85	12.64921	2.47362	1.71951	1709.47076	479.49274	233.05438	1790.67526	20.26997	-12.4485	-123.06976	125.34753	0.07	-0.09152	-0.02567	-0.01248	0.09587	60.33108	3.28961	
129.0	100	11.01216	2.4721	6.41715	10.01878	3.13546	5.92513	12.05463	0.05497	0.70227	-0.46458	0.84383	0.07	-0.0	-0.0	-0.0	1e-05	55.68621	5.95694	
130.0	8	13.18296	-0.60455	-0.09934	29466.9208	619.97601	-243.57687	29474.44862	43.96432	-2061.50267	71.48045	2063.21002	0.07	-4.52138	-0.09513	0.03737	4.52254	60.65025	2.40664	
130.0	85	12.64585	2.47218	1.74332	1550.08958	434.9093	214.34417	1624.15123	18.99703	-12.8278	-111.35439	113.68922	0.07	-0.08279	-0.02323	-0.01145	0.08674	59.38153	3.25516	
130.0	100	11.01874	2.4684	6.40716	15.49137	4.84804	9.1485	18.6328	0.09141	1.0792	-0.72669	1.30427	0.07	-1e-05	-0.0	-0.0	1e-05	54.86734	5.80101	
131.0	8	13.18308	-0.60598	-0.0914	29584.45078	624.76668	-227.55768	29591.92193	44.1896	-2070.04526	61.65359	2071.43459	0.07	-4.54244	-0.09593	0.03494	4.54358	59.67608	2.42613	
131.0	85	12.64238	2.47077	1.76754	1399.74814	392.83136	196.33428	1467.02368	17.6554	-12.75327	-100.35553	102.69173	0.07	-0.07454	-0.02092	-0.01046	0.07812	58.41641	3.21838	
131.0	100	11.02552	2.46434	6.39701	17.9196	5.60755	10.56533	21.54491	0.11249	1.24106	-0.84948	1.50815	0.07	-1e-05	-0.0	-1e-05	1e-05	54.01844	5.6489	
132.0	8	13.18325	-0.6074	-0.08338	29696.96445	629.43846	-211.01886	29704.38384	44.41972	-2078.17287	52.35959	2079.30689	0.07	-4.56301	-0.09671	0.03242	4.56415	58.68221	2.44083	
132.0	85	12.63901	2.46937	1.79056	1259.73717	353.62343	179.07723	1320.62709	16.32417	-12.51187	-90.12688	92.44393	0.07	-0.06687	-0.01877	-0.00951	0.0701	57.43549	3.18075	
132.0	100	11.03328	2.45935	6.38563	18.18769	5.69001	10.69862	21.85472	0.12088	1.25171	-0.87121	1.52983	0.07	-1e-05	-0.0	-1e-05	1e-05	53.15878	5.49757	
133.0	8	13.18334	-0.60881	-0.07231	29813.2496	634.19622	-187.41495	29820.58318	44.65336	-2086.52659	42.65725	2087.44024	0.07	-4.58421	-0.09752	0.02882	4.58534	57.66647	2.42183	
133.0	85	12.63446	2.46834	1.82092	1122.48452	315.2201	162.37203	1177.15754	14.74796	-11.1543	-80.2989	82.40045	0.07	-0.05943	-0.01669	-0.0086	0.06232	56.46642	3.13853	
133.0	96	4.92407	-0.7897	12.1183	1.26279	0.03176	3.22451	3.46311	-0.00389	0.24238	-0.00086	0.24242	0.07	-0.0	-0.0	-0.0	0.0	28.66127	11.03964	
134.0	1	4.7319	-0.77002	-12.17572	0.00197	3e-05	-0.00525	0.00561	1e-05	-0.00039	0.0	0.00039	0.07	-0.0	-0.0	0.0	0.0	12.21696	13.1815	
134.0	8	13.18331	-0.61024	-0.07278	29937.18265	639.12872	-189.94246	29944.60667	44.93582	-2095.40002	31.70248	2096.12154	0.07	-4.60655	-0.09835	0.02923	4.60769	56.61217	2.42266	
134.0	85	12.63209	2.46681	1.83629	961.89075	270.16653	140.36145	1008.92275	12.86326	-10.10396	-68.70335	70.62367	0.07	-0.05074	-0.01425	-0.0074	0.05322	55.4714	3.09846	
134.0	96	4.93847	-0.77819	12.11267	10.68413	0.2703	27.1904	29.21543	-0.03237	2.04481	-0.00761	2.04508	0.07	-0.0	-0.0	-0.0	0.0	28.34925	10.81051	
135.0	1	4.72347	-0.78447	-12.1788	0.36181	0.00623	-0.96822	1.03364	0.00193	-0.07233	0.00026	0.07235	0.07	-0.0	-0.0	0.0	0.0	11.79691	12.96175	
135.0	8	13.18327	-0.61167	-0.07646	30012.71753	643.03601	-199.32702	30020.26716	45.16007	-2100.81284	22.46546	2101.41826	0.07	-4.62142	-0.09902	0.03069	4.62259	55.54142	2.42904	
135.0	85	12.63029	2.46525	1.84766	828.64212	232.7699	121.69731	869.27546	11.29787	-9.34359	-59.05622	60.84884	0.07	-0.04354	-0.01223	-0.00639	0.04567	54.4454	3.05653	
135.0	96	4.9524	-0.77077	12.10724	21.99387	0.55961	55.7946	59.97567	-0.06342	4.19778	-0.0171	4.19829	0.07	-0.0	-0.0	-1e-05	1e-05	28.00852	10.57198	
136.0	8	13.18339	-0.61305	-0.04508	30130.95533	647.93445	-127.23596	30138.18968	45.40995	-2109.1455	13.02453	2109.67448	0.07	-4.6425	-0.09983	0.0196	4.64361	54.51696	2.41138	
136.0	85	12.62527	2.46424	1.87974	700.92951	196.96321	104.79435	735.58041	9.78174	-8.27554	-49.87226	51.49183	0.07	-0.03669	-0.01031	-0.00549	0.03851	53.36705	3.01264	
137.0	8	13.18341	-0.61448	-0.03605	30186.23737	651.42553	-106.82959	30193.4545	45.61117	-2113.04877	3.14146	2113.54332	0.07	-4.65401	-0.10043	0.01647	4.65512	53.42908	2.41891	
137.0	85	12.62271	2.46287	1.89563	558.5643	156.98107	84.24605	586.28877	7.99683	-7.19881	-39.6062	41.04173	0.07	-0.0291	-0.00818	-0.00439	0.03055	52.28345	2.97288	
138.0	8	13.18339	-0.6159	-0.02638	30232.95411	654.71038	-84.93182	30240.1616	45.80986	-2116.304	-7.05082	2116.81149	0.07	-4.66434	-0.10101	0.0131	4.66545	52.30356	2.41024	
138.0	85	12.62034	2.46152	1.91024	409.02611	114.9696	62.18716	429.40378	5.97275	-5.60592	-28.92077	30.05846	0.07	-0.02121	-0.00596	-0.00322	0.02227	51.17362	2.92961	
139.0	8	13.18335	-0.61732	-0.01678	30278.49382	657.9525	-62.96273	30285.70709	46.01967	-2119.43155	-17.13843	2120.00038	0.07	-4.67459	-0.10158	0.00972	4.6757	51.0531	2.39645	
139.0	85	12.61819	2.46018	1.92311	263.11449	73.96501	40.28448	276.26599	3.91856	-3.83892	-18.54519	19.33951	0.07	-0.01358	-0.00382	-0.00208	0.01426	49.95678	2.88012	
139.0	96	4.81836	-0.74244	12.15942	0.01997	0.00052	0.05204	0.05574	-2e-05	0.0039	-3e-05	0.0039	0.07	-0.0	-0.0	-0.0	0.0	25.66416	9.6118	
140.0	8	13.18328	-0.61875	-0.01011	30311.36949	660.90622	-47.71695	30318.61135	46.21678	-2121.62467	-27.26386	2122.30313	0.07	-4.68288	-0.10211	0.00737	4.684	49.61052	2.38513	
140.0	85	12.6165	2.45877	1.9325	115.3347	32.42424	17.74889	121.11336	1.75696	-1.8201	-8.09195	8.47817	0.07	-0.00592	-0.00166	-0.00091	0.00622	48.56734	2.82314	
140.0	96	4.83627	-0.73991	12.15261	2.69879	0.07099	7.02109	7.52224	-0.00223	0.52653	-0.00447	0.52656	0.07	-0.0	-0.0	-0.0	0.0	25.1179	9.29356	
141.0	8	13.18312	-0.62018	-0.00587	30316.18698	663.21944	-38.30696	30323.46485	46.37516	-2121.85116	-34.84578	2122.64393	0.07	-4.68673	-0.10253	0.00592	4.68785	48.25644	2.41002	
141.0	96	4.85436	-0.74018	12.1457	5.61882	0.14867	14.57683	15.62297	-0.00422	1.09356	-0.00953	1.09361	0.07	-0.0	-0.0	-0.0	0.0	24.41054	8.92804	
142.0	8	13.18293	-0.62175	-0.00163	30194.28764	662.42116	-28.12944	30201.56617	46.3316	-2113.34382	-34.62603	2114.13521	0.07	-4.67114	-0.10248	0.00435	4.67226	47.31568	2.64024	
142.0	100	11.09528	2.45081	6.27385	17.68059	5.52264	10.19703	21.14432	0.23247	1.07914	-0.98753	1.48115	0.07	-0.0	-0.0	-0.0	0.0	42.33723	3.81527	
143.0	1	4.80523	-0.86363	-12.14708	0.75829	0.01302	-1.99852	2.13758	0.00344	-0.14961	0.00033	0.14965	0.07	-0.0	-0.0	0.0	0.0	10.90113	11.65795	
143.0	8	13.18274	-0.62343	-7e-05	30078.62567	661.41299	-23.9911	30085.90642	46.26422	-2105.21007	-35.39402	2106.0158	0.07	-4.65568	-0.10238	0.00371	4.65681	46.24461	2.71635	
144.0	1	4.79207	-0.87061	-12.15196	10.54042	0.18033	-27.86328	29.79086	0.06916	-2.08438	0.01267	2.08556	0.07	-0.0	-0.0	0.0	0.0	11.08592	11.60536	
144.0	8	13.18254	-0.62527	-0.00991	29920.20191	659.07033	-46.37967	29927.49583	46.1041	-2094.33646	-18.78204	2094.92806	0.07	-4.63489	-0.1021	0.00718	4.63602	45.06663	2.83136	
145.0	8	13.18237	-0.62716	0.00867	29782.65355	656.99412	-4.31271	29789.8995	45.97615	-2084.43969	-40.09047	2085.33208	0.07	-4.61413	-0.10179	0.00067	4.61525	44.09164	2.93774	
146.0	8	13.18214	-0.62919	-0.00388	29627.8329	654.19989	-33.15718	29635.07313	45.75952	-2073.77134	-27.31207	2074.45594	0.07	-4.59145	-0.10138	0.00514	4.59258	42.87662	3.0033	
147.0	8	13.18187	-0.63125	-0.00255	29483.32215	651.52527	-30.62683	29490.53591	45.56722	-2063.57695	-32.63114	2064.33791	0.07	-4.57005	-0.10099	0.00475	4.57116	41.66787	3.05261	
148.0	8	13.1816	-0.63334	-0.00382	29312.51472	648.11589	-33.93074	29319.69858	45.32481	-2051.62065	-32.52865	2052.37905	0.07	-4.54441	-0.10048	0.00526	4.54552	40.38033	3.08021	
149.0	8	13.18132	-0.63545	-0.00169	29084.49852	643.33656	-29.5332	29091.62781	44.99443	-2035.65217	-32.80758	2036.41366	0.07	-4.50963	-0.09975	0.00458	4.51074	39.0266	3.11001	
150.0	8	13.18101	-0.63756	-0.00194	28907.36898	639.57953	-30.27043	28914.45935	44.7308	-2023.25648	-32.50106	2024.01185	0.07	-4.4827	-0.09918	0.00469	4.4838	37.76053	3.10439	
150.0	96	4.7779	-0.81805	12.17571	0.4416	0.01213	1.1654	1.24632	-0.0004	0.08724	-0.00076	0.08724	0.07	-0.0	-0.0	-0.0	0.0	16.14033	5.35624	
151.0	8	13.18068	-0.63967	-0.00515	28695.99094	634.9781	-37.26475	28703.03959	44.40093	-2008.46312	-32.23812	2009.2125	0.07	-4.45017	-0.09847	0.00578	4.45127	36.43906	3.09929	
151.0	96	4.79422	-0.81144	12.1694	2.83132	0.07796	7.44794	7.96833	-0.00365	0.55775	-0.00445	0.55778	0.07	-0.0	-0.0	-0.0	0.0	15.53667	5.05079	
152.0	8	13.18029	-0.64176	-0.00932	28487.2467	630.40941	-46.21061	28494.25865	44.07105	-1993.85359	-32.05354	1994.59817	0.07	-4.41776	-0.09776	0.00717	4.41884	35.15688	3.04659	
152.0	96	4.81002	-0.8066	12.16326	6.26725	0.17298	16.43296	17.58837	-0.00879	1.23112	-0.00961	1.23119	0.07	-0.0	-0.0	-0.0	0.0	15.1323	4.83178	
153.0	8	13.17987	-0.64382	-0.01416	28341.97709	627.22539	-56.63193	28348.97325	43.83649	-1983.6881	-31.90226	1984.42886	0.07	-4.38904	-0.09713	0.00877	4.39012	34.0003	2.99909	
153.0	96	4.82457	-0.80273	12.15758	10.31249	0.28526	26.95824	28.86479	-0.01557	2.02044	-0.01542	2.02056	0.07	-0.0	-0.0	-0.0	0.0	14.68088	4.60734	
154.0	8	13.17949	-0.64581	-0.00702	28131.87295	622.60501	-40.72889	28138.79122	43.55529	-1969.15615	-17.54443	1969.71592	0.07	-4.36177	-0.09653	0.00631	4.36284	32.73954	2.93002	
155.0	8	13.17919	-0.64772	0.00306	28034.73111	620.48148	-18.97056	28041.60312	43.40103	-1962.08471	-36.94803	1962.91244	0.07	-4.34596	-0.09619	0.00294	4.34702	31.55995	2.83483	
156.0	8	13.17891	-0.64958	0.00652	27939.39075	618.35423	-11.6134	27946.23503	43.25511	-1955.25157	-44.48387	1956.2358	0.07	-4.33039	-0.09584	0.0018	4.33145	30.28965	2.75368	
157.0	8	13.1786	-0.65137	0.01598	27850.98182	616.40009	8.61871	27857.80343	43.14774	-1948.7849	-55.18986	1950.04365	0.07	-4.31558	-0.09551	-0.00134	4.31664	29.01403	2.68602	
158.0	1	4.77583	-0.87059	-12.15506	0.10745	0.00173	-0.28638	0.30588	0.00029	-0.02139	-2e-05	0.02139	0.07	-0.0	-0.0	0.0	0.0	7.33556	8.15901	
158.0	8	13.17837	-0.65315	0.00686	27816.18651	615.54302	-10.97965	27822.9985	43.06963	-1946.87148	-31.90334	1947.60914	0.07	-4.309	-0.09535	0.0017	4.31005	27.91304	2.62248	
159.0	8	13.17817	-0.65486	-0.00165	27787.50302	614.83455	-29.3521	27794.31969	42.99984	-1944.87557	-31.28936	1945.60248	0.07	-4.30318	-0.09521	0.00455	4.30423	26.5552	2.54646	
160.0	8	13.17802	-0.65649	-0.00157	27754.9074	614.09229	-29.44717	27761.71574	42.949	-1942.608	-30.39393	1943.32042	0.07	-4.29668	-0.09507	0.00456	4.29774	25.19233	2.47042	
161.0	8	13.17789	-0.65806	-0.0004	27724.95766	613.42029	-27.1838	27731.75618	42.90284	-1940.4927	-31.5704	1941.22365	0.07	-4.29085	-0.09494	0.00421	4.2919	23.95784	2.38623	
162.0	8	13.17779	-0.65958	-0.0084	27691.32135	612.63013	-44.30251	27698.13272	42.84419	-1938.25745	-23.08626	1938.86837	0.07	-4.28458	-0.09479	0.00685	4.28563	22.46823	2.30905	
163.0	8	13.17763	-0.66096	0.00622	27660.3808	612.01523	-13.24397	27667.15389	42.80214	-1935.56328	-50.65024	1936.69892	0.07	-4.27878	-0.09467	0.00205	4.27983	21.10713	2.20352	
164.0	8	13.17751	-0.66231	0.00286	27629.80299	611.32097	-20.58638	27636.5727	42.73954	-1933.41265	-51.03283	1934.55822	0.07	-4.27313	-0.09454	0.00318	4.27418	19.68836	2.10108	
165.0	8	13.17739	-0.6636	-0.00968	27597.23785	610.54526	-47.41736	27604.03142	42.68305	-1931.58925	-29.28078	1932.28265	0.07	-4.26734	-0.09441	0.00733	4.26839	18.21212	2.00972	
166.0	8	13.17727	-0.66481	-0.02094	27566.70481	609.85635	-71.47215	27573.54252	42.6667	-1929.6576	-8.86448	1930.1496	0.07	-4.2618	-0.09428	0.01105	4.26286	16.99478	1.9116	
167.0	8	13.17724	-0.66584	-0.00357	27530.35956	609.21316	-34.66012	27537.12112	42.60171	-1926.89037	-30.19772	1927.59781	0.07	-4.25526	-0.09416	0.00536	4.25631	15.56817	1.81246	
168.0	8	13.17717	-0.66684	-0.00123	27496.9756	608.57085	-29.53394	27503.72517	42.56174	-1924.5447	-30.56722	1925.25794	0.07	-4.24914	-0.09404	0.00456	4.25018	14.15125	1.71755	
168.0	96	4.85266	-0.75765	12.14601	0.30114	0.00855	0.77939	0.83558	0.00155	0.05846	-0.00124	0.05849	0.07	-0.0	-0.0	-0.0	0.0	7.8552	1.71548	
169.0	8	13.17708	-0.66776	-0.0016	27463.9798	607.90894	-30.46872	27470.72383	42.51464	-1922.23969	-30.37375	1922.94968	0.07	-4.24312	-0.09392	0.00471	4.24416	12.75181	1.60079	
169.0	96	4.8714	-0.76276	12.13882	0.73143	0.02078	1.88358	2.02071	0.00148	0.14143	-0.00214	0.14145	0.07	-0.0	-0.0	-0.0	0.0	7.32931	1.52545	
170.0	8	13.17701	-0.6686	-0.00233	27433.16056	607.27968	-32.22128	27439.90024	42.4689	-1920.08385	-30.15808	1920.79023	0.07	-4.23717	-0.0938	0.00498	4.23821	11.34905	1.51002	
170.0	96	4.88996	-0.76982	12.13169	1.78324	0.05067	4.57434	4.9099	0.00372	0.34363	-0.00526	0.34369	0.07	-0.0	-0.0	-0.0	0.0	6.81113	1.31368	
171.0	8	13.17695	-0.66933	-0.00066	27398.58319	606.56684	-28.53217	27405.31149	42.42439	-1917.67731	-29.1315	1918.36772	0.07	-4.23068	-0.09366	0.00441	4.23172	9.95144	1.40431	
172.0	8	13.17688	-0.67	-0.00028	27365.96208	605.88251	-27.6833	27372.68238	42.37841	-1915.40374	-28.30985	1916.08165	0.07	-4.22448	-0.09353	0.00427	4.22552	8.54398	1.32278	
173.0	8	13.17681	-0.67059	0.00561	27356.69041	605.73622	-14.94835	27363.39983	42.37554	-1914.65308	-34.79684	1915.43805	0.07	-4.22179	-0.09348	0.00231	4.22282	7.12485	1.21221	
174.0	8	13.17676	-0.6711	0.00517	27305.13188	604.61112	-15.68797	27311.82944	42.29643	-1911.05436	-34.11355	1911.82674	0.07	-4.21262	-0.09328	0.00242	4.21365	5.74993	1.12677	
175.0	8	13.17665	-0.67154	0.00232	27272.99809	603.89462	-21.56615	27279.69168	42.24834	-1908.93665	-25.85723	1909.57918	0.07	-4.20636	-0.09314	0.00333	4.20739	4.33082	1.03108	
176.0	8	13.17652	-0.67186	0.00645	27239.67742	603.18169	-12.71961	27246.35785	42.20243	-1906.51915	-31.20815	1907.24153	0.07	-4.05635	-0.08982	0.00189	4.05735	2.93125	0.91687	
177.0	8	13.17642	-0.6721	0.0073	27203.9823	602.38213	-11.2744	27210.65315	42.14851	-1904.03035	-30.73911	1904.74485	0.07	-2.81128	-0.06225	0.00117	2.81197	1.68284	0.80989	
178.0	8	13.17634	-0.67231	-0.00181	27172.83744	601.60646	-30.47606	27179.51349	42.09406	-1902.03953	-15.2328	1902.56624	0.07	-0.86157	-0.01908	0.00097	0.86178	0.47928	0.7336	
179.0	8	13.17638	-0.67236	0.01873	27143.44146	600.9858	11.80689	27150.09646	42.07694	-1899.56277	-42.58861	1900.50597	0.07	1.14642	0.02538	0.0005	-1.1467	-0.64215	0.6685	
180.0	8	13.17632	-0.67241	0.01109	27111.30999	600.14626	-4.31986	27117.95205	42.00439	-1897.67837	-20.98671	1898.2592	0.07	3.07016	0.06796	-0.00049	-3.07091	-1.88914	0.51512	
181.0	8	13.17626	-0.67225	0.03084	27077.95746	599.50349	36.45931	27084.61767	42.01246	-1894.96794	-43.10735	1895.92373	0.07	4.10541	0.09089	0.00553	-4.10642	-3.12224	0.39503	
182.0	1	4.94556	-0.91597	-12.08782	17.08195	0.27031	-43.23548	46.48841	0.00724	3.25055	0.02318	3.25064	0.07	0.0	0.0	-0.0	-0.0	-4.17905	0.86371	
182.0	8	13.17612	-0.67197	0.05545	27025.91241	598.50034	89.88359	27032.68805	42.04634	-1891.11402	-50.15585	1892.24622	0.07	4.16138	0.09216	0.01384	-4.16242	-4.62222	0.41906	
183.0	8	13.17608	-0.67177	0.02177	27008.24147	597.96101	17.77635	27014.86592	41.87163	-1890.34948	-29.47071	1891.04281	0.07	4.15493	0.09199	0.00273	-4.15595	-5.84738	0.16548	
183.0	96	4.90108	-0.83144	12.1278	1.79252	0.05096	4.59848	4.93576	0.01349	-0.34524	-0.00143	0.34551	0.07	-0.0	-0.0	-0.0	0.0	0.50922	0.99237	
184.0	8	13.176	-0.67138	0.02055	26959.10719	596.89151	16.10211	26965.71896	41.56817	-1876.64443	-30.27678	1877.34891	0.06962	4.14642	0.0918	0.00248	-4.14743	-7.09113	0.09392	
184.0	96	4.92088	-0.8243	12.11992	3.87225	0.10981	9.88145	10.61364	0.03291	-0.74221	-0.00465	0.74296	0.07	0.0	0.0	0.0	-0.0	-0.116	1.20778	
185.0	1	4.89818	-0.92705	-12.10643	1.24741	0.0198	-3.18773	3.42316	-0.00711	0.23955	-0.0013	0.23966	0.07	0.0	0.0	-0.0	-0.0	-4.95751	1.95572	
185.0	8	13.17584	-0.67095	0.02708	26866.60146	594.73547	31.0165	26873.20127	40.47701	-1826.89235	-31.01462	1827.60388	0.06801	4.13174	0.09146	0.00477	-4.13276	-8.18778	0.08589	
186.0	8	13.17569	-0.67047	0.04368	26827.38918	593.63187	64.80349	26834.03452	39.35232	-1773.58115	-44.22203	1774.56876	0.06613	4.12495	0.09128	0.00996	-4.12598	-9.1501	0.08014	
187.0	8	13.17558	-0.67014	0.01025	26790.35259	592.17107	-3.66006	26796.89668	38.09658	-1723.59622	-11.71868	1724.05702	0.06434	4.11939	0.09105	-0.00056	-4.1204	-11.07505	0.07578	
188.0	8	13.17542	-0.66963	0.03391	26765.60279	591.09917	44.39627	26772.16581	36.71941	-1659.40745	-43.76278	1660.39049	0.06202	4.11411	0.09086	0.00682	-4.11512	-12.03524	0.07099	
189.0	8	13.17526	-0.66918	0.03892	26744.57778	589.86909	54.53225	26751.13754	35.35607	-1599.05058	-43.14183	1600.02314	0.05981	4.11017	0.09065	0.00838	-4.11118	-12.77273	0.06698	
190.0	8	13.17514	-0.66875	0.03473	26724.48847	588.4921	46.22721	26731.00717	33.52343	-1518.30569	-51.60454	1519.55225	0.05685	4.10619	0.09042	0.0071	-4.10719	-15.04082	0.06214	
191.0	8	13.17504	-0.66834	0.02095	26701.97623	586.90677	18.13427	26708.43168	32.10181	-1459.62014	-28.72018	1460.25557	0.05467	4.10198	0.09016	0.00279	-4.10297	-15.94781	0.05887	
192.0	8	13.17493	-0.66784	0.03737	26684.75775	585.44076	52.31372	26691.23028	30.40332	-1381.73794	-45.48729	1382.82073	0.05181	4.09828	0.08991	0.00803	-4.09928	-16.80689	0.05484	
193.0	8	13.17482	-0.66739	0.03185	26669.65392	583.77751	41.20432	26676.07419	27.58423	-1257.95424	-31.46156	1258.64991	0.04718	4.09465	0.08963	0.00633	-4.09563	-18.29406	0.04881	
194.0	8	13.17468	-0.66694	0.03051	26646.32949	581.79016	38.68233	26652.70815	26.42733	-1208.19103	-33.03207	1208.93138	0.04536	4.09031	0.08931	0.00594	-4.09129	-18.47256	0.04656	
194.0	96	4.89425	-0.76724	12.12864	1.9183	0.05195	4.91522	5.27654	0.00713	-0.36926	0.00112	0.36933	0.07	0.0	0.0	0.0	-0.0	-7.85522	4.12346	
195.0	8	13.17459	-0.66651	0.01905	26619.42674	579.52766	15.56813	26625.73895	24.2431	-1112.83732	-26.81137	1113.42421	0.04182	4.08515	0.08894	0.00239	-4.08612	-19.64091	0.04236	
195.0	96	4.9099	-0.77052	12.12245	11.54115	0.30976	29.46598	31.64708	0.08688	-2.21417	-0.01075	2.2159	0.07	0.0	0.0	0.0	-0.0	-8.61335	4.41361	
196.0	1	4.89861	-0.89504	-12.1065	10.63715	0.17881	-27.19855	29.20518	0.01911	2.04423	0.02091	2.04443	0.07	0.0	0.0	-0.0	-0.0	-6.07411	4.20314	
196.0	8	13.17446	-0.66602	0.02865	26604.28144	577.50335	35.65386	26610.57256	21.85093	-1005.09827	-24.69828	1005.6391	0.03779	4.08234	0.08862	0.00547	-4.08331	-21.25927	0.03779	
197.0	1	4.88023	-0.89178	-12.11369	5.52311	0.09331	-14.16909	15.20778	0.15737	1.05065	0.06826	1.06456	0.07	0.0	0.0	-0.0	-0.0	-6.36429	4.56864	
197.0	8	13.17439	-0.66556	0.02794	26605.57883	575.69012	34.27264	26611.82854	19.79767	-913.78773	-19.54868	914.2112	0.03435	4.08173	0.08832	0.00526	-4.08269	-22.79015	0.03403	
198.0	8	13.17441	-0.6651	0.02852	26616.02432	573.97301	35.52348	26622.23614	16.70072	-773.18294	-20.28915	773.62938	0.02906	4.08252	0.08804	0.00545	-4.08348	-23.14703	0.02844	
199.0	8	13.17431	-0.66461	0.04733	26632.44228	572.32844	73.88977	26638.69369	15.15643	-702.49791	-21.56172	702.99214	0.02639	4.08474	0.08778	0.01133	-4.0857	-24.76896	0.0257	
200.0	8	13.17429	-0.66417	0.05015	26657.87873	570.68378	79.72045	26664.10572	11.86343	-548.46166	-40.84053	550.10807	0.02063	4.08807	0.08752	0.01223	-4.08903	-27.75911	0.01991	
201.0	8	13.17426	-0.6637	0.06555	26696.45733	569.28384	111.24758	26702.75817	9.18253	-420.7653	-50.39258	423.87164	0.01587	4.09337	0.08729	0.01706	-4.09434	-29.45889	0.01524	
202.0	8	13.17433	-0.6633	0.03319	26749.37026	567.95434	45.0053	26755.43696	5.84627	-273.08942	-28.48103	274.6328	0.01026	4.10099	0.08707	0.0069	-4.10192	-31.89721	0.00981	
203.0	8	13.17437	-0.66286	0.02732	26807.82065	566.71799	32.92999	26813.83042	3.31471	-155.7414	-18.18321	156.83431	0.00585	4.10927	0.08687	0.00505	-4.11019	-33.39381	0.00558	
204.0	8	13.17439	-0.66238	0.03619	26864.38359	565.3663	51.17215	26870.38078	-0.11137	8.39374	-34.26977	35.28292	0.00131	4.11731	0.08665	0.00784	-4.11822	-34.68003	0.00125	
204.0	96	4.85913	-0.78759	12.14147	4.25202	0.10606	11.08068	11.86896	0.01717	-0.83065	0.00136	0.83083	0.07	0.0	0.0	0.0	-0.0	-16.09397	7.89659	
205.0	8	13.17443	-0.66193	0.03025	26921.37561	563.85834	38.94417	26927.30803	-3.20021	155.16959	-34.39929	158.96904	0.0059	4.1255	0.08641	0.00597	-4.12641	-35.98529	0.00563	
205.0	96	4.87186	-0.79277	12.13654	9.30821	0.23049	24.22111	25.94914	0.03725	-1.81605	0.00297	1.81644	0.07	0.0	0.0	0.0	-0.0	-16.82973	8.20645	
206.0	8	13.17444	-0.66144	0.03743	26998.1597	562.73789	54.25566	27004.0783	-5.87338	284.66124	-29.84383	286.28163	0.0106	4.13694	0.08623	0.00831	-4.13785	-37.27447	0.01013	
207.0	8	13.1745	-0.66094	0.043	27074.68827	561.54712	66.37376	27080.59242	-8.77468	427.23294	-35.25058	428.77451	0.01583	4.1482	0.08604	0.01017	-4.1491	-38.57412	0.0152	
208.0	1	4.89897	-0.81213	-12.1069	1.85163	0.03142	-4.74351	5.09219	0.00632	0.35638	0.00483	0.35647	0.07	0.0	0.0	-0.0	-0.0	-10.13466	7.79423	
208.0	8	13.17458	-0.66045	0.03837	27160.362	560.43106	56.97824	27166.20314	-11.74615	571.21957	-19.29898	571.66618	0.02104	4.16201	0.08588	0.00873	-4.16291	-39.83991	0.02032	
209.0	8	13.17469	-0.65997	0.02967	27246.86781	559.21577	39.11198	27252.63396	-14.68977	717.50178	-25.26478	718.09672	0.02635	4.17567	0.0857	0.00599	-4.17656	-41.04301	0.02566	
210.0	8	13.17482	-0.65946	0.02248	27364.33657	558.53489	24.13994	27370.04677	-4.38222	214.00209	16.11529	214.65275	0.00784	4.19225	0.08557	0.0037	-4.19312	-42.35077	0.00748	
211.0	8	13.17485	-0.65889	0.04743	27420.09027	556.64015	76.92242	27425.84759	-20.67483	1023.00073	-32.98847	1023.74127	0.03733	4.20365	0.08534	0.01179	-4.20453	-43.45984	0.03728	
212.0	8	13.17503	-0.65839	0.02083	27529.00225	555.62411	21.22102	27534.617	-23.04188	1142.3399	-18.451	1142.72123	0.0415	4.22095	0.08519	0.00325	-4.22181	-44.68888	0.04199	
213.0	8	13.17514	-0.65779	0.04379	27648.3018	554.91841	70.59461	27653.96013	-26.2982	1315.90452	-44.18431	1316.90871	0.04762	4.24141	0.08513	0.01083	-4.24228	-45.9901	0.04936	
214.0	8	13.17519	-0.65718	0.06419	27713.3005	553.06192	113.96216	27719.05282	-29.03377	1465.13134	-49.89979	1466.26833	0.0529	4.25164	0.08485	0.01748	-4.25252	-47.10526	0.05634	
215.0	8	13.17542	-0.65663	0.03947	27764.02799	550.73245	61.95339	27769.55877	-32.34257	1633.71313	-28.71086	1634.28545	0.05885	4.25984	0.0845	0.00951	-4.26069	-48.29296	0.06535	
216.0	8	13.17545	-0.65599	0.05544	27816.94629	548.5206	96.48911	27822.5212	-34.90053	1777.97001	-45.88025	1778.90427	0.06394	4.26857	0.08417	0.01481	-4.26942	-49.47461	0.0749	
217.0	8	13.17557	-0.65534	0.04581	27874.83751	546.33897	76.58935	27880.29624	-35.73049	1827.79255	-34.11393	1828.46002	0.06558	4.27698	0.08383	0.01175	-4.27782	-50.631	0.07872	
217.0	96	4.85476	-0.85124	12.1431	0.45158	0.01027	1.17407	1.25796	0.00361	-0.08798	-0.00062	0.08806	0.07	0.0	0.0	0.0	-0.0	-23.13979	11.3905	
218.0	8	13.17564	-0.6545	0.04653	27899.71508	543.77228	78.67727	27905.12461	-37.94896	1952.61511	-38.29235	1953.35921	0.07	4.28221	0.08346	0.01208	-4.28304	-51.77121	0.41986	
218.0	96	4.86715	-0.84056	12.13814	0.22134	0.005	0.57386	0.61508	0.00109	-0.04304	-4e-05	0.04306	0.07	0.0	0.0	0.0	-0.0	-22.44191	11.0972	
219.0	8	13.17575	-0.6534	0.02932	27928.72263	541.73069	42.36625	27934.00821	-37.97366	1954.60592	39.78876	1955.37962	0.07	4.28725	0.08316	0.0065	-4.28806	-52.88552	0.75302	
220.0	8	13.17583	-0.65202	0.02218	27952.53295	540.05967	27.75801	27957.76338	-37.83511	1956.30013	38.48978	1957.0445	0.07	4.29146	0.08291	0.00426	-4.29227	-53.97687	1.03318	
220.0	96	4.89393	-0.75535	12.1269	5.67628	0.12636	14.63566	15.69837	0.01974	-1.09871	0.00183	1.09889	0.07	0.0	0.0	0.0	-0.0	-21.27204	10.64219	
221.0	8	13.17591	-0.65042	0.02742	27988.0043	539.00715	40.34688	27993.22313	-37.77987	1958.76034	39.59296	1959.52469	0.07	4.29772	0.08277	0.0062	-4.29852	-55.09491	1.22516	
222.0	8	13.17597	-0.64868	0.02477	28014.06842	538.05778	35.33246	28019.25738	-37.70658	1960.58113	39.87324	1961.34903	0.07	4.30258	0.08264	0.00543	-4.30338	-56.16686	1.39157	
223.0	1	4.90421	-0.80453	-12.10703	2.20711	0.03631	-5.64907	6.06503	-0.00637	0.4245	0.00024	0.42455	0.07	0.0	0.0	-0.0	-0.0	-21.03747	13.67137	
223.0	8	13.17601	-0.6468	0.02883	28040.96832	537.39034	45.01369	28046.15338	-37.67026	1962.51812	37.14797	1963.23111	0.07	4.30784	0.08256	0.00692	-4.30864	-57.18121	1.52476	
224.0	1	4.88952	-0.79328	-12.11286	0.61854	0.01019	-1.5883	1.70452	-0.00173	0.1193	9e-05	0.11932	0.07	0.0	0.0	-0.0	-0.0	-21.77197	14.07365	
224.0	8	13.17607	-0.64483	0.02745	28071.01234	536.97598	42.52979	28076.18004	-37.63746	1964.62789	36.76284	1965.33225	0.07	4.31339	0.08251	0.00654	-4.31419	-58.21066	1.63904	
225.0	1	4.87606	-0.78183	-12.11819	3.66396	0.06043	-9.43878	10.12516	-0.00663	0.70881	0.00196	0.70885	0.07	0.0	0.0	-0.0	-0.0	-22.40699	14.43981	
225.0	8	13.17612	-0.64279	0.02087	28099.53523	536.68776	28.80441	28104.67476	-37.6033	1966.4963	43.07427	1967.3274	0.07	4.31903	0.08249	0.00443	-4.31982	-59.22254	1.74137	
226.0	8	13.17617	-0.64067	0.03435	28131.41907	536.62968	57.84653	28136.59639	-37.63299	1968.85547	36.70188	1969.55709	0.07	4.32492	0.0825	0.00889	-4.32572	-60.27641	1.77422	
227.0	8	13.17623	-0.63857	0.03149	28158.76548	536.54505	51.78462	28163.92437	-37.6232	1970.71904	39.45982	1971.47308	0.07	4.33019	0.08251	0.00796	-4.33099	-61.15025	1.8058	
228.0	8	13.17629	-0.63645	0.02486	28184.65397	536.52773	37.52394	28189.7852	-37.60048	1972.56822	37.81488	1973.28892	0.07	4.33538	0.08253	0.00577	-4.33617	-62.12087	1.86261	
228.0	96	4.80971	-0.78809	12.15885	1.72526	0.0371	4.52458	4.84249	0.00723	-0.3389	2e-05	0.33898	0.07	0.0	0.0	0.0	-0.0	-20.42971	11.02554	
229.0	8	13.17633	-0.6343	0.02351	28212.11619	536.63302	34.3948	28217.24044	-37.60421	1974.47907	38.48414	1975.21206	0.07	4.34077	0.08257	0.00529	-4.34156	-63.05042	1.88702	
229.0	96	4.82081	-0.79531	12.15455	2.15892	0.04624	5.64858	6.04728	0.00857	-0.42323	0.00019	0.42332	0.07	0.0	0.0	0.0	-0.0	-20.64281	11.16984	
230.0	1	4.82385	-0.85413	-12.13963	0.01666	0.00028	-0.04349	0.04658	-6e-05	0.00326	-0.0	0.00326	0.07	0.0	0.0	-0.0	-0.0	-24.88657	15.80108	
230.0	8	13.17636	-0.63212	0.02308	28240.48082	536.8236	33.05796	28245.60195	-37.61624	1976.44259	39.3165	1977.19146	0.07	4.34637	0.08262	0.00509	-4.34716	-63.96369	1.90956	
230.0	96	4.83133	-0.80142	12.15046	2.43271	0.0519	6.35037	6.80058	0.00969	-0.47594	0.00018	0.47604	0.07	0.0	0.0	0.0	-0.0	-20.88796	11.31742	
231.0	1	4.81538	-0.83952	-12.14295	0.1493	0.0025	-0.39057	0.41814	-0.00053	0.02926	-1e-05	0.02927	0.07	0.0	0.0	-0.0	-0.0	-25.27193	16.02407	
231.0	8	13.17636	-0.62991	0.02359	28246.73867	536.64951	33.8525	28251.8563	-37.60573	1976.86628	40.0202	1977.62891	0.07	4.34833	0.08261	0.00521	-4.34912	-64.86045	1.92078	
231.0	96	4.84115	-0.80585	12.14661	2.00486	0.04261	5.22185	5.59366	0.00794	-0.39147	0.00015	0.39155	0.07	0.0	0.0	0.0	-0.0	-21.14543	11.47472	
232.0	1	4.80662	-0.82602	-12.14638	0.17525	0.00294	-0.45947	0.49176	-0.00061	0.03442	-1e-05	0.03442	0.07	0.0	0.0	-0.0	-0.0	-25.63126	16.20543	
232.0	8	13.17637	-0.62772	0.02427	28300.05972	537.41249	35.13856	28305.18375	-37.6615	1980.58539	40.73651	1981.36225	0.07	4.35757	0.08275	0.00541	-4.35836	-65.73139	1.89756	
232.0	96	4.85029	-0.80632	12.14297	1.26448	0.02678	3.28623	3.52121	0.00494	-0.24643	0.00011	0.24648	0.07	0.0	0.0	0.0	-0.0	-21.41082	11.66318	
233.0	1	4.79778	-0.81262	-12.14984	0.17989	0.00303	-0.47264	0.50573	-0.00061	0.0354	-1e-05	0.0354	0.07	0.0	0.0	-0.0	-0.0	-25.91035	16.35355	
233.0	8	13.17638	-0.62554	0.0242	28315.96576	537.48102	35.11395	28321.08818	-37.6665	1981.69223	41.04872	1982.47518	0.07	4.36087	0.08278	0.00541	-4.36166	-66.57923	1.85785	
233.0	96	4.85882	-0.78402	12.13936	1.17301	0.02475	3.04196	3.26038	0.00428	-0.22819	0.00021	0.22823	0.07	0.0	0.0	0.0	-0.0	-21.73996	11.87512	
234.0	1	4.78914	-0.79903	-12.15322	0.26149	0.00442	-0.6885	0.7365	-0.00085	0.05155	1e-05	0.05156	0.07	0.0	0.0	-0.0	-0.0	-26.24546	16.52262	
234.0	8	13.17641	-0.62338	0.02108	28353.96146	537.98562	28.58526	28359.07925	-37.69248	1984.34969	41.26162	1985.13651	0.07	4.36754	0.08287	0.0044	-4.36833	-67.40132	1.83832	
234.0	96	4.86969	-0.75496	12.1348	3.69241	0.07762	9.55623	10.24507	0.01225	-0.71705	0.00109	0.71716	0.07	0.0	0.0	0.0	-0.0	-21.99264	12.05394	
235.0	1	4.78026	-0.78521	-12.1567	5.10195	0.08644	-13.46105	14.39573	0.01297	1.00756	0.01138	1.00771	0.07	0.0	0.0	-0.0	-0.0	-26.53447	16.69427	
235.0	8	13.17645	-0.62122	0.01828	28380.24014	538.29848	23.19134	28385.35421	-37.71094	1985.89365	53.5592	1986.97366	0.07	4.3726	0.08294	0.00357	-4.37339	-68.27366	1.81204	
236.0	8	13.17649	-0.61906	0.02085	28404.12608	538.58981	28.96302	28409.24666	-37.73521	1987.86399	41.17063	1988.64834	0.07	4.3769	0.08299	0.00446	-4.37769	-68.98155	1.79064	
237.0	8	13.17653	-0.61688	0.01738	28440.4632	539.12498	21.81885	28445.58101	-37.76631	1990.09642	54.11485	1991.19021	0.07	4.38309	0.08309	0.00336	-4.38388	-69.72311	1.75258	
238.0	8	13.17653	-0.61475	-0.01448	28464.77277	539.40473	-46.62059	28469.92131	-37.61744	1991.26073	71.28973	1992.89152	0.07	4.38742	0.08314	-0.00719	-4.38821	-70.51212	1.73563	
239.0	8	13.17655	-0.61261	0.02915	28497.69452	539.96452	48.78981	28502.85135	-37.87603	1994.11112	53.91024	1995.19925	0.07	4.39318	0.08324	0.00752	-4.39397	-71.4387	1.62873	
240.0	8	13.17656	-0.61055	0.03443	28523.94269	540.34572	61.16886	28529.12585	-37.89507	1996.35594	35.87326	1997.03779	0.07	4.39806	0.08331	0.00943	-4.39886	-71.84374	1.57752	
241.0	8	13.17661	-0.60854	0.02515	28552.80074	540.7756	41.71646	28557.95175	-37.90861	1998.22968	43.22451	1999.05659	0.07	4.40336	0.0834	0.00643	-4.40416	-72.56604	1.54969	
242.0	8	13.17664	-0.60656	0.03328	28580.01133	541.21447	60.28393	28585.19888	-37.93517	2000.44388	25.18629	2000.96206	0.07	4.40864	0.08349	0.0093	-4.40944	-73.2357	1.49539	
242.0	96	4.77709	-0.77782	12.16935	1.07222	0.02197	2.81366	3.01112	0.00922	-0.21056	-0.00187	0.21077	0.07	0.0	0.0	0.0	-0.0	-23.5079	13.62073	
243.0	8	13.1767	-0.60466	0.00132	28605.90598	541.59241	-9.02691	28611.0339	-37.87743	2001.5791	57.82007	2002.77226	0.07	4.41361	0.08356	-0.00139	-4.41441	-73.94749	1.47786	
244.0	8	13.17672	-0.6029	0.00623	27987.36715	529.6357	2.09715	27992.37822	-37.07409	1959.06527	7.25996	1959.42949	0.07	4.3189	0.08173	0.00032	-4.31968	-74.5866	0.73403	
244.0	85	12.70171	2.4998	1.26822	113.35394	30.69958	11.3044	117.98038	-0.26896	-1.95914	8.01742	8.2577	0.07	1e-05	0.0	0.0	-1e-05	-74.19471	4.20847	
244.0	103	12.7759	2.46024	0.04846	0.01938	0.00522	7e-05	0.02007	-6e-05	0.00022	0.00139	0.0014	0.07	0.0	0.0	0.0	-0.0	-74.52978	4.10767	
245.0	8	13.17674	-0.60177	0.00278	27795.53062	524.6219	-4.7942	27800.48153	-36.72492	1945.55049	-22.99094	1946.03289	0.07	4.28955	0.08096	-0.00074	-4.29032	-75.10366	0.53706	
245.0	85	12.76148	2.49339	0.39096	40.05487	10.79949	1.21302	41.50292	-0.08837	0.00158	2.90385	2.90519	0.07	2e-05	1e-05	0.0	-2e-05	-72.87139	4.06025	
245.0	103	12.77061	2.47861	-0.13085	40.24952	10.84633	-0.46126	41.68788	-0.0985	0.48781	2.87539	2.91814	0.07	1e-05	0.0	-0.0	-1e-05	-72.86869	4.10196	
245.0	105	12.65974	2.5089	1.61512	27.89396	7.57703	3.61239	29.1296	-0.04285	-0.74663	1.89697	2.03906	0.07	0.0	0.0	0.0	-0.0	-72.38062	4.37919	
246.0	8	13.17678	-0.60077	-0.00169	27681.73105	520.96364	-14.06704	27686.63639	-36.47914	1937.42457	-33.98376	1938.06594	0.07	4.27185	0.0804	-0.00217	-4.27261	-75.6699	0.45965	
246.0	85	12.76328	2.50343	0.21563	158.81637	42.79866	2.65632	164.50356	-0.30736	0.4266	11.50337	11.51538	0.07	0.00022	6e-05	0.0	-0.00022	-73.44522	4.10515	
246.0	103	12.73523	2.49555	-0.89232	15.17148	4.09699	-1.08908	15.75262	-0.03549	0.40399	1.02541	1.10269	0.07	0.0	0.0	-0.0	-0.0	-73.20017	4.40477	
246.0	105	12.75374	2.49975	0.56189	93.7943	25.29378	4.1484	97.23351	-0.16388	-0.50519	6.78567	6.80643	0.07	0.0001	3e-05	0.0	-0.0001	-73.40631	4.1074	
246.0	107	12.66034	2.50929	1.61271	54.76289	14.87214	7.08395	57.18686	-0.06409	-1.52645	3.70012	4.00313	0.07	1e-05	0.0	0.0	-1e-05	-72.94145	4.44183	
247.0	8	13.17683	-0.59982	-0.00574	27638.51622	518.66988	-22.46693	27643.39165	-36.33171	1934.28053	-40.12846	1935.03785	0.07	4.26504	0.08004	-0.00347	-4.2658	-76.21278	0.42596	
247.0	85	12.75753	2.46824	-0.65936	9.36577	2.52577	-0.49716	9.7131	-0.02013	0.20234	0.6488	0.67992	0.07	0.0	0.0	-0.0	-0.0	-73.81005	4.28097	
247.0	103	12.75428	2.44133	-0.83481	0.02177	0.00588	-0.00144	0.0226	-5e-05	0.00055	0.00148	0.00158	0.07	0.0	0.0	-0.0	-0.0	-73.74603	4.32347	
247.0	105	12.75269	2.50587	0.54246	174.21552	46.97257	7.45866	180.59098	-0.27427	-0.98351	12.60011	12.64141	0.07	0.00076	0.00021	3e-05	-0.00079	-73.89873	4.14324	
247.0	107	12.73334	2.5026	0.90684	139.13984	37.57403	9.97253	144.46852	-0.18733	-1.94002	9.92323	10.11283	0.07	0.00012	3e-05	1e-05	-0.00012	-73.79434	4.20331	
247.0	108	12.63714	2.51188	1.78195	1.52132	0.41363	0.21394	1.591	-0.00113	-0.04785	0.10056	0.11137	0.07	0.0	0.0	0.0	-0.0	-73.30578	4.58181	
248.0	8	13.1769	-0.59881	-0.0072	27826.59849	520.92985	-25.44475	27831.48575	-36.49013	1947.57998	-33.1545	1948.20392	0.07	4.29407	0.08039	-0.00393	-4.29482	-76.73785	0.62612	
248.0	85	12.74944	2.49914	-0.66235	93.6991	25.26408	-4.96086	97.17204	-0.26757	2.25161	6.41299	6.80204	0.07	0.00011	3e-05	-1e-05	-0.00012	-73.77288	4.39342	
248.0	103	12.73584	2.49995	-0.87921	17.77532	4.79787	-1.25046	18.45387	-0.05123	0.49995	1.19	1.29177	0.07	3e-05	1e-05	-0.0	-4e-05	-73.70206	4.50175	
248.0	105	12.75761	2.51019	-0.40018	0.03621	0.00976	-0.00117	0.03752	-0.0001	0.00068	0.00254	0.00263	0.07	0.0	0.0	-0.0	-0.0	-73.82711	4.30065	
248.0	107	12.74641	2.51594	0.45094	380.51492	102.59372	13.53012	394.33507	-0.93921	-0.15471	27.58703	27.60345	0.07	0.0041	0.0011	0.00015	-0.00425	-73.7838	4.15148	
248.0	108	12.61093	2.51539	1.95291	13.42553	3.65712	2.09245	14.07117	-0.02059	-0.43101	0.88544	0.98498	0.07	0.0	0.0	0.0	-0.0	-72.89568	4.60507	
249.0	8	13.17696	-0.59776	-0.01064	27818.35095	519.74271	-32.57558	27823.22488	-36.41755	1946.96363	-35.48717	1947.62752	0.07	4.29284	0.0802	-0.00503	-4.29359	-77.22687	0.58168	
249.0	101	12.68489	2.52866	-1.36434	0.46332	0.1254	-0.04986	0.48257	-0.00128	0.01645	0.02948	0.03378	0.07	0.0	0.0	-0.0	-0.0	-74.38386	4.84684	
249.0	103	12.70752	2.51743	-1.17104	34.97566	9.45482	-3.27283	36.37859	-0.0942	1.13659	2.27684	2.54651	0.07	5e-05	1e-05	-0.0	-5e-05	-74.47884	4.70913	
249.0	107	12.74135	2.5186	0.18251	623.23636	168.09519	8.86604	645.56809	-1.46211	3.04413	45.0636	45.18996	0.07	0.01032	0.00278	0.00015	-0.01069	-74.72257	4.20428	
249.0	108	12.58242	2.51879	2.12341	14.25417	3.89019	2.42106	14.97253	-0.01662	-0.50914	0.91596	1.04808	0.07	0.0	0.0	0.0	-0.0	-73.59803	4.7788	
250.0	8	13.17706	-0.5967	-9e-05	27824.55432	518.94574	-9.9372	27829.39501	-34.06327	1825.68075	-36.82942	1826.36987	0.06563	4.29279	0.08006	-0.00153	-4.29354	-77.71345	0.07883	
250.0	84	12.63259	2.55697	-1.72688	1.3429	0.36478	-0.18795	1.4042	-0.0011	0.04819	0.08567	0.0983	0.07	0.0	0.0	-0.0	-0.0	-74.89383	4.93182	
250.0	101	12.69107	2.50846	-1.36104	50.4441	13.65262	-5.48872	52.54643	-0.04626	1.51789	3.35046	3.67855	0.07	7e-05	2e-05	-1e-05	-7e-05	-75.15664	4.64533	
250.0	107	12.75928	2.52395	0.21525	835.12954	225.33207	14.0485	865.10881	-0.1592	-3.18055	60.47858	60.56237	0.07	0.01558	0.0042	0.00026	-0.01614	-75.49036	4.24918	
250.0	108	12.55138	2.52148	2.29556	18.88825	5.16681	3.51272	19.89475	0.01215	-0.81311	1.13065	1.39271	0.07	0.0	0.0	0.0	-0.0	-74.13967	5.21623	
251.0	8	13.17715	-0.59568	0.00322	27846.26464	518.50241	-2.89129	27851.09167	-35.27639	1894.28821	-42.38334	1895.09066	0.06804	4.29735	0.08002	-0.00045	-4.2981	-78.15681	0.08602	
251.0	84	12.63636	2.54411	-1.72798	15.36518	4.17352	-2.15939	16.06767	-0.01301	0.55426	0.97867	1.12479	0.07	0.0	0.0	-0.0	-0.0	-75.19682	4.94548	
251.0	107	12.75998	2.52528	0.16965	1027.40907	277.31604	13.56317	1064.26385	-0.25974	-2.67913	74.45371	74.50235	0.07	0.02067	0.00558	0.00027	-0.02141	-75.76495	4.26611	
251.0	108	12.51843	2.52372	2.46553	11.28753	3.09553	2.25909	11.92032	0.00737	-0.50927	0.661	0.83446	0.07	0.0	0.0	0.0	-0.0	-74.14927	5.37146	
252.0	1	4.84433	-0.75504	-12.13539	1.07622	0.01907	-2.80674	3.00606	-0.00397	0.21035	-9e-05	0.21039	0.07	0.0	0.0	-0.0	-0.0	-29.00835	16.87729	
252.0	8	13.17725	-0.59471	0.00699	27775.43354	516.34863	5.81582	27780.23322	-35.31843	1900.46021	-54.20384	1901.56106	0.06845	4.28704	0.0797	0.0009	-4.28778	-78.58422	0.08759	
252.0	80	12.59893	2.55641	-1.96022	5.54511	1.50946	-0.87491	5.81311	-0.00554	0.21907	0.34287	0.40692	0.07	0.0	0.0	-0.0	-0.0	-75.47454	5.15625	
252.0	84	12.61812	2.54128	-1.86238	44.69857	12.15475	-6.7038	46.80428	-0.04513	1.70784	2.7956	3.2763	0.07	2e-05	1e-05	-0.0	-2e-05	-75.55518	5.06649	
252.0	107	12.76039	2.52539	0.16648	1195.75676	322.84517	15.49279	1238.66996	-0.34087	-2.89603	86.65777	86.70682	0.07	0.02539	0.00686	0.00033	-0.0263	-76.22439	4.28856	
252.0	108	12.51971	2.52193	2.46338	55.76849	15.28981	11.11729	58.88546	0.03747	-2.51248	3.26751	4.12197	0.07	1e-05	0.0	0.0	-1e-05	-74.62185	5.39373	
253.0	8	13.17736	-0.59378	-0.00846	27806.38821	516.14112	-27.52212	27811.19171	-35.36819	1902.48995	-54.80207	1903.60768	0.06845	4.2921	0.07967	-0.00425	-4.29284	-78.98056	0.08758	
253.0	80	12.57933	2.55565	-2.08443	5.19898	1.41748	-0.88038	5.46019	-0.00454	0.21352	0.31698	0.38221	0.07	0.0	0.0	-0.0	-0.0	-75.72641	5.26343	
253.0	107	12.76128	2.52516	0.13187	1136.91792	307.04028	11.61036	1177.70577	-0.23111	-2.26042	82.40812	82.43944	0.07	0.02536	0.00685	0.00026	-0.02627	-76.5777	4.30698	
253.0	108	12.52104	2.52079	2.46009	98.69197	27.04988	19.58781	104.18966	0.07724	-4.4601	5.77005	7.29328	0.07	2e-05	1e-05	0.0	-2e-05	-74.94326	5.42678	
254.0	11	13.17748	-0.59289	0.00112	27705.31604	513.48479	-6.21314	27710.07474	-34.43994	1857.38529	-69.24568	1858.99468	0.06709	4.27648	0.07926	-0.00096	-4.27722	-79.36877	0.08285	
254.0	73	12.56095	2.55644	-2.19183	4.0033	1.09228	-0.70143	4.20851	-0.00441	0.17044	0.24025	0.2946	0.07	0.0	0.0	-0.0	-0.0	-76.07052	5.38029	
254.0	76	12.53715	2.55724	-2.32108	1.92881	0.52745	-0.36397	2.03248	-0.00189	0.08542	0.11376	0.14227	0.07	0.0	0.0	-0.0	-0.0	-75.90336	5.48816	
254.0	80	12.58234	2.54652	-2.08385	15.25697	4.15917	-2.5811	16.02298	-0.01461	0.62957	0.92813	1.12161	0.07	0.0	0.0	-0.0	-0.0	-76.14099	5.28273	
254.0	107	12.76148	2.5246	0.15783	1439.82916	388.93788	17.70906	1491.54091	-0.33906	-3.49602	104.34878	104.40787	0.07	0.03336	0.00901	0.00041	-0.03456	-77.0273	4.32846	
254.0	108	12.48511	2.52127	2.63537	9.9178	2.72616	2.13894	10.50571	0.0068	-0.46908	0.56633	0.7354	0.07	0.0	0.0	0.0	-0.0	-75.16049	5.60295	
255.0	11	13.1776	-0.59203	-0.00619	27743.6743	513.38654	-21.18627	27748.432	-34.34625	1853.10754	-72.25325	1854.83362	0.06684	4.28226	0.07924	-0.00327	-4.28299	-79.71639	0.08212	
255.0	76	12.5384	2.55249	-2.32348	15.1625	4.14606	-2.86352	15.97782	-0.01441	0.67075	0.89488	1.11845	0.07	0.0	0.0	-0.0	-0.0	-76.18831	5.49948	
255.0	107	12.76223	2.5244	0.13322	1423.13196	384.50985	14.73308	1474.23521	-0.27679	-2.92807	103.15455	103.19647	0.07	0.03415	0.00923	0.00035	-0.03538	-77.29081	4.34317	
255.0	108	12.48587	2.51949	2.63566	45.06839	12.38582	9.70594	47.7365	0.03356	-2.13579	2.56968	3.34156	0.07	0.0	0.0	0.0	-0.0	-75.38889	5.62822	
256.0	11	13.17769	-0.5912	0.00509	27664.7858	511.12453	4.45537	27669.50743	-33.42885	1810.1077	-87.21528	1812.5159	0.06551	4.26986	0.07889	0.00069	-4.27058	-80.04688	0.07853	
256.0	76	12.54011	2.54829	-2.32254	25.54487	6.98363	-4.80998	26.91556	-0.02662	1.13366	1.50462	1.88409	0.07	1e-05	0.0	-0.0	-1e-05	-76.50374	5.52223	
256.0	107	12.76227	2.52421	0.15899	1736.00882	469.17541	21.55483	1798.42064	-0.417	-4.23733	125.8174	125.88943	0.07	0.0431	0.01165	0.00054	-0.04465	-77.62275	4.36034	
256.0	108	12.44874	2.52009	2.80426	6.81538	1.87766	1.55108	7.23746	0.00579	-0.33495	0.38005	0.50662	0.07	0.0	0.0	0.0	-0.0	-75.53821	5.79775	
257.0	11	13.17783	-0.59044	-0.00533	27559.2517	508.4203	-17.11004	27563.94634	-32.03556	1733.2044	-98.17127	1736.27802	0.06299	4.25314	0.07846	-0.00264	-4.25386	-80.34405	0.07291	
257.0	59	12.49255	2.55535	-2.5552	5.79687	1.59038	-1.20882	6.13141	-0.00555	0.27234	0.33168	0.4292	0.07	0.0	0.0	-0.0	-0.0	-76.56948	5.74285	
257.0	79	12.53036	2.51963	-2.41638	1.10893	0.30349	-0.21653	1.16992	-0.00126	0.05056	0.06441	0.08189	0.07	0.0	0.0	-0.0	-0.0	-76.74985	5.57992	
257.0	106	12.40864	2.51979	2.97597	2.32547	0.64272	0.56794	2.4786	0.00204	-0.11897	0.12628	0.1735	0.07	0.0	0.0	0.0	-0.0	-75.46699	5.99137	
257.0	107	12.76303	2.52385	0.13423	1838.46426	496.98954	19.23263	1904.55227	-0.2968	-4.05886	133.25651	133.31864	0.07	0.04714	0.01274	0.00049	-0.04884	-77.91326	4.37422	
257.0	108	12.44976	2.51865	2.80285	26.60944	7.3296	6.04799	28.25533	0.02488	-1.31166	1.48017	1.97787	0.07	0.0	0.0	0.0	-0.0	-75.76917	5.82695	
258.0	11	13.17797	-0.58971	0.00272	27345.69702	503.83753	0.95983	27350.33819	-29.1184	1580.62509	-120.05108	1585.44499	0.05797	4.21963	0.07775	0.00015	-4.22035	-80.62321	0.06391	
258.0	59	12.49631	2.54104	-2.55782	28.59235	7.84311	-5.95495	30.24068	-0.02983	1.34785	1.632	2.11685	0.07	1e-05	0.0	-0.0	-1e-05	-76.88399	5.75106	
258.0	106	12.40938	2.51822	2.9759	36.73716	10.15104	8.94693	39.14984	0.0334	-1.87894	1.99468	2.74049	0.07	0.0	0.0	0.0	-0.0	-75.68234	6.00568	
258.0	107	12.76338	2.5235	0.13874	2207.98676	597.10252	23.92096	2287.42413	-0.37366	-5.02977	160.0402	160.11966	0.07	0.05862	0.01585	0.00064	-0.06072	-78.17491	4.38718	
258.0	108	12.45069	2.51838	2.80039	67.86406	18.68996	15.40662	72.05699	0.06328	-3.34292	3.7766	5.04399	0.07	2e-05	0.0	0.0	-2e-05	-75.98131	5.83996	
259.0	11	13.17813	-0.58902	-0.00917	27238.37009	501.31402	-23.35253	27242.99298	-27.53874	1490.12733	-132.26507	1496.23924	0.05492	4.20237	0.07734	-0.0036	-4.20308	-80.87426	0.05923	
259.0	106	12.41007	2.51735	2.97513	77.93318	21.53037	18.94994	83.04359	0.07753	-3.99591	4.22117	5.81305	0.07	2e-05	0.0	0.0	-2e-05	-75.85892	6.03408	
259.0	107	12.76426	2.52239	0.11454	2338.79628	632.64297	20.85548	2422.94039	-0.20378	-4.83556	169.53685	169.60592	0.07	0.06395	0.0173	0.00057	-0.06625	-78.39785	4.39701	
259.0	108	12.4512	2.51884	2.79879	116.04757	31.9571	26.36719	123.22143	0.11432	-5.73218	6.44425	8.6255	0.07	6e-05	2e-05	1e-05	-6e-05	-76.1513	5.8681	
260.0	11	13.17827	-0.58836	-0.00774	27097.44729	498.26029	-19.58856	27102.03492	-25.14853	1361.77864	-150.1271	1370.25971	0.05056	4.17979	0.07686	-0.00302	-4.1805	-81.10385	0.05316	
260.0	72	12.46703	2.56155	-2.67234	3.267	0.89763	-0.7124	3.46215	-0.00295	0.15715	0.18447	0.24235	0.07	0.0	0.0	-0.0	-0.0	-77.26775	5.8967	
260.0	106	12.36827	2.5132	3.14757	3.8839	1.07635	1.00074	4.15268	0.00422	-0.20594	0.20511	0.29069	0.07	0.0	0.0	0.0	-0.0	-75.75888	6.21724	
260.0	107	12.76475	2.52125	0.12394	2620.42258	709.06056	25.36833	2714.77898	-0.16774	-6.17542	189.93404	190.03448	0.07	0.07381	0.01997	0.00071	-0.07647	-78.62273	4.40703	
261.0	11	13.17842	-0.58773	-0.01391	26946.82539	495.1153	-31.61716	26951.39212	-22.94679	1238.33755	-165.20731	1249.51987	0.04636	4.15573	0.07636	-0.00488	-4.15644	-81.3072	0.04779	
261.0	77	12.42484	2.51457	-2.91543	20.63842	5.69517	-4.93117	21.97033	-0.02239	1.05217	1.12145	1.53792	0.07	1e-05	0.0	-0.0	-1e-05	-77.20079	6.08615	
261.0	106	12.36898	2.51231	3.14659	29.06567	8.05366	7.47331	31.0729	0.03366	-1.54337	1.5323	2.1751	0.07	0.0	0.0	0.0	-0.0	-75.93312	6.23923	
261.0	107	12.76544	2.52046	0.09473	2766.59542	748.91702	20.39149	2866.24192	-0.05206	-5.26874	200.56766	200.63686	0.07	0.08039	0.02176	0.00059	-0.08328	-78.83544	4.41534	
261.0	108	12.41124	2.51917	2.97015	207.00909	57.17466	50.22514	220.55446	0.21886	-10.62785	11.19633	15.43881	0.07	0.0002	5e-05	5e-05	-0.00021	-76.21786	6.07209	
262.0	1	4.81082	-0.68289	-12.15016	0.65465	0.01188	-1.71761	1.83818	-0.00152	0.12866	0.00031	0.12867	0.07	0.0	0.0	-0.0	-0.0	-31.24499	17.66916	
262.0	11	13.17857	-0.58711	0.0011	26761.18934	491.44638	0.49053	26765.70146	-19.9997	1089.24695	-185.1598	1105.05342	0.04129	4.12536	0.07576	8e-05	-4.12605	-81.47647	0.04175	
262.0	77	12.42805	2.51984	-2.89719	22.66422	6.2513	-5.36503	24.11491	-0.02502	1.15056	1.23492	1.68803	0.07	4e-05	1e-05	-1e-05	-4e-05	-77.27155	6.0908	
262.0	106	12.36921	2.51373	3.14494	64.36036	17.83251	16.55773	68.80707	0.06885	-3.40786	3.40261	4.81622	0.07	2e-05	1e-05	1e-05	-2e-05	-75.80575	6.22906	
262.0	107	12.76582	2.51911	0.12339	3171.82383	858.98212	30.68424	3286.22248	-0.20653	-7.45015	229.90996	230.03073	0.07	0.09503	0.02574	0.00092	-0.09846	-78.78663	4.41621	
263.0	11	13.17873	-0.58652	0.00261	26574.18217	487.84818	4.01065	26578.66005	-17.17636	937.28962	-201.26576	958.80904	0.03607	4.09541	0.07518	0.00062	-4.0961	-81.62941	0.0359	
263.0	77	12.39293	2.52793	-3.03372	21.13348	5.84393	-5.25687	22.54796	-0.02331	1.10126	1.13055	1.57844	0.07	1e-05	0.0	-0.0	-2e-05	-77.48284	6.25321	
263.0	104	12.32447	2.50817	3.3201	15.64625	4.34942	4.25995	16.78898	0.01865	-0.85557	0.80505	1.17493	0.07	0.0	0.0	0.0	-0.0	-75.76232	6.42002	
263.0	107	12.76644	2.51835	0.10449	3473.93081	941.37299	28.43169	3599.33143	-0.19347	-6.89218	251.83943	251.9338	0.07	0.10775	0.0292	0.00088	-0.11164	-79.12643	4.42654	
264.0	1	4.88416	-0.792	-12.12311	0.08863	0.00162	-0.22998	0.24647	-0.00037	0.01725	-2e-05	0.01725	0.07	0.0	0.0	-0.0	-0.0	-32.12429	17.75019	
264.0	11	13.1789	-0.58594	0.00066	26341.04981	483.52412	0.30723	26345.4873	-13.85193	754.7568	-223.64442	787.31603	0.02988	4.05798	0.07449	5e-05	-4.05867	-81.75415	0.0293	
264.0	104	12.27784	2.50584	3.48915	15.97371	4.45695	4.58682	17.20648	0.02033	-0.89832	0.80207	1.20445	0.07	0.0	0.0	0.0	-0.0	-75.47714	6.60692	
264.0	106	12.32458	2.51333	3.31498	51.65843	14.35751	14.02449	55.42038	0.06285	-2.82381	2.65934	3.87943	0.07	2e-05	1e-05	1e-05	-2e-05	-75.82437	6.43279	
264.0	107	12.76729	2.51663	0.0677	3744.81518	1015.27898	19.71817	3880.05424	-0.12434	-4.81549	271.56113	271.60385	0.07	0.1198	0.03248	0.00063	-0.12412	-79.25035	4.42853	
265.0	11	13.17905	-0.58537	0.00105	26107.33935	479.29129	1.3152	26111.73854	-10.31327	562.44166	-244.39131	613.33033	0.02349	4.0203	0.07381	0.0002	-4.02097	-81.85624	0.02276	
265.0	69	12.30895	2.46542	-3.41797	3.24743	0.905	-0.91745	3.49378	-0.00464	0.18209	0.1632	0.24456	0.07	0.0	0.0	-0.0	-0.0	-77.52834	6.61377	
265.0	104	12.22824	2.49944	3.66297	1.45724	0.4083	0.44222	1.57665	0.00202	-0.0843	0.0712	0.11037	0.07	0.0	0.0	0.0	-0.0	-75.35962	6.80582	
265.0	106	12.27908	2.51349	3.47769	74.67756	20.82958	21.3528	80.41487	0.09856	-4.1972	3.74967	5.62906	0.07	4e-05	1e-05	1e-05	-4e-05	-75.76687	6.62146	
265.0	107	12.76794	2.51512	0.05487	4036.33807	1094.97082	17.21355	4182.25805	-0.0431	-4.44291	292.72462	292.75834	0.07	0.13318	0.03613	0.00057	-0.13799	-79.59483	4.43676	
266.0	11	13.17918	-0.5848	0.00549	25845.21392	474.66003	10.70637	25849.57445	-6.2032	343.75789	-265.74203	434.54205	0.01681	3.97807	0.07306	0.00165	-3.97875	-81.92054	0.01615	
266.0	69	12.30256	2.51174	-3.3954	77.49467	21.58515	-21.69248	83.3181	-0.09491	4.29971	3.93939	5.83227	0.07	0.0001	3e-05	-3e-05	-0.00011	-77.55849	6.6343	
266.0	96	4.84407	-0.79506	12.14066	0.00039	1e-05	0.00103	0.0011	0.0	-8e-05	-0.0	8e-05	0.07	0.0	0.0	0.0	-0.0	-25.44225	16.82794	
266.0	104	12.226	2.50569	3.66475	77.53426	21.73015	23.62985	83.9174	0.10002	-4.4831	3.79451	5.87422	0.07	2e-05	0.0	1e-05	-2e-05	-75.15561	6.80903	
266.0	107	12.76831	2.51394	0.06486	4292.00866	1165.12604	21.89226	4447.39658	0.00128	-5.85324	311.26274	311.31777	0.07	0.14603	0.03964	0.00074	-0.15132	-79.49794	4.4331	
267.0	11	13.17934	-0.58426	-0.00306	25611.90941	470.66179	-6.0996	25616.23438	-2.772	147.17784	-282.83892	318.8524	0.01245	3.94	0.0724	-0.00094	-3.94067	-81.95988	0.01191	
267.0	69	12.25152	2.5048	-3.57957	80.33518	22.47684	-23.89647	86.77552	-0.09468	4.57967	3.98932	6.07429	0.07	5e-05	1e-05	-1e-05	-5e-05	-77.30931	6.81724	
267.0	104	12.22351	2.516	3.66356	191.49947	53.66676	58.30131	207.24674	0.24928	-11.07087	9.37202	14.50727	0.07	0.00016	4e-05	5e-05	-0.00017	-75.06834	6.82882	
267.0	107	12.76892	2.51267	0.01492	4468.74333	1213.90436	5.17421	4630.6865	0.24547	-2.28527	324.14001	324.14816	0.07	0.15632	0.04246	0.00018	-0.16199	-79.48911	4.43027	
268.0	11	13.1795	-0.58371	0.0205	25342.74952	466.12078	40.15437	25347.06757	2.38596	-102.93783	-310.9324	327.53755	0.01292	3.89624	0.07166	0.00617	-3.8969	-81.97056	0.01237	
268.0	69	12.20803	2.48903	-3.73787	53.2046	14.93444	-16.509	57.6742	-0.07587	3.11203	2.5707	4.0372	0.07	1e-05	0.0	-0.0	-1e-05	-77.36959	7.01002	
268.0	104	12.16634	2.52358	3.83993	18.93344	5.32947	6.08293	20.58836	0.02379	-1.11973	0.907	1.44118	0.07	1e-05	0.0	0.0	-1e-05	-74.71589	7.01023	
268.0	107	12.76916	2.51213	0.00752	5004.71222	1360.70835	2.98441	5186.39379	-0.25334	0.13554	363.04748	363.04759	0.07	0.18041	0.04905	0.00011	-0.18696	-79.66557	4.43257	
269.0	11	13.17959	-0.58315	0.04725	24925.0094	458.95556	90.76679	24929.39976	9.12896	-429.16116	-336.83627	545.63844	0.02189	3.8293	0.07051	0.01394	-3.82997	-81.94112	0.02116	
269.0	56	12.15693	2.47925	-3.90739	9.10887	2.56847	-2.97625	9.92102	-0.014	0.54628	0.42857	0.69447	0.07	0.0	0.0	-0.0	-0.0	-77.10132	7.21465	
269.0	69	12.20368	2.51213	-3.73128	272.70605	76.56723	-84.75317	295.65897	-0.37151	15.93525	13.20075	20.69614	0.07	0.00036	0.0001	-0.00011	-0.0004	-77.38886	7.04278	
269.0	104	12.11846	2.50519	4.0019	39.58149	11.18587	13.26275	43.21711	0.05272	-2.38788	1.85663	3.0252	0.07	1e-05	0.0	0.0	-1e-05	-74.22783	7.14401	
269.0	107	12.76949	2.5108	0.02823	5224.0733	1421.43118	12.01755	5414.01449	-0.82596	-0.16853	378.98028	378.98122	0.07	0.19328	0.05259	0.00044	-0.20031	-79.60317	4.4262	
270.0	11	13.17981	-0.58259	0.01382	24980.36529	460.62577	26.9632	24984.62634	9.60681	-501.26507	-336.98284	604.0831	0.02418	3.83478	0.07071	0.00414	-3.83543	-81.88941	0.02346	
270.0	102	12.06561	2.4774	4.17853	0.18909	0.0537	0.0666	0.20754	0.00037	-0.0118	0.00846	0.01453	0.07	0.0	0.0	0.0	-0.0	-74.84818	7.40698	
270.0	107	12.76928	2.51146	-0.05649	5576.49873	1519.13856	-24.54771	5779.76839	0.10484	6.15113	404.48033	404.52711	0.07	0.21288	0.05799	-0.00094	-0.22064	-80.82906	4.45776	
271.0	11	13.17995	-0.58205	0.03637	24569.60866	453.79057	69.43976	24573.89708	16.35677	-827.67665	-378.56504	910.28988	0.03704	3.76889	0.06961	0.01065	-3.76955	-81.84491	0.03696	
271.0	67	12.04431	2.49139	-4.22764	38.57925	10.97254	-13.72827	42.39364	-0.05647	2.39305	1.754	2.96756	0.07	0.0	0.0	-0.0	-0.0	-76.64169	7.57386	
271.0	102	12.00531	2.4768	4.34636	0.82354	0.235	0.30319	0.9085	0.00133	-0.05196	0.03665	0.06359	0.07	0.0	0.0	0.0	-0.0	-73.04252	7.51311	
271.0	107	12.76928	2.51106	-0.06752	6008.86274	1638.62906	-31.41769	6228.36444	-0.41292	9.87127	435.87383	435.98578	0.07	0.23573	0.06428	-0.00123	-0.24434	-79.5253	4.41981	
272.0	11	13.17987	-0.58151	0.0772	24092.57168	445.81491	144.25659	24097.12786	24.82502	-1209.32642	-408.73551	1276.77383	0.05298	3.69228	0.06832	0.02211	-3.69298	-81.70821	0.05646	
272.0	67	12.04366	2.51049	-4.21418	249.2022	70.87595	-88.53701	273.79543	-0.37159	15.45593	11.32694	19.16568	0.07	0.00023	7e-05	-8e-05	-0.00026	-76.73196	7.60111	
272.0	107	12.76943	2.5103	-0.06774	6314.05401	1723.58342	-32.86393	6545.15836	-1.53385	14.35053	457.93375	458.16112	0.07	0.25405	0.06935	-0.00132	-0.26335	-79.49839	4.41197	
273.0	11	13.18001	-0.58097	0.08255	23820.75508	441.72913	153.08334	23825.34222	30.14776	-1475.68321	-433.03343	1538.20277	0.06456	3.64693	0.06763	0.02344	-3.64763	-81.56887	0.07629	
273.0	63	11.92289	2.496	-4.55068	6.5078	1.87035	-2.53172	7.22906	-0.01005	0.41894	0.28366	0.50603	0.07	0.0	0.0	-0.0	-0.0	-76.07467	7.97769	
273.0	67	11.986	2.51098	-4.37273	201.32946	57.52543	-74.50846	222.24814	-0.30346	12.69783	8.98358	15.55737	0.07	0.00018	5e-05	-7e-05	-0.0002	-76.4515	7.77328	
273.0	107	12.76919	2.51003	-0.10474	6685.526	1827.0812	-54.11002	6930.90264	-1.43989	19.62529	484.76393	485.16316	0.07	0.27607	0.07545	-0.00223	-0.28621	-79.41039	4.40302	
274.0	11	13.18011	-0.58045	0.10147	23808.03036	442.53009	187.66159	23812.88221	33.33936	-1608.10804	-437.53356	1666.9009	0.07	3.64138	0.06768	0.0287	-3.64212	-81.40688	0.1961	
274.0	63	11.92114	2.51236	-4.54295	227.60685	65.40075	-88.26331	252.73019	-0.31463	14.5904	9.99975	17.69106	0.07	0.00014	4e-05	-5e-05	-0.00016	-76.12349	7.88414	
274.0	107	12.76882	2.50985	-0.13374	6733.01633	1842.32905	-69.66146	6980.86942	1.02496	14.72277	488.43708	488.66	0.07	0.28528	0.07806	-0.00295	-0.29578	-79.35	4.36469	
275.0	1	4.97724	-0.77326	-12.08944	15.88011	0.30685	-40.12263	43.15203	-0.03444	3.02041	0.00947	3.02062	0.07	0.0	0.0	-0.0	-0.0	-35.54099	17.84731	
275.0	11	13.18034	-0.57999	0.08693	23987.89015	446.98667	162.70171	23992.606	33.19586	-1617.82255	-449.61708	1679.46637	0.07	3.6658	0.06831	0.02486	-3.66652	-81.18095	0.29617	
275.0	63	11.79296	2.5068	-4.86524	1.81003	0.5258	-0.76162	2.03292	-0.00172	0.11898	0.07804	0.1423	0.07	0.0	0.0	-0.0	-0.0	-74.51269	8.10291	
275.0	107	12.76746	2.51047	-0.21308	6889.90201	1887.89019	-114.45573	7144.78685	4.25402	14.78104	499.88573	500.1223	0.07	0.29951	0.08207	-0.00498	-0.31059	-78.34236	4.3048	
276.0	11	13.1803	-0.57962	0.11648	24234.22128	452.74425	219.64677	24239.44519	34.52337	-1642.93558	-422.57563	1696.76143	0.07	3.70033	0.06913	0.03354	-3.70112	-81.03468	0.45161	
276.0	63	11.79305	2.5161	-4.85839	221.5719	64.34919	-92.91155	248.73174	-0.23452	14.56901	9.53102	17.41124	0.07	8e-05	2e-05	-3e-05	-9e-05	-75.25864	8.02206	
276.0	81	11.72417	2.49412	5.03205	21.80349	6.36705	9.55327	24.64136	0.05866	-1.49328	0.86136	1.7249	0.07	0.0	0.0	0.0	-0.0	-70.02995	8.42953	
276.0	107	12.76722	2.50964	-0.23292	6524.62927	1789.69222	-118.30682	6766.66696	7.06442	5.55138	473.5817	473.66692	0.07	0.28954	0.07942	-0.00525	-0.30029	-79.00757	4.28245	
277.0	11	13.18063	-0.57931	0.1056	24433.66526	457.69663	201.48485	24438.7823	34.52569	-1657.68833	-421.22724	1710.71769	0.07	3.72946	0.06986	0.03075	-3.73024	-80.81474	0.54348	
277.0	63	11.72786	2.52101	-5.00807	63.67394	18.58422	-27.59056	71.83998	-0.05508	4.22863	2.72117	5.02883	0.07	1e-05	0.0	-1e-05	-1e-05	-74.71365	8.08632	
277.0	105	12.76594	2.50922	-0.29453	6598.36907	1811.98039	-151.57282	6844.3204	9.98027	3.72405	478.98686	479.1053	0.07	0.29879	0.08205	-0.00686	-0.30992	-78.6845	4.24591	
278.0	11	13.18081	-0.57908	0.10867	24587.4768	461.87579	208.87109	24592.70159	34.89151	-1671.09295	-412.00869	1721.48779	0.07	3.74944	0.07043	0.03185	-3.75024	-80.56311	0.64368	
278.0	63	11.65625	2.52565	-5.16696	29.86532	8.76704	-13.40728	33.89032	-0.02345	2.009	1.26145	2.37231	0.07	0.0	0.0	-0.0	-0.0	-74.35955	8.18336	
278.0	105	12.76454	2.50874	-0.35017	6479.87123	1781.42518	-177.16241	6722.61804	12.27921	2.11769	470.41695	470.58195	0.07	0.29883	0.08215	-0.00817	-0.31002	-78.57305	4.21556	
279.0	11	13.18092	-0.57893	0.11411	24728.81454	465.88432	220.39367	24734.18464	35.31122	-1683.26728	-403.80793	1731.38571	0.07	3.76899	0.07101	0.03359	-3.7698	-80.2982	0.74706	
279.0	63	11.58295	2.53305	-5.32179	0.51598	0.15243	-0.24057	0.58936	-0.00034	0.03517	0.02156	0.04125	0.07	0.0	0.0	-0.0	-0.0	-73.94597	8.27537	
279.0	99	11.5888	2.47367	5.34302	0.2419	0.07135	0.11269	0.27624	0.00092	-0.01715	0.00888	0.01934	0.07	0.0	0.0	0.0	-0.0	-68.36448	8.93116	
279.0	105	12.76314	2.50807	-0.39803	6360.55282	1750.4633	-197.70775	6599.98805	14.53103	-0.64618	461.76388	461.99292	0.07	0.29827	0.08209	-0.00927	-0.3095	-78.45901	4.18417	
280.0	11	13.18076	-0.57889	0.13856	24883.46501	470.19937	268.67953	24889.3573	36.27552	-1698.16975	-387.75701	1742.25484	0.07	3.79022	0.07162	0.04092	-3.79112	-79.99557	0.88759	
280.0	63	11.58695	2.53427	-5.31207	104.8761	30.98124	-48.81307	119.75621	-0.04593	7.1219	4.42154	8.38293	0.07	2e-05	1e-05	-1e-05	-3e-05	-73.65887	8.12965	
280.0	105	12.76224	2.50695	-0.42785	6094.26887	1678.71533	-203.46067	6324.52326	16.75292	-7.20663	442.34066	442.71645	0.07	0.28993	0.07986	-0.00968	-0.30088	-78.11213	4.14358	
281.0	11	13.18097	-0.57892	0.13098	25031.62826	474.46765	255.97519	25037.43309	36.30585	-1710.65118	-379.51291	1752.61965	0.07	3.812	0.07226	0.03898	-3.81288	-79.69228	0.95863	
281.0	63	11.51515	2.54286	-5.45791	22.43562	6.66187	-10.76135	25.75935	-0.00599	1.53871	0.94005	1.80315	0.07	0.0	0.0	-0.0	-0.0	-73.07124	8.2105	
281.0	99	11.52686	2.4536	5.48417	8.35113	2.47998	4.03761	9.60177	0.03588	-0.60245	0.29583	0.67212	0.07	0.0	0.0	0.0	-0.0	-67.05291	9.16354	
281.0	105	12.75955	2.50652	-0.49703	6015.31878	1658.7494	-233.60201	6244.20367	18.51792	-5.65816	436.66446	437.09356	0.07	0.29045	0.08009	-0.01128	-0.30151	-77.76876	4.11616	
282.0	11	13.1807	-0.57904	0.15841	25187.67653	478.9431	311.02393	25194.14955	37.28671	-1725.54278	-362.44386	1763.59115	0.07	3.83401	0.0729	0.04734	-3.835	-79.31195	1.09615	
282.0	63	11.51999	2.53798	-5.45028	169.65719	50.40058	-81.42158	194.81595	-0.0186	11.61269	7.1496	13.63715	0.07	0.00012	4e-05	-6e-05	-0.00014	-72.83832	8.06871	
282.0	86	11.4782	2.44123	5.59009	42.74738	12.75263	21.17609	49.38011	0.19775	-3.11814	1.47861	3.45662	0.07	0.0	0.0	0.0	-0.0	-66.37597	9.32804	
282.0	105	12.75835	2.50529	-0.52786	5673.68574	1565.875	-233.86404	5890.44708	19.99435	-10.95844	411.70114	412.33201	0.07	0.27734	0.07654	-0.01143	-0.28794	-77.48503	4.08099	
283.0	11	13.1811	-0.57923	0.1368	25309.2816	482.82036	270.47306	25315.33145	36.93732	-1734.81895	-359.55902	1772.07331	0.07	3.85196	0.07348	0.04116	-3.85289	-78.95783	1.14367	
283.0	86	11.47823	2.43223	5.59456	35.1853	10.5003	17.44728	40.65304	0.16876	-2.57141	1.20722	2.8457	0.07	0.0	0.0	0.0	-0.0	-65.89205	9.34601	
283.0	105	12.75441	2.50489	-0.61067	5725.77391	1581.93853	-273.46559	5946.57884	21.94393	-7.57939	415.61291	416.26082	0.07	0.28352	0.07833	-0.01354	-0.29445	-77.04252	4.05247	
284.0	11	13.18093	-0.5795	0.15614	25463.85899	487.37472	310.14341	25470.41103	37.70994	-1747.95777	-349.29041	1782.91396	0.07	3.87469	0.07416	0.04719	-3.87569	-78.56148	1.24502	
284.0	63	11.44309	2.54245	-5.60398	32.24664	9.64797	-16.03048	37.28144	0.00839	2.22832	1.358	2.60953	0.07	1e-05	0.0	-0.0	-1e-05	-71.77656	8.03945	
284.0	105	12.75295	2.50337	-0.64222	5570.15492	1540.10195	-279.58601	5785.90599	23.27659	-10.81069	404.18564	404.99964	0.07	0.27868	0.07705	-0.01399	-0.28948	-76.68151	4.02014	
285.0	11	13.18097	-0.57983	0.15947	25529.29329	490.2722	318.00888	25535.98074	37.98223	-1753.24364	-346.19436	1787.50005	0.07	3.88405	0.07459	0.04838	-3.88507	-78.10021	1.41647	
285.0	105	12.74979	2.50244	-0.70081	5529.15553	1530.16346	-302.99577	5744.97759	27.5259	-20.12191	400.68265	402.13076	0.07	0.27962	0.07738	-0.01532	-0.29053	-75.4562	3.94975	
286.0	11	13.18096	-0.58025	0.16538	25775.22759	496.67827	333.52089	25782.16986	38.4336	-1774.29598	-327.95709	1804.76015	0.07	3.92109	0.07556	0.05074	-3.92214	-77.68795	1.39587	
286.0	63	11.37759	2.50681	-5.75357	16.51892	4.97749	-8.50232	19.23381	0.00516	1.15755	0.68769	1.34643	0.07	1e-05	0.0	-0.0	-1e-05	-70.82804	7.98662	
286.0	86	11.42332	2.4089	5.71511	1.14443	0.3432	0.58086	1.3285	0.00627	-0.08477	0.03773	0.093	0.07	0.0	0.0	0.0	-0.0	-64.42727	9.52854	
286.0	105	12.74706	2.50086	-0.74899	5266.03066	1458.41544	-308.44717	5472.95113	25.23143	-10.28383	382.14444	383.11455	0.07	0.2687	0.07442	-0.01574	-0.27926	-75.98922	3.96701	
287.0	11	13.18065	-0.58075	0.18949	25930.61195	501.37686	384.84795	25938.3138	39.23966	-1787.74108	-314.86825	1815.68167	0.07	3.9447	0.07627	0.05855	-3.94587	-77.20745	1.50617	
287.0	63	11.38363	2.50121	-5.74442	119.99656	36.15221	-61.61949	139.65356	0.0549	8.38452	5.02612	9.77574	0.07	0.00016	5e-05	-8e-05	-0.00019	-70.48025	7.84831	
287.0	105	12.74519	2.49916	-0.7814	5008.02482	1387.8274	-305.94084	5205.76386	25.89149	-13.35634	363.23672	364.40317	0.07	0.25745	0.07134	-0.01573	-0.26761	-75.56494	3.93558	
288.0	11	13.1808	-0.58131	0.18402	26082.80678	506.08459	377.12896	26090.44187	39.36432	-1799.88688	-307.15476	1826.3314	0.07	3.96786	0.07699	0.05737	-3.96902	-76.71858	1.57294	
288.0	63	11.31078	2.47952	-5.89614	57.13983	17.32827	-30.28981	66.95298	0.02845	4.04466	2.36754	4.68672	0.07	2e-05	1e-05	-1e-05	-3e-05	-69.67631	7.89603	
288.0	105	12.74019	2.49873	-0.85475	4916.92182	1363.92481	-328.97094	5113.18227	27.0843	-11.60234	356.70838	357.92323	0.07	0.25498	0.07073	-0.01706	-0.26516	-75.03905	3.90558	
289.0	11	13.18099	-0.58194	0.17704	26239.74497	510.9486	365.87765	26247.2694	39.4558	-1812.45986	-298.55984	1837.3093	0.07	3.99198	0.07773	0.05566	-3.99313	-76.20939	1.6287	
289.0	86	11.41605	2.38317	5.7414	0.2065	0.06208	0.1058	0.24019	0.00124	-0.01541	0.00662	0.01681	0.07	0.0	0.0	0.0	-0.0	-62.83317	9.57254	
289.0	105	12.73536	2.49807	-0.92042	4816.02707	1337.1246	-347.31842	5010.25439	28.0034	-10.09162	349.45281	350.71826	0.07	0.25155	0.06984	-0.01814	-0.2617	-74.56332	3.87918	
290.0	11	13.18094	-0.58265	0.18502	26411.97185	516.17341	385.43625	26419.82689	39.87234	-1826.71701	-285.92142	1849.38797	0.07	4.01861	0.07854	0.05864	-4.01981	-75.66464	1.69746	
290.0	63	11.23814	2.47233	-6.03405	34.92282	10.65331	-18.9731	41.14699	0.02378	2.49248	1.44328	2.88029	0.07	1e-05	0.0	-0.0	-1e-05	-68.66176	7.83974	
290.0	86	11.41391	2.37464	5.74951	0.70775	0.21292	0.36365	0.82371	0.00438	-0.05292	0.02247	0.05766	0.07	0.0	0.0	0.0	-0.0	-62.32384	9.576	
290.0	96	4.78516	-0.71635	12.15915	0.08698	0.00154	0.23525	0.25082	0.00063	-0.01755	-0.00012	0.01756	0.07	0.0	0.0	0.0	-0.0	-18.87456	16.35861	
290.0	105	12.73209	2.49687	-0.96365	4606.40712	1279.78758	-347.91615	4793.52568	28.16207	-10.51203	334.19771	335.54689	0.07	0.24195	0.06722	-0.01827	-0.25178	-74.11576	3.85498	
291.0	11	13.18105	-0.58342	0.18261	26537.08069	520.51575	383.35533	26544.95338	40.04944	-1836.73406	-278.45265	1858.15281	0.07	4.03842	0.07921	0.05834	-4.03961	-75.09738	1.77944	
291.0	51	11.15388	2.47341	-6.18483	12.06895	3.71009	-6.78474	14.33377	0.01157	0.8715	0.49714	1.00339	0.07	0.0	0.0	-0.0	-0.0	-67.60503	7.87109	
291.0	103	12.72783	2.49591	-1.01616	4499.0737	1250.87649	-358.56509	4683.47361	29.48365	-12.51618	326.28084	327.84924	0.07	0.23753	0.06604	-0.01893	-0.24726	-73.43384	3.8189	
292.0	11	13.18094	-0.58426	0.19298	26716.26378	525.95423	408.39103	26724.56101	40.50077	-1851.3914	-265.14332	1870.71949	0.07	4.06664	0.08006	0.06216	-4.0679	-74.51333	1.83528	
292.0	51	11.15813	2.48077	-6.17254	60.72322	18.66524	-34.07965	72.09107	0.06844	4.37324	2.51715	5.04638	0.07	1e-05	0.0	-1e-05	-1e-05	-67.33355	7.76822	
292.0	86	11.41113	2.35892	5.76192	0.00959	0.00289	0.00494	0.01116	6e-05	-0.00072	0.0003	0.00078	0.07	0.0	0.0	0.0	-0.0	-61.23433	9.57499	
292.0	103	12.72452	2.49466	-1.05518	4273.73461	1188.93519	-353.81733	4450.11922	29.01892	-12.0819	309.91856	311.50856	0.07	0.22652	0.06302	-0.01875	-0.23587	-73.01523	3.79828	
293.0	11	13.18077	-0.58511	0.20605	26890.36219	531.34654	438.96508	26899.19326	40.96239	-1865.69504	-250.96055	1882.94373	0.07	4.09413	0.0809	0.06683	-4.09547	-73.88842	1.91731	
293.0	51	11.16231	2.4864	-6.16129	131.61026	40.45292	-73.75062	156.19492	0.18729	9.44049	5.51243	10.93366	0.07	5e-05	2e-05	-3e-05	-6e-05	-66.86398	7.63071	
293.0	103	12.72143	2.4933	-1.09051	4026.96127	1120.8937	-344.66667	4194.23591	28.84048	-13.87238	291.84725	293.59672	0.07	0.21414	0.05961	-0.01833	-0.22304	-72.43197	3.77195	
294.0	11	13.18128	-0.58596	0.18123	27019.96198	535.92391	389.70871	27028.086	40.74647	-1875.46562	-245.98192	1891.96688	0.07	4.11495	0.08162	0.05935	-4.11619	-73.28516	1.94455	
294.0	51	11.07496	2.49061	-6.31169	3.67135	1.13748	-2.12728	4.39295	0.006	0.2667	0.15296	0.30751	0.07	0.0	0.0	-0.0	-0.0	-65.91301	7.68649	
294.0	96	4.76202	-0.77771	12.16762	0.00902	0.00016	0.02455	0.02616	7e-05	-0.00183	-1e-05	0.00183	0.07	0.0	0.0	0.0	-0.0	-17.70299	16.09131	
294.0	103	12.71497	2.49271	-1.16032	4021.66865	1120.32818	-366.70476	4190.87418	30.0696	-12.51214	291.54857	293.36206	0.07	0.21468	0.0598	-0.01958	-0.22372	-71.79938	3.74125	
295.0	11	13.18126	-0.58685	0.18466	27194.19561	541.4302	399.62317	27202.52047	41.03873	-1889.45363	-232.73917	1904.17612	0.07	4.14284	0.08248	0.06088	-4.14411	-72.62601	1.99752	
295.0	51	11.08042	2.4952	-6.29908	30.4165	9.41863	-17.55625	36.36063	0.05754	2.19942	1.27964	2.54524	0.07	0.0	0.0	-0.0	-0.0	-65.43133	7.55596	
295.0	103	12.71094	2.49148	-1.20251	3819.94551	1064.72492	-361.19454	3981.96991	29.70857	-12.66495	276.86032	278.73757	0.07	0.20442	0.05698	-0.01933	-0.21309	-71.16231	3.71555	
296.0	11	13.18122	-0.58777	0.19032	27367.40938	546.97475	414.42056	27376.0118	41.35889	-1903.29666	-219.17429	1916.32098	0.07	4.17032	0.08335	0.06315	-4.17163	-71.94463	2.05032	
296.0	51	11.08688	2.49876	-6.2852	72.26378	22.36868	-41.58401	86.3229	0.15584	5.20265	3.06941	6.04261	0.07	2e-05	1e-05	-1e-05	-2e-05	-64.91238	7.4236	
296.0	103	12.70709	2.49019	-1.24114	3603.97797	1005.06168	-351.89586	3758.00969	29.09719	-12.91051	261.1277	263.06083	0.07	0.19325	0.05389	-0.01887	-0.20151	-70.51352	3.69005	
297.0	11	13.18149	-0.58871	0.17363	27489.28848	551.53249	381.24132	27497.46377	41.31942	-1912.62975	-212.36918	1924.8274	0.07	4.19008	0.08407	0.05811	-4.19132	-71.26756	2.09504	
297.0	103	12.70092	2.4894	-1.29991	3548.54648	990.29955	-363.25181	3702.00313	30.05939	-13.42513	257.04553	259.14514	0.07	0.19071	0.05322	-0.01952	-0.19896	-69.65484	3.65303	
298.0	11	13.18156	-0.58967	0.17079	27658.92067	557.09832	377.36373	27667.10419	41.52285	-1925.86396	-200.28851	1936.69606	0.07	4.21703	0.08494	0.05753	-4.21827	-70.54804	2.10143	
298.0	103	12.69631	2.48823	-1.3425	3378.61506	943.38876	-357.41671	3526.01316	29.00226	-11.09934	244.85838	246.81968	0.07	0.18182	0.05077	-0.01923	-0.18975	-69.10965	3.63084	
299.0	1	5.08075	-0.77468	-12.05318	4.16153	0.09405	-10.25139	11.06428	-0.02427	0.77411	-0.00275	0.7745	0.07	0.0	0.0	-0.0	-0.0	-34.08908	13.9726	
299.0	11	13.18162	-0.59067	0.17055	27817.05034	562.47644	379.26927	27825.32147	41.75963	-1938.19332	-188.36623	1947.77284	0.07	4.24257	0.08579	0.05784	-4.24383	-69.80326	2.14631	
299.0	47	11.00347	2.51671	-6.41613	2.62174	0.81882	-1.55942	3.15845	0.00779	0.18996	0.11285	0.22109	0.07	0.0	0.0	-0.0	-0.0	-62.7379	7.22808	
299.0	96	4.76269	-0.72572	12.16614	0.72683	0.0129	1.92135	2.05427	0.00478	-0.14372	-0.00084	0.1438	0.07	0.0	0.0	0.0	-0.0	-16.88818	15.54084	
299.0	103	12.69184	2.48695	-1.38253	3209.60272	896.6488	-349.87692	3350.81222	28.58339	-11.58505	232.52065	234.5572	0.07	0.17289	0.0483	-0.01885	-0.1805	-68.41803	3.60302	
300.0	11	13.18175	-0.59171	0.1669	27949.13196	567.35712	373.49241	27957.38485	41.93403	-1948.43437	-178.21417	1957.01693	0.07	4.26458	0.08657	0.05699	-4.26584	-69.0494	2.2383	
300.0	47	11.00799	2.51831	-6.40688	21.07368	6.58157	-12.51655	25.37875	0.07509	1.51577	0.92347	1.77651	0.07	0.0	0.0	-0.0	-0.0	-61.84221	7.02634	
300.0	103	12.68725	2.48565	-1.42245	3062.27521	855.91023	-343.66712	3198.15867	29.16149	-15.42608	221.42699	223.8711	0.07	0.16506	0.04613	-0.01852	-0.17238	-67.48456	3.56704	
301.0	11	13.18186	-0.5928	0.16059	28126.40685	573.16308	362.25776	28134.57853	42.1181	-1961.96808	-165.91288	1969.42118	0.07	4.29371	0.0875	0.0553	-4.29496	-68.26599	2.24372	
301.0	47	11.01279	2.5193	-6.39747	15.6149	4.87624	-9.25794	18.7966	0.05733	1.12072	0.68699	1.31577	0.07	0.0	0.0	-0.0	-0.0	-61.3984	6.92513	
301.0	103	12.68276	2.48436	-1.461	2889.84824	808.08278	-333.30409	3019.15754	27.98006	-13.8474	209.02317	211.34172	0.07	0.15576	0.04356	-0.01797	-0.16273	-66.87581	3.54278	
302.0	11	13.18195	-0.59392	0.15561	28290.51401	578.74428	353.71753	28298.64385	42.31741	-1974.45562	-154.01075	1980.90511	0.07	4.32118	0.0884	0.05403	-4.32242	-67.46435	2.27236	
302.0	47	11.01858	2.52003	-6.38649	21.09059	6.58325	-12.46366	25.3672	0.08367	1.50601	0.93705	1.77571	0.07	0.0	0.0	-0.0	-0.0	-60.75184	6.78921	
302.0	103	12.67829	2.483	-1.49781	2720.15227	760.9603	-321.82843	2842.86167	27.15394	-13.8979	196.64856	199.00036	0.07	0.14658	0.04101	-0.01734	-0.15319	-66.08318	3.51335	
303.0	11	13.1821	-0.59506	0.14777	28438.20752	584.02018	338.35592	28446.21611	42.482	-1985.62168	-143.24802	1991.23533	0.07	4.34613	0.08925	0.05171	-4.34736	-66.64795	2.29813	
303.0	47	11.02659	2.52025	-6.37199	11.21193	3.49713	-6.59632	13.47029	0.04781	0.79596	0.50325	0.94292	0.07	0.0	0.0	-0.0	-0.0	-60.07893	6.6454	
303.0	103	12.67377	2.48165	-1.53453	2578.51664	721.64787	-312.73547	2695.79806	26.54402	-14.11043	186.29625	188.70607	0.07	0.13888	0.03887	-0.01684	-0.1452	-65.26758	3.48209	
304.0	11	13.18223	-0.59623	0.14081	28569.95049	588.98236	324.56916	28577.8641	42.66038	-1995.50209	-133.99157	2000.45051	0.07	4.36902	0.09007	0.04963	-4.37023	-65.80893	2.32752	
304.0	103	12.66884	2.48049	-1.57307	2459.17386	688.57461	-305.96322	2572.01955	26.12776	-14.41916	177.55092	180.04139	0.07	0.13239	0.03707	-0.01647	-0.13846	-64.45111	3.44849	
305.0	11	13.18237	-0.59742	0.13436	28759.21119	595.13666	312.67852	28767.0677	42.92728	-2009.43403	-123.66364	2013.69327	0.07	4.40096	0.09107	0.04785	-4.40216	-64.94805	2.33608	
305.0	103	12.66446	2.47916	-1.60695	2314.47479	648.31139	-294.3338	2421.51473	25.12768	-13.86168	167.05762	169.50456	0.07	0.12446	0.03486	-0.01583	-0.13021	-63.59707	3.41496	
306.0	11	13.18249	-0.59867	0.12664	28919.5575	600.73066	297.46347	28927.32562	43.14025	-2021.351	-111.97853	2024.90991	0.07	4.42862	0.09199	0.04555	-4.42981	-64.06508	2.34542	
306.0	103	12.66014	2.47781	-1.63958	2149.86975	602.43157	-279.11286	2250.0595	23.87889	-13.35283	155.1069	157.50127	0.07	0.11545	0.03235	-0.01499	-0.12083	-62.72858	3.38201	
307.0	11	13.18262	-0.59998	0.11869	29072.63219	606.20905	282.0795	29080.31982	43.36453	-2032.64719	-101.07795	2035.62075	0.07	4.45508	0.0929	0.04323	-4.45625	-63.16515	2.35298	
307.0	103	12.6558	2.47651	-1.67167	1988.90395	557.53998	-263.42033	2082.30161	22.58581	-12.8045	143.42855	145.75947	0.07	0.10666	0.0299	-0.01413	-0.11166	-61.84806	3.34708	
308.0	11	13.18275	-0.60133	0.11079	29211.96682	611.42292	266.86819	29219.58353	43.5894	-2042.87986	-90.93792	2045.36741	0.07	4.47938	0.09376	0.04092	-4.48054	-62.24834	2.35955	
308.0	103	12.65157	2.47523	-1.70237	1832.74386	513.95279	-247.3306	1919.44522	21.27043	-12.2822	132.09358	134.35772	0.07	0.0981	0.02751	-0.01324	-0.10274	-60.95151	3.31047	
309.0	11	13.18287	-0.60272	0.10213	29353.99223	616.70582	249.76456	29361.53212	43.82091	-2053.26652	-80.3044	2055.3035	0.07	4.50414	0.09463	0.03832	-4.5053	-61.30737	2.36181	
309.0	14	10.98811	2.42076	-6.48456	0.1468	0.0461	-0.08809	0.1773	0.00075	0.01042	0.00671	0.01241	0.07	0.0	0.0	-0.0	-0.0	-55.25739	5.96071	
309.0	103	12.64749	2.47394	-1.73129	1670.20491	468.52996	-229.34793	1749.77291	19.7957	-11.6775	120.30461	122.48033	0.07	0.0892	0.02502	-0.01225	-0.09345	-60.01667	3.27331	
310.0	1	5.00979	-0.78226	-12.08384	2.31044	0.056	-5.75886	6.2053	-0.00922	0.43427	0.00053	0.43437	0.07	0.0	0.0	-0.0	-0.0	-30.23212	11.68321	
310.0	11	13.18292	-0.60412	0.09626	29484.34518	621.78255	238.80635	29491.86757	44.06954	-2062.76535	-70.22455	2064.43079	0.07	4.52696	0.09547	0.03667	-4.52812	-60.34124	2.3513	
310.0	14	10.99237	2.42943	-6.47206	1.7185	0.53956	-1.02931	2.07457	0.00924	0.12144	0.07909	0.14522	0.07	0.0	0.0	-0.0	-0.0	-54.53733	5.84762	
310.0	103	12.64398	2.47256	-1.7556	1513.01813	424.55756	-210.77451	1585.52795	18.17984	-10.69223	108.96462	110.98702	0.07	0.08061	0.02262	-0.01123	-0.08447	-59.12593	3.23485	
311.0	11	13.18301	-0.60549	0.08668	29601.97356	626.6112	218.04022	29609.40766	44.28642	-2071.32098	-59.86271	2072.65902	0.07	4.54781	0.09627	0.0335	-4.54895	-59.36614	2.38972	
311.0	14	10.99727	2.43501	-6.46009	5.83494	1.83177	-3.48844	7.04068	0.03477	0.40893	0.27289	0.49285	0.07	0.0	0.0	-0.0	-0.0	-53.63549	5.67851	
311.0	103	12.64055	2.47114	-1.77905	1368.9677	384.23756	-193.33824	1434.95322	17.11445	-11.51014	98.30697	100.44724	0.07	0.07273	0.02041	-0.01027	-0.07623	-58.11514	3.19959	
312.0	11	13.18311	-0.60688	0.07826	29718.70584	631.40441	199.68338	29726.08319	44.51695	-2079.76585	-49.14148	2080.82259	0.07	4.56871	0.09707	0.0307	-4.56985	-58.3761	2.40941	
312.0	14	11.00263	2.43836	-6.4485	6.51065	2.04361	-3.88507	7.8523	0.04171	0.45313	0.30825	0.54962	0.07	0.0	0.0	-0.0	-0.0	-52.79012	5.5285	
312.0	103	12.63742	2.46972	-1.80042	1220.86493	342.74872	-174.56272	1280.02344	15.71927	-11.44675	87.46283	89.59839	0.07	0.06465	0.01815	-0.00924	-0.06779	-57.15008	3.16445	
313.0	11	13.18323	-0.60829	0.06953	29821.15348	635.87637	180.45979	29828.47799	44.73987	-2087.15252	-38.92045	2087.99475	0.07	4.58749	0.09782	0.02776	-4.58861	-57.36327	2.43508	
313.0	14	11.00906	2.43993	-6.43603	5.53449	1.7364	-3.29193	6.66951	0.03815	0.38204	0.26565	0.46688	0.07	0.0	0.0	-0.0	-0.0	-51.8995	5.36717	
313.0	103	12.63458	2.46826	-1.81955	1081.26399	303.61423	-156.30196	1133.9064	14.37872	-11.45572	77.21638	79.37475	0.07	0.05706	0.01602	-0.00825	-0.05983	-56.13787	3.12889	
314.0	11	13.18328	-0.60971	0.0604	29937.44908	640.62683	160.65366	29944.73359	44.99512	-2095.45094	-28.86352	2096.13271	0.07	4.60906	0.09863	0.02473	-4.61018	-56.33133	2.43815	
314.0	14	11.01625	2.44129	-6.42236	5.08798	1.5952	-3.01374	6.12493	0.03706	0.34849	0.24702	0.42876	0.07	0.0	0.0	-0.0	-0.0	-51.03631	5.22425	
314.0	103	12.63174	2.4668	-1.83835	935.61776	262.76307	-136.69628	981.38213	12.72987	-10.647	66.6635	68.69811	0.07	0.04918	0.01381	-0.00719	-0.05159	-55.11895	3.09007	
315.0	1	4.88204	-0.77447	-12.13479	1.53771	0.03878	-4.01729	4.3017	-0.00372	0.30109	0.00148	0.30112	0.07	0.0	0.0	-0.0	-0.0	-27.30451	10.51648	
315.0	11	13.18327	-0.61114	0.05195	30054.39559	645.3987	142.3753	30061.66171	45.26526	-2103.74596	-18.71793	2104.31613	0.07	4.63005	0.09943	0.02193	-4.63117	-55.27504	2.41908	
315.0	14	11.02314	2.44298	-6.40894	1.54528	0.4842	-0.91191	1.85847	0.01163	0.10524	0.07559	0.13009	0.07	0.0	0.0	-0.0	-0.0	-50.19852	5.10059	
315.0	103	12.62895	2.46535	-1.85637	787.92119	221.32014	-116.28961	826.63516	10.86342	-9.2058	56.08488	57.86427	0.07	0.04125	0.01159	-0.00609	-0.04327	-54.1152	3.04722	
316.0	1	4.88997	-0.76691	-12.13174	10.1144	0.25689	-26.41739	28.28861	-0.02441	1.98001	0.00991	1.98018	0.07	0.0	0.0	-0.0	-0.0	-26.91669	10.28025	
316.0	11	13.18324	-0.61256	0.05096	30156.50053	649.85334	140.8962	30163.83075	45.52419	-2110.95709	-7.36559	2111.46076	0.07	4.64905	0.10018	0.02172	-4.65018	-54.17775	2.42223	
316.0	103	12.62716	2.4638	-1.86764	627.53276	176.28526	-93.20395	658.45337	8.82452	-7.86284	44.54288	46.08432	0.07	0.0327	0.00919	-0.00486	-0.03431	-53.08092	3.00758	
317.0	11	13.18327	-0.61396	0.03307	30221.71751	653.54205	99.48174	30228.94678	45.74639	-2115.5321	0.55139	2116.02672	0.07	4.66237	0.10082	0.01535	-4.66348	-53.09085	2.40147	
317.0	14	11.03606	2.4462	-6.38341	1.30579	0.40877	-0.76549	1.56785	0.01078	0.08764	0.06519	0.10976	0.07	0.0	0.0	-0.0	-0.0	-48.33798	4.82324	
317.0	103	12.62389	2.46254	-1.88812	517.23121	145.32853	-77.69712	542.84929	7.40472	-6.75751	36.65378	37.99991	0.07	0.02684	0.00754	-0.00403	-0.02817	-51.9586	2.95926	
318.0	11	13.18323	-0.61538	0.02394	30272.27188	656.9158	78.75729	30279.50109	45.95689	-2119.04147	10.31359	2119.56486	0.07	4.67316	0.10141	0.01216	-4.67428	-51.97233	2.3965	
318.0	14	11.04225	2.44764	-6.3711	0.64426	0.20159	-0.37645	0.77293	0.00558	0.04288	0.03251	0.0541	0.07	0.0	0.0	-0.0	-0.0	-47.39267	4.68088	
318.0	103	12.62155	2.4612	-1.90207	375.34512	105.47588	-56.81803	394.00179	5.48344	-5.22804	26.51886	27.57989	0.07	0.01938	0.00545	-0.00293	-0.02034	-50.85573	2.91516	
319.0	11	13.18318	-0.61679	0.01449	30301.42352	659.83079	57.32889	30308.66098	46.14858	-2121.01179	19.90692	2121.60717	0.07	4.68041	0.10192	0.00886	-4.68153	-50.77451	2.37899	
319.0	103	12.61935	2.45994	-1.91528	232.47408	65.33501	-35.44616	244.06821	3.45426	-3.40245	16.38338	17.08578	0.07	0.01194	0.00336	-0.00182	-0.01254	-49.69427	2.86571	
320.0	11	13.18312	-0.6182	0.0057	30318.18512	662.44584	37.22952	30325.44425	46.33142	-2122.07889	28.95246	2122.78206	0.07	4.68577	0.10238	0.00575	-4.68689	-49.48403	2.37173	
320.0	103	12.61737	2.45868	-1.92666	98.77348	27.76199	-15.15427	103.71393	1.50187	-1.56036	6.93045	7.26095	0.07	0.00505	0.00142	-0.00077	-0.0053	-48.4299	2.81578	
321.0	11	13.18301	-0.61962	-0.00635	30244.03329	663.00461	9.47408	30251.30104	46.39632	-2116.89129	31.32754	2117.63141	0.07	4.6927	0.10287	0.00147	-4.69383	-48.30301	2.53289	
321.0	14	11.05987	2.45136	-6.33581	29.17058	9.11519	-16.88119	34.91395	0.35083	1.82332	1.59076	2.44501	0.07	0.0	0.0	-0.0	-0.0	-43.69257	4.04095	
322.0	11	13.18284	-0.62123	-0.00097	30165.24548	662.9931	22.48306	30172.53884	46.3735	-2111.21988	38.08707	2112.07256	0.07	4.66787	0.10259	0.00348	-4.669	-47.22953	2.59778	
323.0	11	13.18267	-0.62294	-0.01089	30042.88314	661.77057	0.24874	30050.17084	46.31126	-2102.44398	47.91874	2103.49985	0.07	4.65144	0.10246	4e-05	-4.65256	-46.02071	2.7416	
324.0	11	13.18246	-0.62484	0.01324	29892.26582	659.45453	56.14566	29899.59178	46.10618	-2092.2577	27.26224	2092.94321	0.07	4.6306	0.10216	0.0087	-4.63174	-44.71476	2.88737	
324.0	51	11.33634	2.44625	-5.83462	18.04397	5.51605	-9.40849	21.08392	0.31913	0.88783	1.13256	1.47404	0.07	0.0	0.0	-0.0	-0.0	-39.8427	3.06435	
325.0	11	13.18227	-0.62674	-0.00092	29768.55534	657.66129	24.08451	29775.82888	46.00433	-2083.5455	32.58352	2084.30802	0.07	4.61356	0.10192	0.00373	-4.61468	-43.67976	2.91085	
325.0	108	12.2411	2.26104	3.75639	0.00157	0.00045	0.00049	0.00171	2e-05	-0.00011	5e-05	0.00012	0.07	0.0	0.0	0.0	-0.0	-41.07212	6.23476	
326.0	11	13.18206	-0.62869	0.00113	29599.82403	654.67729	28.08874	29607.07642	45.79139	-2071.73946	32.17144	2072.49517	0.07	4.5894	0.10151	0.00436	-4.59053	-42.43381	2.9568	
327.0	11	13.18178	-0.63068	0.00073	29439.41198	651.71767	26.55633	29446.6368	45.5821	-2060.46262	35.01181	2061.26412	0.07	4.56608	0.10108	0.00412	-4.5672	-41.31214	3.00316	
328.0	11	13.18149	-0.63274	0.00093	29245.45932	647.84786	26.92869	29252.64643	45.31185	-2046.90014	33.94035	2047.68291	0.07	4.5372	0.10051	0.00418	-4.53831	-40.0743	3.05945	
329.0	11	13.1812	-0.63481	0.001	29095.56302	644.8279	26.92521	29102.72007	45.09991	-2036.40342	34.25685	2037.19082	0.07	4.51439	0.10005	0.00418	-4.5155	-38.88262	3.06266	
330.0	11	13.1809	-0.63689	0.00113	28842.73595	639.41959	27.25534	28849.83565	44.72101	-2018.70804	33.94694	2019.48868	0.07	4.47534	0.09921	0.00423	-4.47644	-37.52344	3.08517	
331.0	11	13.18059	-0.63896	0.00082	28666.77545	635.63392	26.76488	28673.83409	44.45703	-2006.39756	33.43132	2007.16847	0.07	4.44772	0.09862	0.00415	-4.44881	-36.27952	3.06397	
331.0	96	4.76313	-0.81642	12.161	0.06679	0.00115	0.17675	0.18896	0.00018	-0.01323	2e-05	0.01323	0.07	0.0	0.0	0.0	-0.0	-10.16035	10.34461	
332.0	11	13.18023	-0.64105	0.00796	28435.67397	630.5309	42.4905	28442.69552	44.0864	-1990.26566	30.53532	1990.98805	0.07	4.41127	0.09782	0.00659	-4.41236	-34.85877	3.05894	
333.0	11	13.17984	-0.64314	0.02072	28270.29577	626.80379	70.24787	28277.33086	43.83747	-1978.87631	15.21823	1979.42031	0.07	4.38646	0.09726	0.0109	-4.38756	-33.64743	3.0126	
334.0	11	13.17945	-0.64509	-0.00499	28081.23135	622.70848	14.70034	28088.13871	43.56576	-1965.40177	33.4874	1966.16976	0.07	4.35473	0.09657	0.00228	-4.3558	-32.36443	2.95746	
335.0	11	13.17907	-0.64706	0.00312	27989.62178	620.58669	32.20893	27996.5193	43.38592	-1958.86523	40.05412	1959.755	0.07	4.33952	0.09622	0.00499	-4.34059	-31.28567	2.84622	
336.0	11	13.17873	-0.64893	0.01031	27895.08463	618.44191	47.77912	27901.98021	43.24507	-1952.50235	24.78939	1953.13852	0.07	4.32399	0.09586	0.00741	-4.32506	-30.0775	2.72619	
337.0	11	13.17849	-0.65064	-0.00656	27793.91612	616.28772	11.67611	27800.75036	43.11352	-1945.14775	40.8639	1946.05457	0.07	4.30743	0.09551	0.00181	-4.30849	-28.78228	2.63544	
337.0	96	4.8117	-0.86129	12.1415	4.63817	0.07645	12.42095	13.2589	0.02374	-0.9276	-0.00315	0.92791	0.07	0.0	0.0	0.0	-0.0	-7.49102	8.33438	
338.0	11	13.17821	-0.65236	-0.00598	27762.07748	615.57881	13.12462	27768.90448	43.06135	-1942.90837	41.20328	1943.82224	0.07	4.30145	0.09538	0.00203	-4.30251	-27.63247	2.59474	
339.0	11	13.17794	-0.65402	-0.01397	27729.75936	614.89503	-3.88566	27736.57631	43.03689	-1940.53138	46.22905	1941.559	0.07	4.29543	0.09525	-0.0006	-4.29648	-26.25516	2.53158	
340.0	11	13.17777	-0.65567	0.0021	27700.37375	614.18248	30.53154	27707.19867	42.95831	-1938.83126	27.35025	1939.49996	0.07	4.28971	0.09511	0.00473	-4.29077	-25.01959	2.44971	
341.0	11	13.17765	-0.6572	-0.00193	27652.93861	613.16764	21.8504	27659.7445	42.89136	-1935.45525	31.41295	1936.18529	0.07	4.28101	0.09493	0.00338	-4.28206	-23.6161	2.37522	
341.0	96	4.7934	-0.88605	12.14802	4.58483	0.0757	12.0982	12.93804	0.01449	-0.90556	0.00018	0.90568	0.07	0.0	0.0	0.0	-0.0	-5.74782	6.97233	
342.0	11	13.17757	-0.65866	-0.00556	27632.98851	612.75416	14.37921	27639.78524	42.86841	-1934.00951	34.08111	1934.78475	0.07	4.27676	0.09484	0.00223	-4.27781	-22.28524	2.28211	
342.0	96	4.77583	-0.89391	12.15461	3.27333	0.05384	8.6678	9.26544	0.02408	-0.64809	-0.00507	0.64856	0.07	0.0	0.0	0.0	-0.0	-5.24964	6.6002	
343.0	11	13.1775	-0.66004	-0.016	27604.11002	612.17123	-7.51038	27610.89821	42.8523	-1931.73226	46.43679	1932.76544	0.07	4.27092	0.09472	-0.00116	-4.27197	-20.92442	2.19043	
344.0	11	13.1774	-0.66143	0.00506	27574.74253	611.4313	37.36229	27581.54582	42.75782	-1930.03206	28.00273	1930.70872	0.07	4.26512	0.09457	0.00578	-4.26618	-19.58371	2.10629	
345.0	11	13.17729	-0.66267	-0.00011	27595.19678	611.91585	26.53479	27601.99323	42.79705	-1931.40008	32.46064	1932.14687	0.07	4.26712	0.09462	0.0041	-4.26817	-18.1543	1.97533	
346.0	11	13.17723	-0.66382	-0.01218	27508.82071	610.06206	0.84727	27515.58455	42.68986	-1925.0301	47.4975	1926.08913	0.07	4.25258	0.09431	0.00013	-4.25362	-16.79445	1.92507	
347.0	11	13.17717	-0.66491	-0.01843	27476.58648	609.37776	-12.15914	27483.34575	42.66459	-1922.81007	46.03411	1923.83418	0.07	4.24657	0.09418	-0.00188	-4.24762	-15.48677	1.83783	
348.0	11	13.17708	-0.666	0.0039	27445.94873	608.5925	35.13226	27452.71791	42.57243	-1921.10713	20.79762	1921.69132	0.07	4.24099	0.09404	0.00543	-4.24203	-14.09838	1.74985	
349.0	11	13.17702	-0.66694	-0.00217	27414.2696	607.91436	22.40408	27421.0182	42.53107	-1918.84932	24.00495	1919.47072	0.07	4.23518	0.09392	0.00346	-4.23623	-12.63496	1.65449	
350.0	11	13.17692	-0.66782	0.00214	27385.31397	607.24782	31.45149	27392.06382	42.46799	-1916.74399	29.86321	1917.44697	0.07	4.22983	0.09379	0.00486	-4.23087	-11.2177	1.54783	
351.0	11	13.17684	-0.66857	-0.00156	27350.23047	606.47878	23.62885	27356.96404	42.42015	-1914.24824	31.74549	1914.98135	0.07	4.22333	0.09365	0.00365	-4.22437	-9.8537	1.42437	
352.0	11	13.17678	-0.66925	-0.00176	27318.16145	605.75441	23.43317	27324.88669	42.37135	-1912.03011	30.4378	1912.74173	0.07	4.21747	0.09352	0.00362	-4.21851	-8.45807	1.32402	
353.0	11	13.17669	-0.66984	-0.00273	27289.03481	605.09601	21.74274	27295.75122	42.32768	-1909.99905	29.95202	1910.70278	0.07	4.21199	0.09339	0.00336	-4.21302	-7.05945	1.24998	
354.0	1	4.8783	-0.75648	-12.13597	0.12803	0.0036	-0.33046	0.35441	0.0015	0.02475	0.00085	0.02481	0.07	0.0	0.0	-0.0	-0.0	-4.5769	0.44709	
354.0	11	13.1766	-0.67036	-0.00388	27253.51336	604.29431	19.42252	27260.21899	42.27404	-1907.5115	29.9808	1908.21542	0.07	4.20529	0.09324	0.003	-4.20633	-5.66486	1.14822	
355.0	1	4.89373	-0.78652	-12.13028	1.02579	0.02883	-2.63811	2.83067	0.01498	0.19742	0.00798	0.19815	0.07	0.0	0.0	-0.0	-0.0	-4.10391	0.25964	
355.0	11	13.17654	-0.67081	-0.00412	27222.66125	603.59743	18.717	27229.35852	42.22586	-1905.3494	30.11282	1906.05513	0.07	4.19934	0.09311	0.00289	-4.20037	-4.26661	1.04265	
356.0	1	4.90965	-0.80519	-12.12426	2.8393	0.0798	-7.27625	7.81101	0.10745	0.51563	0.04758	0.52885	0.06771	0.0	0.0	-0.0	-0.0	-3.62767	0.08483	
356.0	11	13.17647	-0.67115	-0.00322	27192.90562	602.9266	20.43822	27199.59659	42.17694	-1903.26674	30.16699	1903.97301	0.07	4.02922	0.08934	0.00303	-4.03021	-2.8916	0.92977	
357.0	11	13.17634	-0.67138	-0.01115	27157.30743	602.16633	2.80609	27163.98275	42.14082	-1900.68693	35.09764	1901.47798	0.07	2.77583	0.06155	0.00029	-2.77651	-1.66013	0.80766	
358.0	11	13.17622	-0.67155	-0.00691	27120.75598	601.30662	11.41432	27127.42348	42.07374	-1898.21821	29.75824	1898.91762	0.07	0.88864	0.0197	0.00037	-0.88886	-0.49656	0.71585	
359.0	11	13.17609	-0.67167	0.00359	27092.28114	600.56209	33.06575	27098.95691	42.02254	-1896.42153	13.08141	1896.93217	0.07	-1.18919	-0.02636	-0.00145	1.18948	0.66291	0.6492	
360.0	11	13.17602	-0.6716	-0.02916	27057.01897	599.84838	-34.09436	27063.68889	42.03368	-1893.4668	44.38213	1894.45325	0.07	-3.06204	-0.06788	0.00386	3.06279	1.88635	0.53875	
