Version	KoJaC2_v7r2	 	 INTERNAL 
Testrig	Axial Cycle Force Generation 
Modfile	016cccc.mod
comment	VShape GPPC ZUM
Analysis name	.a016cccc_t2600a160d
Applied torque	2600.0
Rpm	200.0
Articulation angle	16.0
Mode	Drive
Contact	cfo_ro_tu_1
Part	oroller_1
RefSystem	oroller_1.ro_ref


Angle_Rot_Spider.Last_Rot	Track	CPoint_x	CPoint_y	CPoint_z	Normal_Force_x	Normal_Force_y	Normal_Force_z	Normal_Force_mag	Friction_Force_x	Friction_Force_y	Friction_Force_z	Friction_Force_mag	Friction_Force_Mu	Friction_Torque_x	Friction_Torque_y	Friction_Torque_z	Friction_Torque_mag	Boring_Velocity	Slip_Velocity	Pos_Ball_x	Pos_Ball_y	Pos_Ball_z	
0.0	1	22.87904	-4.01039	7.89748	-21142.00987	5844.43676	-7297.52299	23117.00379	-266.54187	-1530.33397	-453.4017	1618.19027	0.07	2.44854	-0.67687	0.84515	2.67727	12.04555	1.76454	
0.0	2	23.07898	3.76595	7.89472	-4193.18809	-876.1231	-1434.31881	4517.48697	-13.81264	-250.03249	193.10785	316.22409	0.07	0.33316	0.06961	0.11396	0.35893	11.30445	2.11217	
0.0	9	-22.4246	-5.7045	-7.6458	358.27456	138.19146	122.15383	402.9629	0.64476	17.71986	-21.93738	28.2074	0.07	0.00454	0.00175	0.00155	-0.00511	-10.50687	3.27954	
0.0	10	20.039	9.1998	2.02964	-39.51293	-1469.54125	-4.13575	1470.07818	3.93386	-0.39517	102.8295	102.90548	0.07	-0.0011	-0.0408	-0.00011	-0.04081	-1.70432	2.36706	
1.0	1	22.87942	-4.01086	7.89606	-21077.09458	5826.79495	-7273.70097	23045.65428	-268.53841	-1527.11866	-445.1926	1613.19582	0.07	2.44011	-0.67457	0.84208	2.66801	16.16562	2.18626	
1.0	2	23.07857	3.76654	7.89555	-4252.82845	-888.7546	-1454.89804	4581.82964	-25.30464	-234.57149	217.26113	320.72809	0.07	0.33846	0.07073	0.11579	0.36465	17.45443	2.83156	
1.0	9	-22.42626	-5.69812	-7.64804	375.47214	144.67649	128.04903	422.26434	-12.44943	25.77098	7.38746	29.55852	0.07	0.00718	0.00277	0.00245	-0.00808	-17.08569	2.62816	
1.0	10	20.01569	9.1998	2.19461	-39.60877	-1473.19731	-4.47737	1473.73648	-16.959	0.1467	101.75793	103.16155	0.07	0.00178	0.06616	0.0002	0.06618	2.81778	3.77108	
2.0	1	22.88062	-4.0113	7.89226	-21090.01137	5830.44004	-7274.29102	23058.57585	-270.88423	-1529.09748	-440.2298	1614.10026	0.07	2.44079	-0.67477	0.84187	2.66861	19.2138	2.63834	
2.0	2	23.0787	3.76709	7.89483	-4306.75329	-900.16377	-1473.19987	4639.90695	-31.53627	-226.52989	230.60886	324.79343	0.07	0.34351	0.0718	0.1175	0.37008	24.47789	3.56465	
2.0	9	-22.42879	-5.69035	-7.64929	445.46129	171.43357	151.92811	500.90656	-14.80783	12.62992	29.16591	35.06332	0.07	0.00997	0.00384	0.0034	-0.01121	-25.18018	8.68325	
2.0	10	19.98446	9.1998	2.4168	-39.9045	-1484.71454	-4.96156	1485.25898	-30.31328	0.48239	99.45023	103.96863	0.07	0.00312	0.116	0.00039	0.11605	11.69189	5.56958	
3.0	1	22.88266	-4.01171	7.88607	-21056.61818	5821.02654	-7256.45393	23020.027	-265.191	-1523.60235	-452.68725	1611.40192	0.07	2.43605	-0.67344	0.8395	2.66319	23.62953	2.92179	
3.0	2	23.07936	3.7677	7.89253	-4368.44125	-913.19535	-1493.82028	4706.24093	-39.27461	-215.14326	246.37278	329.43689	0.07	0.34936	0.07303	0.11947	0.37638	30.31098	4.20478	
3.0	9	-22.43196	-5.68172	-7.64946	469.94444	180.61236	160.26019	528.3483	-15.16002	11.21501	31.81575	36.98438	0.07	0.01081	0.00415	0.00369	-0.01215	-31.23598	10.88348	
3.0	10	19.94346	9.19977	2.6952	-39.92425	-1486.63829	-5.53155	1487.18457	-32.20703	0.49659	98.99436	104.10295	0.07	0.00314	0.11694	0.00044	0.11698	14.84436	6.9388	
4.0	1	22.8855	-4.01213	7.87759	-21028.15776	5812.73177	-7237.97657	22986.07348	-260.43897	-1518.78118	-463.0736	1609.02514	0.07	2.4319	-0.67224	0.83707	2.65834	27.29196	3.10312	
4.0	2	23.08047	3.76859	7.88871	-4424.85384	-925.18341	-1512.30401	4766.79759	-47.00968	-202.19371	261.24194	333.67583	0.07	0.35498	0.07422	0.12132	0.38241	36.676	4.80222	
4.0	9	-22.4352	-5.67401	-7.64839	494.47834	189.81307	168.57875	555.83866	-15.15871	8.59258	34.78889	38.90868	0.07	0.01166	0.00448	0.00398	-0.01311	-38.24774	15.439	
4.0	10	19.89038	9.1997	3.02787	-39.97369	-1490.64888	-6.22149	1491.19774	-35.37552	0.53876	98.20524	104.38384	0.07	0.00317	0.11804	0.00049	0.11808	20.87178	8.53811	
5.0	1	22.88917	-4.01255	7.86673	-20997.30073	5803.516	-7216.26879	22948.68125	-253.79522	-1512.51827	-477.93526	1606.40768	0.07	2.42728	-0.67088	0.8342	2.65286	30.92888	3.14002	
5.0	2	23.08205	3.76982	7.88327	-4474.84396	-935.90792	-1528.23257	4820.3368	-55.6519	-185.30707	276.43955	337.42357	0.07	0.3602	0.07534	0.12301	0.38801	43.0126	5.34934	
5.0	9	-22.43851	-5.66743	-7.64587	506.75166	194.32181	172.68211	569.54132	-14.91734	6.56952	36.38353	39.86787	0.07	0.01222	0.00469	0.00416	-0.01373	-45.22812	20.04027	
5.0	10	19.82293	9.1997	3.41255	-40.19458	-1502.35635	-7.05767	1502.91052	-37.39826	0.53864	98.3306	105.20374	0.07	0.0032	0.11971	0.00056	0.11975	26.89193	10.14188	
6.0	1	22.89355	-4.01291	7.85356	-20957.71873	5791.60187	-7189.27031	22900.96579	-246.61777	-1505.11838	-493.58287	1603.0676	0.07	2.42164	-0.66921	0.83071	2.64618	34.5976	3.05672	
6.0	2	23.0841	3.7713	7.87631	-4527.14002	-947.1691	-1544.59656	4876.25928	-64.7966	-165.51059	291.40929	341.33815	0.07	0.3657	0.07651	0.12477	0.3939	49.13146	5.86873	
6.0	9	-22.44185	-5.66189	-7.64217	513.42065	196.70199	174.84264	576.94227	-14.68696	5.21843	37.257	40.38593	0.07	0.01261	0.00483	0.0043	-0.01417	-51.9111	24.24917	
6.0	10	19.73792	9.19964	3.84838	-40.42493	-1516.01609	-8.02098	1516.57618	-38.23837	0.49567	99.03332	106.16033	0.07	0.00324	0.12154	0.00064	0.12159	32.35346	11.69022	
7.0	1	22.89862	-4.01332	7.83828	-20597.46079	5690.5556	-7050.41143	22502.1358	-210.45298	-1456.75568	-560.95338	1575.1496	0.07	2.37817	-0.65703	0.81404	2.59809	32.04418	3.17938	
7.0	2	23.08628	3.77453	7.8679	-4717.18577	-987.76739	-1607.58003	5080.53536	-69.53227	-166.61143	306.40465	355.63734	0.07	0.38273	0.08014	0.13043	0.41221	60.62533	6.30847	
7.0	9	-22.44407	-5.6607	-7.63697	226.30596	86.67715	77.00658	254.27805	-5.82618	0.27043	16.8175	17.80017	0.07	0.00558	0.00214	0.0019	-0.00627	-67.74829	49.7742	
7.0	10	19.62837	9.1996	4.33273	-55.9839	-2109.91499	-12.55119	2110.69491	-63.92202	0.9037	133.20399	147.75028	0.07	0.00454	0.17097	0.00102	0.17103	63.72481	15.11681	
8.0	1	22.90454	-4.01385	7.82041	-20021.08589	5528.28055	-6835.73955	21866.25485	-160.21064	-1378.53297	-645.62523	1530.63795	0.07	2.30662	-0.63691	0.78754	2.5192	40.26234	2.86278	
8.0	2	23.08774	3.78503	7.85714	-5212.28932	-1094.69625	-1773.79741	5613.61533	-87.63004	-152.28808	351.48451	392.95298	0.07	0.42628	0.08953	0.14507	0.45911	62.4605	6.68019	
8.0	10	19.48191	9.19954	4.85972	-73.23452	-2782.98058	-18.52162	2784.00561	-86.23205	1.10612	174.76148	194.88141	0.07	0.00609	0.2315	0.00154	0.23159	49.40823	15.02998	
9.0	1	22.91104	-4.01236	7.80237	-19210.05052	5296.39881	-6541.81323	20973.15431	-115.2777	-1284.53288	-701.4734	1468.12077	0.07	1.93626	-0.53385	0.65938	2.11398	3.25913	0.79484	
9.0	2	23.08781	3.80942	7.84191	-6102.96675	-1290.82117	-2072.93394	6573.39163	-109.26558	-156.03682	418.85553	460.13738	0.07	0.50757	0.10735	0.1724	0.54669	26.95847	1.91144	
9.0	10	19.36878	9.19954	5.15998	-90.17988	-3467.48215	-24.33796	3468.74001	-183.22131	3.64703	159.29311	242.81195	0.07	0.0078	0.29997	0.00211	0.30008	52.74137	8.5436	
10.0	1	22.91836	-4.00879	7.78354	-18463.53066	5078.44557	-6270.39352	20149.69997	-63.19423	-1180.20882	-769.78224	1410.47903	0.07	1.22267	-0.3363	0.41523	1.33433	1.91634	0.71961	
10.0	2	23.0864	3.84648	7.82288	-6969.23721	-1489.86326	-2361.52559	7507.78016	-134.19429	-144.44739	487.15911	525.54463	0.07	0.5941	0.12701	0.20131	0.64001	27.01752	1.76253	
10.0	10	19.28464	9.1995	5.29153	-106.28088	-4145.8257	-29.53763	4147.29296	-237.10807	4.88546	167.4397	290.31045	0.07	0.00967	0.37708	0.00269	0.37721	55.68552	9.23022	
11.0	1	22.92673	-4.00402	7.76255	-18383.33824	5042.73333	-6224.18042	20052.84783	-67.4905	-1180.23681	-756.87376	1403.69932	0.07	0.44861	-0.12306	0.15189	0.48936	0.67781	1.01372	
11.0	2	23.08625	3.87985	7.80195	-7113.8804	-1535.26178	-2404.07504	7664.45692	-115.29363	-214.42177	478.096	536.51197	0.07	0.6216	0.13415	0.21007	0.66971	29.1104	1.77676	
11.0	10	19.19455	9.1995	5.42491	-101.85614	-4032.72337	-29.15177	4034.11481	-209.84996	3.93461	188.91936	282.38805	0.07	0.00975	0.38592	0.00279	0.38606	62.91193	9.20689	
12.0	1	22.93561	-3.9997	7.73968	-18326.44737	5015.3355	-6184.30088	19981.4374	-69.34865	-1178.4564	-750.19634	1398.70056	0.07	-0.33558	0.09184	-0.11324	-0.36588	-0.51013	1.21315	
12.0	2	23.08995	3.89704	7.78004	-7226.82349	-1566.9327	-2435.03571	7785.34872	-102.04545	-258.15523	468.97725	544.97436	0.07	0.64307	0.13943	0.21668	0.69277	31.65813	1.86234	
12.0	10	19.10608	9.1995	5.56728	-98.21436	-3935.50046	-28.97234	3936.8324	-181.75455	3.01108	207.12226	275.57833	0.07	0.00981	0.39311	0.00289	0.39325	71.11072	9.51669	
13.0	1	22.94493	-3.99598	7.71504	-18276.7629	4991.53742	-6145.37123	19917.85871	-80.25753	-1187.63542	-725.95758	1394.25018	0.07	-1.10324	0.3013	-0.37095	-1.2023	-1.86228	1.25249	
13.0	2	23.09556	3.90768	7.75668	-7319.70782	-1591.4058	-2458.39721	7883.80693	-93.1378	-286.19377	462.5745	551.86655	0.07	0.66065	0.14363	0.22189	0.71156	31.45732	1.8163	
13.0	10	19.01966	9.1995	5.71342	-94.97843	-3843.75795	-28.87683	3845.03965	-160.14684	2.33212	216.31205	269.15303	0.07	0.00984	0.39832	0.00299	0.39846	73.62901	9.32586	
14.0	1	22.95476	-3.99287	7.68839	-18220.4527	4967.3173	-6102.55518	19846.92212	-79.69164	-1182.62049	-724.68552	1389.28437	0.07	-1.90877	0.52037	-0.6393	-2.07916	-3.67049	1.28511	
14.0	2	23.10242	3.91446	7.7319	-7414.73222	-1614.6153	-2481.55395	7983.94304	-92.6533	-292.4715	467.13808	558.87583	0.07	0.67679	0.14738	0.22651	0.72875	34.33986	1.88171	
14.0	10	18.93476	9.19945	5.86265	-93.13963	-3800.83366	-29.18056	3802.08666	-139.41559	1.67589	226.70298	266.14611	0.07	0.00997	0.40668	0.00312	0.40682	83.98814	10.09707	
15.0	1	22.96504	-3.98975	7.65978	-18109.32461	4928.69668	-6040.11206	19716.05038	-101.15404	-1199.32819	-675.3672	1380.12358	0.07	-2.03914	0.55498	-0.68013	-2.22006	-11.56071	0.8879	
15.0	2	23.11036	3.91879	7.70509	-7558.00703	-1647.21856	-2519.78032	8135.48352	-63.491	-367.29929	430.54849	569.48387	0.07	0.69644	0.15179	0.23219	0.74966	27.50881	1.02323	
15.0	10	18.86273	9.19946	5.97956	-88.5301	-3637.86998	-28.39177	3639.0578	-134.47881	1.58422	216.33856	254.73405	0.07	0.00974	0.4001	0.00312	0.40023	86.33323	8.80584	
16.0	1	22.9758	-3.98667	7.6297	-18012.87773	4894.36851	-5981.54793	19600.95719	-115.56642	-1207.94465	-640.37646	1372.06701	0.07	-2.02532	0.55031	-0.67255	-2.20388	-15.67369	0.68273	
16.0	2	23.11945	3.92174	7.67573	-7681.47374	-1674.84045	-2550.17972	8265.2009	-44.03622	-412.34149	403.44973	578.56406	0.07	0.71397	0.15567	0.23703	0.76823	25.91628	0.69485	
16.0	10	18.81381	9.19946	6.03708	-85.11877	-3518.10716	-27.62966	3519.24517	-124.50586	1.34297	212.5639	246.34716	0.07	0.00958	0.39592	0.00311	0.39604	91.92409	8.69624	
17.0	1	22.98703	-3.98389	7.59798	-17914.72624	4860.10219	-5921.2713	19483.82569	-126.90337	-1212.56872	-611.31614	1363.86759	0.07	-2.01162	0.54573	-0.66489	-2.18781	-17.45014	0.49135	
17.0	2	23.12944	3.92415	7.64398	-7812.71525	-1703.86551	-2582.0452	8402.89442	-26.176	-450.93401	376.76974	588.20243	0.07	0.73172	0.15958	0.24183	0.787	23.63411	0.4464	
17.0	10	18.77668	9.19946	6.07047	-82.22665	-3416.07817	-26.89049	3417.17345	-118.26052	1.2099	207.91967	239.20201	0.07	0.00943	0.39187	0.00308	0.392	90.82935	8.22592	
18.0	1	22.99873	-3.98148	7.56451	-17813.44751	4825.48535	-5858.75819	19363.09037	-137.67725	-1215.91966	-582.87029	1355.41633	0.07	-1.99786	0.5412	-0.65709	-2.17166	-21.92413	0.28976	
18.0	2	23.14	3.92651	7.61055	-7942.64985	-1732.53764	-2612.30801	8538.82465	-13.904	-477.64856	359.06129	597.71773	0.07	0.74875	0.16332	0.24626	0.80495	24.74778	0.22776	
18.0	10	18.75145	9.19946	6.08542	-79.5928	-3322.289	-26.12836	3323.34499	-108.91141	0.99255	205.56257	232.63415	0.07	0.00926	0.3867	0.00304	0.38682	103.20363	8.94613	
19.0	1	23.01091	-3.97999	7.5289	-17594.82314	4760.07874	-5756.56398	19114.7634	-137.75515	-1190.43713	-563.32162	1324.17834	0.06928	-1.97011	0.53299	-0.64457	-2.1403	-24.35924	0.09157	
19.0	2	23.15112	3.92959	7.57495	-7972.62747	-1739.71516	-2608.63307	8567.05107	-8.9181	-476.05235	344.73846	587.835	0.06862	0.75543	0.16484	0.24717	0.81175	24.92688	0.08829	
19.0	10	18.73456	9.19946	6.08597	-77.74816	-3260.03752	-25.54911	3261.06457	-101.21206	0.81026	204.6087	228.27453	0.07	0.00916	0.38388	0.00301	0.384	108.9866	9.23218	
20.0	1	23.0235	-3.9789	7.49105	-17511.94754	4732.01755	-5697.82946	19013.82543	-142.41517	-1186.74903	-547.88411	1314.85069	0.06915	-1.95728	0.52889	-0.63684	-2.12514	-26.64048	0.09088	
20.0	2	23.1627	3.93278	7.53722	-8058.72792	-1759.1753	-2622.42676	8655.34029	-6.5347	-457.78486	327.17221	562.71782	0.06501	0.76686	0.1674	0.24955	0.82364	27.04224	0.07734	
20.0	10	18.72135	9.19946	6.08242	-76.80373	-3233.88375	-25.24341	3234.89415	-93.98471	0.62396	206.01634	226.44259	0.07	0.00913	0.38454	0.003	0.38466	118.7031	10.02009	
21.0	1	23.03656	-3.97763	7.45155	-17445.82195	4708.48735	-5643.12853	18930.70142	-153.09523	-1200.71823	-528.55336	1320.80698	0.06977	-1.94703	0.52549	-0.6298	-2.11275	-26.89085	0.09529	
21.0	2	23.175	3.93512	7.4975	-8149.83693	-1779.2706	-2636.74997	8748.60539	-8.51408	-417.32759	307.92721	518.70413	0.05929	0.77876	0.17002	0.25195	0.83597	27.21167	0.06609	
21.0	10	18.71005	9.19946	6.07871	-76.15429	-3218.38774	-25.03098	3219.38591	-89.81719	0.51779	206.68428	225.35703	0.07	0.00913	0.38591	0.003	0.38603	119.63699	10.09302	
22.0	1	23.05037	-3.97566	7.41029	-17574.92337	4737.05124	-5649.77612	19058.79209	-161.50616	-1218.32413	-519.10118	1334.11542	0.07	-1.96001	0.52829	-0.63008	-2.1255	-29.80987	0.16703	
22.0	2	23.18809	3.936	7.45632	-8370.03717	-1826.73909	-2691.46348	8979.89274	-5.34211	-414.32618	297.8229	510.28737	0.05683	0.80327	0.17531	0.2583	0.8618	30.32944	0.0621	
22.0	10	18.69992	9.19946	6.07599	-75.68417	-3208.71534	-24.87986	3209.70423	-85.46111	0.4046	207.79085	224.67933	0.07	0.00914	0.38754	0.003	0.38766	133.02346	11.22767	
23.0	1	23.0651	-3.97293	7.36677	-17684.17539	4759.5038	-5647.86625	19164.58527	-167.99006	-1229.37143	-510.00362	1341.52096	0.07	-1.97231	0.53083	-0.6299	-2.13742	-29.93593	0.19788	
23.0	2	23.20213	3.93564	7.41301	-8570.57909	-1869.16634	-2738.21226	9189.47306	-4.65782	-400.76937	288.15327	493.62951	0.05372	0.82652	0.18026	0.26406	0.8862	30.52792	0.05749	
23.0	10	18.69061	9.19946	6.07428	-75.58052	-3213.11248	-24.8519	3214.09736	-82.98145	0.33445	209.12446	224.98683	0.07	0.00919	0.39059	0.00302	0.39071	133.80766	11.30659	
24.0	1	23.08041	-3.97038	7.32078	-17618.5599	4735.05394	-5588.34823	19080.46186	-174.32599	-1229.3876	-492.06734	1335.63232	0.07	-1.96473	0.52803	-0.62318	-2.12775	-31.78839	0.15345	
24.0	2	23.21697	3.93513	7.36687	-8647.98559	-1884.57655	-2744.22743	9266.61036	-9.30705	-343.76136	265.40507	434.39423	0.04688	0.83763	0.18254	0.2658	0.89755	32.05625	0.04843	
24.0	10	18.68235	9.19946	6.07168	-75.78951	-3230.25474	-24.92164	3231.23983	-78.84308	0.21425	212.00042	226.18677	0.07	0.00927	0.39493	0.00305	0.39505	141.35716	11.92925	
25.0	1	23.096	-3.96808	7.27299	-17563.12587	4713.60686	-5530.70217	19007.10778	-182.2903	-1231.14995	-470.38683	1330.49755	0.07	-1.95842	0.5256	-0.61672	-2.11944	-33.20347	0.13828	
25.0	2	23.23199	3.93469	7.31932	-8730.36594	-1901.05659	-2750.66928	9348.76928	-14.45027	-282.28371	240.95717	371.4206	0.03973	0.849	0.18487	0.26749	0.90913	33.29047	0.03997	
25.0	10	18.67496	9.19946	6.06803	-76.14919	-3253.56601	-25.03549	3254.55331	-76.02998	0.12696	214.75752	227.81872	0.07	0.00936	0.39994	0.00308	0.40006	147.28668	12.42938	
26.0	1	23.11207	-3.96594	7.22356	-17517.66764	4694.92994	-5474.76823	18944.23749	-189.24935	-1232.46958	-451.3709	1326.09663	0.07	-1.95302	0.52343	-0.61038	-2.11207	-35.19252	0.1136	
26.0	2	23.24752	3.93444	7.26999	-8821.59957	-1919.48777	-2758.67421	9440.09193	-19.80463	-219.63349	216.15175	308.79228	0.03271	0.86112	0.18737	0.26929	0.92149	35.05965	0.03227	
26.0	10	18.66828	9.19947	6.06332	-76.59141	-3280.35027	-25.17114	3281.34084	-72.96237	0.03234	217.79752	229.69385	0.07	0.00946	0.40529	0.00311	0.40542	155.67264	13.1377	
27.0	1	23.1289	-3.96403	7.17153	-17483.94605	4679.54367	-5421.05895	18893.7656	-184.57382	-1189.2997	-431.33661	1278.4962	0.06767	-1.94842	0.52149	-0.60413	-2.10553	-35.52877	0.0847	
27.0	2	23.26378	3.93453	7.21808	-8920.72104	-1939.74199	-2767.86599	9539.54638	-18.21817	-196.13926	196.17235	278.00378	0.02914	0.87386	0.19001	0.27113	0.93448	35.23315	0.02853	
27.0	10	18.66229	9.19947	6.05739	-77.19341	-3314.0808	-25.35327	3315.07665	-70.52138	-0.04868	221.08014	232.05537	0.07	0.00958	0.41146	0.00315	0.41158	156.85412	13.24551	
28.0	1	23.14596	-3.96244	7.11724	-17441.27578	4662.05543	-5363.1476	18833.38031	-196.96548	-1207.84031	-409.4031	1290.45903	0.06852	-1.9429	0.51934	-0.59744	-2.09798	-37.91239	0.08788	
28.0	2	23.28034	3.93486	7.16393	-9021.67312	-1960.47655	-2776.30375	9640.63881	-28.24662	-114.47115	172.62154	209.04476	0.02168	0.88642	0.19263	0.27278	0.94724	37.50672	0.02096	
28.0	10	18.65675	9.19947	6.05069	-77.69839	-3343.7035	-25.4994	3344.70333	-68.06975	-0.12661	224.01557	234.1292	0.07	0.00969	0.41708	0.00318	0.4172	167.22066	14.13357	
29.0	1	23.16348	-3.96065	7.06144	-17405.43364	4646.14598	-5305.83847	18779.98175	-195.42635	-1183.72285	-395.46414	1263.2431	0.06727	-1.9383	0.5174	-0.59087	-2.09137	-40.00476	0.0834	
29.0	2	23.29739	3.93493	7.10803	-9124.46134	-1981.38706	-2783.90393	9743.29567	-30.95619	-67.1123	149.22712	166.52651	0.01709	0.89932	0.19529	0.27439	0.96032	39.48722	0.01643	
29.0	10	18.65161	9.19947	6.04348	-78.40424	-3381.93974	-25.70829	3382.94614	-65.72488	-0.20568	227.5023	236.80604	0.07	0.00982	0.42374	0.00322	0.42387	176.30594	14.91772	
30.0	1	23.1818	-3.95868	7.00315	-17405.76564	4639.62022	-5258.02742	18765.22331	-190.67749	-1134.45743	-369.82766	1208.35594	0.06439	-1.93753	0.51646	-0.5853	-2.08886	-40.49121	0.0759	
30.0	2	23.31518	3.93491	7.04981	-9257.68005	-2008.75673	-2799.3068	9878.04951	-26.00708	-51.05105	122.64264	135.36541	0.0137	0.91549	0.19865	0.27682	0.97684	39.88322	0.01313	
30.0	10	18.64677	9.19947	6.03561	-79.11069	-3420.36922	-25.91372	3421.38213	-63.55492	-0.27946	230.90982	239.49666	0.07	0.00996	0.43044	0.00326	0.43057	178.32532	15.1074	
31.0	1	23.20039	-3.95685	6.9426	-17399.17456	4631.36541	-5206.60154	18742.71913	-216.90534	-1200.03078	-342.6049	1266.68856	0.06758	-1.93631	0.51541	-0.57943	-2.08583	-40.88254	0.08442	
31.0	2	23.33323	3.93486	6.98971	-9396.74349	-2037.3191	-2814.90647	10018.64041	-43.74719	70.77392	94.81384	126.14448	0.01259	0.93208	0.20209	0.27922	0.99377	40.2168	0.01205	
31.0	10	18.64227	9.19947	6.02717	-79.64875	-3451.54169	-26.06068	3452.55892	-61.80713	-0.33782	233.64209	241.67926	0.07	0.01007	0.4362	0.00329	0.43633	179.99234	15.2692	
32.0	1	23.21945	-3.95467	6.88035	-17408.9032	4627.03758	-5158.33372	18737.3369	-232.27252	-1234.96966	-323.87224	1297.68787	0.06926	-1.93744	0.51495	-0.57407	-2.08529	-41.66029	0.09146	
32.0	2	23.35195	3.93427	6.92716	-9541.89594	-2066.79197	-2830.59449	10165.21876	-54.66174	168.35609	61.33679	187.33361	0.01843	0.94969	0.2057	0.28173	1.01173	40.9232	0.01774	
32.0	10	18.63805	9.19947	6.01825	-80.39408	-3491.73323	-26.27256	3492.75742	-60.03626	-0.40101	237.00706	244.49307	0.07	0.0102	0.44311	0.00333	0.44324	183.36498	15.57781	
33.0	1	23.23934	-3.95209	6.81563	-17439.93686	4627.86117	-5114.67888	18754.42445	-233.25617	-1203.7718	-293.84363	1260.88028	0.06723	-1.94078	0.51501	-0.56918	-2.08706	-43.16269	0.08329	
33.0	2	23.37127	3.93356	6.86262	-9705.85387	-2100.12842	-2850.08472	10331.36592	-53.47058	203.5027	32.13795	212.85041	0.0206	0.96959	0.2098	0.28472	1.03208	42.30142	0.01988	
33.0	10	18.63401	9.19947	6.0087	-81.26516	-3537.65521	-26.52195	3538.68786	-57.52733	-0.48481	240.9351	247.70819	0.07	0.01035	0.45077	0.00338	0.4509	189.85569	16.15502	
34.0	1	23.25934	-3.94973	6.74866	-17445.05815	4621.97152	-5061.73079	18743.36664	-258.29947	-1252.75316	-253.69586	1304.02097	0.06957	-1.94168	0.51444	-0.56338	-2.08619	-46.86998	0.09355	
34.0	2	23.39076	3.93261	6.79631	-9859.57342	-2131.02352	-2864.72302	10486.13787	-67.05425	317.47914	-5.38594	324.52778	0.03095	0.98842	0.21364	0.28719	1.05124	45.83943	0.03041	
34.0	10	18.63021	9.19947	5.9985	-81.99043	-3577.44941	-26.72008	3578.4886	-54.76479	-0.57055	244.434	250.49448	0.07	0.01049	0.45766	0.00342	0.4578	206.05301	17.56482	
35.0	1	23.2799	-3.94692	6.68	-17453.66008	4616.43656	-5008.02838	18735.58339	-253.19652	-1218.63563	-240.92278	1267.7638	0.06767	-1.94299	0.51391	-0.55751	-2.08569	-47.62348	0.0847	
35.0	2	23.41109	3.93137	6.72698	-10012.02528	-2161.33581	-2877.06249	10639.05594	-68.26573	360.50518	-33.2612	368.41621	0.03463	1.00756	0.21751	0.28953	1.07066	46.51185	0.03433	
35.0	10	18.6265	9.19947	5.9877	-82.96498	-3628.49528	-26.99579	3629.54404	-52.36935	-0.65224	248.61126	254.06797	0.07	0.01066	0.46607	0.00347	0.46621	209.34569	17.88109	
36.0	1	23.30092	-3.94427	6.60891	-17469.10409	4612.77277	-4954.73025	18734.90385	-252.23722	-1176.18564	-205.68604	1220.38643	0.06514	-1.94469	0.5135	-0.55157	-2.0856	-47.09042	0.07764	
36.0	2	23.43153	3.93035	6.65655	-10179.49389	-2194.90527	-2891.83522	10807.51664	-65.97801	391.1306	-64.62049	401.88562	0.03719	1.02815	0.22169	0.29208	1.09158	45.91262	0.03712	
36.0	10	18.62288	9.19947	5.97621	-83.82976	-3675.2658	-27.23154	3676.32257	-50.00209	-0.7299	252.43733	257.34285	0.07	0.01081	0.47399	0.00351	0.47413	206.94156	17.71151	
37.0	1	23.32207	-3.94172	6.53584	-17476.16987	4606.91318	-4897.36109	18724.96483	-269.53505	-1217.38762	-183.35564	1260.27817	0.0673	-1.94603	0.513	-0.54534	-2.08509	-50.06619	0.08352	
37.0	2	23.45235	3.92892	6.58334	-10331.92337	-2224.89606	-2900.33315	10959.50434	-83.07418	512.44451	-97.16804	528.14991	0.04819	1.04759	0.22559	0.29407	1.11122	48.74768	0.05008	
37.0	10	18.61937	9.19947	5.96408	-84.89395	-3731.2209	-27.52802	3732.28806	-47.49614	-0.81474	256.90534	261.26022	0.07	0.01099	0.48316	0.00356	0.4833	219.99987	18.87224	
38.0	1	23.34401	-3.93862	6.46045	-17509.93267	4607.42233	-4845.71617	18743.18671	-257.5528	-1141.47224	-154.67526	1180.34604	0.06297	-1.94987	0.51307	-0.53961	-2.0872	-51.27638	0.07288	
38.0	2	23.4738	3.92738	6.50801	-10510.58457	-2260.31677	-2914.11089	11138.82679	-76.0225	521.69684	-130.45462	543.10719	0.04876	1.06986	0.23008	0.29662	1.13381	49.84802	0.05081	
38.0	10	18.61586	9.19947	5.95132	-86.11676	-3794.82359	-27.87167	3795.90292	-44.66789	-0.91013	261.93021	265.71317	0.07	0.0112	0.49343	0.00362	0.49357	225.29498	19.37546	
39.0	1	23.36587	-3.936	6.3828	-17471.50137	4589.37355	-4772.62608	18684.04853	-264.04323	-1115.6102	-106.1722	1151.33726	0.06162	-1.94603	0.51118	-0.53159	-2.08109	-51.31281	0.07024	
39.0	2	23.49525	3.92585	6.43096	-10645.60367	-2286.2581	-2913.80232	11271.47273	-77.94824	579.22888	-169.69603	608.58751	0.05399	1.08794	0.23365	0.29778	1.1519	49.78536	0.05789	
39.0	10	18.61246	9.19947	5.93788	-86.88052	-3838.70528	-28.06223	3839.79087	-41.73667	-0.99645	265.52365	268.7857	0.07	0.01134	0.50119	0.00366	0.50133	225.37456	19.43059	
40.0	1	23.38829	-3.93304	6.30323	-17434.83695	4571.36893	-4698.63666	18626.54396	-224.57411	-924.66903	-66.31504	953.85744	0.05121	-1.94173	0.50912	-0.52329	-2.07445	-53.90167	0.05403	
40.0	2	23.5173	3.92469	6.35097	-10772.1017	-2310.507	-2909.21785	11394.74292	-51.33845	490.55002	-199.50251	532.04907	0.04669	1.10492	0.23699	0.2984	1.16878	52.23912	0.0482	
40.0	10	18.60913	9.19947	5.92381	-87.97748	-3897.8705	-28.35588	3898.96634	-37.47288	-1.12086	270.34073	272.9278	0.07	0.01153	0.51102	0.00372	0.51117	236.76112	20.48296	
41.0	1	23.41072	-3.93086	6.22132	-17375.99393	4548.29379	-4617.52019	18545.4478	-208.76074	-805.68598	-8.02836	832.3313	0.04488	-1.93467	0.50641	-0.51412	-2.06487	-55.61024	0.04598	
41.0	2	23.53928	3.92413	6.26946	-10897.3615	-2334.80406	-2902.44518	11516.42243	-39.31154	467.15303	-228.19337	521.39195	0.04527	1.12145	0.24028	0.29869	1.18516	53.82351	0.04646	
41.0	10	18.60591	9.19947	5.9091	-88.84629	-3947.39423	-28.57139	3948.49734	-33.48309	-1.23218	274.35639	276.39476	0.07	0.0117	0.51965	0.00376	0.5198	244.21781	21.20002	
42.0	1	23.43353	-3.92857	6.1373	-17341.0523	4531.34614	-4541.50321	18489.73889	-182.21233	-661.67465	35.55578	687.22551	0.03717	-1.92997	0.50432	-0.50545	-2.05781	-56.82429	0.0371	
42.0	2	23.56158	3.92376	6.18536	-11009.9015	-2356.42123	-2890.38357	11624.32661	-27.17292	421.60506	-240.21308	485.99538	0.04181	1.1367	0.24328	0.29841	1.20013	54.95952	0.04235	
42.0	10	18.6028	9.19947	5.89379	-89.77037	-3999.85158	-28.80023	4000.96249	-29.40733	-1.3454	278.51594	280.06737	0.07	0.01187	0.52873	0.00381	0.52888	249.57408	21.7459	
43.0	1	23.45644	-3.92676	6.05094	-17290.1272	4510.6946	-4460.09801	18417.03936	-156.8738	-540.84959	61.15575	566.45185	0.03076	-1.92316	0.50172	-0.49609	-2.04851	-58.12181	0.03021	
43.0	2	23.58406	3.92374	6.09917	-11122.81487	-2378.30156	-2876.57848	11732.34984	-16.98353	389.3956	-256.27512	466.47006	0.03976	1.15158	0.24623	0.29782	1.21469	56.1885	0.04	
43.0	10	18.59989	9.19947	5.87806	-90.31971	-4035.78403	-28.90546	4036.89806	-24.82153	-1.46059	281.48682	282.58286	0.07	0.01199	0.53562	0.00384	0.53577	255.30389	22.33608	
44.0	1	23.47958	-3.92491	5.96244	-17242.86031	4490.99368	-4378.59117	18348.2238	-139.37972	-440.33344	97.23913	471.99121	0.02572	-1.9168	0.49924	-0.48675	-2.03968	-59.53324	0.02502	
44.0	2	23.60662	3.92382	6.01103	-11233.35525	-2399.68149	-2860.35723	11837.58358	-9.67011	386.97371	-286.67254	481.68798	0.04069	1.16643	0.24917	0.29701	1.22917	57.4974	0.04106	
44.0	10	18.59722	9.19947	5.86183	-91.22488	-4087.79601	-29.12055	4088.91749	-20.6552	-1.5727	285.47361	286.2242	0.07	0.01216	0.54467	0.00388	0.54482	261.46819	22.96418	
45.0	1	23.50267	-3.92331	5.87235	-17156.61722	4461.35451	-4286.57218	18238.08925	-132.8651	-314.78342	204.16201	398.02496	0.02182	-1.90565	0.49554	-0.47613	-2.02577	-64.33919	0.0211	
45.0	2	23.62937	3.92432	5.92084	-11386.52507	-2430.38952	-2853.17279	11987.50772	17.19546	368.65089	-382.64831	531.61912	0.04435	1.18535	0.25301	0.29702	1.24792	61.97639	0.04534	
45.0	10	18.5945	9.19947	5.84462	-92.49551	-4157.12623	-29.44577	4158.25936	-16.1017	-1.70031	290.62667	291.07734	0.07	0.01237	0.55615	0.00394	0.5563	282.28898	24.89089	
46.0	1	23.52612	-3.92159	5.77949	-17092.20791	4437.30926	-4198.85985	18151.13519	-114.15457	-212.55396	240.06183	340.35296	0.01875	-1.89697	0.49247	-0.46601	-2.01449	-63.35389	0.01805	
46.0	2	23.65225	3.92461	5.82842	-11500.86141	-2452.62085	-2833.98712	12096.14175	27.10191	364.8008	-425.69473	561.27546	0.0464	1.20056	0.25603	0.29584	1.2627	60.9371	0.04784	
46.0	10	18.59206	9.19947	5.82641	-93.36551	-4208.92279	-29.63617	4210.06253	-11.9936	-1.80728	294.4546	294.7043	0.07	0.01254	0.56535	0.00398	0.5655	277.84917	24.59556	
47.0	1	23.54947	-3.92019	5.68492	-17020.77326	4411.7889	-4108.65987	18056.90144	-106.6706	-140.8659	290.64111	340.13831	0.01884	-1.88737	0.48921	-0.45559	-2.00226	-63.90883	0.01814	
47.0	2	23.67538	3.92523	5.73332	-11623.55292	-2476.80951	-2814.96728	12213.33733	31.49034	379.10168	-463.59056	599.6882	0.0491	1.21634	0.25919	0.29457	1.27806	61.39208	0.05125	
47.0	10	18.58989	9.19947	5.8075	-93.85439	-4243.73721	-29.70033	4244.87883	-7.23138	-1.91899	297.04715	297.14136	0.07	0.01266	0.57228	0.00401	0.57244	280.17156	24.91285	
48.0	1	23.57316	-3.91859	5.58776	-16965.13382	4390.23133	-4021.39238	17979.47422	-93.17688	-49.38407	339.17376	355.18947	0.01976	-1.87941	0.48635	-0.44549	-1.99178	-65.0009	0.01904	
48.0	2	23.69836	3.92575	5.63687	-11731.89669	-2497.82829	-2790.51079	12315.17343	38.27028	387.86488	-508.08006	640.35079	0.052	1.23074	0.26204	0.29274	1.29193	62.35445	0.0551	
48.0	10	18.58803	9.19947	5.78781	-94.80437	-4299.64265	-29.90458	4300.79168	-2.67393	-2.03479	301.03669	301.05544	0.07	0.01283	0.58204	0.00405	0.5822	284.84026	25.44006	
49.0	1	23.59658	-3.91731	5.48899	-16877.09335	4360.65833	-3925.74159	17867.93407	-91.29702	-0.40879	392.03949	402.52984	0.02253	-1.86794	0.48263	-0.4345	-1.9776	-66.3299	0.0218	
49.0	2	23.7216	3.92654	5.53752	-11855.66189	-2522.27883	-2767.78705	12432.99057	40.38156	424.18211	-559.52846	703.30167	0.05657	1.24661	0.26521	0.29103	1.30731	63.53087	0.06171	
49.0	10	18.58644	9.19948	5.76728	-95.26805	-4333.78882	-29.94921	4334.93928	2.31588	-2.1478	303.4293	303.44573	0.07	0.01295	0.58889	0.00407	0.58904	290.50025	26.0696	
50.0	1	23.62043	-3.9157	5.38771	-16832.35087	4342.0156	-3839.34551	17802.29505	-65.82453	133.28346	439.31978	463.7879	0.02605	-1.86112	0.48009	-0.42451	-1.96836	-67.75936	0.02535	
50.0	2	23.74475	3.92733	5.43697	-11978.79892	-2546.53094	-2742.83018	12549.8829	55.51065	382.56864	-597.62132	711.75237	0.05671	1.26245	0.26838	0.28907	1.32264	64.83751	0.06193	
50.0	10	18.58524	9.19948	5.74586	-95.98982	-4379.82913	-30.06842	4380.98406	7.51643	-2.26939	306.56833	306.66885	0.07	0.01309	0.59734	0.0041	0.5975	296.69081	26.76367	
51.0	1	23.64389	-3.91444	5.28454	-16734.02612	4309.99838	-3740.0594	17680.26472	-70.50584	144.03597	481.44724	507.45333	0.0287	-1.84853	0.47611	-0.41315	-1.95306	-69.79003	0.02807	
51.0	2	23.76801	3.92789	5.33353	-12090.38681	-2568.18417	-2713.22863	12654.43135	49.45321	458.74252	-654.58682	800.85844	0.06329	1.27697	0.27125	0.28657	1.33655	66.66573	0.07352	
51.0	10	18.58451	9.19948	5.72375	-96.49879	-4416.02707	-30.11495	4417.18395	12.50715	-2.38011	308.94017	309.2024	0.07	0.01321	0.60439	0.00412	0.60454	305.38902	27.682	
52.0	1	23.66756	-3.91305	5.17961	-16681.81646	4289.76955	-3650.56897	17607.15131	-42.44478	296.51364	542.38974	619.60352	0.03519	-1.84084	0.47338	-0.40284	-1.94295	-69.34905	0.03494	
52.0	2	23.79126	3.92884	5.2287	-12227.54276	-2595.46154	-2687.34564	12785.57974	69.69632	392.13396	-695.84772	801.76721	0.06271	1.29428	0.27473	0.28445	1.35335	66.141	0.07234	
52.0	10	18.584	9.1995	5.70043	-97.08652	-4456.38987	-30.17852	4457.54947	17.91966	-2.49989	311.50379	312.02881	0.07	0.01333	0.61207	0.00414	0.61223	303.28585	27.64113	
53.0	1	23.69111	-3.91165	5.07205	-16608.20458	4264.15927	-3555.70955	17511.66994	-48.47975	311.07483	599.49615	677.13623	0.03867	-1.83098	0.4701	-0.392	-1.93058	-71.10973	0.03877	
53.0	2	23.8142	3.9297	5.12163	-12325.12222	-2614.27777	-2650.73032	12875.14883	61.82302	468.40565	-749.42319	885.92385	0.06881	1.30727	0.27728	0.28115	1.36561	67.61996	0.08915	
53.0	10	18.58406	9.1995	5.67589	-97.76646	-4500.97396	-30.26204	4502.13735	22.79473	-2.6084	314.31368	315.14996	0.07	0.01347	0.62028	0.00417	0.62044	310.5969	28.4363	
54.0	1	23.71447	-3.91039	4.96323	-16541.06193	4240.38347	-3461.6104	17423.26973	-27.81714	420.95462	648.58081	773.71419	0.04441	-1.8217	0.467	-0.38123	-1.91886	-71.54418	0.04541	
54.0	2	23.83731	3.93074	5.01217	-12456.32162	-2640.31757	-2619.29169	12999.689	74.88491	435.73358	-795.35454	909.97821	0.07	1.32394	0.28063	0.27839	1.38169	67.69884	0.11005	
54.0	10	18.58446	9.1995	5.65009	-98.06068	-4528.1936	-30.21762	4529.35605	28.0791	-2.71547	315.79947	317.05696	0.07	0.01356	0.62614	0.00418	0.6263	311.79617	28.67504	
55.0	1	23.73801	-3.90885	4.85164	-16502.23849	4223.6671	-3372.7926	17364.87745	5.48908	588.43327	710.02414	922.18118	0.05311	-1.81569	0.46472	-0.3711	-1.9106	-74.21888	0.05663	
55.0	2	23.86014	3.93135	4.90142	-12590.317	-2666.62289	-2586.25104	13126.90574	98.19358	353.46779	-842.47567	918.88341	0.07	1.34114	0.28405	0.27549	1.3983	69.24851	0.17921	
55.0	10	18.58663	9.1995	5.61871	-98.68072	-4570.89472	-30.23991	4572.05981	33.00562	-2.81852	318.32553	320.04446	0.07	0.01369	0.63408	0.00419	0.63425	321.33327	29.5939	
56.0	1	23.76113	-3.90722	4.73847	-16421.3155	4196.20442	-3274.74058	17262.43494	27.15979	682.93815	738.91308	1006.54593	0.05831	-1.80503	0.46125	-0.35996	-1.89749	-77.04718	0.06446	
56.0	2	23.88302	3.93201	4.78789	-12726.17406	-2693.33513	-2551.30763	13255.8942	106.2182	317.78653	-865.3041	927.91259	0.07	1.35854	0.28752	0.27236	1.41509	70.91502	0.25462	
56.0	10	18.5905	9.1995	5.58233	-98.4005	-4571.88844	-29.95651	4573.04537	37.97981	-2.90002	317.83877	320.11304	0.07	0.01369	0.6362	0.00417	0.63636	331.48117	30.58214	
57.0	1	23.78416	-3.90585	4.62365	-16350.567	4171.61454	-3178.37617	17171.06532	61.24195	833.07783	778.3657	1141.76285	0.06649	-1.79553	0.4581	-0.34903	-1.88563	-77.83871	0.08112	
57.0	2	23.90581	3.93278	4.67268	-12884.79122	-2724.9005	-2518.53659	13408.42847	127.91722	228.25577	-901.38097	938.58999	0.07	1.37878	0.29159	0.2695	1.43481	69.92398	0.36799	
57.0	10	18.59767	9.1995	5.5354	-98.25923	-4579.51998	-29.6554	4580.66999	42.77014	-2.97544	317.76777	320.64699	0.07	0.01371	0.63917	0.00414	0.63933	331.10411	30.49987	
58.0	1	23.80707	-3.90409	4.50635	-16255.38553	4140.53412	-3077.00804	17054.31206	75.57804	887.44738	794.91375	1193.80181	0.07	-1.78331	0.45424	-0.33757	-1.87096	-81.58531	0.13852	
58.0	2	23.92817	3.93334	4.55545	-13025.44576	-2752.52356	-2479.76303	13542.07694	127.34286	220.09992	-913.20331	947.94539	0.07	1.39696	0.2952	0.26595	1.45237	69.7884	0.60539	
58.0	10	18.60999	9.1995	5.47204	-97.67065	-4566.35005	-29.12728	4567.48736	46.07938	-3.00364	316.37178	319.724	0.07	0.01367	0.63907	0.00408	0.63923	339.28776	30.95362	
59.0	1	23.82953	-3.90234	4.388	-16141.6046	4104.78289	-2972.2409	16918.47681	71.98774	865.8328	804.79953	1184.29344	0.07	-1.76852	0.44973	-0.32565	-1.85364	-82.4066	0.20237	
59.0	2	23.95031	3.93471	4.43601	-13155.82407	-2778.58032	-2436.75263	13665.06418	109.57178	278.08107	-908.65919	956.55453	0.07	1.41412	0.29867	0.26193	1.46886	69.82068	0.62799	
59.0	10	18.62791	9.1995	5.39048	-96.75195	-4538.50158	-28.40376	4539.6216	48.09296	-2.99101	314.09938	317.77398	0.07	0.01357	0.63674	0.00398	0.6369	341.26702	31.15106	
60.0	1	23.85176	-3.90115	4.2677	-16008.00838	4064.54845	-2864.06924	16762.45146	73.8557	854.84897	800.36208	1173.37159	0.07	-1.75161	0.44475	-0.31339	-1.83416	-86.15612	0.30522	
60.0	2	23.97229	3.93633	4.31473	-13303.68372	-2808.50444	-2394.6115	13806.15304	97.11753	314.65675	-908.59654	966.43073	0.07	1.43335	0.30259	0.258	1.48748	71.58468	0.70467	
60.0	10	18.6491	9.1995	5.2978	-95.53912	-4497.46608	-27.54278	4498.56505	50.02415	-2.96655	310.88663	314.89953	0.07	0.01343	0.63239	0.00387	0.63254	353.66821	32.2205	
61.0	1	23.87368	-3.89954	4.14507	-15892.33027	4028.71655	-2759.25365	16625.58868	84.86327	864.90614	774.04502	1163.79126	0.07	-1.73647	0.4402	-0.30149	-1.81659	-87.20104	0.34274	
61.0	2	23.99369	3.93785	4.19149	-13421.43445	-2832.05301	-2344.66888	13915.9225	85.76605	344.53919	-907.10318	974.1146	0.07	1.44889	0.30573	0.25311	1.50227	71.63886	0.76458	
61.0	10	18.67154	9.1995	5.20099	-94.7475	-4476.0873	-26.7915	4477.17013	51.13459	-2.93302	309.18731	313.40092	0.07	0.01335	0.63059	0.00377	0.63075	356.18948	32.37461	
62.0	1	23.89517	-3.89804	4.0213	-15779.68238	3993.89486	-2655.431	16492.44936	83.7528	848.4481	778.41223	1154.47144	0.07	-1.72138	0.43569	-0.28968	-1.79913	-88.00852	0.39205	
62.0	2	24.01476	3.93963	4.06686	-13551.46685	-2858.43918	-2294.90241	14038.50082	70.30232	389.01247	-899.67574	982.69505	0.07	1.46582	0.30919	0.24823	1.5185	72.07026	0.7681	
62.0	10	18.69482	9.1995	5.10058	-93.70913	-4443.26543	-25.96259	4444.32932	52.15571	-2.89198	306.6863	311.10298	0.07	0.01322	0.62707	0.00366	0.62722	359.01048	32.64657	
63.0	1	23.91634	-3.89715	3.89555	-15696.70943	3967.21916	-2556.59889	16390.90335	89.91528	849.42576	766.05059	1147.36324	0.07	-1.70969	0.43211	-0.27847	-1.78531	-88.53086	0.40699	
63.0	2	24.03563	3.94156	3.94016	-13652.61264	-2878.82895	-2238.09457	14131.19086	53.5498	435.33387	-886.6231	989.18334	0.07	1.47958	0.31199	0.24255	1.53144	73.96536	0.66848	
63.0	10	18.71835	9.19958	4.99835	-93.23946	-4437.59177	-25.29191	4438.64326	54.12207	-2.88088	305.94112	310.70479	0.07	0.01318	0.62727	0.00358	0.62742	364.45083	33.3761	
64.0	1	23.93698	-3.89608	3.76816	-15577.1938	3931.33674	-2452.0481	16251.67423	94.77048	846.11242	754.50998	1137.61724	0.07	-1.69399	0.42753	-0.26666	-1.76734	-90.56915	0.472	
64.0	2	24.05586	3.94343	3.81163	-13787.46922	-2906.36304	-2184.74077	14258.83395	42.30469	463.17055	-883.13287	998.11838	0.07	1.49695	0.31555	0.2372	1.54813	74.38827	0.75781	
64.0	10	18.74322	9.19958	4.89054	-92.14326	-4402.19235	-24.43351	4403.22437	54.56742	-2.82581	303.34349	308.22534	0.07	0.01304	0.62315	0.00346	0.62329	369.99271	33.73221	
65.0	1	23.95717	-3.89466	3.63922	-15461.75185	3896.39369	-2348.57876	16117.17954	97.32881	837.84277	749.258	1128.20253	0.07	-1.67852	0.42299	-0.25496	-1.74967	-90.87004	0.50318	
65.0	2	24.07559	3.94538	3.68199	-13917.82502	-2933.07255	-2128.46567	14381.903	30.08659	493.59068	-876.91205	1006.73319	0.07	1.51364	0.31899	0.23148	1.56411	74.19181	0.78729	
65.0	10	18.76798	9.19958	4.7817	-91.0133	-4365.07587	-23.57624	4366.08826	55.08607	-2.77218	300.60807	305.6262	0.07	0.0129	0.61865	0.00334	0.61879	370.25752	33.70114	
66.0	1	23.97696	-3.89355	3.5085	-15362.67929	3865.97441	-2247.94346	16000.34134	101.83372	834.79731	739.72781	1120.02406	0.07	-1.66514	0.41903	-0.24365	-1.73425	-91.83138	0.50809	
66.0	2	24.09495	3.94757	3.55041	-14035.06583	-2957.20675	-2068.05139	14491.54861	16.92678	526.09172	-867.15952	1014.40852	0.07	1.52909	0.32218	0.22531	1.57883	75.88088	0.73887	
66.0	10	18.79266	9.19958	4.67124	-90.12894	-4339.87539	-22.7886	4340.87098	56.27035	-2.7365	298.59192	303.86013	0.07	0.01279	0.61577	0.00323	0.61592	376.21606	34.36335	
67.0	1	23.99663	-3.89106	3.37643	-15679.12372	3939.0422	-2206.01826	16316.17267	107.72466	851.0703	754.01624	1142.1321	0.07	-1.69871	0.42676	-0.239	-1.76773	-91.19871	0.31714	
67.0	2	24.11421	3.94779	3.41709	-14545.23974	-3062.46036	-2061.30415	15006.38655	6.13152	566.34419	-884.67831	1050.44707	0.07	1.58904	0.33457	0.22519	1.63942	77.26048	0.72598	
67.0	10	18.81392	9.1996	4.57074	-91.48701	-4422.13596	-22.61882	4423.14005	56.22362	-2.72046	304.46024	309.61999	0.07	0.013	0.62829	0.00321	0.62843	378.05221	34.57014	
68.0	1	24.01624	-3.88552	3.24295	-15920.91365	3990.74798	-2149.65717	16553.6276	110.81008	857.57384	771.36174	1158.75394	0.07	-1.72674	0.43283	-0.23315	-1.79537	-92.46578	0.21267	
68.0	2	24.13327	3.94519	3.28288	-15006.96444	-3154.94858	-2041.57095	15470.31655	-2.71724	597.40476	-903.22787	1082.92217	0.07	1.64683	0.34622	0.22404	1.69768	78.97597	0.76868	
68.0	10	18.8308	9.1996	4.48241	-92.08471	-4467.79106	-22.31581	4468.79565	57.27326	-2.71643	307.51577	312.81553	0.07	0.01311	0.63586	0.00318	0.636	385.16301	35.22856	
69.0	1	24.03575	-3.87845	3.10788	-16206.85043	4051.9474	-2095.47953	16836.60634	114.82191	867.52579	789.4457	1178.56251	0.07	-1.76137	0.44037	-0.22774	-1.82981	-92.23449	0.11041	
69.0	2	24.15216	3.94095	3.14758	-15511.58303	-3254.71086	-2021.44727	15977.75328	-11.85514	630.291	-923.85439	1118.44276	0.07	1.71168	0.35915	0.22306	1.76312	79.62332	0.77774	
69.0	10	18.84627	9.1996	4.39496	-92.91253	-4526.19137	-22.06797	4527.1987	58.87264	-2.72667	311.37559	316.90406	0.07	0.01325	0.64547	0.00315	0.64561	386.66425	35.42832	
70.0	1	24.05495	-3.87051	2.97156	-16373.91201	4082.4458	-2022.65425	16995.95506	115.47141	864.19345	809.48298	1189.71705	0.07	-1.78453	0.44493	-0.22044	-1.85232	-95.23014	0.11651	
70.0	2	24.17084	3.93563	3.01053	-15910.24705	-3330.93891	-1981.69019	16375.53697	-22.85169	664.62121	-933.6659	1146.28773	0.07	1.76664	0.36986	0.22004	1.8183	82.72818	0.76254	
70.0	10	18.86052	9.1996	4.30845	-92.98126	-4548.89816	-21.64221	4549.89982	62.20422	-2.75752	312.34668	318.49241	0.07	0.01329	0.65017	0.00309	0.65031	401.07287	36.93232	
71.0	1	24.07333	-3.86347	2.83383	-16289.78882	4051.11729	-1917.46505	16895.13076	120.90687	864.07133	798.40149	1182.65916	0.07	-1.77914	0.44246	-0.20942	-1.84525	-94.32221	0.25569	
71.0	2	24.18847	3.93153	2.87195	-16004.14601	-3344.49146	-1900.26364	16459.93058	-32.78762	683.56303	-926.94131	1152.19514	0.07	1.78707	0.37346	0.21219	1.83797	80.75544	0.7512	
71.0	10	18.87569	9.1996	4.2173	-91.94261	-4518.02599	-20.94036	4519.00993	65.75587	-2.7722	309.40854	316.33078	0.07	0.01317	0.64712	0.003	0.64726	395.15062	36.47204	
72.0	1	24.09057	-3.85765	2.69491	-16168.07498	4011.75087	-1808.4982	16756.23643	121.04954	848.71816	800.50275	1172.93655	0.07	-1.76747	0.43856	-0.1977	-1.83177	-95.72237	0.37706	
72.0	2	24.20507	3.92924	2.73221	-16133.60388	-3367.21281	-1821.16065	16581.55368	-40.81021	697.02487	-927.21934	1160.70877	0.07	1.80958	0.37767	0.20427	1.85982	80.58018	0.7866	
72.0	10	18.89263	9.1996	4.11895	-90.31821	-4458.43311	-20.08319	4459.39306	68.29972	-2.7556	304.58154	312.15759	0.07	0.01296	0.63974	0.00288	0.63988	398.34795	36.78258	
73.0	1	24.10693	-3.85313	2.55439	-16073.85157	3980.55999	-1703.15579	16646.75049	126.36552	847.95587	789.21644	1165.2725	0.07	-1.7576	0.43526	-0.18623	-1.82024	-95.39483	0.40638	
73.0	2	24.22087	3.92812	2.59079	-16235.54013	-3385.34857	-1736.85797	16675.43174	-49.54135	711.6244	-923.94774	1167.2802	0.07	1.82742	0.38104	0.1955	1.87694	80.73667	0.72707	
73.0	10	18.91039	9.1996	4.01682	-89.19795	-4423.22997	-19.33611	4424.17151	71.13031	-2.75197	301.4004	309.69226	0.07	0.01282	0.63569	0.00278	0.63583	398.28208	36.95591	
74.0	1	24.12239	-3.84977	2.41275	-15988.5113	3952.77904	-1599.22503	16547.34047	128.10633	837.66562	789.68096	1158.31384	0.07	-1.748	0.43215	-0.17484	-1.8091	-97.30845	0.44858	
74.0	2	24.23577	3.92805	2.44859	-16331.5158	-3403.2834	-1650.1563	16763.76336	-59.98243	731.70924	-915.4344	1173.46344	0.07	1.84344	0.38415	0.18626	1.89223	82.86319	0.67311	
74.0	10	18.92827	9.19966	3.91393	-88.05303	-4385.97919	-18.59399	4386.90238	74.06658	-2.75033	298.00425	307.08297	0.07	0.01267	0.63119	0.00268	0.63132	407.64271	38.02731	
75.0	1	24.13693	-3.84719	2.27025	-15907.46723	3926.99322	-1496.11773	16453.18078	131.59034	832.20502	785.22859	1151.72269	0.07	-1.73843	0.42916	-0.1635	-1.79807	-97.46525	0.50282	
75.0	2	24.24973	3.92846	2.30547	-16426.17351	-3421.50974	-1561.582	16851.24456	-69.14782	747.31151	-910.03839	1179.58712	0.07	1.85866	0.38715	0.1767	1.90676	82.62682	0.66742	
75.0	10	18.9465	9.19968	3.81011	-86.99815	-4352.01851	-17.87952	4352.9247	76.22337	-2.7357	295.00426	304.70478	0.07	0.01253	0.62696	0.00258	0.62709	407.62219	38.08417	
76.0	1	24.1505	-3.84471	2.12668	-15828.44836	3902.09542	-1393.58122	16361.7907	134.70379	825.748	782.15432	1145.32539	0.07	-1.72858	0.42614	-0.15219	-1.78683	-98.35628	0.50314	
76.0	2	24.26283	3.92897	2.16092	-16514.04696	-3438.57526	-1470.71105	16932.2337	-77.67027	760.44789	-905.82504	1185.25637	0.07	1.87231	0.38985	0.16674	1.91972	83.71048	0.65105	
76.0	10	18.96393	9.19968	3.70966	-85.93722	-4316.37502	-17.19246	4317.26466	78.2792	-2.72109	291.88165	302.20844	0.07	0.01239	0.62236	0.00248	0.62249	412.23462	38.62407	
77.0	1	24.1633	-3.84273	1.98166	-15758.79076	3880.10611	-1292.20331	16280.80155	140.02616	826.00945	772.60386	1139.65594	0.07	-1.71943	0.42335	-0.14099	-1.77638	-96.04617	0.48099	
77.0	2	24.27519	3.92986	2.01501	-16594.15928	-3454.48087	-1377.55241	17005.79934	-84.70188	767.99855	-905.57707	1190.40582	0.07	1.88461	0.39233	0.15645	1.93136	82.21876	0.60804	
77.0	10	18.9813	9.19968	3.60828	-85.00116	-4286.57092	-16.53776	4287.4455	80.47382	-2.7112	289.11868	300.12164	0.07	0.01227	0.61852	0.00239	0.61865	403.72607	37.94401	
78.0	1	24.17521	-3.84104	1.83565	-15688.14901	3858.35428	-1191.21289	16199.50324	141.48622	814.81665	775.84314	1133.96521	0.07	-1.71015	0.4206	-0.12985	-1.76589	-99.1402	0.46146	
78.0	2	24.2867	3.93108	1.86854	-16674.43292	-3470.84622	-1283.05385	17080.09701	-93.43909	781.57148	-899.93929	1195.60678	0.07	1.89656	0.39478	0.14593	1.9427	85.95849	0.55582	
78.0	10	18.99824	9.1997	3.50826	-83.96279	-4250.64979	-15.88081	4251.50863	82.92814	-2.70587	285.80526	297.60552	0.07	0.01212	0.6137	0.00229	0.61382	419.27337	39.62058	
79.0	1	24.18674	-3.83749	1.68998	-13568.80767	3329.94764	-948.13543	14003.57289	145.50303	763.10911	597.81623	980.25042	0.07	-1.47301	0.36149	-0.10293	-1.52021	-127.92726	4.37535	
79.0	2	24.29675	3.93595	1.72031	-18576.62765	-3870.76648	-1315.44008	19021.15429	-179.90588	1107.1926	-717.35642	1331.48106	0.07	2.12138	0.44203	0.15022	2.17215	56.52231	4.06734	
79.0	10	19.03833	9.1997	3.25446	-74.37511	-3816.13293	-13.05055	3816.87994	40.97809	-1.70154	264.01518	267.1818	0.07	0.01075	0.55183	0.00189	0.55194	417.83374	33.28348	
80.0	1	24.19812	-3.83062	1.54507	-13079.16307	3197.54966	-835.0082	13490.22124	173.3935	821.90765	431.4313	944.3148	0.07	-1.4067	0.34391	-0.08981	-1.45091	-118.51223	4.12508	
80.0	2	24.30473	3.94632	1.57018	-19002.13964	-3970.27974	-1227.78926	19451.26985	-219.59004	1223.09057	-556.554	1361.5883	0.07	2.18571	0.45668	0.14123	2.23737	66.78866	3.94652	
80.0	10	19.09393	9.1997	2.83918	-71.03125	-3753.63904	-10.8937	3754.32686	26.26327	-1.25586	261.48376	262.80238	0.07	0.01031	0.54461	0.00158	0.54471	419.92862	34.41883	
81.0	1	24.20833	-3.82497	1.39766	-12899.17444	3143.1996	-744.72151	13297.48153	189.58012	853.61415	319.11607	930.82373	0.07	-1.37563	0.33521	-0.07942	-1.4181	-110.43252	3.31223	
81.0	2	24.31192	3.95588	1.41967	-19167.31003	-4014.9393	-1119.47114	19615.26771	-242.22016	1278.53367	-438.17675	1373.06876	0.07	2.21763	0.46452	0.12952	2.26946	77.5908	3.22198	
81.0	10	19.12581	9.1998	2.54489	-68.84171	-3740.3578	-9.49006	3741.00331	25.81854	-1.13637	260.5919	261.87025	0.07	0.01002	0.5443	0.00138	0.54439	426.20227	36.33803	
82.0	1	24.2174	-3.82072	1.2494	-12504.87066	3039.10245	-645.12945	12885.03496	208.36738	874.03367	78.54341	901.95393	0.07	-1.32379	0.32173	-0.06829	-1.36404	-100.42081	4.35559	
82.0	2	24.31842	3.96447	1.26991	-19342.73182	-4060.91937	-1010.13232	19790.21747	-275.06119	1348.81164	-155.40584	1385.31674	0.07	2.24757	0.47187	0.11737	2.29957	86.72187	4.26055	
82.0	10	19.14361	9.1998	2.37484	-50.16736	-2793.85427	-6.47012	2794.31214	16.59495	-0.74934	194.89774	195.6044	0.07	0.00731	0.40691	0.00094	0.40698	424.23008	37.46867	
83.0	1	24.22563	-3.81688	1.0995	-12279.78095	2977.27608	-557.14806	12647.83013	211.35895	855.17343	-88.58373	885.34812	0.07	-1.29078	0.31295	-0.05856	-1.32947	-89.73907	5.14491	
83.0	2	24.32385	3.97393	1.11987	-19391.67732	-4081.81067	-892.78355	19836.71823	-287.93284	1357.5683	47.22758	1388.5703	0.07	2.26033	0.47578	0.10406	2.3122	98.28601	4.98449	
83.0	10	19.15281	9.1998	2.3815	-33.93625	-1941.56548	-4.3915	1941.867	15.67652	-0.57941	135.02243	135.93067	0.07	0.00492	0.28144	0.00064	0.28149	426.1569	39.43105	
84.0	1	24.23283	-3.81387	0.94836	-12205.87714	2953.62654	-477.5248	12567.23424	208.76055	852.0169	-66.10325	879.70643	0.07	-1.27549	0.30865	-0.0499	-1.31325	-91.88294	4.32718	
84.0	2	24.3286	3.98235	0.96955	-19463.52518	-4106.47558	-775.76087	19907.12835	-288.88753	1362.7982	34.12424	1393.49898	0.07	2.27375	0.47972	0.09063	2.32558	96.34422	4.19362	
84.0	10	19.15872	9.1998	2.46473	-31.17311	-1827.75962	-4.17254	1828.0302	23.29281	-0.6845	125.8224	127.96211	0.07	0.00449	0.26302	0.0006	0.26306	426.47845	39.62944	
85.0	1	24.23888	-3.8114	0.79706	-12240.53588	2957.46263	-402.46594	12599.17786	208.19756	855.98633	-41.99627	881.94246	0.07	-1.27342	0.30767	-0.04187	-1.31073	-93.9638	3.40173	
85.0	2	24.33261	3.98903	0.81894	-19433.12709	-4107.59387	-654.18784	19873.2664	-288.01819	1360.94593	10.51835	1391.12865	0.07	2.27403	0.48066	0.07655	2.32553	94.60805	3.30728	
85.0	10	19.16991	9.1998	2.50516	-30.08666	-1799.05659	-4.09165	1799.3128	30.31532	-0.78501	122.24671	125.95195	0.07	0.0043	0.25701	0.00058	0.25704	427.14438	39.92495	
86.0	1	24.24384	-3.80934	0.64589	-12328.30683	2975.20223	-328.36193	12686.48096	208.80414	862.90168	-20.99683	888.05368	0.07	-1.27844	0.30853	-0.03405	-1.31558	-94.89929	2.5724	
86.0	2	24.33606	3.99423	0.66814	-19356.77217	-4097.24312	-531.48332	19792.7892	-287.089	1355.40731	6.92971	1385.49525	0.07	2.2674	0.47994	0.06226	2.31848	93.65011	2.50989	
86.0	10	19.18524	9.1998	2.51443	-29.26107	-1775.3996	-3.99296	1775.64521	36.06393	-0.8619	118.94539	124.29544	0.07	0.00415	0.25177	0.00057	0.25181	426.9957	40.30719	
87.0	1	24.24757	-3.80846	0.49424	-12462.26803	3005.63205	-253.91775	12822.10679	210.71171	872.31454	-16.10477	897.54746	0.07	-1.28996	0.31111	-0.02628	-1.32721	-96.36753	1.83511	
87.0	2	24.33894	3.99798	0.5166	-19220.75727	-4072.49284	-408.06529	19651.69776	-284.94427	1345.75278	-9.12591	1375.61879	0.07	2.25226	0.47721	0.04782	2.30275	94.15382	1.79542	
87.0	10	19.20359	9.1998	2.5017	-28.65692	-1755.30481	-3.88945	1755.54303	40.95664	-0.92537	115.85796	122.88762	0.07	0.00403	0.24709	0.00055	0.24712	431.34465	41.15262	
88.0	1	24.25018	-3.80832	0.34238	-12655.97334	3051.70881	-178.6276	13019.92687	213.55844	886.00232	5.77269	911.39489	0.07	-1.30925	0.3157	-0.01848	-1.3469	-96.3118	1.12712	
88.0	2	24.34129	3.99999	0.365	-19032.78908	-4034.69019	-285.48586	19457.83357	-282.02996	1332.27147	-26.22176	1362.04837	0.07	2.22919	0.47256	0.03344	2.27898	93.27833	1.10541	
88.0	10	19.22415	9.1998	2.47257	-28.49247	-1753.42132	-3.8207	1753.65696	45.60544	-0.9894	113.96613	122.75632	0.07	0.00398	0.24496	0.00053	0.24499	429.1393	41.39376	
89.0	1	24.25174	-3.80881	0.19037	-12915.09565	3114.75692	-101.31814	13285.76952	217.85747	903.93487	18.62732	930.00382	0.07	-1.33729	0.32252	-0.01049	-1.37568	-96.45874	0.46502	
89.0	2	24.34301	4.00075	0.21318	-18779.98902	-3981.65769	-164.50276	19198.14176	-278.27888	1314.15736	-39.21227	1343.8699	0.07	2.19752	0.46591	0.01925	2.24644	93.43666	0.45076	
89.0	10	19.24642	9.1998	2.43037	-28.76512	-1770.12892	-3.7899	1770.36668	50.30499	-1.05995	113.25121	123.92559	0.07	0.00399	0.24542	0.00053	0.24546	429.73494	41.9606	
90.0	1	24.25227	-3.81013	0.03856	-13263.18588	3200.63115	-20.98971	13643.92099	218.69245	906.06152	-28.105	932.50402	0.06835	-1.37628	0.33212	-0.00218	-1.41579	-95.78165	0.08717	
90.0	2	24.34398	4.00029	0.06141	-18451.98739	-3911.33744	-46.62711	18862.04054	-252.72791	1192.11764	11.96378	1218.671	0.06461	2.15568	0.45695	0.00545	2.20358	93.11998	0.07639	
90.0	10	19.26996	9.1998	2.38036	-26.74097	-1638.36118	-3.44906	1638.58303	49.87775	-1.03152	103.28344	114.70102	0.07	0.00368	0.22535	0.00047	0.22538	427.38216	42.20197	
91.0	1	24.25158	-3.81196	-0.11351	-13677.59429	3303.84968	64.05228	14071.10909	172.91718	719.3472	-179.91532	761.40021	0.05411	-1.42388	0.34394	0.00667	-1.46485	-95.80626	0.05806	
91.0	2	24.34406	3.99907	-0.09041	-18017.34138	-3817.71	66.79321	18417.49064	-216.4154	1024.55487	183.00098	1063.0323	0.05772	2.10009	0.44499	-0.00779	2.14673	93.44179	0.06351	
91.0	10	19.29959	9.1998	2.32624	-20.07579	-1220.63689	-2.52848	1220.80459	39.27199	-0.80312	75.89375	85.45639	0.07	0.00273	0.16609	0.00034	0.16611	428.03433	42.63245	
92.0	1	24.24974	-3.81429	-0.2655	-14113.75368	3413.72605	154.53213	14521.55118	111.74582	477.29423	-337.78566	595.31174	0.041	-1.47574	0.35694	0.01616	-1.51838	-96.3932	0.04141	
92.0	2	24.34338	3.99712	-0.24208	-17536.41384	-3713.62694	174.31285	17926.16023	-187.86002	904.03855	360.6781	991.295	0.0553	2.03783	0.43154	-0.02026	2.08312	94.30742	0.05979	
92.0	10	19.33627	9.1998	2.2691	-13.27101	-798.54448	-1.62833	798.65641	26.98806	-0.54834	48.95689	55.90558	0.07	0.00178	0.10708	0.00022	0.1071	431.16422	43.25511	
93.0	1	24.2469	-3.81719	-0.41732	-14378.69229	3483.61447	247.52717	14796.74394	94.27227	414.07088	-351.28013	551.12583	0.03725	-1.5116	0.36622	0.02602	-1.55555	-96.69922	0.03719	
93.0	2	24.342	3.99434	-0.39358	-17242.30764	-3648.42448	278.82268	17626.2848	-180.41977	882.33454	388.33897	980.75108	0.05564	1.99601	0.42235	-0.03228	2.04046	94.64268	0.0603	
93.0	10	19.37946	9.1998	2.20897	-12.10774	-719.22009	-1.44408	719.32344	24.97088	-0.50815	43.71723	50.34877	0.07	0.00159	0.09466	0.00019	0.09468	432.43999	43.37462	
94.0	1	24.24303	-3.8206	-0.56902	-15198.86256	3689.66947	356.98744	15644.37675	14.79828	122.28622	-633.85609	645.71391	0.04127	-1.60827	0.39042	0.03777	-1.65541	-95.77052	0.04173	
94.0	2	24.33985	3.99098	-0.54535	-16392.29706	-3465.25757	367.29705	16758.58944	-100.52318	548.44195	687.96309	885.54316	0.05284	1.88899	0.39932	-0.04233	1.9312	94.27396	0.05626	
95.0	1	24.23816	-3.82441	-0.72066	-15869.55362	3861.45902	471.99703	16339.41183	10.79302	124.28096	-653.87168	665.66539	0.04074	-1.69162	0.41161	0.05031	-1.7417	-95.48649	0.04112	
95.0	2	24.33701	3.98685	-0.6967	-15728.65455	-3321.12582	450.19409	16081.76375	-79.23572	471.43771	709.54453	855.56137	0.0532	1.80256	0.38061	-0.05159	1.84302	94.04781	0.05676	
96.0	1	24.23219	-3.82851	-0.87212	-16579.40296	4044.79449	596.74882	17076.09657	-19.77222	16.42953	-660.68947	661.18942	0.03872	-1.78194	0.43473	0.06414	-1.83532	-95.90945	0.03883	
96.0	2	24.3332	3.98161	-0.84764	-14968.96572	-3156.21244	521.42052	15306.97524	-81.29096	503.78319	715.74711	879.03336	0.05743	1.70435	0.35936	-0.05937	1.74284	94.49785	0.06305	
97.0	1	24.22507	-3.83341	-1.02271	-17412.19992	4260.89731	735.34867	17941.03368	-50.68064	-90.13403	-677.7868	685.62936	0.03822	-1.88878	0.4622	0.07977	-1.94614	-95.10171	0.03826	
97.0	2	24.32876	3.97533	-0.99823	-14098.17552	-2967.56822	578.44824	14418.72451	-78.14821	514.81591	736.46026	901.95137	0.06255	1.59321	0.33536	-0.06537	1.62943	93.81469	0.07204	
98.0	1	24.21699	-3.83846	-1.17331	-18198.02667	4467.81387	881.89569	18759.19176	-64.94337	-130.06319	-681.19516	696.53494	0.03713	-1.99304	0.48931	0.09659	-2.0545	-94.99937	0.03706	
98.0	2	24.32358	3.96846	-1.14863	-13283.48561	-2790.94767	627.18669	13587.99992	-63.39394	468.46896	742.0117	879.80868	0.06475	1.48834	0.31271	-0.07027	1.52246	93.79025	0.07672	
99.0	1	24.20799	-3.8437	-1.32338	-18725.67496	4613.23027	1023.77973	19312.71397	-65.86035	-116.45128	-679.89528	692.93295	0.03588	-2.07101	0.51021	0.11323	-2.13594	-94.38048	0.03569	
99.0	2	24.31782	3.96051	-1.29807	-12755.80902	-2674.4761	680.9224	13050.94408	-42.52725	391.39146	740.60964	838.74817	0.06427	1.41579	0.29684	-0.07558	1.44854	93.21891	0.07562	
100.0	1	24.19851	-3.84761	-1.4723	-18731.81892	4627.43261	1139.95637	19328.57142	-46.41433	-21.177	-676.71866	678.63901	0.03511	-2.08717	0.5156	0.12702	-2.15366	-92.2527	0.03485	
100.0	2	24.31084	3.95421	-1.44698	-12773.12062	-2673.93876	760.23765	13072.12761	-14.44605	278.07437	735.33949	786.29397	0.06015	1.40705	0.29455	-0.08375	1.43999	91.11188	0.06757	
101.0	1	24.18846	-3.85027	-1.62112	-18746.62771	4640.80502	1256.51368	19353.34463	-42.61477	15.27798	-692.22119	693.69994	0.03584	-2.10001	0.51987	0.14076	-2.16798	-93.28091	0.03565	
101.0	2	24.30238	3.94955	-1.59553	-12751.6398	-2666.72699	837.01746	13054.36129	1.75349	222.09779	734.3145	767.16901	0.05877	1.3969	0.29213	-0.09169	1.43006	92.10421	0.06521	
102.0	1	24.17757	-3.85212	-1.76885	-18768.81937	4654.07905	1373.1597	19385.9382	-56.78592	-25.10893	-691.06728	693.85091	0.03579	-2.11099	0.52346	0.15444	-2.1804	-93.85181	0.03559	
102.0	2	24.29294	3.94594	-1.74261	-12706.16373	-2655.46865	911.37516	13012.63675	4.54195	237.82449	756.27054	792.79647	0.06093	1.38598	0.28966	-0.09941	1.41941	92.71041	0.06895	
103.0	1	24.16593	-3.85367	-1.91567	-18803.39225	4669.38337	1490.64529	19431.74528	-65.21828	-42.03628	-691.00374	695.34642	0.03578	-2.12131	0.52678	0.16817	-2.1922	-92.15555	0.03558	
103.0	2	24.28255	3.94326	-1.88897	-12650.51633	-2642.92657	984.1013	12961.06013	11.99385	226.27757	761.8763	794.85903	0.06133	1.37537	0.28734	-0.10699	1.40913	91.08298	0.06969	
104.0	1	24.15366	-3.85469	-2.06183	-18879.42271	4694.03818	1611.67326	19520.86286	-55.00256	12.72865	-681.38218	683.71702	0.03502	-2.13496	0.53082	0.18225	-2.20749	-92.11703	0.03476	
104.0	2	24.27129	3.94114	-2.03464	-12569.65487	-2625.63841	1053.75394	12884.12193	25.15215	171.58164	727.55616	747.93774	0.05805	1.36303	0.28472	-0.11427	1.39713	90.97584	0.06404	
104.0	12	20.05735	9.1999	1.54236	-0.83226	-41.33857	-0.06774	41.347	1.90326	-0.04189	2.18009	2.8943	0.07	7e-05	0.00326	1e-05	0.00326	412.06199	40.79672	
105.0	1	24.14073	-3.85535	-2.20686	-18985.33496	4725.67232	1735.62574	19641.46937	-41.87326	74.88359	-661.92446	667.46154	0.03398	-2.15129	0.53548	0.19667	-2.22564	-92.85321	0.03363	
105.0	2	24.2592	3.93932	-2.17942	-12480.46675	-2606.92692	1121.19779	12799.03132	41.69548	109.48025	718.68329	728.16901	0.05689	1.35021	0.28203	-0.1213	1.38468	91.66949	0.06221	
105.0	12	20.07874	9.1999	1.51253	-1.8809	-92.96759	-0.15012	92.98674	4.36219	-0.09605	4.83061	6.50943	0.07	0.00014	0.00715	1e-05	0.00715	415.25367	41.41256	
106.0	1	24.12706	-3.8561	-2.35083	-19084.41185	4755.69393	1859.6346	19755.74958	-33.69782	111.90359	-631.99631	642.71089	0.03253	-2.16655	0.53989	0.21111	-2.24277	-91.0911	0.03208	
106.0	2	24.24608	3.93784	-2.3231	-12367.80671	-2583.68234	1184.9562	12690.23949	47.24691	85.3016	679.12463	686.08957	0.05406	1.33494	0.27887	-0.1279	1.36974	89.86667	0.05799	
106.0	12	20.09803	9.1999	1.48417	-3.27631	-161.23726	-0.25659	161.27075	7.69976	-0.16959	8.25384	11.28897	0.07	0.00025	0.01212	2e-05	0.01213	407.1913	40.91119	
107.0	1	24.1124	-3.85699	-2.49357	-19143.58577	4775.9595	1979.97055	19829.44651	-53.4857	46.81252	-630.05116	634.04778	0.03198	-2.17697	0.54311	0.22516	-2.25497	-90.45172	0.03149	
107.0	2	24.23222	3.93654	-2.46559	-12264.13272	-2562.53873	1247.80879	12590.97228	41.31217	132.43867	678.01824	692.06606	0.05497	1.32101	0.27602	-0.13441	1.35622	89.25654	0.0593	
107.0	12	20.1154	9.1999	1.45736	-3.87668	-190.05173	-0.29813	190.0915	9.23393	-0.20338	9.57872	13.30634	0.07	0.00029	0.014	2e-05	0.014	404.33031	40.97106	
108.0	1	24.09709	-3.85768	-2.63557	-19222.08299	4800.87687	2102.50903	19923.79074	-61.31925	25.90247	-619.75396	623.3185	0.03129	-2.18922	0.54678	0.23946	-2.26914	-89.8405	0.03077	
108.0	2	24.21766	3.93537	-2.60715	-12162.28178	-2541.92055	1309.23385	12493.86055	47.61457	116.43708	668.38757	680.12255	0.05444	1.30759	0.27329	-0.14076	1.34324	88.65025	0.05853	
108.0	12	20.13134	9.1999	1.43172	-3.99788	-195.31525	-0.30206	195.3564	9.65867	-0.21267	9.67831	13.67497	0.07	0.00029	0.01411	2e-05	0.01412	401.55241	41.08911	
109.0	1	24.08114	-3.85823	-2.77652	-19304.68637	4826.75475	2225.71621	20023.04397	-56.14201	60.33887	-617.79884	623.2721	0.03113	-2.20173	0.5505	0.25385	-2.28366	-89.02363	0.0306	
109.0	2	24.20249	3.93432	-2.74735	-12073.87933	-2524.25086	1370.52107	12410.83125	67.21164	38.98495	663.9176	668.44881	0.05386	1.29587	0.27092	-0.1471	1.33203	87.85843	0.0577	
109.0	12	20.1464	9.1999	1.4068	-4.00857	-195.20356	-0.29762	195.24494	9.82104	-0.21617	9.50216	13.66714	0.07	0.00028	0.01384	2e-05	0.01385	397.90094	41.14478	
110.0	1	24.06468	-3.85862	-2.91585	-19403.26566	4856.57767	2351.08175	20139.52954	-55.27568	70.80774	-602.45122	609.11133	0.03024	-2.21598	0.55465	0.26851	-2.30007	-88.44145	0.02968	
110.0	2	24.18642	3.93336	-2.8863	-11956.98181	-2500.77833	1426.90266	12298.75431	75.0089	4.04659	635.64232	640.06552	0.05204	1.28088	0.26789	-0.15286	1.31749	87.23556	0.05516	
110.0	12	20.1609	9.1999	1.38259	-4.59993	-223.30454	-0.33567	223.35216	11.40251	-0.25095	10.68892	15.63116	0.07	0.00032	0.01554	2e-05	0.01554	395.16142	41.24261	
111.0	1	24.04732	-3.85922	-3.05353	-19470.13665	4878.92849	2472.54212	20223.83814	-80.64096	-18.5587	-598.38978	604.0842	0.02987	-2.22666	0.55797	0.28277	-2.31285	-86.55517	0.02928	
111.0	2	24.16975	3.93243	-3.02389	-11844.72506	-2478.3283	1481.87266	12191.61882	74.25477	38.49774	657.909	663.20442	0.0544	1.26652	0.265	-0.15845	1.30361	85.4498	0.05847	
111.0	12	20.17512	9.1999	1.3586	-4.392	-212.55833	-0.315	212.60393	11.02295	-0.24258	9.99663	14.88277	0.07	0.0003	0.01452	2e-05	0.01453	386.86156	40.8072	
112.0	1	24.02939	-3.85972	-3.19048	-19548.7552	4904.20851	2595.66612	20320.9885	-89.3531	-32.55362	-611.43921	618.79045	0.03045	-2.2384	0.56155	0.29721	-2.32682	-86.7566	0.02989	
112.0	2	24.15249	3.93153	-3.16054	-11741.4404	-2457.83864	1536.31393	12093.90979	85.9166	-1.16615	654.76101	660.37489	0.0546	1.2533	0.26235	-0.16399	1.29092	85.66542	0.05877	
112.0	12	20.18865	9.1999	1.33516	-4.2503	-205.10536	-0.29969	205.14962	10.79071	-0.23745	9.47202	14.36019	0.07	0.00029	0.01376	2e-05	0.01376	387.76501	41.33786	
113.0	1	24.01091	-3.86032	-3.32599	-19641.14828	4933.16097	2720.59811	20433.12108	-84.59859	3.78988	-617.62502	623.40352	0.03051	-2.25171	0.56555	0.3119	-2.3425	-86.36836	0.02995	
113.0	2	24.13482	3.93067	-3.29525	-11650.51099	-2439.98563	1590.65778	12009.08524	110.91443	-97.93323	662.15002	678.48034	0.0565	1.24141	0.25999	-0.16949	1.27962	85.32832	0.0616	
113.0	12	20.20176	9.1999	1.31225	-3.96933	-191.00894	-0.27519	191.05038	10.19275	-0.22428	8.65441	13.37316	0.07	0.00026	0.01258	2e-05	0.01259	386.09715	41.62914	
114.0	1	23.99194	-3.86103	-3.45959	-19739.36468	4963.87709	2846.47912	20552.00811	-94.49838	-29.87335	-603.219	611.3064	0.02974	-2.26576	0.56977	0.32673	-2.35904	-83.72318	0.02915	
114.0	2	24.11624	3.92985	-3.42847	-11514.36328	-2412.77847	1636.97973	11877.78449	112.68386	-99.86251	645.41837	662.7481	0.0558	1.2246	0.25661	-0.1741	1.26326	82.72029	0.06053	
114.0	12	20.21489	9.1999	1.28962	-4.47388	-214.67489	-0.30494	214.72172	11.59519	-0.25523	9.5614	15.0311	0.07	0.00029	0.01388	2e-05	0.01389	374.23859	40.73911	
115.0	1	23.97228	-3.86162	-3.59168	-19813.19794	4988.57916	2968.79622	20646.12519	-119.27052	-107.66866	-615.06975	635.71124	0.03079	-2.27684	0.57326	0.34116	-2.37256	-84.12946	0.03025	
115.0	2	24.09721	3.92916	-3.56071	-11396.76412	-2389.52376	1683.91705	11765.69729	116.89933	-90.63782	662.5581	678.86957	0.0577	1.2098	0.25366	-0.17875	1.24897	83.17493	0.06348	
115.0	12	20.22779	9.1999	1.26743	-4.04935	-193.75454	-0.27136	193.79704	10.59483	-0.23329	8.469	13.56572	0.07	0.00026	0.0123	2e-05	0.0123	376.1279	41.38908	
116.0	1	23.95211	-3.86223	-3.72269	-19896.52833	5015.8223	3092.41549	20750.74328	-128.87933	-124.53695	-627.2107	652.31327	0.03144	-2.28895	0.57703	0.35576	-2.38722	-83.02245	0.03092	
116.0	2	24.07782	3.92844	-3.69119	-11289.06135	-2368.35447	1730.48594	11663.90118	133.96869	-144.86336	675.70209	703.9221	0.06035	1.19609	0.25093	-0.18335	1.23581	82.16521	0.06792	
116.0	12	20.24047	9.1999	1.2457	-3.59323	-171.44609	-0.23676	171.4839	9.49051	-0.20905	7.34707	12.00387	0.07	0.00022	0.01068	1e-05	0.01068	371.3249	41.3357	
117.0	1	23.93159	-3.863	-3.85198	-20006.04639	5049.95579	3220.09253	20883.3173	-131.51455	-121.94971	-625.83467	651.02752	0.03117	-2.30441	0.58168	0.37091	-2.40546	-82.20844	0.03065	
117.0	2	24.05793	3.92761	-3.81945	-11161.1528	-2342.91113	1772.04472	11541.26107	147.52858	-197.65491	667.87315	711.95976	0.06169	1.18027	0.24776	-0.18739	1.22046	81.38138	0.07036	
117.0	12	20.25301	9.1999	1.2244	-3.79762	-180.68802	-0.24603	180.72809	10.10795	-0.2228	7.60354	12.65046	0.07	0.00023	0.01103	2e-05	0.01104	367.68854	41.34338	
118.0	1	23.91056	-3.86377	-3.97924	-20095.25129	5079.24523	3344.45153	20995.31406	-151.8332	-186.68633	-628.77294	673.24626	0.03207	-2.31726	0.58571	0.38566	-2.42105	-80.12288	0.03159	
118.0	2	24.03747	3.92675	-3.94677	-11028.02122	-2316.37085	1810.71201	11413.21619	151.5387	-196.11012	672.06064	716.30207	0.06276	1.16378	0.24445	-0.19108	1.20443	79.38451	0.07245	
118.0	12	20.26573	9.1999	1.20327	-3.64133	-172.74513	-0.23191	172.78366	9.76579	-0.21543	7.13289	12.09526	0.07	0.00022	0.01034	1e-05	0.01034	358.46599	40.73561	
119.0	1	23.88903	-3.8644	-4.1051	-20179.64712	5107.3559	3467.74519	21102.80785	-174.82829	-256.87494	-639.03812	710.5768	0.03367	-2.32949	0.58958	0.40031	-2.43606	-80.17216	0.0333	
119.0	2	24.01674	3.92598	-4.07237	-10909.21757	-2292.88056	1849.70728	11299.98878	161.5475	-206.83826	696.38118	744.19514	0.06586	1.14877	0.24145	-0.19478	1.18992	79.54425	0.07942	
119.0	12	20.27832	9.1999	1.18272	-3.03913	-143.75091	-0.19031	143.78315	8.21129	-0.1813	5.81808	10.0652	0.07	0.00018	0.00843	1e-05	0.00843	358.89101	41.24934	
120.0	1	23.86724	-3.8653	-4.22929	-20288.59144	5142.09293	3595.1654	21236.60228	-178.96519	-255.69381	-644.24026	715.85849	0.03371	-2.34495	0.59432	0.41553	-2.45452	-78.92773	0.03334	
120.0	2	23.9957	3.92503	-4.19581	-10783.14855	-2267.77562	1885.55051	11179.19495	178.27342	-269.70741	695.1354	766.6399	0.06858	1.13304	0.23829	-0.19812	1.17465	78.42247	0.08812	
120.0	12	20.29089	9.1999	1.16257	-3.01654	-142.25376	-0.18571	142.28586	8.20234	-0.18131	5.64716	9.96001	0.07	0.00017	0.00816	1e-05	0.00816	353.52743	41.07105	
121.0	1	23.84501	-3.86621	-4.35155	-20387.18213	5174.52175	3720.54921	21360.13476	-206.33293	-346.32991	-648.95132	763.97349	0.03577	-2.35928	0.59881	0.43055	-2.47187	-77.70526	0.03556	
121.0	2	23.97412	3.92414	-4.31785	-10643.28718	-2239.79337	1916.88094	11044.03318	178.05396	-243.12539	704.54496	766.28765	0.06938	1.11584	0.23482	-0.20097	1.15786	77.30899	0.09224	
121.0	12	20.30384	9.1999	1.1427	-2.97173	-139.69199	-0.17985	139.72371	8.12361	-0.17983	5.44352	9.78046	0.07	0.00017	0.00783	1e-05	0.00784	348.22609	40.85681	
122.0	1	23.82242	-3.86693	-4.47206	-20473.61128	5203.89393	3843.46086	21471.41034	-240.10643	-463.64414	-651.25963	834.71917	0.03888	-2.37201	0.60291	0.44529	-2.48761	-76.25962	0.039	
122.0	2	23.95242	3.92328	-4.4381	-10491.88238	-2209.36101	1943.95623	10896.78108	174.60464	-199.98571	715.08332	762.77468	0.07	1.09716	0.23104	-0.20328	1.1395	76.77821	0.15316	
122.0	12	20.31641	9.1999	1.12598	-2.62488	-122.97068	-0.15652	122.99879	7.21312	-0.15995	4.69851	8.60992	0.07	0.00014	0.00674	1e-05	0.00674	343.73911	40.90044	
123.0	1	23.79965	-3.86809	-4.59063	-20584.51892	5240.13637	3970.68312	21608.97436	-258.08092	-528.54056	-640.40542	869.5286	0.04024	-2.38788	0.60788	0.46061	-2.50672	-74.598	0.04054	
123.0	2	23.93046	3.92239	-4.55627	-10335.50156	-2177.86984	1967.82794	10744.21036	174.18354	-187.65097	707.17302	752.09472	0.07	1.07788	0.22713	-0.20522	1.12051	76.18755	0.2278	
123.0	12	20.32835	9.1999	1.11334	-2.96054	-138.20051	-0.17451	138.23233	8.16671	-0.1815	5.18666	9.67624	0.07	0.00016	0.0074	1e-05	0.0074	338.61688	40.84892	
124.0	1	23.77643	-3.86937	-4.70769	-20687.23613	5274.75414	4096.05201	21738.50069	-281.67337	-614.9809	-630.64885	924.80233	0.04254	-2.40284	0.61267	0.47576	-2.52495	-73.1883	0.0432	
124.0	2	23.90812	3.9213	-4.67269	-10173.1675	-2144.99357	1988.21451	10585.2412	170.84711	-158.2857	703.41227	740.96688	0.07	1.05798	0.22307	-0.20677	1.10084	75.36029	0.26527	
124.0	12	20.33946	9.1999	1.10753	-3.198	-148.69674	-0.18746	148.73125	8.8494	-0.19723	5.48103	10.41117	0.07	0.00017	0.00778	1e-05	0.00778	333.52816	40.72768	
125.0	1	23.75309	-3.87051	-4.82253	-20793.18901	5310.20599	4221.72834	21871.85376	-304.31014	-698.8179	-619.8199	982.40919	0.04492	-2.41787	0.61748	0.49091	-2.5433	-71.05754	0.04603	
125.0	2	23.88585	3.92022	-4.787	-10009.03936	-2111.69311	2005.9023	10424.19113	167.56409	-131.2248	697.96472	729.69338	0.07	1.03754	0.2189	-0.20793	1.08058	75.0883	0.39211	
125.0	12	20.34916	9.1999	1.10736	-3.47322	-160.84599	-0.20347	160.88361	9.63469	-0.21542	5.82715	11.26186	0.07	0.00018	0.00824	1e-05	0.00824	328.07549	40.77186	
126.0	1	23.72963	-3.872	-4.93561	-20916.30157	5350.54696	4350.63094	22023.80561	-315.71228	-743.09857	-603.94678	1008.27647	0.04578	-2.4354	0.62299	0.50657	-2.56435	-69.86121	0.04708	
126.0	2	23.86313	3.91926	-4.89955	-9850.5644	-2079.64865	2022.42357	10268.82441	169.77167	-138.34382	684.64404	718.8177	0.07	1.01801	0.21492	-0.20901	1.06124	74.05883	0.40389	
126.0	12	20.35767	9.1999	1.11279	-3.94017	-181.71988	-0.23177	181.76274	10.95775	-0.24583	6.46156	12.72339	0.07	0.0002	0.00913	1e-05	0.00913	323.00463	40.61788	
127.0	1	23.70565	-3.87363	-5.0471	-20855.73063	5344.26785	4440.20641	21982.678	-310.49556	-733.0892	-576.0513	982.68122	0.0447	-2.43081	0.62289	0.51752	-2.56216	-68.52489	0.04577	
127.0	2	23.84043	3.91842	-5.00971	-9599.91234	-2028.15977	2017.31259	10017.05042	176.10516	-183.65673	653.39846	701.19353	0.07	0.98855	0.20885	-0.20773	1.0315	73.62136	0.47466	
127.0	12	20.36447	9.1999	1.12591	-4.6252	-212.38821	-0.27493	212.43874	12.89567	-0.29041	7.39936	14.87054	0.07	0.00023	0.01049	1e-05	0.01049	318.93741	40.77618	
128.0	1	23.68153	-3.87638	-5.15598	-20754.01867	5328.37119	4518.7919	21898.40886	-303.27044	-720.3658	-543.44259	951.96098	0.04347	-2.41938	0.62115	0.52677	-2.55279	-66.63225	0.0443	
128.0	2	23.81723	3.91936	-5.11845	-9332.71139	-1974.11292	2005.56954	9747.76554	180.65049	-226.351	617.83768	682.34359	0.07	0.95676	0.20238	-0.2056	0.99931	72.61652	0.54953	
128.0	12	20.3687	9.1999	1.14137	-5.37526	-245.87075	-0.32349	245.92972	15.02933	-0.33961	8.38807	17.21499	0.07	0.00026	0.012	2e-05	0.012	312.25439	40.62683	
129.0	1	23.6571	-3.87982	-5.26358	-20636.11999	5308.91684	4591.34153	21797.12052	-291.81587	-693.12254	-510.1379	908.7442	0.04169	-2.40506	0.61873	0.5351	-2.54037	-65.66729	0.04221	
129.0	2	23.79372	3.9208	-5.22467	-9063.90333	-1919.91506	1990.27081	9476.37036	184.40282	-274.40058	575.08932	663.34591	0.07	0.92459	0.19585	-0.20302	0.96666	71.20581	0.53692	
129.0	12	20.37115	9.1999	1.16111	-6.3446	-289.08804	-0.38786	289.15792	17.78087	-0.4032	9.66267	20.24078	0.07	0.00031	0.01399	2e-05	0.01399	306.70688	40.37919	
130.0	1	23.63246	-3.88362	-5.3687	-20514.52499	5288.66333	4660.42798	21691.82529	-297.36514	-731.78114	-478.53126	923.53767	0.04258	-2.38901	0.61589	0.54273	-2.52611	-64.29656	0.04324	
130.0	2	23.7701	3.92348	-5.32905	-8799.98603	-1867.24125	1972.90382	9209.70648	182.65765	-276.6144	552.93061	644.67946	0.07	0.89277	0.18943	-0.20015	0.93434	70.52997	0.59175	
130.0	12	20.37172	9.1999	1.1823	-6.67123	-302.90227	-0.41468	302.976	18.74098	-0.42634	9.9191	21.20836	0.07	0.00032	0.0146	2e-05	0.0146	301.8528	40.41342	
131.0	1	23.60801	-3.88736	-5.47192	-20599.70059	5321.58487	4774.79605	21805.17386	-321.10056	-818.38631	-473.20621	998.39162	0.04579	-2.39754	0.61936	0.55572	-2.53784	-63.32321	0.04709	
131.0	2	23.74627	3.92563	-5.43165	-8648.30481	-1837.99232	1978.14865	9060.04768	180.39078	-254.51217	552.1744	634.20332	0.07	0.87262	0.18546	-0.1996	0.91417	69.12004	0.54769	
131.0	12	20.37214	9.1999	1.20326	-6.66678	-301.65135	-0.42118	301.72531	18.75282	-0.42801	9.70739	21.12072	0.07	0.00032	0.01448	2e-05	0.01448	296.27537	40.0635	
132.0	1	23.58335	-3.89047	-5.5733	-20678.28464	5352.49913	4886.72784	21911.65926	-360.20707	-955.52628	-477.62242	1127.34324	0.05145	-2.40623	0.62284	0.56864	-2.54975	-62.26973	0.05435	
132.0	2	23.7229	3.92726	-5.53164	-8497.47337	-1808.52691	1981.51393	8910.9046	173.56826	-194.72332	566.60177	623.76331	0.07	0.8531	0.18157	-0.19893	0.8946	69.12705	0.60227	
132.0	12	20.37293	9.1999	1.22681	-6.30657	-284.25231	-0.40561	284.32255	17.74673	-0.40658	8.99905	19.90213	0.07	0.0003	0.01357	2e-05	0.01358	293.72762	40.34553	
133.0	1	23.55919	-3.89331	-5.6721	-20779.97626	5389.14966	5003.25113	22042.75095	-381.19918	-1037.69128	-465.50457	1199.50427	0.05442	-2.41851	0.62722	0.58231	-2.56548	-60.08628	0.0585	
133.0	2	23.69955	3.92804	-5.63012	-8343.26346	-1777.82355	1982.05402	8757.81022	170.65253	-173.58307	562.64812	613.04672	0.07	0.83355	0.17762	-0.19802	0.87496	67.40699	0.62658	
133.0	12	20.37357	9.1999	1.25137	-6.47482	-290.69597	-0.42414	290.76838	18.22654	-0.41917	9.04942	20.35373	0.07	0.00031	0.01381	2e-05	0.01381	284.84021	39.68077	
134.0	1	23.53478	-3.89581	-5.76961	-20879.27278	5425.20764	5118.45705	22171.50226	-407.70105	-1139.08138	-455.75226	1292.84053	0.05831	-2.43125	0.63173	0.59601	-2.58173	-58.1861	0.06446	
134.0	2	23.67642	3.92834	-5.72633	-8188.58213	-1746.70584	1980.45484	8603.83984	165.27441	-136.71683	562.77932	602.26878	0.07	0.81415	0.17367	-0.19691	0.85544	66.549	0.68821	
134.0	12	20.37382	9.1999	1.28149	-6.54995	-292.7707	-0.43864	292.84429	18.4239	-0.42563	8.97727	20.49909	0.07	0.00031	0.01384	2e-05	0.01384	278.53846	39.42196	
135.0	1	23.51089	-3.89801	-5.86414	-20983.17422	5462.13592	5233.96894	22305.22271	-425.84608	-1211.87226	-442.53063	1358.60687	0.06091	-2.44482	0.63641	0.60983	-2.59885	-56.56537	0.06892	
135.0	2	23.65358	3.92796	-5.82028	-8034.35124	-1715.27388	1976.98666	8449.93731	162.90706	-123.26296	555.09872	591.49561	0.07	0.79517	0.16976	-0.19566	0.8363	65.5113	0.72412	
135.0	12	20.37351	9.1999	1.3123	-6.78555	-301.98957	-0.46457	302.06616	19.07631	-0.44265	9.1101	21.14463	0.07	0.00032	0.01422	2e-05	0.01422	272.49962	39.13467	
136.0	1	23.4869	-3.89992	-5.95743	-21084.26501	5498.33524	5347.9221	22436.09128	-443.22541	-1283.90013	-427.41249	1423.91353	0.06347	-2.45872	0.64118	0.62364	-2.61636	-54.93716	0.07389	
136.0	2	23.6308	3.92744	-5.91249	-7876.66377	-1682.97118	1970.6711	8292.03044	160.3537	-110.12829	546.87432	580.44213	0.07	0.77587	0.16578	-0.19412	0.81679	64.5113	0.76318	
136.0	12	20.3725	9.1999	1.34865	-7.04504	-312.0339	-0.49479	312.11381	19.78207	-0.46132	9.26236	21.84798	0.07	0.00033	0.01464	2e-05	0.01465	266.53946	38.86176	
137.0	1	23.46334	-3.90183	-6.04784	-21195.03233	5537.03625	5463.44567	22577.36488	-458.2136	-1346.95913	-412.50352	1481.35673	0.06561	-2.47395	0.6463	0.63771	-2.6353	-53.36922	0.0788	
137.0	2	23.60845	3.92672	-6.00182	-7723.63998	-1651.50436	1963.60126	8138.66151	159.06004	-105.70784	536.74112	569.7063	0.07	0.75735	0.16194	-0.19254	0.79804	63.44848	0.79591	
137.0	12	20.37089	9.1999	1.3845	-7.33212	-323.24492	-0.52775	323.3285	20.56562	-0.4819	9.43798	22.63299	0.07	0.00034	0.01514	2e-05	0.01515	260.58702	38.5633	
138.0	1	23.43979	-3.90355	-6.13694	-21300.33843	5574.33672	5576.69927	22712.93072	-471.44718	-1405.37262	-395.92672	1534.30525	0.06755	-2.48882	0.65133	0.65161	-2.65388	-52.02815	0.08432	
138.0	2	23.5861	3.92557	-6.08996	-7569.7296	-1619.59726	1954.41953	7983.9625	158.12254	-104.61881	525.73386	558.87737	0.07	0.73867	0.15804	-0.19072	0.77909	62.21924	0.80141	
138.0	12	20.36861	9.1999	1.4241	-7.64413	-335.3198	-0.56496	335.40739	21.40963	-0.50428	9.62362	23.47851	0.07	0.00036	0.01569	3e-05	0.0157	254.78734	38.22267	
139.0	1	23.41665	-3.90533	-6.22322	-21428.46626	5617.61607	5695.03647	22872.91448	-485.25809	-1464.89299	-380.88081	1589.48327	0.06949	-2.50638	0.65706	0.66612	-2.67533	-50.54777	0.09296	
139.0	2	23.56425	3.92431	-6.17506	-7428.75497	-1590.36769	1946.78927	7842.55432	157.42537	-104.36196	515.46441	548.9788	0.07	0.7216	0.15448	-0.1891	0.7618	60.988	0.81573	
139.0	12	20.36589	9.1999	1.46188	-7.94327	-346.79076	-0.60171	346.88224	22.21395	-0.5258	9.79121	24.28176	0.07	0.00037	0.01623	3e-05	0.01624	248.67979	37.82563	
140.0	1	23.39348	-3.90707	-6.30787	-21514.69275	5650.13614	5801.17102	22988.24978	-487.16164	-1492.45679	-353.1268	1609.17751	0.07	-2.51919	0.66158	0.67927	-2.69173	-50.908	0.13511	
140.0	2	23.54253	3.92259	-6.25891	-7266.91486	-1556.38767	1931.85554	7678.70171	159.26225	-125.8253	497.71438	537.50914	0.07	0.7023	0.15042	-0.1867	0.7421	61.6688	0.83724	
140.0	12	20.36256	9.1999	1.50168	-8.45493	-367.23661	-0.65688	367.33452	23.60471	-0.56167	10.18134	25.71298	0.07	0.0004	0.01721	3e-05	0.01722	250.9521	38.68183	
141.0	1	23.3708	-3.90886	-6.39005	-21590.64919	5679.90565	5903.39204	23092.58535	-488.19371	-1503.2068	-339.18572	1616.48097	0.07	-2.5308	0.66578	0.69198	-2.70685	-47.49195	0.17695	
141.0	2	23.52106	3.92133	-6.33991	-7111.76624	-1524.00014	1916.93909	7521.59896	162.80763	-165.2051	472.66877	526.51193	0.07	0.68405	0.14659	-0.18438	0.72346	57.39538	0.77532	
141.0	12	20.35876	9.1999	1.53719	-8.87829	-383.73265	-0.70518	383.83599	24.75848	-0.59198	10.42136	26.86889	0.07	0.00042	0.01804	3e-05	0.01804	233.7544	36.46708	
142.0	1	23.34792	-3.91184	-6.47012	-21189.94326	5585.12746	5872.07273	22686.74905	-463.00528	-1446.33829	-295.13801	1547.05358	0.06819	-2.48376	0.65465	0.68829	-2.6592	-48.28734	0.08657	
142.0	2	23.49946	3.92213	-6.41919	-6787.73727	-1456.20623	1854.11872	7185.51807	162.36201	-217.85936	423.28603	502.98627	0.07	0.64875	0.13918	-0.17721	0.68677	56.01899	0.67804	
142.0	12	20.35459	9.1999	1.56831	-9.59973	-413.15993	-0.77716	413.27217	26.78793	-0.64292	10.90331	28.92903	0.07	0.00045	0.01951	4e-05	0.01952	232.32227	36.53448	
143.0	1	23.32532	-3.91628	-6.54781	-20885.71802	5516.28412	5862.99093	22383.41507	-423.47704	-1362.93027	-226.21756	1445.02114	0.06456	-2.4443	0.64558	0.68616	-2.61957	-46.07262	0.07628	
143.0	2	23.47731	3.92657	-6.4958	-6487.63623	-1394.8532	1795.03594	6874.38676	159.10758	-284.86334	353.69185	481.2071	0.07	0.61553	0.13234	-0.17031	0.65222	52.07931	0.61235	
143.0	12	20.34887	9.19988	1.59242	-10.85783	-465.95306	-0.89208	466.08041	30.32704	-0.72969	12.01268	32.62769	0.07	0.00052	0.02222	4e-05	0.02222	218.36747	34.59538	
144.0	1	23.30261	-3.9209	-6.62339	-20937.51271	5541.64589	5951.20135	22461.21268	-460.90266	-1483.97955	-239.69382	1572.28487	0.07	-2.44726	0.64773	0.6956	-2.62535	-45.51959	0.11928	
144.0	2	23.4558	3.93025	-6.57076	-6358.30882	-1369.70236	1781.16606	6743.64354	156.78194	-240.57009	374.67509	472.05505	0.07	0.59868	0.12897	-0.16771	0.63496	52.83778	0.66713	
144.0	12	20.34349	9.19986	1.61533	-10.30686	-440.98816	-0.85861	441.10942	28.74519	-0.69376	11.25654	30.87842	0.07	0.0005	0.02121	4e-05	0.02122	218.59043	35.11161	
145.0	1	23.28074	-3.92439	-6.69701	-21030.86567	5577.02719	6049.73934	22583.17713	-457.90282	-1498.32765	-210.56753	1580.82238	0.07	-2.45636	0.65138	0.7066	-2.63766	-43.92712	0.23004	
145.0	2	23.43497	3.93157	-6.64327	-6207.69883	-1338.94429	1759.77172	6589.77185	154.7814	-266.11555	343.5232	461.28403	0.07	0.5804	0.12519	-0.16453	0.61612	51.51989	0.70039	
145.0	12	20.33818	9.19984	1.63872	-10.99447	-468.62313	-0.92869	468.75301	30.60887	-0.7415	11.79938	32.81278	0.07	0.00053	0.02273	5e-05	0.02274	211.9758	34.41922	
146.0	1	23.25918	-3.92784	-6.76831	-21113.78596	5609.77714	6144.09633	22693.86429	-453.98591	-1511.65084	-179.9023	1588.57052	0.07	-2.46528	0.65501	0.71739	-2.64977	-41.90172	0.35585	
146.0	2	23.41481	3.93108	-6.71454	-6071.01861	-1310.40026	1740.85596	6450.19343	151.83271	-288.74665	312.14848	451.51354	0.07	0.56377	0.12169	-0.16166	0.59898	50.08378	0.77267	
146.0	12	20.33226	9.19982	1.6603	-11.72295	-497.60062	-1.00284	497.7397	32.57199	-0.79224	12.3459	34.84227	0.07	0.00057	0.02438	5e-05	0.02439	204.19153	33.61169	
147.0	1	23.23806	-3.93077	-6.8378	-21186.00512	5639.41046	6233.89754	22792.78925	-448.65019	-1524.14472	-145.94843	1595.49525	0.07	-2.47423	0.6586	0.72803	-2.66188	-40.55659	0.46306	
147.0	2	23.39551	3.92948	-6.78285	-5926.32828	-1279.64869	1718.16955	6301.66441	147.32923	-309.45869	277.69261	441.11651	0.07	0.54662	0.11803	-0.15848	0.58124	48.83083	0.82969	
147.0	12	20.32591	9.19982	1.68003	-12.52116	-528.86912	-1.08345	529.01843	34.69741	-0.84792	12.91103	37.03139	0.07	0.00062	0.02621	5e-05	0.02621	198.36307	33.03438	
148.0	1	23.21765	-3.93349	-6.90495	-21249.00851	5666.19613	6319.42512	22881.46138	-440.783	-1536.29819	-104.63528	1601.70232	0.07	-2.48197	0.66183	0.73813	-2.67264	-39.22796	0.51303	
148.0	2	23.37643	3.92738	-6.8495	-5778.26474	-1247.95246	1693.0508	6149.15846	141.51049	-326.30405	242.44584	430.44109	0.07	0.52943	0.11434	-0.15513	0.56342	46.70437	0.82916	
148.0	12	20.31929	9.19982	1.6959	-13.39494	-563.02282	-1.16971	563.18336	37.01609	-0.90877	13.5333	39.42293	0.07	0.00067	0.02824	6e-05	0.02825	190.65501	31.97095	
149.0	1	23.19734	-3.93641	-6.96984	-21308.13814	5692.35548	6402.26521	22965.81506	-432.74886	-1546.90527	-64.9048	1607.60695	0.07	-2.48963	0.66509	0.74804	-2.68332	-37.86445	0.67121	
149.0	2	23.35811	3.92438	-6.91422	-5631.21884	-1216.1182	1666.82406	5997.32203	134.09049	-341.71682	203.69568	419.81255	0.07	0.51249	0.11068	-0.1517	0.54581	45.48392	0.94617	
149.0	12	20.31251	9.19981	1.70738	-14.33504	-599.42529	-1.26009	599.598	39.50779	-0.97454	14.13917	41.97299	0.07	0.00073	0.03047	6e-05	0.03048	184.89598	31.41278	
150.0	1	23.17769	-3.93894	-7.03288	-21327.67645	5707.51399	6471.5108	23007.0848	-423.4594	-1553.62042	-25.35651	1610.49595	0.07	-2.4932	0.66721	0.75652	-2.68953	-37.68074	0.74723	
150.0	2	23.34039	3.92056	-6.97641	-5478.4165	-1182.75158	1637.51192	5838.95487	124.71797	-354.17717	161.436	408.72683	0.07	0.49517	0.1069	-0.14801	0.52775	44.20649	0.98334	
150.0	12	20.30566	9.19981	1.71335	-15.32204	-637.15947	-1.3515	637.3451	42.09039	-1.04346	14.75576	44.61415	0.07	0.00079	0.03286	7e-05	0.03287	181.65369	31.01503	
151.0	1	23.15855	-3.94182	-7.09353	-21334.26565	5719.2226	6534.77969	23033.96934	-411.27097	-1558.89373	21.65278	1612.37784	0.07	-2.4943	0.66866	0.76401	-2.69302	-37.02682	0.83373	
151.0	2	23.32292	3.917	-7.03687	-5314.96904	-1147.17756	1603.60151	5668.90201	113.05523	-362.44093	115.42828	396.82314	0.07	0.47697	0.10295	-0.14391	0.50873	42.18644	1.04289	
151.0	12	20.29875	9.19981	1.71322	-16.42269	-679.47596	-1.44866	679.67594	45.00006	-1.12048	15.40583	47.57731	0.07	0.00086	0.03558	8e-05	0.0356	175.71335	30.14203	
152.0	1	23.1396	-3.94506	-7.15197	-21299.71464	5720.29801	6583.4426	23016.11108	-397.1255	-1559.82579	70.48114	1611.12779	0.07	-2.49039	0.66882	0.76974	-2.69107	-35.88632	1.03688	
152.0	2	23.30614	3.91305	-7.09536	-5156.89669	-1112.62414	1569.97128	5504.20982	99.33778	-366.23597	66.74753	385.29471	0.07	0.45939	0.09911	-0.13986	0.49033	39.66328	1.2237	
152.0	12	20.29214	9.19981	1.70368	-17.6022	-724.50423	-1.54455	724.71967	48.15359	-1.20385	15.91841	50.73079	0.07	0.00094	0.03856	8e-05	0.03857	167.57958	29.00022	
153.0	1	23.12125	-3.9484	-7.20844	-21272.19576	5723.24451	6631.99118	23005.32867	-380.51475	-1559.73033	125.50285	1610.37298	0.07	-2.48657	0.66901	0.77523	-2.68916	-36.83534	1.29888	
153.0	2	23.28994	3.90767	-7.15204	-4993.04658	-1076.39632	1533.25275	5332.91732	81.8672	-364.04972	11.02554	373.30417	0.07	0.44117	0.09511	-0.13547	0.4712	37.82041	1.46883	
153.0	12	20.28627	9.19982	1.67911	-19.00447	-777.9422	-1.64459	778.17603	51.9159	-1.30301	16.43711	54.47144	0.07	0.00103	0.0421	9e-05	0.04211	165.61782	28.6895	
154.0	1	23.10344	-3.95219	-7.26256	-21246.62108	5726.8757	6678.82633	22996.14606	-358.86701	-1557.22435	193.64465	1609.73025	0.07	-2.48239	0.66911	0.78033	-2.68679	-38.09031	1.88586	
154.0	2	23.27441	3.90131	-7.20657	-4827.8652	-1039.63619	1494.84257	5159.81396	59.45103	-352.29515	-53.00706	361.187	0.07	0.4229	0.09107	-0.13094	0.45198	33.29576	2.06385	
154.0	12	20.28163	9.19985	1.62955	-20.77211	-845.7182	-1.74662	845.97506	56.88469	-1.43104	16.39733	59.21814	0.07	0.00114	0.0466	0.0001	0.04661	158.40117	27.41125	
155.0	1	23.08595	-3.95663	-7.3139	-21234.8341	5735.19208	6727.45224	23001.50476	-335.91576	-1552.51719	263.23023	1610.10533	0.07	-2.4799	0.66978	0.78566	-2.68622	-46.49745	4.06732	
155.0	2	23.26002	3.89208	-7.25949	-4669.82447	-1003.62844	1457.4896	4993.87691	33.71063	-327.49943	-117.50683	349.57136	0.07	0.40535	0.08712	-0.12651	0.43348	22.07333	4.38844	
155.0	3	20.28245	9.1999	1.49767	-23.0153	-930.67574	-1.78444	930.96198	63.97505	-1.60567	12.30379	65.16724	0.07	0.00129	0.05225	0.0001	0.05227	152.2433	26.21217	
156.0	1	23.06924	-3.96201	-7.36203	-21192.68297	5736.69442	6763.25036	22973.48537	-324.18979	-1547.00056	296.33948	1608.14391	0.07	-2.4735	0.66956	0.78937	-2.68135	-56.86434	6.27767	
156.0	2	23.2463	3.87978	-7.31201	-4541.68071	-973.27927	1428.54723	4859.51473	21.69845	-308.66384	-141.31048	340.1659	0.07	0.39049	0.08368	-0.12283	0.41782	8.8939	6.87804	
156.0	3	20.29313	9.1999	1.18622	-24.91047	-997.92551	-1.54642	998.23757	69.64082	-1.74688	5.47791	69.87777	0.07	0.00143	0.05714	9e-05	0.05716	146.12913	24.57161	
157.0	1	23.0532	-3.96766	-7.40778	-21120.75079	5730.06681	6786.76905	22912.44233	-321.67495	-1542.183	300.9967	1603.871	0.07	-2.46261	0.66811	0.79131	-2.67151	-56.65596	6.02557	
157.0	2	23.23281	3.86721	-7.36293	-4428.29229	-946.15444	1403.34386	4740.71248	16.66197	-296.78942	-147.52233	331.84999	0.07	0.37724	0.0806	-0.11955	0.40386	6.5879	6.71261	
157.0	3	20.30173	9.1999	0.80131	-26.36713	-1046.43628	-1.13441	1046.76903	73.1028	-1.84699	4.62085	73.27198	0.07	0.00154	0.06111	7e-05	0.06113	140.65142	22.56686	
158.0	1	23.03763	-3.97329	-7.4515	-21044.46372	5721.66335	6806.718	22845.96889	-322.22015	-1538.06873	296.67179	1599.21712	0.07	-2.45101	0.66639	0.79277	-2.66083	-53.27112	5.48978	
158.0	2	23.21981	3.85646	-7.41108	-4319.01711	-920.51514	1378.50968	4626.18048	12.94753	-286.36099	-150.65476	323.83192	0.07	0.35269	0.07517	-0.11257	0.37778	5.32328	6.20868	
158.0	3	20.30253	9.2	0.44353	-27.687	-1090.16964	-0.70162	1090.52139	76.19809	-1.93787	4.15486	76.33588	0.07	0.00165	0.06489	4e-05	0.06491	130.38614	20.11192	
159.0	1	23.02268	-3.97862	-7.49303	-21045.52609	5733.72409	6849.51813	22862.75703	-322.23175	-1538.99098	298.21266	1600.39286	0.07	-2.44855	0.66709	0.79691	-2.65997	-50.98901	5.1309	
159.0	2	23.20735	3.84584	-7.45739	-4233.60279	-900.08589	1360.40549	4536.98692	11.74265	-280.2763	-148.89608	317.58895	0.07	0.35038	0.07449	-0.11259	0.37549	5.82519	5.80531	
159.0	3	20.2971	9.2	0.11207	-29.00828	-1133.9819	-0.26073	1134.3529	79.22263	-2.02773	4.97826	79.40479	0.07	0.00176	0.06874	2e-05	0.06876	126.4958	18.87254	
160.0	1	23.00854	-3.98335	-7.53259	-21099.88497	5759.60295	6907.84945	22936.7948	-323.02865	-1543.7741	300.47825	1605.57565	0.07	-2.45326	0.66966	0.80317	-2.66683	-47.38984	4.63605	
160.0	2	23.19547	3.835	-7.5015	-4160.05532	-882.17138	1345.34953	4460.29729	11.20657	-275.68931	-146.12207	312.22082	0.07	0.34515	0.07319	-0.11162	0.37006	6.63001	5.23421	
160.0	3	20.28655	9.2	-0.19516	-30.34495	-1177.87361	0.18825	1178.26444	82.19265	-2.11644	6.52747	82.4786	0.07	0.00187	0.07268	-1e-05	0.0727	120.35078	17.38265	
161.0	1	22.99511	-3.98736	-7.5706	-21165.00871	5787.36982	6968.10303	23021.85272	-325.24262	-1549.74133	299.24405	1611.52969	0.07	-2.45945	0.67251	0.80972	-2.67522	-44.41319	4.20684	
161.0	2	23.18409	3.82448	-7.54313	-4087.91366	-864.68815	1330.04245	4384.94431	9.78009	-270.07925	-145.52479	306.94612	0.07	0.33646	0.07117	-0.10947	0.3609	6.97292	4.75956	
161.0	8	20.27202	9.2	-0.47142	-31.68203	-1221.88245	0.63082	1222.29329	85.16355	-2.2041	7.9329	85.56062	0.07	0.00199	0.07671	-4e-05	0.07674	114.56257	15.98485	
162.0	1	22.98238	-3.99103	-7.60669	-21224.55818	5812.9513	7024.84287	23100.23139	-327.21464	-1555.21626	298.28571	1617.0162	0.07	-2.46565	0.67529	0.81608	-2.68355	-41.43922	3.79699	
162.0	2	23.17315	3.81434	-7.5831	-4018.57574	-847.93835	1314.96308	4312.433	8.38688	-264.6266	-145.01071	301.87031	0.07	0.32832	0.06928	-0.10743	0.35233	7.12839	4.31507	
162.0	8	20.25491	9.2001	-0.72097	-32.95996	-1263.87718	1.06373	1264.30733	87.97994	-2.28654	9.32099	88.50185	0.07	0.0021	0.08069	-7e-05	0.08072	108.35515	14.66372	
163.0	1	22.97011	-3.99441	-7.64069	-21283.20722	5837.92891	7079.48402	23177.04506	-330.18211	-1560.89589	294.52218	1622.39315	0.07	-2.47212	0.6781	0.82231	-2.6921	-38.9747	3.61995	
163.0	2	23.16301	3.80393	-7.6208	-3949.02107	-831.12515	1299.14686	4239.49513	8.49677	-260.93422	-141.10419	296.76465	0.07	0.32027	0.0674	-0.10536	0.34382	6.91077	4.08529	
163.0	8	20.2358	9.2001	-0.95027	-34.14494	-1302.08586	1.49037	1302.53433	90.60378	-2.36456	9.93391	91.1774	0.07	0.00222	0.08447	-0.0001	0.0845	102.45039	13.61494	
164.0	1	22.9586	-3.99719	-7.6729	-21251.28687	5837.05384	7102.33681	23154.51531	-336.65801	-1561.29191	275.81472	1620.81609	0.07	-2.46841	0.678	0.82496	-2.68948	-29.75573	2.29152	
164.0	2	23.15354	3.79461	-7.65573	-4029.59356	-846.15167	1332.31533	4327.6623	15.10495	-273.99602	-128.32952	302.93637	0.07	0.32468	0.06818	-0.10735	0.3487	12.09287	2.53011	
164.0	8	20.21703	9.2001	-1.13259	-34.1893	-1297.37855	1.80291	1297.83021	88.43474	-2.30175	20.68008	90.84969	0.07	0.00225	0.08547	-0.00012	0.0855	93.48316	12.10642	
164.0	11	-22.44768	-5.86965	7.38941	61.09301	23.95222	-20.11741	68.63509	1.38558	0.32032	4.58915	4.80445	0.07	0.00023	9e-05	-7e-05	-0.00025	-26.74483	78.83581	
165.0	1	22.94786	-3.99893	-7.70353	-21232.67202	5837.67082	7127.90169	23145.44759	-337.69282	-1560.9899	272.50998	1620.18134	0.07	-2.46602	0.678	0.82785	-2.68817	-26.38078	1.70736	
165.0	2	23.14401	3.78922	-7.68762	-4098.72363	-859.68389	1361.44156	4403.64791	17.96528	-281.7261	-123.81044	308.25537	0.07	0.329	0.06901	-0.10928	0.35347	13.97871	1.85404	
165.0	8	20.20241	9.2001	-1.23104	-34.40252	-1301.46613	1.98382	1301.92226	87.2376	-2.26597	26.26755	91.13461	0.07	0.0023	0.08696	-0.00013	0.08699	90.18359	11.41878	
165.0	11	-22.44846	-5.8366	7.42549	121.96689	47.74171	-40.35093	137.05251	2.86025	0.42429	9.14755	9.59368	0.07	0.00093	0.00036	-0.00031	-0.00104	-27.96908	75.76165	
166.0	1	22.93787	-4.00001	-7.73248	-21243.45685	5845.06842	7161.40016	23167.54056	-336.28926	-1562.04373	277.3628	1621.72784	0.07	-2.46707	0.67881	0.83168	-2.69052	-24.65245	1.56035	
166.0	2	23.13472	3.78565	-7.71755	-4118.6929	-863.32495	1373.96586	4426.8209	16.91712	-282.29902	-126.66934	309.87747	0.07	0.32984	0.06914	-0.11003	0.35452	13.10039	1.686	
166.0	8	20.18882	9.2001	-1.30976	-34.96015	-1319.52456	2.15431	1319.98937	88.18753	-2.29161	27.4833	92.39926	0.07	0.00237	0.08936	-0.00015	0.08939	84.38167	10.52342	
166.0	11	-22.44612	-5.81495	7.45776	163.18908	63.73975	-54.22438	183.39497	3.86903	0.49907	12.23056	12.83764	0.07	0.00161	0.00063	-0.00053	-0.0018	-26.13801	70.87474	
167.0	1	22.92859	-4.00082	-7.75948	-21271.04611	5856.50235	7198.53496	23207.21715	-334.31944	-1564.05311	284.57962	1624.50521	0.07	-2.47027	0.68013	0.83599	-2.69513	-23.57818	1.56865	
167.0	2	23.12594	3.78264	-7.74561	-4111.16363	-861.31701	1376.93785	4420.34968	14.85768	-280.02399	-130.80262	309.42448	0.07	0.32868	0.06886	-0.11008	0.3534	11.50941	1.69877	
167.0	8	20.17515	9.2001	-1.38708	-35.6608	-1343.20553	2.33627	1343.68085	90.0799	-2.34464	26.96216	94.05766	0.07	0.00245	0.09216	-0.00016	0.0922	78.44593	9.67474	
167.0	11	-22.44276	-5.79812	7.48723	190.85823	74.42736	-63.6753	214.52468	4.53033	0.6199	14.30364	15.01674	0.07	0.00213	0.00083	-0.00071	-0.0024	-23.62589	65.95898	
168.0	1	22.91994	-4.00166	-7.78449	-21291.03581	5865.67026	7231.14915	23237.98209	-333.64172	-1565.84507	287.80392	1626.65875	0.07	-2.47245	0.68116	0.83973	-2.69854	-21.76954	1.51428	
168.0	2	23.11771	3.78003	-7.77179	-4108.5802	-860.42267	1381.1738	4419.09487	14.36178	-279.63498	-131.48074	309.33666	0.07	0.32799	0.06869	-0.11026	0.35278	10.0442	1.63835	
168.0	8	20.1612	9.2001	-1.46547	-36.22551	-1361.83392	2.51576	1362.31796	91.51721	-2.38508	26.69955	95.36223	0.07	0.00252	0.09463	-0.00017	0.09466	71.14181	8.69991	
168.0	11	-22.44033	-5.78113	7.51406	216.04045	84.06821	-72.34836	242.84815	5.13322	0.74052	16.18887	16.99935	0.07	0.00261	0.00102	-0.00087	-0.00294	-21.00596	59.86363	
169.0	1	22.91188	-4.0024	-7.80739	-21309.18036	5874.13702	7261.08639	23266.07033	-333.76793	-1567.69006	288.73162	1628.62491	0.07	-2.47488	0.68223	0.84331	-2.70216	-20.82378	1.5302	
169.0	2	23.11018	3.77741	-7.79588	-4103.60445	-859.0017	1384.19334	4415.13812	14.45519	-279.68421	-130.71212	309.05965	0.07	0.32723	0.0685	-0.11038	0.35207	9.12797	1.64317	
169.0	8	20.14733	9.20011	-1.54186	-36.74252	-1378.55837	2.69283	1379.05056	92.88429	-2.4245	26.17801	96.53319	0.07	0.00258	0.09696	-0.00019	0.097	66.99252	8.16168	
169.0	11	-22.43797	-5.76421	7.54006	237.63293	92.28195	-79.85475	267.13695	5.61734	0.9472	17.81077	18.69961	0.07	0.00313	0.00122	-0.00105	-0.00352	-19.42583	56.43232	
170.0	1	22.90456	-4.00299	-7.82823	-21317.07208	5879.45051	7285.52995	23282.27753	-334.54158	-1568.96487	287.30982	1629.75942	0.07	-2.47631	0.68299	0.84633	-2.70459	-18.67566	1.38155	
170.0	2	23.10344	3.77464	-7.8177	-4120.55621	-862.10722	1394.22418	4434.64468	16.03272	-282.6325	-127.37967	310.42513	0.07	0.32826	0.06868	-0.11107	0.35328	8.509	1.46839	
170.0	8	20.13397	9.20017	-1.61307	-37.05479	-1387.57138	2.84877	1388.06898	93.22394	-2.43351	27.28328	97.16482	0.07	0.00264	0.09872	-0.0002	0.09875	60.81654	7.37278	
170.0	11	-22.43512	-5.7518	7.56233	267.04025	103.57	-90.0197	300.23455	6.33421	1.06111	20.01103	21.01641	0.07	0.0037	0.00144	-0.00125	-0.00416	-17.826	51.21727	
171.0	1	22.89796	-4.00346	-7.84709	-21321.93861	5883.55678	7306.92997	23294.47428	-335.53494	-1570.04315	285.09685	1630.6132	0.07	-2.47731	0.68359	0.84896	-2.70649	-16.86171	1.25994	
171.0	2	23.09738	3.77213	-7.8373	-4139.20919	-865.60354	1404.45936	4455.87571	17.60971	-285.60636	-124.1272	311.9113	0.07	0.3295	0.06891	-0.1118	0.35471	7.92642	1.3297	
171.0	8	20.12147	9.20017	-1.67515	-37.30941	-1394.62857	2.98547	1395.13073	93.46909	-2.44015	28.19345	97.65908	0.07	0.00268	0.10029	-0.00021	0.10032	55.46654	6.69785	
171.0	11	-22.43176	-5.74224	7.58292	294.80173	114.23778	-99.66054	331.49745	7.0185	1.15727	22.08767	23.20483	0.07	0.0042	0.00163	-0.00142	-0.00472	-16.40362	46.70083	
172.0	1	22.89204	-4.00384	-7.86401	-21333.27486	5889.09866	7328.544	23313.03619	-336.18882	-1571.42735	284.13313	1631.91252	0.07	-2.47907	0.68435	0.85162	-2.70913	-15.01438	1.16096	
172.0	2	23.09183	3.76981	-7.85492	-4145.0726	-866.45223	1409.97561	4463.22725	18.24396	-286.78598	-122.60056	312.42589	0.07	0.3298	0.06894	-0.11218	0.35511	6.9496	1.21739	
172.0	8	20.10963	9.20018	-1.73022	-37.62907	-1404.31747	3.11615	1404.82498	94.09413	-2.4581	28.46973	98.33755	0.07	0.00273	0.10202	-0.00023	0.10205	49.15767	5.89673	
172.0	11	-22.42852	-5.73445	7.60118	314.86228	121.93757	-106.71272	354.11104	7.51325	1.24329	23.58896	24.78778	0.07	0.00437	0.00169	-0.00148	-0.00491	-14.45913	41.39887	
173.0	1	22.88682	-4.00414	-7.87899	-21340.65683	5893.20994	7346.7691	23326.56369	-336.54703	-1572.40922	283.71696	1632.85944	0.07	-2.48023	0.68492	0.85385	-2.71104	-13.22433	1.06676	
173.0	2	23.08688	3.76787	-7.87052	-4143.42191	-865.80348	1412.53475	4462.37775	19.18843	-287.72686	-120.07433	312.36643	0.07	0.32389	0.06768	-0.11042	0.34883	5.99033	1.11474	
173.0	8	20.09843	9.2002	-1.77954	-37.92005	-1413.1556	3.23534	1413.66798	94.7457	-2.47723	28.45234	98.95666	0.07	0.00278	0.10365	-0.00024	0.10369	43.01231	5.14065	
173.0	11	-22.42716	-5.72297	7.61801	330.02778	127.60539	-112.10463	371.17236	7.88124	1.33541	24.72186	25.98207	0.07	0.00438	0.00169	-0.00149	-0.00492	-12.54532	36.23951	
174.0	1	22.88228	-4.00439	-7.892	-21350.9145	5897.81763	7363.92846	23342.52012	-338.57492	-1573.98558	278.95377	1633.97637	0.07	-2.48192	0.68559	0.85601	-2.71343	-11.3307	0.968	
174.0	2	23.08257	3.76614	-7.88412	-4144.80849	-865.81893	1415.71904	4464.67695	21.29534	-289.85074	-114.9191	312.52735	0.07	0.3037	0.06344	-0.10373	0.32714	5.12025	1.00423	
174.0	8	20.08789	9.2002	-1.82291	-38.1165	-1418.63055	3.33638	1419.14645	95.12827	-2.4889	28.51026	99.33991	0.07	0.00282	0.10502	-0.00025	0.10506	36.83162	4.40189	
174.0	11	-22.42534	-5.71492	7.63239	344.28161	132.97439	-117.1745	387.22329	8.21459	1.45721	25.78976	27.10562	0.07	0.00422	0.00163	-0.00144	-0.00475	-10.72269	31.04003	
175.0	1	22.87839	-4.00458	-7.90315	-21356.69622	5900.90295	7377.58914	23352.90026	-342.34362	-1575.61799	269.22619	1634.70301	0.07	-2.48287	0.68602	0.8577	-2.71495	-9.14941	0.85302	
175.0	2	23.07886	3.7647	-7.89581	-4145.84007	-865.8098	1418.39181	4466.48092	24.58579	-292.79342	-106.86375	312.65366	0.07	0.26662	0.05568	-0.09122	0.28724	4.15464	0.87803	
175.0	8	20.07813	9.2002	-1.85984	-38.22693	-1421.07402	3.41826	1421.59218	95.35473	-2.49685	28.35084	99.51145	0.07	0.00285	0.10612	-0.00026	0.10616	29.79007	3.57748	
175.0	11	-22.42398	-5.70767	7.64451	353.08717	136.24239	-120.37158	397.14211	8.40053	1.59973	26.452	27.79993	0.07	0.00375	0.00145	-0.00128	-0.00422	-8.67711	25.11395	
176.0	1	22.8752	-4.00473	-7.91233	-21363.27928	5903.94263	7389.4445	23363.43575	-344.11716	-1576.73008	264.89851	1635.44048	0.07	-2.48368	0.68639	0.85909	-2.71622	-7.69924	0.76474	
176.0	2	23.07581	3.76356	-7.90539	-4146.9034	-865.85743	1420.66022	4468.19789	27.44304	-295.15659	-99.7845	312.77385	0.07	0.23721	0.04953	-0.08126	0.25559	3.55869	0.78275	
176.0	8	20.06923	9.2002	-1.89013	-38.33471	-1423.58139	3.48753	1424.10171	95.48522	-2.50137	28.52776	99.6871	0.07	0.00289	0.10717	-0.00026	0.10721	25.21094	3.04114	
176.0	11	-22.42294	-5.70123	7.65477	361.3958	139.32339	-123.37228	406.49557	8.58907	1.69514	27.07436	28.45464	0.07	0.00344	0.00133	-0.00117	-0.00387	-7.37747	21.25737	
177.0	1	22.87268	-4.00489	-7.91955	-21365.28854	5905.49845	7397.66733	23368.26798	-348.2739	-1577.98684	253.84034	1635.77874	0.07	-2.48419	0.68665	0.86014	-2.71708	-5.7504	0.66498	
177.0	2	23.07342	3.76264	-7.91291	-4146.98453	-865.73235	1422.18384	4468.73361	32.14666	-298.46673	-87.94966	312.81134	0.07	0.18494	0.03861	-0.06342	0.19929	2.65334	0.67515	
177.0	8	20.0612	9.2002	-1.91417	-38.32884	-1422.02221	3.53457	1422.54306	95.65606	-2.50979	27.55719	99.578	0.07	0.00291	0.10789	-0.00027	0.10793	18.82086	2.30714	
177.0	11	-22.42223	-5.69586	7.66287	366.69081	141.26039	-125.3139	412.45633	8.62481	1.99054	27.48158	28.8719	0.07	0.00273	0.00105	-0.00093	-0.00307	-5.50035	15.8855	
178.0	1	22.87082	-4.00504	-7.92484	-21360.17383	5904.86865	7401.42937	23364.62404	-330.10597	-1573.0747	302.33059	1635.52369	0.07	-2.48366	0.68659	0.8606	-2.71673	-5.55546	0.75541	
178.0	2	23.07166	3.76195	-7.91848	-4166.70151	-869.73919	1430.05988	4490.31391	18.64646	-289.25201	-121.58902	314.32197	0.07	0.02641	0.00551	-0.00906	0.02846	0.35783	0.79063	
178.0	8	20.05366	9.2002	-1.93575	-38.70349	-1434.73929	3.61233	1435.26577	100.10707	-2.68014	8.08209	100.46855	0.07	0.00296	0.10964	-0.00028	0.10968	13.25019	1.56606	
178.0	11	-22.42187	-5.69138	7.66893	371.53169	143.03826	-127.06926	417.90231	8.45037	2.8051	27.86525	29.25319	0.07	0.00128	0.00049	-0.00044	-0.00144	-2.43005	11.34299	
179.0	1	22.86972	-4.0052	-7.9279	-21338.01199	5899.2497	7396.95141	23341.52507	-283.37689	-1553.05744	421.14297	1633.90676	0.07	-2.48097	0.68591	0.86004	-2.71392	-8.3742	1.23893	
179.0	2	23.07041	3.76167	-7.92227	-4208.85236	-878.51096	1445.29556	4535.97828	-2.10584	-268.56187	-169.37553	317.51848	0.07	-0.30918	-0.06453	0.10617	-0.33321	-5.14093	1.39026	
179.0	8	20.04252	9.2002	-1.99117	-39.83912	-1475.93931	3.8309	1476.48186	63.73274	-1.93143	-81.34128	103.35374	0.07	0.00307	0.11364	-0.00029	0.11368	7.26665	1.31722	
179.0	11	-22.42236	-5.68586	7.67358	397.61011	152.94559	-136.06667	447.21393	7.40702	7.06366	29.58449	31.30498	0.07	-0.00217	-0.00083	0.00074	0.00244	3.75894	6.86953	
180.0	1	22.86943	-4.00554	-7.92848	-21273.50234	5881.82818	7375.22115	23271.26322	-265.14716	-1539.21283	462.73549	1628.98842	0.07	-2.47298	0.68375	0.85735	-2.70522	-12.16597	1.76636	
180.0	2	23.0697	3.7617	-7.92433	-4246.80555	-886.46865	1458.75137	4577.02301	-15.42483	-251.58017	-197.78847	320.39161	0.07	-0.33817	-0.07059	0.11616	-0.36447	-11.70689	2.13089	
180.0	8	20.0253	9.2002	-2.09976	-40.63913	-1505.02034	4.1316	1505.57459	-0.41936	-0.27799	-105.38902	105.39022	0.07	0.00073	0.02712	-7e-05	0.02713	1.07554	2.4451	
180.0	11	-22.42419	-5.67786	7.67696	422.74217	162.3877	-144.72132	475.42083	-0.51516	22.8766	24.16438	33.27945	0.07	-0.00653	-0.00251	0.00223	0.00734	10.99695	2.83208	
181.0	1	22.8698	-4.00602	-7.92704	-21221.19744	5867.61311	7355.64183	23213.65053	-272.36646	-1539.66536	442.41118	1624.95556	0.07	-2.46591	0.68182	0.85473	-2.69743	-16.29485	2.22128	
181.0	2	23.06925	3.76247	-7.92516	-4299.17516	-897.61865	1476.92395	4633.56565	-26.49296	-236.21935	-220.68351	324.34961	0.07	-0.34292	-0.0716	0.11781	-0.36959	-18.03257	2.88955	
181.0	8	20.00101	9.2002	-2.2664	-40.76117	-1509.77898	4.48856	1510.33579	-19.71753	0.22354	-103.8683	105.72348	0.07	-0.00239	-0.08871	0.00026	-0.08874	-3.82301	3.92965	
181.0	11	-22.42656	-5.66913	7.67955	443.97094	170.27081	-152.02724	499.21401	-15.76169	26.68867	-16.1381	34.94502	0.07	-0.0099	-0.0038	0.00339	0.01113	17.80011	3.09842	
182.0	1	22.87112	-4.00645	-7.92288	-21224.39121	5868.49775	7352.48112	23215.79262	-273.17881	-1540.1642	440.72145	1625.10548	0.07	-2.46549	0.6817	0.85409	-2.69682	-20.02136	2.68986	
182.0	2	23.06949	3.76298	-7.92414	-4351.00473	-908.5665	1494.52186	4689.38491	-32.90638	-227.64665	-234.19393	328.25695	0.07	-0.34783	-0.07263	0.11948	-0.37488	-24.92938	3.65457	
182.0	8	19.96816	9.2002	-2.49274	-41.04232	-1520.73318	4.99262	1521.2951	-29.73555	0.46682	-102.2538	106.49066	0.07	-0.00323	-0.11982	0.00039	-0.11987	-10.90063	5.6452	
182.0	11	-22.43067	-5.65661	7.68114	502.40045	192.23458	-172.04118	564.76413	-16.95382	15.52367	-32.16335	39.5335	0.07	-0.01226	-0.00469	0.0042	0.01378	25.48415	8.07496	
183.0	1	22.87327	-4.00684	-7.91632	-21199.99881	5861.51031	7337.29167	23186.91661	-268.04189	-1535.5839	452.25857	1623.08416	0.07	-2.46188	0.68068	0.85205	-2.69262	-24.05643	2.98595	
183.0	2	23.07027	3.76349	-7.92157	-4410.35126	-921.06452	1514.36611	4753.19501	-40.56879	-216.19076	-249.64125	332.72365	0.07	-0.35352	-0.07383	0.12139	-0.381	-31.3871	4.31452	
183.0	8	19.92495	9.20026	-2.77725	-41.09759	-1523.97349	5.59718	1524.53781	-33.78982	0.53945	-101.22554	106.71763	0.07	-0.00326	-0.12092	0.00044	-0.12096	-16.30533	7.22795	
183.0	11	-22.43508	-5.64424	7.6817	535.99455	204.63326	-183.51912	602.3655	-17.17412	12.23843	-36.51306	42.16555	0.07	-0.01346	-0.00514	0.00461	0.01512	32.48294	12.08013	
184.0	1	22.87626	-4.00721	-7.90735	-21165.43288	5851.40798	7316.09883	23146.05423	-261.84966	-1529.56693	465.81638	1620.2238	0.07	-2.45726	0.67934	0.84938	-2.68721	-27.85528	3.14902	
184.0	2	23.07156	3.76423	-7.91736	-4476.79705	-935.09191	1536.28886	4824.55098	-48.95936	-202.41023	-265.8701	337.71857	0.07	-0.36	-0.07519	0.12354	-0.38796	-37.95008	4.91479	
184.0	8	19.86928	9.2003	-3.11749	-41.15207	-1528.27084	6.32485	1528.83788	-36.9209	0.57847	-100.44652	107.01864	0.07	-0.00329	-0.12205	0.00051	-0.1221	-22.47486	8.87449	
184.0	11	-22.43881	-5.63497	7.68084	565.43653	215.53185	-193.53639	635.31786	-17.26253	9.48356	-39.8729	44.47225	0.07	-0.01455	-0.00555	0.00498	0.01635	39.69692	16.74459	
185.0	1	22.88011	-4.00751	-7.89591	-21125.33625	5839.42772	7290.46895	23098.26153	-254.7987	-1522.4633	481.12216	1616.8783	0.07	-2.45177	0.67771	0.84612	-2.68075	-31.69146	3.1859	
185.0	2	23.07336	3.7653	-7.91147	-4536.88907	-947.86741	1555.6428	4888.95076	-57.84352	-185.49371	-281.71833	342.22654	0.07	-0.3661	-0.07649	0.12553	-0.39451	-44.4398	5.4813	
185.0	8	19.79817	9.2003	-3.51163	-41.32092	-1538.22368	7.19573	1538.7954	-38.576	0.5658	-100.56959	107.71569	0.07	-0.00332	-0.12362	0.00058	-0.12367	-28.39667	10.50702	
185.0	11	-22.44229	-5.62794	7.67829	581.14751	221.2623	-198.81009	652.85135	-17.10378	7.4361	-41.72067	45.69955	0.07	-0.01527	-0.00581	0.00522	0.01715	46.79987	21.26407	
186.0	1	22.8847	-4.00775	-7.8824	-21105.49543	5832.7387	7269.676	23071.86527	-246.33304	-1515.53112	500.8086	1615.03059	0.07	-2.44871	0.67673	0.84345	-2.67686	-34.39468	3.07247	
186.0	2	23.07558	3.76652	-7.90426	-4582.09784	-957.56255	1569.57247	4937.21626	-67.14013	-164.56427	-296.40123	345.6051	0.07	-0.3711	-0.07755	0.12712	-0.39986	-51.50044	5.989	
186.0	8	19.70888	9.20036	-3.95714	-41.57221	-1552.90617	8.21175	1553.48423	-40.61709	0.55393	-100.87259	108.74435	0.07	-0.00336	-0.12556	0.00066	-0.12561	-38.13129	12.40237	
186.0	11	-22.44579	-5.6221	7.67439	600.39548	228.36853	-205.25735	674.3571	-17.0036	5.42543	-43.7007	47.20497	0.07	-0.01605	-0.00611	0.00549	0.01803	55.03088	29.01603	
187.0	1	22.89012	-4.00824	-7.86625	-20629.61973	5699.41624	7089.47752	22546.06944	-204.11176	-1455.1556	575.89427	1578.22484	0.07	-2.39098	0.66056	0.82167	-2.6131	-38.96771	3.30634	
187.0	2	23.07778	3.77109	-7.89506	-4803.38295	-1005.04915	1643.30287	5175.23486	-71.01719	-170.3136	-311.74795	362.26641	0.07	-0.39088	-0.08179	0.13372	-0.42114	-57.88349	6.55181	
187.0	8	19.59122	9.2004	-4.45195	-61.92554	-2325.72406	13.86765	2326.58967	-63.01313	0.78236	-150.17508	162.86136	0.07	-0.00508	-0.19068	0.00114	-0.19075	-42.15199	13.73345	
187.0	11	-22.44769	-5.62257	7.66826	187.73057	71.40086	-64.12258	210.83775	-4.79926	0.08477	-13.95632	14.75869	0.07	-0.00501	-0.00191	0.00171	0.00563	61.73521	31.63104	
188.0	1	22.89638	-4.00879	-7.84764	-20021.13409	5527.66281	6862.13242	21874.40806	-150.15265	-1370.59758	665.9701	1531.20858	0.07	-2.3145	0.63901	0.79328	-2.52875	-42.19358	2.829	
188.0	2	23.07888	3.78456	-7.88365	-5356.87118	-1125.19014	1829.90821	5771.54102	-92.15886	-151.56726	-362.98275	404.00788	0.07	-0.43978	-0.09237	0.15023	-0.47382	-63.15347	6.80208	
188.0	8	19.43528	9.20046	-4.98781	-79.23432	-3002.98777	20.07007	3004.09994	-93.74404	1.21543	-188.23187	210.28708	0.07	-0.00669	-0.25367	0.0017	-0.25377	-46.66524	15.09519	
189.0	1	22.90321	-4.00696	-7.82917	-19178.10837	5285.80238	6555.8192	20945.60366	-105.94456	-1274.25439	717.47564	1466.19228	0.07	-1.85291	0.51069	0.6334	-2.02368	-3.02782	0.81871	
189.0	2	23.07872	3.81187	-7.86749	-6276.17636	-1328.75617	2139.47623	6762.64306	-109.8592	-170.07457	-427.90067	473.38503	0.07	-0.52452	-0.11105	0.1788	-0.56518	-26.81609	1.87704	
189.0	8	19.33317	9.2005	-5.22613	-96.45124	-3699.68768	25.74448	3701.03426	-198.53348	4.01793	-166.3936	259.07241	0.07	-0.0085	-0.326	0.00227	-0.32612	-52.95035	8.58668	
190.0	1	22.91098	-4.00321	-7.80941	-18594.88819	5112.04841	6338.34682	20299.69326	-64.83527	-1191.83617	771.0401	1420.97851	0.07	-1.01147	0.27807	0.34478	-1.10421	-1.53379	0.85413	
190.0	2	23.07767	3.84895	-7.84756	-6967.81941	-1490.9858	2369.32679	7509.14479	-125.29321	-175.96779	-479.20191	525.64011	0.07	-0.59694	-0.12773	0.20298	-0.64332	-28.89697	1.84475	
190.0	8	19.24534	9.2005	-5.3588	-107.60899	-4189.48584	29.59006	4190.97206	-229.83727	4.6162	-182.25915	293.36816	0.07	-0.00998	-0.3887	0.00275	-0.38884	-60.7207	9.50516	
191.0	1	22.91952	-3.99894	-7.78779	-18548.52305	5086.25392	6302.67694	20239.60037	-85.30447	-1212.67882	727.58299	1416.77231	0.07	-0.36986	0.10142	0.12568	-0.40358	-0.58568	0.96089	
191.0	2	23.07853	3.87907	-7.82595	-7051.54457	-1521.78768	2391.13687	7599.84566	-104.19855	-242.73964	-461.77153	531.98949	0.07	-0.61793	-0.13336	0.20954	-0.66598	-24.65924	1.5276	
191.0	8	19.15507	9.2005	-5.49619	-102.47991	-4045.40341	29.04369	4046.80546	-216.14027	4.16109	-183.06063	283.27571	0.07	-0.00998	-0.39385	0.00283	-0.39399	-53.29701	7.94408	
192.0	1	22.92861	-3.99493	-7.76401	-18503.63224	5062.42418	6265.66774	20180.95977	-75.62003	-1198.06882	744.6752	1412.66713	0.07	0.60647	-0.16592	-0.20536	0.66144	0.91576	1.31811	
192.0	2	23.08266	3.89506	-7.80328	-7164.30104	-1552.81428	2421.88361	7720.36021	-101.20297	-257.29861	-464.34334	540.42516	0.07	-0.63865	-0.13842	0.21589	-0.68822	-35.00853	2.06103	
192.0	8	19.06598	9.2005	-5.64134	-99.92793	-3990.02308	29.21115	3991.38109	-173.31904	2.73646	-219.12457	279.39677	0.07	-0.01014	-0.40479	0.00296	-0.40493	-79.46499	10.38922	
193.0	1	22.93826	-3.99117	-7.73816	-18450.34295	5037.60534	6224.17188	20113.00421	-80.75852	-1200.0274	731.86315	1407.91029	0.07	1.30455	-0.35619	-0.44009	1.42211	2.099	1.35215	
193.0	2	23.08877	3.90414	-7.7792	-7257.13064	-1576.50971	2445.00557	7818.52801	-91.30713	-287.71442	-456.52752	547.29695	0.07	-0.65581	-0.14246	0.22095	-0.70654	-33.86184	1.93536	
193.0	8	18.97796	9.2005	-5.79269	-96.93924	-3907.19987	29.23835	3908.5116	-154.79196	2.15234	-225.58698	273.59581	0.07	-0.01019	-0.4107	0.00307	-0.41083	-79.52988	9.92721	
194.0	1	22.94857	-3.98764	-7.7102	-18393.20438	5012.73024	6179.79909	20040.64242	-86.3612	-1202.06906	718.01505	1402.84493	0.07	2.06265	-0.56214	-0.69301	2.24739	4.34626	1.29183	
194.0	2	23.09634	3.90945	-7.75321	-7349.615	-1598.4387	2467.10682	7915.70989	-87.5976	-301.70278	-456.43019	554.09966	0.07	-0.6716	-0.14606	0.22544	-0.72333	-33.6265	1.80397	
194.0	8	18.89235	9.20055	-5.944	-94.6297	-3844.13181	29.42717	3845.40896	-137.85522	1.62373	-231.1935	269.17863	0.07	-0.01026	-0.4167	0.00319	-0.41684	-83.98899	9.93035	
195.0	1	22.95932	-3.98446	-7.68062	-18268.27181	4970.12049	6111.45585	19894.26413	-111.66777	-1221.4278	659.52634	1392.59849	0.07	2.06469	-0.56173	-0.69072	2.24846	13.38833	0.82657	
195.0	2	23.10512	3.91307	-7.72465	-7504.20044	-1633.09581	2508.86694	8079.25984	-54.35234	-383.42851	-412.15671	565.54819	0.07	-0.69239	-0.15068	0.23149	-0.74545	-27.08714	0.90446	
195.0	8	18.82728	9.20054	-6.04111	-89.65513	-3665.79935	28.43802	3667.00581	-133.38869	1.56101	-219.3057	256.69042	0.07	-0.00998	-0.40791	0.00316	-0.40804	-89.53656	8.85289	
196.0	1	22.97048	-3.98168	-7.64947	-18164.06505	4933.78111	6048.97725	19770.32071	-128.45364	-1231.30312	618.57397	1383.92249	0.07	2.05006	-0.55684	-0.68271	2.23135	18.04778	0.57968	
196.0	2	23.1147	3.91627	-7.69399	-7641.57234	-1663.78368	2543.6241	8223.85722	-32.88377	-430.71767	-380.52194	575.67004	0.07	-0.71098	-0.1548	0.23666	-0.76516	-25.86951	0.56114	
196.0	8	18.78198	9.20054	-6.08949	-86.13349	-3541.61441	27.60794	3542.76923	-123.65718	1.33171	-214.96067	247.99387	0.07	-0.0098	-0.40282	0.00314	-0.40295	-97.16732	8.91706	
197.0	1	22.98216	-3.97942	-7.61633	-18070.91243	4901.15033	5988.86732	19658.22175	-134.97686	-1230.95229	600.10133	1376.07554	0.07	2.03673	-0.5524	-0.67499	2.21564	19.48876	0.42163	
197.0	2	23.12502	3.91917	-7.66132	-7760.8493	-1690.3514	2571.16281	8348.58957	-20.79127	-457.23617	-363.35612	584.40129	0.07	-0.72727	-0.1584	0.24094	-0.78234	-24.53011	0.38796	
197.0	8	18.74951	9.20054	-6.11509	-83.64581	-3456.79462	26.97038	3457.91167	-115.96167	1.1483	-212.46565	242.05387	0.07	-0.00968	-0.40006	0.00312	-0.40019	-97.40759	8.6752	
198.0	1	22.99431	-3.97716	-7.58118	-17974.85748	4867.93282	5926.54706	19542.67718	-146.12799	-1234.5708	570.85144	1367.9875	0.07	2.02301	-0.54787	-0.66701	2.19946	21.93047	0.26057	
198.0	2	23.13591	3.92166	-7.62656	-7884.72718	-1717.70005	2599.08485	8477.89232	-8.92268	-482.23373	-345.77008	593.45256	0.07	-0.74352	-0.16198	0.24509	-0.79945	-24.23243	0.1944	
198.0	8	18.72657	9.20054	-6.12696	-81.10599	-3367.42074	26.2337	3368.49949	-109.33736	1.00594	-208.91058	235.79505	0.07	-0.00951	-0.39496	0.00308	-0.39509	-102.17031	8.82518	
199.0	1	23.00691	-3.97503	-7.5442	-17762.91423	4803.65592	5824.87875	19300.91823	-151.20804	-1225.10376	549.20997	1351.06428	0.07	1.99635	-0.53988	-0.65465	2.1692	24.89338	0.11099	
199.0	2	23.1475	3.92425	-7.58934	-7913.70221	-1724.38263	2594.66743	8504.85021	-6.62405	-460.76443	-326.42137	564.71113	0.0664	-0.75053	-0.16354	0.24608	-0.80659	-25.44622	0.08086	
199.0	8	18.71067	9.20054	-6.12737	-79.41976	-3311.75149	25.71044	3312.80341	-100.95834	0.80038	-208.76455	231.89623	0.07	-0.00942	-0.39265	0.00305	-0.39278	-111.42988	9.44207	
200.0	1	23.01997	-3.9736	-7.50531	-17676.91926	4774.28209	5763.36953	19195.92853	-155.89046	-1222.40569	534.48709	1343.22521	0.06997	1.98369	-0.53577	-0.64676	2.15415	26.72143	0.09844	
200.0	2	23.15961	3.92698	-7.55044	-7996.08113	-1742.7341	2606.78797	8588.93353	-6.42244	-433.72352	-309.66045	532.96054	0.06205	-0.76178	-0.16603	0.24835	-0.81826	-27.08076	0.07106	
200.0	8	18.69812	9.20054	-6.12401	-78.63379	-3292.09834	25.45765	3293.13572	-94.14399	0.62153	-210.41804	230.51948	0.07	-0.00941	-0.39391	0.00305	-0.39404	-119.09938	10.06236	
201.0	1	23.03364	-3.97251	-7.46434	-17613.72393	4751.4884	5707.87271	19115.43156	-152.52224	-1189.37955	519.42969	1306.78765	0.06836	1.97395	-0.5325	-0.63968	2.14225	27.04113	0.08724	
201.0	2	23.17252	3.92912	-7.50946	-8083.97628	-1761.93499	2619.61039	8678.56244	-1.68259	-430.26574	-294.58666	521.45253	0.06009	-0.77316	-0.16851	0.25054	-0.83003	-27.2916	0.06746	
201.0	8	18.68728	9.20054	-6.12001	-78.20989	-3286.20695	25.31736	3287.23499	-89.47264	0.49614	-211.99854	230.10645	0.07	-0.00943	-0.39637	0.00305	-0.3965	-120.2816	10.15596	
202.0	1	23.04816	-3.97111	-7.42081	-17730.03438	4776.90166	5708.73943	19229.21253	-168.76861	-1234.63542	508.94925	1346.04488	0.07	1.98491	-0.53478	-0.6391	2.15274	29.54087	0.14233	
202.0	2	23.1863	3.93071	-7.46599	-8299.30391	-1808.58506	2672.3428	8904.54049	-4.53496	-396.79219	-282.62448	487.17677	0.05471	-0.79679	-0.17364	0.25656	-0.8549	-29.89857	0.05893	
202.0	8	18.67777	9.20054	-6.11606	-77.74804	-3277.30491	25.16348	3278.32357	-85.28162	0.38735	-213.04737	229.48265	0.07	-0.00944	-0.39808	0.00306	-0.3982	-131.60547	11.11576	
203.0	1	23.06334	-3.96841	-7.37536	-17835.84016	4798.30039	5703.99246	19330.7116	-174.20567	-1244.41323	502.09813	1353.14982	0.07	1.9966	-0.53714	-0.63852	2.16394	30.90492	0.20279	
203.0	2	23.2008	3.93055	-7.42054	-8497.37629	-1850.50068	2717.84143	9111.33463	-4.40905	-379.8276	-272.39875	467.42863	0.0513	-0.81973	-0.17852	0.26219	-0.87896	-31.4434	0.05415	
203.0	8	18.66896	9.20054	-6.11358	-77.74929	-3286.25554	25.16482	3287.27146	-82.87051	0.31678	-214.66839	230.10897	0.07	-0.0095	-0.40163	0.00308	-0.40175	-138.10974	11.68136	
204.0	1	23.07908	-3.96552	-7.32825	-17783.98801	4777.06887	5646.96237	19260.80997	-177.82559	-1242.86699	491.38154	1348.2567	0.07	1.9911	-0.53484	-0.63224	2.15645	32.6438	0.16463	
204.0	2	23.21592	3.9297	-7.37358	-8578.62136	-1866.50808	2724.53564	9192.37136	-10.14231	-321.30768	-252.05411	408.50063	0.04444	-0.83148	-0.18091	0.26408	-0.89097	-32.90627	0.04545	
204.0	8	18.66093	9.20054	-6.11081	-78.10735	-3309.63868	25.27942	3310.65673	-79.14382	0.20411	-217.81261	231.74581	0.07	-0.0096	-0.40677	0.00311	-0.40689	-145.28267	12.27946	
205.0	1	23.09536	-3.96333	-7.27886	-17727.1948	4755.12359	5586.98816	19185.38695	-191.89075	-1249.14991	454.30157	1342.9771	0.07	1.98452	-0.53232	-0.62545	2.14776	34.44504	0.11635	
205.0	2	23.23168	3.92921	-7.3244	-8661.53868	-1882.9973	2730.59649	9274.91716	-14.52247	-251.86845	-219.7522	334.57383	0.03607	-0.84305	-0.18328	0.26578	-0.90275	-34.34823	0.0359	
205.0	8	18.65383	9.20053	-6.10643	-78.53054	-3335.84517	25.40696	3336.86613	-75.50199	0.09389	-221.04151	233.58062	0.07	-0.0097	-0.41217	0.00314	-0.4123	-152.5377	12.88443	
206.0	1	23.1122	-3.96155	-7.22667	-17672.84024	4734.18414	5526.28179	19112.34083	-195.5331	-1245.44201	441.62181	1335.81017	0.06989	1.97763	-0.52977	-0.6184	2.13871	35.29196	0.09678	
206.0	2	23.24806	3.92917	-7.2723	-8751.72538	-1901.24844	2737.66975	9364.94946	-19.82778	-193.1114	-197.49645	276.9296	0.02957	-0.85487	-0.18571	0.26742	-0.91477	-35.04653	0.02897	
206.0	8	18.64757	9.20053	-6.1006	-78.90826	-3360.20683	25.51241	3361.23003	-72.68199	0.00776	-223.77865	235.28612	0.07	-0.0098	-0.41728	0.00317	-0.4174	-156.01643	13.1868	
207.0	1	23.12933	-3.95962	-7.17299	-17627.56132	4715.54074	5466.99789	19048.76133	-205.57722	-1244.10331	410.24248	1326.02938	0.06961	1.9718	-0.52747	-0.61153	2.13077	36.83592	0.09386	
207.0	2	23.26476	3.92869	-7.21871	-8851.191	-1921.2179	2746.35249	9464.5186	-25.00539	-125.60693	-168.45826	211.61416	0.02236	-0.86748	-0.18829	0.26916	-0.92759	-36.46448	0.02163	
207.0	8	18.64183	9.20053	-6.09418	-79.54005	-3395.24734	25.69653	3396.27611	-70.48906	-0.06706	-227.04912	237.73938	0.07	-0.00992	-0.42362	0.00321	-0.42375	-162.6505	13.75844	
208.0	1	23.14699	-3.95792	-7.1174	-17599.83421	4701.72114	5411.69013	19003.86108	-199.54062	-1192.97327	387.52143	1270.10809	0.06683	1.96805	-0.52576	-0.60515	2.12506	39.74028	0.08209	
208.0	2	23.28205	3.92844	-7.16306	-8960.23443	-1943.29427	2756.63982	9573.98855	-20.59764	-109.06591	-143.837	181.68301	0.01898	-0.8812	-0.19111	0.2711	-0.94156	-39.20738	0.01828	
208.0	8	18.63649	9.20053	-6.08703	-80.16004	-3429.86393	25.87302	3430.89808	-67.29574	-0.1663	-230.5415	240.16271	0.07	-0.01005	-0.42992	0.00324	-0.43005	-175.24292	14.83758	
209.0	1	23.16539	-3.95628	-7.05888	-17571.38955	4687.71664	5354.56889	18957.84339	-187.28003	-1127.80786	372.77945	1202.49278	0.06343	1.96384	-0.52392	-0.59845	2.1188	41.80359	0.07382	
209.0	2	23.29991	3.92857	-7.10497	-9079.07276	-1967.61258	2768.44552	9693.57271	-16.79269	-104.18392	-129.11781	166.75639	0.0172	-0.89574	-0.19412	0.27313	-0.95636	-41.16891	0.01653	
209.0	8	18.63154	9.20053	-6.07915	-80.79686	-3465.28294	26.05084	3466.32263	-64.39083	-0.25736	-233.94226	242.64218	0.07	-0.01017	-0.43629	0.00328	-0.43642	-184.23181	15.62147	
210.0	1	23.184	-3.95453	-6.99859	-17549.10193	4675.21977	5297.81171	18918.12536	-213.38548	-1198.16051	350.5108	1266.48324	0.06695	1.96077	-0.52237	-0.59193	2.11373	42.10547	0.08242	
210.0	2	23.31813	3.92829	-7.04472	-9198.85558	-1991.8516	2779.02711	9813.7357	-34.58756	28.24907	-94.24089	104.2864	0.01063	-0.91028	-0.1971	0.275	-0.97112	-41.40746	0.01016	
210.0	8	18.62695	9.20053	-6.07075	-81.38736	-3498.7081	26.21046	3499.75274	-62.76438	-0.31399	-236.80567	244.98243	0.07	-0.01029	-0.44239	0.00331	-0.44252	-185.49662	15.74986	
211.0	1	23.20322	-3.9526	-6.93649	-17545.1842	4667.35021	5245.0177	18897.82679	-214.06603	-1163.90273	319.63929	1225.8316	0.06487	1.95986	-0.52136	-0.58589	2.11095	42.12797	0.07699	
211.0	2	23.33702	3.92785	-6.98238	-9334.5977	-2019.33935	2792.83223	9950.49534	-33.41754	63.06951	-66.0908	97.27533	0.00978	-0.92689	-0.20051	0.27732	-0.98804	-41.35264	0.00934	
211.0	8	18.62264	9.20053	-6.06181	-82.16187	-3540.13707	26.42604	3541.18898	-60.68364	-0.38568	-240.34036	247.88332	0.07	-0.01043	-0.44951	0.00336	-0.44964	-185.49843	15.77356	
212.0	1	23.22311	-3.95064	-6.87139	-17554.79667	4662.96527	5194.48703	18891.71318	-225.64968	-1181.85906	298.34197	1239.64371	0.06562	1.96039	-0.52073	-0.58008	2.10969	44.26689	0.07881	
212.0	2	23.35634	3.92741	-6.91805	-9496.26193	-2052.33021	2812.57624	10114.42707	-41.852	146.40438	-34.47638	156.1232	0.01544	-0.9461	-0.20447	0.28021	-1.00769	-43.37715	0.01481	
212.0	8	18.61856	9.20053	-6.05223	-82.93701	-3581.8356	26.63797	3582.89469	-58.20575	-0.46653	-243.95451	250.80258	0.07	-0.01057	-0.45667	0.0034	-0.4568	-194.82778	16.59457	
213.0	1	23.24319	-3.94837	-6.80489	-17562.75422	4657.78712	5141.93569	18883.45358	-247.13163	-1238.32794	277.63005	1292.90702	0.06847	1.96137	-0.52017	-0.57424	2.10887	43.094	0.08766	
213.0	2	23.37617	3.92615	-6.85129	-9639.96382	-2080.88875	2825.27245	10258.71165	-58.01628	265.26763	-2.57759	271.55009	0.02647	-0.96379	-0.20804	0.28247	-1.02565	-42.18448	0.02578	
213.0	8	18.6147	9.20053	-6.04221	-83.65272	-3621.10452	26.82776	3622.16999	-56.75486	-0.51971	-247.11813	253.55227	0.07	-0.01071	-0.46355	0.00343	-0.46368	-189.66911	16.18192	
214.0	1	23.26405	-3.94571	-6.73601	-17590.82625	4657.44689	5093.4748	18896.36116	-249.05481	-1200.61266	237.69821	1248.9994	0.0661	1.96454	-0.52014	-0.56884	2.11034	47.6458	0.08005	
214.0	2	23.39663	3.92498	-6.78235	-9807.74451	-2114.54161	2843.12473	10428.15884	-55.41613	299.46117	31.55536	306.1759	0.02936	-0.98433	-0.21222	0.28534	-1.0466	-46.52188	0.02875	
214.0	8	18.61104	9.20053	-6.03158	-84.58876	-3670.16631	27.08434	3671.24087	-53.15448	-0.63036	-251.42875	256.9868	0.07	-0.01087	-0.47169	0.00348	-0.47183	-209.55892	17.91676	
215.0	1	23.28512	-3.94335	-6.66452	-17576.16145	4646.03684	5030.88726	18863.11046	-260.83212	-1224.19633	219.29208	1270.73957	0.06737	1.96315	-0.51893	-0.56192	2.1069	48.11671	0.08371	
215.0	2	23.41723	3.9235	-6.71171	-9954.29484	-2143.34455	2852.85509	10574.53043	-67.35161	397.64511	63.74412	408.31505	0.03861	-1.00274	-0.21591	0.28738	-1.06522	-46.92567	0.03871	
215.0	8	18.60755	9.20053	-6.02035	-85.40968	-3714.57949	27.29991	3715.66157	-50.88852	-0.70451	-255.06852	260.0963	0.07	-0.01102	-0.47929	0.00352	-0.47943	-211.62497	18.13042	
216.0	1	23.30659	-3.94053	-6.59173	-17588.8259	4641.2848	4974.56964	18858.80866	-267.4283	-1208.86766	182.31715	1251.44655	0.06636	1.96491	-0.51849	-0.55573	2.10678	49.22686	0.08075	
216.0	2	23.43856	3.92183	-6.63796	-10112.14299	-2174.34468	2863.92846	10732.44132	-70.55665	462.1497	101.74619	478.4484	0.04458	-1.02264	-0.21989	0.28963	-1.08537	-47.91516	0.04562	
216.0	8	18.60415	9.20053	-6.00852	-86.46547	-3769.66479	27.58656	3770.75721	-48.36546	-0.78954	-259.48285	263.95301	0.07	-0.0112	-0.48832	0.00357	-0.48847	-216.4399	18.58294	
217.0	1	23.32866	-3.93773	-6.51595	-17591.23286	4633.74325	4913.66131	18843.22471	-258.62716	-1144.68572	153.5737	1183.54479	0.06281	1.96525	-0.51767	-0.54894	2.10512	50.31363	0.07255	
217.0	2	23.46004	3.92031	-6.56308	-10275.78539	-2206.54306	2874.60295	10896.05157	-67.13226	481.78266	129.83966	503.46759	0.04621	-1.04313	-0.22399	0.29181	-1.10609	-48.90495	0.0476	
217.0	8	18.60078	9.20053	-5.99601	-87.45236	-3822.3563	27.84668	3823.45799	-45.2681	-0.88603	-263.785	267.64251	0.07	-0.01137	-0.49712	0.00362	-0.49726	-221.20673	19.04119	
218.0	1	23.35079	-3.9349	-6.43855	-17604.88553	4629.09574	4854.23536	18839.43	-278.45895	-1190.98889	125.86197	1229.56706	0.06527	1.96744	-0.51733	-0.54249	2.10541	54.63001	0.07794	
218.0	2	23.4819	3.91858	-6.48538	-10452.52304	-2241.31061	2886.81063	11073.04776	-82.20878	601.99084	169.7234	630.83856	0.05697	-1.06549	-0.22847	0.29427	-1.12874	-53.01877	0.06233	
218.0	8	18.59758	9.20053	-5.98287	-88.35146	-3871.59747	28.07432	3872.70721	-41.8549	-0.98703	-267.83666	271.08907	0.07	-0.01154	-0.50554	0.00367	-0.50569	-240.15958	20.73054	
219.0	1	23.37363	-3.93175	-6.35854	-17604.85062	4620.41959	4789.37512	18820.65771	-248.83477	-1046.0438	94.47212	1079.37545	0.05735	1.96762	-0.51641	-0.53529	2.10351	52.82246	0.06292	
219.0	2	23.50429	3.91691	-6.40573	-10625.84939	-2275.23264	2895.85936	11245.94862	-62.74301	542.43317	195.95699	580.14617	0.05159	-1.08737	-0.23283	0.29634	-1.15083	-51.20193	0.05454	
219.0	8	18.59451	9.20053	-5.96902	-89.27842	-3922.54734	28.30617	3923.66531	-38.51713	-1.08573	-271.9402	274.65655	0.07	-0.0117	-0.51424	0.00371	-0.51438	-232.23543	20.10503	
220.0	1	23.39625	-3.92935	-6.27656	-17541.83618	4595.98634	4706.12102	18734.63856	-245.73043	-972.58578	33.87673	1003.72017	0.05358	1.96087	-0.51375	-0.52606	2.0942	55.46373	0.05729	
220.0	2	23.52648	3.91604	-6.3239	-10735.47914	-2295.96606	2885.60506	11351.15364	-57.33988	564.75627	236.03027	614.77459	0.05416	-1.10279	-0.23585	0.29642	-1.16604	-53.66468	0.05813	
220.0	8	18.59165	9.20053	-5.95455	-90.11971	-3970.01239	28.50636	3971.13744	-34.48766	-1.1977	-275.82936	277.97962	0.07	-0.01186	-0.52252	0.00375	-0.52267	-243.75323	21.17063	
221.0	1	23.41954	-3.92667	-6.19241	-17515.56028	4580.77002	4631.5029	18687.67308	-206.99534	-743.43554	-47.52932	773.17689	0.04137	1.9573	-0.51188	-0.51755	2.08828	56.66461	0.04185	
221.0	2	23.5492	3.91536	-6.23976	-10875.72645	-2323.25979	2881.68217	11488.38779	-25.63867	443.59068	260.86748	515.24933	0.04485	-1.12085	-0.23943	0.29699	-1.18399	-54.74977	0.04595	
221.0	8	18.58877	9.20053	-5.93937	-91.39833	-4037.48196	28.83984	4038.61931	-30.33116	-1.32106	-281.06844	282.70336	0.07	-0.01208	-0.53352	0.00381	-0.53367	-248.99209	21.7053	
222.0	1	23.44258	-3.92477	-6.10571	-17439.62862	4553.4305	4542.49259	18587.86203	-205.35348	-718.40564	-68.26169	750.29086	0.04036	1.94829	-0.50869	-0.50747	2.07657	58.51982	0.04069	
222.0	2	23.57183	3.91517	-6.15336	-10977.43267	-2342.58908	2865.58346	11584.61567	-34.46065	503.32182	279.44982	576.72575	0.04978	-1.135	-0.24221	0.29628	-1.19778	-56.51183	0.05214	
222.0	8	18.58612	9.20053	-5.92361	-91.78285	-4065.67935	28.88657	4066.81781	-25.85101	-1.43066	-283.49748	284.67726	0.07	-0.01218	-0.53934	0.00383	-0.53949	-257.1718	22.5059	
223.0	1	23.46609	-3.92238	-6.01749	-17387.26614	4531.73568	4458.85901	18513.10551	-176.42762	-533.7808	-145.47231	580.69858	0.03137	1.94149	-0.50602	-0.49788	2.0672	60.80519	0.03085	
223.0	2	23.59478	3.91501	-6.06517	-11123.9338	-2371.42758	2859.39345	11727.81748	-2.9549	432.41804	347.12883	554.52008	0.04728	-1.15355	-0.24592	0.29652	-1.21617	-58.59607	0.04894	
223.0	8	18.58362	9.20053	-5.90724	-93.22831	-4141.29363	29.26241	4142.44622	-21.72191	-1.55415	-289.15205	289.97098	0.07	-0.01242	-0.55152	0.0039	-0.55168	-267.05627	23.45618	
224.0	1	23.48946	-3.92081	-5.92666	-17307.47601	4503.73018	4367.05855	18409.33219	-175.4448	-490.33766	-189.63753	554.23307	0.03011	1.93183	-0.5027	-0.48744	2.05482	61.1955	0.02953	
224.0	2	23.61784	3.9151	-5.97432	-11236.16839	-2393.07976	2842.28321	11834.56314	-3.96494	478.27206	387.01014	615.25339	0.05199	-1.1687	-0.24891	0.29563	-1.23094	-58.88611	0.05508	
224.0	8	18.58129	9.20053	-5.88997	-93.79462	-4178.37556	29.3557	4179.53126	-17.4086	-1.66101	-292.04404	292.56716	0.07	-0.01254	-0.55865	0.00392	-0.55881	-268.65989	23.68836	
225.0	1	23.51341	-3.91866	-5.83382	-17273.93454	4487.16274	4285.93051	18354.6355	-136.69257	-294.72543	-242.35987	405.32239	0.02208	1.9266	-0.50046	-0.47802	2.04713	63.30149	0.02136	
225.0	2	23.64107	3.91556	-5.88169	-11369.74127	-2419.43649	2828.60264	11963.51463	24.8538	388.02584	431.79807	581.06053	0.04857	-1.18572	-0.25232	0.29499	-1.24764	-60.84786	0.05057	
225.0	8	18.57911	9.20053	-5.87196	-94.92262	-4240.97739	29.61915	4242.14295	-12.58041	-1.79043	-296.67776	296.94977	0.07	-0.01274	-0.56921	0.00398	-0.56937	-277.8545	24.60905	
226.0	1	23.537	-3.91727	-5.73878	-17188.69652	4457.97941	4191.12442	18245.28411	-140.73873	-268.58812	-291.51007	420.62464	0.02305	1.91595	-0.49691	-0.46717	2.03373	63.46581	0.02233	
226.0	2	23.66431	3.91604	-5.78661	-11479.55153	-2440.74343	2807.09329	12067.19124	19.09315	455.23411	473.90319	657.40922	0.05448	-1.20044	-0.25523	0.29354	-1.26189	-60.90439	0.05859	
226.0	8	18.57715	9.20053	-5.85319	-95.5995	-4283.77211	29.73579	4284.94188	-8.24048	-1.89735	-299.82693	299.94615	0.07	-0.01288	-0.57717	0.00401	-0.57733	-278.41527	24.75825	
227.0	1	23.56117	-3.91528	-5.64157	-17158.06077	4442.36782	4108.56695	18193.79025	-99.11688	-75.32229	-332.48676	355.02824	0.01951	1.91077	-0.49471	-0.45754	2.02611	65.1112	0.01881	
227.0	2	23.68782	3.91674	-5.68966	-11615.19429	-2467.61814	2789.80144	12197.74035	45.43265	353.62163	501.93973	615.67513	0.05047	-1.21759	-0.25867	0.29245	-1.27866	-62.45542	0.05305	
227.0	8	18.57539	9.20053	-5.83368	-96.25083	-4325.79906	29.83901	4326.97262	-2.75784	-2.0278	-302.86879	302.88814	0.07	-0.01302	-0.58505	0.00404	-0.58521	-285.65324	25.53689	
228.0	1	23.5849	-3.91396	-5.5423	-17060.7167	4410.25551	4009.38182	18071.89948	-111.89654	-74.87846	-393.77694	416.1585	0.02303	1.8986	-0.4908	-0.44618	2.01113	67.75183	0.0223	
228.0	2	23.71116	3.9173	-5.59044	-11725.11543	-2488.93274	2764.43134	12301.02429	38.04481	452.98716	569.20726	728.45157	0.05922	-1.23215	-0.26155	0.2905	-1.29267	-64.85681	0.06597	
228.0	8	18.57404	9.20052	-5.81348	-97.15353	-4379.12623	30.0142	4380.30663	1.83921	-2.14227	-306.60839	306.62139	0.07	-0.01319	-0.59444	0.00407	-0.5946	-297.00775	26.66584	
229.0	1	23.60897	-3.91219	-5.44112	-17001.7742	4387.63969	3918.47894	17990.72497	-87.19299	60.45438	-446.01171	458.45806	0.02548	1.89015	-0.48779	-0.43563	2.0001	67.84899	0.02478	
229.0	2	23.73475	3.91821	-5.48909	-11861.28696	-2515.97615	2743.15909	12431.62041	55.59677	406.39801	613.13869	737.69194	0.05934	-1.24935	-0.26501	0.28894	-1.30943	-64.8593	0.06617	
229.0	8	18.57279	9.20052	-5.79216	-97.72338	-4418.20294	30.07886	4419.38591	7.0988	-2.26249	-309.2673	309.35704	0.07	-0.01331	-0.60198	0.0041	-0.60214	-297.30213	26.81783	
230.0	1	23.63295	-3.91067	-5.33749	-16929.66253	4361.96234	3823.78184	17895.85137	-83.21536	108.9254	-492.68932	511.40229	0.02858	1.88056	-0.48453	-0.42475	1.98789	68.22625	0.02794	
230.0	2	23.75808	3.91902	-5.38589	-11964.57457	-2535.95954	2712.24729	12527.50657	53.68361	456.72498	663.8545	807.57813	0.06446	-1.26322	-0.26775	0.28636	-1.32265	-65.0749	0.07606	
230.0	8	18.572	9.20052	-5.76983	-98.58993	-4470.80293	30.22718	4471.992	11.81837	-2.37552	-312.80753	313.03973	0.07	-0.01348	-0.61135	0.00413	-0.61151	-298.69483	27.07491	
231.0	1	23.65674	-3.90936	-5.23235	-16850.72652	4334.78762	3727.01039	17794.04323	-71.69584	190.12309	-545.28162	581.9099	0.0327	1.86999	-0.48105	-0.4136	1.97467	69.23508	0.03226	
231.0	2	23.78165	3.92013	-5.2802	-12098.69308	-2562.63601	2686.35324	12655.5115	60.30032	453.57701	704.26623	839.85663	0.06636	-1.2802	-0.27116	0.28425	-1.33912	-65.93291	0.08076	
231.0	8	18.57154	9.20052	-5.74647	-98.8806	-4497.54238	30.19173	4498.73053	17.31735	-2.49145	-314.42547	314.91185	0.07	-0.01357	-0.61719	0.00414	-0.61735	-302.92748	27.60828	
232.0	1	23.68074	-3.90774	-5.12469	-16792.23772	4312.70468	3634.12712	17713.99303	-59.61485	283.93577	-612.41607	677.66282	0.03826	1.86178	-0.47816	-0.40292	1.96398	72.68881	0.03831	
232.0	2	23.80495	3.92103	-5.17338	-12225.36254	-2587.57014	2656.65651	12775.47777	70.28737	445.86213	757.71485	881.96664	0.06904	-1.2965	-0.27441	0.28174	-1.35484	-69.07529	0.09026	
232.0	8	18.57172	9.20051	-5.72174	-99.47584	-4538.0925	30.23964	4539.28336	22.81173	-2.61183	-316.91887	317.74954	0.07	-0.0137	-0.62487	0.00416	-0.62503	-317.77861	29.11785	
233.0	1	23.7044	-3.90659	-5.0149	-16721.24286	4287.94651	3537.72204	17621.06481	-43.72907	345.68992	-625.68633	716.16837	0.04064	1.85232	-0.475	-0.3919	1.952	73.40505	0.04101	
233.0	2	23.82835	3.92188	-5.06337	-12338.3663	-2609.56948	2621.79923	12880.95365	68.26194	455.8366	774.95564	901.66676	0.07	-1.31117	-0.27731	0.27861	-1.36883	-69.44614	0.11734	
233.0	8	18.57253	9.2005	-5.69583	-99.40217	-4547.92757	30.0759	4549.11316	28.02731	-2.7102	-317.19074	318.43813	0.07	-0.01373	-0.62825	0.00415	-0.62841	-320.26716	29.47758	
234.0	1	23.72816	-3.90497	-4.90368	-16658.15204	4264.80431	3442.65402	17536.66023	-3.2469	549.26479	-696.14727	886.74877	0.05057	1.8436	-0.472	-0.38101	1.94083	76.81895	0.05317	
234.0	2	23.85172	3.92271	-4.95208	-12506.87373	-2643.24938	2596.59711	13044.19313	102.41013	341.29236	840.697	913.0935	0.07	-1.33226	-0.28157	0.2766	-1.3895	-71.91568	0.16486	
234.0	8	18.57509	9.2005	-5.66378	-99.96195	-4587.46889	30.06713	4588.65637	33.48425	-2.82332	-319.44298	321.20551	0.07	-0.01385	-0.63578	0.00417	-0.63594	-333.5336	30.79446	
235.0	1	23.75175	-3.90317	-4.78999	-16600.31741	4242.9497	3348.08729	17458.03106	26.71453	696.44909	-750.13837	1023.94462	0.05865	1.83572	-0.4692	-0.37024	1.93057	77.32699	0.06502	
235.0	2	23.87467	3.92339	-4.83863	-12653.86104	-2672.2679	2564.42661	13184.74493	122.81154	260.04684	876.9816	922.93215	0.07	-1.35096	-0.2853	0.27379	-1.40764	-69.94121	0.33651	
235.0	8	18.58067	9.2005	-5.62261	-100.05272	-4605.58587	29.86208	4606.76931	37.5819	-2.89299	-320.26307	322.47357	0.07	-0.01391	-0.64022	0.00415	-0.64038	-330.32911	30.33302	
236.0	1	23.775	-3.90149	-4.67506	-16517.53709	4214.89354	3248.02804	17353.50239	51.27021	805.909	-785.08035	1126.26334	0.0649	1.82498	-0.46569	-0.35887	1.91734	79.94757	0.07707	
236.0	2	23.89767	3.92427	-4.72294	-12804.53442	-2702.17468	2530.56207	13328.97574	133.90026	208.00214	899.63753	933.02832	0.07	-1.37026	-0.28917	0.2708	-1.42638	-70.45139	0.47524	
236.0	8	18.58929	9.2005	-5.57176	-99.76105	-4606.13139	29.48651	4607.30595	42.1367	-2.95941	-319.73326	322.51142	0.07	-0.01391	-0.64216	0.00411	-0.64233	-337.42768	30.90375	
237.0	1	23.79833	-3.89973	-4.55782	-16433.8225	4186.5441	3147.51661	17248.31975	74.12516	896.46491	-805.37467	1207.38239	0.07	1.81398	-0.46211	-0.34743	1.90388	82.18799	0.12543	
237.0	2	23.92048	3.92522	-4.60539	-12947.21469	-2730.41032	2492.62447	13464.72003	139.33409	175.1367	915.57453	942.53041	0.07	-1.38905	-0.29293	0.26742	-1.44457	-69.78477	0.64726	
237.0	8	18.60397	9.2005	-5.5011	-99.48148	-4607.45536	29.00075	4608.62046	45.85304	-2.99989	-319.31408	322.60345	0.07	-0.01391	-0.64409	0.00405	-0.64426	-341.04017	31.03791	
238.0	1	23.82113	-3.8981	-4.43854	-16311.49771	4148.62118	3039.59994	17103.07525	76.81554	887.80753	-799.51332	1197.21526	0.07	1.79847	-0.45742	-0.33514	1.88575	84.89836	0.19801	
238.0	2	23.94287	3.92636	-4.48568	-13086.05676	-2758.02179	2451.57028	13596.38785	124.96488	222.16599	916.97807	951.7472	0.07	-1.40699	-0.29654	0.26359	-1.46186	-70.07043	0.7785	
238.0	8	18.62248	9.2005	-5.41813	-98.58323	-4580.3282	28.26887	4581.47621	47.76134	-2.98513	-317.11246	320.70293	0.07	-0.01382	-0.64188	0.00396	-0.64204	-347.83158	31.49134	
239.0	1	23.84361	-3.89669	-4.31823	-16191.0834	4111.40497	2932.327	16960.34712	80.23453	880.81972	-791.97259	1187.2243	0.07	1.78258	-0.45265	-0.32284	1.86727	87.34665	0.27946	
239.0	2	23.965	3.92798	-4.36408	-13215.71463	-2784.06985	2406.5137	13718.50816	109.99512	269.00451	915.26238	960.29557	0.07	-1.42416	-0.30002	0.25933	-1.47835	-71.25811	0.8212	
239.0	8	18.64494	9.2005	-5.3213	-97.72541	-4556.23921	27.47906	4557.36997	49.16185	-2.9554	-315.19113	319.01578	0.07	-0.01373	-0.63994	0.00386	-0.6401	-356.04048	32.20475	
240.0	1	23.86597	-3.89545	-4.19565	-16078.18017	4076.3125	2826.70147	16826.00494	81.42934	869.34276	-790.48925	1177.82037	0.07	1.7675	-0.44811	-0.31074	1.84971	87.82164	0.38397	
240.0	2	23.98687	3.92967	-4.24056	-13340.64051	-2809.20528	2358.41808	13835.69512	92.88711	321.80288	908.73789	968.49866	0.07	-1.44093	-0.30342	0.25473	-1.4944	-70.66674	0.84193	
240.0	8	18.66991	9.2005	-5.21482	-96.96094	-4537.43406	26.67236	4538.5483	50.0157	-2.91295	-313.72314	317.69838	0.07	-0.01365	-0.63864	0.00375	-0.63879	-355.82079	32.12481	
241.0	1	23.88768	-3.89408	-4.07122	-15959.1143	4039.81891	2720.20608	16685.71207	85.23288	863.31766	-782.0752	1167.99985	0.07	1.75147	-0.44336	-0.29854	1.83122	88.71666	0.40694	
241.0	2	24.00816	3.9316	-4.1154	-13458.97525	-2833.1595	2307.03742	13946.08294	77.83187	364.86025	902.1286	976.22581	0.07	-1.45636	-0.30657	0.24964	-1.50907	-71.70284	0.82879	
241.0	8	18.69417	9.2005	-5.11023	-96.07663	-4512.73566	25.85567	4513.83234	50.83365	-2.86893	-311.83914	315.96826	0.07	-0.01355	-0.63633	0.00365	-0.63648	-360.18957	32.57137	
242.0	1	23.90903	-3.89294	-3.94549	-15849.38539	4006.03256	2615.59859	16555.74433	88.52751	856.60369	-775.5302	1158.9021	0.07	1.73639	-0.43888	-0.28655	1.81378	89.67278	0.43239	
242.0	2	24.0291	3.93395	-3.98866	-13588.36627	-2859.79524	2255.43917	14068.01807	63.15889	405.79267	895.04079	984.76127	0.07	-1.4731	-0.31003	0.24451	-1.5251	-73.05788	0.7932	
242.0	8	18.71801	9.20047	-5.00611	-95.16396	-4486.72634	25.04654	4487.80534	51.93717	-2.83107	-309.8104	314.14641	0.07	-0.01344	-0.63375	0.00354	-0.6339	-365.38644	33.14071	
243.0	1	23.93003	-3.89207	-3.81792	-15735.67636	3971.59368	2510.62988	16422.19015	93.47879	853.53907	-764.33342	1149.5533	0.07	1.72117	-0.43441	-0.27461	1.79626	90.48241	0.47125	
243.0	2	24.04981	3.93598	-3.85988	-13712.28373	-2885.04985	2200.73804	14184.26895	49.25165	442.78072	887.33736	992.89883	0.07	-1.48934	-0.31336	0.23903	-1.5406	-74.17278	0.75634	
243.0	8	18.74249	9.20042	-4.89814	-94.24162	-4460.67299	24.22591	4461.73418	53.15817	-2.79448	-307.7516	312.32139	0.07	-0.01333	-0.63106	0.00343	-0.63121	-369.72136	33.62541	
244.0	1	23.95053	-3.89086	-3.68847	-15625.82694	3938.09677	2406.60801	16293.15303	98.4537	850.86353	-753.07752	1140.52077	0.07	1.70638	-0.43005	-0.26281	1.77925	92.26106	0.50248	
244.0	2	24.06983	3.93803	-3.72954	-13833.32022	-2909.78519	2143.46292	14297.62328	35.98554	476.65239	879.30403	1000.83367	0.07	-1.50512	-0.3166	0.23322	-1.55563	-75.45392	0.78637	
244.0	8	18.76634	9.20042	-4.79175	-93.30458	-4433.36233	23.42305	4434.40593	54.01283	-2.75167	-305.66033	310.40811	0.07	-0.01322	-0.62809	0.00332	-0.62824	-376.61209	34.23553	
245.0	1	23.97054	-3.8897	-3.55761	-15541.62758	3911.29455	2306.77395	16191.40571	104.26537	851.29633	-740.95563	1133.39841	0.07	1.69425	-0.42638	-0.25147	1.76508	91.82009	0.47472	
245.0	2	24.08935	3.94024	-3.5982	-13938.48549	-2931.35693	2081.7413	14394.71702	21.14361	514.53399	866.09833	1007.63019	0.07	-1.51907	-0.31947	0.22688	-1.56879	-76.46175	0.7101	
245.0	8	18.78966	9.20042	-4.68613	-92.64835	-4419.19865	22.70629	4420.22805	55.4358	-2.72623	-304.39724	309.41596	0.07	-0.01314	-0.62689	0.00322	-0.62703	-377.89638	34.52301	
246.0	1	23.99008	-3.88884	-3.42506	-15436.52265	3879.65156	2204.08434	16068.47583	107.88245	845.92443	-733.43931	1124.79331	0.07	1.68017	-0.42228	-0.2399	1.74896	92.81911	0.51321	
246.0	2	24.10855	3.94225	-3.4648	-14062.1216	-2956.68509	2020.78147	14510.98922	9.37922	542.35442	858.80782	1015.76924	0.07	-1.53508	-0.32276	0.2206	-1.58408	-77.16623	0.71739	
246.0	8	18.81223	9.2004	-4.582	-91.55236	-4383.83614	21.90185	4384.84673	56.83868	-2.69392	-301.61871	306.93931	0.07	-0.013	-0.62259	0.00311	-0.62273	-381.72886	34.89787	
247.0	1	24.00931	-3.8871	-3.29143	-15613.66678	3918.25076	2140.59267	16239.50172	110.10767	847.97168	-749.0361	1136.76503	0.07	1.69774	-0.42605	-0.23276	1.76579	93.58824	0.44097	
247.0	2	24.12738	3.94317	-3.3298	-14480.14214	-3043.03	1998.40529	14930.77934	-0.22287	574.45577	873.12568	1045.1545	0.07	-1.58428	-0.33294	0.21865	-1.63359	-77.70952	0.79422	
247.0	8	18.83482	9.2004	-4.4752	-91.85466	-4415.9162	21.42489	4416.92339	56.5078	-2.65017	-303.96526	309.18447	0.07	-0.01306	-0.62786	0.00305	-0.62801	-384.77331	35.03588	
248.0	1	24.02847	-3.88238	-3.15625	-15854.95631	3970.49499	2082.6693	16476.71027	114.28515	856.86407	-763.53381	1153.36941	0.07	1.7247	-0.43191	-0.22655	1.79233	93.821	0.29972	
248.0	2	24.14597	3.94178	-3.19374	-14931.16229	-3134.22134	1974.91976	15383.86358	-10.21114	608.46205	888.43635	1076.87022	0.07	-1.64002	-0.34426	0.21692	-1.68975	-79.31646	0.79407	
248.0	8	18.8537	9.2004	-4.37797	-92.57447	-4468.16454	21.09228	4469.17322	57.27303	-2.63841	-307.54515	312.8437	0.07	-0.01318	-0.63625	0.003	-0.63639	-389.2384	35.50132	
249.0	1	24.04749	-3.87618	-3.01953	-16120.0624	4027.25882	2024.27144	16738.36612	119.8401	869.71083	-775.94369	1171.68562	0.07	1.75623	-0.43876	-0.22054	1.82359	93.10463	0.17795	
249.0	2	24.16438	3.93847	-3.05685	-15405.7302	-3228.46297	1948.60727	15860.53487	-20.84214	644.81397	903.55282	1110.23743	0.07	-1.70067	-0.3564	0.21511	-1.75088	-80.11136	0.76818	
249.0	8	18.87035	9.2004	-4.2852	-93.50165	-4531.41375	20.82366	4532.42614	58.86636	-2.64727	-311.74972	317.26983	0.07	-0.01334	-0.64647	0.00297	-0.64661	-389.90558	35.67484	
250.0	1	24.06624	-3.86888	-2.88152	-16356.49405	4075.69631	1958.63146	16970.04523	125.40008	881.26863	-786.60924	1187.90306	0.07	1.78614	-0.44507	-0.21388	1.85314	94.72374	0.13291	
250.0	2	24.18261	3.93378	-2.91803	-15867.18809	-3318.42642	1914.53228	16323.14448	-28.3696	669.57525	925.44298	1142.62004	0.07	-1.76167	-0.36843	0.21256	-1.8123	-82.04322	0.7726	
250.0	8	18.88524	9.2004	-4.19538	-93.95999	-4573.05443	20.46099	4574.06536	61.51088	-2.66968	-314.20885	320.18419	0.07	-0.01343	-0.65374	0.00292	-0.65388	-398.51742	36.57018	
251.0	1	24.08425	-3.8619	-2.7425	-16265.41513	4042.75349	1852.30229	16862.34292	126.78899	870.64328	-786.86977	1180.36402	0.07	1.77996	-0.44241	-0.2027	1.84528	96.46279	0.33054	
251.0	2	24.19987	3.92961	-2.77812	-15999.06548	-3339.89432	1836.57632	16446.82349	-38.58761	690.83451	920.16243	1151.27765	0.07	-1.78646	-0.37293	0.20507	-1.83645	-81.25099	0.83698	
251.0	8	18.90096	9.2004	-4.09982	-92.67814	-4531.16201	19.69487	4532.1525	64.61987	-2.67169	-310.58817	317.25049	0.07	-0.01328	-0.64908	0.00282	-0.64923	-401.23226	36.78105	
252.0	1	24.10112	-3.85614	-2.60215	-16169.79886	4009.97722	1745.88491	16750.83361	130.78975	866.56409	-779.00804	1172.55823	0.07	1.77106	-0.43921	-0.19123	1.8347	97.19861	0.39779	
252.0	2	24.21607	3.92734	-2.63687	-16107.20687	-3358.22346	1753.77843	16546.76756	-47.51166	706.55294	916.58248	1158.27365	0.07	-1.80665	-0.37667	0.19671	-1.85596	-81.79171	0.80634	
252.0	8	18.91818	9.2004	-3.99773	-91.44896	-4492.01369	18.91958	4492.98429	67.60547	-2.66996	-307.14443	314.50808	0.07	-0.01312	-0.64461	0.00271	-0.64475	-404.55334	37.22561	
253.0	1	24.11705	-3.85171	-2.46037	-16071.61072	3977.93637	1639.74618	16637.59046	136.02083	865.73574	-767.05039	1164.63142	0.07	1.76059	-0.43577	-0.17963	1.82259	97.2109	0.41492	
253.0	2	24.23143	3.92621	-2.49423	-16207.41115	-3376.05741	1668.29038	16639.14459	-58.02833	727.24219	907.94889	1164.74018	0.07	-1.82426	-0.38	0.18778	-1.87285	-82.67542	0.72155	
253.0	8	18.93565	9.20032	-3.89408	-90.42016	-4462.16706	18.19132	4463.12016	70.5032	-2.66942	-304.34751	312.41836	0.07	-0.013	-0.64131	0.00261	-0.64145	-406.90356	37.6706	
254.0	1	24.13201	-3.8485	-2.31745	-15989.70829	3951.21435	1535.78051	16542.11256	136.13745	851.36318	-772.9752	1157.94789	0.07	1.75126	-0.43275	-0.16821	1.81177	97.31998	0.4439	
254.0	2	24.2459	3.92613	-2.35071	-16308.01062	-3395.01133	1581.10147	16732.51906	-67.29514	743.55461	902.48887	1171.27634	0.07	-1.84083	-0.38323	0.17847	-1.88875	-83.21746	0.66043	
254.0	8	18.95267	9.20032	-3.79161	-89.08688	-4416.40369	17.42226	4417.33648	73.36509	-2.66485	-300.37222	309.21353	0.07	-0.01282	-0.63563	0.00251	-0.63577	-408.59491	38.0173	
255.0	1	24.14606	-3.84599	-2.17366	-15905.59829	3924.80616	1432.03327	16445.1476	138.94203	844.12201	-770.27482	1151.16035	0.07	1.74128	-0.42967	-0.15677	1.80035	98.40758	0.50326	
255.0	2	24.25935	3.92664	-2.20636	-16406.13469	-3414.10877	1491.92484	16823.88879	-76.20334	758.46429	897.68416	1177.67222	0.07	-1.85636	-0.38631	0.16881	-1.90363	-83.71834	0.66541	
255.0	8	18.96953	9.20032	-3.6901	-87.94649	-4378.84392	16.71054	4379.75889	75.6807	-2.65373	-297.08348	306.58311	0.07	-0.01267	-0.63094	0.00241	-0.63108	-412.34367	38.42897	
256.0	1	24.15916	-3.84356	-2.02908	-15827.88672	3900.31604	1329.38784	16355.48028	138.59852	827.83164	-778.61653	1144.88361	0.07	1.73148	-0.42667	-0.14543	1.7892	98.69654	0.5265	
256.0	2	24.27192	3.92715	-2.06086	-16493.92776	-3431.2183	1400.23461	16905.13439	-86.68927	778.63858	886.87451	1183.3594	0.07	-1.87012	-0.38904	0.15876	-1.91674	-83.88443	0.65788	
256.0	8	18.98627	9.2003	-3.58875	-86.81466	-4340.6954	16.01519	4341.593	77.64094	-2.63688	-293.81516	303.91186	0.07	-0.01252	-0.62604	0.00231	-0.62617	-413.5171	38.61358	
257.0	1	24.17141	-3.8415	-1.88313	-15753.79952	3877.24845	1227.37113	16270.27028	144.73927	830.51251	-765.79106	1138.91898	0.07	1.72176	-0.42375	-0.13414	1.77821	96.9996	0.50433	
257.0	2	24.28373	3.92804	-1.91395	-16572.29528	-3446.8392	1306.12556	16977.26819	-92.92367	783.52807	888.68693	1188.40881	0.07	-1.88226	-0.39149	0.14835	-1.92826	-82.89133	0.62315	
257.0	8	19.00282	9.2003	-3.48721	-85.83482	-4309.44864	15.3601	4310.33075	79.92835	-2.62897	-290.93309	301.72424	0.07	-0.01239	-0.62204	0.00222	-0.62217	-407.52844	38.16966	
258.0	1	24.18281	-3.83998	-1.73604	-15708.77813	3861.98621	1127.96625	16215.82424	149.88852	831.17778	-758.38409	1135.1077	0.07	1.71506	-0.42164	-0.12315	1.77042	97.52024	0.44844	
258.0	2	24.29468	3.92935	-1.7664	-16646.30194	-3462.03939	1210.36118	17045.52901	-101.87533	797.93633	881.25724	1193.18703	0.07	-1.89346	-0.3938	0.13767	-1.93887	-84.87888	0.53847	
258.0	8	19.01907	9.2003	-3.38631	-85.12778	-4291.13021	14.76726	4291.99991	82.73127	-2.63513	-288.81276	300.44004	0.07	-0.0123	-0.6198	0.00213	-0.61993	-413.27145	38.9565	
259.0	1	24.19389	-3.83585	-1.58991	-13499.94957	3310.72248	887.42395	13928.28212	155.41402	783.55773	-558.98951	974.97974	0.07	1.46612	-0.35955	-0.09638	1.51264	126.97687	4.43952	
259.0	2	24.30386	3.93567	-1.61714	-18623.08237	-3878.90658	1239.11188	19063.06668	-190.06186	1130.629	682.80089	1334.41467	0.07	-2.12851	-0.44334	0.14162	-2.1788	-58.10963	4.18046	
259.0	8	19.06358	9.2003	-3.08739	-74.71744	-3830.5878	11.7537	3831.33446	36.5179	-1.52754	-265.69121	268.19342	0.07	-0.01081	-0.55438	0.0017	-0.55449	-419.38991	33.39707	
260.0	1	24.20467	-3.82935	-1.44397	-13097.35065	3200.34756	781.41096	13505.31087	180.08717	835.60103	-403.81938	945.37324	0.07	1.40978	-0.34448	-0.08411	1.4537	117.0183	4.05095	
260.0	2	24.31137	3.94567	-1.46633	-18975.04414	-3962.68505	1144.47344	19418.1614	-225.31529	1231.68167	528.976	1359.27272	0.07	-2.18369	-0.45603	0.13171	-2.23468	-68.82977	3.89483	
260.0	8	19.1118	9.20022	-2.7024	-71.82697	-3788.58421	9.81295	3789.27773	25.37526	-1.16496	-264.03196	265.25109	0.07	-0.01043	-0.55005	0.00142	-0.55015	-421.26979	34.73499	
261.0	1	24.21416	-3.82431	-1.29578	-12790.38129	3116.02059	684.60556	13182.26546	195.69427	861.68335	-265.87393	922.75857	0.07	1.36606	-0.3328	-0.07312	1.40791	110.55309	3.83568	
261.0	2	24.31812	3.95434	-1.31547	-19213.44136	-4021.66755	1039.37251	19657.3252	-250.21262	1295.9337	389.05113	1376.01282	0.07	-2.22298	-0.4653	0.12025	-2.27434	-77.78668	3.7458	
261.0	8	19.13755	9.2002	-2.44139	-66.00987	-3571.44466	8.09833	3572.06381	21.40065	-0.96044	-249.12392	250.04327	0.07	-0.00961	-0.52006	0.00118	-0.52015	-427.00881	36.29892	
262.0	1	24.22271	-3.81993	-1.14656	-12493.12348	3035.33682	591.53084	12870.17143	209.64655	874.23931	-58.27343	900.91167	0.07	1.32378	-0.32163	-0.06268	1.36373	99.85116	4.5106	
262.0	2	24.32378	3.96384	-1.16503	-19315.60188	-4053.52	925.02634	19758.01544	-276.29993	1348.12524	138.10756	1383.06074	0.07	-2.24429	-0.47098	0.10748	-2.29569	-87.82946	4.40768	
262.0	8	19.15483	9.2002	-2.2948	-48.90529	-2718.58648	5.61342	2719.03212	16.61933	-0.69047	-189.60367	190.33189	0.07	-0.00712	-0.39564	0.00082	-0.3957	-425.51054	37.66829	
263.0	1	24.23024	-3.81623	-0.99614	-12335.32218	2990.10789	507.09902	12702.67956	212.02882	857.70426	100.20826	889.18755	0.07	1.29815	-0.31467	-0.05337	1.33681	89.2418	5.15673	
263.0	2	24.32852	3.97332	-1.01472	-19303.91389	-4061.76129	804.8991	19743.02051	-286.71209	1350.57507	-60.81742	1382.01144	0.07	-2.24991	-0.47341	0.09381	-2.30109	-99.30566	4.99369	
263.0	8	19.16275	9.2002	-2.32327	-32.9654	-1882.22375	3.82637	1882.5163	16.61669	-0.55677	-130.72312	131.77617	0.07	-0.00477	-0.27251	0.00055	-0.27255	-427.3873	39.69964	
264.0	1	24.23672	-3.8133	-0.84466	-12257.808	2965.78714	427.18136	12618.72554	209.3265	855.55159	66.71676	883.31039	0.07	1.28265	-0.31034	-0.0447	1.32042	92.10141	4.20274	
264.0	2	24.33267	3.98159	-0.86404	-19390.04588	-4089.28591	688.36215	19828.51434	-287.31369	1357.64603	-27.9256	1387.99558	0.07	-2.26466	-0.47761	0.0804	-2.31587	-96.06259	4.0765	
264.0	8	19.16957	9.2002	-2.40133	-31.41116	-1836.77672	3.76818	1837.04915	24.81207	-0.68317	-126.17377	128.59209	0.07	-0.00451	-0.26398	0.00054	-0.26402	-426.37823	39.60951	
265.0	1	24.24223	-3.81109	-0.69291	-12294.49687	2970.40901	351.50141	12653.12357	208.9429	859.58729	44.15904	885.71861	0.07	1.28097	-0.30949	-0.03662	1.31834	94.36582	3.32347	
265.0	2	24.33622	3.98817	-0.71288	-19356.65497	-4089.68789	566.93219	19792.09566	-286.70555	1355.4086	-11.39863	1385.44667	0.07	-2.26429	-0.4784	0.06632	-2.31523	-94.95813	3.2113	
265.0	8	19.18151	9.2002	-2.43616	-30.30118	-1805.55947	3.68435	1805.81747	31.74128	-0.78236	-122.3543	126.40686	0.07	-0.00432	-0.25763	0.00053	-0.25767	-428.88191	40.15053	
266.0	1	24.24637	-3.80952	-0.54124	-12386.36743	2989.59779	276.62496	12745.05059	209.70818	866.8994	21.1191	892.15363	0.07	1.28646	-0.3105	-0.02873	1.32372	95.84034	2.50609	
266.0	2	24.33898	3.99321	-0.56164	-19270.84314	-4077.23906	444.59193	19702.46015	-285.4351	1349.31061	1.99487	1379.17233	0.07	-2.25619	-0.47735	0.05205	-2.30672	-94.23121	2.43723	
266.0	8	19.19668	9.2002	-2.44493	-29.43588	-1778.77418	3.58737	1779.02133	37.28947	-0.8567	-118.8146	124.53171	0.07	-0.00417	-0.25198	0.00051	-0.25201	-430.45659	40.66797	
267.0	1	24.24941	-3.80867	-0.38963	-12533.61652	3023.40568	201.44077	12894.69284	211.74556	877.42255	5.62642	902.62848	0.07	1.29934	-0.31343	-0.02088	1.33677	95.97301	1.75851	
267.0	2	24.3412	3.99677	-0.41012	-19123.10653	-4049.90347	322.07459	19549.90163	-283.25709	1338.76333	15.85567	1368.49305	0.07	-2.23946	-0.47428	0.03772	-2.28945	-93.28359	1.71642	
267.0	8	19.21523	9.2002	-2.42907	-28.94551	-1764.91525	3.49886	1765.15606	42.17094	-0.92186	-116.13841	123.56119	0.07	-0.00407	-0.24817	0.00049	-0.24821	-428.49761	40.90805	
268.0	1	24.25134	-3.80873	-0.23781	-12737.65586	3072.24248	125.00588	13103.51774	215.00277	891.66938	-6.34517	917.24627	0.07	1.3198	-0.31833	-0.01295	1.35771	96.25505	1.07687	
268.0	2	24.34285	3.99885	-0.2585	-18930.40096	-4011.28427	200.92883	19351.76618	-280.57947	1325.10562	19.37689	1354.62364	0.07	-2.21577	-0.46951	0.02352	-2.26509	-93.26566	1.05255	
268.0	8	19.23566	9.2002	-2.39848	-28.85845	-1767.18912	3.438	1767.42808	46.81154	-0.98723	-114.51839	123.72047	0.07	-0.00403	-0.24664	0.00048	-0.24667	-428.98312	41.43673	
269.0	1	24.2522	-3.80959	-0.08566	-12997.91193	3135.95913	46.04376	13370.94141	219.4204	909.71188	-17.63937	935.9659	0.07	1.34782	-0.32518	-0.00477	1.3865	96.66095	0.44845	
269.0	2	24.34393	3.99953	-0.10657	-18672.9487	-3957.31562	81.63735	19087.85018	-276.75446	1306.6522	36.91194	1336.14951	0.07	-2.18316	-0.46267	0.00954	-2.23167	-93.64395	0.42827	
269.0	8	19.25757	9.2002	-2.35589	-29.01028	-1775.87322	3.38799	1776.11339	51.23645	-1.05309	-113.27465	124.32791	0.07	-0.00402	-0.24598	0.00047	-0.24602	-430.64621	42.09778	
270.0	1	24.25192	-3.81117	0.06592	-13367.27343	3227.38304	-36.26317	13751.41139	217.4457	901.07879	40.54457	927.83052	0.06747	1.38915	-0.3354	0.00377	1.42907	96.98063	0.08405	
270.0	2	24.34434	3.99901	0.04503	-18334.35377	-3884.81301	-33.97386	18741.43683	-241.48091	1140.04331	-42.93653	1166.12834	0.06222	-2.13991	-0.45342	-0.00397	-2.18742	-94.32806	0.07138	
270.0	8	19.28138	9.2002	-2.30533	-25.88798	-1577.14049	2.95235	1577.35571	48.78944	-0.98626	-99.04558	110.41472	0.07	-0.00356	-0.21669	0.00041	-0.21672	-432.79729	42.81076	
271.0	1	24.25057	-3.81302	0.218	-13752.27766	3323.73481	-123.44717	14148.76649	176.54107	737.05145	177.57993	778.42547	0.05502	1.43399	-0.34658	0.01287	1.47534	97.29308	0.05937	
271.0	2	24.34377	3.99758	0.1968	-17923.46209	-3796.16158	-144.90773	18321.63569	-210.23345	999.60392	-183.19785	1037.77047	0.05664	-2.08706	-0.44204	-0.01687	-2.13342	-94.88501	0.06182	
271.0	8	19.31134	9.2002	-2.25111	-20.18886	-1220.3091	2.24295	1220.47815	39.6823	-0.79556	-75.65216	85.43165	0.07	-0.00274	-0.16581	0.0003	-0.16583	-434.63603	43.31021	
272.0	1	24.24807	-3.81566	0.36982	-14224.43588	3442.7453	-216.70428	14636.73571	120.62679	520.40357	349.64195	638.4514	0.04362	1.48973	-0.36056	0.0227	1.53291	95.55531	0.04448	
272.0	2	24.34247	3.99553	0.34831	-17413.3561	-3685.97413	-249.17498	17800.93998	-170.29302	829.88612	-375.50211	926.66743	0.05206	-2.02136	-0.42787	-0.02892	-2.06636	-93.51573	0.05518	
272.0	8	19.3481	9.2002	-2.19365	-12.86679	-769.61968	1.38938	769.72849	26.37169	-0.52571	-46.98437	53.88203	0.07	-0.00172	-0.10304	0.00019	-0.10306	-427.44377	42.95355	
273.0	1	24.24455	-3.81866	0.52146	-14734.17562	3572.30854	-316.70902	15164.35374	64.67687	311.83188	508.35104	599.86915	0.03956	1.55139	-0.37613	0.03335	1.59668	95.79831	0.03977	
273.0	2	24.34039	3.99288	0.49956	-16864.63772	-3567.18495	-346.30152	17241.25107	-128.22446	659.47146	-548.64803	867.38618	0.05031	-1.94985	-0.41243	-0.04004	-1.99339	-94.04765	0.05283	
273.0	8	19.39131	9.2002	-2.13339	-5.67256	-334.91667	0.59392	334.96523	12.01101	-0.23914	-20.13603	23.44742	0.07	-0.00075	-0.044	8e-05	-0.04401	-429.00799	43.39774	
274.0	1	24.23995	-3.82236	0.6725	-15322.67854	3722.80547	-425.09561	15774.17081	16.94268	143.63771	647.21425	663.17805	0.04204	1.62369	-0.39449	0.04505	1.67153	95.31324	0.04262	
274.0	2	24.33758	3.98947	0.65064	-16247.77821	-3433.49678	-434.54296	16612.28534	-88.17108	506.17319	-702.71486	870.51342	0.0524	-1.86961	-0.39509	-0.05	-1.91155	-93.86115	0.05565	
275.0	1	24.23437	-3.8263	0.82362	-16004.82471	3897.86042	-543.88339	16481.61215	5.07181	113.29462	662.70312	672.33684	0.04079	1.70847	-0.41609	0.05806	1.75937	95.33217	0.04118	
275.0	2	24.33405	3.9852	0.80151	-15548.32571	-3281.88136	-512.24394	15899.16889	-74.50141	465.35381	-720.09392	860.60437	0.05413	-1.77923	-0.37555	-0.05862	-1.81937	-93.92743	0.05808	
276.0	1	24.22788	-3.83063	0.97447	-16795.48779	4101.60101	-675.35004	17302.24375	-3.18042	98.21597	675.5896	682.69891	0.03946	1.80791	-0.44151	0.0727	1.86246	94.88439	0.03966	
276.0	2	24.32977	3.97989	0.95183	-14754.88933	-3109.96291	-577.39579	15090.1297	-53.87439	391.3953	-731.41192	831.29786	0.05509	-1.67704	-0.35348	-0.06563	-1.71514	-93.5288	0.05948	
277.0	1	24.22003	-3.83573	1.1244	-17556.63246	4300.91288	-815.08859	18094.13066	-36.71027	-19.16674	689.58659	690.82898	0.03818	1.90715	-0.4672	0.08854	1.96554	94.65556	0.03822	
277.0	2	24.32469	3.97374	1.10176	-13934.96087	-2932.32459	-631.34151	14254.13113	-55.12347	422.72483	-746.70041	859.82346	0.06032	-1.57153	-0.3307	-0.0712	-1.60752	-93.39959	0.06787	
278.0	1	24.21131	-3.84081	1.27426	-18362.29096	4513.23124	-966.38844	18933.486	-56.03829	-80.92146	686.86054	693.87749	0.03665	2.01378	-0.49496	0.10598	2.07643	94.34435	0.03653	
278.0	2	24.3189	3.96675	1.25136	-13086.24921	-2748.68801	-673.48309	13388.75587	-44.62965	395.26404	-746.00647	845.42954	0.06314	-1.46295	-0.30728	-0.07529	-1.49677	-93.16457	0.07323	
279.0	1	24.2018	-3.84591	1.42346	-18695.59357	4610.65339	-1099.46156	19287.09826	-52.78303	-51.62748	681.03662	685.02724	0.03552	2.06947	-0.51037	0.1217	2.13495	94.01421	0.03529	
279.0	2	24.31238	3.95931	1.39998	-12751.0584	-2673.13766	-734.44505	13048.92964	-25.29676	323.58876	-738.56692	806.74079	0.06182	-1.41224	-0.29606	-0.08134	-1.44523	-92.8424	0.07062	
280.0	1	24.19173	-3.8499	1.5714	-18715.703	4627.89861	-1215.71259	19317.68468	-42.45367	8.79571	687.05045	688.41703	0.03564	2.08584	-0.51577	0.13549	2.15293	93.48582	0.03542	
280.0	2	24.30475	3.95348	1.54794	-12768.75538	-2673.14059	-813.36928	13070.8976	-3.69368	245.80215	-749.84383	789.11223	0.06037	-1.40427	-0.29398	-0.08945	-1.4375	-92.34734	0.06796	
281.0	1	24.18119	-3.85234	1.7192	-18732.90155	4641.31142	-1331.68008	19345.19951	-33.59533	61.89828	688.32394	691.91755	0.03577	2.09789	-0.51978	0.14913	2.16646	91.67675	0.03556	
281.0	2	24.29571	3.94911	1.69549	-12741.96301	-2665.12956	-889.1717	13048.03292	15.55206	171.98362	-738.35281	758.27772	0.05811	-1.39389	-0.29155	-0.09727	-1.42737	-90.5609	0.06414	
282.0	1	24.1698	-3.8542	1.86589	-18754.13441	4654.13072	-1447.50377	19377.14524	-45.24693	32.05471	689.2927	691.5195	0.03569	2.108	-0.52313	0.1627	2.17803	94.05602	0.03548	
282.0	2	24.28569	3.94575	1.84151	-12694.78339	-2653.78199	-962.64346	13004.87473	20.34266	176.27697	-754.22138	774.81436	0.05958	-1.3831	-0.28913	-0.10488	-1.41688	-92.91188	0.06658	
283.0	1	24.15769	-3.85578	2.01163	-18792.28649	4670.18125	-1564.58906	19427.00603	-48.13317	38.03068	691.64647	694.36156	0.03574	2.11813	-0.52639	0.17635	2.18967	92.12494	0.03554	
283.0	2	24.27469	3.94351	1.98686	-12635.74236	-2640.89886	-1034.29288	12950.13874	30.56794	145.54082	-745.05709	759.7543	0.05867	-1.37228	-0.28681	-0.11233	-1.40643	-91.02672	0.06505	
283.0	3	20.02799	9.2001	-1.5093	-0.10814	-5.39146	0.00768	5.39255	0.24458	-0.00531	-0.28711	0.3772	0.07	-1e-05	-0.00044	0.0	-0.00044	-412.12734	40.67482	
284.0	1	24.14488	-3.857	2.15625	-18883.87985	4698.88517	-1686.19903	19532.63185	-42.83722	66.99801	666.43907	671.16674	0.03436	2.13317	-0.5308	0.19048	2.20646	91.94784	0.03404	
284.0	2	24.26288	3.94181	2.13102	-12536.89877	-2620.20507	-1101.25805	12855.04083	36.82384	128.17743	-724.17898	736.35633	0.05728	-1.35799	-0.28382	-0.11929	-1.39245	-90.81284	0.06282	
284.0	3	20.05132	9.2001	-1.4783	-1.33875	-66.38609	0.09289	66.39965	3.07177	-0.06683	-3.48759	4.64796	0.07	-0.00011	-0.0053	1e-05	-0.0053	-411.1831	40.84056	
285.0	1	24.1315	-3.85767	2.30011	-18981.84933	4728.54809	-1809.03358	19645.4161	-24.14378	150.8966	647.75768	665.53942	0.03388	2.14829	-0.53516	0.20474	2.22339	90.75595	0.03352	
285.0	2	24.2503	3.94016	2.27462	-12450.73463	-2602.29391	-1167.90822	12773.28211	54.45486	48.26776	-688.07629	691.91335	0.05417	-1.34551	-0.28122	-0.12621	-1.38037	-89.58844	0.05814	
285.0	3	20.07204	9.2001	-1.44905	-2.41114	-118.99946	0.16365	119.024	5.61256	-0.12219	-6.15574	8.3312	0.07	-0.00019	-0.00928	1e-05	-0.00928	-405.71732	40.60719	
286.0	1	24.11738	-3.85845	2.44262	-19091.49893	4761.22508	-1933.39753	19771.00457	-29.72509	133.1643	621.45609	636.25779	0.03218	2.16441	-0.53978	0.21919	2.24145	89.83944	0.03171	
286.0	2	24.23674	3.93854	2.41672	-12332.13528	-2577.78057	-1229.75771	12658.5472	51.41195	76.25615	-675.4101	681.64287	0.05385	-1.32961	-0.27793	-0.13259	-1.36481	-88.65632	0.05768	
286.0	3	20.09069	9.2001	-1.42131	-3.74696	-184.15613	0.24895	184.19441	8.83385	-0.19244	-9.39284	12.89572	0.07	-0.00029	-0.01406	2e-05	-0.01407	-401.52692	40.47732	
287.0	1	24.10229	-3.85945	2.58393	-19147.4469	4780.81633	-2052.69716	19841.73615	-43.10188	87.21554	605.18055	612.9501	0.03089	2.17433	-0.5429	0.2331	2.25317	88.3296	0.03035	
287.0	2	24.22247	3.93723	2.55784	-12221.56072	-2555.22926	-1290.65707	12552.35192	47.65792	99.56117	-648.39518	657.72336	0.0524	-1.31494	-0.27492	-0.13886	-1.35054	-87.14986	0.05565	
287.0	3	20.10768	9.2001	-1.39474	-4.19743	-205.52614	0.27316	205.56918	10.03233	-0.2186	-10.31461	14.39051	0.07	-0.00031	-0.01539	2e-05	-0.01539	-394.69187	40.13857	
288.0	1	24.0866	-3.86027	2.72432	-19224.30113	4805.45932	-2174.21655	19934.72876	-49.09426	75.87851	601.79561	608.54396	0.03053	2.18624	-0.54649	0.24726	2.26703	89.26161	0.02997	
288.0	2	24.20753	3.93618	2.69782	-12127.82475	-2536.42697	-1351.6212	12463.72637	56.00324	76.93013	-646.87144	653.83275	0.05246	-1.30238	-0.27238	-0.14515	-1.33846	-88.06592	0.05573	
288.0	3	20.12331	9.2001	-1.36921	-4.40935	-215.1734	0.2812	215.21876	10.68045	-0.23275	-10.62183	15.06485	0.07	-0.00032	-0.01581	2e-05	-0.01581	-398.80193	40.93508	
289.0	1	24.07035	-3.86081	2.86365	-19315.52434	4833.46307	-2297.5595	20043.21894	-43.66144	111.51934	601.66806	613.47155	0.03061	2.19951	-0.5504	0.26163	2.28237	89.12462	0.03005	
289.0	2	24.19202	3.93515	2.83634	-12044.7596	-2519.93311	-1412.24786	12386.31264	75.61937	1.07621	-646.86171	651.26763	0.05258	-1.29126	-0.27015	-0.1514	-1.32787	-87.94551	0.0559	
289.0	3	20.13787	9.2001	-1.34458	-4.50595	-219.20594	0.28171	219.25243	11.06253	-0.24107	-10.63474	15.34716	0.07	-0.00033	-0.01582	2e-05	-0.01583	-398.19311	41.28928	
290.0	1	24.0536	-3.86127	3.00112	-19414.38567	4863.42737	-2422.08341	20160.3022	-46.48678	107.03266	587.53464	599.01082	0.02971	2.21358	-0.55451	0.27616	2.29862	87.26832	0.02912	
290.0	2	24.17559	3.93433	2.97353	-11925.99258	-2496.17676	-1467.00025	12272.41977	81.07986	-17.7622	-628.9162	634.36979	0.05169	-1.27616	-0.26711	-0.15698	-1.31323	-86.10045	0.05468	
290.0	3	20.15189	9.2001	-1.32049	-5.14548	-249.57167	0.31541	249.6249	12.78197	-0.27858	-11.91114	17.47374	0.07	-0.00036	-0.0177	2e-05	-0.01771	-389.83551	40.79878	
291.0	1	24.03595	-3.862	3.13717	-19474.49976	4884.16807	-2541.79695	20237.88454	-67.44836	37.38138	588.59936	593.6294	0.02933	2.22311	-0.55755	0.29016	2.31025	87.32184	0.02873	
291.0	2	24.15859	3.93351	3.10958	-11812.41658	-2473.55279	-1520.5061	12164.02843	81.84978	-0.87782	-634.44162	639.70019	0.05259	-1.26164	-0.26419	-0.1624	-1.2992	-86.17615	0.05591	
291.0	3	20.16545	9.2001	-1.29694	-4.95724	-239.7489	0.29796	239.80033	12.46096	-0.27163	-11.24377	16.78606	0.07	-0.00035	-0.01671	2e-05	-0.01672	-390.07928	41.24273	
292.0	1	24.01774	-3.86258	3.27249	-19550.54122	4908.84008	-2663.55993	20332.60742	-75.20464	26.43831	600.7272	605.99331	0.0298	2.23432	-0.561	0.3044	2.3237	84.02588	0.02922	
292.0	2	24.14107	3.93284	3.24449	-11718.49192	-2455.16476	-1574.86757	12076.0546	94.94992	-48.06157	-631.59014	640.49317	0.05304	-1.24945	-0.26178	-0.16792	-1.28758	-82.99118	0.05654	
292.0	3	20.17844	9.2001	-1.27426	-4.68917	-226.15751	0.27641	226.20628	11.9316	-0.26011	-10.40714	15.83475	0.07	-0.00032	-0.0155	2e-05	-0.0155	-375.46709	40.15179	
293.0	1	23.99907	-3.86323	3.40601	-19645.66916	4938.52487	-2787.72037	20447.805	-77.65035	33.23252	606.0912	611.94813	0.02993	2.24772	-0.56503	0.31895	2.3395	85.59093	0.02934	
293.0	2	24.12317	3.93198	3.37698	-11622.24758	-2436.22634	-1627.14004	11985.80086	115.22544	-114.65483	-651.3597	671.33605	0.05601	-1.23691	-0.25928	-0.17317	-1.2756	-84.57868	0.06086	
293.0	3	20.19122	9.2001	-1.25201	-4.45072	-214.06886	0.25729	214.11528	11.44499	-0.24958	-9.67271	14.98705	0.07	-0.0003	-0.01442	2e-05	-0.01442	-382.51709	41.34712	
294.0	1	23.9799	-3.864	3.5375	-19735.21609	4967.14819	-2911.24181	20557.88521	-91.81991	-13.75228	598.98018	606.13305	0.02948	2.26062	-0.56897	0.33347	2.35485	83.73373	0.02888	
294.0	2	24.10444	3.9311	3.5085	-11490.56724	-2409.9113	-1672.65063	11859.1133	116.85029	-111.35169	-642.29096	662.26193	0.05584	-1.22061	-0.256	-0.17768	-1.25975	-82.7535	0.0606	
294.0	3	20.20416	9.2001	-1.22984	-4.70539	-225.67799	0.2667	225.7272	12.21301	-0.26648	-10.0217	15.80073	0.07	-0.00031	-0.01493	2e-05	-0.01493	-374.19564	40.83905	
295.0	1	23.96008	-3.8646	3.66779	-19806.20703	4991.11402	-3031.83481	20649.19075	-115.05825	-90.83355	602.11295	619.70084	0.03001	2.2712	-0.57234	0.34766	2.36786	83.02694	0.02943	
295.0	2	24.08529	3.93021	3.63881	-11372.96285	-2386.54621	-1718.19559	11747.00315	121.39527	-102.1582	-661.63519	680.3927	0.05792	-1.20586	-0.25304	-0.18218	-1.24552	-82.12251	0.06383	
295.0	3	20.21676	9.2001	-1.2082	-4.26626	-204.0494	0.23711	204.09414	11.17893	-0.24406	-8.8926	14.28658	0.07	-0.00028	-0.01326	2e-05	-0.01326	-371.15267	40.95045	
296.0	1	23.9398	-3.86533	3.79696	-19895.55317	5019.96103	-3155.15579	20760.25175	-118.49568	-77.83941	623.35635	639.27564	0.03079	2.28396	-0.57628	0.3622	2.38322	82.17527	0.03025	
296.0	2	24.06587	3.92951	3.76722	-11278.54134	-2368.15806	-1765.52116	11658.93358	143.76634	-188.3843	-665.72458	706.64462	0.06061	-1.19354	-0.25061	-0.18683	-1.23379	-81.35829	0.06838	
296.0	3	20.22927	9.2001	-1.18682	-3.7571	-179.19661	0.20474	179.23611	9.9379	-0.21711	-7.65521	12.54636	0.07	-0.00024	-0.01143	1e-05	-0.01144	-367.47598	41.01706	
297.0	1	23.91926	-3.86628	3.92398	-20010.13801	5055.57714	-3282.3249	20898.28079	-120.63247	-82.39451	608.5079	625.79782	0.02994	2.29985	-0.58106	0.37725	2.40193	79.89457	0.02936	
297.0	2	24.0458	3.92866	3.89347	-11139.43857	-2340.35609	-1803.86491	11524.68164	153.42634	-223.64537	-657.29614	711.05211	0.0617	-1.17649	-0.24718	-0.19051	-1.21718	-79.1271	0.07038	
297.0	3	20.24189	9.2001	-1.1656	-4.2685	-203.00513	0.22803	203.05013	11.37362	-0.24872	-8.52458	14.21582	0.07	-0.00027	-0.01271	1e-05	-0.01271	-357.28768	40.25598	
298.0	1	23.89803	-3.86689	4.04912	-20066.39269	5076.41358	-3399.77972	20975.90504	-161.39517	-219.02092	625.56351	682.1644	0.03252	2.30887	-0.5841	0.39118	2.41352	78.40815	0.03207	
298.0	2	24.02528	3.92788	4.0189	-11007.84824	-2314.15683	-1841.37223	11398.18829	148.49209	-166.79582	-678.07404	713.90136	0.06263	-1.16016	-0.2439	-0.19407	-1.2013	-77.75616	0.07219	
298.0	3	20.25469	9.2001	-1.14445	-3.59552	-170.49193	0.18824	170.52994	9.65331	-0.21133	-7.02024	11.93795	0.07	-0.00022	-0.01046	1e-05	-0.01047	-350.82524	39.96253	
299.0	1	23.87655	-3.86753	4.17297	-20158.81978	5106.53566	-3522.94508	21091.84353	-171.58311	-237.72734	637.23668	701.4454	0.03326	2.32218	-0.58824	0.40582	2.42966	78.90084	0.03286	
299.0	2	24.00461	3.92709	4.14219	-10893.51416	-2291.56738	-1879.79225	11289.53279	165.92375	-222.17423	-690.69629	744.28048	0.06593	-1.14561	-0.24099	-0.19769	-1.18726	-78.33369	0.0796	
299.0	3	20.26739	9.2001	-1.12366	-3.15347	-149.08401	0.16181	149.11745	8.52585	-0.18687	-6.01916	10.43817	0.07	-0.00019	-0.00897	1e-05	-0.00897	-353.18842	40.67074	
300.0	1	23.85485	-3.86856	4.29492	-20280.52552	5144.60766	-3651.11139	21239.05171	-174.30147	-242.10991	627.03235	694.38302	0.03269	2.33918	-0.59339	0.42112	2.44974	77.52025	0.03226	
300.0	2	23.98347	3.92614	4.26342	-10756.32785	-2264.09802	-1912.27185	11157.12832	175.89349	-265.27826	-675.29734	746.55045	0.06691	-1.12884	-0.23761	-0.20069	-1.1709	-76.98651	0.08232	
300.0	3	20.28003	9.2001	-1.10316	-3.54003	-166.85315	0.17801	166.89079	9.62403	-0.21125	-6.61866	11.68217	0.07	-0.00021	-0.00983	1e-05	-0.00983	-347.01265	40.3259	
301.0	1	23.83264	-3.86926	4.41482	-20361.35138	5172.26477	-3771.65535	21343.90632	-211.90596	-368.739	638.3075	767.01307	0.03594	2.35123	-0.59727	0.43553	2.46469	76.21627	0.03575	
301.0	2	23.96199	3.92501	4.38353	-10617.57463	-2236.16978	-1942.33725	11022.97693	172.70828	-215.77332	-695.67595	748.56616	0.06791	-1.11181	-0.23416	-0.20339	-1.15426	-75.81076	0.08554	
301.0	3	20.2929	9.2001	-1.08285	-3.07306	-144.3849	0.15143	144.41768	8.40231	-0.18473	-5.61841	10.10938	0.07	-0.00018	-0.00832	1e-05	-0.00832	-341.41052	40.07154	
302.0	1	23.81021	-3.86999	4.53323	-20454.87317	5203.28934	-3894.15608	21462.53732	-233.02402	-433.12729	645.27206	811.34177	0.0378	2.36481	-0.60156	0.45021	2.48131	74.91594	0.0378	
302.0	2	23.9405	3.92395	4.50134	-10480.71285	-2208.6702	-1970.65479	10890.68622	179.79872	-222.78046	-706.55207	762.34805	0.07	-1.09478	-0.23071	-0.20585	-1.13761	-75.23198	0.13521	
302.0	3	20.30538	9.2001	-1.06389	-2.80791	-131.50769	0.13573	131.53773	7.71794	-0.16997	-5.01858	9.20769	0.07	-0.00016	-0.00741	1e-05	-0.00741	-337.15569	40.10705	
303.0	1	23.7876	-3.8711	4.64968	-20571.93227	5240.89605	-4020.86788	21606.45198	-246.79153	-483.94744	631.86869	833.2882	0.03857	2.38159	-0.60673	0.46549	2.50135	73.67984	0.03866	
303.0	2	23.91849	3.92298	4.61727	-10325.46889	-2177.34335	-1993.33351	10739.1578	180.85574	-221.05618	-695.37038	751.74105	0.07	-1.07609	-0.22692	-0.20774	-1.1192	-74.26338	0.15379	
303.0	3	20.31768	9.2001	-1.0473	-3.23722	-151.1028	0.15384	151.13755	8.93097	-0.19711	-5.66811	10.57963	0.07	-0.00018	-0.00833	1e-05	-0.00833	-332.15196	39.89419	
304.0	1	23.7646	-3.87184	4.76416	-20655.96918	5270.02757	-4140.71549	21716.07188	-284.201	-620.81433	627.60612	927.39963	0.04271	2.39411	-0.61082	0.47993	2.51698	71.10552	0.0434	
304.0	2	23.89644	3.92181	4.73142	-10162.20629	-2144.18118	-2012.12031	10579.06318	171.26589	-150.54348	-704.5537	740.53444	0.07	-1.05609	-0.22283	-0.20911	-1.09942	-73.01526	0.23952	
304.0	3	20.32906	9.2001	-1.03798	-3.16807	-147.3255	0.14907	147.35964	8.76973	-0.19408	-5.42901	10.316	0.07	-0.00017	-0.00794	1e-05	-0.00794	-323.53277	39.44742	
305.0	1	23.74157	-3.87296	4.8767	-20767.2445	5306.58786	-4265.62608	21854.83665	-300.64334	-679.29414	618.61955	966.70425	0.04423	2.41003	-0.61583	0.49502	2.53624	69.82614	0.04521	
305.0	2	23.87424	3.92082	4.84359	-10004.27312	-2112.21557	-2029.68765	10424.32574	171.67106	-146.23401	-693.98187	729.7028	0.07	-1.03668	-0.21888	-0.21032	-1.08021	-72.89277	0.3203	
305.0	3	20.33929	9.2001	-1.03309	-3.4913	-161.75136	0.16342	161.78912	9.69109	-0.21509	-5.85663	11.32535	0.07	-0.00018	-0.00854	1e-05	-0.00854	-320.33176	39.6254	
306.0	1	23.71822	-3.87429	4.98762	-20876.17105	5343.06342	-4389.66526	21991.6349	-318.09682	-747.09619	603.43127	1011.66575	0.046	2.42593	-0.62089	0.5101	2.55555	68.70414	0.04735	
306.0	2	23.85178	3.91962	4.95361	-9840.28047	-2078.83967	-2043.71321	10263.01407	170.08224	-131.11366	-685.56225	718.411	0.07	-1.01683	-0.21481	-0.21118	-1.06052	-72.21736	0.34961	
306.0	3	20.3485	9.2001	-1.03581	-3.88295	-179.16419	0.18226	179.20635	10.80105	-0.24057	-6.37527	12.54451	0.07	-0.0002	-0.00927	1e-05	-0.00927	-316.23906	39.58275	
307.0	1	23.69458	-3.87604	5.09634	-20741.68938	5317.69519	-4461.00538	21872.2685	-298.14566	-684.88914	569.82962	939.50507	0.04295	2.41194	-0.61837	0.51875	2.54341	66.5425	0.04369	
307.0	2	23.82927	3.91942	5.0617	-9554.96252	-2020.33772	-2029.71021	9974.90836	181.504	-217.1145	-638.32726	698.24358	0.07	-0.98358	-0.20797	-0.20894	-1.02681	-71.35387	0.45592	
307.0	3	20.35563	9.2001	-1.04438	-4.75153	-218.36027	0.22499	218.41208	13.25904	-0.29635	-7.6034	15.2873	0.07	-0.00024	-0.01111	1e-05	-0.01111	-309.34446	39.46247	
308.0	1	23.6707	-3.87921	5.20318	-20641.27943	5302.37979	-4537.10064	21789.05528	-283.85454	-654.61082	526.35504	886.64443	0.04069	2.40065	-0.61668	0.52768	2.53414	66.35217	0.04106	
308.0	2	23.80609	3.9206	5.16807	-9280.51565	-1964.86367	-2014.68916	9697.81585	185.68116	-265.21308	-596.67236	678.8471	0.07	-0.95115	-0.20138	-0.20648	-0.99392	-71.38407	0.48962	
308.0	3	20.36026	9.2001	-1.05796	-5.83426	-267.09258	0.28014	267.15644	16.32025	-0.36606	-9.12262	18.70045	0.07	-0.00029	-0.01342	1e-05	-0.01343	-308.78177	39.90429	
309.0	1	23.6463	-3.88279	5.30839	-20482.76501	5272.51813	-4597.81369	21644.46813	-286.6506	-677.91871	499.59794	889.57318	0.0411	2.38112	-0.61293	0.53449	2.51616	64.25718	0.04153	
309.0	2	23.78281	3.92336	5.27164	-9003.54882	-1909.53726	-1995.91393	9417.7437	184.83636	-276.63966	-569.12748	659.24205	0.07	-0.9178	-0.19465	-0.20346	-0.96002	-69.93564	0.54338	
309.0	3	20.36317	9.2001	-1.07591	-6.28578	-286.65628	0.3074	286.72535	17.62619	-0.39679	-9.59151	20.0708	0.07	-0.00031	-0.01428	2e-05	-0.01429	-300.57024	39.48791	
310.0	1	23.62206	-3.88703	5.41105	-20410.4645	5265.23318	-4675.27545	21590.92268	-291.58327	-712.38328	470.66445	902.2393	0.04179	2.37075	-0.61158	0.54305	2.50786	63.25053	0.04233	
310.0	2	23.75905	3.92713	5.37427	-8766.47356	-1863.03751	-1982.96482	9179.00413	183.42611	-278.58041	-549.17484	642.5303	0.07	-0.88848	-0.18882	-0.20097	-0.93029	-69.3465	0.57934	
310.0	3	20.3644	9.2001	-1.09483	-6.80055	-309.0463	0.33895	309.1213	19.10705	-0.43158	-10.14678	21.63846	0.07	-0.00034	-0.01532	2e-05	-0.01532	-296.68025	39.53938	
311.0	1	23.59768	-3.89075	5.51243	-20483.79932	5295.12523	-4784.58773	21691.39612	-323.08224	-820.2441	475.41326	1001.59887	0.04617	2.3781	-0.61475	0.55547	2.5183	62.10793	0.04756	
311.0	2	23.73564	3.9299	5.47395	-8622.46935	-1835.65966	-1988.6989	9037.23118	180.00561	-244.05867	-555.17917	632.60617	0.07	-0.86891	-0.18499	-0.20041	-0.91071	-68.0659	0.5514	
311.0	3	20.36592	9.2001	-1.11543	-6.48372	-293.52998	0.32979	293.60176	18.23598	-0.41345	-9.46905	20.552	0.07	-0.00032	-0.01446	2e-05	-0.01447	-290.99537	39.21316	
312.0	1	23.5737	-3.89384	5.61093	-20574.06661	5328.79042	-4896.8259	21809.79432	-353.98004	-934.72081	470.07546	1104.52514	0.05064	2.38804	-0.61852	0.56838	2.53147	59.61618	0.05327	
312.0	2	23.71239	3.93202	5.57227	-8472.75968	-1806.60638	-1991.09084	8889.09028	174.65507	-198.21079	-563.37036	622.23635	0.07	-0.84947	-0.18113	-0.19963	-0.89122	-66.61732	0.60849	
312.0	3	20.36744	9.2001	-1.13596	-6.36577	-287.10927	0.33027	287.18002	17.91367	-0.40767	-9.11421	20.1031	0.07	-0.00031	-0.01406	2e-05	-0.01406	-281.97531	38.60806	
313.0	1	23.54974	-3.89672	5.70799	-20673.98514	5364.98654	-5010.56189	21938.6069	-376.35364	-1019.81532	460.91321	1180.72281	0.05382	2.40029	-0.62289	0.58174	2.54712	58.46981	0.05764	
313.0	2	23.68936	3.93295	5.66809	-8320.96131	-1776.41951	-1990.99692	8738.31403	171.45504	-174.90645	-560.5049	611.68198	0.07	-0.82998	-0.17719	-0.19859	-0.87161	-65.51025	0.60252	
313.0	3	20.369	9.2001	-1.16008	-6.48161	-291.12593	0.34403	291.19828	18.23955	-0.41683	-9.09128	20.38398	0.07	-0.00032	-0.01416	2e-05	-0.01416	-276.77537	38.3273	
314.0	1	23.52598	-3.89917	5.80247	-20767.10757	5399.09336	-5121.83435	22060.28452	-401.41099	-1112.80183	454.52941	1267.30252	0.05745	2.41182	-0.62703	0.59483	2.56201	56.67518	0.06308	
314.0	2	23.66668	3.93384	5.76203	-8170.82066	-1746.45073	-1989.34871	8588.94107	167.14621	-145.31659	-558.94346	601.22588	0.07	-0.81116	-0.17338	-0.19749	-0.85267	-65.18261	0.69735	
314.0	3	20.37	9.2001	-1.18625	-6.52977	-292.0606	0.35508	292.1338	18.36712	-0.42156	-8.98041	20.44937	0.07	-0.00032	-0.01412	2e-05	-0.01413	-271.88913	38.32086	
315.0	1	23.5024	-3.90148	5.89535	-20871.51221	5436.16589	-5235.02353	22194.08463	-416.82887	-1176.92899	439.70532	1323.7254	0.05964	2.42554	-0.63175	0.60838	2.57924	55.55541	0.06669	
315.0	2	23.64406	3.93356	5.85377	-8020.0146	-1715.73617	-1985.59859	8438.42322	165.64371	-137.78336	-549.99286	590.68963	0.07	-0.79225	-0.16949	-0.19615	-0.83358	-63.62694	0.66241	
315.0	3	20.37047	9.2001	-1.2165	-6.81387	-303.40017	0.38077	303.47691	19.15622	-0.44173	-9.17201	21.24339	0.07	-0.00033	-0.01459	2e-05	-0.0146	-265.81064	37.84155	
316.0	1	23.47897	-3.90352	5.98571	-20969.86137	5471.43667	-5345.80467	22321.49934	-438.30279	-1258.67853	431.06119	1400.78361	0.06275	2.43879	-0.63633	0.62172	2.59599	53.00406	0.07244	
316.0	2	23.62196	3.93316	5.94315	-7871.951	-1685.45429	-1980.64702	8290.43613	162.2494	-117.82058	-544.58878	580.33051	0.07	-0.77422	-0.16577	-0.1948	-0.81538	-62.29403	0.74044	
316.0	3	20.37029	9.2001	-1.24753	-6.9317	-307.28643	0.39806	307.36486	19.46699	-0.45099	-9.15219	21.5158	0.07	-0.00033	-0.01472	2e-05	-0.01472	-257.05562	37.23828	
317.0	1	23.45582	-3.90534	6.07431	-21087.00683	5511.51656	-5460.44967	22468.98267	-449.76543	-1319.85661	404.69105	1451.92468	0.06462	2.45455	-0.64155	0.6356	2.61541	50.42686	0.07642	
317.0	2	23.59973	3.93238	6.03084	-7712.87984	-1652.58528	-1971.00813	8130.46288	160.33943	-110.5053	-534.78181	569.13245	0.07	-0.75496	-0.16176	-0.19293	-0.79583	-59.72558	0.73572	
317.0	3	20.36948	9.2001	-1.28198	-7.35242	-324.42375	0.43484	324.50734	20.62184	-0.48011	-9.51682	22.71697	0.07	-0.00035	-0.01549	2e-05	-0.0155	-245.51	36.01828	
318.0	1	23.43282	-3.90715	6.16036	-21181.84202	5545.80553	-5568.42354	22592.78051	-468.17957	-1389.22028	397.34051	1518.88267	0.06723	2.46801	-0.64617	0.64881	2.63241	50.17684	0.08328	
318.0	2	23.57817	3.93136	6.11588	-7568.70974	-1622.7067	-1963.36095	7985.82058	158.08895	-99.99947	-526.78015	559.00745	0.07	-0.7376	-0.15814	-0.19134	-0.77825	-60.47804	0.80415	
318.0	3	20.36806	9.2001	-1.31671	-7.54193	-331.26724	0.45912	331.3534	21.12165	-0.49414	-9.57299	23.19505	0.07	-0.00036	-0.01579	2e-05	-0.0158	-246.5662	36.72851	
319.0	1	23.4101	-3.90863	6.24487	-21317.60545	5590.6673	-5686.2778	22760.26402	-483.00515	-1452.59017	382.5991	1577.8765	0.06933	2.48664	-0.65214	0.66329	2.65493	49.25097	0.09188	
319.0	2	23.55653	3.92998	6.19945	-7430.90813	-1593.98984	-1955.63016	7847.52754	156.73182	-95.40881	-517.77638	549.32693	0.07	-0.72082	-0.15462	-0.1897	-0.76124	-59.44113	0.79203	
319.0	3	20.36598	9.2001	-1.35568	-7.84838	-343.01815	0.49305	343.10828	21.94025	-0.51603	-9.75713	24.01755	0.07	-0.00037	-0.01633	2e-05	-0.01634	-242.14488	36.4817	
320.0	1	23.38766	-3.91034	6.32669	-21394.6372	5620.29747	-5787.39242	22865.08595	-487.14874	-1480.82307	362.80665	1600.55601	0.07	2.49841	-0.65632	0.67584	2.67012	49.22043	0.12268	
320.0	2	23.53554	3.92842	6.28017	-7273.27981	-1560.8807	-1940.94189	7687.9258	158.75844	-117.18905	-500.67262	538.1548	0.07	-0.70236	-0.15073	-0.18743	-0.74241	-59.61393	0.80567	
320.0	3	20.36343	9.2001	-1.3921	-8.25914	-359.27799	0.5339	359.3733	23.06151	-0.54505	-10.03403	25.15576	0.07	-0.00039	-0.01711	3e-05	-0.01712	-242.41727	37.00057	
321.0	1	23.36542	-3.91186	6.40701	-21497.91907	5656.7796	-5894.43592	22997.91414	-487.16833	-1495.97226	341.1217	1609.85403	0.07	2.51326	-0.66132	0.6891	2.68862	46.73344	0.17491	
321.0	2	23.51456	3.92647	6.35962	-7124.43606	-1529.4579	-1926.84839	7537.21271	161.93223	-150.95944	-478.91141	527.60491	0.07	-0.6847	-0.14699	-0.18518	-0.72437	-56.71809	0.77252	
321.0	3	20.3602	9.2001	-1.42855	-8.76881	-379.5309	0.58288	379.63264	24.44556	-0.58078	-10.40488	26.57412	0.07	-0.00042	-0.01811	3e-05	-0.01812	-230.39679	35.60488	
322.0	1	23.34348	-3.91433	6.48451	-21084.49346	5557.67654	-5856.76592	22577.54061	-449.08155	-1401.47373	286.79982	1499.35219	0.06641	2.46539	-0.64985	0.68483	2.63997	46.82511	0.08089	
322.0	2	23.49373	3.92626	6.43618	-6795.52565	-1460.05401	-1861.77049	7195.63173	163.71162	-230.17065	-417.04654	503.6942	0.07	-0.6497	-0.13959	-0.178	-0.68795	-53.85061	0.62855	
322.0	3	20.35646	9.2001	-1.4582	-9.75078	-420.34822	0.6627	420.46182	27.22234	-0.64909	-11.17085	29.43238	0.07	-0.00047	-0.02014	3e-05	-0.02015	-224.1254	34.81978	
323.0	1	23.32114	-3.91878	6.56014	-20774.75395	5487.29065	-5843.43374	22267.61052	-424.84129	-1355.86087	237.18426	1440.52254	0.06469	2.42605	-0.6408	0.68239	2.60038	45.45979	0.07658	
323.0	2	23.47264	3.92876	6.51109	-6509.12033	-1400.75081	-1805.62138	6898.62442	159.94093	-272.27653	-365.34967	482.90371	0.07	-0.61788	-0.13297	-0.1714	-0.65486	-51.94967	0.63326	
323.0	3	20.35131	9.2001	-1.48283	-10.60139	-455.63256	0.73368	455.75647	29.61645	-0.70816	-11.83998	31.90331	0.07	-0.00051	-0.02201	4e-05	-0.02202	-216.65817	34.07351	
324.0	1	23.29943	-3.92326	6.63341	-20820.37989	5510.43735	-5927.33602	22338.00463	-445.76326	-1433.57707	233.04293	1519.26203	0.06801	2.42748	-0.64247	0.69108	2.60442	45.15111	0.08591	
324.0	2	23.45173	3.9315	6.58359	-6367.92252	-1372.63873	-1787.75215	6755.04493	157.60079	-253.54292	-366.69892	472.85317	0.07	-0.6002	-0.12938	-0.1685	-0.63669	-51.47075	0.6052	
324.0	3	20.34597	9.2001	-1.50552	-10.49114	-449.63068	0.73799	449.75367	29.28001	-0.70214	-11.54748	31.48264	0.07	-0.00051	-0.02192	4e-05	-0.02192	-214.70817	34.02194	
325.0	1	23.27782	-3.92732	6.70464	-20879.67509	5537.10288	-6013.68884	22422.86319	-457.55328	-1485.03191	221.29334	1569.60043	0.07	2.43236	-0.64504	0.70056	2.61213	41.583	0.19715	
325.0	2	23.43159	3.9328	6.65448	-6234.06723	-1345.41978	-1770.47956	6618.78739	155.59625	-253.57153	-355.17909	463.31511	0.07	-0.5834	-0.12591	-0.16569	-0.61941	-49.38697	0.69996	
325.0	3	20.34129	9.2001	-1.52838	-10.68723	-456.47777	0.76406	456.6035	29.78506	-0.71672	-11.57642	31.96368	0.07	-0.00052	-0.02241	4e-05	-0.02242	-202.00106	32.59281	
326.0	1	23.25693	-3.93053	6.77404	-20961.81676	5569.15082	-6105.17726	22531.89722	-453.45431	-1498.66915	189.82441	1577.23282	0.07	2.44106	-0.64854	0.71096	2.6239	41.12494	0.28667	
326.0	2	23.41211	3.93242	6.72268	-6093.52956	-1316.04618	-1749.84821	6474.9555	153.03631	-275.80667	-325.48934	453.24689	0.07	-0.56639	-0.12233	-0.16265	-0.60185	-48.83642	0.71472	
326.0	3	20.33618	9.20011	-1.55104	-11.39987	-484.85774	0.82804	484.99245	31.69962	-0.76603	-12.13031	33.94992	0.07	-0.00056	-0.024	4e-05	-0.024	-199.66889	32.48942	
327.0	1	23.23656	-3.93362	6.84098	-21042.65633	5600.70456	-6194.92168	22639.30943	-449.15132	-1511.40585	159.22706	1584.75166	0.07	2.45034	-0.65218	0.72138	2.63626	39.87244	0.38401	
327.0	2	23.39291	3.9316	6.7896	-5951.1903	-1286.04688	-1727.2827	6328.82991	149.18546	-297.15754	-292.75608	443.01809	0.07	-0.54958	-0.11876	-0.15951	-0.58445	-47.60685	0.75218	
327.0	3	20.3307	9.20013	-1.57068	-12.14601	-514.39138	0.89435	514.53554	33.70196	-0.81783	-12.67942	36.01747	0.07	-0.00061	-0.0257	4e-05	-0.02571	-194.08388	31.9	
328.0	1	23.21643	-3.93647	6.90625	-21105.8076	5627.52067	-6278.04137	22727.47031	-443.02441	-1522.9337	124.25006	1590.92293	0.07	2.45835	-0.65548	0.73125	2.64724	38.454	0.49512	
328.0	2	23.3747	3.92968	6.85387	-5807.71534	-1255.3339	-1702.99365	6181.06852	144.05428	-315.45471	-258.73571	432.67479	0.07	-0.53284	-0.11517	-0.15624	-0.56709	-46.39737	0.8259	
328.0	3	20.32495	9.20014	-1.58772	-12.95223	-545.8781	0.96504	546.0326	35.8477	-0.87396	-13.23331	38.22227	0.07	-0.00065	-0.02755	5e-05	-0.02756	-188.20652	31.3224	
329.0	1	23.19707	-3.93892	6.96929	-21159.56767	5651.28024	-6356.81011	22805.11581	-435.76871	-1533.23735	87.45323	1596.35811	0.07	2.46529	-0.65843	0.74063	2.65701	37.59568	0.53517	
329.0	2	23.35675	3.92692	6.91631	-5662.53628	-1223.93956	-1676.84679	6031.09943	137.52463	-331.34436	-222.55624	422.17696	0.07	-0.5162	-0.11157	-0.15286	-0.5498	-44.54135	0.81164	
329.0	3	20.31897	9.20016	-1.60099	-13.81971	-579.59017	1.03921	579.75584	38.1366	-0.93415	-13.84557	40.58291	0.07	-0.00071	-0.02959	5e-05	-0.02959	-182.16723	30.45455	
330.0	1	23.17797	-3.94166	7.03003	-21193.1416	5669.90099	-6427.7803	22860.73901	-426.85516	-1541.53602	47.61291	1600.25173	0.07	2.46982	-0.66076	0.74908	2.66416	36.35238	0.65036	
330.0	2	23.33932	3.92415	6.97696	-5508.55895	-1190.62128	-1646.72694	5871.41468	129.23672	-344.41159	-183.29955	410.99902	0.07	-0.49892	-0.10784	-0.14915	-0.53178	-43.00527	0.89502	
330.0	3	20.3128	9.20016	-1.60989	-14.75118	-615.68878	1.11628	615.86647	40.61084	-0.99915	-14.43221	43.11064	0.07	-0.00076	-0.03182	6e-05	-0.03183	-175.97975	29.72889	
331.0	1	23.15921	-3.94445	7.08905	-21162.94288	5671.51461	-6477.63026	22847.23009	-415.38158	-1544.41395	4.86757	1599.3061	0.07	2.46698	-0.66113	0.7551	2.66332	36.81882	0.72799	
331.0	2	23.32268	3.92051	7.03544	-5361.45096	-1158.47234	-1617.37659	5718.66432	119.9773	-353.50878	-144.50701	400.30648	0.07	-0.48237	-0.10423	-0.14551	-0.51451	-42.63692	0.96075	
331.0	3	20.30661	9.20017	-1.6135	-15.70029	-651.99503	1.19152	652.18513	43.10888	-1.06547	-14.98815	45.65255	0.07	-0.00082	-0.03414	6e-05	-0.03415	-176.19147	29.94052	
332.0	1	23.14111	-3.94735	7.14583	-21139.27383	5674.67533	-6527.29541	22840.23694	-403.83541	-1546.54036	-36.66558	1598.81659	0.07	2.46397	-0.66143	0.76081	2.66223	34.87306	0.77589	
332.0	2	23.30616	3.91688	7.09201	-5208.62449	-1125.11242	-1585.00964	5559.48762	108.09183	-360.40037	-99.38036	389.16414	0.07	-0.46522	-0.10049	-0.14157	-0.49655	-39.14766	0.98029	
332.0	3	20.30037	9.20017	-1.61106	-16.73332	-691.57354	1.26857	691.77712	45.83545	-1.13761	-15.58013	48.4244	0.07	-0.00089	-0.03672	7e-05	-0.03673	-164.13363	27.98513	
333.0	1	23.1233	-3.95074	7.20029	-21104.0412	5675.03144	-6571.20998	22820.32729	-389.07776	-1546.90559	-86.38055	1597.42293	0.07	2.45899	-0.66124	0.76566	2.65897	34.29623	0.97191	
333.0	2	23.29032	3.9132	7.14646	-5050.47663	-1090.57476	-1549.7519	5394.29314	93.81275	-362.21156	-50.83414	377.60052	0.07	-0.44779	-0.09669	-0.1374	-0.47827	-37.09809	1.15555	
333.0	3	20.29417	9.20016	-1.60041	-17.91491	-737.04585	1.34945	737.26478	49.0169	-1.22091	-16.10271	51.60856	0.07	-0.00097	-0.03972	7e-05	-0.03973	-158.29978	27.16689	
334.0	1	23.10593	-3.95435	7.25264	-21069.48361	5675.82965	-6613.14495	22800.69885	-372.02507	-1545.64055	-141.29683	1596.04892	0.07	2.45437	-0.66117	0.77036	2.65604	34.19347	1.34732	
334.0	2	23.27536	3.90808	7.19904	-4894.77012	-1056.11438	-1514.01996	5231.29129	76.33961	-358.13207	3.01422	366.19039	0.07	-0.43063	-0.09292	-0.1332	-0.46024	-34.31531	1.51967	
334.0	3	20.28862	9.20013	-1.57335	-19.30679	-790.31165	1.42931	790.54874	52.84686	-1.32061	-16.36501	55.33849	0.07	-0.00106	-0.04328	8e-05	-0.04329	-151.91526	26.25666	
335.0	1	23.08918	-3.95805	7.30301	-21060.26523	5683.48976	-6660.86524	22807.98003	-353.06647	-1543.98768	-201.10972	1596.55849	0.07	2.45141	-0.66156	0.77532	2.65484	37.75875	2.05094	
335.0	2	23.26087	3.90102	7.25034	-4740.21218	-1021.37744	-1477.50225	5069.10606	53.71465	-344.51549	65.82835	354.83737	0.07	-0.41329	-0.08905	-0.12882	-0.44196	-31.20845	2.23747	
335.0	3	20.28459	9.2001	-1.51414	-21.07416	-857.81377	1.49942	858.0739	57.84752	-1.44929	-16.09267	60.06172	0.07	-0.00117	-0.04779	8e-05	-0.0478	-152.9823	26.29906	
336.0	1	23.07302	-3.96261	7.3505	-21044.26125	5690.22352	-6703.80066	22807.46629	-328.9854	-1538.23426	-272.9261	1596.52269	0.07	2.44837	-0.66202	0.77995	2.65351	46.14059	4.05275	
336.0	2	23.24751	3.89145	7.29954	-4593.03259	-987.58744	-1442.22008	4914.39478	30.68554	-320.32387	121.62369	344.00771	0.07	-0.39699	-0.08536	-0.12465	-0.42476	-20.12666	4.40679	
336.0	12	20.28524	9.2001	-1.37183	-23.23391	-939.56994	1.4908	939.85834	64.68933	-1.61848	-11.86811	65.78892	0.07	-0.00132	-0.05336	8e-05	-0.05337	-147.08638	24.9846	
337.0	1	23.05724	-3.96813	7.39504	-20974.40654	5683.71301	-6726.65591	22748.14768	-320.65005	-1531.71489	-294.40832	1592.37031	0.07	2.43832	-0.66074	0.78199	2.64452	52.80104	5.82003	
337.0	2	23.23486	3.87966	7.34794	-4471.68596	-958.83075	-1414.24651	4787.00584	20.22985	-303.06948	141.51055	335.09042	0.07	-0.38303	-0.08213	-0.12114	-0.41004	-7.49851	6.41531	
337.0	12	20.29366	9.2001	-1.07007	-24.90102	-998.45794	1.2268	998.76915	69.71779	-1.74479	-4.93676	69.91413	0.07	-0.00144	-0.05779	7e-05	-0.05781	-133.95214	22.31655	
338.0	1	23.04222	-3.97377	7.4371	-20885.87406	5672.04873	-6740.83855	22667.83572	-317.99455	-1525.63749	-298.46376	1586.74853	0.07	2.42555	-0.65871	0.78284	2.63249	52.01706	5.57825	
338.0	2	23.22249	3.86791	7.39525	-4364.25145	-933.17653	-1389.81775	4674.30236	16.34658	-292.74789	145.23119	327.20121	0.07	-0.36671	-0.07841	-0.11678	-0.39276	-5.78482	6.23651	
338.0	12	20.29971	9.2001	-0.71461	-26.21521	-1042.14704	0.83252	1042.47704	72.83255	-1.83541	-4.14451	72.97346	0.07	-0.00155	-0.06144	5e-05	-0.06146	-128.49236	20.60664	
339.0	1	23.02783	-3.97911	7.47743	-20866.23403	5678.26772	-6775.16371	22661.53769	-317.68632	-1525.00247	-299.69096	1586.3076	0.07	2.42034	-0.65864	0.78587	2.62858	49.7847	5.13497	
339.0	2	23.21035	3.85708	7.44011	-4273.62885	-911.47579	-1369.90594	4579.4469	13.56417	-284.54266	147.00681	320.56125	0.07	-0.35138	-0.07494	-0.11263	-0.37652	-5.56246	5.78486	
339.0	12	20.299	9.2	-0.38083	-27.51635	-1085.72571	0.4217	1086.07442	75.86346	-1.92444	-4.56553	76.02507	0.07	-0.00165	-0.06518	3e-05	-0.0652	-123.10964	18.94121	
340.0	1	23.01419	-3.98405	7.5158	-20928.54883	5706.08571	-6834.32624	22743.60538	-319.03848	-1530.47202	-300.83317	1592.05237	0.07	2.42519	-0.66122	0.79196	2.63552	46.94472	4.69916	
340.0	2	23.19889	3.84672	7.48256	-4203.68481	-894.3752	-1355.87842	4506.58177	11.73886	-278.65251	147.41251	315.46073	0.07	-0.34317	-0.07301	-0.11069	-0.3679	-5.62826	5.31133	
340.0	12	20.2927	9.2	-0.07208	-28.84311	-1130.37266	0.00253	1130.74058	78.94966	-2.01453	-5.28272	79.15184	0.07	-0.00176	-0.06907	0.0	-0.0691	-117.0079	17.37447	
341.0	1	23.001	-3.98842	7.55221	-20987.6299	5732.41053	-6890.80267	22821.57534	-321.56595	-1536.08631	-298.45148	1597.51028	0.07	2.43079	-0.66393	0.79809	2.6432	43.92248	4.38856	
341.0	2	23.18796	3.83668	7.52315	-4138.16904	-878.33175	-1342.60199	4438.29807	11.38483	-274.72478	144.63495	310.68085	0.07	-0.33693	-0.07151	-0.10931	-0.36136	-5.77347	4.93163	
341.0	12	20.28215	9.2	0.21369	-30.05853	-1170.37119	-0.42064	1170.75719	81.70791	-2.09635	-5.97669	81.95302	0.07	-0.00187	-0.07274	-3e-05	-0.07277	-110.67111	16.02937	
342.0	1	22.98854	-3.9923	7.5868	-21037.40874	5755.62202	-6942.59634	22888.84871	-324.11065	-1541.02987	-295.44238	1602.21939	0.07	2.43602	-0.66647	0.80392	2.65041	40.99054	4.03627	
342.0	2	23.17774	3.82654	7.5615	-4073.02266	-862.37841	-1328.80024	4370.23114	10.95968	-270.69595	142.08554	305.91619	0.07	-0.33304	-0.07052	-0.10865	-0.35735	-6.14791	4.52866	
342.0	10	20.26841	9.2	0.47601	-31.23748	-1208.51471	-0.84063	1208.91864	84.29786	-2.17398	-7.10134	84.62437	0.07	-0.00197	-0.07634	-5e-05	-0.07636	-105.04419	14.84204	
343.0	1	22.97681	-3.99565	7.6196	-21091.88659	5779.37421	-6994.30307	22960.59933	-327.04251	-1546.37419	-291.54179	1607.24191	0.07	2.44209	-0.66915	0.80982	2.65845	38.31379	3.71187	
343.0	2	23.16805	3.81627	7.59746	-4011.20202	-847.14822	-1315.46593	4305.56063	10.01851	-266.23514	140.90395	301.38919	0.07	-0.32596	-0.06884	-0.1069	-0.34988	-6.22943	4.16246	
343.0	10	20.25219	9.1999	0.71236	-32.40349	-1246.07828	-1.2509	1246.50015	86.83528	-2.24982	-8.24592	87.25493	0.07	-0.00208	-0.07996	-8e-05	-0.07999	-99.33347	13.63663	
344.0	1	22.96579	-3.99852	7.65064	-21147.82546	5802.68047	-7044.7193	23033.23017	-328.09413	-1551.20029	-292.79268	1612.32616	0.07	2.44855	-0.67185	0.81565	2.66684	35.43197	3.36709	
344.0	2	23.15883	3.8066	7.63139	-3946.73164	-831.55268	-1300.64456	4237.90594	9.51092	-262.06555	138.68838	296.65346	0.07	-0.31889	-0.06719	-0.10509	-0.34242	-6.30246	3.77309	
344.0	10	20.23428	9.1999	0.9249	-33.54916	-1283.09005	-1.64915	1283.52964	89.29652	-2.32244	-9.6579	89.8473	0.07	-0.00219	-0.08362	-0.00011	-0.08365	-93.13646	12.46804	
345.0	1	22.95542	-4.00122	7.67984	-21161.63031	5813.90323	-7079.39144	23059.35496	-329.40936	-1553.18319	-290.87496	1614.15513	0.07	2.4502	-0.67316	0.81969	2.66993	29.50998	2.60096	
345.0	2	23.15003	3.79753	7.66372	-3936.46451	-827.53848	-1303.18421	4228.34032	11.81342	-264.51386	132.28545	295.98409	0.07	-0.31707	-0.06666	-0.10497	-0.34058	-8.00381	2.89546	
345.0	9	-22.43213	-5.9019	-7.39825	20.24552	8.04397	6.67617	22.78503	0.4493	0.13441	-1.52445	1.59495	0.07	-2e-05	-1e-05	-1e-05	2e-05	21.60969	70.98752	
345.0	10	20.21565	9.1999	1.11251	-34.21896	-1302.35988	-2.00107	1302.81088	89.93464	-2.34002	-14.94957	91.19871	0.07	-0.00226	-0.08616	-0.00013	-0.08619	-83.76731	10.93526	
346.0	1	22.94558	-4.00332	7.70749	-21158.86199	5819.20977	-7106.98803	23066.64089	-334.30882	-1555.03015	-277.95915	1614.66481	0.07	2.44967	-0.67372	0.82281	2.67054	26.85183	2.1153	
346.0	2	23.14144	3.7912	7.69366	-3968.42341	-833.03433	-1319.31874	4264.14499	12.90129	-268.14057	130.50108	298.4901	0.07	-0.31818	-0.06679	-0.10578	-0.34189	-10.0069	2.33915	
346.0	9	-22.43685	-5.86192	-7.43087	60.01831	23.6301	19.87721	67.49579	1.36948	0.31607	-4.51082	4.72471	0.07	-0.00025	-0.0001	-8e-05	0.00028	23.05115	69.48363	
346.0	10	20.19939	9.1999	1.24034	-34.61299	-1312.72918	-2.24438	1313.18735	89.64767	-2.32924	-20.19025	91.92266	0.07	-0.00232	-0.08807	-0.00015	-0.0881	-82.33482	10.49218	
347.0	1	22.93643	-4.00498	7.73319	-21159.81981	5824.72864	-7133.84241	23077.19969	-335.69505	-1556.06029	-274.80032	1615.40398	0.07	2.4499	-0.67439	0.82596	2.6719	23.62249	1.77144	
347.0	2	23.13354	3.78578	7.72096	-4000.30572	-838.69203	-1335.09796	4299.80659	15.30792	-273.0667	125.67057	300.98646	0.07	-0.31956	-0.067	-0.10665	-0.34349	-10.30693	1.9304	
347.0	9	-22.44099	-5.82799	-7.4578	101.84306	39.90771	33.86307	114.50477	2.35625	0.47518	-7.64643	8.01534	0.07	-0.00075	-0.00029	-0.00025	0.00085	22.16519	63.87332	
347.0	10	20.18412	9.1999	1.34658	-34.95366	-1321.53703	-2.4516	1322.00147	89.51634	-2.32433	-23.34703	92.54005	0.07	-0.00238	-0.08984	-0.00017	-0.08987	-75.81809	9.54134	
348.0	1	22.92806	-4.00609	7.75702	-21159.22544	5828.73607	-7158.32843	23085.24748	-336.55735	-1556.80744	-272.81883	1615.96731	0.07	2.44997	-0.67489	0.82884	2.67298	21.10364	1.51771	
348.0	2	23.12613	3.78189	7.74579	-4037.34655	-845.77202	-1352.28212	4340.98657	17.2018	-277.64239	122.29146	303.86905	0.07	-0.32174	-0.0674	-0.10776	-0.34593	-10.18657	1.63518	
348.0	9	-22.43993	-5.80393	-7.48849	146.03834	57.05289	48.73494	164.18685	3.42022	0.60373	-10.95575	11.49308	0.07	-0.00141	-0.00055	-0.00047	0.00158	21.03312	58.84686	
348.0	10	20.17061	9.1999	1.42635	-35.21879	-1328.29408	-2.61085	1328.76347	89.36303	-2.31889	-25.69769	93.01344	0.07	-0.00242	-0.09142	-0.00018	-0.09145	-69.93888	8.71314	
349.0	1	22.92039	-4.00694	7.77898	-21175.1334	5836.69304	-7186.48849	23110.57933	-335.97746	-1558.27816	-275.63164	1617.74054	0.07	2.45202	-0.67587	0.83217	2.67614	19.41851	1.40322	
349.0	2	23.11913	3.77858	7.76857	-4046.62705	-847.15947	-1359.84004	4352.24477	16.84512	-278.14656	123.15315	304.65713	0.07	-0.32189	-0.06739	-0.10817	-0.34621	-9.3063	1.50177	
349.0	9	-22.43946	-5.78355	-7.51299	178.13428	69.39038	59.64431	200.26056	4.19853	0.70216	-13.35628	14.01823	0.07	-0.00195	-0.00076	-0.00065	0.00219	19.21533	54.04042	
349.0	10	20.1578	9.1999	1.49624	-35.67733	-1342.70789	-2.7703	1343.18466	90.18517	-2.34168	-26.4851	94.02292	0.07	-0.00248	-0.0935	-0.00019	-0.09353	-64.22189	7.90493	
350.0	1	22.91327	-4.00754	7.79952	-21172.89313	5839.06399	-7206.9808	23115.50657	-338.62835	-1559.30564	-268.50961	1618.08548	0.07	2.45199	-0.67621	0.83463	2.67696	15.83334	1.21932	
350.0	2	23.11245	3.77593	7.78987	-4058.90771	-849.32272	-1368.12516	4366.67463	17.47331	-279.78532	121.84958	305.66724	0.07	-0.32251	-0.06749	-0.10871	-0.34697	-7.29829	1.29829	
350.0	9	-22.43787	-5.76758	-7.53585	194.56246	75.63182	65.34657	218.73476	4.6036	0.75732	-14.58326	15.31137	0.07	-0.00202	-0.00079	-0.00068	0.00227	15.258	43.54337	
350.0	10	20.14559	9.1999	1.55773	-36.00743	-1352.74414	-2.90754	1353.22641	90.94769	-2.36414	-26.38571	94.72739	0.07	-0.00254	-0.09526	-0.0002	-0.09529	-51.72909	6.31013	
351.0	1	22.90691	-4.00794	7.81795	-21186.51564	5845.27931	-7230.60475	23136.92677	-336.82307	-1560.23219	-274.37341	1619.58483	0.07	2.45362	-0.67695	0.83738	2.6795	15.79695	1.17234	
351.0	2	23.10638	3.77385	7.80906	-4060.4042	-849.34276	-1372.34731	4369.39384	16.81535	-279.44409	123.19528	305.85754	0.07	-0.32239	-0.06744	-0.10896	-0.34692	-7.44243	1.24729	
351.0	9	-22.43499	-5.75702	-7.55636	217.0475	84.26745	73.0993	244.03714	5.18278	0.7556	-16.25982	17.08257	0.07	-0.00251	-0.00098	-0.00085	0.00283	15.41667	43.73665	
351.0	10	20.13377	9.19986	1.6137	-36.43739	-1366.80618	-3.04521	1367.29517	91.58005	-2.37967	-27.71156	95.7105	0.07	-0.00259	-0.09729	-0.00022	-0.09733	-51.97908	6.27176	
352.0	1	22.90123	-4.0083	7.83445	-21200.50652	5851.31346	-7252.39419	23158.0778	-335.5961	-1561.27965	-278.62929	1621.06544	0.07	2.4554	-0.67769	0.83996	2.68212	14.40517	1.09601	
352.0	2	23.10086	3.77214	7.82638	-4063.88914	-849.84694	-1376.8619	4374.14945	17.42825	-280.44265	121.65844	306.19046	0.07	-0.32248	-0.06744	-0.10926	-0.3471	-6.6819	1.16185	
352.0	9	-22.43193	-5.74914	-7.57438	236.39644	91.70507	79.81188	265.82519	5.66464	0.8076	-17.70616	18.60775	0.07	-0.00271	-0.00105	-0.00092	0.00305	13.91098	39.70096	
352.0	10	20.12225	9.19983	1.66543	-36.77074	-1377.43245	-3.16924	1377.9268	92.25854	-2.39834	-28.03879	96.45498	0.07	-0.00265	-0.09909	-0.00023	-0.09912	-47.17229	5.65604	
353.0	1	22.89617	-4.00866	7.84908	-21211.0138	5856.16592	-7271.11018	23174.78865	-336.55582	-1562.62172	-276.75031	1622.23525	0.07	2.45662	-0.67825	0.84213	2.68406	12.67967	1.00685	
353.0	2	23.09593	3.77077	7.84176	-4067.46248	-850.4348	-1381.04157	4378.90011	18.74584	-282.07358	118.48824	306.52304	0.07	-0.31391	-0.06563	-0.10658	-0.33794	-5.80813	1.06364	
353.0	9	-22.42906	-5.74314	-7.5897	252.92688	98.06543	85.57934	284.4515	6.07416	0.8647	-18.94284	19.91166	0.07	-0.00274	-0.00106	-0.00093	0.00308	12.14261	34.81758	
353.0	10	20.1112	9.1998	1.71222	-37.01259	-1384.82154	-3.27777	1385.31996	92.76253	-2.41264	-28.15997	96.97263	0.07	-0.00269	-0.10063	-0.00024	-0.10067	-41.36239	4.94237	
354.0	1	22.89175	-4.00903	7.86186	-21218.7978	5860.0576	-7286.99089	23187.88243	-337.55274	-1563.73455	-274.61421	1623.15142	0.07	2.45745	-0.67868	0.84394	2.6855	11.63498	0.92866	
354.0	2	23.09159	3.76976	7.85518	-4070.11538	-850.89558	-1384.53715	4382.55698	19.32016	-282.90404	117.06909	306.77865	0.07	-0.30495	-0.06375	-0.10374	-0.32836	-5.4043	0.98136	
354.0	9	-22.42648	-5.73814	-7.60301	267.60952	103.71502	90.71961	301.00117	6.45631	0.86823	-20.03775	21.07011	0.07	-0.00284	-0.0011	-0.00096	0.0032	11.23531	32.0839	
354.0	10	20.10078	9.1998	1.75314	-37.24411	-1391.99165	-3.37559	1392.49391	93.09752	-2.42115	-28.76741	97.47089	0.07	-0.00273	-0.10213	-0.00025	-0.10216	-38.1241	4.53615	
355.0	1	22.88794	-4.00935	7.87267	-21224.40041	5863.11049	-7300.14124	23197.91584	-341.17476	-1565.29579	-265.23766	1623.8541	0.07	2.45791	-0.67898	0.8454	2.68646	9.17588	0.82569	
355.0	2	23.08789	3.769	7.86656	-4077.73032	-852.4315	-1389.33493	4391.44345	23.80647	-287.39372	106.4589	307.40103	0.07	-0.26605	-0.05562	-0.09065	-0.28651	-4.26787	0.85762	
355.0	9	-22.42436	-5.73347	-7.61451	279.00514	108.08272	94.73532	313.84793	6.68153	1.07232	-20.90119	21.96935	0.07	-0.00249	-0.00097	-0.00085	0.0028	8.864	25.33142	
355.0	10	20.09114	9.1998	1.7878	-37.27044	-1391.62315	-3.44366	1392.12641	93.21003	-2.42626	-28.3245	97.44882	0.07	-0.00276	-0.10303	-0.00025	-0.10307	-30.08072	3.61006	
356.0	1	22.88477	-4.00959	7.8816	-21224.9653	5864.52668	-7309.60913	23201.77171	-339.52124	-1565.14655	-269.85261	1624.12402	0.07	2.45813	-0.67919	0.84655	2.68707	9.19484	0.80126	
356.0	2	23.08489	3.76815	7.87594	-4081.75609	-853.17296	-1392.53155	4396.33723	24.16538	-288.03255	105.6381	307.7436	0.07	-0.27351	-0.05717	-0.09331	-0.29459	-4.43203	0.82838	
356.0	9	-22.4234	-5.72721	-7.6242	290.35135	112.38251	98.71934	326.61788	6.96705	1.10379	-21.74791	22.86329	0.07	-0.00277	-0.00107	-0.00094	0.00312	9.07807	25.66926	
356.0	10	20.08232	9.1998	1.817	-37.42065	-1395.86081	-3.51323	1396.36673	93.20754	-2.4249	-29.33662	97.7454	0.07	-0.00279	-0.10423	-0.00026	-0.10427	-30.49193	3.65224	
357.0	1	22.88226	-4.00978	7.8887	-21225.70927	5865.76966	-7317.24711	23205.17384	-348.29096	-1567.37266	-246.14782	1624.36215	0.07	2.45825	-0.67934	0.84745	2.6875	5.77142	0.66878	
357.0	2	23.08253	3.76733	7.8834	-4086.26614	-853.99623	-1395.52406	4401.63241	32.05534	-294.09493	86.11054	308.11426	0.07	-0.1854	-0.03875	-0.06332	-0.19971	-2.71911	0.67788	
357.0	9	-22.4229	-5.72138	-7.6321	292.8296	113.24582	99.66753	329.40463	6.85597	1.59668	-21.95749	23.05829	0.07	-0.00184	-0.00071	-0.00063	0.00207	5.6114	16.02966	
357.0	10	20.07433	9.1998	1.8407	-37.28534	-1389.50443	-3.54569	1390.00911	93.46138	-2.43912	-26.9524	97.30062	0.07	-0.00281	-0.10457	-0.00027	-0.10461	-19.00011	2.34449	
358.0	1	22.88041	-4.00993	7.89389	-21218.82595	5864.67245	-7320.27217	23199.55479	-329.15182	-1562.19306	-297.46645	1623.96871	0.07	2.45774	-0.6793	0.8479	2.68717	5.54618	0.78634	
358.0	2	23.08082	3.76659	7.8889	-4109.1738	-858.66163	-1404.42853	4426.62723	17.8128	-284.38421	121.75339	309.86378	0.07	-0.01634	-0.00341	-0.00558	-0.0176	-0.14678	0.82253	
358.0	9	-22.42284	-5.71597	-7.63823	299.78919	115.84058	102.11667	337.22458	6.7096	2.46771	-22.49708	23.60566	0.07	-0.00082	-0.00032	-0.00028	0.00092	2.16284	11.34377	
358.0	10	20.06675	9.1998	1.86313	-37.65192	-1401.94467	-3.62373	1402.45487	97.97381	-2.61668	-5.64778	98.17134	0.07	-0.00285	-0.10629	-0.00027	-0.10633	-12.74725	1.58013	
359.0	1	22.87931	-4.01009	7.89693	-21199.13584	5859.77703	-7316.6449	23179.16391	-285.28788	-1543.79608	-409.81137	1622.54148	0.07	2.45547	-0.67873	0.84748	2.68481	8.44421	1.26306	
359.0	2	23.07963	3.76614	7.8927	-4152.9342	-867.73643	-1420.14413	4473.99579	-1.46762	-265.31071	166.40192	313.1797	0.07	0.30402	0.06352	0.10396	0.32753	5.14022	1.41323	
359.0	9	-22.42322	-5.71093	-7.64269	327.18756	126.32975	111.5137	368.03018	5.91355	6.14317	-24.31006	25.76213	0.07	0.00148	0.00057	0.00051	-0.00167	-3.7239	7.02695	
359.0	10	20.05562	9.1998	1.92058	-38.7009	-1440.00745	-3.83733	1440.53252	63.69392	-1.92006	78.15089	100.83732	0.07	-0.00296	-0.11	-0.00029	-0.11004	-7.41921	1.35014	
360.0	1	22.87897	-4.01039	7.8977	-21141.37823	5844.28148	-7297.53403	23116.39034	-266.47061	-1530.26031	-453.53898	1618.14734	0.07	2.44843	-0.67684	0.84514	2.67716	12.02579	1.76248	
360.0	2	23.07891	3.76594	7.89494	-4193.20014	-876.12579	-1434.36678	4517.51391	-13.85486	-249.97083	193.18774	316.22599	0.07	0.33316	0.06961	0.11396	0.35893	11.31498	2.11059	
360.0	9	-22.42454	-5.70446	-7.64601	358.01522	138.09098	122.0691	402.67218	0.51418	17.90528	-21.76344	28.18707	0.07	0.00455	0.00175	0.00155	-0.00511	-10.52764	3.23113	
360.0	10	20.03889	9.1998	2.02937	-39.51475	-1469.5787	-4.13543	1470.11567	3.58526	-0.38581	102.84497	102.90817	0.07	-0.00105	-0.03923	-0.00011	-0.03924	-1.63654	2.36948	
