Version	KoJaC2_v7r2	 	 INTERNAL 
Testrig	Axial Cycle Force Generation 
Modfile	016cccc.mod
comment	VShape GPPC ZUM
Analysis name	.a016cccc_t2600a080d
Applied torque	2600.0
Rpm	200.0
Articulation angle	8.0
Mode	Drive
Contact	cfo_sp_ro_1
Part	iroller_1
RefSystem	dummy_tutr1.rofix_ref


Angle_Rot_Spider.Last_Rot	Track	CPoint_x	CPoint_y	CPoint_z	Normal_Force_x	Normal_Force_y	Normal_Force_z	Normal_Force_mag	Friction_Force_x	Friction_Force_y	Friction_Force_z	Friction_Force_mag	Friction_Force_Mu	Friction_Torque_x	Friction_Torque_y	Friction_Torque_z	Friction_Torque_mag	Boring_Velocity	Slip_Velocity	Pos_Ball_x	Pos_Ball_y	Pos_Ball_z	
0.0	92	13.18083	-1.00019	0.00258	26508.49037	578.71674	62.73862	26514.88093	40.45961	-1855.48858	20.39027	1856.04165	0.07	-4.05242	-0.08847	-0.00959	4.0534	3.42873	2.05853	
0.0	106	5.12168	-1.12103	-12.05395	21.17584	0.71273	-51.38107	55.57822	0.20776	-3.88479	0.03174	3.89047	0.07	0.0	0.0	-0.0	-0.0	-8.98132	1.20808	
1.0	92	13.18079	-0.99971	0.01419	26499.08292	578.50441	86.57911	26505.53826	40.42732	-1854.83809	20.1565	1855.3881	0.07	-4.05136	-0.08845	-0.01324	4.05235	5.97243	1.62695	
1.0	106	5.15278	-1.11869	-12.04104	34.38164	1.15302	-82.91657	89.76962	0.2863	-6.27728	0.03143	6.28388	0.07	0.0	0.0	-0.0	-0.0	-8.07729	1.30289	
2.0	92	13.18087	-0.99868	-0.0112	26536.05234	579.63916	33.81944	26542.40379	40.57172	-1857.52219	2.34896	1857.96671	0.07	-4.05577	-0.08859	-0.00517	4.05674	8.64818	1.24434	
3.0	92	13.18081	-0.99737	-0.03019	26533.92665	579.80723	-6.02195	26540.26142	40.58864	-1857.24073	22.29893	1857.81802	0.07	-4.05406	-0.08859	0.00092	4.05503	10.66887	0.87395	
4.0	92	13.18074	-0.99585	-0.03072	26534.06725	579.78168	-6.98443	26540.40166	40.58771	-1857.25451	22.17593	1857.83031	0.07	-4.05331	-0.08857	0.00107	4.05428	12.94437	0.51758	
5.0	92	13.18064	-0.99403	-0.02994	26535.52812	579.70873	-5.22855	26541.86019	40.58109	-1857.35712	21.87931	1857.92923	0.07	-4.05288	-0.08854	0.0008	4.05384	15.14168	0.15058	
5.0	106	5.09132	-1.12205	-12.06608	0.91076	0.03034	-2.23699	2.41547	0.00792	-0.16889	0.00094	0.16908	0.07	0.0	0.0	-0.0	-0.0	-4.13156	1.82878	
6.0	92	13.18058	-0.99198	-0.03404	26553.57711	579.77237	-14.05564	26559.90947	38.23092	-1750.35301	25.70851	1750.95922	0.06592	-4.05491	-0.08854	0.00215	4.05588	17.37096	0.07959	
7.0	92	13.18048	-0.98996	-0.03212	26573.92685	579.20204	-11.13648	26580.24054	35.37179	-1622.39947	24.27489	1622.96657	0.06106	-4.05718	-0.08843	0.0017	4.05814	18.93787	0.06919	
8.0	92	13.18038	-0.98791	-0.03268	26601.67899	578.21212	-12.53818	26607.96519	31.57873	-1452.29012	25.17029	1452.85146	0.0546	-4.06028	-0.08825	0.00191	4.06123	21.00137	0.05877	
9.0	92	13.18034	-0.98586	-0.03282	26632.65503	576.65036	-13.31596	26638.90044	27.13309	-1252.53974	26.18837	1253.10727	0.04704	-4.06435	-0.088	0.00203	4.06531	22.9536	0.04864	
9.0	106	5.0402	-1.11956	-12.086	0.70835	0.02287	-1.75859	1.89603	0.00443	-0.13265	6e-05	0.13272	0.07	-0.0	-0.0	0.0	0.0	4.43566	4.24121	
10.0	92	13.18027	-0.98387	-0.0233	26658.66465	574.2994	6.09776	26664.8506	22.38313	-1039.29928	26.98534	1039.89047	0.039	-4.0679	-0.08763	-0.00093	4.06884	24.94267	0.03914	
10.0	106	5.06953	-1.11828	-12.07392	9.39178	0.29998	-23.24716	25.07441	0.05162	-1.75445	-0.00178	1.75521	0.07	-0.0	-0.0	0.0	0.0	6.45027	4.84203	
11.0	92	13.18018	-0.98189	-0.01067	26686.74391	571.40838	32.04387	26692.87985	17.00862	-795.91882	27.77271	796.58482	0.02984	-4.07175	-0.08718	-0.00489	4.07269	26.96974	0.02926	
11.0	106	5.09864	-1.11649	-12.06183	20.97175	0.65957	-51.60352	55.70613	0.10857	-3.8979	-0.0057	3.89942	0.07	-0.0	-0.0	0.0	0.0	8.62894	5.46754	
12.0	92	13.18009	-0.9799	0.00268	26716.03781	567.93141	59.49136	26722.13992	10.70864	-506.74981	28.68865	507.67419	0.019	-4.07577	-0.08664	-0.00908	4.07671	28.81702	0.0183	
12.0	106	5.12783	-1.11358	-12.0496	33.3323	1.02977	-81.48367	88.04369	0.16679	-6.1608	-0.00963	6.16307	0.07	-0.0	-0.0	0.0	0.0	10.71845	6.05042	
13.0	92	13.18005	-0.97783	0.01603	26748.8496	564.15709	86.93047	26754.93945	4.55604	-220.57471	29.5635	222.59372	0.00832	-4.08057	-0.08606	-0.01326	4.08149	30.54223	0.00794	
13.0	106	5.15731	-1.10868	-12.03713	45.77429	1.38622	-111.13186	120.19774	0.22445	-8.41084	-0.01246	8.41384	0.07	-0.0	-0.0	1e-05	1e-05	11.95676	6.48203	
14.0	92	13.17995	-0.97563	0.02785	26792.05411	560.30884	110.64927	26798.14085	-2.34626	106.04214	31.13342	110.54289	0.00413	-4.08666	-0.08547	-0.01688	4.08759	32.13556	0.00393	
14.0	106	5.18722	-1.10048	-12.02434	57.2189	1.69513	-137.93978	149.3461	0.26953	-10.45078	-0.01663	10.45427	0.07	-1e-05	-0.0	2e-05	2e-05	13.43115	6.92479	
15.0	92	13.18002	-0.97297	-0.04077	26891.32911	557.82338	-32.85605	26897.1342	-7.77174	376.94789	38.89768	379.0292	0.01409	-4.10166	-0.08508	0.00501	4.10255	28.74791	0.0135	
16.0	92	13.17998	-0.97053	-0.03261	26814.66694	550.77994	-16.14509	26820.32778	-12.06084	587.57415	13.42322	587.85119	0.02192	-4.08894	-0.08399	0.00246	4.0898	34.65081	0.02119	
17.0	92	13.17983	-0.96803	-0.02887	26847.78884	545.44223	-8.92729	26853.33038	-22.81041	1123.0095	14.31776	1123.33238	0.04183	-4.09369	-0.08317	0.00136	4.09453	37.6111	0.04238	
18.0	92	13.17968	-0.96538	-0.0405	26890.00528	540.03198	-33.49603	26895.44832	-33.94156	1692.27635	35.66374	1692.99237	0.06295	-4.10099	-0.08236	0.00511	4.10182	38.88167	0.07282	
18.0	106	5.15185	-1.10266	-12.03789	5.97535	0.1597	-14.3772	15.5703	0.02863	-1.08955	-0.0002	1.08992	0.07	-0.0	-0.0	0.0	0.0	19.77913	8.8058	
19.0	92	13.17953	-0.96248	-0.05073	26934.65263	534.63203	-56.59094	26940.01756	-37.35262	1885.16326	31.60817	1885.79819	0.07	-4.10261	-0.08143	0.00862	4.10343	41.95154	0.78864	
20.0	92	13.17948	-0.95862	-0.05002	27001.3779	530.933	-56.10807	27006.6556	-37.08168	1889.74098	36.88269	1890.46459	0.07	-4.11808	-0.08097	0.00856	4.11889	44.43339	1.89826	
20.0	111	5.09643	-1.17034	12.01945	6.18552	0.08751	15.1066	16.32414	-0.02253	1.14245	0.00261	1.14268	0.07	-0.0	-0.0	-0.0	0.0	17.1624	11.30539	
21.0	11	13.17949	-0.95386	-0.05096	27099.53972	529.11859	-58.69103	27104.76829	-36.95514	1896.64298	35.4707	1897.33456	0.07	-4.13234	-0.08068	0.00895	4.13314	47.46479	2.79688	
22.0	11	13.17942	-0.94835	-0.0528	27194.21231	528.20278	-63.09777	27199.41475	-36.88639	1903.27845	35.19397	1903.96115	0.07	-4.14719	-0.08055	0.00962	4.14798	50.60419	3.60276	
23.0	11	13.17949	-0.94228	-0.03288	27330.55086	528.74041	-22.33178	27335.67404	-36.98738	1912.96111	25.723	1913.49156	0.07	-4.16845	-0.08064	0.00341	4.16923	53.61561	4.27657	
23.0	106	5.17273	-1.0199	-12.02675	5.42838	0.12569	-13.11939	14.19865	0.06082	-0.99212	0.01566	0.99411	0.07	-0.0	-0.0	0.0	0.0	14.1262	5.95068	
24.0	11	13.17956	-0.93588	-0.0482	27432.07191	528.63243	-55.97138	27437.22206	-36.92891	1919.9479	34.1272	1920.60624	0.07	-4.18445	-0.08064	0.00854	4.18523	67.46226	4.9528	
25.0	11	13.17961	-0.9292	-0.05881	27560.50064	529.08261	-79.37791	27565.69289	-36.90917	1928.81593	41.16671	1929.60822	0.07	-4.20456	-0.08072	0.01211	4.20535	71.45591	5.44787	
26.0	11	13.1797	-0.92221	-0.05217	27590.37306	527.84024	-66.07266	27595.50083	-36.85402	1930.98056	36.82309	1931.68323	0.07	-4.20953	-0.08053	0.01008	4.21031	73.96615	5.85164	
27.0	11	13.17971	-0.91486	-0.04194	27620.4692	526.87483	-44.77761	27625.53024	-36.81604	1933.09651	36.26204	1933.78708	0.07	-4.21498	-0.0804	0.00683	4.21575	76.42049	6.29987	
27.0	106	5.04633	-1.02149	-12.07822	7.31414	0.16442	-18.15518	19.57381	0.04667	-1.36936	0.0064	1.37017	0.07	-0.0	-0.0	0.0	0.0	21.33806	8.65032	
28.0	11	13.17972	-0.90718	-0.02374	27639.75857	525.93502	-6.63575	27644.76271	-36.80024	1934.44227	36.33352	1935.1334	0.07	-4.21882	-0.08028	0.00101	4.21958	78.9464	6.68531	
28.0	106	5.07491	-1.02628	-12.06657	22.68128	0.50609	-55.948	60.3728	0.14485	-4.22356	0.02052	4.2261	0.07	-0.0	-0.0	0.0	0.0	21.84738	8.71519	
29.0	90	13.17974	-0.89924	-0.02985	27705.33568	526.09107	-19.82324	27710.33724	-36.80909	1939.26106	21.17606	1939.72595	0.07	-4.23003	-0.08032	0.00303	4.23079	81.57536	6.95591	
30.0	90	13.17959	-0.89097	-0.07051	27747.74503	526.03502	-106.69272	27752.93589	-36.62238	1941.74332	49.08037	1942.70873	0.07	-4.23769	-0.08034	0.01629	4.23848	84.19708	7.19858	
31.0	90	13.1796	-0.8826	-0.0479	27799.38551	526.08712	-58.99339	27804.42559	-36.75988	1945.74091	29.27767	1946.30834	0.07	-4.24669	-0.08037	0.00901	4.24746	86.56757	7.43764	
32.0	90	13.17959	-0.874	-0.0484	27850.18547	526.23971	-60.12416	27855.22166	-36.72223	1948.92168	47.88664	1949.85573	0.07	-4.25547	-0.08041	0.00919	4.25624	89.00611	7.66458	
33.0	90	13.17949	-0.86516	-0.05917	27885.98933	526.23462	-83.16527	27891.07815	-36.66132	1951.2842	54.06232	1952.37722	0.07	-4.26288	-0.08044	0.01271	4.26365	91.36249	7.87015	
33.0	106	5.03183	-1.03499	-12.0834	17.84213	0.3868	-44.39092	47.84397	0.2366	-3.33984	0.06599	3.34886	0.07	-0.0	-0.0	0.0	0.0	24.90192	9.90982	
34.0	90	13.1795	-0.85621	-0.04502	27962.79094	527.02021	-53.72911	27967.80854	-36.81855	1957.08951	34.91934	1957.74725	0.07	-4.27534	-0.08058	0.00821	4.27611	93.76973	8.04477	
34.0	106	5.05964	-0.97625	-12.07145	2.791	0.06013	-6.89751	7.44104	0.01892	-0.52052	0.00312	0.52087	0.07	-0.0	-0.0	0.0	0.0	25.88715	10.22026	
35.0	90	13.17947	-0.84705	-0.04773	28021.55614	527.55795	-61.44676	28026.58919	-36.84408	1961.18452	35.9685	1961.86033	0.07	-4.28622	-0.0807	0.0094	4.28699	96.19127	8.22615	
36.0	90	13.1794	-0.83782	-0.0296	28085.92194	528.17545	-23.18297	28090.89742	-36.95826	1965.94533	15.40618	1966.35305	0.07	-4.29775	-0.08082	0.00355	4.29851	98.54006	8.33318	
37.0	90	13.17926	-0.82843	-0.04103	28151.99095	528.89609	-48.29818	28157.00017	-36.9741	1970.46589	26.4432	1970.99014	0.07	-4.30954	-0.08096	0.00739	4.3103	100.59809	8.4438	
38.0	90	13.17929	-0.81892	-0.03469	28202.98306	529.34396	-35.13894	28207.97216	-37.00243	1973.87455	36.41932	1974.55723	0.07	-4.31871	-0.08106	0.00538	4.31947	102.92373	8.56595	
38.0	106	5.03169	-0.93888	-12.08173	1.27903	0.02698	-3.17634	3.4243	0.00817	-0.23956	0.00125	0.2397	0.07	-0.0	-0.0	0.0	0.0	28.78739	11.59533	
39.0	90	13.17917	-0.80934	-0.0501	28277.81385	530.29598	-69.50388	28282.87115	-37.0296	1979.1491	34.7975	1979.80131	0.07	-4.33153	-0.08123	0.01065	4.3323	105.17747	8.60132	
40.0	90	13.17916	-0.79983	-0.02571	28358.66239	531.27787	-16.91257	28363.64354	-37.20705	1984.52505	-47.76419	1985.44843	0.07	-4.34484	-0.0814	0.00259	4.34561	107.46007	8.73313	
41.0	90	13.17915	-0.79027	-0.0372	28429.42503	532.11745	-42.67813	28434.43648	-37.29435	1989.76332	-34.42123	1990.41044	0.07	-4.35696	-0.08155	0.00654	4.35772	109.48502	8.72217	
42.0	90	13.17915	-0.78068	-0.02761	28499.10987	532.92747	-22.09658	28504.10081	-37.32902	1994.50776	-41.4477	1995.28759	0.07	-4.36933	-0.08171	0.00339	4.37009	111.58208	8.77997	
43.0	90	13.17908	-0.77103	-0.03011	28559.05469	533.57943	-27.83146	28564.05235	-37.38316	1998.69591	-41.84304	1999.48336	0.07	-4.38036	-0.08184	0.00427	4.38113	113.77207	8.80426	
44.0	91	13.17903	-0.76136	-0.0339	28625.16769	534.33346	-36.69546	28630.17785	-37.4457	2003.39926	-38.32202	2004.1156	0.07	-4.39284	-0.082	0.00563	4.39361	115.80348	8.77787	
45.0	91	13.179	-0.75173	-0.01643	28692.17107	535.05786	1.21867	28697.1596	-37.43294	2007.46392	-63.11627	2008.80469	0.07	-4.40538	-0.08215	-0.00019	4.40615	117.9061	8.80687	
46.0	91	13.1789	-0.74202	-0.03064	28759.54372	535.8302	-32.38196	28764.55314	-37.5473	2012.72881	-42.07255	2013.5186	0.07	-4.41735	-0.0823	0.00497	4.41812	119.76108	8.73804	
47.0	91	13.17886	-0.73232	-0.02888	28834.45146	536.71646	-29.1737	28839.46093	-37.60479	2017.96452	-42.45583	2018.76136	0.07	-4.43051	-0.08247	0.00448	4.43128	121.73321	8.7065	
48.0	91	13.17885	-0.72267	-0.0263	28906.64302	537.52894	-24.63811	28911.65085	-37.65691	2022.9235	-46.87038	2023.81678	0.07	-4.44312	-0.08262	0.00379	4.44389	123.64228	8.66876	
49.0	91	13.17885	-0.71312	-0.03315	28981.41598	538.39334	-41.00138	28986.44546	-37.73816	2028.28938	-41.16258	2029.05799	0.07	-4.4564	-0.08279	0.0063	4.45718	125.4583	8.55877	
49.0	111	4.91988	-0.8812	12.09649	3.24581	0.05599	8.27985	8.8935	-0.00863	0.6218	-0.00082	0.62186	0.07	-0.0	-0.0	-0.0	0.0	55.55719	36.63426	
50.0	91	13.17878	-0.70373	-0.03059	29056.76213	539.26651	-35.27866	29061.78726	-37.79255	2033.51632	-43.13812	2034.3249	0.07	-4.46971	-0.08295	0.00543	4.47049	127.28243	8.50286	
50.0	111	4.89816	-0.85412	12.10513	1.93826	0.03357	4.97004	5.33473	-0.00472	0.3734	-0.00068	0.37343	0.07	-0.0	-0.0	-0.0	0.0	56.02958	36.98285	
51.0	1	4.94101	-0.7957	-12.11413	11.72364	0.23061	-29.6981	31.92921	0.01812	-2.23495	-0.0102	2.23504	0.07	-0.0	-0.0	1e-05	1e-05	37.64021	17.28366	
51.0	91	13.17875	-0.69443	-0.0147	29119.4132	539.89332	-0.05533	29124.41776	-37.78401	2037.89478	-43.47623	2038.70865	0.07	-4.48121	-0.08308	1e-05	4.48198	129.10022	8.46903	
52.0	91	13.17872	-0.68517	-0.03022	29128.56973	539.53585	-35.42148	29133.58763	-37.81135	2038.54813	-42.93318	2039.35073	0.07	-4.48505	-0.08307	0.00545	4.48582	130.84509	8.33222	
53.0	91	13.17867	-0.67595	-0.02791	29124.86519	538.92795	-30.55053	29129.86696	-37.76237	2038.26582	-44.04127	2039.09126	0.07	-4.48686	-0.08302	0.00471	4.48763	132.53557	8.28743	
54.0	91	13.1785	-0.66676	-0.02726	29123.67125	538.37634	-29.54361	29128.66198	-37.72241	2038.17502	-44.33827	2039.00619	0.07	-4.4889	-0.08298	0.00455	4.48967	134.21652	8.17679	
55.0	91	13.17836	-0.6576	-0.02464	29121.06372	537.79791	-24.9092	29126.03989	-37.68108	2037.5725	-60.6616	2038.82353	0.07	-4.49023	-0.08292	0.00384	4.49099	135.86303	8.05496	
56.0	91	13.17827	-0.64853	-0.02669	29123.47997	537.3365	-30.5389	29128.45257	-37.65038	2038.18844	-43.12377	2038.99223	0.07	-4.49206	-0.08288	0.00471	4.49283	137.38846	7.92761	
57.0	1	4.86625	-0.71527	-12.14113	0.04245	0.00081	-0.10963	0.11757	0.0001	-0.00823	-2e-05	0.00823	0.07	-0.0	-0.0	0.0	0.0	40.32009	20.08402	
57.0	91	13.17819	-0.63961	-0.02549	29117.02192	536.73414	-28.87758	29121.98282	-37.6062	2037.71935	-43.87585	2038.53856	0.07	-4.49248	-0.08281	0.00446	4.49324	138.9653	7.76757	
58.0	91	13.17801	-0.63088	-0.02731	29120.96938	536.33677	-34.40984	29125.92829	-37.5856	2038.03374	-42.3327	2038.81982	0.07	-4.4944	-0.08278	0.00531	4.49517	140.45635	7.58148	
59.0	91	13.17788	-0.62238	-0.02575	29124.4703	535.92334	-31.22201	29129.41742	-37.55294	2038.24404	-43.77879	2039.05997	0.07	-4.49665	-0.08274	0.00482	4.49741	141.91309	7.40202	
60.0	91	13.17776	-0.61415	-0.01475	29126.40284	535.47057	-6.76811	29131.32536	-37.48004	2037.90844	-61.86108	2039.1916	0.07	-4.49814	-0.0827	0.00105	4.4989	143.30148	7.19683	
61.0	91	13.17761	-0.60608	0.00246	29120.25569	534.86081	31.35089	29125.18413	-37.36413	2037.6189	-57.07968	2038.76064	0.07	-4.4987	-0.08263	-0.00484	4.49946	144.69769	7.01127	
62.0	91	13.17752	-0.59806	-0.03923	29123.89757	534.43458	-62.34085	29128.86741	-37.46058	2038.5237	-24.71333	2039.01764	0.07	-4.50065	-0.08259	0.00963	4.50142	146.04359	6.69347	
63.0	91	13.1774	-0.59016	-0.03424	29124.6067	533.96249	-52.42329	29129.54822	-37.45138	2038.19519	-46.48731	2039.06922	0.07	-4.50192	-0.08254	0.0081	4.50269	147.34779	6.45791	
64.0	91	13.17727	-0.58251	-0.02015	29122.39689	533.45265	-22.44754	29127.29092	-37.36735	2038.07173	-45.08712	2038.91283	0.07	-4.5031	-0.08249	0.00347	4.50385	148.4631	6.24386	
65.0	91	13.17713	-0.57508	-0.02579	29123.85344	533.02429	-37.22744	29128.75452	-37.35778	2038.22961	-42.35245	2039.01184	0.07	-4.50623	-0.08247	0.00576	4.50699	149.73834	5.99033	
65.0	111	4.83751	-0.74792	12.13291	0.75055	0.014	1.96621	2.10463	-0.00242	0.1473	-0.00013	0.14732	0.07	-0.0	-0.0	-0.0	0.0	63.33983	39.31714	
66.0	91	13.17702	-0.56791	-0.02768	29213.93718	534.21222	-41.95373	29218.85125	-37.44452	2044.59701	-39.40765	2045.31954	0.07	-4.5202	-0.08266	0.00649	4.52096	150.84948	5.70657	
67.0	91	13.17694	-0.56099	-0.03616	29322.82598	535.7338	-62.07171	29327.78523	-37.55128	2052.45536	-24.81102	2052.94878	0.07	-4.53918	-0.08293	0.00961	4.53995	151.90272	5.3835	
68.0	91	13.17694	-0.55433	-0.01266	29448.86619	537.56742	-10.10968	29453.77397	-37.63571	2060.79029	-50.95499	2061.76368	0.07	-4.56069	-0.08325	0.00157	4.56145	153.04554	5.16723	
69.0	91	13.17694	-0.54788	-0.01677	29594.77149	539.72168	-20.53163	29599.69967	-37.80259	2071.16075	-44.25877	2071.97846	0.07	-4.58463	-0.08361	0.00318	4.58539	154.02371	4.8386	
70.0	91	13.17696	-0.54171	-0.02292	29758.4512	542.18703	-35.85896	29763.4116	-37.99655	2082.65728	-42.62883	2083.44002	0.07	-4.61065	-0.084	0.00556	4.61141	154.97959	4.4948	
71.0	91	13.17707	-0.53583	-0.02256	29938.10364	544.93878	-35.81287	29943.08418	-38.1867	2095.28611	-40.06171	2096.01694	0.07	-4.63974	-0.08445	0.00555	4.64051	155.81781	4.17707	
72.0	1	4.72018	-0.70264	-12.19184	0.99523	0.01698	-2.66947	2.84901	0.00365	-0.1994	9e-05	0.19943	0.07	-0.0	-0.0	0.0	0.0	44.83099	27.83563	
72.0	91	13.1772	-0.53022	-0.02778	30123.2108	547.77146	-48.64556	30128.2301	-38.4073	2108.15606	-44.47403	2108.97488	0.07	-4.66998	-0.08492	0.00754	4.67076	156.73128	3.87542	
72.0	111	4.76674	-0.70928	12.16234	4.56363	0.08826	12.16162	12.98998	-0.01572	0.90915	-0.0007	0.90929	0.07	-0.0	-0.0	-0.0	0.0	65.00455	38.78353	
73.0	91	13.17741	-0.52489	-0.02966	30344.92553	551.29505	-53.4532	30349.98005	-38.66219	2123.65645	-45.6464	2124.49878	0.07	-4.70647	-0.08551	0.00829	4.70725	157.47144	3.51395	
73.0	111	4.75969	-0.68166	12.16527	6.59883	0.12824	17.61153	18.80764	-0.02107	1.31637	-0.00169	1.31653	0.07	-0.0	-0.0	-0.0	0.0	65.30786	38.61228	
74.0	91	13.17766	-0.51985	-0.02285	30578.89275	555.04638	-37.90387	30583.95322	-38.90204	2140.01136	-46.8529	2140.87767	0.07	-4.74536	-0.08613	0.00588	4.74615	158.26	3.20558	
74.0	111	4.75691	-0.65429	12.1666	1.359	0.02655	3.62614	3.87253	-0.004	0.27105	-0.00048	0.27108	0.07	-0.0	-0.0	-0.0	0.0	65.54925	38.44905	
75.0	1	4.7495	-0.63674	-12.17975	9.14942	0.15241	-24.40642	26.06546	0.0289	-1.82436	-0.00056	1.82459	0.07	-0.0	-0.0	0.0	0.0	45.71279	29.24625	
75.0	91	13.17793	-0.51505	-0.01073	30810.64839	558.76119	-10.38518	30815.71638	-39.11986	2156.23057	-47.19733	2157.10181	0.07	-4.78433	-0.08677	0.00161	4.78512	158.92017	2.92138	
76.0	1	4.7595	-0.65559	-12.17592	12.8598	0.21252	-34.23291	36.56927	0.04694	-2.55969	0.00174	2.56012	0.07	-0.0	-0.0	1e-05	1e-05	49.82187	31.24771	
76.0	63	12.75541	2.59769	-0.58308	167.13611	44.94187	-7.65612	173.24222	-0.52228	-0.12158	-12.11514	12.127	0.07	-1e-05	-0.0	0.0	1e-05	154.49467	8.65127	
76.0	70	12.76948	2.58724	-0.23338	137.81416	37.02865	-2.48539	142.72365	-0.45269	1.01845	-9.92833	9.99069	0.07	-1e-05	-0.0	0.0	1e-05	154.81181	8.68864	
76.0	71	12.77315	2.56817	0.29145	4.54316	1.22097	0.11103	4.70568	-0.0155	0.08654	-0.31745	0.3294	0.07	-0.0	-0.0	-0.0	0.0	155.06813	8.93826	
76.0	91	13.17826	-0.51048	0.00362	30310.92642	549.18249	22.08073	30315.90918	-38.44779	2121.76065	6.98324	2122.12046	0.07	-4.70946	-0.08533	-0.00343	4.71023	159.72542	1.70417	
76.0	111	4.73706	-0.66649	12.17512	2.30996	0.04566	6.20597	6.62208	-0.00802	0.4635	-0.00042	0.46357	0.07	-0.0	-0.0	-0.0	0.0	62.08499	36.63737	
77.0	1	4.76672	-0.67291	-12.17309	5.48312	0.08935	-14.57276	15.57042	0.02016	-1.08974	0.0009	1.08993	0.07	-0.0	-0.0	0.0	0.0	54.34818	33.72324	
77.0	60	12.73263	2.60877	-0.93433	153.82876	41.40933	-11.52889	159.72143	0.05319	-3.18163	-10.71811	11.1805	0.07	-5e-05	-1e-05	0.0	6e-05	155.18564	9.11574	
77.0	63	12.74526	2.60642	-0.75431	480.36668	129.19681	-28.49011	498.25259	0.1689	-8.1083	-33.92167	34.87768	0.07	-0.00066	-0.00018	4e-05	0.00068	155.38067	8.98016	
77.0	70	12.76795	2.59724	-0.23801	337.82527	90.72944	-6.38585	349.855	0.0235	-1.80647	-24.42312	24.48985	0.07	-0.0005	-0.00013	1e-05	0.00052	155.71441	8.73527	
77.0	71	12.77188	2.58874	0.10983	158.51525	42.56523	1.31722	164.13597	-0.02106	0.43374	-11.48131	11.48952	0.07	-0.00017	-4e-05	-0.0	0.00017	155.79832	8.69696	
77.0	75	12.76262	2.56358	0.64045	4.29245	1.15425	0.22175	4.45046	-0.00151	0.06416	-0.30485	0.31153	0.07	-0.0	-0.0	-0.0	0.0	155.69385	8.81515	
77.0	78	12.76706	2.5765	0.46083	57.32931	15.40666	2.06458	59.39931	-0.0191	0.62199	-4.11112	4.15795	0.07	-2e-05	-1e-05	-0.0	2e-05	155.76388	8.75901	
77.0	91	13.17854	-0.50747	0.01339	29049.59559	522.78764	41.41575	29054.32887	-33.56619	1856.13006	114.0259	1859.9321	0.06402	-4.51353	-0.08123	-0.00643	4.51427	160.52188	0.07507	
78.0	1	4.77061	-0.69067	-12.17151	13.84651	0.22227	-36.76048	39.28242	0.05907	-2.74912	0.00563	2.74976	0.07	-0.0	-0.0	0.0	1e-05	53.33294	33.66682	
78.0	60	12.70123	2.61634	-1.28211	394.96958	106.48083	-40.39756	411.06094	0.23399	-10.96107	-26.60369	28.77423	0.07	-0.00024	-7e-05	2e-05	0.00025	155.30689	9.49407	
78.0	63	12.71944	2.61225	-1.1018	343.12151	92.39081	-29.7864	356.58893	0.20303	-8.33879	-23.52625	24.96119	0.07	-0.00033	-9e-05	3e-05	0.00035	155.58347	9.30407	
78.0	70	12.7613	2.60419	-0.34871	511.66349	137.40458	-14.02507	529.97759	0.11377	-4.18614	-36.86128	37.09839	0.07	-0.00367	-0.00098	0.0001	0.0038	156.3116	8.81146	
78.0	72	12.75066	2.5762	0.8107	55.00121	14.79258	3.51326	57.06397	-0.02374	1.00634	-3.86556	3.99447	0.07	-2e-05	-1e-05	-0.0	3e-05	156.37973	8.98473	
78.0	75	12.75879	2.58344	0.63666	136.09997	36.57816	6.87728	141.09735	-0.041	1.97214	-9.67782	9.87681	0.07	-0.00012	-3e-05	-1e-05	0.00012	156.45008	8.89085	
78.0	78	12.76464	2.59272	0.44323	212.95408	57.19416	7.43215	220.62604	-0.04506	2.15498	-15.29265	15.44381	0.07	-0.00043	-0.00012	-2e-05	0.00045	156.49831	8.82088	
78.0	79	12.7418	2.56217	0.98682	15.80004	4.25383	1.2256	16.40849	-0.00894	0.34854	-1.0944	1.14859	0.07	-0.0	-0.0	-0.0	0.0	156.27795	9.08774	
78.0	91	13.17886	-0.50492	0.02286	29206.84417	521.71389	61.50828	29211.56817	-33.20622	1844.71834	120.85551	1848.97119	0.0633	-4.53744	-0.08105	-0.00956	4.53818	161.08287	0.07354	
79.0	60	12.68273	2.61764	-1.45856	1040.49474	280.81117	-121.42432	1084.5405	0.73391	-32.40437	-68.65086	75.91786	0.07	-0.00164	-0.00044	0.00019	0.00171	155.28909	9.7298	
79.0	67	12.70838	2.57062	1.33548	78.51177	21.18272	8.4485	81.75685	-0.0401	2.24769	-5.26296	5.72298	0.07	-4e-05	-1e-05	-0.0	4e-05	156.29101	9.46838	
79.0	69	12.57657	2.64036	-2.15027	4.97208	1.35153	-0.8603	5.22382	0.00425	-0.20734	-0.30117	0.36567	0.07	-0.0	-0.0	0.0	0.0	153.8547	10.75387	
79.0	70	12.75397	2.61709	-0.21824	374.5558	100.58185	-6.40369	387.87854	0.08318	-2.03353	-27.07512	27.1515	0.07	-0.00516	-0.00139	9e-05	0.00534	156.6807	8.83576	
79.0	72	12.74154	2.61831	0.79557	238.72438	64.17647	15.13218	247.66294	-0.05816	4.18328	-16.82403	17.33641	0.07	-0.00082	-0.00022	-5e-05	0.00085	156.70573	9.09962	
79.0	73	12.7236	2.58173	1.15254	91.71088	24.70441	8.41141	95.35169	-0.04378	2.29634	-6.26701	6.67462	0.07	-0.00011	-3e-05	-1e-05	0.00011	156.47498	9.30313	
79.0	79	12.73261	2.60108	0.98597	417.84694	112.4511	32.9363	433.96557	-0.14162	9.0221	-29.00655	30.37759	0.07	-0.00101	-0.00027	-8e-05	0.00105	156.59445	9.20106	
79.0	91	13.17921	-0.50245	0.03415	29003.89146	514.86521	84.98874	29008.58544	-32.09541	1785.85924	134.31056	1791.1903	0.06175	-4.50598	-0.07999	-0.0132	4.50671	161.66484	0.07047	
80.0	60	12.6102	2.62467	-1.97911	467.26363	126.70656	-74.30469	489.80715	0.42742	-18.50213	-28.86259	34.28644	0.07	-0.00081	-0.00022	0.00013	0.00084	154.10906	10.47664	
80.0	69	12.58139	2.62732	-2.14807	424.56505	115.36137	-73.36926	446.0345	0.40588	-17.80409	-25.64537	31.22236	0.07	-0.00056	-0.00015	0.0001	0.00058	153.70114	10.74548	
80.0	71	12.73696	2.61754	-0.09986	1810.34178	486.6387	-14.01694	1874.66025	0.44739	-5.44085	-131.11253	131.22614	0.07	-0.03704	-0.00996	0.00029	0.03836	156.75307	8.82924	
80.0	81	12.65204	2.59533	1.74413	142.67556	38.62776	19.97672	149.15592	-0.07991	5.02741	-9.15049	10.44091	0.07	-0.00044	-0.00012	-6e-05	0.00046	156.0	10.04792	
80.0	91	13.17945	-0.50016	0.04521	28890.51254	510.14397	107.96146	28895.2179	-31.19309	1736.41505	142.29851	1742.51516	0.0603	-4.48867	-0.07926	-0.01677	4.4894	162.15714	0.06784	
81.0	54	12.47553	2.64516	-2.67066	1.34022	0.36685	-0.29079	1.41962	0.00137	-0.06475	-0.07537	0.09937	0.07	-0.0	-0.0	0.0	0.0	153.7324	11.73921	
81.0	57	12.51605	2.63274	-2.49317	244.65012	66.74687	-49.03194	258.28852	0.26901	-11.33283	-14.08504	18.0802	0.07	-0.00014	-4e-05	3e-05	0.00015	154.32798	11.39352	
81.0	71	12.76631	2.62378	-0.155	4282.287	1152.40421	-51.77295	4434.94057	1.01598	-17.6998	-309.94199	310.44863	0.07	-0.10463	-0.02816	0.00126	0.10836	158.35555	8.90205	
81.0	91	13.17972	-0.49815	0.0274	27090.96091	475.90827	62.66777	27095.21321	-15.43566	844.32821	260.80673	883.82608	0.03262	-4.20773	-0.07392	-0.00973	4.20839	162.66921	0.03218	
82.0	47	12.43876	2.63868	-2.84475	82.89874	22.74962	-19.2442	88.09134	0.09061	-4.17114	-4.54061	6.16634	0.07	-1e-05	-0.0	0.0	1e-05	153.07158	12.07429	
82.0	71	12.76741	2.62104	-0.17292	5784.4046	1557.84035	-78.11051	5991.01865	1.83934	-27.81049	-418.44329	419.37048	0.07	-0.15721	-0.04234	0.00212	0.16283	158.42223	8.89868	
82.0	91	13.1798	-0.49623	0.03263	25632.41961	448.28674	69.47278	25636.4335	-4.01033	173.36568	360.9604	400.45494	0.01562	-3.97877	-0.06958	-0.01078	3.97939	162.98938	0.01499	
83.0	47	12.44219	2.62953	-2.84231	378.51002	103.83773	-87.71345	402.17627	0.46709	-19.13849	-20.64107	28.15233	0.07	-0.00065	-0.00018	0.00015	0.00069	152.4214	12.10263	
83.0	71	12.7691	2.61725	-0.15424	6245.99384	1683.18565	-75.24434	6469.25148	3.17018	-31.95687	-451.70735	452.84746	0.07	-0.18328	-0.04939	0.00221	0.18983	157.96715	8.88303	
83.0	87	12.45696	2.6478	2.75113	76.75754	21.05921	17.21965	81.43542	-0.03943	3.69378	-4.34165	5.70048	0.07	-5e-05	-1e-05	-1e-05	5e-05	155.9154	11.84387	
83.0	91	13.17971	-0.4944	0.05971	24545.42971	427.80085	117.87866	24549.4405	4.44293	-371.26333	422.24006	562.26583	0.0229	-3.80537	-0.06632	-0.01828	3.80599	163.32757	0.02218	
84.0	43	12.35519	2.63366	-3.19143	169.04815	46.66631	-44.32489	180.88593	0.2128	-9.11564	-8.7856	12.66203	0.07	-7e-05	-2e-05	2e-05	8e-05	151.23652	12.79671	
84.0	71	12.76947	2.6172	-0.14782	7682.58798	2073.1735	-88.76021	7957.89449	3.67259	-37.40472	-555.78359	557.05296	0.07	-0.24477	-0.06605	0.00283	0.25354	158.39049	8.89024	
84.0	91	13.1798	-0.49263	0.04283	23311.87488	405.25588	81.34377	23315.53902	16.51967	-1051.52038	504.40636	1166.3592	0.05002	-3.60875	-0.06273	-0.01259	3.60932	163.63859	0.05245	
84.0	107	12.39975	2.63692	3.0088	40.2253	11.08534	9.91329	42.88628	-0.02633	2.05361	-2.18957	3.00204	0.07	-4e-05	-1e-05	-1e-05	4e-05	156.07279	12.36443	
84.0	111	4.70217	-0.62818	12.1915	14.22326	0.28309	38.48271	41.02804	-0.05532	2.8714	-0.00068	2.87193	0.07	-0.0	-0.0	-0.0	0.0	65.15834	35.97535	
85.0	43	12.3096	2.62736	-3.36681	628.25202	174.05054	-174.68725	674.91468	0.99432	-35.19992	-31.49562	47.24402	0.07	-0.00074	-0.00021	0.00021	0.0008	150.15728	13.28762	
85.0	71	12.77065	2.61596	-0.05522	7796.11597	2106.31654	-33.06906	8075.7097	6.92204	-34.47855	-564.20476	565.29965	0.07	-0.26401	-0.07133	0.00112	0.27348	158.36836	8.87641	
85.0	91	13.17936	-0.49067	0.10828	22691.32078	394.00376	191.37565	22695.54808	19.974	-1410.60986	535.85262	1509.0915	0.06649	-3.50632	-0.06088	-0.02957	3.50697	163.81567	0.08112	
85.0	109	12.31349	2.6199	3.3576	61.21353	16.98374	16.90535	65.73685	-0.03108	3.30199	-3.20475	4.60158	0.07	-6e-05	-2e-05	-2e-05	6e-05	155.3882	12.90044	
86.0	1	4.80033	-0.62308	-12.15732	1.11712	0.01642	-2.94758	3.15222	0.00394	-0.22062	0.00026	0.22066	0.07	-0.0	-0.0	0.0	0.0	47.52797	33.76449	
86.0	29	12.20979	2.62773	-3.70748	213.88377	59.6943	-66.0164	231.66321	0.47505	-12.75892	-9.99796	16.21651	0.07	-6e-05	-2e-05	2e-05	6e-05	149.11249	14.13964	
86.0	71	12.77052	2.61598	-0.08266	8283.95004	2241.41061	-53.6066	8581.99414	12.07234	-58.91312	-597.7223	600.73991	0.07	-0.29665	-0.08027	0.00192	0.30732	159.16867	8.77421	
86.0	91	13.1797	-0.48905	0.04668	22708.15524	393.95248	83.36275	22711.72522	23.93485	-1494.3571	542.08147	1589.82022	0.07	-3.50264	-0.06077	-0.01286	3.50319	164.00506	0.53007	
86.0	110	12.27557	2.57394	3.53639	15.05494	4.19411	4.40622	16.2375	-0.00988	0.83992	-0.76573	1.13662	0.07	-0.0	-0.0	-0.0	0.0	156.05445	12.96318	
87.0	1	4.80268	-0.6497	-12.15617	34.99572	0.51088	-92.32262	98.73413	0.19976	-6.9084	0.03749	6.91139	0.07	-0.0	-0.0	0.0	0.0	46.81927	34.0057	
87.0	14	12.10188	2.62226	-4.04512	117.07689	32.94176	-39.63654	127.91878	0.34771	-7.35927	-5.08921	8.95432	0.07	-2e-05	-0.0	1e-05	2e-05	147.87464	15.10866	
87.0	71	12.77095	2.61419	-0.08038	7849.76345	2126.46793	-50.0283	8132.84421	17.37666	-77.4081	-563.74422	569.29914	0.07	-0.29328	-0.07945	0.00187	0.30385	159.76978	8.69488	
87.0	91	13.17977	-0.48765	0.02585	22823.96472	396.04036	46.55915	22827.44798	25.13253	-1509.83623	522.60449	1597.92132	0.07	-3.51465	-0.06099	-0.00717	3.51518	164.08197	0.94917	
87.0	110	12.17523	2.57024	3.8665	12.80716	3.59648	4.12558	13.92762	-0.00766	0.74652	-0.62701	0.97493	0.07	-0.0	-0.0	-0.0	0.0	155.93078	13.38916	
88.0	1	4.80265	-0.67614	-12.15596	6.15981	0.08937	-16.24986	17.37841	0.03882	-1.21584	0.00803	1.21649	0.07	-0.0	-0.0	0.0	0.0	45.87432	34.13834	
88.0	14	12.04266	2.61478	-4.22079	80.91605	22.89233	-28.93866	88.93206	0.27559	-5.22945	-3.36625	6.22533	0.07	-1e-05	-0.0	0.0	1e-05	146.64949	15.66217	
88.0	71	12.77093	2.61461	-0.01236	8060.91505	2187.38869	-8.21098	8352.43007	22.25573	-84.18658	-578.15244	584.67336	0.07	-0.31491	-0.08545	0.00032	0.3263	160.01925	8.6114	
88.0	91	13.17971	-0.48652	0.00507	23022.62941	399.87294	9.24231	23026.10364	26.29101	-1525.70095	519.16628	1611.8276	0.07	-3.53979	-0.06148	-0.00142	3.54032	164.20072	1.2834	
88.0	110	12.11809	2.5864	4.02601	34.32856	9.68243	11.58546	37.5023	-0.01271	2.03269	-1.66113	2.62513	0.07	-2e-05	-0.0	-1e-05	2e-05	155.92108	13.54853	
89.0	14	11.984	2.61042	-4.38459	135.06431	38.36864	-50.17437	149.10395	0.52434	-8.91348	-5.40472	10.43725	0.07	-8e-05	-2e-05	3e-05	9e-05	144.98745	16.20521	
89.0	71	12.77108	2.61311	0.03061	7717.38235	2096.92881	17.78695	7997.21309	26.43704	-92.61927	-551.45556	559.80397	0.07	-0.31178	-0.08472	-0.00072	0.32309	159.46642	8.52719	
89.0	91	13.17962	-0.48565	-0.01226	23236.1179	404.27455	-22.14032	23239.64507	27.41386	-1548.35538	498.23543	1626.77425	0.07	-3.56774	-0.06207	0.0034	3.56828	164.09693	1.64857	
89.0	110	12.06686	2.61337	4.15272	108.92818	30.83576	38.01388	119.42047	0.00418	6.48622	-5.27342	8.35942	0.07	-0.00027	-8e-05	-9e-05	0.00029	155.2091	13.58018	
90.0	1	4.80495	-0.61002	-12.15395	29.20997	0.41957	-77.08894	82.43848	0.18304	-5.76766	0.03797	5.77069	0.07	-0.0	-0.0	1e-05	1e-05	44.25448	34.46169	
90.0	14	11.9225	2.61478	-4.54257	9.45402	2.69918	-3.66212	10.49167	0.04128	-0.63709	-0.36301	0.73442	0.07	-0.0	-0.0	0.0	0.0	144.12427	16.79896	
90.0	71	12.77094	2.61186	0.07886	7387.91127	2010.21717	44.80551	7656.64506	30.06487	-98.77153	-525.92543	535.96387	0.07	-0.30776	-0.08374	-0.00187	0.31896	159.88573	8.46026	
90.0	91	13.17955	-0.48504	-0.05459	23428.71021	408.55211	-99.25792	23432.48235	29.38098	-1568.50298	478.98758	1640.27252	0.07	-3.59288	-0.06265	0.01522	3.59346	163.99501	2.07775	
90.0	112	12.00565	2.60262	4.33201	331.94857	94.47451	121.59727	365.9251	0.03009	20.18729	-15.76659	25.6147	0.07	-0.00041	-0.00012	-0.00015	0.00045	155.23411	13.71151	
91.0	1	4.80451	-0.62756	-12.15384	11.27896	0.16136	-29.77821	31.84309	0.07192	-2.2278	0.01517	2.22902	0.07	-0.0	-0.0	0.0	0.0	43.34921	34.56464	
91.0	14	11.84971	2.59867	-4.73651	12.99322	3.73302	-5.28743	14.51607	0.06173	-0.89382	-0.47936	1.01612	0.07	-0.0	-0.0	0.0	0.0	142.45492	17.42051	
91.0	78	12.77007	2.61082	0.16378	7456.10447	2031.75439	94.78331	7728.5512	34.20658	-100.786	-530.4253	540.99806	0.07	-0.31929	-0.087	-0.00406	0.33095	159.83336	8.40722	
91.0	91	13.17957	-0.48458	-0.04591	23680.4529	414.25991	-85.27251	23684.22961	29.49991	-1589.47204	470.45304	1657.89555	0.07	-3.62757	-0.06346	0.01306	3.62815	163.90085	2.31388	
91.0	112	11.88058	2.59825	4.66198	20.27756	5.83197	8.08784	22.59656	0.00371	1.27856	-0.93125	1.58176	0.07	-0.0	-0.0	-0.0	0.0	154.20779	14.26551	
92.0	78	12.76933	2.60952	0.20897	7171.11889	1956.82675	116.15301	7434.21876	37.05493	-105.62759	-508.21276	520.39453	0.07	-0.31444	-0.0858	-0.00509	0.32598	159.90657	8.35535	
92.0	91	13.17944	-0.48437	-0.08872	23958.27871	420.59754	-165.67642	23962.54306	31.47872	-1614.9291	452.33191	1677.37624	0.07	-3.66669	-0.06437	0.02536	3.66734	163.63482	2.70962	
92.0	112	11.81563	2.60838	4.81402	43.28773	12.51325	17.8767	48.47665	0.01342	2.76459	-1.96764	3.39334	0.07	-0.0	-0.0	-0.0	0.0	153.96398	14.39888	
93.0	36	11.70711	2.58734	-5.07816	16.736	4.86162	-7.34091	18.91079	0.09379	-1.18925	-0.57376	1.32375	0.07	-0.0	-0.0	0.0	0.0	139.89703	18.64716	
93.0	78	12.76887	2.60726	0.24216	6478.44389	1769.83201	121.33896	6716.93856	37.5354	-106.09913	-456.51745	470.18519	0.07	-0.28933	-0.07904	-0.00542	0.29999	159.9117	8.34148	
93.0	91	13.17887	-0.48442	-0.15186	24277.09385	427.90306	-287.16474	24282.56269	33.96658	-1647.62807	416.4329	1699.77891	0.07	-3.71193	-0.06543	0.04391	3.71276	163.35207	3.17856	
93.0	112	11.81665	2.61895	4.8033	394.90736	114.1986	163.15803	442.28236	0.28121	25.03918	-18.20621	30.95974	0.07	-0.00033	-0.0001	-0.00014	0.00037	154.18916	14.12836	
94.0	1	4.79862	-0.67723	-12.15527	26.23069	0.37209	-69.39791	74.19069	0.21362	-5.18868	0.05292	5.19334	0.07	-1e-05	-0.0	2e-05	2e-05	40.89103	34.91689	
94.0	19	11.65373	2.57885	-5.20148	9.30697	2.71741	-4.21386	10.57169	0.05432	-0.66907	-0.31149	0.74002	0.07	-0.0	-0.0	0.0	0.0	138.37559	19.12671	
94.0	78	12.76616	2.60557	0.35439	6331.44561	1731.89633	174.41462	6566.3604	39.69909	-100.13084	-446.84566	459.6447	0.07	-0.28763	-0.07868	-0.00792	0.2983	159.76104	8.31131	
94.0	91	13.17922	-0.48453	-0.12471	24556.05464	435.00036	-238.42538	24561.06455	33.49867	-1671.74369	400.06705	1719.27391	0.07	-3.7517	-0.06646	0.03643	3.75246	163.09525	3.35168	
94.0	112	11.75429	2.62599	4.94607	240.20207	69.7998	102.46238	270.31017	0.23739	15.37312	-11.02904	18.92165	0.07	-0.00024	-7e-05	-0.0001	0.00027	153.72781	14.27136	
95.0	1	4.79575	-0.62459	-12.15567	16.99442	0.24067	-45.0042	48.10661	0.12761	-3.36491	0.03019	3.36746	0.07	-0.0	-0.0	1e-05	1e-05	40.08788	35.01207	
95.0	19	11.60262	2.56401	-5.32027	0.18804	0.05521	-0.08792	0.2148	0.00114	-0.01368	-0.00614	0.01504	0.07	-0.0	-0.0	0.0	0.0	136.65237	19.58078	
95.0	75	12.7629	2.60374	0.45268	6115.76118	1675.08229	215.65535	6344.6783	41.54166	-96.10255	-431.61091	444.12767	0.07	-0.28218	-0.07729	-0.00995	0.29274	159.39394	8.27394	
95.0	91	13.17922	-0.48487	-0.12892	24859.74326	442.78835	-249.94322	24864.94255	34.07848	-1697.83933	381.68203	1740.54616	0.07	-3.79568	-0.06761	0.03816	3.79648	162.76535	3.62473	
95.0	103	11.68161	2.63175	5.10808	156.5758	45.81153	69.7283	177.41678	0.21502	10.15084	-7.15194	12.41918	0.07	-5e-05	-1e-05	-2e-05	6e-05	152.80845	14.43204	
96.0	19	11.60302	2.54447	-5.32977	17.73982	5.21056	-8.29954	20.26656	0.11385	-1.29442	-0.56931	1.41866	0.07	-0.0	-0.0	0.0	0.0	136.06926	19.77341	
96.0	75	12.75882	2.60161	0.55453	5901.49859	1618.43205	255.3862	6124.72285	43.12905	-91.52486	-416.62109	428.73074	0.07	-0.27593	-0.07567	-0.01194	0.28637	159.23105	8.24539	
96.0	91	13.17922	-0.48544	-0.13427	25216.99036	451.83583	-264.96842	25222.42984	34.76806	-1727.48206	363.09077	1765.57016	0.07	-3.84829	-0.06895	0.04044	3.84912	162.37081	3.90031	
96.0	103	11.61107	2.64394	5.25517	15.68985	4.61584	7.20041	17.86962	0.02569	1.02666	-0.71413	1.25087	0.07	-0.0	-0.0	-0.0	0.0	152.317	14.57999	
97.0	72	12.75553	2.5986	0.62698	5462.8068	1499.7146	267.35056	5671.23253	43.29233	-89.16652	-384.41401	396.98744	0.07	-0.25803	-0.07084	-0.01263	0.26787	158.76858	8.24018	
97.0	91	13.17894	-0.48633	-0.16338	25578.2575	461.22385	-327.02593	25584.50566	36.01248	-1758.68239	336.33503	1790.91649	0.07	-3.90186	-0.07036	0.04989	3.90281	161.8736	4.27586	
97.0	103	11.61911	2.64011	5.23874	110.49632	32.50654	50.55012	125.78325	0.23619	7.15923	-5.12007	8.80485	0.07	-0.0001	-3e-05	-5e-05	0.00011	152.08681	14.24916	
98.0	19	11.60301	2.50866	-5.34799	2.78821	0.81982	-1.30707	3.18663	0.01945	-0.20455	-0.08682	0.22306	0.07	-0.0	-0.0	0.0	0.0	134.56003	20.1691	
98.0	79	12.74961	2.59598	0.73627	5172.98666	1421.83499	297.82606	5373.09092	43.50259	-81.92305	-364.49884	376.11603	0.07	-0.24661	-0.06778	-0.0142	0.25615	158.44718	8.22554	
98.0	91	13.17907	-0.48745	-0.15939	25929.70168	470.8435	-324.41716	25936.00527	36.40036	-1787.63374	314.88677	1815.52005	0.07	-3.95434	-0.0718	0.04947	3.9553	161.38233	4.51009	
98.0	103	11.54497	2.64697	5.39206	43.4546	12.86717	20.59891	49.78133	0.10834	2.84677	-2.00679	3.48469	0.07	-2e-05	-1e-05	-1e-05	2e-05	151.32179	14.41389	
99.0	1	4.78002	-0.65892	-12.16037	0.18461	0.00261	-0.49136	0.5249	0.00139	-0.03672	0.00033	0.03674	0.07	-0.0	-0.0	0.0	0.0	36.7768	35.35098	
99.0	79	12.74503	2.59228	0.81397	4737.60373	1303.36076	301.72308	4922.87266	42.48154	-77.30039	-333.12139	344.60106	0.07	-0.22721	-0.06251	-0.01447	0.23609	157.90216	8.23621	
99.0	91	13.17894	-0.48888	-0.17475	26298.05898	481.0533	-360.73528	26304.93201	37.20831	-1818.35012	287.69876	1841.34521	0.07	-4.00993	-0.07335	0.055	4.01098	160.7958	4.82103	
99.0	103	11.55871	2.62101	5.37774	109.14727	32.31311	51.52681	124.9491	0.3149	7.08939	-5.11288	8.74644	0.07	-0.00024	-7e-05	-0.00011	0.00027	151.01784	14.07497	
100.0	73	12.73623	2.59	0.93753	4448.46785	1225.50893	326.9874	4625.76039	41.79869	-68.03267	-313.66808	323.6715	0.07	-0.21491	-0.05921	-0.0158	0.22347	157.48479	8.21314	
100.0	91	13.17915	-0.49051	-0.16672	26665.00718	491.61333	-351.50604	26671.85498	37.60363	-1846.95042	269.45626	1866.88151	0.07	-4.06556	-0.07496	0.05359	4.06661	160.21363	5.01784	
100.0	103	11.49869	2.57002	5.53264	26.43424	7.87011	12.84166	30.42394	0.0735	1.74313	-1.21959	2.12868	0.07	-2e-05	-1e-05	-1e-05	2e-05	150.25487	14.15661	
100.0	111	5.06326	-0.63059	12.05771	0.72449	0.01626	1.78219	1.92389	-0.00531	0.13425	0.00093	0.13435	0.07	-0.0	-0.0	-0.0	0.0	80.76055	32.39935	
101.0	73	12.72828	2.58681	1.03837	3989.64508	1100.38466	325.25546	4151.37391	39.667	-60.6383	-281.41514	290.59414	0.07	-0.19374	-0.05343	-0.01579	0.20159	156.8675	8.23165	
101.0	91	13.17915	-0.49243	-0.17339	27081.79588	503.40319	-373.4586	27089.04861	38.2642	-1880.61868	239.79572	1896.2312	0.07	-4.1301	-0.07677	0.05695	4.13121	159.50929	5.29885	
101.0	103	11.42321	2.56439	5.68627	71.22812	21.38693	36.08615	82.6623	0.23605	4.7573	-3.28539	5.78631	0.07	-2e-05	-0.0	-1e-05	2e-05	149.01574	14.27614	
102.0	67	12.7185	2.58365	1.15043	3655.56942	1009.47724	330.72365	3806.78476	38.47552	-54.83116	-257.91659	266.47287	0.07	-0.17815	-0.0492	-0.01612	0.18552	156.0845	8.23842	
102.0	91	13.17941	-0.49445	-0.15945	27480.25408	515.2742	-351.16487	27487.32779	38.59878	-1911.60639	215.5763	1924.11071	0.07	-4.19178	-0.0786	0.05357	4.19286	158.80827	5.53871	
102.0	103	11.34679	2.57006	5.82998	3.70743	1.12067	1.93628	4.33014	0.01428	0.24939	-0.17168	0.30311	0.07	-0.0	-0.0	-0.0	0.0	147.7857	14.36234	
102.0	111	5.07681	-0.58874	12.05263	2.3997	0.05518	5.88392	6.35469	-0.0141	0.4446	0.00158	0.44483	0.07	-0.0	-0.0	-0.0	0.0	81.40556	31.67245	
103.0	77	12.70987	2.58005	1.24081	3186.71399	880.94967	311.34386	3320.86636	34.93629	-46.86025	-224.99381	232.46213	0.07	-0.15551	-0.04299	-0.01519	0.16206	155.59172	8.2676	
103.0	91	13.17944	-0.4966	-0.16426	27871.11411	527.34651	-367.07596	27878.51934	39.20876	-1942.12875	186.92889	1951.49784	0.07	-4.25243	-0.08046	0.05601	4.25356	158.05803	5.76159	
103.0	103	11.34985	2.58136	5.81567	86.11545	26.04344	44.93466	100.56468	0.38729	5.73388	-4.06549	7.03957	0.07	-2e-05	-1e-05	-1e-05	3e-05	147.59951	14.15357	
104.0	77	12.70142	2.57639	1.32308	2695.15177	745.80049	281.12442	2810.5324	31.03878	-40.55062	-189.99258	196.73571	0.07	-0.13139	-0.03636	-0.01371	0.13702	154.78645	8.31079	
104.0	91	13.17948	-0.49889	-0.16993	28270.67368	539.93443	-384.62568	28278.44509	39.80648	-1972.90814	156.2944	1979.48959	0.07	-4.31494	-0.08241	0.05871	4.31613	157.24061	6.03611	
104.0	103	11.35526	2.5875	5.79972	178.31654	53.93106	92.73738	208.0999	0.93942	11.70845	-8.61533	14.56689	0.07	-0.00012	-4e-05	-6e-05	0.00014	147.06595	13.87569	
105.0	81	12.68813	2.5737	1.44059	2495.19139	691.41586	283.96494	2604.7403	29.99075	-35.84307	-176.25486	182.34568	0.07	-0.12158	-0.03369	-0.01384	0.12691	154.04487	8.31785	
105.0	91	13.18001	-0.50126	-0.12982	28636.09026	552.35123	-301.65221	28643.00528	40.00469	-2000.04643	135.4198	2005.02484	0.07	-4.37323	-0.08435	0.04607	4.37428	156.49176	6.15715	
105.0	103	11.27862	2.59642	5.93809	12.46211	3.78724	6.59799	14.60071	0.06954	0.82216	-0.60327	1.02212	0.07	-0.0	-0.0	-0.0	0.0	146.16291	13.99466	
106.0	81	12.67824	2.57031	1.52275	2062.42908	572.12353	248.43493	2154.68303	25.89989	-30.18971	-145.4886	150.82823	0.07	-0.10017	-0.02779	-0.01207	0.10465	153.1422	8.35911	
106.0	91	13.18016	-0.50385	-0.12231	29026.5527	565.56302	-289.37164	29033.50408	40.60523	-2029.1063	107.27509	2032.34571	0.07	-4.43578	-0.08643	0.04422	4.43684	155.59849	6.38191	
106.0	103	11.28347	2.60062	5.92442	54.62073	16.62176	29.03621	64.05317	0.35411	3.55931	-2.70366	4.48373	0.07	-1e-05	-0.0	-1e-05	1e-05	145.41736	13.72852	
107.0	81	12.66793	2.56696	1.60338	1630.48599	452.80023	207.08373	1704.81562	21.26175	-23.99086	-114.94827	119.33452	0.07	-0.07885	-0.0219	-0.01001	0.08244	152.19245	8.40432	
107.0	91	13.18043	-0.50658	-0.10574	29445.08745	579.72702	-256.22824	29451.90845	41.22832	-2059.75892	77.56224	2061.63103	0.07	-4.50343	-0.08867	0.03919	4.50448	154.67235	6.55319	
107.0	103	11.28904	2.60216	5.91081	68.75741	20.94117	36.57589	80.64682	0.50201	4.42067	-3.47473	5.64518	0.07	-3e-05	-1e-05	-2e-05	4e-05	144.66063	13.48529	
108.0	81	12.6574	2.56352	1.68137	1239.95117	344.7242	165.36919	1297.55949	16.7649	-18.39768	-87.35318	90.83014	0.07	-0.05965	-0.01658	-0.00795	0.06242	151.23722	8.44329	
108.0	91	13.18087	-0.50966	-0.08388	29844.81815	593.92008	-210.95058	29851.47252	41.92246	-2088.56447	50.85404	2089.60407	0.07	-4.56894	-0.09092	0.03229	4.56996	153.70761	6.70477	
108.0	103	11.29534	2.60195	5.89666	60.20167	18.34407	31.97644	70.59205	0.48572	3.81495	-3.103	4.94149	0.07	-4e-05	-1e-05	-2e-05	5e-05	143.9732	13.24329	
109.0	81	12.64685	2.56005	1.75569	813.69916	226.46811	113.46979	852.21448	11.38238	-12.19899	-57.2765	59.65711	0.07	-0.03888	-0.01082	-0.00542	0.04072	150.20096	8.48412	
109.0	91	13.18112	-0.51303	-0.05651	30291.84417	609.49932	-153.56598	30298.36456	42.77998	-2120.33051	23.08165	2120.88763	0.07	-4.64139	-0.09339	0.02353	4.64239	152.70068	6.83554	
109.0	103	11.30237	2.59953	5.88228	43.81446	13.35569	23.21978	51.35406	0.38667	2.73387	-2.30211	3.59489	0.07	-4e-05	-1e-05	-2e-05	5e-05	143.23119	13.00361	
110.0	81	12.63832	2.55625	1.8136	375.75646	104.68362	54.18461	393.81156	5.40115	-5.71044	-26.42316	27.56746	0.07	-0.01782	-0.00496	-0.00257	0.01867	149.28315	8.5395	
110.0	91	13.18131	-0.51662	-0.04567	30756.50478	625.86446	-132.34875	30763.15668	43.77582	-2152.96143	-8.09038	2153.42163	0.07	-4.71732	-0.09599	0.0203	4.71834	151.57104	6.97118	
110.0	111	4.96641	-0.6782	12.10103	23.30647	0.60219	59.25464	63.67626	-0.07322	4.45671	-0.01649	4.45734	0.07	-1e-05	-0.0	-2e-05	2e-05	81.16848	29.14418	
111.0	91	13.18155	-0.52022	0.00184	31146.4206	641.17132	-20.52988	31153.02615	44.85391	-2179.98097	-34.2256	2180.71096	0.07	-4.78395	-0.09848	0.00315	4.78496	150.50015	7.1514	
111.0	103	11.31908	2.58358	5.85444	12.32507	3.75943	6.49534	14.43018	0.12984	0.74023	-0.67481	1.01004	0.07	-2e-05	-1e-05	-1e-05	2e-05	141.40507	12.4563	
112.0	91	13.18168	-0.52462	-0.00472	31138.67546	647.03119	-37.22317	31145.41931	45.25862	-2179.54835	-25.31212	2180.16515	0.07	-4.78602	-0.09945	0.00572	4.78705	149.26187	8.5566	
112.0	103	11.40381	2.60444	5.67519	15.23241	4.61245	7.70017	17.68032	0.22665	0.79163	-0.92254	1.23658	0.07	-1e-05	-0.0	-0.0	1e-05	137.37527	10.88893	
113.0	1	4.8431	-0.75396	-12.13186	6.98046	0.1031	-18.17282	19.46764	0.02743	-1.36244	0.00281	1.36272	0.07	-0.0	-0.0	0.0	0.0	34.76085	37.94903	
113.0	91	13.18182	-0.52996	0.0075	31148.65413	651.56842	-8.30975	31155.46926	45.59483	-2180.13154	-34.56234	2180.88215	0.07	-4.79258	-0.10025	0.00128	4.79363	147.81275	9.48202	
114.0	1	4.82818	-0.78308	-12.13738	3.4509	0.05063	-8.99665	9.63592	0.01456	-0.67436	0.00179	0.67452	0.07	-0.0	-0.0	0.0	0.0	35.72924	38.59923	
114.0	91	13.18192	-0.53598	0.00536	31151.00486	654.88784	-13.88103	31157.89105	45.82054	-2180.28823	-35.19206	2181.05359	0.07	-4.79793	-0.10087	0.00214	4.79899	147.01373	10.09143	
115.0	1	4.81199	-0.7319	-12.14292	4.40761	0.06425	-11.52367	12.338	0.02194	-0.86349	0.00358	0.86378	0.07	-0.0	-0.0	0.0	0.0	36.42174	39.12306	
115.0	91	13.18207	-0.54254	-0.01615	31153.28315	657.43193	-65.76003	31160.28871	46.01741	-2180.73878	-1.4259	2181.22472	0.07	-4.80357	-0.10137	0.01014	4.80465	145.66892	10.73714	
116.0	1	4.80162	-0.73038	-12.1465	6.50867	0.0942	-17.07674	18.2753	0.0228	-1.27906	0.00164	1.27927	0.07	-0.0	-0.0	0.0	0.0	36.83734	39.53283	
116.0	91	13.18217	-0.5496	-0.0001	31139.06633	659.27603	-28.85773	31146.05801	46.11161	-2179.46249	-34.47439	2180.22281	0.07	-4.80568	-0.10175	0.00445	4.80676	144.45938	11.19991	
116.0	111	4.88295	-0.716	12.13632	9.50276	0.26261	24.41683	26.20216	-0.01614	1.83404	-0.01344	1.83416	0.07	-0.0	-0.0	-1e-05	1e-05	66.99617	21.67726	
117.0	1	4.78903	-0.7596	-12.15109	4.19732	0.06027	-11.05516	11.8253	0.01461	-0.82765	0.00103	0.82778	0.07	-0.0	-0.0	0.0	0.0	36.71477	39.71172	
117.0	91	13.18232	-0.55713	0.00714	31152.42134	661.36677	-12.77795	31159.44359	46.27607	-2180.40473	-34.07958	2181.162	0.07	-4.81199	-0.10216	0.00197	4.81308	143.17535	11.54579	
118.0	91	13.1825	-0.56498	0.00282	31155.49079	662.81252	-24.51993	31162.55009	46.36521	-2180.6326	-33.42719	2181.38159	0.07	-4.81572	-0.10245	0.00379	4.81681	141.79636	11.96523	
119.0	91	13.18268	-0.57312	0.00229	31160.63177	664.02268	-27.33833	31167.71801	46.44833	-2181.00744	-32.15464	2181.73895	0.07	-4.81945	-0.1027	0.00423	4.82055	140.36281	12.27682	
120.0	91	13.18281	-0.58146	0.00304	31162.45346	665.09555	-26.37101	31169.56133	46.52491	-2181.13954	-31.69626	2181.86593	0.07	-4.82282	-0.10293	0.00408	4.82392	138.84899	12.5284	
121.0	91	13.18297	-0.59008	-0.00951	31166.0659	665.93439	-57.54883	31173.23281	46.58524	-2181.57345	-15.74442	2182.12758	0.07	-4.82629	-0.10312	0.00891	4.8274	137.37726	12.83298	
122.0	91	13.18317	-0.59883	0.00417	31163.71338	666.67665	-25.66829	31170.85415	46.64085	-2181.28419	-27.62552	2181.95767	0.07	-4.82906	-0.10331	0.00398	4.83017	135.79558	13.01617	
123.0	91	13.1834	-0.60778	-0.00228	31153.99861	667.13339	-41.7135	31161.16872	46.651	-2180.54208	-32.30066	2181.28023	0.07	-4.83103	-0.10345	0.00647	4.83214	134.24161	13.22787	
123.0	111	4.79772	-0.75848	12.17193	8.82847	0.25585	23.32769	24.9437	-0.00183	1.74596	-0.01846	1.74605	0.07	-0.0	-0.0	-0.0	0.0	59.5612	17.19118	
124.0	91	13.18361	-0.61693	-0.00973	31151.90243	667.60123	-60.07948	31159.11305	46.66434	-2180.39573	-32.49044	2181.13702	0.07	-4.83443	-0.1036	0.00932	4.83555	132.57126	13.46155	
124.0	111	4.81609	-0.7466	12.16512	11.70176	0.34064	30.79109	32.94143	-0.00211	2.30576	-0.02471	2.30589	0.07	-0.0	-0.0	-0.0	0.0	58.84778	16.5562	
125.0	91	13.18374	-0.62627	-0.01058	31147.91044	667.95814	-63.11134	31155.13562	46.68682	-2180.12365	-32.23497	2180.86173	0.07	-4.83672	-0.10372	0.0098	4.83784	130.89211	13.62591	
125.0	111	4.83436	-0.73873	12.15837	13.67981	0.39992	35.84312	38.36699	0.00495	2.68552	-0.03185	2.68571	0.07	-0.0	-0.0	-1e-05	1e-05	58.36819	16.01107	
126.0	91	13.18395	-0.63559	0.01036	31122.8585	668.122	-12.826	31130.03169	46.74792	-2178.31611	-35.2463	2179.10273	0.07	-4.83493	-0.10379	0.00199	4.83605	129.21168	13.67267	
127.0	1	4.79056	-0.83363	-12.1475	0.30295	0.00401	-0.80187	0.8572	0.0009	-0.06	4e-05	0.06001	0.07	-0.0	-0.0	0.0	0.0	33.54112	39.05576	
127.0	91	13.18416	-0.64513	0.00504	31071.63913	667.43301	-26.19174	31078.81772	46.68711	-2174.76681	-33.06331	2175.51915	0.07	-4.82903	-0.10373	0.00407	4.83014	127.4318	13.83159	
128.0	1	4.77289	-0.84714	-12.15391	0.38824	0.00508	-1.03265	1.10324	0.00115	-0.07722	5e-05	0.07723	0.07	-0.0	-0.0	0.0	0.0	32.848	38.80809	
128.0	91	13.18428	-0.65477	0.0056	31010.24526	666.45299	-26.57479	31017.41731	46.61933	-2170.48533	-31.96386	2171.22123	0.07	-4.82109	-0.10361	0.00413	4.8222	125.61432	13.93541	
129.0	91	13.18436	-0.66443	0.00537	30946.31643	665.49188	-28.85507	30953.48466	46.55077	-2166.01755	-30.91908	2166.73833	0.07	-4.8124	-0.10349	0.00449	4.81352	123.7585	13.94596	
130.0	91	13.18447	-0.67415	0.00529	30863.50627	664.07109	-30.03651	30870.66426	46.45107	-2160.23969	-30.29132	2160.95136	0.07	-4.80099	-0.1033	0.00467	4.8021	121.87586	14.03928	
131.0	91	13.18464	-0.68395	0.00788	30778.03466	662.51937	-24.7829	30785.17441	46.34476	-2154.21559	-32.63793	2154.96122	0.07	-4.78905	-0.10309	0.00386	4.79016	119.89939	14.12164	
132.0	91	13.1847	-0.69372	0.00544	30679.50699	660.68808	-31.13683	30686.63597	46.21567	-2147.38334	-28.15164	2148.06509	0.07	-4.77548	-0.10284	0.00485	4.77659	117.7796	14.07758	
133.0	91	13.18474	-0.70342	0.00521	30563.12755	658.52504	-32.1483	30570.23805	46.06119	-2139.21637	-29.66158	2139.91778	0.07	-4.75874	-0.10253	0.00501	4.75984	115.81086	14.16138	
134.0	91	13.1848	-0.7132	0.00618	30449.59761	656.35028	-29.86138	30456.68534	45.91033	-2131.25957	-30.19945	2131.9679	0.07	-4.74166	-0.10221	0.00465	4.74276	113.65386	14.16702	
135.0	91	13.18481	-0.72303	0.00373	30320.50268	653.76314	-36.77345	30327.5723	45.72335	-2122.23129	-29.41457	2122.92758	0.07	-4.72197	-0.10181	0.00573	4.72307	111.36757	14.13918	
135.0	111	4.84722	-0.89294	12.15793	2.33451	0.07195	6.08887	6.52147	0.00172	0.45646	-0.00605	0.4565	0.07	-0.0	-0.0	-0.0	0.0	51.14606	11.25281	
136.0	1	4.77997	-0.94706	-12.14899	0.02334	0.00028	-0.06132	0.06561	7e-05	-0.00459	1e-05	0.00459	0.07	-0.0	-0.0	0.0	0.0	27.59618	35.45748	
136.0	91	13.18471	-0.73277	0.00932	30271.56922	653.09945	-24.47285	30278.6235	45.68953	-2118.81604	-28.75352	2119.50365	0.07	-4.71447	-0.10171	0.00381	4.71556	109.44945	14.01463	
137.0	91	13.18471	-0.74258	0.00016	30075.73135	649.0834	-46.61932	30082.7708	45.40607	-2105.22703	-18.1748	2105.79507	0.07	-4.68365	-0.10108	0.00726	4.68474	107.26237	14.04539	
138.0	91	13.1846	-0.75246	-0.02374	29903.72425	645.35996	-102.51997	29910.86297	45.15698	-2093.26922	-5.36818	2093.76312	0.07	-4.65652	-0.10049	0.01596	4.65764	104.61384	14.07791	
139.0	91	13.18457	-0.76197	0.03028	29820.71102	644.20706	20.30901	29827.67542	45.11584	-2086.81582	-51.45955	2087.93769	0.07	-4.64365	-0.10032	-0.00316	4.64473	102.66413	13.91002	
140.0	91	13.18448	-0.77181	-0.00694	29734.55827	642.33797	-65.91822	29741.56854	44.93636	-2081.39642	-12.09238	2081.91656	0.07	-4.62992	-0.10002	0.01026	4.63101	100.53961	13.96036	
141.0	91	13.1846	-0.78138	0.01288	29647.54986	640.90382	-20.07933	29654.4832	44.83947	-2075.14157	-29.17565	2075.831	0.07	-4.6162	-0.09979	0.00313	4.61728	98.38995	13.96333	
142.0	91	13.1844	-0.79116	0.00689	29146.12367	630.12419	-33.78054	29152.95393	44.07381	-2040.05268	-26.81217	2040.70486	0.07	-4.53706	-0.09809	0.00526	4.53813	95.59079	14.13259	
143.0	91	13.18413	-0.80091	0.01089	28832.44416	623.42571	-25.59317	28839.1947	43.60775	-2018.03313	-30.31274	2018.73183	0.07	-4.48682	-0.09702	0.00398	4.48787	93.12171	14.08226	
144.0	91	13.18382	-0.81061	0.00337	28580.29261	618.06183	-42.53235	28587.00641	43.22394	-2000.46906	-24.94051	2001.0914	0.07	-4.4457	-0.09614	0.00662	4.44674	90.79546	13.93642	
144.0	111	4.87157	-0.96095	12.15043	3.12399	0.10042	8.10306	8.68499	0.00571	0.60785	-0.00974	0.60795	0.07	-0.0	-0.0	-0.0	0.0	43.04861	6.93739	
145.0	91	13.18345	-0.8203	-0.00592	28306.53314	612.14839	-63.11546	28313.22178	42.79225	-1981.30949	-24.64074	1981.92473	0.07	-4.40073	-0.09517	0.00981	4.40177	88.51604	13.88472	
145.0	111	4.89771	-0.95406	12.14021	10.94673	0.35285	28.22536	30.27584	0.02274	2.11889	-0.03531	2.11931	0.07	-0.0	-0.0	-0.0	0.0	42.08991	6.45463	
146.0	91	13.18318	-0.8298	0.00726	28283.01098	611.8093	-34.95923	28289.64904	42.79504	-1979.67861	-23.26423	1980.27777	0.07	-4.39478	-0.09507	0.00543	4.39581	86.42946	13.61431	
147.0	91	13.18301	-0.83919	0.00881	28243.94749	611.03626	-32.19581	28250.57472	42.74023	-1976.91883	-25.35307	1977.54331	0.07	-4.38676	-0.0949	0.005	4.38779	84.13847	13.43998	
148.0	91	13.18283	-0.84839	0.01138	28191.74398	610.08733	-26.83209	28198.35732	42.68611	-1973.31772	-18.64321	1973.8674	0.07	-4.37665	-0.09471	0.00417	4.37768	81.78463	13.15034	
148.0	106	4.8827	-1.12409	-12.10579	8.10281	0.0857	-20.96607	22.47752	0.03559	-1.57306	0.00733	1.57348	0.07	-0.0	-0.0	0.0	0.0	18.78931	28.78001	
149.0	91	13.1827	-0.85747	-0.00437	28162.78913	609.58912	-61.81939	28169.45353	42.62617	-1971.30272	-19.61759	1971.86112	0.07	-4.37027	-0.0946	0.00959	4.37131	79.37139	12.95175	
150.0	91	13.18272	-0.86627	0.00309	28104.77421	608.64232	-46.60145	28111.4025	42.57262	-1967.25251	-18.43879	1967.7995	0.07	-4.35938	-0.09441	0.00723	4.3604	76.99926	12.72962	
151.0	91	13.18264	-0.87486	0.00849	28053.88851	607.79787	-35.49322	28060.49427	42.51129	-1963.61959	-24.70631	1964.2351	0.07	-4.34918	-0.09423	0.0055	4.3502	74.53609	12.50049	
152.0	91	13.1826	-0.88325	0.00776	27992.62118	606.64452	-36.63551	27999.21785	42.43136	-1959.34431	-23.48711	1959.94444	0.07	-4.33714	-0.09399	0.00568	4.33816	71.9757	12.23893	
153.0	91	13.18251	-0.8914	0.00821	27931.26067	605.52297	-36.5791	27937.84743	42.35359	-1955.05237	-22.96566	1955.64594	0.07	-4.32548	-0.09377	0.00566	4.3265	69.39187	11.9617	
154.0	91	13.18251	-0.89928	0.0085	27871.9747	604.55946	-36.67535	27878.55468	42.28694	-1950.91227	-22.41472	1951.49924	0.07	-4.31432	-0.09358	0.00568	4.31534	66.80213	11.65909	
155.0	91	13.18261	-0.90695	0.00419	27806.71649	603.38988	-46.29435	27813.30086	42.19749	-1946.33908	-22.20041	1946.92303	0.07	-4.30249	-0.09336	0.00716	4.30351	64.27777	11.41158	
155.0	111	4.97969	-1.04213	12.10994	3.90908	0.12955	9.81391	10.56459	0.01988	0.73902	-0.01767	0.7395	0.07	-0.0	-0.0	-0.0	0.0	34.56842	3.8429	
156.0	91	13.18258	-0.91438	0.00594	27734.16051	602.04247	-42.69538	27740.72705	42.11087	-1941.29518	-19.49672	1941.84974	0.07	-4.28947	-0.09311	0.0066	4.29048	61.60862	11.15849	
157.0	91	13.18256	-0.92151	0.01693	27663.19631	600.7808	-18.91044	27669.72579	42.02562	-1936.14386	-33.57963	1936.89101	0.07	-4.27638	-0.09287	0.00292	4.27739	58.94038	10.86198	
158.0	91	13.18256	-0.92852	0.00874	27591.46773	599.2717	-36.59975	27597.99916	41.91533	-1931.26776	-23.18714	1931.86172	0.07	-4.26324	-0.0926	0.00566	4.26425	56.28782	10.60283	
159.0	91	13.18251	-0.93528	0.00212	27524.74204	597.87193	-50.98103	27531.28174	41.82227	-1926.67827	-14.8989	1927.18973	0.07	-4.25124	-0.09234	0.00787	4.25225	53.60498	10.27199	
160.0	91	13.18249	-0.94166	0.00463	27443.57054	596.32002	-45.97704	27450.08699	41.72451	-1921.03221	-10.45103	1921.5137	0.07	-4.23711	-0.09207	0.0071	4.23812	50.70004	9.8875	
161.0	91	13.18247	-0.9477	0.01413	27355.16041	594.74015	-25.96025	27361.63721	41.56843	-1914.18057	-51.19301	1915.31614	0.07	-4.22193	-0.09179	0.00401	4.22293	48.03149	9.54103	
161.0	111	4.9679	-1.01936	12.11463	11.40101	0.38317	28.96875	31.13387	0.7516	2.02004	-0.32252	2.17933	0.07	-0.0	-0.0	-0.0	0.0	28.27958	2.45098	
162.0	91	13.18242	-0.95359	0.00605	27287.74426	593.39933	-43.20518	27294.22973	41.50004	-1910.01192	-22.15521	1910.59117	0.07	-4.20959	-0.09154	0.00667	4.21059	45.41005	9.22425	
162.0	111	4.9959	-1.02115	12.1036	2.50531	0.0842	6.323	6.80177	0.0355	0.47435	-0.02038	0.47612	0.07	-0.0	-0.0	-0.0	0.0	27.3529	2.01382	
163.0	91	13.1824	-0.95919	0.002	27211.88593	591.85514	-52.36604	27218.37193	41.38603	-1904.71973	-21.50766	1905.2907	0.07	-4.19576	-0.09126	0.00807	4.19676	42.67415	8.89395	
163.0	111	5.02397	-1.02909	12.09251	5.78315	0.19433	14.49775	15.60984	0.08553	1.08826	-0.04871	1.0927	0.07	-0.0	-0.0	-0.0	0.0	26.31248	1.7374	
164.0	91	13.18228	-0.96453	-0.00283	27141.52452	590.38201	-63.07904	27148.01803	41.27586	-1899.79597	-20.85793	1900.35878	0.07	-4.18284	-0.09099	0.00972	4.18384	39.90677	8.54954	
164.0	111	5.05161	-1.04627	12.08165	9.9217	0.3333	24.70565	26.62556	0.15497	1.85527	-0.08726	1.86378	0.07	-0.0	-0.0	-0.0	0.0	25.25725	1.47238	
165.0	91	13.1822	-0.96956	-0.00979	27061.2582	588.64043	-77.83636	27067.77145	41.14387	-1894.18679	-20.42916	1894.74372	0.07	-4.16834	-0.09067	0.01199	4.16934	37.09661	8.19839	
165.0	111	5.07923	-1.06946	12.07079	15.79514	0.53038	39.06676	42.14237	0.26266	2.93462	-0.14604	2.94997	0.07	-0.0	-0.0	-1e-05	1e-05	24.22878	1.21562	
166.0	91	13.18212	-0.97432	-0.02019	26972.33789	586.64624	-99.47668	26978.90028	40.98944	-1887.97059	-20.00244	1888.52143	0.07	-4.15288	-0.09032	0.01532	4.15389	34.26105	7.86677	
166.0	111	5.10813	-1.07769	12.05913	24.51245	0.82272	60.20837	65.01219	0.50332	4.51502	-0.26661	4.55081	0.07	-1e-05	-0.0	-2e-05	2e-05	23.16239	0.93387	
167.0	91	13.1821	-0.97853	0.00934	26922.72197	585.93064	-36.86674	26929.12238	40.98086	-1884.45478	-22.87789	1885.03917	0.07	-4.14344	-0.09018	0.00567	4.14442	31.47977	7.44916	
168.0	91	13.18202	-0.98257	0.00672	26839.22349	584.14487	-42.54165	26845.61328	40.854	-1878.63066	-21.22282	1879.19467	0.07	-4.12868	-0.08986	0.00654	4.12966	28.66118	7.01173	
169.0	91	13.18187	-0.98624	0.00818	26758.35464	582.49313	-40.05317	26764.7239	40.74103	-1872.97474	-20.77536	1873.53298	0.07	-4.11401	-0.08956	0.00616	4.11499	25.83939	6.62371	
170.0	91	13.18178	-0.98957	0.00871	26676.14279	580.83581	-39.12692	26682.49417	40.62569	-1867.21525	-20.66885	1867.77152	0.07	-4.09903	-0.08925	0.00601	4.1	23.00636	6.21714	
171.0	91	13.18168	-0.99256	0.00741	26594.31834	579.1869	-41.48796	26600.65688	40.50941	-1861.49238	-20.05244	1862.04108	0.07	-4.08452	-0.08896	0.00637	4.08549	20.15717	5.79397	
172.0	91	13.18155	-0.99518	0.0085	26600.16399	579.49785	-38.8891	26606.50399	40.53321	-1861.90766	-20.09659	1862.45724	0.07	-4.08372	-0.08897	0.00597	4.08469	17.41286	5.37331	
173.0	91	13.18146	-0.99758	-0.00891	26602.86456	579.5467	-74.76506	26609.2816	40.55476	-1862.20857	-4.87051	1862.65648	0.07	-4.0827	-0.08894	0.01147	4.08368	14.58885	4.95631	
174.0	91	13.18147	-0.99935	0.01529	26603.76285	579.97142	-25.46795	26610.09608	40.55675	-1861.92353	-35.35143	1862.70068	0.07	-4.08111	-0.08897	0.00391	4.08209	11.88032	4.53155	
175.0	91	13.18142	-1.00099	0.00598	26606.6796	580.08693	-44.86401	26613.04028	40.60155	-1862.47332	-2.76509	1862.91787	0.07	-4.07977	-0.08895	0.00688	4.08075	8.95	4.10196	
176.0	91	13.18139	-1.00217	0.01226	26605.35734	580.26163	-32.15512	26611.70375	40.5904	-1862.26193	-21.05781	1862.82326	0.07	-4.07754	-0.08893	0.00493	4.07851	6.11504	3.69024	
177.0	91	13.18133	-1.00304	0.01402	26606.47209	580.43338	-28.45097	26612.81777	40.60572	-1862.34022	-20.71466	1862.89802	0.07	-4.05862	-0.08854	0.00434	4.05959	3.30284	3.28626	
177.0	105	5.082	-1.12664	12.07059	0.03025	0.00104	0.07548	0.08132	0.00049	-0.00567	-0.00012	0.00569	0.07	-0.0	-0.0	-0.0	0.0	11.62555	1.00504	
178.0	91	13.18122	-1.0036	0.01119	26608.46246	580.54812	-34.44823	26614.81725	40.61827	-1862.53756	-14.60102	1863.03763	0.07	-1.44967	-0.03163	0.00188	1.45002	0.84503	2.86691	
179.0	91	13.18125	-1.00376	0.01759	26609.78297	580.67886	-21.04686	26616.12632	40.62503	-1862.52957	-24.1483	1863.12907	0.07	2.32847	0.05081	-0.00184	-2.32902	-1.40818	2.50932	
180.0	91	13.1813	-1.0036	0.02268	26610.70201	580.7387	-10.27285	26617.04012	40.64071	-1862.62712	-21.5896	1863.19552	0.07	4.06988	0.08882	-0.00157	-4.07085	-3.44593	2.07665	
181.0	91	13.18124	-1.00306	0.02609	26610.90948	580.83262	-2.70168	26617.24774	40.65344	-1862.6412	-21.37313	1863.20738	0.07	4.06966	0.08883	-0.00041	-4.07063	-5.98106	1.61627	
182.0	91	13.1812	-1.00217	0.02858	26613.1073	580.95336	1.99883	26619.44761	40.66564	-1862.7925	-21.72778	1863.36301	0.07	4.06899	0.08882	0.00031	-4.06996	-8.47368	1.23151	
183.0	91	13.18111	-1.00097	0.02648	26609.49124	580.86895	-2.69743	26615.83063	40.65598	-1862.54087	-21.24234	1863.10565	0.07	4.06774	0.0888	-0.00041	-4.06871	-10.84681	0.84012	
183.0	105	5.09116	-1.11895	12.06651	2.91432	0.09916	7.16398	7.7347	0.02942	-0.54061	-0.00449	0.54143	0.07	-0.0	-0.0	-0.0	0.0	5.9622	1.58468	
184.0	91	13.18103	-0.99938	0.0351	26613.46069	581.02419	15.22652	26619.80674	40.68194	-1862.78962	-23.72802	1863.38488	0.07	4.06767	0.08881	0.00233	-4.06864	-13.63895	0.42916	
185.0	91	13.18095	-0.99762	0.01875	26615.31939	580.82183	-17.8215	26621.66219	40.14658	-1840.08172	-13.77701	1840.57118	0.06914	4.06694	0.08875	-0.00272	-4.06791	-15.68722	0.0908	
186.0	91	13.18086	-0.99556	0.0243	26633.1234	580.85956	-5.93263	26639.45748	37.77758	-1732.3375	-18.50182	1732.84814	0.06505	4.06858	0.08873	-0.00091	-4.06954	-17.55117	0.07742	
187.0	91	13.1807	-0.99349	0.03202	26658.3634	580.4315	10.29627	26664.68349	34.62057	-1589.65198	-23.6542	1590.20487	0.05964	4.07173	0.08865	0.00157	-4.07269	-19.38448	0.06668	
188.0	91	13.18059	-0.99147	0.02989	26681.93582	579.25473	5.85042	26688.22342	30.83393	-1420.04337	-24.28684	1420.5857	0.05323	4.07469	0.08846	0.00089	-4.07565	-21.30708	0.0568	
188.0	105	5.067	-1.11749	12.07562	2.15204	0.07113	5.36672	5.78256	0.01308	-0.40457	0.00012	0.40478	0.07	0.0	0.0	0.0	-0.0	-2.4777	3.70295	
189.0	91	13.18059	-0.98949	0.01878	26706.81546	577.39329	-16.84179	26713.06158	26.26379	-1215.54348	-25.20576	1216.08843	0.04552	4.07787	0.08816	-0.00257	-4.07882	-23.28366	0.04677	
189.0	105	5.09558	-1.11707	12.06379	12.18139	0.39736	30.12305	32.49527	0.06759	-2.27366	0.00266	2.27467	0.07	0.0	0.0	0.0	-0.0	-4.81276	4.34359	
190.0	91	13.1805	-0.98736	0.03677	26750.16465	575.57309	21.1752	26756.36451	21.47154	-996.74901	-31.41557	997.47509	0.03728	4.08421	0.08788	0.00323	-4.08516	-26.21011	0.03722	
191.0	91	13.18045	-0.98532	0.03565	26786.20237	572.85896	20.615	26792.33528	16.45396	-768.32648	-28.92524	769.0468	0.0287	4.08904	0.08745	0.00315	-4.08998	-27.27969	0.02807	
192.0	91	13.18036	-0.98328	0.03276	26829.25431	569.67591	15.04544	26835.30592	10.50278	-494.03509	-22.72708	494.66908	0.01843	4.09486	0.08695	0.0023	-4.09578	-29.45546	0.01774	
193.0	91	13.18027	-0.98122	0.01828	26873.98724	566.0313	-14.41758	26879.95144	4.16437	-198.14835	-16.99675	198.91958	0.0074	4.10133	0.08638	-0.0022	-4.10224	-32.03992	0.00706	
194.0	93	13.18029	-0.97888	0.03652	26918.88438	562.36601	22.8808	26924.7677	-1.7642	85.66721	-29.98549	90.78058	0.00337	4.10801	0.08582	0.00349	-4.10891	-30.31315	0.00321	
195.0	93	13.18022	-0.97649	0.04119	26977.18325	558.48636	32.68499	26982.98337	-9.56397	464.25285	-38.85034	465.97374	0.01727	4.11683	0.08523	0.00499	-4.11772	-33.84695	0.0166	
196.0	93	13.18021	-0.97402	0.03768	26899.19374	551.3957	26.24289	26904.85736	-18.18827	888.75506	-30.71083	889.47148	0.03306	4.10467	0.08414	0.004	-4.10554	-36.76758	0.03265	
197.0	93	13.18008	-0.97147	0.04165	26921.91266	545.85835	36.05314	26927.47004	-26.30798	1299.81508	-34.7761	1300.54632	0.0483	4.10821	0.0833	0.0055	-4.10906	-36.79605	0.05022	
198.0	93	13.17996	-0.96882	0.04629	26980.98158	540.66959	46.49006	26986.43829	-34.83781	1741.68722	-36.9731	1742.42792	0.06457	4.11667	0.08249	0.00709	-4.1175	-39.40672	0.0763	
199.0	93	13.17986	-0.96585	0.04836	27008.2722	534.99141	51.46954	27013.61938	-37.373	1890.22919	-36.45311	1890.95002	0.07	4.12065	0.08162	0.00785	-4.12147	-42.06443	0.94966	
199.0	105	5.04337	-1.13554	12.08232	0.00057	1e-05	0.0014	0.00151	0.0	-0.00011	0.0	0.00011	0.07	0.0	0.0	0.0	-0.0	-18.17842	8.25395	
199.0	113	5.05788	-1.19831	-12.03497	0.00677	9e-05	-0.01667	0.01799	-3e-05	0.00126	-1e-05	0.00126	0.07	0.0	0.0	-0.0	-0.0	-13.41571	9.45109	
200.0	93	13.17978	-0.96183	0.04686	27002.79006	530.08636	48.9016	27008.03684	-37.03341	1889.84719	-36.3354	1890.55921	0.07	4.11972	0.08087	0.00746	-4.12052	-45.21823	2.07635	
200.0	105	5.07589	-1.12474	12.06864	2.6176	0.06678	6.42473	6.93783	0.01623	-0.48537	-0.00157	0.48564	0.07	0.0	0.0	0.0	-0.0	-16.27539	7.29169	
201.0	9	13.17978	-0.95697	0.04204	27143.85975	529.2001	39.61364	27149.04684	-36.98532	1899.73714	-35.76182	1900.43364	0.07	4.14152	0.08074	0.00604	-4.14231	-48.13926	2.90323	
201.0	105	5.10824	-1.09075	12.05472	7.75304	0.19192	18.91308	20.44141	0.04913	-1.43004	-0.00563	1.4309	0.07	0.0	0.0	0.0	-0.0	-15.28648	6.73747	
202.0	9	13.1798	-0.95141	0.0318	27249.05238	528.49137	19.48153	27254.18387	-36.96231	1907.10008	-35.83547	1907.79482	0.07	4.15812	0.08065	0.00297	-4.1589	-51.08626	3.71323	
202.0	105	5.14176	-1.0732	12.04044	17.47723	0.42032	42.36495	45.83033	0.1097	-3.20623	-0.01345	3.20814	0.07	0.0	0.0	1e-05	-1e-05	-14.51103	6.23905	
203.0	9	13.17979	-0.9452	0.03275	27382.06585	529.04761	23.5312	27387.18633	-37.02221	1916.70655	-12.08259	1917.10215	0.07	4.17858	0.08073	0.00359	-4.17937	-57.22161	4.4007	
204.0	9	13.17985	-0.93878	0.05244	27498.77438	529.16097	65.47121	27503.94317	-36.91993	1924.35514	-46.44547	1925.26958	0.07	4.19676	0.08076	0.00999	-4.19755	-68.42013	5.01513	
205.0	9	13.17992	-0.93207	0.05016	27629.3828	529.61669	61.23036	27634.52617	-36.98568	1933.71772	-36.54571	1934.41664	0.07	4.21732	0.08084	0.00935	-4.2181	-72.10262	5.52843	
205.0	105	5.04595	-1.00992	12.07859	0.78237	0.01806	1.93335	2.08573	0.00547	-0.1459	-0.00085	0.146	0.07	0.0	0.0	0.0	-0.0	-21.17289	8.71107	
206.0	9	13.18001	-0.92499	0.0332	27639.0646	528.03009	25.54958	27644.11981	-36.92194	1934.39379	-36.40563	1935.08861	0.07	4.21961	0.08061	0.0039	-4.22038	-74.71851	6.00238	
206.0	105	5.07967	-1.01981	12.06492	14.94676	0.34233	36.70623	39.63421	0.0891	-2.77295	-0.01042	2.7744	0.07	0.0	0.0	0.0	-0.0	-21.46291	8.663	
207.0	9	13.18006	-0.91751	0.03195	27694.30289	527.63994	23.75	27699.33899	-36.90272	1938.34438	-31.69227	1938.95466	0.07	4.22923	0.08058	0.00363	-4.23	-77.62452	6.39271	
208.0	9	13.17992	-0.90966	0.06772	27732.58862	527.1624	99.73095	27737.77781	-36.69911	1940.58783	-52.57738	1941.64681	0.07	4.23615	0.08052	0.01523	-4.23694	-80.32691	6.69698	
209.0	9	13.17998	-0.90171	0.04285	27774.33986	526.75354	47.23215	27779.37463	-36.82834	1944.05854	-24.49452	1944.56162	0.07	4.24326	0.08048	0.00722	-4.24403	-82.66802	7.02764	
210.0	9	13.17996	-0.89344	0.04308	27808.98066	526.44996	48.4977	27814.00559	-36.78177	1946.29467	-36.35384	1946.98163	0.07	4.24912	0.08044	0.00741	-4.24989	-85.28286	7.33066	
210.0	105	5.01406	-1.02964	12.09104	6.63459	0.1486	16.56938	17.84892	0.04773	-1.24849	-0.00792	1.24943	0.07	0.0	0.0	0.0	-0.0	-23.2542	9.30761	
211.0	9	13.17992	-0.88494	0.03611	27854.16898	526.45561	33.91219	27859.16429	-36.80156	1949.45775	-36.1569	1950.1403	0.07	4.2567	0.08045	0.00518	-4.25746	-87.81542	7.59479	
211.0	105	5.04605	-1.03236	12.07803	11.17152	0.24855	27.68953	29.85925	0.07958	-2.08858	-0.01336	2.09014	0.07	0.0	0.0	0.0	-0.0	-24.0857	9.52012	
212.0	9	13.17984	-0.8762	0.04717	27919.75449	526.98457	58.59033	27924.78892	-36.80291	1954.02039	-37.72408	1954.73099	0.07	4.26801	0.08056	0.00896	-4.26878	-90.37041	7.80239	
213.0	9	13.17969	-0.86729	0.05034	27972.60987	527.2939	66.65211	27977.65866	-36.8154	1957.73518	-37.19362	1958.43452	0.07	4.27753	0.08063	0.01019	-4.2783	-92.76581	7.98592	
213.0	113	5.03539	-1.04861	-12.04721	1.67302	0.02619	-4.17382	4.49672	-0.00739	0.31467	-0.00099	0.31476	0.07	0.0	0.0	-0.0	-0.0	-43.60791	28.97034	
214.0	9	13.17971	-0.85822	0.05016	28026.07047	527.67651	66.51562	28031.11651	-36.85318	1961.54693	-33.26131	1962.17503	0.07	4.28716	0.08072	0.01017	-4.28793	-94.99466	8.13279	
214.0	113	5.00782	-1.02411	-12.05838	5.71493	0.08968	-14.38728	15.48102	0.0158	1.08349	0.01303	1.08368	0.07	0.0	0.0	-0.0	-0.0	-44.42726	29.66872	
215.0	9	13.17974	-0.84902	0.03968	28089.498	528.28578	44.39429	28094.50044	-36.91772	1965.94674	-35.62146	1966.61598	0.07	4.29843	0.08084	0.00679	-4.2992	-97.30431	8.31915	
216.0	9	13.17962	-0.83967	0.03671	28141.39853	528.74018	38.58333	28146.39171	-36.95767	1969.58479	-35.20124	1970.24599	0.07	4.30805	0.08094	0.00591	-4.30881	-99.79614	8.44862	
216.0	105	4.99353	-0.92593	12.09735	9.54185	0.20728	23.9412	25.77345	0.06837	-1.80296	-0.01164	1.8043	0.07	0.0	0.0	0.0	-0.0	-27.40256	11.09105	
217.0	9	13.17957	-0.83015	0.05155	28215.49879	529.68777	71.73432	28220.56142	-36.95166	1974.5573	-45.85535	1975.43531	0.07	4.32047	0.08111	0.01098	-4.32125	-102.28967	8.51324	
218.0	9	13.17954	-0.82058	0.04698	28276.19523	530.28877	62.78126	28281.23697	-37.03164	1978.99524	-37.03415	1979.68811	0.07	4.33109	0.08122	0.00962	-4.33186	-104.345	8.62525	
219.0	9	13.17947	-0.81096	0.03942	28360.44457	531.36327	47.36059	28365.46151	-37.19957	1985.21543	2.65707	1985.56571	0.07	4.34521	0.08141	0.00726	-4.34598	-106.49044	8.69732	
220.0	7	13.17938	-0.80133	0.04079	28420.86149	532.02829	50.78525	28425.88611	-37.29495	1989.20603	32.30865	1989.81793	0.07	4.35609	0.08154	0.00778	-4.35686	-108.75727	8.78643	
221.0	7	13.17936	-0.79166	0.04668	28490.38582	532.87791	63.36842	28495.43926	-37.35914	1994.13792	27.52801	1994.67781	0.07	4.3682	0.0817	0.00972	-4.36897	-110.92903	8.81247	
222.0	7	13.17935	-0.78202	0.03582	28559.33728	533.66183	39.60958	28564.35033	-37.40876	1998.65844	44.47651	1999.50323	0.07	4.38055	0.08186	0.00608	-4.38132	-112.91417	8.83442	
223.0	7	13.17932	-0.77232	0.02503	28620.85553	534.33282	16.66624	28625.84778	-37.41967	2002.99612	42.98306	2003.80669	0.07	4.39195	0.08199	0.00256	-4.39272	-115.02265	8.8931	
224.0	7	13.17927	-0.76257	0.02888	28692.03888	535.21996	26.75806	28697.04291	-37.49687	2007.98742	42.85947	2008.79477	0.07	4.40475	0.08217	0.00411	-4.40552	-117.12456	8.87255	
225.0	7	13.17923	-0.75281	0.04032	28756.59479	535.98463	52.84461	28761.63792	-37.56566	2012.76923	27.38198	2013.30597	0.07	4.41676	0.08232	0.00812	-4.41754	-119.16671	8.82995	
226.0	7	13.17919	-0.74307	0.02183	28820.46153	536.65793	12.71252	28825.46038	-37.57651	2016.75021	52.50438	2017.78347	0.07	4.42838	0.08246	0.00195	-4.42914	-120.95033	8.84867	
227.0	7	13.17912	-0.7333	0.0098	28893.09105	537.52155	-12.90211	28898.09347	-37.58412	2021.64917	58.80309	2022.85337	0.07	4.4413	0.08263	-0.00198	-4.44207	-123.062	8.81821	
228.0	7	13.17909	-0.72355	0.02282	28965.83085	538.42814	16.60267	28970.83943	-37.70609	2027.1647	42.51341	2027.96102	0.07	4.45416	0.0828	0.00255	-4.45493	-124.94861	8.76159	
228.0	105	4.93068	-0.88277	12.1196	4.54194	0.09264	11.54229	12.40413	0.01135	-0.86822	0.0025	0.86829	0.07	0.0	0.0	0.0	-0.0	-35.92364	16.09717	
229.0	7	13.1791	-0.71392	0.02207	29032.35255	539.17223	15.42785	29037.36281	-37.7567	2031.8268	42.85785	2032.62945	0.07	4.4666	0.08295	0.00237	-4.46738	-126.7935	8.66914	
229.0	105	4.95487	-0.8823	12.10983	5.26187	0.10667	13.30623	14.30924	0.0143	-1.00158	0.00237	1.00168	0.07	0.0	0.0	0.0	-0.0	-36.81335	16.56462	
230.0	6	13.17895	-0.70445	0.03824	29119.28169	540.31664	52.89071	29124.34214	-37.87988	2038.05434	34.79213	2038.70323	0.07	4.48232	0.08317	0.00814	-4.4831	-128.58135	8.53756	
231.0	6	13.17897	-0.69507	0.03515	29196.93802	541.26039	45.43681	29201.98995	-37.96185	2043.00635	56.59178	2044.14253	0.07	4.49647	0.08336	0.007	-4.49724	-130.36973	8.47191	
232.0	6	13.17894	-0.68577	0.01588	29194.05701	540.67704	2.53901	29199.06339	-37.83906	2042.88427	53.19719	2043.92707	0.07	4.4982	0.08331	0.00039	-4.49897	-132.04407	8.42846	
233.0	6	13.17895	-0.67648	0.01771	29182.54702	539.95744	6.76716	29187.54273	-37.79805	2042.26039	45.76387	2043.12273	0.07	4.49857	0.08324	0.00104	-4.49934	-133.85495	8.36477	
233.0	105	4.84847	-0.80415	12.14975	11.57611	0.23031	30.26181	32.40118	0.04103	-2.26769	0.00156	2.26806	0.07	0.0	0.0	0.0	-0.0	-37.92725	18.43628	
234.0	6	13.17887	-0.66722	0.01106	29177.96256	539.39008	-6.9619	29182.94861	-37.73765	2041.96823	44.47561	2042.80113	0.07	4.49977	0.08318	-0.00107	-4.50054	-135.47226	8.29363	
234.0	105	4.86633	-0.81656	12.14267	14.7304	0.29112	38.3543	41.08676	0.03632	-2.8758	0.00788	2.87604	0.07	0.0	0.0	0.0	-0.0	-38.65227	18.84697	
235.0	6	13.17874	-0.65796	0.00739	29173.12831	538.84052	-14.03479	29178.10757	-37.68876	2041.63955	44.10763	2042.46371	0.07	4.50057	0.08313	-0.00217	-4.50134	-137.0967	8.17665	
235.0	105	4.88339	-0.82396	12.13582	16.29164	0.31992	42.26853	45.30065	0.04505	-3.17069	0.00663	3.17102	0.07	0.0	0.0	0.0	-0.0	-39.38535	19.30207	
236.0	5	13.17861	-0.64883	0.00987	29172.91556	538.37301	-7.446	29177.88381	-37.6662	2041.63183	43.87409	2042.45054	0.07	4.50179	0.08308	-0.00115	-4.50255	-138.65889	8.01528	
236.0	105	4.90037	-0.81162	12.12883	14.21069	0.27729	36.74324	39.39653	0.03933	-2.75746	0.0056	2.75775	0.07	0.0	0.0	1e-05	-1e-05	-40.10478	19.77512	
237.0	5	13.17843	-0.63984	0.03759	29191.26515	538.25992	57.53456	29196.28392	-37.73692	2043.14103	32.11147	2043.74178	0.07	4.50659	0.0831	0.00888	-4.50737	-140.14023	7.76369	
238.0	5	13.17832	-0.63111	0.0249	29185.27937	537.65661	29.69597	29190.24646	-37.67076	2042.53347	42.09631	2043.31451	0.07	4.50754	0.08304	0.00459	-4.5083	-141.65544	7.61081	
239.0	5	13.17817	-0.6226	0.02611	29179.06206	537.05321	32.89071	29184.02252	-37.63357	2042.09041	42.59587	2042.88128	0.07	4.50834	0.08298	0.00508	-4.50911	-143.08505	7.41051	
239.0	113	4.89149	-0.83886	-12.11085	0.50185	0.00887	-1.28703	1.38144	-0.00159	0.09669	5e-05	0.0967	0.07	0.0	0.0	-0.0	-0.0	-61.83659	39.25259	
240.0	5	13.17805	-0.61434	0.02194	29173.3315	536.45043	22.72134	29178.27216	-37.57713	2041.65589	44.138	2042.47864	0.07	4.50925	0.08292	0.00351	-4.51001	-144.47594	7.19224	
240.0	102	4.7982	-0.76422	12.16662	2.88629	0.0549	7.58126	8.11229	0.00793	-0.5678	0.00109	0.56786	0.07	0.0	0.0	0.0	-0.0	-41.54336	21.88746	
241.0	5	13.17794	-0.60621	0.0225	29171.93937	535.92844	24.0602	29176.87174	-37.54295	2041.54232	44.89612	2042.38101	0.07	4.51037	0.08286	0.00372	-4.51113	-145.82396	6.96756	
241.0	102	4.81392	-0.77772	12.1604	2.20129	0.04159	5.76202	6.16833	0.00668	-0.43173	0.00057	0.43178	0.07	0.0	0.0	0.0	-0.0	-42.19716	22.3853	
242.0	5	13.17782	-0.59816	0.02447	29171.71552	535.42759	29.26948	29176.6435	-37.51598	2041.52737	44.93914	2042.36651	0.07	4.51154	0.08281	0.00453	-4.5123	-147.1233	6.74342	
242.0	102	4.82714	-0.78337	12.15505	0.26852	0.00504	0.70053	0.75025	0.00085	-0.05251	5e-05	0.05252	0.07	0.0	0.0	0.0	-0.0	-42.79784	22.86527	
243.0	5	13.1777	-0.59025	0.01618	29164.59807	534.81168	12.24993	29169.50384	-37.4466	2041.04354	44.17682	2041.86497	0.07	4.51158	0.08273	0.00189	-4.51234	-148.37664	6.5295	
243.0	102	4.84492	-0.70555	12.14733	7.13965	0.1331	18.56615	19.89207	0.01641	-1.39234	0.00367	1.39244	0.07	0.0	0.0	0.0	-0.0	-43.35267	23.34163	
244.0	5	13.17754	-0.58257	0.03043	29175.71866	534.53093	46.47404	29180.65185	-37.48625	2041.67649	50.5456	2042.64607	0.07	4.51466	0.08271	0.00719	-4.51542	-149.53619	6.21981	
245.0	5	13.17741	-0.57515	0.02128	29172.55707	533.98891	27.34217	29177.45667	-37.41282	2041.55096	46.15782	2042.41538	0.07	4.51555	0.08265	0.00423	-4.51631	-150.86014	5.99732	
246.0	5	13.17719	-0.56794	0.05832	29253.10933	534.98576	111.32248	29258.21266	-37.49576	2047.69666	12.38638	2048.07738	0.07	4.52896	0.08283	0.01723	-4.52975	-151.75565	5.61473	
247.0	5	13.1772	-0.56103	0.01644	29360.55563	536.47676	18.51269	29365.46231	-37.56881	2054.99012	31.69958	2055.57794	0.07	4.54741	0.08309	0.00287	-4.54817	-152.88614	5.43973	
248.0	5	13.17716	-0.55435	0.00091	29474.59541	538.09258	-16.14101	29479.51116	-37.61297	2062.21937	64.29057	2063.56408	0.07	4.56646	0.08337	-0.0025	-4.56722	-154.09023	5.19912	
249.0	5	13.17712	-0.54785	0.03323	29614.64063	540.15902	57.35825	29619.6219	-37.89874	2072.39629	51.15054	2073.37384	0.07	4.58952	0.08371	0.00889	-4.5903	-154.8686	4.80076	
249.0	100	4.74808	-0.64647	12.18185	2.20588	0.03939	5.8323	6.23563	0.0101	-0.43638	-0.00087	0.4365	0.07	0.0	0.0	0.0	-0.0	-44.85302	26.47668	
250.0	5	13.17719	-0.54166	0.01017	29763.44525	542.39039	6.31427	29768.3876	-37.96865	2083.03456	41.16597	2083.78723	0.07	4.6131	0.08407	0.00098	-4.61387	-155.76201	4.53523	
250.0	100	4.7646	-0.66921	12.17541	10.18576	0.18065	26.89605	28.76074	0.03097	-2.01295	0.00179	2.01319	0.07	0.0	0.0	0.0	-0.0	-45.18072	26.96675	
251.0	5	13.17727	-0.53576	0.00057	29929.8489	544.94034	-15.147	29934.81326	-38.11486	2094.62095	44.32763	2095.43662	0.07	4.64024	0.08449	-0.00235	-4.64101	-156.72722	4.2464	
251.0	100	4.77751	-0.68692	12.17036	16.4347	0.28945	43.32271	46.33617	0.05365	-3.24309	0.00132	3.24353	0.07	0.0	0.0	1e-05	-1e-05	-45.61596	27.47497	
252.0	5	13.17737	-0.53016	0.03012	30134.92084	548.12428	54.09909	30139.9539	-38.42127	2109.20901	31.66851	2109.79661	0.07	4.67403	0.08502	0.00839	-4.67481	-157.51812	3.83228	
253.0	5	13.17754	-0.52485	0.00764	30335.09837	551.24155	1.74057	30340.10651	-38.57893	2122.85867	50.48452	2123.80931	0.07	4.70759	0.08555	0.00027	-4.70836	-158.31962	3.5465	
253.0	100	4.7951	-0.69403	12.16321	6.53724	0.11344	17.15935	18.36278	0.02386	-1.28541	-0.00059	1.28563	0.07	0.0	0.0	1e-05	-1e-05	-46.41595	28.48123	
254.0	5	13.17774	-0.51982	0.0326	30570.40291	554.955	62.07531	30575.50266	-38.91244	2139.65243	34.76516	2140.2886	0.07	4.74699	0.08617	0.00964	-4.74778	-158.97101	3.12025	
255.0	5	13.17802	-0.51505	0.00168	30808.73311	558.73102	-10.59839	30813.80095	-39.07493	2155.76121	60.52665	2156.9647	0.07	4.78701	0.08681	-0.00165	-4.7878	-159.65461	2.88304	
256.0	5	13.17834	-0.51049	0.0129	30266.05753	548.27164	17.01199	30271.02789	-38.3815	2118.59713	5.28961	2118.95137	0.07	4.70537	0.08524	0.00264	-4.70614	-160.38575	1.59656	
256.0	110	12.73646	2.60593	0.87592	23.87381	6.42734	1.6471	24.77867	-0.06794	-0.18911	1.72273	1.73441	0.07	0.0	0.0	0.0	-0.0	-153.6364	8.7262	
257.0	5	13.17862	-0.50753	-0.01345	28917.40989	520.26623	-40.08256	28922.11746	-33.13516	1832.3565	-121.49463	1836.67886	0.0635	4.49624	0.08089	-0.00623	-4.49698	-161.12222	0.07397	
257.0	86	12.75866	2.56783	-0.69554	26.43073	7.10882	-1.45126	27.40849	-0.01178	0.42571	1.87073	1.91859	0.07	0.0	0.0	-0.0	-0.0	-156.21888	8.89213	
257.0	107	12.76624	2.57072	-0.52525	11.7175	3.15002	-0.51569	12.14448	-0.00208	0.14488	0.83767	0.85011	0.07	0.0	0.0	-0.0	-0.0	-156.27897	8.80439	
257.0	108	12.77028	2.57877	-0.34862	33.0561	8.87984	-0.93797	34.24087	-0.00607	0.27411	2.38113	2.39686	0.07	1e-05	0.0	-0.0	-1e-05	-156.33563	8.75408	
257.0	109	12.77189	2.58654	-0.17146	151.55073	40.69934	-2.10932	156.93473	-0.01722	0.63253	10.9672	10.98543	0.07	0.00011	3e-05	-0.0	-0.00012	-156.35244	8.73124	
257.0	110	12.7705	2.58718	0.25014	0.31466	0.0845	0.00653	0.32587	1e-05	-0.00178	0.02274	0.02281	0.07	0.0	0.0	0.0	-0.0	-156.26169	8.74125	
257.0	112	12.68597	2.62253	1.39882	0.35078	0.09471	0.03869	0.36539	0.00022	-0.01036	0.02338	0.02558	0.07	0.0	0.0	0.0	-0.0	-155.1745	9.63657	
258.0	5	13.17894	-0.50504	-0.01616	28990.46632	517.6621	-44.1084	28995.12126	-32.05611	1783.74821	-134.73237	1789.11657	0.0617	4.50731	0.08048	-0.00686	-4.50804	-161.66627	0.07039	
258.0	86	12.75497	2.58666	-0.69393	272.78306	73.33171	-15.09595	282.87104	-0.09229	4.32122	19.32364	19.80113	0.07	0.00029	8e-05	-2e-05	-0.0003	-156.43365	8.95496	
258.0	87	12.75163	2.55837	-0.87031	1.27642	0.34334	-0.08829	1.32473	-0.00061	0.02523	0.08923	0.09273	0.07	0.0	0.0	-0.0	-0.0	-156.34597	9.00249	
258.0	103	12.66589	2.62423	1.57457	39.43374	10.65885	5.00354	41.15418	0.02251	-1.29195	2.57479	2.88083	0.07	0.0	0.0	0.0	-0.0	-154.86942	9.86715	
258.0	107	12.76243	2.59011	-0.52286	95.80743	25.73801	-4.04195	99.28669	-0.02117	1.15508	6.85344	6.95013	0.07	0.00012	3e-05	-0.0	-0.00012	-156.4926	8.86891	
258.0	108	12.76748	2.59405	-0.34742	257.97513	69.26253	-7.20758	267.20856	-0.03925	2.08057	18.58865	18.70476	0.07	0.00048	0.00013	-1e-05	-0.0005	-156.52653	8.80842	
258.0	112	12.76517	2.60371	0.34263	1020.72699	274.10699	27.46905	1057.24774	0.18444	-8.05925	73.56778	74.00813	0.07	0.00717	0.00192	0.00019	-0.00742	-156.3557	8.82419	
259.0	5	13.17926	-0.50256	-0.03313	29392.36346	521.68959	-81.60219	29397.10613	-33.69649	1881.18242	-110.61109	1884.73276	0.06411	4.57042	0.08112	-0.01269	-4.57116	-162.18147	0.07528	
259.0	80	12.71896	2.57565	-1.21982	131.70305	35.49566	-12.90127	137.01123	-0.05987	3.47158	8.94023	9.59079	0.07	0.00012	3e-05	-1e-05	-0.00012	-157.23813	9.39862	
259.0	81	12.70664	2.55485	-1.39156	6.11023	1.64907	-0.68096	6.36538	-0.00367	0.18162	0.40687	0.44558	0.07	0.0	0.0	-0.0	-0.0	-157.08791	9.53604	
259.0	82	12.72979	2.59459	-1.04357	376.25846	101.28402	-31.62254	390.93333	-0.12164	8.5663	25.98973	27.36535	0.07	0.00064	0.00017	-5e-05	-0.00066	-157.36386	9.27607	
259.0	110	12.75921	2.6194	0.15116	526.15719	141.32138	6.18103	544.84064	0.10915	-2.07202	38.08244	38.13893	0.07	0.00777	0.00209	9e-05	-0.00805	-157.40743	8.86521	
259.0	114	12.58694	2.63772	2.09416	3.48138	0.9457	0.58569	3.65477	0.0031	-0.14284	0.21222	0.25584	0.07	0.0	0.0	0.0	-0.0	-154.49184	10.69043	
260.0	5	13.17955	-0.50022	-0.03022	27530.38176	486.19238	-69.99514	27534.76352	-20.57503	1131.15992	-235.40462	1155.5784	0.04197	4.28147	0.07561	-0.01089	-4.28216	-162.69774	0.04253	
260.0	77	12.6419	2.5423	-1.91331	0.55277	0.14991	-0.08522	0.57904	-0.00047	0.02133	0.03446	0.04053	0.07	0.0	0.0	-0.0	-0.0	-156.70525	10.21691	
260.0	81	12.67386	2.60688	-1.55855	189.38986	51.17005	-23.63052	197.59882	-0.10603	6.12048	12.40367	13.83194	0.07	0.00064	0.00017	-8e-05	-0.00067	-157.21161	9.88115	
260.0	110	12.76506	2.62458	0.17888	3362.65323	904.00034	46.93196	3482.36356	0.76117	-15.46114	243.27378	243.76578	0.07	0.06995	0.0188	0.00098	-0.07244	-157.81783	8.90104	
260.0	114	12.55989	2.63235	2.26174	56.54076	15.38306	10.19543	59.47641	0.05838	-2.44677	3.368	4.16335	0.07	2e-05	1e-05	0.0	-2e-05	-154.71134	10.99144	
261.0	5	13.17967	-0.49816	-0.04665	26958.06291	473.78154	-102.18936	26962.41954	-15.54626	826.02887	-271.45507	869.62822	0.03225	4.19165	0.07367	-0.01589	-4.19233	-163.08436	0.03179	
261.0	67	12.56854	2.67801	-2.14205	0.57014	0.15507	-0.0994	0.59915	-0.00018	0.02309	0.03501	0.04194	0.07	0.0	0.0	-0.0	-0.0	-156.56542	10.88568	
261.0	73	12.5796	2.56416	-2.25421	8.53679	2.32406	-1.54147	8.98076	-0.00748	0.3663	0.51085	0.62865	0.07	0.0	0.0	-0.0	-0.0	-156.43364	10.80012	
261.0	110	12.76708	2.62239	0.12198	4139.50293	1114.21031	39.12787	4287.01296	1.37231	-15.62233	299.68095	300.09101	0.07	0.10378	0.02793	0.00098	-0.10748	-157.85828	8.89414	
261.0	114	12.4923	2.62986	2.61158	266.28124	72.81216	56.25862	281.73098	0.298	-12.72724	15.06165	19.72117	0.07	0.00023	6e-05	5e-05	-0.00025	-153.44096	11.63105	
262.0	5	13.17976	-0.49631	-0.05067	25211.59575	441.05935	-103.38549	25215.66541	-1.87005	17.9497	-379.45517	379.88408	0.01507	3.9196	0.06857	-0.01607	-3.92023	-163.54928	0.01445	
262.0	110	12.7679	2.61995	0.16382	5997.69655	1615.41151	76.79461	6211.90917	2.55389	-30.10369	433.78531	434.83612	0.07	0.16438	0.04427	0.0021	-0.17025	-160.22142	8.96096	
262.0	114	12.45493	2.63405	2.77988	258.86612	70.95421	58.41253	274.69654	0.33725	-12.93785	14.22111	19.22867	0.07	0.00018	5e-05	4e-05	-0.0002	-155.15523	12.06972	
263.0	5	13.1798	-0.49447	-0.0476	24322.8489	424.01339	-93.80642	24326.72534	7.02099	-500.5947	-442.27774	668.02242	0.02746	3.77462	0.0658	-0.01456	-3.77522	-163.7237	0.02679	
263.0	72	12.4641	2.6256	-2.74704	43.19252	11.84778	-9.67439	45.82093	-0.0279	2.08901	2.43374	3.20747	0.07	5e-05	1e-05	-1e-05	-6e-05	-156.48494	11.84113	
263.0	110	12.76915	2.61751	0.14926	6809.07062	1835.6839	79.36237	7052.62195	3.05107	-32.61375	492.59565	493.68354	0.07	0.20342	0.05484	0.00237	-0.21069	-158.4924	8.90554	
263.0	114	12.36861	2.63901	3.13313	23.27709	6.42267	6.02054	24.88615	0.02642	-1.24124	1.222	1.74203	0.07	0.0	0.0	0.0	-0.0	-151.75962	12.7052	
264.0	5	13.17976	-0.49266	-0.05478	23284.52791	404.95643	-102.88826	23288.27635	16.63588	-1086.07377	-509.81461	1199.8933	0.05152	3.60796	0.06275	-0.01594	-3.60854	-163.96487	0.05445	
264.0	78	12.37959	2.66473	-3.05942	8.42215	2.32177	-2.09516	8.98404	-0.00518	0.43157	0.4574	0.62888	0.07	0.0	0.0	-0.0	-0.0	-156.67367	12.53803	
264.0	98	4.86101	-0.64431	12.13474	8.09038	0.12468	20.95629	22.4641	0.02435	-1.5723	-5e-05	1.57249	0.07	0.0	0.0	1e-05	-1e-05	-50.51666	33.59511	
264.0	110	12.76989	2.61642	0.13526	7916.40559	2136.78462	83.72786	8200.14246	4.3584	-38.58759	572.69482	574.00989	0.07	0.25489	0.0688	0.0027	-0.26403	-159.03543	8.91417	
264.0	114	12.32473	2.6352	3.30396	73.99906	20.47543	20.09246	79.36505	0.10183	-4.07359	3.77619	5.55555	0.07	1e-05	0.0	0.0	-1e-05	-151.39557	13.09291	
265.0	5	13.17962	-0.49073	-0.0736	22631.54059	393.1181	-131.10879	22635.33435	22.69117	-1487.86011	-544.34728	1584.47359	0.07	3.5003	0.0608	-0.02028	-3.50089	-164.12372	0.16025	
265.0	71	12.29864	2.60977	-3.42115	22.14417	6.15365	-6.25952	23.82043	-0.01385	1.21325	1.14375	1.66743	0.07	1e-05	0.0	-0.0	-1e-05	-155.82564	13.05442	
265.0	110	12.77066	2.61566	0.07397	8186.16138	2212.65599	47.05529	8480.053	6.95597	-38.33161	592.32417	593.60393	0.07	0.28126	0.07602	0.00162	-0.29136	-158.92502	8.87523	
265.0	114	12.2802	2.62966	3.46882	382.18123	106.0931	109.29662	411.41705	0.63357	-21.73542	18.88292	28.79921	0.07	0.00041	0.00011	0.00012	-0.00044	-150.26467	13.50559	
266.0	5	13.17956	-0.48905	-0.07672	22732.02596	394.7052	-136.06804	22735.85958	22.8494	-1499.56533	-532.62409	1591.51082	0.07	3.50951	0.06094	-0.02101	-3.5101	-164.2378	0.50037	
266.0	70	12.20815	2.56929	-3.7636	18.1976	5.09705	-5.69942	19.73869	-0.01133	1.04767	0.90077	1.38171	0.07	0.0	0.0	-0.0	-0.0	-155.35383	13.43048	
266.0	104	12.17632	2.62567	3.81592	252.01585	70.52266	80.03872	273.66335	0.5784	-15.23328	11.60097	19.15646	0.07	0.0001	3e-05	3e-05	-0.00011	-148.57847	14.43824	
266.0	110	12.7711	2.61475	0.02889	8002.88586	2166.01373	17.74504	8290.8451	12.37482	-50.45741	578.0298	580.35984	0.07	0.28948	0.07835	0.00064	-0.2999	-159.17139	8.78155	
266.0	114	12.23204	2.62897	3.63306	200.5849	55.8926	60.37779	216.8035	0.45643	-11.8578	9.46062	15.17627	0.07	0.0003	8e-05	9e-05	-0.00033	-149.44263	14.03965	
267.0	5	13.17961	-0.48768	-0.06353	22885.5639	397.47797	-112.76801	22889.29314	23.70925	-1513.85421	-524.29889	1602.2503	0.07	3.52744	0.06126	-0.01738	-3.52802	-164.31992	0.84173	
267.0	70	12.1565	2.5797	-3.91616	22.31064	6.27033	-7.26623	24.28744	-0.01128	1.30408	1.09072	1.70012	0.07	0.0	0.0	-0.0	-1e-05	-155.76682	13.54559	
267.0	98	4.86636	-0.65506	12.13157	16.62716	0.25065	43.01195	46.11456	0.07722	-3.22707	-0.01105	3.22802	0.07	0.0	0.0	0.0	-0.0	-47.75344	33.96993	
267.0	104	12.12222	2.62149	3.98512	272.45362	76.56615	90.82997	297.22623	0.78548	-16.99785	11.97241	20.80583	0.07	0.00015	4e-05	5e-05	-0.00017	-148.00104	14.99684	
267.0	110	12.77097	2.61502	-0.00378	8013.95593	2172.35454	-2.48286	8303.16928	17.33829	-63.30202	577.50391	581.22159	0.07	0.30358	0.08229	-9e-05	-0.31454	-159.7509	8.7087	
268.0	5	13.17969	-0.48658	-0.02408	23052.26675	400.75741	-42.97428	23055.79006	25.67287	-1531.32832	-508.98508	1613.90561	0.07	3.5476	0.06167	-0.00661	-3.54814	-164.26021	1.2599	
268.0	70	12.09961	2.58472	-4.08205	41.41938	11.70035	-14.21458	45.32679	-0.01043	2.46456	1.99825	3.17288	0.07	2e-05	1e-05	-1e-05	-2e-05	-155.31728	13.64239	
268.0	104	12.06558	2.61794	4.15304	295.37108	83.37778	103.12478	323.77562	1.00647	-18.92995	12.42238	22.66432	0.07	0.00028	8e-05	0.0001	-0.00031	-146.72832	15.52773	
268.0	110	12.77113	2.61375	-0.0263	7799.425	2117.03813	-15.78902	8081.65391	21.8627	-76.36747	560.11146	565.7162	0.07	0.30695	0.08332	-0.00062	-0.31805	-159.64424	8.60576	
268.0	113	4.80896	-0.6432	-12.15321	4.03826	0.08025	-10.60131	11.34468	-0.02522	0.79372	-0.0036	0.79413	0.07	0.0	0.0	-0.0	-0.0	-70.79775	35.50686	
269.0	5	13.17963	-0.48573	0.01897	23267.57692	405.18943	33.9832	23271.12952	27.75977	-1552.86566	-491.35269	1628.98429	0.07	3.57577	0.06227	0.00522	-3.57631	-164.1548	1.67446	
269.0	70	12.04278	2.59853	-4.23313	286.60023	81.29859	-102.19082	314.94779	-0.03761	17.30409	13.66092	22.04663	0.07	0.00036	0.0001	-0.00013	-0.0004	-155.46234	13.76094	
269.0	98	4.86903	-0.63403	12.12966	40.71232	0.60736	105.36914	112.96246	0.24253	-7.90359	-0.04815	7.90745	0.07	2e-05	0.0	6e-05	-6e-05	-45.96809	34.24395	
269.0	110	12.77114	2.61267	-0.04652	7592.61817	2063.80872	-26.85786	7868.15597	25.97781	-88.50426	542.99613	550.77459	0.07	0.3091	0.08402	-0.00109	-0.32032	-159.96536	8.53409	
270.0	5	13.17957	-0.4851	0.06884	23527.45967	410.69987	125.83197	23531.38046	30.06796	-1575.99508	-478.1127	1647.1965	0.07	3.61132	0.06304	0.01931	-3.61193	-163.99576	2.10633	
270.0	63	11.98162	2.60179	-4.39775	174.20552	49.69188	-65.1109	192.50006	4e-05	10.71175	8.17518	13.47499	0.07	0.00013	4e-05	-5e-05	-0.00014	-155.40706	13.89469	
270.0	85	11.88137	2.61547	4.64668	1.52625	0.43722	0.60603	1.69937	0.00675	-0.10373	0.05784	0.11896	0.07	0.0	0.0	0.0	-0.0	-143.80567	17.05614	
270.0	110	12.77104	2.61129	-0.08396	7477.67423	2035.28325	-48.07316	7749.85811	30.15706	-98.21603	532.67227	542.49017	0.07	0.31335	0.08529	-0.00201	-0.32476	-160.26021	8.45891	
271.0	5	13.17935	-0.48469	0.10045	23750.58953	415.87536	185.58984	23754.95525	31.56326	-1598.2758	-457.79726	1662.84699	0.07	3.64126	0.06376	0.02845	-3.64193	-163.78729	2.50976	
271.0	63	11.92246	2.60619	-4.54959	276.24848	79.13933	-106.94409	306.61587	0.05602	17.1834	12.86053	21.46312	0.07	0.0002	6e-05	-8e-05	-0.00023	-154.93507	13.96715	
271.0	109	12.7706	2.61004	-0.12952	7142.70924	1946.77773	-71.03292	7403.59943	33.5882	-104.75603	506.4417	518.25205	0.07	0.30707	0.08369	-0.00305	-0.31828	-160.06302	8.40262	
272.0	5	13.17933	-0.48445	0.10625	24017.47954	422.1218	199.38347	24022.01624	32.16953	-1622.78726	-439.44008	1681.54124	0.07	3.67845	0.06465	0.03054	-3.67915	-163.51332	2.79414	
272.0	63	11.86173	2.61294	-4.69793	233.29998	67.16586	-93.66869	260.21905	0.10774	14.67461	10.79088	18.21535	0.07	0.00022	6e-05	-9e-05	-0.00024	-154.38815	14.08649	
272.0	101	11.75529	2.60266	4.95833	36.78524	10.64896	15.75064	41.40818	0.19114	-2.58349	1.30029	2.89857	0.07	1e-05	0.0	0.0	-1e-05	-140.79488	18.17802	
272.0	108	12.76961	2.60832	-0.20965	6877.5478	1876.87205	-111.50884	7129.91912	36.09351	-103.32945	486.94529	499.09462	0.07	0.30212	0.08245	-0.0049	-0.3132	-159.85866	8.35611	
273.0	5	13.17933	-0.48439	0.10877	24264.76204	428.33488	206.94011	24269.42463	32.66265	-1643.97887	-427.06975	1698.85902	0.07	3.71329	0.06555	0.03167	-3.71401	-163.28832	3.06496	
273.0	63	11.79837	2.61935	-4.84736	84.58297	24.48303	-35.21202	94.83451	0.06113	5.38044	3.88787	6.63841	0.07	7e-05	2e-05	-3e-05	-8e-05	-153.77784	14.21426	
273.0	101	11.71584	2.5859	5.05892	7.50441	2.18051	3.29048	8.47927	0.04163	-0.53285	0.25815	0.59355	0.07	0.0	0.0	0.0	-0.0	-139.54013	18.58026	
273.0	108	12.76776	2.60685	-0.29822	6799.42667	1858.04209	-157.36305	7050.4813	39.27496	-102.98196	481.06859	493.53297	0.07	0.30475	0.08328	-0.00705	-0.316	-159.62982	8.30478	
273.0	113	4.97954	-0.64588	-12.08876	1.90176	0.03913	-4.79167	5.15542	-0.01533	0.36054	-0.00314	0.36088	0.07	0.0	0.0	-0.0	-0.0	-76.35253	34.31545	
274.0	5	13.17907	-0.48456	0.14228	24603.50742	436.40573	273.31564	24608.89532	34.15625	-1675.22588	-399.85023	1722.62259	0.07	3.76236	0.06674	0.0418	-3.76319	-162.90194	3.44286	
274.0	63	11.72637	2.62556	-5.01132	191.38522	55.75264	-83.09655	215.96689	0.19278	12.34369	8.72585	15.11768	0.07	9e-05	3e-05	-4e-05	-0.0001	-153.26771	14.37082	
274.0	107	12.76601	2.60489	-0.36521	6359.99001	1740.15267	-180.37787	6596.22168	40.49084	-101.48537	448.62102	461.73543	0.07	0.29	0.07935	-0.00822	-0.30077	-159.59311	8.28499	
275.0	5	13.17917	-0.48491	0.13748	24921.82632	444.4719	268.3147	24927.23361	34.46665	-1702.39426	-381.28859	1744.91121	0.07	3.80893	0.06793	0.04101	-3.80975	-162.57898	3.67725	
275.0	63	11.65802	2.63514	-5.15874	39.22096	11.48333	-17.55297	44.4776	0.04918	2.55367	1.78052	3.1135	0.07	1e-05	0.0	-0.0	-1e-05	-152.77331	14.52818	
275.0	107	12.76243	2.60293	-0.47114	6185.33057	1694.46303	-226.97356	6417.24522	42.36639	-96.14805	436.75062	449.21093	0.07	0.28614	0.07839	-0.0105	-0.29687	-159.43552	8.25505	
276.0	5	13.17878	-0.48558	0.17047	25250.33598	452.96022	336.24982	25256.63684	35.77502	-1731.90362	-353.45106	1767.96427	0.07	3.85743	0.0692	0.05137	-3.8584	-162.02557	4.06061	
276.0	63	11.66468	2.63252	-5.14433	233.28271	68.3243	-104.31141	264.51825	0.40906	15.053	10.77459	18.51627	0.07	0.0003	9e-05	-0.00013	-0.00034	-152.45003	14.19721	
276.0	86	12.75988	2.6001	-0.53871	5651.77451	1549.92685	-237.20561	5865.24465	42.1902	-92.9855	397.66669	410.56682	0.07	0.2645	0.07254	-0.0111	-0.27449	-158.89773	8.2407	
276.0	98	4.70537	-0.63921	12.18906	4.65771	0.06736	12.45642	13.29892	0.03695	-0.93015	-0.00879	0.93092	0.07	0.0	0.0	0.0	-0.0	-38.73097	35.16752	
277.0	5	13.17905	-0.48646	0.15679	25598.50211	462.20439	314.60441	25604.60738	35.91187	-1760.16238	-336.08997	1792.32189	0.07	3.90942	0.07059	0.04805	-3.91035	-161.56789	4.2771	
277.0	60	11.58949	2.64181	-5.30209	51.77393	15.26788	-24.08128	59.10631	0.1117	3.38023	2.38326	4.13743	0.07	2e-05	1e-05	-1e-05	-2e-05	-151.60341	14.36343	
277.0	87	12.75405	2.59797	-0.65879	5491.27302	1507.85034	-282.52763	5701.5361	43.73577	-86.74449	387.10319	399.10688	0.07	0.25997	0.07139	-0.01338	-0.26993	-158.56151	8.21115	
278.0	5	13.17907	-0.48763	0.15984	25942.64135	471.66426	326.45902	25948.98231	36.48398	-1788.48238	-315.28509	1816.42643	0.07	3.96117	0.07202	0.04985	-3.96214	-161.01918	4.53416	
278.0	60	11.5163	2.65524	-5.44714	11.93403	3.54044	-5.7261	13.70197	0.03003	0.78613	0.54865	0.95912	0.07	0.0	0.0	-0.0	-0.0	-150.82945	14.50653	
278.0	87	12.74792	2.59552	-0.76558	5185.1579	1425.54155	-310.54572	5386.50813	43.8801	-79.90406	365.86786	377.05359	0.07	0.24779	0.06812	-0.01484	-0.25741	-158.1822	8.1915	
279.0	5	13.17896	-0.48907	0.17316	26338.47599	482.39753	360.00294	26345.35304	37.28366	-1821.28504	-287.25124	1844.1753	0.07	4.02129	0.07365	0.05496	-4.02234	-160.38406	4.82925	
279.0	60	11.53173	2.61715	-5.43698	75.83666	22.49844	-36.27595	87.02484	0.21471	4.96249	3.52661	6.09175	0.07	0.00013	4e-05	-6e-05	-0.00015	-150.51153	14.16384	
279.0	82	12.74257	2.59217	-0.85208	4722.27823	1299.60092	-315.05488	4907.96636	42.49976	-73.73792	332.84944	343.55824	0.07	0.22718	0.06252	-0.01516	-0.23612	-157.60648	8.19913	
280.0	5	13.17927	-0.49075	0.15667	26790.66234	494.56183	334.61318	26797.31602	37.48451	-1858.28517	-254.61587	1876.02189	0.07	4.09109	0.07552	0.0511	-4.09211	-159.75802	4.92971	
280.0	69	11.46986	2.56059	-5.59719	1.30375	0.3895	-0.64593	1.50622	0.0035	0.08805	0.06017	0.1067	0.07	0.0	0.0	-0.0	-0.0	-150.10355	14.35578	
280.0	80	12.73347	2.58967	-0.97478	4338.20594	1195.47179	-331.73605	4512.12061	40.19258	-60.50315	307.5755	316.03602	0.07	0.21029	0.05795	-0.01608	-0.21872	-157.58863	8.2236	
281.0	5	13.17934	-0.49267	0.15663	27011.67107	502.73603	339.44364	27018.48144	37.94641	-1875.45966	-241.9686	1891.38512	0.07	4.12536	0.07678	0.05184	-4.1264	-159.05111	5.4158	
281.0	80	12.7256	2.58618	-1.07243	4114.0763	1134.92672	-346.55277	4281.7965	42.55367	-65.89678	289.36726	299.81096	0.07	0.20018	0.05522	-0.01686	-0.20834	-155.51911	8.18257	
282.0	5	13.17936	-0.49466	0.16244	27526.39931	516.73313	359.07156	27533.59048	38.7087	-1915.37276	-211.02898	1927.35165	0.07	4.20477	0.07893	0.05485	-4.20586	-158.27523	5.54265	
282.0	57	11.40036	2.57463	-5.72362	45.3469	13.63359	-23.07919	52.67699	0.18064	3.00465	2.12986	3.68739	0.07	2e-05	1e-05	-1e-05	-2e-05	-147.97891	14.06321	
282.0	80	12.71752	2.58258	-1.16414	3557.3619	982.37637	-325.68494	3704.85596	37.51039	-52.56125	251.17252	259.34022	0.07	0.17351	0.04791	-0.01588	-0.1807	-155.68667	8.21876	
283.0	5	13.17957	-0.49678	0.15121	27892.95353	528.38555	340.82497	27900.0396	39.10725	-1943.60372	-187.32393	1953.00155	0.07	4.26208	0.08074	0.05208	-4.26316	-157.50397	5.74354	
283.0	54	11.32231	2.58164	-5.86835	14.72131	4.45285	-7.69695	17.19848	0.06436	0.98312	0.69186	1.20389	0.07	0.0	0.0	-0.0	-0.0	-147.02248	14.2002	
283.0	80	12.70709	2.57945	-1.27027	3219.61184	890.17855	-322.16913	3355.90691	35.53615	-46.16539	227.57352	234.91225	0.07	0.15728	0.04349	-0.01574	-0.16394	-155.0143	8.22706	
284.0	5	13.17959	-0.49906	0.15767	28271.68661	540.61942	360.2938	28279.15036	39.75327	-1972.71634	-159.32372	1979.53887	0.07	4.32171	0.08264	0.05508	-4.32285	-156.64577	6.01353	
284.0	54	11.32839	2.58869	-5.85065	103.65024	31.37311	-54.16858	121.08625	0.53406	6.83673	4.98157	8.47598	0.07	4e-05	1e-05	-2e-05	-5e-05	-146.45366	13.91718	
284.0	80	12.69836	2.57594	-1.3527	2754.4371	762.35292	-293.87169	2873.0587	31.90691	-40.33493	194.42545	201.11244	0.07	0.13446	0.03722	-0.01435	-0.14025	-154.22181	8.25977	
285.0	5	13.17966	-0.5015	0.16083	28680.80297	553.80286	372.22172	28688.56402	40.35817	-2003.6715	-128.59481	2008.19942	0.07	4.38635	0.0847	0.05693	-4.38753	-155.73752	6.23448	
285.0	54	11.33508	2.59283	-5.83335	146.87909	44.47352	-76.59922	171.5191	0.86437	9.56205	7.20917	12.00633	0.07	0.00013	4e-05	-7e-05	-0.00015	-145.92186	13.67491	
285.0	80	12.68962	2.57236	-1.43021	2293.17467	635.31483	-259.00322	2393.60767	27.63772	-33.81226	161.7613	167.55248	0.07	0.11165	0.03093	-0.01261	-0.11654	-153.39607	8.3033	
285.0	113	5.03484	-0.65295	-12.07157	9.80415	0.23179	-24.30267	26.20677	-0.05387	1.83368	-0.00424	1.83447	0.07	0.0	0.0	-0.0	-0.0	-81.4833	30.64538	
286.0	5	13.18024	-0.50402	0.11374	29031.9005	566.38391	271.27961	29038.69195	40.60308	-2029.41773	-108.20924	2032.70612	0.07	4.44277	0.08667	0.04151	-4.44381	-154.90607	6.32904	
286.0	50	11.25006	2.60738	-5.98302	0.36053	0.10991	-0.1937	0.42377	0.00231	0.02367	0.01773	0.02966	0.07	0.0	0.0	-0.0	-0.0	-144.64843	13.82218	
286.0	81	12.67557	2.5699	-1.54481	2099.13187	582.39064	-256.60079	2193.48523	26.34983	-29.61689	148.3361	153.54176	0.07	0.10203	0.02831	-0.01247	-0.10661	-152.4968	8.30655	
287.0	5	13.18047	-0.50678	0.09453	29460.56417	580.82384	231.88977	29467.20161	41.23859	-2060.84208	-77.30306	2062.70368	0.07	4.51179	0.08895	0.03551	-4.51281	-153.95876	6.50711	
287.0	50	11.25678	2.61002	-5.96674	10.47713	3.19638	-5.62574	12.31406	0.076	0.67804	0.52678	0.86198	0.07	0.0	0.0	-0.0	-0.0	-143.89052	13.5602	
287.0	77	12.66484	2.56665	-1.62724	1659.92919	461.06656	-214.0372	1736.01821	21.69488	-23.70079	117.19609	121.52086	0.07	0.08035	0.02232	-0.01036	-0.08404	-151.5154	8.35608	
288.0	5	13.18082	-0.5099	0.07272	29899.7862	595.84777	186.06524	29906.3015	41.99271	-2092.48806	-47.12713	2093.43991	0.07	4.58285	0.09133	0.02852	-4.58385	-152.96005	6.66632	
288.0	50	11.2628	2.61145	-5.95232	15.04287	4.59297	-8.07494	17.68016	0.12189	0.9591	0.7726	1.23759	0.07	0.0	0.0	-0.0	-0.0	-143.08844	13.31226	
288.0	77	12.65438	2.56327	-1.70366	1219.55	339.12247	-164.85968	1276.51281	16.54681	-17.69386	86.00811	89.35472	0.07	0.05872	0.01633	-0.00794	-0.06146	-150.49468	8.40612	
289.0	5	13.18107	-0.5133	0.0474	30320.41857	610.90827	132.59924	30326.86224	42.85216	-2122.35027	-20.61832	2122.88297	0.07	4.6518	0.09373	0.02034	-4.65279	-151.91096	6.813	
289.0	50	11.27006	2.61207	-5.93595	3.42816	1.04703	-1.83501	4.02689	0.03049	0.21507	0.17967	0.2819	0.07	0.0	0.0	-0.0	-0.0	-142.3268	13.05776	
289.0	77	12.6438	2.55985	-1.77726	814.17388	226.65318	-114.9672	852.91748	11.45181	-12.04847	57.34626	59.70681	0.07	0.03896	0.01085	-0.0055	-0.04081	-149.43787	8.44498	
290.0	5	13.1813	-0.51683	0.02643	30798.7214	627.55894	87.58128	30805.23885	43.89712	-2155.89111	11.11791	2156.36663	0.07	4.72978	0.09637	0.01345	-4.73078	-150.77725	6.93845	
290.0	77	12.63398	2.55625	-1.84252	331.82	92.47167	-48.63456	347.8805	4.80809	-4.97324	23.34838	24.35154	0.07	0.01576	0.00439	-0.00231	-0.01652	-148.43242	8.49808	
290.0	113	4.92419	-0.69429	-12.11795	0.12466	0.00318	-0.31597	0.33969	-0.00038	0.02377	9e-05	0.02378	0.07	0.0	0.0	-0.0	-0.0	-80.92788	29.00357	
291.0	5	13.18146	-0.52044	-0.00324	31143.55873	641.86267	17.89956	31150.17751	44.90495	-2179.77681	34.48599	2180.51202	0.07	4.78729	0.09867	0.00275	-4.7883	-149.26197	7.35673	
292.0	5	13.18158	-0.52491	0.00234	31143.43041	647.64492	31.90825	31150.1801	45.30098	-2179.84354	29.35246	2180.51178	0.07	4.79186	0.09965	0.00491	-4.7929	-148.39273	8.57751	
293.0	5	13.1817	-0.53032	0.00629	31141.30345	651.70444	41.97823	31148.15021	45.56529	-2179.60057	35.56258	2180.36684	0.07	4.7961	0.10037	0.00647	-4.79716	-146.98892	9.55011	
294.0	5	13.18181	-0.53639	0.01619	31145.2224	654.88982	65.97085	31152.17666	45.81465	-2180.14359	12.8284	2180.66266	0.07	4.80176	0.10097	0.01017	-4.80283	-146.03454	10.14878	
295.0	5	13.18197	-0.54285	0.00077	31142.83886	657.53923	29.6085	31149.79369	45.99662	-2179.81182	28.58669	2180.48445	0.07	4.80611	0.10147	0.00457	-4.80718	-144.69766	10.6776	
296.0	5	13.18209	-0.55002	0.02493	31147.33412	659.57119	88.33342	31154.44206	46.13814	-2180.29751	11.10871	2180.81393	0.07	4.8113	0.10188	0.01364	-4.8124	-143.31879	11.241	
297.0	5	13.18222	-0.55754	0.00446	31139.79037	661.20938	41.55073	31146.83722	46.23425	-2179.52827	33.68258	2180.27879	0.07	4.81421	0.10222	0.00642	-4.8153	-142.05016	11.55288	
297.0	113	4.82005	-0.70584	-12.16085	3.91987	0.10815	-10.23493	10.96042	-0.00617	0.76718	0.00574	0.76723	0.07	0.0	0.0	-0.0	-0.0	-64.88017	20.81667	
298.0	5	13.18237	-0.56537	0.01073	31126.79634	662.30298	58.09104	31133.89584	46.29464	-2178.63225	32.89445	2179.37233	0.07	4.81553	0.10246	0.00899	-4.81663	-140.64999	11.95907	
298.0	113	4.83539	-0.69283	-12.1552	13.58133	0.37702	-35.38035	37.89939	-0.01212	2.65282	0.02362	2.65295	0.07	0.0	0.0	-0.0	-0.0	-63.7583	20.00084	
299.0	5	13.18254	-0.57346	0.00897	31123.24495	663.34455	55.05879	31130.36193	46.37157	-2178.386	32.45191	2179.12115	0.07	4.81825	0.10269	0.00852	-4.81936	-139.19732	12.30017	
299.0	113	4.8507	-0.6839	-12.14956	10.93714	0.30536	-28.40691	30.44121	-0.00485	2.13073	0.02104	2.13084	0.07	0.0	0.0	-1e-05	-1e-05	-62.79964	19.24239	
300.0	5	13.1828	-0.58177	0.00304	31128.5613	664.47251	41.68232	31135.68033	46.46455	-2178.75997	32.42506	2179.49658	0.07	4.82208	0.10293	0.00646	-4.82319	-137.7086	12.48557	
300.0	113	4.86541	-0.68509	-12.14423	6.09902	0.17121	-15.78245	16.92079	-0.00133	1.18438	0.01233	1.18445	0.07	0.0	0.0	-1e-05	-1e-05	-62.38104	18.70414	
301.0	5	13.18294	-0.59028	0.00395	31129.47162	665.37469	45.16551	31136.61457	46.52505	-2178.83313	31.88735	2179.56308	0.07	4.82515	0.10313	0.007	-4.82625	-136.18206	12.75878	
301.0	113	4.88034	-0.72288	-12.1392	7.09372	0.20018	-18.28675	19.61546	-0.0053	1.37301	0.01298	1.37308	0.07	0.0	0.0	-1e-05	-1e-05	-61.62253	18.03619	
302.0	5	13.18311	-0.59897	-0.00676	31137.38698	666.34613	19.74967	31144.52239	46.61892	-2179.38398	32.03235	2180.11787	0.07	4.82949	0.10335	0.00306	-4.8306	-134.58732	12.98514	
303.0	5	13.18329	-0.60788	0.00031	31134.87671	666.93851	37.26091	31142.04141	46.64788	-2179.26091	28.37205	2179.94475	0.07	4.83193	0.1035	0.00578	-4.83304	-133.00523	13.13997	
304.0	5	13.18351	-0.61689	-0.0078	31136.24206	667.67036	18.63397	31143.40541	46.70088	-2179.0868	44.10267	2180.03333	0.07	4.83526	0.10368	0.00289	-4.83637	-131.23331	13.32768	
305.0	5	13.18367	-0.62617	0.00499	31136.03091	668.09017	50.4082	31143.23853	46.72839	-2179.41621	22.0182	2180.0283	0.07	4.8377	0.1038	0.00783	-4.83882	-129.72552	13.55462	
306.0	5	13.18376	-0.63552	-0.00556	31091.50737	667.67125	26.58105	31098.68682	46.70332	-2176.1556	33.10343	2176.90841	0.07	4.83287	0.10378	0.00413	-4.83399	-127.79818	13.60088	
307.0	5	13.18398	-0.64495	-0.00789	31036.02501	666.99077	22.87828	31043.19971	46.67702	-2172.47533	15.37874	2173.03114	0.07	4.82617	0.10372	0.00356	-4.82729	-126.24493	13.71904	
308.0	5	13.18405	-0.65462	0.02393	30967.06187	665.67845	99.16744	30974.37461	46.58237	-2167.71269	4.8458	2168.21855	0.07	4.81723	0.10355	0.01543	-4.81837	-124.11377	13.93975	
309.0	5	13.18427	-0.66418	-0.00033	30896.48846	664.65367	42.79773	30903.66638	46.48113	-2162.56009	29.19927	2163.25663	0.07	4.80795	0.10343	0.00666	-4.80907	-122.42007	13.90319	
309.0	113	4.83274	-0.82087	-12.16126	3.8042	0.11259	-9.99697	10.69692	-0.0018	0.74874	0.00775	0.74879	0.07	0.0	0.0	-0.0	-0.0	-54.99906	13.87638	
310.0	5	13.18434	-0.67378	-0.00993	30821.64887	663.52885	20.76898	30828.79727	46.42043	-2157.27923	31.92024	2158.0147	0.07	4.798	0.10329	0.00323	-4.79911	-120.49342	13.92297	
311.0	5	13.18451	-0.68348	-0.01008	30723.46617	661.76287	20.71271	30730.59929	46.29943	-2150.44523	29.24262	2151.14236	0.07	4.78393	0.10304	0.00323	-4.78504	-118.61923	14.01022	
311.0	105	4.78484	-0.93258	12.14873	1.78636	0.02346	4.73283	5.05878	0.00628	-0.35406	-0.00061	0.35412	0.07	0.0	0.0	0.0	-0.0	-30.60685	37.41082	
312.0	5	13.18459	-0.69319	-0.00684	30626.33648	659.91106	28.75256	30633.45876	46.16483	-2143.67606	26.98235	2144.34286	0.07	4.76974	0.10277	0.00448	-4.77085	-116.49222	14.05968	
313.0	5	13.18459	-0.70281	-0.00609	30506.63537	657.67794	30.64963	30513.73922	46.0017	-2135.24375	30.85349	2135.96207	0.07	4.75209	0.10245	0.00477	-4.7532	-114.39118	14.01359	
314.0	5	13.18463	-0.7125	-0.00654	30382.46929	655.34434	30.38025	30389.55148	45.84071	-2126.57483	29.12648	2127.26826	0.07	4.73303	0.10209	0.00473	-4.73413	-112.37741	14.05414	
315.0	5	13.18466	-0.72221	-0.0067	30251.94384	652.79026	31.25945	30259.00227	45.66195	-2117.44744	28.3536	2118.12951	0.07	4.71295	0.1017	0.00487	-4.71405	-110.18641	14.05556	
316.0	5	13.18456	-0.73197	0.00118	30203.88983	651.91759	50.48947	30210.96666	45.58097	-2114.07273	29.28831	2114.76688	0.07	4.70548	0.10156	0.00787	-4.70658	-107.94438	13.98343	
317.0	5	13.1845	-0.74165	0.00123	29980.66335	647.43965	51.6829	29987.69788	45.27139	-2098.48672	26.64452	2099.14409	0.07	4.67054	0.10086	0.00805	-4.67164	-105.75969	13.96753	
317.0	113	4.82548	-0.87715	-12.16637	10.80462	0.33266	-28.21516	30.215	0.01941	2.11473	0.03236	2.11507	0.07	0.0	0.0	-0.0	-0.0	-48.96531	10.24535	
318.0	5	13.18446	-0.75135	0.00596	29806.06764	643.85775	63.27726	29813.08815	45.01122	-2086.26779	26.10955	2086.91662	0.07	4.64293	0.10029	0.00986	-4.64403	-103.62177	13.953	
318.0	113	4.85186	-0.87059	-12.15631	11.47506	0.35445	-29.80007	31.93504	0.01384	2.23518	0.03191	2.23545	0.07	0.0	0.0	-0.0	-0.0	-48.19679	9.76257	
319.0	5	13.18446	-0.76098	-0.00241	29760.31016	643.11524	44.30261	29767.29112	44.97897	-2083.08539	24.28484	2083.71246	0.07	4.63531	0.10017	0.0069	-4.6364	-101.4571	13.89669	
319.0	105	4.77846	-1.03096	12.14879	4.57278	0.0549	12.16264	12.99396	0.0195	-0.90938	-0.00323	0.9096	0.07	0.0	0.0	0.0	-0.0	-24.71547	33.68871	
320.0	5	13.18435	-0.77059	-0.00923	29763.27772	643.45693	29.45765	29770.24698	45.0039	-2083.17212	32.8616	2083.9173	0.07	4.6351	0.10021	0.00459	-4.63619	-99.36819	13.79589	
321.0	5	13.18426	-0.78018	-0.00178	29372.69548	635.28538	46.60602	29379.60176	44.43627	-2055.99556	19.97663	2056.57273	0.07	4.57345	0.09892	0.00726	-4.57453	-96.68074	13.93521	
322.0	5	13.18415	-0.78985	0.00182	29088.57492	629.29676	54.31446	29095.43186	44.03239	-2036.17291	9.52892	2036.67125	0.07	4.528	0.09796	0.00845	-4.52906	-94.29802	13.99957	
323.0	5	13.18379	-0.79943	-0.01409	28758.92397	622.39747	18.4508	28765.66403	43.5399	-2012.8405	33.94143	2013.59743	0.07	4.4753	0.09685	0.00287	-4.47635	-92.05927	13.98064	
324.0	5	13.18348	-0.80909	-0.00933	28474.41471	616.22969	28.6531	28481.09641	43.10614	-1993.03972	26.10571	1993.67675	0.07	4.42937	0.09586	0.00446	-4.43041	-89.48144	13.88857	
324.0	105	4.83707	-1.03148	12.12452	4.29528	0.04947	11.19931	11.99486	0.01148	-0.83956	-0.0007	0.83964	0.07	0.0	0.0	0.0	-0.0	-21.85995	31.24746	
325.0	5	13.18322	-0.81864	-0.00727	28256.79051	611.6506	33.85411	28263.42995	42.78149	-1977.81042	25.43951	1978.43662	0.07	4.39221	0.09507	0.00526	-4.39324	-87.16284	13.68692	
326.0	5	13.18288	-0.82806	-0.00799	28211.71345	610.83481	33.33799	28218.34521	42.72564	-1974.66548	24.92478	1975.28491	0.07	4.38407	0.09492	0.00518	-4.3851	-85.12259	13.49266	
327.0	5	13.18273	-0.83732	-0.01048	28168.78763	610.05764	28.84803	28175.4077	42.67332	-1971.64265	26.34181	1972.28032	0.07	4.375	0.09475	0.00448	-4.37602	-82.96277	13.30188	
328.0	5	13.18256	-0.8464	-0.02128	28124.64961	609.32136	6.22034	28131.25	42.63499	-1968.32472	39.88117	1969.1903	0.07	4.36587	0.09459	0.00097	-4.3669	-80.48116	13.11851	
329.0	5	13.18249	-0.85539	-0.01756	28082.96277	608.52954	14.43831	28089.55882	42.57803	-1965.61015	28.72527	1966.28109	0.07	4.35735	0.09442	0.00224	-4.35838	-78.23491	12.86918	
329.0	105	4.87364	-1.13623	12.10911	4.08571	0.04492	10.54351	11.30755	0.01396	-0.79122	-0.00204	0.79135	0.07	0.0	0.0	0.0	-0.0	-17.63772	27.76987	
330.0	5	13.18244	-0.86419	-0.00372	28033.8877	607.6123	45.25376	28040.5082	42.48997	-1962.22074	24.54035	1962.83414	0.07	4.34787	0.09424	0.00702	-4.3489	-75.70647	12.59819	
331.0	5	13.18237	-0.87264	-0.01402	27977.09777	606.74355	23.73125	27983.68633	42.44662	-1958.23011	25.71919	1958.85895	0.07	4.33734	0.09406	0.00368	-4.33836	-73.4254	12.36103	
332.0	5	13.18236	-0.88095	-0.00999	27916.46595	605.61891	32.05273	27923.05271	42.37072	-1954.08717	18.44663	1954.63353	0.07	4.32605	0.09385	0.00497	-4.32707	-70.98494	12.11512	
333.0	5	13.18234	-0.88898	-0.01678	27858.36454	604.61289	17.66482	27864.93035	42.30519	-1949.94871	23.25595	1950.54621	0.07	4.31455	0.09364	0.00274	-4.31556	-68.4119	11.89216	
334.0	5	13.18231	-0.8969	-0.0065	27789.10809	603.18369	39.99517	27795.68238	42.18406	-1945.07371	24.488	1945.68519	0.07	4.30139	0.09336	0.00619	-4.30241	-65.77716	11.6675	
335.0	5	13.18235	-0.90449	-0.00945	27732.69292	602.21394	34.10059	27739.25163	42.12222	-1941.14311	24.07199	1941.74929	0.07	4.29045	0.09317	0.00528	-4.29147	-63.16848	11.30496	
336.0	5	13.18234	-0.91179	-0.00839	27659.71808	600.93394	36.90622	27666.26986	42.03192	-1936.04756	22.91272	1936.63931	0.07	4.27736	0.09293	0.00571	-4.27837	-60.56469	10.99186	
336.0	113	5.02818	-1.04626	-12.09054	0.48714	0.01602	-1.22613	1.31946	0.00349	0.09226	0.00259	0.09236	0.07	0.0	0.0	-0.0	-0.0	-33.26733	3.46256	
337.0	5	13.18228	-0.9189	-0.00205	27587.54419	599.56476	50.80904	27594.10542	41.92532	-1930.99999	22.49596	1931.58607	0.07	4.2644	0.09268	0.00785	-4.26541	-58.00838	10.76655	
337.0	113	4.97163	-1.03694	-12.11305	5.88507	0.19387	-14.80952	15.93717	0.04008	1.11446	0.03052	1.1156	0.07	0.0	0.0	-0.0	-0.0	-32.16073	3.16404	
338.0	5	13.18224	-0.92583	0.00873	27506.76241	597.89188	73.82168	27513.35862	41.79004	-1925.35308	22.27261	1925.93535	0.07	4.25014	0.09238	0.01141	-4.25116	-55.36215	10.52101	
338.0	113	5.00119	-1.03502	-12.10134	15.01128	0.49475	-37.55794	40.44975	0.11253	2.82805	0.08223	2.83148	0.07	0.0	0.0	-0.0	-0.0	-31.16231	2.82704	
339.0	5	13.18228	-0.93228	-0.02375	27448.07674	597.07575	4.94624	27454.57049	41.78035	-1920.98933	37.59059	1921.81129	0.07	4.23929	0.09222	0.00076	-4.24029	-52.83224	10.18381	
339.0	105	4.93395	-1.19908	12.08356	1.37435	0.0142	3.48889	3.74985	0.00762	-0.26236	-0.00193	0.26247	0.07	0.0	0.0	0.0	-0.0	-8.80148	19.70851	
340.0	5	13.18222	-0.93881	0.00833	27409.55587	596.05749	72.85418	27416.13294	41.69931	-1918.64856	9.13213	1919.12338	0.07	4.23125	0.09201	0.01125	-4.23226	-50.12564	9.83474	
341.0	5	13.18222	-0.94476	-0.01699	27298.48208	593.97601	19.97638	27304.95065	41.56054	-1910.77907	20.88228	1911.34508	0.07	4.21228	0.09165	0.00308	-4.21327	-47.27521	9.52719	
342.0	5	13.18218	-0.95047	-0.03346	27219.57834	592.55646	-14.41614	27226.03122	41.49078	-1904.84552	43.91324	1905.80332	0.07	4.19843	0.0914	-0.00222	-4.19942	-44.74249	9.15285	
343.0	5	13.18211	-0.95604	-0.01733	27136.91856	590.81221	19.04041	27143.35592	41.33768	-1899.43924	22.82673	1900.02613	0.07	4.18388	0.09109	0.00294	-4.18487	-41.82208	8.76088	
343.0	105	4.9914	-1.24154	12.06025	12.11341	0.12253	30.49096	32.80927	0.05163	-2.29597	-0.01128	2.29657	0.07	0.0	0.0	0.0	-0.0	-4.60768	15.90679	
344.0	5	13.182	-0.96126	-0.00937	27072.36346	589.56178	36.09972	27078.80628	41.23662	-1894.93547	22.40139	1895.51648	0.07	4.17196	0.09085	0.00556	-4.17295	-39.17658	8.40821	
345.0	5	13.18198	-0.96611	-0.01655	26996.71271	588.16592	22.13807	27003.12809	41.13661	-1889.45679	34.36898	1890.21703	0.07	4.15845	0.0906	0.00341	-4.15944	-36.52578	8.08098	
345.0	113	5.0293	-1.01849	-12.09009	6.0202	0.1996	-14.91029	16.08103	0.48923	0.99158	0.2108	1.12562	0.07	0.0	0.0	-0.0	-0.0	-24.27363	1.42772	
346.0	5	13.18193	-0.97079	-0.00402	26920.15619	586.51815	48.64204	26926.5887	41.01952	-1884.31236	19.15286	1884.8561	0.07	4.14449	0.0903	0.00749	-4.14548	-33.72135	7.7535	
346.0	113	5.05811	-1.02806	-12.07862	6.60932	0.2191	-16.26311	17.55619	0.47755	1.11287	0.20907	1.22892	0.07	0.0	0.0	-0.0	-0.0	-23.19536	1.07751	
347.0	5	13.18183	-0.9751	-0.00198	26836.08538	584.7735	53.41487	26842.50904	40.89155	-1878.42395	20.28532	1878.97848	0.07	4.1296	0.08999	0.00822	-4.13059	-30.95978	7.39614	
347.0	113	5.08787	-1.07635	-12.06718	5.29281	0.17566	-12.95743	13.99785	0.1365	0.96786	0.06888	0.97986	0.07	0.0	0.0	-0.0	-0.0	-22.13016	0.73153	
348.0	10	13.18171	-0.97915	0.00964	26749.70709	582.84873	77.81153	26756.16932	40.74135	-1872.38522	19.25374	1872.92738	0.07	4.11429	0.08965	0.01197	-4.11529	-28.16709	6.98652	
348.0	113	5.11768	-1.08016	-12.05505	16.04323	0.53294	-39.06961	42.23865	0.53511	2.89625	0.25924	2.95666	0.07	1e-05	0.0	-1e-05	-2e-05	-21.02174	0.53622	
349.0	10	13.18162	-0.98288	0.02175	26655.4214	580.71597	102.21569	26661.94233	40.57816	-1865.80539	18.34491	1866.33675	0.07	4.09778	0.08927	0.01571	-4.09878	-25.35185	6.65116	
349.0	113	5.14934	-1.08384	-12.04204	25.79678	0.85702	-62.4312	67.55637	1.57073	4.40369	0.70948	4.72896	0.07	1e-05	0.0	-3e-05	-3e-05	-19.95341	0.2752	
350.0	10	13.18148	-0.98605	-0.00739	26605.20935	579.96428	40.72481	26611.56105	40.56864	-1862.28827	17.76478	1862.81481	0.07	4.08815	0.08912	0.00626	-4.08913	-22.52571	6.23444	
351.0	10	13.18147	-0.98903	-0.00977	26516.24501	578.08705	36.46475	26522.57083	40.43207	-1856.00497	22.64757	1856.58345	0.07	4.07233	0.08878	0.0056	-4.0733	-19.70429	5.82419	
352.0	10	13.18133	-0.99165	-0.01274	26519.14832	578.22029	30.52801	26525.46886	40.44667	-1856.20641	22.43975	1856.78263	0.07	4.07054	0.08875	0.00469	-4.07151	-17.21836	5.40935	
353.0	10	13.18128	-0.99398	-0.01071	26494.53425	577.72965	34.53158	26500.85488	40.40782	-1854.47452	23.12224	1855.05881	0.07	4.06873	0.08872	0.0053	-4.0697	-14.31585	4.99236	
353.0	105	5.03491	-1.20897	12.04128	24.1159	0.23666	59.94965	64.61883	0.14294	-4.52079	-0.03965	4.52322	0.07	-0.0	-0.0	-0.0	0.0	5.06556	6.40927	
354.0	10	13.18122	-0.99597	-0.00199	26512.78462	578.15215	52.86942	26519.14032	40.42708	-1855.78683	20.6688	1856.34218	0.07	4.06591	0.08866	0.00811	-4.06688	-11.51455	4.53168	
354.0	113	5.10656	-1.12861	-12.06032	6.32928	0.21316	-15.47482	16.72051	0.22247	-1.14664	0.0752	1.17044	0.07	0.0	0.0	-0.0	-0.0	-14.85728	0.51174	
355.0	10	13.18114	-0.99761	0.01102	26524.81175	578.43543	79.63358	26531.23758	40.48562	-1856.74332	1.66483	1857.1854	0.07	4.06655	0.08868	0.01221	-4.06753	-8.63045	4.12821	
356.0	10	13.18115	-0.99868	-0.01279	26525.03962	578.83102	31.30646	26531.37298	40.49081	-1856.6352	21.0064	1857.19548	0.07	4.065	0.08871	0.0048	-4.06597	-5.95473	3.69797	
357.0	10	13.18114	-0.99952	-0.01466	26526.40359	579.04238	27.3873	26532.7369	40.50905	-1856.73313	20.7285	1857.29066	0.07	4.02036	0.08776	0.00415	-4.02132	-3.19319	3.2693	
358.0	10	13.18105	-1.00002	-0.01508	26527.627	579.21374	26.48347	26533.96285	40.52165	-1856.81673	20.79058	1857.3752	0.07	1.36949	0.0299	0.00137	-1.36982	-0.79892	2.87298	
358.0	113	5.05785	-1.12616	-12.08011	0.53422	0.01806	-1.30913	1.41405	0.00787	-0.09865	0.00185	0.09898	0.07	0.0	0.0	-0.0	-0.0	-10.6971	1.11016	
359.0	10	13.18091	-1.00026	-0.00757	26522.26503	579.10405	41.78009	26528.61944	40.50214	-1856.44606	20.75262	1857.00379	0.07	-2.34114	-0.05112	-0.00369	2.3417	1.42239	2.49651	
359.0	113	5.09031	-1.12342	-12.06686	7.50985	0.25352	-18.32361	19.80446	0.07731	-1.3841	0.01254	1.38631	0.07	0.0	0.0	-0.0	-0.0	-9.7103	1.22647	
360.0	10	13.18083	-1.00017	0.00239	26508.07437	578.73476	62.36123	26514.46454	40.46118	-1855.45959	20.38108	1856.0126	0.07	-4.05196	-0.08846	-0.00953	4.05294	3.42539	2.05293	
360.0	113	5.12171	-1.12105	-12.05394	21.00476	0.70708	-50.96364	55.12706	0.207	-3.85321	0.03186	3.85889	0.07	0.0	0.0	-0.0	-0.0	-8.98573	1.20144	
