Version	KoJaC2_v7r2	 	 INTERNAL 
Testrig	Axial Cycle Force Generation 
Modfile	016cccc.mod
comment	VShape GPPC ZUM
Analysis name	.a016cccc_t2600a020d
Applied torque	2600.0
Rpm	200.0
Articulation angle	2.0
Mode	Drive
Contact	cfo_sp_ro_1
Part	iroller_1
RefSystem	iroller_1.ro_ref


Angle_Rot_Spider.Last_Rot	Track	CPoint_x	CPoint_y	CPoint_z	Normal_Force_x	Normal_Force_y	Normal_Force_z	Normal_Force_mag	Friction_Force_x	Friction_Force_y	Friction_Force_z	Friction_Force_mag	Friction_Force_Mu	Friction_Torque_x	Friction_Torque_y	Friction_Torque_z	Friction_Torque_mag	Boring_Velocity	Slip_Velocity	Pos_Ball_x	Pos_Ball_y	Pos_Ball_z	
0.0	9	13.00121	-0.14199	0.38619	22426.52237	-0.04148	666.10519	22436.41241	-4.18572	-1505.94767	140.83169	1512.5242	0.06741	-1.15352	0.0	-0.03426	1.15403	0.84986	0.08387	
0.0	77	12.53253	2.98909	-1.60797	5366.2135	1425.97744	-670.47819	5592.78106	78.40412	-358.79991	-135.58583	391.49469	0.07	-0.06591	-0.01752	0.00824	0.0687	0.77289	0.11622	
1.0	9	13.00157	-0.14193	0.37342	22471.66189	-0.04159	645.34408	22480.92651	-5.52975	-1493.78952	192.45615	1506.14643	0.067	-1.92647	0.0	-0.05532	1.92727	1.47259	0.08257	
1.0	77	12.53102	2.98929	-1.6191	5327.13078	1415.7638	-670.43837	5552.67477	64.95153	-333.65822	-188.49746	388.68728	0.07	-0.11628	-0.0309	0.01463	0.1212	1.38599	0.14805	
2.0	9	13.00192	-0.14189	0.36094	22525.365	-0.04169	625.32232	22534.04306	-6.22053	-1477.06768	223.97745	1493.96571	0.0663	-2.58116	0.0	-0.07166	2.58215	2.09514	0.08058	
2.0	77	12.52962	2.98948	-1.62951	5274.16787	1401.84662	-668.26429	5498.054	54.52433	-310.42576	-220.86896	384.86381	0.07	-0.16355	-0.04347	0.02072	0.17049	1.99614	0.18213	
3.0	9	13.00228	-0.14187	0.34846	22576.20903	-0.04178	605.1986	22584.31933	-6.5465	-1457.72007	244.10857	1478.03236	0.06545	-3.07598	1e-05	-0.08246	3.07709	2.73604	0.07838	
3.0	77	12.5283	2.98964	-1.6393	5221.92464	1388.10547	-665.83474	5444.14085	46.5074	-290.9113	-241.73784	381.08989	0.07	-0.20891	-0.05553	0.02664	0.2178	2.62709	0.21909	
4.0	9	13.00264	-0.14186	0.33528	22633.02829	-0.04188	583.98831	22640.56121	-6.65046	-1431.43037	257.64236	1454.44722	0.06424	-3.33811	1e-05	-0.08613	3.33922	3.40504	0.07556	
4.0	77	12.52701	2.98978	-1.64894	5163.05618	1372.59538	-662.40799	5383.30303	39.93227	-273.70828	-255.91205	376.83124	0.07	-0.25172	-0.06692	0.0323	0.26246	3.291	0.25864	
4.0	97	9.75272	2.80095	8.10686	0.00228	0.00074	0.00191	0.00306	-0.0	0.0002	-8e-05	0.00021	0.07	-0.0	-0.0	-0.0	0.0	2.83634	0.4449	
5.0	9	13.00298	-0.14187	0.31919	22728.18306	-0.04204	558.54347	22735.04511	-6.55263	-1386.52931	266.53441	1411.93026	0.0621	-3.36771	1e-05	-0.08276	3.36873	4.10387	0.07116	
5.0	77	12.52549	2.98994	-1.66027	5069.45712	1347.85964	-655.11416	5286.33102	33.79752	-255.96149	-265.09133	370.0432	0.07	-0.28865	-0.07675	0.0373	0.301	3.98777	0.2998	
6.0	1	5.30998	-0.17209	-11.87371	0.00777	0.0	-0.01727	0.01894	5e-05	-0.00132	2e-05	0.00133	0.07	-0.0	-0.0	0.0	0.0	1.75953	1.05467	
6.0	9	13.00334	-0.14189	0.30266	22850.21186	-0.04226	532.79804	22856.42264	-6.3112	-1325.35976	270.56442	1352.70966	0.05918	-3.38556	1e-05	-0.07894	3.38648	4.80419	0.06591	
6.0	77	12.52401	2.99007	-1.6712	4948.90937	1315.93333	-643.99568	5161.21255	28.64349	-239.39678	-269.06415	361.28491	0.07	-0.31484	-0.08372	0.04097	0.32834	4.65487	0.34027	
7.0	1	5.31737	-0.17062	-11.8704	0.81054	0.0	-1.80138	1.97533	0.00445	-0.13819	0.002	0.13827	0.07	-0.0	-0.0	0.0	0.0	2.13007	1.20968	
7.0	9	13.00367	-0.14192	0.28842	22954.0467	-0.04244	510.36258	22959.71973	-6.05514	-1266.1447	272.23024	1295.09396	0.05641	-3.40078	1e-05	-0.07561	3.40162	5.50383	0.06146	
7.0	20	9.35072	3.0085	-8.49066	0.0034	0.00114	-0.00308	0.00473	1e-05	-0.00031	-0.0001	0.00033	0.07	-0.0	-0.0	0.0	0.0	3.9312	0.94688	
7.0	77	12.52289	2.99014	-1.67933	4843.72367	1288.03799	-633.57178	5051.94161	24.78041	-226.30037	-270.61495	353.63594	0.07	-0.33437	-0.08891	0.04374	0.34874	5.33173	0.38193	
8.0	9	13.00414	-0.14197	0.26853	23029.6719	-0.04254	476.77091	23034.60654	-5.6686	-1219.00358	273.70429	1249.3662	0.05424	-3.41195	1e-05	-0.07064	3.41268	6.20357	0.05824	
8.0	20	9.35163	3.00604	-8.49057	0.74201	0.2499	-0.67379	1.03297	0.00246	-0.0686	-0.02273	0.07231	0.07	-0.0	-0.0	0.0	0.0	4.53076	1.06484	
8.0	77	12.52135	2.99022	-1.69069	4768.67219	1268.1677	-628.25613	4974.25266	21.80872	-216.62536	-271.73418	348.19769	0.07	-0.34828	-0.09262	0.04589	0.3633	6.04101	0.42536	
9.0	9	13.00455	-0.14204	0.25088	23138.06998	-0.04273	447.61905	23142.3993	-5.28076	-1153.22905	272.8598	1185.08126	0.05121	-3.428	1e-05	-0.06632	3.42864	6.90184	0.05403	
9.0	20	9.40918	3.00327	-8.42772	0.00518	0.00174	-0.00466	0.00718	1e-05	-0.00048	-0.00016	0.0005	0.07	-0.0	-0.0	0.0	0.0	5.112	1.17038	
9.0	77	12.52017	2.99027	-1.69917	4660.25372	1239.38495	-617.26929	4861.59039	19.03857	-206.11897	-270.11905	340.31133	0.07	-0.34978	-0.09302	0.04633	0.36489	6.718	0.46726	
10.0	9	13.00484	-0.14212	0.23386	23228.2519	-0.04292	418.67457	23232.02476	-4.90548	-1095.40826	272.04567	1128.6949	0.04858	-3.44126	1e-05	-0.06203	3.44182	7.60106	0.05058	
10.0	20	9.35271	3.00249	-8.4907	1.34144	0.45179	-1.21812	1.86746	0.00304	-0.12359	-0.04249	0.13072	0.07	-0.0	-0.0	0.0	0.0	5.60887	1.28684	
10.0	77	12.51928	2.99029	-1.70571	4569.35893	1215.22638	-607.74767	4767.09277	16.92487	-197.78453	-268.23168	333.69658	0.07	-0.3442	-0.09154	0.04578	0.3591	7.37233	0.50886	
10.0	97	9.82547	2.80248	8.01791	0.00284	0.00091	0.00232	0.00378	-0.0	0.00025	-9e-05	0.00026	0.07	-0.0	-0.0	-0.0	0.0	5.70269	1.05333	
11.0	9	13.00506	-0.14221	0.22101	23265.12372	-0.04303	395.73389	23268.48914	-4.65004	-1061.96452	273.25975	1096.5679	0.04713	-3.44671	1e-05	-0.05863	3.44721	8.29867	0.04874	
11.0	20	9.35278	3.00151	-8.49099	1.1929	0.40176	-1.08323	1.66066	0.0025	-0.10983	-0.03798	0.11624	0.07	-0.0	-0.0	0.0	0.0	6.15754	1.40063	
11.0	77	12.51906	2.99024	-1.70736	4535.39866	1206.15454	-603.92254	4731.74093	15.68244	-193.38229	-268.44967	331.22179	0.07	-0.34143	-0.0908	0.04546	0.35621	8.0492	0.55184	
12.0	9	13.00529	-0.14232	0.20749	23306.24396	-0.04308	371.53749	23309.20521	-4.36866	-1021.83401	273.92394	1057.92162	0.04539	-3.45302	1e-05	-0.05505	3.45346	8.9922	0.0466	
12.0	20	9.35283	3.00047	-8.49132	0.94302	0.3176	-0.85632	1.3128	0.00183	-0.08678	-0.03017	0.09189	0.07	-0.0	-0.0	0.0	0.0	6.70728	1.51348	
12.0	77	12.51888	2.99018	-1.70882	4493.58886	1194.99117	-598.97706	4688.18923	14.4922	-188.83331	-268.0105	328.17323	0.07	-0.33806	-0.0899	0.04506	0.3527	8.72201	0.59424	
13.0	9	13.00551	-0.14244	0.19468	23354.64438	-0.04315	349.35809	23357.25723	-4.09783	-980.62066	273.81968	1018.1409	0.04359	-3.46067	1e-05	-0.05177	3.46106	9.68284	0.04444	
13.0	20	9.35291	2.99932	-8.49165	1.23077	0.41452	-1.11762	1.71339	0.00233	-0.11325	-0.03943	0.11994	0.07	-0.0	-0.0	0.0	0.0	7.28837	1.62884	
13.0	77	12.51864	2.99011	-1.71074	4455.6392	1184.85399	-594.71215	4648.68607	13.4421	-184.81273	-267.49573	325.40805	0.07	-0.33498	-0.08908	0.04471	0.3495	9.40912	0.63702	
14.0	9	13.00572	-0.14258	0.18108	23404.88189	-0.04325	325.67009	23407.14757	-3.80182	-934.1106	273.10084	973.22204	0.04158	-3.46871	1e-05	-0.04827	3.46905	10.37064	0.04208	
14.0	20	9.35299	2.99811	-8.49202	1.2413	0.41806	-1.12718	1.72804	0.00222	-0.11417	-0.0399	0.12096	0.07	-0.0	-0.0	0.0	0.0	7.84432	1.74088	
14.0	77	12.51842	2.99003	-1.71248	4408.04742	1172.15337	-589.07748	4599.11273	12.39474	-180.45426	-266.32059	321.93792	0.07	-0.33118	-0.08806	0.04426	0.34553	10.0833	0.67899	
14.0	95	4.92349	-0.20809	12.03904	0.00083	-0.0	0.00204	0.0022	-0.0	0.00015	0.0	0.00015	0.07	-0.0	0.0	-0.0	0.0	3.46085	2.03859	
15.0	9	13.00592	-0.14273	0.16666	23467.44679	-0.04339	300.62373	23469.37224	-3.48168	-880.21564	271.66196	921.19048	0.03925	-3.47875	1e-05	-0.04456	3.47904	11.05463	0.03942	
15.0	20	9.35306	2.99683	-8.49242	1.2118	0.40812	-1.10039	1.68697	0.00203	-0.11141	-0.03909	0.11809	0.07	-0.0	-0.0	0.0	0.0	8.39894	1.85176	
15.0	77	12.51819	2.98994	-1.71432	4349.50665	1156.5384	-582.00663	4538.11866	11.34153	-175.71045	-264.40564	317.66828	0.07	-0.32655	-0.08683	0.0437	0.34071	10.7537	0.7204	
16.0	9	13.0061	-0.1429	0.15168	23546.00643	-0.04358	274.82807	23547.61026	-3.14562	-819.6661	269.37244	862.80005	0.03664	-3.49119	1e-05	-0.04075	3.49143	11.73553	0.03652	
16.0	20	9.35314	2.99546	-8.49284	1.51952	0.51176	-1.37981	2.11536	0.00242	-0.13967	-0.04913	0.14808	0.07	-0.0	-0.0	0.0	0.0	8.96375	1.96259	
16.0	77	12.51792	2.98984	-1.71649	4280.24924	1138.07179	-573.60038	4465.95548	10.28261	-170.60248	-261.76019	312.61691	0.07	-0.32111	-0.08538	0.04303	0.33504	11.42908	0.7616	
17.0	1	5.12744	-0.17873	-11.95369	1.05761	0.0	-2.4522	2.67055	0.00455	-0.18687	0.00196	0.18694	0.07	-0.0	-0.0	0.0	0.0	5.6239	2.75887	
17.0	9	13.00626	-0.14309	0.13595	23646.28569	-0.04382	247.78109	23647.58386	-2.78643	-747.09686	265.7827	792.97032	0.03353	-3.50689	1e-05	-0.03675	3.50708	12.41249	0.03315	
17.0	20	9.35319	2.99406	-8.4933	0.99252	0.33427	-0.90127	1.38171	0.0014	-0.09117	-0.03227	0.09672	0.07	-0.0	-0.0	0.0	0.0	9.49991	2.06941	
17.0	77	12.51765	2.98973	-1.71869	4189.08436	1113.77399	-562.24506	4370.93122	9.18051	-164.63517	-257.73182	305.96522	0.07	-0.31401	-0.08349	0.04215	0.32764	12.08402	0.80162	
18.0	9	13.00644	-0.14329	0.11976	23729.2598	-0.04401	219.23078	23730.27249	-2.43383	-682.3231	263.29731	731.36599	0.03082	-3.52013	1e-05	-0.03252	3.52028	13.08591	0.03028	
18.0	20	9.35314	2.99268	-8.49387	1.64218	0.55308	-1.49121	2.28612	0.00227	-0.15082	-0.05344	0.16003	0.07	-0.0	-0.0	0.0	0.0	10.0694	2.17905	
18.0	77	12.5175	2.98959	-1.72	4116.64161	1094.43724	-553.07727	4295.39585	8.24009	-159.67815	-254.64111	300.67775	0.07	-0.3083	-0.08196	0.04142	0.32168	12.76001	0.84209	
19.0	9	13.00659	-0.14349	0.10122	23857.73271	-0.04429	186.47646	23858.46147	-2.02305	-596.66689	258.68692	650.33407	0.02726	-3.54017	1e-05	-0.02767	3.54028	13.75537	0.02659	
19.0	20	9.35314	2.99117	-8.49443	0.95489	0.3216	-0.86711	1.32933	0.00113	-0.08764	-0.03126	0.09305	0.07	-0.0	-0.0	0.0	0.0	10.59601	2.28253	
19.0	77	12.51719	2.98946	-1.72249	4003.62981	1064.31993	-538.83252	4177.57933	7.1419	-152.98638	-249.11806	292.43058	0.07	-0.29954	-0.07963	0.04031	0.31256	13.40516	0.88082	
20.0	9	13.00672	-0.14371	0.08238	23994.24538	-0.04456	152.8323	23994.73211	-1.61607	-506.39415	253.57055	566.3353	0.0236	-3.5614	1e-05	-0.02268	3.56147	14.42082	0.02288	
20.0	20	9.35306	2.98964	-8.49508	0.51492	0.17342	-0.46758	0.71683	0.00052	-0.04723	-0.01694	0.05018	0.07	-0.0	-0.0	0.0	0.0	11.1196	2.38484	
20.0	77	12.51696	2.98931	-1.7245	3882.63235	1032.06744	-523.31321	4051.40147	6.08555	-146.10327	-242.99116	283.59813	0.07	-0.29018	-0.07713	0.03911	0.30279	14.0502	0.91913	
21.0	9	13.00683	-0.14393	0.06551	24103.78101	-0.04476	122.12052	24104.09037	-1.26668	-432.9838	249.85481	499.904	0.02074	-3.57855	1e-05	-0.01813	3.5786	15.08407	0.02002	
21.0	77	12.5171	2.98913	-1.72377	3788.786	1007.00771	-510.55668	3953.43295	5.2619	-140.61454	-238.2962	276.74034	0.07	-0.28283	-0.07517	0.03811	0.29512	14.66963	0.95668	
22.0	9	13.0069	-0.14415	0.05096	24182.32243	-0.04489	95.18139	24182.50975	-0.97522	-373.924	247.5938	448.46716	0.01855	-3.5911	1e-05	-0.01413	3.59113	15.74138	0.01785	
22.0	77	12.51762	2.98893	-1.72035	3723.23022	989.44774	-500.80103	3884.87475	4.6596	-136.54316	-235.1304	271.94126	0.07	-0.27758	-0.07377	0.03734	0.28963	15.29792	0.99437	
23.0	9	13.00691	-0.14438	0.03593	24272.34876	-0.04503	67.42871	24272.44242	-0.67998	-312.16119	244.56305	396.55536	0.01634	-3.6053	1e-05	-0.01002	3.60532	16.39379	0.01569	
23.0	77	12.51808	2.98874	-1.71737	3647.96181	969.31372	-489.90886	3806.20614	4.04351	-132.13381	-231.3258	266.43446	0.07	-0.27162	-0.07217	0.03648	0.2834	15.93508	1.03198	
24.0	9	13.0069	-0.14461	0.02092	24367.30709	-0.04519	39.67964	24367.3394	-0.39319	-243.5947	241.18367	342.79454	0.01407	-3.62026	1e-05	-0.0059	3.62027	17.04139	0.01348	
24.0	20	9.35128	2.98323	-8.49942	0.01657	0.00558	-0.01505	0.02307	1e-05	-0.00152	-0.00055	0.00161	0.07	-0.0	-0.0	0.0	0.0	13.08054	2.78269	
24.0	77	12.51856	2.98855	-1.71415	3570.62332	948.63197	-478.70314	3725.37384	3.4452	-127.6928	-227.34746	260.77612	0.07	-0.26551	-0.07054	0.0356	0.27702	16.56393	1.06887	
25.0	9	13.00684	-0.14485	0.00416	24491.89585	-0.0454	8.44445	24491.8973	-0.08176	-161.02528	236.27031	285.92448	0.01167	-3.63944	1e-05	-0.00125	3.63944	17.685	0.01116	
25.0	77	12.51891	2.98838	-1.7119	3465.5597	920.59847	-464.09415	3615.65886	2.76442	-122.14688	-221.65323	253.09614	0.07	-0.25735	-0.06836	0.03446	0.26849	17.1857	1.10497	
26.0	9	13.00684	-0.14508	-0.0091	24562.21239	-0.04552	-16.41747	24562.21788	0.15613	-99.63871	233.86874	254.20953	0.01035	-3.65066	1e-05	0.00244	3.65066	18.32147	0.00989	
26.0	77	12.51973	2.98816	-1.70632	3410.68915	905.87086	-455.30929	3558.18901	2.35932	-118.88497	-218.85677	249.07326	0.07	-0.2529	-0.06717	0.03376	0.26384	17.78768	1.14042	
27.0	9	13.00684	-0.14533	-0.02131	24614.37089	-0.04559	-39.37522	24614.40238	0.37139	-42.9143	232.21238	236.14479	0.00959	-3.65935	1e-05	0.00585	3.65936	18.9531	0.00916	
27.0	77	12.52073	2.98792	-1.69942	3370.196	894.95487	-448.12073	3515.67597	2.00866	-116.18717	-216.93414	246.09737	0.07	-0.24954	-0.06626	0.03318	0.26031	18.40323	1.17595	
28.0	9	13.00684	-0.14558	-0.03349	24671.27911	-0.04569	-62.391	24671.358	0.58298	15.40005	230.51788	231.03246	0.00936	-3.66889	1e-05	0.00928	3.6689	19.57897	0.00894	
28.0	77	12.52182	2.98766	-1.69197	3329.504	883.98442	-440.80142	3472.94273	1.66689	-113.48233	-214.98726	243.10603	0.07	-0.24616	-0.06536	0.03259	0.25677	19.01267	1.21089	
29.0	9	13.00684	-0.14586	-0.04578	24731.39213	-0.04577	-85.70851	24731.54064	0.79303	75.4356	228.79053	240.90717	0.00974	-3.67908	1e-05	0.01275	3.6791	20.19962	0.0093	
29.0	77	12.52296	2.98737	-1.68405	3286.85647	872.4928	-433.14885	3428.16089	1.32679	-110.69729	-212.90977	239.97129	0.07	-0.24265	-0.06441	0.03198	0.25308	19.61731	1.24518	
30.0	9	13.00684	-0.14614	-0.05784	24794.58127	-0.04587	-108.71919	24794.81962	0.99523	137.95951	226.91545	265.56438	0.01071	-3.68978	1e-05	0.01618	3.68981	20.81574	0.01024	
30.0	77	12.5242	2.98706	-1.67537	3244.71438	861.13099	-425.41683	3383.88792	0.99566	-107.91958	-210.85731	236.87219	0.07	-0.23918	-0.06348	0.03136	0.24944	20.21811	1.27895	
31.0	1	4.98219	-0.10554	-12.01494	1.14611	-0.0	-2.75348	2.98248	0.00255	-0.20876	0.00106	0.20877	0.07	-0.0	0.0	0.0	0.0	9.78119	4.69374	
31.0	9	13.0068	-0.14644	-0.0685	24853.18897	-0.04594	-129.17266	24853.52465	1.17114	196.80801	225.26134	299.12779	0.01204	-3.7	1e-05	0.01923	3.70005	21.42582	0.01151	
31.0	77	12.5257	2.98671	-1.66491	3204.22164	850.19448	-417.49235	3341.28221	0.68937	-105.18141	-208.90386	233.88978	0.07	-0.23584	-0.06258	0.03073	0.24593	20.80697	1.31193	
32.0	9	13.00673	-0.14673	-0.07987	24874.82887	-0.04592	-151.9486	24875.29296	1.38563	234.89917	226.76508	326.49952	0.01313	-3.70475	1e-05	0.02263	3.70482	22.03178	0.01257	
32.0	77	12.52753	2.98632	-1.65164	3199.81937	848.8112	-413.57419	3336.22062	0.4001	-103.50853	-209.34324	233.53537	0.07	-0.23513	-0.06237	0.03039	0.24516	21.38788	1.34404	
32.0	97	10.11443	2.83325	7.63753	0.00147	0.00046	0.00111	0.0019	-0.0	0.00012	-5e-05	0.00013	0.07	-0.0	-0.0	-0.0	0.0	16.11562	3.11055	
33.0	9	13.00665	-0.14703	-0.09108	24921.41815	-0.04596	-173.69006	24922.02341	1.57634	285.88049	226.1013	364.4886	0.01463	-3.7131	1e-05	0.02588	3.71319	22.63096	0.01402	
33.0	77	12.52942	2.98583	-1.6381	3173.43827	841.56977	-406.76633	3308.23351	0.09354	-101.06214	-208.36039	231.57637	0.07	-0.2328	-0.06174	0.02984	0.24269	21.96401	1.37541	
34.0	9	13.00658	-0.14734	-0.10189	24966.75153	-0.04601	-194.58575	24967.50979	1.75602	337.25237	225.23073	405.5504	0.01624	-3.72119	1e-05	0.029	3.72131	23.22263	0.0156	
34.0	77	12.53095	2.98553	-1.62693	3147.64389	834.54701	-400.71936	3280.96126	-0.19663	-98.80864	-207.32557	229.66732	0.07	-0.23054	-0.06112	0.02935	0.2403	22.53783	1.40687	
35.0	9	13.00651	-0.14765	-0.11261	25015.91316	-0.04605	-215.36677	25016.8402	1.9318	389.28645	224.30507	449.28882	0.01796	-3.72984	1e-05	0.03211	3.72998	23.8069	0.01728	
35.0	77	12.53252	2.98521	-1.61551	3121.91431	827.53936	-394.6614	3253.75598	-0.47683	-96.57519	-206.27401	227.76295	0.07	-0.22828	-0.06051	0.02886	0.23792	23.10244	1.43765	
36.0	9	13.00639	-0.14796	-0.12378	25075.97829	-0.04611	-237.1402	25077.09957	2.10742	446.13286	222.75892	498.65871	0.01989	-3.74009	1e-05	0.03537	3.74026	24.38377	0.01917	
36.0	77	12.53409	2.98487	-1.60407	3086.69129	818.00851	-387.46409	3216.66434	-0.76152	-94.03401	-204.58982	225.16654	0.07	-0.22532	-0.05971	0.02828	0.23481	23.65975	1.46769	
37.0	9	13.00628	-0.14827	-0.13415	25124.2537	-0.04617	-257.33256	25125.57152	2.2733	497.54934	221.86076	544.77768	0.02168	-3.74865	1e-05	0.0384	3.74885	24.95323	0.02096	
37.0	77	12.53582	2.98452	-1.5913	3064.15234	811.83683	-381.57272	3192.75842	-0.98646	-92.00591	-203.67404	223.49312	0.07	-0.2233	-0.05916	0.02781	0.23267	24.21636	1.49732	
38.0	9	13.00617	-0.14859	-0.14489	25177.93892	-0.04623	-278.3359	25179.47734	2.43763	553.32403	220.4135	595.61358	0.02365	-3.75815	1e-05	0.04155	3.75838	25.51545	0.02293	
38.0	77	12.53755	2.98417	-1.57839	3032.96035	803.37919	-374.62306	3159.8432	-1.21372	-89.69718	-202.18195	221.18906	0.07	-0.22067	-0.05845	0.02726	0.2299	24.76172	1.52611	
38.0	95	5.02423	-0.1378	11.99741	0.00301	-0.0	0.00723	0.00784	0.0	0.00055	-0.0	0.00055	0.07	-0.0	0.0	-0.0	0.0	7.98082	5.14934	
38.0	97	10.1836	2.84805	7.53882	0.00232	0.00072	0.00172	0.00297	-0.0	0.00019	-8e-05	0.00021	0.07	-0.0	-0.0	-0.0	0.0	18.7946	3.60113	
39.0	9	13.00612	-0.14891	-0.14961	25336.74726	-0.0465	-289.08961	25338.39645	1.83626	655.26501	160.83057	674.7163	0.02663	-3.78349	1e-05	0.04317	3.78374	26.07556	0.02594	
39.0	77	12.54003	2.98371	-1.55934	2904.57438	769.1426	-354.37691	3025.51081	-1.40753	-84.21481	-194.31701	211.78578	0.07	-0.21097	-0.05587	0.02574	0.21975	25.21279	1.55324	
40.0	1	4.85306	-0.10758	-12.06761	0.12151	-1e-05	-0.30321	0.32665	0.00021	-0.02286	9e-05	0.02287	0.07	-0.0	0.0	0.0	0.0	11.81763	5.79983	
40.0	9	13.00609	-0.14923	-0.15255	25354.72234	-0.04652	-294.85742	25356.43677	1.57759	697.66666	135.54668	710.71384	0.02803	-3.7879	1e-05	0.04405	3.78815	26.62001	0.02738	
40.0	77	12.54311	2.98306	-1.53567	2907.88853	769.72245	-349.2881	3028.24876	-1.53088	-82.76997	-195.14412	211.97745	0.07	-0.21082	-0.0558	0.02532	0.21954	25.82242	1.58341	
41.0	1	4.79276	-0.11387	-12.09177	3.79758	4e-05	-9.63891	10.36003	0.00597	-0.72517	0.00235	0.7252	0.07	-0.0	-0.0	0.0	0.0	11.90294	5.92368	
41.0	9	13.00602	-0.14956	-0.15919	25414.61357	-0.04663	-308.44552	25416.48523	1.62473	758.44512	133.75591	770.15082	0.0303	-3.79866	1e-05	0.0461	3.79894	27.15652	0.02973	
41.0	77	12.54523	2.98275	-1.51909	2869.00051	759.24998	-340.8755	2987.27645	-1.69511	-80.27952	-193.07783	209.10936	0.07	-0.20768	-0.05496	0.02467	0.21624	26.32581	1.60985	
42.0	9	13.00587	-0.14988	-0.1705	25408.33835	-0.04661	-330.4611	25410.48725	1.77368	774.13973	136.26484	786.04299	0.03093	-3.79952	1e-05	0.04942	3.79984	27.68973	0.0304	
42.0	77	12.54686	2.98247	-1.50607	2900.73434	767.49603	-341.70141	3019.94532	-1.91603	-79.89124	-195.70915	211.3962	0.07	-0.20967	-0.05548	0.0247	0.21829	26.84908	1.63702	
43.0	9	13.00577	-0.1502	-0.17754	25404.12144	-0.0466	-344.06192	25406.45124	1.87606	796.34924	138.41303	808.29066	0.03181	-3.80068	1e-05	0.05147	3.80103	28.21016	0.03132	
43.0	77	12.54888	2.98215	-1.48948	2927.18628	774.32041	-341.00386	3047.01087	-2.09406	-79.28034	-197.99799	213.29079	0.07	-0.21128	-0.05589	0.02461	0.21993	27.34707	1.66296	
44.0	9	13.00567	-0.15051	-0.18442	25397.15674	-0.04657	-357.28038	25399.66968	1.98173	817.81538	140.76388	829.84359	0.03267	-3.80132	1e-05	0.05348	3.8017	28.7219	0.03223	
44.0	77	12.551	2.98182	-1.47223	2956.84861	781.98353	-340.44887	3077.39457	-2.27492	-78.69577	-200.51585	215.41774	0.07	-0.2131	-0.05636	0.02454	0.22179	27.83859	1.68824	
45.0	9	13.00557	-0.15082	-0.19146	25378.75406	-0.04652	-370.65743	25381.46065	2.09062	840.30991	143.03835	852.39961	0.03358	-3.80026	1e-05	0.0555	3.80067	29.22563	0.0332	
45.0	77	12.55322	2.98145	-1.45418	2984.71254	789.1539	-339.41855	3105.87794	-2.46642	-77.95672	-202.93945	217.41149	0.07	-0.21478	-0.05679	0.02442	0.2235	28.32602	1.71285	
46.0	9	13.00543	-0.15111	-0.19977	25353.33939	-0.04646	-386.38571	25356.28349	2.21714	863.09207	145.37748	875.25279	0.03452	-3.79802	1e-05	0.05788	3.79846	29.72228	0.03421	
46.0	77	12.55657	2.98046	-1.42711	3009.69468	795.35993	-335.74715	3131.06781	-2.68759	-76.52126	-205.36521	219.1748	0.07	-0.21611	-0.05711	0.02411	0.22482	28.82203	1.73512	
47.0	9	13.00526	-0.1514	-0.20947	25405.45736	-0.04656	-406.03187	25408.70177	2.30095	915.15942	143.8655	926.40129	0.03646	-3.80735	1e-05	0.06085	3.80784	30.20789	0.03632	
47.0	77	12.55846	2.98014	-1.41099	2976.99804	786.54215	-328.34673	3096.60741	-2.89372	-74.0794	-203.69066	216.76258	0.07	-0.21345	-0.05639	0.02354	0.22202	29.28046	1.75782	
47.0	97	10.25634	2.87421	7.42848	0.00331	0.00102	0.00239	0.00421	-1e-05	0.00027	-0.00011	0.00029	0.07	-0.0	-0.0	-0.0	0.0	22.58508	4.26893	
48.0	9	13.00511	-0.15168	-0.21853	25438.49106	-0.04662	-424.15441	25442.02693	2.38524	961.00591	142.94812	971.58232	0.03819	-3.81376	1e-05	0.06359	3.81429	30.68612	0.03823	
48.0	77	12.56034	2.97988	-1.39476	2954.09937	780.33484	-322.06688	3072.35295	-3.08952	-71.94397	-202.65083	215.06474	0.07	-0.21152	-0.05587	0.02306	0.21999	29.74054	1.78047	
49.0	9	13.00496	-0.15194	-0.22735	25469.22567	-0.04668	-441.85277	25473.05812	2.46708	1006.33923	142.10088	1016.32544	0.0399	-3.81977	1e-05	0.06627	3.82034	31.15477	0.04016	
49.0	77	12.56213	2.97968	-1.37901	2932.18446	774.41108	-316.07249	3049.15071	-3.28203	-69.87635	-201.65169	213.44058	0.07	-0.20969	-0.05538	0.0226	0.21805	30.18826	1.80259	
50.0	9	13.00481	-0.15219	-0.23587	25496.7455	-0.04674	-458.94995	25500.87579	2.5478	1050.23228	141.4349	1059.71608	0.04156	-3.82527	1e-05	0.06886	3.82589	31.61394	0.04206	
50.0	20	9.67801	3.02864	-8.10786	0.00443	0.00144	-0.0037	0.00595	-0.0	-0.00039	-0.00015	0.00042	0.07	-0.0	-0.0	0.0	0.0	24.86552	4.75593	
50.0	77	12.56391	2.97951	-1.36315	2913.13749	769.25674	-310.41859	3028.94134	-3.47139	-67.89551	-200.83113	212.02592	0.07	-0.20808	-0.05495	0.02217	0.21635	30.63088	1.82429	
51.0	9	13.00468	-0.15243	-0.24373	25510.55793	-0.04678	-474.56744	25514.97169	2.63504	1087.05602	141.54048	1096.23512	0.04296	-3.82867	1e-05	0.07122	3.82933	32.06345	0.0437	
51.0	77	12.56571	2.97934	-1.34663	2906.02153	767.25248	-305.91427	3021.1291	-3.66141	-66.20069	-200.81698	211.47907	0.07	-0.20733	-0.05474	0.02183	0.21554	31.06169	1.84539	
52.0	9	13.00457	-0.15266	-0.25003	25486.19798	-0.04676	-486.50472	25490.84099	2.7496	1102.86622	143.93523	1112.22247	0.04363	-3.82623	1e-05	0.07304	3.82693	32.50397	0.04449	
52.0	77	12.56768	2.97915	-1.32832	2933.69021	774.4171	-304.62833	3049.43577	-3.84928	-65.34086	-203.17764	213.46053	0.07	-0.20905	-0.05518	0.02171	0.21729	31.47688	1.86588	
53.0	1	4.62393	-0.16898	-12.15735	0.01733	0.0	-0.04544	0.04864	2e-05	-0.0034	1e-05	0.0034	0.07	-0.0	-0.0	0.0	0.0	13.61929	7.08733	
53.0	9	13.00446	-0.15286	-0.25601	25449.29454	-0.04671	-497.71361	25454.16098	2.88179	1111.30146	147.24834	1121.01798	0.04404	-3.82178	1e-05	0.07474	3.82251	32.93469	0.04498	
53.0	77	12.56992	2.97889	-1.30771	2972.78962	784.56417	-303.87941	3089.55688	-4.04269	-64.6073	-206.35367	216.26901	0.07	-0.21155	-0.05583	0.02162	0.21986	31.88966	1.88564	
54.0	1	4.62557	-0.17417	-12.15673	0.18078	0.0	-0.47372	0.50704	0.00023	-0.03549	9e-05	0.03549	0.07	-0.0	-0.0	0.0	0.0	13.75661	7.16677	
54.0	9	13.00436	-0.15305	-0.26183	25411.16742	-0.04665	-508.60715	25416.25682	3.01676	1119.60161	150.62153	1129.69186	0.04445	-3.81702	1e-05	0.0764	3.81778	33.35489	0.04546	
54.0	77	12.57218	2.97863	-1.2865	3011.70206	794.65454	-302.84365	3129.46312	-4.23977	-63.78293	-209.52832	219.06245	0.07	-0.21404	-0.05647	0.02152	0.2224	32.29665	1.90481	
55.0	1	4.62798	-0.17888	-12.15581	0.49321	1e-05	-1.29108	1.38208	0.00067	-0.09674	0.00026	0.09675	0.07	-0.0	-0.0	0.0	0.0	13.8696	7.23909	
55.0	9	13.00418	-0.15324	-0.26899	25415.48492	-0.04667	-522.85981	25420.86261	3.11499	1146.41455	151.31301	1156.36139	0.04549	-3.81848	1e-05	0.07856	3.81929	33.76546	0.04672	
55.0	77	12.57427	2.9784	-1.26663	3009.78531	793.98306	-297.96945	3126.97977	-4.42762	-61.98186	-209.88301	218.88863	0.07	-0.21362	-0.05635	0.02115	0.22194	32.7004	1.92348	
56.0	1	4.63014	-0.183	-12.15498	0.7245	1e-05	-1.89579	2.02951	0.0009	-0.14206	0.00034	0.14207	0.07	-0.0	-0.0	0.0	0.0	13.95451	7.30568	
56.0	9	13.004	-0.1534	-0.2769	25438.98796	-0.04671	-539.03297	25444.69817	3.19137	1176.36553	150.51062	1185.95931	0.04661	-3.8227	1e-05	0.081	3.82356	34.16488	0.0481	
56.0	77	12.57622	2.97821	-1.24763	2984.79163	787.24478	-291.06579	3100.55716	-4.58362	-59.74763	-208.60286	217.03903	0.07	-0.2116	-0.05581	0.02063	0.2198	33.07591	1.94111	
57.0	1	4.63163	-0.18665	-12.15441	0.83364	2e-05	-2.181	2.33489	0.00098	-0.16344	0.00037	0.16344	0.07	-0.0	-0.0	0.0	0.0	14.03286	7.37031	
57.0	9	13.00383	-0.15355	-0.28434	25449.27242	-0.04669	-554.01172	25455.30192	3.27803	1203.4554	150.47905	1212.83123	0.04765	-3.82484	1e-05	0.08326	3.82574	34.55259	0.04939	
57.0	77	12.57819	2.97807	-1.2283	2972.0887	783.76418	-285.34237	3086.91072	-4.74797	-57.77995	-208.16132	216.08378	0.07	-0.21047	-0.0555	0.02021	0.2186	33.44526	1.95828	
58.0	1	4.63262	-0.18949	-12.15403	0.85999	2e-05	-2.24974	2.4085	0.00097	-0.16859	0.00037	0.1686	0.07	-0.0	-0.0	0.0	0.0	14.12347	7.4354	
58.0	9	13.00366	-0.15368	-0.29163	25464.03975	-0.04668	-568.76778	25470.39099	3.36898	1228.34473	150.73009	1237.5628	0.04859	-3.82754	1e-05	0.08549	3.82849	34.92877	0.05059	
58.0	77	12.58016	2.97794	-1.20854	2964.6507	781.67804	-280.05526	3078.73436	-4.91722	-55.89944	-208.07751	215.51143	0.07	-0.20973	-0.0553	0.01981	0.2178	33.80646	1.97488	
59.0	1	4.63301	-0.19105	-12.15388	0.70046	2e-05	-1.83231	1.96163	0.00073	-0.13731	0.00028	0.13731	0.07	-0.0	-0.0	0.0	0.0	14.23157	7.50202	
59.0	9	13.0035	-0.1538	-0.29844	25469.87784	-0.04665	-582.33986	25476.53424	3.47825	1245.35032	152.02896	1254.60046	0.04925	-3.82871	1e-05	0.08754	3.82971	35.29333	0.05144	
59.0	77	12.5821	2.97782	-1.18816	2974.69959	784.20502	-276.27527	3088.71222	-5.10524	-54.3384	-209.20804	216.20992	0.07	-0.21023	-0.05542	0.01952	0.21829	34.15546	1.99087	
60.0	1	4.63272	-0.1901	-12.15399	0.47625	1e-05	-1.24575	1.33368	0.00045	-0.09336	0.00017	0.09336	0.07	-0.0	-0.0	0.0	0.0	14.35623	7.57092	
60.0	9	13.00336	-0.1539	-0.3045	25454.3516	-0.0466	-593.9784	25461.28091	3.6154	1250.87237	154.83604	1260.42412	0.0495	-3.82683	1e-05	0.0893	3.82787	35.6469	0.05177	
60.0	77	12.58412	2.97771	-1.16677	3007.73282	792.78552	-274.32041	3122.53379	-5.30189	-53.21865	-211.93331	218.57736	0.07	-0.21236	-0.05597	0.01937	0.22046	34.49258	2.00629	
61.0	1	4.632	-0.17967	-12.15427	0.39549	1e-05	-1.03439	1.10741	0.00032	-0.07752	0.00012	0.07752	0.07	-0.0	-0.0	0.0	0.0	14.48728	7.64013	
61.0	9	13.00325	-0.15401	-0.30943	25419.08016	-0.0465	-602.8962	25426.22898	3.78631	1242.1719	159.54108	1252.38122	0.04926	-3.82171	1e-05	0.09064	3.82279	35.98902	0.05145	
61.0	77	12.58621	2.9776	-1.1443	3070.21006	809.12074	-274.63432	3186.89351	-5.514	-52.63493	-216.71413	223.08262	0.07	-0.21655	-0.05707	0.01937	0.22478	34.8207	2.02127	
62.0	1	4.63324	-0.15172	-12.15379	0.70026	2e-05	-1.83112	1.96045	0.00042	-0.13723	0.00016	0.13723	0.07	-0.0	-0.0	0.0	0.0	14.63066	7.70945	
62.0	9	13.00315	-0.15412	-0.31366	25378.46055	-0.0464	-610.39235	25385.79994	3.97099	1230.10746	165.00935	1241.13183	0.04889	-3.81611	1e-05	0.09178	3.81722	36.31931	0.05098	
62.0	77	12.58838	2.97747	-1.1203	3142.94204	828.13942	-275.24793	3261.84932	-5.7418	-52.0738	-222.23783	228.32938	0.07	-0.22146	-0.05835	0.01939	0.22984	35.14075	2.03559	
63.0	1	4.63765	-0.14025	-12.1521	1.86572	5e-05	-4.87844	5.22303	0.00097	-0.36561	0.00037	0.36561	0.07	-0.0	-0.0	0.0	0.0	14.72336	7.76798	
63.0	9	13.00304	-0.15423	-0.31818	25369.87535	-0.04636	-619.28319	25377.43263	4.10299	1234.30856	167.99279	1245.695	0.04909	-3.81518	1e-05	0.09313	3.81632	36.64041	0.05123	
63.0	77	12.59055	2.97735	-1.09599	3175.78228	836.64107	-272.1012	3295.39078	-5.90772	-50.73601	-224.95113	230.67738	0.07	-0.22354	-0.05889	0.01915	0.23196	35.44966	2.04921	
63.0	97	10.31977	2.93274	7.31487	0.00272	0.00083	0.00193	0.00343	-0.0	0.00022	-9e-05	0.00024	0.07	-0.0	-0.0	-0.0	0.0	28.02481	5.23122	
64.0	9	13.0029	-0.15433	-0.32445	25315.4736	-0.04619	-630.99944	25323.33635	4.34501	1207.33718	174.23169	1219.85189	0.04817	-3.80748	1e-05	0.0949	3.80866	36.95526	0.05006	
64.0	77	12.59268	2.97727	-1.07161	3259.08165	858.45356	-273.04008	3381.28771	-6.15162	-50.18846	-231.22287	236.68701	0.07	-0.22921	-0.06037	0.0192	0.2378	35.79722	2.06375	
64.0	97	10.33314	2.93645	7.29436	0.0032	0.00098	0.00226	0.00404	-1e-05	0.00026	-0.00011	0.00028	0.07	-0.0	-0.0	-0.0	0.0	28.38195	5.27411	
65.0	9	13.00277	-0.15441	-0.32986	25283.97843	-0.04611	-640.84628	25292.09855	4.55	1191.38473	179.43014	1204.82922	0.04764	-3.80348	1e-05	0.0964	3.80471	37.25266	0.04938	
65.0	20	9.79444	2.9652	-7.99176	2.5917	0.8344	-2.11694	3.44885	-0.00204	-0.22307	-0.09042	0.24071	0.07	-0.0	-0.0	0.0	0.0	29.03753	5.4175	
65.0	77	12.59487	2.97709	-1.04607	3323.98822	875.39894	-271.83318	3448.05949	-6.37568	-49.14297	-236.21989	241.3618	0.07	-0.23362	-0.06152	0.01911	0.24234	36.06812	2.07568	
66.0	9	13.00267	-0.15448	-0.33443	25240.05421	-0.04603	-648.66756	25248.38819	4.75843	1168.38723	185.07043	1182.96341	0.04685	-3.7979	1e-05	0.09761	3.79915	37.54039	0.0484	
66.0	20	9.79363	2.96213	-7.99396	7.46039	2.40209	-6.09488	9.9285	-0.00561	-0.64362	-0.26053	0.69438	0.07	-0.0	-0.0	0.0	0.0	29.22676	5.45647	
66.0	77	12.59685	2.9771	-1.022	3401.18325	895.63672	-271.77591	3527.61602	-6.6079	-48.35795	-242.05904	246.93063	0.07	-0.23896	-0.06292	0.01909	0.24784	36.3436	2.08816	
67.0	9	13.00255	-0.15455	-0.33895	25198.82238	-0.04593	-656.39569	25207.37005	4.98077	1142.72355	191.1304	1158.60811	0.04596	-3.79178	1e-05	0.09877	3.79306	37.81645	0.0473	
67.0	20	9.79292	2.95888	-7.99612	5.28983	1.70333	-4.3223	7.04031	-0.0039	-0.4564	-0.18463	0.49235	0.07	-0.0	-0.0	0.0	0.0	29.41429	5.49345	
67.0	77	12.59878	2.97714	-0.99784	3484.52526	917.49978	-271.89072	3613.53659	-6.85953	-47.54201	-248.34236	252.9451	0.07	-0.24469	-0.06443	0.01909	0.25375	36.60966	2.09988	
68.0	9	13.00246	-0.1546	-0.34273	25119.02954	-0.04578	-661.72098	25127.74402	5.24251	1098.27949	198.93056	1116.16249	0.04442	-3.78015	1e-05	0.09958	3.78146	38.07741	0.04543	
68.0	20	9.79235	2.9554	-7.99819	5.90153	1.90036	-4.82246	7.85466	-0.00417	-0.50934	-0.20581	0.54936	0.07	-0.0	-0.0	0.0	0.0	29.59394	5.53012	
68.0	77	12.60071	2.97717	-0.9727	3594.72241	946.43194	-273.46539	3727.27058	-7.14378	-46.992	-256.5394	260.90563	0.07	-0.25232	-0.06643	0.0192	0.26163	36.86488	2.1112	
69.0	9	13.00234	-0.15465	-0.34724	25056.82679	-0.04566	-669.18696	25065.76111	5.50984	1064.8153	206.23588	1084.61755	0.04327	-3.77072	1e-05	0.1007	3.77206	38.32663	0.04406	
69.0	20	9.79212	2.95161	-7.99996	3.88886	1.25219	-3.17738	5.17561	-0.00267	-0.33568	-0.13555	0.36202	0.07	-0.0	-0.0	0.0	0.0	29.75129	5.56199	
69.0	77	12.60263	2.97724	-0.94718	3688.731	971.09981	-273.3061	3824.19501	-7.42364	-45.99048	-263.60605	267.69084	0.07	-0.2588	-0.06813	0.01917	0.2683	37.10431	2.12146	
70.0	9	13.00218	-0.15469	-0.35284	25046.50933	-0.04564	-679.80821	25055.73325	5.707	1050.13831	210.19526	1070.98324	0.04274	-3.76927	1e-05	0.1023	3.77066	38.56488	0.04344	
70.0	20	9.79193	2.94769	-8.00174	3.08565	0.99355	-2.52109	4.10662	-0.00205	-0.26645	-0.10751	0.28733	0.07	-0.0	-0.0	0.0	0.0	29.87559	5.58916	
70.0	77	12.60441	2.97736	-0.92287	3737.28609	983.82615	-269.8647	3874.02222	-7.64483	-44.3144	-267.42502	271.17956	0.07	-0.26213	-0.069	0.01893	0.27172	37.32632	2.13113	
71.0	9	13.00201	-0.15471	-0.3585	25041.03606	-0.04562	-690.67973	25050.55938	5.90758	1035.01597	214.11461	1056.9475	0.04219	-3.7684	1e-05	0.10394	3.76984	38.79153	0.0428	
71.0	20	9.79168	2.94366	-8.00364	1.09451	0.35244	-0.89439	1.45674	-0.00073	-0.09453	-0.03814	0.10194	0.07	-0.0	-0.0	0.0	0.0	29.99447	5.61408	
71.0	77	12.60615	2.97751	-0.89863	3784.75379	996.2901	-266.18706	3922.73001	-7.8731	-42.53961	-271.16091	274.59032	0.07	-0.26542	-0.06987	0.01867	0.2751	37.53626	2.14001	
72.0	9	13.00185	-0.15471	-0.36391	24999.10363	-0.0455	-699.99775	25008.902	6.10442	1015.50872	217.94187	1038.65003	0.04153	-3.76214	1e-05	0.10534	3.76361	39.01107	0.04203	
72.0	20	9.79131	2.93958	-8.00571	0.0857	0.0276	-0.07006	0.11408	-6e-05	-0.0074	-0.00299	0.00799	0.07	-0.0	-0.0	0.0	0.0	30.10907	5.63871	
72.0	77	12.60784	2.9777	-0.87442	3831.31108	1008.537	-262.28354	3970.50174	-8.10422	-40.68414	-274.82186	277.93513	0.07	-0.2687	-0.07073	0.01839	0.27846	37.74155	2.14877	
73.0	9	13.00172	-0.1547	-0.36865	24982.591	-0.04544	-708.706	24992.64126	6.37875	979.03159	224.79455	1004.52781	0.04019	-3.75978	1e-05	0.10666	3.76129	39.21038	0.04049	
73.0	77	12.60946	2.9779	-0.84971	3924.77482	1033.14172	-261.1825	4066.87294	-8.40029	-39.33526	-281.82648	284.68226	0.07	-0.27531	-0.07247	0.01832	0.28527	37.92183	2.15685	
73.0	97	10.32968	2.92453	7.30442	0.02994	0.00914	0.02116	0.03779	-5e-05	0.00245	-0.00099	0.00264	0.07	-0.0	-0.0	-0.0	0.0	30.37463	5.63664	
74.0	9	13.00155	-0.15469	-0.37424	24943.13362	-0.04534	-718.3882	24953.47664	6.65677	942.08814	231.06999	970.0349	0.03887	-3.75408	1e-05	0.10812	3.75563	39.40263	0.039	
74.0	77	12.61102	2.9781	-0.82545	4006.35677	1054.62745	-259.10579	4150.93597	-8.70592	-37.68127	-287.9855	290.57067	0.07	-0.28111	-0.074	0.01818	0.29125	38.0614	2.16389	
74.0	97	10.33032	2.93613	7.2985	0.74538	0.22751	0.52622	0.94035	-0.00107	0.06094	-0.02483	0.06581	0.07	-0.0	-0.0	-0.0	0.0	30.51273	5.66448	
75.0	9	13.00144	-0.15467	-0.37795	24868.69157	-0.0452	-723.34719	24879.20922	6.93065	896.52065	238.21995	927.65621	0.03729	-3.74275	1e-05	0.10886	3.74433	39.58532	0.03723	
75.0	20	9.78944	2.92666	-8.01308	0.10784	0.03477	-0.0884	0.14371	-7e-05	-0.00933	-0.00375	0.01006	0.07	-0.0	-0.0	0.0	0.0	30.46609	5.71487	
75.0	77	12.61263	2.97831	-0.79948	4110.23386	1081.97381	-257.57267	4258.05512	-9.02158	-36.12909	-295.72837	298.0637	0.07	-0.28844	-0.07593	0.01808	0.29881	38.30057	2.17267	
75.0	97	10.3309	2.94379	7.29436	1.17293	0.358	0.82803	1.47972	-0.00175	0.09594	-0.03901	0.10358	0.07	-0.0	-0.0	-0.0	0.0	30.71959	5.69462	
76.0	9	13.00132	-0.15464	-0.38185	24812.23236	-0.04519	-729.09374	24822.94205	7.16789	847.99519	243.88217	882.39772	0.03555	-3.73433	1e-05	0.10973	3.73594	39.75352	0.03532	
76.0	20	9.789	2.92198	-8.01545	2.18638	0.70512	-1.79414	2.91486	-0.00075	-0.18954	-0.07541	0.20399	0.07	-0.0	-0.0	0.0	0.0	30.63439	5.74832	
76.0	77	12.61423	2.97864	-0.77236	4207.27733	1107.56101	-254.80024	4358.07264	-9.30358	-34.3593	-302.97372	305.05769	0.07	-0.29535	-0.07775	0.01789	0.30594	38.54295	2.18328	
77.0	9	13.0012	-0.1546	-0.38582	24676.45747	-0.04498	-732.58863	24687.32953	7.49994	753.74949	252.58121	794.97913	0.0322	-3.71399	1e-05	0.11026	3.71563	39.9035	0.03173	
77.0	20	9.78899	2.91688	-8.01747	3.49695	1.12779	-2.86959	4.6621	0.002	-0.3045	-0.11724	0.3263	0.07	-0.0	-0.0	0.0	0.0	31.14691	5.80616	
77.0	77	12.61569	2.97895	-0.7467	4371.76645	1150.92066	-256.09755	4527.97374	-9.66112	-33.4013	-315.02995	316.94299	0.07	-0.30705	-0.08084	0.01799	0.31802	39.11952	2.20122	
78.0	9	13.00153	-0.15454	-0.37489	24197.24877	-0.04411	-698.01185	24207.31436	7.92013	527.12646	274.52546	594.38142	0.02455	-3.6415	1e-05	0.10505	3.64302	40.06899	0.02384	
78.0	77	12.61796	2.97928	-0.7063	4869.34731	1281.93978	-269.87714	5042.49408	-10.11338	-35.4732	-350.97485	352.90788	0.07	-0.34214	-0.09007	0.01896	0.35431	41.61101	2.26753	
79.0	9	13.00063	-0.15446	-0.40536	24729.09425	-0.04513	-771.13601	24741.11463	8.18186	735.46131	262.33608	780.89084	0.03156	-3.72159	1e-05	0.11605	3.7234	40.14702	0.03106	
79.0	77	12.61801	2.97952	-0.70424	4402.5584	1159.21149	-243.57444	4559.12495	-10.30138	-27.64794	-317.77655	319.14333	0.07	-0.30966	-0.08153	0.01713	0.32067	38.3772	2.18599	
80.0	9	13.00067	-0.15437	-0.40424	24609.92929	-0.04479	-765.30441	24621.8259	8.41367	654.31393	270.52049	708.0811	0.02876	-3.7035	1e-05	0.11517	3.70529	40.29179	0.02813	
80.0	77	12.61967	2.97981	-0.67192	4551.04411	1198.379	-240.36361	4712.31253	-10.5679	-25.79207	-328.68387	329.8636	0.07	-0.32038	-0.08436	0.01692	0.33173	38.90489	2.19722	
80.0	95	5.18708	-0.18575	11.92789	0.7929	1e-05	1.8251	1.9899	0.0007	0.13929	-0.0003	0.13929	0.07	-0.0	-0.0	-0.0	0.0	15.30531	8.5873	
81.0	9	13.0006	-0.15427	-0.4065	24534.33373	-0.04471	-767.27405	24546.32846	8.42241	593.31952	269.28019	651.62168	0.02655	-3.69152	1e-05	0.11545	3.69332	40.39922	0.02586	
81.0	77	12.62114	2.98008	-0.6429	4662.74166	1227.87504	-235.79643	4827.46692	-10.86971	-23.42685	-336.93435	337.92266	0.07	-0.32851	-0.08651	0.01661	0.34012	38.85552	2.19985	
81.0	95	5.18732	-0.17861	11.92779	2.17549	2e-05	5.00754	5.45969	0.0037	0.38216	-0.00161	0.38218	0.07	-0.0	-0.0	-0.0	0.0	15.42235	8.62014	
82.0	9	13.00027	-0.15414	-0.41765	24657.69115	-0.04496	-792.31924	24670.41756	8.70103	540.25426	270.75331	604.36556	0.0245	-3.70925	1e-05	0.11919	3.71116	40.45912	0.02378	
82.0	77	12.62215	2.98036	-0.62178	4589.97599	1208.84106	-224.70635	4751.80695	-10.97752	-20.00273	-331.84058	332.62409	0.07	-0.32367	-0.08524	0.01585	0.33508	37.46953	2.16467	
82.0	95	5.18634	-0.17256	11.92821	0.15868	0.0	0.36526	0.39824	0.00265	0.02773	-0.00115	0.02788	0.07	-0.0	-0.0	-0.0	0.0	15.63939	8.71482	
83.0	9	13.00002	-0.15401	-0.42514	24357.64014	-0.04441	-796.77256	24370.66843	9.75964	435.39939	298.33156	527.89166	0.02166	-3.66404	1e-05	0.11986	3.666	40.55949	0.02094	
83.0	20	9.77226	2.98515	-8.01102	3.86379	1.2461	-3.17062	5.15116	-0.00309	-0.33447	-0.13521	0.36078	0.07	-0.0	-0.0	0.0	0.0	30.90012	5.83138	
83.0	77	12.62324	2.98065	-0.5969	4916.07878	1294.86962	-231.27387	5089.0083	-11.84917	-18.52099	-355.56857	356.24772	0.07	-0.34711	-0.09143	0.01633	0.35932	39.32479	2.21354	
84.0	9	13.00013	-0.15385	-0.42196	24364.39443	-0.04442	-791.07231	24377.23346	9.7362	396.49947	299.84506	497.20587	0.0204	-3.66451	1e-05	0.11898	3.66645	40.63528	0.01968	
84.0	20	9.77126	2.99214	-8.00949	5.21437	1.68131	-4.27649	6.95017	-0.00523	-0.45063	-0.18354	0.48661	0.07	-0.0	-0.0	0.0	0.0	30.81263	5.83412	
84.0	77	12.62478	2.98098	-0.56268	4958.95231	1306.29702	-220.13599	5132.84324	-11.84677	-15.48772	-358.77426	359.30375	0.07	-0.35057	-0.09235	0.01556	0.36287	39.2947	2.21408	
85.0	9	13.00001	-0.15369	-0.42527	24311.66457	-0.04433	-795.49503	24324.67568	10.03454	333.50282	306.65384	453.16818	0.01863	-3.65602	1e-05	0.11963	3.65798	40.68378	0.01794	
85.0	20	9.77426	2.99032	-8.00655	10.97453	3.53588	-8.98256	14.61606	-0.01021	-0.94766	-0.38551	1.02312	0.07	-0.0	-0.0	0.0	0.0	30.8553	5.83719	
85.0	77	12.62592	2.98129	-0.53446	5052.93509	1331.22445	-213.32627	5229.7055	-12.13807	-12.52442	-365.66371	366.07943	0.07	-0.35771	-0.09424	0.0151	0.37022	39.36531	2.21643	
86.0	9	12.9999	-0.15351	-0.42838	24237.70814	-0.04421	-798.79238	24250.86731	10.35732	262.41768	314.25701	409.54583	0.01689	-3.64425	1e-05	0.1201	3.64623	40.72484	0.01623	
86.0	20	9.77664	2.98806	-8.00454	17.7229	5.70886	-14.49716	23.59788	-0.01653	-1.52991	-0.62267	1.65185	0.07	-1e-05	-0.0	0.0	1e-05	30.85955	5.83873	
86.0	77	12.627	2.9816	-0.50572	5157.5327	1358.96072	-206.32837	5337.5546	-12.45531	-9.40738	-373.30267	373.62885	0.07	-0.36563	-0.09634	0.01463	0.37839	39.39978	2.21776	
87.0	9	12.99916	-0.15332	-0.44946	24291.97716	-0.04445	-839.8785	24306.49194	10.057	82.71936	290.87623	302.57663	0.01245	-3.65089	1e-05	0.12623	3.65307	40.7255	0.01191	
87.0	77	12.62691	2.98263	-0.50149	5164.02042	1361.22469	-205.37749	5344.36334	-12.87745	-7.54546	-373.80172	374.09957	0.07	-0.36674	-0.09667	0.01459	0.37954	37.21584	2.16279	
88.0	1	4.46694	-0.10436	-12.21589	2.32828	0.0	-6.32268	6.73774	0.02026	-0.47115	0.00746	0.47164	0.07	-0.0	-0.0	0.0	0.0	14.35774	8.42786	
88.0	9	12.99931	-0.15312	-0.44523	24070.36522	-0.04403	-824.38148	24084.47812	11.52122	112.7847	336.39166	354.98236	0.01474	-3.61751	1e-05	0.1239	3.61963	40.79201	0.01413	
88.0	77	12.62818	2.98303	-0.46582	5404.06821	1424.71259	-200.02557	5592.29554	-13.49469	-3.73981	-391.2219	391.47244	0.07	-0.38449	-0.10137	0.01423	0.39788	40.1885	2.23975	
89.0	9	12.99895	-0.15289	-0.45547	23990.77061	-0.04392	-840.70101	24005.4963	11.78052	198.86415	336.16583	390.75977	0.01628	-3.60586	1e-05	0.12636	3.60807	40.70944	0.01563	
89.0	77	12.62885	2.98349	-0.44387	5501.87027	1450.79676	-194.49302	5693.26051	-14.30753	0.86298	-398.29783	398.55565	0.07	-0.39226	-0.10343	0.01387	0.4059	37.41758	2.15849	
89.0	97	10.22686	2.99523	7.41776	4.26474	1.31188	3.08163	5.42268	0.01158	0.34304	-0.16206	0.37957	0.07	-0.0	-0.0	-0.0	0.0	30.09918	5.86453	
90.0	9	12.99873	-0.15265	-0.46184	23957.16312	-0.04391	-851.38403	23972.28649	12.2858	-16.44454	345.71207	346.32095	0.01445	-3.60068	1e-05	0.12796	3.60295	40.75735	0.01385	
90.0	77	12.62968	2.9839	-0.41727	5559.36956	1466.2442	-185.21486	5752.45744	-14.32227	3.47157	-402.4116	402.68136	0.07	-0.39715	-0.10475	0.01323	0.41094	39.21231	2.21239	
90.0	97	10.22899	2.99785	7.4137	9.31851	2.8667	6.73497	11.84957	-0.0077	0.76674	-0.3157	0.82923	0.07	-0.0	-0.0	-0.0	0.0	31.85499	6.01201	
91.0	9	12.99886	-0.15239	-0.45813	23900.65562	-0.04383	-842.55354	23915.502	12.27674	-92.506	348.25823	360.54386	0.01508	-3.58888	1e-05	0.12652	3.59111	40.7285	0.01446	
91.0	20	9.65241	2.99453	-8.15145	21.61401	7.05695	-18.27367	29.17007	-0.02133	-1.8961	-0.75747	2.04191	0.07	-0.0	-0.0	0.0	0.0	30.20461	5.91027	
91.0	77	12.63068	2.98424	-0.38188	5617.42407	1481.79493	-171.81773	5812.11586	-14.29891	7.06782	-406.53536	406.84814	0.07	-0.40177	-0.10598	0.01229	0.4157	39.41065	2.21755	
91.0	97	10.23262	2.99727	7.40892	12.09855	3.72199	8.7449	15.3851	-0.01501	0.99816	-0.40408	1.07696	0.07	-0.0	-0.0	-0.0	0.0	32.08201	6.02139	
92.0	9	12.9989	-0.15212	-0.45687	23820.03533	-0.0437	-837.34866	23834.7485	12.52755	-174.25445	356.38009	396.89837	0.01665	-3.57555	1e-05	0.12569	3.57776	40.6897	0.016	
92.0	20	9.65322	2.99037	-8.15209	32.11477	10.48552	-27.15204	43.3421	-0.0326	-2.81692	-1.12639	3.03395	0.07	-0.0	-0.0	0.0	0.0	30.10838	5.90203	
92.0	77	12.63156	2.98485	-0.34586	5733.69959	1512.82068	-159.39207	5932.06062	-14.49003	11.21037	-414.83987	415.2442	0.07	-0.41092	-0.10842	0.01142	0.42514	39.34089	2.21498	
93.0	9	12.99903	-0.15184	-0.45335	23711.27163	-0.04352	-827.08563	23725.69225	12.7455	-274.5722	365.40844	457.24793	0.01927	-3.55797	1e-05	0.12411	3.56013	40.63728	0.01857	
93.0	20	9.65394	2.98724	-8.15244	60.47356	19.74443	-51.12667	81.61392	-0.0567	-5.30625	-2.11626	5.71297	0.07	-1e-05	-0.0	1e-05	1e-05	30.06734	5.89951	
93.0	77	12.63241	2.9854	-0.30727	5850.8749	1544.07379	-145.158	6052.93084	-14.58624	15.48869	-423.17068	423.70519	0.07	-0.42016	-0.11088	0.01042	0.43467	39.3106	2.21311	
94.0	9	12.99791	-0.15156	-0.4855	23819.16308	-0.04386	-890.36497	23835.79828	13.39065	-186.01376	358.2375	403.8744	0.01694	-3.57316	1e-05	0.13357	3.57566	40.53586	0.01628	
94.0	77	12.63218	2.98629	-0.30761	5846.07853	1543.43847	-145.82639	6048.14862	-15.92131	20.37836	-422.58788	423.37842	0.07	-0.4208	-0.1111	0.0105	0.43535	41.57732	2.27134	
95.0	9	12.9978	-0.15124	-0.48923	23358.78176	-0.04306	-879.79286	23375.34429	13.93385	-573.49723	369.97632	682.62413	0.0292	-3.50219	1e-05	0.13191	3.50467	40.57511	0.02859	
95.0	77	12.6327	2.98711	-0.27549	6329.32484	1671.59296	-142.25793	6547.88617	-16.53906	23.69485	-457.4292	458.34099	0.07	-0.45663	-0.1206	0.01026	0.4724	38.12741	2.18221	
96.0	9	12.99755	-0.1509	-0.4961	23290.75875	-0.04299	-889.50035	23307.73807	15.47884	-626.86711	405.32956	746.65522	0.03203	-3.49073	1e-05	0.13332	3.49328	40.38459	0.03156	
96.0	77	12.63317	2.98755	-0.2497	6408.30072	1692.87987	-131.51837	6629.4387	-16.92557	28.10836	-462.90156	464.06293	0.07	-0.46342	-0.12242	0.00951	0.47942	38.5161	2.1864	
97.0	9	12.99758	-0.15055	-0.4952	23298.20752	-0.04304	-888.18827	23315.1314	15.45268	-682.02782	405.37464	793.55487	0.03404	-3.49037	1e-05	0.13306	3.4929	40.29569	0.03369	
97.0	20	9.53965	2.97656	-8.28994	19.12479	6.31447	-16.60121	26.10039	-0.01468	-1.70194	-0.66427	1.82704	0.07	-0.0	-0.0	0.0	0.0	29.24981	5.90561	
97.0	77	12.63364	2.98789	-0.21858	6422.76406	1697.0822	-116.60524	6644.21425	-16.91067	32.14122	-463.67481	465.095	0.07	-0.46555	-0.12301	0.00845	0.4816	39.01685	2.19805	
97.0	97	10.1245	3.01989	7.54653	2.59565	0.80774	1.93914	3.33917	-0.00282	0.21707	-0.08665	0.23374	0.07	-0.0	-0.0	-0.0	0.0	31.69364	6.07977	
98.0	9	12.99753	-0.15018	-0.49642	23198.64455	-0.0429	-886.48565	23215.57593	15.78627	-787.86672	413.1525	889.76298	0.03833	-3.47393	1e-05	0.13275	3.47646	40.18074	0.03839	
98.0	20	9.54258	2.97652	-8.28659	43.60404	14.39671	-37.84925	59.5075	-0.03247	-3.8807	-1.51351	4.16552	0.07	-1e-05	-0.0	1e-05	1e-05	29.1266	5.88685	
98.0	77	12.63403	2.98835	-0.18873	6519.56173	1723.11263	-103.57912	6744.22204	-17.04173	36.20269	-470.39683	472.09557	0.07	-0.47371	-0.1252	0.00753	0.49003	38.91086	2.19265	
98.0	97	10.13291	2.98411	7.55018	14.81115	4.60752	11.05418	19.04716	-0.01877	1.2393	-0.49141	1.3333	0.07	-0.0	-0.0	-0.0	0.0	31.65782	6.05487	
99.0	9	12.99654	-0.1498	-0.52092	23022.4002	-0.0427	-922.90927	23040.89131	17.2483	-935.17206	430.31011	1029.56839	0.04468	-3.44608	1e-05	0.13814	3.44885	40.03712	0.04575	
99.0	77	12.63384	2.98938	-0.18479	6778.31757	1792.3854	-106.42329	7012.101	-18.27542	40.08619	-488.86586	490.84694	0.07	-0.49392	-0.13061	0.00775	0.51095	38.83486	2.18662	
99.0	97	10.13674	2.97433	7.54913	15.87707	4.9366	11.83208	20.4071	-0.02304	1.32885	-0.52351	1.42844	0.07	-0.0	-0.0	-0.0	1e-05	31.68227	6.0488	
100.0	9	12.99687	-0.1494	-0.51287	23220.70264	-0.043	-916.39669	23238.77824	15.25921	-851.13755	386.69508	934.9872	0.04023	-3.47442	1e-05	0.13712	3.47712	39.90135	0.04054	
100.0	77	12.63409	2.99106	-0.13105	6615.24494	1750.29798	-76.06155	6843.30286	-17.97212	47.22463	-476.36154	479.0339	0.07	-0.48377	-0.128	0.00556	0.50045	40.09076	2.22294	
101.0	9	12.99582	-0.14899	-0.5385	22673.18734	-0.04217	-939.46655	22692.64245	18.91107	-1202.94826	456.45574	1286.77658	0.0567	-3.39071	1e-05	0.14049	3.39362	39.72694	0.06192	
101.0	20	9.41856	2.95835	-8.43404	0.41667	0.13977	-0.375	0.57773	-0.00039	-0.03784	-0.01454	0.04054	0.07	-0.0	-0.0	0.0	0.0	28.04375	5.87924	
101.0	77	12.63405	2.99169	-0.11915	7154.22508	1893.61957	-76.14534	7400.98167	-19.22771	51.93065	-515.10017	518.06822	0.07	-0.52459	-0.13885	0.00558	0.54268	38.35631	2.16722	
102.0	9	12.99587	-0.14857	-0.53721	22616.33601	-0.0421	-934.87457	22635.64987	19.01254	-1291.95321	460.0065	1371.53583	0.06059	-3.38052	1e-05	0.13974	3.3834	39.56352	0.06835	
102.0	20	9.41818	2.95823	-8.43451	20.06544	6.72767	-18.03997	27.8087	-0.01013	-1.82017	-0.69006	1.94661	0.07	-0.0	-0.0	0.0	0.0	28.02397	5.86925	
102.0	77	12.63416	2.99229	-0.08432	7202.48572	1907.0148	-57.47882	7450.89323	-19.0443	56.30938	-518.16409	521.56251	0.07	-0.52959	-0.14022	0.00423	0.54786	38.35848	2.16341	
102.0	97	10.04083	2.92706	7.6956	7.82154	2.45736	5.99694	10.15767	-0.01262	0.66346	-0.25541	0.71104	0.07	-0.0	-0.0	-0.0	0.0	31.1363	6.06052	
103.0	9	12.99543	-0.14813	-0.54792	22552.6673	-0.04209	-950.87724	22572.70409	19.57968	-1379.84935	464.44694	1456.04896	0.0645	-3.36931	1e-05	0.14206	3.3723	39.39172	0.07616	
103.0	77	12.63398	2.99341	-0.06752	7318.61335	1938.75169	-49.69631	7571.21715	-19.42094	59.8231	-526.2399	529.98529	0.07	-0.53977	-0.14299	0.00367	0.5584	38.43914	2.16046	
104.0	9	12.99472	-0.14769	-0.56524	22279.23613	-0.04168	-969.28429	22300.31108	20.84645	-1485.4063	479.22468	1560.93649	0.07	-3.32665	1e-05	0.14473	3.3298	39.15772	0.2403	
104.0	77	12.6338	2.99462	-0.04473	7601.13395	2014.68226	-38.59057	7863.69323	-10.51717	29.15436	-549.50305	550.37641	0.07	-0.5623	-0.14904	0.00285	0.58173	35.9072	2.02807	
105.0	1	4.47521	-0.15214	-12.21285	3.72031	0.0	-10.10287	10.76609	0.01051	-0.75358	0.00387	0.75366	0.07	-0.0	-0.0	0.0	0.0	12.39772	7.88444	
105.0	9	12.99502	-0.14728	-0.55794	22459.79857	-0.04194	-963.82889	22480.4697	20.02937	-1502.70084	466.80346	1573.66339	0.07	-3.35191	1e-05	0.14384	3.355	39.01057	0.11554	
105.0	77	12.63365	2.99546	-0.00376	7453.81236	1976.38973	-14.32488	7711.39677	-18.05334	64.20419	-535.69172	539.82749	0.07	-0.55302	-0.14663	0.00106	0.57213	38.03542	2.1319	
105.0	97	9.93257	2.93819	7.83036	0.27924	0.08871	0.22043	0.36665	-0.00054	0.02409	-0.00901	0.02573	0.07	-0.0	-0.0	-0.0	0.0	30.7217	6.06418	
106.0	9	12.99422	-0.14688	-0.57603	22569.89535	-0.04234	-1000.74579	22592.07091	20.99254	-1508.74612	473.5101	1581.44471	0.07	-3.3673	1e-05	0.14931	3.37061	38.76954	0.18868	
106.0	20	9.30149	2.93907	-8.57014	3.32088	1.12642	-3.06273	4.65589	0.00164	-0.30645	-0.11093	0.32591	0.07	-0.0	-0.0	0.0	0.0	27.06433	5.89942	
106.0	77	12.63348	2.99613	0.01631	7351.55074	1949.98879	-3.153	7605.77179	-14.33607	53.19144	-529.54597	532.40379	0.07	-0.54685	-0.14505	0.00023	0.56576	37.67942	2.08842	
106.0	97	9.93261	2.9461	7.82712	21.82027	6.93228	17.22449	28.65072	-0.03401	1.8748	-0.71146	2.00554	0.07	-0.0	-0.0	-0.0	0.0	30.40728	5.9512	
107.0	9	12.99371	-0.1465	-0.58712	22654.70782	-0.04256	-1023.79643	22677.82939	21.14971	-1516.72596	468.06663	1587.44805	0.07	-3.37863	1e-05	0.15268	3.38208	38.53965	0.22939	
107.0	20	9.3025	2.9432	-8.56752	18.43369	6.25131	-16.99368	25.83921	0.01287	-1.70197	-0.61212	1.80874	0.07	-0.0	-0.0	0.0	0.0	26.89134	5.88933	
107.0	77	12.63327	2.99676	0.04044	7243.76342	1922.05723	10.03032	7494.43213	-12.21707	48.76826	-522.19569	524.61027	0.07	-0.54014	-0.14332	-0.00075	0.55883	37.46306	2.06361	
107.0	97	9.93391	2.95247	7.82291	58.8294	18.68301	46.39751	77.21841	-0.08802	5.05114	-1.92235	5.40529	0.07	-1e-05	-0.0	-0.0	1e-05	30.26228	5.88244	
108.0	9	12.99431	-0.14615	-0.57403	22716.4864	-0.04263	-1003.42163	22738.63693	20.71419	-1520.89646	469.01364	1591.70629	0.07	-3.38661	1e-05	0.14959	3.38991	38.31851	0.24998	
108.0	20	9.30283	2.94333	-8.56712	10.62654	3.60351	-9.7952	14.89478	0.0077	-0.98115	-0.35259	1.04261	0.07	-0.0	-0.0	0.0	0.0	26.65315	5.87303	
108.0	77	12.63276	2.99769	0.09097	7277.8018	1931.84994	38.62956	7529.93595	-10.52291	50.13266	-524.60229	527.09731	0.07	-0.54411	-0.14443	-0.00289	0.56296	37.18734	2.04488	
109.0	9	12.99375	-0.1458	-0.58623	22346.27282	-0.04181	-1008.16283	22369.00313	17.16664	-1478.61359	380.56582	1526.89986	0.06826	-3.32996	1e-05	0.15023	3.33335	38.02828	0.08684	
109.0	77	12.63234	2.99877	0.11012	7668.19953	2036.47598	51.31879	7934.17621	-21.77022	95.74899	-546.62431	555.3737	0.07	-0.57472	-0.15263	-0.00385	0.59465	37.60574	2.12954	
110.0	9	12.99426	-0.14548	-0.57525	22954.30074	-0.04355	-1016.08152	22976.77836	16.04691	-1567.0786	362.583	1608.55814	0.07	-3.42116	1e-05	0.15144	3.42451	37.75384	0.27467	
110.0	77	12.63173	2.99946	0.15493	7092.62943	1884.23411	71.98088	7338.99936	-8.61445	51.95552	-511.2083	513.91391	0.07	-0.5332	-0.14165	-0.00541	0.55172	37.39495	2.04074	
111.0	9	12.99325	-0.14517	-0.59725	22836.22967	-0.04327	-1049.6145	22860.3385	22.07392	-1526.24571	480.32029	1600.19399	0.07	-3.40226	1e-05	0.15638	3.40585	37.52363	0.40105	
111.0	77	12.63146	2.99987	0.16887	7205.22998	1914.68079	80.39938	7455.72302	-2.01513	29.46199	-521.03462	521.87082	0.07	-0.5425	-0.14416	-0.00605	0.56136	36.16492	1.93755	
111.0	97	9.82245	2.96834	7.95616	6.884	2.20927	5.57927	9.13228	-4e-05	0.59433	-0.23529	0.63921	0.07	-0.0	-0.0	-0.0	0.0	28.88155	5.59671	
112.0	9	12.993	-0.14489	-0.60257	22964.93218	-0.04329	-1064.92137	22989.60999	21.28909	-1542.23263	459.15988	1609.2739	0.07	-3.41996	1e-05	0.15859	3.42363	37.24464	0.37976	
112.0	77	12.63093	3.00022	0.198	7085.81173	1883.37508	94.7833	7332.44935	-3.65011	39.4867	-511.73854	513.27269	0.07	-0.53436	-0.14203	-0.00715	0.55296	36.25745	1.95196	
112.0	97	9.82498	2.97263	7.95133	18.11381	5.80998	14.65913	24.01575	-0.02322	1.57234	-0.59449	1.68113	0.07	-0.0	-0.0	-0.0	0.0	29.10551	5.63415	
113.0	9	12.99254	-0.14463	-0.61214	23037.4181	-0.04349	-1085.38953	23062.97256	21.4561	-1548.67737	455.46838	1614.40806	0.07	-3.43002	1e-05	0.1616	3.43382	36.94161	0.40472	
113.0	77	12.63042	3.00047	0.22301	7018.11936	1865.74117	107.16919	7262.67683	-2.39953	38.1454	-506.94862	508.38738	0.07	-0.53006	-0.14092	-0.00809	0.54853	35.98414	1.92983	
113.0	97	9.82759	2.97619	7.94668	33.92307	10.88012	27.44982	44.97382	-0.0429	2.94418	-1.11395	3.14817	0.07	-0.0	-0.0	-0.0	0.0	28.91453	5.56832	
114.0	9	12.99269	-0.14439	-0.60893	23084.05306	-0.04358	-1081.93319	23109.39387	21.36525	-1551.93192	455.90996	1617.65356	0.07	-3.43636	1e-05	0.16106	3.44013	36.60903	0.43539	
114.0	77	12.62953	3.00103	0.26269	7023.8655	1867.79242	128.79572	7269.10747	-0.16705	35.62926	-507.58456	508.83352	0.07	-0.53146	-0.14133	-0.00975	0.55002	35.49509	1.89849	
114.0	95	5.51915	-0.10592	11.77796	1.74592	3e-05	3.71334	4.10331	-0.00168	0.28722	0.00079	0.28723	0.07	-0.0	-0.0	-0.0	0.0	16.80586	7.6906	
115.0	9	12.99315	-0.14416	-0.59936	23236.03762	-0.04423	-1072.04499	23260.75504	18.62139	-1577.49926	403.6744	1628.43596	0.07	-3.46068	1e-05	0.15967	3.46436	36.34424	0.50609	
115.0	77	12.62845	3.0014	0.30601	6884.83564	1831.22661	149.34274	7125.77406	5.3091	20.69642	-498.532	498.98966	0.07	-0.52227	-0.13891	-0.01133	0.54055	35.1379	1.86914	
115.0	95	5.51982	-0.10093	11.77764	6.39316	0.0001	13.59645	15.02451	0.01523	1.05173	-0.00717	1.05187	0.07	-0.0	-0.0	-0.0	0.0	16.59715	7.51821	
115.0	97	9.70956	2.98997	8.08502	1.42109	0.46074	1.18093	1.9043	0.00042	0.12409	-0.04892	0.13338	0.07	-0.0	-0.0	-0.0	0.0	27.8522	5.39679	
116.0	9	12.99249	-0.14394	-0.61314	23214.24848	-0.04404	-1095.63905	23240.08944	21.30577	-1562.746	451.48662	1626.79721	0.07	-3.45559	1e-05	0.16309	3.45943	35.97857	0.48015	
116.0	77	12.62791	3.00166	0.32559	6934.98964	1844.93039	160.57383	7177.99647	2.65575	33.64926	-501.31554	502.45059	0.07	-0.52645	-0.14005	-0.01219	0.54489	35.07029	1.85501	
116.0	97	9.70969	2.99328	8.08356	6.74743	2.19043	5.62565	9.05393	-0.00514	0.59258	-0.22457	0.63373	0.07	-0.0	-0.0	-0.0	0.0	27.92325	5.41929	
117.0	9	12.99235	-0.14375	-0.61619	23295.13225	-0.04401	-1104.9041	23321.3207	21.19649	-1569.97214	446.9565	1632.49255	0.07	-3.46658	1e-05	0.16442	3.47048	35.65201	0.4969	
117.0	77	12.62706	3.00183	0.35541	6871.93495	1828.43298	174.81553	7113.17212	3.63898	33.81822	-496.75909	497.92219	0.07	-0.52219	-0.13894	-0.01328	0.54052	34.74829	1.83731	
117.0	97	9.71005	2.99563	8.08222	9.8189	3.18892	8.19571	13.18142	-0.00974	0.86374	-0.32441	0.9227	0.07	-0.0	-0.0	-0.0	0.0	27.64452	5.36262	
118.0	9	12.99215	-0.14358	-0.62034	23358.50861	-0.04413	-1115.31595	23385.12036	21.17353	-1575.59043	443.50812	1636.95845	0.07	-3.47576	1e-05	0.16596	3.47972	35.30047	0.51522	
118.0	77	12.62622	3.0019	0.38376	6815.40035	1813.59443	188.1895	7055.08483	4.8088	33.05687	-492.72493	493.85599	0.07	-0.51842	-0.13795	-0.01431	0.53666	34.41785	1.81467	
118.0	97	9.71038	2.99763	8.08105	16.19942	5.26201	13.52717	21.75073	-0.01536	1.42503	-0.53594	1.52255	0.07	-0.0	-0.0	-0.0	0.0	27.40399	5.29231	
119.0	9	12.99197	-0.14342	-0.62404	23420.03846	-0.04426	-1124.88812	23447.03766	21.12704	-1581.09503	439.9246	1641.29264	0.07	-3.48472	1e-05	0.16737	3.48874	34.93707	0.53186	
119.0	29	9.15209	2.96331	-8.72069	0.55684	0.19162	-0.52953	0.79196	0.00152	-0.0526	-0.01744	0.05544	0.07	-0.0	-0.0	0.0	0.0	23.85092	5.66583	
119.0	77	12.62537	3.0019	0.41174	6756.57684	1798.10071	201.07204	6994.63557	5.92544	32.36279	-488.51787	489.62452	0.07	-0.51443	-0.1369	-0.01531	0.53255	34.07009	1.79183	
119.0	97	9.71094	2.99916	8.07979	23.5399	7.64628	19.65616	31.60629	-0.02097	2.0702	-0.7802	2.21244	0.07	-0.0	-0.0	-0.0	0.0	27.15643	5.22104	
120.0	9	12.99189	-0.14328	-0.62581	23475.45034	-0.04438	-1130.77134	23502.6682	21.05246	-1585.91287	437.12321	1645.18678	0.07	-3.49285	1e-05	0.16824	3.4969	34.56376	0.54875	
120.0	29	9.15472	2.95618	-8.72051	1.52268	0.52416	-1.4491	2.16638	0.00434	-0.14395	-0.04751	0.15165	0.07	-0.0	-0.0	0.0	0.0	23.5691	5.62078	
120.0	77	12.62435	3.00188	0.44158	6709.11575	1785.62422	215.08518	6946.00242	7.15365	31.55883	-485.1422	486.2202	0.07	-0.51128	-0.13608	-0.01639	0.52933	33.70108	1.76776	
120.0	97	9.71317	3.00057	8.07657	25.6782	8.33546	21.40752	34.45478	-0.02114	2.25586	-0.853	2.41184	0.07	-0.0	-0.0	-0.0	0.0	26.88708	5.14279	
121.0	9	12.99194	-0.14315	-0.62463	23506.72303	-0.04445	-1130.22503	23533.87848	20.94953	-1588.55054	435.77646	1647.37149	0.07	-3.49744	1e-05	0.16816	3.50148	34.1806	0.5654	
121.0	29	9.15573	2.95289	-8.72064	1.11127	0.38257	-1.05774	1.58117	0.00328	-0.1051	-0.03456	0.11068	0.07	-0.0	-0.0	0.0	0.0	23.28238	5.57568	
121.0	77	12.62319	3.00186	0.47407	6684.90584	1779.3216	231.10411	6921.51432	8.51921	30.78569	-483.45191	484.50603	0.07	-0.50986	-0.13571	-0.01763	0.52791	33.31656	1.74245	
121.0	97	9.71749	3.0013	8.07113	16.67999	5.4102	13.87813	22.3628	-0.01242	1.46344	-0.55558	1.5654	0.07	-0.0	-0.0	-0.0	0.0	26.60844	5.05949	
122.0	9	12.99213	-0.14304	-0.62063	23542.19376	-0.04452	-1124.79583	23569.04861	20.73523	-1591.57712	434.05539	1649.83386	0.07	-3.50274	1e-05	0.16735	3.50673	33.7892	0.58233	
122.0	29	9.15618	2.95177	-8.72057	1.75827	0.60531	-1.6736	2.50177	0.00558	-0.16639	-0.05432	0.17512	0.07	-0.0	-0.0	0.0	0.0	23.01458	5.53417	
122.0	77	12.62162	3.00206	0.51248	6658.87279	1772.64871	250.17004	6895.32126	9.99927	30.40684	-481.61048	482.67299	0.07	-0.50834	-0.13532	-0.0191	0.52639	32.96333	1.71806	
123.0	9	12.99186	-0.14293	-0.62644	23522.84415	-0.0446	-1134.42707	23550.18305	20.57632	-1592.09626	426.72162	1648.41901	0.07	-3.49983	1e-05	0.16879	3.5039	33.38738	0.65131	
123.0	77	12.62068	3.00209	0.53573	6670.43468	1775.88133	262.39305	6907.77124	15.25596	14.06203	-483.00215	483.44758	0.07	-0.50947	-0.13564	-0.02004	0.5276	32.2164	1.6683	
124.0	9	12.99167	-0.14283	-0.63026	23528.10695	-0.04482	-1141.65376	23555.78888	19.19082	-1600.45631	395.56247	1648.72629	0.07	-3.50079	1e-05	0.16987	3.5049	32.97258	0.69773	
124.0	77	12.61956	3.00198	0.56208	6653.51744	1771.46454	275.24871	6890.80132	19.31086	2.32811	-481.77991	482.17238	0.07	-0.50843	-0.13537	-0.02103	0.52656	31.61365	1.63943	
125.0	9	12.9922	-0.14275	-0.61928	23699.88365	-0.04494	-1130.09834	23726.81199	19.57319	-1609.29119	410.5437	1660.94773	0.07	-3.52687	1e-05	0.16817	3.53088	32.5327	0.5922	
125.0	77	12.61762	3.00191	0.60359	6477.46546	1724.71583	289.04395	6709.37775	11.49925	35.2881	-468.26073	469.72928	0.07	-0.49557	-0.13195	-0.02211	0.51331	31.94664	1.66194	
126.0	9	12.99202	-0.14267	-0.62302	23744.72464	-0.04497	-1139.17412	23772.03538	20.03116	-1610.65993	417.58921	1664.03348	0.07	-3.53358	1e-05	0.16953	3.53764	32.10263	0.5843	
126.0	77	12.61638	3.00179	0.62995	6427.40931	1711.48244	299.92187	6658.13155	10.91185	40.36435	-464.18018	466.05964	0.07	-0.49193	-0.13099	-0.02296	0.50959	31.64562	1.64313	
127.0	9	12.99211	-0.1426	-0.62106	23753.58696	-0.04501	-1136.08857	23780.73991	19.76188	-1612.44668	413.24955	1664.67716	0.07	-3.53526	1e-05	0.16908	3.5393	31.65403	0.6194	
127.0	77	12.61478	3.00162	0.66145	6391.48043	1701.97644	313.95571	6621.65493	13.85476	33.22014	-462.1426	463.54214	0.07	-0.48946	-0.13034	-0.02404	0.50709	31.09743	1.60614	
128.0	9	12.99209	-0.14255	-0.62163	23703.57828	-0.04489	-1134.78553	23730.7261	20.21003	-1606.45287	422.21372	1661.13326	0.07	-3.528	1e-05	0.1689	3.53204	31.20323	0.69784	
128.0	77	12.61344	3.00129	0.68831	6417.03255	1708.73006	328.62414	6648.76372	20.29926	13.15161	-464.76674	465.39569	0.07	-0.49148	-0.13087	-0.02517	0.50923	30.24572	1.54402	
129.0	9	12.9921	-0.14251	-0.62136	23768.46219	-0.04503	-1137.48335	23795.6648	19.8723	-1612.94979	415.30861	1665.67799	0.07	-3.53801	1e-05	0.16932	3.54206	30.73585	0.67664	
129.0	77	12.61209	3.00089	0.71498	6345.63865	1689.62305	338.16904	6575.43263	19.02692	20.49018	-459.41109	460.26126	0.07	-0.48606	-0.12942	-0.0259	0.50366	29.98062	1.53232	
130.0	9	12.99223	-0.14248	-0.61868	23789.71952	-0.04507	-1133.72013	23816.71842	19.65544	-1615.1989	412.5094	1667.15861	0.07	-3.54157	1e-05	0.16878	3.54559	30.26838	0.68473	
130.0	77	12.6105	3.00046	0.74354	6298.14717	1676.87812	349.71905	6526.93507	20.2166	19.1742	-456.02306	456.8735	0.07	-0.48246	-0.12846	-0.02679	0.49999	29.51312	1.50531	
131.0	9	12.99232	-0.14246	-0.61668	23825.60966	-0.04514	-1131.90747	23852.48185	19.40278	-1618.82121	408.47513	1669.67377	0.07	-3.54734	1e-05	0.16853	3.55134	29.78154	0.67871	
131.0	77	12.60895	3.00004	0.77119	6240.39697	1661.39705	360.0364	6467.79875	20.29473	21.67268	-451.77132	452.74596	0.07	-0.47807	-0.12728	-0.02758	0.49549	29.10202	1.48374	
131.0	95	5.50783	-0.15303	11.78328	0.07214	0.0	0.15286	0.16902	-0.00027	0.01183	0.00013	0.01183	0.07	-0.0	-0.0	-0.0	0.0	14.23267	6.0269	
132.0	9	12.99242	-0.14244	-0.61466	23847.49821	-0.04518	-1129.33534	23874.22395	19.18303	-1621.23576	405.1414	1671.20104	0.07	-3.55107	1e-05	0.16817	3.55505	29.28751	0.67708	
132.0	77	12.60739	2.9996	0.79825	6190.23102	1647.93923	370.28467	6416.52356	20.76134	22.70096	-448.10736	449.16208	0.07	-0.47426	-0.12626	-0.02837	0.49159	28.64495	1.45903	
132.0	95	5.50928	-0.148	11.7826	0.14658	-0.0	0.31064	0.34348	-0.00058	0.02404	0.00027	0.02405	0.07	-0.0	0.0	-0.0	0.0	14.02795	5.92102	
132.0	97	9.61846	2.91656	8.22145	0.0067	0.0022	0.00573	0.00909	-1e-05	0.0006	-0.00022	0.00064	0.07	-0.0	-0.0	-0.0	0.0	22.87808	4.23003	
133.0	9	12.99248	-0.14244	-0.61345	23859.0184	-0.0452	-1127.70784	23885.65436	19.03299	-1622.65295	402.74768	1671.99597	0.07	-3.55324	1e-05	0.16795	3.55721	28.78508	0.68689	
133.0	77	12.60586	2.99915	0.82396	6149.58329	1636.99212	380.2802	6375.08673	22.14698	20.2346	-445.24682	446.25627	0.07	-0.47111	-0.12541	-0.02913	0.48838	28.15589	1.42944	
133.0	95	5.51062	-0.1433	11.78197	0.24322	0.0	0.51551	0.57	-0.00096	0.03989	0.00045	0.0399	0.07	-0.0	-0.0	-0.0	0.0	13.80883	5.80085	
133.0	97	9.61758	2.92715	8.21842	1.66456	0.54641	1.42559	2.25867	-0.00121	0.1481	-0.05535	0.15811	0.07	-0.0	-0.0	-0.0	0.0	22.50195	4.13766	
134.0	9	12.99251	-0.14244	-0.61278	23857.37782	-0.0452	-1126.4551	23883.95649	18.92533	-1622.99224	400.88772	1671.87708	0.07	-3.55362	1e-05	0.16779	3.55758	28.27376	0.69624	
134.0	29	9.14495	2.91826	-8.74452	0.00547	0.00189	-0.00523	0.00781	3e-05	-0.00052	-0.00016	0.00055	0.07	-0.0	-0.0	0.0	0.0	18.97949	4.80603	
134.0	77	12.60437	2.9987	0.84852	6116.88218	1628.15422	390.06128	6341.86735	23.55319	17.63188	-442.95481	443.93085	0.07	-0.46855	-0.12472	-0.02988	0.48579	27.66214	1.3993	
134.0	95	5.51177	-0.13877	11.78143	0.27518	0.0	0.58329	0.64495	-0.00111	0.04513	0.00052	0.04515	0.07	-0.0	-0.0	-0.0	0.0	13.59259	5.68057	
134.0	97	9.61721	2.93404	8.21622	4.68657	1.53843	4.01375	6.35932	-0.00302	0.41682	-0.15624	0.44515	0.07	-0.0	-0.0	-0.0	0.0	22.12632	4.04495	
135.0	9	12.99257	-0.14245	-0.61148	23867.10219	-0.0452	-1124.62001	23893.5836	18.74652	-1624.42047	397.91087	1672.55085	0.07	-3.55538	1e-05	0.16753	3.55932	27.75348	0.70133	
135.0	77	12.60278	2.99823	0.87344	6068.90026	1615.2406	398.92203	6292.82856	24.68779	15.79165	-439.52207	440.49803	0.07	-0.46476	-0.1237	-0.03055	0.48191	27.15985	1.3705	
135.0	95	5.5133	-0.13438	11.78071	0.2569	0.0	0.54457	0.60212	-0.00104	0.04213	0.00049	0.04215	0.07	-0.0	-0.0	-0.0	0.0	13.38471	5.56386	
135.0	97	9.61713	2.93917	8.21434	8.55735	2.80896	7.32814	11.61121	-0.00475	0.76077	-0.28606	0.81278	0.07	-0.0	-0.0	-0.0	0.0	21.75247	3.95538	
136.0	9	12.99264	-0.14247	-0.60997	23875.84762	-0.04519	-1122.34588	23902.21245	18.54774	-1625.8434	394.63462	1673.15488	0.07	-3.55717	1e-05	0.16721	3.5611	27.22405	0.70321	
136.0	77	12.60112	2.99775	0.89826	6017.33001	1601.36877	407.33038	6240.07696	25.62917	14.54973	-435.81008	436.80542	0.07	-0.46069	-0.1226	-0.03119	0.47774	26.64938	1.34225	
136.0	95	5.51463	-0.13011	11.78008	0.21641	0.0	0.45876	0.50724	-0.00088	0.03549	0.00042	0.03551	0.07	-0.0	-0.0	-0.0	0.0	13.18244	5.4496	
136.0	97	9.61729	2.94318	8.21261	12.89873	4.23368	11.04368	17.50041	-0.00603	1.14618	-0.43235	1.22503	0.07	-0.0	-0.0	-0.0	0.0	21.37893	3.8679	
137.0	9	12.99296	-0.1425	-0.60332	23879.06417	-0.04516	-1110.35858	23904.86565	18.24034	-1626.59274	392.33785	1673.33967	0.07	-3.55815	1e-05	0.16545	3.56199	26.68891	0.69962	
137.0	77	12.59892	2.99746	0.92966	5985.78603	1592.95044	420.14018	6208.35271	26.44006	14.98759	-433.51969	434.58374	0.07	-0.45824	-0.12195	-0.03216	0.47527	26.12821	1.31475	
137.0	95	5.52164	-0.12641	11.77679	0.40161	1e-05	0.85183	0.94175	-0.00161	0.0659	0.00076	0.06592	0.07	-0.0	-0.0	-0.0	0.0	12.97375	5.3356	
138.0	9	12.99311	-0.14252	-0.60024	23874.06569	-0.04514	-1104.51514	23899.6018	18.01788	-1626.89373	389.52259	1672.97211	0.07	-3.55794	1e-05	0.16461	3.56175	26.14459	0.70289	
138.0	77	12.59704	2.99704	0.9556	5942.29969	1581.28165	429.31963	6164.06462	27.65563	12.92783	-430.40323	431.48454	0.07	-0.45482	-0.12103	-0.03286	0.4718	25.59928	1.28482	
138.0	95	5.52395	-0.12257	11.7757	0.446	1e-05	0.94619	1.04604	-0.0018	0.0732	0.00085	0.07322	0.07	-0.0	-0.0	-0.0	0.0	12.73683	5.21191	
139.0	9	12.99329	-0.14255	-0.59627	23872.55223	-0.04511	-1097.10967	23897.74884	17.75384	-1627.51697	386.3815	1672.84708	0.07	-3.55827	1e-05	0.16353	3.56203	25.59215	0.70252	
139.0	77	12.59519	2.9966	0.9814	5897.53956	1569.2516	438.18391	6118.45802	28.65439	11.59344	-427.18005	428.29695	0.07	-0.45127	-0.12008	-0.03353	0.46818	25.07168	1.25577	
140.0	9	12.99352	-0.14258	-0.59134	23884.70681	-0.04516	-1088.58681	23909.50106	17.37088	-1629.62751	381.20247	1673.70932	0.07	-3.56071	1e-05	0.16229	3.5644	25.03079	0.69594	
140.0	77	12.59324	2.99613	1.00753	5844.2295	1554.93028	446.39334	6063.9998	29.10301	12.15321	-423.35322	424.52636	0.07	-0.44708	-0.11895	-0.03415	0.46389	24.59446	1.22984	
141.0	9	12.9937	-0.14262	-0.58728	23882.19602	-0.04516	-1080.97618	23906.64753	17.09707	-1630.23305	377.79674	1673.52397	0.07	-3.56086	1e-05	0.16117	3.5645	24.46268	0.69569	
141.0	29	9.22208	2.88868	-8.6739	0.00456	0.00156	-0.0043	0.00646	3e-05	-0.00043	-0.00013	0.00045	0.07	-0.0	-0.0	0.0	0.0	16.43192	4.21367	
141.0	77	12.59136	2.99561	1.03213	5802.8808	1543.75047	454.63701	6021.90052	30.22964	10.17271	-420.38617	421.59441	0.07	-0.4437	-0.11804	-0.03476	0.46045	24.05172	1.19966	
142.0	9	12.99383	-0.14266	-0.58438	23857.93823	-0.04503	-1074.5176	23882.12312	16.98936	-1628.54641	377.2897	1671.76541	0.07	-3.55752	1e-05	0.16022	3.56113	23.88694	0.69525	
142.0	77	12.58961	2.9951	1.05505	5769.6598	1534.73287	462.59747	5988.18634	31.52046	7.47638	-417.93698	419.19059	0.07	-0.44087	-0.11727	-0.03535	0.45756	23.42575	1.16664	
143.0	9	12.99403	-0.1427	-0.58016	23852.73712	-0.045	-1066.46618	23876.56629	16.74795	-1628.74574	374.65578	1671.36475	0.07	-3.5571	1e-05	0.15904	3.56065	23.30281	0.6886	
143.0	77	12.58774	2.99461	1.07862	5727.5551	1523.37869	470.01741	5945.29111	32.30727	6.53397	-414.86839	416.17572	0.07	-0.43743	-0.11634	-0.0359	0.45405	22.84213	1.13665	
144.0	9	12.99424	-0.14273	-0.5756	23846.87977	-0.04496	-1057.7737	23870.32802	16.4872	-1628.95999	371.76335	1670.92503	0.07	-3.55659	1e-05	0.15776	3.56009	22.71195	0.67892	
144.0	77	12.58582	2.99413	1.102	5685.42193	1512.03619	477.20035	5902.37208	32.84726	6.45835	-411.80982	413.16823	0.07	-0.43402	-0.11543	-0.03643	0.45058	22.25999	1.1071	
145.0	9	12.99446	-0.14277	-0.57104	23821.879	-0.0449	-1048.2777	23844.93249	16.22911	-1627.79483	368.87272	1669.14543	0.07	-3.55321	1e-05	0.15636	3.55665	22.11221	0.66916	
145.0	77	12.58393	2.99367	1.12482	5643.23795	1500.68375	483.98174	5859.38773	33.41081	6.18461	-408.74748	410.15733	0.07	-0.43061	-0.11451	-0.03693	0.4471	21.6734	1.07697	
146.0	9	12.99467	-0.14281	-0.5663	23808.0713	-0.04485	-1038.9593	23830.73007	15.97926	-1627.37229	366.23998	1668.15096	0.07	-3.55148	1e-05	0.15498	3.55486	21.50738	0.66389	
146.0	77	12.58204	2.99322	1.14725	5605.02855	1490.38906	490.79477	5820.52267	34.47838	4.01796	-405.95513	407.43646	0.07	-0.42749	-0.11367	-0.03743	0.44393	21.08659	1.04563	
147.0	9	12.99487	-0.14286	-0.56166	23793.33477	-0.04481	-1029.77459	23815.60864	15.75401	-1626.77604	364.07317	1667.0926	0.07	-3.54958	1e-05	0.15363	3.5529	20.89717	0.66266	
147.0	77	12.58015	2.99275	1.16877	5573.79432	1481.94017	497.69741	5788.87144	36.02917	0.04017	-403.61612	405.22102	0.07	-0.42488	-0.11296	-0.03794	0.44127	20.49366	1.01279	
147.0	97	9.50209	2.96435	8.33763	0.02339	0.00775	0.02047	0.03203	1e-05	0.00209	-0.0008	0.00224	0.07	-0.0	-0.0	-0.0	0.0	16.51718	2.903	
148.0	9	12.99507	-0.14292	-0.5568	23775.49971	-0.04476	-1020.03441	23797.37079	15.51758	-1625.98566	361.76326	1665.81596	0.07	-3.54717	1e-05	0.15218	3.55043	20.28011	0.66028	
148.0	77	12.57833	2.99227	1.18968	5541.54768	1473.20072	504.15147	5756.148	37.57354	-4.05449	-401.1542	402.93039	0.07	-0.42214	-0.11222	-0.0384	0.43849	19.89457	0.97995	
148.0	97	9.50244	2.9667	8.33635	0.18379	0.0609	0.16088	0.25174	7e-05	0.01645	-0.00631	0.01762	0.07	-0.0	-0.0	-0.0	0.0	16.05747	2.80122	
149.0	9	12.99529	-0.14297	-0.55132	23761.72688	-0.04471	-1009.33195	23783.15402	15.24297	-1625.59857	358.92245	1664.82083	0.07	-3.54532	1e-05	0.1506	3.54852	19.65521	0.65052	
149.0	77	12.57647	2.99179	1.21044	5502.5351	1462.6642	509.817	5716.3968	38.48523	-5.97039	-398.2481	400.14786	0.07	-0.41888	-0.11134	-0.03881	0.43516	19.28855	0.94866	
149.0	97	9.50277	2.96889	8.33514	0.46215	0.15314	0.40453	0.63299	0.00021	0.04136	-0.0159	0.04431	0.07	-0.0	-0.0	-0.0	0.0	15.60633	2.70678	
150.0	9	12.99552	-0.14302	-0.54592	23742.33623	-0.04465	-998.48312	23763.32255	14.9845	-1624.73845	356.38024	1663.43213	0.07	-3.54237	1e-05	0.14897	3.5455	19.02356	0.63474	
150.0	77	12.57464	2.99133	1.23052	5467.79132	1453.27591	515.46756	5681.06148	38.87296	-5.89397	-395.72547	397.67385	0.07	-0.41593	-0.11055	-0.03921	0.43215	18.68441	0.91833	
150.0	97	9.50309	2.97095	8.334	0.85278	0.28257	0.74644	1.16801	0.00044	0.07629	-0.02939	0.08176	0.07	-0.0	-0.0	-0.0	0.0	15.17449	2.61956	
151.0	9	12.99575	-0.14306	-0.54027	23724.24095	-0.04458	-987.14788	23744.76931	14.70617	-1624.03921	353.50842	1662.13352	0.07	-3.53994	1e-05	0.14729	3.543	18.38856	0.62392	
151.0	77	12.57278	2.9909	1.25031	5429.83895	1443.05679	520.57705	5642.38995	39.82857	-8.13824	-392.86939	394.96697	0.07	-0.41282	-0.10971	-0.03958	0.42897	18.07023	0.88677	
151.0	97	9.50345	2.97288	8.33286	1.46608	0.48579	1.28327	2.00802	0.0009	0.13111	-0.05066	0.14056	0.07	-0.0	-0.0	-0.0	0.0	14.72041	2.52516	
152.0	9	12.99599	-0.14309	-0.53438	23699.03715	-0.04451	-975.12288	23719.08992	14.41062	-1622.89574	350.30466	1660.33479	0.07	-3.5365	1e-05	0.14551	3.53949	17.74856	0.61349	
152.0	77	12.57093	2.9905	1.26965	5387.36599	1431.65547	524.91824	5599.00785	40.87798	-10.9642	-389.63726	391.9291	0.07	-0.40938	-0.10879	-0.03989	0.42547	17.44617	0.85486	
152.0	97	9.50381	2.97468	8.33177	2.37515	0.78701	2.079	3.25315	0.00173	0.2123	-0.08234	0.22771	0.07	-0.0	-0.0	-0.0	0.0	14.25045	2.42854	
153.0	9	12.99623	-0.14312	-0.52843	23649.12898	-0.04438	-962.06694	23668.68975	14.1072	-1620.03193	346.85195	1656.80679	0.07	-3.52877	1e-05	0.14355	3.53169	17.10169	0.60299	
153.0	77	12.56908	2.99012	1.28875	5342.0769	1419.51144	528.76237	5552.69196	41.98071	-14.14595	-386.15424	388.687	0.07	-0.40568	-0.1078	-0.04015	0.42167	16.8165	0.82235	
153.0	97	9.50416	2.97635	8.33073	3.43186	1.13715	3.00395	4.70048	0.00283	0.30662	-0.1193	0.32902	0.07	-0.0	-0.0	-0.0	0.0	13.774	2.33055	
154.0	9	12.99648	-0.14315	-0.52237	23628.37376	-0.04431	-950.08893	23647.46742	13.83969	-1619.06789	344.2636	1655.32165	0.07	-3.52553	1e-05	0.14176	3.52838	16.4525	0.59	
154.0	77	12.56723	2.98974	1.3075	5308.16867	1410.39289	533.47101	5518.193	42.97099	-16.665	-383.51299	386.27249	0.07	-0.40285	-0.10704	-0.04049	0.41879	16.18318	0.79006	
154.0	97	9.50449	2.97789	8.32977	3.88185	1.28626	3.39783	5.3168	0.00347	0.34672	-0.13521	0.37217	0.07	-0.0	-0.0	-0.0	0.0	13.27746	2.23309	
155.0	9	12.99674	-0.14318	-0.51607	23597.50525	-0.04423	-937.35549	23616.11503	13.56775	-1617.38412	341.63835	1653.12802	0.07	-3.52073	1e-05	0.13985	3.52351	15.79855	0.57696	
155.0	77	12.56539	2.98937	1.32598	5273.35338	1401.02548	537.88681	5482.74115	44.04551	-19.60436	-380.75171	383.79188	0.07	-0.39994	-0.10626	-0.04079	0.41582	15.54323	0.7574	
155.0	97	9.50478	2.97932	8.3289	4.09895	1.35819	3.58786	5.61416	0.00394	0.36601	-0.14305	0.39299	0.07	-0.0	-0.0	-0.0	0.0	12.77068	2.13435	
156.0	9	12.99701	-0.14321	-0.50944	23553.59375	-0.04412	-923.44925	23571.68931	13.28086	-1614.80179	338.8202	1650.01829	0.07	-3.51388	1e-05	0.13777	3.51658	15.14019	0.5637	
156.0	77	12.5636	2.989	1.34376	5237.72267	1391.43427	541.8264	5446.41203	45.19253	-22.97613	-377.86302	381.2489	0.07	-0.39694	-0.10545	-0.04106	0.41276	14.89897	0.72454	
156.0	97	9.50504	2.98066	8.32809	3.93488	1.30381	3.44412	5.38936	0.00402	0.35126	-0.13756	0.37726	0.07	-0.0	-0.0	-0.0	0.0	12.26033	2.03511	
157.0	9	12.99728	-0.14325	-0.50279	23514.53986	-0.04403	-909.91539	23532.13825	13.00923	-1612.50888	336.26984	1647.24969	0.07	-3.50772	1e-05	0.13573	3.51034	14.47824	0.54922	
157.0	77	12.56184	2.98864	1.36132	5204.03276	1382.35166	545.78734	5412.09173	46.3285	-26.31793	-375.08089	378.84646	0.07	-0.39407	-0.10468	-0.04133	0.40982	14.25057	0.69171	
157.0	97	9.5053	2.98191	8.32732	3.92294	1.29982	3.43347	5.37287	0.0043	0.35006	-0.13743	0.3761	0.07	-0.0	-0.0	-0.0	0.0	11.74821	1.93671	
158.0	9	12.99756	-0.14328	-0.49577	23483.14217	-0.04395	-896.03599	23500.23078	12.72219	-1610.80548	333.49964	1645.01616	0.07	-3.50263	1e-05	0.13365	3.50518	13.81129	0.52904	
158.0	77	12.56003	2.98829	1.37865	5165.0838	1371.87586	549.01054	5372.29435	46.79837	-27.26843	-372.13969	376.06064	0.07	-0.39079	-0.1038	-0.04154	0.40647	13.59879	0.65962	
158.0	97	9.50558	2.98308	8.32656	4.46577	1.47964	3.9083	6.11615	0.00521	0.39836	-0.15677	0.42813	0.07	-0.0	-0.0	-0.0	0.0	11.24331	1.84423	
159.0	9	12.99782	-0.14331	-0.48846	23457.7405	-0.04388	-881.90428	23474.31244	12.4273	-1609.54636	330.63346	1643.20187	0.07	-3.49835	1e-05	0.13152	3.50082	13.13914	0.50571	
159.0	77	12.5582	2.98796	1.39576	5123.3233	1360.67132	551.73465	5329.56651	46.87433	-26.81371	-369.14064	373.06969	0.07	-0.38733	-0.10287	-0.04171	0.40292	12.94511	0.62773	
159.0	97	9.50596	2.98414	8.32573	5.35922	1.77559	4.68976	7.33947	0.00653	0.47793	-0.18841	0.51376	0.07	-0.0	-0.0	-0.0	0.0	10.74795	1.75532	
160.0	9	12.99806	-0.14331	-0.48068	23445.96868	-0.04385	-867.46083	23462.01048	12.11735	-1609.29156	327.59235	1642.34068	0.07	-3.49596	1e-05	0.12934	3.49835	12.46291	0.47926	
160.0	77	12.55638	2.9877	1.41265	5077.24886	1348.35103	553.765	5282.34438	46.46573	-24.65088	-366.00375	369.76408	0.07	-0.38357	-0.10186	-0.04183	0.39906	12.28667	0.59588	
160.0	97	9.50646	2.98507	8.3248	6.65842	2.20593	5.82595	9.11825	0.0082	0.59371	-0.23418	0.63828	0.07	-0.0	-0.0	-0.0	0.0	10.25127	1.66899	
161.0	9	12.99841	-0.1433	-0.47089	23409.7354	-0.04379	-848.54855	23425.10931	11.79785	-1607.07067	325.56183	1639.75786	0.07	-3.4898	1e-05	0.1265	3.49209	11.78504	0.45871	
161.0	77	12.55422	2.98757	1.43205	5051.8662	1341.59736	558.99859	5256.77801	47.31585	-26.52292	-363.95486	367.97472	0.07	-0.38143	-0.10129	-0.04221	0.3969	11.62168	0.56307	
162.0	9	12.99867	-0.1433	-0.4636	23353.0502	-0.04368	-833.49251	23367.91954	11.52615	-1603.5002	323.0272	1635.75436	0.07	-3.48063	1e-05	0.12423	3.48285	11.10226	0.44116	
162.0	77	12.55245	2.98738	1.44809	5018.77439	1332.7614	561.90804	5223.03456	48.63761	-30.93574	-361.03992	365.61245	0.07	-0.37869	-0.10056	-0.0424	0.39411	10.96004	0.53005	
163.0	9	12.9989	-0.14329	-0.45691	23306.59892	-0.04358	-819.93479	23321.01727	11.29699	-1600.51769	321.20149	1632.46896	0.07	-3.4728	1e-05	0.12217	3.47495	10.41873	0.42719	
163.0	77	12.55075	2.98718	1.46293	5000.71872	1327.91244	565.95272	5204.88632	50.87076	-38.69925	-358.68928	364.33976	0.07	-0.37707	-0.10013	-0.04267	0.39246	10.2927	0.49648	
164.0	9	12.99914	-0.14329	-0.4501	23240.08653	-0.04345	-805.53789	23254.04295	11.04868	-1596.21221	318.84476	1627.78299	0.07	-3.46244	1e-05	0.12001	3.46452	9.73064	0.41332	
164.0	77	12.54913	2.987	1.47706	4982.01992	1322.89256	569.59306	5186.03928	53.42855	-47.99631	-355.84724	363.02275	0.07	-0.37544	-0.09969	-0.04292	0.39081	9.6198	0.46294	
165.0	9	12.99936	-0.1433	-0.44374	23205.10344	-0.04338	-793.08014	23218.65202	10.8403	-1594.00177	317.26873	1625.30569	0.07	-3.4566	1e-05	0.11814	3.45862	9.04178	0.39836	
165.0	77	12.54764	2.98681	1.49012	4979.97985	1322.2896	574.68456	5184.48758	56.31358	-58.34751	-353.73871	362.91421	0.07	-0.37503	-0.09958	-0.04328	0.39043	8.94674	0.42993	
166.0	9	12.99958	-0.14331	-0.4376	23175.73422	-0.04332	-781.24284	23188.89814	10.61512	-1592.33308	314.98817	1623.2236	0.07	-3.45175	1e-05	0.11636	3.45371	8.35182	0.38611	
166.0	77	12.54624	2.98663	1.50242	4985.68551	1323.7402	580.37177	5190.97096	60.23188	-73.04471	-350.8182	363.36871	0.07	-0.37522	-0.09962	-0.04368	0.39067	8.27527	0.39773	
166.0	95	5.33332	-0.1821	11.86323	0.00148	-0.0	0.00329	0.00361	-1e-05	0.00025	0.0	0.00025	0.07	-0.0	0.0	-0.0	0.0	4.65968	1.60581	
167.0	9	12.99978	-0.14332	-0.43184	23139.74728	-0.04325	-769.88909	23152.55134	10.3936	-1590.23531	312.47891	1620.6787	0.07	-3.44573	1e-05	0.11464	3.44764	7.65772	0.3705	
167.0	20	9.67552	2.80856	-8.19593	0.00066	0.00021	-0.00056	0.00089	1e-05	-6e-05	-2e-05	6e-05	0.07	-0.0	-0.0	0.0	0.0	4.95982	1.37665	
167.0	77	12.54496	2.98646	1.51359	4995.46745	1326.27727	586.08218	5201.65347	64.01203	-87.49824	-347.60159	364.11585	0.07	-0.37569	-0.09975	-0.04408	0.3912	7.59736	0.36585	
167.0	95	5.33387	-0.17946	11.86298	0.17616	0.0	0.39235	0.43008	-0.00137	0.03007	0.00061	0.03011	0.07	-0.0	-0.0	-0.0	0.0	4.32238	1.46303	
168.0	9	12.99997	-0.14333	-0.42648	23094.11144	-0.04316	-758.92546	23106.57809	10.15042	-1587.6445	308.96756	1617.46068	0.07	-3.43844	1e-05	0.113	3.4403	6.96187	0.35435	
168.0	77	12.54376	2.98628	1.52377	5009.85302	1330.02753	591.95708	5217.08863	68.23125	-104.21778	-343.29517	365.19642	0.07	-0.37609	-0.09985	-0.04444	0.39165	6.91812	0.3347	
168.0	95	5.33438	-0.17719	11.86276	0.48968	-0.0	1.09065	1.19553	-0.00404	0.08357	0.00181	0.08369	0.07	-0.0	0.0	-0.0	0.0	3.97986	1.31981	
169.0	9	13.00015	-0.14335	-0.42143	23043.62474	-0.04306	-748.4055	23055.77481	9.88653	-1584.88759	304.50042	1613.90425	0.07	-3.43042	1e-05	0.11141	3.43223	6.26483	0.33633	
169.0	77	12.54268	2.98609	1.53298	5028.76972	1334.97207	598.00552	5237.20211	72.67693	-122.44077	-337.82384	366.60418	0.07	-0.36929	-0.09804	-0.04392	0.3846	6.23589	0.30428	
169.0	95	5.33483	-0.17523	11.86255	0.86581	-0.0	1.92838	2.11383	-0.00756	0.14774	0.00339	0.14797	0.07	-0.0	0.0	-0.0	0.0	3.63596	1.17823	
170.0	9	13.00032	-0.14337	-0.41605	23006.70193	-0.04297	-737.63635	23018.52387	9.62704	-1583.02666	300.35737	1611.29781	0.07	-3.42437	1e-05	0.10979	3.42613	5.56477	0.31121	
170.0	77	12.54165	2.98593	1.54172	5043.57008	1338.83015	603.39648	5253.01368	76.11358	-136.77093	-332.735	367.71205	0.07	-0.3527	-0.09362	-0.0422	0.36735	5.54529	0.27338	
170.0	95	5.33527	-0.17348	11.86236	1.46547	0.0	3.264	3.57789	-0.01279	0.25006	0.00574	0.25045	0.07	-0.0	-0.0	-0.0	0.0	3.2946	1.0438	
171.0	9	13.00053	-0.14337	-0.40894	22964.73567	-0.04296	-722.96499	22976.11287	9.2565	-1581.17819	294.1235	1608.32795	0.07	-3.41748	1e-05	0.10759	3.41917	4.86335	0.2843	
171.0	77	12.54069	2.98579	1.54978	5049.24886	1340.28473	607.43024	5259.30116	79.39032	-151.29415	-326.10204	368.15117	0.07	-0.32798	-0.08706	-0.03946	0.34162	4.87632	0.24313	
171.0	95	5.33564	-0.17201	11.86219	1.27037	-0.0	2.82945	3.10155	-0.01285	0.21665	0.00577	0.21711	0.07	-0.0	0.0	-0.0	0.0	3.00658	0.91877	
172.0	9	13.00067	-0.14337	-0.40392	22912.6928	-0.04286	-712.10474	22923.7559	8.89081	-1578.91516	286.16592	1604.66292	0.07	-3.40911	1e-05	0.10595	3.41075	4.16268	0.25752	
172.0	77	12.53985	2.98568	1.55685	5069.20317	1345.54136	612.7798	5280.41678	83.65104	-170.80663	-316.94376	369.62921	0.07	-0.29616	-0.07861	-0.0358	0.3085	4.18625	0.21329	
172.0	95	5.3359	-0.17089	11.86207	1.82591	-0.0	4.0668	4.45789	-0.01869	0.31138	0.00839	0.31205	0.07	-0.0	0.0	-0.0	0.0	2.68659	0.78906	
173.0	9	13.00081	-0.14335	-0.39934	22855.31524	-0.04274	-702.25253	22866.1014	8.48021	-1576.61321	276.09052	1600.6271	0.07	-3.39321	1e-05	0.10426	3.39481	3.46315	0.22895	
173.0	77	12.53897	2.98564	1.56404	5093.878	1352.08788	618.7643	5306.46813	88.22141	-192.78561	-305.00471	371.4528	0.07	-0.2584	-0.06859	-0.03139	0.26919	3.5008	0.18385	
173.0	95	5.3362	-0.1698	11.86194	2.27728	0.0	5.07213	5.55991	-0.02446	0.38827	0.01098	0.38919	0.07	-0.0	-0.0	-0.0	0.0	2.37018	0.66209	
174.0	9	13.00094	-0.14331	-0.39479	22794.77878	-0.04262	-692.40441	22805.29244	7.98153	-1574.56038	262.85843	1596.37046	0.07	-3.15493	1e-05	0.09583	3.15638	2.79139	0.19942	
174.0	77	12.53812	2.98564	1.57098	5121.89749	1359.54779	625.07298	5336.00228	92.88318	-216.73928	-289.67935	373.52018	0.07	-0.21727	-0.05767	-0.02652	0.22636	2.84461	0.15585	
174.0	95	5.33648	-0.16887	11.86181	2.44948	-0.0	5.45567	5.98032	-0.02866	0.41744	0.01287	0.41862	0.07	-0.0	0.0	-0.0	0.0	2.06589	0.54234	
175.0	1	4.64325	-0.13982	-12.14996	0.00415	0.0	-0.01085	0.01161	-0.0	-0.00081	-0.0	0.00081	0.07	0.0	0.0	-0.0	-0.0	-0.11024	0.47499	
175.0	9	13.00105	-0.14327	-0.39074	22729.47754	-0.0425	-683.35477	22739.74765	7.37333	-1572.74443	245.3466	1591.78339	0.07	-2.6695	0.0	0.08026	2.67071	2.14953	0.16885	
175.0	20	9.75019	2.80027	-8.11016	0.02429	0.00788	-0.02022	0.03258	0.00026	-0.0022	-0.00054	0.00228	0.07	-0.0	-0.0	0.0	0.0	1.0453	0.4168	
175.0	77	12.5373	2.98567	1.57736	5158.26589	1369.2438	632.19369	5374.21664	97.65548	-243.33755	-269.76618	376.19616	0.07	-0.17412	-0.04622	-0.02134	0.18141	2.2155	0.12898	
175.0	95	5.33669	-0.16814	11.86172	2.42797	-0.0	5.40774	5.92779	-0.03182	0.41347	0.01429	0.41494	0.07	-0.0	0.0	-0.0	0.0	1.7611	0.42824	
176.0	9	13.00116	-0.14321	-0.3871	22656.90156	-0.04236	-674.90085	22666.95126	6.59148	-1571.1531	221.37941	1586.68659	0.07	-2.01533	0.0	0.06003	2.01623	1.52636	0.13577	
176.0	77	12.53654	2.98574	1.58319	5201.35739	1380.74331	639.94272	5419.41855	102.29764	-272.70983	-243.05975	379.35933	0.07	-0.12909	-0.03427	-0.01588	0.1345	1.60383	0.10211	
176.0	95	5.33684	-0.16759	11.86165	2.18315	0.0	4.86242	5.33004	-0.03354	0.37129	0.01506	0.3731	0.07	-0.0	-0.0	-0.0	0.0	1.45842	0.32004	
177.0	9	13.00126	-0.14314	-0.38378	22600.42317	-0.04224	-667.49937	22610.27825	4.83498	-1574.21408	163.80399	1582.72079	0.07	-1.26285	0.0	0.0373	1.2634	0.92181	0.10477	
177.0	77	12.53584	2.98585	1.58849	5243.64621	1392.04947	647.39833	5463.76719	100.57769	-294.16055	-182.12556	360.2999	0.06594	-0.08237	-0.02187	-0.01017	0.08582	1.00394	0.07964	
177.0	95	5.33695	-0.16721	11.8616	2.27495	0.0	5.06683	5.55411	-0.04006	0.38629	0.01799	0.38878	0.07	-0.0	-0.0	-0.0	0.0	1.15114	0.21187	
178.0	9	13.00137	-0.14306	-0.38013	22558.34953	-0.04217	-659.98474	22568.00198	1.72189	-1554.57993	58.95357	1555.69832	0.06893	-0.47152	0.0	0.0138	0.47172	0.33847	0.08975	
178.0	77	12.53513	2.98599	1.59378	5266.2884	1398.16122	652.4472	5487.65302	96.97965	-331.44208	-72.51674	352.87049	0.0643	-0.03563	-0.00946	-0.00441	0.03713	0.43026	0.0757	
178.0	95	5.33708	-0.16685	11.86154	2.72522	0.0	6.06958	6.65332	-0.06598	0.45985	0.02962	0.4655	0.06996	-0.0	-0.0	-0.0	0.0	0.89182	0.09812	
179.0	9	13.00153	-0.14298	-0.37508	22566.02891	-0.04218	-651.53517	22575.43264	-1.53997	-1518.07771	-53.23876	1519.01174	0.06729	0.33921	-0.0	-0.00979	-0.33935	-0.24317	0.08346	
179.0	77	12.53432	2.98615	1.59988	5255.52799	1395.42484	653.70926	5476.78014	90.69829	-362.43509	44.49002	376.25089	0.0687	0.0126	0.00335	0.00157	-0.01313	-0.1523	0.08865	
179.0	95	5.33739	-0.1663	11.8614	4.73536	0.0	10.54606	11.56041	-0.02558	-0.34026	0.01149	0.34142	0.02953	-0.0	-0.0	-0.0	0.0	0.60276	0.02893	
180.0	9	13.00175	-0.14291	-0.36763	22593.39258	-0.04222	-639.48654	22602.44082	-3.93192	-1506.90735	-138.81722	1513.29291	0.06695	1.17581	-0.0	-0.03328	-1.17628	-0.85717	0.08244	
180.0	77	12.53328	2.98632	1.60749	5228.19535	1388.30466	653.54273	5448.71861	76.15046	-349.31787	132.86073	381.41033	0.07	0.06293	0.01671	0.00787	-0.06558	-0.76697	0.11523	
180.0	95	5.33803	-0.16534	11.86112	8.42558	2e-05	18.7625	20.5675	0.08032	-1.43703	-0.03607	1.43972	0.07	-0.0	-0.0	-0.0	0.0	0.29688	0.1672	
181.0	9	13.00202	-0.14286	-0.35839	22635.30054	-0.04228	-624.70344	22643.91938	-5.25037	-1493.69355	-190.13917	1505.75592	0.0665	1.95561	-0.0	-0.05397	-1.95635	-1.48001	0.08113	
181.0	77	12.53214	2.9865	1.61597	5186.25908	1377.30993	651.88379	5405.4804	62.65141	-323.74609	185.57334	378.38366	0.07	0.1113	0.02956	0.01399	-0.11601	-1.37903	0.14668	
181.0	95	5.33894	-0.16408	11.86071	11.79346	4e-05	26.25776	28.78465	0.09959	-2.01197	-0.04473	2.01493	0.07	0.0	0.0	0.0	-0.0	-0.01011	0.30637	
182.0	9	13.00238	-0.14282	-0.34568	22532.08065	-0.04193	-599.70836	22540.06008	-5.86036	-1500.66796	-220.07884	1516.73115	0.06729	2.60248	-0.0	-0.06927	-2.6034	-2.10877	0.08348	
182.0	77	12.53078	2.98667	1.62605	5289.26224	1404.81988	669.18988	5513.40448	54.20104	-310.29026	222.98363	385.9268	0.07	0.17412	0.04625	0.02203	-0.1815	-2.17596	0.18888	
183.0	9	13.00302	-0.14279	-0.31899	22774.49759	-0.04243	-559.5241	22781.36975	-5.96554	-1452.19832	-242.70722	1472.35266	0.06463	3.11668	-1e-05	-0.07657	-3.11762	-2.74537	0.07644	
183.0	77	12.52791	2.987	1.64741	5058.59695	1343.8352	648.84105	5274.11517	43.12001	-277.83877	239.26163	369.18809	0.07	0.202	0.05366	0.02591	-0.21061	-2.65464	0.21758	
184.0	9	13.00343	-0.14277	-0.30156	22891.8536	-0.0426	-531.82025	22898.03035	-5.93165	-1402.49737	-255.21162	1425.54096	0.06226	3.38406	-1e-05	-0.07862	-3.38498	-3.41529	0.07145	
184.0	77	12.52618	2.98721	1.66026	4943.33603	1313.3712	639.2649	5154.62652	35.45025	-255.99172	251.80428	360.82389	0.07	0.23882	0.06345	0.03088	-0.24903	-3.29873	0.25487	
184.0	97	9.38738	3.00339	8.45199	0.36486	0.12204	0.32628	0.50446	0.00199	-0.03369	0.01037	0.03531	0.07	0.0	0.0	0.0	-0.0	-2.25771	0.59755	
185.0	9	13.00379	-0.14276	-0.28634	22977.02059	-0.04273	-506.977	22982.61301	-5.78664	-1358.60222	-262.14551	1383.67401	0.06021	3.40966	-1e-05	-0.07523	-3.41049	-4.11496	0.06767	
185.0	77	12.5248	2.98736	1.67039	4856.08693	1290.29608	632.03431	5064.17927	30.17773	-240.35223	258.81484	354.49262	0.07	0.27218	0.07232	0.03543	-0.28385	-3.96313	0.29573	
185.0	97	9.38928	3.0017	8.45049	1.42585	0.47709	1.27606	1.97205	0.00603	-0.13125	0.04233	0.13804	0.07	0.0	0.0	0.0	-0.0	-2.80457	0.70983	
186.0	9	13.00406	-0.14277	-0.27417	23014.62598	-0.04279	-486.24797	23019.76208	-5.64197	-1328.63844	-266.92351	1355.19744	0.05887	3.41482	-1e-05	-0.07215	-3.41558	-4.81691	0.06539	
186.0	77	12.5239	2.98744	1.6769	4812.80321	1278.84601	629.0039	5019.37922	26.77053	-230.50836	263.81939	351.35656	0.07	0.30284	0.08047	0.03958	-0.31583	-4.65341	0.33892	
186.0	97	9.39046	3.00047	8.44964	2.10806	0.70544	1.88706	2.91591	0.00785	-0.19377	0.06367	0.20411	0.07	0.0	0.0	0.0	-0.0	-3.3956	0.82812	
187.0	9	13.00439	-0.1428	-0.26018	23067.82346	-0.04267	-461.18289	23072.43309	-5.42613	-1291.99401	-271.2891	1320.18019	0.05722	3.42157	-1e-05	-0.06841	-3.42225	-5.51807	0.06272	
187.0	77	12.5234	2.98746	1.68062	4763.30063	1265.70062	624.02881	4967.94151	23.94864	-221.69534	266.85521	347.75575	0.07	0.32558	0.08651	0.04265	-0.33957	-5.33698	0.38158	
187.0	97	9.39108	2.99953	8.4493	1.85854	0.62197	1.66384	2.57087	0.00607	-0.17059	0.05699	0.17996	0.07	0.0	0.0	0.0	-0.0	-3.98298	0.94512	
188.0	9	13.00462	-0.14286	-0.24686	23116.49183	-0.04276	-438.53867	23120.65117	-5.18262	-1247.41458	-273.06772	1276.96358	0.05523	3.42946	-1e-05	-0.06506	-3.43008	-6.22033	0.05969	
188.0	77	12.52261	2.98748	1.68643	4703.74137	1249.8961	618.51926	4906.11753	21.3226	-213.09866	268.47213	343.42827	0.07	0.34055	0.09049	0.04478	-0.3552	-6.05006	0.42519	
188.0	97	9.39202	2.99835	8.44869	3.21365	1.07551	2.87731	4.44558	0.01002	-0.29485	0.09902	0.31119	0.07	0.0	0.0	0.0	-0.0	-4.60117	1.06477	
189.0	9	13.00488	-0.14294	-0.23185	23186.29101	-0.04288	-413.1587	23189.97178	-4.87657	-1196.81295	-273.54672	1227.68596	0.05294	3.43994	-1e-05	-0.0613	-3.44048	-6.92116	0.0564	
189.0	77	12.52176	2.98749	1.69266	4634.00039	1231.37873	611.77676	4833.68638	19.00789	-204.95329	268.54986	338.35806	0.07	0.34516	0.09172	0.04557	-0.36004	-6.73307	0.46771	
189.0	97	9.39291	2.99713	8.44816	3.19255	1.0685	2.85869	4.41658	0.00875	-0.29256	0.09958	0.30916	0.07	0.0	0.0	0.0	-0.0	-5.17309	1.17898	
190.0	9	13.00511	-0.14304	-0.21851	23227.97864	-0.04296	-390.17916	23231.25549	-4.60999	-1159.67748	-274.31204	1191.68796	0.0513	3.44632	-1e-05	-0.05789	-3.4468	-7.62204	0.05415	
190.0	77	12.52119	2.98746	1.6969	4590.03076	1219.67908	607.63287	4788.02853	17.31923	-199.18799	268.99402	335.16204	0.07	0.34337	0.09124	0.04546	-0.35818	-7.40593	0.51045	
190.0	95	5.16792	-0.17468	11.93621	0.04458	0.0	0.10261	0.11187	0.00021	-0.00783	-9e-05	0.00783	0.07	0.0	0.0	0.0	-0.0	-3.22262	1.6987	
190.0	97	9.39336	2.99608	8.44805	2.62455	0.87842	2.3502	3.63088	0.00638	-0.24026	0.08267	0.25416	0.07	0.0	0.0	0.0	-0.0	-5.70831	1.29056	
191.0	9	13.00533	-0.14315	-0.20573	23289.01799	-0.0431	-368.40707	23291.9317	-4.34138	-1115.57176	-274.31178	1148.81076	0.04932	3.45563	-1e-05	-0.05466	-3.45606	-8.31924	0.05154	
191.0	77	12.52079	2.98741	1.69997	4537.62444	1205.72055	601.91479	4733.50811	15.77889	-193.44696	268.55015	331.34557	0.07	0.33923	0.09014	0.045	-0.35387	-8.08656	0.55307	
191.0	95	5.17097	-0.17374	11.93489	1.15851	1e-05	2.66666	2.90744	0.0053	-0.20344	-0.0023	0.20352	0.07	0.0	0.0	0.0	-0.0	-3.57651	1.85352	
191.0	97	9.39361	2.99509	8.44813	2.42247	0.81079	2.16929	3.35136	0.0054	-0.2216	0.07679	0.23459	0.07	0.0	0.0	0.0	-0.0	-6.26729	1.40362	
192.0	9	13.00553	-0.14327	-0.1935	23355.2447	-0.04325	-347.58499	23357.83103	-4.07318	-1065.99918	-273.55634	1100.5471	0.04712	3.46578	-1e-05	-0.05158	-3.46616	-9.01404	0.04873	
192.0	77	12.52053	2.98733	1.70197	4478.00517	1189.82929	594.82202	4671.40635	14.37634	-187.75451	267.33789	326.99845	0.07	0.33454	0.08889	0.04444	-0.34899	-8.76162	0.59525	
192.0	95	5.17392	-0.17269	11.93361	3.42013	3e-05	7.87249	8.58332	0.01485	-0.60061	-0.00645	0.60083	0.07	0.0	0.0	0.0	-0.0	-3.92486	2.00654	
192.0	97	9.3937	2.99413	8.44839	1.81271	0.6067	1.62323	2.50776	0.00368	-0.16571	0.05782	0.17554	0.07	0.0	0.0	0.0	-0.0	-6.81892	1.51535	
193.0	9	13.00571	-0.1434	-0.18145	23421.03249	-0.04339	-326.98615	23423.31494	-3.79837	-1009.25241	-271.9319	1045.25203	0.04462	3.47594	-1e-05	-0.04853	-3.47628	-9.70671	0.04568	
193.0	77	12.52037	2.98723	1.70334	4406.24192	1170.69565	585.87648	4596.60173	13.02714	-181.74873	265.19534	321.76214	0.07	0.32893	0.08739	0.04374	-0.34314	-9.43082	0.63692	
193.0	95	5.17673	-0.17144	11.93239	6.57704	6e-05	15.14233	16.50902	0.02637	-1.15527	-0.01145	1.15563	0.07	0.0	0.0	0.0	-0.0	-4.25462	2.15592	
193.0	97	9.39366	2.99319	8.44879	1.04975	0.35134	0.93998	1.45223	0.00191	-0.09589	0.0337	0.10166	0.07	0.0	0.0	0.0	-0.0	-7.3558	1.62501	
194.0	9	13.00588	-0.14354	-0.16935	23503.67356	-0.04356	-306.44122	23505.67117	-3.51624	-945.85307	-269.55732	983.51998	0.04184	3.48867	-1e-05	-0.04549	-3.48897	-10.39541	0.04239	
194.0	77	12.52032	2.98713	1.7039	4324.92474	1149.01805	575.35011	4511.78947	11.75855	-175.58011	262.25746	315.82529	0.07	0.32259	0.0857	0.04291	-0.33653	-10.10226	0.67827	
194.0	95	5.1809	-0.17028	11.93057	10.28524	8e-05	23.6778	25.8152	0.03979	-1.80654	-0.01728	1.80706	0.07	0.0	0.0	0.0	-0.0	-4.59805	2.30597	
194.0	97	9.3935	2.99222	8.44933	0.65147	0.21803	0.58331	0.90122	0.00108	-0.05947	0.02102	0.06309	0.07	0.0	0.0	0.0	-0.0	-7.90378	1.73489	
195.0	9	13.00615	-0.1437	-0.14678	23554.31926	-0.04369	-265.98599	23555.82103	-3.04341	-903.53812	-269.36014	942.83895	0.04003	3.49768	-1e-05	-0.0395	-3.4979	-11.0847	0.0403	
195.0	77	12.5193	2.98711	1.7114	4277.59752	1136.44095	571.77256	4462.76399	10.54953	-171.10283	261.15563	312.39355	0.07	0.3189	0.08472	0.04263	-0.3327	-10.82252	0.72126	
195.0	97	9.39425	2.99068	8.44907	5.98491	2.00314	5.35957	8.2799	0.01066	-0.54665	0.19241	0.57962	0.07	0.0	0.0	0.0	-0.0	-8.51123	1.84954	
196.0	9	13.00638	-0.14386	-0.12519	23721.34616	-0.04397	-228.54715	23722.44713	-2.54087	-807.05661	-263.5665	849.00774	0.03579	3.52203	-1e-05	-0.03393	-3.52219	-11.76667	0.03559	
196.0	77	12.51839	2.98708	1.71813	4131.99062	1097.73771	554.68368	4311.15397	8.97896	-162.28191	254.27466	301.78079	0.07	0.3077	0.08175	0.04131	-0.32104	-11.46609	0.76032	
196.0	97	9.39473	2.98922	8.44908	4.00004	1.33893	3.58282	5.5344	0.0058	-0.36492	0.1299	0.3874	0.07	0.0	0.0	0.0	-0.0	-9.02025	1.95084	
197.0	9	13.00655	-0.14402	-0.10557	23843.26198	-0.04423	-193.64387	23844.04831	-2.10801	-724.81374	-259.3924	769.83363	0.03229	3.54135	-1e-05	-0.02876	-3.54147	-12.4453	0.03182	
197.0	77	12.51784	2.98702	1.72226	4023.4849	1068.85794	541.57739	4198.11792	7.79986	-155.6098	249.16503	293.8681	0.07	0.29939	0.07953	0.0403	-0.31238	-12.11238	0.79989	
197.0	97	9.39486	2.98789	8.44943	2.64707	0.88608	2.37117	3.66259	0.00334	-0.24131	0.08645	0.25635	0.07	0.0	0.0	0.0	-0.0	-9.54386	2.05556	
198.0	9	13.00667	-0.1442	-0.08888	23937.10971	-0.04435	-163.50247	23937.6681	-1.7513	-654.47088	-256.21721	702.83886	0.02936	3.55523	-1e-05	-0.02428	-3.55531	-13.11997	0.02876	
198.0	77	12.51774	2.9869	1.7232	3934.97107	1045.25296	530.07498	4105.79232	6.89976	-150.19162	244.9425	287.40556	0.07	0.29244	0.07768	0.03939	-0.30513	-12.7596	0.83903	
199.0	9	13.00677	-0.1444	-0.07369	24024.0814	-0.04449	-135.95437	24024.46609	-1.43528	-586.38297	-253.43256	638.80756	0.02659	3.56849	-1e-05	-0.02019	-3.56854	-13.79053	0.0259	
199.0	77	12.51789	2.98675	1.72243	3859.35892	1025.05757	519.75327	4026.85209	6.13189	-145.47022	241.3649	281.87976	0.07	0.28646	0.07608	0.03858	-0.29889	-13.41331	0.87821	
200.0	9	13.00684	-0.1446	-0.06011	24085.69335	-0.04459	-111.21514	24085.95012	-1.16291	-531.20763	-251.63603	587.79553	0.0244	3.57832	-1e-05	-0.01652	-3.57835	-14.45705	0.02368	
200.0	77	12.51826	2.98656	1.72006	3807.58876	1011.17871	512.1518	3972.72124	5.51364	-141.8714	239.11598	278.09054	0.07	0.28226	0.07496	0.03797	-0.29451	-14.0555	0.91709	
201.0	9	13.00684	-0.14482	-0.04626	24155.3375	-0.0447	-85.95303	24155.49042	-0.88869	-474.54505	-249.50177	536.13891	0.0222	3.58937	-1e-05	-0.01277	-3.5894	-15.11961	0.02147	
201.0	77	12.51865	2.98637	1.71753	3750.6012	995.91286	503.82462	3913.14338	4.87616	-138.03206	236.54931	273.92007	0.07	0.27768	0.07373	0.0373	-0.28972	-14.69989	0.95568	
202.0	9	13.00684	-0.14503	-0.03139	24243.49027	-0.04484	-58.41464	24243.56065	-0.59539	-408.67427	-246.78549	477.40768	0.01969	3.6031	-1e-05	-0.00868	-3.60311	-15.77747	0.01898	
202.0	77	12.51907	2.98618	1.71477	3678.71485	976.68754	493.45271	3838.01473	4.2164	-133.61932	233.03833	268.66106	0.07	0.272	0.07221	0.03648	-0.28377	-15.33895	0.99348	
203.0	1	5.016	-0.18929	-12.00087	0.00146	0.0	-0.00349	0.00379	-0.0	0.00027	-0.0	0.00027	0.07	0.0	0.0	-0.0	-0.0	-5.3221	3.26743	
203.0	9	13.00684	-0.14525	-0.01628	24344.19693	-0.04501	-30.72056	24344.21631	-0.30714	-335.93485	-242.89421	414.54784	0.01703	3.61874	-1e-05	-0.00457	-3.61874	-16.43026	0.01636	
203.0	77	12.5194	2.98599	1.71272	3595.44971	954.44872	481.79731	3751.04781	3.56986	-128.90626	228.72518	262.57338	0.07	0.26547	0.07047	0.03557	-0.27696	-15.97174	1.03078	
203.0	95	5.00208	-0.19305	12.00663	0.24432	-1e-05	0.58673	0.63556	0.00078	-0.04448	-0.00032	0.04449	0.07	0.0	-0.0	0.0	-0.0	-7.35084	3.61872	
203.0	97	9.38905	2.97926	8.45915	0.00923	0.00309	0.00825	0.01276	1e-05	-0.00084	0.00031	0.00089	0.07	0.0	0.0	0.0	-0.0	-12.68537	2.67298	
204.0	9	13.00684	-0.14548	-0.00189	24463.31998	-0.0452	-4.13502	24463.32033	-0.04076	-257.44022	-238.33684	350.82747	0.01434	3.63714	-1e-05	-0.00061	-3.63714	-17.0777	0.01374	
204.0	77	12.51989	2.98578	1.70955	3501.57861	929.38482	468.43014	3652.97628	2.96435	-123.90112	223.66603	255.70837	0.07	0.25816	0.06852	0.03454	-0.26933	-16.5903	1.06718	
204.0	95	5.00403	-0.18337	12.00581	1.69711	-9e-05	4.07563	4.41486	0.0048	-0.309	-0.00201	0.30904	0.07	0.0	-0.0	0.0	-0.0	-7.64421	3.75311	
205.0	9	13.00686	-0.1457	0.01141	24569.05323	-0.04537	20.63197	24569.06189	0.19597	-177.40037	-233.75038	293.44534	0.01194	3.65357	-1e-05	0.00307	-3.65357	-17.72087	0.01142	
205.0	77	12.52061	2.98555	1.70471	3409.56702	904.80792	454.88427	3556.78848	2.43799	-119.1	218.62733	248.97523	0.07	0.251	0.06661	0.03349	-0.26184	-17.20605	1.10314	
205.0	95	5.00597	-0.16678	12.00501	3.86832	-0.0002	9.28983	10.06305	0.00973	-0.70433	-0.00407	0.70441	0.07	0.0	-0.0	0.0	-0.0	-7.94942	3.88898	
206.0	9	13.00691	-0.14595	0.02168	24640.30939	-0.04549	39.93816	24640.34175	0.37433	-111.37324	-231.07509	256.51479	0.01041	3.66508	-1e-05	0.00594	-3.66508	-18.3586	0.00995	
206.0	77	12.5218	2.98527	1.69646	3352.22941	889.40882	445.08546	3496.65428	2.10423	-115.83017	215.61367	244.76583	0.07	0.24639	0.06537	0.03271	-0.25701	-17.81751	1.13877	
206.0	95	5.00782	-0.14874	12.00424	6.58979	-0.00034	15.82598	17.14313	0.01505	-1.19991	-0.00629	1.20002	0.07	0.0	-0.0	0.0	-0.0	-8.2803	4.02909	
207.0	1	4.98197	-0.17536	-12.01503	0.16196	-0.0	-0.38895	0.42132	-1e-05	0.02949	-1e-05	0.02949	0.07	0.0	-0.0	-0.0	-0.0	-5.99842	3.7928	
207.0	9	13.00692	-0.1462	0.03045	24727.35642	-0.04564	56.72999	24727.42149	0.52231	-36.32788	-227.69243	230.57283	0.00932	3.67914	-1e-05	0.00844	-3.67915	-18.99075	0.0089	
207.0	77	12.52331	2.98494	1.68598	3279.04105	869.79278	432.67005	3419.92003	1.76582	-111.92184	211.61303	239.39443	0.07	0.24063	0.06383	0.03175	-0.25097	-18.4252	1.17367	
207.0	95	5.00904	-0.14278	12.00373	11.69993	-0.00065	28.11227	30.44976	0.02501	-2.13131	-0.01046	2.13148	0.07	0.0	-0.0	0.0	-0.0	-8.59639	4.1666	
208.0	1	4.98188	-0.1725	-12.01506	0.30732	-0.0	-0.73803	0.79946	8e-05	0.05596	3e-05	0.05596	0.07	0.0	-0.0	-0.0	-0.0	-6.16834	3.91974	
208.0	9	13.0069	-0.14647	0.03896	24829.14659	-0.04583	73.8101	24829.2563	0.66641	47.12297	-224.14566	229.04649	0.00922	3.69565	-1e-05	0.01099	-3.69566	-19.61748	0.00881	
208.0	77	12.52514	2.98456	1.67309	3190.83078	846.17962	417.77967	3327.45562	1.41212	-107.37374	206.69182	232.92192	0.07	0.23378	0.062	0.03061	-0.24379	-19.02777	1.20758	
208.0	95	5.00899	-0.14208	12.00375	17.94207	-0.00115	43.15556	46.73671	0.0359	-3.27134	-0.01501	3.27157	0.07	0.0	-0.0	1e-05	-1e-05	-8.90086	4.30187	
209.0	9	13.00682	-0.14675	0.06667	24831.37496	-0.04594	127.24898	24831.701	1.16377	70.37119	-227.07183	237.72899	0.00957	3.69737	-1e-05	0.01895	-3.69742	-20.25173	0.00914	
209.0	77	12.52474	2.9844	1.67637	3218.05766	853.32684	422.3237	3355.95279	0.93251	-107.01503	209.12381	234.9167	0.07	0.23547	0.06244	0.0309	-0.24556	-19.69184	1.24392	
210.0	9	13.00674	-0.14704	0.07975	24909.72802	-0.04606	152.44287	24910.19448	1.37197	137.2426	-224.14275	262.82577	0.01055	3.71043	-1e-05	0.02271	-3.7105	-20.86973	0.01008	
210.0	77	12.52588	2.98408	1.66847	3157.99465	837.23102	412.5151	3293.03123	0.58457	-103.65126	205.89304	230.51219	0.07	0.23072	0.06117	0.03014	-0.24059	-20.27003	1.27688	
211.0	9	13.00667	-0.14734	0.08981	24941.77336	-0.04607	171.67227	24942.36415	1.54149	173.3649	-223.91238	283.18637	0.01135	3.71671	-1e-05	0.02558	-3.71679	-21.4812	0.01086	
211.0	77	12.52744	2.98371	1.65733	3145.97578	833.8538	408.19189	3280.10615	0.35888	-102.0424	205.68618	229.60746	0.07	0.22949	0.06083	0.02978	-0.23928	-20.85621	1.31007	
212.0	9	13.00661	-0.14764	0.0992	24951.81786	-0.04602	189.46387	24952.53716	1.70439	210.84265	-224.41145	307.92535	0.01234	3.71976	-1e-05	0.02824	-3.71986	-22.08646	0.01181	
212.0	77	12.52927	2.98326	1.64419	3145.95831	833.62892	404.91683	3279.62627	0.13765	-100.7241	206.29789	229.57391	0.07	0.22913	0.06072	0.02949	-0.23886	-21.44765	1.34268	
213.0	9	13.00655	-0.14794	0.1086	24979.72501	-0.04603	207.39327	24980.58593	1.86355	251.72105	-224.40209	337.22879	0.0135	3.72553	-1e-05	0.03093	-3.72566	-22.68338	0.01293	
213.0	77	12.5308	2.98295	1.63303	3139.97842	831.87852	401.40081	3273.01221	-0.08562	-99.30412	206.47146	229.11084	0.07	0.22837	0.0605	0.02919	-0.23805	-22.01779	1.37471	
214.0	9	13.00645	-0.14825	0.11846	25018.30026	-0.04602	226.41419	25019.32476	2.02742	297.71874	-223.96479	372.55978	0.01489	3.73301	-1e-05	0.03378	-3.73317	-23.2743	0.01428	
214.0	77	12.53237	2.98265	1.62161	3124.99438	827.74431	396.68951	3257.00984	-0.33139	-97.51302	206.08419	227.99033	0.07	0.22697	0.06012	0.02881	-0.23655	-22.59531	1.40616	
214.0	95	4.83937	-0.08636	12.07318	0.1534	1e-05	0.38203	0.41168	0.00031	-0.02882	-0.00013	0.02882	0.07	0.0	0.0	0.0	-0.0	-10.36642	5.10155	
215.0	9	13.00636	-0.14856	0.12693	25072.52043	-0.04617	243.08312	25073.69877	2.15421	358.40402	-222.12521	421.66064	0.01682	3.74275	-1e-05	0.03629	-3.74293	-23.85724	0.01616	
215.0	77	12.53419	2.98231	1.60825	3082.53049	816.31848	388.05707	3212.31356	-0.57938	-94.75203	203.92308	224.86197	0.07	0.22356	0.0592	0.02814	-0.23297	-23.13972	1.43637	
215.0	95	4.84254	-0.10033	12.0719	2.82773	0.00011	7.04223	7.58874	0.00533	-0.53118	-0.00213	0.53121	0.07	0.0	0.0	0.0	-0.0	-10.60466	5.22144	
215.0	97	9.50324	2.94259	8.34456	0.00073	0.00024	0.00064	0.001	0.0	-7e-05	2e-05	7e-05	0.07	0.0	0.0	0.0	-0.0	-18.62806	3.74719	
216.0	9	13.00629	-0.14888	0.13308	25128.23887	-0.04626	255.37443	25129.5365	2.24225	418.24208	-220.55644	472.83888	0.01882	3.7528	-1e-05	0.03814	-3.753	-24.43149	0.01812	
216.0	77	12.53634	2.98193	1.59234	3045.53053	806.32027	379.56366	3173.24395	-0.78553	-92.169	202.10072	222.12709	0.07	0.22054	0.05839	0.02749	-0.22979	-23.69109	1.46609	
216.0	95	4.84539	-0.10938	12.07076	7.16821	0.00028	17.85188	19.23727	0.01282	-1.34654	-0.00513	1.34661	0.07	0.0	0.0	0.0	-0.0	-10.86702	5.3429	
217.0	9	13.00613	-0.1492	0.14864	25119.25022	-0.04615	285.61323	25120.87392	2.54745	437.7759	-223.97326	491.75019	0.01958	3.75289	-1e-05	0.04267	-3.75314	-25.00529	0.01887	
217.0	77	12.53763	2.98162	1.58276	3084.74913	816.5434	382.16564	3213.79384	-1.0914	-91.96598	205.30601	224.96553	0.07	0.22303	0.05904	0.02763	-0.23236	-24.28965	1.49699	
218.0	9	13.00602	-0.14953	0.15933	25173.75458	-0.04622	306.90339	25175.6253	2.71651	494.74642	-222.74726	542.58432	0.02155	3.76328	-1e-05	0.04588	-3.76356	-25.56761	0.02083	
218.0	77	12.53945	2.98123	1.56912	3051.03953	807.42582	374.71852	3178.23735	-1.3621	-89.39769	203.72041	222.47653	0.07	0.22028	0.0583	0.02705	-0.22947	-24.8087	1.5248	
219.0	9	13.006	-0.14985	0.16097	25324.78791	-0.04647	311.85523	25326.70797	1.86561	592.54762	-151.41247	611.58965	0.02415	3.78749	-1e-05	0.04664	-3.78778	-26.12703	0.02343	
219.0	77	12.54236	2.98068	1.54662	2931.67338	775.56919	354.80792	3053.21225	-1.53388	-84.08852	196.48178	213.72488	0.07	0.21128	0.05589	0.02557	-0.22004	-25.25715	1.55216	
220.0	9	13.00592	-0.15018	0.16642	25335.10092	-0.04645	322.48375	25337.15324	1.76826	631.25596	-138.82791	646.34387	0.02551	3.79084	-1e-05	0.04825	-3.79115	-26.67292	0.0248	
220.0	77	12.54474	2.98022	1.5282	2939.70099	777.46249	351.49908	3061.01968	-1.68477	-82.94758	197.55775	214.27133	0.07	0.2115	0.05594	0.02529	-0.22023	-25.8875	1.58313	
221.0	9	13.00578	-0.15051	0.17628	25380.98083	-0.04649	342.16504	25383.28712	1.85674	680.39009	-137.63621	694.17422	0.02735	3.79956	-1e-05	0.05122	-3.7999	-27.21295	0.02668	
221.0	77	12.54641	2.97995	1.51511	2913.1117	770.28128	345.34414	3032.95493	-1.8974	-80.8353	196.30636	212.30669	0.07	0.20929	0.05534	0.02481	-0.2179	-26.40021	1.61011	
222.0	9	13.00565	-0.15082	0.18591	25431.64181	-0.04655	361.53275	25434.21143	1.94685	726.11212	-136.85585	738.89926	0.02905	3.8088	-1e-05	0.05415	-3.80919	-27.74254	0.02843	
222.0	13	10.25842	2.85798	-7.43238	0.00865	0.00266	-0.00626	0.011	-1e-05	0.00072	0.00029	0.00077	0.07	0.0	0.0	-0.0	-0.0	-20.64378	3.89744	
222.0	77	12.54807	2.9797	1.50173	2891.99397	764.55553	339.81834	3010.58978	-2.10594	-78.88632	195.40831	210.7413	0.07	0.20749	0.05485	0.02438	-0.216	-26.90281	1.63648	
223.0	9	13.0055	-0.15113	0.19505	25479.71851	-0.04661	379.9858	25482.55176	2.03493	769.62848	-136.35687	781.61713	0.03067	3.8177	-1e-05	0.05693	-3.81812	-28.26436	0.03012	
223.0	77	12.54978	2.97945	1.48765	2876.17121	760.23097	334.7962	2993.72685	-2.31211	-77.06727	194.86165	209.56091	0.07	0.20608	0.05447	0.02399	-0.2145	-27.40533	1.66247	
224.0	9	13.00534	-0.15143	0.20465	25541.38324	-0.04669	399.65078	25544.50975	2.11674	817.61243	-135.18365	828.71539	0.03244	3.82881	-1e-05	0.05991	-3.82928	-28.77711	0.03199	
224.0	77	12.55148	2.97921	1.47366	2848.94979	752.89867	328.51541	2965.01158	-2.52091	-74.91085	193.54413	207.55077	0.07	0.20387	0.05388	0.02351	-0.21217	-27.89308	1.68752	
224.0	95	4.6707	-0.12479	12.13944	0.01056	0.0	0.0273	0.02927	2e-05	-0.00205	-1e-05	0.00205	0.07	0.0	0.0	0.0	-0.0	-12.3067	6.25918	
225.0	9	13.0052	-0.15172	0.21256	25589.77391	-0.04675	415.8093	25593.15194	2.16828	872.82752	-133.34224	882.95681	0.0345	3.83732	-1e-05	0.06235	-3.83782	-29.28327	0.03419	
225.0	77	12.55336	2.97898	1.45821	2812.0451	743.00361	320.86029	2926.19263	-2.7026	-72.49387	191.55705	204.83352	0.07	0.20094	0.05309	0.02293	-0.20909	-28.3737	1.71211	
225.0	95	4.67534	-0.13131	12.13764	1.68492	0.0	4.36245	4.67653	0.00249	-0.32735	-0.00096	0.32736	0.07	0.0	0.0	0.0	-0.0	-12.47565	6.35696	
226.0	9	13.0051	-0.15201	0.21881	25616.31395	-0.04677	428.3998	25619.89592	2.23017	916.91067	-133.25385	926.54559	0.03617	3.84275	-1e-05	0.06427	-3.84329	-29.77887	0.036	
226.0	77	12.55729	2.9778	1.42664	2800.03918	739.40062	312.38999	2912.81998	-2.88671	-69.97248	191.49329	203.89743	0.07	0.19962	0.05271	0.02227	-0.20766	-28.84956	1.73303	
226.0	95	4.67907	-0.13703	12.1362	4.81694	0.0	12.47605	13.37365	0.00649	-0.93613	-0.00251	0.93616	0.07	0.0	0.0	0.0	-0.0	-12.67354	6.45757	
227.0	9	13.00502	-0.15229	0.22336	25638.59857	-0.04679	437.58782	25642.33257	2.26754	957.82511	-132.75448	966.98389	0.03771	3.84749	-1e-05	0.06567	-3.84805	-30.26459	0.0377	
227.0	77	12.55956	2.97748	1.40715	2784.74974	735.18129	306.41551	2896.41383	-3.02713	-68.11562	190.94046	202.749	0.07	0.19822	0.05233	0.02181	-0.20616	-29.3183	1.75645	
227.0	95	4.68217	-0.14216	12.135	8.274	0.0	21.43192	22.9736	0.01042	-1.60811	-0.00402	1.60815	0.07	0.0	0.0	0.0	-0.0	-12.88356	6.5591	
228.0	9	13.00472	-0.15257	0.24084	25645.37858	-0.0467	472.66434	25649.73399	2.47508	985.75842	-134.1934	994.85358	0.03879	3.84968	-1e-05	0.07095	-3.85033	-30.7475	0.0389	
228.0	13	10.31276	2.87685	-7.34879	0.00034	0.0001	-0.00024	0.00042	-0.0	3e-05	1e-05	3e-05	0.07	0.0	0.0	-0.0	-0.0	-23.09918	4.3253	
228.0	77	12.56076	2.97729	1.39678	2788.92436	736.15751	304.6577	2900.49018	-3.36913	-66.60012	191.77073	203.03434	0.07	0.19822	0.05232	0.02165	-0.20615	-29.79419	1.77944	
229.0	9	13.00456	-0.15283	0.25014	25687.31297	-0.04673	492.45375	25692.03297	2.55974	1036.10532	-133.42277	1044.66378	0.04066	3.85706	-1e-05	0.07394	-3.85777	-31.21529	0.04103	
229.0	77	12.56273	2.97707	1.37964	2756.52343	727.44902	297.4221	2866.36763	-3.54908	-64.25315	190.04644	200.64574	0.07	0.19561	0.05162	0.02111	-0.20341	-30.25054	1.80139	
230.0	1	5.14687	-0.17092	-11.94531	0.06916	0.0	-0.16036	0.17464	-0.0	0.01222	-0.0	0.01222	0.07	0.0	0.0	-0.0	-0.0	-10.59668	6.49236	
230.0	9	13.00437	-0.15307	0.25869	25715.83762	-0.04673	509.95413	25720.89341	2.63532	1079.00354	-132.79418	1087.14758	0.04227	3.86239	-1e-05	0.07659	-3.86315	-31.6729	0.04288	
230.0	77	12.56458	2.97689	1.3633	2737.25515	722.22575	291.85017	2845.9361	-3.70683	-62.38936	189.15777	199.21555	0.07	0.19397	0.05118	0.02068	-0.20167	-30.68739	1.82282	
231.0	1	5.14737	-0.19261	-11.94509	0.68858	-0.0	-1.59656	1.73872	-6e-05	0.12171	-3e-05	0.12171	0.07	0.0	-0.0	-0.0	-0.0	-10.79125	6.59571	
231.0	9	13.00419	-0.1533	0.26636	25706.85145	-0.04666	524.97643	25712.21134	2.73964	1104.80766	-134.05542	1112.91434	0.04328	3.86211	-1e-05	0.07887	-3.86291	-32.12108	0.04408	
231.0	77	12.56647	2.97669	1.34584	2747.78981	724.86361	289.22119	2856.47072	-3.88126	-61.22113	190.31055	199.95298	0.07	0.19444	0.05129	0.02047	-0.20213	-31.11102	1.84363	
232.0	1	5.15046	-0.19693	-11.94376	0.78239	0.0	-1.81227	1.97395	-0.00015	0.13818	-6e-05	0.13818	0.07	0.0	0.0	-0.0	-0.0	-11.00838	6.69762	
232.0	9	13.00404	-0.15351	0.27261	25679.92997	-0.04659	536.84795	25685.54086	2.85989	1117.68505	-136.70505	1126.01791	0.04384	3.85905	-1e-05	0.08067	-3.85989	-32.55966	0.04474	
232.0	77	12.56862	2.97644	1.32607	2779.59162	733.09171	288.25179	2889.05557	-4.05224	-60.49603	192.93097	202.2339	0.07	0.19642	0.0518	0.02037	-0.20416	-31.53537	1.86407	
233.0	1	5.155	-0.19662	-11.9418	0.86915	0.0	-2.01104	2.19082	-0.00013	0.15336	-5e-05	0.15336	0.07	0.0	0.0	-0.0	-0.0	-11.23368	6.79844	
233.0	9	13.0039	-0.1537	0.27861	25642.85356	-0.0465	548.04207	25648.7093	2.98911	1125.47064	-139.76468	1134.1196	0.04422	3.85441	-1e-05	0.08238	-3.85529	-32.98812	0.04519	
233.0	77	12.5708	2.97619	1.30586	2816.90248	742.7723	287.64932	2927.35246	-4.22892	-59.84145	195.93661	204.91471	0.07	0.1988	0.05242	0.0203	-0.20659	-31.93975	1.88363	
234.0	1	5.15907	-0.19401	-11.94005	0.75966	0.0	-1.75649	1.91372	-0.00011	0.13396	-5e-05	0.13396	0.07	0.0	0.0	-0.0	-0.0	-11.4296	6.89395	
234.0	9	13.00377	-0.15388	0.28431	25604.80902	-0.0464	558.57933	25610.90112	3.11962	1133.03724	-142.90682	1142.01816	0.04459	3.84957	-1e-05	0.08398	-3.85049	-33.40675	0.04564	
234.0	77	12.57298	2.97597	1.28525	2855.33873	752.75228	286.95527	2966.80612	-4.41081	-59.14031	199.0288	207.67642	0.07	0.20126	0.05306	0.02023	-0.20911	-32.34105	1.90278	
235.0	9	13.00366	-0.15405	0.28918	25564.88701	-0.04629	567.15179	25571.17731	3.24125	1138.58074	-146.00928	1147.90911	0.04489	3.84445	-1e-05	0.08529	-3.84539	-33.81535	0.046	
235.0	77	12.57514	2.97578	1.26448	2896.93656	763.56837	286.4175	3009.53702	-4.59011	-58.48219	202.33542	210.66765	0.07	0.20394	0.05375	0.02016	-0.21186	-32.73052	1.92144	
236.0	9	13.00353	-0.15421	0.29458	25508.723	-0.04617	576.70493	25515.24128	3.38754	1141.83923	-149.74576	1151.62151	0.04513	3.8367	-1e-05	0.08674	-3.83769	-34.21433	0.04629	
236.0	77	12.57732	2.9756	1.24322	2942.67398	775.47206	286.03644	3056.55099	-4.78942	-57.79136	205.9503	213.95865	0.07	0.2069	0.05452	0.02011	-0.21491	-33.12901	1.93991	
236.0	97	9.70951	3.00074	8.08089	0.03519	0.01144	0.02946	0.0473	-4e-05	-0.00307	0.00124	0.00331	0.07	0.0	0.0	0.0	-0.0	-26.69013	5.07572	
237.0	9	13.00339	-0.15436	0.30066	25472.08622	-0.04608	588.05012	25478.87319	3.52472	1149.64997	-152.58753	1159.73722	0.04552	3.83195	-1e-05	0.08846	-3.83297	-34.6017	0.04676	
237.0	77	12.57949	2.97541	1.2216	2973.5561	783.4526	284.00192	3088.12094	-4.97689	-56.70596	208.53904	216.1686	0.07	0.20882	0.05502	0.01994	-0.21686	-33.49633	1.95699	
237.0	97	9.70935	2.99805	8.08212	0.00477	0.00155	0.00399	0.00641	-0.0	-0.00042	0.00017	0.00045	0.07	0.0	0.0	0.0	-0.0	-26.95284	5.12673	
238.0	9	13.00322	-0.15451	0.30776	25477.22312	-0.04607	602.24083	25484.34013	3.62901	1171.89072	-153.43194	1181.89779	0.04638	3.83341	-1e-05	0.09062	-3.83448	-34.97891	0.04781	
238.0	77	12.58155	2.97527	1.20089	2975.72321	783.88315	279.39376	3089.89681	-5.1361	-55.03461	209.11102	216.29287	0.07	0.20874	0.05499	0.0196	-0.21674	-33.86054	1.97362	
239.0	9	13.00308	-0.15465	0.31396	25469.81976	-0.04604	614.1972	25477.22428	3.75323	1184.56762	-155.55187	1194.74303	0.04689	3.83291	-1e-05	0.09243	-3.83402	-35.34513	0.04845	
239.0	77	12.58354	2.97513	1.17977	3000.49262	790.27802	276.76838	3115.13981	-5.32123	-53.78203	211.25636	218.05979	0.07	0.21026	0.05538	0.01939	-0.2183	-34.21428	1.98983	
240.0	9	13.00297	-0.15478	0.31978	25458.67867	-0.04601	625.33257	25466.35742	3.88898	1187.84363	-158.24162	1198.34387	0.04706	3.83194	-1e-05	0.09412	-3.83309	-35.6998	0.04865	
240.0	77	12.58557	2.97502	1.15822	3034.35313	799.07169	274.7898	3149.81331	-5.50145	-52.70869	214.02309	220.48663	0.07	0.21244	0.05594	0.01924	-0.22052	-34.55602	2.0055	
241.0	9	13.00286	-0.15491	0.32541	25426.37254	-0.04595	635.65084	25434.31683	4.05878	1184.45773	-162.26755	1195.52806	0.047	3.82776	-1e-05	0.09569	-3.82895	-36.04184	0.04859	
241.0	13	10.39203	2.90575	-7.22358	1.39232	0.42294	-0.96895	1.74823	-0.00224	0.11329	0.04623	0.12238	0.07	0.0	0.0	-0.0	-0.0	-27.6706	5.08538	
241.0	77	12.58755	2.97481	1.13724	3085.40098	812.37096	274.39591	3202.33335	-5.71152	-51.93793	217.98863	224.16336	0.07	0.21581	0.05682	0.01919	-0.22399	-34.88104	2.02045	
242.0	9	13.00275	-0.15503	0.33038	25382.50768	-0.04585	644.34962	25390.68496	4.24132	1175.27621	-166.99249	1187.08831	0.04675	3.82181	-1e-05	0.09702	-3.82304	-36.37295	0.04828	
242.0	13	10.39278	2.90772	-7.22166	1.29486	0.39332	-0.90104	1.6258	-0.00208	0.10535	0.04299	0.11381	0.07	0.0	0.0	-0.0	-0.0	-27.93876	5.13464	
242.0	77	12.58965	2.9747	1.11375	3147.8349	828.681	274.17199	3266.61094	-5.94204	-51.13989	222.79156	228.6628	0.07	0.21999	0.05791	0.01916	-0.2283	-35.20091	2.03481	
243.0	9	13.00266	-0.15514	0.3346	25313.67516	-0.04571	650.90867	25322.04242	4.46632	1147.3193	-173.61334	1160.38921	0.04583	3.81206	-1e-05	0.09802	-3.81332	-36.69228	0.04713	
243.0	13	10.39348	2.90999	-7.21965	1.5218	0.46224	-1.05887	1.91069	-0.00243	0.1238	0.05055	0.13375	0.07	0.0	0.0	-0.0	-0.0	-28.2189	5.18273	
243.0	77	12.59182	2.97462	1.08935	3239.36853	852.64594	275.97013	3361.05238	-6.19579	-50.78799	229.64299	235.2737	0.07	0.2262	0.05954	0.01927	-0.2347	-35.50619	2.04859	
244.0	9	13.00256	-0.15525	0.33882	25255.074	-0.04557	657.7621	25263.63818	4.69005	1121.2061	-179.99874	1135.5724	0.04495	3.80373	-1e-05	0.09907	-3.80502	-37.00106	0.04607	
244.0	77	12.59417	2.97458	1.06178	3326.89422	875.55128	276.20545	3451.24682	-6.44678	-50.03568	236.26091	241.58714	0.07	0.23213	0.06109	0.01927	-0.2408	-35.81241	2.06172	
245.0	9	13.00241	-0.15533	0.34402	25235.90536	-0.04551	667.31345	25244.7267	4.85692	1111.12486	-183.59931	1126.20191	0.04461	3.80131	-1e-05	0.10052	-3.80264	-37.29836	0.04566	
245.0	77	12.59608	2.97461	1.03867	3376.70152	888.56541	274.27548	3502.41184	-6.65648	-48.83546	240.16163	245.16692	0.07	0.23545	0.06196	0.01912	-0.24422	-36.11105	2.07486	
246.0	9	13.00225	-0.15541	0.34971	25229.29427	-0.04551	678.21963	25238.40865	5.02086	1105.50799	-186.69823	1121.17321	0.04442	3.80088	-1e-05	0.10218	-3.80225	-37.58493	0.04543	
246.0	77	12.59794	2.97469	1.01561	3414.69372	898.48743	271.24857	3541.32584	-6.86553	-47.33822	243.23253	247.89132	0.07	0.23798	0.06262	0.0189	-0.24681	-36.3824	2.08712	
246.0	97	9.82249	2.95741	7.96043	0.94227	0.30276	0.76599	1.25151	-0.00076	-0.08105	0.03297	0.0875	0.07	0.0	0.0	0.0	-0.0	-29.31273	5.43344	
247.0	9	13.0021	-0.15546	0.35491	25232.74481	-0.04549	688.49391	25242.13609	5.16727	1100.1034	-189.30339	1116.284	0.04422	3.802	-1e-05	0.10374	-3.80342	-37.86006	0.04519	
247.0	77	12.59986	2.97481	0.99177	3448.30017	907.2676	267.53144	3575.67919	-7.05804	-45.70891	245.98395	250.29427	0.07	0.24024	0.06321	0.01864	-0.24911	-36.64783	2.09873	
247.0	95	4.50599	-0.11102	12.20152	0.1839	0.0	0.49873	0.53156	0.00011	-0.03721	-4e-05	0.03721	0.07	0.0	0.0	0.0	-0.0	-14.55277	8.00916	
247.0	97	9.82133	2.95365	7.96334	1.23403	0.39675	1.00476	1.64006	-0.001	-0.10617	0.04315	0.11461	0.07	0.0	0.0	0.0	-0.0	-29.4669	5.46742	
248.0	9	13.00197	-0.15551	0.35923	25205.00434	-0.04541	696.1889	25214.61725	5.35832	1086.78963	-193.92294	1103.96853	0.04378	3.79786	-1e-05	0.1049	-3.79931	-38.12348	0.04467	
248.0	77	12.60172	2.97493	0.96666	3503.6919	921.7818	264.98988	3632.59663	-7.29298	-44.2342	250.29872	254.28193	0.07	0.244	0.06419	0.01845	-0.25298	-36.88167	2.10931	
248.0	95	4.50771	-0.12012	12.20088	1.38622	1e-05	3.75867	4.00615	0.0005	-0.28043	-0.00018	0.28043	0.07	0.0	0.0	0.0	-0.0	-14.6161	8.05624	
249.0	9	13.00188	-0.15554	0.36238	25187.51205	-0.04535	701.83208	25197.28818	5.54735	1066.24464	-199.01572	1084.67307	0.04305	3.79548	-1e-05	0.10576	-3.79696	-38.37378	0.0438	
249.0	77	12.60368	2.97507	0.9406	3572.77765	939.89594	262.97543	3703.68744	-7.5198	-42.92188	255.57012	259.2584	0.07	0.24873	0.06543	0.01831	-0.25784	-37.12119	2.11986	
249.0	95	4.50948	-0.12752	12.20023	2.8958	2e-05	7.84914	8.36628	0.00096	-0.58564	-0.00035	0.58564	0.07	0.0	0.0	0.0	-0.0	-14.68042	8.10229	
250.0	9	13.00165	-0.15558	0.37058	25146.52997	-0.04525	716.61698	25156.73885	5.8635	1031.50949	-205.68858	1051.83364	0.04181	3.78947	-1e-05	0.10799	-3.79101	-38.61612	0.04235	
250.0	77	12.60523	2.97522	0.91892	3662.61761	963.49202	263.46138	3796.3794	-7.88328	-41.76417	262.32649	265.74721	0.07	0.25492	0.06706	0.01834	-0.26423	-37.36689	2.13044	
250.0	97	9.81959	2.94168	7.97019	0.09396	0.03027	0.07688	0.12512	-8e-05	-0.00812	0.0033	0.00877	0.07	0.0	0.0	0.0	-0.0	-29.91971	5.56488	
251.0	9	13.00151	-0.1556	0.37583	25132.67348	-0.0452	726.3383	25143.16693	6.05431	1013.00864	-209.4275	1034.44818	0.04114	3.7875	-1e-05	0.10946	-3.78909	-38.8443	0.04158	
251.0	77	12.60696	2.97539	0.89484	3712.92791	976.68464	260.15742	3848.04215	-8.11642	-40.06362	266.24337	269.36314	0.07	0.25836	0.06796	0.0181	-0.26776	-37.58571	2.14004	
251.0	97	9.81957	2.93743	7.97189	0.14597	0.04704	0.11957	0.19447	-0.00012	-0.01262	0.00511	0.01361	0.07	0.0	0.0	0.0	-0.0	-30.0519	5.59287	
252.0	9	13.00134	-0.1556	0.38152	25136.40044	-0.04516	737.44494	25147.21559	6.23283	1001.07125	-212.38968	1023.37279	0.0407	3.78763	-1e-05	0.11112	-3.78926	-39.05613	0.04107	
252.0	77	12.6086	2.97559	0.87117	3749.13193	986.19023	255.83268	3885.10126	-8.32986	-38.15196	269.14005	271.95831	0.07	0.26083	0.06861	0.0178	-0.27029	-37.77939	2.1486	
252.0	97	9.8197	2.93317	7.9734	0.07789	0.02511	0.06383	0.10378	-7e-05	-0.00674	0.00273	0.00727	0.07	0.0	0.0	0.0	-0.0	-30.14516	5.61468	
253.0	9	13.00124	-0.1556	0.38497	25109.42321	-0.04514	743.34912	25120.424	6.4229	974.18431	-216.8987	998.0588	0.03973	3.78416	-1e-05	0.11203	-3.78581	-39.26687	0.03997	
253.0	77	12.61031	2.97581	0.84522	3815.71121	1003.69918	252.70149	3953.5961	-8.55246	-36.52149	274.19825	276.75196	0.07	0.26554	0.06985	0.01759	-0.27513	-38.03739	2.15904	
253.0	97	9.81999	2.92857	7.97486	0.45295	0.146	0.37123	0.60356	-0.00031	-0.03918	0.01579	0.04225	0.07	0.0	0.0	0.0	-0.0	-30.32214	5.64531	
254.0	9	13.0011	-0.15557	0.39005	25054.88374	-0.04505	751.55279	25066.1531	6.77685	936.67463	-225.86706	963.54617	0.03844	3.77596	-1e-05	0.11326	-3.77766	-39.42957	0.03851	
254.0	77	12.61183	2.97605	0.82083	3896.26153	1024.90467	250.69529	4036.59902	-8.84672	-34.92008	280.25616	282.56184	0.07	0.27121	0.07134	0.01745	-0.28098	-38.2552	2.16698	
254.0	97	9.82017	2.92411	7.97639	0.49643	0.16002	0.40684	0.66149	-0.00027	-0.04298	0.01724	0.0463	0.07	0.0	0.0	0.0	-0.0	-30.48115	5.66948	
255.0	9	13.00067	-0.15555	0.40466	25155.74655	-0.04552	782.87313	25167.92552	6.8781	942.33179	-220.95652	967.9144	0.03846	3.79121	-1e-05	0.11799	-3.79304	-39.60231	0.03853	
255.0	77	12.61274	2.97634	0.80548	3841.20324	1010.49098	242.69151	3979.30063	-9.11122	-31.79708	276.60096	278.57164	0.07	0.26751	0.07037	0.0169	-0.27712	-37.61376	2.15945	
256.0	9	13.00026	-0.15551	0.41795	25334.14247	-0.04572	814.37556	25347.22829	7.17533	1018.90459	-223.15764	1043.08072	0.04115	3.81784	-1e-05	0.12273	-3.81981	-39.76943	0.04159	
256.0	77	12.61373	2.97663	0.78887	3698.9425	973.12756	229.04191	3831.65931	-9.23577	-27.66247	266.68344	268.27331	0.07	0.25773	0.0678	0.01596	-0.26698	-36.95023	2.1383	
257.0	9	13.00064	-0.15545	0.40582	24909.56814	-0.04496	777.48521	24921.69874	7.5584	810.17215	-242.11407	845.6094	0.03393	3.75351	-1e-05	0.11716	-3.75533	-39.95527	0.03358	
257.0	77	12.61608	2.97686	0.74877	4138.80456	1088.81538	243.31685	4286.54001	-9.77996	-29.51905	298.45084	300.06653	0.07	0.28842	0.07588	0.01696	-0.29872	-38.49428	2.18254	
258.0	9	13.00045	-0.15538	0.41218	24834.08185	-0.04489	787.4257	24846.56234	7.96101	754.93406	-251.03378	795.61722	0.03202	3.74174	-1e-05	0.11864	-3.74362	-40.06247	0.03154	
258.0	77	12.61744	2.97716	0.72478	4249.12972	1117.8967	241.95462	4400.37935	-10.15532	-27.76045	306.60532	308.02694	0.07	0.29627	0.07794	0.01687	-0.30681	-38.81257	2.19198	
259.0	9	13.00021	-0.15529	0.41965	24863.81532	-0.04501	802.75797	24876.77094	8.17931	734.63567	-253.29646	777.12004	0.03124	3.74597	-1e-05	0.12094	-3.74792	-40.2321	0.03072	
259.0	77	12.61872	2.9774	0.70104	4268.29368	1123.0011	235.24734	4419.81942	-10.40575	-25.01438	308.21166	309.40011	0.07	0.29783	0.07836	0.01641	-0.3084	-38.73589	2.19328	
260.0	9	12.99988	-0.15518	0.42914	24901.00626	-0.04517	822.27027	24914.57888	8.43051	707.51335	-255.26439	752.20085	0.03019	3.75067	-1e-05	0.12385	-3.75272	-40.3116	0.02962	
260.0	77	12.61986	2.97762	0.67873	4280.79171	1126.36467	228.60064	4432.39589	-10.70102	-22.10349	309.29665	310.27003	0.07	0.29889	0.07864	0.01596	-0.30947	-38.46408	2.187	
261.0	9	13.00002	-0.15506	0.42497	24716.69046	-0.04489	808.31956	24729.90432	8.77002	599.79332	-268.1353	657.0582	0.02657	3.72268	-1e-05	0.12174	-3.72467	-40.44846	0.02588	
261.0	77	12.62158	2.97789	0.64486	4508.15125	1186.24407	228.89487	4667.22568	-11.04127	-20.91595	325.85751	326.71472	0.07	0.31507	0.0829	0.016	-0.32619	-39.48807	2.21614	
262.0	9	12.99991	-0.15492	0.42807	24783.04041	-0.04504	816.49746	24796.48685	8.854	606.64494	-268.71069	663.5525	0.02676	3.73203	-1e-05	0.12295	-3.73406	-40.53201	0.02608	
262.0	77	12.62295	2.97814	0.61645	4477.55159	1178.27105	217.51316	4635.0947	-11.14676	-17.41768	323.81005	324.46968	0.07	0.31322	0.08242	0.01522	-0.32424	-38.5325	2.19242	
263.0	9	12.99973	-0.15477	0.43317	24600.23356	-0.04472	820.18415	24613.90244	9.41801	481.49129	-282.45321	558.30312	0.02268	3.70376	-1e-05	0.12349	-3.70582	-40.59394	0.02196	
263.0	13	10.30114	2.96619	-7.32673	0.06445	0.01974	-0.04597	0.08159	-0.0001	0.00529	0.00214	0.00571	0.07	0.0	0.0	-0.0	-0.0	-31.79721	5.91893	
263.0	77	12.62417	2.97834	0.58932	4699.06487	1236.63163	218.43666	4863.96782	-11.71917	-15.51189	339.92294	340.47843	0.07	0.32899	0.08658	0.01529	-0.34054	-39.32435	2.21345	
263.0	97	9.79975	3.00292	7.97033	11.67129	3.75332	9.50657	15.51391	-0.01248	-1.00475	0.41201	1.08602	0.07	0.0	0.0	0.0	-0.0	-30.98844	5.8055	
264.0	9	12.99966	-0.15462	0.43528	24548.90408	-0.04464	822.47302	24562.67806	9.67938	420.59315	-288.88401	510.33936	0.02078	3.69519	-1e-05	0.1238	-3.69726	-40.65626	0.02006	
264.0	13	10.30317	2.97128	-7.32169	0.73559	0.22486	-0.52181	0.92948	-0.00103	0.06026	0.02451	0.06506	0.07	0.0	0.0	-0.0	-0.0	-31.89502	5.92407	
264.0	77	12.6255	2.97856	0.55999	4787.74073	1260.03743	211.71546	4955.29808	-11.95964	-12.76538	346.42955	346.8709	0.07	0.33551	0.0883	0.01484	-0.34725	-39.32605	2.21431	
264.0	97	9.80012	2.99811	7.97178	15.78712	5.07758	12.86349	20.98772	-0.01803	-1.35874	0.55846	1.46914	0.07	0.0	0.0	0.0	-0.0	-30.92946	5.80652	
265.0	9	12.99961	-0.15444	0.43657	24506.15769	-0.04458	823.22941	24519.98106	9.85788	365.16067	-293.43273	468.55336	0.01911	3.68786	-1e-05	0.12389	-3.68994	-40.70671	0.01841	
265.0	13	10.3078	2.97644	-7.3129	5.19414	1.58622	-3.67397	6.55692	-0.00717	0.42494	0.17333	0.45898	0.07	0.0	0.0	-0.0	-0.0	-32.01344	5.92958	
265.0	77	12.6267	2.9788	0.53053	4844.63667	1275.11104	203.22154	5013.75225	-12.10278	-9.89625	350.61431	350.96269	0.07	0.33986	0.08945	0.01426	-0.35173	-39.37985	2.21643	
265.0	97	9.80029	2.99473	7.97292	31.8105	10.23254	25.92852	42.2954	-0.03492	-2.73891	1.12373	2.96068	0.07	1e-05	0.0	0.0	-1e-05	-30.9229	5.81134	
266.0	9	12.99954	-0.15426	0.43857	24434.66834	-0.04447	824.47557	24448.57412	10.09586	296.91336	-299.19102	421.63342	0.01725	3.67618	-1e-05	0.12404	-3.67827	-40.7443	0.01658	
266.0	13	10.3099	2.98058	-7.30813	14.77534	4.512	-10.44954	18.65105	-0.02006	1.20855	0.49348	1.30557	0.07	0.0	0.0	-0.0	-0.0	-32.0842	5.93499	
266.0	77	12.6278	2.97908	0.50124	4914.16102	1293.54408	195.04066	5085.29996	-12.29181	-6.93466	355.69115	355.97103	0.07	0.34516	0.09086	0.0137	-0.35719	-39.42484	2.21809	
266.0	97	9.80195	2.99325	7.97145	50.50629	16.24276	41.14405	67.13825	-0.05361	-4.34824	1.78239	4.69968	0.07	1e-05	0.0	1e-05	-2e-05	-30.93158	5.81422	
267.0	9	12.99878	-0.15406	0.46042	24258.66822	-0.04414	859.44487	24273.88781	11.17171	178.80713	-315.32322	362.66449	0.01494	3.64881	-1e-05	0.12927	-3.6511	-40.77069	0.01433	
267.0	13	10.30981	2.98389	-7.30682	12.14501	3.70831	-8.58624	15.32894	-0.01727	0.9936	0.4047	1.073	0.07	0.0	0.0	-0.0	-0.0	-32.18677	5.9552	
267.0	77	12.62778	2.98001	0.49597	5162.34734	1359.38035	203.22661	5342.19487	-13.37799	-5.06106	373.6801	373.95374	0.07	0.36331	0.09567	0.0143	-0.37597	-39.48728	2.22011	
268.0	9	12.99851	-0.15384	0.4682	24146.54555	-0.04394	869.9059	24162.21013	11.69057	87.43026	-324.49837	336.27357	0.01392	3.63103	-1e-05	0.13081	-3.63338	-40.78456	0.01333	
268.0	13	10.31074	2.9865	-7.30438	23.96883	7.31918	-16.94905	30.25467	-0.03314	1.96071	0.79983	2.11783	0.07	0.0	0.0	-0.0	-0.0	-32.21751	5.95976	
268.0	77	12.62858	2.98048	0.47276	5287.03754	1392.49693	198.79588	5470.95361	-13.84362	-2.07514	382.71086	382.96678	0.07	0.37273	0.09817	0.01401	-0.38569	-39.48917	2.2202	
269.0	1	5.32351	-0.13156	-11.86765	10.92087	8e-05	-24.27496	26.6184	0.00061	1.86332	0.00028	1.86332	0.07	0.0	0.0	-0.0	-0.0	-16.54172	8.76035	
269.0	9	12.99828	-0.15362	0.47468	24021.86001	-0.04372	877.61031	24037.88589	12.25723	-3.11572	-335.50391	335.74219	0.01397	3.61125	-1e-05	0.13193	-3.61366	-40.78217	0.01338	
269.0	77	12.62946	2.9812	0.443	5449.93146	1435.78099	192.37162	5639.16898	-14.39129	1.77307	394.47517	394.74158	0.07	0.38498	0.10142	0.01359	-0.39835	-39.39169	2.2175	
270.0	1	5.31946	-0.12422	-11.86946	5.93785	3e-05	-13.19158	14.46637	0.00083	1.01267	0.00038	1.01267	0.07	0.0	0.0	-0.0	-0.0	-16.60195	8.76823	
270.0	9	12.99807	-0.15338	0.4804	23919.56397	-0.04352	884.3025	23935.90465	12.73818	-94.75453	-344.56071	357.57904	0.01494	3.59516	-1e-05	0.13291	-3.59761	-40.77098	0.01433	
270.0	77	12.63033	2.98166	0.41455	5588.06862	1472.472	185.00473	5781.77407	-14.84306	5.51689	404.4252	404.73509	0.07	0.39552	0.10422	0.01309	-0.40923	-39.38207	2.21672	
271.0	1	5.31519	-0.11599	-11.87138	3.43963	1e-05	-7.63935	8.37799	0.00096	0.58646	0.00043	0.58647	0.07	0.0	0.0	-0.0	-0.0	-16.6718	8.77611	
271.0	9	12.99792	-0.15312	0.48444	23861.14809	-0.04341	889.53583	23877.72314	13.16179	-165.10319	-353.06345	389.98217	0.01633	3.58517	-1e-05	0.13365	-3.58766	-40.7451	0.01568	
271.0	77	12.63113	2.98211	0.38445	5681.46718	1497.3974	174.9264	5878.08367	-15.15002	9.45949	411.0856	411.47342	0.07	0.40291	0.10619	0.01241	-0.41685	-39.34336	2.21533	
271.0	97	9.68407	2.993	8.11447	0.31091	0.10097	0.25939	0.4173	-0.00035	-0.02711	0.01098	0.02925	0.07	0.0	0.0	0.0	-0.0	-30.35878	5.87157	
272.0	1	5.31097	-0.1063	-11.87326	3.39549	-1e-05	-7.534	8.2638	0.00474	0.57844	0.00214	0.57847	0.07	0.0	-0.0	-0.0	-0.0	-16.74382	8.77879	
272.0	9	12.99782	-0.15286	0.48804	23769.0566	-0.04329	892.68452	23785.81378	13.58111	-250.8594	-361.62942	440.33024	0.01851	3.57083	-1e-05	0.13411	-3.57335	-40.70419	0.01782	
272.0	77	12.6319	2.98253	0.35476	5806.56061	1530.69797	165.53522	6007.21103	-15.49143	13.34343	420.01421	420.51156	0.07	0.41271	0.1088	0.01177	-0.42697	-39.3044	2.21059	
273.0	9	12.99774	-0.15257	0.49047	23968.82481	-0.04363	904.7161	23985.89323	12.96327	-95.59566	-343.44305	356.73479	0.01487	3.59968	-1e-05	0.13587	-3.60224	-40.62389	0.01426	
273.0	77	12.63246	2.98328	0.32697	5647.03553	1489.13948	149.06161	5841.98306	-15.5378	18.05549	408.25647	408.95081	0.07	0.40236	0.1061	0.01062	-0.41625	-42.72431	2.30267	
274.0	9	12.99703	-0.15227	0.50901	23737.04942	-0.04327	929.74815	23755.25093	14.50126	-371.46825	-370.24353	524.67058	0.02209	3.56338	-1e-05	0.13957	-3.56611	-40.5654	0.02136	
274.0	77	12.63266	2.98388	0.31274	5904.43823	1557.54034	149.71883	6108.25166	-16.39877	21.14506	426.74152	427.57965	0.07	0.4217	0.11124	0.01069	-0.43626	-41.41103	2.26601	
275.0	9	12.99711	-0.15195	0.50687	23110.08777	-0.04215	901.42719	23127.66153	15.31729	-704.35829	-392.72576	806.59081	0.03488	3.46805	-1e-05	0.13527	-3.47069	-40.53962	0.0346	
275.0	13	10.1977	3.02311	-7.44602	1.10477	0.34159	-0.81004	1.41186	0.00266	0.08968	0.04145	0.09883	0.07	0.0	0.0	-0.0	-0.0	-30.0389	5.89912	
275.0	77	12.63331	2.98429	0.27964	6520.18131	1720.38511	148.81276	6744.97105	-17.26855	24.69036	471.17705	472.13942	0.07	0.46681	0.12317	0.01065	-0.4829	-37.34591	2.15819	
276.0	9	12.99708	-0.15161	0.50768	23235.35993	-0.04242	907.72204	23253.08389	15.53702	-697.78192	-397.74052	803.32966	0.03455	3.48563	-1e-05	0.13617	-3.48828	-40.41732	0.03424	
276.0	13	10.2005	3.013	-7.44647	11.35892	3.5121	-8.32857	14.51637	-0.01024	0.94113	0.3829	1.0161	0.07	0.0	0.0	-0.0	-0.0	-31.78401	6.02052	
276.0	77	12.63387	2.98464	0.24987	6427.93789	1696.44092	132.13469	6649.34259	-17.22443	29.10713	464.21603	465.44649	0.07	0.46133	0.12175	0.00948	-0.47722	-39.01138	2.19918	
276.0	97	9.56919	2.9741	8.25682	0.69542	0.22901	0.60014	0.94669	-0.00075	-0.06162	0.02438	0.06627	0.07	0.0	0.0	0.0	-0.0	-29.39506	5.89253	
277.0	9	12.99699	-0.15126	0.50981	23166.57003	-0.04235	908.77351	23184.38777	16.13498	-798.72377	-411.35229	898.57148	0.03876	3.47395	-1e-05	0.13628	-3.47662	-40.29344	0.03887	
277.0	13	10.21765	2.99389	-7.43096	4.07447	1.25555	-2.95987	5.19023	-0.00511	0.33691	0.13589	0.36332	0.07	0.0	0.0	-0.0	-0.0	-31.9759	5.99874	
277.0	77	12.63434	2.98497	0.21986	6510.20913	1718.56298	118.92351	6734.27237	-17.35376	33.22174	469.90668	471.39912	0.07	0.4684	0.12365	0.00856	-0.48452	-39.01763	2.1961	
277.0	97	9.57025	2.97202	8.25638	26.97315	8.88601	23.29797	36.73292	-0.02065	-2.39436	0.93714	2.57131	0.07	0.0	0.0	0.0	-0.0	-29.33523	5.88012	
278.0	9	12.99693	-0.15089	0.51141	23116.54134	-0.0423	909.62113	23134.43092	16.37623	-882.92772	-416.21636	976.25078	0.0422	3.4651	-1e-05	0.13635	-3.46779	-40.17107	0.0428	
278.0	77	12.63475	2.98643	0.17327	6580.59201	1738.08423	96.1897	6806.9362	-17.45393	39.82283	474.49763	476.48557	0.07	0.47512	0.12549	0.00694	-0.49146	-38.94366	2.19331	
278.0	97	9.57638	2.97284	8.24895	45.76836	15.06431	39.44713	62.2716	-0.02923	-4.06068	1.58463	4.35901	0.07	1e-05	0.0	1e-05	-1e-05	-29.23833	5.85749	
279.0	9	12.99599	-0.1505	0.53423	22867.35923	-0.04191	939.9086	22886.66744	18.02472	-1050.76976	-438.57651	1138.76747	0.04976	3.4264	-1e-05	0.14083	-3.42929	-40.00281	0.0521	
279.0	77	12.63453	2.98754	0.16916	6910.81358	1826.294	99.71773	7148.75078	-18.7405	43.7156	498.15147	500.41697	0.07	0.50058	0.13229	0.00722	-0.51782	-38.19755	2.1685	
280.0	9	12.99523	-0.15009	0.55281	22692.74184	-0.04159	965.38226	22713.26694	19.28091	-1191.34832	-453.2778	1274.8111	0.05613	3.39871	-1e-05	0.14459	-3.40178	-39.87667	0.06103	
280.0	13	10.11808	2.91719	-7.59781	18.73578	5.84044	-14.06005	24.14177	-0.00944	1.56475	0.6374	1.68962	0.07	0.0	0.0	-0.0	-0.0	-30.84654	5.99443	
280.0	77	12.63457	2.98812	0.15416	7076.21883	1870.7054	94.42289	7319.92673	-19.5134	48.08211	509.76635	512.40062	0.07	0.51407	0.1359	0.00686	-0.53177	-38.00923	2.15964	
281.0	9	12.99492	-0.14966	0.56051	22736.57499	-0.04171	980.78216	22757.71904	19.38951	-1245.20926	-449.54217	1324.01292	0.05818	3.40363	-1e-05	0.14682	-3.4068	-39.72461	0.06425	
281.0	13	10.11707	2.93564	-7.59149	35.18539	10.96849	-26.40659	45.33903	-0.0601	2.958	1.14859	3.17374	0.07	0.0	0.0	-0.0	-1e-05	-31.47696	6.03688	
281.0	77	12.63472	2.98856	0.12838	7049.97108	1864.33641	80.34392	7292.75651	-19.70627	52.65311	507.38786	510.49303	0.07	0.51359	0.13582	0.00585	-0.53127	-38.5569	2.17139	
281.0	97	9.45453	2.95498	8.39503	2.54201	0.84639	2.24961	3.49842	-0.00107	-0.2288	0.08729	0.24489	0.07	0.0	0.0	0.0	-0.0	-28.45022	5.8585	
282.0	9	12.99505	-0.14923	0.55733	22652.10718	-0.0416	971.6419	22672.93646	19.71166	-1337.7219	-459.59959	1414.60956	0.06239	3.38928	-1e-05	0.14538	-3.3924	-39.54753	0.07172	
282.0	77	12.63482	2.98961	0.08497	7194.38615	1903.39365	57.77348	7442.13929	-19.6545	58.58873	517.27239	520.95073	0.07	0.5258	0.13911	0.00422	-0.54391	-38.35625	2.16221	
282.0	97	9.45847	2.95651	8.38999	11.31373	3.76759	10.0158	15.57278	-0.00528	-1.01842	0.38906	1.09021	0.07	0.0	0.0	0.0	-0.0	-28.25136	5.8322	
283.0	9	12.99461	-0.14879	0.56778	22579.94502	-0.04151	986.64783	22601.4909	20.31399	-1420.81093	-464.95584	1495.09207	0.06615	3.37677	-1e-05	0.14755	-3.37999	-39.37381	0.08019	
283.0	77	12.63464	2.99086	0.06389	7283.65108	1928.05811	47.21554	7534.66725	-19.93878	62.50738	523.32879	527.42559	0.07	0.53405	0.14137	0.00346	-0.55245	-38.3257	2.15685	
284.0	9	12.99445	-0.14835	0.57146	22419.23799	-0.04121	985.9714	22440.90844	22.49956	-1485.0152	-511.66214	1570.85152	0.07	3.35081	-1e-05	0.14736	-3.35405	-39.20713	0.1698	
284.0	13	10.01193	2.93208	-7.73112	13.90051	4.37826	-10.7308	18.09816	0.00503	1.17073	0.48418	1.26691	0.07	0.0	0.0	-0.0	-0.0	-29.71996	5.86467	
284.0	77	12.63453	2.99176	0.03266	7441.32136	1970.62161	30.55993	7697.89238	-15.35046	49.64806	536.3273	538.83907	0.07	0.54719	0.14491	0.00225	-0.56606	-37.02023	2.08233	
285.0	9	12.99376	-0.14792	0.5863	22589.367	-0.04157	1019.26074	22612.35047	21.11781	-1511.91966	-468.08506	1582.86154	0.07	3.37466	-1e-05	0.15227	-3.37809	-38.95651	0.14534	
285.0	13	10.01385	2.94131	-7.72486	20.04321	6.31056	-15.45539	26.08492	-0.03229	1.7044	0.65404	1.82587	0.07	0.0	0.0	-0.0	-0.0	-30.75457	5.95805	
285.0	77	12.63438	2.99253	0.01257	7299.97665	1933.94739	19.09942	7551.83265	-17.1877	59.6931	524.96314	528.62556	0.07	0.53829	0.14261	0.00141	-0.55687	-37.81998	2.11219	
286.0	1	5.47231	-0.15197	-11.79979	12.14877	-0.0002	-26.20581	28.8849	-0.01102	2.02188	-0.00512	2.02192	0.07	0.0	-0.0	-0.0	-0.0	-17.40877	8.3783	
286.0	9	12.99332	-0.14749	0.59565	22654.29305	-0.04174	1038.64609	22678.09029	20.73054	-1521.54706	-452.22271	1587.46357	0.07	3.38327	-1e-05	0.15512	-3.38683	-38.73151	0.1848	
286.0	77	12.63415	2.99344	-0.016	7270.07105	1926.82893	3.22015	7521.07793	-15.2063	56.50013	523.2114	526.47286	0.07	0.53767	0.1425	0.00024	-0.55623	-37.51465	2.08646	
287.0	9	12.99354	-0.14709	0.5909	22733.28654	-0.04194	1034.11223	22756.7947	21.02697	-1524.2819	-462.30581	1592.98591	0.07	3.3929	-1e-05	0.15434	-3.39641	-38.51266	0.21248	
287.0	77	12.63384	2.99419	-0.05751	7228.40795	1916.45434	-19.94999	7478.17336	-13.40851	55.99001	520.3065	523.48212	0.07	0.5359	0.14208	-0.00148	-0.55441	-37.41684	2.06817	
287.0	97	9.33806	2.93322	8.53245	0.05393	0.01817	0.04902	0.07511	3e-05	-0.00494	0.0018	0.00526	0.07	0.0	0.0	0.0	-0.0	-27.00939	5.83956	
288.0	9	12.99324	-0.14671	0.59739	22806.87913	-0.04214	1048.91016	22830.98658	21.19765	-1530.1037	-460.97048	1598.1741	0.07	3.40246	-1e-05	0.15648	-3.40605	-38.27149	0.24809	
288.0	13	9.90346	2.95299	-7.86121	8.20573	2.61216	-6.51135	10.79607	-0.01181	0.70638	0.26849	0.75577	0.07	0.0	0.0	-0.0	-0.0	-30.03769	5.85253	
288.0	77	12.63349	2.99498	-0.08435	7171.03316	1901.94815	-34.27581	7419.04968	-11.54471	52.83607	516.51465	519.33834	0.07	0.53293	0.14135	-0.00255	-0.55136	-37.21998	2.04474	
289.0	9	12.9927	-0.14635	0.60881	22894.33723	-0.04224	1072.99035	22919.46739	21.41152	-1537.77382	-456.91694	1604.36276	0.07	3.41398	-1e-05	0.16	-3.41773	-38.01538	0.27341	
289.0	13	9.90501	2.95838	-7.85709	28.18969	8.9715	-22.35526	37.07969	-0.04324	2.4269	0.91942	2.59558	0.07	0.0	0.0	-0.0	-0.0	-29.89425	5.80193	
289.0	77	12.63315	2.99568	-0.10583	7087.90505	1880.55251	-45.17119	7333.27459	-10.42775	51.56808	510.62604	513.32929	0.07	0.52791	0.14006	-0.00336	-0.54618	-36.99254	2.0261	
290.0	9	12.99211	-0.146	0.62105	22968.73471	-0.04243	1098.07975	22994.968	21.63699	-1544.54222	-452.64455	1609.64776	0.07	3.42373	-1e-05	0.16368	-3.42764	-37.74638	0.31122	
290.0	13	9.90751	2.96279	-7.85216	57.50679	18.29657	-45.57045	75.62051	-0.08496	4.94786	1.87935	5.29344	0.07	1e-05	0.0	-0.0	-1e-05	-29.71119	5.72882	
290.0	77	12.63283	2.99627	-0.12705	7004.08708	1858.88527	-55.69312	7246.77805	-8.51453	47.21193	505.00094	507.2745	0.07	0.52274	0.13874	-0.00416	-0.54086	-36.74314	2.00081	
290.0	95	4.34343	-0.10618	12.26034	1.04263	-5e-05	2.93833	3.11783	0.00201	-0.21824	-0.00072	0.21825	0.07	0.0	-0.0	0.0	-0.0	-11.42926	7.79088	
291.0	9	12.99315	-0.14568	0.59943	23087.37942	-0.0428	1065.50308	23111.9533	18.76325	-1565.90459	-406.62595	1617.94744	0.07	3.44078	-1e-05	0.15879	-3.44444	-37.48293	0.286	
291.0	77	12.63189	2.9971	-0.18635	6968.7322	1850.13379	-87.63782	7210.67985	-9.04707	57.82984	501.45396	504.85861	0.07	0.52146	0.13844	-0.00656	-0.53957	-36.95993	2.01708	
292.0	9	12.99237	-0.14537	0.61563	22692.77892	-0.04165	1075.55788	22718.25345	17.64162	-1545.97952	-372.27365	1590.26777	0.07	3.37764	-1e-05	0.16009	-3.38143	-37.19326	0.17632	
292.0	77	12.63146	2.99754	-0.2058	7386.86694	1961.66799	-103.61297	7643.60388	-17.12668	92.31409	526.73993	535.04221	0.07	0.55315	0.1469	-0.00776	-0.57238	-36.66141	2.05895	
292.0	95	4.34364	-0.11758	12.26026	14.52538	-0.00067	40.93518	43.43588	0.17688	-3.0347	-0.06281	3.0405	0.07	0.0	-0.0	0.0	-0.0	-10.98481	7.48708	
293.0	9	12.99241	-0.1451	0.61481	23166.71296	-0.04281	1096.49974	23192.64757	21.22689	-1560.14925	-448.54005	1623.48527	0.07	3.45005	-1e-05	0.16329	-3.45391	-36.89782	0.3881	
293.0	77	12.63074	2.99792	-0.24114	6940.14732	1843.42691	-116.22082	7181.73898	-3.56866	45.00191	500.6907	502.72168	0.07	0.52098	0.13838	-0.00872	-0.53912	-35.91864	1.93449	
293.0	95	4.34389	-0.12353	12.26017	0.838	-4e-05	2.36164	2.50591	0.00195	-0.1754	-0.00069	0.17541	0.07	0.0	-0.0	0.0	-0.0	-11.12411	7.69329	
294.0	9	12.99222	-0.14484	0.61873	23226.99555	-0.04294	1106.32346	23253.32823	21.22446	-1565.3908	-445.66329	1627.73297	0.07	3.45819	-1e-05	0.16472	-3.46211	-36.58555	0.41571	
294.0	13	9.79191	2.98216	-7.98817	4.89446	1.5755	-3.99564	6.51176	-0.00581	0.4264	0.16101	0.45582	0.07	0.0	0.0	-0.0	-0.0	-28.543	5.53141	
294.0	77	12.63003	2.99821	-0.27128	6888.9707	1830.18305	-131.26305	7129.14563	-1.91422	42.86454	497.19222	499.04021	0.07	0.51792	0.13759	-0.00987	-0.53597	-35.63002	1.91068	
294.0	95	4.3448	-0.12976	12.25985	1.52501	-7e-05	4.29776	4.56031	0.00409	-0.31919	-0.00146	0.31922	0.07	0.0	-0.0	0.0	-0.0	-11.00571	7.6521	
295.0	9	12.99198	-0.1446	0.62377	23290.40859	-0.04309	1118.31069	23317.2415	21.21975	-1571.07996	-441.99192	1632.20691	0.07	3.46696	-1e-05	0.16647	-3.47096	-36.26155	0.44015	
295.0	13	9.79232	2.98511	-7.98651	17.63384	5.67851	-14.40962	23.46988	-0.01981	1.5365	0.58125	1.64289	0.07	0.0	0.0	-0.0	-0.0	-28.31097	5.46007	
295.0	77	12.62933	2.99846	-0.2994	6824.90837	1813.4877	-144.69254	7063.21795	-0.45044	41.00792	492.72154	494.42529	0.07	0.51383	0.13653	-0.01089	-0.53177	-35.32862	1.8876	
295.0	95	4.34582	-0.13572	12.25949	2.60423	-0.00012	7.33919	7.78753	0.00786	-0.54506	-0.0028	0.54513	0.07	0.0	-0.0	0.0	-0.0	-10.87909	7.60427	
295.0	97	9.22526	2.97435	8.63931	1.34747	0.46023	1.26141	1.90228	0.00258	-0.12593	0.04319	0.13316	0.07	0.0	0.0	0.0	-0.0	-25.00889	5.74662	
296.0	9	12.99171	-0.14438	0.62941	23349.77524	-0.04323	1131.25141	23377.16264	21.25976	-1576.30757	-438.87578	1636.40138	0.07	3.47531	-1e-05	0.16837	-3.47938	-35.92669	0.46739	
296.0	13	9.79332	2.98761	-7.9843	30.67509	9.87732	-25.06253	40.82466	-0.0327	2.67195	1.01302	2.85773	0.07	0.0	0.0	-0.0	-0.0	-28.0692	5.38286	
296.0	77	12.62863	2.99884	-0.32466	6766.37106	1798.3321	-156.33211	7003.01474	1.17804	38.05371	488.7304	490.21106	0.07	0.51016	0.13559	-0.01179	-0.528	-35.01246	1.86277	
296.0	95	4.34682	-0.14137	12.25913	3.64699	-0.00017	10.27789	10.90576	0.01208	-0.7633	-0.0043	0.7634	0.07	0.0	-0.0	0.0	-0.0	-10.76426	7.55897	
297.0	9	12.9915	-0.14419	0.63398	23405.00376	-0.04337	1142.1644	23432.856	21.28738	-1581.07349	-436.27672	1640.29995	0.07	3.48318	-1e-05	0.16998	-3.48733	-35.5827	0.49578	
297.0	13	9.79491	2.9896	-7.98157	37.15296	11.96009	-30.33736	49.43422	-0.03749	3.23449	1.22924	3.4604	0.07	0.0	0.0	-0.0	-0.0	-27.8131	5.30083	
297.0	77	12.62787	2.99901	-0.35175	6717.38042	1785.58323	-169.07093	6952.70394	2.93304	34.92921	485.42543	486.68933	0.07	0.50709	0.13479	-0.01276	-0.52486	-34.68332	1.8368	
297.0	95	4.34753	-0.14674	12.25888	3.33802	-0.00015	9.40714	9.98182	0.01186	-0.69861	-0.00422	0.69873	0.07	0.0	-0.0	0.0	-0.0	-10.65874	7.51554	
298.0	9	12.99187	-0.14402	0.62609	23454.38591	-0.04347	1130.21346	23481.60133	20.99506	-1584.75938	-435.75398	1643.71062	0.07	3.49024	-1e-05	0.16819	-3.49429	-35.22559	0.51011	
298.0	77	12.62658	2.99928	-0.3935	6717.81055	1785.98708	-190.92559	6953.78896	4.2384	35.94965	485.41606	486.7639	0.07	0.50774	0.13499	-0.01443	-0.52557	-34.34124	1.81419	
298.0	95	4.34609	-0.15237	12.25939	1.41686	-7e-05	3.99296	4.23689	0.00521	-0.29652	-0.00185	0.29657	0.07	0.0	-0.0	0.0	-0.0	-10.52586	7.45983	
299.0	9	12.99173	-0.14386	0.62908	23503.50482	-0.0436	1137.97637	23531.03757	20.96286	-1589.09731	-433.02302	1647.17293	0.07	3.49734	-1e-05	0.16933	-3.50144	-34.87342	0.53218	
299.0	77	12.62563	2.99936	-0.42274	6672.52094	1774.13226	-204.65731	6907.38486	5.71684	34.13263	482.27714	483.51728	0.07	0.50479	0.13422	-0.01548	-0.52255	-33.9983	1.78984	
299.0	95	4.34628	-0.15779	12.25933	0.49523	-2e-05	1.39564	1.4809	0.00188	-0.10365	-0.00067	0.10366	0.07	0.0	-0.0	0.0	-0.0	-10.40004	7.40695	
299.0	97	9.14971	2.9747	8.71908	0.03143	0.01081	0.02988	0.04469	8e-05	-0.00297	0.00099	0.00313	0.07	0.0	0.0	0.0	-0.0	-23.83359	5.65854	
300.0	9	12.99165	-0.14372	0.63076	23552.65565	-0.04374	1143.47423	23580.39698	20.87022	-1593.51594	-429.93425	1650.62778	0.07	3.50454	-1e-05	0.17014	-3.50867	-34.4986	0.54485	
300.0	77	12.62456	2.99938	-0.45317	6622.31523	1760.94785	-218.67336	6855.93279	6.67422	34.3376	478.63879	479.91531	0.07	0.50144	0.13334	-0.01656	-0.51913	-33.63738	1.76755	
300.0	95	4.34609	-0.1633	12.25939	0.10467	-0.0	0.29498	0.313	0.00041	-0.02191	-0.00015	0.02191	0.07	0.0	-0.0	0.0	-0.0	-10.25721	7.33989	
300.0	97	9.15461	2.96548	8.71727	0.77023	0.26518	0.73329	1.09603	0.00211	-0.0728	0.02412	0.07672	0.07	0.0	0.0	0.0	-0.0	-23.54136	5.6085	
301.0	9	12.99162	-0.14358	0.63136	23603.06213	-0.04384	1147.01445	23630.91586	20.74048	-1598.00614	-426.85493	1654.16412	0.07	3.51199	-1e-05	0.17067	-3.51614	-34.11413	0.55663	
301.0	77	12.62344	2.99936	-0.4837	6573.38744	1748.0799	-232.56994	6805.82799	7.63569	34.49542	475.09614	476.40799	0.07	0.49816	0.13248	-0.01763	-0.51578	-33.26794	1.74498	
301.0	97	9.1574	2.95903	8.71666	1.86082	0.64078	1.7723	2.64845	0.00535	-0.176	0.05802	0.18539	0.07	0.0	0.0	0.0	-0.0	-23.25342	5.55814	
302.0	9	12.99159	-0.14346	0.63193	23649.18478	-0.04393	1150.26531	23677.14195	20.62916	-1602.06435	-424.19196	1657.39994	0.07	3.51889	-1e-05	0.17115	-3.52305	-33.71898	0.57383	
302.0	77	12.62226	2.99932	-0.51367	6529.47255	1736.52815	-246.14862	6760.92678	8.96908	33.18256	472.01498	473.2649	0.07	0.49523	0.13171	-0.01867	-0.51279	-32.89144	1.71992	
302.0	97	9.15968	2.95344	8.71629	2.35474	0.81091	2.24306	3.35167	0.00717	-0.22284	0.07304	0.23462	0.07	0.0	0.0	0.0	-0.0	-22.9732	5.51213	
303.0	9	12.99153	-0.14335	0.63327	23694.66465	-0.04399	1154.97016	23722.79682	20.55389	-1606.02237	-421.7323	1660.59882	0.07	3.52578	-1e-05	0.17186	-3.52997	-33.31254	0.59136	
303.0	77	12.62109	2.99934	-0.54201	6488.48458	1725.77673	-258.76717	6719.05484	10.31883	31.55143	469.1641	470.33703	0.07	0.49249	0.13099	-0.01964	-0.50999	-32.51321	1.69459	
303.0	95	4.34455	-0.18089	12.25994	0.20187	-1e-05	0.56892	0.60367	0.00096	-0.04225	-0.00034	0.04226	0.07	0.0	-0.0	0.0	-0.0	-9.82815	7.13863	
304.0	9	12.99169	-0.14327	0.62988	23787.4591	-0.04418	1153.45468	23815.40821	19.80244	-1616.22696	-408.44356	1667.15562	0.07	3.53998	-1e-05	0.17165	-3.54414	-32.89469	0.57028	
304.0	77	12.61961	2.99919	-0.57595	6401.90118	1702.80349	-272.26347	6630.0834	9.11422	39.66734	462.39784	464.18566	0.07	0.48627	0.12934	-0.02068	-0.50361	-32.36666	1.69081	
304.0	95	4.34302	-0.18877	12.26048	0.23147	-1e-05	0.65233	0.69218	0.00197	-0.04841	-0.0007	0.04846	0.07	0.0	-0.0	0.0	-0.0	-9.53392	7.01776	
305.0	9	12.99173	-0.14321	0.62918	23845.82668	-0.04443	1155.14823	23873.78935	19.30122	-1622.9478	-398.49913	1671.26708	0.07	3.54887	-1e-05	0.17192	-3.55303	-32.46724	0.56102	
305.0	77	12.6182	2.99899	-0.60671	6337.21761	1685.6195	-284.70927	6563.74127	8.73066	44.42191	457.33148	459.56677	0.07	0.48158	0.1281	-0.02164	-0.4988	-32.14046	1.67881	
306.0	9	12.99146	-0.14313	0.63482	23798.35616	-0.04426	1163.29007	23826.77066	20.10605	-1616.18033	-411.38714	1667.83767	0.07	3.54167	-1e-05	0.17312	-3.5459	-32.03232	0.62463	
306.0	77	12.61717	2.99875	-0.6298	6351.02309	1689.28682	-296.6402	6578.53933	13.41481	30.21437	459.27184	460.46009	0.07	0.48265	0.12838	-0.02254	-0.49994	-31.35535	1.62187	
306.0	97	9.13625	2.94688	8.74323	0.03853	0.01336	0.03725	0.05524	0.00014	-0.00368	0.00117	0.00387	0.07	0.0	0.0	0.0	-0.0	-21.5983	5.31414	
307.0	9	12.99148	-0.14307	0.6342	23817.63343	-0.04434	1163.18415	23846.01979	19.70003	-1619.53727	-403.44428	1669.14839	0.07	3.54478	-1e-05	0.17312	-3.549	-31.58301	0.64572	
307.0	77	12.61578	2.99841	-0.65781	6315.48842	1679.78673	-308.76571	6542.35537	15.3954	26.09917	456.8852	457.88893	0.07	0.48006	0.12769	-0.02347	-0.4973	-30.86209	1.59245	
307.0	97	9.13725	2.94245	8.74378	0.03375	0.01171	0.03263	0.04838	0.00012	-0.00322	0.00103	0.00339	0.07	0.0	0.0	0.0	-0.0	-21.24482	5.26056	
308.0	9	12.99144	-0.14302	0.63513	23810.47562	-0.04438	1164.59607	23838.93943	19.95119	-1617.87573	-407.96893	1668.63973	0.07	3.54507	-1e-05	0.17339	-3.54931	-31.13115	0.69501	
308.0	77	12.61448	2.99806	-0.68393	6307.37532	1677.56193	-321.20222	6534.55189	19.54939	13.94123	456.69861	457.32938	0.07	0.47967	0.12758	-0.02443	-0.49695	-30.19869	1.54618	
309.0	9	12.99164	-0.14299	0.63086	23878.4753	-0.04438	1160.13351	23906.64118	19.72079	-1623.34977	-405.96579	1673.45798	0.07	3.55568	-1e-05	0.17275	-3.55987	-30.66239	0.66631	
309.0	77	12.61294	2.99759	-0.71453	6224.64877	1655.42251	-331.96461	6449.56406	17.72135	23.70268	450.49112	451.4622	0.07	0.47349	0.12592	-0.02525	-0.4906	-29.95573	1.53576	
310.0	9	12.9917	-0.14297	0.62971	23888.3034	-0.04438	1158.58383	23916.38258	19.55385	-1624.73614	-403.23405	1674.14085	0.07	3.55658	-1e-05	0.17249	-3.56076	-30.18778	0.68025	
310.0	13	9.69807	2.93927	-8.1186	0.85165	0.27659	-0.71053	1.14309	-0.00068	0.07483	0.02831	0.08001	0.07	0.0	0.0	-0.0	-0.0	-23.69395	4.3265	
310.0	77	12.61147	2.99714	-0.74124	6178.76933	1643.09359	-342.44401	6402.67248	19.21197	20.97337	447.27757	448.181	0.07	0.46986	0.12495	-0.02604	-0.48689	-29.49326	1.50665	
311.0	9	12.99179	-0.14295	0.62788	23910.8702	-0.04445	1156.42014	23938.8183	19.32669	-1627.24109	-399.67341	1675.71654	0.07	3.56016	-1e-05	0.17218	-3.56432	-29.70145	0.68175	
311.0	13	9.70138	2.94582	-8.11209	2.48749	0.8075	-2.0731	3.33727	-0.0017	0.21836	0.08301	0.23361	0.07	0.0	0.0	-0.0	-0.0	-23.37484	4.24547	
311.0	77	12.60994	2.99671	-0.76846	6124.52805	1628.54547	-352.52612	6347.1473	19.90542	21.11181	443.35105	444.29955	0.07	0.46568	0.12383	-0.0268	-0.48261	-29.03046	1.48111	
312.0	9	12.99186	-0.14294	0.62637	23946.49692	-0.04452	1155.47669	23974.35799	19.10023	-1630.72595	-395.90257	1678.20463	0.07	3.56574	-1e-05	0.17206	-3.56989	-29.20603	0.67836	
312.0	13	9.70386	2.95222	-8.10661	5.74329	1.86421	-4.78551	7.70466	-0.00344	0.50391	0.19217	0.53932	0.07	0.0	0.0	-0.0	-0.0	-23.03563	4.16922	
312.0	77	12.60839	2.99635	-0.79536	6067.47296	1613.2932	-362.062	6288.7226	20.249	22.40608	439.17302	440.21017	0.07	0.46133	0.12266	-0.02753	-0.47815	-28.55889	1.45689	
312.0	97	9.1563	2.92142	8.73143	0.00327	0.00112	0.00311	0.00465	1e-05	-0.00031	0.0001	0.00033	0.07	0.0	0.0	0.0	-0.0	-19.69323	4.92102	
313.0	9	12.9918	-0.14291	0.62752	23902.47343	-0.04464	1155.50858	23930.38729	18.66801	-1629.7559	-386.22332	1674.99888	0.07	3.5596	-1e-05	0.17208	-3.56376	-28.70938	0.7273	
313.0	77	12.60649	2.99635	-0.82497	6070.61133	1614.25843	-376.45258	6292.84266	25.02324	8.40779	439.57384	440.36577	0.07	0.46161	0.12275	-0.02863	-0.47851	-27.84335	1.41359	
314.0	9	12.99232	-0.14291	0.61667	24008.60113	-0.04485	1140.78823	24035.68859	17.82265	-1640.14425	-375.15337	1682.59646	0.07	3.57626	-1e-05	0.16993	-3.5803	-28.19397	0.68179	
314.0	77	12.60411	2.99614	-0.86166	5946.66402	1581.32135	-386.07134	6165.42304	22.00715	22.35499	430.54104	431.68235	0.07	0.4525	0.12033	-0.02938	-0.46914	-27.63554	1.40905	
315.0	9	12.99201	-0.1429	0.62314	23950.98547	-0.04472	1149.93946	23978.57514	17.54828	-1638.00824	-365.56008	1678.39599	0.07	3.56816	-1e-05	0.17132	-3.57227	-27.66816	0.72503	
315.0	77	12.60299	2.99569	-0.8794	5968.60537	1587.01613	-395.77269	6188.65949	26.33875	8.72707	432.20668	433.09642	0.07	0.45392	0.12069	-0.0301	-0.47066	-26.94945	1.36843	
316.0	9	12.99189	-0.1429	0.62578	23874.77254	-0.04528	1151.14596	23902.50825	13.28265	-1649.96579	-275.54718	1672.86873	0.07	3.55735	-1e-05	0.17152	-3.56149	-27.15262	0.81196	
316.0	77	12.60162	2.9952	-0.90016	6003.7776	1596.20076	-407.93152	6225.72168	35.48183	-22.68609	433.43905	435.48023	0.07	0.4563	0.12131	-0.031	-0.47316	-26.12686	1.35364	
317.0	9	12.99249	-0.14294	0.61319	24004.47758	-0.04453	1134.36451	24031.26561	18.01907	-1638.25059	-381.36878	1682.15095	0.07	3.57653	-1e-05	0.16901	-3.58052	-26.60561	0.69913	
317.0	77	12.59917	2.99478	-0.93514	5851.31703	1555.55172	-413.89816	6068.68716	25.6469	16.25989	423.68205	424.76891	0.07	0.44473	0.11823	-0.03146	-0.46125	-25.99727	1.31323	
318.0	9	12.99264	-0.14295	0.61002	24004.25534	-0.04456	1128.5674	24030.77067	17.80406	-1638.81693	-378.75118	1682.10891	0.07	3.57676	-1e-05	0.16816	-3.58071	-26.06041	0.70043	
318.0	77	12.59736	2.99434	-0.96023	5812.05588	1544.98115	-422.6915	6028.73356	26.77842	14.40757	420.86743	421.96452	0.07	0.44159	0.11738	-0.03212	-0.45805	-25.43599	1.28263	
319.0	9	12.99248	-0.14295	0.61339	23916.81414	-0.04505	1130.74143	23943.52887	15.15516	-1644.78342	-320.61895	1675.80986	0.07	3.56348	-1e-05	0.16847	-3.56746	-25.51311	0.77287	
319.0	77	12.59606	2.99388	-0.9789	5841.10337	1552.55129	-433.41808	6059.43523	35.00554	-13.8255	422.23937	423.91346	0.07	0.44341	0.11786	-0.0329	-0.45999	-24.63082	1.25186	
320.0	9	12.99306	-0.14298	0.60114	23998.17177	-0.04449	1112.07658	24023.9248	17.27127	-1639.74885	-372.77286	1681.67601	0.07	3.57654	-1e-05	0.16574	-3.58038	-24.94592	0.68616	
320.0	13	9.58678	2.9432	-8.24821	0.16008	0.05265	-0.13777	0.21767	-3e-05	0.01425	0.00541	0.01524	0.07	0.0	0.0	-0.0	-0.0	-19.66623	3.5266	
320.0	77	12.59361	2.9935	-1.01119	5713.01298	1518.42402	-438.64399	5927.60807	27.62747	15.56866	413.7203	414.93391	0.07	0.43385	0.11531	-0.03331	-0.45015	-24.42953	1.22885	
321.0	9	12.99322	-0.143	0.59775	23987.05723	-0.04444	1105.31958	24012.5102	17.0557	-1639.51359	-370.19966	1680.87581	0.07	3.57518	-1e-05	0.16474	-3.57898	-24.37812	0.68782	
321.0	13	9.58696	2.9473	-8.24643	0.98711	0.32467	-0.84952	1.34219	-0.00012	0.08781	0.03342	0.09395	0.07	0.0	0.0	-0.0	-0.0	-19.23488	3.42938	
321.0	77	12.5918	2.99303	-1.03494	5672.94835	1507.63572	-446.30811	5886.80723	28.87938	12.95969	410.85907	412.07663	0.07	0.43064	0.11445	-0.03388	-0.44687	-23.87943	1.19784	
322.0	9	12.99339	-0.14303	0.5942	23976.86631	-0.0444	1098.28991	24002.00739	16.85097	-1639.26968	-367.94129	1680.13983	0.07	3.57398	-1e-05	0.16371	-3.57773	-23.80455	0.69014	
322.0	13	9.58755	2.95057	-8.24449	1.76497	0.58036	-1.51791	2.39916	-6e-05	0.15689	0.05991	0.16794	0.07	0.0	0.0	-0.0	-0.0	-18.79184	3.32923	
322.0	77	12.59	2.99254	-1.0582	5638.07726	1498.20043	-454.05231	5851.38302	30.29526	9.75089	408.35779	409.5961	0.07	0.42778	0.11367	-0.03445	-0.44396	-23.31827	1.1661	
323.0	9	12.99358	-0.14308	0.59005	23962.66177	-0.04435	1089.95045	23987.43736	16.61668	-1638.79941	-365.38584	1679.12073	0.07	3.57214	-1e-05	0.16248	-3.57584	-23.22267	0.68903	
323.0	13	9.58851	2.95343	-8.24229	2.18658	0.71872	-1.87877	2.97111	0.00011	0.19421	0.07442	0.20798	0.07	0.0	0.0	-0.0	-0.0	-18.34968	3.23136	
323.0	77	12.58819	2.99205	-1.08096	5600.45193	1488.03081	-461.21829	5813.09038	31.51323	7.12118	405.63186	406.91645	0.07	0.42467	0.11283	-0.03497	-0.44079	-22.74995	1.13495	
324.0	9	12.9938	-0.14313	0.58536	23949.90777	-0.04431	1080.69588	23974.27758	16.34203	-1638.55858	-362.23206	1678.19943	0.07	3.57055	-1e-05	0.16111	-3.57419	-22.63165	0.6802	
324.0	13	9.58947	2.95616	-8.24013	2.91907	0.95924	-2.50657	3.96535	0.00046	0.25906	0.09968	0.27757	0.07	0.0	0.0	-0.0	-0.0	-17.92143	3.14174	
324.0	77	12.58632	2.99156	-1.10362	5554.81842	1475.74229	-467.54332	5766.49111	32.13559	6.5018	402.32066	403.65441	0.07	0.42096	0.11184	-0.03543	-0.437	-22.17562	1.10559	
325.0	9	12.99402	-0.14317	0.58081	23937.28226	-0.04427	1071.70279	23961.26101	16.07408	-1638.31894	-359.09417	1677.28827	0.07	3.569	-1e-05	0.15979	-3.57257	-22.03304	0.67272	
325.0	13	9.59036	2.95875	-8.2381	4.49635	1.47731	-3.85938	6.10692	0.00117	0.39878	0.15401	0.42748	0.07	0.0	0.0	-0.0	-0.0	-17.48894	3.05001	
325.0	77	12.58448	2.99109	-1.1258	5508.99559	1463.42156	-473.48325	5719.68718	32.92086	5.16168	398.989	400.37813	0.07	0.41727	0.11084	-0.03586	-0.43323	-21.59653	1.07554	
326.0	9	12.99423	-0.14322	0.5763	23921.86624	-0.04423	1062.74446	23945.46116	15.81383	-1637.85827	-356.02989	1676.18229	0.07	3.56702	-1e-05	0.15847	-3.57054	-21.42704	0.66655	
326.0	13	9.59119	2.96117	-8.23619	6.50564	2.13723	-5.58248	8.83488	0.00243	0.57661	0.22358	0.61844	0.07	0.0	0.0	-0.0	-0.0	-17.04735	2.95569	
326.0	77	12.58265	2.99064	-1.14773	5463.28254	1451.14328	-479.17388	5672.99573	33.88368	3.07951	395.64954	397.10974	0.07	0.4136	0.10986	-0.03628	-0.42948	-21.0093	1.04472	
327.0	9	12.99444	-0.14326	0.5718	23905.3349	-0.04419	1053.75016	23928.54835	15.57791	-1637.2039	-353.46847	1674.99828	0.07	3.56494	-1e-05	0.15714	-3.5684	-20.81696	0.66138	
327.0	13	9.59194	2.96337	-8.23448	8.09897	2.66047	-6.94838	10.99779	0.0038	0.71745	0.27913	0.76984	0.07	0.0	0.0	-0.0	-0.0	-16.58455	2.85817	
327.0	77	12.58078	2.99017	-1.16914	5425.14441	1440.8774	-485.1715	5634.15574	35.02659	0.39326	392.83216	394.39083	0.07	0.41051	0.10903	-0.03671	-0.42633	-20.41556	1.01307	
328.0	9	12.99464	-0.14332	0.56711	23890.61831	-0.04416	1044.52524	23913.44133	15.34874	-1636.62825	-351.12897	1673.94121	0.07	3.56303	-1e-05	0.15578	-3.56643	-20.20114	0.65513	
328.0	13	9.59258	2.96537	-8.23296	9.53747	3.13283	-8.18138	12.95041	0.00533	0.84448	0.32959	0.90653	0.07	0.0	0.0	-0.0	-0.0	-16.11481	2.76062	
328.0	77	12.57896	2.98972	-1.18988	5390.2312	1431.47213	-491.04257	5598.64516	36.16305	-2.31182	390.22661	391.9055	0.07	0.40765	0.10826	-0.03714	-0.42341	-19.81521	0.9812	
329.0	9	12.99485	-0.14337	0.56221	23867.55025	-0.04411	1034.56725	23889.962	15.12128	-1635.42228	-348.91885	1672.29753	0.07	3.55992	-1e-05	0.15431	-3.56327	-19.57846	0.65155	
329.0	13	9.59313	2.96718	-8.23163	10.32718	3.39209	-8.85785	14.02207	0.00675	0.91396	0.35787	0.98155	0.07	0.0	0.0	-0.0	-0.0	-15.64281	2.65966	
329.0	77	12.57715	2.98927	-1.21022	5357.81047	1422.72449	-496.87663	5565.71329	37.67154	-6.45774	387.72081	389.60015	0.07	0.40496	0.10753	-0.03756	-0.42068	-19.2095	0.94842	
330.0	1	5.55179	-0.07742	-11.76253	0.00372	0.0	-0.00797	0.00879	-2e-05	0.00062	-1e-05	0.00062	0.07	0.0	0.0	-0.0	-0.0	-9.50975	3.66815	
330.0	9	12.99506	-0.14344	0.55697	23836.40011	-0.04404	1023.66248	23858.37076	14.89889	-1633.5722	-346.9971	1670.08596	0.07	3.55554	-1e-05	0.15269	-3.55882	-18.95042	0.64995	
330.0	13	9.59358	2.9688	-8.23048	9.73598	3.19777	-8.34993	13.21879	0.00722	0.86125	0.33825	0.92532	0.07	0.0	0.0	-0.0	-0.0	-15.15617	2.55489	
330.0	77	12.57531	2.98879	-1.23024	5331.07376	1415.46891	-503.02565	5538.67624	39.52008	-11.84419	385.50601	387.70737	0.07	0.40266	0.10691	-0.03799	-0.41834	-18.59626	0.91477	
331.0	1	5.55221	-0.0787	-11.76233	0.01878	0.0	-0.04023	0.0444	-8e-05	0.00311	-4e-05	0.00311	0.07	0.0	0.0	-0.0	-0.0	-9.22921	3.53345	
331.0	9	12.99529	-0.14352	0.55134	23803.81799	-0.04397	1012.00826	23825.32081	14.65071	-1631.70129	-344.67556	1667.77246	0.07	3.55093	-1e-05	0.15097	-3.55414	-18.31527	0.64396	
331.0	13	9.59393	2.97026	-8.22951	9.31563	3.05959	-7.98868	12.64757	0.00776	0.82368	0.32451	0.88533	0.07	0.0	0.0	-0.0	-0.0	-14.67689	2.45455	
331.0	77	12.57347	2.98829	-1.24992	5299.36467	1406.87655	-508.48936	5506.46247	41.03732	-16.17836	382.92004	385.4524	0.07	0.39994	0.10618	-0.03838	-0.41557	-17.97874	0.88198	
332.0	1	5.55241	-0.09081	-11.76224	0.0412	0.0	-0.08825	0.09739	-0.00018	0.00681	-9e-05	0.00682	0.07	0.0	0.0	-0.0	-0.0	-8.97375	3.40908	
332.0	9	12.99553	-0.14359	0.54563	23771.22795	-0.0439	1000.19928	23792.26086	14.37152	-1629.97917	-341.63216	1665.45825	0.07	3.54628	-1e-05	0.14921	-3.54942	-17.67231	0.63017	
332.0	13	9.59426	2.97163	-8.2286	10.87922	3.57301	-9.32874	14.76988	0.01011	0.96146	0.38004	1.03389	0.07	0.0	0.0	-0.0	-0.0	-14.21138	2.36266	
332.0	77	12.57167	2.98782	-1.26901	5256.06586	1395.22004	-512.46976	5462.18752	41.77684	-17.93809	379.64042	382.35314	0.07	0.39636	0.10521	-0.03865	-0.4119	-17.35713	0.85065	
333.0	9	12.99592	-0.14366	0.53616	23722.11741	-0.04373	980.54127	23742.37385	14.02068	-1626.92371	-339.27313	1661.98183	0.07	3.53921	-1e-05	0.14629	-3.54223	-17.02853	0.6236	
333.0	77	12.56935	2.98756	-1.29231	5237.99013	1390.37886	-520.62111	5444.33102	43.83023	-23.63698	377.85244	381.11974	0.07	0.39479	0.10479	-0.03924	-0.41034	-16.68238	0.81681	
334.0	9	12.99618	-0.14371	0.52975	23728.14051	-0.04376	969.04645	23747.91997	13.76245	-1627.76429	-337.06179	1662.35274	0.07	3.5404	-1e-05	0.14459	-3.54336	-16.38085	0.60086	
334.0	77	12.56749	2.98717	-1.3111	5200.08724	1380.20613	-524.78191	5405.67039	43.63694	-21.73281	375.24187	378.39524	0.07	0.39168	0.10396	-0.03953	-0.40716	-16.10233	0.78759	
335.0	1	5.45514	-0.19804	-11.80775	0.12541	-0.0	-0.27051	0.29817	-0.00067	0.02086	-0.00031	0.02087	0.07	0.0	-0.0	-0.0	-0.0	-8.09981	3.04012	
335.0	9	12.99644	-0.14377	0.52345	23690.20898	-0.04369	955.99905	23709.49041	13.49351	-1625.56121	-334.45126	1659.66532	0.07	3.5347	-1e-05	0.14264	-3.53758	-15.72657	0.58645	
335.0	77	12.56568	2.98678	-1.32916	5167.81005	1371.52701	-529.10932	5372.83015	44.63424	-24.42022	372.64187	376.09909	0.07	0.38897	0.10323	-0.03983	-0.4044	-15.46664	0.75532	
336.0	1	5.45808	-0.186	-11.80639	0.76003	-1e-05	-1.63942	1.80702	-0.00409	0.12641	-0.0019	0.12649	0.07	0.0	-0.0	-0.0	-0.0	-7.80777	2.90751	
336.0	9	12.99668	-0.14383	0.51747	23652.92735	-0.04363	943.58094	23671.7409	13.23565	-1623.39709	-331.85575	1657.02189	0.07	3.5292	-1e-05	0.14079	-3.53201	-15.06849	0.57232	
336.0	77	12.56396	2.98641	-1.34643	5134.02027	1362.44679	-532.86217	5338.38623	45.7452	-27.73243	369.83825	373.68709	0.07	0.38616	0.10248	-0.04008	-0.40154	-14.8256	0.72297	
337.0	1	5.46072	-0.17869	-11.80517	1.63244	-3e-05	-3.52125	3.88124	-0.009	0.27151	-0.00418	0.27169	0.07	0.0	-0.0	-0.0	-0.0	-7.5067	2.7751	
337.0	9	12.99691	-0.14388	0.51176	23608.08359	-0.04356	931.3937	23626.44926	12.99666	-1620.64294	-329.50289	1653.85144	0.07	3.52255	-1e-05	0.13897	-3.52529	-14.40719	0.55654	
337.0	77	12.56232	2.98607	-1.36266	5103.71894	1354.30267	-536.44758	5307.5285	46.75539	-30.71229	367.29146	371.52702	0.07	0.38363	0.1018	-0.04032	-0.39895	-14.18369	0.69057	
338.0	1	5.46297	-0.17416	-11.80412	2.59836	-4e-05	-5.6048	6.17781	-0.01479	0.43214	-0.00686	0.43245	0.07	0.0	-0.0	-0.0	-0.0	-7.19501	2.64085	
338.0	9	12.99712	-0.14393	0.50684	23541.63392	-0.04344	919.85575	23559.59809	12.80916	-1616.19523	-327.89777	1649.17193	0.07	3.51262	-1e-05	0.13725	-3.5153	-13.74351	0.54117	
338.0	77	12.56077	2.98572	-1.37762	5084.97423	1349.21386	-540.66977	5288.63543	47.98801	-34.40658	365.46513	370.20457	0.07	0.38194	0.10134	-0.04061	-0.39724	-13.53666	0.65753	
339.0	1	5.46474	-0.1705	-11.8033	3.73679	-6e-05	-8.0611	8.88509	-0.02203	0.62148	-0.01022	0.62196	0.07	0.0	-0.0	-0.0	-0.0	-6.88225	2.50432	
339.0	9	12.99731	-0.14399	0.50201	23482.98464	-0.04333	908.80768	23500.5638	12.622	-1612.31972	-326.22085	1645.03928	0.07	3.50342	-1e-05	0.13558	-3.50605	-13.07813	0.52798	
339.0	77	12.55928	2.98536	-1.39189	5068.98708	1344.84747	-544.87341	5272.58303	49.69107	-40.01069	363.52505	369.08065	0.07	0.3804	0.10092	-0.04089	-0.39568	-12.88811	0.6244	
340.0	9	12.9977	-0.14405	0.49182	23435.36381	-0.04325	888.1038	23452.18551	12.27475	-1609.31891	-323.98561	1641.65304	0.07	3.49661	-1e-05	0.13251	-3.49912	-12.41322	0.51512	
340.0	77	12.55748	2.98505	-1.40876	5055.70577	1341.21763	-550.41526	5259.46599	51.8536	-47.13534	361.4322	368.1627	0.07	0.37913	0.10058	-0.04128	-0.39441	-12.21433	0.59116	
341.0	9	12.99797	-0.1441	0.48329	23407.492	-0.04319	871.53957	23423.71156	11.95812	-1607.83781	-321.24657	1639.65995	0.07	3.49216	-1e-05	0.13002	-3.49458	-11.73509	0.4843	
341.0	77	12.55579	2.98476	-1.42444	5012.59409	1329.67554	-552.14315	5215.26592	51.08745	-43.58191	358.83967	365.06879	0.07	0.37558	0.09963	-0.04137	-0.39077	-11.56419	0.55949	
342.0	9	12.99826	-0.14414	0.47508	23378.90751	-0.04311	855.53134	23394.556	11.6611	-1606.2585	-318.74117	1637.6197	0.07	3.4875	-1e-05	0.12762	-3.48983	-11.05519	0.45701	
342.0	77	12.55415	2.98451	-1.43956	4978.1011	1320.44103	-554.49813	5180.0119	51.02183	-42.66857	356.44935	362.60167	0.07	0.37271	0.09886	-0.04152	-0.38783	-10.90258	0.5275	
343.0	9	12.99855	-0.14415	0.46687	23322.37845	-0.04297	838.44572	23337.44476	11.3463	-1602.78728	-315.69324	1633.62114	0.07	3.47854	-1e-05	0.12505	-3.48079	-10.36884	0.43269	
343.0	77	12.55251	2.98429	-1.45416	4940.21578	1310.32438	-556.17594	5141.20741	51.42622	-43.85066	353.48176	359.88455	0.07	0.36962	0.09804	-0.04161	-0.38466	-10.23539	0.49481	
344.0	9	12.99884	-0.14416	0.45874	23279.89872	-0.04279	822.0398	23294.40778	11.04783	-1600.25786	-312.9542	1630.60958	0.07	3.47031	-1e-05	0.12254	-3.47247	-9.68205	0.40974	
344.0	77	12.55093	2.98411	-1.46793	4910.60836	1302.41864	-558.36537	5110.98236	52.24651	-46.57161	350.85706	357.76989	0.07	0.36703	0.09735	-0.04173	-0.38201	-9.56738	0.46189	
345.0	9	12.9991	-0.14416	0.45124	23255.50254	-0.04277	807.84066	23269.52954	10.80913	-1598.81746	-311.24977	1628.86786	0.07	3.46722	-1e-05	0.12044	-3.46931	-8.99469	0.38841	
345.0	77	12.54935	2.98396	-1.48167	4894.71718	1298.16357	-562.0523	5095.03559	53.66455	-51.30832	348.83975	356.65333	0.07	0.36574	0.097	-0.042	-0.38071	-8.89575	0.42898	
346.0	9	12.99936	-0.14415	0.44383	23261.93592	-0.04279	794.87852	23275.51277	10.5827	-1599.53149	-309.78625	1629.28834	0.07	3.46752	-1e-05	0.11849	-3.46954	-8.3048	0.36835	
346.0	77	12.54782	2.98384	-1.49496	4889.03729	1296.62767	-566.71148	5089.7044	55.76156	-58.60158	346.97711	356.28165	0.07	0.36511	0.09683	-0.04232	-0.3801	-8.21481	0.39602	
347.0	9	12.99961	-0.14414	0.43682	23215.00188	-0.04271	780.82645	23228.12955	10.30731	-1596.77931	-306.53714	1625.96908	0.07	3.45978	-1e-05	0.11637	-3.46174	-7.60907	0.35411	
347.0	77	12.54637	2.98374	-1.50756	4879.02726	1293.95365	-570.57691	5079.84065	59.27006	-72.19302	343.10157	355.58889	0.07	0.36417	0.09658	-0.04259	-0.37916	-7.55659	0.36385	
348.0	9	12.99985	-0.14411	0.42978	23190.63273	-0.04268	767.53691	23203.33078	10.0652	-1595.45946	-304.20232	1624.23251	0.07	3.45538	-1e-05	0.11436	-3.45727	-6.91472	0.33316	
348.0	77	12.54492	2.98367	-1.51972	4876.43517	1293.25842	-575.12572	5077.68716	61.90879	-82.13237	340.23137	355.43749	0.07	0.36294	0.09625	-0.04281	-0.37792	-6.88108	0.33138	
349.0	9	13.00008	-0.14408	0.42337	23151.70989	-0.04262	754.9138	23164.01446	9.8115	-1593.2704	-300.98915	1621.4812	0.07	3.44861	-1e-05	0.11245	-3.45044	-6.21934	0.31417	
349.0	77	12.54358	2.9836	-1.53071	4881.82825	1294.67987	-580.14565	5083.79897	65.57491	-96.6291	336.15984	355.86612	0.07	0.35464	0.09405	-0.04214	-0.36931	-6.21025	0.29978	
350.0	9	13.00026	-0.14405	0.41809	23109.76114	-0.04255	744.22537	23121.74153	9.57474	-1590.93392	-297.40667	1618.5219	0.07	3.44161	-1e-05	0.11083	-3.44339	-5.52745	0.2945	
350.0	77	12.54244	2.98353	-1.54017	4904.61994	1300.70642	-586.65109	5107.96373	70.02456	-114.58194	331.38327	357.55746	0.07	0.33885	0.08986	-0.04053	-0.3529	-5.52795	0.269	
351.0	9	13.00042	-0.14403	0.41304	23050.66265	-0.04244	733.43105	23062.32793	9.26995	-1587.81156	-291.43283	1614.36197	0.07	3.43193	-1e-05	0.1092	-3.43367	-4.83307	0.2745	
351.0	77	12.54138	2.98346	-1.54888	4927.79564	1306.83546	-592.9393	5132.50093	75.07655	-136.13982	323.89411	359.27417	0.07	0.31543	0.08365	-0.03795	-0.32853	-4.8507	0.23933	
352.0	9	13.00056	-0.144	0.40848	22991.99763	-0.04234	723.56024	23003.38007	8.93636	-1584.95871	-284.05623	1610.2366	0.07	3.42252	-1e-05	0.10771	-3.42421	-4.13956	0.25127	
352.0	77	12.54044	2.98341	-1.55666	4959.0573	1315.11032	-599.86585	5165.42385	80.19773	-158.83531	314.76904	361.5797	0.07	0.28549	0.07571	-0.03453	-0.29737	-4.1707	0.21009	
353.0	9	13.00069	-0.14397	0.40428	22924.44841	-0.04222	714.07602	22935.56713	8.51539	-1582.00502	-273.46854	1605.48978	0.07	3.40332	-1e-05	0.10601	-3.40497	-3.447	0.22603	
353.0	77	12.53958	2.98338	-1.56368	4994.34716	1324.45887	-607.00746	5202.51409	85.62496	-184.40909	302.13553	364.17609	0.07	0.24971	0.06622	-0.03035	-0.26012	-3.49292	0.18162	
354.0	9	13.00079	-0.14393	0.40057	22860.86779	-0.04212	705.63208	22871.75535	8.04716	-1579.61915	-260.80379	1601.02469	0.07	3.16234	-1e-05	0.09761	-3.16384	-2.78339	0.19818	
354.0	77	12.53881	2.98335	-1.57	5037.17297	1335.80841	-614.83065	5247.42912	90.85361	-210.51162	286.97682	367.32168	0.07	0.21045	0.05581	-0.02569	-0.21924	-2.83665	0.15414	
355.0	9	13.00089	-0.14388	0.3973	22778.36086	-0.04198	697.39707	22789.03434	7.33285	-1577.12011	-239.60014	1595.23348	0.07	2.67546	-0.0	0.08191	-2.67672	-2.14769	0.17117	
355.0	77	12.53813	2.98336	-1.57536	5081.81707	1347.65376	-622.50707	5294.1997	96.48775	-242.167	263.41197	370.59494	0.07	0.16906	0.04483	-0.02071	-0.17612	-2.21386	0.12941	
356.0	9	13.00096	-0.14383	0.39462	22696.58246	-0.04182	690.25965	22707.07629	6.41436	-1575.41632	-211.00758	1589.49738	0.07	2.02589	-0.0	0.06161	-2.02683	-1.53128	0.14144	
356.0	77	12.53755	2.98339	-1.57989	5134.68056	1361.68541	-630.8856	5349.49981	101.66245	-275.9393	231.83551	374.46689	0.07	0.12608	0.03343	-0.01549	-0.13135	-1.60979	0.10516	
356.0	97	9.8323	2.79384	8.01295	0.02986	0.0096	0.02432	0.03969	0.00033	-0.00268	0.00065	0.00278	0.07	0.0	0.0	0.0	-0.0	-0.63424	0.30513	
357.0	9	13.00104	-0.14376	0.39186	22609.88273	-0.04167	682.8162	22620.19087	4.63145	-1575.95238	-153.45581	1583.41278	0.07	1.27556	-0.0	0.03852	-1.27614	-0.93025	0.11369	
357.0	13	9.47043	3.00024	-8.36002	0.02027	0.00674	-0.01791	0.02787	0.00027	0.00168	0.00094	0.00195	0.06988	0.0	0.0	-0.0	-0.0	-1.24647	0.09666	
357.0	77	12.53701	2.98345	-1.58401	5182.41296	1374.37232	-638.48887	5399.44177	102.78466	-308.23337	170.78625	367.07008	0.06798	0.08136	0.02158	-0.01002	-0.08477	-1.01956	0.0858	
357.0	97	9.83124	2.79388	8.01423	0.07242	0.02329	0.059	0.09627	0.00087	-0.00651	0.0015	0.00674	0.07	0.0	0.0	0.0	-0.0	-0.19412	0.197	
358.0	9	13.00116	-0.14368	0.38766	22568.1939	-0.04162	674.11004	22578.25946	1.67658	-1568.63238	-56.22624	1569.64065	0.06952	0.48183	-0.0	0.01439	-0.48204	-0.34515	0.09316	
358.0	13	9.47068	2.99988	-8.35987	0.21063	0.07008	-0.18614	0.28969	0.00476	0.00273	0.00641	0.00844	0.02913	0.0	0.0	-0.0	-0.0	-0.77036	0.02851	
358.0	77	12.5364	2.98355	-1.58868	5210.3817	1381.84675	-643.91315	5428.83063	96.94893	-333.14915	69.54335	353.86964	0.06518	0.035	0.00928	-0.00433	-0.03647	-0.43487	0.07774	
358.0	97	9.82931	2.79396	8.01657	0.05383	0.01732	0.04387	0.07157	0.00078	-0.00485	0.00096	0.00501	0.06996	-0.0	-0.0	-0.0	0.0	0.22857	0.09804	
359.0	9	13.00138	-0.14361	0.38012	22574.78787	-0.04163	660.12619	22584.43743	-1.58063	-1538.77584	53.95684	1539.72235	0.06818	-0.33017	0.0	-0.00965	0.33031	0.23653	0.08651	
359.0	13	9.47096	2.99939	-8.35974	0.70698	0.23524	-0.62477	0.97237	0.01719	-0.06223	-0.00398	0.06468	0.06652	0.0	0.0	-0.0	-0.0	-0.28877	0.08119	
359.0	77	12.53577	2.98367	-1.59341	5203.38194	1380.06073	-645.04382	5421.79239	90.28705	-361.00476	-44.04425	374.72135	0.06911	-0.01214	-0.00322	0.0015	0.01265	0.15055	0.09067	
359.0	97	9.82765	2.79407	8.01856	0.03181	0.01024	0.02595	0.04232	0.00039	-0.00056	-0.00025	0.00073	0.01715	-0.0	-0.0	-0.0	0.0	0.64656	0.01648	
360.0	9	13.00167	-0.14355	0.3698	22597.31887	-0.0417	642.8125	22606.45988	-3.9035	-1532.1453	137.12368	1538.27415	0.06805	-1.16987	0.0	-0.03328	1.17034	0.8524	0.08603	
360.0	13	9.47149	2.99842	-8.3595	2.98628	0.99366	-2.63904	4.10728	0.04592	-0.27882	-0.05302	0.28751	0.07	-0.0	-0.0	0.0	0.0	0.23538	0.18436	
360.0	77	12.53456	2.98383	-1.60251	5183.25974	1374.85037	-646.39634	5401.31681	75.85825	-346.96076	-129.68222	378.09221	0.07	-0.06258	-0.0166	0.0078	0.06522	0.78201	0.11837	
