Version	KoJaC2_v7r2	 	 INTERNAL 
Testrig	Axial Cycle Force Generation 
Modfile	016cccc.mod
comment	VShape GPPC ZUM
Analysis name	.a016cccc_t2600a020d
Applied torque	2600.0
Rpm	200.0
Articulation angle	2.0
Mode	Drive
Contact	cfo_ro_tu_1
Part	tulip
RefSystem	dummy_tutr1.rofix_ref


Angle_Rot_Spider.Last_Rot	Track	CPoint_x	CPoint_y	CPoint_z	Normal_Force_x	Normal_Force_y	Normal_Force_z	Normal_Force_mag	Friction_Force_x	Friction_Force_y	Friction_Force_z	Friction_Force_mag	Friction_Force_Mu	Friction_Torque_x	Friction_Torque_y	Friction_Torque_z	Friction_Torque_mag	Boring_Velocity	Slip_Velocity	Pos_Ball_x	Pos_Ball_y	Pos_Ball_z	
0.0	2	24.32432	4.02163	-0.00722	13505.4347	3138.40017	-0.10914	13865.29199	-13.87735	59.71114	-203.26544	212.30836	0.01531	0.08532	0.01983	-0.0	-0.08759	0.19274	0.01469	
0.0	3	20.17483	9.125	-1.41467	-0.0	394.5231	0.0	394.5231	-17.91618	-0.0	-10.44062	20.73634	0.05256	0.0	-0.00029	-0.0	0.00029	-0.06696	0.05587	
0.0	5	24.36042	-3.86611	-0.003	14449.44302	-3304.38677	-0.19843	14822.46186	-52.74113	-230.64086	234.79905	333.3278	0.02249	0.10264	-0.02347	-0.0	-0.10529	0.22299	0.02176	
1.0	2	24.3242	4.02211	-0.00721	13499.88611	3137.49001	-0.10902	13859.68141	-16.43661	70.71282	-289.80363	298.75845	0.02156	0.21423	0.04979	-0.0	-0.21994	0.48543	0.02083	
1.0	3	20.17535	9.125	-1.41043	-0.0	396.75437	0.0	396.75437	-3.4733	-0.0	-27.55476	27.7728	0.07	-0.0	0.00369	0.0	-0.00369	0.84609	0.10961	
1.0	5	24.36033	-3.86648	-0.00301	14431.41938	-3300.53968	-0.19817	14804.03416	-50.28676	-219.89596	333.33753	402.48839	0.02719	0.04846	-0.01108	-0.0	-0.04971	0.1055	0.02651	
2.0	2	24.32409	4.02259	-0.00719	13497.88254	3137.39632	-0.10894	13857.70864	-17.35086	74.63462	-380.13162	387.77755	0.02798	0.3401	0.07905	-0.0	-0.34916	0.77496	0.02733	
2.0	3	20.17584	9.125	-1.40454	-0.0	399.06909	0.0	399.06909	3.32889	0.0	-27.73578	27.93483	0.07	-0.0	0.00758	0.0	-0.00758	1.74621	0.19012	
2.0	5	24.36025	-3.86685	-0.00301	14413.1006	-3296.61248	-0.19791	14785.3009	-46.68944	-204.15595	422.01202	471.11963	0.03186	-0.00432	0.00099	0.0	0.00443	-0.00942	0.03138	
3.0	2	24.32397	4.02307	-0.00718	13500.00804	3138.23871	-0.10889	13859.96967	-17.24062	74.14974	-449.36077	455.76367	0.03288	0.45478	0.10572	-0.0	-0.46691	1.04349	0.03246	
3.0	3	20.17624	9.125	-1.39719	-0.0	402.13948	0.0	402.13948	6.32804	0.0	-27.42927	28.14976	0.07	-0.0	0.01132	0.0	-0.01132	2.63731	0.27196	
3.0	5	24.36018	-3.86717	-0.00301	14393.74608	-3292.42425	-0.19762	14765.49978	-42.74519	-186.90185	489.33499	525.55512	0.03559	-0.06469	0.0148	0.0	0.06636	-0.14137	0.03537	
4.0	2	24.32386	4.02354	-0.00717	13505.16622	3139.75933	-0.10887	13865.3382	-17.18573	73.90462	-490.26455	496.10137	0.03578	0.55389	0.12877	-0.0	-0.56866	1.28051	0.03558	
4.0	3	20.1765	9.125	-1.38878	-0.0	405.76151	0.0	405.76151	8.05513	0.0	-27.23715	28.4033	0.07	-0.0	0.01485	0.0	-0.01485	3.51325	0.34987	
4.0	5	24.36011	-3.86747	-0.00302	14373.40376	-3287.98306	-0.19732	14744.67932	-38.54379	-168.52574	528.41959	555.98004	0.03771	-0.13601	0.03111	0.0	0.13952	-0.29809	0.0377	
5.0	2	24.32375	4.02399	-0.00715	13512.73832	3141.80929	-0.10888	13873.17781	-17.69762	76.09899	-503.58936	509.61408	0.03673	0.63737	0.14819	-1e-05	-0.65437	1.48459	0.03662	
5.0	3	20.17658	9.125	-1.37983	-0.0	409.27739	0.0	409.27739	9.13456	0.0	-27.15417	28.64941	0.07	-0.0	0.01806	0.0	-0.01806	4.37287	0.42205	
5.0	5	24.36005	-3.86772	-0.00302	14354.26222	-3283.78443	-0.19702	14725.0835	-32.66087	-142.80141	539.98697	559.50416	0.038	-0.21839	0.04996	0.0	0.22403	-0.48049	0.03802	
6.0	2	24.32365	4.02441	-0.00714	13522.43533	3144.3157	-0.10891	13883.1905	-18.90247	81.27411	-513.93578	520.6657	0.0375	0.72283	0.16808	-1e-05	-0.74212	1.69885	0.03747	
6.0	3	20.17649	9.125	-1.37056	0.0	412.70163	0.0	412.70163	9.83575	-0.0	-27.16319	28.88911	0.07	0.0	0.0211	0.0	-0.0211	5.29256	0.49814	
6.0	5	24.36001	-3.86792	-0.00301	14335.73319	-3279.69194	-0.19673	14706.10844	-25.77544	-112.69894	548.59328	560.6425	0.03812	-0.30742	0.07033	0.0	0.31536	-0.67974	0.03816	
7.0	2	24.32355	4.0248	-0.00712	13535.41339	3147.55321	-0.10897	13896.56457	-20.11199	86.46943	-522.71669	530.20203	0.03815	0.80385	0.18693	-1e-05	-0.8253	1.9078	0.03819	
7.0	3	20.17619	9.125	-1.36101	0.0	417.67543	0.0	417.67543	10.50918	-0.0	-27.28325	29.23728	0.07	0.0	0.02368	0.0	-0.02368	6.19487	0.57357	
7.0	5	24.35997	-3.86808	-0.00301	14314.66446	-3274.98771	-0.1964	14684.52121	-19.92696	-87.13219	555.79902	562.94019	0.03834	-0.39396	0.09013	1e-05	0.40414	-0.87651	0.0384	
8.0	2	24.32346	4.0252	-0.0071	13551.1973	3151.42216	-0.10907	13912.8146	-21.30053	91.57452	-529.40835	537.69211	0.03865	0.87644	0.20382	-1e-05	-0.89983	2.10071	0.03875	
8.0	3	20.17563	9.125	-1.35123	-0.0	424.82539	0.0	424.82539	11.19797	0.0	-27.54887	29.73777	0.07	-0.0	0.02572	0.0	-0.02572	7.03359	0.64461	
8.0	5	24.35994	-3.86821	-0.003	14289.26608	-3269.26776	-0.19602	14658.48686	-16.32737	-71.39708	561.18664	565.94573	0.03861	-0.47334	0.1083	1e-05	0.48557	-1.06077	0.0387	
9.0	2	24.32337	4.02558	-0.00709	13569.29778	3155.80698	-0.10917	13931.43782	-23.01036	98.92114	-535.59896	545.14321	0.03913	0.95093	0.22116	-1e-05	-0.97631	2.30602	0.03929	
9.0	3	20.17485	9.125	-1.34122	-0.0	431.69976	0.0	431.69976	11.69828	0.0	-27.86282	30.21897	0.07	-0.0	0.02716	0.0	-0.02716	7.93074	0.71938	
9.0	5	24.35992	-3.8683	-0.00299	14264.72427	-3263.71613	-0.19563	14633.32503	-11.00793	-48.1463	566.101	568.25134	0.03883	-0.55694	0.12743	1e-05	0.57133	-1.25889	0.03895	
10.0	2	24.32328	4.02595	-0.00706	13586.90187	3160.05153	-0.10926	13949.5458	-24.87609	106.9381	-540.1528	551.19835	0.03951	1.02391	0.23814	-1e-05	-1.05124	2.51674	0.03972	
10.0	3	20.17387	9.125	-1.33097	0.0	437.10159	-0.0	437.10159	11.8827	-0.0	-28.19549	30.59713	0.07	0.0	0.02774	-0.0	-0.02774	8.85992	0.79381	
10.0	5	24.35991	-3.86834	-0.003	14241.32434	-3258.39341	-0.19525	14609.32738	-6.76283	-29.59214	569.42087	570.22939	0.03903	-0.64211	0.14691	1e-05	0.65871	-1.466	0.03918	
11.0	2	24.32319	4.02631	-0.00703	13608.36292	3165.17531	-0.10941	13971.60965	-24.44637	105.08601	-543.86371	554.46229	0.03968	1.09042	0.25362	-1e-05	-1.11952	2.71791	0.03991	
11.0	3	20.17274	9.125	-1.32049	0.0	443.38969	-0.0	443.38969	12.20154	-0.0	-28.53826	31.03723	0.07	0.0	0.02823	-0.0	-0.02823	9.75064	0.86656	
11.0	5	24.35991	-3.86836	-0.00301	14217.25729	-3252.89768	-0.19488	14584.64083	-3.70379	-16.2222	572.00846	572.25043	0.03924	-0.7215	0.16508	1e-05	0.74014	-1.66536	0.03941	
12.0	2	24.32311	4.02666	-0.00699	13632.36102	3170.86022	-0.10956	13996.2717	-25.33641	108.90894	-547.74525	559.04199	0.03994	1.15324	0.26824	-1e-05	-1.18403	2.91829	0.04021	
12.0	3	20.1714	9.125	-1.30982	0.0	451.06361	-0.0	451.06361	12.57359	-0.0	-28.96291	31.57444	0.07	0.0	0.02882	-0.0	-0.02882	10.63622	0.93955	
12.0	5	24.35991	-3.86834	-0.00303	14189.36047	-3246.49653	-0.19443	14556.01904	-1.52752	-6.71072	574.87676	574.91796	0.0395	-0.79733	0.18243	1e-05	0.81794	-1.86317	0.0397	
13.0	2	24.32302	4.02699	-0.00694	13662.87418	3178.03459	-0.10976	14027.61686	-24.16121	103.85379	-551.83256	562.03963	0.04007	1.21036	0.28153	-1e-05	-1.24267	3.11014	0.04035	
13.0	3	20.1698	9.125	-1.29897	-0.0	459.66034	0.0	459.66034	13.06986	0.0	-29.40217	32.17622	0.07	-0.0	0.02948	0.0	-0.02948	11.4831	1.01134	
13.0	5	24.35993	-3.86827	-0.00305	14162.52174	-3240.30884	-0.19399	14528.47629	2.60523	11.35215	578.09506	578.21238	0.0398	-0.8669	0.19834	1e-05	0.8893	-2.0521	0.04004	
14.0	2	24.32294	4.02733	-0.00689	13692.65732	3185.02083	-0.10997	14058.20836	-25.41753	109.25279	-555.76537	566.97211	0.04033	1.26441	0.29411	-1e-05	-1.29816	3.30551	0.04065	
14.0	3	20.16795	9.125	-1.28794	-0.0	468.04421	0.0	468.04421	13.39024	0.0	-29.90189	32.76312	0.07	-0.0	0.03015	0.0	-0.03015	12.34538	1.0822	
14.0	5	24.35995	-3.86818	-0.00307	14132.73293	-3233.42342	-0.19352	14497.90217	4.92348	21.48491	581.25753	581.6753	0.04012	-0.93448	0.2138	1e-05	0.95863	-2.24438	0.04041	
15.0	2	24.32286	4.02767	-0.00683	13725.03656	3192.59755	-0.11019	14091.46223	-27.02099	116.1444	-559.85294	572.41154	0.04062	1.31453	0.30577	-1e-05	-1.34962	3.50153	0.04098	
15.0	3	20.16586	9.125	-1.27672	-0.0	476.98819	-0.0	476.98819	13.71589	0.0	-30.44193	33.38917	0.07	-0.0	0.03087	-0.0	-0.03087	13.20938	1.15331	
15.0	5	24.35998	-3.86805	-0.0031	14101.53501	-3226.19502	-0.19301	14465.87792	7.65539	33.42636	584.67836	585.68311	0.04049	-0.99868	0.22848	1e-05	1.02448	-2.43677	0.04083	
16.0	2	24.32278	4.02801	-0.00677	13761.04954	3201.00564	-0.11043	14128.44371	-28.22597	121.32335	-564.02164	577.61273	0.04088	1.3591	0.31615	-1e-05	-1.39539	3.69145	0.04128	
16.0	3	20.16354	9.125	-1.2653	-0.0	486.23172	0.0	486.23172	14.05269	0.0	-30.99978	34.03622	0.07	-0.0	0.03163	0.0	-0.03163	14.04548	1.22247	
16.0	5	24.36001	-3.8679	-0.00312	14070.75132	-3219.04278	-0.19251	14434.27446	11.53204	50.37251	588.31728	590.58242	0.04092	-1.05724	0.24187	1e-05	1.08456	-2.62268	0.04132	
17.0	2	24.3227	4.02836	-0.0067	13798.09364	3209.63842	-0.11069	14166.4804	-30.61049	131.57353	-568.42608	584.25748	0.04124	1.40038	0.32575	-1e-05	-1.43777	3.88878	0.04169	
17.0	3	20.161	9.125	-1.25369	-0.0	495.18457	0.0	495.18457	14.28894	0.0	-31.58076	34.66292	0.07	-0.0	0.03239	0.0	-0.03239	14.91308	1.29275	
17.0	5	24.36005	-3.86773	-0.00313	14039.75834	-3211.8262	-0.19199	14402.45263	15.76116	68.86088	592.26282	596.4608	0.04141	-1.11431	0.25492	2e-05	1.1431	-2.81529	0.04189	
18.0	2	24.32261	4.0287	-0.00663	13838.46849	3219.0308	-0.11106	14207.93332	-32.70665	140.58468	-572.36017	590.27954	0.04155	1.43504	0.33381	-1e-05	-1.47336	4.07545	0.04204	
18.0	3	20.15824	9.125	-1.24186	0.0	505.32991	-0.0	505.32991	14.61144	-0.0	-32.21431	35.3731	0.07	0.0	0.03325	-0.0	-0.03325	15.73469	1.36036	
18.0	5	24.3601	-3.86753	-0.00314	14006.75377	-3204.13322	-0.19155	14368.56363	18.98764	82.96818	595.9384	601.98573	0.0419	-1.16438	0.26636	2e-05	1.19446	-2.99784	0.04245	
19.0	2	24.32253	4.02904	-0.00655	13880.4556	3228.78858	-0.11125	14251.03937	-35.69697	153.44023	-576.63553	597.76811	0.04195	1.46566	0.34093	-1e-05	-1.50479	4.27015	0.04251	
19.0	3	20.15526	9.125	-1.22984	-0.0	514.67295	0.0	514.67295	14.81337	0.0	-32.84077	36.0271	0.07	-0.0	0.03407	0.0	-0.03407	16.59007	1.42904	
19.0	5	24.36015	-3.86731	-0.00313	13975.60565	-3196.84816	-0.19092	14336.5753	24.12667	105.43833	599.97277	609.6447	0.04252	-1.21272	0.2774	2e-05	1.24404	-3.1875	0.04318	
20.0	2	24.32245	4.02939	-0.00646	13923.917	3238.8797	-0.11154	14295.6569	-39.40177	169.36789	-580.72466	606.20056	0.0424	1.49026	0.34665	-1e-05	-1.53005	4.4625	0.04304	
20.0	3	20.1521	9.125	-1.21759	-0.0	524.09862	0.0	524.09862	14.98195	0.0	-33.48836	36.6869	0.07	-0.0	0.03492	0.0	-0.03492	17.43483	1.49624	
20.0	5	24.3602	-3.86707	-0.00313	13944.22362	-3189.49805	-0.19038	14304.34445	29.07544	127.07938	603.97761	617.88631	0.0432	-1.25622	0.28734	2e-05	1.28867	-3.37469	0.04397	
21.0	2	24.32236	4.02974	-0.00637	13964.72239	3248.3429	-0.11181	14337.54523	-42.68526	183.4851	-584.49334	614.10201	0.04283	1.50866	0.35093	-1e-05	-1.54893	4.66093	0.04354	
21.0	3	20.14885	9.125	-1.20505	0.0	530.50079	-0.0	530.50079	14.86763	-0.0	-34.02889	37.13505	0.07	0.0	0.03557	-0.0	-0.03557	18.30891	1.56176	
21.0	5	24.36026	-3.86682	-0.00311	13916.91387	-3183.07554	-0.1899	14276.29019	32.94887	144.02147	607.67364	625.37594	0.04381	-1.29739	0.29674	2e-05	1.33089	-3.56894	0.0447	
22.0	2	24.32228	4.03007	-0.00628	14002.23441	3257.025	-0.11206	14376.04885	-44.17541	189.89369	-588.33368	619.79642	0.04311	1.51957	0.35346	-1e-05	-1.56014	4.8536	0.04388	
22.0	3	20.14554	9.125	-1.19222	-0.0	538.59768	-0.0	538.59768	14.93113	0.0	-34.61921	37.70184	0.07	-0.0	0.03635	-0.0	-0.03635	19.15661	1.62775	
22.0	5	24.36031	-3.86658	-0.00309	13889.38171	-3176.60247	-0.18941	14248.00784	36.49335	159.52712	611.59038	633.1062	0.04443	-1.3326	0.30478	2e-05	1.36701	-3.75705	0.04545	
23.0	2	24.32221	4.03036	-0.00617	14035.30748	3264.63893	-0.11228	14409.98693	-44.24804	190.21043	-592.05791	623.43441	0.04326	1.52446	0.35459	-1e-05	-1.56516	5.03895	0.04405	
23.0	3	20.14212	9.125	-1.17914	-0.0	547.3012	0.0	547.3012	15.07756	0.0	-35.2194	38.31108	0.07	-0.0	0.03719	0.0	-0.03719	19.97124	1.69249	
23.0	5	24.36037	-3.8663	-0.00305	13864.79275	-3170.7825	-0.18897	14222.74023	41.79643	182.72539	615.51023	643.41926	0.04524	-1.36219	0.31152	2e-05	1.39735	-3.93752	0.04642	
24.0	2	24.32215	4.03062	-0.00608	14074.60376	3273.65675	-0.11254	14450.30448	-41.48632	178.34385	-595.13464	622.66595	0.04309	1.52963	0.35578	-1e-05	-1.57046	5.2244	0.04385	
24.0	3	20.13859	9.125	-1.1658	0.0	555.9518	-0.0	555.9518	15.28399	-0.0	-35.78966	38.91658	0.07	0.0	0.03803	-0.0	-0.03803	20.78777	1.75861	
24.0	5	24.36045	-3.86598	-0.00301	13830.4677	-3162.70683	-0.18838	14187.47868	50.4967	220.78444	618.8074	658.95242	0.04645	-1.38656	0.31707	2e-05	1.42235	-4.11861	0.0479	
25.0	2	24.32211	4.03079	-0.00598	14116.09215	3283.11302	-0.11283	14492.85647	-39.9035	171.54881	-597.23616	622.66549	0.04296	1.53509	0.35703	-1e-05	-1.57606	5.40723	0.0437	
25.0	3	20.13498	9.125	-1.15221	0.0	563.89611	-0.0	563.89611	15.40504	-0.0	-36.34254	39.47272	0.07	0.0	0.03884	-0.0	-0.03884	21.59545	1.82258	
25.0	5	24.36053	-3.86559	-0.00296	13796.22954	-3154.60052	-0.1878	14152.29501	59.8866	261.86917	621.17294	676.77004	0.04782	-1.40618	0.32153	2e-05	1.44248	-4.29814	0.04961	
26.0	2	24.32208	4.0309	-0.0059	14160.86367	3293.2776	-0.11314	14538.7667	-38.50238	165.53696	-598.92099	622.56829	0.04282	1.54101	0.35838	-1e-05	-1.58213	5.59701	0.04353	
26.0	3	20.13128	9.125	-1.13835	-0.0	574.26299	0.0	574.26299	15.65903	0.0	-37.02306	40.19841	0.07	-0.0	0.03983	0.0	-0.03983	22.43816	1.89077	
26.0	5	24.36064	-3.86513	-0.00292	13758.51656	-3145.6552	-0.18717	14113.53693	65.83757	287.92433	623.22582	689.67052	0.04887	-1.42168	0.32504	2e-05	1.45836	-4.48624	0.05095	
27.0	2	24.32207	4.03097	-0.00583	14208.16248	3303.98707	-0.11342	14587.26196	-38.27045	164.55415	-599.74966	623.09096	0.04271	1.54729	0.35981	-1e-05	-1.58858	5.77075	0.04341	
27.0	3	20.12738	9.125	-1.12429	0.0	586.10691	0.0	586.10691	15.97328	-0.0	-37.79034	41.0275	0.07	0.0	0.04095	0.0	-0.04095	23.21385	1.95413	
27.0	5	24.36076	-3.86461	-0.00288	13717.83201	-3135.9915	-0.18643	14071.72192	69.66496	304.69973	624.52033	698.37008	0.04963	-1.43065	0.32706	2e-05	1.46756	-4.66009	0.05194	
28.0	2	24.32205	4.03103	-0.00577	14258.96309	3315.47862	-0.11383	14639.34516	-37.878	162.88226	-600.00368	622.87221	0.04255	1.55403	0.36134	-1e-05	-1.59549	5.95331	0.04321	
28.0	3	20.12326	9.125	-1.11005	0.0	598.37136	0.0	598.37136	16.28597	0.0	-38.5902	41.88599	0.07	0.0	0.04212	0.0	-0.04212	24.03237	2.02061	
28.0	5	24.36088	-3.86404	-0.00284	13677.68214	-3126.41826	-0.18578	14030.44831	73.76066	322.65634	625.28569	707.48141	0.05042	-1.43542	0.3281	2e-05	1.47244	-4.8442	0.05298	
29.0	2	24.32204	4.03107	-0.00573	14312.5113	3327.57873	-0.11427	14694.24241	-37.97589	163.32053	-599.42664	622.43719	0.04236	1.56117	0.36296	-1e-05	-1.60281	6.13269	0.04299	
29.0	3	20.11891	9.125	-1.09565	-0.0	611.14858	-0.0	611.14858	16.59679	0.0	-39.42982	42.78041	0.07	-0.0	0.04335	-0.0	-0.04335	24.84104	2.08608	
29.0	5	24.36102	-3.86343	-0.00281	13636.95037	-3116.68287	-0.18513	13988.57132	77.42567	338.73652	625.31515	715.37137	0.05114	-1.43479	0.32792	2e-05	1.47178	-5.02689	0.05393	
30.0	2	24.32203	4.03112	-0.00569	14369.24454	3340.40823	-0.11466	14752.40712	-38.28781	164.67997	-598.29515	621.72545	0.04214	1.56869	0.36467	-1e-05	-1.61052	6.29457	0.04274	
30.0	3	20.11434	9.125	-1.0811	-0.0	624.1612	0.0	624.1612	16.90866	0.0	-40.2868	43.69129	0.07	-0.0	0.04463	0.0	-0.04463	25.57364	2.14547	
30.0	5	24.36117	-3.86279	-0.00278	13596.79636	-3107.05817	-0.18443	13947.28223	81.17299	355.18401	624.832	723.29784	0.05186	-1.43013	0.3268	2e-05	1.46699	-5.19276	0.05491	
31.0	2	24.32201	4.03119	-0.00567	14424.59916	3352.92113	-0.11503	14809.15734	-39.39097	169.44339	-597.11202	621.93687	0.042	1.57616	0.36637	-1e-05	-1.61818	6.47071	0.04257	
31.0	3	20.1096	9.125	-1.06638	-0.0	635.11122	0.0	635.11122	17.01692	0.0	-41.07213	44.4578	0.07	-0.0	0.04578	0.0	-0.04578	26.37167	2.20698	
31.0	5	24.36132	-3.86212	-0.00277	13558.1629	-3097.76925	-0.18378	13907.55031	84.04008	367.78542	624.25541	729.39953	0.05245	-1.42541	0.32568	2e-05	1.46215	-5.37367	0.05571	
32.0	2	24.322	4.03123	-0.00565	14477.66677	3364.88157	-0.11541	14863.55486	-40.864	175.80014	-595.30428	622.06329	0.04185	1.58334	0.368	-1e-05	-1.62555	6.65331	0.0424	
32.0	3	20.10483	9.125	-1.05145	0.0	643.87327	-0.0	643.87327	16.92849	-0.0	-41.77118	45.07111	0.07	0.0	0.04679	-0.0	-0.04679	27.20632	2.26825	
32.0	5	24.36147	-3.86143	-0.00277	13521.78607	-3088.98869	-0.18319	13870.13157	84.49977	369.85363	622.81744	729.26915	0.05258	-1.42091	0.3246	2e-05	1.45752	-5.56443	0.0559	
33.0	2	24.322	4.03126	-0.00566	14533.96904	3377.57229	-0.11581	14921.2684	-42.68714	183.66588	-593.61588	622.84441	0.04174	1.59092	0.36972	-1e-05	-1.63331	6.80851	0.04227	
33.0	3	20.09999	9.125	-1.03637	0.0	654.02425	-0.0	654.02425	16.95539	-0.0	-42.52621	45.7817	0.07	0.0	0.04792	-0.0	-0.04792	27.91517	2.32146	
33.0	5	24.36163	-3.86073	-0.00282	13485.4728	-3080.2088	-0.18258	13832.77496	85.91359	376.10174	621.69841	731.67109	0.05289	-1.41642	0.32352	2e-05	1.4529	-5.72594	0.05633	
34.0	2	24.322	4.03125	-0.00562	14591.30215	3390.46796	-0.11611	14980.03243	-45.14298	194.25819	-591.86031	624.55805	0.04169	1.59858	0.37145	-1e-05	-1.64116	6.96877	0.04222	
34.0	3	20.09506	9.125	-1.02113	-0.0	664.67106	0.0	664.67106	16.98332	0.0	-43.31658	46.52697	0.07	-0.0	0.04909	0.0	-0.04909	28.64842	2.37655	
34.0	5	24.36179	-3.86001	-0.00291	13448.81052	-3071.34293	-0.18188	13795.05897	86.61514	379.23403	620.43802	732.30046	0.05308	-1.41188	0.32244	2e-05	1.44823	-5.89319	0.0566	
35.0	2	24.32201	4.03122	-0.00557	14650.89244	3403.87111	-0.11649	15041.10992	-47.39683	203.98457	-590.06294	626.12334	0.04163	1.60649	0.37324	-1e-05	-1.64928	7.131	0.04214	
35.0	3	20.09004	9.125	-1.00573	-0.0	675.57197	0.0	675.57197	17.01857	0.0	-44.1216	47.29004	0.07	-0.0	0.05031	0.0	-0.05031	29.39094	2.43258	
35.0	5	24.36196	-3.85928	-0.00301	13413.32787	-3062.74103	-0.18124	13758.55179	87.56325	383.44813	619.15349	733.51949	0.05331	-1.40744	0.32137	2e-05	1.44366	-6.0625	0.05692	
36.0	2	24.32201	4.03121	-0.00553	14710.80756	3417.35044	-0.11689	15102.52109	-49.90704	214.81675	-588.08825	628.0802	0.04159	1.61446	0.37504	-1e-05	-1.65745	7.29121	0.04209	
36.0	3	20.08492	9.125	-0.99017	-0.0	686.82696	-0.0	686.82696	17.06336	0.0	-44.94802	48.07788	0.07	-0.0	0.05157	-0.0	-0.05157	30.12485	2.48814	
36.0	5	24.36212	-3.85854	-0.00307	13378.83872	-3054.36786	-0.18062	13723.06411	88.80869	388.96612	617.73478	735.37602	0.05359	-1.40309	0.32032	2e-05	1.43919	-6.22988	0.05731	
37.0	2	24.32201	4.03122	-0.00547	14772.46179	3431.23876	-0.11729	15165.7188	-52.42208	225.67199	-586.16474	630.28963	0.04156	1.62263	0.37689	-1e-05	-1.66583	7.44667	0.04206	
37.0	3	20.07968	9.125	-0.97447	0.0	698.50524	0.0	698.50524	17.11777	0.0	-45.80108	48.89536	0.07	0.0	0.05288	0.0	-0.05288	30.8383	2.54228	
37.0	5	24.36229	-3.85782	-0.00308	13344.38148	-3046.00873	-0.18	13687.61069	89.27342	391.06508	616.41176	735.43531	0.05373	-1.39873	0.31928	2e-05	1.43471	-6.39277	0.05751	
38.0	2	24.322	4.03124	-0.00537	14834.03693	3445.11191	-0.11768	15228.83606	-56.49293	243.22852	-583.91913	635.06938	0.0417	1.63079	0.37874	-1e-05	-1.67419	7.60047	0.04223	
38.0	3	20.07434	9.125	-0.95862	-0.0	710.12468	0.0	710.12468	17.12168	0.0	-46.66696	49.70873	0.07	-0.0	0.05421	0.0	-0.05421	31.54675	2.5952	
38.0	5	24.36245	-3.85708	-0.00304	13309.35579	-3037.51728	-0.17936	13651.57364	88.71759	388.69367	614.83127	732.78309	0.05368	-1.3943	0.31821	2e-05	1.43015	-6.55498	0.05744	
39.0	2	24.32199	4.03129	-0.00527	14895.7169	3459.03455	-0.11807	15292.06663	-62.6088	269.59342	-593.3357	654.71194	0.04281	1.63895	0.38059	-1e-05	-1.68256	7.71859	0.04352	
39.0	3	20.06892	9.125	-0.94267	0.0	719.57093	0.0	719.57093	16.99402	-0.0	-47.41663	50.36996	0.07	0.0	0.05539	0.0	-0.05539	32.10972	2.63591	
39.0	5	24.36261	-3.85638	-0.00298	13279.6526	-3030.26739	-0.1788	13621.00193	92.32987	404.5854	596.61768	726.75086	0.05336	-1.3904	0.31727	2e-05	1.42614	-6.68763	0.05698	
40.0	2	24.32197	4.03139	-0.00519	14961.77809	3474.00424	-0.11829	15359.80173	-66.661	287.074	-598.0368	666.71073	0.04341	1.64761	0.38256	-1e-05	-1.69144	7.89623	0.04422	
40.0	3	20.06338	9.125	-0.9267	0.0	734.2543	0.0	734.2543	17.11668	0.0	-48.46392	51.39779	0.07	0.0	0.05699	0.0	-0.05699	32.93383	2.69979	
40.0	5	24.36276	-3.85571	-0.00289	13241.62064	-3021.13638	-0.17797	13581.8917	89.48746	392.18829	588.05843	712.48325	0.05246	-1.38562	0.31613	2e-05	1.42122	-6.87796	0.05573	
41.0	2	24.32193	4.03155	-0.00511	15025.93389	3488.5809	-0.11881	15425.59192	-72.24105	311.13463	-596.79254	676.89354	0.04388	1.65605	0.38449	-1e-05	-1.7001	8.05548	0.04479	
41.0	3	20.0577	9.125	-0.91067	0.0	745.17831	0.0	745.17831	16.99983	-0.0	-49.3146	52.16248	0.07	0.0	0.05833	0.0	-0.05833	33.66173	2.75324	
41.0	5	24.36291	-3.85507	-0.00277	13208.27319	-3013.09497	-0.17748	13547.59101	88.12784	386.28464	587.4939	708.61232	0.05231	-1.38128	0.3151	2e-05	1.41676	-7.04357	0.05552	
42.0	2	24.32187	4.03177	-0.00505	15077.14144	3500.19923	-0.11901	15478.10029	-72.86049	313.82704	-593.71323	675.4935	0.04364	1.66304	0.38608	-1e-05	-1.70726	8.19677	0.0445	
42.0	3	20.05199	9.125	-0.89457	-0.0	754.24142	0.0	754.24142	16.85534	0.0	-50.03408	52.79689	0.07	-0.0	0.05953	0.0	-0.05953	34.32166	2.80136	
42.0	5	24.36305	-3.85445	-0.00266	13180.63568	-3006.37521	-0.17688	13519.15119	86.85273	380.74778	584.90059	703.29294	0.05202	-1.3775	0.31419	2e-05	1.41288	-7.19673	0.05513	
43.0	2	24.32183	4.03195	-0.005	15126.35659	3511.32788	-0.11933	15528.55715	-67.41648	290.40155	-591.9933	662.82283	0.04268	1.66987	0.38763	-1e-05	-1.71427	8.34396	0.04337	
43.0	3	20.04632	9.125	-0.87829	0.0	762.98707	0.0	762.98707	16.84244	-0.0	-50.68396	53.40909	0.07	0.0	0.06071	0.0	-0.06071	34.99242	2.85345	
43.0	5	24.3632	-3.85378	-0.00256	13142.64768	-2997.26488	-0.17627	13480.08846	92.22428	404.35808	583.66618	716.01465	0.05312	-1.3727	0.31305	2e-05	1.40795	-7.34866	0.05665	
44.0	2	24.3218	4.03207	-0.00496	15178.23739	3523.01826	-0.11971	15581.73764	-62.72318	270.21053	-590.21448	652.1511	0.04185	1.67705	0.38926	-1e-05	-1.72163	8.48795	0.0424	
44.0	3	20.04068	9.125	-0.86183	-0.0	771.5085	-0.0	771.5085	16.79591	0.0	-51.32741	54.00561	0.07	-0.0	0.06189	-0.0	-0.06189	35.64917	2.90407	
44.0	5	24.36337	-3.85305	-0.00245	13104.03165	-2987.96629	-0.17569	13440.37158	96.76082	424.32023	582.38276	727.03507	0.05409	-1.3679	0.31191	2e-05	1.40301	-7.49719	0.05803	
45.0	2	24.32179	4.03213	-0.00492	15227.97284	3534.16961	-0.1198	15632.70648	-61.99485	267.10245	-588.07654	648.86138	0.04151	1.68408	0.39085	-1e-05	-1.72884	8.62371	0.042	
45.0	3	20.03506	9.125	-0.84519	-0.0	780.75226	0.0	780.75226	16.69626	0.0	-52.03987	54.65266	0.07	-0.0	0.06313	0.0	-0.06313	36.27552	2.95108	
45.0	5	24.36354	-3.85226	-0.00234	13062.42435	-2977.96052	-0.17484	13397.58108	97.29255	426.72663	580.71388	727.17953	0.05428	-1.36287	0.31071	2e-05	1.39784	-7.6401	0.0583	
46.0	2	24.32177	4.03219	-0.00488	15275.60953	3544.83157	-0.11995	15681.52025	-64.30261	277.07703	-585.35186	650.80205	0.0415	1.69087	0.39238	-1e-05	-1.73581	8.7483	0.04199	
46.0	3	20.02942	9.125	-0.82842	-1e-05	789.90626	-0.0	789.90626	16.51889	0.0	-52.76823	55.2934	0.07	-0.0	0.06438	-0.0	-0.06438	36.85817	2.9934	
46.0	5	24.36372	-3.85145	-0.00227	13018.8402	-2967.48675	-0.174	13352.75918	94.87337	416.19079	578.43228	718.88777	0.05384	-1.35761	0.30945	2e-05	1.39243	-7.77446	0.05767	
47.0	2	24.32177	4.03222	-0.00475	15328.52185	3556.68614	-0.1203	15735.7427	-65.53894	282.43849	-582.28108	650.4753	0.04134	1.69822	0.39404	-1e-05	-1.74334	8.89407	0.0418	
47.0	3	20.0238	9.125	-0.81152	-0.0	798.14368	-0.0	798.14368	16.33468	-0.0	-53.42884	55.87005	0.07	-0.0	0.06555	-0.0	-0.06555	37.53171	3.04336	
47.0	5	24.36391	-3.85063	-0.00225	12983.93355	-2958.98109	-0.17342	13316.83519	97.38311	427.28086	575.87375	723.65944	0.05434	-1.35326	0.3084	2e-05	1.38796	-7.9282	0.05839	
48.0	2	24.32176	4.03224	-0.0046	15378.92952	3567.9605	-0.12051	15787.39419	-68.94769	297.16468	-579.04371	654.48624	0.04146	1.70524	0.39562	-1e-05	-1.75053	9.0186	0.04194	
48.0	3	20.01823	9.125	-0.79448	0.0	806.03831	-0.0	806.03831	16.08464	-0.0	-54.08145	56.42268	0.07	0.0	0.06671	-0.0	-0.06671	38.1141	3.08529	
48.0	5	24.36409	-3.84982	-0.0023	12947.26831	-2950.09281	-0.17273	13279.11158	96.98874	425.62737	573.10148	720.42403	0.05425	-1.34871	0.30731	2e-05	1.38327	-8.0623	0.05826	
49.0	2	24.32175	4.03228	-0.00449	15429.63176	3579.32895	-0.12073	15839.3539	-73.06546	314.94834	-575.73777	660.30674	0.04169	1.71225	0.3972	-1e-05	-1.75772	9.14675	0.04221	
49.0	3	20.01268	9.125	-0.77733	-0.0	813.87105	0.0	813.87105	15.8097	0.0	-54.7334	56.97097	0.07	-0.0	0.06786	0.0	-0.06786	38.71413	3.12841	
49.0	5	24.36427	-3.84905	-0.00237	12910.50892	-2941.21576	-0.17204	13241.29868	95.82484	420.59115	570.20907	714.99489	0.054	-1.34415	0.30622	2e-05	1.37859	-8.20075	0.05789	
50.0	2	24.32173	4.03236	-0.00434	15480.85374	3590.8534	-0.12094	15891.85517	-77.86864	335.68726	-572.38114	668.10899	0.04204	1.71926	0.39879	-1e-05	-1.76491	9.27002	0.04262	
50.0	3	20.00716	9.125	-0.76006	-0.0	822.11957	0.0	822.11957	15.53969	0.0	-55.41058	57.54837	0.07	-0.0	0.06906	0.0	-0.06906	39.29311	3.17008	
50.0	5	24.36442	-3.84836	-0.00242	12874.50389	-2932.56007	-0.17135	13204.27048	93.73861	411.49742	567.31172	707.07824	0.05355	-1.33968	0.30515	2e-05	1.374	-8.3348	0.05726	
51.0	2	24.3217	4.03251	-0.00415	15531.21684	3602.24047	-0.12114	15943.48873	-83.52504	360.1027	-569.08912	678.61095	0.04256	1.72612	0.40035	-1e-05	-1.77194	9.39369	0.04323	
51.0	3	20.00165	9.125	-0.74269	0.0	830.375	0.0	830.375	15.23902	-0.0	-56.09307	58.12625	0.07	0.0	0.07026	0.0	-0.07026	39.87503	3.21175	
51.0	5	24.36455	-3.84776	-0.00246	12840.19774	-2924.34788	-0.17069	13168.99725	89.9847	395.07098	564.51134	694.87508	0.05277	-1.33539	0.30413	2e-05	1.36958	-8.47002	0.05616	
52.0	2	24.32164	4.03272	-0.004	15578.41291	3612.95641	-0.12132	15991.88553	-88.99214	383.69895	-566.25406	689.77398	0.04313	1.73255	0.40181	-1e-05	-1.77853	9.5163	0.0439	
52.0	3	19.99618	9.125	-0.72523	-0.0	835.73923	-0.0	835.73923	14.77475	0.0	-56.60531	58.50174	0.07	-0.0	0.07122	-0.0	-0.07122	40.45165	3.25162	
52.0	5	24.36466	-3.84725	-0.00247	12807.67482	-2916.61124	-0.17005	13135.56833	84.44416	370.78573	562.03954	678.60247	0.05166	-1.33125	0.30316	2e-05	1.36533	-8.60423	0.05464	
53.0	2	24.32158	4.03299	-0.00394	15624.2095	3623.40093	-0.12148	16038.85771	-94.53901	407.63606	-563.58379	701.94834	0.04377	1.73871	0.40322	-1e-05	-1.78485	9.6332	0.04465	
53.0	3	19.99085	9.125	-0.70766	0.0	840.15451	0.0	840.15451	14.26566	-0.0	-57.05438	58.81081	0.07	0.0	0.07209	0.0	-0.07209	41.00122	3.28925	
53.0	5	24.36475	-3.84683	-0.00244	12776.41097	-2909.22042	-0.16942	13103.44385	78.15632	343.20619	559.65113	661.14165	0.05046	-1.32719	0.3022	2e-05	1.36116	-8.73228	0.05302	
54.0	2	24.3215	4.03332	-0.0039	15669.52267	3633.81061	-0.12163	16085.35111	-100.57111	433.65856	-560.92214	716.10609	0.04452	1.74471	0.4046	-1e-05	-1.79101	9.74609	0.04555	
54.0	3	19.98563	9.125	-0.69	0.0	844.78515	-0.0	844.78515	13.76662	-0.0	-57.5102	59.13496	0.07	0.0	0.07297	-0.0	-0.07297	41.53092	3.32573	
54.0	5	24.36482	-3.84649	-0.00237	12745.35952	-2901.9231	-0.1688	13071.54723	71.3468	313.3255	557.27575	643.28804	0.04921	-1.3231	0.30125	2e-05	1.35696	-8.85575	0.05139	
55.0	2	24.3214	4.03374	-0.00387	15713.34308	3643.95957	-0.12177	16130.33143	-107.88201	465.18606	-557.71025	734.21885	0.04552	1.75045	0.40593	-1e-05	-1.7969	9.85338	0.04676	
55.0	3	19.98053	9.125	-0.67224	-0.0	847.65084	0.0	847.65084	13.18387	0.0	-57.85234	59.33556	0.07	-0.0	0.07369	0.0	-0.07369	42.0342	3.35967	
55.0	5	24.36488	-3.8462	-0.00227	12717.37982	-2895.36686	-0.1682	13042.81024	65.90855	289.45931	554.2705	628.76579	0.04821	-1.31927	0.30036	2e-05	1.35303	-8.97328	0.05011	
56.0	2	24.32129	4.03419	-0.00385	15736.45973	3649.36407	-0.12175	16154.0714	-108.50432	467.86408	-554.2541	733.39457	0.0454	1.75381	0.40672	-1e-05	-1.80035	9.96528	0.04661	
56.0	3	19.97563	9.125	-0.65437	0.0	849.44859	-0.0	849.44859	12.72957	-0.0	-58.08284	59.4614	0.07	0.0	0.0743	-0.0	-0.0743	42.5552	3.39695	
56.0	5	24.36493	-3.846	-0.00213	12691.89237	-2889.42895	-0.16765	13016.64057	67.93125	298.35781	550.97982	630.24662	0.04842	-1.31569	0.29953	2e-05	1.34935	-9.09443	0.05037	
57.0	2	24.3212	4.03457	-0.00383	15758.55313	3654.47703	-0.12171	16176.74872	-103.21026	445.03695	-550.86525	715.65548	0.04424	1.7571	0.40748	-1e-05	-1.80373	10.07287	0.04521	
57.0	3	19.97094	9.125	-0.63638	0.0	851.26216	-0.0	851.26216	12.43021	-0.0	-58.27745	59.58835	0.07	0.0	0.07489	-0.0	-0.07489	43.05301	3.43439	
57.0	5	24.36499	-3.84573	-0.00201	12654.9963	-2880.85177	-0.16693	12978.76104	75.26006	330.57042	547.71145	644.14961	0.04963	-1.31103	0.29845	2e-05	1.34457	-9.20922	0.05194	
58.0	2	24.32114	4.03482	-0.00379	15785.39577	3660.59838	-0.12172	16204.28031	-98.14385	423.20209	-547.64872	699.03601	0.04314	1.76096	0.40836	-1e-05	-1.80769	10.17694	0.04391	
58.0	3	19.96641	9.125	-0.61827	0.0	854.20742	-0.0	854.20742	12.18566	-0.0	-58.53968	59.79452	0.07	0.0	0.07557	-0.0	-0.07557	43.53508	3.47114	
58.0	5	24.36507	-3.84535	-0.00195	12623.79235	-2873.5044	-0.16629	12946.70463	81.99669	360.19385	544.63891	658.09924	0.05083	-1.30704	0.29752	2e-05	1.34048	-9.32001	0.05352	
59.0	2	24.32111	4.03495	-0.00364	15817.54229	3667.8389	-0.12173	16237.23148	-93.33938	402.50766	-544.65257	683.64543	0.0421	1.7654	0.40937	-1e-05	-1.81224	10.27796	0.04269	
59.0	3	19.962	9.125	-0.60005	0.0	858.62568	0.0	858.62568	11.99774	-0.0	-58.89422	60.10386	0.07	0.0	0.07638	0.0	-0.07638	44.00421	3.50742	
59.0	5	24.36517	-3.84488	-0.00194	12597.39738	-2867.19629	-0.1657	12919.56792	87.31284	383.58894	541.84657	669.59817	0.05183	-1.3036	0.2967	2e-05	1.33694	-9.42757	0.05487	
60.0	2	24.32109	4.03501	-0.00349	15851.94608	3675.55111	-0.12184	16272.48815	-89.2381	384.84884	-542.00371	670.70119	0.04122	1.77026	0.41046	-1e-05	-1.81722	10.37949	0.04167	
60.0	3	19.95766	9.125	-0.58173	0.0	863.80779	0.0	863.80779	11.81666	-0.0	-59.30068	60.46656	0.07	0.0	0.07725	0.0	-0.07725	44.4776	3.54404	
60.0	5	24.36528	-3.84436	-0.00196	12573.13917	-2861.34508	-0.16521	12894.61609	90.49317	397.60815	539.47703	676.25196	0.05244	-1.30052	0.29597	2e-05	1.33377	-9.53627	0.05571	
61.0	2	24.32109	4.03501	-0.00331	15892.17358	3684.55868	-0.12194	16313.71061	-84.72328	365.40908	-540.03236	657.52322	0.0403	1.7757	0.41169	-1e-05	-1.8228	10.47578	0.04062	
61.0	3	19.95334	9.125	-0.56333	0.0	869.52838	0.0	869.52838	11.65179	-0.0	-59.74133	60.867	0.07	0.0	0.07816	0.0	-0.07816	44.92662	3.57906	
61.0	5	24.3654	-3.84381	-0.00193	12553.9806	-2856.63513	-0.16475	12874.89002	92.33311	405.74294	537.79769	679.98463	0.05281	-1.29795	0.29535	2e-05	1.33113	-9.63905	0.05622	
62.0	2	24.3211	4.035	-0.00311	15936.72473	3694.55579	-0.12205	16359.36849	-80.25796	346.18054	-538.38722	645.09155	0.03943	1.7818	0.41307	-1e-05	-1.82905	10.56929	0.03963	
62.0	3	19.94902	9.125	-0.54485	0.0	876.89481	0.0	876.89481	11.55168	-0.0	-60.28589	61.38265	0.07	0.0	0.07924	0.0	-0.07924	45.36338	3.61377	
62.0	5	24.36552	-3.84325	-0.00186	12536.51596	-2852.3054	-0.16431	12856.90003	93.45466	410.72306	536.55923	682.14589	0.05306	-1.29573	0.2948	2e-05	1.32884	-9.73903	0.05656	
63.0	2	24.3211	4.035	-0.00295	15977.91135	3703.79097	-0.12212	16401.57671	-80.49101	347.21524	-536.45399	644.0653	0.03927	1.78746	0.41435	-1e-05	-1.83486	10.65691	0.03944	
63.0	3	19.94473	9.125	-0.52631	-0.0	880.42326	-0.0	880.42326	11.19516	0.0	-60.60428	61.62963	0.07	-0.0	0.07997	-0.0	-0.07997	45.77651	3.6444	
63.0	5	24.36563	-3.8427	-0.0018	12522.24847	-2848.709	-0.16388	12842.19023	92.60698	407.04751	534.83986	678.46695	0.05283	-1.29383	0.29434	2e-05	1.32689	-9.83435	0.05625	
64.0	2	24.32109	4.03503	-0.00283	16018.11745	3712.83012	-0.12173	16442.78548	-80.04963	345.33748	-534.14042	641.07091	0.03899	1.79297	0.41559	-1e-05	-1.8405	10.69075	0.03913	
64.0	3	19.94059	9.125	-0.50774	1e-05	881.02954	0.0	881.02954	10.72903	-0.0	-60.73151	61.67194	0.07	0.0	0.08041	0.0	-0.08041	45.95275	3.65566	
64.0	5	24.36574	-3.8422	-0.00177	12512.31321	-2846.1245	-0.16315	12831.92918	89.56784	393.73328	532.58013	668.34862	0.05208	-1.29241	0.29398	2e-05	1.32543	-9.87756	0.05522	
65.0	2	24.32108	4.03507	-0.00272	16061.34311	3722.5961	-0.12228	16487.09993	-79.73793	344.01613	-532.51794	638.96838	0.03876	1.79877	0.41691	-1e-05	-1.84645	10.81682	0.03887	
65.0	3	19.93665	9.125	-0.48912	1e-05	881.58063	-0.0	881.58063	10.24784	-0.0	-60.85371	61.71055	0.07	0.0	0.08084	-0.0	-0.08084	46.5421	3.69887	
65.0	5	24.36584	-3.84172	-0.00177	12507.73565	-2844.77644	-0.16322	12827.16664	87.52359	384.78782	530.91506	661.50801	0.05157	-1.29158	0.29376	2e-05	1.32456	-10.01355	0.05452	
66.0	2	24.32107	4.03511	-0.00267	16106.61332	3732.83924	-0.12245	16533.51389	-79.89669	344.72419	-531.25123	638.31506	0.03861	1.80474	0.41826	-1e-05	-1.85257	10.89588	0.0387	
66.0	3	19.93285	9.125	-0.47046	1e-05	882.99546	-0.0	882.99546	9.81106	-0.0	-61.02597	61.8096	0.07	0.0	0.08133	-0.0	-0.08133	46.91825	3.72557	
66.0	5	24.36594	-3.84127	-0.00171	12504.99532	-2843.86989	-0.163	12824.29351	84.19304	370.18124	529.65882	651.66025	0.05081	-1.29092	0.29358	2e-05	1.32389	-10.1012	0.0535	
67.0	2	24.32106	4.03515	-0.0027	16153.11063	3743.38756	-0.12257	16581.19216	-80.71733	348.2864	-530.15724	639.44148	0.03856	1.81079	0.41964	-1e-05	-1.85878	10.97143	0.03865	
67.0	3	19.92918	9.125	-0.45176	1e-05	884.44713	-0.0	884.44713	9.36633	-0.0	-61.19861	61.91121	0.07	0.0	0.08181	-0.0	-0.08181	47.27864	3.75185	
67.0	5	24.36603	-3.84088	-0.00161	12504.2356	-2843.44846	-0.16277	12823.45925	79.87836	351.23966	528.52637	639.60142	0.04988	-1.29047	0.29345	2e-05	1.32342	-10.18544	0.05226	
68.0	2	24.32106	4.03516	-0.00273	16177.9253	3748.88845	-0.12254	16606.60807	-69.04442	297.93645	-529.47256	611.45274	0.03682	1.81441	0.42045	-1e-05	-1.86249	11.04831	0.03672	
68.0	3	19.92563	9.125	-0.433	1e-05	886.58358	-0.0	886.58358	9.21534	-0.0	-61.37273	62.06073	0.07	0.0	0.08234	-0.0	-0.08234	47.63127	3.77988	
68.0	5	24.36613	-3.84038	-0.0015	12493.56652	-2840.70627	-0.16241	12812.44772	85.68784	376.82918	527.85337	654.19555	0.05106	-1.28899	0.29308	2e-05	1.32189	-10.26457	0.05383	
69.0	2	24.3211	4.03501	-0.00266	16204.95464	3754.75804	-0.12248	16634.26472	-57.97605	250.19844	-528.41369	587.5215	0.03532	1.81837	0.42132	-1e-05	-1.86654	11.12003	0.03508	
69.0	3	19.92222	9.125	-0.41413	1e-05	886.92924	-0.0	886.92924	8.99648	-0.0	-61.42967	62.08495	0.07	0.0	0.0827	-0.0	-0.0827	47.96033	3.80616	
69.0	5	24.36627	-3.83973	-0.00143	12479.31416	-2837.04754	-0.16196	12797.73889	92.24269	405.71763	526.74787	671.25169	0.05245	-1.28726	0.29265	2e-05	1.32011	-10.33752	0.05572	
70.0	2	24.32116	4.03474	-0.00254	16233.8418	3760.96672	-0.12247	16663.8078	-50.04681	216.00497	-526.93208	571.68195	0.03431	1.82259	0.42225	-1e-05	-1.87086	11.18695	0.03398	
70.0	3	19.919	9.125	-0.39515	1e-05	884.76962	-0.0	884.76962	8.64618	-0.0	-61.32732	61.93381	0.07	0.0	0.0828	-0.0	-0.0828	48.26988	3.82972	
70.0	5	24.36643	-3.83897	-0.00142	12474.04108	-2835.36945	-0.16167	12792.22501	98.68052	434.1092	525.09562	688.41416	0.05382	-1.28656	0.29244	2e-05	1.31937	-10.40605	0.05763	
71.0	2	24.32125	4.03438	-0.00241	16264.78194	3767.57803	-0.12239	16695.44176	-44.24338	190.98334	-525.52495	560.89981	0.0336	1.82711	0.42323	-1e-05	-1.87548	11.25017	0.03322	
71.0	3	19.91601	9.125	-0.37608	0.0	882.64524	-0.0	882.64524	8.2625	-0.0	-61.23018	61.78514	0.07	0.0	0.08289	-0.0	-0.08289	48.56625	3.85273	
71.0	5	24.3666	-3.83817	-0.00142	12473.46585	-2834.73861	-0.1614	12791.52428	103.04389	453.38571	523.49162	700.15721	0.05474	-1.28647	0.29236	2e-05	1.31927	-10.47207	0.05896	
72.0	2	24.32135	4.03397	-0.00224	16284.4739	3771.55132	-0.12223	16715.52242	-47.8252	206.47847	-523.57853	564.84961	0.03379	1.83036	0.42392	-1e-05	-1.87881	11.30871	0.03343	
72.0	3	19.91323	9.125	-0.35693	0.0	878.07725	-0.0	878.07725	7.59168	-0.0	-60.99473	61.46536	0.07	0.0	0.08272	-0.0	-0.08272	48.86008	3.873	
72.0	5	24.36677	-3.83738	-0.00137	12467.01592	-2832.77723	-0.16107	12784.80007	97.88003	430.7391	521.33244	683.30387	0.05345	-1.28586	0.29217	2e-05	1.31863	-10.54152	0.05711	
73.0	2	24.32144	4.03357	-0.00205	16330.15339	3781.56114	-0.12233	16762.28249	-37.20102	160.63057	-523.46882	548.82211	0.03274	1.8365	0.42528	-1e-05	-1.8851	11.36845	0.03231	
73.0	3	19.91065	9.125	-0.33775	-0.0	879.49258	0.0	879.49258	7.44422	0.0	-61.11279	61.56451	0.07	-0.0	0.0831	0.0	-0.0831	49.13323	3.89474	
73.0	5	24.36693	-3.83663	-0.00126	12481.81534	-2835.66499	-0.16106	12799.87149	104.20645	458.65847	521.26201	702.09732	0.05485	-1.28748	0.29249	2e-05	1.32029	-10.60061	0.05913	
74.0	2	24.32154	4.03315	-0.00189	16365.40104	3789.15069	-0.12225	16798.33367	-36.24298	156.51716	-522.58885	546.72688	0.03255	1.84147	0.42636	-1e-05	-1.89019	11.42109	0.0321	
74.0	3	19.90819	9.125	-0.31853	-1e-05	878.51599	-0.0	878.51599	7.00684	0.0	-61.09574	61.49622	0.07	-0.0	0.08324	-0.0	-0.08324	49.39342	3.91265	
74.0	5	24.3671	-3.83587	-0.00118	12491.97812	-2837.49384	-0.1609	12810.18691	101.40503	446.40297	520.20494	692.94428	0.05409	-1.28866	0.29271	2e-05	1.32149	-10.66096	0.05803	
75.0	2	24.32163	4.03279	-0.00177	16397.70908	3796.12364	-0.12207	16831.38193	-37.67334	162.71673	-522.12135	548.18493	0.03257	1.84615	0.42739	-1e-05	-1.89497	11.43317	0.03212	
75.0	3	19.90585	9.125	-0.29932	0.0	878.50393	0.0	878.50393	6.5551	0.0	-61.14489	61.49526	0.07	0.0	0.08347	0.0	-0.08347	49.47367	3.91865	
75.0	5	24.36724	-3.83519	-0.00116	12498.85047	-2838.62864	-0.16065	12817.13992	94.58454	416.43859	519.91674	672.81554	0.05249	-1.28957	0.29288	2e-05	1.32241	-10.68178	0.05578	
76.0	2	24.32171	4.03247	-0.00168	16433.09511	3803.8489	-0.12206	16867.59857	-38.65124	166.96139	-521.71434	549.14103	0.03256	1.85097	0.42845	-1e-05	-1.89991	11.4803	0.03211	
76.0	3	19.90367	9.125	-0.28013	2e-05	877.24966	-0.0	877.24966	6.08086	-0.0	-61.10534	61.40716	0.07	0.0	0.08355	-0.0	-0.08355	49.70895	3.93079	
76.0	5	24.36736	-3.83463	-0.00117	12512.11684	-2841.28599	-0.16059	12830.66538	89.02798	392.02146	519.284	656.70593	0.05118	-1.29105	0.29318	2e-05	1.32392	-10.73721	0.05399	
77.0	2	24.32177	4.0322	-0.0016	16464.98938	3810.84246	-0.12074	16900.24839	-40.44836	174.74317	-522.76116	552.67574	0.0327	1.85538	0.42943	-1e-05	-1.90443	11.65409	0.03226	
77.0	3	19.90171	9.125	-0.26095	3e-05	875.71197	-0.0	875.71197	5.53306	-0.0	-61.04919	61.29942	0.07	0.0	0.08359	-0.0	-0.08359	50.52086	3.99119	
77.0	5	24.36746	-3.83415	-0.00112	12523.41069	-2843.55255	-0.15953	12842.18075	78.25774	344.62918	518.02906	627.09461	0.04883	-1.29235	0.29344	2e-05	1.32524	-10.92409	0.0509	
78.0	2	24.32183	4.03196	-0.00159	16501.74735	3819.00952	-0.11978	16937.90127	-32.92749	142.2615	-526.4366	546.31314	0.03225	1.86022	0.43051	-1e-05	-1.90939	11.10685	0.03179	
78.0	3	19.90008	9.125	-0.24175	0.00017	890.94502	-0.0	890.94502	5.72748	-0.0	-62.10063	62.36419	0.07	0.0	0.0852	-0.0	-0.0852	48.04214	3.80584	
78.0	5	24.36755	-3.83375	-0.00104	12519.35986	-2842.38303	-0.15853	12837.97152	54.808	241.37421	523.96127	579.48325	0.04514	-1.29205	0.29335	2e-05	1.32494	-10.36175	0.0463	
79.0	2	24.32192	4.03161	-0.00155	16490.95748	3816.0826	-0.12517	16926.72931	-32.87078	142.03186	-521.93208	541.91017	0.03202	1.85953	0.4303	-1e-05	-1.90867	12.33078	0.03154	
79.0	3	19.89866	9.125	-0.22252	-1e-05	853.7371	-0.0	853.7371	4.24159	-0.0	-59.61108	59.7618	0.07	-0.0	0.08178	-0.0	-0.08178	53.61262	4.22671	
79.0	5	24.36766	-3.83321	-0.00097	12564.65583	-2852.32446	-0.16324	12884.34441	86.77719	382.22918	514.09643	646.47086	0.05017	-1.29679	0.29439	2e-05	1.32979	-11.62452	0.05265	
80.0	2	24.32203	4.03113	-0.00146	16498.15929	3817.21218	-0.11986	16934.00038	-20.8666	90.16997	-522.64316	530.77483	0.03134	1.86117	0.43062	-1e-05	-1.91034	11.72176	0.03083	
80.0	3	19.89755	9.125	-0.20317	-1e-05	850.453	0.0	850.453	4.06775	0.0	-59.39262	59.53175	0.07	-0.0	0.08158	0.0	-0.08158	50.84352	4.02415	
80.0	5	24.3678	-3.83258	-0.0009	12572.62546	-2853.73116	-0.15924	12892.42772	90.20356	397.37914	517.28984	658.51017	0.05108	-1.29798	0.29462	2e-05	1.331	-10.99317	0.05385	
81.0	2	24.32217	4.03057	-0.00135	16508.20326	3818.93838	-0.12147	16944.17496	-12.73763	55.04453	-524.62484	527.65838	0.03114	1.86294	0.43097	-1e-05	-1.91214	11.66263	0.03061	
81.0	3	19.89667	9.125	-0.18377	0.0	844.89	-0.0	844.89	3.72335	-0.0	-59.02498	59.1423	0.07	0.0	0.08113	-0.0	-0.08113	50.58069	3.99774	
81.0	5	24.36795	-3.83189	-0.00089	12589.62918	-2857.15233	-0.16059	12909.76694	93.10786	410.2373	516.64584	666.24818	0.05161	-1.30004	0.29504	2e-05	1.3331	-10.93155	0.05457	
82.0	2	24.32231	4.02997	-0.0012	16514.167	3819.7032	-0.12221	16950.15765	-10.5989	45.8068	-520.15009	522.27073	0.03081	1.86435	0.43122	-1e-05	-1.91357	12.28278	0.03027	
82.0	3	19.89604	9.125	-0.16431	-1e-05	830.01658	-0.0	830.01658	3.01879	0.0	-58.02275	58.10122	0.07	-0.0	0.07977	-0.0	-0.07977	53.39284	4.2134	
82.0	5	24.3681	-3.83119	-0.00085	12621.06543	-2863.84662	-0.16151	12941.9052	99.72047	439.44206	519.91939	688.01865	0.05316	-1.30376	0.29584	2e-05	1.3369	-11.56404	0.05671	
83.0	2	24.32246	4.02936	-0.00105	16531.31608	3823.06361	-0.12046	16967.6229	0.60406	-2.62859	-526.6571	526.664	0.03104	1.86693	0.43175	-1e-05	-1.9162	11.84671	0.03051	
83.0	3	19.89568	9.125	-0.14482	-2e-05	831.25593	0.0	831.25593	2.86902	0.0	-58.11738	58.18816	0.07	-0.0	0.07993	0.0	-0.07993	51.42925	4.06165	
83.0	5	24.36824	-3.83052	-0.00076	12637.22349	-2867.08577	-0.16029	12958.37947	91.03157	401.20981	519.91838	663.00165	0.05116	-1.30592	0.29628	2e-05	1.33911	-11.11973	0.05397	
84.0	2	24.32261	4.02875	-0.00089	16545.8191	3825.82292	-0.11992	16982.37471	2.7369	-11.85298	-527.14956	527.28991	0.03105	1.8693	0.43223	-1e-05	-1.91862	11.67235	0.03052	
84.0	3	19.89559	9.125	-0.12528	-1e-05	823.51729	0.0	823.51729	2.42388	0.0	-57.5953	57.64628	0.07	-0.0	0.07921	0.0	-0.07921	50.64378	3.99978	
84.0	5	24.36838	-3.82987	-0.00066	12670.76888	-2874.28317	-0.16022	12992.68594	91.71257	404.26956	521.57749	666.24932	0.05128	-1.31003	0.29717	2e-05	1.34331	-10.9401	0.05412	
85.0	2	24.32275	4.02817	-0.00074	16562.33837	3829.11026	-0.12056	16999.20991	4.19356	-18.15539	-529.29864	529.62653	0.03116	1.87179	0.43275	-1e-05	-1.92117	11.78946	0.03063	
85.0	3	19.89579	9.125	-0.10573	-0.0	815.68909	0.0	815.68909	1.92963	0.0	-57.06562	57.09823	0.07	-0.0	0.07845	0.0	-0.07845	51.18484	4.04046	
85.0	5	24.3685	-3.82931	-0.00062	12704.75953	-2881.64411	-0.16105	13027.46282	87.98043	387.86398	522.9497	657.00488	0.05043	-1.3142	0.29808	2e-05	1.34758	-11.06175	0.05299	
86.0	2	24.32288	4.02764	-0.00061	16578.02605	3832.25294	-0.12053	17015.20233	2.3852	-10.33491	-531.42319	531.52902	0.03124	1.87415	0.43324	-1e-05	-1.92357	11.80751	0.03072	
86.0	3	19.89618	9.125	-0.08617	-0.0	809.01136	-0.0	809.01136	1.42168	-0.0	-56.61294	56.63079	0.07	-0.0	0.07779	-0.0	-0.07779	51.27943	4.04652	
86.0	5	24.3686	-3.82882	-0.00063	12737.41195	-2888.74044	-0.16138	13060.8761	80.01071	352.76438	524.67089	637.27856	0.04879	-1.31827	0.29897	2e-05	1.35175	-11.0834	0.05085	
87.0	2	24.32299	4.02717	-0.00053	16585.64196	3833.61363	-0.12098	17022.92903	-5.06085	21.87837	-530.49537	530.97044	0.03119	1.87561	0.43353	-1e-05	-1.92506	12.39621	0.03067	
87.0	3	19.89679	9.125	-0.06666	0.0	793.74816	0.0	793.74816	0.68166	0.0	-55.55811	55.56229	0.07	0.0	0.07629	0.0	-0.07629	53.97237	4.25283	
87.0	5	24.3687	-3.82839	-0.00059	12778.59701	-2897.80777	-0.16221	13103.04665	75.23302	331.72921	523.75639	624.51985	0.04766	-1.32328	0.30008	2e-05	1.35688	-11.69457	0.04941	
88.0	2	24.32308	4.02678	-0.00043	16602.46375	3837.19752	-0.11968	17040.1258	-5.9955	25.92415	-534.63852	535.30025	0.03141	1.87766	0.43397	-1e-05	-1.92716	11.35736	0.0309	
88.0	3	19.89768	9.125	-0.04712	-1e-05	791.25459	-0.0	791.25459	0.25563	-0.0	-55.38734	55.38793	0.07	-0.0	0.07599	-0.0	-0.07599	49.25539	3.88736	
88.0	5	24.36876	-3.82807	-0.00048	12808.65188	-2904.41793	-0.16148	13133.81919	59.41307	261.98566	529.64376	593.87617	0.04522	-1.32687	0.30087	2e-05	1.36056	-10.62637	0.04639	
89.0	2	24.32319	4.02632	-0.00035	16593.03769	3834.67008	-0.12528	17030.37271	1.43184	-6.21323	-535.62829	535.66623	0.03145	1.87656	0.43368	-1e-05	-1.92602	12.98229	0.03094	
89.0	3	19.89884	9.125	-0.0276	-2e-05	777.56296	-0.0	777.56296	-0.13466	-0.0	-54.42949	54.42966	0.07	-0.0	0.07458	-0.0	-0.07458	56.62869	4.46647	
89.0	5	24.36883	-3.82775	-0.00033	12838.6639	-2911.01836	-0.16619	13164.5478	61.25349	270.12002	533.33298	600.96662	0.04565	-1.3304	0.30165	2e-05	1.36417	-12.29043	0.04692	
90.0	2	24.32334	4.02573	-0.00027	16576.70001	3830.43686	-0.11835	17013.5014	9.22345	-39.93233	-539.30156	540.85658	0.03179	1.87509	0.43328	-1e-05	-1.9245	11.80302	0.0313	
90.0	3	19.90033	9.125	-0.00803	-0.0	766.66462	0.0	766.66462	-0.51655	0.0	-53.66409	53.66657	0.07	-0.0	0.07344	0.0	-0.07344	51.27426	4.04418	
90.0	5	24.36891	-3.82738	-0.00021	12863.27926	-2916.35955	-0.1612	13189.73488	66.51584	293.35426	529.08172	608.61198	0.04614	-1.33377	0.30239	2e-05	1.36762	-11.07784	0.04752	
91.0	2	24.3235	4.02505	-0.00017	16566.27754	3827.52041	-0.11901	17002.6899	16.7446	-72.4909	-543.96379	549.02816	0.03229	1.87405	0.43299	-1e-05	-1.92342	11.84247	0.03183	
91.0	3	19.9021	9.125	0.01161	0.0	758.58186	0.0	758.58186	-0.80121	0.0	-53.09468	53.10073	0.07	0.0	0.07254	0.0	-0.07254	51.44083	4.05478	
91.0	5	24.36901	-3.82694	-0.00019	12891.8625	-2922.56281	-0.16209	13218.98227	67.4299	297.41377	534.24825	615.1609	0.04654	-1.33745	0.3032	2e-05	1.37139	-11.11022	0.04801	
92.0	2	24.32367	4.02435	-3e-05	16559.46582	3825.42142	-0.11856	16995.58052	23.80439	-103.06128	-547.13908	557.26963	0.03279	1.87346	0.43279	-1e-05	-1.9228	11.8468	0.03236	
92.0	3	19.90408	9.125	0.03131	0.0	750.36794	0.0	750.36794	-1.08865	0.0	-52.51447	52.52575	0.07	0.0	0.07162	0.0	-0.07162	51.45559	4.05517	
92.0	5	24.36912	-3.82644	-0.00018	12926.65967	-2930.12103	-0.16215	13254.58938	67.54548	297.9571	536.92777	617.76392	0.04661	-1.34187	0.30417	2e-05	1.37592	-11.10976	0.0481	
93.0	2	24.32384	4.02363	0.00011	16556.46035	3824.20769	-0.11848	16992.37899	30.42112	-131.72182	-552.58433	568.88094	0.03348	1.8733	0.4327	-1e-05	-1.92263	11.83358	0.03309	
93.0	3	19.90619	9.125	0.05107	0.0	743.59864	-0.0	743.59864	-1.35918	-0.0	-52.03415	52.0519	0.07	0.0	0.07082	-0.0	-0.07082	51.3821	4.04904	
93.0	5	24.36923	-3.82592	-0.00013	12963.87141	-2938.21763	-0.16253	13292.67034	64.74856	285.6507	542.06654	616.13702	0.04635	-1.34662	0.30521	2e-05	1.38077	-11.08745	0.04778	
94.0	2	24.32401	4.02292	0.00026	16539.69965	3819.84097	-0.11928	16975.06553	28.48002	-123.33425	-555.00384	569.2554	0.03353	1.8715	0.43222	-1e-05	-1.92076	12.61643	0.03315	
94.0	3	19.90855	9.125	0.07078	-0.0	714.93142	-0.0	714.93142	-2.0135	-0.0	-50.00475	50.04527	0.07	-0.0	0.06793	-0.0	-0.06793	54.96198	4.32526	
94.0	5	24.36932	-3.82549	-8e-05	13025.97732	-2952.00717	-0.16399	13356.28809	69.29738	305.75071	535.80769	620.7862	0.04648	-1.35396	0.30684	2e-05	1.3883	-11.89894	0.04794	
95.0	2	24.32418	4.02224	0.00042	16543.32349	3820.23026	-0.11441	16978.68402	41.1513	-178.2206	-563.0606	592.0247	0.03487	1.87209	0.43231	-1e-05	-1.92136	10.13686	0.03459	
95.0	3	19.9113	9.125	0.09058	-1e-05	723.85951	0.0	723.85951	-2.23596	0.0	-50.62093	50.67029	0.07	-0.0	0.06859	0.0	-0.06859	43.65781	3.45214	
95.0	5	24.36939	-3.82516	-7e-05	13048.33197	-2956.86121	-0.16042	13379.16273	50.83567	224.303	547.87165	594.18806	0.04441	-1.35737	0.30759	2e-05	1.39179	-9.3345	0.04542	
96.0	2	24.32432	4.02165	0.00054	16522.14871	3815.01587	-0.12328	16956.87896	36.80519	-159.41498	-566.99811	590.13101	0.0348	1.86969	0.43172	-1e-05	-1.91888	12.09251	0.03452	
96.0	3	19.91437	9.125	0.11037	1e-05	705.23756	-0.0	705.23756	-2.61439	-0.0	-49.29715	49.36642	0.07	0.0	0.06661	-0.0	-0.06661	52.53479	4.13726	
96.0	5	24.36943	-3.82496	-0.00011	13095.36441	-2967.39174	-0.16813	13427.35948	42.37998	186.99519	555.28083	587.45218	0.04375	-1.3633	0.30892	2e-05	1.39787	-11.33666	0.04463	
97.0	2	24.32446	4.02107	0.00065	16513.1552	3812.64134	-0.11746	16947.5818	36.41535	-157.7383	-572.56277	595.00888	0.03511	1.86859	0.43143	-1e-05	-1.91775	11.82175	0.03485	
97.0	3	19.91767	9.125	0.13017	0.0	690.41344	-0.0	690.41344	-3.06027	-0.0	-48.23194	48.32893	0.07	0.0	0.06499	-0.0	-0.06499	51.29367	4.04174	
97.0	5	24.36948	-3.82473	-5e-05	13152.01328	-2980.07416	-0.16428	13485.41046	39.77741	175.51951	558.81931	587.08463	0.04353	-1.37023	0.31048	2e-05	1.40497	-11.05248	0.04437	
98.0	2	24.32459	4.02053	0.00074	16504.89691	3810.48435	-0.11677	16939.04994	36.20758	-156.84885	-580.49059	602.39677	0.03556	1.86749	0.43115	-1e-05	-1.91662	11.74032	0.03534	
98.0	3	19.92118	9.125	0.14999	0.0	679.27017	-0.0	679.27017	-3.43489	-0.0	-47.42468	47.54891	0.07	0.0	0.06371	-0.0	-0.06371	50.89894	4.01178	
98.0	5	24.36953	-3.82451	9e-05	13204.86734	-2991.90211	-0.1644	13539.57163	30.7889	135.85679	566.35155	583.2316	0.04308	-1.37673	0.31193	2e-05	1.41163	-10.95663	0.04383	
99.0	2	24.32473	4.01994	0.0008	16488.20858	3806.36095	-0.11504	16921.86178	47.18535	-204.41299	-589.22121	625.45405	0.03696	1.86532	0.43062	-1e-05	-1.91438	11.8336	0.03687	
99.0	3	19.92496	9.125	0.16982	0.0	665.50535	0.0	665.50535	-3.65639	0.0	-46.44165	46.58536	0.07	0.0	0.06217	0.0	-0.06217	51.29074	4.04206	
99.0	5	24.36956	-3.82437	0.00027	13253.8537	-3002.91183	-0.16366	13589.77988	29.29865	129.28326	573.19125	588.3203	0.04329	-1.38284	0.31331	2e-05	1.41789	-11.03696	0.04409	
100.0	2	24.32491	4.0192	0.00087	16440.71787	3794.99567	-0.12377	16873.03163	49.04144	-212.47696	-586.73207	625.94412	0.0371	1.85952	0.42923	-1e-05	-1.90842	11.84737	0.03702	
100.0	3	19.92897	9.125	0.1898	-9e-05	638.36636	0.0	638.36636	-4.07213	-0.0	-44.50097	44.6869	0.07	-0.0	0.05938	0.0	-0.05938	51.35686	4.04658	
100.0	5	24.36959	-3.82425	0.00042	13306.26633	-3014.70684	-0.17162	13643.50326	42.34228	186.85725	569.83423	601.18179	0.04406	-1.38932	0.31477	2e-05	1.42454	-11.05122	0.045	
101.0	2	24.32511	4.01838	0.00097	16410.81595	3787.64044	-0.11425	16842.24154	67.19684	-291.16392	-606.75531	676.34595	0.04016	1.85592	0.42835	-1e-05	-1.90471	11.8142	0.04045	
101.0	3	19.93329	9.125	0.20983	2e-05	639.37862	-0.0	639.37862	-4.07654	0.0	-44.57014	44.75618	0.07	0.0	0.0592	-0.0	-0.0592	51.12751	4.02982	
101.0	5	24.36964	-3.82402	0.0005	13329.42879	-3019.80797	-0.16431	13667.22035	26.09651	115.15797	588.137	599.87292	0.04389	-1.39298	0.31558	2e-05	1.42828	-10.98029	0.0448	
102.0	2	24.32532	4.01751	0.00109	16376.30187	3779.19583	-0.11471	16806.71247	72.97832	-316.25389	-613.7468	694.282	0.04131	1.85172	0.42733	-1e-05	-1.90039	11.66397	0.04177	
102.0	3	19.93783	9.125	0.22997	0.0	625.5586	-0.0	625.5586	-4.32882	0.0	-43.57461	43.7891	0.07	0.0	0.05764	-0.0	-0.05764	50.412	3.97527	
102.0	5	24.3697	-3.82374	0.00054	13378.2447	-3030.68375	-0.16543	13717.23279	25.92346	114.40051	596.45347	607.87848	0.04431	-1.39931	0.317	2e-05	1.43477	-10.8095	0.0453	
103.0	2	24.32553	4.01663	0.00124	16342.80338	3770.9932	-0.11034	16772.22741	77.54276	-336.07446	-620.79086	710.16914	0.04234	1.84759	0.42632	-1e-05	-1.89613	11.41238	0.04297	
103.0	3	19.94257	9.125	0.2502	-2e-05	609.5519	0.0	609.5519	-4.62816	0.0	-42.4173	42.66904	0.07	-0.0	0.05587	0.0	-0.05587	49.24389	3.88764	
103.0	5	24.36976	-3.82347	0.00051	13434.14674	-3043.17349	-0.16272	13774.51282	25.01599	110.40139	601.56257	612.12074	0.04444	-1.40642	0.31859	2e-05	1.44205	-10.53842	0.04545	
104.0	2	24.32574	4.01576	0.00138	16353.92892	3773.10462	-0.12143	16783.54282	87.21207	-378.02713	-624.97874	735.60104	0.04383	1.84854	0.42649	-1e-05	-1.8971	12.21479	0.04472	
104.0	3	19.9475	9.125	0.27047	0.00011	649.65773	-0.0	649.65773	-4.02559	0.0	-45.29537	45.4739	0.07	0.0	0.05923	-0.0	-0.05923	52.86693	4.154	
104.0	5	24.3698	-3.82326	0.0004	13445.39046	-3045.58044	-0.17184	13786.01048	12.9912	57.31814	609.4209	612.24829	0.04441	-1.40897	0.31915	2e-05	1.44467	-11.34918	0.04542	
105.0	2	24.32595	4.01492	0.00156	16288.44669	3757.57753	-0.10806	16716.24612	79.19902	-343.33225	-634.73485	725.97372	0.04343	1.84064	0.42462	-1e-05	-1.88898	11.01637	0.04425	
105.0	3	19.95238	9.125	0.29073	-3e-05	588.87335	0.0	588.87335	-5.14232	-0.0	-40.89986	41.22187	0.07	-0.0	0.05339	0.0	-0.05339	47.39761	3.74466	
105.0	5	24.36984	-3.82309	0.00032	13546.09017	-3068.27723	-0.1624	13889.23627	16.36124	72.20038	616.32492	620.75518	0.04469	-1.42077	0.32181	2e-05	1.45676	-10.10824	0.04576	
106.0	2	24.32613	4.01415	0.00171	16270.84363	3753.17653	-0.11215	16698.10428	75.74651	-328.39684	-638.70557	722.16814	0.04325	1.83849	0.42408	-1e-05	-1.88677	11.44148	0.04404	
106.0	3	19.95739	9.125	0.31096	0.0	588.65136	0.0	588.65136	-5.15899	0.0	-40.88138	41.20561	0.07	0.0	0.05308	0.0	-0.05308	49.31688	3.89032	
106.0	5	24.36987	-3.82295	0.00031	13600.78824	-3080.57142	-0.16655	13945.29888	15.58985	68.79602	619.21103	623.21604	0.04469	-1.42805	0.32345	2e-05	1.46422	-10.53727	0.04575	
107.0	2	24.32631	4.01341	0.00182	16249.93748	3748.04727	-0.11258	16676.58018	70.725	-306.65287	-645.88367	718.47319	0.04308	1.83571	0.42341	-1e-05	-1.88391	11.39768	0.04384	
107.0	3	19.96238	9.125	0.33122	0.0	581.90291	-0.0	581.90291	-5.37508	-0.0	-40.377	40.7332	0.07	0.0	0.05217	-0.0	-0.05217	49.09408	3.87345	
107.0	5	24.3699	-3.82283	0.00041	13662.1596	-3094.38124	-0.16774	14008.20475	11.86703	52.36077	626.29185	628.58886	0.04487	-1.43582	0.3252	2e-05	1.47219	-10.48061	0.04598	
108.0	2	24.32647	4.01274	0.00192	16229.86435	3743.16905	-0.11556	16655.92422	64.05261	-277.74305	-640.95315	701.47337	0.04212	1.83299	0.42275	-1e-05	-1.88111	11.28275	0.04271	
108.0	3	19.9673	9.125	0.35144	-0.0	574.76357	-0.0	574.76357	-5.62466	-0.0	-39.83827	40.23338	0.07	-0.0	0.05124	-0.0	-0.05124	48.60256	3.83475	
108.0	5	24.36991	-3.82276	0.00055	13724.18263	-3108.37947	-0.17109	14071.7878	7.27662	32.0936	623.29543	624.16356	0.04436	-1.44359	0.32696	2e-05	1.48016	-10.37565	0.04535	
109.0	2	24.32663	4.0121	0.00194	16166.39574	3728.32899	-0.11227	16590.74406	60.83367	-263.80076	-667.44127	720.2565	0.04341	1.82473	0.42082	-1e-05	-1.87262	11.397	0.04423	
109.0	3	19.97238	9.125	0.37149	2e-05	518.8968	0.0	518.8968	-6.21295	0.0	-35.78698	36.32229	0.07	0.0	0.04597	0.0	-0.04597	49.01386	3.88427	
109.0	5	24.3699	-3.8228	0.0007	13820.60266	-3130.25168	-0.16983	14170.65748	-15.04787	-66.47446	654.30496	657.84517	0.04642	-1.45456	0.32944	2e-05	1.4914	-10.44421	0.04787	
110.0	2	24.32679	4.01141	0.00188	16163.27362	3727.36076	-0.12151	16587.48421	60.15775	-260.88851	-653.73945	706.43969	0.04259	1.82449	0.42074	-1e-05	-1.87237	12.17104	0.04326	
110.0	3	19.97736	9.125	0.39148	-0.00019	551.06118	-0.0	551.06118	-5.78472	-0.0	-38.14167	38.57784	0.07	-0.0	0.04856	-0.0	-0.04856	52.62957	4.1551	
110.0	5	24.3699	-3.82284	0.00083	13831.90148	-3132.8363	-0.1778	14182.24812	11.22953	49.54394	633.97123	636.00332	0.04485	-1.45754	0.33012	2e-05	1.49446	-11.28078	0.04594	
111.0	2	24.32699	4.01059	0.00195	16147.75117	3723.41196	-0.11218	16571.4714	68.59597	-297.5076	-648.57719	716.84626	0.04326	1.82192	0.4201	-1e-05	-1.86972	11.30288	0.04405	
111.0	3	19.98239	9.125	0.41146	4e-05	574.20035	0.0	574.20035	-5.75434	0.0	-39.77924	40.19329	0.07	0.0	0.05028	0.0	-0.05028	48.66867	3.83692	
111.0	5	24.36991	-3.8228	0.00098	13850.47039	-3137.02265	-0.17013	14201.28308	11.99974	52.9468	627.70393	630.04729	0.04437	-1.46062	0.33082	2e-05	1.49761	-10.38283	0.04536	
112.0	2	24.32719	4.00974	0.00205	16099.77592	3711.94457	-0.11095	16522.14626	70.28065	-304.84706	-654.31687	725.25972	0.0439	1.81605	0.41871	-1e-05	-1.86369	11.02348	0.0448	
112.0	3	19.98724	9.125	0.43143	-0.0	553.55437	-0.0	553.55437	-6.02383	-0.0	-38.27771	38.74881	0.07	-0.0	0.04819	-0.0	-0.04819	47.377	3.73573	
112.0	5	24.36992	-3.82274	0.00109	13908.85478	-3150.21031	-0.17002	14261.13832	18.61781	82.1674	633.75531	639.33082	0.04483	-1.46814	0.33252	2e-05	1.50533	-10.08545	0.04592	
113.0	2	24.32741	4.00887	0.00216	16067.99318	3704.18871	-0.10958	16489.43355	71.92221	-312.00296	-659.27172	732.91053	0.04445	1.81204	0.41773	-1e-05	-1.85957	10.99485	0.04546	
113.0	3	19.99201	9.125	0.45139	0.0	547.64751	0.0	547.64751	-6.11454	0.0	-37.84455	38.33533	0.07	0.0	0.0474	0.0	-0.0474	47.22917	3.72392	
113.0	5	24.36994	-3.82265	0.0011	13958.01242	-3161.28837	-0.16959	14311.52874	21.80172	96.22678	637.56109	645.15041	0.04508	-1.47472	0.334	2e-05	1.51207	-10.04688	0.04622	
114.0	2	24.32762	4.00799	0.00232	16041.80628	3697.71934	-0.11117	16462.46267	72.06837	-312.67384	-659.10605	733.06178	0.04453	1.80867	0.41691	-1e-05	-1.8561	11.50312	0.04556	
114.0	3	19.99675	9.125	0.47127	0.0	545.88696	-0.0	545.88696	-6.09061	0.0	-37.72343	38.21194	0.07	0.0	0.04697	-0.0	-0.04697	49.55558	3.89834	
114.0	5	24.36997	-3.82254	0.00102	14005.78222	-3172.03647	-0.17167	14360.49272	22.61018	99.79842	635.03265	643.22423	0.04479	-1.4812	0.33546	2e-05	1.51871	-10.57364	0.04588	
115.0	2	24.32782	4.00713	0.00252	16029.93221	3694.573	-0.10656	16450.1853	71.14321	-308.69421	-679.91513	750.09204	0.0456	1.80721	0.41652	-1e-05	-1.85458	10.58796	0.04686	
115.0	3	20.00143	9.125	0.49108	-0.00019	560.31615	-0.0	560.31615	-6.18807	-0.0	-38.73481	39.22598	0.07	-0.0	0.04794	-0.0	-0.04794	45.40923	3.58526	
115.0	5	24.37	-3.82239	0.0009	14040.5812	-3179.81309	-0.16808	14396.14989	21.59799	95.33196	657.34504	664.57292	0.04616	-1.4865	0.33665	2e-05	1.52414	-9.64019	0.04755	
116.0	2	24.32802	4.00631	0.0027	15989.97834	3684.98866	-0.10924	16409.09957	67.12896	-291.30702	-663.3682	727.6149	0.04434	1.80201	0.41529	-1e-05	-1.84925	11.00237	0.04534	
116.0	3	20.00615	9.125	0.51079	1e-05	535.77825	-0.0	535.77825	-6.4324	0.0	-36.94853	37.50426	0.07	0.0	0.04556	-0.0	-0.04556	47.26881	3.72759	
116.0	5	24.37004	-3.82221	0.00085	14113.74148	-3196.25751	-0.17153	14471.13543	20.72661	91.48835	639.26971	646.11568	0.04465	-1.49539	0.33865	2e-05	1.53326	-10.05275	0.0457	
117.0	2	24.3282	4.00556	0.00285	15964.49883	3678.79367	-0.10854	16382.87965	62.17152	-269.8193	-666.18552	721.43669	0.04404	1.79872	0.41449	-1e-05	-1.84586	10.67785	0.04497	
117.0	3	20.01071	9.125	0.53045	-0.0	529.21411	-0.0	529.21411	-6.6635	-0.0	-36.44074	37.04497	0.07	-0.0	0.04474	-0.0	-0.04474	45.78932	3.61263	
117.0	5	24.37008	-3.82203	0.0009	14169.40703	-3208.73559	-0.17171	14528.18225	17.52183	77.33995	643.39056	648.25912	0.04462	-1.50261	0.34027	2e-05	1.54065	-9.717	0.04567	
118.0	2	24.32837	4.00487	0.00298	15938.11638	3672.45458	-0.10774	16355.74751	54.6923	-237.37921	-669.50221	712.44182	0.04356	1.79526	0.41366	-1e-05	-1.8423	10.58066	0.0444	
118.0	3	20.01522	9.125	0.55002	-0.0	522.6984	0.0	522.6984	-6.87472	0.0	-35.93723	36.58889	0.07	-0.0	0.04393	0.0	-0.04393	45.34243	3.58065	
118.0	5	24.3701	-3.82194	0.00098	14223.51291	-3220.91831	-0.17177	14583.64269	11.86866	52.37732	646.23	648.45776	0.04446	-1.50961	0.34185	2e-05	1.54783	-9.61425	0.04548	
119.0	2	24.32852	4.00427	0.0031	15911.35195	3666.11153	-0.10734	16328.24224	46.28064	-200.8831	-672.76469	703.63928	0.04309	1.79167	0.41282	-1e-05	-1.83862	10.49052	0.04385	
119.0	3	20.01972	9.125	0.5695	0.0	516.20681	0.0	516.20681	-7.08969	0.0	-35.43214	36.13447	0.07	0.0	0.04312	0.0	-0.04312	44.926	3.55145	
119.0	5	24.37009	-3.82195	0.00109	14277.15247	-3233.07569	-0.17218	14638.64274	5.29196	23.33453	649.12645	649.56728	0.04437	-1.5165	0.34341	2e-05	1.55489	-9.51848	0.04537	
120.0	2	24.32865	4.0037	0.0031	15887.54236	3660.48082	-0.10696	16303.77631	37.91546	-164.58377	-675.04072	695.84867	0.04268	1.78829	0.41202	-1e-05	-1.83514	10.39958	0.04337	
120.0	3	20.02419	9.125	0.5889	0.0	512.38032	-0.0	512.38032	-7.28537	0.0	-35.11891	35.86662	0.07	0.0	0.04255	-0.0	-0.04255	44.50885	3.52128	
120.0	5	24.37008	-3.82205	0.00123	14328.74599	-3244.83223	-0.17256	14691.55873	-1.74513	-7.74088	651.12603	651.17438	0.04432	-1.5231	0.34491	2e-05	1.56166	-9.42346	0.04531	
121.0	2	24.32878	4.00318	0.00309	15857.86093	3653.5421	-0.10656	16273.29479	36.97049	-160.4867	-675.52841	695.31391	0.04273	1.7842	0.41107	-1e-05	-1.83094	10.30812	0.04342	
121.0	3	20.02855	9.125	0.60821	0.0	509.18511	0.0	509.18511	-7.383	0.0	-34.86992	35.64295	0.07	0.0	0.04203	0.0	-0.04203	44.09069	3.48896	
121.0	5	24.37004	-3.82223	0.00135	14358.28164	-3251.65143	-0.17267	14721.8711	-1.72633	-7.65752	651.40145	651.44874	0.04425	-1.5273	0.34588	2e-05	1.56597	-9.32879	0.04523	
122.0	2	24.32891	4.00263	0.00308	15813.5675	3643.20316	-0.10613	16227.8109	40.41846	-175.45872	-675.2143	698.80882	0.04306	1.77854	0.40975	-1e-05	-1.82513	10.18731	0.04382	
122.0	3	20.0328	9.125	0.62741	-0.0	505.3185	-0.0	505.3185	-7.43332	-0.0	-34.58244	35.3723	0.07	-0.0	0.04147	-0.0	-0.04147	43.5407	3.44591	
122.0	5	24.37	-3.82239	0.00146	14389.24153	-3258.78464	-0.17288	14753.6419	2.84928	12.54651	650.93051	651.05765	0.04413	-1.53169	0.34689	2e-05	1.57047	-9.20465	0.04508	
123.0	2	24.32906	4.00202	0.00313	15786.72555	3636.83478	-0.10608	16200.22441	43.86851	-190.44353	-674.22057	701.97334	0.04333	1.77487	0.40888	-1e-05	-1.82136	10.10313	0.04413	
123.0	3	20.03704	9.125	0.64652	8e-05	518.1289	0.0	518.1289	-7.37795	0.0	-35.50881	36.2672	0.07	0.0	0.04227	0.0	-0.04227	43.16152	3.41017	
123.0	5	24.36998	-3.82253	0.00152	14407.66634	-3263.06556	-0.17316	14772.5572	3.59774	15.85086	650.62341	650.82641	0.04406	-1.53481	0.3476	2e-05	1.57368	-9.11978	0.045	
124.0	2	24.32921	4.00139	0.00327	15754.26199	3629.14865	-0.10433	16166.86397	43.82115	-190.24858	-675.94708	703.57605	0.04352	1.77059	0.40787	-1e-05	-1.81696	10.0188	0.04436	
124.0	3	20.04124	9.125	0.66553	0.00017	523.9849	0.0	523.9849	-7.39165	0.0	-35.92292	36.67551	0.07	0.0	0.04249	0.0	-0.04249	42.77731	3.37975	
124.0	5	24.36994	-3.82269	0.00153	14432.81585	-3268.88414	-0.17202	14798.37075	2.89115	12.73074	652.07352	652.20419	0.04407	-1.5387	0.3485	2e-05	1.57767	-9.03281	0.04501	
125.0	2	24.32935	4.00081	0.00341	15680.14757	3611.92141	-0.10485	16090.77389	36.42496	-158.14858	-682.12659	701.16649	0.04358	1.76159	0.40578	-1e-05	-1.80772	9.93901	0.04442	
125.0	3	20.04533	9.125	0.68445	-6e-05	483.79046	-0.0	483.79046	-7.75756	-0.0	-32.96622	33.86667	0.07	-0.0	0.039	-0.0	-0.039	42.38606	3.36538	
125.0	5	24.36991	-3.82287	0.00152	14499.85196	-3284.19649	-0.17367	14867.13333	4.93072	21.73464	656.02193	656.4004	0.04415	-1.54699	0.35039	2e-05	1.58618	-8.93831	0.04511	
126.0	2	24.32948	4.00028	0.00357	15635.36345	3601.48797	-0.1021	16044.79061	32.47458	-141.00336	-685.83612	700.93347	0.04369	1.75586	0.40445	-1e-05	-1.80184	9.62356	0.04455	
126.0	3	20.04948	9.125	0.70325	0.0	472.549	-0.0	472.549	-7.9606	0.0	-32.10624	33.07842	0.07	0.0	0.03787	-0.0	-0.03787	40.93396	3.25953	
126.0	5	24.36987	-3.82306	0.00156	14543.9357	-3294.32734	-0.17188	14912.36596	4.40249	19.40198	657.9093	658.21005	0.04414	-1.5528	0.35172	2e-05	1.59214	-8.60712	0.04509	
127.0	2	24.32959	3.99983	0.00378	15600.25363	3593.36389	-0.10304	16008.75315	26.07897	-113.23903	-684.31904	694.11508	0.04336	1.75117	0.40337	-1e-05	-1.79703	9.65931	0.04417	
127.0	3	20.05351	9.125	0.72195	-2e-05	476.16365	0.0	476.16365	-8.05675	-0.0	-32.34358	33.33195	0.07	-0.0	0.03793	0.0	-0.03793	41.10361	3.27063	
127.0	5	24.36983	-3.82325	0.00162	14568.37255	-3300.00173	-0.17322	14937.4526	-2.9979	-13.26918	656.99887	657.13969	0.04399	-1.55641	0.35256	2e-05	1.59584	-8.6472	0.04492	
128.0	2	24.32969	3.99941	0.00395	15580.8767	3588.87609	-0.1048	15988.86332	22.19187	-96.36439	-678.56366	685.73116	0.04289	1.7482	0.40268	-1e-05	-1.79398	9.66579	0.04361	
128.0	3	20.05742	9.125	0.74055	2e-05	492.89251	0.0	492.89251	-8.08147	0.0	-33.54218	34.502	0.07	0.0	0.03903	0.0	-0.03903	41.15124	3.26415	
128.0	5	24.36978	-3.82346	0.00166	14582.14638	-3303.27944	-0.17511	14951.61022	-11.41796	-50.43867	654.49497	656.53491	0.04391	-1.5588	0.35311	2e-05	1.5983	-8.6623	0.04482	
129.0	2	24.32978	3.99904	0.0041	15536.62413	3578.70769	-0.10348	15943.45754	15.6879	-68.12729	-683.00203	686.57061	0.04306	1.7424	0.40134	-1e-05	-1.78802	9.48272	0.04382	
129.0	3	20.06124	9.125	0.75902	1e-05	479.42669	0.0	479.42669	-8.29432	0.0	-32.51843	33.55956	0.07	0.0	0.03775	0.0	-0.03775	40.30067	3.2077	
129.0	5	24.36973	-3.8237	0.00167	14627.45252	-3313.71869	-0.17462	14998.10317	-13.72971	-60.64048	657.2031	660.13763	0.04401	-1.56449	0.35442	2e-05	1.60413	-8.46703	0.04495	
130.0	2	24.32984	3.99876	0.00424	15497.37493	3569.76511	-0.10337	15903.20259	6.64986	-28.88872	-682.83422	683.4774	0.04298	1.7371	0.40013	-1e-05	-1.78259	9.25683	0.04372	
130.0	3	20.065	9.125	0.77738	1e-05	475.78969	-0.0	475.78969	-8.5161	0.0	-32.19791	33.3051	0.07	0.0	0.03724	-0.0	-0.03724	39.26868	3.13287	
130.0	5	24.36967	-3.82399	0.00168	14658.51633	-3320.97323	-0.17509	15030.00214	-21.70779	-95.85115	657.58374	664.88724	0.04424	-1.56858	0.35537	2e-05	1.60833	-8.23403	0.04521	
131.0	2	24.3299	3.99854	0.00431	15455.55543	3560.28448	-0.10198	15860.32216	-2.10949	9.13791	-684.674	684.73822	0.04317	1.73139	0.39884	-1e-05	-1.77673	9.15012	0.04395	
131.0	3	20.06873	9.125	0.79562	-0.0	468.41453	0.0	468.41453	-8.70876	-0.0	-31.61134	32.78902	0.07	-0.0	0.03645	0.0	-0.03645	38.77179	3.10099	
131.0	5	24.36959	-3.82438	0.00173	14693.8067	-3329.25584	-0.17441	15066.25036	-28.27316	-124.81923	658.50951	670.83082	0.04453	-1.57303	0.35641	2e-05	1.6129	-8.12047	0.04556	
132.0	2	24.32994	3.99838	0.00431	15414.86496	3551.1223	-0.10151	15818.61345	-11.54138	50.07974	-685.33108	687.25532	0.04345	1.72572	0.39755	-1e-05	-1.77092	9.02357	0.04427	
132.0	3	20.07244	9.125	0.81372	0.0	464.16008	0.0	464.16008	-8.90369	0.0	-31.24719	32.49096	0.07	0.0	0.03591	0.0	-0.03591	38.18503	3.06096	
132.0	5	24.36948	-3.82488	0.00177	14723.96792	-3336.46232	-0.17451	15097.25843	-36.15965	-159.60872	658.73574	678.76008	0.04496	-1.57688	0.35732	2e-05	1.61686	-7.98702	0.04608	
133.0	2	24.32995	3.99834	0.00432	15377.75743	3542.88463	-0.10115	15780.60377	-18.88161	81.93533	-685.83355	690.96858	0.04379	1.72035	0.39635	-1e-05	-1.76542	8.89053	0.04467	
133.0	3	20.07603	9.125	0.83164	-0.0	461.94205	-0.0	461.94205	-9.07093	-0.0	-31.03758	32.33594	0.07	-0.0	0.03553	-0.0	-0.03553	37.56905	3.01709	
133.0	5	24.36935	-3.82552	0.00181	14748.98522	-3342.60453	-0.17461	15123.01459	-42.78591	-188.82396	659.09404	686.94255	0.04542	-1.58006	0.35809	2e-05	1.62013	-7.84747	0.04664	
134.0	2	24.32995	3.99834	0.00434	15337.37029	3533.92149	-0.10074	15739.23533	-15.56468	67.53181	-686.02389	689.51547	0.04381	1.7147	0.39509	-1e-05	-1.75963	8.75697	0.0447	
134.0	3	20.07953	9.125	0.84939	0.0	459.97206	0.0	459.97206	-9.09835	0.0	-30.8858	32.19802	0.07	0.0	0.03518	0.0	-0.03518	36.95369	2.9691	
134.0	5	24.3692	-3.82622	0.00184	14752.24884	-3343.86438	-0.17444	15126.47595	-39.10547	-172.55742	659.1955	682.52766	0.04512	-1.58096	0.35835	2e-05	1.62107	-7.70883	0.04628	
135.0	2	24.32996	3.99829	0.00437	15283.57156	3521.81846	-0.10025	15684.09273	-11.43626	49.61021	-686.39098	688.2765	0.04388	1.70749	0.39346	-1e-05	-1.75224	8.6204	0.04479	
135.0	3	20.08293	9.125	0.86702	0.0	457.02662	-0.0	457.02662	-9.11643	0.0	-30.66545	31.99186	0.07	0.0	0.03476	-0.0	-0.03476	36.32498	2.92057	
135.0	5	24.36906	-3.82688	0.00185	14763.50233	-3346.90701	-0.17436	15138.12365	-34.22135	-150.98774	659.41811	677.34825	0.04474	-1.58265	0.35879	2e-05	1.62281	-7.56703	0.04582	
136.0	2	24.32997	3.99823	0.0044	15229.401	3509.60577	-0.09977	15628.56319	-9.8416	42.68661	-686.91178	688.3072	0.04404	1.70038	0.39185	-1e-05	-1.74495	8.48178	0.04498	
136.0	3	20.08627	9.125	0.88452	0.0	453.17551	0.0	453.17551	-9.16829	0.0	-30.3685	31.72228	0.07	0.0	0.03427	0.0	-0.03427	35.68508	2.87282	
136.0	5	24.36893	-3.82752	0.00185	14775.6485	-3350.13909	-0.1743	15150.68383	-31.61258	-139.46028	659.72884	675.04864	0.04456	-1.58455	0.35927	2e-05	1.62477	-7.42213	0.04559	
137.0	2	24.32999	3.99816	0.00444	15175.95809	3497.55979	-0.09906	15573.78015	-10.32782	44.79312	-685.58985	687.12919	0.04412	1.6934	0.39027	-1e-05	-1.73779	8.34238	0.04507	
137.0	3	20.08953	9.125	0.90188	0.0	449.13232	0.0	449.13232	-9.24628	0.0	-30.04885	31.43926	0.07	0.0	0.03377	0.0	-0.03377	35.05055	2.82615	
137.0	5	24.3688	-3.82813	0.00184	14788.30982	-3353.46915	-0.174	15163.76809	-30.89134	-136.26044	658.07869	672.74716	0.04437	-1.58652	0.35977	2e-05	1.6268	-7.28032	0.04536	
138.0	2	24.33	3.99812	0.00451	15123.11809	3485.67703	-0.09882	15519.6213	-13.00421	56.40124	-684.88047	687.32195	0.04429	1.68648	0.38871	-1e-05	-1.73069	8.19727	0.04527	
138.0	3	20.09279	9.125	0.91908	0.0	446.7159	-0.0	446.7159	-9.35046	0.0	-29.83938	31.27011	0.07	0.0	0.0334	-0.0	-0.0334	34.38463	2.77708	
138.0	5	24.36867	-3.82875	0.00186	14798.35882	-3356.21098	-0.17416	15174.17464	-32.87113	-144.97101	657.37336	673.97095	0.04442	-1.58818	0.36019	2e-05	1.62851	-7.13023	0.04543	
139.0	2	24.33	3.99813	0.00464	15071.13546	3474.01931	-0.09829	15466.34845	-16.02118	69.4844	-684.15385	687.85991	0.04447	1.67962	0.38717	-1e-05	-1.72366	8.05032	0.0455	
139.0	3	20.09595	9.125	0.93614	-0.0	443.73652	-0.0	443.73652	-9.46079	-0.0	-29.58579	31.06164	0.07	-0.0	0.033	-0.0	-0.033	33.71073	2.72803	
139.0	5	24.36854	-3.82935	0.00194	14809.54995	-3359.19531	-0.17403	15185.74868	-35.03473	-154.49021	656.56993	675.41005	0.04448	-1.58989	0.36063	2e-05	1.63028	-6.97838	0.0455	
140.0	2	24.33	3.99813	0.00478	15020.61551	3462.69499	-0.09791	15414.5758	-18.59431	80.6398	-684.27943	689.26545	0.04472	1.67291	0.38566	-1e-05	-1.71679	7.89926	0.04579	
140.0	3	20.099	9.125	0.95305	-4e-05	439.99808	-0.0	439.99808	-9.5677	-0.0	-29.27694	30.80065	0.07	-0.0	0.03254	-0.0	-0.03254	33.01618	2.67859	
140.0	5	24.36841	-3.82996	0.00201	14822.93123	-3362.6865	-0.17406	15199.57075	-36.41712	-160.5629	656.65012	676.97565	0.04454	-1.5918	0.36111	2e-05	1.63225	-6.82138	0.04557	
141.0	2	24.32999	3.99817	0.0049	14973.51614	3452.17335	-0.09746	15366.31662	-21.8262	94.65004	-683.60374	690.47019	0.04493	1.66658	0.38423	-1e-05	-1.7103	7.74904	0.04605	
141.0	3	20.1019	9.125	0.96984	-5e-05	438.63796	-0.0	438.63796	-9.68087	-0.0	-29.13966	30.70568	0.07	-0.0	0.03227	-0.0	-0.03227	32.32821	2.62812	
141.0	5	24.36828	-3.83059	0.00209	14832.96022	-3365.43414	-0.17397	15209.9591	-39.1187	-172.44735	655.99851	679.41328	0.04467	-1.59329	0.3615	2e-05	1.63379	-6.66648	0.04573	
142.0	2	24.32996	3.99826	0.00501	14922.24066	3440.73581	-0.09702	15313.78233	-28.03271	121.55674	-681.76217	693.08118	0.04526	1.65972	0.38269	-1e-05	-1.70327	7.59877	0.04644	
142.0	3	20.10477	9.125	0.98647	-1e-05	436.58415	-0.0	436.58415	-9.84006	-0.0	-28.9337	30.56118	0.07	-0.0	0.03195	-0.0	-0.03195	31.63826	2.57804	
142.0	5	24.36813	-3.83128	0.00216	14839.90161	-3367.52451	-0.17389	15217.19098	-44.8074	-197.48964	654.08324	684.71508	0.045	-1.59437	0.3618	2e-05	1.63491	-6.51085	0.04612	
143.0	2	24.32993	3.99841	0.00513	14872.54608	3429.70468	-0.09656	15262.87984	-32.32875	140.17098	-681.08039	696.10599	0.04561	1.653	0.38119	-1e-05	-1.69638	7.44526	0.04687	
143.0	3	20.10761	9.125	1.00296	-0.0	433.52712	-0.0	433.52712	-9.97369	-0.0	-28.66121	30.34698	0.07	-0.0	0.03156	-0.0	-0.03156	30.93198	2.52761	
143.0	5	24.36798	-3.83199	0.00222	14850.52416	-3370.47157	-0.17383	15228.20234	-48.15504	-212.20803	653.30814	688.59471	0.04522	-1.5958	0.36218	2e-05	1.63638	-6.35124	0.04639	
144.0	2	24.32989	3.99857	0.00521	14824.04043	3418.96145	-0.09614	15213.20059	-36.67764	159.00895	-680.2228	699.52281	0.04598	1.64634	0.37971	-1e-05	-1.68956	7.28785	0.04732	
144.0	3	20.1104	9.125	1.0193	-0.0	431.72091	-0.0	431.72091	-10.10735	-0.0	-28.48017	30.2205	0.07	-0.0	0.03126	-0.0	-0.03126	30.20849	2.47506	
144.0	5	24.36783	-3.83272	0.00227	14859.28853	-3373.0045	-0.17375	15237.30997	-51.7257	-227.90376	652.40788	693.00196	0.04548	-1.59695	0.3625	2e-05	1.63758	-6.18779	0.04671	
145.0	2	24.32984	3.99879	0.00524	14772.11796	3407.46611	-0.09571	15160.0229	-44.71893	193.84739	-678.56813	707.12892	0.04664	1.63924	0.37812	-1e-05	-1.68228	7.12969	0.04814	
145.0	3	20.11306	9.125	1.03551	-0.0	431.23511	-0.0	431.23511	-10.29793	-0.0	-28.3756	30.18646	0.07	-0.0	0.03106	-0.0	-0.03106	29.47923	2.42298	
145.0	5	24.36766	-3.83351	0.00227	14859.95551	-3373.74823	-0.17357	15238.12504	-59.26377	-261.0657	650.72559	703.64144	0.04618	-1.59714	0.36261	2e-05	1.63778	-6.02261	0.04756	
146.0	2	24.32977	3.99908	0.00528	14723.55675	3396.79155	-0.09531	15110.30497	-48.96599	212.22643	-677.28347	711.44263	0.04708	1.63247	0.37662	-1e-05	-1.67535	6.96827	0.04869	
146.0	3	20.1156	9.125	1.05159	0.0	429.36304	0.0	429.36304	-10.44108	0.0	-28.18353	30.05541	0.07	0.0	0.03077	0.0	-0.03077	28.73791	2.36945	
146.0	5	24.36748	-3.83438	0.00225	14865.33184	-3375.61789	-0.17347	15243.78191	-62.97866	-277.37481	649.32565	708.89132	0.0465	-1.59774	0.36281	2e-05	1.63841	-5.85539	0.04797	
147.0	2	24.32969	3.9994	0.00534	14678.9308	3387.04696	-0.09497	15064.63065	-51.62147	223.7004	-675.55842	713.5025	0.04736	1.62613	0.37522	-1e-05	-1.66885	6.8044	0.04904	
147.0	3	20.11804	9.125	1.06752	0.0	428.67052	0.0	428.67052	-10.56086	0.0	-28.08709	30.00693	0.07	0.0	0.03057	0.0	-0.03057	27.98949	2.31359	
147.0	5	24.36729	-3.83528	0.00222	14870.57647	-3377.48538	-0.17336	15249.30989	-65.53187	-288.56052	647.56391	711.96953	0.04669	-1.59828	0.36301	2e-05	1.63899	-5.68743	0.0482	
148.0	2	24.3296	3.99978	0.0054	14633.202	3377.08739	-0.09461	15017.8334	-55.15976	238.99299	-673.79817	717.05246	0.04775	1.61966	0.37379	-1e-05	-1.66223	6.6393	0.04952	
148.0	3	20.12036	9.125	1.08329	0.0	427.28215	0.0	427.28215	-10.70075	0.0	-27.93004	29.90975	0.07	0.0	0.03032	0.0	-0.03032	27.23411	2.25839	
148.0	5	24.36709	-3.83623	0.0022	14874.6191	-3379.11179	-0.17324	15253.61235	-68.85784	-303.14061	645.72964	716.66059	0.04698	-1.59866	0.36317	2e-05	1.63939	-5.51761	0.04856	
149.0	2	24.32949	4.00021	0.00547	14584.95424	3366.59037	-0.09424	14968.46087	-59.48676	257.69346	-672.60481	722.7322	0.04828	1.61289	0.3723	-1e-05	-1.6553	6.47366	0.0502	
149.0	3	20.12262	9.125	1.0989	-0.0	424.24343	-0.0	424.24343	-10.86153	-0.0	-27.63949	29.69704	0.07	-0.0	0.02996	-0.0	-0.02996	26.47207	2.20477	
149.0	5	24.36688	-3.83723	0.00217	14878.99973	-3380.85528	-0.17312	15258.27039	-72.44457	-318.85844	644.3652	722.58247	0.04736	-1.59903	0.36334	2e-05	1.63979	-5.34538	0.04903	
150.0	2	24.32938	4.0007	0.00555	14540.16551	3356.93281	-0.0939	14922.64758	-60.30219	261.17316	-672.02808	723.51193	0.04848	1.60638	0.37087	-1e-05	-1.64864	6.30662	0.05046	
150.0	3	20.12489	9.125	1.11434	0.0	419.59668	-0.0	419.59668	-10.97206	0.0	-27.24548	29.3718	0.07	0.0	0.02949	-0.0	-0.02949	25.70513	2.15041	
150.0	5	24.36665	-3.83829	0.00216	14870.82589	-3379.78939	-0.17286	15250.06358	-72.21981	-317.79479	643.55364	721.36711	0.0473	-1.59794	0.36317	2e-05	1.63869	-5.17237	0.04896	
151.0	2	24.32926	4.0012	0.00564	14485.56546	3345.01762	-0.0935	14866.76661	-57.02601	246.93184	-670.56447	716.85704	0.04822	1.59897	0.36923	-1e-05	-1.64105	6.13194	0.05012	
151.0	3	20.1272	9.125	1.12959	-0.0	416.45089	-0.0	416.45089	-11.01156	-0.0	-26.99186	29.15159	0.07	-0.0	0.02913	-0.0	-0.02913	24.91227	2.09014	
151.0	5	24.36642	-3.83936	0.00213	14863.57798	-3378.94778	-0.17262	15242.8094	-68.40306	-300.92951	642.02594	712.34462	0.04673	-1.59714	0.36308	2e-05	1.63789	-4.99532	0.04825	
152.0	2	24.32914	4.0017	0.00573	14423.68314	3331.4178	-0.09304	14803.41109	-55.0595	238.36658	-667.20224	710.63986	0.04801	1.59087	0.36744	-1e-05	-1.63275	5.95624	0.04985	
152.0	3	20.12947	9.125	1.14464	-0.0	413.85995	-0.0	413.85995	-11.07121	-0.0	-26.77147	28.97038	0.07	-0.0	0.02881	-0.0	-0.02881	24.1159	2.02945	
152.0	5	24.3662	-3.84043	0.0021	14855.11221	-3377.82238	-0.17238	15234.3048	-65.9891	-290.24188	638.74778	704.69401	0.04626	-1.59393	0.36243	2e-05	1.63461	-4.81757	0.04766	
153.0	2	24.32901	4.00222	0.00582	14355.52191	3316.36959	-0.09254	14733.61179	-60.88996	263.55493	-664.83234	717.75402	0.04872	1.58181	0.36543	-1e-05	-1.62347	5.78516	0.05075	
153.0	3	20.13171	9.125	1.15949	-0.0	410.82519	-0.0	410.82519	-11.27081	-0.0	-26.45735	28.758	0.07	-0.0	0.02845	-0.0	-0.02845	23.33548	1.97553	
153.0	5	24.36597	-3.84148	0.00207	14841.12898	-3375.435	-0.17208	15220.14031	-71.24939	-313.30208	636.2148	712.74395	0.04683	-1.58402	0.36027	2e-05	1.62447	-4.64218	0.04837	
154.0	2	24.32889	4.00274	0.00591	14302.36196	3304.78225	-0.09212	14679.20786	-58.64408	253.78011	-660.73323	710.2196	0.04838	1.57457	0.36383	-1e-05	-1.61606	5.60606	0.05033	
154.0	3	20.13386	9.125	1.17412	-0.0	410.77766	-0.0	410.77766	-11.31993	-0.0	-26.43263	28.75456	0.07	-0.0	0.02831	-0.0	-0.02831	22.53568	1.91171	
154.0	5	24.36575	-3.84253	0.00205	14836.21367	-3375.09979	-0.17187	15215.27307	-68.97111	-303.21438	632.30716	704.63347	0.04631	-1.56964	0.35708	2e-05	1.60974	-4.46599	0.04773	
155.0	2	24.32876	4.00328	0.006	14246.9949	3292.68323	-0.09171	14622.5383	-59.62621	257.97629	-655.50005	706.95641	0.04835	1.56712	0.36218	-1e-05	-1.60843	5.4252	0.05028	
155.0	3	20.13587	9.125	1.18855	-0.0	411.09689	0.0	411.09689	-11.42919	-0.0	-26.40978	28.77678	0.07	-0.0	0.02821	0.0	-0.02821	21.72884	1.84887	
155.0	5	24.36551	-3.84357	0.00206	14828.97546	-3374.23431	-0.17166	15208.02322	-70.00776	-307.69973	627.35716	702.25153	0.04618	-1.5494	0.35255	2e-05	1.589	-4.28827	0.04756	
156.0	2	24.32862	4.00386	0.00608	14188.40733	3279.86185	-0.09129	14562.56833	-63.64007	275.28356	-649.00048	707.83664	0.04861	1.55932	0.36046	-1e-05	-1.60044	5.24267	0.05061	
156.0	3	20.13773	9.125	1.20276	0.0	411.15057	0.0	411.15057	-11.60533	0.0	-26.33696	28.78053	0.07	0.0	0.02809	0.0	-0.02809	20.91499	1.78758	
156.0	5	24.36528	-3.84461	0.0021	14816.94177	-3372.27966	-0.17139	15195.8558	-74.08414	-325.5385	621.19976	705.23253	0.04641	-1.52308	0.34665	2e-05	1.56203	-4.10898	0.04785	
157.0	2	24.32846	4.00451	0.00615	14132.61908	3267.72309	-0.09087	14505.47952	-66.03976	285.59839	-642.01931	705.77367	0.04866	1.55181	0.35881	-1e-05	-1.59275	5.05745	0.05068	
157.0	3	20.13946	9.125	1.21674	0.0	411.08177	-0.0	411.08177	-11.76063	0.0	-26.26271	28.77572	0.07	0.0	0.02796	-0.0	-0.02796	20.09457	1.72488	
157.0	5	24.36504	-3.84569	0.00216	14805.8512	-3370.56114	-0.17113	15184.66042	-76.54647	-336.27657	614.5928	704.74506	0.04641	-1.49162	0.33957	2e-05	1.52978	-3.92936	0.04785	
158.0	2	24.32829	4.00519	0.0062	14077.08197	3255.66194	-0.09047	14448.65293	-68.16636	294.7253	-635.15408	703.51288	0.04869	1.54432	0.35716	-1e-05	-1.58508	4.87091	0.05072	
158.0	3	20.1411	9.125	1.23046	-0.0	410.0001	-0.0	410.0001	-11.92585	-0.0	-26.10487	28.7	0.07	-0.0	0.02778	-0.0	-0.02778	19.26882	1.66271	
158.0	5	24.36479	-3.84678	0.0022	14795.85813	-3369.10374	-0.1709	15174.59317	-78.31226	-343.94935	608.07047	702.98197	0.04633	-1.45509	0.33133	2e-05	1.49234	-3.74856	0.04775	
159.0	2	24.32812	4.00591	0.00625	14022.26125	3243.78437	-0.09007	14392.5657	-69.6753	301.17557	-628.58072	700.48204	0.04867	1.53322	0.35468	-1e-05	-1.57371	4.6826	0.05069	
159.0	3	20.14268	9.125	1.24392	-0.0	408.3749	-0.0	408.3749	-12.09141	-0.0	-25.90311	28.58624	0.07	-0.0	0.02756	-0.0	-0.02756	18.43516	1.60018	
159.0	5	24.36454	-3.84789	0.00224	14786.88636	-3367.89573	-0.17068	15165.57713	-79.22684	-347.87924	601.88283	699.6855	0.04614	-1.41349	0.32194	2e-05	1.44969	-3.56587	0.04752	
160.0	2	24.32795	4.00662	0.00629	13969.10749	3232.28122	-0.08969	14338.18698	-69.82188	301.73534	-623.12872	695.85107	0.04853	1.51549	0.35066	-1e-05	-1.55553	4.49404	0.05052	
160.0	3	20.14425	9.125	1.2571	-0.0	405.4422	-0.0	405.4422	-12.24669	-0.0	-25.60269	28.38096	0.07	-0.0	0.02725	-0.0	-0.02725	17.5983	1.53809	
160.0	5	24.36429	-3.84899	0.00227	14782.45932	-3367.71164	-0.17051	15161.21978	-78.35898	-343.98439	596.83573	693.30966	0.04573	-1.36743	0.31152	2e-05	1.40246	-3.38181	0.04702	
161.0	2	24.32778	4.00735	0.00632	13915.67162	3220.71602	-0.08938	14283.51947	-71.95922	310.89543	-615.36129	693.18368	0.04853	1.49122	0.34514	-1e-05	-1.53064	4.30482	0.05052	
161.0	3	20.14579	9.125	1.27002	-0.0	404.65883	-0.0	404.65883	-12.43709	-0.0	-25.44971	28.32611	0.07	-0.0	0.02709	-0.0	-0.02709	16.76545	1.47492	
161.0	5	24.36404	-3.85011	0.0023	14771.90647	-3366.138	-0.17037	15150.58103	-80.33048	-352.55085	589.71146	691.74034	0.04566	-1.31705	0.30012	2e-05	1.35081	-3.20005	0.04693	
162.0	2	24.32759	4.00812	0.00632	13857.2222	3208.02191	-0.0889	14223.713	-77.73865	335.77941	-607.39034	698.36533	0.0491	1.45949	0.33788	-1e-05	-1.49809	4.10951	0.05125	
162.0	3	20.14725	9.125	1.28266	0.0	404.41471	0.0	404.41471	-12.73127	0.0	-25.28469	28.30903	0.07	0.0	0.02697	0.0	-0.02697	15.89756	1.41133	
162.0	5	24.36378	-3.85125	0.00234	14753.67215	-3362.84074	-0.16997	15132.06991	-86.29442	-378.62592	582.45858	700.04451	0.04626	-1.25901	0.28697	1e-05	1.2913	-3.00857	0.04767	
163.0	2	24.32739	4.00897	0.0063	13809.59234	3197.87069	-0.08855	14175.0209	-77.44805	334.43284	-598.60539	690.05213	0.04868	1.42222	0.32934	-1e-05	-1.45985	3.9114	0.05071	
163.0	3	20.14857	9.125	1.29506	-0.0	406.01355	-0.0	406.01355	-12.87807	-0.0	-25.33614	28.42121	0.07	-0.0	0.02698	-0.0	-0.02698	15.03085	1.34107	
163.0	5	24.36351	-3.85244	0.00237	14739.41182	-3360.47381	-0.16968	15117.64019	-86.9464	-381.38562	574.73645	695.22417	0.04599	-1.19829	0.2732	1e-05	1.22904	-2.82032	0.04733	
164.0	2	24.32717	4.00985	0.00629	13755.85422	3186.31677	-0.08818	14120.06161	-80.72063	348.46793	-590.49908	690.38748	0.04889	1.37962	0.31957	-1e-05	-1.41615	3.71713	0.05098	
164.0	3	20.14973	9.125	1.30721	-0.0	406.92744	-0.0	406.92744	-13.13708	-0.0	-25.27465	28.48492	0.07	-0.0	0.02695	-0.0	-0.02695	14.17511	1.27551	
164.0	5	24.36324	-3.85363	0.0024	14717.97147	-3356.47106	-0.16936	15095.84652	-91.19791	-399.92727	567.52753	700.24737	0.04639	-1.13334	0.25846	1e-05	1.16244	-2.63295	0.04782	
165.0	2	24.32696	4.01073	0.00627	13720.99312	3179.11866	-0.08793	14084.47542	-74.36648	320.94768	-582.39875	669.12337	0.04751	1.33221	0.30867	-1e-05	-1.3675	3.51622	0.04922	
165.0	3	20.15073	9.125	1.31908	0.0	409.92096	0.0	409.92096	-13.11774	0.0	-25.52052	28.69446	0.07	0.0	0.02706	0.0	-0.02706	13.30787	1.19911	
165.0	5	24.36298	-3.85478	0.00243	14707.32488	-3354.89894	-0.16914	15085.11691	-86.39706	-378.77877	560.71168	682.15496	0.04522	-1.06645	0.24327	1e-05	1.09384	-2.44684	0.0464	
166.0	2	24.32677	4.01152	0.00626	13690.80712	3172.9122	-0.08769	14053.66755	-66.28137	285.98177	-574.1984	644.8896	0.04589	1.28016	0.29668	-1e-05	-1.31409	3.3148	0.04721	
166.0	3	20.15156	9.125	1.33063	-0.0	411.0594	-0.0	411.0594	-13.0789	-0.0	-25.62993	28.77414	0.07	-0.0	0.02706	-0.0	-0.02706	12.44173	1.12408	
166.0	5	24.36275	-3.85581	0.00246	14702.99563	-3354.67368	-0.16899	15080.846	-79.98551	-350.59155	553.75312	660.2686	0.04378	-0.9973	0.22755	1e-05	1.02293	-2.2614	0.04467	
167.0	2	24.32659	4.01226	0.00626	13664.42371	3167.5287	-0.08748	14026.74992	-59.86203	258.22359	-565.6075	624.63968	0.04453	1.22339	0.28359	-1e-05	-1.25583	3.11215	0.04556	
167.0	3	20.15225	9.125	1.34189	-0.0	413.80122	-0.0	413.80122	-13.04269	-0.0	-25.86353	28.96608	0.07	-0.0	0.02717	-0.0	-0.02717	11.56832	1.04789	
167.0	5	24.36254	-3.85676	0.00249	14696.09591	-3353.80474	-0.16883	15073.92588	-75.52652	-330.9785	546.58573	643.43374	0.04269	-0.92419	0.21091	1e-05	0.94795	-2.07366	0.04337	
168.0	2	24.32642	4.01296	0.00627	13638.69217	3162.25204	-0.08728	14000.4915	-54.71664	235.97575	-556.20717	606.66703	0.04333	1.16126	0.26925	-1e-05	-1.19207	2.90598	0.04413	
168.0	3	20.15276	9.125	1.35285	0.0	416.5144	0.0	416.5144	-13.0413	0.0	-26.07674	29.15599	0.07	0.0	0.02729	0.0	-0.02729	10.68002	0.9716	
168.0	5	24.36234	-3.85765	0.00251	14686.90101	-3352.36579	-0.16865	15064.64131	-72.60787	-318.12622	538.67493	629.79907	0.04181	-0.84702	0.19334	1e-05	0.8688	-1.88255	0.04235	
169.0	2	24.32626	4.01364	0.00628	13615.05279	3157.41755	-0.08708	13976.37106	-50.23591	216.60646	-545.47446	589.05381	0.04215	1.0951	0.25396	-1e-05	-1.12416	2.69976	0.04274	
169.0	3	20.15311	9.125	1.3635	0.0	419.16122	0.0	419.16122	-13.05708	0.0	-26.27591	29.34128	0.07	0.0	0.02741	0.0	-0.02741	9.79709	0.89621	
169.0	5	24.36215	-3.85847	0.00252	14677.06414	-3350.72942	-0.16846	15054.68696	-70.51702	-308.90948	529.46537	617.03427	0.04099	-0.76831	0.1754	1e-05	0.78808	-1.69367	0.0414	
170.0	2	24.3261	4.01429	0.00629	13595.11963	3153.41076	-0.08691	13956.04805	-44.79481	193.10655	-535.17139	570.70582	0.04089	1.02566	0.2379	-1e-05	-1.05289	2.4946	0.04129	
170.0	3	20.15334	9.125	1.37382	0.0	420.69373	-0.0	420.69373	-13.00334	0.0	-26.42208	29.44849	0.07	0.0	0.02746	-0.0	-0.02746	8.9181	0.8209	
170.0	5	24.36198	-3.85924	0.00252	14669.534	-3349.58142	-0.16831	15047.0902	-66.84724	-292.7845	520.68522	601.08603	0.03995	-0.68785	0.15706	1e-05	0.70556	-1.50532	0.04021	
171.0	2	24.32595	4.01491	0.00631	13567.88486	3147.68073	-0.08672	13928.22291	-43.23544	186.34925	-524.19945	558.01471	0.04006	0.95059	0.22053	-1e-05	-0.97583	2.28464	0.04034	
171.0	3	20.15352	9.125	1.38379	-0.0	417.94965	-0.0	417.94965	-13.2596	-0.0	-26.07919	29.25647	0.07	-0.0	0.02722	-0.0	-0.02722	8.01756	0.75053	
171.0	5	24.36181	-3.85997	0.00251	14661.50306	-3348.28815	-0.16818	15038.97289	-66.32187	-290.43623	510.91279	591.42512	0.03933	-0.60332	0.13778	1e-05	0.61885	-1.31193	0.03951	
172.0	2	24.32581	4.01551	0.00632	13545.59955	3143.07325	-0.08652	13905.4729	-40.44361	174.28442	-510.70073	541.13397	0.03892	0.87303	0.20257	-1e-05	-0.89622	2.07599	0.03905	
172.0	3	20.15365	9.125	1.39338	0.0	416.98559	0.0	416.98559	-13.40659	0.0	-25.92799	29.18899	0.07	0.0	0.02647	0.0	-0.02647	7.13567	0.67814	
172.0	5	24.36166	-3.86067	0.00249	14652.76129	-3346.80871	-0.16801	15030.12116	-65.43252	-286.49706	498.80612	578.93828	0.03852	-0.52019	0.11882	1e-05	0.53359	-1.12546	0.0386	
173.0	2	24.32567	4.0161	0.00634	13523.85803	3138.57347	-0.08634	13883.27697	-37.86085	163.12573	-494.59731	522.17808	0.03761	0.79126	0.18363	-1e-05	-0.81229	1.8638	0.03759	
173.0	3	20.15374	9.125	1.40257	0.0	415.76869	0.0	415.76869	-13.6325	0.0	-25.71355	29.10381	0.07	0.0	0.02487	0.0	-0.02487	6.24991	0.60559	
173.0	5	24.3615	-3.86134	0.00248	14643.79999	-3345.26002	-0.16786	15021.04001	-65.0002	-284.56119	484.10573	565.29502	0.03763	-0.43652	0.09972	1e-05	0.44777	-0.94063	0.03762	
174.0	2	24.32553	4.01667	0.00636	13502.8977	3134.23848	-0.08617	13861.87928	-35.44536	152.69294	-451.66088	478.08897	0.03449	0.69494	0.16131	-0.0	-0.71342	1.62141	0.03418	
174.0	3	20.15382	9.125	1.41113	0.0	414.13838	0.0	414.13838	-14.03893	0.0	-25.36356	28.98968	0.07	0.0	0.02252	0.0	-0.02252	5.355	0.52852	
174.0	5	24.36136	-3.86199	0.00246	14634.78262	-3343.68061	-0.16771	15011.89736	-64.99732	-284.50561	442.38333	529.97274	0.0353	-0.36374	0.08311	0.0	0.37311	-0.7818	0.03506	
175.0	2	24.32539	4.01724	0.00638	13484.80654	3130.55492	-0.08602	13843.42377	-32.04936	138.04162	-378.21623	403.89376	0.02918	0.5831	0.13537	-0.0	-0.59861	1.34809	0.02856	
175.0	3	20.15396	9.125	1.41852	0.0	414.3703	-0.0	414.3703	-14.61993	0.0	-25.05187	29.00584	0.07	0.0	0.01966	-0.0	-0.01966	4.4572	0.44527	
175.0	5	24.36122	-3.86262	0.00244	14625.3093	-3341.98102	-0.16757	15002.28346	-64.78861	-283.54903	370.07234	470.6922	0.03137	-0.30398	0.06946	0.0	0.31182	-0.65249	0.03086	
176.0	2	24.32526	4.01779	0.0064	13468.72958	3127.31593	-0.08588	13827.03082	-28.94999	124.67411	-282.88384	310.49155	0.02246	0.45953	0.1067	-0.0	-0.47175	1.05422	0.02173	
176.0	3	20.15414	9.125	1.42435	0.0	414.8749	0.0	414.8749	-15.51452	0.0	-24.54981	29.04124	0.07	0.0	0.01628	0.0	-0.01628	3.55459	0.35869	
176.0	5	24.36108	-3.86321	0.00242	14614.18962	-3339.87835	-0.1674	14990.97481	-65.39589	-286.16434	275.64679	402.6758	0.02686	-0.25239	0.05768	0.0	0.25889	-0.54147	0.02618	
177.0	2	24.32513	4.01832	0.00641	13456.86853	3125.03291	-0.08578	13814.96078	-24.12453	103.87936	-166.2276	197.49564	0.0143	0.3255	0.07559	-0.0	-0.33416	0.74238	0.0137	
177.0	3	20.1544	9.125	1.42834	0.0	415.63672	-0.0	415.63672	-16.78535	0.0	-23.76424	29.09446	0.07	0.0	0.0125	-0.0	-0.0125	2.65349	0.26809	
177.0	5	24.36096	-3.86377	0.00241	14603.60627	-3337.8723	-0.16726	14980.21054	-63.87375	-279.46361	159.56379	328.08592	0.0219	-0.20929	0.04784	0.0	0.21468	-0.44899	0.02117	
178.0	2	24.32501	4.01883	0.00642	13442.84718	3122.21636	-0.08564	13800.66576	-21.78672	93.80299	-27.21406	100.07131	0.00725	0.1819	0.04225	-0.0	-0.18674	0.4134	0.00692	
178.0	3	20.15478	9.125	1.43015	-1e-05	414.50477	-0.0	414.50477	-19.97621	-0.0	-21.04405	29.01554	0.07	-0.0	0.00845	-0.0	-0.00845	1.76576	0.18276	
178.0	5	24.36084	-3.86429	0.0024	14592.95914	-3335.81804	-0.16709	14969.37335	-63.76597	-278.95329	19.27078	286.79679	0.01916	-0.17683	0.04042	0.0	0.18139	-0.37956	0.01846	
179.0	2	24.32489	4.01931	0.00642	13437.31818	3121.33678	-0.08559	13795.08112	-16.81067	72.37281	111.43761	133.93567	0.00971	0.03769	0.00876	-0.0	-0.0387	0.08557	0.00927	
179.0	3	20.1553	9.125	1.42958	-0.0	415.44802	-0.0	415.44802	-25.58658	-0.0	-13.80336	29.07243	0.06998	-0.0	0.0043	-0.0	-0.0043	0.88794	0.09857	
179.0	5	24.36073	-3.86476	0.0024	14583.62193	-3334.0285	-0.16697	14959.87215	-58.92113	-257.72505	-124.58923	292.26081	0.01954	-0.1459	0.03336	0.0	0.14967	-0.31332	0.01883	
180.0	2	24.32478	4.01976	0.00642	13429.94325	3119.99568	-0.08552	13787.59402	-16.67183	71.76917	207.53078	220.22214	0.01597	-0.09055	-0.02104	0.0	0.09296	-0.20589	0.01533	
180.0	3	20.15589	9.125	1.42692	-0.0	417.25727	-0.0	417.25727	-20.20669	-0.0	12.14624	23.57629	0.0565	-0.0	0.00014	-0.0	-0.00014	0.02911	0.06161	
180.0	5	24.36064	-3.86518	0.0024	14569.15578	-3331.03073	-0.16679	14945.10174	-55.95441	-244.71956	-240.71648	347.79733	0.02327	-0.10196	0.02331	0.0	0.10459	-0.21914	0.02255	
181.0	2	24.32467	4.02022	0.00642	13421.384	3118.37797	-0.08545	13778.89073	-19.36609	83.35904	295.38464	307.53188	0.02232	-0.2189	-0.05086	0.0	0.22473	-0.49977	0.02159	
181.0	3	20.15647	9.125	1.4226	0.0	419.27453	-0.0	419.27453	-5.32409	0.0	28.86227	29.34921	0.07	-0.0	-0.00431	0.0	0.00431	-0.88413	0.11479	
181.0	5	24.36055	-3.86559	0.0024	14551.08417	-3327.19882	-0.16657	14926.63065	-53.40173	-233.52868	-340.1894	416.07237	0.02787	-0.04779	0.01093	0.0	0.04902	-0.10284	0.02722	
182.0	2	24.32456	4.0207	0.00641	13421.17871	3118.6982	-0.08613	13778.76324	-17.52228	75.41694	382.8117	390.56311	0.02835	-0.30253	-0.0703	0.0	0.31059	-0.68996	0.0277	
182.0	3	20.15702	9.125	1.41661	1e-05	426.67463	-0.0	426.67463	3.20954	-0.0	29.69402	29.86697	0.07	-0.0	-0.0067	0.0	0.0067	-1.34538	0.16284	
182.0	5	24.36046	-3.86598	0.0024	14522.94612	-3321.05345	-0.167	14897.83072	-57.0523	-249.46787	-427.24225	498.02121	0.03343	-0.0386	0.00883	0.0	0.03959	-0.08584	0.03304	
183.0	2	24.32444	4.02119	0.0064	13417.28287	3118.14548	-0.08539	13774.8434	-19.37895	83.39951	455.67499	463.64935	0.03366	-0.45106	-0.10482	0.0	0.46308	-1.04298	0.03329	
183.0	3	20.15745	9.125	1.40921	0.0	426.57629	-0.0	426.57629	5.48705	0.0	29.35187	29.86034	0.07	-0.0	-0.01253	0.0	0.01253	-2.60256	0.26934	
183.0	5	24.36038	-3.86634	0.0024	14513.69994	-3319.20144	-0.16613	14888.40435	-44.18355	-193.17422	-497.51234	535.52497	0.03597	0.05832	-0.01334	-0.0	-0.05983	0.12599	0.03578	
184.0	2	24.32433	4.02163	0.00638	13418.79248	3118.80782	-0.08538	13776.46376	-19.51291	83.96869	497.25991	504.67704	0.03663	-0.5525	-0.12841	0.0	0.56723	-1.28799	0.03651	
184.0	3	20.15791	9.125	1.40063	0.0	431.54658	-0.0	431.54658	7.30869	0.0	29.31078	30.20826	0.07	-0.0	-0.01663	0.0	0.01663	-3.51144	0.34846	
184.0	5	24.3603	-3.86666	0.00241	14497.52138	-3315.72943	-0.16594	14871.85892	-37.02453	-161.85721	-537.34393	562.41184	0.03782	0.13364	-0.03057	-0.0	-0.1371	0.28944	0.03782	
185.0	2	24.32423	4.02204	0.00637	13424.08204	3120.3142	-0.08541	13781.95702	-19.3503	83.26197	509.80778	516.92452	0.03751	-0.64132	-0.14907	0.0	0.65842	-1.5077	0.03748	
185.0	3	20.15824	9.125	1.39146	0.0	438.77217	0.0	438.77217	8.89764	-0.0	29.39704	30.71407	0.07	-0.0	-0.0206	-0.0	0.0206	-4.44516	0.42646	
185.0	5	24.36024	-3.86693	0.00241	14478.26996	-3311.52051	-0.16572	14852.15369	-31.47928	-137.60287	-548.07067	565.95667	0.03811	0.22509	-0.05148	-0.0	-0.2309	0.48942	0.03814	
186.0	2	24.32413	4.02245	0.00635	13433.59348	3122.77572	-0.08547	13791.77878	-18.49779	79.58823	518.81608	525.21098	0.03808	-0.72331	-0.16814	0.0	0.74259	-1.7156	0.03811	
186.0	3	20.1583	9.125	1.38203	-0.0	447.96438	-0.0	447.96438	10.33728	0.0	29.60463	31.35751	0.07	0.0	-0.02413	0.0	0.02413	-5.34158	0.50303	
186.0	5	24.36019	-3.86715	0.00242	14454.3547	-3306.21303	-0.16546	14827.65708	-28.06371	-122.66326	-555.44825	569.52314	0.03841	0.31314	-0.07163	-0.0	-0.32123	0.68448	0.03848	
187.0	2	24.32404	4.02285	0.00634	13449.78261	3126.76453	-0.0856	13808.45062	-17.49621	75.27439	526.96473	532.60133	0.03857	-0.80372	-0.18685	1e-05	0.82515	-1.92543	0.03866	
187.0	3	20.15808	9.125	1.37234	-0.0	456.62074	-0.0	456.62074	11.50758	0.0	29.82001	31.96337	0.07	0.0	-0.02712	0.0	0.02712	-6.25126	0.58139	
187.0	5	24.36015	-3.86733	0.00242	14431.83329	-3301.19279	-0.16524	14804.58327	-23.77143	-103.8935	-562.03196	572.04796	0.03864	0.40155	-0.09185	-0.0	-0.41192	0.88361	0.03874	
188.0	2	24.32394	4.02324	0.00632	13465.3774	3130.58254	-0.08569	13824.50489	-17.37733	74.75863	534.15915	539.64509	0.03904	-0.87651	-0.20378	1e-05	0.89988	-2.12056	0.03918	
188.0	3	20.15751	9.125	1.36245	0.0	466.24002	0.0	466.24002	12.62612	-0.0	30.09556	32.63681	0.07	-0.0	-0.02939	-0.0	0.02939	-7.09761	0.65642	
188.0	5	24.36012	-3.86746	0.00242	14398.98406	-3293.77064	-0.16485	14770.9061	-19.9245	-87.07314	-567.87094	574.85313	0.03892	0.48216	-0.11029	-1e-05	-0.49462	1.06898	0.03905	
189.0	2	24.32385	4.02363	0.0063	13485.26514	3135.37043	-0.08583	13844.96023	-17.06926	73.42987	540.19678	545.43182	0.0394	-0.94996	-0.22087	1e-05	0.9753	-2.32497	0.03959	
189.0	3	20.15661	9.125	1.35237	0.0	474.3765	0.0	474.3765	13.31565	-0.0	30.41966	33.20635	0.07	-0.0	-0.0308	-0.0	0.0308	-7.99204	0.733	
189.0	5	24.3601	-3.86755	0.00242	14370.53439	-3287.32002	-0.16455	14741.73435	-14.92858	-65.23171	-572.62114	576.518	0.03911	0.56627	-0.12954	-1e-05	-0.58089	1.26669	0.03926	
190.0	2	24.32376	4.02399	0.00628	13503.76012	3139.80301	-0.08598	13863.97852	-16.79953	72.26684	544.33568	549.36877	0.03963	-1.01961	-0.23707	1e-05	1.04681	-2.52776	0.03985	
190.0	3	20.15552	9.125	1.34206	0.0	480.30974	-0.0	480.30974	13.57701	-0.0	30.75847	33.6217	0.07	-0.0	-0.03132	0.0	0.03132	-8.88802	0.80617	
190.0	5	24.3601	-3.86759	0.00241	14343.47058	-3281.15555	-0.16427	14713.97737	-11.43332	-49.95157	-575.55906	577.83571	0.03927	0.64916	-0.1485	-1e-05	-0.66593	1.46669	0.03945	
191.0	2	24.32368	4.02434	0.00627	13528.03201	3145.55203	-0.08616	13888.92176	-14.56302	62.64601	548.77158	552.52769	0.03978	-1.08551	-0.2524	1e-05	1.11446	-2.72812	0.04002	
191.0	3	20.15425	9.125	1.33154	-0.0	486.9969	0.0	486.9969	13.97894	0.0	31.09184	34.08978	0.07	0.0	-0.03186	-0.0	0.03186	-9.77242	0.88016	
191.0	5	24.36009	-3.86759	0.00241	14318.29868	-3275.39832	-0.16402	14688.15548	-5.29013	-23.09665	-578.90136	579.38608	0.03945	0.72846	-0.16664	-1e-05	-0.74727	1.66391	0.03964	
192.0	2	24.3236	4.02467	0.00625	13553.62751	3151.57971	-0.08636	13915.21733	-13.29979	57.21202	553.2667	556.3759	0.03998	-1.1475	-0.26682	1e-05	1.17812	-2.92709	0.04025	
192.0	3	20.15281	9.125	1.3208	0.0	493.85855	0.0	493.85855	14.30227	-0.0	31.4728	34.5701	0.07	-0.0	-0.03242	-0.0	0.03242	-10.64956	0.95296	
192.0	5	24.3601	-3.86755	0.0024	14291.95981	-3269.3434	-0.16376	14661.12961	0.43399	1.92637	-582.38929	582.39264	0.03972	0.80424	-0.18397	-1e-05	-0.82501	1.85922	0.03996	
193.0	2	24.32352	4.02497	0.00624	13577.92406	3157.27419	-0.08655	13940.17224	-15.38758	66.18989	557.65099	561.7762	0.0403	-1.20564	-0.28035	1e-05	1.23781	-3.12652	0.04061	
193.0	3	20.15119	9.125	1.30984	-0.0	501.18963	-0.0	501.18963	14.49939	0.0	31.94689	35.08327	0.07	0.0	-0.03303	0.0	0.03303	-11.52768	1.02414	
193.0	5	24.36012	-3.86747	0.00239	14261.19407	-3262.24221	-0.16345	14629.55503	3.47652	15.22729	-585.91239	586.12054	0.04006	0.8768	-0.20057	-1e-05	-0.89945	2.05448	0.04035	
194.0	2	24.32345	4.02526	0.00623	13606.51434	3163.9434	-0.08678	13969.53007	-16.43249	70.68321	562.3628	567.02562	0.04059	-1.25955	-0.29288	1e-05	1.29315	-3.32427	0.04095	
194.0	3	20.14939	9.125	1.29866	-0.0	508.96912	-0.0	508.96912	14.75848	0.0	32.4273	35.62784	0.07	0.0	-0.03369	0.0	0.03369	-12.39682	1.09546	
194.0	5	24.36015	-3.86735	0.00238	14231.6209	-3255.38732	-0.16316	14599.19793	8.27073	36.18683	-589.85327	591.02012	0.04048	0.94537	-0.21625	-1e-05	-0.96979	2.24733	0.04082	
195.0	2	24.32338	4.02556	0.00622	13635.81584	3170.76336	-0.08703	13999.61478	-15.99581	68.80521	565.07823	569.47645	0.04068	-1.30341	-0.30308	1e-05	1.33818	-3.49482	0.04105	
195.0	3	20.14733	9.125	1.28731	-1e-05	518.11674	-0.0	518.11674	15.17874	0.0	32.9393	36.26833	0.07	0.0	-0.03446	0.0	0.03446	-13.15323	1.15946	
195.0	5	24.36018	-3.86719	0.00237	14195.3576	-3246.97753	-0.16281	14561.97241	11.56673	50.59788	-591.9877	594.25868	0.04081	1.00216	-0.22923	-1e-05	-1.02805	2.41668	0.0412	
196.0	2	24.32332	4.02583	0.00621	13671.31946	3179.00055	-0.0873	14036.06143	-18.3981	79.13684	569.88232	575.64484	0.04101	-1.35082	-0.31411	1e-05	1.38686	-3.70115	0.04143	
196.0	3	20.14515	9.125	1.27572	0.0	525.05231	0.0	525.05231	15.25367	-0.0	33.43872	36.75353	0.07	-0.0	-0.03508	-0.0	0.03508	-14.05947	1.23152	
196.0	5	24.36023	-3.867	0.00237	14171.5964	-3241.4058	-0.16259	14537.56707	19.45717	85.09767	-596.15636	602.51356	0.04145	1.06707	-0.24407	-1e-05	-1.09463	2.61752	0.04193	
197.0	2	24.32326	4.02608	0.0062	13706.35345	3187.09999	-0.08757	14072.01945	-19.34151	83.19535	574.18776	580.50593	0.04125	-1.39219	-0.32372	1e-05	1.42933	-3.90276	0.04171	
197.0	3	20.14283	9.125	1.26387	1e-05	533.80622	0.0	533.80622	15.52978	-0.0	33.98618	37.36622	0.07	-0.0	-0.03584	-0.0	0.03584	-14.94649	1.30402	
197.0	5	24.36028	-3.86677	0.00236	14140.78891	-3234.19348	-0.1623	14505.92702	26.42598	115.5718	-599.97413	611.57512	0.04216	1.1261	-0.25755	-1e-05	-1.15517	2.81438	0.04276	
198.0	2	24.3232	4.02632	0.00621	13742.01576	3195.32257	-0.08789	14108.61735	-23.12181	99.45508	578.1959	587.1426	0.04162	-1.42766	-0.33196	1e-05	1.46575	-4.10139	0.04213	
198.0	3	20.14031	9.125	1.25179	-0.0	542.848	-0.0	542.848	15.68262	0.0	34.61237	37.99949	0.07	0.0	-0.03664	0.0	0.03664	-15.82191	1.37409	
198.0	5	24.36034	-3.8665	0.00234	14107.84812	-3226.46464	-0.16201	14472.0922	28.8824	126.31977	-603.61483	617.36678	0.04266	1.1805	-0.26998	-1e-05	-1.21098	3.00892	0.04334	
199.0	2	24.32314	4.02656	0.00621	13783.4479	3204.86805	-0.08824	14151.13477	-25.06811	107.82859	582.37079	592.79942	0.04189	-1.45737	-0.33886	1e-05	1.49625	-4.29586	0.04244	
199.0	3	20.13756	9.125	1.23949	-0.0	553.34047	-0.0	553.34047	15.9933	0.0	35.27786	38.73388	0.07	0.0	-0.03756	0.0	0.03756	-16.67763	1.44463	
199.0	5	24.36041	-3.8662	0.00231	14074.55448	-3218.63571	-0.16172	14437.89111	32.55517	142.38885	-607.57613	624.88653	0.04328	1.22918	-0.28109	-1e-05	-1.26091	3.19869	0.04407	
200.0	2	24.32309	4.02679	0.00621	13823.97192	3214.18667	-0.08859	14192.71629	-26.66017	114.67953	586.2038	597.91058	0.04213	-1.48102	-0.34435	1e-05	1.52052	-4.49015	0.04272	
200.0	3	20.13459	9.125	1.22698	-0.0	562.08317	-0.0	562.08317	16.11688	0.0	35.89347	39.34583	0.07	0.0	-0.03838	0.0	0.03838	-17.53416	1.51259	
200.0	5	24.36048	-3.86588	0.00228	14041.76224	-3210.90791	-0.16143	14404.20135	35.24922	154.18063	-611.25081	631.38081	0.04383	1.27364	-0.29124	-1e-05	-1.30652	3.38895	0.04473	
201.0	2	24.32303	4.02702	0.00619	13864.70034	3223.53643	-0.08895	14234.50395	-28.14685	121.07824	589.88009	602.83556	0.04235	-1.49805	-0.3483	1e-05	1.53801	-4.67806	0.04298	
201.0	3	20.13154	9.125	1.21423	-0.0	569.70384	-0.0	569.70384	16.14492	0.0	36.46502	39.87927	0.07	0.0	-0.03913	0.0	0.03913	-18.36254	1.57705	
201.0	5	24.36056	-3.86554	0.00225	14011.01362	-3203.6333	-0.16117	14372.60481	38.48842	168.35911	-614.85567	638.64986	0.04444	1.3124	-0.30008	-2e-05	-1.34627	3.57285	0.04545	
202.0	2	24.32298	4.02722	0.00616	13908.53082	3233.58326	-0.08934	14279.47094	-29.87977	128.53751	593.72595	608.21476	0.04259	-1.50913	-0.35086	1e-05	1.54938	-4.86585	0.04326	
202.0	3	20.12838	9.125	1.20122	-0.0	578.40548	-0.0	578.40548	16.25201	0.0	37.08343	40.48838	0.07	0.0	-0.03997	0.0	0.03997	-19.18895	1.64233	
202.0	5	24.36064	-3.86515	0.00227	13980.16307	-3196.30577	-0.16092	14340.89711	42.41115	185.53116	-618.76307	647.37026	0.04514	1.3466	-0.30788	-2e-05	-1.38135	3.75588	0.0463	
203.0	2	24.32294	4.0274	0.00609	13954.3369	3244.06462	-0.08974	14326.46061	-32.20254	138.53567	597.50132	614.19619	0.04287	-1.51535	-0.35228	1e-05	1.55576	-5.0539	0.04359	
203.0	3	20.12508	9.125	1.18797	0.0	587.56253	-0.0	587.56253	16.36714	-0.0	37.73251	41.12937	0.07	-0.0	-0.04086	0.0	0.04086	-20.01626	1.70764	
203.0	5	24.36074	-3.86474	0.0023	13949.14879	-3188.92246	-0.16067	14309.01738	46.4786	203.34047	-622.71702	656.72224	0.0459	1.3763	-0.31464	-2e-05	-1.41181	3.93895	0.04722	
204.0	2	24.3229	4.02757	0.00602	14003.21448	3255.23786	-0.09018	14376.59867	-33.61399	144.61559	600.86505	618.93649	0.04305	-1.5216	-0.35372	1e-05	1.56217	-5.24196	0.0438	
204.0	3	20.12165	9.125	1.17447	-0.0	596.20082	-0.0	596.20082	16.45654	0.0	38.35251	41.73407	0.07	0.0	-0.04173	0.0	0.04173	-20.84525	1.77286	
204.0	5	24.36084	-3.8643	0.00233	13921.46964	-3182.28388	-0.16047	14280.55487	52.28858	228.77733	-626.29423	668.81809	0.04683	1.4018	-0.32043	-2e-05	-1.43796	4.12266	0.04838	
205.0	2	24.32286	4.02772	0.00594	14052.00556	3266.37425	-0.09069	14426.64414	-37.85615	162.87467	603.51634	626.25332	0.04341	-1.52788	-0.35515	1e-05	1.56861	-5.43139	0.04423	
205.0	3	20.11809	9.125	1.16074	-0.0	606.51758	-0.0	606.51758	16.5767	0.0	39.08636	42.45622	0.07	0.0	-0.04274	0.0	0.04274	-21.68419	1.83849	
205.0	5	24.36094	-3.86384	0.00234	13888.87174	-3174.50739	-0.16029	14247.04374	55.02198	240.75989	-629.2543	675.98351	0.04745	1.4223	-0.32509	-2e-05	-1.45898	4.30937	0.04914	
206.0	2	24.32282	4.0279	0.00586	14104.38795	3278.34595	-0.09106	14480.37678	-41.17595	177.16761	605.74177	632.461	0.04368	-1.53458	-0.35669	1e-05	1.57548	-5.62046	0.04454	
206.0	3	20.11434	9.125	1.14679	-0.0	618.42979	0.0	618.42979	16.80268	0.0	39.89613	43.29008	0.07	0.0	-0.04388	-0.0	0.04388	-22.52432	1.90548	
206.0	5	24.36105	-3.86337	0.00235	13853.95966	-3166.19947	-0.15992	14211.1582	56.50176	247.25989	-631.96427	680.96163	0.04792	1.43749	-0.32853	-2e-05	-1.47456	4.49692	0.04974	
207.0	2	24.32277	4.0281	0.00576	14158.59558	3290.75071	-0.09154	14535.98532	-44.99842	193.62454	607.68944	639.37608	0.04399	-1.5415	-0.35828	1e-05	1.58259	-5.80451	0.04491	
207.0	3	20.11039	9.125	1.13265	0.0	630.12541	0.0	630.12541	16.9859	-0.0	40.70704	44.10878	0.07	-0.0	-0.04502	-0.0	0.04502	-23.34247	1.97009	
207.0	5	24.36115	-3.8629	0.00233	13819.52513	-3157.99791	-0.15964	14175.76191	58.6164	256.53978	-634.44082	686.85057	0.04845	1.44704	-0.33067	-2e-05	-1.48434	4.67957	0.05042	
208.0	2	24.32272	4.02832	0.00565	14214.27167	3303.5039	-0.09203	14593.10307	-49.62002	213.5213	609.04924	647.29782	0.04436	-1.54861	-0.35991	1e-05	1.58989	-5.98681	0.04535	
208.0	3	20.10625	9.125	1.11831	-0.0	641.86208	-0.0	641.86208	17.13619	0.0	41.53416	44.93034	0.07	0.0	-0.0462	0.0	0.0462	-24.15493	2.03364	
208.0	5	24.36126	-3.86243	0.00231	13784.97148	-3149.77286	-0.15936	14140.24427	60.95323	266.79382	-636.40712	692.75412	0.04899	1.45132	-0.33162	-2e-05	-1.48872	4.86136	0.05111	
209.0	2	24.32265	4.0286	0.00552	14272.46176	3316.86408	-0.09266	14652.80697	-52.08157	224.12378	603.81535	646.17098	0.0441	-1.55603	-0.36161	1e-05	1.59749	-6.12508	0.04505	
209.0	3	20.10177	9.125	1.10398	0.0	655.82844	-0.0	655.82844	17.44767	-0.0	42.46317	45.90798	0.07	-0.0	-0.04757	0.0	0.04757	-24.80914	2.08536	
209.0	5	24.36136	-3.86199	0.00228	13743.16032	-3139.90612	-0.15912	14097.28577	57.65105	252.36683	-631.8498	682.82269	0.04844	1.44929	-0.33112	-2e-05	-1.48663	5.01613	0.0504	
210.0	2	24.32258	4.0289	0.0054	14326.11489	3329.18558	-0.09301	14707.85656	-55.4435	238.60067	602.11516	650.03609	0.0442	-1.56296	-0.36321	1e-05	1.6046	-6.31597	0.04516	
210.0	3	20.09719	9.125	1.08947	-0.0	667.05697	0.0	667.05697	17.51805	0.0	43.28331	46.69397	0.07	0.0	-0.04876	-0.0	0.04876	-25.67737	2.15176	
210.0	5	24.36146	-3.86155	0.00223	13708.63355	-3131.71153	-0.15874	14061.80112	59.34373	259.80095	-630.82931	684.80934	0.0487	1.44497	-0.3301	-2e-05	-1.48219	5.21438	0.05073	
211.0	2	24.3225	4.0292	0.00528	14367.93032	3338.75197	-0.09339	14750.75206	-53.33053	229.51854	600.79679	645.35237	0.04375	-1.56864	-0.36451	1e-05	1.61043	-6.48746	0.04463	
211.0	3	20.09252	9.125	1.07482	-0.0	676.80402	-0.0	676.80402	17.60502	0.0	43.98381	47.37628	0.07	0.0	-0.04985	0.0	0.04985	-26.45721	2.21234	
211.0	5	24.36156	-3.8611	0.00216	13680.49557	-3124.96722	-0.15853	14032.86782	63.20104	276.71378	-630.1064	691.08535	0.04925	1.44109	-0.32918	-2e-05	-1.47821	5.39228	0.05144	
212.0	2	24.32244	4.02945	0.00518	14414.93612	3349.47494	-0.09381	14798.96502	-50.06293	215.46965	599.24158	638.76751	0.04316	-1.57496	-0.36596	1e-05	1.61691	-6.65298	0.04393	
212.0	3	20.08778	9.125	1.06	-0.0	687.48352	-0.0	687.48352	17.77821	0.0	44.71962	48.12389	0.07	0.0	-0.05104	0.0	0.05104	-27.20878	2.27209	
212.0	5	24.36167	-3.8606	0.00208	13635.28741	-3114.2955	-0.15814	13986.41839	67.74918	296.65745	-629.16225	698.88535	0.04997	1.43547	-0.32786	-2e-05	-1.47243	5.56326	0.05238	
213.0	2	24.3224	4.02965	0.00509	14465.98962	3361.08604	-0.09414	14851.32167	-45.86377	197.41269	597.80445	631.22533	0.0425	-1.5818	-0.36752	1e-05	1.62394	-6.82752	0.04316	
213.0	3	20.08296	9.125	1.04502	0.0	697.49351	-0.0	697.49351	17.91273	-0.0	45.41996	48.82457	0.07	-0.0	-0.05219	0.0	0.05219	-28.00001	2.33465	
213.0	5	24.3618	-3.86004	0.00201	13595.19139	-3104.74815	-0.1577	13945.20312	73.88698	323.57108	-628.34279	710.61395	0.05096	1.43044	-0.32667	-2e-05	-1.46726	5.74278	0.05369	
214.0	2	24.32236	4.0298	0.00501	14519.35021	3373.19486	-0.09475	14906.03818	-42.64868	183.59081	596.13704	625.22305	0.04194	-1.589	-0.36916	1e-05	1.63132	-6.98682	0.04251	
214.0	3	20.07804	9.125	1.02989	-0.0	707.99648	0.0	707.99648	18.05719	-0.0	46.15289	49.55957	0.07	0.0	-0.05339	-0.0	0.05339	-28.72242	2.39236	
214.0	5	24.36194	-3.85941	0.00195	13555.82699	-3095.32317	-0.15751	13904.72837	79.45151	347.98618	-627.10427	721.57237	0.05189	1.42554	-0.32551	-2e-05	-1.46223	5.90643	0.05496	
215.0	2	24.32233	4.02992	0.00495	14572.22562	3385.15163	-0.09521	14960.24769	-43.62243	187.80034	595.06883	625.52282	0.04181	-1.59616	-0.37079	1e-05	1.63866	-7.15773	0.04235	
215.0	3	20.07304	9.125	1.01458	0.0	719.09342	-0.0	719.09342	18.12722	-0.0	46.95924	50.33654	0.07	-0.0	-0.05466	0.0	0.05466	-29.49695	2.45176	
215.0	5	24.36209	-3.85873	0.00189	13514.67734	-3085.45762	-0.15717	13862.4151	82.72442	362.3749	-626.75215	728.68179	0.05257	1.42046	-0.3243	-2e-05	-1.45701	6.08166	0.05588	
216.0	2	24.32231	4.03001	0.00492	14629.33237	3398.06663	-0.09568	15018.79564	-43.66077	187.98478	594.52876	625.06718	0.04162	-1.60386	-0.37254	1e-05	1.64656	-7.32253	0.04213	
216.0	3	20.06795	9.125	0.9991	-0.0	730.82951	0.0	730.82951	18.25154	0.0	47.7915	51.15805	0.07	0.0	-0.056	-0.0	0.056	-30.23974	2.51017	
216.0	5	24.36225	-3.85802	0.00185	13476.02141	-3076.14779	-0.15686	13822.65671	86.58791	379.3572	-626.85245	737.80305	0.05338	1.41568	-0.32316	-2e-05	-1.4521	6.24858	0.05701	
217.0	2	24.32229	4.03009	0.0049	14689.45944	3411.6566	-0.09626	15080.4383	-42.40135	182.58279	590.9833	619.99646	0.04111	-1.61181	-0.37435	1e-05	1.65471	-7.46523	0.04155	
217.0	3	20.0627	9.125	0.9835	-0.0	743.08402	0.0	743.08402	18.39417	0.0	48.65495	52.01586	0.07	0.0	-0.05739	-0.0	0.05739	-30.90574	2.56206	
217.0	5	24.36242	-3.85729	0.00183	13437.12339	-3066.77551	-0.15662	13782.64841	86.80572	380.37243	-623.65054	735.63471	0.05337	1.41076	-0.32198	-2e-05	-1.44703	6.403	0.05701	
218.0	2	24.32227	4.03016	0.00488	14747.4969	3424.74513	-0.09668	15139.9321	-43.73501	188.34651	588.6328	619.57706	0.04092	-1.61991	-0.37619	1e-05	1.66302	-7.62644	0.04133	
218.0	3	20.05736	9.125	0.96778	-0.0	754.5414	0.0	754.5414	18.43842	-0.0	49.49496	52.81786	0.07	0.0	-0.05876	-0.0	0.05876	-31.64472	2.61877	
218.0	5	24.36259	-3.85654	0.00183	13398.2906	-3057.40394	-0.15625	13742.70387	89.1219	390.58573	-622.12262	739.95708	0.05384	1.40615	-0.32088	-2e-05	-1.4423	6.57151	0.05767	
219.0	2	24.32227	4.03017	0.00478	14808.05792	3438.37331	-0.09729	15202.00613	-47.41148	204.20424	601.20731	636.70829	0.04188	-1.62802	-0.37802	1e-05	1.67133	-7.73845	0.04244	
219.0	3	20.05194	9.125	0.95186	0.0	764.06853	-0.0	764.06853	18.35859	-0.0	50.2353	53.48479	0.07	-0.0	-0.05998	0.0	0.05998	-32.18174	2.65891	
219.0	5	24.36276	-3.85575	0.00191	13366.65921	-3049.64566	-0.15612	13710.13921	94.62794	414.7869	-600.27723	735.75497	0.05367	1.40207	-0.31989	-2e-05	-1.43809	6.69838	0.05742	
220.0	2	24.32227	4.03016	0.00467	14870.14028	3452.32645	-0.0977	15265.63559	-50.07022	215.68357	602.56025	641.95427	0.04205	-1.63635	-0.3799	1e-05	1.67987	-7.9201	0.04263	
220.0	3	20.04641	9.125	0.9358	0.0	777.66001	0.0	777.66001	18.42651	-0.0	51.22268	54.43619	0.07	-0.0	-0.06155	-0.0	0.06155	-33.0219	2.72372	
220.0	5	24.36295	-3.85494	0.00203	13326.8375	-3040.01617	-0.15569	13669.17321	92.90235	407.29624	-594.98739	727.00142	0.05319	1.39715	-0.31871	-2e-05	-1.43304	6.89145	0.05674	
221.0	2	24.32227	4.03016	0.00461	14926.76929	3465.02106	-0.09839	15323.66837	-54.37085	234.23815	599.88512	646.2862	0.04218	-1.64407	-0.38165	1e-05	1.68779	-8.06103	0.04278	
221.0	3	20.04087	9.125	0.91961	0.0	784.98333	0.0	784.98333	18.11901	-0.0	51.87549	54.94875	0.07	-0.0	-0.06263	-0.0	0.06263	-33.67673	2.76951	
221.0	5	24.36312	-3.85416	0.00214	13294.20379	-3032.04509	-0.15562	13635.58403	92.11203	403.90173	-592.58873	723.03709	0.05303	1.39301	-0.31771	-2e-05	-1.42878	7.04207	0.05652	
222.0	2	24.32227	4.03018	0.00456	14986.8248	3478.5327	-0.09893	15385.22367	-57.18728	246.40125	597.56491	648.89736	0.04218	-1.65208	-0.38346	1e-05	1.696	-8.2137	0.04278	
222.0	3	20.03539	9.125	0.90328	0.0	792.28464	-0.0	792.28464	17.83974	-0.0	52.51235	55.45992	0.07	-0.0	-0.06371	0.0	0.06371	-34.38267	2.82005	
222.0	5	24.36329	-3.85341	0.00219	13266.17242	-3025.14504	-0.15545	13606.72015	92.56937	405.97492	-590.68227	722.69652	0.05311	1.38932	-0.31681	-2e-05	-1.42498	7.20388	0.05664	
223.0	2	24.32226	4.03021	0.00446	15048.06603	3492.32488	-0.09947	15447.99742	-59.99312	258.52109	595.22426	651.70872	0.04219	-1.6602	-0.3853	1e-05	1.70433	-8.35551	0.04279	
223.0	3	20.02994	9.125	0.88681	0.0	800.02851	0.0	800.02851	17.59507	-0.0	53.16612	56.00199	0.07	-0.0	-0.06484	-0.0	0.06484	-35.03993	2.86743	
223.0	5	24.36345	-3.85269	0.00218	13239.7197	-3018.6302	-0.15531	13579.48106	92.67492	406.50273	-588.78047	721.45377	0.05313	1.38581	-0.31596	-2e-05	-1.42138	7.35471	0.05666	
224.0	2	24.32225	4.03026	0.00437	15109.08819	3506.09405	-0.09994	15510.55258	-63.02764	271.62689	592.63323	654.95633	0.04223	-1.6684	-0.38715	1e-05	1.71273	-8.5047	0.04284	
224.0	3	20.02452	9.125	0.87023	-0.0	807.05113	0.0	807.05113	17.30568	0.0	53.77762	56.49353	0.07	0.0	-0.06591	-0.0	0.06591	-35.73136	2.9173	
224.0	5	24.36361	-3.85201	0.00213	13215.29804	-3012.59892	-0.15512	13554.32973	93.23604	409.02658	-586.56608	721.14871	0.0532	1.3826	-0.31518	-2e-05	-1.41807	7.51352	0.05677	
225.0	2	24.32222	4.03037	0.00429	15167.00151	3519.19583	-0.10066	15569.92852	-71.7665	309.31555	590.18921	670.18643	0.04304	-1.67599	-0.38888	1e-05	1.72051	-8.63831	0.04379	
225.0	3	20.01911	9.125	0.85354	0.0	816.26032	-0.0	816.26032	17.00757	-0.0	54.54832	57.13822	0.07	-0.0	-0.06716	0.0	0.06716	-36.35441	2.96091	
225.0	5	24.36375	-3.85138	0.00203	13183.98849	-3005.04333	-0.15508	13522.12402	88.51026	388.35011	-584.6553	707.44024	0.05232	1.37845	-0.31419	-2e-05	-1.4138	7.65741	0.05554	
226.0	2	24.32218	4.03055	0.00423	15227.16534	3532.88555	-0.10109	15631.62962	-78.81064	339.70025	588.35913	683.93994	0.04375	-1.6839	-0.39068	1e-05	1.72863	-8.77853	0.04463	
226.0	3	20.01367	9.125	0.83672	0.0	826.57276	0.0	826.57276	16.79336	-0.0	55.36943	57.86009	0.07	-0.0	-0.06852	-0.0	0.06852	-37.00323	3.00808	
226.0	5	24.36388	-3.85082	0.00191	13152.87968	-2997.57203	-0.15478	13490.13277	83.94055	368.34819	-583.52448	695.14547	0.05153	1.37437	-0.31322	-2e-05	-1.40961	7.80644	0.05446	
227.0	2	24.32211	4.03083	0.00419	15273.93221	3543.54566	-0.10161	15679.59569	-83.60445	360.38151	586.90147	693.77076	0.04425	-1.69028	-0.39214	1e-05	1.73517	-8.91283	0.04522	
227.0	3	20.00817	9.125	0.81981	-0.0	837.92339	-0.0	837.92339	16.68331	0.0	56.23199	58.65467	0.07	0.0	-0.06998	0.0	0.06998	-37.62094	3.05457	
227.0	5	24.36399	-3.8503	0.0018	13124.01786	-2990.65131	-0.15466	13460.45468	81.10106	355.92979	-582.68199	687.59123	0.05108	1.37046	-0.3123	-2e-05	-1.40559	7.94766	0.05386	
228.0	2	24.32204	4.03111	0.00415	15312.39675	3552.27599	-0.1018	15719.0381	-79.97799	344.76878	580.43147	679.82548	0.04325	-1.69578	-0.3934	1e-05	1.74081	-9.03413	0.04404	
228.0	3	20.00259	9.125	0.80287	0.0	845.88275	0.0	845.88275	16.5888	-0.0	56.84052	59.21176	0.07	-0.0	-0.07117	-0.0	0.07117	-38.19901	3.09866	
228.0	5	24.36411	-3.84977	0.00169	13079.88937	-2980.23922	-0.15412	13415.11579	85.58818	375.6654	-576.74814	693.60525	0.0517	1.36495	-0.311	-2e-05	-1.39994	8.08404	0.0547	
229.0	2	24.32199	4.03131	0.00411	15355.36975	3561.99169	-0.10236	15763.09503	-77.29965	333.2472	576.94226	670.73937	0.04255	-1.70189	-0.39479	1e-05	1.74708	-9.15748	0.04322	
229.0	3	19.99707	9.125	0.78578	-0.0	854.19404	-0.0	854.19404	16.51315	0.0	57.46823	59.79365	0.07	0.0	-0.07239	0.0	0.07239	-38.76794	3.14282	
229.0	5	24.36425	-3.84917	0.00157	13037.38042	-2970.15365	-0.1539	13371.42853	91.66686	402.39804	-573.68843	706.71452	0.05285	1.35974	-0.30977	-2e-05	-1.39458	8.21395	0.05628	
230.0	2	24.32196	4.03147	0.00408	15399.22301	3571.87821	-0.10297	15808.04805	-76.03089	327.80391	573.63471	665.05103	0.04207	-1.7081	-0.3962	1e-05	1.75344	-9.28763	0.04265	
230.0	3	19.99157	9.125	0.76857	0.0	861.86682	-0.0	861.86682	16.35201	-0.0	58.07238	60.33067	0.07	-0.0	-0.07357	0.0	0.07357	-39.36934	3.18857	
230.0	5	24.36439	-3.84853	0.00147	12997.45625	-2960.63788	-0.15377	13330.38806	95.58993	419.67771	-570.72251	714.83635	0.05362	1.35481	-0.30861	-2e-05	-1.38952	8.35144	0.05736	
231.0	2	24.32193	4.03157	0.00399	15440.99887	3581.23735	-0.10341	15850.85824	-76.3315	329.13029	570.59784	663.12528	0.04184	-1.71409	-0.39755	1e-05	1.75959	-9.41419	0.04238	
231.0	3	19.98611	9.125	0.75125	-0.0	868.43587	-0.0	868.43587	16.0757	0.0	58.62643	60.79051	0.07	0.0	-0.07465	0.0	0.07465	-39.95832	3.23209	
231.0	5	24.36455	-3.84783	0.00142	12957.77161	-2951.14181	-0.15349	13289.58551	96.07716	421.88181	-568.08448	714.09737	0.05373	1.34994	-0.30745	-2e-05	-1.38451	8.48668	0.05752	
232.0	2	24.32192	4.03163	0.00382	15482.59312	3590.52968	-0.10388	15893.47643	-76.48409	329.82071	567.80408	661.08471	0.04159	-1.72002	-0.39888	1e-05	1.76566	-9.52939	0.0421	
232.0	3	19.98078	9.125	0.73381	-0.0	873.41572	-0.0	873.41572	15.72108	0.0	59.08333	61.13912	0.07	0.0	-0.0756	0.0	0.0756	-40.49749	3.27108	
232.0	5	24.3647	-3.84714	0.00143	12922.20179	-2942.5898	-0.1533	13253.00471	95.5228	419.51196	-565.62554	710.66669	0.05362	1.34551	-0.30639	-2e-05	-1.37995	8.61087	0.05736	
233.0	2	24.3219	4.03171	0.00367	15522.1191	3599.36525	-0.10436	15933.97664	-78.45553	338.35271	564.98818	663.21149	0.04162	-1.72568	-0.40016	1e-05	1.77147	-9.65031	0.04213	
233.0	3	19.97557	9.125	0.71627	-0.0	876.84546	-0.0	876.84546	15.24125	0.0	59.45677	61.37918	0.07	0.0	-0.0764	0.0	0.0764	-41.06569	3.31104	
233.0	5	24.36486	-3.84648	0.00148	12888.13688	-2934.39729	-0.15314	13217.97108	92.86711	407.9101	-563.03428	701.44319	0.05307	1.34125	-0.30538	-2e-05	-1.37558	8.74238	0.05658	
234.0	2	24.32187	4.0318	0.00352	15562.30605	3608.37133	-0.10476	15975.15925	-81.12202	349.8821	562.13366	667.0776	0.04176	-1.73132	-0.40143	1e-05	1.77725	-9.76575	0.04229	
234.0	3	19.97048	9.125	0.69864	0.0	881.26933	0.0	881.26933	14.80539	-0.0	59.88572	61.68872	0.07	-0.0	-0.07727	-0.0	0.07727	-41.60965	3.34967	
234.0	5	24.36499	-3.84588	0.00152	12854.8478	-2926.42987	-0.15291	13183.74392	89.33158	392.43366	-560.46597	690.00465	0.05234	1.3371	-0.30439	-2e-05	-1.37131	8.86864	0.05556	
235.0	2	24.32184	4.03194	0.00334	15602.84762	3617.5153	-0.10532	16016.71848	-84.18189	363.10451	559.2723	672.09894	0.04196	-1.73693	-0.40271	1e-05	1.783	-9.87505	0.04253	
235.0	3	19.96549	9.125	0.68092	-0.0	885.83401	0.0	885.83401	14.37486	0.0	60.31916	62.00837	0.07	0.0	-0.07816	-0.0	0.07816	-42.12603	3.3864	
235.0	5	24.3651	-3.84537	0.00155	12822.96995	-2918.83823	-0.15282	13150.9762	85.16427	374.17081	-557.84868	677.09076	0.05149	1.3331	-0.30345	-2e-05	-1.3672	8.98895	0.0544	
236.0	2	24.32179	4.03216	0.00318	15640.82652	3626.14406	-0.10568	16055.66489	-89.9091	387.8256	556.22918	684.01991	0.0426	-1.74215	-0.4039	1e-05	1.78836	-9.97679	0.04328	
236.0	3	19.96058	9.125	0.66314	-0.0	891.21542	-0.0	891.21542	13.92284	0.0	60.81165	62.38511	0.07	0.0	-0.07911	0.0	0.07911	-42.60897	3.42018	
236.0	5	24.3652	-3.84497	0.00156	12788.10766	-2910.63894	-0.15253	13115.16361	77.88436	342.21981	-555.23794	656.86342	0.05008	1.32876	-0.30243	-2e-05	-1.36275	9.10222	0.05253	
237.0	2	24.32172	4.03245	0.00308	15677.61117	3634.56281	-0.10606	16093.40048	-95.58354	412.31376	553.0889	696.45257	0.04328	-1.74719	-0.40505	1e-05	1.79353	-10.08752	0.04407	
237.0	3	19.95578	9.125	0.64529	-0.0	894.00732	0.0	894.00732	13.36023	0.0	61.13772	62.58048	0.07	0.0	-0.07983	-0.0	0.07983	-43.13068	3.45638	
237.0	5	24.36526	-3.84466	0.00154	12757.86614	-2903.55816	-0.15232	13084.1048	71.79415	315.48335	-552.33662	640.1249	0.04892	1.32489	-0.30153	-2e-05	-1.35877	9.2242	0.05102	
238.0	2	24.32164	4.03277	0.00305	15717.84088	3643.82648	-0.10657	16134.68293	-100.2428	432.41876	549.8421	706.65475	0.0438	-1.75248	-0.40627	1e-05	1.79896	-10.18782	0.04469	
238.0	3	19.95111	9.125	0.62735	-0.0	896.66735	-0.0	896.66735	12.84727	0.0	61.43784	62.76671	0.07	0.0	-0.08052	0.0	0.08052	-43.60325	3.48959	
238.0	5	24.36532	-3.8444	0.00146	12733.23638	-2897.7799	-0.15226	13058.80688	68.60673	301.49609	-549.22637	630.28278	0.04826	1.32155	-0.30075	-2e-05	-1.35534	9.33479	0.05018	
239.0	2	24.32155	4.03313	0.00304	15763.01159	3654.2754	-0.10708	16181.04642	-103.10963	444.78774	547.11224	712.60055	0.04404	-1.75825	-0.40761	1e-05	1.80488	-10.28827	0.04497	
239.0	3	19.94654	9.125	0.60932	0.0	901.27982	-0.0	901.27982	12.46327	-0.0	61.84629	63.08959	0.07	-0.0	-0.08138	0.0	0.08138	-44.07453	3.52408	
239.0	5	24.36538	-3.84416	0.00137	12711.51131	-2892.67895	-0.15222	13036.49152	65.74274	288.92692	-546.7155	621.85104	0.0477	1.31846	-0.30003	-2e-05	-1.35217	9.4448	0.04946	
240.0	2	24.32146	4.0335	0.00303	15796.62291	3662.0742	-0.10751	16215.55065	-99.0103	427.10411	544.81771	699.31916	0.04313	-1.76276	-0.40866	1e-05	1.80951	-10.38764	0.04389	
240.0	3	19.94203	9.125	0.59121	0.0	906.51607	0.0	906.51607	12.2717	-0.0	62.2582	63.45611	0.07	-0.0	-0.08229	-0.0	0.08229	-44.53736	3.56009	
240.0	5	24.36543	-3.84391	0.00121	12693.76625	-2888.47938	-0.15221	13018.25698	68.77395	302.26401	-544.66465	626.70006	0.04814	1.31581	-0.29941	-2e-05	-1.34945	9.55214	0.05002	
241.0	2	24.3214	4.03377	0.00303	15827.20329	3669.07721	-0.10791	16246.92253	-87.69046	378.28401	542.74365	667.35229	0.04108	-1.76704	-0.40964	1e-05	1.8139	-10.4856	0.0415	
241.0	3	19.93758	9.125	0.57299	0.0	911.3836	0.0	911.3836	12.23043	-0.0	62.61353	63.79685	0.07	-0.0	-0.08317	-0.0	0.08317	-44.98746	3.59695	
241.0	5	24.36551	-3.84355	0.00107	12662.92145	-2881.2267	-0.15204	12986.5718	78.01482	342.90188	-542.78949	646.75223	0.0498	1.31191	-0.2985	-2e-05	-1.34544	9.65471	0.05216	
242.0	2	24.32137	4.03389	0.00297	15859.46282	3676.34203	-0.10835	16279.9893	-79.44994	342.75701	540.66599	645.06928	0.03962	-1.77159	-0.41067	1e-05	1.81857	-10.57863	0.03985	
242.0	3	19.93319	9.125	0.55467	0.0	916.33209	-0.0	916.33209	12.11098	-0.0	62.98952	64.14324	0.07	-0.0	-0.08405	0.0	0.08405	-45.41786	3.63152	
242.0	5	24.36562	-3.84305	0.00099	12635.63837	-2874.69651	-0.15195	12958.51986	83.55085	367.27374	-540.9243	659.14327	0.05087	1.30846	-0.29768	-2e-05	-1.3419	9.75273	0.05357	
243.0	2	24.32137	4.0339	0.00282	15892.44214	3683.67987	-0.10878	16313.77377	-71.86209	310.04939	539.18764	626.11348	0.03838	-1.77626	-0.41172	1e-05	1.82335	-10.66895	0.03845	
243.0	3	19.9289	9.125	0.53625	-0.0	918.16399	-0.0	918.16399	11.82532	0.0	63.17424	64.27148	0.07	0.0	-0.08464	0.0	0.08464	-45.83695	3.66393	
243.0	5	24.36574	-3.84245	0.00099	12615.29666	-2869.69225	-0.15195	12937.57486	86.90002	382.04497	-539.52397	666.78039	0.05154	1.30581	-0.29704	-2e-05	-1.33916	9.84794	0.05447	
244.0	2	24.32138	4.03386	0.00268	15927.51501	3691.46865	-0.10926	16349.69954	-65.86952	284.22197	537.61845	611.68171	0.03741	-1.78122	-0.41283	1e-05	1.82843	-10.74978	0.03737	
244.0	3	19.92477	9.125	0.51774	0.0	919.38421	-0.0	919.38421	11.48889	-0.0	63.32309	64.35688	0.07	-0.0	-0.08516	0.0	0.08516	-46.21563	3.69271	
244.0	5	24.36588	-3.8418	0.00101	12600.10543	-2865.82281	-0.15204	12921.90378	89.11371	391.833	-537.98045	671.48888	0.05197	1.30376	-0.29653	-2e-05	-1.33706	9.93429	0.05505	
245.0	2	24.3214	4.03376	0.00249	15963.05399	3699.31747	-0.10964	16386.09296	-62.57802	270.04847	535.71391	603.18453	0.03681	-1.78623	-0.41395	1e-05	1.83357	-10.83374	0.03671	
245.0	3	19.92083	9.125	0.49915	1e-05	918.95592	0.0	918.95592	11.04808	-0.0	63.37099	64.32685	0.07	-0.0	-0.08551	-0.0	0.08551	-46.61062	3.72186	
245.0	5	24.36602	-3.84115	0.00097	12590.69078	-2863.26842	-0.1521	12912.15708	90.97192	400.06057	-536.09812	675.07447	0.05228	1.3024	-0.29618	-2e-05	-1.33565	10.02465	0.05549	
246.0	2	24.32142	4.03366	0.00228	15999.46291	3707.3877	-0.11009	16423.38385	-61.09268	263.66511	533.6645	598.37229	0.03643	-1.79132	-0.41508	1e-05	1.83878	-10.91084	0.03629	
246.0	3	19.91711	9.125	0.48048	0.0	918.21029	0.0	918.21029	10.57327	-0.0	63.39904	64.27467	0.07	-0.0	-0.08581	-0.0	0.08581	-46.97678	3.74806	
246.0	5	24.36615	-3.84053	0.00091	12585.05524	-2861.5911	-0.15227	12906.2899	91.7088	403.35659	-534.06455	675.52348	0.05234	1.30151	-0.29594	-2e-05	-1.33474	10.10904	0.05557	
247.0	2	24.32145	4.03356	0.00213	16037.58024	3715.85764	-0.11118	16462.42928	-60.31162	260.31988	531.70795	595.07754	0.03615	-1.79662	-0.41627	1e-05	1.84421	-10.98002	0.03598	
247.0	3	19.91359	9.125	0.46175	1e-05	917.13186	0.0	917.13186	10.08582	-0.0	63.40185	64.19906	0.07	-0.0	-0.08606	-0.0	0.08606	-47.30705	3.77215	
247.0	5	24.36627	-3.83995	0.00085	12583.82354	-2860.94036	-0.15297	12904.94459	92.08095	405.04577	-531.8718	674.85449	0.05229	1.30119	-0.29583	-2e-05	-1.3344	10.18538	0.0555	
248.0	2	24.32148	4.03344	0.00202	16075.28364	3724.23429	-0.11109	16501.05042	-62.34321	269.11405	530.52932	598.13912	0.03625	-1.8018	-0.41743	1e-05	1.84952	-11.06258	0.03609	
248.0	3	19.91023	9.125	0.44296	0.0	917.77692	-0.0	917.77692	9.59401	0.0	63.52418	64.24458	0.07	-0.0	-0.08645	0.0	0.08645	-47.70125	3.80068	
248.0	5	24.36638	-3.83941	0.00084	12580.72201	-2859.8869	-0.15271	12901.68669	88.03542	387.29859	-530.83807	662.97775	0.05139	1.30068	-0.29567	-2e-05	-1.33386	10.27698	0.05427	
249.0	2	24.3215	4.03334	0.00192	16121.20097	3734.53649	-0.11157	16548.10816	-60.23459	260.03578	530.06417	593.47691	0.03586	-1.80789	-0.4188	1e-05	1.85576	-11.13458	0.03567	
249.0	3	19.907	9.125	0.42412	1e-05	918.5411	-0.0	918.5411	9.20855	-0.0	63.63509	64.29792	0.07	-0.0	-0.08684	0.0	0.08684	-48.03993	3.82607	
249.0	5	24.36649	-3.8389	0.00084	12587.04812	-2861.00208	-0.15299	12908.10262	87.52965	385.11716	-530.27816	661.18953	0.05122	1.30117	-0.29575	-2e-05	-1.33436	10.35443	0.05405	
250.0	2	24.32153	4.03324	0.00189	16165.64785	3744.51539	-0.11215	16593.66042	-60.21504	259.97339	527.94468	591.55524	0.03565	-1.81375	-0.42013	1e-05	1.86178	-11.19067	0.03543	
250.0	3	19.90389	9.125	0.40528	-0.0	918.74152	-0.0	918.74152	8.7513	0.0	63.71372	64.31192	0.07	0.0	-0.08717	0.0	0.08717	-48.32003	3.84604	
250.0	5	24.36659	-3.83842	0.00077	12593.28026	-2862.11397	-0.15336	12914.4262	83.53291	367.57246	-528.0596	648.79442	0.05024	1.30162	-0.29582	-2e-05	-1.33482	10.42167	0.05273	
251.0	2	24.32154	4.0332	0.00194	16199.44624	3752.08333	-0.11255	16628.29479	-62.16233	268.39879	526.5988	594.31335	0.03574	-1.81832	-0.42116	1e-05	1.86645	-11.25365	0.03553	
251.0	3	19.90094	9.125	0.38641	-0.0	917.45419	-0.0	917.45419	8.22053	0.0	63.6935	64.22179	0.07	0.0	-0.08734	0.0	0.08734	-48.6248	3.86771	
251.0	5	24.36668	-3.83801	0.00066	12602.46968	-2863.94557	-0.15368	12923.79303	79.80106	351.18382	-526.56364	637.94008	0.04936	1.30235	-0.29596	-2e-05	-1.33556	10.49337	0.05159	
252.0	2	24.32158	4.03302	0.00196	16221.62239	3756.85286	-0.11294	16650.97524	-50.77118	219.2394	525.19733	571.38066	0.03432	-1.82139	-0.42183	1e-05	1.8696	-11.3174	0.03399	
252.0	3	19.89819	9.125	0.36746	-0.0	914.17979	-0.0	914.17979	7.92941	0.0	63.49961	63.99278	0.07	0.0	-0.08728	0.0	0.08728	-48.91461	3.89061	
252.0	5	24.3668	-3.83743	0.00055	12598.88149	-2862.7604	-0.15388	12920.03142	90.27633	397.33034	-524.81674	664.41992	0.05143	1.30166	-0.29577	-2e-05	-1.33484	10.55689	0.05432	
253.0	2	24.32166	4.03268	0.00185	16245.24408	3761.81673	-0.11415	16675.1078	-40.07125	173.06188	524.11381	553.39986	0.03319	-1.82518	-0.42265	1e-05	1.87348	-11.15525	0.03278	
253.0	3	19.89566	9.125	0.34839	0.0	912.60876	-0.0	912.60876	7.7457	0.0	63.41126	63.88258	0.07	-0.0	-0.08739	0.0	0.08739	-48.1809	3.8342	
253.0	5	24.36695	-3.83673	0.00048	12596.98774	-2861.88535	-0.15476	12917.99086	98.14404	432.02308	-524.64019	686.6757	0.05316	1.30164	-0.29572	-2e-05	-1.33481	10.38796	0.0567	
254.0	2	24.32176	4.03227	0.00173	16267.96677	3766.52146	-0.11351	16698.30611	-34.72887	150.01306	522.28369	544.5092	0.03261	-1.82867	-0.42339	1e-05	1.87704	-11.73462	0.03217	
254.0	3	19.89333	9.125	0.32922	0.0	911.55962	0.0	911.55962	7.27089	-0.0	63.39357	63.80918	0.07	-0.0	-0.08753	-0.0	0.08753	-50.81858	4.03815	
254.0	5	24.36711	-3.83597	0.00049	12594.90794	-2860.92986	-0.15422	12915.75106	99.15942	436.56599	-524.71208	689.74287	0.0534	1.3015	-0.29563	-2e-05	-1.33465	10.98458	0.05705	
255.0	2	24.32187	4.0318	0.00159	16291.08456	3771.27581	-0.11081	16721.90053	-33.88511	146.39154	520.06898	541.34132	0.03237	-1.83191	-0.42408	1e-05	1.88036	-11.89611	0.03192	
255.0	3	19.89116	9.125	0.31002	-6e-05	901.19095	0.0	901.19095	6.57478	0.0	62.74054	63.0841	0.07	0.0	-0.08673	-0.0	0.08673	-51.57297	4.0801	
255.0	5	24.36727	-3.83521	0.00049	12610.2897	-2863.9408	-0.15229	12931.41768	105.06864	462.65785	-517.25553	701.88674	0.05428	1.30302	-0.29593	-2e-05	-1.3362	11.15679	0.0583	
256.0	2	24.32198	4.03135	0.00141	16305.49559	3774.0435	-0.11394	16736.56448	-37.464	161.87624	517.24529	543.27724	0.03246	-1.83473	-0.42466	1e-05	1.88323	-11.90537	0.03201	
256.0	3	19.88918	9.125	0.29076	-0.00016	883.74352	-0.0	883.74352	5.64827	0.0	61.60547	61.86386	0.07	0.0	-0.08526	0.0	0.08526	-51.63586	4.09522	
256.0	5	24.36742	-3.83448	0.00042	12631.03779	-2868.18911	-0.15499	12952.59142	111.80051	492.37897	-512.81517	719.66367	0.05556	1.30556	-0.29646	-2e-05	-1.3388	11.17222	0.06018	
257.0	2	24.32209	4.03091	0.00123	16337.64443	3780.95086	-0.11696	16769.44289	-27.91914	120.65587	521.21354	535.72463	0.03195	-1.83922	-0.42564	1e-05	1.88783	-11.32268	0.03146	
257.0	3	19.88749	9.125	0.27146	-2e-05	896.23906	-0.0	896.23906	5.79527	0.0	62.46871	62.73695	0.07	0.0	-0.08663	0.0	0.08663	-49.00382	3.89243	
257.0	5	24.36756	-3.8338	0.00033	12621.81444	-2865.66678	-0.15712	12943.03851	95.1235	418.9995	-520.47403	674.90909	0.05214	1.30488	-0.29626	-2e-05	-1.33809	10.57553	0.0553	
258.0	2	24.32218	4.03052	0.00109	16361.15622	3785.91294	-0.11499	16793.46806	-27.50487	118.88059	521.88164	535.95668	0.03191	-1.8427	-0.42639	1e-05	1.89139	-12.04964	0.03143	
258.0	3	19.88606	9.125	0.25218	-0.0	890.27775	0.0	890.27775	5.11061	0.0	62.10956	62.31946	0.07	0.0	-0.0862	-0.0	0.0862	-52.32287	4.14824	
258.0	5	24.36769	-3.83321	0.0003	12639.44074	-2869.29305	-0.15579	12961.03024	90.14531	397.12473	-519.25524	659.89411	0.05091	1.307	-0.2967	-2e-05	-1.34025	11.32892	0.05363	
259.0	2	24.32227	4.03014	0.00096	16385.78637	3791.16629	-0.1205	16818.64849	-28.91759	125.00119	521.39721	536.95118	0.03193	-1.8462	-0.42715	1e-05	1.89497	-11.28325	0.03144	
259.0	3	19.88491	9.125	0.23287	-4e-05	880.95879	-0.0	880.95879	4.56051	0.0	61.49856	61.66742	0.07	0.0	-0.08541	0.0	0.08541	-48.86398	3.87733	
259.0	5	24.3678	-3.8327	0.00031	12667.15911	-2875.26314	-0.16036	12989.38251	88.90966	391.72613	-517.20518	654.87059	0.05042	1.31019	-0.29739	-2e-05	-1.34352	10.54742	0.05297	
260.0	2	24.32236	4.02978	0.00088	16410.13714	3796.39946	-0.11445	16843.55217	-31.8399	137.64536	520.97199	539.7887	0.03205	-1.8496	-0.42789	1e-05	1.89845	-12.04766	0.03157	
260.0	3	19.88401	9.125	0.21359	-2e-05	870.96171	0.0	870.96171	3.80775	0.0	60.84851	60.96753	0.07	0.0	-0.08454	-0.0	0.08454	-52.35221	4.14589	
260.0	5	24.36789	-3.83223	0.0003	12698.25428	-2882.02219	-0.15604	13021.20247	86.71843	382.11125	-515.2313	647.29622	0.04971	1.31375	-0.29817	-2e-05	-1.34716	11.33914	0.05204	
261.0	2	24.32244	4.02946	0.00081	16442.46314	3803.5326	-0.11764	16876.65412	-29.74919	128.62026	522.32482	538.74985	0.03192	-1.85385	-0.42884	1e-05	1.9028	-11.4124	0.03144	
261.0	3	19.88335	9.125	0.19426	-2e-05	873.03287	-0.0	873.03287	3.5663	0.0	61.00835	61.1125	0.07	0.0	-0.08481	0.0	0.08481	-49.47522	3.92208	
261.0	5	24.36798	-3.83182	0.00022	12718.89323	-2886.44567	-0.15868	13042.3086	75.72557	333.70734	-520.85099	623.20198	0.04778	1.31622	-0.2987	-2e-05	-1.34969	10.68727	0.04957	
262.0	2	24.32252	4.02911	0.0008	16446.23785	3804.04018	-0.11542	16880.44612	-28.68045	124.01172	520.84312	536.17071	0.03176	-1.85472	-0.429	1e-05	1.90369	-11.51905	0.03127	
262.0	3	19.8829	9.125	0.17495	-3e-05	860.04897	-0.0	860.04897	2.92171	0.0	60.13284	60.20378	0.07	0.0	-0.0836	0.0	0.0836	-49.96323	3.9584	
262.0	5	24.36806	-3.83143	7e-05	12746.48038	-2892.45568	-0.15737	13070.54176	79.96822	352.43251	-521.8319	634.75359	0.04856	1.31936	-0.29939	-2e-05	-1.35291	10.79667	0.05056	
263.0	2	24.32265	4.02859	0.00071	16458.12564	3806.28417	-0.11951	16892.53381	-9.43725	40.82257	526.61764	528.28182	0.03127	-1.85654	-0.42936	1e-05	1.90554	-11.79867	0.03075	
263.0	3	19.88266	9.125	0.15559	-0.0	859.12666	-0.0	859.12666	2.87462	0.0	60.07011	60.13885	0.07	0.0	-0.08355	0.0	0.08355	-51.22718	4.05734	
263.0	5	24.36817	-3.83091	-3e-05	12762.13293	-2895.67673	-0.16075	13086.51904	85.25155	375.75856	-520.92721	647.94095	0.04951	1.32136	-0.29981	-2e-05	-1.35495	11.0789	0.05178	
264.0	2	24.3228	4.02797	0.00061	16464.7161	3807.21614	-0.11689	16899.1648	-0.51233	2.23182	527.53634	527.54131	0.03122	-1.85785	-0.4296	1e-05	1.90687	-11.80093	0.03069	
264.0	3	19.88265	9.125	0.13614	-0.0	852.06071	0.0	852.06071	2.53741	-0.0	59.59025	59.64425	0.07	0.0	-0.08288	-0.0	0.08288	-51.23409	4.05727	
264.0	5	24.3683	-3.83029	-6e-05	12785.75459	-2900.6436	-0.15908	13110.65421	89.07005	392.64083	-523.27541	660.24045	0.05036	1.32432	-0.30044	-2e-05	-1.35797	11.07656	0.05289	
265.0	2	24.32296	4.02727	0.00046	16470.19449	3807.83842	-0.11754	16904.64256	3.91593	-16.92138	529.83722	530.12182	0.03136	-1.85905	-0.4298	1e-05	1.90809	-11.80243	0.03084	
265.0	3	19.88287	9.125	0.11663	0.0	844.55502	0.0	844.55502	2.11785	-0.0	59.0809	59.11885	0.07	-0.0	-0.08214	-0.0	0.08214	-51.24245	4.05709	
265.0	5	24.36844	-3.82962	-6e-05	12811.49113	-2906.05137	-0.15996	13136.9494	89.07629	392.72676	-525.06811	661.714	0.05037	1.32757	-0.30113	-2e-05	-1.36129	11.07534	0.05291	
266.0	2	24.32313	4.0266	0.0003	16474.32054	3808.1869	-0.11781	16908.74107	5.68116	-24.56037	532.77153	533.36759	0.03154	-1.86006	-0.42997	1e-05	1.9091	-11.81515	0.03104	
266.0	3	19.8833	9.125	0.09709	0.0	837.43197	-0.0	837.43197	1.65993	0.0	58.59673	58.62023	0.07	-0.0	-0.08143	0.0	0.08143	-51.30361	4.06091	
266.0	5	24.36857	-3.82899	-0.0001	12837.2388	-2911.48981	-0.16059	13163.26224	84.89773	374.35718	-527.59574	652.46317	0.04957	1.33087	-0.30184	-2e-05	-1.36467	11.08669	0.05185	
267.0	2	24.32328	4.02598	0.00014	16473.47716	3807.46125	-0.11903	16907.75594	8.58618	-37.13255	532.8035	534.16488	0.03159	-1.86044	-0.43	1e-05	1.90948	-11.86909	0.03109	
267.0	3	19.88399	9.125	0.07762	0.0	827.44993	-0.0	827.44993	1.13042	0.0	57.91045	57.92149	0.07	-0.0	-0.08041	0.0	0.08041	-51.57288	4.08013	
267.0	5	24.36868	-3.82847	-0.00017	12863.65753	-2917.14969	-0.16199	13190.27852	77.19355	340.42704	-525.84206	631.1571	0.04785	1.33426	-0.30258	-2e-05	-1.36814	11.15018	0.04965	
268.0	2	24.32341	4.02541	-2e-05	16475.9229	3807.5507	-0.1178	16910.15901	9.85041	-42.60786	535.47965	537.26243	0.03177	-1.86115	-0.43011	1e-05	1.9102	-11.83066	0.03128	
268.0	3	19.88492	9.125	0.05812	0.0	818.91462	0.0	818.91462	0.64914	-0.0	57.32035	57.32402	0.07	-0.0	-0.07952	-0.0	0.07952	-51.39899	4.06571	
268.0	5	24.36877	-3.82805	-0.00022	12892.3876	-2923.39803	-0.1615	13219.67905	70.38951	310.45185	-529.39839	617.73594	0.04673	1.33795	-0.30338	-2e-05	-1.37191	11.10864	0.04825	
269.0	2	24.32354	4.0249	-0.00015	16478.72599	3807.80207	-0.11005	16912.94672	9.8152	-42.46089	538.5323	540.29279	0.03195	-1.86181	-0.43021	1e-05	1.91087	-11.83289	0.03146	
269.0	3	19.88607	9.125	0.03861	-0.0	810.1162	0.0	810.1162	0.15615	-0.0	56.70794	56.70815	0.07	0.0	-0.07858	-0.0	0.07858	-51.40277	4.06527	
269.0	5	24.36884	-3.82772	-0.00019	12923.83199	-2930.31648	-0.15595	13251.87488	62.46569	275.52639	-534.91927	604.94246	0.04565	1.34192	-0.30426	-2e-05	-1.37598	11.10618	0.04692	
270.0	2	24.32365	4.02442	-0.00026	16483.03239	3808.44884	-0.1193	16917.28818	9.7935	-42.36946	542.39587	544.13635	0.03216	-1.86254	-0.43035	1e-05	1.91161	-11.82822	0.03169	
270.0	3	19.88745	9.125	0.01911	0.0	800.80702	0.0	800.80702	-0.3297	-0.0	56.0555	56.05647	0.07	-0.0	-0.07758	-0.0	0.07758	-51.39215	4.06396	
270.0	5	24.36891	-3.8274	-0.00023	12959.94381	-2938.29633	-0.16374	13288.85732	54.63363	241.00235	-534.65364	589.00041	0.04432	1.34637	-0.30525	-2e-05	-1.38054	11.10433	0.04531	
271.0	2	24.32375	4.024	-0.00034	16486.28066	3808.92666	-0.11947	16920.56064	7.39621	-31.99613	544.41093	545.40051	0.03223	-1.86308	-0.43044	1e-05	1.91216	-11.82468	0.03177	
271.0	3	19.88908	9.125	-0.00038	1e-05	789.77878	0.0	789.77878	-0.85729	-0.0	55.27782	55.28447	0.07	-0.0	-0.07639	-0.0	0.07639	-51.37856	4.0616	
271.0	5	24.36897	-3.82712	-0.00033	13000.48323	-2947.3069	-0.16447	13330.38568	47.31642	208.74122	-536.1467	577.29111	0.04331	1.35126	-0.30634	-2e-05	-1.38555	11.10037	0.0441	
272.0	2	24.32385	4.02358	-0.00038	16483.47436	3808.02371	-0.11967	16917.62311	10.64373	-46.05541	547.32195	549.35936	0.03247	-1.86274	-0.43033	1e-05	1.91181	-11.83746	0.03202	
272.0	3	19.89098	9.125	-0.01986	1e-05	779.4568	0.0	779.4568	-1.25929	-0.0	54.54737	54.5619	0.07	-0.0	-0.07526	-0.0	0.07526	-51.43179	4.07331	
272.0	5	24.36901	-3.82691	-0.00052	13037.68972	-2955.60599	-0.16521	13368.50628	43.48367	191.84408	-538.43377	573.24158	0.04288	1.35572	-0.30734	-2e-05	-1.39012	11.11011	0.0436	
273.0	2	24.324	4.02297	-0.00046	16454.57205	3800.93706	-0.11665	16887.86735	17.88258	-77.39833	548.03956	553.76679	0.03279	-1.85937	-0.42951	1e-05	1.90833	-12.30934	0.03236	
273.0	3	19.89315	9.125	-0.03941	0.0	752.37985	0.0	752.37985	-1.76479	-0.0	52.63704	52.66662	0.07	-0.0	-0.07248	-0.0	0.07248	-53.57436	4.23064	
273.0	5	24.36906	-3.82667	-0.00069	13083.59901	-2965.86476	-0.16366	13415.54758	61.48425	271.26089	-537.07208	604.82163	0.04508	1.36116	-0.30856	-2e-05	-1.39569	11.5924	0.04623	
274.0	2	24.32417	4.02226	-0.00056	16435.54054	3796.05315	-0.11905	16868.22493	32.32268	-139.928	558.65509	576.81896	0.0342	-1.85736	-0.42899	1e-05	1.90626	-12.05649	0.03386	
274.0	3	19.8956	9.125	-0.05899	1e-05	742.81991	0.0	742.81991	-2.00072	-0.0	51.95876	51.99726	0.07	-0.0	-0.07139	-0.0	0.07139	-52.40453	4.14007	
274.0	5	24.36913	-3.82631	-0.00077	13112.38051	-2972.15571	-0.1661	13445.0077	60.47332	266.82272	-538.7512	604.23856	0.04494	1.36508	-0.30942	-2e-05	-1.3997	11.32103	0.04606	
275.0	2	24.32435	4.02151	-0.00069	16425.57589	3793.24501	-0.1211	16857.88394	50.34595	-217.99079	567.23177	609.75944	0.03617	-1.85627	-0.42868	1e-05	1.90513	-10.91462	0.036	
275.0	3	19.89836	9.125	-0.07869	0.0	753.61259	-0.0	753.61259	-1.98922	0.0	52.71535	52.75287	0.07	-0.0	-0.07223	0.0	0.07223	-47.16171	3.73358	
275.0	5	24.36922	-3.82589	-0.00079	13118.71961	-2973.31434	-0.16793	13451.4461	38.54081	170.07943	-557.08092	583.73929	0.0434	1.36665	-0.30975	-2e-05	-1.40131	10.12176	0.04421	
276.0	2	24.32454	4.02072	-0.00085	16403.48424	3787.62324	-0.11876	16835.09385	52.72144	-228.30882	568.1182	614.54272	0.0365	-1.85379	-0.42805	1e-05	1.90257	-11.41788	0.03637	
276.0	3	19.90139	9.125	-0.09847	1e-05	730.46837	-0.0	730.46837	-2.48061	0.0	51.07246	51.13266	0.07	-0.0	-0.0698	0.0	0.0698	-49.438	3.90967	
276.0	5	24.36932	-3.82544	-0.00079	13174.72	-2985.70655	-0.16698	13508.80049	46.45663	205.02585	-562.59345	600.58739	0.04446	1.37346	-0.31126	-2e-05	-1.40829	10.63135	0.04548	
277.0	2	24.32474	4.01992	-0.00102	16386.56859	3783.21807	-0.12134	16817.62079	56.77734	-245.90594	576.82334	629.61779	0.03744	-1.8519	-0.42755	1e-05	1.90061	-11.72721	0.0374	
277.0	3	19.9047	9.125	-0.11827	-0.0	715.51433	-0.0	715.51433	-2.8247	0.0	50.0063	50.08602	0.07	0.0	-0.06815	0.0	0.06815	-50.83054	4.01739	
277.0	5	24.3694	-3.82505	-0.00078	13223.66825	-2996.54482	-0.16988	13558.9337	44.34584	195.72894	-564.42426	599.04183	0.04418	1.37966	-0.31264	-2e-05	-1.41464	10.94076	0.04514	
278.0	2	24.32492	4.01914	-0.00118	16371.87174	3779.35891	-0.11973	16802.43251	58.44553	-253.16274	583.16092	638.42299	0.038	-1.85021	-0.42711	1e-05	1.89887	-11.74074	0.03802	
278.0	3	19.90832	9.125	-0.13812	0.0	700.21968	0.0	700.21968	-3.21772	-0.0	48.90964	49.01537	0.07	-0.0	-0.06644	-0.0	0.06644	-50.87373	4.02091	
278.0	5	24.36946	-3.82475	-0.00074	13276.652	-3008.3536	-0.16945	13613.2171	40.75419	179.89101	-570.19363	599.28496	0.04402	1.38636	-0.31414	-2e-05	-1.42151	10.94445	0.04495	
279.0	2	24.32511	4.01839	-0.00133	16361.55967	3776.56163	-0.11567	16791.75549	64.85716	-280.96876	591.63058	658.16156	0.0392	-1.84893	-0.42677	1e-05	1.89754	-12.31424	0.03936	
279.0	3	19.91231	9.125	-0.158	-0.0	690.06091	0.0	690.06091	-3.40663	-0.0	48.18398	48.30426	0.07	0.0	-0.06521	-0.0	0.06521	-53.44687	4.21909	
279.0	5	24.36951	-3.82451	-0.00071	13328.65687	-3019.98186	-0.16697	13666.50594	30.22309	133.42136	-580.34706	596.2528	0.04363	1.39303	-0.31563	-2e-05	-1.42834	11.51653	0.04449	
280.0	2	24.32528	4.01768	-0.00145	16340.95748	3771.45359	-0.11632	16770.5323	61.50299	-266.46159	603.61251	662.67071	0.03951	-1.84639	-0.42614	1e-05	1.89492	-11.78939	0.03972	
280.0	3	19.91655	9.125	-0.17794	5e-05	676.43791	0.0	676.43791	-3.91434	-0.0	47.18787	47.34994	0.07	-0.0	-0.06364	-0.0	0.06364	-51.0202	4.03339	
280.0	5	24.36955	-3.82432	-0.00076	13379.11244	-3031.28183	-0.16836	13718.21123	15.48749	68.38963	-590.40736	594.55685	0.04334	1.39952	-0.31709	-2e-05	-1.43499	10.95786	0.04414	
281.0	2	24.32542	4.01707	-0.00155	16322.82238	3767.03018	-0.11978	16751.86696	57.04285	-247.15149	610.71173	661.29158	0.03948	-1.84401	-0.42557	1e-05	1.89248	-11.61849	0.03968	
281.0	3	19.92099	9.125	-0.19799	-0.0	658.17534	0.0	658.17534	-4.37638	-0.0	45.86394	46.07227	0.07	0.0	-0.06164	-0.0	0.06164	-50.22476	3.97349	
281.0	5	24.36958	-3.82417	-0.0009	13443.13219	-3045.68143	-0.17216	13783.83033	11.12112	49.12045	-595.60671	597.73226	0.04336	1.40735	-0.31885	-2e-05	-1.44302	10.77307	0.04417	
282.0	2	24.32556	4.01652	-0.00159	16310.62057	3764.039	-0.12041	16739.30503	55.03058	-238.443	615.9211	662.75352	0.03959	-1.84217	-0.42512	1e-05	1.89058	-11.79278	0.03981	
282.0	3	19.92558	9.125	-0.21821	0.0	647.33465	0.0	647.33465	-4.64445	0.0	45.07472	45.31336	0.07	-0.0	-0.06033	-0.0	0.06033	-51.00702	4.03363	
282.0	5	24.36959	-3.82413	-0.00106	13501.61776	-3058.90173	-0.17358	13843.79146	2.04899	9.07795	-598.47623	598.54858	0.04324	1.41456	-0.32048	-2e-05	-1.45041	10.94691	0.04402	
283.0	2	24.32571	4.01587	-0.00158	16265.9848	3753.48795	-0.12138	16693.43983	63.93685	-277.05434	623.3521	685.13857	0.04104	-1.83658	-0.4238	1e-05	1.88484	-11.47541	0.04146	
283.0	3	19.93036	9.125	-0.23842	0.0	630.95849	-0.0	630.95849	-4.9039	0.0	43.89396	44.16705	0.07	-0.0	-0.0585	0.0	0.0585	-49.52745	3.92026	
283.0	5	24.36959	-3.82414	-0.00121	13540.84199	-3067.80197	-0.17523	13884.01277	5.71887	25.27686	-605.28874	605.84328	0.04364	1.4198	-0.32167	-2e-05	-1.45578	10.604	0.04449	
284.0	2	24.3259	4.01509	-0.00167	16249.60586	3749.34703	-0.121	16676.54922	77.12747	-334.24898	625.01845	712.965	0.04275	-1.83412	-0.42319	1e-05	1.88231	-10.90764	0.04345	
284.0	3	19.9353	9.125	-0.25874	-0.0	648.93702	-0.0	648.93702	-4.72802	0.0	45.17894	45.42566	0.07	0.0	-0.05984	0.0	0.05984	-46.91291	3.71202	
284.0	5	24.3696	-3.82408	-0.00136	13561.69797	-3072.49464	-0.17533	13905.39015	4.86638	21.51472	-613.3836	613.78009	0.04414	1.42315	-0.32242	-2e-05	-1.45922	10.00509	0.04509	
285.0	2	24.32611	4.01424	-0.00176	16197.01341	3736.79756	-0.1191	16622.48175	79.69808	-345.42819	635.31552	727.52885	0.04377	-1.82784	-0.4217	1e-05	1.87585	-11.52049	0.04465	
285.0	3	19.94036	9.125	-0.27909	0.0	614.40345	0.0	614.40345	-5.04312	0.0	42.71145	43.00815	0.07	-0.0	-0.05635	-0.0	0.05635	-49.6722	3.92857	
285.0	5	24.36962	-3.82396	-0.00146	13633.61903	-3088.71538	-0.1751	13979.11766	16.33958	72.15807	-617.84219	622.25617	0.04451	1.43209	-0.32444	-2e-05	-1.46838	10.62087	0.04554	
286.0	2	24.32632	4.01333	-0.00189	16167.39536	3729.50357	-0.11927	16591.98209	82.03283	-355.59171	642.14793	738.59923	0.04452	-1.8241	-0.42078	1e-05	1.872	-11.5337	0.04554	
286.0	3	19.94548	9.125	-0.29948	0.0	607.28239	0.0	607.28239	-5.15119	-0.0	42.19643	42.50968	0.07	-0.0	-0.05538	-0.0	0.05538	-49.71404	3.93144	
286.0	5	24.36965	-3.82381	-0.00147	13686.17982	-3100.52488	-0.17618	14032.98872	20.32532	89.75445	-624.15007	630.898	0.04496	1.43901	-0.326	-2e-05	-1.47547	10.62467	0.04608	
287.0	2	24.32654	4.01243	-0.00206	16138.94994	3722.4898	-0.12046	16562.68805	81.40509	-352.9132	639.00035	734.50389	0.04435	-1.8205	-0.4199	1e-05	1.8683	-11.40204	0.04534	
287.0	3	19.95059	9.125	-0.31981	-1e-05	600.23523	-0.0	600.23523	-5.3277	-0.0	41.67755	42.01669	0.07	0.0	-0.05443	0.0	0.05443	-49.13093	3.88619	
287.0	5	24.36969	-3.82363	-0.00137	13741.71256	-3112.99233	-0.17817	14089.90367	21.24967	93.83811	-620.23889	627.65709	0.04455	1.44627	-0.32763	-2e-05	-1.48292	10.49478	0.04558	
288.0	2	24.32675	4.01157	-0.00226	16112.184	3715.89835	-0.12026	16535.12546	78.35794	-339.74026	642.24037	730.77774	0.0442	-1.81711	-0.41907	1e-05	1.8648	-11.33487	0.04516	
288.0	3	19.95566	9.125	-0.34005	-1e-05	594.18988	-0.0	594.18988	-5.51008	-0.0	41.2268	41.59339	0.07	0.0	-0.05357	0.0	0.05357	-48.81984	3.86226	
288.0	5	24.36972	-3.82348	-0.00122	13799.6884	-3126.01911	-0.179	14149.32491	19.66781	86.85847	-623.20717	629.53823	0.04449	1.45382	-0.32933	-2e-05	-1.49065	10.42178	0.04552	
289.0	2	24.32695	4.01076	-0.00245	16082.29844	3708.64659	-0.1202	16504.37465	73.46531	-318.5564	648.18013	725.95648	0.04399	-1.81334	-0.41816	1e-05	1.86093	-11.25974	0.04491	
289.0	3	19.96076	9.125	-0.36025	-0.0	583.99358	-0.0	583.99358	-5.75302	-0.0	40.47271	40.87955	0.07	0.0	-0.05235	0.0	0.05235	-48.46297	3.83227	
289.0	5	24.36975	-3.82333	-0.00118	13862.91386	-3140.23917	-0.18004	14214.12968	17.26089	76.23602	-628.56335	633.40489	0.04456	1.4619	-0.33115	-2e-05	-1.49893	10.33653	0.0456	
290.0	2	24.32713	4.01	-0.00257	16056.22948	3702.32584	-0.12021	16477.55206	67.41487	-292.34326	654.30444	719.80806	0.04368	-1.80992	-0.41734	1e-05	1.85741	-11.19853	0.04455	
290.0	3	19.96589	9.125	-0.38042	-0.0	578.33956	0.0	578.33956	-5.96014	-0.0	40.04263	40.48377	0.07	0.0	-0.05153	-0.0	0.05153	-48.1669	3.80971	
290.0	5	24.36978	-3.8232	-0.00125	13923.06074	-3153.77107	-0.18106	14275.77993	12.57082	55.53326	-634.3588	636.90898	0.04461	1.4696	-0.33289	-2e-05	-1.50683	10.26464	0.04566	
291.0	2	24.32729	4.00933	-0.00268	16020.99429	3693.97549	-0.11597	16441.34158	58.57981	-254.04374	650.94171	701.20962	0.04265	-1.80547	-0.41629	1e-05	1.85284	-11.11083	0.04333	
291.0	3	19.97082	9.125	-0.40052	-0.00011	559.62452	0.0	559.62452	-6.29829	-0.0	38.66634	39.17594	0.07	0.0	-0.04958	-0.0	0.04958	-47.79757	3.78942	
291.0	5	24.36979	-3.82314	-0.00139	13993.24465	-3169.62029	-0.17859	14347.73113	8.95166	39.55545	-632.6233	633.92193	0.04418	1.47832	-0.33486	-2e-05	-1.51577	10.18699	0.04515	
292.0	2	24.32744	4.0087	-0.00277	15980.3293	3684.4191	-0.11981	16399.56916	58.14113	-252.15171	682.81502	730.20355	0.04453	-1.79848	-0.41466	1e-05	1.84567	-10.85284	0.04556	
292.0	3	19.97591	9.125	-0.42044	2e-05	518.56142	0.0	518.56142	-6.78276	0.0	35.65964	36.29897	0.07	-0.0	-0.04562	-0.0	0.04562	-46.58318	3.70936	
292.0	5	24.36978	-3.8232	-0.00154	14092.16862	-3192.08113	-0.18359	14449.17293	-9.52019	-41.99091	-663.4925	664.88809	0.04602	1.48855	-0.33718	-2e-05	-1.52626	9.90353	0.04737	
293.0	2	24.32759	4.00809	-0.00274	15990.58833	3686.6119	-0.12065	16410.05858	50.61698	-219.52845	655.96404	693.5731	0.04227	-1.80067	-0.41514	1e-05	1.8479	-10.97749	0.04288	
293.0	3	19.9808	9.125	-0.44028	0.0	561.42485	-0.0	561.42485	-6.54409	0.0	38.75107	39.29975	0.07	-0.0	-0.04914	0.0	0.04914	-47.18342	3.73316	
293.0	5	24.36975	-3.8233	-0.00169	14099.16292	-3193.73815	-0.18441	14456.36048	0.56732	2.54116	-634.83123	634.83657	0.04391	1.49189	-0.33794	-2e-05	-1.52969	10.0461	0.04483	
294.0	2	24.32775	4.00741	-0.00271	15950.16627	3677.05764	-0.12025	16368.52335	58.51816	-253.81574	658.79412	708.41831	0.04328	-1.79549	-0.41392	1e-05	1.84258	-10.91067	0.04407	
294.0	3	19.98567	9.125	-0.46007	0.0	557.18342	0.0	557.18342	-6.54007	0.0	38.4506	39.00283	0.07	-0.0	-0.04849	-0.0	0.04849	-46.8637	3.70613	
294.0	5	24.36975	-3.82332	-0.00184	14139.09457	-3202.80458	-0.18491	14497.30845	9.49968	41.97408	-637.52308	638.97398	0.04408	1.49735	-0.33918	-2e-05	-1.53529	9.96989	0.04502	
295.0	2	24.32794	4.00662	-0.00275	15912.4812	3668.03694	-0.1202	16329.77505	63.20829	-274.18509	662.61915	719.88672	0.04408	-1.7907	-0.41278	1e-05	1.83766	-10.82957	0.04503	
295.0	3	19.99046	9.125	-0.47983	0.0	552.45418	0.0	552.45418	-6.58313	-0.0	38.10734	38.67179	0.07	-0.0	-0.04779	-0.0	0.04779	-46.47649	3.67505	
295.0	5	24.36975	-3.8233	-0.00195	14182.22973	-3212.56257	-0.18577	14541.53357	15.38851	67.97143	-641.09868	644.87552	0.04435	1.50323	-0.34051	-2e-05	-1.54132	9.87751	0.04534	
296.0	2	24.32815	4.00577	-0.00287	15878.12685	3659.72581	-0.12019	16294.43173	65.36486	-283.57082	666.17308	726.96049	0.04461	-1.78633	-0.41173	1e-05	1.83316	-10.74745	0.04566	
296.0	3	19.99517	9.125	-0.49956	-0.0	548.68456	0.0	548.68456	-6.65176	-0.0	37.82753	38.40792	0.07	0.0	-0.04719	-0.0	0.04719	-46.08802	3.64415	
296.0	5	24.36976	-3.82325	-0.00201	14226.55249	-3222.57443	-0.18663	14586.97302	18.5473	81.91726	-644.44868	649.89887	0.04455	1.50931	-0.34189	-2e-05	-1.54755	9.78541	0.04559	
297.0	2	24.32835	4.00493	-0.003	15846.89008	3652.13695	-0.12018	16262.28857	65.36189	-283.58805	668.59091	729.18322	0.04484	-1.78236	-0.41077	1e-05	1.82908	-10.6622	0.04593	
297.0	3	19.99976	9.125	-0.51925	-0.0	545.80741	0.0	545.80741	-6.74343	-0.0	37.6067	38.20652	0.07	0.0	-0.04667	-0.0	0.04667	-45.69291	3.61287	
297.0	5	24.36977	-3.8232	-0.00199	14271.22602	-3232.66961	-0.18751	14632.77298	19.37229	85.56013	-646.67062	652.59383	0.0446	1.51546	-0.34328	-2e-05	-1.55386	9.69351	0.04564	
298.0	2	24.32854	4.00413	-0.00315	15815.7974	3644.60957	-0.11607	16230.29964	62.80708	-272.53035	665.92616	722.27084	0.0445	-1.77843	-0.40982	1e-05	1.82504	-10.76478	0.04553	
298.0	3	20.00419	9.125	-0.53882	0.0	541.03288	0.0	541.03288	-6.84081	-0.0	37.24913	37.87208	0.07	-0.0	-0.04599	-0.0	0.04599	-46.17916	3.64907	
298.0	5	24.36979	-3.82313	-0.00193	14317.69446	-3243.15503	-0.1847	14680.40971	18.36983	81.13473	-644.06669	649.41682	0.04424	1.52177	-0.3447	-2e-05	-1.56033	9.80647	0.04521	
299.0	2	24.32873	4.00337	-0.00339	15784.20921	3637.00572	-0.11998	16197.81068	57.62152	-250.04909	667.63096	715.24534	0.04416	-1.7744	-0.40886	1e-05	1.8209	-10.45795	0.04512	
299.0	3	20.0086	9.125	-0.55825	-0.0	536.87748	0.0	536.87748	-7.05369	-0.0	36.91353	37.58142	0.07	0.0	-0.04538	-0.0	0.04538	-44.78359	3.54341	
299.0	5	24.3698	-3.82304	-0.00193	14362.99878	-3253.35158	-0.18911	14726.84727	14.41044	63.65717	-645.3121	648.60435	0.04404	1.52789	-0.34608	-2e-05	-1.5666	9.49055	0.04498	
300.0	2	24.32889	4.00268	-0.00357	15751.639	3629.23808	-0.12015	16164.32802	50.59752	-219.58145	669.4547	706.36089	0.0437	-1.7702	-0.40786	1e-05	1.81658	-10.37903	0.04457	
300.0	3	20.01297	9.125	-0.57757	0.0	531.99298	-0.0	531.99298	-7.24258	0.0	36.52843	37.23951	0.07	-0.0	-0.04471	0.0	0.04471	-44.42458	3.5174	
300.0	5	24.36982	-3.82295	-0.00193	14408.33586	-3263.55425	-0.19015	14773.31813	8.97182	39.64756	-646.69037	647.96671	0.04386	1.5339	-0.34744	-2e-05	-1.57276	9.40868	0.04476	
301.0	2	24.32904	4.00206	-0.00372	15721.19717	3622.03155	-0.12005	16133.04537	43.67517	-189.54704	671.21461	698.83092	0.04332	-1.76618	-0.40691	1e-05	1.81244	-10.27997	0.04412	
301.0	3	20.01727	9.125	-0.59677	-0.0	527.2384	0.0	527.2384	-7.43056	-0.0	36.15094	36.90668	0.07	0.0	-0.04406	-0.0	0.04406	-43.97235	3.48447	
301.0	5	24.36982	-3.82294	-0.00194	14454.49867	-3274.00716	-0.19094	14820.6496	3.59562	15.91219	-648.18256	648.38782	0.04375	1.53993	-0.3488	-2e-05	-1.57894	9.3058	0.04463	
302.0	2	24.32917	4.00154	-0.00387	15692.62859	3615.34313	-0.12002	16103.70448	36.56533	-158.69184	672.77081	692.19989	0.04298	-1.7623	-0.40601	1e-05	1.80847	-10.17618	0.04372	
302.0	3	20.0215	9.125	-0.61586	-0.0	523.28916	0.0	523.28916	-7.61532	-0.0	35.82989	36.63024	0.07	0.0	-0.04348	-0.0	0.04348	-43.49792	3.44979	
302.0	5	24.3698	-3.82303	-0.00199	14500.06864	-3284.39573	-0.19179	14867.38868	-2.2554	-9.91931	-649.51448	649.59414	0.04369	1.54584	-0.35015	-2e-05	-1.585	9.19818	0.04456	
303.0	2	24.32928	4.00108	-0.00393	15664.40369	3608.78585	-0.11983	16074.72793	29.04016	-126.03018	674.43546	686.7242	0.04272	-1.75838	-0.4051	1e-05	1.80444	-10.07226	0.04341	
303.0	3	20.02565	9.125	-0.63483	-0.0	518.86505	0.0	518.86505	-7.80662	-0.0	35.47172	36.3206	0.07	0.0	-0.04286	-0.0	0.04286	-43.02144	3.41486	
303.0	5	24.36977	-3.8232	-0.00207	14545.73623	-3294.86731	-0.19249	14914.24128	-8.43442	-37.19711	-650.91353	652.03005	0.04372	1.55168	-0.35148	-2e-05	-1.59099	9.09007	0.04459	
304.0	2	24.32937	4.00068	-0.00394	15627.4058	3600.25438	-0.11878	16036.75914	20.02807	-86.91224	678.57636	684.41269	0.04268	-1.7534	-0.40395	1e-05	1.79933	-9.9143	0.04336	
304.0	3	20.02965	9.125	-0.6537	-7e-05	503.24643	0.0	503.24643	-8.07433	-0.0	34.29089	35.22868	0.07	0.0	-0.04134	-0.0	0.04134	-42.28889	3.36746	
304.0	5	24.36971	-3.82345	-0.00217	14600.95745	-3307.56299	-0.19258	14970.90282	-13.1187	-57.87326	-654.71634	657.40011	0.04391	1.55848	-0.35304	-2e-05	-1.59797	8.92222	0.04482	
305.0	2	24.32946	4.00033	-0.00396	15588.54962	3591.34711	-0.1208	15996.89511	17.06209	-74.03651	682.56996	686.78547	0.04293	-1.74816	-0.40275	1e-05	1.79395	-9.71153	0.04366	
305.0	3	20.03364	9.125	-0.67245	-9e-05	489.84181	0.0	489.84181	-8.2528	-0.0	33.28301	34.29093	0.07	0.0	-0.04001	-0.0	0.04001	-41.34884	3.3046	
305.0	5	24.36963	-3.82381	-0.00224	14635.14926	-3315.5744	-0.19525	15006.01971	-12.71767	-56.09786	-657.37043	659.88225	0.04397	1.56298	-0.35409	-2e-05	-1.60259	8.70707	0.0449	
306.0	2	24.32955	3.99996	-0.00398	15547.27517	3581.86625	-0.12091	15954.54578	20.29986	-88.08964	680.22776	686.20818	0.04301	-1.74264	-0.40148	1e-05	1.78829	-9.63808	0.04375	
306.0	3	20.03772	9.125	-0.69108	3e-05	500.34261	-0.0	500.34261	-8.23537	0.0	34.04138	35.02338	0.07	-0.0	-0.04063	0.0	0.04063	-41.01651	3.26957	
306.0	5	24.36955	-3.8242	-0.00231	14644.18761	-3317.91416	-0.19581	15015.35165	-11.99672	-52.91092	-655.08185	657.32467	0.04378	1.56485	-0.35455	-2e-05	-1.60452	8.6333	0.04466	
307.0	2	24.32964	3.99956	-0.004	15502.9003	3571.64358	-0.11938	15909.00863	23.30745	-101.14444	680.22537	688.09882	0.04325	-1.73687	-0.40015	1e-05	1.78236	-9.60032	0.04404	
307.0	3	20.0417	9.125	-0.70959	6e-05	500.62988	-0.0	500.62988	-8.2368	0.0	34.06081	35.04259	0.07	-0.0	-0.04042	0.0	0.04042	-40.84019	3.25379	
307.0	5	24.36947	-3.82457	-0.00233	14667.69611	-3323.5156	-0.19502	15039.51679	-8.79364	-38.77055	-655.80007	657.00397	0.04369	1.56834	-0.35537	-2e-05	-1.60809	8.59323	0.04455	
308.0	2	24.32975	3.99914	-0.00408	15468.31242	3563.65678	-0.11958	15873.5106	28.53895	-123.85265	677.51969	689.338	0.04343	-1.73273	-0.39919	1e-05	1.77812	-9.51132	0.04425	
308.0	3	20.0456	9.125	-0.72799	8e-05	510.1609	-0.0	510.1609	-8.17206	0.0	34.76154	35.70921	0.07	-0.0	-0.04097	0.0	0.04097	-40.44155	3.21549	
308.0	5	24.3694	-3.82493	-0.00232	14682.93053	-3327.2407	-0.19568	15055.19777	-5.94524	-26.19754	-653.93569	654.48724	0.04347	1.57142	-0.35609	-2e-05	-1.61126	8.50529	0.0443	
309.0	2	24.32985	3.99872	-0.00424	15414.12132	3551.14158	-0.11926	15817.89311	25.93657	-112.55769	680.03054	689.77059	0.04361	-1.72588	-0.39761	1e-05	1.77109	-9.3783	0.04446	
309.0	3	20.04935	9.125	-0.74629	1e-05	495.55035	-0.0	495.55035	-8.34335	0.0	33.66965	34.68799	0.07	-0.0	-0.03957	0.0	0.03957	-39.82267	3.17336	
309.0	5	24.36932	-3.82526	-0.00232	14721.66768	-3336.26893	-0.19635	15094.97233	-4.7732	-21.02374	-655.18862	655.54322	0.04343	1.57651	-0.35727	-2e-05	-1.61649	8.36315	0.04425	
310.0	2	24.32994	3.99833	-0.00441	15369.64042	3540.89627	-0.11915	15772.24756	18.15287	-78.7716	680.22775	685.01408	0.04343	-1.71968	-0.39618	1e-05	1.76473	-9.25709	0.04425	
310.0	3	20.053	9.125	-0.76446	0.0	492.84547	-0.0	492.84547	-8.52499	0.0	33.4294	34.49928	0.07	-0.0	-0.03913	0.0	0.03913	-39.26887	3.13371	
310.0	5	24.36926	-3.82557	-0.00239	14747.17977	-3342.27729	-0.19695	15121.18146	-11.74245	-51.77278	-655.22989	657.37699	0.04347	1.57972	-0.35803	-2e-05	-1.61979	8.2382	0.0443	
311.0	2	24.33002	3.99799	-0.00457	15323.32321	3530.25717	-0.11899	15724.72416	12.2463	-53.13294	681.28708	683.46556	0.04346	-1.71364	-0.3948	1e-05	1.75853	-9.13509	0.04429	
311.0	3	20.05659	9.125	-0.7825	0.0	486.92532	0.0	486.92532	-8.68925	0.0	32.95855	34.08473	0.07	-0.0	-0.03845	-0.0	0.03845	-38.70585	3.09519	
311.0	5	24.36919	-3.82587	-0.00248	14774.09164	-3348.60696	-0.19754	15148.82677	-16.00343	-70.56861	-656.03495	660.01355	0.04357	1.58338	-0.35888	-2e-05	-1.62354	8.10999	0.04441	
312.0	2	24.3301	3.99768	-0.00471	15279.71491	3520.28113	-0.11885	15679.98938	8.42229	-36.53375	682.97007	683.99837	0.04362	-1.70782	-0.39346	1e-05	1.75256	-9.00131	0.04448	
312.0	3	20.06022	9.125	-0.80039	0.0	480.59789	-0.0	480.59789	-8.8247	0.0	32.46382	33.64186	0.07	-0.0	-0.03773	0.0	0.03773	-38.08632	3.05158	
312.0	5	24.36911	-3.82624	-0.00257	14805.44183	-3355.99077	-0.1982	15181.03363	-17.95653	-79.17902	-657.43912	662.43335	0.04364	1.58746	-0.35983	-2e-05	-1.62774	7.96856	0.04449	
313.0	2	24.33016	3.99743	-0.00487	15244.86536	3512.37238	-0.11902	15644.25389	1.40756	-6.08618	681.06653	681.09518	0.04354	-1.70305	-0.39238	1e-05	1.74767	-8.86907	0.04438	
313.0	3	20.06386	9.125	-0.81815	0.00011	490.90025	-0.0	490.90025	-8.93401	0.0	33.17888	34.36066	0.07	-0.0	-0.03832	0.0	0.03832	-37.49146	3.00382	
313.0	5	24.36903	-3.82664	-0.00264	14814.07424	-3358.24692	-0.19876	15189.95121	-26.6875	-117.68646	-656.20428	667.2079	0.04392	1.58918	-0.36026	-2e-05	-1.6295	7.83672	0.04484	
314.0	2	24.3302	3.99725	-0.00503	15188.98656	3499.68497	-0.11849	15586.95312	-4.76291	20.69473	685.20796	685.53695	0.04398	-1.69575	-0.39072	1e-05	1.74018	-8.69484	0.04491	
314.0	3	20.06738	9.125	-0.83578	-8e-05	472.35657	0.0	472.35657	-9.15698	-0.0	31.77352	33.0667	0.07	0.0	-0.03667	-0.0	0.03667	-36.67997	2.95449	
314.0	5	24.36894	-3.82707	-0.00268	14855.73665	-3368.01144	-0.1993	15232.74147	-28.17122	-124.21951	-659.83968	672.02121	0.04412	1.59421	-0.36143	-2e-05	-1.63467	7.6505	0.04507	
315.0	2	24.33024	3.99708	-0.0051	15152.63336	3491.49857	-0.11859	15549.69003	-9.51895	41.33419	684.08761	685.40133	0.04408	-1.6908	-0.3896	1e-05	1.73511	-8.67236	0.04502	
315.0	3	20.07097	9.125	-0.85328	9e-05	478.01816	-0.0	478.01816	-9.22281	0.0	32.16327	33.45947	0.07	-0.0	-0.0369	0.0	0.0369	-36.57426	2.94217	
315.0	5	24.36883	-3.82755	-0.0027	14871.48172	-3371.95172	-0.1999	15248.96807	-33.70208	-148.59889	-658.02303	675.4345	0.04429	1.59667	-0.36203	-2e-05	-1.6372	7.62714	0.04528	
316.0	2	24.33027	3.99697	-0.00512	15133.69315	3487.37758	-0.11921	15530.30813	-13.00236	56.44789	682.88518	685.33757	0.04413	-1.68767	-0.3889	1e-05	1.73189	-8.47443	0.04508	
316.0	3	20.07442	9.125	-0.87069	0.00028	500.7616	-0.0	500.7616	-9.22416	1e-05	33.81213	35.04776	0.07	-0.0	-0.03843	0.0	0.03843	-35.68895	2.87053	
316.0	5	24.36871	-3.82812	-0.0027	14868.9183	-3371.80049	-0.20061	15246.43466	-42.38322	-186.86174	-658.57141	685.87896	0.04499	1.59703	-0.36216	-2e-05	-1.63758	7.43201	0.04611	
317.0	2	24.33027	3.99696	-0.00516	15060.12657	3470.74683	-0.11808	15454.88582	-24.29609	105.44789	683.21991	691.73623	0.04476	-1.67791	-0.38669	1e-05	1.7219	-8.31751	0.04584	
317.0	3	20.07766	9.125	-0.88802	3e-05	464.05	-0.0	464.05	-9.62527	0.0	31.024	32.48283	0.07	-0.0	-0.03542	0.0	0.03542	-34.94026	2.82668	
317.0	5	24.36857	-3.82877	-0.0027	14925.59131	-3385.13833	-0.2009	15304.65411	-45.18342	-199.18163	-656.80179	687.82517	0.04494	1.60319	-0.3636	-2e-05	-1.6439	7.25696	0.04606	
318.0	2	24.33025	3.99702	-0.0052	15018.00379	3461.43078	-0.11796	15411.74685	-30.94109	134.26644	682.6438	696.41036	0.04519	-1.67194	-0.38536	1e-05	1.71577	-8.17935	0.04636	
318.0	3	20.08095	9.125	-0.90523	4e-05	462.45958	-0.0	462.45958	-9.78359	0.0	30.8575	32.37135	0.07	-0.0	-0.0351	0.0	0.0351	-34.30177	2.78138	
318.0	5	24.36841	-3.82953	-0.00271	14941.7665	-3389.38191	-0.20134	15321.3673	-51.16763	-225.52862	-656.11169	695.67509	0.04541	1.60528	-0.36414	-2e-05	-1.64606	7.11256	0.04662	
319.0	2	24.33022	3.99715	-0.00524	14991.19689	3455.68846	-0.11852	15384.33511	-31.17528	135.26557	682.20218	696.18136	0.04525	-1.66742	-0.38437	1e-05	1.71115	-8.04649	0.04644	
319.0	3	20.08425	9.125	-0.92228	0.0002	480.27111	-0.0	480.27111	-9.76699	0.0	32.16457	33.61479	0.07	-0.0	-0.03624	0.0	0.03624	-33.70558	2.7314	
319.0	5	24.36824	-3.83035	-0.00271	14921.12702	-3385.32212	-0.2018	15300.34109	-54.86101	-241.76592	-656.77688	702.0088	0.04588	1.6032	-0.36374	-2e-05	-1.64395	6.98184	0.0472	
320.0	2	24.33019	3.99729	-0.0053	14906.39179	3436.59323	-0.11748	15297.40792	-31.99722	138.8128	681.63261	696.35898	0.04552	-1.65693	-0.382	1e-05	1.70039	-7.86381	0.04676	
320.0	3	20.08735	9.125	-0.93919	-0.0	452.63536	0.0	452.63536	-9.95839	-0.0	30.07887	31.68451	0.07	0.0	-0.03398	-0.0	0.03398	-32.8494	2.67588	
320.0	5	24.36806	-3.83118	-0.00268	14948.25117	-3392.09124	-0.20182	15328.29071	-49.85194	-219.64833	-654.70139	692.36155	0.04517	1.60664	-0.36458	-2e-05	-1.64748	6.78495	0.04633	
321.0	2	24.33015	3.99745	-0.00537	14851.71609	3424.43685	-0.11721	15241.39884	-31.25856	135.59106	680.38945	694.47234	0.04556	-1.64962	-0.38036	1e-05	1.6929	-7.73028	0.04682	
321.0	3	20.09042	9.125	-0.95594	0.0	451.74402	-0.0	451.74402	-10.00809	0.0	29.99656	31.62208	0.07	-0.0	-0.03373	0.0	0.03373	-32.23903	2.62842	
321.0	5	24.36788	-3.832	-0.00264	14951.74765	-3393.50773	-0.20202	15332.01397	-48.81603	-215.04384	-653.33433	689.54521	0.04497	1.60737	-0.36481	-2e-05	-1.64825	6.64843	0.0461	
322.0	2	24.33011	3.99763	-0.00544	14801.92837	3413.41695	-0.11696	15190.40811	-30.14091	130.72621	678.89833	692.02656	0.04556	-1.64291	-0.37887	1e-05	1.68603	-7.57818	0.04681	
322.0	3	20.09332	9.125	-0.97255	0.0	451.79965	-0.0	451.79965	-10.05701	0.0	29.9843	31.62597	0.07	-0.0	-0.03356	0.0	0.03356	-31.54612	2.57391	
322.0	5	24.36771	-3.8328	-0.00264	14956.0752	-3395.09565	-0.20224	15336.58567	-47.65003	-209.86906	-651.89796	686.50309	0.04476	1.60818	-0.36506	-2e-05	-1.64909	6.49357	0.04584	
323.0	2	24.33006	3.99784	-0.00551	14750.94	3402.1307	-0.11673	15138.18762	-31.74602	137.66748	677.41847	691.99417	0.04571	-1.6361	-0.37735	1e-05	1.67905	-7.42301	0.04699	
323.0	3	20.09606	9.125	-0.989	-0.0	450.76293	0.0	450.76293	-10.15161	-0.0	29.87578	31.5534	0.07	0.0	-0.03331	-0.0	0.03331	-30.83712	2.52034	
323.0	5	24.36755	-3.83358	-0.00269	14959.471	-3396.45295	-0.20247	15340.19769	-48.94579	-215.54001	-650.42508	686.95413	0.04478	1.60883	-0.36527	-2e-05	-1.64977	6.3345	0.04586	
324.0	2	24.33	3.99806	-0.00557	14696.48111	3390.04961	-0.11646	15082.40675	-35.40028	153.48988	676.51725	694.6135	0.04605	-1.62889	-0.37574	1e-05	1.67166	-7.26669	0.04741	
324.0	3	20.09872	9.125	-1.0053	-0.0	447.54922	0.0	447.54922	-10.2855	-0.0	29.59189	31.32844	0.07	0.0	-0.03291	-0.0	0.03291	-30.11832	2.46879	
324.0	5	24.36738	-3.83435	-0.00277	14962.98108	-3397.83341	-0.20268	15343.92632	-51.66416	-227.47386	-649.41782	690.04134	0.04497	1.60944	-0.36548	-2e-05	-1.65041	6.17212	0.04609	
325.0	2	24.32994	3.99832	-0.00562	14642.38246	3378.07628	-0.1162	15027.00114	-38.97152	168.94659	675.69616	697.58658	0.04642	-1.62169	-0.37413	1e-05	1.66428	-7.10735	0.04787	
325.0	3	20.10134	9.125	-1.02143	0.0	444.09597	0.0	444.09597	-10.42118	0.0	29.28793	31.08672	0.07	-0.0	-0.03249	-0.0	0.03249	-29.38525	2.41643	
325.0	5	24.36721	-3.83516	-0.00283	14966.96225	-3399.34853	-0.20289	15348.14417	-54.3283	-239.1629	-648.46335	693.293	0.04517	1.61005	-0.36568	-2e-05	-1.65106	6.00641	0.04634	
326.0	2	24.32987	3.99862	-0.00568	14587.85159	3366.03272	-0.11593	14971.15862	-43.03982	186.55099	674.78403	701.41798	0.04685	-1.61439	-0.37251	1e-05	1.6568	-6.94706	0.0484	
326.0	3	20.10394	9.125	-1.0374	0.0	440.55673	0.0	440.55673	-10.56654	0.0	28.97223	30.83897	0.07	-0.0	-0.03207	-0.0	0.03207	-28.64736	2.36411	
326.0	5	24.36703	-3.83601	-0.0029	14970.38347	-3400.76343	-0.20311	15351.79381	-57.54539	-253.27991	-647.41447	697.57271	0.04544	1.61057	-0.36587	-2e-05	-1.6516	5.83949	0.04666	
327.0	2	24.32979	3.99894	-0.00577	14538.06845	3355.09883	-0.11569	14920.19177	-45.50401	197.19785	673.2928	703.05107	0.04712	-1.6076	-0.371	1e-05	1.64986	-6.78327	0.04874	
327.0	3	20.10646	9.125	-1.05321	-0.0	439.41075	0.0	439.41075	-10.68144	-0.0	28.84455	30.75876	0.07	0.0	-0.03183	-0.0	0.03183	-27.8978	2.30812	
327.0	5	24.36685	-3.83688	-0.00297	14972.58306	-3401.9216	-0.20329	15354.19533	-59.68987	-262.66924	-645.95683	699.87016	0.04558	1.61092	-0.36602	-2e-05	-1.65198	5.67083	0.04684	
328.0	2	24.32971	3.99927	-0.00586	14491.5457	3344.91603	-0.11548	14872.57072	-47.2725	204.827	671.73601	703.8594	0.04733	-1.60113	-0.36957	1e-05	1.64323	-6.6182	0.04899	
328.0	3	20.10886	9.125	-1.06886	0.0	438.78828	-0.0	438.78828	-10.78646	0.0	28.75885	30.71513	0.07	-0.0	-0.03163	0.0	0.03163	-27.14425	2.25111	
328.0	5	24.36666	-3.83775	-0.00303	14975.10438	-3403.15598	-0.20348	15356.92749	-61.25299	-269.49653	-644.45137	701.21172	0.04566	1.61121	-0.36615	-2e-05	-1.65229	5.50156	0.04693	
329.0	2	24.32963	3.99962	-0.0059	14443.95134	3334.48619	-0.11525	14823.84998	-50.28766	217.85357	669.75163	706.08518	0.04763	-1.59455	-0.36811	1e-05	1.63649	-6.45098	0.04938	
329.0	3	20.11113	9.125	-1.08436	0.0	437.98109	-0.0	437.98109	-10.91792	0.0	28.64876	30.65864	0.07	-0.0	-0.03143	0.0	0.03143	-26.38104	2.19423	
329.0	5	24.36647	-3.83865	-0.00309	14975.22844	-3403.85769	-0.20363	15357.20398	-64.18569	-282.34568	-642.47563	704.70832	0.04589	1.61123	-0.36623	-2e-05	-1.65233	5.33004	0.04721	
330.0	2	24.32953	4.0	-0.00591	14397.0732	3324.24083	-0.11503	14775.86863	-53.85002	233.24407	667.08525	708.73503	0.04797	-1.58801	-0.36667	1e-05	1.62979	-6.28205	0.0498	
330.0	3	20.11326	9.125	-1.0997	-0.0	437.9324	0.0	437.9324	-11.06158	-0.0	28.58998	30.65527	0.07	0.0	-0.03128	-0.0	0.03128	-25.61239	2.13663	
330.0	5	24.36627	-3.83957	-0.00316	14972.60582	-3403.95646	-0.20375	15354.6685	-67.95353	-298.86137	-639.85039	709.46763	0.04621	1.61087	-0.36622	-2e-05	-1.65197	5.15775	0.0476	
331.0	2	24.32943	4.00044	-0.00592	14346.50908	3313.17287	-0.11478	14724.11075	-58.32566	252.58141	664.61372	713.37974	0.04845	-1.58106	-0.36513	1e-05	1.62267	-6.11145	0.05041	
331.0	3	20.11525	9.125	-1.11487	0.0	436.71801	0.0	436.71801	-11.23386	0.0	28.43134	30.57026	0.07	-0.0	-0.03106	-0.0	0.03106	-24.83329	2.07997	
331.0	5	24.36607	-3.84051	-0.00319	14968.62782	-3403.76527	-0.20383	15350.74711	-72.3111	-317.962	-637.33047	715.90423	0.04664	1.61029	-0.36617	-2e-05	-1.6514	4.98241	0.04813	
332.0	2	24.32931	4.00094	-0.00596	14290.79994	3300.97224	-0.1145	14667.08494	-64.7123	280.17999	662.54965	722.26072	0.04924	-1.57349	-0.36345	1e-05	1.61493	-5.94011	0.05143	
332.0	3	20.1172	9.125	-1.12988	-0.0	433.71853	-0.0	433.71853	-11.45623	-0.0	28.11587	30.3603	0.07	0.0	-0.03071	0.0	0.03071	-24.04459	2.02554	
332.0	5	24.36586	-3.84152	-0.00318	14962.65779	-3403.16486	-0.20389	15344.79258	-77.98038	-342.81744	-635.1211	725.93633	0.04731	1.60669	-0.36543	-2e-05	-1.64772	4.80357	0.04897	
333.0	2	24.32917	4.00152	-0.00601	14236.93378	3289.24795	-0.11383	14611.96207	-70.73559	306.18933	656.68169	728.00156	0.04982	-1.5661	-0.36182	1e-05	1.60735	-5.77665	0.05219	
333.0	3	20.11908	9.125	-1.14471	-2e-05	432.9278	0.0	432.9278	-11.66393	-0.0	27.97104	30.30555	0.07	0.0	-0.03053	-0.0	0.03053	-23.30914	1.97242	
333.0	5	24.36563	-3.84257	-0.00314	14952.51264	-3401.65171	-0.20349	15334.56451	-84.23397	-370.22642	-629.54006	735.17593	0.04794	1.59752	-0.36343	-2e-05	-1.63834	4.64063	0.04977	
334.0	2	24.32902	4.00214	-0.00608	14192.91643	3279.83339	-0.114	14566.9552	-67.61009	292.59377	653.28678	719.00338	0.04936	-1.55989	-0.36047	1e-05	1.60099	-5.58159	0.05158	
334.0	3	20.12095	9.125	-1.1593	-0.0	429.87462	0.0	429.87462	-11.72488	-0.0	27.71319	30.09142	0.07	0.0	-0.03019	-0.0	0.03019	-22.43302	1.90512	
334.0	5	24.3654	-3.84366	-0.0031	14956.91209	-3403.46864	-0.20407	15339.25742	-80.02429	-351.6379	-626.06364	722.50175	0.0471	1.5823	-0.36005	-2e-05	-1.62275	4.44636	0.04871	
335.0	2	24.32885	4.00283	-0.00615	14141.47135	3268.74015	-0.11371	14514.3334	-72.6759	314.43857	649.6289	725.37653	0.04998	-1.55262	-0.35888	1e-05	1.59356	-5.40927	0.05239	
335.0	3	20.12274	9.125	-1.17367	0.0	428.63379	0.0	428.63379	-11.93119	0.0	27.53014	30.00436	0.07	-0.0	-0.02997	-0.0	0.02997	-21.65621	1.84917	
335.0	5	24.36517	-3.84477	-0.00306	14948.75028	-3402.44994	-0.20406	15331.07304	-84.8187	-372.61579	-622.31475	730.2824	0.04763	1.56135	-0.35538	-2e-05	-1.60128	4.27367	0.04938	
336.0	2	24.32867	4.00358	-0.00622	14089.62908	3257.60204	-0.11341	14461.31456	-76.84761	332.40014	643.83609	728.64279	0.05039	-1.5454	-0.3573	1e-05	1.58616	-5.22391	0.05293	
336.0	3	20.12445	9.125	-1.18781	-0.0	427.11522	-0.0	427.11522	-12.13924	-0.0	27.32276	29.89806	0.07	0.0	-0.02975	0.0	0.02975	-20.82541	1.7885	
336.0	5	24.36492	-3.84594	-0.00302	14939.30551	-3401.18029	-0.20405	15321.58205	-88.78792	-389.95403	-616.72973	735.05306	0.04798	1.5337	-0.34917	-2e-05	-1.57294	4.08984	0.04981	
337.0	2	24.32848	4.0044	-0.00631	14038.73813	3246.73291	-0.11312	14409.28322	-80.48676	348.04363	637.24628	730.54453	0.0507	-1.53826	-0.35575	1e-05	1.57886	-5.03813	0.05335	
337.0	3	20.12608	9.125	-1.20171	0.0	426.34591	-0.0	426.34591	-12.34111	0.0	27.17304	29.84421	0.07	-0.0	-0.02958	0.0	0.02958	-19.99687	1.72685	
337.0	5	24.36466	-3.84716	-0.00299	14923.9955	-3398.61586	-0.20395	15306.08479	-92.37783	-405.61273	-610.43292	738.70407	0.04826	1.50024	-0.34165	-2e-05	-1.53865	3.90738	0.05017	
338.0	2	24.32827	4.00526	-0.0064	13991.81427	3236.79881	-0.11284	14361.3277	-82.40982	356.25751	629.41655	727.92581	0.05069	-1.53147	-0.35428	1e-05	1.57191	-4.85134	0.05333	
338.0	3	20.12759	9.125	-1.21536	0.0	426.56351	-0.0	426.56351	-12.51055	0.0	27.11207	29.85931	0.07	-0.0	-0.02948	0.0	0.02948	-19.17149	1.66313	
338.0	5	24.36439	-3.84841	-0.00296	14891.95446	-3392.25204	-0.2036	15273.43058	-94.71137	-415.74585	-603.0661	738.58214	0.04836	1.46057	-0.3327	-2e-05	-1.49798	3.7272	0.0503	
339.0	2	24.32805	4.00616	-0.0065	13945.27249	3226.96359	-0.11257	14313.76676	-81.26642	351.21325	621.35769	718.35949	0.05019	-1.51985	-0.3517	1e-05	1.56001	-4.66044	0.05267	
339.0	3	20.12897	9.125	-1.22875	-0.0	427.4555	0.0	427.4555	-12.61721	-0.0	27.13177	29.92201	0.07	0.0	-0.02943	-0.0	0.02943	-18.33797	1.59596	
339.0	5	24.36413	-3.84965	-0.00293	14864.90721	-3387.023	-0.20335	15245.89752	-94.27383	-413.71156	-595.57393	731.26816	0.04796	1.41663	-0.32278	-2e-05	-1.45294	3.54731	0.0498	
340.0	2	24.32783	4.00706	-0.00659	13895.45763	3216.35447	-0.11224	14262.84259	-76.70874	331.42233	611.16524	699.46261	0.04904	-1.50126	-0.34749	1e-05	1.54095	-4.46835	0.05117	
340.0	3	20.13017	9.125	-1.24186	-0.0	429.4464	0.0	429.4464	-12.63015	-0.0	27.27926	30.06125	0.07	0.0	-0.02948	-0.0	0.02948	-17.51478	1.52553	
340.0	5	24.36386	-3.85086	-0.0029	14843.787	-3383.1228	-0.20314	15224.43866	-90.7974	-398.34741	-586.17368	714.50992	0.04693	1.37076	-0.31242	-2e-05	-1.40591	3.37301	0.0485	
341.0	2	24.32762	4.00795	-0.00667	13838.79799	3204.13903	-0.11188	14204.88777	-76.21287	329.18743	605.64472	693.52599	0.04882	-1.4758	-0.3417	1e-05	1.51484	-4.2807	0.05089	
341.0	3	20.13132	9.125	-1.25466	0.0	426.74327	-0.0	426.74327	-12.79553	0.0	26.99281	29.87201	0.07	-0.0	-0.0292	0.0	0.0292	-16.68213	1.46317	
341.0	5	24.36359	-3.85206	-0.00286	14826.42901	-3380.06243	-0.20301	15206.83463	-89.30205	-391.68287	-581.1413	706.4811	0.04646	1.31873	-0.30064	-2e-05	-1.35256	3.18981	0.04791	
342.0	2	24.32741	4.00882	-0.00676	13787.11867	3193.05431	-0.11153	14152.04003	-74.34732	321.04125	599.59401	684.18417	0.04835	-1.4445	-0.33454	1e-05	1.48274	-4.0888	0.05028	
342.0	3	20.13245	9.125	-1.26718	0.0	425.41788	-0.0	425.41788	-12.92169	0.0	26.82966	29.7792	0.07	-0.0	-0.02901	0.0	0.02901	-15.83583	1.39716	
342.0	5	24.36332	-3.85323	-0.00284	14810.49084	-3377.30541	-0.20286	15190.68237	-86.98116	-381.40372	-575.82653	696.13986	0.04583	1.26222	-0.28783	-2e-05	-1.29463	3.0045	0.04714	
343.0	2	24.32719	4.00973	-0.00684	13726.10363	3179.82541	-0.1111	14089.61357	-78.85527	340.4091	592.58236	687.93194	0.04883	-1.40657	-0.32585	1e-05	1.44382	-3.89702	0.05089	
343.0	3	20.13356	9.125	-1.27942	-0.0	423.58854	0.0	423.58854	-13.23842	-0.0	26.53182	29.6512	0.07	0.0	-0.0288	-0.0	0.0288	-14.98112	1.3357	
343.0	5	24.36305	-3.85442	-0.00282	14786.10106	-3372.63444	-0.2026	15165.86456	-91.13994	-399.53601	-569.57075	701.67397	0.04627	1.19988	-0.27369	-2e-05	-1.23069	2.81516	0.04768	
344.0	2	24.32696	4.01068	-0.00691	13674.72869	3168.85899	-0.11077	14037.08916	-80.51053	347.4514	585.70443	685.75076	0.04885	-1.36334	-0.31593	1e-05	1.39946	-3.70168	0.05093	
344.0	3	20.13464	9.125	-1.2914	0.0	422.6124	-0.0	422.6124	-13.4962	0.0	26.32473	29.58275	0.07	-0.0	-0.02863	0.0	0.02863	-14.1197	1.27097	
344.0	5	24.36278	-3.85564	-0.00281	14769.35468	-3369.72777	-0.20247	15148.89114	-92.76925	-406.56931	-563.5842	701.09335	0.04628	1.13406	-0.25874	-2e-05	-1.16321	2.62623	0.04769	
345.0	2	24.32674	4.01158	-0.00696	13632.86627	3160.04126	-0.11044	13994.31683	-72.20238	311.51155	579.30557	661.70051	0.04728	-1.31661	-0.30519	1e-05	1.35152	-3.50624	0.04894	
345.0	3	20.13563	9.125	-1.3031	0.0	422.90427	-0.0	422.90427	-13.44917	0.0	26.37173	29.60318	0.07	-0.0	-0.02857	0.0	0.02857	-13.26906	1.19754	
345.0	5	24.36252	-3.85679	-0.0028	14755.90211	-3367.51715	-0.20233	15135.28391	-84.96781	-372.28132	-558.33381	676.42409	0.04469	1.06788	-0.24371	-1e-05	-1.09534	2.44193	0.04576	
346.0	2	24.32654	4.01242	-0.00701	13604.96315	3154.39535	-0.1102	13965.85953	-58.33781	251.63204	573.38056	628.87778	0.04503	-1.26601	-0.29353	1e-05	1.29959	-3.30997	0.04616	
346.0	3	20.13657	9.125	-1.31448	0.0	421.99355	-0.0	421.99355	-13.25844	0.0	26.39672	29.53935	0.07	-0.0	-0.02843	0.0	0.02843	-12.42221	1.12223	
346.0	5	24.36228	-3.85784	-0.00281	14758.78319	-3368.96348	-0.20239	15138.41458	-71.62708	-313.75125	-553.70215	640.43451	0.04231	1.00041	-0.22836	-1e-05	-1.02615	2.25986	0.04293	
347.0	2	24.32636	4.01317	-0.00706	13561.04685	3144.96903	-0.10988	13920.94903	-57.42338	247.62828	565.77077	620.25299	0.04456	-1.20738	-0.28	1e-05	1.23942	-3.10468	0.04559	
347.0	3	20.13755	9.125	-1.32552	0.0	420.01017	0.0	420.01017	-13.51207	0.0	26.11179	29.40071	0.07	-0.0	-0.02822	-0.0	0.02822	-11.52591	1.05371	
347.0	5	24.36206	-3.8588	-0.00283	14748.67525	-3367.37692	-0.20235	15128.20706	-71.66311	-313.84229	-547.03134	634.72503	0.04196	0.92371	-0.2109	-1e-05	-0.94748	2.06437	0.04252	
348.0	2	24.3262	4.01385	-0.00711	13530.8451	3138.65979	-0.10963	13890.10275	-51.32354	221.27666	558.36408	602.80006	0.0434	-1.14653	-0.26595	1e-05	1.17697	-2.90296	0.04421	
348.0	3	20.13845	9.125	-1.33625	-0.0	421.13582	0.0	421.13582	-13.51887	-0.0	26.19703	29.47956	0.07	0.0	-0.02822	-0.0	0.02822	-10.64959	0.97911	
348.0	5	24.36187	-3.85969	-0.00285	14743.32614	-3366.8161	-0.20233	15122.86733	-66.74703	-292.25349	-541.02416	618.526	0.0409	0.84681	-0.19338	-1e-05	-0.86861	1.874	0.0413	
349.0	2	24.32604	4.01448	-0.00714	13501.3856	3132.46269	-0.10939	13860.00489	-47.43103	204.45406	548.89235	587.65124	0.0424	-1.08072	-0.25074	1e-05	1.10943	-2.69765	0.04304	
349.0	3	20.13922	9.125	-1.3467	0.0	422.19064	0.0	422.19064	-13.6178	0.0	26.2289	29.55333	0.07	-0.0	-0.02821	-0.0	0.02821	-9.76457	0.90536	
349.0	5	24.36168	-3.8605	-0.00287	14736.62813	-3365.89246	-0.20229	15116.13181	-64.49558	-282.34403	-532.96409	606.57115	0.04013	0.76712	-0.17521	-1e-05	-0.78687	1.68309	0.04042	
350.0	2	24.3259	4.01507	-0.00717	13481.72336	3128.48883	-0.10922	13839.95329	-40.34834	173.89349	537.00245	565.89625	0.04089	-1.0114	-0.2347	1e-05	1.03827	-2.49045	0.04129	
350.0	3	20.13982	9.125	-1.35683	0.0	426.55969	-0.0	426.55969	-13.49426	0.0	26.63598	29.85918	0.07	-0.0	-0.02844	0.0	0.02844	-8.88534	0.82604	
350.0	5	24.36151	-3.86125	-0.00289	14729.73847	-3364.87528	-0.20224	15109.18863	-60.06019	-262.88202	-522.82936	588.27266	0.03893	0.68713	-0.15697	-1e-05	-0.70483	1.49648	0.03907	
351.0	2	24.32577	4.01563	-0.00719	13457.27979	3123.36744	-0.10903	13814.98474	-37.48694	161.53374	522.98165	548.64217	0.03971	-0.93693	-0.21746	1e-05	0.96184	-2.27956	0.03995	
351.0	3	20.14026	9.125	-1.36662	-0.0	429.51854	-0.0	429.51854	-13.66172	-0.0	26.78329	30.06638	0.07	0.0	-0.02859	0.0	0.02859	-7.99531	0.75134	
351.0	5	24.36136	-3.86194	-0.00291	14720.35737	-3363.24728	-0.20216	15099.68058	-59.99168	-262.54265	-510.39658	577.08952	0.03822	0.60458	-0.13813	-1e-05	-0.62016	1.30854	0.03827	
352.0	2	24.32564	4.01616	-0.0072	13437.79977	3119.36106	-0.10884	13795.10334	-32.98168	142.09845	507.50723	528.0562	0.03828	-0.8598	-0.19959	1e-05	0.88266	-2.0692	0.03833	
352.0	3	20.14057	9.125	-1.37604	-0.0	433.21272	-0.0	433.21272	-13.71696	-0.0	27.04522	30.32489	0.07	0.0	-0.02823	0.0	0.02823	-7.11581	0.67526	
352.0	5	24.36121	-3.86258	-0.00292	14711.38663	-3361.67498	-0.20205	15090.58499	-58.55546	-256.22098	-496.63625	561.89456	0.03723	0.52229	-0.11935	-1e-05	-0.53575	1.12463	0.03717	
353.0	2	24.32551	4.01668	-0.00721	13417.7798	3115.20735	-0.10866	13774.66267	-29.85929	128.62661	489.01881	506.5331	0.03677	-0.77796	-0.18062	1e-05	0.79865	-1.85419	0.03666	
353.0	3	20.14077	9.125	-1.38504	0.0	436.06729	-0.0	436.06729	-13.91766	0.0	27.16719	30.5247	0.07	-0.0	-0.02686	0.0	0.02686	-6.22823	0.60016	
353.0	5	24.36108	-3.86319	-0.00293	14701.50871	-3359.86981	-0.20194	15080.55316	-58.70669	-256.84924	-479.82106	547.39954	0.0363	0.43908	-0.10035	-1e-05	-0.4504	0.94162	0.03614	
354.0	2	24.32539	4.0172	-0.00721	13402.87333	3112.23031	-0.10851	13759.46914	-23.98905	103.3247	442.38949	454.92849	0.03306	-0.6811	-0.15816	1e-05	0.69923	-1.60862	0.03265	
354.0	3	20.14091	9.125	-1.3934	1e-05	439.40033	-0.0	439.40033	-13.9673	0.0	27.4036	30.75781	0.07	-0.0	-0.02465	0.0	0.02465	-5.33027	0.5166	
354.0	5	24.36094	-3.86377	-0.00293	14692.15796	-3358.16705	-0.20183	15071.05808	-56.20225	-245.86167	-435.07472	502.88832	0.03337	0.3672	-0.08393	-1e-05	-0.37667	0.78441	0.03297	
355.0	2	24.32526	4.01772	-0.00721	13383.88106	3108.29283	-0.10833	13740.07848	-22.38626	96.40499	367.95245	381.03028	0.02773	-0.57094	-0.1326	0.0	0.58614	-1.33502	0.02707	
355.0	3	20.14104	9.125	-1.40057	0.0	440.82185	0.0	440.82185	-14.61177	0.0	27.17858	30.8574	0.07	-0.0	-0.02163	-0.0	0.02163	-4.43952	0.43459	
355.0	5	24.36082	-3.86433	-0.00294	14680.06304	-3355.81435	-0.20169	15058.743	-58.73862	-256.93131	-361.63872	447.48909	0.02972	0.30817	-0.07045	-0.0	-0.31612	0.65837	0.02912	
356.0	2	24.32514	4.01825	-0.00721	13368.522	3105.19725	-0.10813	13724.41731	-19.18599	82.60912	270.65929	283.63501	0.02067	-0.44922	-0.10434	0.0	0.46117	-1.04251	0.01995	
356.0	3	20.14124	9.125	-1.40618	0.0	441.67263	0.0	441.67263	-15.49049	0.0	26.7563	30.9169	0.07	-0.0	-0.01799	-0.0	0.01799	-3.55046	0.34883	
356.0	5	24.3607	-3.86486	-0.00294	14669.70128	-3353.841	-0.20154	15048.20206	-59.7856	-261.48627	-265.29692	377.26893	0.02507	0.25843	-0.05908	-0.0	-0.2651	0.5519	0.02436	
357.0	2	24.32501	4.01878	-0.00721	13348.03017	3100.90647	-0.1079	13703.48607	-18.14671	78.11891	153.53273	173.21711	0.01264	-0.31709	-0.07366	0.0	0.32553	-0.73205	0.0121	
357.0	3	20.14153	9.125	-1.40992	-0.0	440.67113	0.0	440.67113	-17.48639	-0.0	25.41196	30.84707	0.07	0.0	-0.01381	-0.0	0.01381	-2.65715	0.26454	
357.0	5	24.36058	-3.86537	-0.00295	14655.08703	-3350.8769	-0.20135	15033.29478	-62.8647	-274.93035	-148.24364	318.61395	0.02119	0.21596	-0.04938	-0.0	-0.22153	0.46139	0.02047	
358.0	2	24.32488	4.01931	-0.0072	13336.52803	3098.68836	-0.10775	13691.78036	-15.46314	66.55291	19.22223	70.97812	0.00518	-0.17683	-0.04109	0.0	0.18154	-0.40714	0.00494	
358.0	3	20.14195	9.125	-1.41155	-0.0	440.68582	0.0	440.68582	-20.60602	-0.0	22.9564	30.84809	0.07	0.0	-0.00936	-0.0	0.00936	-1.76699	0.17708	
358.0	5	24.36047	-3.86585	-0.00295	14644.51948	-3348.81716	-0.20124	15022.53398	-62.58581	-273.68964	-12.88083	281.04967	0.01871	0.18095	-0.04138	-0.0	-0.18562	0.38665	0.01801	
359.0	2	24.32476	4.0198	-0.00719	13332.83368	3098.24463	-0.10762	13688.08145	-11.22076	48.28281	-116.69567	126.78728	0.00926	-0.0368	-0.00855	0.0	0.03778	-0.08455	0.00884	
359.0	3	20.14249	9.125	-1.41088	-0.0	441.91698	0.0	441.91698	-26.47944	-0.0	15.58438	30.72513	0.06953	0.0	-0.00485	-0.0	0.00485	-0.90326	0.09321	
359.0	5	24.36038	-3.86629	-0.00296	14636.26675	-3347.25293	-0.20109	15014.14022	-58.91017	-257.59955	128.3691	293.77978	0.01957	0.15039	-0.03439	-0.0	-0.15427	0.32137	0.01886	
360.0	2	24.32465	4.02027	-0.00718	13327.36132	3097.35133	-0.10751	13682.54893	-11.47255	49.35715	-208.73209	214.79486	0.0157	0.08574	0.01993	-0.0	-0.08802	0.1973	0.01506	
360.0	3	20.14303	9.125	-1.4082	0.0	444.63535	0.0	444.63535	-19.0398	0.0	-12.14265	22.58225	0.05079	-0.0	-0.0004	-0.0	0.0004	-0.07437	0.05346	
360.0	5	24.36029	-3.86668	-0.00296	14620.00906	-3343.82379	-0.20086	14997.52721	-56.74843	-248.13242	241.8304	351.10116	0.02341	0.10795	-0.02469	-0.0	-0.11074	0.23089	0.02268	
