Version	KoJaC2_v7r2	 	 INTERNAL 
Testrig	Axial Cycle Force Generation 
Modfile	016cccc.mod
comment	VShape GPPC ZUM
Analysis name	.a016cccc_t2600a160d
Applied torque	2600.0
Rpm	200.0
Articulation angle	16.0
Mode	Drive
Contact	cfo_sp_ro_1
Part	iroller_1
RefSystem	dummy_tutr1.rofix_ref


Angle_Rot_Spider.Last_Rot	Track	CPoint_x	CPoint_y	CPoint_z	Normal_Force_x	Normal_Force_y	Normal_Force_z	Normal_Force_mag	Friction_Force_x	Friction_Force_y	Friction_Force_z	Friction_Force_mag	Friction_Force_Mu	Friction_Torque_x	Friction_Torque_y	Friction_Torque_z	Friction_Torque_mag	Boring_Velocity	Slip_Velocity	Pos_Ball_x	Pos_Ball_y	Pos_Ball_z	
0.0	95	13.21484	-2.22493	-0.01782	26765.87901	704.72466	79.41085	26775.27259	49.28769	-1873.56849	14.12343	1874.26989	0.07	0.82503	0.02172	0.00245	-0.82532	-0.48959	9.42836	
0.0	111	5.85618	-2.32784	-11.76702	1.82451	0.07119	-3.79755	4.2137	0.03099	-0.29318	0.0094	0.29496	0.07	0.0	0.0	-0.0	-0.0	-44.69484	2.96623	
1.0	95	13.21498	-2.2218	-0.05334	26768.83152	707.17527	4.08236	26778.17123	49.49881	-1873.76743	13.86141	1874.47237	0.07	0.5819	0.01537	9e-05	-0.5821	-0.34445	8.06498	
2.0	100	13.21509	-2.21712	-0.07787	26775.26682	710.04206	-47.67823	26784.72226	49.73702	-1874.15468	20.83266	1874.93028	0.07	0.32044	0.0085	-0.00057	-0.32055	-0.18904	6.57896	
3.0	100	13.21521	-2.21107	-0.08243	26779.49553	712.97597	-59.6916	26789.05147	49.95674	-1874.41493	23.51476	1875.22797	0.07	-0.2085	-0.00555	0.00046	0.20857	0.12282	5.13594	
4.0	100	13.2153	-2.20358	-0.08243	26783.87404	716.05733	-62.2827	26793.51648	50.16474	-1874.78598	18.49284	1875.54818	0.07	-0.79888	-0.02136	0.00186	0.79917	0.47465	3.64899	
5.0	76	5.82591	-2.29661	-11.77699	27.7266	0.99316	-58.27486	64.54231	-0.02128	4.51741	0.06686	4.51795	0.07	0.0	0.0	-0.0	-0.0	-47.54701	4.52393	
5.0	100	13.21547	-2.19488	-0.05526	26762.74042	718.25449	-9.09955	26772.37844	50.28168	-1873.28929	19.46487	1874.06507	0.07	-1.58169	-0.04245	0.00054	1.58226	0.95847	2.1424	
6.0	76	5.88455	-2.29823	-11.74741	66.74136	2.30532	-138.4081	153.67669	-0.1845	10.75534	0.09017	10.7573	0.07	1e-05	0.0	-2e-05	-2e-05	-47.07272	5.96783	
6.0	100	13.21549	-2.1849	-0.01662	26727.98174	719.96387	67.10801	26737.76093	50.34246	-1870.8483	20.72518	1871.64026	0.07	-2.49783	-0.06728	-0.00627	2.49874	1.5842	0.5256	
7.0	100	13.21552	-2.17351	-0.05678	26927.35278	728.06064	-20.4738	26937.2014	28.6086	-1057.45256	22.6791	1058.08256	0.03928	-2.49188	-0.06738	0.00189	2.49279	1.56682	0.03946	
8.0	100	13.21535	-2.16223	-0.04669	27081.98562	732.80664	-3.78127	27091.89851	3.27656	-120.98157	21.07205	122.84668	0.00453	-3.58985	-0.09714	0.0005	3.59116	2.52558	0.00432	
9.0	100	13.21489	-2.15225	-0.06668	27248.12605	732.66616	-48.482	27258.0176	-24.06774	897.23063	32.37661	898.13713	0.03295	-4.08652	-0.10988	0.00727	4.088	45.16716	0.03253	
10.0	100	13.21427	-2.14306	-0.07178	27406.88467	728.26124	-60.46927	27416.6254	-49.78229	1876.11481	31.82131	1877.04493	0.06846	-4.11114	-0.10924	0.00907	4.1126	51.28869	0.08765	
11.0	45	5.84582	-2.25686	-11.75967	18.69261	0.54008	-39.04024	43.28794	0.12573	-3.02747	0.01832	3.03014	0.07	0.0	0.0	-0.0	-0.0	-0.31142	5.12487	
11.0	100	13.21376	-2.13271	-0.05794	27396.03453	719.05654	-32.44216	27405.48855	-50.28955	1917.45959	31.6784	1918.38052	0.07	-4.10981	-0.10787	0.00487	4.11122	56.14873	2.83842	
12.0	100	13.21342	-2.11977	-0.06667	27419.29792	713.04492	-52.91873	27428.61884	-49.85936	1919.18809	25.6759	1920.00732	0.07	-4.11375	-0.10698	0.00794	4.11515	60.67772	5.32617	
13.0	45	5.80604	-2.23285	-11.77732	6.15969	0.16869	-12.88036	14.27844	0.21339	-0.97195	0.08932	0.9991	0.07	0.0	0.0	-0.0	-0.0	-3.15019	1.45494	
13.0	100	13.21293	-2.10464	-0.09704	27418.37298	708.00305	-118.25514	27427.76749	-49.31841	1918.61223	52.02999	1919.95112	0.07	-4.11478	-0.10625	0.01775	4.11619	66.77819	7.58585	
14.0	100	13.21256	-2.08772	-0.09549	27428.24031	704.35791	-116.8757	27437.53172	-49.12885	1919.61647	39.18051	1920.64473	0.07	-4.11654	-0.10571	0.01754	4.11793	71.4032	9.6292	
15.0	100	13.2122	-2.06926	-0.08658	27434.00989	701.18759	-99.33606	27443.14906	-48.96332	1920.13586	31.36061	1921.01603	0.07	-4.11787	-0.10525	0.01491	4.11924	84.34688	11.52708	
16.0	45	5.80433	-2.20448	-11.77639	16.82016	0.43406	-35.40631	39.20094	1.04735	-2.49297	0.46699	2.74407	0.07	-0.0	-0.0	0.0	0.0	4.66338	0.62095	
16.0	100	13.21176	-2.04956	-0.06862	27414.13248	697.41895	-61.75217	27423.07178	-48.74666	1918.76542	29.72918	1919.61475	0.07	-4.11586	-0.10471	0.00927	4.1172	92.58841	13.33218	
17.0	100	13.21121	-2.0285	-0.07797	27440.3363	695.01194	-82.41734	27449.26029	-48.55746	1920.62484	29.41422	1921.46371	0.07	-4.12046	-0.10436	0.01238	4.1218	100.04076	14.93787	
18.0	100	13.21071	-2.00625	-0.08371	27441.83098	692.03194	-96.16321	27450.72391	-48.32467	1920.68046	31.76656	1921.55089	0.07	-4.12156	-0.10394	0.01444	4.12289	106.79408	16.48035	
19.0	45	5.8119	-2.166	-11.7715	24.15206	0.60535	-50.54616	56.02324	3.33243	1.29953	1.60787	3.92162	0.07	-0.0	-0.0	0.0	0.0	13.96961	0.3492	
19.0	54	5.77334	-2.23778	11.72085	0.0155	0.00039	0.0328	0.03628	-9e-05	0.00254	1e-05	0.00254	0.07	-0.0	-0.0	-0.0	0.0	83.3313	46.56811	
19.0	100	13.21006	-1.98286	-0.05876	27187.14741	682.57224	-42.934	27195.74842	-47.7325	1902.91017	27.08838	1903.70147	0.07	-4.08443	-0.10255	0.00645	4.08572	113.17889	18.25879	
20.0	100	13.20917	-1.95812	-0.07856	27198.50793	680.02171	-85.14818	27207.14085	-47.50661	1903.6889	28.66575	1904.49731	0.07	-4.08706	-0.10219	0.0128	4.08835	118.25044	19.73604	
21.0	45	5.7581	-2.13772	-11.79607	3.80779	0.09391	-8.03017	8.88773	0.21667	0.57274	0.10944	0.62206	0.07	-0.0	-0.0	0.0	0.0	16.53159	1.15456	
21.0	100	13.20842	-1.93221	-0.08056	27213.07191	677.87351	-89.1982	27221.6596	-47.34216	1904.68529	31.50364	1905.534	0.07	-4.09023	-0.10189	0.01341	4.09152	123.51405	21.08057	
22.0	100	13.20773	-1.90519	-0.09008	27568.46997	684.5372	-112.58452	27577.19715	-47.74224	1929.35857	40.3016	1930.36992	0.07	-4.14519	-0.10293	0.01693	4.14651	128.29874	22.37027	
23.0	100	13.20716	-1.8772	-0.08543	27880.21964	690.3852	-104.38625	27888.96154	-48.19239	1951.34834	34.17784	1952.24255	0.07	-4.19399	-0.10385	0.0157	4.19531	133.44515	23.58759	
24.0	100	13.2067	-1.84821	-0.08518	27882.75048	688.66558	-104.91109	27891.45104	-48.0663	1951.52278	35.51597	1952.43768	0.07	-4.19603	-0.10364	0.01579	4.19733	138.5673	24.76816	
25.0	45	5.65076	-1.95247	-11.84329	1.37549	0.03295	-2.9884	3.28992	0.08385	0.21054	0.04092	0.23029	0.07	-0.0	-0.0	0.0	0.0	22.14023	2.11931	
25.0	100	13.20615	-1.81823	-0.08663	27901.94333	687.41306	-109.14002	27910.62324	-47.96484	1952.80538	37.30556	1953.75054	0.07	-4.20113	-0.1035	0.01643	4.20244	143.61	25.89853	
26.0	100	13.20551	-1.78731	-0.0899	27943.01029	686.71406	-117.62868	27951.69471	-47.88697	1955.6222	41.2067	1956.64236	0.07	-4.20977	-0.10346	0.01772	4.21108	148.57105	26.94475	
27.0	100	13.20488	-1.75554	-0.08234	27983.77108	686.00142	-102.22847	27992.36489	-47.88989	1958.59062	33.80964	1959.46772	0.07	-4.21801	-0.1034	0.01541	4.2193	153.66978	27.90811	
28.0	100	13.20406	-1.72299	-0.07933	28044.42986	685.77391	-96.06873	28052.97776	-47.91577	1962.93327	24.54487	1963.67141	0.07	-4.22955	-0.10343	0.01449	4.23083	158.47167	28.84108	
29.0	100	13.20334	-1.68971	-0.06846	28095.50325	685.34199	-73.91828	28103.95809	-47.91663	1966.53481	20.38744	1967.22414	0.07	-4.23944	-0.10341	0.01115	4.24072	163.28389	29.7276	
30.0	100	13.20273	-1.65576	-0.07331	28202.65066	686.24205	-85.71505	28211.12865	-47.94153	1973.95935	29.58382	1974.76305	0.07	-4.25736	-0.10359	0.01294	4.25864	168.1504	30.51245	
31.0	100	13.202	-1.62116	-0.07744	28359.84775	688.35983	-96.56202	28368.36491	-48.10861	1985.0071	21.19263	1985.70309	0.07	-4.28368	-0.10397	0.01459	4.28496	172.95927	31.25034	
32.0	42	5.63134	-1.79523	11.78629	0.07262	0.00186	0.15752	0.17346	-0.00031	0.01214	-0.0	0.01214	0.07	-0.0	-0.0	-0.0	0.0	113.01044	74.35607	
32.0	100	13.20126	-1.58594	-0.08521	28526.40071	690.69382	-114.95058	28534.99271	-48.18961	1996.46143	37.12458	1997.38798	0.07	-4.31199	-0.1044	0.01738	4.31329	177.67717	31.89519	
33.0	100	13.20054	-1.55017	-0.09124	28703.75163	693.24323	-129.58789	28712.41433	-48.32234	2008.77782	42.74443	2009.81354	0.07	-4.34194	-0.10486	0.0196	4.34325	182.30851	32.47777	
34.0	93	13.1998	-1.51388	-0.11411	28879.01242	695.6738	-181.26914	28887.95907	-48.34315	2020.76825	53.47272	2022.05359	0.07	-4.37134	-0.1053	0.02744	4.37269	186.62617	33.01058	
35.0	93	13.19924	-1.47714	-0.09665	29020.71991	697.3015	-143.73607	29029.45183	-48.56356	2031.02152	47.89843	2032.1666	0.07	-4.39595	-0.10562	0.02177	4.39727	191.25641	33.68101	
36.0	93	13.19851	-1.43983	-0.10114	29179.61944	699.21364	-156.30625	29188.41417	-48.65422	2041.96957	51.57389	2043.20014	0.07	-4.42359	-0.106	0.0237	4.42492	195.8713	34.26733	
37.0	63	5.44522	-1.54767	-11.92858	3.12624	0.06799	-7.12749	7.78326	0.26308	-0.46387	0.11096	0.5447	0.07	-0.0	-0.0	0.0	0.0	41.71398	1.193	
37.0	93	13.19788	-1.40213	-0.0888	29350.18613	701.37152	-129.75997	29358.85191	-48.91755	2054.19871	38.66497	2055.14483	0.07	-4.45288	-0.10641	0.01969	4.4542	200.20858	34.64328	
38.0	42	5.50639	-1.5311	11.84285	3.45263	0.09022	7.69946	8.43863	-0.01751	0.59047	0.00094	0.59073	0.07	-0.0	-0.0	-0.0	0.0	122.23354	83.259	
38.0	93	13.19732	-1.36416	-0.08323	29525.05446	703.51316	-119.64143	29533.67714	-49.09619	2066.47825	35.33113	2067.36331	0.07	-4.48337	-0.10683	0.01817	4.48467	204.61553	34.97254	
39.0	63	5.37141	-1.53033	-11.96016	0.9726	0.02073	-2.23415	2.43676	0.09254	-0.13787	0.03901	0.17056	0.07	-0.0	-0.0	0.0	0.0	44.93109	2.80147	
39.0	93	13.19661	-1.32593	-0.09623	29603.94326	703.25187	-150.29165	29612.67646	-48.99423	2071.81484	43.81714	2072.85724	0.07	-4.4996	-0.10689	0.02284	4.50093	209.00179	35.26811	
40.0	63	5.41989	-1.49236	-11.93828	3.48673	0.07365	-7.93187	8.66471	0.16241	-0.58063	0.066	0.60652	0.07	-0.0	-0.0	0.0	0.0	47.52899	2.96453	
40.0	93	13.196	-1.28745	-0.08083	29597.28446	700.95891	-115.1018	29605.80752	-48.92815	2071.54602	34.12738	2072.40478	0.07	-4.5018	-0.10662	0.01751	4.50309	213.19495	35.60643	
41.0	93	13.19527	-1.24877	-0.07567	29604.3893	698.92315	-105.14108	29612.82516	-48.94693	2072.31141	-6.25509	2072.89882	0.07	-4.50661	-0.1064	0.01601	4.50789	217.3704	35.85753	
42.0	63	5.34603	-1.37556	-11.96847	29.39132	0.60578	-68.53695	74.57566	-0.75349	-5.15246	-0.36867	5.2203	0.07	-0.0	-0.0	0.0	0.0	49.0217	4.29081	
42.0	93	13.19456	-1.20993	-0.03693	29579.464	696.18545	-17.46845	29587.66077	-48.74817	2070.0372	-46.64857	2071.13652	0.07	-4.5068	-0.10607	0.00266	4.50805	221.61244	36.2167	
43.0	63	5.38831	-1.36639	-11.9496	69.24349	1.4133	-159.91224	174.26584	-1.26173	-12.11561	-0.65342	12.19864	0.07	-1e-05	-0.0	2e-05	2e-05	51.326	4.91169	
43.0	93	13.1937	-1.17094	0.00287	29535.14053	693.01237	71.97572	29543.3575	-48.38759	2066.96305	-45.80361	2068.03665	0.07	-4.50382	-0.10568	-0.01098	4.50507	225.78209	36.51519	
44.0	63	5.43141	-1.31091	-11.92977	92.20565	1.86491	-211.09408	230.36074	-1.46677	-16.03938	-0.78238	16.1253	0.07	-5e-05	-0.0	0.00012	0.00013	53.83623	5.74931	
44.0	93	13.19282	-1.13187	0.02508	29520.58126	690.49774	121.90588	29528.9073	-48.13388	2065.95539	-45.91597	2067.02608	0.07	-4.50499	-0.10537	-0.0186	4.50626	229.84906	36.5806	
45.0	93	13.19195	-1.09295	-0.07782	29612.96399	689.94895	-114.15046	29621.22037	-48.43783	2072.56927	-38.72849	2073.49693	0.07	-4.52238	-0.10537	0.01743	4.52364	233.2415	36.09597	
46.0	93	13.1912	-1.05405	-0.06179	29606.15871	687.43094	-79.24413	29614.24445	-48.21968	2072.01397	-40.79742	2072.97648	0.07	-4.52523	-0.10507	0.01211	4.52646	237.34658	36.09927	
47.0	22	5.22745	-1.21654	-12.01535	5.34209	0.10339	-12.74924	13.82359	-0.04623	-0.96616	-0.0272	0.96765	0.07	-0.0	-0.0	0.0	0.0	55.20594	8.62032	
47.0	93	13.19027	-1.01524	-0.0617	29606.1763	685.01444	-80.44485	29614.20928	-48.06628	2071.90504	-46.91136	2072.99337	0.07	-4.52951	-0.1048	0.01231	4.53074	241.20717	36.01098	
48.0	22	5.27123	-1.16605	-11.99591	12.85722	0.24611	-30.34627	32.95853	-0.09665	-2.3043	-0.05964	2.3071	0.07	-1e-05	-0.0	1e-05	1e-05	57.71254	9.54171	
48.0	42	5.28634	-1.19996	11.94042	1.40679	0.03799	3.29224	3.58041	-0.00432	0.25059	-0.00104	0.25063	0.07	-0.0	-0.0	-0.0	0.0	134.186	92.85797	
48.0	93	13.18946	-0.97655	-0.05562	29598.08115	682.42472	-67.1317	29606.02334	-47.86517	2071.32305	-47.59634	2072.42266	0.07	-4.53179	-0.10449	0.01028	4.53301	244.98135	35.86128	
49.0	93	13.1885	-0.93806	-0.06746	29611.41034	680.23801	-95.8149	29619.37756	-47.75791	2072.26317	-47.45405	2073.35654	0.07	-4.5366	-0.10422	0.01468	4.53782	248.61669	35.60525	
50.0	22	5.18406	-1.0805	-12.03081	13.64964	0.25297	-32.80927	35.53625	-0.08914	-2.48531	-0.05625	2.48754	0.07	-0.0	-0.0	0.0	0.0	58.95272	11.65917	
50.0	93	13.18768	-0.89979	-0.05339	29603.22551	677.65814	-64.64177	29611.05131	-47.5276	2071.68315	-47.60372	2072.77497	0.07	-4.53868	-0.1039	0.00991	4.53988	252.24201	35.36182	
51.0	93	13.18681	-0.86177	-0.05602	29610.69975	675.41195	-71.93945	29618.4891	-47.38164	2072.22939	-47.19219	2073.30817	0.07	-4.5436	-0.10364	0.01104	4.54479	255.72293	34.99261	
52.0	93	13.18597	-0.8241	-0.058	29612.7851	672.97663	-77.37317	29620.53216	-47.22914	2072.17033	-52.5279	2073.37398	0.07	-4.54718	-0.10334	0.01188	4.54837	259.29995	34.59401	
53.0	93	13.18508	-0.78682	-0.06646	29617.20653	670.58547	-97.44889	29624.95745	-47.10444	2072.50089	-54.52	2073.75292	0.07	-4.55053	-0.10303	0.01497	4.55172	262.68282	34.07908	
54.0	93	13.18425	-0.74998	-0.0691	29615.64661	668.03802	-104.30083	29623.36371	-46.91343	2072.5927	-46.02818	2073.63448	0.07	-4.55362	-0.10272	0.01604	4.5548	266.17231	33.55734	
55.0	93	13.18344	-0.71362	-0.07862	29621.66863	665.54247	-127.7309	29629.41974	-46.73892	2073.20104	-36.65178	2074.05169	0.07	-4.55779	-0.1024	0.01965	4.55899	269.78275	32.85777	
56.0	22	5.07663	-0.83742	-12.06972	11.00102	0.18673	-27.0391	29.19196	-0.03055	-2.04304	-0.02654	2.04344	0.07	-0.0	-0.0	0.0	0.0	65.43231	19.27782	
56.0	93	13.18273	-0.67774	-0.05619	29603.65055	662.64437	-77.7092	29611.16786	-46.50028	2071.68886	-48.70893	2072.78305	0.07	-4.55793	-0.10202	0.01196	4.55909	273.42442	32.33366	
57.0	93	13.18188	-0.64259	-0.06426	29616.12416	660.17541	-97.61323	29623.64208	-46.33933	2072.69415	-41.48542	2073.62711	0.07	-4.56255	-0.1017	0.01504	4.56371	277.41892	31.59696	
58.0	93	13.18116	-0.60805	-0.06083	29617.05249	657.3839	-91.39651	29624.48827	-46.15153	2072.66266	-47.45599	2073.7195	0.07	-4.56587	-0.10134	0.01409	4.56701	282.27323	30.76271	
59.0	22	4.99407	-0.72857	-12.10057	20.20934	0.33109	-50.76616	54.64184	0.03964	-3.8247	-0.00916	3.82491	0.07	-0.0	-0.0	0.0	0.0	68.80004	24.33542	
59.0	93	13.18045	-0.57419	-0.06134	29602.61881	653.99429	-93.06352	29609.98835	-45.90388	2071.7864	-42.32044	2072.72697	0.07	-4.56649	-0.10088	0.01436	4.56763	285.57444	30.02365	
60.0	93	13.17969	-0.5411	-0.07528	29619.27797	651.03978	-126.58811	29626.70256	-45.75395	2072.91406	-44.62746	2073.89916	0.07	-4.57098	-0.10047	0.01954	4.57212	289.15119	29.12323	
61.0	93	13.17905	-0.50876	-0.03667	29598.11941	647.51324	-39.85792	29605.22817	-45.38846	2070.95426	-61.29005	2072.35811	0.07	-4.57069	-0.09999	0.00616	4.57179	292.50082	28.41446	
62.0	93	13.17823	-0.47717	-0.06045	29602.74136	644.17421	-94.29091	29609.89948	-45.23471	2071.63421	-48.55333	2072.69677	0.07	-4.5745	-0.09954	0.01457	4.5756	295.2497	27.40997	
63.0	22	4.94412	-0.64645	-12.11743	23.07803	0.36894	-58.59353	62.97566	0.02763	-4.40812	-0.01687	4.40824	0.07	-0.0	-0.0	1e-05	1e-05	72.18498	30.32459	
63.0	93	13.17757	-0.44619	-0.03654	29580.76521	640.46588	-41.24068	29587.72664	-44.88784	2070.07561	-48.58938	2071.13227	0.07	-4.57355	-0.09902	0.00638	4.57462	297.10655	26.65827	
64.0	22	4.97179	-0.60373	-12.10558	10.37044	0.16546	-26.1743	28.15435	0.01019	-1.97078	-0.00842	1.97082	0.07	-1e-05	-0.0	2e-05	2e-05	74.41944	32.11272	
64.0	42	4.99297	-0.63199	12.06433	3.35914	0.09089	8.39245	9.0402	-0.01104	0.63271	-0.00243	0.63281	0.07	-0.0	-0.0	-0.0	0.0	147.84908	94.59868	
64.0	93	13.17691	-0.41635	-0.04593	29587.51643	637.17089	-63.78602	29594.44516	-44.69461	2070.55889	-48.63995	2071.61231	0.07	-4.57705	-0.09857	0.00987	4.57812	300.31088	25.53119	
65.0	93	13.17608	-0.38735	-0.05323	29600.18544	634.00988	-80.81669	29607.08493	-44.5071	2071.3823	-51.24542	2072.49406	0.07	-4.58152	-0.09813	0.01251	4.58258	302.9679	24.43659	
66.0	22	4.84593	-0.56864	-12.15333	1.85963	0.02918	-4.81425	5.16101	0.00756	-0.36122	0.00073	0.3613	0.07	-0.0	-0.0	0.0	0.0	73.42447	35.36019	
66.0	93	13.17544	-0.35906	-0.05127	29599.98033	630.57903	-78.37673	29606.80003	-44.26492	2071.41534	-51.67095	2072.53246	0.07	-4.5831	-0.09764	0.01214	4.58416	304.8257	23.35995	
67.0	93	13.17509	-0.33176	-0.0441	30419.56999	644.73005	-65.23514	30426.47154	-45.2492	2128.39547	-64.70065	2129.85937	0.07	-4.71273	-0.09988	0.01011	4.7138	306.01809	22.21638	
68.0	42	4.90024	-0.47496	12.10192	4.35171	0.11592	11.0984	11.92163	-0.01376	0.83442	-0.00332	0.83454	0.07	-0.0	-0.0	-0.0	0.0	148.91327	91.87699	
68.0	93	13.1751	-0.30562	-0.06054	31107.38062	655.93641	-106.91217	31114.47913	-46.07824	2176.94114	-50.86757	2178.02283	0.07	-4.82339	-0.10171	0.01658	4.82449	307.75366	20.8512	
69.0	42	4.87232	-0.40058	12.11292	2.73892	0.07281	7.0187	7.53452	-0.00278	0.5274	-0.00439	0.52742	0.07	-0.0	-0.0	-0.0	0.0	148.8734	90.87874	
69.0	93	13.17543	-0.28037	-0.05269	31887.79153	668.90963	-92.36341	31894.94035	-46.97501	2231.40469	-57.61348	2232.64257	0.07	-4.9492	-0.10382	0.01434	4.95031	309.37042	19.49507	
70.0	93	13.17594	-0.25626	-0.05734	32443.84646	676.84434	-106.95316	32451.08211	-47.56784	2270.20224	-62.73824	2271.56708	0.07	-5.04219	-0.10519	0.01662	5.04332	310.98039	18.21793	
71.0	66	4.8077	-0.4207	-12.16542	19.07733	0.28396	-49.95879	53.47809	0.05212	-3.7431	-0.00137	3.74346	0.07	-1e-05	-0.0	1e-05	2e-05	75.87912	43.73999	
71.0	93	13.17636	-0.23331	-0.03767	32413.67552	672.52619	-58.36692	32420.70417	-47.16024	2268.32595	-53.59609	2269.44911	0.07	-5.04443	-0.10466	0.00908	5.04553	313.57021	17.01073	
72.0	93	13.17642	-0.21158	-0.05713	32423.78924	668.75006	-108.63234	32430.86703	-46.97567	2269.06974	-52.36777	2270.16004	0.07	-5.05102	-0.10418	0.01692	5.05212	316.05155	15.52146	
73.0	42	4.81873	-0.38441	12.13696	8.09461	0.21255	21.09567	22.59636	-0.02794	1.58147	-0.00521	1.58173	0.07	-0.0	-0.0	-0.0	1e-05	149.93311	87.46264	
73.0	93	13.17646	-0.19089	-0.05608	32404.32277	664.49669	-107.78337	32411.3145	-46.67489	2267.72095	-51.72585	2268.79096	0.07	-5.05346	-0.10363	0.01681	5.05455	317.50157	14.21674	
74.0	93	13.17643	-0.17138	-0.05287	32408.26323	660.8367	-100.62824	32415.15628	-46.41311	2267.94409	-53.93558	2269.06007	0.07	-5.05986	-0.10318	0.01571	5.06094	318.83216	12.88583	
75.0	93	13.1763	-0.15292	-0.05129	32406.73001	657.20485	-99.77926	32413.54692	-46.15638	2267.84279	-53.51788	2268.9437	0.07	-5.06402	-0.1027	0.01559	5.06508	320.5502	11.4048	
76.0	93	13.17612	-0.13589	-0.04947	32401.34044	653.70131	-95.88299	32408.07586	-45.9104	2267.41545	-55.75655	2268.56549	0.07	-5.0671	-0.10223	0.01499	5.06816	321.78959	9.91205	
77.0	93	13.17592	-0.12018	-0.04718	32395.64041	650.24028	-90.51488	32402.29194	-45.63452	2267.2505	-45.31838	2268.1625	0.07	-5.07097	-0.10178	0.01417	5.07201	322.84715	8.46704	
78.0	93	13.17569	-0.10547	-0.05411	32393.97662	646.93604	-111.45068	32400.62759	-45.42342	2267.19511	-42.3051	2268.04468	0.07	-5.07475	-0.10135	0.01746	5.07579	323.43536	6.90518	
79.0	37	12.64782	2.98468	-1.7541	19.35823	5.27436	-2.69879	20.24459	0.01537	-0.68975	-1.23776	1.41705	0.07	-0.0	-0.0	0.0	0.0	340.42468	21.86172	
79.0	44	12.69509	2.97212	-1.4054	29.46653	8.00336	-3.24714	30.70626	0.02148	-0.87543	-1.96283	2.14931	0.07	-1e-05	-0.0	0.0	1e-05	341.74585	20.82492	
79.0	49	12.71446	2.9676	-1.23214	6.6455	1.80311	-0.64499	6.91592	0.00402	-0.1761	-0.4509	0.48409	0.07	-0.0	-0.0	0.0	0.0	342.24844	20.38519	
79.0	51	12.73316	2.95656	-1.05937	4.53034	1.22799	-0.38811	4.70984	0.00171	-0.10506	-0.31248	0.32968	0.07	-0.0	-0.0	0.0	0.0	342.64323	19.9558	
79.0	55	12.75602	3.01592	0.34852	205.93473	55.70303	5.86008	213.41574	-0.06587	1.80355	-14.82902	14.93844	0.07	-0.00015	-4e-05	-0.0	0.00016	344.17429	19.44425	
79.0	58	12.74624	2.99789	0.69554	46.35536	12.55596	2.52386	48.09201	-0.02895	0.76578	-3.27793	3.36631	0.07	-1e-05	-0.0	-0.0	1e-05	343.90126	19.71657	
79.0	65	12.75188	3.00811	0.52473	180.11016	48.74684	7.74473	186.75092	-0.06879	2.29861	-12.8681	13.07197	0.07	-0.00011	-3e-05	-0.0	0.00012	344.05185	19.56183	
79.0	93	13.17556	-0.09458	-0.02783	28787.64204	566.44929	-43.0437	28793.24663	-24.19769	1242.99594	174.23319	1255.38107	0.0436	-4.50815	-0.08871	0.00674	4.50903	354.65626	0.04445	
80.0	37	12.64916	2.98968	-1.75556	78.48394	21.3352	-10.90913	82.06052	0.07146	-2.8211	-5.00316	5.74415	0.07	-6e-05	-2e-05	1e-05	7e-05	331.18241	21.35444	
80.0	40	12.62307	2.9887	-1.93441	8.01826	2.18484	-1.25907	8.40543	0.00634	-0.31104	-0.49939	0.58837	0.07	-0.0	-0.0	0.0	0.0	330.2228	21.89844	
80.0	44	12.693	2.98867	-1.40988	198.20683	53.72256	-22.19861	206.55469	0.14113	-5.96307	-13.17103	14.4587	0.07	-0.00032	-9e-05	4e-05	0.00034	332.43417	20.40635	
80.0	49	12.70322	3.021	-1.22884	111.76291	30.25319	-10.79412	116.28722	0.06854	-2.95874	-7.58298	8.14005	0.07	-0.00022	-6e-05	2e-05	0.00023	333.04538	20.16382	
80.0	51	12.72011	3.01458	-1.06203	248.44241	67.18525	-21.10223	258.23012	0.11029	-5.78648	-17.12446	18.07602	0.07	-0.00055	-0.00015	5e-05	0.00058	333.46004	19.78434	
80.0	55	12.74112	3.02838	-0.70735	1071.27037	289.20945	-59.71772	1111.22838	0.33645	-16.92305	-75.92183	77.78577	0.07	-0.00327	-0.00088	0.00018	0.00339	334.3034	19.29222	
80.0	58	12.74512	3.01491	0.68662	746.94272	201.80651	40.94061	774.80671	-0.29552	11.83166	-52.92957	54.23666	0.07	-0.0014	-0.00038	-8e-05	0.00146	334.95276	19.23901	
80.0	65	12.75193	3.02037	0.51638	1032.60155	278.76317	42.93192	1070.42889	-0.29383	12.46738	-73.88518	74.93024	0.07	-0.00224	-0.00061	-9e-05	0.00233	335.09069	19.06941	
80.0	69	12.71459	2.97817	1.2167	1.07017	0.29008	0.1058	1.11383	-0.00066	0.02885	-0.07243	0.07797	0.07	-0.0	-0.0	-0.0	0.0	334.09254	19.98882	
80.0	71	12.72621	2.99534	1.03756	50.12103	13.56613	4.12301	52.08797	-0.03173	1.16702	-3.45422	3.64617	0.07	-3e-05	-1e-05	-0.0	3e-05	334.49096	19.70666	
80.0	93	13.17537	-0.08933	-0.00543	27525.05577	524.87233	5.15293	27530.06016	-25.31981	1325.16249	269.36769	1352.49979	0.04913	-4.31247	-0.08223	-0.00081	4.31325	345.78907	0.05128	
81.0	37	12.64721	3.00549	-1.75604	453.07664	122.93048	-63.49047	473.73134	0.6532	-17.08303	-28.41495	33.16121	0.07	-0.00114	-0.00031	0.00016	0.00119	320.83366	21.17534	
81.0	40	12.62263	2.99616	-1.93943	362.39008	98.53002	-56.55158	379.77996	0.5315	-14.67436	-22.16128	26.58461	0.07	-0.00044	-0.00012	7e-05	0.00047	319.88954	21.69885	
81.0	42	4.54953	-0.27748	12.24105	0.68091	0.01542	1.91142	2.02914	-0.00153	0.14203	-0.0006	0.14204	0.07	-0.0	-0.0	-0.0	0.0	126.1822	73.48206	
81.0	44	12.66714	3.01639	-1.58419	884.12446	239.4686	-111.40435	922.73084	1.21375	-30.86996	-56.72384	64.59119	0.07	-0.00251	-0.00068	0.00032	0.00262	321.6112	20.73404	
81.0	49	12.68778	3.0186	-1.4056	1011.39655	273.55381	-112.73814	1053.78582	1.33717	-32.2744	-66.31633	73.76504	0.07	-0.00357	-0.00097	0.0004	0.00372	322.3455	20.27004	
81.0	65	12.7446	3.03075	-0.13253	1237.27857	333.43513	-12.37664	1281.47978	0.98713	-6.98231	-89.42599	89.7036	0.07	-0.0214	-0.00577	0.00021	0.02217	325.62543	18.38011	
81.0	69	12.69018	3.01495	1.3798	576.52663	156.12836	63.91706	600.70327	0.03197	15.82997	-38.95573	42.04923	0.07	-0.00116	-0.00031	-0.00013	0.0012	325.29017	19.75737	
81.0	72	12.67462	2.99472	1.55863	186.66627	50.63243	23.49936	194.83367	-0.00794	5.76563	-12.3597	13.63836	0.07	-0.0002	-5e-05	-3e-05	0.00021	324.9227	20.0792	
81.0	93	13.17457	-0.08446	0.11595	27036.61212	501.08035	257.02035	27042.47651	-26.39224	1281.81443	277.27222	1311.72583	0.04851	-4.23167	-0.07843	-0.04023	4.23259	337.25473	0.05049	
82.0	14	12.49461	3.00926	-2.62681	290.34812	79.51181	-61.70042	307.29644	0.42756	-14.13866	-16.20815	21.51252	0.07	-0.00049	-0.00013	0.0001	0.00052	308.75934	23.4774	
82.0	65	12.75875	3.04226	-0.26422	7080.06087	1909.09089	-145.21721	7334.36964	4.81249	-56.66135	-510.26296	513.42181	0.07	-0.18227	-0.04915	0.00374	0.18881	317.68239	18.00385	
82.0	75	12.58811	3.03784	2.08295	2.08879	0.56885	0.35158	2.19323	-0.00072	0.08262	-0.1294	0.15353	0.07	-1e-05	-0.0	-0.0	1e-05	315.61238	21.30892	
82.0	93	13.17455	-0.07982	0.08069	24488.72454	442.26277	164.91188	24493.273	0.68155	-211.64197	466.37667	512.15231	0.02091	-3.82863	-0.06914	-0.02578	3.82934	328.38137	0.02019	
83.0	14	12.41593	3.00873	-2.97959	254.58198	69.98338	-61.71915	271.14371	0.44517	-13.4358	-13.39862	18.98004	0.07	-0.00027	-7e-05	6e-05	0.00028	296.60866	24.22631	
83.0	65	12.76098	3.04314	-0.21958	8514.90533	2294.74043	-144.75664	8819.88667	8.21136	-69.16686	-613.45065	617.39224	0.07	-0.24635	-0.06639	0.00419	0.25517	307.81628	17.4134	
83.0	74	12.47707	3.08245	2.61222	22.95391	6.29108	4.92478	24.30459	-0.00063	1.05014	-1.33855	1.70132	0.07	-0.0	-0.0	-0.0	0.0	304.0195	22.38277	
83.0	93	13.17389	-0.07645	0.12205	22637.26688	397.88238	222.73056	22641.85883	18.50615	-1375.48386	576.26675	1491.43612	0.06587	-3.53382	-0.06211	-0.03477	3.53454	317.86593	0.07945	
84.0	14	12.37311	3.00884	-3.15472	675.94533	186.09876	-174.04249	722.37499	2.05793	-38.29607	-32.95632	50.56623	0.07	-0.00121	-0.00033	0.00031	0.00129	297.4161	25.79044	
84.0	42	4.5292	-0.23107	12.24994	0.06483	0.00141	0.18347	0.19459	-0.00039	0.01362	3e-05	0.01362	0.07	-0.0	-0.0	-0.0	0.0	124.81121	69.35015	
84.0	65	12.76302	3.04298	-0.17469	8550.14692	2303.61284	-115.2761	8855.78529	20.84061	-107.88226	-610.08924	619.90466	0.07	-0.27015	-0.07278	0.00364	0.2798	311.31816	17.27213	
84.0	77	12.42951	3.07441	2.84277	63.355	17.4017	14.74081	67.33474	0.03816	2.96481	-3.664	4.71343	0.07	-7e-05	-2e-05	-2e-05	8e-05	307.84111	22.23872	
84.0	93	13.17315	-0.07355	0.15153	22360.6477	383.47922	269.28463	22365.55691	17.95338	-1454.10283	579.94004	1565.58865	0.07	-3.48422	-0.05975	-0.04196	3.48499	320.84094	1.33592	
85.0	14	12.2787	3.00124	-3.51037	320.95201	88.90656	-93.23102	345.84186	1.38553	-19.69393	-14.01071	24.2089	0.07	-0.00038	-0.0001	0.00011	0.00041	295.45335	28.16851	
85.0	65	12.76395	3.04274	-0.18533	9051.72252	2439.55735	-130.20958	9375.61066	36.50216	-169.2259	-633.04791	656.29221	0.07	-0.3084	-0.08312	0.00444	0.31944	314.10385	17.10825	
85.0	77	12.34253	3.10146	3.17063	2.51095	0.69242	0.64366	2.68303	0.00262	0.12266	-0.1422	0.18781	0.07	-0.0	-0.0	-0.0	0.0	311.00223	22.46614	
85.0	93	13.17329	-0.07081	0.11579	22320.21351	375.06574	204.14811	22324.29802	19.08184	-1451.08228	579.68006	1562.7005	0.07	-3.47073	-0.05832	-0.03174	3.47137	323.46468	3.03373	
86.0	14	12.22814	3.0004	-3.68302	122.77831	34.10234	-37.4496	132.81549	0.67825	-7.85412	-4.92847	9.29715	0.07	-0.00021	-6e-05	6e-05	0.00023	294.52609	29.8433	
86.0	22	4.79901	-0.20887	-12.15739	7.04088	0.08321	-18.43697	19.73583	0.05092	-1.38051	0.01322	1.38151	0.07	-0.0	-0.0	0.0	0.0	86.32775	69.11028	
86.0	42	4.69828	-0.24228	12.1899	1.3892	0.02965	3.721	3.97198	-0.01252	0.27774	0.00246	0.27804	0.07	-0.0	-0.0	-0.0	0.0	143.22173	68.99127	
86.0	65	12.76504	3.04214	-0.16684	9215.32493	2485.68985	-119.66658	9545.42758	51.30908	-220.48613	-628.66554	668.18195	0.07	-0.33466	-0.09027	0.00435	0.34664	316.39269	17.00126	
86.0	93	13.1734	-0.06887	0.0679	22331.5607	369.45637	120.8701	22334.94372	21.03736	-1456.98278	566.67899	1563.44699	0.07	-3.46571	-0.05734	-0.01876	3.46623	324.9125	4.75132	
87.0	14	12.1606	3.04705	-3.85758	253.31026	70.61503	-81.56957	275.32919	1.57426	-16.67059	-9.54298	19.27318	0.07	-0.00056	-0.00016	0.00018	0.00061	291.89739	31.74032	
87.0	42	4.70463	-0.19491	12.18789	16.22414	0.34675	43.46048	46.39134	-0.15251	3.24367	0.03105	3.2474	0.07	-1e-05	-0.0	-1e-05	1e-05	148.80882	68.66453	
87.0	65	12.76668	3.03967	-0.10497	8968.72083	2421.50933	-73.32342	9290.15807	62.70873	-250.33358	-596.91668	650.31439	0.07	-0.34221	-0.0924	0.0028	0.35448	317.4657	17.00292	
87.0	93	13.17331	-0.06744	0.05187	22411.56131	366.9784	94.0558	22414.763	21.86238	-1473.3315	539.15679	1569.03592	0.07	-3.47187	-0.05685	-0.01457	3.47237	325.71728	6.22592	
88.0	28	12.04046	3.05679	-4.20458	139.29195	39.18327	-49.57864	152.95626	0.96076	-9.51281	-4.81895	10.70696	0.07	-0.00017	-5e-05	6e-05	0.00018	286.59288	34.39928	
88.0	65	12.76773	3.0371	-0.05579	8852.10016	2393.33416	-39.0547	9170.01913	73.74022	-282.07097	-571.87175	641.9026	0.07	-0.35232	-0.09526	0.00155	0.36498	318.15236	17.12328	
88.0	81	12.1102	3.00962	4.03905	60.24087	16.94648	20.41454	65.82476	0.14029	3.33178	-3.17975	4.60774	0.07	-6e-05	-2e-05	-2e-05	6e-05	315.18213	22.3855	
88.0	93	13.17322	-0.06629	0.02393	22581.0246	367.65898	45.74728	22584.0638	23.30466	-1495.16348	512.97396	1580.88558	0.07	-3.49156	-0.05685	-0.00707	3.49203	326.34113	7.72265	
89.0	20	11.91531	3.05203	-4.54469	8.07642	2.29376	-3.13814	8.96313	0.06155	-0.56887	-0.25739	0.62742	0.07	-0.0	-0.0	0.0	0.0	281.85462	37.08078	
89.0	22	4.80823	-0.23249	-12.15152	44.26191	0.48749	-115.94967	124.11157	0.4593	-8.67457	0.13886	8.68783	0.07	-1e-05	-0.0	3e-05	3e-05	71.5772	70.95668	
89.0	65	12.76828	3.03412	0.05123	8739.65873	2366.85737	34.19247	9054.54679	83.2886	-299.56555	-552.31496	633.82042	0.07	-0.36013	-0.09753	-0.00141	0.37311	319.84222	17.20853	
89.0	84	11.998	3.01162	4.35503	54.87055	15.56814	20.11989	60.48103	0.14255	3.14947	-2.82572	4.2337	0.07	-3e-05	-1e-05	-1e-05	3e-05	316.62518	22.8328	
89.0	93	13.17313	-0.06505	0.02305	22769.88091	370.45161	41.60026	22772.93221	23.76528	-1516.0159	492.25403	1594.10885	0.07	-3.51406	-0.05717	-0.00642	3.51453	326.43052	9.00785	
90.0	20	11.85344	3.02752	-4.7167	270.38502	77.16834	-109.12868	301.61578	2.21336	-19.33441	-8.18798	21.11306	0.07	-0.00025	-7e-05	0.0001	0.00028	277.90245	38.8766	
90.0	65	12.76826	3.03031	0.12657	7696.97565	2088.16653	74.75564	7975.55402	81.32385	-282.77398	-474.4594	558.28882	0.07	-0.32563	-0.08834	-0.00316	0.33741	319.73447	17.53702	
90.0	85	11.93942	3.02465	4.50061	287.48074	81.97578	109.73622	318.44504	1.04126	16.4449	-15.01259	22.29118	0.07	-0.00036	-0.0001	-0.00014	0.0004	316.83513	22.66103	
90.0	93	13.17302	-0.0647	-0.05154	23352.08278	381.01374	-92.5667	23355.37433	27.43231	-1575.05824	437.33596	1634.87729	0.07	-3.59799	-0.05871	0.01426	3.5985	325.94867	10.59777	
91.0	20	11.78792	3.01973	-4.87831	139.1248	39.93342	-58.42301	156.08855	1.17123	-10.06395	-4.08985	10.92619	0.07	-0.00023	-7e-05	0.0001	0.00026	274.09058	40.50417	
91.0	65	12.76728	3.02531	0.23334	6892.50061	1873.22854	123.95302	7143.59253	77.76117	-258.25718	-421.08041	500.05228	0.07	-0.29735	-0.08081	-0.00535	0.30818	319.86919	17.80308	
91.0	85	11.87861	3.03475	4.64778	344.57288	98.79136	136.80535	383.67422	1.56115	19.71632	-18.16985	26.85728	0.07	-0.00054	-0.00015	-0.00021	0.0006	316.86105	22.79534	
91.0	93	13.17261	-0.0651	-0.11647	24227.66155	397.74595	-218.75422	24231.91365	30.60441	-1651.11844	387.41016	1696.23565	0.07	-3.72862	-0.06121	0.03367	3.72927	325.3128	11.84587	
92.0	65	12.76489	3.01977	0.35358	6108.25513	1663.1602	166.68015	6332.8244	73.28894	-232.03182	-370.53872	443.29333	0.07	-0.26717	-0.07274	-0.00729	0.27699	319.42705	18.09918	
92.0	83	11.74658	3.04088	4.96143	12.69052	3.67981	5.43905	14.28893	0.06693	0.74712	-0.66164	1.00022	0.07	-0.0	-0.0	-0.0	0.0	315.21615	23.66609	
92.0	93	13.17199	-0.06619	-0.16831	25146.81252	416.58449	-328.46757	25152.40771	33.03367	-1727.61608	337.91275	1760.66282	0.07	-3.86662	-0.06405	0.05051	3.86748	324.55027	13.0611	
93.0	58	12.75903	3.01312	0.53341	6304.01978	1719.47333	260.99529	6539.52387	87.11438	-264.23837	-363.30135	457.60103	0.07	-0.27746	-0.07568	-0.01149	0.28783	310.99017	17.94351	
93.0	93	13.17161	-0.06809	-0.1995	25276.33517	423.65689	-391.77429	25282.92095	34.63676	-1731.76383	361.98587	1769.53085	0.07	-3.88381	-0.0651	0.0602	3.88482	323.95549	15.22973	
94.0	71	12.74476	3.00601	0.80875	4430.78443	1210.87591	280.07948	4601.79483	59.88109	-155.3258	-275.77865	322.12686	0.07	-0.1954	-0.0534	-0.01235	0.20294	319.18109	18.33242	
94.0	88	11.61154	3.06519	5.24432	31.41782	9.23469	14.50032	35.81366	0.25086	1.82182	-1.70379	2.50697	0.07	-0.0	-0.0	-0.0	0.0	313.67044	24.07257	
94.0	93	13.17242	-0.07072	-0.13983	27141.31877	461.82602	-298.09767	27146.88436	34.63618	-1885.73759	232.10149	1900.2834	0.07	-4.16972	-0.07095	0.0458	4.17058	323.35923	14.78327	
95.0	69	12.73051	2.99729	1.01217	3500.09	958.18583	277.91091	3639.50334	50.00865	-118.96137	-219.66636	254.76653	0.07	-0.15358	-0.04204	-0.01219	0.1597	319.26572	18.49793	
95.0	88	11.6211	3.05862	5.22383	111.25608	32.68904	50.86096	126.62277	1.03885	6.19469	-6.25384	8.86363	0.07	-0.00015	-4e-05	-7e-05	0.00017	314.50001	23.5021	
95.0	93	13.17231	-0.07445	-0.15307	27999.43359	484.5318	-339.43113	28005.68275	36.0013	-1951.40042	184.1333	1960.39914	0.07	-4.30106	-0.07443	0.05214	4.30202	322.55608	15.80431	
96.0	72	12.70825	2.98928	1.25981	2695.35818	739.54616	267.61522	2807.7575	41.25478	-88.65352	-170.51736	196.56443	0.07	-0.11742	-0.03222	-0.01166	0.12232	318.34838	18.71153	
96.0	88	11.55579	3.05004	5.36567	17.54442	5.19305	8.3068	20.09421	0.19365	0.96038	-1.00938	1.40665	0.07	-1e-05	-0.0	-0.0	1e-05	312.8913	23.48273	
96.0	93	13.17278	-0.07898	-0.12183	28901.06427	510.03584	-284.65467	28906.96595	36.93822	-2018.79197	133.13489	2023.51436	0.07	-4.44081	-0.07837	0.04374	4.44172	321.85112	16.83393	
97.0	72	12.68535	2.98012	1.47139	1522.70445	418.71369	177.23466	1589.1388	24.46398	-47.71116	-97.46455	111.23929	0.07	-0.06549	-0.01801	-0.00762	0.06835	318.51	19.06049	
97.0	88	11.5763	3.01944	5.33609	111.2019	32.89116	51.94854	127.06826	1.38758	5.77137	-6.62441	8.89477	0.07	-0.00031	-9e-05	-0.00015	0.00036	314.02768	23.00426	
97.0	93	13.17307	-0.08413	-0.09928	29997.98031	541.10228	-245.01261	30003.86052	38.41005	-2098.83314	67.50909	2100.26983	0.07	-4.61235	-0.0832	0.03767	4.61325	321.00004	17.65519	
98.0	75	12.65516	2.97269	1.70445	561.75714	154.93469	76.04559	587.67234	9.54498	-16.75599	-36.37127	41.16721	0.07	-0.02388	-0.00659	-0.00323	0.02498	317.19925	19.401	
98.0	87	11.4344	2.97817	5.64904	0.00239	0.00072	0.0012	0.00277	3e-05	0.00013	-0.00014	0.00019	0.07	-0.0	-0.0	-0.0	0.0	310.97506	23.77359	
98.0	88	11.51641	2.98543	5.4779	70.99922	21.15303	34.24162	81.6139	0.9949	3.62513	-4.30236	5.71329	0.07	-0.00012	-3e-05	-6e-05	0.00013	312.005	23.10831	
98.0	93	13.17348	-0.08967	-0.04605	30998.56036	572.7224	-126.01024	31004.10672	40.10038	-2169.95027	2.18224	2170.32186	0.07	-4.77059	-0.08814	0.01939	4.77144	320.19353	18.41489	
99.0	93	13.17375	-0.09657	0.00258	31634.66589	599.03073	-12.54478	31640.33946	41.9086	-2214.04337	-41.08425	2214.82105	0.07	-4.87286	-0.09227	0.00193	4.87374	319.30697	20.19367	
100.0	93	13.17394	-0.10646	0.02497	31621.71743	609.81247	37.526	31627.61915	42.74724	-2212.40702	-68.95496	2213.89406	0.07	-4.87541	-0.09402	-0.00579	4.87632	318.34914	23.42985	
101.0	93	13.17421	-0.119	0.01545	31606.43017	617.15893	11.43664	31612.4571	43.20827	-2212.23335	-31.44207	2212.87866	0.07	-4.87779	-0.09525	-0.00177	4.87872	316.96083	26.42682	
102.0	93	13.17448	-0.13349	-0.00884	31609.72559	622.55021	-48.07503	31615.89208	43.53213	-2212.49896	-28.14502	2213.10615	0.07	-4.88302	-0.09617	0.00743	4.88398	315.45215	28.94453	
103.0	93	13.17483	-0.15017	-0.00942	31604.73479	626.42641	-52.04006	31610.98511	43.79257	-2212.10253	-32.03188	2212.76782	0.07	-4.88571	-0.09684	0.00804	4.88667	314.14512	30.99186	
104.0	93	13.1752	-0.16856	0.00932	31589.78687	629.27926	-10.76218	31596.05581	44.03481	-2211.06193	-30.21678	2211.7068	0.07	-4.8875	-0.09736	0.00167	4.88847	312.76875	32.64427	
105.0	93	13.17558	-0.18825	-0.01619	31593.36386	631.67083	-74.71785	31599.76631	44.19021	-2211.50343	-11.03843	2211.97244	0.07	-4.89264	-0.09782	0.01157	4.89363	311.0448	34.36904	
106.0	42	4.81886	-0.37185	12.16088	4.04678	0.11909	10.63712	11.38152	-0.00499	0.79664	-0.00702	0.79668	0.07	-0.0	-0.0	-0.0	0.0	157.51338	37.23507	
106.0	93	13.17597	-0.20902	0.00096	31577.4207	633.67078	-34.78663	31583.79722	44.31777	-2210.20173	-31.60187	2210.87187	0.07	-4.89361	-0.0982	0.00539	4.8946	309.61716	35.90275	
107.0	42	4.83965	-0.34968	12.15341	24.00449	0.71284	62.72095	67.1613	0.0002	4.70094	-0.0535	4.70124	0.07	-1e-05	-0.0	-2e-05	2e-05	156.86742	35.26306	
107.0	93	13.17637	-0.23155	-0.02051	31556.61663	634.90876	-89.87277	31563.13101	44.35764	-2208.7822	-28.90869	2209.41669	0.07	-4.89347	-0.09846	0.01394	4.89448	307.80309	37.4808	
108.0	42	4.85903	-0.33594	12.14651	10.86535	0.32562	28.25143	30.27053	0.01413	2.1187	-0.02985	2.11896	0.07	-1e-05	-0.0	-1e-05	2e-05	156.39613	33.39803	
108.0	93	13.17682	-0.25515	-0.006	31567.34463	636.85202	-57.58084	31573.82053	44.52558	-2209.54587	-27.77763	2210.16902	0.07	-4.89856	-0.09883	0.00894	4.89956	306.05092	38.79599	
109.0	42	4.8751	-0.39974	12.14175	5.74163	0.17349	14.84059	15.9135	0.00231	1.11386	-0.01391	1.11395	0.07	-0.0	-0.0	-1e-05	1e-05	156.04079	31.56243	
109.0	93	13.17729	-0.27959	0.00024	31562.42072	638.26732	-43.45935	31568.90362	44.63574	-2209.18864	-28.5534	2209.82399	0.07	-4.90046	-0.0991	0.00675	4.90147	304.18606	40.12219	
110.0	93	13.17795	-0.30536	0.02324	31560.47296	639.81176	9.48596	31566.95903	44.79183	-2208.94874	-35.8297	2209.69333	0.07	-4.902	-0.09938	-0.00147	4.90301	302.30018	41.37083	
111.0	93	13.17847	-0.33251	0.00767	31566.76136	641.11554	-31.71702	31573.2871	44.82686	-2209.25324	-42.49458	2210.11654	0.07	-4.90534	-0.09963	0.00493	4.90635	300.20985	42.69807	
112.0	93	13.179	-0.36041	0.00836	31560.2237	642.20633	-32.05523	31566.7733	44.93286	-2209.1338	-19.61207	2209.67775	0.07	-4.90671	-0.09984	0.00498	4.90773	297.95137	43.87321	
113.0	93	13.17957	-0.38927	0.00844	31556.94247	643.29618	-34.0762	31563.51706	44.9966	-2208.77761	-27.67206	2209.40919	0.07	-4.90807	-0.10005	0.0053	4.90909	295.62571	44.9843	
114.0	93	13.1802	-0.41925	0.01936	31550.45795	644.45513	-10.6525	31557.04094	45.09431	-2208.24744	-34.74725	2208.98112	0.07	-4.90892	-0.10027	0.00166	4.90994	293.45967	46.15092	
115.0	93	13.18079	-0.45015	0.01132	31553.44762	645.5944	-32.12705	31560.06782	45.16467	-2208.61346	-23.88323	2209.20431	0.07	-4.91099	-0.10048	0.005	4.91202	290.84998	47.19896	
116.0	93	13.18142	-0.48167	0.01103	31548.44468	646.6371	-35.03327	31555.09037	45.23587	-2208.26673	-23.57613	2208.85583	0.07	-4.91148	-0.10067	0.00545	4.91252	288.28845	48.16886	
117.0	93	13.18201	-0.51427	0.00915	31544.61224	647.67987	-42.67723	31551.28954	45.32168	-2208.12951	-11.86405	2208.62644	0.07	-4.9116	-0.10085	0.00664	4.91264	285.63551	49.19275	
118.0	93	13.18267	-0.54768	0.01338	31544.33786	648.93453	-35.49835	31551.03211	45.40064	-2207.94982	-19.20631	2208.50006	0.07	-4.91212	-0.10105	0.00553	4.91316	282.99753	50.10577	
119.0	93	13.18339	-0.58164	0.01564	31553.23877	650.38245	-31.12962	31559.95632	45.49396	-2208.5484	-29.53561	2209.21436	0.07	-4.9146	-0.1013	0.00485	4.91565	280.06768	50.95455	
120.0	93	13.18406	-0.61642	0.01323	31551.0025	651.57122	-39.66006	31557.75462	45.58212	-2208.47431	-20.59314	2209.04065	0.07	-4.91502	-0.1015	0.00618	4.91607	277.1313	51.82699	
121.0	42	4.98665	-0.77925	12.11121	8.51545	0.2849	21.4616	23.09101	0.05375	1.61491	-0.04276	1.61637	0.07	-0.0	-0.0	-1e-05	1e-05	146.5157	12.28083	
121.0	93	13.18475	-0.65207	0.00588	31557.70129	653.00972	-61.04883	31564.51582	45.67153	-2208.95935	-19.38582	2209.51649	0.07	-4.9163	-0.10173	0.00951	4.91736	274.09006	52.67014	
122.0	93	13.18547	-0.68814	0.01484	31568.18239	654.83907	-40.95773	31575.0001	45.81166	-2209.69159	-19.56839	2210.25305	0.07	-4.91801	-0.10202	0.00638	4.91907	270.60026	53.28468	
123.0	93	13.18619	-0.72469	0.0159	31570.15715	656.49667	-40.01607	31577.00764	45.92768	-2209.8228	-19.9201	2210.38978	0.07	-4.9183	-0.10228	0.00623	4.91936	266.91956	53.94345	
124.0	93	13.18695	-0.76191	0.01645	31566.82111	658.23772	-41.24701	31573.71016	46.04968	-2209.6015	-19.41977	2210.16662	0.07	-4.91763	-0.10254	0.00643	4.91871	263.39006	54.56054	
125.0	93	13.18765	-0.79966	0.01693	31564.11633	659.99553	-43.15096	31571.04521	46.17322	-2209.41567	-18.25332	2209.97348	0.07	-4.9173	-0.10282	0.00672	4.91838	259.1298	54.99245	
126.0	93	13.18842	-0.83765	0.0171	31567.74736	661.91394	-45.91011	31574.7195	46.30781	-2209.67774	-17.06275	2210.22878	0.07	-4.91751	-0.10311	0.00715	4.9186	255.64334	55.55637	
127.0	93	13.1891	-0.87586	0.01818	31267.60962	657.55994	-44.73175	31274.55511	46.0036	-2188.67147	-16.99517	2189.22086	0.07	-4.8701	-0.10242	0.00697	4.87118	251.64486	55.72489	
128.0	93	13.18966	-0.91439	0.01841	30907.95974	651.58203	-47.24659	30914.8632	45.58649	-2163.51039	-15.22033	2164.04413	0.07	-4.81296	-0.10146	0.00736	4.81403	247.6283	55.80539	
129.0	42	5.06904	-1.03853	12.08678	7.41725	0.26795	18.38497	19.82661	0.42544	1.30718	-0.19069	1.38783	0.07	-0.0	-0.0	-0.0	0.0	136.15633	2.55595	
129.0	93	13.19002	-0.95296	0.01272	30516.43647	644.76723	-62.21167	30523.3106	45.10649	-2136.07882	-12.60852	2136.59221	0.07	-4.75081	-0.10038	0.00969	4.75188	244.16712	55.9327	
130.0	93	13.19036	-0.99146	0.01578	30168.36882	638.72734	-55.6285	30175.18094	44.68404	-2111.74555	-14.11372	2112.2654	0.07	-4.69474	-0.0994	0.00866	4.6958	240.10249	56.04332	
131.0	42	5.14329	-1.06514	12.05759	0.27802	0.01018	0.67675	0.7317	0.0473	-0.00322	-0.01938	0.05122	0.07	-0.0	-0.0	-0.0	0.0	134.47104	0.96693	
131.0	93	13.19065	-1.03031	0.01816	30156.4639	639.73318	-53.52248	30163.29621	44.75841	-2110.91887	-12.51085	2111.43039	0.07	-4.69058	-0.09951	0.00832	4.69164	236.59248	56.58553	
132.0	93	13.19095	-1.06956	0.02199	30160.27199	641.34094	-46.0337	30167.12522	44.87109	-2111.17469	-14.30639	2111.69995	0.07	-4.68867	-0.0997	0.00716	4.68974	232.16924	56.75196	
133.0	93	13.19164	-1.10907	0.01978	30161.17892	642.8189	-52.9148	30168.07468	44.97377	-2111.24486	-12.96602	2111.76363	0.07	-4.68668	-0.09989	0.00822	4.68775	228.07797	56.98124	
134.0	93	13.19225	-1.14851	0.01943	30167.53863	644.72153	-56.50586	30174.48004	45.10762	-2111.69736	-11.87176	2112.21244	0.07	-4.68583	-0.10014	0.00878	4.68691	223.55744	57.02933	
135.0	93	13.19293	-1.18802	0.0202	30166.47543	646.42593	-56.7743	30173.45406	45.22721	-2111.62416	-11.68038	2112.14074	0.07	-4.6833	-0.10036	0.00881	4.68438	219.18312	56.97412	
136.0	93	13.19359	-1.22753	0.02013	30158.48019	648.22962	-59.42555	30165.50448	45.35398	-2111.0715	-10.97153	2111.58714	0.07	-4.67977	-0.10059	0.00922	4.68086	214.70673	56.8691	
137.0	42	5.2058	-1.32434	12.03885	2.04019	0.07895	4.84962	5.26188	0.05811	-0.36325	-0.01853	0.36833	0.07	-0.0	-0.0	-0.0	0.0	127.19318	5.73764	
137.0	93	13.19436	-1.26705	0.0187	30158.88874	650.08729	-65.40161	30165.96527	45.48376	-2111.10343	-10.1209	2111.6176	0.07	-4.6781	-0.10084	0.01014	4.6792	210.21834	56.71469	
138.0	42	5.25939	-1.33472	12.01708	2.9499	0.11511	6.95892	7.55922	0.07747	-0.52288	-0.02419	0.52915	0.07	-0.0	-0.0	-0.0	0.0	125.79951	6.59736	
138.0	93	13.19508	-1.30625	0.01782	30151.75076	651.98673	-71.10501	30158.88287	45.61933	-2110.61294	-8.28225	2111.12214	0.07	-4.67492	-0.10109	0.01102	4.67602	205.85376	56.51645	
139.0	42	5.29934	-1.35914	12.0011	0.48995	0.01925	1.14543	1.24597	0.01187	-0.08633	-0.00363	0.08722	0.07	-0.0	-0.0	-0.0	0.0	124.30019	7.3908	
139.0	93	13.19576	-1.34525	0.02085	30184.97784	654.70029	-65.87949	30192.14897	45.81026	-2112.93689	-8.48278	2113.45046	0.07	-4.67742	-0.10145	0.01021	4.67853	201.38684	56.23163	
140.0	93	13.19662	-1.38416	0.0117	30137.98112	655.70359	-88.61404	30145.2435	45.87708	-2109.6182	-7.24034	2110.1294	0.07	-4.66813	-0.10156	0.01373	4.66925	196.57175	55.95461	
141.0	63	5.17211	-1.74239	-11.97295	31.41435	0.08794	-76.37034	82.57904	0.09374	-5.77927	0.0319	5.78012	0.07	-0.0	-0.0	0.0	0.0	28.11017	89.17956	
141.0	93	13.19742	-1.42269	0.02936	30046.51781	656.11037	-48.84142	30053.72021	45.90183	-2103.20138	-15.1966	2103.75711	0.07	-4.65754	-0.1017	0.00757	4.65866	192.83674	55.64097	
142.0	93	13.19794	-1.46147	0.01726	29328.60264	641.84815	-77.62286	29335.72783	44.92549	-2053.00855	-1.51744	2053.5006	0.07	-4.53842	-0.09932	0.01201	4.53953	189.29522	55.86528	
143.0	93	13.19814	-1.50023	0.02226	28691.3606	628.81507	-67.02005	28698.32875	43.9772	-2008.45443	-17.61832	2009.01309	0.07	-4.43626	-0.09723	0.01036	4.43734	185.81745	55.84247	
144.0	63	5.20264	-1.8277	-11.95813	5.49119	0.01245	-13.14306	14.24407	0.01529	-0.99717	0.00544	0.9973	0.07	-0.0	-0.0	0.0	0.0	26.57422	86.11637	
144.0	93	13.19837	-1.53849	0.02529	28672.62597	629.35853	-62.22474	28679.59978	44.04113	-2007.10222	-6.62406	2007.59627	0.07	-4.42967	-0.09723	0.00961	4.43075	180.34718	54.89106	
145.0	42	5.37283	-1.64673	11.97665	15.33885	0.63394	35.7286	38.88721	0.20599	-2.71399	-0.04028	2.72209	0.07	-0.0	-0.0	-0.0	0.0	112.79624	11.13478	
145.0	93	13.19872	-1.57625	0.00462	28625.72523	629.36458	-109.68063	28632.85307	44.03188	-2003.80537	-6.1971	2004.29867	0.07	-4.41909	-0.09716	0.01693	4.42019	175.40971	54.28812	
146.0	63	5.27165	-1.94779	-11.92794	1.3431	0.00283	-3.16877	3.44166	0.00413	-0.24147	0.00154	0.24151	0.07	-0.0	-0.0	0.0	0.0	21.88468	82.27453	
146.0	93	13.19917	-1.61308	0.0196	28607.78411	630.92524	-76.85453	28614.84379	44.15335	-2002.45717	-3.52992	2002.947	0.07	-4.41225	-0.09731	0.01185	4.41334	170.39792	53.44079	
147.0	93	13.19965	-1.64913	0.02471	28556.24233	632.06515	-67.68609	28563.31675	44.22609	-1998.92871	-7.71656	1999.43279	0.07	-4.40129	-0.09742	0.01043	4.40239	165.49164	52.62172	
148.0	93	13.20009	-1.68462	0.01594	28490.57778	632.6511	-88.12487	28497.73737	44.26396	-1994.27781	-6.53896	1994.7797	0.07	-4.38707	-0.09742	0.01357	4.38817	160.98434	51.96429	
149.0	93	13.20087	-1.71918	0.02129	28420.71538	633.64799	-78.38264	28427.88624	44.32369	-1989.41639	-11.20914	1989.94166	0.07	-4.37213	-0.09748	0.01206	4.37324	155.9401	51.0596	
150.0	42	5.44124	-1.82222	11.9519	0.09111	0.0039	0.20698	0.22617	0.00108	-0.01579	-0.00018	0.01583	0.07	-0.0	-0.0	-0.0	0.0	106.93234	11.92525	
150.0	93	13.20144	-1.75292	0.021	28302.83028	633.75296	-81.17999	28310.04123	44.34651	-1981.19822	-5.64753	1981.70253	0.07	-4.35122	-0.09743	0.01248	4.35233	151.38967	50.26771	
151.0	42	5.49581	-1.83085	11.92822	14.01408	0.60102	31.48763	34.47066	0.17387	-2.40647	-0.03145	2.41294	0.07	-0.0	-0.0	-0.0	0.0	105.47868	12.18711	
151.0	93	13.20195	-1.78617	0.00549	28145.4679	632.45245	-115.45561	28152.80961	44.24984	-1970.19228	-5.37343	1970.69646	0.07	-4.3237	-0.09716	0.01774	4.32482	146.94275	49.52259	
152.0	93	13.20251	-1.81831	0.02039	27977.78597	631.68489	-84.07129	27985.04246	44.20065	-1958.4436	-5.74479	1958.95075	0.07	-4.29451	-0.09696	0.0129	4.29563	142.62187	48.58685	
153.0	93	13.20296	-1.84964	0.01534	27797.17195	630.57108	-95.24662	27804.48633	44.13808	-1945.71569	0.01925	1946.21625	0.07	-4.26207	-0.09668	0.0146	4.26319	138.7405	47.75709	
154.0	93	13.20342	-1.87986	0.01996	27616.51928	629.84152	-86.17333	27623.83506	44.06735	-1933.16948	-7.00319	1933.68437	0.07	-4.23035	-0.09648	0.0132	4.23147	136.50174	46.98498	
155.0	93	13.20399	-1.9084	0.01863	27456.3349	631.20661	-89.41654	27463.73506	44.1671	-1921.94675	-5.35527	1922.46163	0.07	-4.2016	-0.09659	0.01368	4.20273	141.22213	46.54695	
156.0	93	13.20475	-1.93443	0.00585	27293.51261	635.78129	-115.49306	27301.16091	44.52316	-1910.48767	4.686	1911.01214	0.07	-4.17228	-0.09719	0.01766	4.17345	147.79126	46.23363	
157.0	93	13.20562	-1.95856	0.03719	27116.39393	641.6692	-47.91676	27124.02727	44.86773	-1898.10318	-27.19952	1898.82822	0.07	-4.14133	-0.098	0.00732	4.1425	143.55874	45.15566	
158.0	93	13.20632	-1.98256	0.03305	26938.33015	645.69532	-55.3309	26946.12431	45.17915	-1885.81235	-11.0145	1886.38561	0.07	-4.11043	-0.09852	0.00844	4.11161	137.08629	43.83234	
159.0	93	13.20694	-2.00582	0.02723	26866.49135	651.60035	-65.56279	26874.47188	45.58182	-1880.66135	-12.44685	1881.25484	0.07	-4.09445	-0.0993	0.00999	4.09567	130.07218	42.37518	
160.0	93	13.20767	-2.02812	0.01595	26863.44445	658.84696	-88.92792	26871.66975	46.09204	-1880.43497	-8.18514	1881.01758	0.07	-4.0898	-0.10031	0.01354	4.09105	122.22841	40.85961	
161.0	93	13.20841	-2.04946	0.01657	26872.9606	665.97787	-87.82272	26881.35508	46.59166	-1881.10121	-8.15192	1881.69578	0.07	-4.08691	-0.10128	0.01336	4.08819	114.97244	39.40577	
162.0	93	13.20911	-2.06992	0.01997	26878.82096	672.41489	-80.8142	26887.35184	47.03348	-1881.49197	-11.61742	1882.1156	0.07	-4.08396	-0.10217	0.01228	4.08525	107.8221	37.91805	
163.0	54	5.78214	-2.18657	11.80061	12.96933	0.52314	27.35257	30.27606	0.16702	-2.11237	-0.03879	2.11931	0.07	-0.0	-0.0	-1e-05	1e-05	97.22117	7.79366	
163.0	93	13.20975	-2.0895	0.0036	26869.28215	677.89837	-114.44569	26878.07596	47.41845	-1880.84798	-8.07339	1881.46294	0.07	-4.07879	-0.10291	0.01737	4.08012	100.99887	36.36788	
164.0	38	5.60047	-2.4304	-11.78519	5.15154	0.05192	-11.38459	12.496	0.01402	-0.87469	0.00236	0.87481	0.07	0.0	0.0	-0.0	-0.0	-12.58729	45.77762	
164.0	93	13.21051	-2.10797	0.02318	26880.40046	683.59002	-72.1424	26889.18795	47.81737	-1881.68913	-13.22207	1882.34303	0.07	-4.0777	-0.1037	0.01094	4.07903	88.20887	34.73281	
165.0	93	13.21101	-2.12654	0.00715	26888.55828	686.52865	-105.68312	26897.52882	48.01889	-1882.1933	-9.65985	1882.83051	0.07	-4.07556	-0.10406	0.01602	4.07691	79.79311	33.31583	
166.0	93	13.2115	-2.14409	0.00481	26889.34434	688.76243	-110.30514	26898.39029	48.16962	-1882.24091	-10.58175	1882.88691	0.07	-4.07268	-0.10432	0.01671	4.07405	73.7544	31.85082	
167.0	54	5.84448	-2.21469	11.77124	7.444	0.29702	15.44833	17.15086	0.08633	-1.19731	-0.01858	1.20056	0.07	-0.0	-0.0	-0.0	0.0	74.48045	9.86594	
167.0	93	13.21196	-2.16049	-0.00479	26884.31676	690.58741	-130.42895	26893.50126	48.29044	-1881.89568	-10.41119	1882.54394	0.07	-4.06939	-0.10453	0.01974	4.07078	68.37175	30.34796	
168.0	93	13.21257	-2.17544	0.00341	26893.3322	692.9832	-113.21226	26902.49728	48.44337	-1882.45849	-15.0909	1883.14217	0.07	-4.06788	-0.10482	0.01712	4.06926	62.64237	28.79006	
169.0	93	13.21308	-2.18916	0.0008	26893.27067	695.01657	-118.55295	26902.51122	48.59646	-1882.50741	-12.28138	1883.17461	0.07	-4.06553	-0.10507	0.01792	4.06693	56.91535	27.16139	
170.0	93	13.21354	-2.20158	-0.00281	26897.02803	697.08314	-126.89497	26906.3588	48.74524	-1882.78491	-10.68239	1883.44611	0.07	-4.06422	-0.10533	0.01917	4.06563	50.4626	25.52617	
171.0	54	5.88296	-2.35083	11.75541	0.54049	0.0214	1.11418	1.23854	0.00629	-0.08646	-0.00139	0.0867	0.07	-0.0	-0.0	-0.0	0.0	63.20548	8.5424	
171.0	93	13.21396	-2.21273	-0.00519	26899.58322	698.94388	-131.44161	26908.9832	48.8703	-1882.96001	-11.3564	1883.62832	0.07	-4.06202	-0.10555	0.01985	4.06344	44.13422	23.8877	
172.0	93	13.21434	-2.2226	-0.00568	26904.24198	700.70942	-132.15265	26913.68973	48.99553	-1883.29043	-10.98582	1883.95969	0.07	-4.06085	-0.10576	0.01995	4.06228	38.01666	22.23919	
173.0	93	13.21473	-2.23118	-0.00839	26900.18898	702.04118	-138.2104	26909.70329	49.09126	-1883.01897	-10.07751	1883.68573	0.07	-4.05815	-0.10591	0.02085	4.05959	31.89838	20.5927	
174.0	54	5.91883	-2.35476	11.73808	8.46327	0.33423	17.29847	19.26073	0.08671	-1.34531	-0.01643	1.3482	0.07	-0.0	-0.0	-0.0	0.0	54.05164	7.52328	
174.0	93	13.21502	-2.2385	-0.01524	26894.16888	703.13188	-151.76628	26903.78685	49.14645	-1882.58721	-12.87648	1883.27263	0.07	-4.05528	-0.10602	0.02288	4.05673	25.65866	18.89638	
175.0	93	13.21529	-2.24437	-0.00623	26904.87432	704.72452	-132.59958	26914.42888	49.27147	-1883.3367	-11.99654	1884.0193	0.07	-4.05523	-0.10622	0.01999	4.05667	19.40476	17.22256	
176.0	95	13.21551	-2.249	-0.00892	26907.9347	705.81349	-137.81172	26917.54288	49.33873	-1883.54123	-13.24591	1884.23388	0.07	-4.05377	-0.10633	0.02076	4.05522	13.21382	15.54464	
177.0	54	5.90233	-2.34883	11.74622	10.92446	0.4324	22.58181	25.08922	0.1095	-1.75272	-0.01941	1.75625	0.07	-0.0	-0.0	-0.0	0.0	44.90352	6.38907	
177.0	95	13.21565	-2.25237	-0.02019	26895.78439	706.24624	-161.836	26905.54204	49.36195	-1882.7008	-12.49329	1883.38922	0.07	-4.05054	-0.10636	0.02437	4.05201	6.94238	13.80142	
178.0	10	13.21583	-2.25421	-0.01233	26909.69702	707.5278	-145.25371	26919.3887	49.47972	-1883.68838	-8.79562	1884.35865	0.07	-3.41284	-0.08973	0.01842	3.41407	2.32879	12.19235	
179.0	10	13.21585	-2.25445	0.00119	26910.98646	708.82905	-116.2836	26920.57118	49.55672	-1883.73534	-13.9835	1884.43898	0.07	-1.55071	-0.04085	0.0067	1.55126	0.92847	10.74539	
180.0	10	13.21604	-2.25325	-0.01325	26882.83325	709.4741	-145.91757	26892.58948	49.59005	-1881.77871	-13.37811	1882.47955	0.07	-0.79428	-0.02096	0.00431	0.79457	0.46841	9.3117	
180.0	47	5.91507	-2.33847	11.73955	32.44916	1.27218	66.7853	74.26198	0.45981	-5.17645	-0.1248	5.19833	0.07	-0.0	-0.0	-0.0	0.0	44.16887	2.94282	
181.0	5	13.21631	-2.24975	0.06457	26915.98913	713.25147	17.25904	26925.44329	49.93561	-1884.06198	-14.84607	1884.78209	0.07	-0.64581	-0.01711	-0.00041	0.64604	0.37989	7.91091	
182.0	11	13.2164	-2.24509	0.07006	26907.26367	715.58247	30.43167	26916.79444	50.10635	-1883.4479	-15.20112	1884.17561	0.07	-0.29114	-0.00774	-0.00033	0.29125	0.17089	6.40935	
182.0	47	5.87218	-2.32303	11.75923	10.81907	0.41527	22.39876	24.87828	0.90917	1.41055	-0.4653	1.74148	0.07	-0.0	-0.0	-0.0	0.0	46.53286	0.30627	
183.0	8	13.21649	-2.23877	0.08528	26922.31454	719.06168	64.48201	26931.99264	50.37414	-1884.48578	-17.47827	1885.23996	0.07	0.20351	0.00544	0.00049	-0.20358	-0.11952	4.83825	
184.0	8	13.21667	-2.23106	0.08524	26922.47437	722.14363	66.25596	26932.23919	50.59131	-1884.49658	-17.59771	1885.25768	0.07	0.84459	0.02265	0.00208	-0.8449	-0.49887	3.35058	
184.0	64	5.81872	-2.30377	11.78265	2.69687	0.09963	5.71192	6.31737	0.00921	0.44196	-0.01206	0.44222	0.07	-0.0	-0.0	-0.0	0.0	47.59295	3.37317	
185.0	8	13.21688	-2.22212	0.05505	26894.02076	724.21689	7.60531	26903.77112	50.6982	-1882.4856	-19.78919	1883.27214	0.07	1.67807	0.04519	0.00047	-1.67867	-1.01389	1.81143	
185.0	64	5.87701	-2.31251	11.75359	33.97025	1.21635	70.8624	78.59349	-0.01113	5.50083	-0.08909	5.50156	0.07	-0.0	-0.0	-1e-05	1e-05	47.33574	4.78163	
186.0	8	13.21687	-2.2115	0.08187	26934.38201	728.55647	66.7674	26944.31641	50.55971	-1867.63286	-16.75303	1868.39221	0.06934	2.35773	0.06377	0.00584	-2.3586	-1.46653	0.09198	
187.0	8	13.21688	-2.20034	0.06439	27101.77015	735.2237	34.307	27111.76269	22.22035	-817.92526	-24.85771	818.60453	0.03019	2.53267	0.06871	0.00321	-2.53361	-1.58218	0.02962	
188.0	4	13.21668	-2.18908	0.05669	27251.16974	739.41465	23.90364	27261.20976	-3.20444	119.02967	-28.76419	122.49779	0.00449	3.88711	0.10547	0.00341	-3.88854	-2.89304	0.00428	
188.0	64	5.88646	-2.28446	11.74349	0.35579	0.01128	0.73445	0.81616	-1e-05	0.05713	-0.00087	0.05713	0.07	-0.0	-0.0	-0.0	0.0	35.90643	4.70527	
189.0	7	13.21611	-2.17941	0.06609	27419.68643	738.32285	45.99054	27429.6635	-31.7162	1179.80987	-31.14212	1180.64689	0.04304	4.11615	0.11083	0.0069	-4.11764	-47.14229	0.04379	
190.0	7	13.21551	-2.17015	0.07303	27539.20707	732.49559	62.51665	27549.01784	-51.18684	1927.43405	-35.06269	1928.43239	0.07	4.13446	0.10997	0.00939	-4.13593	-52.32954	0.78569	
191.0	7	13.21497	-2.15908	0.06688	27543.4176	724.43878	51.25976	27552.99062	-50.68859	1928.00907	-11.46063	1928.70933	0.07	4.13622	0.10879	0.0077	-4.13766	-60.92107	3.56141	
192.0	7	13.21455	-2.14557	0.07378	27543.86359	718.22657	67.16213	27553.308	-50.21924	1927.9644	-22.08574	1928.7448	0.07	4.13629	0.10786	0.01009	-4.13771	-61.37858	5.99656	
193.0	7	13.21419	-2.1299	0.07876	27546.93283	713.64803	78.94617	27556.28847	-49.86436	1928.06614	-29.77379	1928.94063	0.07	4.13715	0.10718	0.01186	-4.13856	-68.23392	8.30697	
194.0	7	13.21375	-2.11234	0.08919	27550.93673	710.21819	102.90385	27560.28146	-49.58775	1928.30722	-32.35819	1929.21609	0.07	4.13797	0.10667	0.01546	-4.13937	-75.01433	10.39207	
195.0	7	13.21327	-2.09337	0.08661	27552.95778	706.99726	98.1705	27562.20174	-49.3736	1928.47557	-30.94947	1929.35575	0.07	4.13924	0.10621	0.01475	-4.14063	-88.50303	12.24997	
195.0	61	5.79025	-2.21467	11.78423	0.27668	0.00733	0.58026	0.64289	0.01274	-0.0428	-0.00554	0.045	0.07	0.0	0.0	0.0	-0.0	-3.83138	0.95068	
196.0	7	13.21286	-2.07311	0.09014	27557.15858	703.86062	107.04282	27566.35389	-49.12592	1928.69148	-35.11982	1929.63664	0.07	4.14064	0.10576	0.01608	-4.14202	-96.90497	13.97922	
197.0	7	13.21239	-2.05162	0.0804	27554.57587	700.63603	88.02615	27563.6226	-48.95109	1928.64572	-27.8585	1929.46796	0.07	4.14088	0.10529	0.01323	-4.14224	-103.90348	15.6722	
197.0	56	5.83577	-2.23228	-11.69047	2.55265	0.0639	-5.31468	5.89626	-0.01203	0.41283	-0.00081	0.41301	0.07	0.0	0.0	-0.0	-0.0	-79.90987	42.03251	
198.0	7	13.21169	-2.02884	0.08703	27560.74397	697.76294	102.66351	27569.76643	-48.71716	1928.99515	-32.14456	1929.87796	0.07	4.14297	0.10489	0.01543	-4.14433	-110.69062	17.27857	
199.0	7	13.21108	-2.00481	0.0874	27346.2394	689.3906	102.61919	27355.12017	-48.13102	1913.98611	-31.97771	1914.85821	0.07	4.11188	0.10366	0.01543	-4.11321	-116.86897	19.02481	
200.0	7	13.21035	-1.97947	0.08221	27321.65046	686.02701	91.52124	27330.41517	-47.91405	1912.28819	-30.48886	1913.13132	0.07	4.10881	0.10317	0.01376	-4.11013	-122.24085	20.51623	
200.0	50	5.73994	-2.1597	11.80588	2.84138	0.07181	5.99785	6.63723	0.23353	0.38476	-0.11524	0.4646	0.07	0.0	0.0	0.0	-0.0	-16.71426	0.77841	
201.0	7	13.20952	-1.95293	0.08093	27322.13769	683.55224	90.3484	27330.83633	-47.7388	1912.30213	-31.34967	1913.15478	0.07	4.11017	0.10283	0.01359	-4.11148	-127.66927	21.9118	
202.0	7	13.20876	-1.92526	0.08477	27668.0571	689.96976	100.63263	27676.84174	-48.17372	1936.50904	-32.38996	1937.37892	0.07	4.16354	0.10383	0.01514	-4.16486	-132.66977	23.16418	
203.0	7	13.2083	-1.8966	0.07627	27973.39664	695.68926	83.70249	27982.17127	-48.60996	1957.89463	-27.48565	1958.69083	0.07	4.21107	0.10473	0.0126	-4.21239	-137.75831	24.42664	
204.0	7	13.20783	-1.867	0.06511	27993.81193	694.449	61.17064	28002.49109	-48.56404	1959.40352	-19.83315	1960.1056	0.07	4.21655	0.1046	0.00921	-4.21786	-143.04544	25.64068	
205.0	7	13.20712	-1.83638	0.08443	28010.99213	693.10475	104.59168	28019.76112	-48.38308	1960.4681	-33.95683	1961.35901	0.07	4.22108	0.10445	0.01576	-4.2224	-148.22307	26.67131	
205.0	50	5.68881	-1.96297	11.82641	3.08245	0.07508	6.63763	7.31882	0.1034	0.49885	-0.05366	0.51227	0.07	0.0	0.0	0.0	-0.0	-24.88167	1.76978	
205.0	56	5.7542	-2.09913	-11.72985	0.45761	0.01152	-0.97143	1.07388	-0.00249	0.07512	-0.00028	0.07517	0.07	0.0	0.0	-0.0	-0.0	-100.7814	62.67572	
206.0	7	13.20649	-1.80486	0.0791	28041.10791	692.07274	93.93567	28049.8043	-48.33196	1962.61912	-31.86794	1963.47278	0.07	4.22805	0.10435	0.01416	-4.22936	-153.41492	27.74038	
207.0	7	13.20581	-1.77244	0.0715	28071.50896	691.09382	78.21438	28080.12363	-48.27843	1964.74262	-32.89761	1965.61101	0.07	4.235	0.10426	0.0118	-4.2363	-158.479	28.75108	
207.0	50	5.63016	-1.93504	11.85262	17.22973	0.41334	37.51473	41.28425	0.78871	2.75233	-0.39256	2.8899	0.07	0.0	0.0	0.0	-0.0	-28.16925	1.78004	
208.0	7	13.20488	-1.73915	0.08823	28141.35271	691.06902	115.3058	28150.0729	-48.22645	1969.69075	-34.99044	1970.59173	0.07	4.24827	0.10432	0.01741	-4.24958	-163.29825	29.66225	
209.0	7	13.20423	-1.7052	0.06285	28196.39119	690.70905	60.66549	28204.9151	-48.31628	1973.62427	-14.10195	1974.26596	0.07	4.25838	0.10431	0.00916	-4.25967	-168.25209	30.60229	
210.0	7	13.20355	-1.67056	0.07375	28319.41021	691.99686	85.98636	28327.99407	-48.36394	1982.18847	-23.60726	1982.91893	0.07	4.27858	0.10455	0.01299	-4.27988	-173.18141	31.34392	
210.0	50	5.70524	-1.7754	11.81517	0.18628	0.00437	0.40269	0.44371	0.00447	0.03066	-0.0024	0.03108	0.07	0.0	0.0	0.0	-0.0	-34.47078	1.38439	
210.0	56	5.71197	-1.92526	-11.74944	0.78694	0.01999	-1.6849	1.85972	-0.00385	0.13015	-0.00025	0.13021	0.07	0.0	0.0	-0.0	-0.0	-111.60135	72.63828	
211.0	7	13.2028	-1.63527	0.07777	28431.48386	693.0125	96.35486	28440.09186	-48.42612	1990.07654	-24.09312	1990.81144	0.07	4.29868	0.10478	0.01457	-4.29999	-178.11508	32.04959	
211.0	56	5.66368	-1.88456	-11.77184	0.31816	0.0081	-0.68812	0.75815	-0.00171	0.05315	-0.00016	0.05318	0.07	0.0	0.0	-0.0	-0.0	-113.19109	74.49089	
212.0	7	13.20214	-1.59943	0.05531	28579.03886	694.88694	48.23374	28587.52624	-48.5827	2000.28806	-31.66146	2001.12844	0.07	4.324	0.10514	0.0073	-4.32528	-182.88456	32.77047	
212.0	50	5.58448	-1.74444	11.86974	25.71842	0.59432	56.36983	61.96248	2.163	3.61712	-1.02499	4.33736	0.07	0.0	0.0	1e-05	-1e-05	-37.50729	0.817	
213.0	7	13.20134	-1.56299	0.0781	28779.11146	697.96075	100.44403	28787.74903	-48.75117	2014.37153	-29.24003	2015.17352	0.07	4.35773	0.10569	0.01521	-4.35904	-187.72194	33.31196	
214.0	7	13.20054	-1.52604	0.09273	28949.6304	700.27992	133.68653	28958.40748	-48.80582	2026.00094	-43.81442	2027.06229	0.07	4.38662	0.10611	0.02026	-4.38795	-192.07535	33.8543	
214.0	50	5.49276	-1.71819	11.91036	2.57082	0.05828	5.74398	6.29332	0.39965	-0.04838	-0.17838	0.44032	0.07	0.0	0.0	0.0	-0.0	-39.97418	0.84053	
215.0	7	13.19999	-1.48867	0.08141	29089.42912	701.83741	110.30426	29098.10353	-48.99186	2035.98392	-34.30964	2036.86227	0.07	4.41091	0.10642	0.01673	-4.41223	-196.77334	34.44138	
216.0	7	13.19929	-1.45082	0.09077	29248.25546	703.74791	132.88823	29257.02254	-49.05563	2046.9294	-43.125	2047.97124	0.07	4.43801	0.10678	0.02016	-4.43934	-201.31474	34.92225	
217.0	7	13.1987	-1.41253	0.07411	29379.57008	704.94793	96.77607	29388.18564	-49.25567	2056.34448	-25.88939	2057.09723	0.07	4.46162	0.10705	0.0147	-4.46293	-205.86943	35.45034	
218.0	7	13.198	-1.37386	0.07898	29581.00987	707.73081	109.90717	29589.67907	-49.42162	2070.43712	-30.66967	2071.25397	0.07	4.49671	0.10758	0.01671	-4.49803	-210.00937	35.76226	
218.0	56	5.47558	-1.54836	-11.85692	3.16474	0.08221	-7.07752	7.7533	-0.01062	0.54264	0.00156	0.54275	0.07	0.0	0.0	-0.0	-0.0	-124.46978	85.26059	
219.0	7	13.19742	-1.33497	0.05403	29685.0546	708.17311	54.21269	29693.55005	-49.54476	2077.82044	-13.23745	2078.4532	0.07	4.51649	0.10775	0.00825	-4.51778	-214.68366	36.16228	
220.0	7	13.1967	-1.29583	0.07197	29678.88424	705.8683	95.58182	29687.43094	-49.33659	2077.41588	-22.25409	2078.12081	0.07	4.51887	0.10747	0.01455	-4.52018	-218.81261	36.39916	
220.0	67	5.45108	-1.4776	11.92472	9.15386	0.19598	20.79697	22.72324	0.2539	-1.56724	-0.09698	1.59063	0.07	0.0	0.0	1e-05	-1e-05	-49.61385	3.21804	
221.0	7	13.19595	-1.25652	0.06745	29692.06771	703.98506	85.92683	29700.53641	-49.40368	2077.9064	47.51028	2079.03654	0.07	4.52439	0.10727	0.01309	-4.52568	-223.05099	36.6021	
222.0	7	13.19519	-1.21705	0.02979	29653.05949	700.95	0.49934	29661.343	-49.05469	2075.18094	47.02677	2076.29329	0.07	4.52244	0.1069	8e-05	-4.5237	-227.25125	36.96065	
222.0	67	5.37995	-1.38515	11.95422	40.53787	0.84859	93.41043	101.83098	-0.95374	-7.04788	0.47792	7.12816	0.07	0.0	0.0	1e-05	-1e-05	-51.82975	4.65258	
223.0	7	13.19415	-1.17741	0.09239	29677.65898	699.10695	146.75085	29686.25488	-49.13473	2077.1352	41.32182	2078.12713	0.07	4.53058	0.10673	0.0224	-4.53189	-231.06856	36.74849	
223.0	56	5.43652	-1.35153	-11.87454	19.49991	0.51509	-44.32633	48.42866	-0.04895	3.38979	0.01786	3.39019	0.07	1e-05	0.0	-2e-05	-3e-05	-131.42383	90.72486	
224.0	7	13.19333	-1.13779	0.06986	29696.82617	697.32142	95.35687	29705.16512	-48.95452	2078.23789	48.17906	2079.37262	0.07	4.53629	0.10652	0.01457	-4.53756	-235.22074	36.90893	
225.0	7	13.19261	-1.09817	0.06807	29699.19919	695.03022	92.64684	29707.47521	-48.76792	2078.56478	39.96763	2079.52092	0.07	4.53942	0.10623	0.01416	-4.54069	-239.08831	36.8346	
226.0	7	13.19183	-1.05865	0.06233	29699.42304	692.68032	80.7513	29707.60939	-48.62444	2078.08838	57.79462	2079.46047	0.07	4.54318	0.10596	0.01235	-4.54443	-243.05548	36.75795	
227.0	7	13.19097	-1.01925	0.03871	29675.61776	689.80004	28.30291	29683.64725	-48.31822	2076.77425	46.4273	2077.85501	0.07	4.54351	0.10561	0.00433	-4.54474	-246.85704	36.69445	
227.0	70	5.25632	-1.22494	12.00339	28.71624	0.56076	68.46746	74.24777	-0.22613	-5.1906	0.13736	5.19734	0.07	0.0	0.0	1e-05	-1e-05	-57.17899	9.12681	
228.0	7	13.19006	-0.98	0.06415	29704.77668	688.00868	88.19474	29712.87418	-48.2985	2078.69852	51.40486	2079.89489	0.07	4.55157	0.10542	0.01351	-4.55281	-250.41033	36.36426	
229.0	7	13.18914	-0.94101	0.0624	29703.80664	685.52172	84.31493	29711.83565	-48.12223	2078.60085	53.22263	2079.83891	0.07	4.55456	0.10511	0.01293	-4.55579	-254.14236	36.14142	
229.0	70	5.17422	-1.08639	12.03564	3.20396	0.06119	7.75718	8.39303	-0.01684	-0.58718	0.01159	0.58753	0.07	0.0	0.0	0.0	-0.0	-58.71742	11.20341	
230.0	7	13.18831	-0.90226	0.05128	29704.37791	683.11457	60.33414	29712.29296	-47.92389	2078.36453	62.78788	2079.86493	0.07	4.55795	0.10482	0.00926	-4.55916	-257.8279	35.84008	
231.0	7	13.18741	-0.86382	0.0529	29706.42188	680.67332	65.55348	29714.29142	-47.76474	2078.34822	64.73095	2079.90454	0.07	4.56201	0.10453	0.01007	-4.56322	-261.32693	35.48155	
232.0	7	13.18644	-0.82574	0.08431	29714.50635	678.26107	137.45294	29722.56414	-47.62646	2079.8519	32.84246	2080.65635	0.07	4.56644	0.10423	0.02112	-4.56768	-264.51077	34.8885	
232.0	70	5.12376	-0.9689	12.05385	3.34589	0.06127	8.18372	8.84149	-0.01108	-0.61858	0.00916	0.61875	0.07	0.0	0.0	0.0	-0.0	-61.87385	14.59042	
233.0	7	13.18565	-0.78799	0.02115	29667.95368	675.04352	-5.5425	29675.63294	-47.23141	2076.20009	48.00722	2077.29207	0.07	4.56112	0.10378	-0.00085	-4.5623	-268.18901	34.74673	
233.0	70	5.16026	-0.96861	12.03819	46.11971	0.83435	111.95331	121.08372	-0.1931	-8.47242	0.14269	8.47582	0.07	1e-05	0.0	2e-05	-2e-05	-63.77995	15.70099	
234.0	7	13.18489	-0.75079	0.06346	29713.58738	673.32052	92.39539	29721.35886	-47.25593	2079.55529	42.59797	2080.52828	0.07	4.5718	0.1036	0.01422	-4.57299	-271.52751	33.94228	
235.0	7	13.18408	-0.71407	0.07385	29719.33681	670.76464	117.29858	29727.13684	-47.09731	2080.01488	38.36712	2080.90175	0.07	4.57596	0.10328	0.01806	-4.57716	-276.01629	33.20445	
236.0	7	13.18329	-0.67791	0.07085	29718.4921	668.05206	111.82897	29726.21018	-46.93319	2079.7645	48.22339	2080.85286	0.07	4.57855	0.10292	0.01723	-4.57974	-280.05902	32.54666	
237.0	7	13.18257	-0.64249	0.06883	29718.16341	665.17856	108.78775	29725.80585	-46.72604	2079.72851	47.99457	2080.80693	0.07	4.5811	0.10254	0.01677	-4.58228	-284.49487	31.77684	
238.0	7	13.18181	-0.60771	0.06526	29717.81608	662.20051	100.83273	29725.36408	-46.50094	2079.77906	46.37077	2080.81559	0.07	4.5842	0.10215	0.01555	-4.58536	-288.53852	30.97222	
239.0	7	13.18103	-0.57358	0.05441	29710.35992	658.83042	77.81304	29717.76571	-46.24159	2079.05732	52.794	2080.24154	0.07	4.58569	0.10169	0.01201	-4.58683	-291.89638	30.22665	
240.0	7	13.18025	-0.54039	0.06378	29709.3353	655.31287	100.80202	29716.73266	-46.02718	2079.07216	49.54575	2080.17171	0.07	4.58792	0.1012	0.01557	-4.58907	-295.17531	29.31701	
241.0	7	13.17951	-0.50789	0.06468	29691.81756	651.5326	103.64476	29699.14589	-45.76413	2077.87484	48.40667	2078.94238	0.07	4.58829	0.10068	0.01602	-4.58942	-297.67644	28.42491	
241.0	59	5.08709	-0.71615	-12.02585	0.29438	0.00795	-0.72762	0.78495	-0.00101	0.05494	0.00019	0.05495	0.07	0.0	0.0	-0.0	-0.0	-147.9685	96.7973	
242.0	7	13.17876	-0.47599	0.06555	29695.97911	648.22632	107.46691	29703.24767	-45.53663	2078.18278	47.66219	2079.22796	0.07	4.5921	0.10024	0.01662	-4.59322	-299.94581	27.53559	
243.0	7	13.17805	-0.44492	0.06238	29688.68466	644.60428	101.96001	29695.85673	-45.27238	2077.68294	47.01804	2078.70794	0.07	4.59341	0.09973	0.01578	-4.59452	-302.19654	26.60592	
244.0	7	13.17734	-0.4149	0.05539	29679.90209	641.0591	86.31137	29686.9499	-45.02102	2076.82663	56.20009	2078.07463	0.07	4.59426	0.09923	0.01336	-4.59535	-304.7303	25.575	
244.0	59	5.00547	-0.62257	-12.05955	2.243	0.05976	-5.64342	6.07312	-0.00631	0.42508	0.00199	0.42513	0.07	0.0	0.0	-0.0	-0.0	-148.99679	95.62138	
245.0	7	13.17667	-0.3856	0.04976	29656.65444	637.23277	74.29749	29663.59281	-44.7154	2075.40715	48.3411	2076.45158	0.07	4.59305	0.09869	0.01151	-4.59412	-306.28081	24.60474	
245.0	59	4.91575	-0.5479	-12.09492	10.16817	0.27073	-26.10133	28.01329	-0.03206	1.96065	0.00785	1.96093	0.07	0.0	0.0	-0.0	-0.0	-148.14853	95.26419	
245.0	79	4.86414	-0.56587	12.14691	20.02568	0.32697	51.92796	55.65651	0.02603	-3.89584	0.01449	3.89596	0.07	0.0	0.0	0.0	-0.0	-73.30036	34.33546	
246.0	7	13.17606	-0.3571	0.03874	29669.37958	634.2409	50.96397	29676.20163	-44.46728	2076.30683	47.83841	2077.33385	0.07	4.59707	0.09827	0.0079	-4.59813	-308.58871	23.50348	
246.0	79	4.88958	-0.57807	12.13647	18.8086	0.30606	48.4928	52.01354	0.04663	-3.64064	0.00489	3.64094	0.07	0.0	0.0	1e-05	-1e-05	-74.77679	35.94679	
247.0	7	13.17541	-0.3299	0.07063	30273.80093	643.57321	127.55848	30280.90951	-45.20511	2118.83704	38.44321	2119.66785	0.07	4.69383	0.09978	0.01978	-4.69493	-310.65249	22.04967	
248.0	7	13.17529	-0.30363	0.07377	30955.03613	654.63051	138.33194	30962.26637	-45.98083	2166.52994	36.59095	2167.32672	0.07	4.80321	0.10158	0.02146	-4.80433	-311.86294	20.77607	
249.0	7	13.17553	-0.27825	0.05651	31683.04369	666.58315	101.33969	31690.2171	-46.84013	2216.97951	61.54218	2218.32811	0.07	4.92101	0.10353	0.01574	-4.92212	-313.01989	19.46671	
250.0	7	13.17587	-0.25415	0.06285	32364.87739	677.22551	121.50801	32372.19002	-47.54527	2265.23506	38.85939	2266.06718	0.07	5.03321	0.10532	0.0189	-5.03435	-314.49095	18.12099	
251.0	7	13.17628	-0.23134	0.05831	32386.13935	673.84533	110.73569	32393.33808	-47.33709	2266.42527	52.78841	2267.53411	0.07	5.04234	0.10491	0.01724	-5.04346	-317.47722	16.73616	
251.0	59	4.84839	-0.37221	-12.12404	0.49061	0.01276	-1.27382	1.36509	-0.00151	0.09554	0.00038	0.09556	0.07	0.0	0.0	-0.0	-0.0	-149.97159	89.85042	
252.0	7	13.17649	-0.20952	0.06094	32382.8805	669.82955	118.94624	32390.02577	-47.01689	2266.53003	36.60217	2267.3131	0.07	5.04645	0.10438	0.01854	-5.04757	-319.13655	15.37775	
253.0	7	13.17657	-0.18888	0.04234	32346.06185	665.2829	74.20797	32352.98789	-46.73848	2262.45464	89.3885	2264.70214	0.07	5.04714	0.10381	0.01158	-5.04822	-320.23836	14.16096	
253.0	59	4.81346	-0.36598	-12.13912	15.25617	0.39369	-40.00422	42.81639	-0.04296	2.99715	0.01311	2.99749	0.07	0.0	0.0	-1e-05	-1e-05	-150.48369	87.93771	
254.0	7	13.17645	-0.16938	0.05207	32372.24655	662.00352	99.98936	32379.16912	-46.49097	2265.44515	52.84978	2266.53838	0.07	5.05614	0.1034	0.01562	-5.05722	-321.38833	12.73411	
255.0	7	13.17631	-0.15098	0.05073	32371.98395	658.40848	99.45061	32378.83162	-46.24064	2265.41247	53.64044	2266.51917	0.07	5.06032	0.10292	0.01555	-5.06139	-322.95654	11.25031	
256.0	7	13.17613	-0.13413	0.06194	32372.28088	654.89663	127.33574	32379.15492	-46.06702	2265.24738	61.18852	2266.54183	0.07	5.06499	0.10247	0.01992	-5.06606	-324.19836	9.666	
257.0	7	13.17599	-0.11838	0.04649	32359.86922	651.3421	90.56576	32366.5504	-45.74712	2264.3804	60.55792	2265.65193	0.07	5.06804	0.10201	0.01418	-5.06909	-325.13081	8.28683	
258.0	7	13.17581	-0.10361	0.03726	32350.2916	647.92319	70.91019	32356.85707	-45.45516	2263.94497	51.12508	2264.97831	0.07	5.07042	0.10155	0.01111	-5.07145	-325.3351	6.84307	
258.0	59	4.74594	-0.30123	-12.16789	4.29312	0.10896	-11.43388	12.21378	-0.01686	0.85479	0.00182	0.85496	0.07	0.0	0.0	-0.0	-0.0	-152.15851	82.10632	
258.0	101	4.61128	-0.27259	12.23338	18.37914	0.26397	50.81444	54.03675	0.07176	-3.78188	-0.00631	3.78256	0.07	0.0	0.0	0.0	-0.0	-72.78633	56.39153	
259.0	7	13.17563	-0.09387	0.0259	28546.03196	561.2499	39.16163	28551.57572	-30.57395	1569.57777	-208.37825	1583.64473	0.05547	4.4761	0.08801	0.00614	-4.47697	-355.17485	0.06004	
259.0	89	12.75534	3.01497	-0.38979	228.14953	61.71413	-7.21595	236.45911	-0.08123	2.21816	16.40264	16.55214	0.07	0.00031	8e-05	-1e-05	-0.00032	-344.62234	19.49495	
259.0	90	12.73592	2.98416	-0.91707	10.64997	2.88778	-0.78813	11.06265	-0.00686	0.22734	0.74023	0.77439	0.07	0.0	0.0	-0.0	-0.0	-344.00525	20.02229	
259.0	91	12.74517	2.99343	-0.74106	15.57646	4.21914	-0.92151	16.16404	-0.00919	0.2737	1.09784	1.13148	0.07	0.0	0.0	-0.0	-0.0	-344.2908	19.78104	
259.0	102	12.75779	3.02182	-0.21231	645.80094	174.61682	-10.69074	669.07711	-0.21084	3.63851	46.69339	46.83541	0.07	0.00115	0.00031	-2e-05	-0.00119	-344.694	19.41741	
259.0	106	12.75855	3.02572	-0.04527	624.1404	168.72585	-2.90638	646.55092	-0.09245	1.12134	45.24459	45.25858	0.07	0.00102	0.00028	-0.0	-0.00105	-344.69649	19.38607	
259.0	108	12.75628	3.03208	0.13699	536.52176	145.02242	5.89035	555.80734	-0.0726	-1.31076	38.88437	38.90653	0.07	0.00096	0.00026	1e-05	-0.00099	-344.62742	19.4279	
259.0	109	12.71722	3.03295	1.00334	38.38078	10.39856	2.99126	39.87683	0.0158	-0.82536	2.66652	2.79138	0.07	6e-05	2e-05	0.0	-6e-05	-343.38746	20.32651	
259.0	113	12.65712	2.97318	1.71148	0.39575	0.10782	0.0543	0.41375	0.00029	-0.01387	0.02542	0.02896	0.07	0.0	0.0	0.0	-0.0	-341.04984	21.69861	
260.0	7	13.17538	-0.08848	-0.02547	27549.16677	525.69283	-71.68179	27554.27518	-25.5496	1303.89131	-257.02239	1329.22754	0.04824	4.31742	0.08239	-0.01123	-4.31822	-345.62931	0.05015	
260.0	88	12.70706	2.99082	-1.26049	64.67515	17.53743	-6.56032	67.33108	-0.0326	1.75633	4.37369	4.71327	0.07	5e-05	1e-05	-0.0	-5e-05	-334.93312	20.10696	
260.0	90	12.73097	3.01291	-0.918	695.65468	188.18273	-51.43312	722.49121	-0.20432	14.03534	48.58872	50.57564	0.07	0.00176	0.00048	-0.00013	-0.00183	-335.54328	19.54933	
260.0	109	12.75663	3.03127	0.29976	2272.94305	613.65155	52.8316	2354.91604	0.7195	-16.78365	163.99161	164.8498	0.07	0.03076	0.0083	0.00071	-0.03187	-335.69139	18.96408	
260.0	115	12.5714	2.99545	2.23295	23.09691	6.31384	4.12443	24.29697	0.0281	-1.00093	1.37489	1.70088	0.07	0.0	0.0	0.0	-0.0	-329.60855	23.05623	
261.0	7	13.17476	-0.08301	-0.09605	26517.03063	492.84787	-210.33255	26522.44431	-20.86499	984.27136	-324.16122	1036.48732	0.03908	4.15219	0.07717	-0.03294	-4.15304	-338.62471	0.03923	
261.0	83	12.63986	3.02149	-1.76505	117.35175	31.90035	-16.65515	122.7455	-0.03092	4.0657	7.56932	8.59217	0.07	0.00024	6e-05	-3e-05	-0.00025	-326.53514	20.92346	
261.0	109	12.75805	3.03891	0.24803	4371.49908	1180.11385	83.97994	4528.76645	3.1505	-34.09782	315.15745	317.01231	0.07	0.10113	0.0273	0.00194	-0.10477	-328.02988	18.57749	
261.0	116	12.50417	3.0041	2.57896	110.16619	30.20528	22.86779	116.49843	0.17406	-5.31523	6.18214	8.1548	0.07	5e-05	1e-05	1e-05	-6e-05	-319.50085	24.07961	
262.0	7	13.17434	-0.07893	-0.10851	24294.16917	439.13905	-215.09395	24299.08978	1.59404	-316.16969	-465.45549	562.68519	0.02316	3.80078	0.0687	-0.03365	-3.80155	-328.90626	0.02243	
262.0	85	12.5432	3.05122	-2.3159	20.49159	5.59843	-3.83945	21.58678	-0.00619	0.86995	1.23548	1.51104	0.07	3e-05	1e-05	-1e-05	-3e-05	-316.04926	22.10448	
262.0	101	4.82795	-0.20036	12.14929	17.97103	0.2687	46.76293	50.09792	0.07091	-3.50614	-0.00711	3.50686	0.07	1e-05	0.0	1e-05	-2e-05	-106.90593	68.6557	
262.0	109	12.75944	3.04175	0.24078	7028.77485	1896.554	131.25503	7281.33373	5.84592	-56.71699	506.47328	509.67261	0.07	0.19014	0.05131	0.00355	-0.19698	-319.01279	18.05897	
262.0	116	12.42668	3.00561	2.93212	37.57204	10.35087	9.07905	40.01535	0.05846	-1.9635	1.99662	2.80094	0.07	0.0	0.0	0.0	-0.0	-307.85577	24.8345	
263.0	7	13.17384	-0.07562	-0.12074	22564.43366	397.00051	-219.79711	22568.99613	20.21667	-1469.70537	-579.15255	1579.82919	0.07	3.52273	0.06198	-0.03431	-3.52344	-318.33306	0.16852	
263.0	84	12.47664	3.05184	-2.65392	32.8027	8.9924	-7.06969	34.73991	-0.00781	1.5205	1.8978	2.43179	0.07	5e-05	1e-05	-1e-05	-5e-05	-304.54905	22.35599	
263.0	108	12.76166	3.04172	0.20371	8650.46373	2332.72591	136.4449	8960.51059	9.01531	-69.88728	623.26414	627.23496	0.07	0.25838	0.06968	0.00408	-0.26764	-308.25526	17.39393	
263.0	116	12.38694	3.00078	3.10505	22.64666	6.24113	5.72141	24.17762	0.04312	-1.22564	1.1663	1.69243	0.07	0.0	0.0	0.0	-1e-05	-296.03479	24.74863	
264.0	7	13.17349	-0.07254	-0.12036	22386.27862	384.47935	-214.42199	22390.60678	19.44208	-1455.74657	-580.48441	1567.33475	0.07	3.4891	0.05992	-0.03342	-3.48977	-322.10817	1.7396	
264.0	81	12.41848	3.03784	-2.93285	23.10692	6.35579	-5.53512	24.596	0.00925	1.11144	1.31486	1.72169	0.07	4e-05	1e-05	-1e-05	-4e-05	-309.51309	22.29332	
264.0	101	4.84184	-0.26448	12.14247	15.65265	0.21019	40.60933	43.52203	0.08908	-3.04518	-0.01857	3.04654	0.07	0.0	0.0	1e-05	-1e-05	-96.89127	67.59379	
264.0	108	12.76322	3.04072	0.2024	8902.93886	2400.05509	140.06641	9221.83297	23.94778	-125.75655	632.67894	645.50046	0.07	0.28736	0.07747	0.00452	-0.29766	-313.02203	17.26509	
264.0	114	12.29591	2.99461	3.45361	26.17996	7.2534	7.43877	28.16625	0.08805	-1.55606	1.20739	1.97152	0.07	0.0	0.0	0.0	-0.0	-296.38847	27.20766	
265.0	7	13.17324	-0.06995	-0.11766	22353.21615	376.57785	-206.70009	22357.3435	19.24783	-1456.56387	-572.12739	1565.01711	0.07	3.47513	0.05854	-0.03213	-3.47577	-324.29198	3.22246	
265.0	80	12.3332	3.03189	-3.27862	103.37862	28.60088	-27.92877	110.83847	0.10015	5.23186	5.72847	7.75872	0.07	0.0002	6e-05	-5e-05	-0.00021	-311.65119	22.49932	
265.0	101	4.84876	-0.18911	12.13856	16.6778	0.21399	43.22683	46.33307	0.09719	-3.24179	-0.02145	3.24332	0.07	0.0	0.0	1e-05	-1e-05	-92.06218	68.49248	
265.0	108	12.76466	3.04078	0.16795	8864.98052	2390.8368	115.78687	9182.44994	37.49531	-169.00781	619.02416	642.77558	0.07	0.30729	0.08287	0.00401	-0.31829	-315.30673	17.12203	
265.0	114	12.24812	2.98196	3.63165	3.94508	1.09598	1.18705	4.26309	0.01802	-0.24631	0.16752	0.29842	0.07	0.0	0.0	0.0	-0.0	-295.30039	28.8625	
266.0	7	13.17335	-0.06817	-0.07851	22400.33754	371.80718	-139.17938	22403.85532	20.88433	-1466.30218	-555.87069	1568.2699	0.07	3.47572	0.05769	-0.0216	-3.47626	-325.67249	4.90041	
266.0	106	12.76635	3.03977	0.09018	8885.6564	2398.34773	61.69896	9203.8453	51.07333	-204.88082	608.68782	644.27129	0.07	0.32647	0.08812	0.00227	-0.33816	-317.00388	16.93289	
266.0	114	12.19331	2.98526	3.80783	10.82915	3.01892	3.44534	11.75818	0.06092	-0.7027	0.42423	0.82309	0.07	0.0	0.0	0.0	-0.0	-293.26373	30.60106	
267.0	7	13.1733	-0.0668	-0.0493	22489.88995	369.64143	-89.75123	22493.1065	22.22257	-1481.45222	-532.83887	1574.51954	0.07	3.48336	0.05725	-0.0139	-3.48386	-326.38506	6.45464	
267.0	77	12.14963	2.98397	-3.94177	3.29435	0.92374	-1.07729	3.587	0.00486	0.18304	0.17181	0.25109	0.07	0.0	0.0	-0.0	-0.0	-314.43366	22.79431	
267.0	106	12.76734	3.03813	0.05439	8887.88021	2401.81598	37.5422	9206.76621	63.90428	-245.73562	592.35099	644.4761	0.07	0.34332	0.09278	0.00145	-0.35563	-318.24294	16.95831	
267.0	114	12.12161	3.05173	3.97189	234.14467	65.46981	77.71418	255.24403	1.48008	-15.56272	8.6514	17.86717	0.07	0.00045	0.00013	0.00015	-0.00049	-291.12893	32.51374	
268.0	7	13.17324	-0.06547	0.01241	22674.03962	370.62414	19.96231	22677.07726	25.036	-1504.40181	-505.93547	1587.39482	0.07	3.50504	0.05729	0.00309	-3.50551	-326.3917	8.11702	
268.0	77	12.09202	3.01114	-4.0912	138.56614	39.03811	-47.59416	151.62372	0.3113	7.74041	7.25523	10.61363	0.07	0.00018	5e-05	-6e-05	-0.00019	-316.2528	22.49281	
268.0	106	12.76819	3.03519	0.02587	8645.00567	2339.23373	18.33453	8955.91836	73.61969	-276.44536	557.83732	626.91656	0.07	0.34701	0.0939	0.00074	-0.35949	-319.43821	17.07668	
268.0	112	12.00058	3.05645	4.31506	145.31857	40.99973	52.99294	160.02098	1.03304	-10.01297	4.91404	11.20155	0.07	8e-05	2e-05	3e-05	-9e-05	-286.48728	35.13336	
269.0	7	13.17316	-0.0644	0.0014	22944.73349	374.94308	2.63232	22947.79693	25.14798	-1535.6321	-470.69104	1606.3463	0.07	3.54072	0.05786	0.00041	-3.5412	-326.31875	9.3608	
269.0	74	11.97686	3.0155	-4.40914	171.3866	48.73058	-64.01852	189.33147	0.50169	9.8564	8.84575	13.25321	0.07	9e-05	3e-05	-4e-05	-0.0001	-315.68478	22.91677	
269.0	102	12.76816	3.03212	-0.12376	8036.70335	2178.06199	-77.11776	8326.97436	78.22168	-270.55642	510.33322	582.88884	0.07	0.33275	0.09018	-0.00319	-0.34477	-319.4328	17.13572	
269.0	112	11.87447	3.03897	4.65727	0.1086	0.03096	0.04327	0.12093	0.00084	-0.0077	0.00341	0.00847	0.07	0.0	0.0	0.0	-0.0	-279.75213	37.79763	
270.0	7	13.17278	-0.06417	0.09172	23481.76562	384.97795	166.81242	23485.51364	29.09231	-1583.56563	-440.62059	1643.98083	0.07	3.6183	0.05932	0.0257	-3.61888	-325.4958	10.92908	
270.0	73	11.91664	3.02411	-4.56002	91.74601	26.22413	-35.70103	101.88032	0.3216	5.32224	4.73591	7.13151	0.07	4e-05	1e-05	-2e-05	-5e-05	-317.04836	22.81068	
270.0	101	4.68673	-0.17821	12.19582	1.20159	0.01339	3.2615	3.47583	0.01378	-0.24288	-0.00408	0.24331	0.07	0.0	0.0	0.0	-0.0	-63.02811	71.59602	
270.0	102	12.76809	3.02837	-0.16824	7943.80051	2156.67766	-102.57152	8231.99526	84.97723	-289.65639	490.84484	576.23833	0.07	0.33708	0.09151	-0.00435	-0.3493	-320.26506	17.37218	
270.0	112	11.81288	3.01722	4.82213	60.90742	17.44166	25.12007	68.15382	0.51133	-4.38618	1.80567	4.77079	0.07	3e-05	1e-05	1e-05	-3e-05	-276.77655	39.42652	
271.0	7	13.17231	-0.06461	0.14424	24197.6846	399.34818	271.7646	24202.50556	31.72408	-1643.51732	-409.59585	1694.08511	0.07	3.72426	0.06146	0.04183	-3.725	-324.73971	12.2408	
271.0	59	4.96856	-0.17835	-12.0896	20.48817	0.44067	-51.51597	55.44235	-0.19176	3.87589	-0.04311	3.88087	0.07	2e-05	0.0	-4e-05	-4e-05	-171.87474	65.60148	
271.0	75	11.78824	3.03385	-4.8699	0.1794	0.05179	-0.07488	0.20118	0.00075	0.01066	0.00917	0.01408	0.07	0.0	0.0	-0.0	-0.0	-314.13364	23.42065	
271.0	102	12.76627	3.02371	-0.29247	7351.45203	1999.50686	-165.78624	7620.32543	85.2913	-276.42964	448.1188	533.38392	0.07	0.3178	0.08644	-0.00717	-0.32943	-318.47785	17.46409	
272.0	7	13.17194	-0.06573	0.17012	25209.7997	420.01851	333.01622	25215.49754	33.26687	-1733.17979	-332.36713	1765.07416	0.07	3.87774	0.06461	0.05122	-3.87861	-324.01123	13.21289	
272.0	59	4.9739	-0.19131	-12.08835	33.39009	0.72984	-83.91547	90.31743	-0.32849	6.31312	-0.0758	6.32211	0.07	1e-05	0.0	-3e-05	-3e-05	-174.86988	65.00913	
272.0	75	11.72205	3.0484	-5.01311	10.87933	3.15977	-4.70743	12.26801	0.0586	0.64252	0.56672	0.85875	0.07	0.0	0.0	-0.0	-0.0	-314.55312	23.78747	
272.0	89	12.76166	3.01799	-0.46079	6314.4274	1720.55419	-225.46863	6548.52168	76.95338	-231.56833	388.03924	458.38867	0.07	0.2764	0.07531	-0.00987	-0.28664	-319.19646	17.84289	
273.0	7	13.17209	-0.06774	0.16045	26242.4339	442.64902	329.25876	26248.23206	34.16028	-1815.24698	-282.24516	1837.37608	0.07	4.03381	0.06804	0.05061	-4.0347	-323.239	14.12738	
273.0	59	4.9772	-0.15192	-12.08746	15.49764	0.34481	-38.89622	41.87137	-0.12996	2.928	-0.02583	2.931	0.07	1e-05	0.0	-2e-05	-2e-05	-177.46659	64.20357	
273.0	91	12.75187	3.0114	-0.68529	5308.43011	1449.05255	-283.52016	5509.95165	68.90998	-187.93751	329.68559	385.69636	0.07	0.23363	0.06377	-0.01248	-0.2425	-318.81254	17.95366	
274.0	7	13.17201	-0.0707	0.16848	27322.80545	467.63462	361.67316	27329.20027	35.44013	-1899.93131	-220.77973	1913.04435	0.07	4.19881	0.07186	0.05558	-4.19979	-322.28707	15.08148	
274.0	72	11.66483	3.05541	-5.13247	159.72742	46.68552	-71.14179	180.9794	1.30895	8.98466	8.83488	12.66857	0.07	0.00025	7e-05	-0.00011	-0.00029	-314.18975	23.39161	
274.0	90	12.74	3.00331	-0.88571	4089.85745	1118.20893	-283.38278	4249.42713	55.99142	-139.77654	256.53477	297.46026	0.07	0.17971	0.04913	-0.01245	-0.18672	-318.80247	18.20769	
275.0	7	13.17229	-0.07455	0.15691	28129.65589	489.81124	350.73645	28136.10619	36.33387	-1961.41108	-174.88365	1969.52732	0.07	4.32358	0.07528	0.05391	-4.32457	-321.38751	16.08191	
275.0	59	4.98894	-0.19443	-12.08466	20.59526	0.47765	-51.54334	55.50773	-0.14532	3.88276	-0.02209	3.88554	0.07	1e-05	0.0	-3e-05	-3e-05	-183.43372	62.68432	
275.0	72	11.5935	3.07183	-5.27515	17.99379	5.29773	-8.313	20.51703	0.17467	1.00036	1.01559	1.43619	0.07	2e-05	0.0	-1e-05	-2e-05	-313.37091	23.54006	
275.0	88	12.72165	2.99533	-1.11971	3394.54147	929.91905	-298.72486	3532.26524	49.56793	-111.92976	214.82901	247.25848	0.07	0.14847	0.04067	-0.01307	-0.15449	-318.45129	18.33902	
275.0	101	4.68391	-0.2177	12.19315	8.22936	0.09266	22.19118	23.66811	0.05779	-1.6557	-0.01452	1.65677	0.07	0.0	0.0	0.0	-0.0	-47.60699	73.53126	
276.0	7	13.17252	-0.07923	0.14092	29182.64372	518.34977	331.86654	29189.13353	37.53134	-2039.68338	-114.48668	2043.23862	0.07	4.48765	0.07971	0.05103	-4.48865	-320.42209	17.04671	
276.0	72	11.61313	3.03019	-5.25435	186.0432	54.79684	-85.42411	211.92462	2.10515	9.84208	10.89815	14.83469	0.07	0.00055	0.00016	-0.00025	-0.00062	-313.59072	22.86887	
276.0	88	12.70153	2.98609	-1.32952	2212.12771	607.14444	-232.03996	2305.64002	34.18285	-70.64708	141.02674	161.39399	0.07	0.09571	0.02627	-0.01004	-0.09975	-317.97859	18.67058	
277.0	7	13.17293	-0.0842	0.10984	30167.34697	547.81409	272.5866	30173.55177	38.82147	-2111.10803	-53.73013	2112.14846	0.07	4.64171	0.08429	0.04194	-4.64267	-319.41174	17.79677	
277.0	59	5.00368	-0.19766	-12.08031	10.03381	0.24435	-25.01992	26.95799	-0.04183	1.8866	0.00165	1.88706	0.07	2e-05	0.0	-6e-05	-6e-05	-188.89669	61.04438	
277.0	72	11.5504	2.9908	-5.40848	167.62464	49.75099	-79.7756	192.19086	2.09839	8.83987	9.92201	13.45336	0.07	0.00028	8e-05	-0.00013	-0.00032	-312.22533	23.0465	
277.0	83	12.6747	2.97856	-1.55956	1238.91752	340.94345	-153.05767	1294.05785	20.15341	-37.29617	80.05173	90.5839	0.07	0.05305	0.0146	-0.00655	-0.05541	-317.23377	18.9228	
278.0	7	13.17346	-0.08993	0.04197	31189.33036	580.20778	118.96452	31194.95347	40.56861	-2183.23813	11.96969	2183.64782	0.07	4.80277	0.08934	0.01832	-4.80364	-318.54378	18.3838	
278.0	72	11.52424	2.97776	-5.46558	1.14092	0.34001	-0.55072	1.31172	0.01625	0.05788	0.0694	0.09182	0.07	0.0	0.0	-0.0	-0.0	-311.00356	22.96986	
278.0	83	12.64423	2.97121	-1.78293	255.07745	70.40574	-36.16479	267.07558	4.36695	-7.26035	16.66646	18.69636	0.07	0.01078	0.00297	-0.00153	-0.01128	-316.14104	19.26404	
279.0	7	13.17366	-0.09729	-0.00234	31574.52028	601.36515	15.63934	31580.25041	42.07268	-2209.93536	35.38369	2210.61901	0.07	4.86658	0.09269	0.00241	-4.86747	-317.46103	20.84571	
280.0	7	13.17384	-0.10781	0.00842	31588.63696	611.58141	46.29248	31594.59067	42.75866	-2210.96814	32.38502	2211.61869	0.07	4.87421	0.09437	0.00714	-4.87513	-316.01698	24.07023	
280.0	59	4.83988	-0.26732	-12.14756	4.49204	0.11935	-11.73625	12.56711	-0.01177	0.8796	0.00444	0.87969	0.07	0.0	0.0	-0.0	-0.0	-173.9077	52.50242	
281.0	7	13.17415	-0.12035	-0.01363	31554.26807	618.19599	-7.17644	31560.324	43.27602	-2208.46569	38.81583	2209.23068	0.07	4.87557	0.09552	-0.00111	-4.87651	-314.82131	26.70349	
281.0	101	4.80689	-0.34786	12.14306	12.95366	0.1568	33.92007	36.30968	0.04978	-2.54118	-0.00726	2.54168	0.07	0.0	0.0	0.0	-0.0	-56.77454	84.79228	
282.0	7	13.17442	-0.13519	0.00592	31563.58587	623.36078	41.78959	31569.76842	43.58739	-2209.21516	32.63403	2209.88607	0.07	4.87905	0.09636	0.00646	-4.88	-313.04349	29.15227	
283.0	7	13.17472	-0.15206	-0.0065	31549.00244	626.83467	15.40976	31555.23275	43.85815	-2208.19838	32.07738	2208.86681	0.07	4.88023	0.09696	0.00238	-4.8812	-311.65582	31.05081	
283.0	101	4.78308	-0.35719	12.15068	0.63389	0.00748	1.6687	1.78506	0.00187	-0.12494	-0.00015	0.12496	0.07	0.0	0.0	0.0	-0.0	-60.88231	89.36265	
284.0	7	13.17506	-0.17054	0.00155	31546.43938	629.62345	38.21256	31552.7451	44.03436	-2208.06171	29.31316	2208.69527	0.07	4.88387	0.09748	0.00592	-4.88484	-310.00603	32.67861	
285.0	7	13.17544	-0.18991	-0.0134	31536.72262	632.01227	2.46428	31543.05501	44.2319	-2207.26454	36.1319	2208.00334	0.07	4.88593	0.09792	0.00038	-4.88691	-308.4477	34.17666	
286.0	7	13.17581	-0.21106	0.01812	31554.53599	634.22034	82.05311	31561.01566	44.37348	-2208.84047	8.61526	2209.30294	0.07	4.89146	0.09831	0.01272	-4.89247	-306.57353	35.96188	
287.0	7	13.17627	-0.23338	-0.02106	31534.31968	635.95552	-8.71711	31540.73292	44.52044	-2206.9703	44.39542	2207.86569	0.07	4.89136	0.09864	-0.00135	-4.89235	-304.92594	37.21828	
288.0	7	13.17674	-0.25688	-0.0128	31535.22067	637.50033	12.4363	31541.66616	44.60488	-2207.17581	36.23426	2207.92381	0.07	4.89472	0.09895	0.00193	-4.89572	-302.81006	38.66796	
289.0	7	13.17723	-0.28143	-0.00496	31539.589	638.9301	32.79573	31546.07712	44.69079	-2207.5781	29.24141	2208.22403	0.07	4.89838	0.09923	0.00509	-4.89939	-300.68517	40.02211	
290.0	7	13.17781	-0.30735	-0.00758	31537.71408	640.23343	30.08973	31544.22631	44.78705	-2207.47666	27.22721	2208.09882	0.07	4.90057	0.09948	0.00468	-4.90158	-298.6559	41.38435	
291.0	7	13.1783	-0.3343	-0.01268	31527.47899	641.32642	20.26152	31534.0077	44.86359	-2206.59635	35.17525	2207.33267	0.07	4.90136	0.0997	0.00315	-4.90237	-296.37422	42.58103	
292.0	7	13.17884	-0.36195	-0.02456	31526.09266	642.58809	-7.17716	31532.64165	44.98354	-2206.58801	31.77231	2207.27516	0.07	4.90341	0.09994	-0.00112	-4.90443	-294.27719	43.6501	
293.0	7	13.17938	-0.39101	0.00745	31529.5138	643.49363	73.62774	31536.16568	45.01072	-2206.98942	13.81868	2207.49162	0.07	4.90623	0.10013	0.01146	-4.90727	-291.54161	44.93169	
293.0	59	4.87507	-0.47945	-12.14585	4.46947	0.13843	-11.52802	12.36489	0.03579	0.86448	0.02426	0.86556	0.07	0.0	0.0	-0.0	-0.0	-150.69163	24.03497	
294.0	7	13.18002	-0.42088	-0.00528	31528.23943	644.79143	46.27034	31534.86608	45.10981	-2206.91933	16.63722	2207.443	0.07	4.90666	0.10035	0.0072	-4.9077	-289.18067	46.00721	
295.0	7	13.18059	-0.45147	-0.00504	31528.52379	645.95816	49.0997	31535.17854	45.1559	-2206.67908	35.10123	2207.42015	0.07	4.90837	0.10056	0.00764	-4.90941	-286.5578	47.00301	
296.0	7	13.18119	-0.4828	-0.01506	31529.07605	647.24797	26.32234	31535.72989	45.2841	-2206.89905	24.50789	2207.49965	0.07	4.91004	0.1008	0.0041	-4.91108	-283.90025	47.83156	
297.0	7	13.18181	-0.51526	-0.00584	31524.13185	648.26356	51.5418	31530.83873	45.34389	-2206.61276	20.17821	2207.17083	0.07	4.91026	0.10097	0.00803	-4.91131	-281.22182	48.91313	
298.0	7	13.18248	-0.54833	-0.00956	31521.98193	649.54604	44.33051	31528.70469	45.44129	-2206.47319	18.18914	2207.01601	0.07	4.91064	0.10119	0.00691	-4.91168	-278.39977	49.71612	
299.0	7	13.1832	-0.58194	-0.01112	31521.42852	650.84719	43.12511	31528.17657	45.52907	-2206.40752	20.70196	2206.97431	0.07	4.91103	0.1014	0.00672	-4.91209	-275.32231	50.53384	
300.0	7	13.18387	-0.61642	-0.02127	31525.76456	652.37219	21.44046	31532.52099	45.6443	-2206.66031	27.62516	2207.30521	0.07	4.91171	0.10164	0.00334	-4.91276	-272.38395	51.40546	
301.0	7	13.1846	-0.65169	-0.01765	31503.29078	653.2832	31.85663	31510.07972	45.70402	-2205.11811	23.21848	2205.7139	0.07	4.91392	0.1019	0.00497	-4.91498	-269.2497	52.16027	
301.0	79	4.88212	-0.89281	12.10164	34.4204	0.27389	89.35675	95.75733	0.10308	-6.70198	-0.01916	6.7028	0.07	1e-05	0.0	3e-05	-4e-05	-51.44885	102.06327	
302.0	7	13.18528	-0.68744	-0.01552	31538.36845	655.40432	39.68396	31545.20271	45.85144	-2207.5995	19.92722	2208.16553	0.07	4.91415	0.10212	0.00618	-4.91521	-265.70851	52.81962	
302.0	59	4.92755	-0.78071	-12.13529	0.15286	0.00511	-0.38818	0.41722	0.00172	0.02914	0.00106	0.02921	0.07	0.0	0.0	-0.0	-0.0	-143.13788	10.54036	
303.0	7	13.18603	-0.72368	-0.01633	31541.70969	657.01764	40.26749	31548.57753	45.96488	-2207.83857	19.32252	2208.40152	0.07	4.91477	0.10238	0.00627	-4.91584	-262.34331	53.56252	
304.0	7	13.18677	-0.76053	-0.01681	31539.79632	658.70015	42.47097	31546.70255	46.07763	-2207.69651	21.91708	2208.28608	0.07	4.914	0.10263	0.00662	-4.91507	-258.42606	54.05065	
305.0	7	13.1874	-0.79784	-0.02011	31537.49219	660.40074	36.2243	31544.42669	46.20417	-2207.54671	19.37864	2208.11523	0.07	4.91309	0.10288	0.00564	-4.91417	-254.42568	54.49575	
306.0	7	13.18823	-0.83535	-0.0169	31531.19633	662.10939	46.02157	31538.18081	46.32088	-2207.11682	17.38391	2207.67128	0.07	4.912	0.10314	0.00717	-4.91309	-250.70127	54.99052	
307.0	7	13.18892	-0.87304	-0.03195	31097.86548	654.98635	12.41397	31104.76488	45.83049	-2176.5269	29.4122	2177.20804	0.07	4.84392	0.10202	0.00193	-4.84499	-246.63915	54.96717	
308.0	7	13.1894	-0.91115	-0.01605	30725.47524	648.53584	51.58087	30732.36223	45.3714	-2150.73188	14.90633	2151.26204	0.07	4.78497	0.101	0.00803	-4.78604	-242.80383	55.23215	
309.0	7	13.18977	-0.94905	-0.01569	30312.31113	641.36666	54.0685	30319.14379	44.87212	-2121.80579	12.53778	2122.31725	0.07	4.71849	0.09984	0.00842	-4.71955	-238.91439	55.08407	
310.0	7	13.19003	-0.98708	-0.00073	30032.29992	636.54883	90.26163	30039.18075	44.55479	-2102.26668	1.24587	2102.73914	0.07	4.67297	0.09905	0.01404	-4.67404	-234.883	55.42733	
311.0	7	13.19038	-1.02523	-0.01913	30024.39701	638.12279	49.6909	30031.21852	44.64437	-2101.66329	14.06464	2102.18447	0.07	4.66947	0.09924	0.00773	-4.67054	-231.18002	55.85025	
312.0	7	13.19076	-1.06397	-0.02087	30031.42351	639.75621	48.18331	30038.27571	44.75435	-2102.20066	17.82891	2102.75259	0.07	4.66853	0.09945	0.00749	-4.6696	-226.82049	56.04696	
313.0	7	13.19114	-1.10289	-0.01303	30029.9136	641.28669	68.82672	30036.839	44.86165	-2102.06572	12.13404	2102.57939	0.07	4.6659	0.09964	0.01069	-4.66697	-222.78707	56.31944	
313.0	56	5.12809	-1.17029	-12.06606	3.62772	0.13367	-8.83401	9.55081	0.20184	-0.63314	0.07331	0.66856	0.07	0.0	0.0	-0.0	-0.0	-129.79257	2.67908	
314.0	7	13.19186	-1.14174	-0.01817	30031.66035	643.10602	58.32153	30038.602	44.99238	-2102.18347	12.53214	2102.70224	0.07	4.6632	0.09986	0.00906	-4.66428	-218.00643	56.23423	
314.0	56	5.17154	-1.17909	-12.04877	2.21727	0.08225	-5.34697	5.78906	0.10653	-0.38911	0.03819	0.40523	0.07	0.0	0.0	-0.0	-0.0	-129.25045	3.62543	
315.0	7	13.19254	-1.18058	-0.02039	30032.85827	645.02237	56.5181	30039.83729	45.13017	-2102.27548	11.09102	2102.78909	0.07	4.66153	0.10012	0.00877	-4.66262	-214.14449	56.28679	
316.0	7	13.19321	-1.21946	-0.0284	30035.53587	647.01695	39.7438	30042.53028	45.26743	-2102.40604	16.62705	2102.95905	0.07	4.66023	0.10039	0.00617	-4.66132	-209.45156	56.04221	
317.0	7	13.19395	-1.2582	-0.03607	30023.84254	648.83124	23.60871	30030.8618	45.40204	-2101.64483	19.8762	2102.22915	0.07	4.65612	0.10062	0.00366	-4.65721	-205.37621	55.91758	
317.0	67	5.11106	-1.57605	12.00085	13.60697	0.06341	33.22936	35.90744	0.05815	-2.51275	-0.01902	2.5135	0.07	0.0	0.0	0.0	-0.0	-32.48888	92.13797	
318.0	7	13.19468	-1.29693	-0.02483	30034.78026	650.76972	52.58703	30041.87564	45.52925	-2102.44666	14.21613	2102.98763	0.07	4.65576	0.10088	0.00815	-4.65686	-200.37898	55.66685	
319.0	7	13.19543	-1.33526	-0.02179	30077.73283	653.76516	62.09989	30084.90115	45.74229	-2105.4273	10.1535	2105.94861	0.07	4.66055	0.1013	0.00962	-4.66166	-196.03106	55.47734	
320.0	7	13.19624	-1.37352	-0.0231	30024.59833	654.59608	61.29155	30031.79577	45.7964	-2101.70476	12.22201	2102.23918	0.07	4.6503	0.10139	0.00949	-4.65141	-191.37885	55.18626	
321.0	7	13.19699	-1.41155	-0.01677	29997.00303	656.07693	77.89603	30004.27795	45.90346	-2099.78478	8.39837	2100.30326	0.07	4.64362	0.10156	0.01206	-4.64474	-187.22883	54.86443	
321.0	56	5.28765	-1.47998	-12.00884	4.21176	0.16695	-9.88229	10.74367	0.07296	-0.74831	0.01845	0.75209	0.07	0.0	0.0	-0.0	-0.0	-118.49269	8.90948	
322.0	7	13.1976	-1.44953	-0.01597	29216.74452	640.53904	78.98991	29223.87192	44.8182	-2045.16801	7.19128	2045.67167	0.07	4.52009	0.0991	0.01222	-4.52119	-184.21362	55.15186	
323.0	7	13.19773	-1.48761	-0.01071	28602.44689	627.934	90.54683	28609.48213	43.93822	-2002.17003	5.4122	2002.6594	0.07	4.42178	0.09708	0.014	-4.42287	-179.93501	54.93869	
324.0	7	13.19799	-1.52514	-0.02361	28552.85046	627.90241	63.83248	28559.82502	43.93029	-1998.84942	11.70955	1999.3664	0.07	4.41073	0.097	0.00986	-4.41181	-175.38806	54.23877	
325.0	7	13.19835	-1.56203	-0.02553	28509.02418	628.18891	61.32546	28516.01027	43.95552	-1995.63793	8.29336	1996.13917	0.07	4.39976	0.09695	0.00946	-4.40084	-170.12393	53.28148	
325.0	50	5.24451	-1.86958	11.94053	4.18997	0.01268	9.92421	10.77246	0.01329	-0.75394	-0.00465	0.75407	0.07	0.0	0.0	0.0	-0.0	-22.43136	82.22096	
326.0	7	13.19876	-1.5983	-0.01695	28473.64763	629.00505	82.051	28480.71258	44.01589	-1993.1258	4.79345	1993.61752	0.07	4.39113	0.097	0.01265	-4.39221	-165.32764	52.67564	
326.0	56	5.34458	-1.64827	-11.98852	1.2403	0.05062	-2.85942	3.11724	0.01614	-0.2176	0.00315	0.21822	0.07	0.0	0.0	-0.0	-0.0	-109.8514	11.53386	
327.0	7	13.1992	-1.63392	-0.01206	28423.28793	629.61832	93.71105	28430.41501	44.05003	-1989.62784	7.03743	1990.12786	0.07	4.37958	0.09701	0.01444	-4.38068	-160.51312	51.9102	
327.0	56	5.39483	-1.66112	-11.9673	9.30952	0.38241	-21.29309	23.2424	0.13327	-1.62123	0.02915	1.62696	0.07	0.0	0.0	-0.0	-0.0	-108.91121	11.77394	
328.0	7	13.19975	-1.66869	-0.0072	28356.86764	630.26446	106.44036	28364.07068	44.09553	-1984.97772	6.10451	1985.47683	0.07	4.36532	0.09702	0.01639	-4.36643	-155.54809	51.04367	
328.0	56	5.44458	-1.68132	-11.94621	13.63813	0.56273	-30.87728	33.75976	0.19366	-2.35479	0.04262	2.36312	0.07	0.0	0.0	-1e-05	-1e-05	-108.23279	11.89957	
329.0	7	13.20015	-1.70269	-0.00368	28279.39976	630.76174	116.05279	28286.67141	44.132	-1979.56812	5.24958	1980.06695	0.07	4.34957	0.09702	0.01785	-4.35069	-151.16185	50.3712	
329.0	56	5.49168	-1.74194	-11.92681	16.95265	0.70128	-37.9291	41.55119	0.21355	-2.90043	0.04182	2.90858	0.07	2e-05	0.0	-4e-05	-4e-05	-106.61573	12.26944	
330.0	7	13.20076	-1.73612	0.01479	28156.34083	629.95212	157.39783	28163.82685	44.07122	-1970.97216	4.66183	1971.47033	0.07	4.32682	0.09681	0.02419	-4.32797	-146.30771	49.55111	
330.0	56	5.5445	-1.78279	-11.90424	34.78772	1.44511	-77.07003	84.56987	0.39976	-5.90603	0.0697	5.91995	0.07	5e-05	0.0	-0.00012	-0.00013	-105.74273	12.39817	
331.0	7	13.20145	-1.76819	-0.01583	28025.52434	630.1172	90.63936	28032.75366	44.09204	-1961.79234	5.03755	1962.29424	0.07	4.30367	0.09676	0.01392	-4.30478	-141.7284	48.63848	
332.0	7	13.20194	-1.79984	-0.02075	27859.83297	628.9004	80.40512	27867.04637	44.00391	-1950.18608	6.60829	1950.69366	0.07	4.2745	0.09649	0.01234	-4.2756	-137.66358	47.85402	
333.0	7	13.20237	-1.83078	-0.01912	27675.37308	627.05589	85.05163	27682.6066	43.87508	-1937.26787	6.06646	1937.77414	0.07	4.24207	0.09611	0.01304	-4.24318	-133.34198	46.95299	
333.0	56	5.51695	-1.84196	-11.91879	0.52451	0.02233	-1.16786	1.28043	0.00684	-0.08936	0.00136	0.08963	0.07	0.0	0.0	-0.0	-0.0	-100.40071	12.515	
334.0	7	13.20283	-1.86058	-0.01926	27494.71676	625.80996	84.90124	27501.96895	43.78633	-1924.62883	6.58605	1925.13811	0.07	4.21035	0.09583	0.013	-4.21146	-129.61201	45.95776	
335.0	7	13.20326	-1.88921	-0.01326	27341.29205	625.74858	98.46201	27348.62898	43.82165	-1913.77817	-6.05848	1914.2894	0.07	4.18127	0.0957	0.01506	-4.1824	-127.6626	45.23752	
336.0	7	13.20378	-1.91615	-0.01273	27186.28797	627.17852	99.14429	27193.70214	43.87772	-1903.07101	6.99041	1903.58961	0.07	4.1548	0.09585	0.01515	-4.15593	-132.38984	44.85534	
337.0	7	13.2045	-1.94065	-0.01699	26999.76774	630.85621	89.70643	27007.28578	44.13912	-1889.97611	6.21096	1890.50166	0.07	4.12174	0.09631	0.01369	-4.12289	-137.15501	44.33236	
338.0	7	13.20519	-1.96384	-0.01735	26809.55105	635.01907	87.86431	26817.21457	44.42957	-1876.6642	6.60925	1877.2017	0.07	4.08835	0.09684	0.0134	-4.08952	-132.2818	43.13382	
339.0	7	13.20576	-1.98637	-0.0181	26709.93873	640.45444	85.14859	26717.75176	44.80819	-1869.68925	7.3622	1870.24059	0.07	4.06942	0.09758	0.01297	-4.07061	-125.892	41.82998	
340.0	7	13.20649	-2.00812	-0.01738	26718.43542	647.86324	86.66362	26726.4294	45.32763	-1870.28827	7.01319	1870.85061	0.07	4.06666	0.09861	0.01319	-4.06788	-119.03393	40.40516	
341.0	7	13.20716	-2.0289	-0.017	26727.56131	654.99207	85.73251	26735.72326	45.82191	-1870.91913	8.50753	1871.49951	0.07	4.06368	0.09959	0.01303	-4.06492	-112.03202	38.83425	
342.0	7	13.20776	-2.04864	-0.0172	26726.51448	661.65936	84.99993	26734.83859	46.28821	-1870.84451	8.69669	1871.43726	0.07	4.05981	0.10051	0.01291	-4.06107	-104.91903	37.3132	
343.0	7	13.20857	-2.06738	-0.02124	26733.60361	668.17366	76.58656	26742.06206	46.74252	-1871.33286	10.17542	1871.9442	0.07	4.0569	0.1014	0.01162	-4.05818	-98.0967	35.83313	
344.0	7	13.20925	-2.08536	-0.00698	26730.39923	673.62478	105.50943	26739.09396	47.11832	-1871.12202	8.9354	1871.73652	0.07	4.05282	0.10213	0.016	-4.05414	-91.08802	34.40369	
344.0	56	5.76193	-2.19088	-11.80973	8.14012	0.32615	-17.23161	19.06033	0.09849	-1.33042	0.02135	1.33423	0.07	0.0	0.0	-0.0	-0.0	-92.15057	7.94784	
345.0	7	13.20993	-2.10227	-0.01075	26734.82164	678.92182	96.50599	26743.61487	47.45814	-1871.29297	17.37395	1871.9753	0.07	4.05044	0.10286	0.01462	-4.05177	-81.86526	32.85737	
346.0	7	13.21046	-2.11869	-0.01413	26732.82453	682.51963	89.2422	26741.68477	47.73212	-1871.31718	13.40577	1871.97384	0.07	4.04744	0.10334	0.01351	-4.04878	-73.92902	31.3771	
346.0	56	5.7108	-2.19183	-11.83328	3.47915	0.13921	-7.45803	8.2308	0.04747	-0.57408	0.01143	0.57615	0.07	0.0	0.0	-0.0	-0.0	-79.40919	9.15078	
347.0	7	13.21092	-2.13432	0.00898	26720.61375	685.00829	136.60724	26729.74181	47.89548	-1870.4379	10.7532	1871.08192	0.07	4.04237	0.10363	0.02067	-4.04375	-66.60786	29.85657	
347.0	56	5.76828	-2.20208	-11.80641	18.01682	0.71802	-38.23267	42.27125	0.20906	-2.95128	0.04309	2.95899	0.07	0.0	0.0	-0.0	-0.0	-75.11869	9.37061	
348.0	7	13.21132	-2.14904	0.0347	26700.40635	686.54993	189.13619	26709.9012	47.98019	-1869.03804	11.08883	1869.68667	0.07	4.03674	0.1038	0.02859	-4.03817	-59.83556	28.37259	
348.0	56	5.82566	-2.21351	-11.77932	40.07328	1.5893	-84.02441	93.10475	0.44965	-6.50105	0.09148	6.51723	0.07	1e-05	0.0	-1e-05	-1e-05	-71.37363	9.46545	
349.0	7	13.21155	-2.16264	0.06417	26674.85412	687.60241	249.95908	26684.88558	48.0331	-1867.28902	10.70736	1867.9374	0.07	4.03073	0.1039	0.03777	-4.03225	-53.85166	26.8601	
349.0	56	5.88412	-2.22579	-11.75141	67.30974	2.65596	-139.36133	154.78771	0.72908	-10.80947	0.14613	10.83502	0.07	2e-05	0.0	-4e-05	-5e-05	-68.40295	9.29527	
350.0	7	13.21245	-2.17414	-0.01806	26743.70011	692.26395	80.11878	26752.77825	48.39483	-1871.96754	20.45324	1872.70469	0.07	4.03889	0.10455	0.0121	-4.04026	-48.09714	25.23596	
351.0	7	13.21283	-2.18521	-0.0062	26743.89618	693.6762	105.26857	26753.09797	48.50533	-1872.04409	13.02346	1872.71766	0.07	4.03681	0.10471	0.01589	-4.0382	-42.30523	23.68608	
352.0	7	13.21313	-2.19502	0.00319	26748.4146	695.10065	123.91398	26757.73165	48.60719	-1872.37675	10.69369	1873.0381	0.07	4.03523	0.10486	0.01869	-4.03664	-36.4382	22.09178	
353.0	7	13.21347	-2.2035	0.00634	26751.63429	696.42478	130.13409	26761.01417	48.70385	-1872.58745	9.28773	1873.24373	0.07	4.03376	0.10501	0.01962	-4.03517	-30.49853	20.5208	
354.0	7	13.21373	-2.21066	0.00472	26752.584	697.60746	126.5806	26761.97731	48.78343	-1872.68349	10.39066	1873.34761	0.07	4.03194	0.10514	0.01908	-4.03336	-24.60663	18.88602	
355.0	7	13.21389	-2.21654	0.00378	26757.76846	698.76065	125.3173	26767.18409	48.85226	-1873.02128	12.89575	1873.70263	0.07	4.03039	0.10525	0.01888	-4.03181	-18.50104	17.19795	
355.0	111	5.88819	-2.35048	-11.75214	0.53766	0.02105	-1.10571	1.22968	0.00549	-0.0859	0.00103	0.08608	0.07	0.0	0.0	-0.0	-0.0	-50.58936	7.32089	
356.0	5	13.21419	-2.22109	0.00541	26755.24653	699.64315	128.53861	26764.70137	48.88034	-1872.7629	19.14055	1873.49847	0.07	4.02837	0.10534	0.01935	-4.02979	-12.73136	15.55272	
357.0	10	13.21438	-2.22428	0.00388	26759.54388	700.67029	124.78685	26769.00632	48.98233	-1873.14272	13.70785	1873.83319	0.07	4.0272	0.10545	0.01878	-4.02862	-6.53249	13.80611	
358.0	10	13.21456	-2.22606	-0.00297	26761.15655	701.63651	111.67626	26770.58582	49.04255	-1873.23309	16.95462	1873.95166	0.07	3.34291	0.08765	0.01395	-3.34408	-2.26533	12.25116	
359.0	10	13.21461	-2.22633	-0.00654	26765.31878	702.9489	102.74286	26774.74524	49.14526	-1873.52054	15.57935	1874.22976	0.07	1.5801	0.0415	0.00607	-1.58066	-0.95378	10.82441	
360.0	76	5.85627	-2.32778	-11.76697	2.12946	0.08309	-4.4322	4.91792	0.03512	-0.34228	0.01046	0.34424	0.07	0.0	0.0	-0.0	-0.0	-44.68098	2.96809	
360.0	95	13.21485	-2.22491	-0.01849	26765.67268	704.73736	78.04186	26775.06263	49.28515	-1873.5395	15.41491	1874.25102	0.07	0.8245	0.02171	0.0024	-0.82479	-0.48922	9.4285	
