Version	KoJaC2_v7r2	 	 INTERNAL 
Testrig	Axial Cycle Force Generation 
Modfile	016cccc.mod
comment	VShape GPPC ZUM
Analysis name	.a016cccc_t2600a200d
Applied torque	2600.0
Rpm	200.0
Articulation angle	20.0
Mode	Drive
Contact	cfo_ro_tu_1
Part	oroller_1
RefSystem	oroller_1.ro_ref


Angle_Rot_Spider.Last_Rot	Track	CPoint_x	CPoint_y	CPoint_z	Normal_Force_x	Normal_Force_y	Normal_Force_z	Normal_Force_mag	Friction_Force_x	Friction_Force_y	Friction_Force_z	Friction_Force_mag	Friction_Force_Mu	Friction_Torque_x	Friction_Torque_y	Friction_Torque_z	Friction_Torque_mag	Boring_Velocity	Slip_Velocity	Pos_Ball_x	Pos_Ball_y	Pos_Ball_z	
0.0	1	22.24111	-4.00959	9.54775	-22356.77534	6381.9357	-9597.0644	25152.69672	-157.46386	-1607.05625	-701.85479	1760.68873	0.07	2.63997	-0.7536	1.13326	2.97013	15.13577	1.51903	
0.0	2	22.44833	3.65412	9.59661	-4037.71213	-839.10343	-1726.14246	4470.65785	-50.38611	-214.56723	222.16517	312.94603	0.07	0.32031	0.06657	0.13694	0.35466	13.65682	2.04971	
0.0	14	-21.88074	-5.41998	-9.34092	2013.75774	768.25859	859.69897	2320.45767	40.47286	57.68309	-146.3513	162.43181	0.07	0.08838	0.03372	0.03773	-0.10184	-12.53978	4.41734	
0.0	17	19.08458	9.1995	5.66414	-74.53619	-2660.57377	-22.35988	2661.71156	-23.3291	-0.89995	184.85131	186.31979	0.07	-0.00614	-0.21919	-0.00184	-0.21929	-3.41936	2.67324	
1.0	1	22.24142	-4.01035	9.54655	-22126.81709	6316.81208	-9497.04934	24893.61556	-176.31309	-1604.52307	-656.43791	1742.5531	0.07	2.61115	-0.74544	1.12073	2.93766	20.27879	1.4734	
1.0	2	22.44745	3.65542	9.59804	-4053.21924	-842.69154	-1733.0965	4488.02169	-77.48051	-160.02098	259.01258	314.16152	0.07	0.32184	0.06691	0.13761	0.35636	21.01608	2.78147	
1.0	14	-21.88029	-5.41813	-9.34358	1853.81617	707.059	791.65849	2136.18585	-14.059	125.86851	-79.49596	149.53309	0.07	0.0816	0.03112	0.03485	-0.09402	-20.33388	0.40821	
1.0	17	19.02489	9.19949	5.83341	-74.10219	-2650.84744	-22.95907	2651.98235	-57.79347	0.08765	176.41332	185.63877	0.07	0.0032	0.11433	0.00099	0.11438	1.56864	4.52091	
2.0	1	22.24223	-4.01137	9.544	-22061.56685	6298.50638	-9466.2014	24819.20392	-221.76114	-1627.50223	-566.05969	1737.34426	0.07	2.60064	-0.74247	1.11588	2.92571	25.76629	1.53198	
2.0	2	22.44647	3.65829	9.59896	-4097.80315	-852.73385	-1752.40259	4537.62719	-89.86804	-132.2018	274.47715	317.63389	0.07	0.32575	0.06779	0.1393	0.36071	26.81948	3.55883	
2.0	14	-21.87932	-5.41806	-9.34593	1838.81922	701.32279	785.48607	2118.98517	-62.4399	131.42079	28.83221	148.3289	0.07	0.0809	0.03086	0.03456	-0.09323	-25.98833	0.51393	
2.0	17	18.94597	9.19945	6.05969	-73.30287	-2632.60336	-23.68217	2633.73017	-61.50388	0.14908	173.7995	184.36111	0.07	0.00446	0.16028	0.00144	0.16035	2.25802	5.963	
3.0	1	22.2444	-4.01159	9.5388	-22317.66448	6371.19277	-9569.95697	25104.8665	-275.1081	-1670.64064	-470.66077	1757.34065	0.07	2.63028	-0.75089	1.12788	2.95877	28.47572	1.87121	
3.0	2	22.44674	3.65861	9.59817	-4155.6348	-864.84352	-1776.96663	4601.61551	-93.17248	-128.34868	280.36109	322.11308	0.07	0.33093	0.06887	0.14151	0.36645	35.09852	4.39571	
3.0	14	-21.87976	-5.41551	-9.34707	2125.33173	810.31423	907.96548	2449.09073	-78.53756	41.78312	146.54843	171.43634	0.07	0.09392	0.03581	0.04012	-0.10823	-35.80788	10.80674	
3.0	17	18.84677	9.19941	6.33995	-74.1176	-2672.56971	-25.17312	2673.71576	-66.20458	0.18714	175.05948	187.1601	0.07	0.00755	0.27208	0.00256	0.2722	14.83545	8.3277	
4.0	1	22.24804	-4.01151	9.53033	-22352.13943	6380.08074	-9574.67046	25139.56805	-273.45818	-1672.0228	-475.76208	1759.76964	0.07	2.63474	-0.75205	1.12861	2.9633	31.69704	1.73906	
4.0	2	22.44826	3.65778	9.59501	-4168.04598	-867.15273	-1781.56802	4615.03475	-101.01601	-106.04448	287.94642	323.05232	0.07	0.33254	0.06918	0.14214	0.3682	40.97986	4.94716	
4.0	14	-21.88142	-5.41191	-9.34625	2162.04122	823.8849	923.49586	2491.19513	-76.79952	29.10683	153.83182	174.3835	0.07	0.09616	0.03665	0.04108	-0.1108	-42.33877	15.49136	
4.0	17	18.72464	9.1994	6.67188	-74.52841	-2700.24176	-26.79677	2701.40299	-69.33308	0.16775	175.92903	189.09819	0.07	0.00763	0.27659	0.00274	0.27671	20.83651	9.90207	
5.0	1	22.25191	-4.01136	9.52138	-22413.77682	6396.70809	-9590.39335	25204.58114	-291.72913	-1683.24714	-440.90881	1764.32066	0.07	2.50316	-0.71438	1.07105	2.81484	3.65514	0.84283	
5.0	2	22.45141	3.6564	9.58831	-4106.01472	-853.77311	-1753.58939	4545.697	-76.85231	-165.63675	260.59289	318.19878	0.07	0.32784	0.06817	0.14001	0.36295	16.84654	1.50559	
5.0	14	-21.88482	-5.40887	-9.34083	2142.70518	816.09084	914.56272	2468.52481	-71.67119	12.53448	156.73168	172.79668	0.07	0.09583	0.0365	0.0409	-0.11041	-20.61326	24.31797	
5.0	17	18.66996	9.1994	6.80741	-72.61468	-2634.40846	-26.71099	2635.5444	-76.96262	0.42136	167.66766	184.48812	0.07	0.00747	0.27118	0.00275	0.2713	29.80632	4.73487	
6.0	1	22.2565	-4.0114	9.51063	-22172.75343	6326.77476	-9474.6038	24928.4414	-278.86284	-1660.96718	-456.52657	1744.99082	0.07	2.216	-0.63231	0.94692	2.49142	3.00043	1.07073	
6.0	2	22.45542	3.656	9.57913	-4179.60612	-868.81368	-1783.00238	4626.34218	-62.01392	-203.22405	244.39541	323.84388	0.07	0.33395	0.06942	0.14246	0.36964	18.41427	1.67622	
6.0	14	-21.88895	-5.40694	-9.3327	1863.43481	709.42243	794.52191	2146.37707	-59.05192	0.38397	138.15478	150.24653	0.07	0.08363	0.03184	0.03566	-0.09632	-22.87051	28.37362	
6.0	17	18.62806	9.19939	6.90246	-85.39939	-3101.10533	-31.92047	3102.44521	-97.78528	0.69689	193.90945	217.17118	0.07	0.00884	0.32108	0.0033	0.32122	34.83539	5.21667	
7.0	1	22.26202	-4.01251	9.49702	-21440.7163	6116.04562	-9146.40229	24099.10796	-240.7789	-1592.83094	-500.67277	1686.93749	0.07	1.86701	-0.53257	0.79645	2.0985	2.49062	1.902	
7.0	2	22.45922	3.66326	9.56673	-4423.1993	-921.30747	-1884.187	4895.26916	-21.08214	-285.11822	188.90485	342.66879	0.07	0.35453	0.07385	0.15102	0.39237	21.35088	2.33068	
7.0	14	-21.8918	-5.41261	-9.3211	1105.75615	421.18489	470.82317	1273.48649	-31.73203	-9.24066	82.791	89.14405	0.07	0.04909	0.0187	0.0209	-0.05654	-26.84314	34.78592	
7.0	17	18.56585	9.19935	7.00259	-120.87956	-4401.45032	-45.98635	4403.35004	-154.40658	1.45337	266.76771	308.23451	0.07	0.01277	0.46496	0.00486	0.46516	42.59426	5.96691	
8.0	1	22.26827	-4.01461	9.48109	-20883.58685	5954.41643	-8891.25282	23465.5844	-212.94093	-1539.73934	-531.00266	1642.59091	0.07	1.20321	-0.34306	0.51227	1.35197	1.55433	2.46003	
8.0	2	22.46227	3.67991	9.55155	-4667.01466	-976.81814	-1984.64512	5164.68932	0.54073	-324.86977	158.62539	361.52825	0.07	0.37657	0.07882	0.16014	0.41673	23.17974	2.75856	
8.0	14	-21.89241	-5.42819	-9.30621	606.59698	231.47964	257.8656	698.59673	-16.90583	-6.32683	45.44831	48.90178	0.07	0.02619	0.00999	0.01113	-0.03016	-29.50717	39.87899	
8.0	17	18.482	9.19935	7.10207	-144.22465	-5274.53578	-55.89321	5276.80325	-189.00667	1.80521	317.35158	369.37623	0.07	0.01579	0.57752	0.00612	0.57777	48.75259	6.43235	
9.0	1	22.27551	-4.01621	9.46316	-20816.73371	5931.98131	-8843.08996	23382.15226	-208.43804	-1532.0281	-537.02528	1636.75064	0.07	0.47171	-0.13442	0.20039	0.52984	0.59506	2.36857	
9.0	2	22.46613	3.6965	9.53451	-4782.92402	-1005.86241	-2029.95139	5292.33635	-6.68895	-325.38125	176.99021	370.46354	0.07	0.38882	0.08177	0.16502	0.43023	24.9821	2.65477	
9.0	14	-21.89366	-5.444	-9.28951	629.01737	240.48152	266.89748	724.38145	-18.28164	-4.44123	47.08738	50.70665	0.07	0.02638	0.01008	0.01119	-0.03038	-32.13903	44.79622	
9.0	17	18.39501	9.19936	7.20503	-142.51489	-5233.70411	-56.28926	5235.94669	-176.40924	1.34839	321.26646	366.51627	0.07	0.01616	0.59336	0.00638	0.59362	54.88189	7.0644	
10.0	1	22.28357	-4.01723	9.44367	-20757.11979	5911.24975	-8796.39022	23306.16606	-224.9692	-1536.0862	-501.39618	1631.43191	0.07	-0.17701	0.05041	-0.07501	-0.19874	-0.20825	2.11743	
10.0	2	22.47108	3.70981	9.51631	-4860.76435	-1026.05444	-2058.54229	5377.49144	6.68047	-342.9026	155.14111	376.42474	0.07	0.39796	0.084	0.16854	0.44026	19.28941	2.27351	
10.0	14	-21.8967	-5.45609	-9.27163	615.38301	235.54605	260.5742	708.57399	-17.80945	-4.44511	46.07772	49.59931	0.07	0.02516	0.00963	0.01065	-0.02897	-25.0202	35.8018	
10.0	17	18.31339	9.19936	7.31064	-140.38777	-5174.4319	-56.50513	5176.64438	-169.62967	1.10555	320.20714	362.36454	0.07	0.01637	0.60352	0.00659	0.60378	43.81787	5.48663	
11.0	1	22.2927	-4.01772	9.42203	-20711.43942	5894.06495	-8753.47165	23244.93472	-199.12098	-1518.00923	-551.00001	1627.14542	0.07	-1.29832	0.36948	-0.54872	-1.45714	-1.73542	2.01724	
11.0	2	22.47733	3.72054	9.49621	-4927.75084	-1043.20904	-2081.89054	5450.25519	-23.26511	-315.54369	213.18252	381.51786	0.07	0.40608	0.08597	0.17156	0.44914	27.30347	2.34	
11.0	14	-21.90078	-5.46745	-9.25194	615.15706	235.71443	259.8771	708.17767	-18.48917	-2.38954	45.93322	49.57237	0.07	0.02456	0.00941	0.01038	-0.02828	-35.88038	53.33785	
11.0	17	18.23744	9.1993	7.42092	-140.2558	-5187.06472	-57.53524	5189.27956	-158.04901	0.64577	327.06321	363.24957	0.07	0.01671	0.61816	0.00686	0.61842	65.19208	8.03212	
12.0	1	22.30259	-4.01784	9.3983	-20662.52262	5875.67591	-8707.04607	23179.21612	-192.66763	-1509.96231	-561.7347	1622.54518	0.07	-2.21554	0.63002	-0.93361	-2.48539	-3.52485	1.82071	
12.0	2	22.4847	3.72945	9.47403	-4982.68905	-1057.26509	-2099.49291	5509.34389	-35.60068	-302.34576	236.7461	385.65409	0.07	0.41318	0.08767	0.1741	0.45685	29.28885	2.18622	
12.0	14	-21.90596	-5.4779	-9.23043	598.91391	229.71401	252.36597	689.31486	-18.18905	-1.64382	44.66245	48.25224	0.07	0.02339	0.00897	0.00986	-0.02692	-39.03372	60.36164	
12.0	17	18.16484	9.1993	7.53289	-139.36892	-5170.75635	-58.26077	5172.96233	-150.29928	0.33912	329.44156	362.10734	0.07	0.0169	0.62708	0.00707	0.62735	73.60507	8.82868	
13.0	1	22.31331	-4.01759	9.37279	-20604.25064	5854.28577	-8654.80161	23102.23793	-220.98681	-1521.04666	-502.76996	1617.15668	0.07	-2.38849	0.67864	-1.00328	-2.67806	-8.93005	1.45623	
13.0	2	22.49322	3.73722	9.44966	-5024.18561	-1068.09605	-2110.75076	5553.2458	-7.06176	-339.76072	188.73696	388.72722	0.07	0.41916	0.08911	0.1761	0.4633	23.73183	1.56876	
13.0	14	-21.91216	-5.48804	-9.20682	547.20542	210.07758	229.91892	629.62614	-16.58281	-1.46856	40.80881	44.07386	0.07	0.02092	0.00803	0.00879	-0.02408	-33.66128	60.47315	
13.0	17	18.10371	9.1993	7.62555	-136.31204	-5070.94639	-57.87333	5073.10828	-145.03302	0.19918	324.15101	355.11758	0.07	0.01677	0.62378	0.00712	0.62404	73.22246	7.6909	
14.0	1	22.3248	-4.01713	9.34558	-20542.60299	5831.69033	-8599.32376	23020.76278	-237.48953	-1524.13037	-466.2696	1611.45339	0.07	-2.37898	0.67535	-0.99586	-2.66597	-15.39659	1.17151	
14.0	2	22.5028	3.74482	9.42282	-5063.08033	-1078.29595	-2120.14878	5593.97313	13.89118	-361.21759	150.54005	391.57811	0.07	0.42483	0.09048	0.1779	0.46938	24.37465	1.19336	
14.0	14	-21.91953	-5.49829	-9.18036	495.57841	190.4342	207.55905	570.03851	-15.04499	-1.11051	36.94105	39.90271	0.07	0.01854	0.00713	0.00777	-0.02133	-36.65595	73.97961	
14.0	17	18.06365	9.1993	7.67664	-134.05948	-4996.59194	-57.42309	4998.71987	-139.23008	0.04629	321.01754	349.91038	0.07	0.01668	0.62167	0.00714	0.62194	89.10459	8.48575	
15.0	1	22.33706	-4.01666	9.31655	-20484.45846	5810.01811	-8543.58099	22942.58322	-247.43327	-1523.72861	-442.94709	1605.98077	0.07	-2.37	0.6722	-0.98847	-2.6544	-16.3862	0.93282	
15.0	2	22.51338	3.75158	9.39402	-5096.11888	-1086.96853	-2126.4304	5627.93341	27.3711	-372.6337	124.88288	393.9553	0.07	0.42976	0.09167	0.17932	0.47461	22.09023	0.92826	
15.0	14	-21.92737	-5.50989	-9.15128	448.19902	172.42384	187.05906	515.36728	-13.53872	-1.06546	33.42129	36.07513	0.07	0.01639	0.00631	0.00684	-0.01885	-34.03992	71.65042	
15.0	17	18.03552	9.1993	7.70651	-132.22927	-4936.06626	-56.94744	4938.16542	-135.60169	-0.0358	317.96389	345.6716	0.07	0.0166	0.61982	0.00715	0.62008	86.15059	7.93524	
16.0	1	22.35017	-4.01619	9.28547	-20427.00265	5788.44224	-8486.2389	22864.48669	-260.63577	-1524.35259	-412.38756	1600.51408	0.07	-2.3612	0.6691	-0.98094	-2.64296	-21.25722	0.7042	
16.0	2	22.52494	3.75788	9.36312	-5132.38485	-1096.16095	-2133.38352	5665.18035	40.32327	-381.83554	99.18454	396.56263	0.07	0.43474	0.09285	0.18071	0.47987	24.39111	0.69453	
16.0	14	-21.93625	-5.52046	-9.12031	393.10425	151.36592	163.44384	451.83679	-11.85917	-0.84878	29.30895	31.6287	0.07	0.01405	0.00541	0.00584	-0.01615	-38.64903	85.13038	
16.0	17	18.01521	9.1993	7.7237	-130.42209	-4875.61042	-56.35741	4877.68009	-130.30319	-0.16239	315.59577	341.43761	0.07	0.0165	0.6169	0.00713	0.61716	102.15024	9.09438	
17.0	1	22.36425	-4.01587	9.25196	-20361.09947	5764.4717	-8423.11667	22776.13664	-264.18233	-1520.10859	-401.7017	1594.32954	0.07	-2.35125	0.66567	-0.97268	-2.63013	-22.89706	0.4901	
17.0	2	22.53768	3.76413	9.32941	-5166.90112	-1104.92399	-2138.8368	5700.20588	48.0073	-387.1058	84.00526	399.0144	0.07	0.43936	0.09396	0.18187	0.48471	24.56098	0.49387	
17.0	14	-21.94666	-5.52933	-9.08722	335.39781	129.20922	138.87737	385.32277	-10.05855	-0.77681	25.01477	26.97252	0.07	0.01173	0.00452	0.00486	-0.01347	-39.40875	88.53947	
17.0	17	18.00047	9.1993	7.73268	-128.82125	-4822.85041	-55.77599	4824.89295	-126.93281	-0.22917	312.98243	337.7425	0.07	0.0164	0.61405	0.0071	0.61431	106.13596	9.32337	
18.0	1	22.37887	-4.01558	9.21645	-20297.27866	5741.05468	-8359.06606	22689.4957	-256.33079	-1511.34647	-415.58534	1588.26471	0.07	-2.34179	0.66237	-0.96442	-2.61779	-25.76959	0.35842	
18.0	2	22.55112	3.77014	9.29351	-5203.39639	-1114.02124	-2144.4492	5737.16303	50.18198	-390.15135	80.91595	401.60142	0.07	0.44411	0.09508	0.18303	0.48966	26.74193	0.34653	
18.0	14	-21.95816	-5.53754	-9.05208	282.75549	108.95908	116.56683	324.66994	-8.46778	-0.58084	21.08317	22.72754	0.07	0.00967	0.00373	0.00399	-0.0111	-43.17345	97.94498	
18.0	17	17.98981	9.1993	7.73635	-127.32263	-4773.91132	-55.18647	4775.92775	-122.94806	-0.31476	310.88601	334.31488	0.07	0.01629	0.61094	0.00706	0.6112	117.36781	10.24948	
19.0	1	22.39418	-4.01544	9.17909	-20085.24225	5675.76443	-8232.58127	22436.72553	-270.29482	-1479.30385	-360.42683	1546.38503	0.06892	-2.31521	0.65424	-0.94896	-2.58626	-24.17653	0.08969	
19.0	2	22.56517	3.77618	9.25601	-5158.56173	-1105.67066	-2116.05512	5684.27269	63.41375	-389.73861	49.05297	397.89909	0.07	0.44176	0.09469	0.18121	0.48678	23.87521	0.12839	
19.0	14	-21.97008	-5.54683	-9.01496	212.56299	81.94165	87.22311	243.93714	-6.27625	-0.61014	15.86845	17.07546	0.07	0.00709	0.00273	0.00291	-0.00814	-38.92656	89.67457	
19.0	17	17.98239	9.1993	7.73616	-125.30446	-4706.03774	-54.33356	4708.01917	-122.11981	-0.28248	306.10025	329.56136	0.07	0.0161	0.60477	0.00698	0.60502	107.33432	9.28849	
20.0	1	22.41036	-4.01554	9.13948	-20089.69692	5671.68096	-8192.86665	22425.14106	-268.21976	-1454.03697	-348.88644	1519.17316	0.06774	-2.31273	0.65293	-0.94317	-2.58159	-26.32374	0.08496	
20.0	2	22.57996	3.78256	9.2165	-5236.82787	-1123.7718	-2137.46907	5766.80182	69.18647	-387.60957	34.27748	395.22512	0.06853	0.44969	0.0965	0.18355	0.4952	25.87608	0.08794	
20.0	14	-21.98288	-5.55589	-8.97554	168.77268	65.07652	68.91115	193.56632	-4.98652	-0.40174	12.59204	13.5494	0.07	0.00548	0.00211	0.00224	-0.00629	-42.21114	97.32752	
20.0	17	17.97696	9.1993	7.73334	-124.96233	-4702.02344	-54.18271	4703.99572	-118.72456	-0.3839	307.13105	329.27974	0.07	0.01612	0.60641	0.00699	0.60667	116.52169	10.08103	
21.0	1	22.42776	-4.01478	9.09742	-20157.54607	5684.44489	-8176.394	22483.1714	-283.57134	-1497.27903	-341.8497	1561.76772	0.06946	-2.3191	0.65399	-0.94068	-2.58666	-29.92718	0.09277	
21.0	2	22.59611	3.78804	9.17422	-5352.32568	-1149.54989	-2173.03569	5889.90146	65.52913	-331.95232	14.20248	338.65635	0.0575	0.4613	0.09908	0.18729	0.50764	29.34347	0.06316	
21.0	14	-21.99629	-5.5656	-8.9335	122.67196	47.31907	49.82371	140.6055	-3.62606	-0.23103	9.1472	9.84241	0.07	0.00388	0.0015	0.00157	-0.00444	-47.88965	110.43728	
21.0	17	17.97257	9.1993	7.7303	-124.83109	-4704.66057	-54.11841	4706.62752	-114.49414	-0.51573	308.92928	329.46392	0.07	0.01615	0.60866	0.007	0.60891	132.24153	11.44582	
22.0	1	22.44591	-4.01348	9.05334	-20304.80907	5718.89783	-8189.52559	22628.72937	-283.10219	-1516.97017	-357.41527	1584.01106	0.07	-2.33578	0.65788	-0.94209	-2.60311	-34.53809	0.15585	
22.0	2	22.61325	3.7928	9.12945	-5515.99539	-1185.43674	-2226.98107	6065.55109	63.74131	-322.34088	13.70373	328.86834	0.05422	0.47745	0.10261	0.19276	0.52502	33.98047	0.05821	
22.0	14	-22.00968	-5.57727	-8.88946	84.85253	32.75706	34.27163	97.19836	-2.51249	-0.10616	6.3221	6.80388	0.07	0.0026	0.001	0.00105	-0.00298	-55.44302	127.58226	
22.0	17	17.96886	9.1993	7.72708	-124.54905	-4700.475	-53.98546	4702.4347	-110.13187	-0.6445	310.1995	329.17043	0.07	0.01616	0.60979	0.007	0.61004	152.82093	13.24754	
23.0	1	22.46489	-4.01184	9.00702	-20241.51195	5693.53167	-8115.35971	22538.72605	-312.94873	-1519.74881	-285.65371	1577.71081	0.07	-2.32913	0.65514	-0.93381	-2.59346	-33.2314	0.11842	
23.0	2	22.631	3.79709	9.08287	-5554.3818	-1194.22957	-2229.29438	6103.0398	67.84697	-230.4882	-45.57143	244.55015	0.04007	0.48303	0.10385	0.19387	0.53074	32.42046	0.04035	
23.0	14	-22.0232	-5.59135	-8.84286	48.73542	18.83872	19.56884	55.79407	-1.43119	-0.07109	3.63276	3.90516	0.07	0.00144	0.00056	0.00058	-0.00165	-53.04384	122.22731	
23.0	17	17.96566	9.1993	7.72348	-125.51854	-4742.90755	-54.39074	4744.8799	-109.01035	-0.71304	313.74241	332.14163	0.07	0.01632	0.61685	0.00707	0.61711	146.38747	12.67852	
24.0	1	22.4849	-4.0102	8.9581	-20194.33272	5672.41738	-8045.2951	22465.84444	-309.5928	-1482.64481	-268.25121	1538.19441	0.06847	-2.32343	0.65263	-0.92564	-2.58478	-34.38997	0.08767	
24.0	2	22.64961	3.80152	9.03406	-5607.52779	-1206.20465	-2236.58868	6156.42969	66.08095	-172.46108	-72.66755	198.46936	0.03224	0.48976	0.10535	0.19534	0.5377	33.4475	0.03177	
24.0	14	-22.03671	-5.60764	-8.79368	17.26792	6.68582	6.89057	19.75756	-0.50329	-0.02698	1.28743	1.38257	0.07	0.00049	0.00019	0.0002	-0.00056	-54.82945	126.25274	
24.0	17	17.96276	9.1993	7.71885	-126.65011	-4792.28118	-54.85776	4794.2683	-106.58336	-0.82596	318.22304	335.59887	0.07	0.01651	0.62486	0.00715	0.62512	151.21848	13.10345	
25.0	1	22.5058	-4.00892	8.90672	-20166.42664	5656.83389	-7980.66903	22413.73711	-290.77779	-1355.09835	-225.74766	1404.20983	0.06265	-2.31955	0.65065	-0.91794	-2.57803	-36.18462	0.07222	
25.0	2	22.66941	3.80566	8.9824	-5700.85544	-1226.6738	-2258.85962	6253.55324	82.88694	-182.64489	-110.00273	228.75752	0.03658	0.49997	0.10758	0.1981	0.54844	35.07219	0.03645	
25.0	17	17.95999	9.1993	7.71328	-128.48302	-4869.03066	-55.62102	4871.04313	-104.91606	-0.93759	324.42942	340.97317	0.07	0.0168	0.63661	0.00727	0.63688	158.79815	13.76663	
26.0	1	22.52724	-4.00776	8.85275	-20102.50986	5631.05705	-7899.63735	22320.93135	-299.01409	-1347.95463	-199.94281	1395.12302	0.0625	-2.31152	0.64749	-0.90835	-2.5666	-38.48078	0.07193	
26.0	2	22.68982	3.8101	8.92803	-5809.61633	-1250.55152	-2286.02676	6367.21598	73.577	-67.84682	-149.8706	180.21643	0.0283	0.51161	0.11013	0.20131	0.56072	37.23052	0.02766	
26.0	17	17.95712	9.1993	7.70679	-130.25162	-4944.5315	-56.34935	4946.56774	-104.49098	-1.00954	330.11575	346.25972	0.07	0.01708	0.64839	0.00739	0.64866	168.67214	14.63275	
27.0	1	22.54983	-4.00624	8.79609	-20058.4894	5610.11067	-7824.16756	22249.35812	-301.67002	-1288.34366	-150.39372	1331.71035	0.05985	-2.30568	0.64487	-0.89937	-2.55752	-40.37275	0.06705	
27.0	2	22.71107	3.81429	8.87148	-5934.01173	-1277.66867	-2317.95454	6497.52612	76.28207	6.31118	-198.76243	212.99129	0.03278	0.52503	0.11304	0.20509	0.57488	38.94355	0.03235	
27.0	17	17.95413	9.1993	7.69937	-132.43825	-5037.28179	-57.25093	5039.34771	-104.09181	-1.09392	337.04499	352.75434	0.07	0.01742	0.66266	0.00753	0.66293	176.66315	15.33496	
28.0	1	22.57328	-4.00456	8.73734	-20049.31277	5598.438	-7760.26827	22215.74249	-288.7719	-1177.80205	-103.62703	1217.10535	0.05479	-2.30352	0.64322	-0.8916	-2.55242	-41.79969	0.05904	
28.0	2	22.73333	3.81817	8.81251	-6070.2281	-1307.16679	-2353.09607	6640.28729	88.88054	19.09179	-239.88876	256.53628	0.03863	0.53986	0.11625	0.20927	0.59056	40.21698	0.03873	
28.0	17	17.95103	9.1993	7.69099	-134.38068	-5122.0996	-58.03886	5124.19076	-102.2932	-1.21186	343.7958	358.69335	0.07	0.01774	0.67612	0.00766	0.6764	182.64976	15.87217	
29.0	1	22.59722	-4.00292	8.67587	-19988.58134	5572.24127	-7674.09469	22124.30759	-308.59492	-1207.75533	-73.17208	1248.70249	0.05644	-2.29576	0.63999	-0.8814	-2.54106	-43.2957	0.06151	
29.0	2	22.75629	3.82182	8.75077	-6213.54344	-1338.08959	-2389.37509	6790.2665	75.5024	158.10497	-284.88456	334.4503	0.04925	0.55537	0.1196	0.21356	0.60692	41.55966	0.05145	
29.0	17	17.94809	9.1993	7.68168	-135.61348	-5180.72601	-58.51167	5182.83094	-100.33465	-1.31123	348.64562	362.7982	0.07	0.01796	0.68626	0.00775	0.68654	188.94562	16.43802	
30.0	1	22.62241	-4.00063	8.61165	-20016.20641	5569.669	-7619.49607	22129.76395	-330.57268	-1242.33129	-39.70907	1286.17345	0.05812	-2.29838	0.63954	-0.87492	-2.54107	-45.32488	0.06415	
30.0	2	22.78021	3.82508	8.68644	-6403.22064	-1378.77494	-2441.66732	6990.27855	64.974	288.13035	-333.09607	445.18952	0.06369	0.57558	0.12394	0.21948	0.62835	43.35284	0.07436	
30.0	17	17.94539	9.1993	7.67133	-137.09631	-5249.70375	-59.08234	5251.82593	-98.52535	-1.41305	354.17633	367.62769	0.07	0.01822	0.69787	0.00785	0.69815	197.45611	17.19381	
31.0	1	22.64836	-3.9981	8.5452	-20023.193	5560.81634	-7554.48853	22111.56334	-324.04744	-1155.40817	8.39922	1200.01888	0.05427	-2.29885	0.63843	-0.86733	-2.53862	-46.95364	0.05829	
31.0	2	22.80511	3.82791	8.61969	-6594.57263	-1419.5655	-2492.56727	7191.41474	75.95148	311.87247	-378.56186	496.32867	0.06902	0.59643	0.12839	0.22544	0.65041	44.72221	0.09016	
31.0	17	17.94299	9.1993	7.65973	-138.62778	-5321.45156	-59.66191	5323.59126	-95.54586	-1.54927	360.19114	372.6514	0.07	0.0185	0.70999	0.00796	0.71028	204.14992	17.79687	
32.0	1	22.67505	-3.99531	8.47581	-20036.40232	5553.19326	-7489.35895	22099.45409	-307.88266	-1024.52916	64.01782	1071.70426	0.04849	-2.30077	0.63767	-0.86	-2.53767	-49.54944	0.05047	
32.0	2	22.83065	3.83016	8.55011	-6805.96781	-1464.3662	-2548.8667	7413.65548	95.08436	289.38914	-420.15251	518.95591	0.07	0.61957	0.13331	0.23203	0.67489	46.04258	0.18244	
32.0	17	17.94206	9.1993	7.64448	-139.97565	-5386.79886	-60.1275	5388.95263	-94.136	-1.63123	365.28844	377.22658	0.07	0.01874	0.72134	0.00805	0.72162	212.90987	18.46215	
33.0	1	22.70287	-3.99175	8.40392	-20070.29901	5550.11488	-7429.33923	22109.17816	-284.49655	-872.32267	116.89328	924.95901	0.04184	-2.30493	0.63739	-0.85321	-2.53908	-51.30711	0.04238	
33.0	2	22.85724	3.83248	8.47765	-7021.42934	-1509.94956	-2604.32589	7639.56353	115.8795	250.84123	-457.85257	534.76945	0.07	0.64374	0.13844	0.23877	0.70041	46.85317	0.24199	
33.0	17	17.94316	9.1993	7.62385	-141.65336	-5465.71579	-60.6829	5467.88781	-91.68203	-1.74964	371.60543	382.75221	0.07	0.01904	0.73462	0.00816	0.73491	218.69108	18.90698	
34.0	1	22.73107	-3.98834	8.32945	-20088.52989	5542.65821	-7360.87874	22100.96444	-265.02508	-738.24066	167.39152	802.03334	0.03629	-2.30768	0.63672	-0.84559	-2.53886	-54.95812	0.03613	
34.0	2	22.88441	3.83386	8.40308	-7265.20414	-1561.1076	-2667.71925	7895.37676	136.03413	209.43907	-493.03262	552.67638	0.07	0.67096	0.14417	0.24637	0.72916	48.13907	0.40446	
34.0	17	17.94683	9.1993	7.59679	-142.53809	-5514.48004	-60.83578	5516.65734	-89.10625	-1.84195	375.74031	386.16589	0.07	0.01923	0.74393	0.00821	0.74423	229.77622	19.65627	
35.0	1	22.76043	-3.98419	8.25203	-20128.19706	5539.95637	-7297.66204	22115.40877	-238.29545	-590.14608	209.25527	669.95887	0.03029	-2.31318	0.63666	-0.83866	-2.54156	-59.28673	0.02973	
35.0	2	22.91277	3.83478	8.32484	-7502.39198	-1610.5095	-2725.94917	8143.12134	151.94285	174.14415	-521.0646	570.01854	0.07	0.69833	0.14991	0.25373	0.75797	50.18398	0.55221	
35.0	17	17.95526	9.1993	7.55805	-144.10135	-5589.75631	-61.16425	5591.94795	-86.54813	-1.94594	381.7433	391.43622	0.07	0.01951	0.75691	0.00828	0.75721	244.10888	20.71304	
36.0	1	22.79013	-3.98016	8.17249	-20158.0604	5534.42882	-7228.27427	22118.43689	-219.99241	-478.46129	247.16969	581.73423	0.0263	-2.31748	0.63627	-0.831	-2.54286	-59.66369	0.02561	
36.0	2	22.94156	3.8357	8.24471	-7759.23395	-1663.97426	-2788.46359	8411.30495	159.30401	165.59954	-542.10156	588.7912	0.07	0.7279	0.1561	0.26159	0.78907	48.71226	0.67148	
36.0	17	17.96753	9.1993	7.5093	-145.21474	-5647.91149	-61.20229	5650.10949	-85.88975	-1.97517	386.06434	395.50806	0.07	0.01974	0.76771	0.00832	0.76801	241.79356	20.33768	
37.0	1	22.82088	-3.97564	8.08953	-20148.55052	5517.31394	-7142.22644	22077.50528	-185.59161	-312.64615	282.04579	460.15398	0.02084	-2.31753	0.63461	-0.82151	-2.5394	-65.99528	0.02012	
37.0	2	22.97131	3.8359	8.16109	-7977.78157	-1708.72021	-2834.28989	8637.0089	174.72544	122.52718	-565.6747	604.59057	0.07	0.75465	0.16163	0.26811	0.817	51.08712	0.93831	
37.0	17	17.98448	9.1993	7.44879	-146.68562	-5720.05092	-61.27268	5722.25947	-82.97734	-2.06973	391.86371	400.55797	0.07	0.02001	0.78046	0.00836	0.78076	261.39255	21.66161	
38.0	1	22.85192	-3.97179	8.00441	-20066.20615	5480.81088	-7028.35001	21956.53937	-144.94026	-134.81656	308.678	366.69509	0.0167	-2.30805	0.63041	-0.80841	-2.52548	-66.54728	0.01604	
38.0	2	23.0017	3.83698	8.07456	-8136.45883	-1740.93329	-2856.26032	8797.2174	182.75006	97.38087	-579.94432	615.80519	0.07	0.77526	0.16588	0.27215	0.83822	50.80633	0.98956	
38.0	17	18.00615	9.1993	7.37513	-148.45087	-5803.80715	-61.33047	5806.02932	-81.40021	-2.12563	398.18143	406.42215	0.07	0.02033	0.79501	0.0084	0.79531	262.13113	21.66689	
39.0	1	22.88369	-3.96827	7.91581	-19984.29881	5444.75148	-6912.94851	21835.89647	-103.34561	37.36845	328.18867	346.099	0.01585	-2.29815	0.62614	-0.79497	-2.51108	-69.3013	0.01521	
39.0	2	23.03246	3.83859	7.9853	-8301.71177	-1774.71707	-2878.13645	8963.91145	188.96705	78.11169	-593.2228	627.47372	0.07	0.7966	0.1703	0.27617	0.86014	51.4778	1.1296	
39.0	17	18.0312	9.19933	7.29185	-150.23406	-5888.37072	-61.28936	5890.60578	-80.44902	-2.15679	404.41254	412.34233	0.07	0.02066	0.80982	0.00843	0.81013	269.89306	22.14694	
40.0	1	22.91557	-3.96531	7.82519	-19895.8559	5407.55192	-6793.71259	21708.09136	-70.34139	186.25717	354.25364	406.36841	0.01872	-2.28667	0.6215	-0.78081	-2.49495	-70.77261	0.01802	
40.0	2	23.06409	3.84027	7.89268	-8468.63849	-1808.78476	-2898.16022	9131.75081	190.49301	77.80998	-605.19702	639.22251	0.07	0.81751	0.17461	0.27977	0.88152	54.04132	1.04403	
40.0	17	18.05678	9.19938	7.20584	-151.79432	-5964.486	-61.11737	5966.73027	-79.20152	-2.18646	410.08715	417.67108	0.07	0.02096	0.82358	0.00844	0.82389	279.00705	23.13597	
41.0	1	22.94834	-3.96234	7.73082	-19804.09164	5369.43327	-6671.66899	21576.46928	-31.63188	347.36632	373.45991	511.01491	0.02368	-2.27473	0.61674	-0.76632	-2.47831	-73.49848	0.02296	
41.0	2	23.0958	3.84198	7.79803	-8636.9581	-1843.06423	-2916.08169	9300.40125	193.60351	69.94127	-617.6273	651.0281	0.07	0.83882	0.179	0.28321	0.90326	54.99815	1.16168	
41.0	17	18.08286	9.19938	7.11729	-153.4876	-6046.35116	-60.96062	6048.6062	-79.02674	-2.18766	415.95633	423.40251	0.07	0.02128	0.8382	0.00845	0.83851	287.33768	23.70575	
42.0	1	22.98126	-3.95969	7.63438	-19719.58956	5333.65587	-6550.57618	21452.74215	-6.08634	476.98979	406.70004	626.86619	0.02922	-2.26316	0.61213	-0.75179	-2.46207	-73.02766	0.02861	
42.0	2	23.12837	3.84392	7.69963	-8795.48623	-1875.26708	-2928.20511	9457.88506	188.94843	93.70802	-627.5588	662.05192	0.07	0.85896	0.18314	0.28597	0.92365	58.78627	0.86121	
42.0	17	18.10703	9.19938	7.03182	-155.23549	-6131.57454	-60.84155	6133.84105	-78.78291	-2.19351	422.07345	429.36879	0.07	0.02161	0.85348	0.00847	0.85379	294.84367	24.91568	
43.0	1	23.01504	-3.95708	7.5344	-19639.01079	5298.9527	-6429.18272	21333.16749	27.1589	652.94828	455.20065	796.42118	0.03733	-2.25195	0.60761	-0.73721	-2.44621	-76.24026	0.03728	
43.0	2	23.16119	3.84544	7.59945	-8972.66658	-1911.13174	-2943.9444	9634.72774	195.32807	71.25004	-641.58203	674.43096	0.07	0.88108	0.18766	0.28908	0.94609	59.12345	1.05279	
43.0	17	18.12725	9.19938	6.95495	-156.88031	-6214.5851	-60.75338	6216.86178	-76.44255	-2.25838	428.40798	435.18038	0.07	0.02193	0.86856	0.00849	0.86887	302.88475	25.35856	
44.0	1	23.04886	-3.95452	7.43197	-19530.61432	5256.9008	-6297.39554	21183.4155	54.09482	780.47491	483.75144	919.82759	0.04342	-2.23703	0.60212	-0.7213	-2.42635	-78.68525	0.04424	
44.0	2	23.19466	3.84717	7.49536	-9161.1776	-1949.44172	-2960.54134	9823.04958	195.92271	73.93255	-654.95114	687.61379	0.07	0.90411	0.19239	0.29217	0.96943	59.70982	1.17849	
44.0	17	18.15154	9.19938	6.86631	-157.70627	-6264.86719	-60.22258	6267.14121	-75.13573	-2.26335	432.21278	438.70079	0.07	0.02213	0.87913	0.00845	0.87945	309.759	25.8015	
45.0	1	23.08327	-3.9523	7.32657	-19432.82219	5218.02892	-6167.67479	21045.25164	93.11213	935.8751	498.4037	1064.39575	0.05058	-2.22347	0.59704	-0.70569	-2.40796	-79.75693	0.05318	
45.0	2	23.22865	3.84898	7.38878	-9331.26903	-1983.73953	-2968.24727	9990.91068	196.18296	75.278	-667.04952	699.36371	0.07	0.9257	0.1968	0.29446	0.99114	63.50552	0.9823	
45.0	17	18.17783	9.19938	6.77087	-159.36849	-6348.60919	-59.93549	6350.89201	-73.59254	-2.29164	438.42288	444.5624	0.07	0.02245	0.89447	0.00844	0.89479	320.74241	27.15895	
46.0	1	23.11798	-3.94984	7.21795	-19326.98311	5176.92218	-6034.28445	20898.4542	123.38172	1073.40687	525.72056	1201.5854	0.0575	-2.20881	0.59165	-0.68963	-2.3884	-83.57229	0.06316	
46.0	2	23.26268	3.85046	7.27924	-9519.06096	-2021.55218	-2978.72653	10177.03328	196.29002	78.18084	-680.33883	712.39241	0.07	0.94877	0.20149	0.29689	1.01435	64.09917	1.23467	
46.0	17	18.20389	9.1994	6.67484	-160.54641	-6413.55334	-59.44807	6415.83788	-73.25323	-2.27334	443.08848	449.10868	0.07	0.02271	0.9072	0.00841	0.90752	330.71701	27.66347	
47.0	1	23.15302	-3.94758	7.10667	-19225.00451	5137.06098	-5900.82163	20755.96034	161.43947	1210.13284	527.52852	1329.95132	0.06408	-2.1943	0.58633	-0.67351	-2.36904	-84.66587	0.0752	
47.0	2	23.29717	3.85233	7.1668	-9691.80878	-2056.26879	-2981.43168	10346.41646	193.75749	90.11968	-692.00674	724.24916	0.07	0.97062	0.20593	0.29859	1.03618	65.99786	1.1415	
47.0	17	18.23089	9.1994	6.57409	-161.91124	-6486.82784	-58.97247	6489.11615	-72.74602	-2.26043	448.3694	454.23805	0.07	0.02299	0.9212	0.00837	0.92152	337.50826	28.46603	
48.0	1	23.18842	-3.94554	6.99257	-19123.86459	5097.72686	-5766.76425	20614.66919	187.65693	1322.26794	546.55175	1443.02683	0.07	-2.18028	0.58118	-0.65746	-2.35025	-84.52837	0.13218	
48.0	2	23.33209	3.85415	7.05134	-9863.44114	-2090.61832	-2980.99664	10514.01432	188.56732	112.08026	-702.53003	735.98101	0.07	0.99245	0.21036	0.29994	1.05791	66.17801	1.10579	
48.0	17	18.25707	9.1994	6.47414	-162.87301	-6544.89511	-58.34811	6547.18139	-71.69246	-2.25134	452.65519	458.30295	0.07	0.02322	0.93308	0.00832	0.9334	337.69043	28.5759	
49.0	1	23.2239	-3.94301	6.87546	-18938.6503	5035.62126	-5606.68584	20382.95569	189.32129	1308.71399	535.91345	1426.80696	0.07	-2.15585	0.57322	-0.63823	-2.32026	-89.03741	0.32027	
49.0	2	23.36693	3.85633	6.93299	-10070.82577	-2132.69398	-2988.11996	10719.08468	164.15301	208.29214	-701.90614	750.33596	0.07	1.01779	0.21554	0.30199	1.08331	67.93421	1.26951	
49.0	17	18.28493	9.1994	6.36869	-161.80898	-6523.87438	-56.94696	6526.12917	-72.14016	-2.14832	451.09199	456.82907	0.07	0.02315	0.93352	0.00815	0.93384	351.81895	29.6114	
50.0	1	23.25963	-3.94094	6.75545	-18751.21718	4973.35334	-5446.01168	20149.47722	196.49845	1300.02152	510.62712	1410.46363	0.07	-2.13078	0.56514	-0.61885	-2.28967	-89.96333	0.50472	
50.0	2	23.40188	3.85937	6.81203	-10275.62308	-2174.64773	-2991.04189	10920.79914	136.9187	301.0108	-689.23054	764.456	0.07	1.04318	0.22077	0.30365	1.10867	68.474	1.29895	
50.0	20	18.31647	9.1994	6.2519	-160.66007	-6503.11754	-55.42247	6505.33789	-73.22401	-2.02135	449.44348	455.37379	0.07	0.02307	0.93374	0.00796	0.93406	355.1537	29.92606	
51.0	1	23.29558	-3.93897	6.63278	-18557.54745	4909.56831	-5283.67704	19909.88878	202.2679	1289.70739	487.97654	1393.69242	0.07	-2.10488	0.55687	-0.5993	-2.25827	-93.39268	0.75323	
51.0	2	23.43721	3.86265	6.68736	-10494.47102	-2219.67054	-2994.50574	11136.78247	110.80074	381.2432	-670.90519	779.57485	0.07	1.07019	0.22635	0.30537	1.13569	69.71331	1.46522	
51.0	20	18.35025	9.19947	6.12757	-158.99307	-6464.68025	-53.67229	6466.85783	-74.14331	-1.88405	446.5632	452.68032	0.07	0.0229	0.93113	0.00773	0.93144	365.66225	30.69202	
52.0	1	23.33136	-3.93653	6.50749	-18367.97576	4846.66446	-5122.82979	19675.26556	207.20855	1278.97337	467.07645	1377.26856	0.07	-2.07897	0.54857	-0.57982	-2.22693	-95.35664	0.89505	
52.0	2	23.47231	3.86586	6.5601	-10719.39905	-2265.91452	-2996.04581	11358.52874	86.57757	449.76482	-649.91936	795.097	0.07	1.09819	0.23214	0.30694	1.16366	71.28457	1.54448	
52.0	20	18.38535	9.19948	5.99838	-156.96108	-6414.21647	-51.78618	6416.34565	-75.64652	-1.72328	442.72481	449.14432	0.07	0.02267	0.92649	0.00748	0.92679	373.65334	31.39471	
53.0	1	23.36739	-3.93429	6.3788	-18166.4558	4780.92468	-4958.98156	19428.55772	215.32383	1270.17476	435.76267	1359.99904	0.07	-2.05152	0.5399	-0.56001	-2.19405	-97.52246	1.03575	
53.0	2	23.50738	3.86965	6.43036	-10945.4469	-2312.69868	-2994.09204	11580.84497	61.74446	514.67896	-623.26676	810.65915	0.07	1.12641	0.238	0.30813	1.1918	73.76961	1.59324	
53.0	20	18.4207	9.19948	5.86671	-154.69113	-6356.99072	-49.83744	6359.06787	-76.03832	-1.58813	438.58933	445.13476	0.07	0.0224	0.92061	0.00722	0.92091	384.12355	32.39981	
54.0	1	23.40353	-3.93201	6.24739	-17957.36511	4713.34008	-4793.63574	19174.50077	222.58478	1260.09456	405.16595	1342.21523	0.07	-2.02321	0.53104	-0.54009	-2.16034	-98.62075	1.19035	
54.0	2	23.54263	3.87377	6.29738	-11184.77402	-2362.4428	-2991.85691	11816.57791	38.4024	572.59401	-595.69785	827.16055	0.07	1.15603	0.24418	0.30923	1.22133	75.20161	1.65123	
54.0	20	18.45566	9.19948	5.73481	-152.09456	-6288.51478	-47.82399	6290.53559	-75.76254	-1.4664	433.76859	440.33771	0.07	0.02208	0.91281	0.00694	0.9131	389.8338	32.97425	
55.0	1	23.43955	-3.92948	6.11364	-17764.22935	4649.97258	-4633.12466	18938.21358	230.62708	1251.42266	371.70783	1325.67501	0.07	-1.99665	0.52264	-0.52075	-2.1286	-100.30399	1.35318	
55.0	2	23.5776	3.87785	6.16161	-11407.4219	-2408.64237	-2981.20452	12034.05222	15.87549	624.40107	-565.22699	842.38369	0.07	1.18434	0.25007	0.30951	1.2494	76.99195	1.75193	
55.0	20	18.4897	9.1995	5.60419	-149.38917	-6217.58359	-45.83403	6219.54689	-75.7576	-1.3402	428.72455	435.36852	0.07	0.02173	0.90442	0.00667	0.90471	397.67377	33.7048	
56.0	1	23.47531	-3.92715	5.97688	-17538.54352	4578.55228	-4465.08193	18668.17095	231.31827	1235.28459	358.07395	1306.77202	0.07	-1.96634	0.51333	-0.50061	-2.09299	-102.66782	1.51807	
56.0	2	23.61227	3.88226	6.0234	-11669.44645	-2463.37178	-2976.79334	12292.49688	-0.93448	664.72007	-546.40939	860.47479	0.07	1.21713	0.25693	0.31048	1.28211	78.51494	1.90441	
56.0	20	18.52365	9.1995	5.47199	-146.00278	-6120.67777	-43.67377	6122.57467	-75.7231	-1.20369	421.83589	428.58016	0.07	0.02128	0.89202	0.00636	0.8923	406.42089	34.42078	
57.0	1	23.51109	-3.92476	5.83688	-17330.50133	4511.92267	-4302.4066	18417.7747	238.53481	1224.92698	323.73695	1289.24419	0.07	-1.93778	0.50449	-0.48107	-2.05935	-103.51689	1.58568	
57.0	2	23.64703	3.8867	5.88181	-11906.18796	-2512.77696	-2961.5703	12523.66793	-20.90253	707.94352	-516.62953	876.65673	0.07	1.24734	0.26325	0.31027	1.31203	80.90802	1.91038	
57.0	20	18.55753	9.1995	5.33807	-142.85341	-6035.41605	-41.62591	6037.24993	-73.90961	-1.12039	416.09283	422.60753	0.07	0.02085	0.88108	0.00608	0.88134	413.73241	35.24335	
58.0	1	23.54673	-3.92199	5.69447	-17116.96293	4443.88325	-4139.40325	18162.41112	242.16042	1211.64819	299.40843	1271.36872	0.07	-1.90865	0.49552	-0.46157	-2.02522	-104.75724	1.69036	
58.0	2	23.68153	3.89113	5.73767	-12153.00327	-2564.30909	-2944.68381	12764.88669	-37.36907	743.90447	-493.58595	893.54205	0.07	1.27877	0.26982	0.30985	1.34315	82.77764	1.97105	
58.0	20	18.5894	9.1995	5.20921	-139.41608	-5938.19256	-39.5932	5939.96089	-71.69669	-1.04753	409.56797	415.79735	0.07	0.02038	0.86819	0.00579	0.86845	420.76565	35.95179	
59.0	1	23.58212	-3.91922	5.54938	-16889.92994	4372.66265	-3974.47097	17893.75119	242.76974	1195.60865	283.71812	1252.56264	0.07	-1.87802	0.4862	-0.44193	-1.98963	-105.75102	1.81605	
59.0	2	23.71569	3.89551	5.59129	-12409.55062	-2617.84258	-2925.81876	13015.77741	-51.82262	776.03472	-474.54794	911.10439	0.07	1.31159	0.27668	0.30924	1.37566	83.98542	2.05226	
59.0	20	18.6212	9.1995	5.07874	-135.7734	-5833.2301	-37.54767	5834.93082	-69.52852	-0.97239	402.48277	408.44528	0.07	0.01988	0.85394	0.0055	0.85419	425.77105	36.43608	
60.0	1	23.61708	-3.91641	5.40143	-16669.65827	4303.60592	-3812.47302	17633.30602	244.75785	1180.91827	262.86798	1234.33138	0.07	-1.84843	0.47721	-0.42275	-1.95528	-107.61774	1.9234	
60.0	2	23.74933	3.89983	5.44223	-12651.19755	-2668.23047	-2899.0319	13250.53355	-65.58866	805.51427	-455.15974	927.53733	0.07	1.34301	0.28325	0.30775	1.40663	86.15837	2.14653	
60.0	20	18.65204	9.19959	4.95058	-132.11714	-5727.297	-35.57403	5728.93109	-67.01334	-0.91	395.38538	401.02521	0.07	0.01936	0.8393	0.00521	0.83953	434.90527	37.29317	
61.0	1	23.65161	-3.91369	5.25082	-16446.52424	4234.31141	-3651.23096	17370.92514	245.26171	1165.18342	246.50501	1215.96481	0.07	-1.81857	0.46821	-0.40373	-1.92078	-108.71877	1.96262	
61.0	2	23.7827	3.90415	5.29018	-12882.01928	-2716.38365	-2865.47955	13473.53458	-78.2337	832.08462	-437.08323	943.14743	0.07	1.37324	0.28957	0.30546	1.43629	88.13746	2.16417	
61.0	20	18.68193	9.19959	4.82449	-128.38261	-5617.31253	-33.65167	5618.88019	-63.43786	-0.87556	388.17096	393.32153	0.07	0.01883	0.82385	0.00494	0.82408	441.88305	38.01644	
62.0	1	23.68572	-3.91098	5.09777	-16197.90409	4158.91414	-3486.1295	17082.79142	246.57415	1148.39027	224.33823	1195.79541	0.07	-1.78575	0.4585	-0.38433	-1.88331	-109.64512	2.01538	
62.0	2	23.8155	3.90906	5.13568	-13079.78698	-2758.07491	-2820.63638	13661.76395	-91.9411	857.87316	-412.49858	956.32348	0.07	1.39979	0.29517	0.30186	1.46207	90.28301	2.17301	
62.0	20	18.71068	9.19959	4.7011	-124.51436	-5500.43603	-31.7715	5501.93691	-59.11347	-0.86008	380.57097	385.13556	0.07	0.01827	0.80723	0.00466	0.80745	448.8111	38.76692	
63.0	1	23.71931	-3.90842	4.9422	-15983.8672	4092.95453	-3330.24893	16832.31551	243.5024	1131.30947	221.6916	1178.26216	0.07	-1.75672	0.44984	-0.36601	-1.84997	-111.18955	2.06313	
63.0	2	23.84776	3.91399	4.97868	-13327.02124	-2810.31167	-2782.33135	13901.39254	-100.17226	878.13089	-407.14909	973.09749	0.07	1.43162	0.30189	0.29889	1.49333	91.78379	2.2166	
63.0	20	18.73857	9.1996	4.57934	-120.76728	-5387.85328	-29.98971	5389.29003	-55.27102	-0.83829	373.1784	377.25019	0.07	0.01773	0.7911	0.0044	0.79131	455.66858	39.39139	
64.0	1	23.75236	-3.90592	4.784	-15781.67815	4030.52839	-3178.43052	16595.44952	241.0295	1115.37045	217.61756	1161.68148	0.07	-1.72918	0.44162	-0.34826	-1.81835	-112.53643	2.05722	
64.0	2	23.87949	3.91886	4.81939	-13565.62062	-2860.73788	-2737.81425	14131.72003	-109.24675	898.98959	-398.04514	989.22043	0.07	1.46272	0.30846	0.29521	1.52376	93.72104	2.19217	
64.0	20	18.76587	9.1996	4.4581	-117.17925	-5280.48264	-28.30416	5281.85849	-50.56685	-0.84105	366.25484	369.73006	0.07	0.01721	0.77557	0.00416	0.77577	463.06323	40.13177	
65.0	1	23.7848	-3.90352	4.62327	-15578.60256	3968.40395	-3028.02637	16358.79064	240.11352	1100.39564	206.7952	1145.11542	0.07	-1.70177	0.4335	-0.33078	-1.787	-113.5062	2.06745	
65.0	2	23.91067	3.92339	4.65761	-13802.82966	-2910.7066	-2688.65446	14360.33365	-117.85592	919.01253	-389.87183	1005.2234	0.07	1.49373	0.31499	0.29096	1.55407	95.27917	2.18488	
65.0	20	18.79217	9.1996	4.33885	-113.67839	-5174.63508	-26.70393	5175.95249	-45.99487	-0.84418	359.38383	362.31613	0.07	0.0167	0.76018	0.00392	0.76038	468.77054	40.71025	
66.0	1	23.81687	-3.8998	4.46027	-15848.90896	4025.96284	-2967.94471	16619.41599	243.78512	1117.26911	213.73571	1163.3591	0.07	-1.72762	0.43885	-0.32352	-1.81161	-113.71126	1.70379	
66.0	2	23.94147	3.92651	4.49344	-14438.61135	-3043.55646	-2709.94452	15002.6842	-128.81825	963.97414	-396.30076	1050.18787	0.07	1.56931	0.3308	0.29454	1.63062	97.33663	1.98687	
66.0	20	18.81624	9.1996	4.22484	-113.58618	-5221.74806	-25.96514	5223.04784	-44.22577	-0.84264	362.92763	365.61331	0.07	0.01669	0.76738	0.00382	0.76757	474.02981	41.35976	
67.0	1	23.84917	-3.89162	4.2953	-16404.08012	4151.7522	-2954.33597	17177.28127	250.67628	1153.4616	229.07786	1202.40963	0.07	-1.78982	0.45299	-0.32234	-1.87418	-114.01733	1.29743	
67.0	2	23.97246	3.92428	4.32749	-15366.35727	-3232.98526	-2774.07231	15945.92759	-140.40004	1025.60681	-417.55746	1116.21492	0.07	1.68246	0.35398	0.30373	1.74592	99.09665	1.82584	
67.0	20	18.83565	9.1996	4.11984	-115.51661	-5359.53205	-25.74018	5360.83859	-44.42971	-0.83196	372.6183	375.2587	0.07	0.017	0.78858	0.00379	0.78877	479.39068	41.9901	
68.0	1	23.88126	-3.88037	4.1284	-16478.58006	4152.88793	-2848.56847	17230.9147	249.9818	1155.59626	238.61692	1206.16402	0.07	-1.80257	0.45428	-0.3116	-1.88487	-115.1379	1.3131	
68.0	2	24.00323	3.91896	4.15966	-15859.29101	-3327.59114	-2748.53839	16436.07123	-148.15573	1058.28465	-426.36982	1150.52499	0.07	1.75206	0.36762	0.30364	1.81578	99.98158	1.82881	
68.0	20	18.852	9.1996	4.01873	-114.00563	-5337.38103	-24.77454	5338.65594	-39.10978	-0.88972	371.65274	373.70593	0.07	0.0168	0.78665	0.00365	0.78684	484.96963	42.55547	
69.0	1	23.91217	-3.87113	3.95904	-16312.66863	4095.39997	-2700.68262	17034.35192	251.15823	1144.87987	219.08533	1192.40461	0.07	-1.78682	0.44859	-0.29582	-1.86587	-115.84482	1.42826	
69.0	2	24.03269	3.91597	3.9896	-16055.92192	-3362.0168	-2665.4704	16619.28151	-158.90272	1079.26633	-404.12452	1163.3497	0.07	1.78722	0.37423	0.2967	1.84993	101.27578	1.81363	
69.0	20	18.86856	9.1996	3.91652	-110.96149	-5243.74637	-23.49457	5244.97288	-31.10132	-0.98096	365.82712	367.14811	0.07	0.01638	0.77405	0.00347	0.77423	490.31782	43.19697	
70.0	1	23.94167	-3.8637	3.7877	-16071.86773	4021.18404	-2542.48398	16761.23737	242.0132	1121.75659	244.32232	1173.28668	0.07	-1.76058	0.4405	-0.27851	-1.8361	-118.65646	1.6885	
70.0	2	24.06082	3.91508	3.81748	-16319.76909	-3412.53451	-2589.24657	16872.59472	-157.15926	1084.97889	-439.40391	1181.08171	0.07	1.82791	0.38222	0.29001	1.88983	101.17032	2.0068	
70.0	20	18.88676	9.19969	3.80742	-107.21855	-5116.98125	-22.06472	5118.15199	-25.50565	-1.00652	357.35943	358.26988	0.07	0.01585	0.75625	0.00326	0.75642	497.04983	43.61107	
71.0	1	23.96996	-3.85754	3.61412	-15911.03628	3968.48907	-2398.83125	16573.00131	237.71594	1106.69299	254.12046	1160.1101	0.07	-1.7416	0.43439	-0.26257	-1.81406	-119.27054	1.70026	
71.0	2	24.08766	3.91579	3.64288	-16514.319	-3450.17408	-2497.47113	17054.72941	-164.80088	1100.96591	-431.21611	1193.83106	0.07	1.85945	0.38848	0.28121	1.9203	101.97542	1.9477	
71.0	20	18.90689	9.19969	3.68769	-104.1804	-5023.37283	-20.7608	5024.49591	-19.50029	-1.04692	351.17214	351.7147	0.07	0.01541	0.74315	0.00307	0.74332	500.72306	44.048	
72.0	1	23.99701	-3.85219	3.43864	-15733.63725	3912.89813	-2254.32876	16368.87629	235.05334	1092.07036	255.02759	1145.82146	0.07	-1.72015	0.42779	-0.24646	-1.7896	-120.2318	1.67605	
72.0	2	24.11342	3.91726	3.46634	-16725.14015	-3492.0772	-2404.24114	17254.13839	-171.34707	1115.97768	-428.94051	1207.78971	0.07	1.8916	0.39495	0.27192	1.95143	103.31012	1.87561	
72.0	20	18.92678	9.1997	3.56815	-101.2239	-4930.41345	-19.51547	4931.49104	-13.52789	-1.08759	344.93733	345.20421	0.07	0.01499	0.72997	0.00289	0.73013	506.28833	44.6609	
73.0	1	24.02291	-3.84778	3.26082	-15577.67471	3863.9906	-2114.31443	16188.41247	233.58788	1079.76645	252.30463	1133.18865	0.07	-1.70052	0.42181	-0.23081	-1.76719	-120.60055	1.64858	
73.0	2	24.13802	3.91919	3.28761	-16904.6285	-3528.02113	-2302.44704	17421.67214	-176.77631	1127.50541	-429.77106	1219.51691	0.07	1.91909	0.40052	0.26138	1.97779	104.01488	1.8105	
73.0	20	18.94627	9.1997	3.45017	-98.46601	-4842.71816	-18.3559	4843.75388	-7.91126	-1.12397	338.96786	339.06203	0.07	0.01459	0.71737	0.00272	0.71752	508.99836	45.00125	
74.0	1	24.04745	-3.84397	3.08156	-15435.8229	3819.54517	-1977.78561	16023.89434	229.50872	1065.23577	265.98442	1121.6725	0.07	-1.68217	0.41625	-0.21554	-1.74626	-122.6972	1.59957	
74.0	2	24.16139	3.92137	3.10737	-17085.77185	-3564.76698	-2197.40882	17591.46864	-183.08714	1140.52654	-426.65078	1231.40269	0.07	1.94615	0.40604	0.2503	2.00375	106.30586	1.73406	
74.0	20	18.9655	9.1997	3.33148	-95.82595	-4757.98731	-17.25158	4758.98345	-2.39066	-1.15968	333.11799	333.12858	0.07	0.0142	0.70509	0.00256	0.70524	519.16605	46.02579	
75.0	1	24.07079	-3.84056	2.90022	-15284.47605	3773.5888	-1841.3768	15850.73655	229.5381	1054.83344	256.40492	1109.55163	0.07	-1.66274	0.41051	-0.20032	-1.72434	-123.37722	1.53887	
75.0	2	24.18362	3.92382	2.92518	-17244.80351	-3597.31206	-2085.96165	17739.08504	-188.84735	1151.50522	-424.59468	1241.73598	0.07	1.97009	0.41097	0.23831	2.02655	107.72533	1.64667	
75.0	20	18.98423	9.1997	3.21402	-93.35799	-4678.02544	-16.21826	4678.98501	3.09237	-1.19717	327.51217	327.52896	0.07	0.01384	0.69341	0.0024	0.69356	524.1034	46.60478	
76.0	1	24.09288	-3.83744	2.71735	-15148.91387	3732.22684	-1708.44082	15695.15462	226.65652	1041.65225	265.78763	1098.66084	0.07	-1.64498	0.40527	-0.18551	-1.70429	-123.39008	1.49404	
76.0	2	24.20461	3.92631	2.74159	-17404.88037	-3630.30798	-1971.4943	17888.42605	-193.64113	1160.76374	-427.91359	1252.18983	0.07	1.99364	0.41583	0.22582	2.04903	107.87477	1.58074	
76.0	20	19.00251	9.1997	3.09704	-90.98672	-4599.68059	-15.23591	4600.60564	8.06833	-1.22599	321.93895	322.04237	0.07	0.01349	0.68189	0.00226	0.68202	524.62092	46.73383	
77.0	1	24.11365	-3.83458	2.53286	-15021.61893	3693.57334	-1577.72229	15549.29989	225.71459	1031.24254	265.17426	1088.45103	0.07	-1.62815	0.40034	-0.17101	-1.68535	-123.04632	1.4373	
77.0	2	24.22432	3.929	2.55642	-17556.1069	-3661.78511	-1852.79487	18029.37627	-197.5399	1167.73382	-436.07564	1262.05635	0.07	2.01563	0.42041	0.21272	2.06997	107.84981	1.51234	
77.0	20	19.0201	9.1997	2.98212	-88.78022	-4526.15654	-14.32028	4527.04981	13.04062	-1.25755	316.62257	316.8935	0.07	0.01316	0.67098	0.00212	0.67111	523.90068	46.75756	
78.0	1	24.13301	-3.83222	2.34718	-14910.44694	3659.69112	-1450.03614	15421.32847	221.52785	1016.57389	287.76328	1079.49283	0.07	-1.61298	0.3959	-0.15686	-1.66824	-122.96758	1.36966	
78.0	2	24.24272	3.93179	2.36998	-17697.15132	-3691.43436	-1730.15623	18160.65233	-203.02176	1177.15405	-434.92033	1271.24552	0.07	2.036	0.42469	0.19905	2.08932	107.96962	1.42244	
78.0	20	19.03741	9.1997	2.86636	-86.7387	-4458.2726	-13.45448	4459.13659	17.98029	-1.29024	311.61908	312.14004	0.07	0.01286	0.66084	0.00199	0.66097	524.06884	46.87925	
79.0	1	24.1512	-3.82927	2.15991	-12552.1129	3074.54512	-1122.38891	12971.82033	198.51582	870.60772	164.76437	908.02733	0.07	-1.35391	0.33163	-0.12106	-1.39919	-134.71667	7.05358	
79.0	2	24.25958	3.9357	2.1817	-19856.74664	-4143.8402	-1785.81528	20362.97952	-263.50449	1375.95855	-262.85494	1425.40846	0.07	2.2905	0.478	0.206	2.3489	97.94695	6.99616	
79.0	20	19.05528	9.19977	2.73623	-71.0116	-3691.92282	-10.52324	3692.62068	-23.91221	-0.27367	257.37479	258.48337	0.07	0.01053	0.5473	0.00156	0.5474	528.03918	44.95738	
80.0	1	24.16983	-3.81895	1.97158	-11540.43739	2810.97763	-941.36753	11915.09392	192.51632	809.51824	57.16693	834.05658	0.07	-1.22892	0.29933	-0.10024	-1.26881	-128.14202	7.74257	
80.0	2	24.27267	3.95145	1.99148	-20768.59358	-4352.11955	-1704.09273	21288.00967	-290.48663	1451.9123	-167.77084	1490.16068	0.07	2.41826	0.50675	0.19842	2.47874	108.40894	7.66848	
80.0	20	19.07087	9.1998	2.55681	-59.23406	-3230.56798	-8.22656	3231.12145	-22.26422	-0.16493	225.08	226.17853	0.07	0.0088	0.47987	0.00122	0.47995	537.08331	46.97966	
81.0	1	24.1868	-3.80962	1.78138	-11329.0744	2745.54079	-834.39361	11686.83591	197.14991	790.2792	-76.44144	818.0786	0.07	-1.19141	0.28873	-0.08775	-1.22904	-115.53399	7.61834	
81.0	2	24.28439	3.96649	1.80116	-20815.04564	-4379.56367	-1543.93202	21326.75384	-307.34924	1460.892	-0.37637	1492.87277	0.07	2.44222	0.51385	0.18115	2.50226	125.68655	7.43987	
81.0	20	19.06949	9.1998	2.55991	-40.07754	-2293.91816	-5.58277	2294.27502	-3.71876	-0.32577	160.55472	160.59811	0.07	0.00595	0.34038	0.00083	0.34043	547.82527	50.2363	
82.0	1	24.20219	-3.80144	1.58833	-10759.66941	2595.98844	-706.04323	11090.90343	188.2386	720.46298	-219.63459	776.36333	0.07	-1.11873	0.26992	-0.07341	-1.15317	-89.99507	9.88757	
82.0	2	24.29467	3.9811	1.61065	-21195.42857	-4477.50694	-1405.24588	21708.73042	-324.77434	1467.87848	221.5237	1519.61125	0.07	2.50094	0.52832	0.16581	2.5615	150.39572	9.3846	
82.0	20	19.0392	9.1997	2.85851	-19.52915	-1173.48366	-3.03639	1173.65008	4.10933	-0.2807	82.05236	82.15568	0.07	0.00288	0.17312	0.00045	0.17314	545.96703	54.16355	
83.0	1	24.21598	-3.79401	1.39341	-10567.49298	2539.50056	-607.91055	10885.33537	182.7845	720.3858	-168.04087	761.97349	0.07	-1.08737	0.26131	-0.06255	-1.12007	-100.9839	8.44671	
83.0	2	24.30348	3.99545	1.42017	-21357.26231	-4529.83706	-1248.06083	21868.00707	-325.12862	1486.18861	169.59512	1530.76051	0.07	2.53113	0.53685	0.14791	2.59166	140.20425	8.11658	
83.0	3	18.97271	9.1997	3.3909	-16.24289	-1025.72786	-2.99375	1025.86083	14.63655	-0.43696	70.30142	71.81023	0.07	0.00237	0.14994	0.00044	0.14996	547.60614	54.74644	
84.0	1	24.22786	-3.78789	1.19908	-10475.89403	2509.24795	-518.30837	10784.68009	179.19645	723.94298	-117.09354	754.92762	0.07	-1.06852	0.25594	-0.05287	-1.10002	-110.29089	6.74256	
84.0	2	24.31143	4.00733	1.2285	-21463.72309	-4567.43033	-1084.6174	21971.09973	-325.20321	1497.69212	128.58656	1537.97702	0.07	2.5522	0.5431	0.12897	2.61253	131.76568	6.53817	
84.0	3	18.93007	9.19969	3.73142	-14.85682	-978.40619	-3.01539	978.52363	21.88913	-0.53241	64.90281	68.49666	0.07	0.00215	0.14171	0.00044	0.14173	549.42058	56.09606	
85.0	1	24.23785	-3.78323	1.0045	-10449.73877	2496.61436	-432.95652	10752.56133	177.10354	726.69944	-84.06726	752.67858	0.07	-1.05819	0.25282	-0.04384	-1.08885	-112.67081	5.3454	
85.0	2	24.31836	4.01688	1.03564	-21472.20594	-4581.37107	-914.44539	21974.5489	-324.467	1500.02526	103.72403	1538.21757	0.07	2.55907	0.54601	0.10898	2.61894	124.15451	5.19625	
85.0	3	18.90731	9.1996	3.95367	-13.56759	-924.29381	-2.91909	924.398	25.99207	-0.56867	59.25579	64.70826	0.07	0.00195	0.13259	0.00042	0.13261	537.389	56.45887	
86.0	1	24.24586	-3.78005	0.80995	-10570.03486	2520.77421	-353.02182	10872.19223	177.88383	737.59304	-59.29582	761.05331	0.07	-1.06463	0.2539	-0.03556	-1.09506	-118.4324	3.92332	
86.0	2	24.32425	4.02432	0.84221	-21348.2733	-4564.28688	-739.17149	21843.25668	-322.01401	1492.28596	85.5308	1529.02778	0.07	2.54782	0.54473	0.08822	2.60689	123.27725	3.81247	
86.0	3	18.90128	9.1996	4.09085	-12.95036	-905.17369	-2.88307	905.27092	29.74484	-0.60377	55.95141	63.36939	0.07	0.00184	0.12856	0.00041	0.12858	548.29341	59.40532	
87.0	1	24.25217	-3.77789	0.61515	-10734.34068	2556.87507	-272.20863	11038.01511	179.88204	749.58973	-52.56182	772.66103	0.07	-1.07756	0.25667	-0.02733	-1.10804	-120.77755	2.77853	
87.0	2	24.32904	4.02987	0.64811	-21191.22768	-4537.47069	-564.47563	21678.9161	-319.15271	1481.99736	68.5914	1517.52411	0.07	2.53036	0.5418	0.0674	2.58859	122.24687	2.68769	
87.0	3	18.91064	9.1996	4.15785	-12.72855	-905.38818	-2.87915	905.48223	32.84139	-0.63409	54.20771	63.38324	0.07	0.00179	0.12726	0.0004	0.12727	551.10476	61.33983	
88.0	1	24.25644	-3.77756	0.42034	-11026.74044	2625.44582	-191.00317	11336.59794	184.06196	771.69601	-18.62495	793.56186	0.07	-1.10545	0.26321	-0.01915	-1.13652	-122.46834	1.558	
88.0	2	24.33272	4.03338	0.45361	-20898.57101	-4478.84939	-389.56038	21376.67232	-314.21197	1462.36437	43.30902	1496.36706	0.07	2.49451	0.53461	0.0465	2.55158	120.3722	1.49443	
88.0	3	18.93418	9.1996	4.16361	-12.63039	-906.4681	-2.85843	906.5606	35.43839	-0.65977	52.63825	63.45944	0.07	0.00176	0.12603	0.0004	0.12604	550.47817	62.68459	
89.0	1	24.25869	-3.77855	0.22532	-11403.59377	2715.97214	-105.84862	11723.03968	190.12303	798.28469	0.31317	820.61277	0.07	-1.14436	0.27255	-0.01062	-1.17642	-123.31165	0.4569	
89.0	2	24.3353	4.0348	0.25887	-20525.74553	-4400.27145	-218.2499	20993.243	-308.24632	1436.61418	25.16966	1469.527	0.07	2.447	0.52458	0.02602	2.50273	120.04121	0.42196	
89.0	3	18.97017	9.1996	4.11578	-13.06656	-937.89958	-2.9188	937.99513	38.71308	-0.70437	53.0289	65.66021	0.07	0.0018	0.12892	0.0004	0.12893	551.42341	64.00328	
90.0	1	24.25918	-3.78091	0.03029	-11940.10174	2846.57352	-14.85741	12274.73955	176.25474	738.15175	-221.86564	790.6694	0.06441	-1.20202	0.28657	-0.0015	-1.2357	-123.32709	0.07595	
90.0	2	24.33668	4.0344	0.06405	-20013.90617	-4289.5644	-52.56154	20468.50179	-247.70501	1152.56917	257.32169	1206.64325	0.05895	2.38061	0.51024	0.00625	2.43469	120.46452	0.06552	
90.0	3	19.01633	9.1996	4.03382	-7.56639	-538.88324	-1.65321	538.93889	23.10977	-0.41595	29.8161	37.72577	0.07	0.00103	0.07309	0.00022	0.0731	552.17752	64.9911	
91.0	1	24.25792	-3.78415	-0.16482	-12537.70581	2993.72964	85.16806	12890.45142	120.81747	521.67462	-551.6025	768.76953	0.05964	-1.26918	0.30305	0.00862	-1.30488	-123.46247	0.06668	
91.0	2	24.33679	4.03281	-0.13083	-19394.98715	-4154.66522	104.28391	19835.26266	-188.29526	894.17897	604.40973	1095.5922	0.05523	2.2997	0.49263	-0.01237	2.3519	121.2147	0.0597	
92.0	1	24.25478	-3.78836	-0.3599	-13272.35274	3176.04897	196.82084	13648.49342	90.18691	412.8794	-580.89757	718.36277	0.05263	-1.35366	0.32393	0.02007	-1.39203	-122.87712	0.05597	
92.0	2	24.33555	4.03009	-0.32562	-18619.57583	-3985.21147	249.0686	19042.91337	-187.92365	917.91402	638.47001	1133.81012	0.05954	2.19813	0.47047	-0.0294	2.24811	120.68128	0.06651	
93.0	1	24.24988	-3.79341	-0.55464	-14160.24178	3397.85472	323.83689	14565.80703	56.60891	291.58812	-584.17746	655.35601	0.04499	-1.45797	0.34985	0.03334	-1.49973	-120.93226	0.04612	
93.0	2	24.33297	4.02617	-0.52032	-17682.17512	-3780.22212	378.01478	18085.69301	-188.26944	945.58559	649.47268	1162.49398	0.06428	2.07589	0.4438	-0.04438	2.12326	118.80489	0.07564	
94.0	1	24.24328	-3.79907	-0.74896	-15023.31556	3616.74657	464.2161	15459.5072	27.93667	195.23667	-616.9975	647.75283	0.0419	-1.56419	0.37657	0.04833	-1.6096	-122.64096	0.04246	
94.0	2	24.32915	4.02103	-0.71457	-16775.01665	-3581.01308	492.64636	17160.05649	-180.88919	940.3545	675.94636	1172.13095	0.06831	1.9561	0.41757	-0.05745	2.00099	120.57819	0.08701	
95.0	1	24.23502	-3.80511	-0.94301	-16063.94115	3881.62411	625.25802	16538.08207	11.01112	148.54842	-639.29964	656.42358	0.03969	-1.69382	0.40929	0.06593	-1.74382	-122.14314	0.03992	
95.0	2	24.32404	4.0144	-0.90849	-15733.79873	-3352.58839	587.61823	16097.75036	-159.10962	869.254	699.18218	1126.84254	0.07	1.81997	0.3878	-0.06797	1.86207	120.44487	0.12271	
96.0	1	24.22516	-3.81166	-1.13679	-17169.67451	4166.04941	805.88094	17686.24139	2.92284	139.72745	-660.05695	674.69065	0.03815	-1.83557	0.44538	0.08615	-1.89079	-121.90406	0.03819	
96.0	2	24.31771	4.00641	-1.10199	-14620.43325	-3108.54172	662.49962	14961.91852	-126.84652	750.02823	719.9144	1047.33429	0.07	1.67555	0.35625	-0.07592	1.71469	120.56255	0.14859	
97.0	1	24.21371	-3.81822	-1.33022	-17926.73872	4368.93493	984.84558	18477.70209	-5.83796	123.56706	-654.42951	666.01868	0.03604	-1.94384	0.47374	0.10679	-2.00359	-121.55653	0.03587	
97.0	2	24.31019	3.99701	-1.29506	-13850.24863	-2937.31203	737.70601	14177.49623	-105.97194	679.40965	715.59723	992.42477	0.07	1.57071	0.33311	-0.08366	1.60783	120.36235	0.15684	
98.0	1	24.20129	-3.82281	-1.52237	-17907.50404	4379.5537	1126.50979	18469.65663	-15.40423	106.47122	-658.80269	667.52857	0.03614	-1.96302	0.48009	0.12349	-2.02464	-121.13805	0.03597	
98.0	2	24.30093	3.98907	-1.48699	-13838.12789	-2928.86739	846.61553	14169.99666	-99.50002	677.53298	717.57514	991.89983	0.07	1.55593	0.32932	-0.09519	1.59325	119.65844	0.1254	
99.0	1	24.18776	-3.82597	-1.71354	-17927.58639	4396.37381	1270.15037	18502.4252	-23.06462	97.19108	-661.9541	669.44852	0.03618	-1.98066	0.48572	0.14033	-2.04417	-120.84796	0.03602	
99.0	2	24.28968	3.98333	-1.67775	-13806.53473	-2918.50798	953.58744	14143.81204	-88.63768	658.99624	733.55269	990.06678	0.07	1.54237	0.32604	-0.10653	1.58005	119.24047	0.10933	
100.0	1	24.17295	-3.82818	-1.9041	-17953.14075	4412.26927	1414.1984	18541.39531	-29.443	94.16932	-667.5829	674.83456	0.0364	-1.99498	0.4903	0.15715	-2.06035	-120.48066	0.03625	
100.0	2	24.27677	3.97881	-1.86772	-13745.30236	-2903.24284	1057.50706	14088.30995	-76.5111	628.34054	730.54541	966.62422	0.06861	1.52809	0.32276	-0.11757	1.56622	118.69262	0.08827	
101.0	1	24.1569	-3.82976	-2.09344	-18005.74903	4433.39693	1560.41161	18609.054	-30.71936	113.60745	-677.25213	687.40147	0.03694	-2.00974	0.49484	0.17417	-2.07708	-119.03887	0.03685	
101.0	2	24.26223	3.97537	-2.05661	-13679.46194	-2888.16166	1159.61614	14029.03654	-58.32199	569.70425	730.91818	928.55036	0.06619	1.51502	0.31987	-0.12843	1.55373	117.25317	0.08029	
102.0	1	24.13958	-3.831	-2.28158	-18083.12681	4459.82736	1709.12188	18703.2252	-28.77983	144.28567	-681.00377	696.7157	0.03725	-2.02549	0.49955	0.19144	-2.09495	-119.40011	0.03719	
102.0	2	24.24615	3.97293	-2.2442	-13598.01185	-2870.80373	1258.72939	13954.63507	-35.66474	494.49088	742.50808	892.81098	0.06398	1.50135	0.31696	-0.13898	1.54073	117.59897	0.07499	
103.0	1	24.12096	-3.83196	-2.46856	-18172.65657	4488.77179	1859.75321	18810.98617	-31.6757	153.3445	-679.63862	697.44286	0.03708	-2.04136	0.50423	0.20891	-2.11307	-118.20852	0.037	
103.0	2	24.2286	3.97089	-2.4308	-13497.99827	-2850.06658	1354.30203	13861.92521	-18.59312	438.11686	736.68381	857.31857	0.06185	1.48637	0.31384	-0.14913	1.52645	116.41715	0.07066	
104.0	1	24.10108	-3.8327	-2.65405	-18255.08418	4515.71171	2010.24228	18912.45158	-36.27607	157.53286	-683.29861	702.16062	0.03713	-2.05561	0.50849	0.22636	-2.12964	-116.87084	0.03705	
104.0	2	24.20962	3.96938	-2.61585	-13380.007	-2826.13097	1445.8125	13751.43547	-0.95325	381.46436	736.82708	829.71688	0.06034	1.46998	0.31049	-0.15884	1.51079	115.11343	0.0679	
105.0	1	24.0799	-3.83335	-2.838	-18350.19215	4545.81855	2162.70167	19028.17114	-48.84831	130.2203	-688.18263	702.09602	0.0369	-2.07084	0.513	0.24406	-2.14735	-115.46632	0.0368	
105.0	2	24.18935	3.96812	-2.79943	-13254.11317	-2800.85405	1533.99586	13633.3944	11.52471	353.57438	745.152	824.86312	0.0605	1.45304	0.30706	-0.16817	1.49462	113.77304	0.06819	
106.0	1	24.05755	-3.8339	-3.02048	-18460.91524	4579.91399	2317.78689	19161.24056	-55.08554	124.71817	-685.19158	698.62475	0.03646	-2.08771	0.51793	0.26211	-2.16691	-115.24046	0.03632	
106.0	2	24.16785	3.96695	-2.98154	-13120.30077	-2774.08681	1618.68928	13507.70169	27.36057	304.96999	744.42462	804.93683	0.05959	1.43532	0.30348	-0.17708	1.4777	113.55369	0.0666	
106.0	16	20.30416	9.1998	2.52908	-0.13683	-7.34727	-0.01773	7.34856	0.42171	-0.00856	0.29465	0.51452	0.07	1e-05	0.0003	0.0	0.0003	514.76606	61.37717	
107.0	1	24.03405	-3.83451	-3.20122	-18578.66204	4616.07495	2474.63764	19302.81488	-57.77586	134.06521	-683.83884	699.24751	0.03623	-2.10522	0.52307	0.28041	-2.18728	-114.19848	0.03606	
107.0	2	24.14518	3.96582	-3.16194	-12974.92816	-2745.03578	1699.20912	13370.53828	47.75132	236.07074	745.98972	783.90704	0.05863	1.41653	0.29969	-0.18551	1.45972	112.54439	0.06499	
107.0	16	20.328	9.1998	2.48862	-0.23056	-12.32637	-0.02937	12.32856	0.71581	-0.01454	0.48213	0.86316	0.07	1e-05	0.00048	0.0	0.00048	510.08744	61.61761	
108.0	1	24.00935	-3.83514	-3.38023	-18691.74062	4651.38039	2631.6828	19440.73716	-68.94409	111.95035	-687.54819	700.0062	0.03601	-2.12203	0.52806	0.29877	-2.20707	-113.10345	0.03583	
108.0	2	24.12136	3.96469	-3.34069	-12832.81723	-2716.77547	1777.31834	13237.10419	61.22852	195.4089	740.78823	768.5706	0.05806	1.39802	0.29597	-0.19362	1.44206	111.48748	0.06406	
108.0	16	20.35117	9.1998	2.4489	-0.28031	-14.92367	-0.03512	14.92635	0.87615	-0.0178	0.5691	1.0449	0.07	1e-05	0.00055	0.0	0.00055	505.18385	61.82665	
109.0	1	23.98357	-3.83589	-3.55743	-18817.47693	4690.24684	2791.27892	19593.03681	-78.26046	97.07467	-690.71155	701.87651	0.03582	-2.14018	0.53344	0.31746	-2.22839	-111.62186	0.03562	
109.0	2	24.09636	3.96391	-3.51752	-12676.35324	-2685.79358	1850.47915	13089.22044	78.65201	143.74779	747.42669	765.17725	0.05846	1.37799	0.29196	-0.20116	1.42287	110.06977	0.0647	
109.0	16	20.37372	9.1998	2.41035	-0.33896	-17.97156	-0.04176	17.97481	1.06636	-0.02167	0.66829	1.25865	0.07	1e-05	0.00062	0.0	0.00062	498.57636	61.81784	
110.0	1	23.95673	-3.83656	-3.73286	-18945.06606	4729.82488	2952.00843	19748.44615	-84.35893	95.17337	-693.87979	705.43856	0.03572	-2.15853	0.5389	0.33634	-2.25006	-112.8083	0.03551	
110.0	2	24.07045	3.96295	-3.69247	-12519.61395	-2654.71147	1920.55791	12941.28159	99.61411	71.59585	748.32239	758.31085	0.0586	1.35795	0.28795	-0.20832	1.40369	111.25099	0.06493	
110.0	16	20.39621	9.1998	2.37061	-0.29387	-15.51743	-0.0356	15.52025	0.92948	-0.01889	0.56193	1.0863	0.07	1e-05	0.0005	0.0	0.0005	503.8274	63.28925	
111.0	1	23.92892	-3.83724	-3.90635	-19077.42098	4770.95543	3114.35192	19910.0275	-94.52903	77.10222	-697.16635	707.75801	0.03555	-2.17744	0.54454	0.35546	-2.27247	-111.07974	0.03532	
111.0	2	24.04347	3.96199	-3.86549	-12354.64631	-2621.94512	1986.28481	12785.03848	116.3817	15.99162	745.00085	754.206	0.05899	1.33701	0.28374	-0.21495	1.38358	109.58516	0.06559	
111.0	16	20.41861	9.1998	2.33121	-0.30996	-16.29887	-0.03692	16.30186	0.98537	-0.02004	0.57501	1.14105	0.07	1e-05	0.00049	0.0	0.00049	496.11979	63.12309	
112.0	1	23.90013	-3.83804	-4.07772	-19212.43533	4813.19645	3277.85889	20075.57946	-103.73815	62.52361	-699.84735	710.25145	0.03538	-2.19665	0.55032	0.37477	-2.29534	-109.8564	0.03514	
112.0	2	24.01561	3.96105	-4.03638	-12182.35253	-2587.68685	2047.5472	12621.34248	136.20897	-48.2622	749.41289	763.21805	0.06047	1.31527	0.27938	-0.22106	1.36267	108.43522	0.06813	
112.0	16	20.4406	9.1998	2.29298	-0.27973	-14.64861	-0.03276	14.65132	0.89346	-0.01819	0.50304	1.0255	0.07	1e-05	0.0004	0.0	0.0004	490.70175	63.25948	
113.0	1	23.87046	-3.83882	-4.24707	-19345.47323	4855.30184	3441.81172	20240.24107	-119.94282	19.09173	-701.09781	711.53982	0.03515	-2.21582	0.55612	0.39422	-2.31831	-106.92574	0.0349	
113.0	2	23.98678	3.95994	-4.20531	-12000.50126	-2551.33005	2103.87361	12447.79497	148.50095	-83.56215	745.71552	764.93582	0.06145	1.29249	0.27479	-0.22659	1.34066	105.60389	0.06992	
113.0	16	20.46265	9.1998	2.25585	-0.29457	-15.35985	-0.0339	15.36271	0.94468	-0.01925	0.51363	1.07545	0.07	1e-05	0.00038	0.0	0.00038	477.67568	62.3639	
114.0	1	23.83998	-3.8396	-4.41401	-19488.07571	4900.16722	3608.08894	20416.04858	-140.95825	-42.17804	-704.06401	719.27348	0.03523	-2.23613	0.56226	0.41401	-2.34261	-106.65532	0.03498	
114.0	2	23.95712	3.95908	-4.37175	-11807.73983	-2512.81987	2154.7275	12262.94557	161.77498	-105.66044	763.29427	787.37121	0.06421	1.26833	0.26991	-0.23145	1.31722	105.4178	0.07549	
114.0	16	20.48451	9.1998	2.22088	-0.2824	-14.66079	-0.03193	14.66354	0.90896	-0.01855	0.47752	1.02692	0.07	1e-05	0.00033	0.0	0.00033	476.56176	62.99849	
115.0	1	23.80871	-3.84053	-4.57867	-19635.38776	4946.82078	3776.01952	20598.00504	-154.68869	-73.94245	-707.51553	727.99334	0.03534	-2.2573	0.56869	0.43409	-2.36797	-105.28721	0.0351	
115.0	2	23.92678	3.95804	-4.53612	-11622.32803	-2475.74228	2203.42767	12085.64861	177.81922	-159.72751	758.4679	795.23965	0.0658	1.24493	0.26519	-0.23602	1.29456	104.12997	0.07927	
115.0	16	20.50776	9.1998	2.17859	-0.25374	-13.11164	-0.02817	13.11413	0.81843	-0.01673	0.41546	0.91799	0.07	0.0	0.00025	0.0	0.00025	470.50463	62.92871	
116.0	1	23.77668	-3.84162	-4.74089	-19778.82853	4993.1237	3943.85081	20777.08597	-173.14975	-124.21029	-711.1075	742.34959	0.03573	-2.27814	0.57511	0.45426	-2.39312	-103.89081	0.03552	
116.0	2	23.89572	3.95684	-4.69821	-11424.69084	-2435.96031	2246.25312	11895.50825	192.09116	-197.67305	762.62929	810.91127	0.06817	1.22008	0.26014	-0.23988	1.27036	102.86429	0.08649	
116.0	16	20.53157	9.1998	2.13577	-0.22127	-11.37785	-0.0241	11.38002	0.71497	-0.01465	0.35097	0.7966	0.07	0.0	0.00019	0.0	0.00019	464.42991	62.81502	
117.0	1	23.7439	-3.84281	-4.90083	-19918.35706	5038.90049	4111.42492	20953.16876	-201.41354	-214.26075	-713.18051	771.42824	0.03682	-2.29856	0.58148	0.47445	-2.41798	-102.26083	0.03671	
117.0	2	23.86398	3.9556	-4.85802	-11216.19815	-2393.82048	2283.2464	11693.87411	198.871	-198.48006	768.83989	818.57119	0.07	1.1941	0.25485	-0.24308	1.24495	101.68118	0.11515	
117.0	16	20.55451	9.1998	2.09818	-0.17116	-8.75732	-0.01829	8.75901	0.55381	-0.01137	0.26287	0.61313	0.07	0.0	0.00011	0.0	0.00011	458.01447	62.72258	
118.0	1	23.71043	-3.84414	-5.05859	-20041.26373	5080.97416	4275.911	21112.83887	-260.06941	-431.07318	-706.7144	867.70124	0.0411	-2.31679	0.58736	0.4943	-2.44066	-97.03234	0.04153	
118.0	2	23.83165	3.95467	-5.0152	-10977.8619	-2345.46421	2310.12247	11460.86035	179.07288	-71.09831	778.7807	802.26021	0.07	1.16474	0.24885	-0.2451	1.21599	103.9638	0.63384	
118.0	16	20.57098	9.1998	2.08515	-0.1841	-9.36947	-0.01949	9.37129	0.59348	-0.01224	0.27921	0.65599	0.07	0.0	0.0001	0.0	0.0001	451.28012	63.28963	
119.0	1	23.67623	-3.84572	-5.21422	-20203.87086	5133.84304	4449.57878	21315.52236	-290.86175	-550.26635	-685.80697	926.13434	0.04345	-2.33959	0.5945	0.51526	-2.46832	-83.75497	0.04427	
119.0	2	23.79909	3.9538	-5.1686	-10742.95881	-2297.783	2332.97172	11230.92728	172.21787	-26.84017	766.60022	786.16492	0.07	1.13558	0.24289	-0.24661	1.18716	113.74975	2.23664	
119.0	16	20.54308	9.1998	2.21111	-0.69195	-34.95823	-0.07779	34.96516	2.19673	-0.04588	1.07836	2.44756	0.07	1e-05	0.00045	0.0	0.00045	443.30658	65.88385	
120.0	1	23.6416	-3.84737	-5.36746	-20371.20855	5188.4035	4624.9983	21524.31829	-309.56138	-623.19098	-664.38365	962.08154	0.0447	-2.36328	0.60191	0.53655	-2.49705	-84.03124	0.04576	
120.0	2	23.76628	3.95256	-5.31893	-10511.81318	-2250.63204	2352.56211	11004.45861	175.01888	-34.11456	749.38997	770.31211	0.07	1.10678	0.23697	-0.2477	1.15865	110.62111	1.99786	
120.0	16	20.50629	9.1998	2.36282	-1.11884	-56.08589	-0.13428	56.09721	3.55816	-0.07495	1.65942	3.9268	0.07	2e-05	0.00092	0.0	0.00092	436.77914	66.89057	
121.0	1	23.60657	-3.84902	-5.51787	-20566.90622	5250.64055	4807.48356	21764.16219	-330.57162	-706.68604	-642.39037	1010.6177	0.04643	-2.39073	0.61034	0.55883	-2.5299	-83.23001	0.04788	
121.0	2	23.73292	3.95101	-5.46679	-10277.10675	-2202.49555	2367.38249	10773.78344	175.85262	-33.07187	732.63003	754.16487	0.07	1.07773	0.23097	-0.24826	1.12981	108.35782	1.89402	
121.0	16	20.47128	9.1998	2.50386	-1.61125	-80.13164	-0.20453	80.1481	5.11888	-0.10878	2.2938	5.61037	0.07	3e-05	0.00155	0.0	0.00155	429.7893	67.75677	
122.0	1	23.57113	-3.85084	-5.66589	-20768.98146	5315.19572	4992.49947	22011.97282	-351.48772	-788.94501	-622.26242	1064.51321	0.04836	-2.4195	0.6192	0.5816	-2.5643	-83.14983	0.0503	
122.0	2	23.69916	3.9494	-5.61263	-10070.24428	-2160.20838	2384.98355	10571.87148	177.57227	-35.59994	717.52816	740.03103	0.07	1.0517	0.2256	-0.24908	1.10409	105.97013	1.73194	
122.0	16	20.44093	9.1998	2.62331	-2.02845	-100.06883	-0.26987	100.08975	6.43393	-0.13789	2.76989	7.00619	0.07	4e-05	0.00217	1e-05	0.00217	424.13455	68.5207	
123.0	1	23.53525	-3.85243	-5.81142	-20973.15589	5380.58878	5178.757	22263.05298	-372.68835	-876.91533	-598.23814	1125.06266	0.05053	-2.4488	0.62823	0.60467	-2.59941	-81.64494	0.05313	
123.0	2	23.66511	3.94758	-5.75602	-9842.37946	-2113.21822	2393.89737	10347.40883	178.13983	-35.38187	701.17885	724.31861	0.07	1.02346	0.21974	-0.24893	1.07598	104.09881	1.70381	
123.0	16	20.41246	9.19979	2.73481	-2.48075	-121.37232	-0.34396	121.39816	7.84261	-0.16956	3.26781	8.49787	0.07	6e-05	0.00288	1e-05	0.00288	416.46125	69.03718	
124.0	1	23.49904	-3.85397	-5.95426	-21144.91501	5438.00607	5357.63803	22480.739	-395.65576	-965.60617	-581.43816	1194.57485	0.05314	-2.47429	0.63633	0.62693	-2.6306	-80.68412	0.05668	
124.0	2	23.63105	3.94521	-5.89649	-9602.42075	-2063.26492	2396.0454	10109.62809	178.71275	-37.76141	683.69457	707.67396	0.07	0.99388	0.21355	-0.248	1.04638	103.20369	1.70634	
124.0	16	20.38326	9.19971	2.84378	-2.84072	-137.82675	-0.40935	137.85663	8.94556	-0.19511	3.6139	9.64994	0.07	7e-05	0.00356	1e-05	0.00356	412.2262	70.09383	
125.0	1	23.46276	-3.85557	-6.09406	-21329.51449	5499.1355	5539.99346	22712.99644	-412.47825	-1048.34364	-547.46942	1252.55158	0.05515	-2.50131	0.64488	0.64967	-2.66355	-77.48504	0.05957	
125.0	2	23.5967	3.94325	-6.03455	-9355.17047	-2011.90195	2392.4154	9863.60053	179.46192	-43.34008	665.31125	690.45203	0.07	0.96366	0.20724	-0.24644	1.01603	100.08082	1.70725	
125.0	16	20.35579	9.1997	2.94359	-3.35364	-161.36304	-0.50003	161.39866	10.51526	-0.23133	4.12624	11.29823	0.07	9e-05	0.00447	1e-05	0.00447	397.96066	69.39635	
126.0	1	23.42632	-3.85769	-6.23106	-21340.48239	5516.23946	5676.49649	22761.10057	-419.95828	-1096.55788	-513.21031	1281.47921	0.0563	-2.50758	0.64818	0.66701	-2.6745	-78.38608	0.0613	
126.0	2	23.56192	3.94154	-6.16998	-9035.45928	-1945.02286	2365.92254	9540.45217	182.95198	-73.79101	638.03018	667.83161	0.07	0.92597	0.19933	-0.24246	0.97772	98.49903	1.54185	
126.0	16	20.33096	9.1997	3.03075	-3.88038	-185.18502	-0.59596	185.22663	12.12408	-0.26882	4.58842	12.96608	0.07	0.00011	0.00543	2e-05	0.00544	396.30895	70.36975	
127.0	1	23.38917	-3.86142	-6.36599	-21048.89765	5456.51815	5729.05154	22486.70083	-412.60089	-1080.92121	-486.42042	1255.08366	0.05581	-2.47473	0.64153	0.67357	-2.64378	-78.77781	0.06056	
127.0	2	23.52675	3.94174	-6.30251	-8613.32664	-1856.9709	2307.44396	9108.3497	190.63728	-152.30982	589.0441	637.58435	0.07	0.87687	0.18905	-0.23491	0.92726	94.2156	1.23903	
127.0	16	20.30885	9.1997	3.10246	-4.24848	-201.2755	-0.66813	201.32144	13.24804	-0.29556	4.7956	14.0924	0.07	0.00013	0.00621	2e-05	0.00621	387.32198	69.81034	
128.0	1	23.35144	-3.86667	-6.49789	-20908.55794	5437.07919	5817.94563	22373.60313	-416.74181	-1132.00935	-439.7851	1283.95087	0.05739	-2.45687	0.63889	0.68364	-2.62902	-77.53648	0.06298	
128.0	2	23.49094	3.94466	-6.43263	-8246.26478	-1781.927	2258.15998	8733.58078	188.5896	-166.72003	557.12478	611.35066	0.07	0.833	0.18	-0.22811	0.88223	92.58227	1.22046	
128.0	16	20.28863	9.1997	3.1615	-4.75728	-223.9582	-0.76256	224.01002	14.78774	-0.33184	5.20573	15.68079	0.07	0.00015	0.00725	2e-05	0.00725	380.44614	69.82277	
129.0	1	23.31397	-3.8714	-6.62675	-21062.43298	5493.6623	5986.76426	22575.37939	-448.02781	-1257.72032	-422.10866	1400.2732	0.06203	-2.47438	0.64539	0.70332	-2.65212	-75.71515	0.07101	
129.0	2	23.45516	3.94665	-6.5604	-8010.1074	-1734.42815	2240.38523	8496.43381	183.17656	-136.71671	549.07458	594.75037	0.07	0.80296	0.17387	-0.22458	0.85171	91.33639	1.24411	
129.0	16	20.27062	9.1997	3.21486	-4.97072	-232.51597	-0.81032	232.57051	15.38766	-0.34744	5.30425	16.27992	0.07	0.00017	0.00782	3e-05	0.00782	373.21818	69.67662	
130.0	1	23.27684	-3.87543	-6.75286	-21215.35206	5549.76734	6154.94559	22776.62037	-472.48206	-1363.58184	-399.07929	1497.28387	0.06574	-2.49323	0.65221	0.72333	-2.67671	-74.06486	0.07911	
130.0	2	23.41969	3.94747	-6.68507	-7770.73682	-1685.46353	2218.10998	8255.00756	179.58765	-123.76163	535.10992	577.85058	0.07	0.77301	0.16766	-0.22065	0.82118	89.51242	1.22118	
130.0	16	20.254	9.1997	3.26642	-5.29296	-245.87605	-0.87676	245.93457	16.30904	-0.37069	5.49936	17.21526	0.07	0.00018	0.00853	3e-05	0.00853	365.16661	69.20664	
131.0	1	23.23972	-3.87901	-6.87651	-21385.63116	5610.42912	6327.76958	22997.01726	-495.67874	-1469.37302	-372.42026	1594.82016	0.06935	-2.51528	0.65987	0.74424	-2.70481	-72.20603	0.09202	
131.0	2	23.38455	3.94743	-6.80716	-7530.54497	-1635.73751	2192.02106	8011.84754	175.93133	-112.40432	520.52182	560.82932	0.07	0.74348	0.16149	-0.21641	0.791	88.14748	1.2509	
131.0	16	20.2382	9.1997	3.31674	-5.66444	-261.18186	-0.95279	261.24502	17.36013	-0.39742	5.73477	18.28715	0.07	0.0002	0.00932	3e-05	0.00932	357.73322	68.89652	
132.0	1	23.20279	-3.88247	-6.99704	-21561.81785	5672.8842	6502.09767	23224.35959	-499.17691	-1509.77708	-338.10183	1625.70516	0.07	-2.53885	0.66797	0.76561	-2.73461	-70.36325	0.24093	
132.0	2	23.34994	3.94642	-6.926	-7295.08455	-1586.44595	2163.8785	7772.8656	179.47396	-159.17295	488.36311	544.10059	0.07	0.71492	0.15547	-0.21206	0.76175	86.64613	1.2619	
132.0	16	20.22314	9.1997	3.36199	-6.26872	-286.85337	-1.06887	286.92385	19.11243	-0.44062	6.15753	20.08468	0.07	0.00023	0.01051	4e-05	0.01051	350.08463	68.5214	
133.0	1	23.16632	-3.88547	-7.11461	-21766.59852	5742.77446	6684.85205	23483.00484	-496.65999	-1538.94425	-295.11331	1643.81033	0.07	-2.56645	0.67712	0.7882	-2.76883	-68.90845	0.40605	
133.0	2	23.31531	3.9447	-7.04239	-7055.03564	-1535.73724	2130.98358	7528.15434	181.35716	-214.36287	445.93315	526.97081	0.07	0.68618	0.14937	-0.20726	0.73219	84.55469	1.23229	
133.0	16	20.20861	9.1997	3.39927	-7.07557	-321.136	-1.22011	321.21626	21.44637	-0.49812	6.73697	22.48515	0.07	0.00027	0.01211	5e-05	0.01211	342.03394	67.81345	
134.0	1	23.12997	-3.88811	-7.22982	-21953.30251	5808.0328	6861.96859	23722.71799	-491.48502	-1566.98621	-246.08275	1660.59026	0.07	-2.59269	0.68593	0.8104	-2.80166	-67.12422	0.57267	
134.0	2	23.28122	3.94189	-7.15639	-6817.95766	-1485.07245	2095.69774	7285.73509	179.73596	-264.94284	396.99088	510.00145	0.07	0.65796	0.14332	-0.20224	0.7031	82.48215	1.26365	
134.0	16	20.19461	9.1997	3.42833	-8.01968	-360.78819	-1.39523	360.88001	24.14733	-0.56536	7.39851	25.26165	0.07	0.00031	0.01401	5e-05	0.01402	333.35046	66.99256	
135.0	1	23.09382	-3.89111	-7.3418	-22155.99031	5878.25604	7043.73316	23980.3248	-482.90182	-1596.82589	-186.3524	1678.62274	0.07	-2.62151	0.69552	0.83342	-2.83737	-65.62042	0.79618	
135.0	2	23.24755	3.93888	-7.26719	-6573.94855	-1432.72827	2054.99985	7035.09305	174.041	-310.65474	340.17168	492.45651	0.07	0.62942	0.13718	-0.19676	0.67357	80.93866	1.36421	
135.0	16	20.18116	9.1997	3.44847	-9.14886	-407.86142	-1.60172	407.96716	27.35444	-0.64571	8.17681	28.5577	0.07	0.00037	0.01635	6e-05	0.01635	326.46981	66.49483	
136.0	1	23.05813	-3.89384	-7.45139	-22352.24544	5946.85476	7223.13566	24231.41858	-470.52425	-1625.36234	-117.88229	1696.1993	0.07	-2.64939	0.70487	0.85615	-2.87213	-64.59052	1.00807	
136.0	2	23.21425	3.93459	-7.37553	-6321.65853	-1378.00835	2008.446	6774.66818	163.40388	-351.57691	273.1005	474.22678	0.07	0.60023	0.13084	-0.1907	0.64325	78.56194	1.44972	
136.0	16	20.16856	9.1997	3.45815	-10.481	-462.71472	-1.84085	462.83707	31.09985	-0.74045	9.05095	32.39859	0.07	0.00043	0.01917	8e-05	0.01917	318.84813	65.59939	
137.0	1	23.02268	-3.89677	-7.55766	-22562.98103	6020.03968	7406.78574	24498.76457	-452.91835	-1653.63867	-35.67239	1714.91353	0.07	-2.67967	0.71496	0.87966	-2.90957	-63.27006	1.42743	
137.0	2	23.18182	3.9289	-7.4811	-6065.91591	-1321.94969	1957.53856	6509.5963	146.42025	-385.87093	193.13589	455.67174	0.07	0.57084	0.1244	-0.18422	0.61259	76.27953	1.75705	
137.0	16	20.15758	9.1997	3.45254	-12.12034	-529.52484	-2.12613	529.6678	35.67833	-0.857	10.05027	37.07675	0.07	0.00052	0.0227	9e-05	0.02271	310.83345	64.76602	
138.0	1	22.98755	-3.90003	-7.6614	-22788.99112	6098.15175	7595.02612	24783.26033	-426.99901	-1680.09234	67.75241	1734.82819	0.07	-2.71163	0.72561	0.90372	-2.94892	-63.56264	2.15282	
138.0	2	23.14968	3.92194	-7.5842	-5801.94473	-1263.67496	1900.75786	6234.76684	119.3245	-409.62154	91.90318	436.43366	0.07	0.54098	0.11783	-0.17723	0.58133	72.69242	2.33376	
138.0	16	20.14965	9.1997	3.42164	-14.24806	-615.5652	-2.47788	615.73506	41.61532	-1.00822	11.17484	43.10137	0.07	0.00063	0.02737	0.00011	0.02737	303.53705	63.77493	
139.0	1	22.95302	-3.90377	-7.76166	-23042.63122	6185.14747	7791.86161	25098.44637	-381.87209	-1700.63263	220.65662	1756.89128	0.07	-2.74758	0.73751	0.92909	-2.99272	-71.52891	5.32313	
139.0	2	23.1188	3.91181	-7.68463	-5512.41412	-1198.77184	1832.3577	5931.38247	70.00452	-405.57558	-54.7375	415.19679	0.07	0.50872	0.11063	-0.1691	0.54738	60.61126	5.40345	
139.0	16	20.15334	9.1997	3.3096	-17.61259	-750.51055	-2.96344	750.72304	51.29935	-1.24861	11.33074	52.55062	0.07	0.00081	0.03471	0.00014	0.03472	294.51424	62.34435	
140.0	1	22.91899	-3.91193	-7.85533	-23101.30745	6227.68663	7917.7404	25202.08522	-348.5322	-1699.53553	319.86717	1764.14589	0.07	-2.75844	0.74362	0.94543	-3.00929	-125.20134	19.35226	
140.0	2	23.08916	3.89055	-7.78681	-5220.35313	-1129.83921	1760.47449	5623.86823	31.67749	-366.16197	-141.06224	393.67068	0.07	0.30793	0.06664	-0.10384	0.33173	2.71763	20.24587	
140.0	16	20.24545	9.1998	2.55695	-22.03509	-914.69433	-2.86821	914.9642	64.02667	-1.54079	-0.5174	64.0473	0.07	0.00106	0.04417	0.00014	0.04418	285.55056	59.26408	
141.0	1	22.88553	-3.92311	-7.94431	-22816.83992	6180.7444	7920.4052	24930.75618	-340.91822	-1679.68019	328.6445	1745.15271	0.07	-2.72372	0.73782	0.94548	-2.97607	-121.64087	16.22565	
141.0	2	23.06002	3.86746	-7.88725	-4935.84514	-1062.56779	1688.20121	5323.68677	21.33701	-339.80627	-151.49322	372.65771	0.07	0.20406	0.04393	-0.06979	0.2201	1.87716	17.44879	
141.0	21	20.33099	9.1999	1.54022	-25.22295	-1019.8502	-2.00406	1020.16403	71.37865	-1.76289	-1.24496	71.41127	0.07	0.00127	0.05131	0.0001	0.05132	276.04039	51.38263	
142.0	1	22.85241	-3.93402	-8.03063	-22396.50245	6094.0839	7870.40093	24508.86352	-331.3577	-1649.7515	334.47731	1715.6203	0.07	-2.66861	0.72613	0.93778	-2.92031	-118.90786	13.84176	
142.0	2	23.03102	3.84661	-7.98495	-4640.98718	-994.40718	1609.06005	5011.65461	12.20557	-312.89834	-158.16841	350.81562	0.07	0.20286	0.04347	-0.07033	0.21906	2.04889	15.36198	
142.0	24	20.36256	9.19992	0.62823	-28.00722	-1110.67326	-0.96389	1111.02674	77.7312	-1.95874	-1.57369	77.7718	0.07	0.00146	0.05806	5e-05	0.05808	270.58996	45.4358	
143.0	1	22.82005	-3.94489	-8.11442	-22529.5597	6157.07473	8011.17485	24691.48744	-329.79273	-1660.43461	348.67982	1728.40504	0.07	-2.68013	0.73245	0.95301	-2.93732	-113.80999	12.02849	
143.0	2	23.00233	3.82505	-8.08017	-4453.29782	-949.52441	1564.26351	4814.60054	6.19707	-295.58822	-161.78274	337.02292	0.07	0.28742	0.06128	-0.10096	0.31074	3.30723	13.55285	
143.0	24	20.35441	9.2	-0.20329	-31.37912	-1224.87497	0.2064	1225.27686	85.73481	-2.19657	-1.15738	85.77076	0.07	0.0017	0.0664	-1e-05	0.06642	262.2957	40.02977	
144.0	1	22.78843	-3.95374	-8.19601	-22658.36081	6216.59451	8149.28275	24868.81926	-336.23036	-1673.49899	341.75225	1740.81714	0.07	-2.69245	0.73871	0.96836	-2.95512	-108.26067	10.54415	
144.0	2	22.97446	3.80427	-8.1716	-4256.67361	-903.2934	1514.05712	4607.33959	0.30763	-277.34679	-164.60148	322.51354	0.07	0.34209	0.07259	-0.12168	0.37027	4.82069	12.11075	
144.0	24	20.31602	9.2001	-0.95595	-34.7513	-1338.39914	1.52033	1338.85109	93.68676	-2.43308	-0.4575	93.71946	0.07	0.00195	0.07511	-9e-05	0.07513	253.57359	35.40197	
145.0	1	22.75764	-3.96173	-8.2755	-22784.98644	6274.58723	8285.57653	25043.49876	-343.86385	-1686.68332	331.69792	1753.04492	0.07	-2.70658	0.74535	0.98423	-2.97487	-97.14129	8.34815	
145.0	2	22.94696	3.78317	-8.26054	-4055.91347	-856.49627	1460.01523	4394.95898	-2.03919	-262.84532	-159.85916	307.64715	0.07	0.34493	0.07284	-0.12417	0.37377	13.65024	9.69567	
145.0	18	20.25961	9.20014	-1.58433	-38.01621	-1446.92056	2.84939	1447.42269	101.09249	-2.6438	6.24084	101.31944	0.07	0.00221	0.08395	-0.00017	0.08398	248.75772	32.0715	
146.0	1	22.72744	-3.96839	-8.35329	-22741.55571	6283.53822	8358.55014	25030.51276	-357.32987	-1689.27942	297.7089	1752.13589	0.07	-2.70049	0.74615	0.99255	-2.9723	-67.94641	3.91831	
146.0	2	22.9206	3.76339	-8.34514	-4170.56311	-876.65845	1518.43291	4524.13143	12.83361	-288.02133	-131.03837	316.68919	0.07	0.34967	0.0735	-0.12731	0.37932	37.89234	4.3721	
146.0	9	-22.21882	-5.86126	8.0604	139.89061	55.52684	-50.7464	158.83265	3.5963	0.5418	10.50662	11.11828	0.07	0.00119	0.00047	-0.00043	-0.00135	-75.37876	199.74396	
146.0	18	20.20207	9.2002	-2.04141	-38.87943	-1465.41138	3.80418	1465.93198	98.88841	-2.55282	27.2847	102.61525	0.07	0.00233	0.0877	-0.00023	0.08773	237.88776	29.50183	
147.0	1	22.69797	-3.9722	-8.43039	-22633.92375	6268.63977	8406.62663	24945.17429	-353.51158	-1682.92169	303.12703	1746.16203	0.07	-2.68665	0.74409	0.99787	-2.96099	-61.25316	2.64217	
147.0	2	22.89362	3.75382	-8.42411	-4378.03847	-918.78326	1611.01767	4754.65682	17.84666	-307.23907	-126.72286	332.82583	0.07	0.36402	0.07639	-0.13395	0.39534	42.21642	2.90491	
147.0	9	-22.21002	-5.80354	8.14589	338.89847	133.80361	-124.26448	384.96395	9.03152	0.69506	25.3795	26.94755	0.07	0.00467	0.00184	-0.00171	-0.0053	-78.27565	194.82635	
147.0	18	20.17217	9.2002	-2.18204	-39.45671	-1479.40512	4.14179	1479.93699	97.96595	-2.51878	33.58884	103.5948	0.07	0.00243	0.09098	-0.00025	0.09101	232.68618	28.2721	
148.0	1	22.66951	-3.97503	-8.50478	-22631.22554	6280.58869	8490.45197	24974.10536	-338.87707	-1680.95432	340.16791	1748.18743	0.07	-2.68498	0.74513	1.00731	-2.96294	-63.84132	3.12245	
148.0	2	22.86665	3.74691	-8.50108	-4396.32067	-921.83863	1634.35523	4780.01453	6.0926	-298.13747	-151.77215	334.60104	0.07	0.36341	0.0762	-0.1351	0.39513	36.23468	3.49752	
148.0	9	-22.19605	-5.76456	8.22462	462.51907	181.7924	-171.35085	525.67431	12.40622	1.07321	34.62612	36.79721	0.07	0.00782	0.00307	-0.0029	-0.00889	-71.03933	188.98099	
148.0	18	20.14117	9.2002	-2.3246	-41.5926	-1553.65295	4.66774	1554.21659	103.8329	-2.68244	32.37183	108.79523	0.07	0.00263	0.09806	-0.00029	0.0981	225.1732	26.66708	
149.0	1	22.64189	-3.97742	-8.57617	-22611.60765	6287.13232	8564.74662	24983.34882	-329.28172	-1678.7578	362.99769	1748.83433	0.07	-2.68183	0.74568	1.01581	-2.96313	-63.76356	3.2188	
149.0	2	22.84066	3.73993	-8.57469	-4435.76897	-929.27184	1665.29537	4828.33317	1.13435	-296.416	-162.3852	337.98326	0.07	0.36486	0.07644	-0.13698	0.39715	33.08632	3.62048	
149.0	9	-22.17895	-5.73638	8.29932	593.10253	232.55169	-221.92118	674.61093	16.06321	1.38848	44.38522	47.2229	0.07	0.01159	0.00454	-0.00434	-0.01318	-66.71982	183.1908	
149.0	18	20.10456	9.2002	-2.50474	-43.34504	-1613.2102	5.26282	1613.801	107.98946	-2.79376	33.04005	112.96536	0.07	0.00281	0.1044	-0.00034	0.10444	218.03119	25.17951	
150.0	1	22.61521	-3.97987	-8.64501	-22531.39596	6276.20561	8612.97322	24924.6438	-320.44283	-1672.33907	380.34711	1744.72505	0.07	-2.67128	0.74409	1.02114	-2.95501	-62.90467	3.08071	
150.0	2	22.8146	3.73469	-8.64652	-4440.50117	-929.88778	1682.8596	4838.87987	-5.21309	-290.42625	-174.2347	338.72158	0.07	0.36401	0.07623	-0.13795	0.39667	30.52152	3.55416	
150.0	9	-22.1622	-5.70849	8.37279	711.82995	278.2316	-268.90029	810.19878	19.57317	1.35146	53.21223	56.71399	0.07	0.01543	0.00603	-0.00583	-0.01756	-62.82313	176.86921	
150.0	18	20.06555	9.20022	-2.69008	-45.05415	-1672.24569	5.89833	1672.86291	111.87413	-2.89256	34.47097	117.10011	0.07	0.00299	0.11087	-0.00039	0.11091	210.39488	23.58355	
151.0	1	22.58917	-3.9819	-8.71109	-22415.31161	6254.23429	8644.02133	24825.00244	-313.28986	-1663.85069	391.44076	1737.75013	0.07	-2.65552	0.74093	1.02405	-2.94099	-61.01167	3.05379	
151.0	2	22.78946	3.73075	-8.71518	-4433.70643	-928.41523	1695.53055	4836.78937	-7.80674	-287.87539	-178.04496	338.57524	0.07	0.3623	0.07586	-0.13855	0.39523	27.75681	3.55314	
151.0	9	-22.14567	-5.68163	8.44306	822.74077	320.55408	-313.65713	937.03686	22.79442	1.65464	61.4821	65.59247	0.07	0.01932	0.00753	-0.00737	-0.02201	-58.28829	168.23065	
151.0	18	20.02429	9.20028	-2.87989	-46.46008	-1720.90352	6.53512	1721.54296	115.23806	-2.97777	35.12129	120.50802	0.07	0.00315	0.11677	-0.00044	0.11682	199.95405	21.93051	
152.0	1	22.56405	-3.98421	-8.77442	-22379.95731	6254.84666	8702.83122	24813.80397	-306.49873	-1660.91748	405.54108	1736.96629	0.07	-2.64974	0.74056	1.0304	-2.9379	-60.60228	3.19563	
152.0	2	22.76484	3.727	-8.78091	-4384.14343	-918.02321	1691.14577	4787.84443	-11.92861	-280.4257	-183.1504	335.14912	0.07	0.35717	0.07479	-0.13778	0.39006	23.95361	3.75734	
152.0	9	-22.13292	-5.64494	8.51249	910.21727	352.64286	-350.0714	1037.01613	25.36107	2.03042	67.9864	72.59103	0.07	0.0232	0.00899	-0.00892	-0.02644	-52.79919	160.53066	
152.0	18	19.97921	9.2003	-3.08317	-48.30588	-1785.79732	7.30202	1786.46547	120.06933	-3.10553	34.8127	125.05284	0.07	0.00335	0.12391	-0.00051	0.12396	190.50565	20.25358	
153.0	1	22.53978	-3.98661	-8.83523	-22298.16629	6242.18129	8740.55664	24750.15914	-304.24881	-1656.37653	406.74892	1732.51125	0.07	-2.63808	0.73851	1.03409	-2.92817	-58.87976	2.96682	
153.0	2	22.74069	3.72336	-8.84531	-4352.57256	-911.39501	1692.93435	4758.31435	-13.72124	-277.03007	-184.41738	333.08212	0.07	0.35359	0.07404	-0.13753	0.38656	23.99219	3.53193	
153.0	9	-22.11578	-5.62376	8.57774	1002.7993	387.59239	-388.93588	1143.28711	28.27423	1.9511	74.84423	80.0306	0.07	0.02711	0.01048	-0.01052	-0.03091	-52.08153	157.29868	
153.0	18	19.93175	9.2003	-3.28686	-49.74069	-1835.97817	8.04548	1836.66946	122.77772	-3.15974	38.01235	128.5663	0.07	0.00353	0.13021	-0.00057	0.13026	186.73741	19.40404	
154.0	1	22.51613	-3.9886	-8.89358	-22189.02942	6221.08175	8764.44833	24655.02868	-302.64316	-1650.11933	405.06478	1725.85172	0.07	-2.62306	0.73542	1.03608	-2.91457	-56.41503	2.76515	
154.0	2	22.71771	3.72045	-8.906	-4343.99048	-909.74518	1702.99494	4753.74393	-13.04813	-278.30378	-181.95385	332.76185	0.07	0.3519	0.0737	-0.13796	0.38509	24.38326	3.27468	
154.0	9	-22.09749	-5.60792	8.6398	1100.53492	424.81447	-430.27369	1255.69897	31.30158	2.077	82.11244	87.90083	0.07	0.03119	0.01204	-0.01219	-0.03558	-51.6239	153.30647	
154.0	18	19.88582	9.2003	-3.46996	-50.82218	-1873.19974	8.70761	1873.90928	124.4322	-3.18365	41.3782	131.17036	0.07	0.00368	0.13568	-0.00063	0.13573	182.07886	18.65082	
155.0	1	22.49341	-3.99083	-8.94945	-22087.20046	6201.90395	8787.93341	24566.96583	-296.64144	-1642.61943	413.67962	1719.68763	0.07	-2.60894	0.73257	1.03803	-2.90185	-53.40126	2.64273	
155.0	2	22.69516	3.71816	-8.96415	-4288.82604	-898.48019	1694.0695	4697.99605	-15.03033	-272.94935	-182.81544	328.85976	0.07	0.3465	0.07259	-0.13687	0.37956	21.84393	3.16454	
155.0	9	-22.07918	-5.59519	8.69888	1175.444	453.39475	-463.07849	1342.26565	33.72826	2.10186	87.67122	93.9588	0.07	0.03462	0.01335	-0.01364	-0.03954	-47.18207	142.84736	
155.0	18	19.83958	9.2003	-3.64506	-52.22188	-1922.45041	9.42826	1923.18268	127.60687	-3.25659	42.76907	134.62286	0.07	0.00386	0.14213	-0.0007	0.14219	169.56967	16.94887	
156.0	1	22.4715	-3.9933	-9.00296	-21969.41505	6178.00429	8801.89081	24460.09436	-292.1554	-1634.48826	418.02293	1712.20613	0.07	-2.59208	0.72892	1.0385	-2.88594	-52.11968	2.47833	
156.0	2	22.67318	3.71636	-9.02062	-4228.6576	-886.24697	1682.33507	4636.51055	-17.10481	-267.03813	-183.66859	324.55522	0.07	0.34072	0.07141	-0.13555	0.37358	21.28926	3.02804	
156.0	9	-22.06101	-5.58459	8.75509	1244.80003	480.00116	-493.98155	1422.65456	36.07902	1.93966	92.80145	99.58698	0.07	0.03786	0.0146	-0.01502	-0.04327	-45.95999	138.97227	
156.0	18	19.79287	9.20037	-3.81419	-53.48543	-1967.38795	10.13585	1968.14094	130.06669	-3.30262	45.29778	137.76843	0.07	0.00403	0.14837	-0.00076	0.14842	165.42267	16.16825	
157.0	1	22.45026	-3.99549	-9.05402	-21906.48717	6168.98358	8834.82436	24413.20667	-292.09868	-1631.79704	415.13821	1708.9245	0.07	-2.58189	0.72707	1.04127	-2.87733	-47.86829	2.34639	
157.0	2	22.65242	3.71471	-9.0738	-4231.70039	-887.26856	1695.07806	4644.11707	-13.84383	-272.27472	-177.07958	325.08822	0.07	0.33998	0.07128	-0.13618	0.37311	20.39763	2.79541	
157.0	9	-22.04341	-5.57416	8.80887	1330.15926	512.72809	-531.51751	1521.4219	38.70031	2.42499	99.18946	106.4995	0.07	0.04168	0.01607	-0.01666	-0.04768	-43.26339	129.55873	
157.0	18	19.74745	9.20037	-3.97086	-54.36527	-1998.21483	10.75778	1998.98319	131.38449	-3.31597	48.03386	139.92902	0.07	0.00418	0.1536	-0.00083	0.15366	153.82248	14.95591	
158.0	1	22.43006	-3.99719	-9.10281	-21965.59235	6193.66672	8914.46078	24501.35437	-292.96957	-1637.86332	416.08007	1715.09476	0.07	-2.58735	0.72956	1.05004	-2.88604	-46.2187	2.34086	
158.0	2	22.6324	3.71245	-9.12448	-4238.32671	-888.85159	1708.77513	4655.46806	-12.60978	-275.03705	-174.34212	325.88274	0.07	0.33975	0.07125	-0.13698	0.37319	19.83126	2.71674	
158.0	9	-22.02666	-5.56442	8.85986	1412.4429	544.29047	-568.1129	1616.78673	41.21534	3.01698	105.3601	113.1749	0.07	0.04552	0.01754	-0.01831	-0.05211	-41.91582	125.38684	
158.0	18	19.70331	9.2004	-4.11641	-55.67231	-2043.93829	11.45302	2044.72842	133.80893	-3.36057	50.69837	143.13087	0.07	0.00436	0.15999	-0.0009	0.16005	148.83785	14.28347	
159.0	1	22.4108	-3.99863	-9.14941	-22028.22545	6218.95722	8993.28031	24592.62565	-293.7016	-1644.0636	417.49351	1721.48383	0.07	-2.59421	0.73239	1.05912	-2.89622	-43.83838	2.2918	
159.0	2	22.61321	3.70967	-9.17341	-4240.94049	-889.41493	1720.37281	4662.2224	-10.96251	-277.93066	-170.71128	326.35559	0.07	0.33945	0.07119	-0.1377	0.37317	18.85417	2.61777	
159.0	9	-22.01079	-5.55454	8.90858	1489.19342	573.66843	-602.72131	1705.89141	43.60642	3.53811	111.10955	119.4126	0.07	0.0493	0.01899	-0.01995	-0.05648	-39.78694	119.05707	
159.0	18	19.65985	9.2004	-4.25445	-56.96701	-2088.65198	12.14597	2089.46401	136.26983	-3.40834	53.02495	146.26253	0.07	0.00454	0.16638	-0.00097	0.16644	141.29274	13.41618	
160.0	1	22.39239	-3.9996	-9.19366	-22073.15557	6238.61828	9062.6154	24663.24295	-295.51696	-1649.38053	415.64863	1726.427	0.07	-2.59924	0.73463	1.06717	-2.90424	-41.32811	2.23938	
160.0	2	22.59516	3.70652	-9.21969	-4256.86168	-892.6267	1736.91352	4683.43062	-7.70029	-283.45286	-164.54282	327.84014	0.07	0.34029	0.07136	-0.13885	0.37439	18.27201	2.50206	
160.0	9	-21.99553	-5.54445	8.95504	1567.99903	603.80446	-638.36458	1797.41762	45.99444	4.2896	117.03236	125.81917	0.07	0.0533	0.02052	-0.0217	-0.0611	-38.13543	113.22175	
160.0	18	19.61729	9.2004	-4.38457	-58.04053	-2124.72511	12.7863	2125.55616	138.01886	-3.4364	55.4719	148.78894	0.07	0.0047	0.17213	-0.00104	0.1722	134.35321	12.70361	
161.0	1	22.37488	-4.00024	-9.23561	-22122.02321	6258.95011	9131.29454	24737.39896	-296.76405	-1654.69404	415.23425	1731.61796	0.07	-2.60557	0.73719	1.0755	-2.91362	-39.0011	2.20245	
161.0	2	22.57818	3.70284	-9.26313	-4265.85559	-894.21371	1750.1808	4696.8367	-5.34846	-287.27466	-159.81245	328.77858	0.07	0.34061	0.0714	-0.13975	0.37502	17.32356	2.41506	
161.0	9	-21.9815	-5.53355	8.99923	1640.62914	631.40398	-671.65767	1881.87645	48.19722	5.06735	122.49292	131.73142	0.07	0.05729	0.02205	-0.02345	-0.06571	-36.07126	107.06781	
161.0	18	19.57674	9.2004	-4.5037	-59.17394	-2162.16298	13.42309	2163.01421	140.03916	-3.47583	57.46541	151.4111	0.07	0.00487	0.17799	-0.00111	0.17806	127.00985	11.93334	
162.0	1	22.35831	-4.00085	-9.27532	-22182.93991	6282.49623	9202.62865	24824.20102	-296.75752	-1660.32283	418.14332	1737.6941	0.07	-2.61382	0.74027	1.08435	-2.92504	-36.91061	2.15955	
162.0	2	22.56193	3.6987	-9.30448	-4246.97466	-889.80577	1751.49514	4679.34646	-4.53425	-287.43141	-157.01726	327.55426	0.07	0.33873	0.07097	-0.13969	0.37321	16.02706	2.34961	
162.0	9	-21.96869	-5.52158	9.04139	1699.30859	653.39015	-699.33952	1950.29335	50.05255	5.63756	126.88866	136.52023	0.07	0.06093	0.02343	-0.02507	-0.06993	-33.63198	100.71559	
162.0	18	19.53667	9.2004	-4.61826	-60.5011	-2206.28496	14.10746	2207.15942	142.69422	-3.53488	59.13243	154.50171	0.07	0.00506	0.18446	-0.00118	0.18453	119.4182	11.1026	
163.0	1	22.3426	-4.00156	-9.31286	-22245.2011	6306.34013	9272.26072	24911.71846	-297.32454	-1666.18838	419.90907	1743.82029	0.07	-2.62233	0.74341	1.09304	-2.93667	-34.97694	2.08469	
163.0	2	22.5465	3.69453	-9.34387	-4233.96546	-886.58408	1754.67592	4668.12408	-3.77545	-287.87683	-154.56537	326.76869	0.07	0.33738	0.07065	-0.13982	0.37198	15.09614	2.26196	
163.0	9	-21.95688	-5.50951	9.08121	1758.09906	675.33699	-727.11647	2018.83399	51.98806	5.99611	131.27135	141.31836	0.07	0.06463	0.02483	-0.02673	-0.07422	-31.72525	95.32235	
163.0	18	19.49747	9.2004	-4.72692	-61.78263	-2248.58885	14.78019	2249.48602	145.02637	-3.58228	61.23275	157.46406	0.07	0.00524	0.19083	-0.00125	0.19091	112.99844	10.41299	
164.0	1	22.32776	-4.0022	-9.34815	-22294.22024	6326.12463	9334.14639	24983.56255	-300.45721	-1671.9827	415.54005	1748.8494	0.07	-2.62903	0.746	1.10072	-2.94617	-32.852	1.98954	
164.0	2	22.53195	3.69052	-9.38104	-4220.38566	-883.25233	1757.09186	4656.08866	-2.29857	-288.94856	-150.7692	325.92623	0.07	0.336	0.07032	-0.13989	0.37069	14.39545	2.1518	
164.0	9	-21.94547	-5.49804	9.11874	1811.74579	695.31495	-752.78918	2081.48438	53.72417	6.47866	135.28257	145.70393	0.07	0.0682	0.02617	-0.02834	-0.07835	-30.05727	89.97765	
164.0	18	19.45956	9.20046	-4.82867	-62.90794	-2285.11869	15.4085	2286.03636	146.90312	-3.61697	63.35293	160.02251	0.07	0.00542	0.19674	-0.00133	0.19682	106.65977	9.79172	
165.0	1	22.3137	-4.00255	-9.38119	-22321.89042	6339.37456	9384.69551	25030.5208	-302.28806	-1675.7307	412.95357	1752.13644	0.07	-2.63331	0.74786	1.10711	-2.95285	-30.44711	1.90877	
165.0	2	22.51854	3.68651	-9.41543	-4236.33899	-886.05781	1771.30598	4676.45073	1.03933	-293.75169	-144.45727	327.35155	0.07	0.33692	0.07047	-0.14087	0.37192	13.71954	2.03241	
165.0	9	-21.93474	-5.48753	9.15377	1873.70383	718.53852	-781.91187	2153.70606	55.61057	7.26818	139.93932	150.75933	0.07	0.07212	0.02766	-0.03009	-0.08289	-28.33347	84.15344	
165.0	18	19.42388	9.20046	-4.92143	-63.74925	-2310.93852	15.9487	2311.87265	147.9643	-3.63008	65.44235	161.83112	0.07	0.00556	0.20167	-0.00139	0.20176	99.74227	9.16059	
166.0	1	22.30055	-4.00286	-9.4121	-22364.50628	6356.57916	9439.18263	25093.33394	-303.47421	-1680.23029	412.47914	1756.53336	0.07	-2.63972	0.75028	1.11412	-2.9618	-28.54479	1.84304	
166.0	2	22.50582	3.68234	-9.4476	-4222.56056	-882.5774	1772.61218	4663.80901	2.04623	-294.15907	-141.58642	326.46662	0.07	0.33552	0.07013	-0.14085	0.37058	12.76896	1.9459	
166.0	9	-21.92469	-5.47804	9.18627	1919.98455	735.8332	-804.46609	2207.93045	57.1062	7.77797	143.4073	154.55506	0.07	0.07542	0.02891	-0.0316	-0.08673	-26.43439	78.77299	
166.0	18	19.38993	9.20046	-5.00702	-64.8113	-2344.51992	16.52962	2345.4738	149.74129	-3.6654	67.23257	164.18315	0.07	0.00573	0.20726	-0.00146	0.20735	93.33786	8.51457	
167.0	1	22.28829	-4.00318	-9.44089	-22407.20357	6373.56132	9491.34939	25155.33281	-304.82856	-1684.72004	411.67076	1760.87333	0.07	-2.64616	0.75268	1.12087	-2.9707	-26.4993	1.75594	
167.0	2	22.49393	3.67821	-9.47776	-4213.2414	-880.00653	1775.27265	4655.9003	3.37057	-295.10264	-138.28368	325.91303	0.07	0.33446	0.06986	-0.14093	0.3696	11.84936	1.84361	
167.0	9	-21.91641	-5.46562	9.21715	1965.68772	752.33035	-826.70999	2261.27808	58.61463	8.17591	146.80969	158.28963	0.07	0.07884	0.03017	-0.03316	-0.09069	-24.50881	73.16445	
167.0	18	19.35739	9.20046	-5.08672	-65.79594	-2375.30153	17.07987	2376.27401	151.28735	-3.69419	69.04501	166.33918	0.07	0.00589	0.2126	-0.00153	0.21269	86.67416	7.86762	
168.0	1	22.27688	-4.00358	-9.46761	-22445.14401	6388.99332	9539.14074	25211.08747	-306.07189	-1688.76109	410.90238	1764.77613	0.07	-2.65201	0.75489	1.1271	-2.97882	-24.41657	1.64804	
168.0	2	22.48289	3.67441	-9.50575	-4206.88392	-878.10664	1778.6788	4651.09039	4.71813	-296.19901	-135.06974	325.57633	0.07	0.33371	0.06966	-0.14109	0.36895	10.98658	1.7261	
168.0	9	-21.90844	-5.45473	9.24593	2009.76963	768.31261	-848.18232	2312.76706	60.12477	8.40553	150.07978	161.89373	0.07	0.08211	0.03139	-0.03465	-0.09449	-22.652	67.57268	
168.0	18	19.32661	9.20048	-5.15969	-66.70518	-2403.47867	17.59553	2404.46853	152.58921	-3.71559	70.93608	168.3128	0.07	0.00604	0.21768	-0.00159	0.21777	80.04569	7.23917	
169.0	1	22.26638	-4.00401	-9.49216	-22481.18934	6403.60135	9583.76823	25263.78036	-307.44592	-1692.63844	409.77952	1768.46462	0.07	-2.65735	0.75693	1.13283	-2.98626	-22.39236	1.54571	
169.0	2	22.47271	3.67097	-9.53153	-4199.52463	-876.05694	1781.16846	4645.00204	6.15268	-297.22766	-131.68323	325.15014	0.07	0.33292	0.06945	-0.1412	0.36824	10.09351	1.6188	
169.0	9	-21.90086	-5.44527	9.27219	2048.63911	782.43475	-867.34226	2358.26397	61.4478	8.68141	152.96961	165.07847	0.07	0.08507	0.03249	-0.03602	-0.09792	-20.78307	62.03182	
169.0	18	19.29781	9.2005	-5.22578	-67.5439	-2429.32763	18.075	2430.33365	153.93927	-3.74195	72.32326	170.12335	0.07	0.00619	0.2225	-0.00166	0.2226	73.4736	6.63111	
170.0	1	22.25676	-4.00445	-9.51452	-22510.91824	6416.1398	9623.30165	25308.42201	-308.31477	-1695.82622	409.44466	1771.58954	0.07	-2.66169	0.75865	1.13786	-2.99247	-20.56946	1.46378	
170.0	2	22.46336	3.66795	-9.55513	-4196.96299	-875.08566	1785.20537	4644.05335	7.99611	-298.84782	-127.69291	325.08373	0.07	0.33249	0.06933	-0.14143	0.36791	9.2756	1.52857	
170.0	9	-21.89377	-5.43689	9.29606	2084.45715	795.50843	-885.07315	2400.23952	62.59616	9.15679	155.65189	168.01677	0.07	0.08785	0.03353	-0.0373	-0.10116	-19.08562	57.01902	
170.0	18	19.27074	9.2005	-5.28599	-68.27496	-2451.42188	18.51001	2452.44232	155.16873	-3.76783	73.34429	171.67096	0.07	0.00632	0.22694	-0.00171	0.22703	67.51944	6.0923	
171.0	1	22.2479	-4.00477	-9.53484	-22520.56246	6422.57557	9651.87547	25329.50672	-311.24495	-1698.18774	403.78969	1773.06546	0.07	-2.66364	0.75964	1.14159	-2.99587	-18.43021	1.37912	
171.0	2	22.45498	3.66496	-9.5764	-4205.82173	-876.47209	1793.64366	4655.56627	11.07729	-302.12587	-121.66062	325.88963	0.07	0.33294	0.06938	-0.14199	0.36854	8.40686	1.42597	
171.0	9	-21.88718	-5.42945	9.31782	2118.86988	808.13948	-902.05748	2440.57507	63.54322	10.05234	158.26432	170.84023	0.07	0.09054	0.03453	-0.03854	-0.10428	-17.21904	51.30369	
171.0	18	19.24563	9.2005	-5.34014	-68.76544	-2464.82806	18.86123	2465.85924	155.90028	-3.7832	73.99352	172.61011	0.07	0.00643	0.23048	-0.00176	0.23058	60.73116	5.50167	
172.0	1	22.23992	-4.00502	-9.55316	-22539.45206	6431.29221	9681.96621	25359.98597	-313.16847	-1700.7911	400.70775	1775.19902	0.07	-2.66674	0.76092	1.14552	-3.00045	-16.42446	1.29977	
172.0	2	22.44748	3.66204	-9.59545	-4211.07698	-877.0899	1800.08653	4662.91406	13.71604	-304.65236	-116.35451	326.40399	0.07	0.3331	0.06938	-0.14239	0.36884	7.46138	1.33172	
172.0	9	-21.88123	-5.42279	9.33741	2147.53482	818.64823	-916.42112	2474.25108	64.28561	10.97482	160.45036	173.19759	0.07	0.09293	0.03543	-0.03966	-0.10707	-15.30205	45.69952	
172.0	18	19.22252	9.2005	-5.38838	-69.27649	-2478.95345	19.19863	2479.99557	156.88287	-3.80934	74.2301	173.59969	0.07	0.00654	0.23399	-0.00181	0.23409	54.068	4.91032	
173.0	1	22.23284	-4.00522	-9.56942	-22560.91987	6440.39625	9710.7437	25392.368	-315.04871	-1703.48257	397.83915	1777.46576	0.07	-2.67023	0.76226	1.14933	-3.00535	-14.55789	1.22068	
173.0	2	22.44074	3.65922	-9.61239	-4201.70601	-874.66132	1799.8069	4653.8877	15.67523	-305.55055	-111.89564	325.77214	0.07	0.33138	0.06898	-0.14195	0.36705	6.49591	1.24203	
173.0	9	-21.87598	-5.41686	9.35477	2166.124	825.37572	-926.29057	2496.26771	64.73549	11.77684	161.87729	174.73876	0.07	0.09481	0.03613	-0.04055	-0.10927	-13.40894	40.31809	
173.0	18	19.20108	9.2005	-5.43179	-69.82067	-2494.36641	19.52943	2495.41983	158.09559	-3.84446	74.18824	174.67939	0.07	0.00665	0.23754	-0.00186	0.23764	47.6709	4.33065	
174.0	1	22.22667	-4.00541	-9.5836	-22579.69027	6448.39931	9735.92217	25420.70901	-317.22504	-1705.99019	394.21667	1779.44964	0.07	-2.67334	0.76346	1.15269	-3.0097	-12.91434	1.13505	
174.0	2	22.43484	3.65656	-9.6273	-4194.37206	-872.66617	1799.91671	4646.93483	17.93964	-306.69646	-106.89279	325.28544	0.07	0.32121	0.06683	-0.13784	0.35587	5.77413	1.14885	
174.0	9	-21.87135	-5.41177	9.36995	2182.54328	831.33438	-935.01778	2515.7246	65.19296	12.31528	163.12479	176.10079	0.07	0.09647	0.03674	-0.04133	-0.11119	-11.90978	35.80965	
174.0	18	19.18142	9.2005	-5.47007	-70.2866	-2507.15891	19.82074	2508.22225	158.85086	-3.86283	74.68769	175.57554	0.07	0.00675	0.24076	-0.0019	0.24086	42.32628	3.85432	
175.0	1	22.22136	-4.0056	-9.59577	-22593.08693	6454.55765	9756.37621	25442.00794	-321.94684	-1708.77733	384.94097	1780.94056	0.07	-2.67566	0.7644	1.15543	-3.01305	-10.62537	1.02819	
175.0	2	22.4298	3.65415	-9.64011	-4184.2298	-870.11908	1798.34619	4636.69443	22.43005	-308.84491	-97.24454	324.56861	0.07	0.29185	0.06069	-0.12543	0.32341	4.78191	1.0335	
175.0	9	-21.86742	-5.40732	9.38294	2190.56235	834.13836	-939.92138	2525.43113	65.17266	13.39894	163.78108	176.78022	0.07	0.09328	0.03552	-0.04003	-0.10754	-9.83948	29.54974	
175.0	18	19.16377	9.2005	-5.5026	-70.6019	-2514.79298	20.0484	2515.86373	159.76216	-3.89534	73.99845	176.11046	0.07	0.00683	0.24339	-0.00194	0.24349	34.90309	3.21332	
176.0	1	22.21693	-4.00581	-9.60591	-22603.73892	6459.61443	9773.20489	25459.20592	-326.98951	-1711.32092	374.82975	1782.14443	0.07	-2.67766	0.76521	1.15774	-3.01592	-8.61702	0.92506	
176.0	2	22.42565	3.65203	-9.65074	-4175.90337	-867.99787	1797.07792	4628.29108	27.33611	-310.97069	-86.67902	323.98038	0.07	0.25633	0.05328	-0.11031	0.2841	3.9639	0.92416	
176.0	9	-21.86419	-5.40357	9.39369	2195.20294	835.7144	-943.13648	2531.17382	65.01348	14.51389	164.18328	177.18227	0.07	0.08514	0.03241	-0.03658	-0.09817	-8.09153	24.15031	
176.0	18	19.14825	9.2005	-5.52915	-70.83941	-2519.89886	20.23089	2520.97556	160.44078	-3.92119	73.37871	176.46828	0.07	0.00691	0.24568	-0.00197	0.24578	28.50587	2.66421	
177.0	1	22.21338	-4.00602	-9.614	-22610.81795	6463.33247	9786.03984	25471.36296	-332.76863	-1713.65457	362.94032	1782.9954	0.07	-2.67887	0.76576	1.15942	-3.01778	-6.70009	0.82149	
177.0	2	22.42235	3.65027	-9.65921	-4169.8568	-866.409	1796.31691	4622.24239	33.02248	-313.15393	-74.38574	323.55696	0.07	0.21474	0.04462	-0.09251	0.23804	3.18204	0.81702	
177.0	9	-21.86166	-5.40038	9.40232	2195.38263	835.61863	-944.1901	2531.6908	64.56757	15.97014	164.26297	177.21834	0.07	0.07297	0.02777	-0.03138	-0.08415	-6.4215	18.98962	
177.0	18	19.13491	9.2005	-5.54968	-70.97839	-2521.76797	20.36134	2522.84883	161.16552	-3.95411	72.09294	176.59941	0.07	0.00697	0.24752	-0.002	0.24763	22.39429	2.14062	
178.0	1	22.21073	-4.00622	-9.62002	-22604.49886	6462.84992	9790.57608	25467.37477	-282.5395	-1696.88285	467.8004	1782.71624	0.07	-2.67861	0.76584	1.16017	-3.01786	-7.55353	0.91276	
178.0	2	22.41986	3.64889	-9.66564	-4194.29807	-871.22456	1808.25016	4649.83195	-0.08638	-293.14991	-141.44156	325.48824	0.07	-0.03877	-0.00805	0.01671	-0.04298	-0.53031	0.96341	
178.0	9	-21.85979	-5.39777	9.40893	2177.64244	828.73245	-937.29952	2511.46461	62.67964	19.72069	163.06101	175.80255	0.07	0.02375	0.00904	-0.01022	-0.02739	-1.89557	13.78514	
178.0	18	19.12121	9.2005	-5.57266	-71.81629	-2549.05649	20.7032	2550.15199	178.16429	-4.93867	9.95711	178.51064	0.07	0.00709	0.25182	-0.00205	0.25193	15.93183	1.27125	
179.0	1	22.2091	-4.00639	-9.62367	-22571.03816	6454.10165	9780.49536	25431.58039	-182.69676	-1642.35105	662.15921	1780.21063	0.07	-2.67472	0.76482	1.15901	-3.0137	-10.6104	1.23841	
179.0	2	22.41802	3.6481	-9.67027	-4222.60538	-876.96855	1821.47643	4681.58589	-26.94941	-265.44801	-190.27766	327.71101	0.07	-0.33301	-0.06916	0.14365	-0.36921	-6.59252	1.41582	
179.0	9	-21.8584	-5.39567	9.41398	2196.00242	835.61242	-945.76975	2532.81566	57.89326	33.66036	164.16338	177.29711	0.07	-0.0596	-0.02268	0.02567	0.06874	4.92678	8.63307	
179.0	18	19.09563	9.2005	-5.63402	-74.37543	-2639.32794	21.70927	2640.46492	73.39862	-3.46335	-169.5987	184.83255	0.07	0.0074	0.26253	-0.00216	0.26264	9.14693	1.25669	
180.0	1	22.20856	-4.00683	-9.62466	-22469.45978	6425.71081	9737.72524	25317.77389	-145.72526	-1610.05338	726.1829	1772.24415	0.07	-2.66201	0.76127	1.15365	-2.99945	-15.20726	1.53358	
180.0	2	22.41686	3.64793	-9.67304	-4238.74373	-880.32249	1829.05737	4699.71988	-53.29901	-226.52075	-232.54173	328.98038	0.07	-0.33486	-0.06954	0.14449	-0.37127	-13.97649	2.05919	
180.0	9	-21.85767	-5.39349	9.41754	2195.89902	835.42285	-946.11648	2532.79297	43.17066	66.24122	158.68854	177.2954	0.07	-0.10075	-0.03833	0.04341	0.11621	12.9381	3.98241	
180.0	18	19.05343	9.2005	-5.74639	-76.41169	-2713.4956	22.80338	2714.66703	-27.25935	-0.81278	-188.05958	190.02667	0.07	0.00557	0.1978	-0.00166	0.19789	2.86205	2.73221	
181.0	1	22.20894	-4.00765	-9.62326	-22283.04343	6372.85661	9655.39245	25107.24854	-150.29875	-1600.79746	709.71109	1757.50734	0.07	-2.63795	0.75444	1.14304	-2.97229	-20.55594	1.56673	
181.0	2	22.41602	3.64933	-9.6743	-4265.66679	-886.321	1840.98558	4729.76807	-79.16983	-176.74487	-268.5327	331.08371	0.07	-0.33726	-0.07008	0.14555	-0.37395	-21.1171	2.76967	
181.0	9	-21.85709	-5.39221	9.41998	2080.16475	791.28393	-896.50795	2399.36286	6.0414	118.63888	118.73195	167.95523	0.07	-0.09566	-0.03639	0.04123	0.11033	20.37646	0.90482	
181.0	18	18.99196	9.20055	-5.91789	-76.46274	-2721.61025	23.58156	2722.78626	-57.03846	0.02674	-181.86003	190.59501	0.07	-0.00251	-0.08949	0.00078	-0.08952	-1.16754	4.46135	
182.0	1	22.20978	-4.00869	-9.62067	-22206.90313	6351.31504	9619.47656	25020.39325	-236.70661	-1648.54166	542.01356	1751.42751	0.07	-2.626	0.75105	1.13752	-2.9587	-26.38276	1.57883	
182.0	2	22.41503	3.65217	-9.67523	-4301.26869	-894.52513	1856.60954	4769.49541	-95.6888	-138.39819	-288.36645	333.86467	0.07	-0.34045	-0.0708	0.14695	-0.37751	-27.63158	3.67892	
182.0	9	-21.85611	-5.39212	9.42237	2057.01474	782.45222	-886.79414	2372.75051	-79.39888	126.62419	-72.44894	166.09249	0.07	-0.09455	-0.03597	0.04076	0.10906	26.839	0.9026	
182.0	18	18.91095	9.20055	-6.14667	-75.06735	-2682.84462	24.15718	2684.00334	-62.93299	0.16689	-177.02652	187.88022	0.07	-0.00536	-0.19155	0.00172	-0.19163	-2.69615	6.18472	
183.0	1	22.21238	-4.0088	-9.61459	-22455.3064	6421.70541	9719.82471	25297.31366	-276.26328	-1683.64749	474.11468	1770.81196	0.07	-2.65514	0.75931	1.14928	-2.99118	-28.97768	1.90003	
183.0	2	22.41574	3.6519	-9.67373	-4354.22482	-905.43969	1879.11826	4828.06175	-99.47782	-132.72868	-294.46077	337.96433	0.07	-0.34526	-0.0718	0.149	-0.38284	-36.62752	4.52565	
183.0	9	-21.85678	-5.38983	9.42275	2333.04929	887.24821	-1005.80537	2691.09138	-85.5968	40.46429	-162.85426	188.37644	0.07	-0.10775	-0.04098	0.04645	0.12428	37.62043	12.67388	
183.0	18	18.80796	9.2006	-6.43334	-76.17998	-2733.50867	25.81038	2734.69179	-69.38404	0.24906	-178.41142	191.42843	0.07	-0.0078	-0.27984	0.00264	-0.27997	-17.16359	8.7538	
184.0	1	22.21631	-4.00872	-9.60553	-22515.60167	6437.85585	9735.05486	25360.78863	-282.67455	-1690.09765	463.89235	1775.25522	0.07	-2.66275	0.76136	1.15129	-2.99923	-14.98217	1.26503	
184.0	2	22.41757	3.65096	-9.66994	-4326.52884	-899.35471	1866.28451	4796.94784	-95.60674	-140.76712	-289.47616	335.78636	0.07	-0.3437	-0.07144	0.14826	-0.38107	-25.24344	2.80699	
184.0	9	-21.85846	-5.38711	9.42113	2352.74291	894.47353	-1014.04529	2713.62671	-82.07551	23.51547	-169.68533	189.95388	0.07	-0.10929	-0.04155	0.0471	0.12605	27.62814	18.25952	
184.0	18	18.68653	9.2006	-6.75786	-75.67391	-2728.24214	27.12098	2729.42618	-72.90626	0.26664	-176.60258	191.05985	0.07	-0.0078	-0.28103	0.00279	-0.28115	-23.14117	6.40321	
185.0	1	22.22046	-4.00858	-9.596	-22540.77939	6444.00295	9734.47289	25384.48093	-294.98311	-1696.17317	439.77683	1776.91365	0.07	-2.45878	0.70292	1.06185	-2.76898	-3.4477	0.8386	
185.0	2	22.42119	3.64955	-9.66223	-4302.63163	-893.85978	1854.20445	4769.66439	-80.9698	-175.28049	-272.38605	333.8765	0.07	-0.34201	-0.07105	0.14739	-0.37913	-16.77579	1.49076	
185.0	9	-21.86216	-5.38483	9.41441	2341.87256	890.0296	-1008.4747	2700.65566	-78.82316	13.28894	-171.31441	189.0458	0.07	-0.1093	-0.04154	0.04707	0.12605	20.57983	24.61082	
185.0	18	18.64198	9.20061	-6.86408	-74.34443	-2682.47393	27.13154	2683.64111	-79.22457	0.47291	-170.33114	187.85487	0.07	-0.00769	-0.27765	0.00281	-0.27777	-30.13864	4.73867	
186.0	1	22.22546	-4.00882	-9.58428	-22122.63949	6323.09325	9540.10402	24907.95598	-271.60098	-1657.29253	468.62011	1743.55683	0.07	-2.18844	0.6255	0.94374	-2.46397	-2.9332	1.30435	
186.0	2	22.4254	3.65036	-9.6521	-4430.54411	-920.48602	1906.98023	4910.55895	-54.17025	-238.87974	-241.16094	343.73907	0.07	-0.35258	-0.07325	0.15176	-0.39078	-19.74515	1.87532	
186.0	9	-21.86627	-5.38422	9.40531	1878.0056	713.55273	-807.7872	2165.31353	-58.50347	-4.24328	-139.76163	151.57168	0.07	-0.08774	-0.03334	0.03774	0.10116	24.60306	30.9815	
186.0	18	18.5955	9.20065	-6.96221	-96.35892	-3481.26759	35.76119	3482.78451	-114.69262	0.9647	-215.12935	243.79493	0.07	-0.01006	-0.36332	0.00373	-0.36348	-38.01995	5.59516	
187.0	1	22.23141	-4.01021	-9.56963	-21355.92299	6101.62277	9192.93425	24037.78873	-232.1093	-1585.57854	513.18693	1682.6452	0.07	-1.7646	0.50417	0.75959	-1.9862	-2.31871	2.18233	
187.0	2	22.42929	3.65966	-9.63867	-4674.34508	-973.69708	2008.7923	5180.04194	-13.50829	-312.73309	-183.02026	362.60292	0.07	-0.37354	-0.07781	0.16053	-0.41396	-22.60015	2.57763	
187.0	9	-21.86943	-5.39006	9.39294	1089.16046	413.93176	-467.79413	1255.56416	-31.04735	-10.47198	-81.55345	87.88951	0.07	-0.05022	-0.01909	0.02157	0.05789	28.49156	37.48087	
187.0	18	18.52608	9.20065	-7.06452	-133.47435	-4837.87603	50.45765	4839.97994	-174.20504	1.77561	-290.5752	338.7986	0.07	-0.01428	-0.51749	0.0054	-0.51771	-45.82406	6.3078	
188.0	1	22.23825	-4.01218	-9.55256	-21013.46282	6000.37202	9026.60046	23644.22974	-214.12232	-1552.12367	533.298	1655.09608	0.07	-1.11227	0.31761	0.47779	-1.25152	-1.41169	2.50362	
188.0	2	22.43296	3.67556	-9.62257	-4838.3274	-1012.51472	2075.45866	5361.16841	-3.30276	-334.18082	-170.72989	375.28179	0.07	-0.38942	-0.08149	0.16704	-0.4315	-24.41809	2.80185	
188.0	9	-21.87167	-5.40182	9.37766	795.68737	302.65253	-341.1541	917.11672	-22.84167	-7.10233	-59.57532	64.19816	0.07	-0.03576	-0.0136	0.01533	0.04122	31.11472	42.39822	
188.0	18	18.43788	9.20064	-7.16727	-146.66374	-5339.98643	56.52693	5342.29919	-189.23104	1.78294	-322.54492	373.96095	0.07	-0.01628	-0.59283	0.00628	-0.59308	-51.89498	6.82914	
189.0	1	22.24602	-4.01339	-9.53381	-20954.1051	5979.37872	8980.24864	23568.46105	-209.52496	-1544.86386	539.73095	1649.79227	0.07	-0.19262	0.05497	0.08255	-0.21665	-0.23908	2.40618	
189.0	2	22.43736	3.69124	-9.60489	-4919.37322	-1034.08755	2105.9027	5450.17395	-10.81985	-331.70908	-188.15831	381.51217	0.07	-0.39906	-0.08389	0.17083	-0.44212	-26.39313	2.69778	
189.0	9	-21.87463	-5.41372	9.3606	791.82598	301.48739	-338.83543	912.51985	-23.49836	-4.81913	-59.20137	63.87644	0.07	-0.03471	-0.01322	0.01485	0.04	34.02507	48.09829	
189.0	18	18.35052	9.20064	-7.27227	-145.4122	-5315.59337	57.14516	5317.88898	-178.5961	1.37444	-326.60875	372.25224	0.07	-0.01669	-0.61026	0.00656	-0.61052	-58.90122	7.53863	
190.0	1	22.25485	-4.01399	-9.513	-20912.74119	5963.05834	8939.42923	23512.00128	-198.71507	-1535.14048	559.14703	1645.84003	0.07	0.68005	-0.19391	-0.2907	0.76458	0.85874	2.24056	
190.0	2	22.44304	3.70429	-9.58545	-4984.50821	-1051.58827	2128.88517	5521.16945	-23.23284	-321.51126	-213.21101	386.48181	0.07	-0.40742	-0.08595	0.17401	-0.45128	-28.9438	2.57931	
190.0	9	-21.87835	-5.42589	9.34152	788.62537	300.62858	-336.72353	908.67499	-23.8537	-3.3628	-58.86901	63.60714	0.07	-0.03376	-0.01287	0.01441	0.0389	37.65957	54.78994	
190.0	18	18.26975	9.20066	-7.38311	-144.51855	-5302.13151	57.92428	5304.41697	-169.36479	1.00645	-330.43166	371.30921	0.07	-0.01702	-0.62442	0.00682	-0.62469	-67.03103	8.42363	
191.0	1	22.26463	-4.01397	-9.48999	-20877.6904	5948.03288	8899.09307	23461.69025	-197.85266	-1531.3881	559.38737	1642.31831	0.07	1.61337	-0.45965	-0.6877	1.81306	2.19183	2.01477	
191.0	2	22.44969	3.7155	-9.56398	-5016.44085	-1061.53803	2137.05616	5555.04733	-31.41815	-312.65576	-229.05494	388.85331	0.07	-0.41307	-0.08741	0.17597	-0.45742	-29.11856	2.35567	
191.0	9	-21.88275	-5.43865	9.32036	763.69212	291.53509	-325.27808	879.78644	-23.29397	-2.52585	-56.9537	61.58501	0.07	-0.03195	-0.0122	0.01361	0.0368	38.31358	57.60915	
191.0	18	18.19288	9.2007	-7.49819	-143.45847	-5281.34099	58.64886	5283.61455	-162.33786	0.71923	-332.32087	369.85302	0.07	-0.01724	-0.63461	0.00705	-0.63488	-70.34784	8.64532	
192.0	1	22.2754	-4.01345	-9.46487	-20839.74336	5931.69776	8855.14498	23407.12572	-193.80857	-1525.4691	565.73899	1638.4988	0.07	2.42753	-0.69096	-1.0315	2.72659	5.48574	1.7878	
192.0	2	22.45759	3.7253	-9.54029	-5049.34859	-1071.22045	2144.97579	5589.66507	-40.01177	-302.30877	-245.16488	391.27657	0.07	-0.4188	-0.08885	0.17791	-0.46362	-31.13409	2.14089	
192.0	9	-21.88753	-5.45255	9.29703	733.62387	280.53952	-311.61665	844.99192	-22.54901	-1.74246	-54.65472	59.14924	0.07	-0.02999	-0.01147	0.01274	0.03454	42.01141	67.57288	
192.0	18	18.11988	9.2007	-7.61257	-142.48184	-5262.36059	59.38434	5264.62406	-154.44338	0.40579	-334.59944	368.52369	0.07	-0.0174	-0.6428	0.00725	-0.64308	-82.20858	9.58142	
193.0	1	22.2869	-4.01275	-9.4381	-20774.53848	5907.47008	8797.83601	23321.26863	-225.64913	-1537.67176	499.66759	1632.4888	0.07	2.41736	-0.6874	-1.02373	2.71371	13.06639	1.38551	
193.0	2	22.46676	3.73412	-9.51408	-5085.50257	-1081.24611	2153.56051	5627.54408	-3.21276	-348.9414	-182.78104	393.92808	0.07	-0.42468	-0.09029	0.17984	-0.46995	-26.18037	1.45487	
193.0	9	-21.89331	-5.46673	9.27107	673.12561	257.86039	-285.04437	775.13894	-20.63154	-1.58983	-50.1591	54.25978	0.07	-0.02689	-0.0103	0.01139	0.03097	38.15661	72.93576	
193.0	18	18.06591	9.2007	-7.69002	-138.99959	-5146.40172	58.70278	5148.61316	-148.94647	0.27945	-328.1846	360.40291	0.07	-0.01721	-0.63702	0.00727	-0.63729	-88.04979	8.81114	
194.0	1	22.29923	-4.01207	-9.40939	-20711.94943	5883.94991	8739.75863	23237.66548	-241.71571	-1540.17904	464.07834	1626.63661	0.07	2.40783	-0.68403	-1.01602	2.70145	16.28894	1.09662	
194.0	2	22.47714	3.74179	-9.48559	-5123.19151	-1091.20489	2162.03213	5666.76295	16.38546	-368.08555	-146.95013	396.67341	0.07	-0.43041	-0.09167	0.18164	-0.47608	-24.19946	1.1023	
194.0	9	-21.90094	-5.47846	9.24271	623.6267	239.17244	-263.18521	717.89983	-19.04123	-1.5	-46.482	50.25331	0.07	-0.02436	-0.00934	0.01028	0.02805	36.67493	75.43481	
194.0	18	18.03026	9.2007	-7.73224	-136.75976	-5072.95844	58.19159	5075.13515	-144.26079	0.16502	-324.65067	355.25942	0.07	-0.01711	-0.63466	0.00728	-0.63493	-90.77657	8.54889	
195.0	1	22.31235	-4.0115	-9.37872	-20652.15709	5861.28769	8680.91745	23156.52421	-255.50659	-1541.10407	432.68378	1620.9567	0.07	2.39872	-0.68078	-1.00828	2.6896	19.19559	0.84879	
195.0	2	22.48867	3.7483	-9.455	-5157.2911	-1099.99852	2168.27404	5701.67173	31.20444	-379.8459	-118.48112	399.11702	0.07	-0.43547	-0.09288	0.18308	-0.48143	-23.86724	0.84035	
195.0	9	-21.90991	-5.48847	9.21234	570.0734	218.8043	-239.69297	655.98149	-17.34837	-1.35122	-42.49393	45.91869	0.07	-0.0218	-0.00837	0.00917	0.02509	37.21383	80.35853	
195.0	18	18.00508	9.2007	-7.75656	-134.81834	-5009.04652	57.62843	5011.19188	-139.16842	0.0412	-321.9956	350.78343	0.07	-0.01701	-0.63214	0.00727	-0.63241	-96.49442	8.75053	
196.0	1	22.32643	-4.01103	-9.34571	-20587.32679	5837.17718	8617.86221	23068.98808	-263.4448	-1538.75838	412.90765	1614.82917	0.07	2.38879	-0.6773	-0.99995	2.67675	21.73026	0.61733	
196.0	2	22.50137	3.75421	-9.42201	-5196.25016	-1109.60798	2175.81699	5741.63959	41.57227	-387.47913	-98.32169	401.91477	0.07	-0.44065	-0.0941	0.18451	-0.4869	-24.3417	0.61759	
196.0	9	-21.91966	-5.49909	9.17954	517.13909	198.66049	-216.5636	594.80974	-15.66764	-1.24602	-38.55627	41.63669	0.07	-0.01935	-0.00743	0.0081	0.02225	38.67705	86.0475	
196.0	18	17.98693	9.2007	-7.76995	-133.02865	-4950.27565	57.02012	4952.39103	-134.58897	-0.06309	-319.47468	346.66737	0.07	-0.01691	-0.6292	0.00725	-0.62947	-103.18323	9.15612	
197.0	1	22.3412	-4.01072	-9.31035	-20516.57502	5811.49179	8550.18725	22974.09387	-266.46369	-1533.85911	403.15929	1608.18658	0.07	2.37809	-0.67361	-0.99106	2.66294	24.10107	0.44817	
197.0	2	22.51487	3.76024	-9.3865	-5238.12907	-1119.86117	2183.81	5784.55801	48.09958	-392.74099	-86.02561	404.91908	0.07	-0.44592	-0.09533	0.18591	-0.49244	-25.51429	0.43825	
197.0	9	-21.93011	-5.51071	9.14418	462.36203	177.79755	-192.78741	531.56147	-13.97242	-1.0419	-34.47095	37.20968	0.07	-0.0169	-0.0065	0.00705	0.01943	40.99138	92.67644	
197.0	18	17.97383	9.2007	-7.7763	-131.30422	-4893.82235	56.36837	4895.90803	-130.61417	-0.14508	-316.84773	342.71354	0.07	-0.01679	-0.62565	0.00721	-0.62591	-111.05483	9.74503	
198.0	1	22.3568	-4.01024	-9.2729	-20448.4647	5786.28593	8481.59633	22881.39615	-275.38629	-1531.23096	380.69642	1601.69773	0.07	2.36849	-0.67021	-0.9824	2.65028	26.53576	0.287	
198.0	2	22.52925	3.76603	-9.34877	-5277.18733	-1129.40623	2189.87689	5824.07291	57.71399	-398.10624	-66.2394	407.6851	0.07	-0.45108	-0.09654	0.18719	-0.49783	-26.8704	0.26846	
198.0	9	-21.94151	-5.52219	9.10668	400.83689	154.28232	-166.36189	460.59692	-12.07028	-0.865	-29.88466	32.24179	0.07	-0.0143	-0.0055	0.00594	0.01643	43.56608	99.75849	
198.0	18	17.96436	9.2007	-7.77835	-129.50006	-4834.12488	55.63766	4836.17919	-126.96787	-0.21057	-313.82064	338.53254	0.07	-0.01664	-0.62102	0.00715	-0.62128	-119.47489	10.39519	
199.0	1	22.37329	-4.00975	-9.23331	-20254.84509	5725.39223	8359.11552	22647.59762	-267.24535	-1466.3584	356.79179	1532.62109	0.06767	2.34416	-0.66262	-0.96743	2.62108	27.66974	0.08472	
199.0	2	22.54442	3.77161	-9.30921	-5241.88488	-1122.91907	2164.46196	5781.28013	66.45341	-396.66827	-44.85422	404.6896	0.07	-0.44972	-0.09634	0.1857	-0.49599	-27.23221	0.12186	
199.0	9	-21.95427	-5.53205	9.06712	341.05318	131.33975	-140.85231	391.67177	-10.17411	-0.86821	-25.44469	27.41712	0.07	-0.01187	-0.00457	0.0049	0.01364	44.41153	102.56304	
199.0	18	17.95774	9.2007	-7.77717	-128.55219	-4806.84417	55.2419	4808.88014	-123.53861	-0.29477	-313.13292	336.6216	0.07	-0.01658	-0.61993	0.00712	-0.62019	-122.75768	10.63321	
200.0	1	22.39067	-4.00981	-9.19123	-20215.47193	5708.48897	8298.4598	22585.76071	-260.75139	-1401.54893	328.91818	1463.05087	0.06478	2.33628	-0.65973	-0.95905	2.61022	30.32126	0.07678	
200.0	2	22.56056	3.77774	-9.26699	-5286.83057	-1133.76239	2171.55349	5826.80351	77.04681	-399.96928	-21.24595	407.87624	0.07	-0.45467	-0.0975	0.18675	-0.5011	-29.6887	0.10819	
200.0	9	-21.96804	-5.54087	9.02547	296.13032	114.06701	-121.65996	339.86114	-8.82481	-0.64355	-22.08369	23.79035	0.07	-0.01007	-0.00388	0.00414	0.01155	48.45266	112.01498	
200.0	18	17.95256	9.2007	-7.7738	-128.7813	-4824.45235	55.33184	4826.48803	-118.98971	-0.45034	-316.20669	337.85414	0.07	-0.01667	-0.62437	0.00716	-0.62463	-134.09362	11.61315	
201.0	1	22.40903	-4.00933	-9.14675	-20325.60924	5733.16351	8296.55085	22689.91651	-291.41654	-1508.6492	328.58399	1571.27765	0.06925	2.34751	-0.66215	-0.95821	2.62058	31.64159	0.09143	
201.0	2	22.57791	3.78294	-9.22206	-5420.56966	-1163.31304	2214.07548	5969.75736	68.3843	-328.47336	-5.16489	335.55601	0.05621	-0.4677	-0.10037	0.19104	-0.51509	-30.96452	0.06116	
201.0	9	-21.98255	-5.55036	8.98139	237.54016	91.52806	-97.04764	272.43524	-7.07861	-0.40016	-17.70347	19.07039	0.07	-0.00788	-0.00304	0.00322	0.00903	50.53819	116.78403	
201.0	18	17.94847	9.2007	-7.77024	-127.59063	-4787.48068	54.80719	4789.49417	-115.37321	-0.52889	-314.78738	335.2646	0.07	-0.01656	-0.62153	0.00712	-0.62179	-139.82741	12.11983	
202.0	1	22.42826	-4.00815	-9.10002	-20455.15422	5762.48071	8299.70576	22814.57065	-301.63189	-1534.81546	322.23041	1597.01996	0.07	2.36236	-0.66551	-0.95853	2.63485	35.83449	0.15205	
202.0	2	22.59606	3.78702	-9.17503	-5548.30185	-1191.16983	2252.92694	6105.58914	71.07777	-307.82273	12.29147	316.16129	0.05178	-0.48075	-0.10321	0.19521	-0.52904	-35.10189	0.0548	
202.0	9	-21.99794	-5.5601	8.93494	184.09793	70.96359	-74.77352	210.99516	-5.48973	-0.20915	-13.71462	14.77403	0.07	-0.00595	-0.00229	0.00242	0.00682	57.29545	132.25756	
202.0	18	17.94521	9.2007	-7.76666	-127.3076	-4782.95362	54.66987	4784.95991	-111.32406	-0.64773	-315.90459	334.94652	0.07	-0.01657	-0.62252	0.00712	-0.62278	-158.3867	13.74319	
203.0	1	22.44855	-4.00646	-9.05103	-20405.53439	5740.52915	8227.45813	22738.30635	-316.91717	-1533.71943	284.10924	1591.68146	0.07	2.3571	-0.6631	-0.95038	2.62656	35.16934	0.1045	
203.0	2	22.61502	3.79078	-9.12617	-5578.90916	-1198.02162	2251.27887	6134.1454	68.18091	-223.38042	50.08732	238.86437	0.03894	-0.48565	-0.10429	0.19598	-0.53399	-34.26255	0.03907	
203.0	9	-22.01412	-5.5693	8.88655	137.9325	53.17999	-55.67629	157.96624	-4.07742	-0.18368	-10.27684	11.05769	0.07	-0.00434	-0.00167	0.00175	0.00497	56.00432	129.43504	
203.0	18	17.94246	9.2007	-7.76263	-128.26429	-4824.458	55.06017	4826.4768	-109.14087	-0.74744	-319.73835	337.85337	0.07	-0.01673	-0.62942	0.00718	-0.62968	-154.99691	13.44836	
204.0	1	22.46991	-4.00516	-8.99909	-20371.03879	5722.94906	8158.71141	22678.09382	-298.47134	-1423.96847	253.60963	1476.85111	0.06512	2.3526	-0.66093	-0.94223	2.61904	36.94825	0.07759	
204.0	2	22.6352	3.7952	-9.07399	-5633.15748	-1210.13609	2258.18323	6188.39915	82.25017	-232.03067	80.83467	259.10918	0.04187	-0.49232	-0.10576	0.19736	-0.54084	-35.87548	0.04242	
204.0	9	-22.03156	-5.57772	8.83508	91.26761	35.18755	-36.59821	104.43835	-2.6772	-0.13039	-6.80169	7.31077	0.07	-0.0028	-0.00108	0.00112	0.0032	58.6797	135.71988	
204.0	18	17.93999	9.2007	-7.75751	-129.63682	-4882.51093	55.6197	4884.54832	-106.13673	-0.88452	-325.02674	341.91837	0.07	-0.01695	-0.63856	0.00727	-0.63883	-162.51855	14.10919	
205.0	1	22.49157	-4.00427	-8.94509	-20323.94926	5702.20606	8083.23072	22603.46625	-306.69441	-1399.21599	215.92558	1448.61682	0.06409	2.34658	-0.65837	-0.93328	2.60977	37.66058	0.07523	
205.0	2	22.65599	3.79917	-9.01962	-5690.7649	-1222.79796	2265.60451	6246.03905	85.01319	-174.67258	119.26213	227.95001	0.0365	-0.49916	-0.10726	0.19872	-0.54786	-36.46552	0.03636	
205.0	9	-22.04927	-5.58714	8.78195	53.52897	20.6399	-21.31822	61.20312	-1.55892	-0.07452	-3.98652	4.28114	0.07	-0.00159	-0.00061	0.00063	0.00182	59.68878	138.10262	
205.0	18	17.93777	9.2007	-7.75162	-130.29272	-4913.9237	55.8649	4915.96819	-103.42326	-0.98902	-328.20748	344.11843	0.07	-0.01708	-0.64427	0.00732	-0.64454	-165.37469	14.36598	
206.0	1	22.51436	-4.00317	-8.88827	-20292.282	5685.2996	8011.17624	22545.02795	-299.46902	-1334.17467	188.27109	1380.27162	0.06122	2.34237	-0.65626	-0.92474	2.60241	40.60789	0.0695	
206.0	2	22.67768	3.80282	-8.96282	-5754.11219	-1236.52394	2274.1537	6309.56208	90.42928	-141.41968	151.91207	226.39403	0.03588	-0.50654	-0.10885	0.2002	-0.55544	-39.25142	0.03569	
206.0	9	-22.06746	-5.59883	8.72532	7.273	2.80557	-2.87552	8.30881	-0.21045	-0.01009	-0.54213	0.58163	0.07	-0.00021	-8e-05	8e-05	0.00024	64.30668	148.74025	
206.0	18	17.93585	9.2007	-7.74495	-131.56915	-4969.01859	56.36892	4971.07972	-100.67634	-1.11292	-333.09164	347.97558	0.07	-0.01729	-0.65311	0.00741	-0.65338	-178.12303	15.49049	
207.0	1	22.53817	-4.00185	-8.82908	-20280.52862	5673.37834	7944.88241	22507.95902	-287.91337	-1215.73058	133.20074	1256.43837	0.05582	2.34	-0.6546	-0.91669	2.597	41.99348	0.06057	
207.0	2	22.70027	3.8069	-8.9035	-5868.83425	-1261.39141	2301.84961	6429.06178	105.17114	-127.46151	198.29841	258.12723	0.04015	-0.51868	-0.11148	0.20343	-0.56819	-40.46098	0.04044	
207.0	18	17.93388	9.2007	-7.73736	-133.86907	-5063.82879	57.30345	5065.9221	-99.91168	-1.20901	-340.24643	354.61449	0.07	-0.01764	-0.66736	0.00755	-0.66764	-183.86671	15.99851	
208.0	1	22.56254	-4.00074	-8.76703	-20219.02965	5647.52684	7856.61328	22414.95241	-301.87586	-1220.17432	100.21242	1260.95081	0.05625	2.33198	-0.65136	-0.90615	2.58525	43.52503	0.06123	
208.0	2	22.72375	3.81058	-8.84119	-5996.01341	-1288.76192	2332.90491	6561.67123	96.05209	3.66132	248.89493	266.81097	0.04066	-0.53212	-0.11437	0.20704	-0.58232	-41.84307	0.04103	
208.0	18	17.93171	9.2007	-7.72875	-135.70404	-5142.59531	58.03021	5144.71278	-99.21566	-1.28837	-346.19092	360.12993	0.07	-0.01794	-0.67977	0.00767	-0.68005	-190.32277	16.57395	
209.0	1	22.58794	-3.99906	-8.70253	-20186.16635	5628.72757	7777.38198	22352.88698	-307.26403	-1172.36313	50.97214	1213.03118	0.05427	2.32733	-0.64895	-0.89668	2.57714	46.42781	0.05828	
209.0	2	22.74802	3.81419	-8.77656	-6136.97411	-1319.01696	2367.75698	6708.83969	96.5727	88.13063	299.40148	326.70253	0.0487	-0.54726	-0.11762	0.21114	-0.59826	-44.53052	0.05073	
209.0	18	17.92947	9.2007	-7.71916	-137.7726	-5231.6043	58.84776	5233.74893	-97.51365	-1.40435	-353.1437	366.36233	0.07	-0.01827	-0.69376	0.0078	-0.69405	-202.75968	17.67864	
210.0	1	22.61426	-3.9972	-8.63545	-20190.38153	5619.71473	7709.98477	22331.06726	-314.73299	-1137.41414	4.84616	1180.16578	0.05285	2.32679	-0.64763	-0.88852	2.57349	47.67562	0.05627	
210.0	2	22.77322	3.81798	-8.70933	-6320.01393	-1358.32084	2416.99455	6901.41103	98.58706	164.41555	350.18724	399.22798	0.05785	-0.56655	-0.12176	0.21667	-0.61867	-45.58881	0.06371	
210.0	18	17.9272	9.2007	-7.70848	-139.43143	-5306.40906	59.47997	5308.57383	-95.28025	-1.52242	-359.17401	371.60007	0.07	-0.01855	-0.70608	0.00791	-0.70636	-207.87739	18.14665	
211.0	1	22.6413	-3.99517	-8.56536	-20197.53022	5611.15585	7641.01238	22311.66437	-331.26437	-1144.04134	-35.50942	1191.56518	0.05341	2.32753	-0.64662	-0.88054	2.57116	49.94182	0.05705	
211.0	2	22.79915	3.82088	-8.63917	-6523.29961	-1401.57883	2471.80864	7115.3144	91.70037	280.63897	401.13405	498.072	0.07	-0.58822	-0.12638	0.22289	-0.6416	-47.09712	0.12834	
211.0	18	17.92551	9.2007	-7.69603	-141.11637	-5383.09199	60.10545	5385.27677	-94.63645	-1.59339	-364.89359	376.96939	0.07	-0.01884	-0.71879	0.00803	-0.71908	-216.29211	18.83482	
212.0	1	22.66952	-3.99202	-8.49292	-20223.52248	5606.1602	7576.78769	22312.05068	-304.31166	-996.78072	-74.72049	1044.87346	0.04683	2.33055	-0.64605	-0.87315	2.57124	50.90733	0.04837	
212.0	2	22.82619	3.82334	-8.56631	-6719.76094	-1443.09911	2521.859	7321.031	107.54369	254.00017	431.90968	512.47215	0.07	-0.61004	-0.13101	0.22894	-0.66463	-47.31037	0.17458	
212.0	18	17.92559	9.2007	-7.6787	-142.82032	-5461.60485	60.69181	5463.80899	-92.40988	-1.70767	-371.13113	382.46676	0.07	-0.01914	-0.7319	0.00813	-0.7322	-218.96511	19.03306	
213.0	1	22.69814	-3.9891	-8.41789	-20234.26222	5597.03001	7504.27413	22294.98246	-285.62998	-836.46256	-146.29075	895.9102	0.04018	2.33211	-0.64509	-0.86491	2.56962	55.23134	0.04048	
213.0	2	22.85373	3.82548	-8.49121	-6958.09064	-1493.385	2585.17303	7571.54831	135.41782	191.68495	475.2134	530.00838	0.07	-0.63609	-0.13652	0.23633	-0.69217	-48.93763	0.36032	
213.0	18	17.92845	9.2007	-7.65442	-143.85479	-5515.03476	60.92579	5517.24701	-89.82105	-1.80657	-375.61284	386.20732	0.07	-0.01935	-0.74173	0.00819	-0.74203	-232.28343	19.9385	
214.0	1	22.72797	-3.98524	-8.33987	-20264.07919	5591.73865	7436.06173	22297.88019	-256.87812	-684.11293	-185.58451	753.94859	0.03381	2.33629	-0.64468	-0.85732	2.57077	58.09473	0.03345	
214.0	2	22.88247	3.82723	-8.41244	-7196.28249	-1543.32509	2645.64226	7820.98185	153.06472	149.92417	503.80156	547.46879	0.07	-0.663	-0.14219	0.24375	-0.72056	-48.62349	0.5615	
214.0	18	17.93705	9.2007	-7.61628	-145.1757	-5579.51496	61.14574	5581.73826	-88.06069	-1.8804	-380.66418	390.72169	0.07	-0.0196	-0.75314	0.00825	-0.75344	-238.06055	20.141	
215.0	1	22.75828	-3.98138	-8.25945	-20273.41432	5580.56611	7357.77556	22277.58756	-236.32815	-572.90113	-216.65051	656.50906	0.02947	2.3382	-0.64362	-0.8486	2.56934	61.91161	0.02887	
215.0	2	22.91185	3.82852	-8.33145	-7450.46724	-1596.35819	2709.12352	8086.85179	161.6871	136.43989	525.05961	566.07964	0.07	-0.69181	-0.14823	0.25155	-0.7509	-50.07739	0.73397	
215.0	9	-22.19394	-5.90771	8.07903	0.57844	0.23322	-0.21049	0.65825	-0.01533	-0.00117	-0.04344	0.04608	0.07	-0.0	-0.0	0.0	0.0	89.2714	208.58945	
215.0	18	17.95071	9.2007	-7.56562	-146.23386	-5633.79569	61.13109	5636.02477	-86.0238	-1.94493	-385.02402	394.5217	0.07	-0.01981	-0.76325	0.00828	-0.76355	-249.93135	20.94005	
216.0	1	22.7896	-3.97685	-8.17595	-20308.37663	5575.44662	7286.18436	22284.61911	-212.33761	-464.22089	-236.61128	562.64838	0.02525	2.34357	-0.6434	-0.84082	2.57163	62.23494	0.02454	
216.0	2	22.94228	3.82866	-8.247	-7690.51193	-1645.67811	2764.49533	8336.346	163.17534	146.07007	540.8894	583.54434	0.07	-0.72017	-0.15411	0.25888	-0.78065	-49.27492	0.78123	
216.0	18	17.96888	9.2007	-7.50373	-147.70036	-5703.85163	61.17114	5706.09155	-86.43493	-1.94389	-389.95773	399.42685	0.07	-0.02008	-0.77556	0.00832	-0.77587	-249.02928	20.80496	
217.0	1	22.82134	-3.97252	-8.09021	-20295.19711	5557.10819	7194.84317	22238.30581	-184.70814	-327.99678	-267.68818	461.90469	0.02077	2.34302	-0.64155	-0.83062	2.56735	64.90609	0.02005	
217.0	2	22.97337	3.82855	-8.16026	-7923.05887	-1693.06983	2814.25779	8576.79394	173.41531	122.08761	561.66942	600.37554	0.07	-0.74809	-0.15986	0.26572	-0.80981	-50.00174	0.94191	
217.0	18	17.98874	9.2007	-7.43659	-149.05759	-5770.30981	61.10668	5772.55814	-84.54786	-2.00034	-395.12993	404.07921	0.07	-0.02034	-0.7875	0.00834	-0.7878	-256.797	21.25375	
218.0	1	22.85379	-3.96839	-8.00114	-20214.33421	5520.33981	7077.41328	22117.48715	-144.12708	-146.44839	-297.42336	361.49744	0.01634	2.33419	-0.63745	-0.81724	2.55395	69.61575	0.01569	
218.0	2	23.00515	3.8282	-8.0703	-8092.58927	-1726.71649	2838.85876	8748.18096	181.59848	97.06859	576.7148	612.37267	0.07	-0.77025	-0.16435	0.2702	-0.83265	-52.59172	1.07326	
218.0	18	18.01292	9.2007	-7.35771	-150.8978	-5855.48207	61.11468	5857.74491	-82.33429	-2.07068	-401.68562	410.04214	0.07	-0.02067	-0.80211	0.00837	-0.80242	-273.30516	22.53192	
219.0	1	22.88654	-3.96492	-7.90961	-20107.63774	5477.17223	6949.18454	21968.33351	-104.05352	24.19241	-320.14929	337.50256	0.01536	2.32143	-0.63234	-0.80228	2.53625	71.64212	0.01474	
219.0	2	23.03751	3.82871	-7.9773	-8277.05868	-1763.8468	2866.05356	8935.05003	186.46634	85.14478	590.90842	625.45351	0.07	-0.79336	-0.16907	0.27471	-0.85643	-54.05972	1.10356	
219.0	18	18.03904	9.20064	-7.27198	-152.67523	-5938.79423	61.01674	5941.06974	-81.70992	-2.08886	-407.76346	415.87488	0.07	-0.021	-0.81673	0.00839	-0.81704	-281.27361	23.21546	
220.0	1	22.91995	-3.9614	-7.81505	-20034.14637	5443.00055	6831.32458	21855.44031	-72.05118	177.41964	-352.66647	401.30131	0.01836	2.31203	-0.62815	-0.78837	2.52222	72.78164	0.01767	
220.0	2	23.07007	3.82944	-7.88199	-8434.18979	-1795.15054	2881.41894	9091.79289	189.16766	78.43629	602.57842	636.42549	0.07	-0.81401	-0.17326	0.2781	-0.87748	-54.77755	1.12757	
220.0	18	18.06557	9.20062	-7.18331	-154.24133	-6014.87175	60.79231	6017.15616	-81.20399	-2.09483	-413.29461	421.20175	0.07	-0.0213	-0.83049	0.00839	-0.8308	-285.58124	23.58511	
221.0	1	22.95365	-3.95846	-7.71767	-19942.5315	5404.55074	6705.26308	21722.66752	-38.95608	321.99294	-375.39317	496.10187	0.02284	2.30013	-0.62335	-0.77337	2.50545	73.65686	0.02211	
221.0	2	23.10351	3.83053	-7.78271	-8599.57207	-1828.27486	2896.93675	9256.75274	186.84021	93.14357	613.41962	647.9727	0.07	-0.83517	-0.17756	0.28134	-0.89899	-58.36327	0.93427	
221.0	18	18.09101	9.20062	-7.09581	-156.09835	-6103.06777	60.68008	6105.36526	-80.7024	-2.10858	-419.68155	427.37563	0.07	-0.02164	-0.84607	0.00841	-0.84638	-295.69572	24.84886	
222.0	1	22.98815	-3.95549	-7.61699	-19857.21558	5367.76904	6579.81674	21596.6651	-7.96539	501.80448	-433.40735	663.10867	0.0307	2.28866	-0.61867	-0.75836	2.48914	76.83992	0.03016	
222.0	2	23.13718	3.83129	-7.68179	-8781.39315	-1864.60241	2915.38828	9438.70207	192.7705	73.5316	627.66966	660.70914	0.07	-0.85795	-0.18217	0.28484	-0.92217	-59.49014	1.0667	
222.0	18	18.11168	9.20062	-7.01885	-157.91151	-6191.51452	60.64198	6193.82479	-78.17248	-2.18313	-426.45709	433.56816	0.07	-0.02198	-0.86184	0.00844	-0.86216	-305.49289	25.55004	
223.0	1	23.02272	-3.95283	-7.51343	-19731.82489	5320.58005	6439.6663	21427.15071	26.47732	646.46715	-452.99466	789.82593	0.03686	2.27227	-0.61271	-0.74158	2.4675	79.83094	0.03676	
223.0	2	23.17131	3.83301	-7.57681	-8984.29057	-1905.80557	2937.75869	9642.61365	193.72325	76.46075	642.0491	674.98295	0.07	-0.88271	-0.18725	0.28864	-0.94739	-60.17485	1.22383	
223.0	18	18.13767	9.20062	-6.92681	-159.14694	-6256.97259	60.21967	6259.28591	-77.68641	-2.1741	-431.20245	438.15004	0.07	-0.02224	-0.8745	0.00842	-0.87483	-313.82829	26.06476	
224.0	1	23.05777	-3.95015	-7.4077	-19658.14823	5287.33082	6315.51848	21313.94926	62.71348	785.17099	-462.13593	913.23386	0.04285	2.26171	-0.60832	-0.72661	2.45221	76.7422	0.04356	
224.0	2	23.20581	3.83483	-7.4697	-9133.32934	-1935.52162	2939.88023	9788.09709	191.51698	86.76519	652.10941	685.16687	0.07	-0.90237	-0.19123	0.29046	-0.96707	-61.19045	0.93748	
224.0	18	18.16419	9.20062	-6.83182	-160.68272	-6334.75977	59.86961	6337.08014	-76.90019	-2.17829	-436.87419	443.59604	0.07	-0.02255	-0.88897	0.0084	-0.88929	-309.28366	26.17472	
225.0	1	23.0933	-3.94751	-7.29821	-19556.86912	5246.82795	6181.00493	21170.85627	94.7646	938.3324	-496.6781	1065.89734	0.05035	2.24798	-0.6031	-0.71048	2.4335	83.50074	0.05288	
225.0	2	23.24051	3.83647	-7.35957	-9325.54658	-1974.2221	2953.01975	9979.16317	194.98165	75.87542	666.47214	698.54136	0.07	-0.92615	-0.19607	0.29327	-0.99106	-63.48612	1.23741	
225.0	18	18.19114	9.20062	-6.73456	-161.86825	-6399.05487	59.35288	6401.37698	-75.21663	-2.19453	-441.73298	448.0964	0.07	-0.02281	-0.90155	0.00836	-0.90187	-329.69134	27.54045	
226.0	1	23.12896	-3.94505	-7.18632	-19448.23841	5204.60439	6042.85887	21019.94357	130.78628	1077.87375	-507.43261	1198.50104	0.05702	2.23293	-0.59756	-0.6938	2.41338	85.26459	0.0624	
226.0	2	23.2757	3.83841	-7.24619	-9509.96521	-2011.32328	2960.55195	10161.1873	193.46943	84.94127	679.17467	711.28311	0.07	-0.94918	-0.20075	0.29549	-1.01418	-65.74261	1.19906	
226.0	12	18.21803	9.2006	-6.6355	-163.20289	-6469.9834	58.8629	6472.30911	-74.41513	-2.18876	-446.90316	453.06162	0.07	-0.02308	-0.91516	0.00833	-0.91549	-338.80348	28.4618	
227.0	1	23.16513	-3.94269	-7.07134	-19358.09751	5167.46103	5909.40097	20889.22241	169.05015	1237.26388	-528.14551	1355.85307	0.06491	2.22025	-0.59267	-0.67777	2.39586	86.46766	0.07708	
227.0	2	23.31121	3.8407	-7.12989	-9687.6364	-2047.0817	2962.9691	10335.37751	193.32657	86.40698	691.79246	723.47642	0.07	-0.97177	-0.20534	0.29722	-1.03675	-67.87489	1.12731	
227.0	12	18.24595	9.2006	-6.53161	-164.9872	-6559.6418	58.47221	6561.97686	-73.46165	-2.19406	-453.42069	459.33838	0.07	-0.02343	-0.93153	0.0083	-0.93186	-346.37032	29.29998	
228.0	1	23.20129	-3.94014	-6.95357	-19245.26096	5124.30171	5768.18883	20734.28417	191.05592	1331.41292	-545.34285	1451.39986	0.07	2.20481	-0.58706	-0.66082	2.37539	86.78766	0.11851	
228.0	2	23.34672	3.8425	-7.01091	-9868.39666	-2083.16673	2963.40963	10512.21351	186.24714	116.71237	702.26267	735.85504	0.07	-0.99455	-0.20994	0.29866	-1.05944	-67.19746	1.19315	
228.0	12	18.27288	9.2006	-6.42909	-165.59495	-6603.19435	57.66916	6605.52217	-73.33165	-2.1481	-456.52983	462.38688	0.07	-0.02361	-0.94136	0.00822	-0.94169	-345.6711	29.15508	
229.0	1	23.23768	-3.93771	-6.83304	-19053.78742	5060.30824	5602.90418	20495.02549	191.73057	1316.48195	-536.97349	1434.65183	0.07	2.17971	-0.57889	-0.64096	2.34458	92.93731	0.34686	
229.0	2	23.38238	3.84496	-6.88933	-10078.99187	-2125.8526	2969.4235	10720.20533	160.42699	217.31886	700.11239	750.41433	0.07	-1.02057	-0.21526	0.30067	-1.08549	-70.71503	1.33482	
229.0	12	18.30263	9.2006	-6.31735	-164.49561	-6581.57369	56.18651	6583.86877	-73.25531	-2.05347	-455.00682	460.87066	0.07	-0.02354	-0.94173	0.00804	-0.94206	-367.45533	30.92386	
230.0	1	23.2743	-3.93567	-6.70946	-18862.30228	4996.73059	5437.71782	20256.4197	202.001	1310.17039	-503.2193	1417.9494	0.07	2.15444	-0.57072	-0.62109	2.31367	94.90863	0.55142	
230.0	2	23.41849	3.84793	-6.76393	-10291.14113	-2169.07794	2972.31826	10929.18847	133.40146	308.7096	687.16342	765.04322	0.07	-1.04696	-0.22067	0.30239	-1.11187	-72.45734	1.35326	
230.0	12	18.33512	9.2006	-6.19695	-163.30706	-6560.09777	54.60672	6562.35734	-73.42133	-1.94684	-453.45456	459.36425	0.07	-0.02345	-0.94185	0.00784	-0.94217	-375.85195	31.72531	
231.0	1	23.31094	-3.93311	-6.58315	-18664.03876	4931.04482	5270.99074	20011.11914	204.94206	1297.04133	-487.71143	1400.77832	0.07	2.12783	-0.56217	-0.60093	2.2814	96.1158	0.74724	
231.0	2	23.45424	3.85138	-6.63579	-10516.58361	-2215.37739	2975.4761	11151.67637	108.65674	384.72226	670.48186	780.61734	0.07	-1.07483	-0.22642	0.3041	-1.13974	-72.00606	1.49503	
231.0	12	18.36811	9.20052	-6.07382	-161.35134	-6511.1491	52.76941	6513.36176	-75.25432	-1.77954	-449.67847	455.93541	0.07	-0.02324	-0.93776	0.0076	-0.93808	-377.60614	31.73695	
232.0	1	23.34762	-3.93064	-6.45393	-18465.07359	4865.3694	5104.41512	19765.77385	215.22337	1290.15039	-451.16685	1383.60422	0.07	2.10068	-0.55351	-0.5807	2.24865	97.30583	0.91386	
232.0	2	23.48986	3.8554	-6.50528	-10744.97321	-2262.60285	2975.59995	11376.64345	84.26939	453.53112	649.15753	796.36505	0.07	-1.10331	-0.23233	0.30554	-1.16817	-72.78555	1.58463	
232.0	12	18.40319	9.20052	-5.94304	-159.26179	-6460.28265	50.84967	6462.44551	-76.45195	-1.6247	-445.86113	452.37118	0.07	-0.023	-0.93312	0.00734	-0.93343	-382.06668	32.11582	
233.0	1	23.38431	-3.92842	-6.32193	-18260.34852	4798.61691	4936.93045	19515.13092	219.26744	1277.65655	-430.85162	1366.05915	0.07	2.07288	-0.54473	-0.56043	2.21532	99.79068	1.08177	
233.0	2	23.52564	3.8595	-6.37176	-10983.03216	-2311.90244	2974.55639	11611.19607	59.17441	519.51389	622.2709	812.78372	0.07	-1.13286	-0.23846	0.30681	-1.19765	-75.30942	1.64581	
233.0	12	18.43876	9.20052	-5.80934	-156.82703	-6398.15996	48.83333	6400.26798	-76.3587	-1.49776	-441.46111	448.01876	0.07	-0.02271	-0.92654	0.00707	-0.92685	-393.34708	33.17862	
234.0	1	23.42107	-3.92608	-6.18727	-18053.56229	4731.39098	4769.51459	19263.05898	228.58481	1269.20301	-393.81903	1348.41415	0.07	2.04476	-0.53588	-0.5402	2.18175	101.48882	1.26516	
234.0	2	23.56141	3.86378	-6.23519	-11219.7526	-2360.9845	2969.10093	11843.6758	34.62541	579.62522	591.7531	829.05732	0.07	-1.16258	-0.24464	0.30765	-1.22723	-77.23649	1.72576	
234.0	13	18.47427	9.2005	-5.67424	-154.26567	-6333.26184	46.81113	6335.31331	-76.34444	-1.36929	-436.84891	443.47189	0.07	-0.02239	-0.91929	0.00679	-0.91959	-401.52617	33.9628	
235.0	1	23.45741	-3.9235	-6.04985	-17849.53401	4665.05994	4603.54864	19014.76554	234.08441	1257.83648	-367.01794	1331.03354	0.07	2.01687	-0.52712	-0.52017	2.14854	102.81143	1.37214	
235.0	2	23.59671	3.86811	-6.09605	-11459.3472	-2410.72786	2960.32926	12078.56765	13.35866	629.47267	564.3186	845.49972	0.07	-1.19297	-0.25097	0.30818	-1.25743	-79.03509	1.79816	
235.0	13	18.50836	9.2005	-5.54205	-151.28983	-6253.00858	44.73921	6254.99852	-76.01556	-1.24598	-431.19907	437.84992	0.07	-0.02201	-0.90955	0.00651	-0.90984	-408.57736	34.65731	
236.0	1	23.49376	-3.92091	-5.90949	-17624.28603	4593.41118	4433.22991	18744.8236	237.04141	1243.33078	-345.89767	1312.13767	0.07	1.98642	-0.51772	-0.49967	2.11271	104.47597	1.53768	
236.0	2	23.63195	3.87259	-5.95406	-11721.27578	-2465.26714	2953.10684	12336.39688	-4.80524	672.19327	542.07739	863.54779	0.07	-1.22584	-0.25782	0.30884	-1.29018	-80.32503	1.93164	
236.0	13	18.54314	9.2005	-5.40587	-147.9191	-6158.83981	42.57011	6160.76294	-75.7933	-1.11407	-424.53935	431.25344	0.07	-0.02156	-0.89748	0.0062	-0.89776	-415.2547	35.22926	
237.0	1	23.53005	-3.91837	-5.7661	-17421.12588	4527.8459	4269.40277	18499.31932	244.06509	1232.9561	-311.69387	1294.95235	0.07	1.95846	-0.50901	-0.47996	2.07967	105.47212	1.64009	
237.0	2	23.66701	3.8774	-5.80907	-11953.38032	-2513.74329	2934.02788	12562.27392	-25.84525	716.75544	508.78897	879.35917	0.07	-1.25571	-0.26407	0.30822	-1.31968	-82.70097	1.96239	
237.0	13	18.57646	9.2005	-5.27277	-144.7291	-6073.63029	40.53535	6075.48966	-73.83362	-1.03584	-418.82483	425.28427	0.07	-0.02112	-0.8865	0.00592	-0.88677	-422.86102	36.06503	
238.0	1	23.56607	-3.91547	-5.62058	-17186.92841	4454.15304	4099.38941	18221.82705	242.4132	1214.89597	-303.70234	1275.52792	0.07	1.92667	-0.49931	-0.45954	2.04268	107.11314	1.81209	
238.0	2	23.70169	3.88236	-5.6619	-12220.45304	-2569.73101	2919.28566	12824.39936	-40.98119	751.23929	489.73425	897.70795	0.07	-1.28952	-0.27116	0.30805	-1.35325	-83.92055	2.08734	
238.0	13	18.60988	9.2005	-5.13715	-140.95424	-5965.89699	38.37308	5967.68527	-72.35299	-0.93685	-411.42343	417.73804	0.07	-0.0206	-0.87201	0.00561	-0.87227	-429.33143	36.62574	
239.0	1	23.60175	-3.91263	-5.47221	-16963.34811	4383.68092	3933.21587	17956.67075	248.93769	1202.80634	-266.93233	1256.96696	0.07	1.89616	-0.49001	-0.43965	2.0072	108.79497	1.91957	
239.0	2	23.73594	3.88728	-5.5121	-12463.34151	-2620.62852	2894.21443	13060.59159	-55.29987	782.17008	470.09509	914.24149	0.07	-1.32101	-0.27776	0.30676	-1.38431	-86.43582	2.15916	
239.0	13	18.64195	9.20048	-5.00436	-137.25888	-5861.72354	36.31773	5863.44283	-69.81459	-0.87113	-404.45831	410.44044	0.07	-0.02009	-0.85782	0.00531	-0.85807	-438.80902	37.54445	
240.0	1	23.63687	-3.90988	-5.32114	-16751.37321	4316.76918	3771.22216	17704.94613	249.07234	1187.43625	-252.85819	1239.34626	0.07	1.86717	-0.48116	-0.42035	1.97346	109.31194	1.94983	
240.0	2	23.76967	3.89234	-5.35967	-12705.78343	-2671.57511	2864.80175	13295.91423	-70.54141	813.80882	446.05792	930.714	0.07	-1.35249	-0.28438	0.30495	-1.4153	-88.15209	2.16131	
240.0	13	18.67174	9.20041	-4.8775	-133.56947	-5757.1494	34.3715	5758.80121	-66.57796	-0.82899	-397.57923	403.11606	0.07	-0.01957	-0.84345	0.00504	-0.84369	-443.86036	38.14108	
241.0	1	23.67148	-3.90729	-5.16741	-16509.76367	4242.79751	3604.20532	17423.08593	248.56822	1169.93325	-238.60663	1219.61597	0.07	1.83483	-0.47153	-0.40056	1.93634	110.38394	1.99555	
241.0	2	23.80306	3.89747	-5.20453	-12948.54904	-2722.68817	2831.10227	13531.18965	-81.57917	838.37754	433.15591	947.18325	0.07	-1.38394	-0.291	0.30259	-1.44621	-89.82709	2.18865	
241.0	13	18.70109	9.20041	-4.75067	-129.57729	-5638.71886	32.40714	5640.3006	-62.56176	-0.8028	-389.83211	394.82109	0.07	-0.019	-0.82683	0.00475	-0.82707	-450.05636	38.76704	
242.0	1	23.70562	-3.9049	-5.01109	-16273.00046	4170.78943	3440.08634	17147.60107	249.11394	1153.4055	-219.98875	1200.33206	0.07	1.80306	-0.46213	-0.38116	1.89997	111.41366	2.03601	
242.0	2	23.83591	3.90252	-5.04689	-13149.99157	-2765.14827	2784.25622	13722.98824	-94.88396	863.69472	409.63209	960.60917	0.07	-1.41085	-0.29667	0.29872	-1.47233	-92.03656	2.19097	
242.0	13	18.72844	9.20041	-4.63082	-125.68097	-5521.99695	30.57681	5523.51165	-57.63342	-0.8053	-382.32539	386.64579	0.07	-0.01844	-0.81024	0.00449	-0.81046	-457.34732	39.55423	
243.0	1	23.73918	-3.90248	-4.85255	-16016.07206	4093.9916	3273.9194	16852.11796	244.75605	1132.935	-219.36884	1179.64822	0.07	1.7688	-0.45214	-0.36157	1.86113	111.8353	2.13452	
243.0	2	23.86811	3.90776	-4.88692	-13388.93053	-2815.77754	2741.29222	13953.73594	-100.37277	879.41059	413.06816	976.76147	0.07	-1.44177	-0.30321	0.29519	-1.50259	-91.6963	2.28707	
243.0	13	18.75621	9.2004	-4.50772	-121.52214	-5393.22829	28.71802	5394.67364	-54.18448	-0.76908	-373.71877	377.62716	0.07	-0.01784	-0.79171	0.00422	-0.79192	-457.52813	39.49546	
244.0	1	23.77213	-3.89997	-4.6916	-15812.36947	4031.19627	3120.66971	16613.85419	241.52127	1116.44993	-218.41631	1162.96975	0.07	1.74077	-0.44379	-0.34355	1.82901	114.40538	2.13301	
244.0	2	23.89966	3.91309	-4.72475	-13627.03101	-2866.37853	2693.81164	14183.39596	-111.36346	902.96631	397.46279	992.83767	0.07	-1.47284	-0.3098	0.29115	-1.53297	-94.95465	2.26342	
244.0	13	18.78374	9.2004	-4.38356	-117.89518	-5286.32247	27.03504	5287.70606	-49.34662	-0.77552	-366.83446	370.13945	0.07	-0.01731	-0.77625	0.00397	-0.77645	-470.62936	40.77142	
245.0	1	23.80448	-3.89751	-4.52798	-15610.94253	3969.49426	2969.45443	16379.13524	242.20238	1102.56801	-200.58567	1146.5395	0.07	1.7133	-0.43565	-0.3259	1.79761	115.4308	2.11665	
245.0	2	23.93065	3.91804	-4.56008	-13855.8978	-2914.83178	2640.11134	14403.20576	-120.81248	923.65699	385.71834	1008.22444	0.07	-1.50302	-0.31619	0.28639	-1.56239	-97.08907	2.22495	
245.0	13	18.81024	9.2004	-4.26189	-114.36756	-5181.33015	25.4431	5182.65466	-44.30892	-0.7901	-360.06899	362.78586	0.07	-0.0168	-0.76095	0.00374	-0.76115	-477.74748	41.52155	
246.0	1	23.83616	-3.89471	-4.36218	-15674.21588	3975.13504	2868.53579	16422.88767	242.30554	1104.59952	-206.71972	1149.60216	0.07	1.71549	-0.43506	-0.31395	1.79742	116.09166	1.93312	
246.0	2	23.96099	3.92225	-4.39307	-14319.66303	-3012.20356	2625.3066	14866.68606	-130.43497	957.24368	386.86072	1040.66804	0.07	-1.55913	-0.32797	0.28585	-1.61869	-98.65191	2.13479	
246.0	13	18.83551	9.2004	-4.14278	-112.75742	-5161.08339	24.33244	5162.37233	-41.69432	-0.78139	-358.95182	361.36607	0.07	-0.01656	-0.75806	0.00357	-0.75825	-482.81709	42.0669	
247.0	1	23.86797	-3.88808	-4.19434	-16180.52268	4089.75802	2843.55999	16929.89274	249.50706	1138.0231	-217.01121	1185.09249	0.07	1.77034	-0.44747	-0.31112	1.85233	114.54244	1.52178	
247.0	2	23.9914	3.92194	-4.22434	-15198.98489	-3192.96229	2676.1192	15759.62448	-141.58839	1015.38954	407.34383	1103.17369	0.07	-1.66532	-0.34985	0.29322	-1.72675	-98.70978	1.9597	
247.0	13	18.85671	9.2004	-4.03136	-114.3069	-5283.64774	23.95817	5284.93836	-42.03511	-0.75722	-367.54918	369.94583	0.07	-0.0168	-0.77667	0.00352	-0.77686	-479.99546	41.9526	
248.0	1	23.89967	-3.87777	-4.02454	-16464.40982	4144.63627	2772.66739	17202.97896	255.83987	1157.60755	-211.20811	1204.20851	0.07	1.8052	-0.45443	-0.304	1.88618	116.2843	1.3284	
248.0	2	24.02173	3.91748	-4.05366	-15827.2792	-3316.73016	2670.84216	16390.14532	-155.07106	1063.4503	401.68031	1147.31018	0.07	-1.74898	-0.36651	0.29514	-1.81118	-101.966	1.82824	
248.0	13	18.87319	9.2004	-3.93034	-114.29765	-5332.40882	23.31905	5333.68461	-37.20955	-0.82702	-371.49803	373.35777	0.07	-0.01683	-0.78503	0.00343	-0.78522	-492.23305	43.27139	
249.0	1	23.93012	-3.86856	-3.85275	-16263.68499	4078.59221	2618.62183	16970.54932	249.99244	1139.79798	-222.62584	1187.93852	0.07	1.78564	-0.4478	-0.28751	1.86324	117.62988	1.48935	
249.0	2	24.05082	3.9144	-3.88111	-16059.35236	-3358.52453	2591.49477	16610.18754	-159.42865	1077.07941	407.90234	1162.71315	0.07	-1.78806	-0.37394	0.28854	-1.84939	-102.34605	1.87781	
249.0	13	18.88894	9.20031	-3.83006	-110.82343	-5219.54501	21.99891	5220.76775	-29.57979	-0.90718	-364.25345	365.45364	0.07	-0.01634	-0.76959	0.00324	-0.76977	-496.97447	43.71726	
250.0	1	23.95921	-3.86105	-3.6791	-16042.21654	4009.24712	2463.54248	16718.12835	240.1314	1116.86586	-253.92349	1170.26902	0.07	1.76149	-0.44023	-0.27051	1.83571	119.87914	1.65901	
250.0	2	24.07847	3.91364	-3.70668	-16305.45769	-3405.44808	2509.92936	16845.31901	-161.36788	1087.27496	426.897	1179.17237	0.07	-1.82707	-0.38159	0.28124	-1.88757	-102.64813	1.96333	
250.0	13	18.90765	9.20031	-3.71502	-107.23235	-5101.94335	20.60836	5103.11174	-23.53954	-0.94502	-356.44013	357.21782	0.07	-0.01583	-0.75321	0.00304	-0.75338	-503.37142	44.21226	
251.0	1	23.98701	-3.8549	-3.5032	-15870.27028	3953.98997	2317.90107	16518.8432	238.53217	1103.61621	-249.41416	1156.31906	0.07	1.74137	-0.43385	-0.25433	1.81253	120.5406	1.69342	
251.0	2	24.10485	3.91429	-3.52993	-16517.53191	-3446.6909	2418.56512	17045.76181	-167.3772	1101.61399	426.80871	1193.20333	0.07	-1.86067	-0.38826	0.27245	-1.92018	-103.37778	1.93703	
251.0	13	18.9268	9.20031	-3.59729	-104.14471	-5005.78403	19.34236	5006.90464	-17.50427	-0.9884	-350.04449	350.48327	0.07	-0.01539	-0.73975	0.00286	-0.73992	-506.99066	44.61765	
252.0	1	24.01355	-3.84973	-3.32544	-15692.5476	3898.64653	2173.17582	16314.96823	236.13761	1089.27356	-248.98673	1142.04739	0.07	1.71975	-0.42725	-0.23816	1.78796	123.31165	1.71282	
252.0	2	24.13008	3.91569	-3.35111	-16717.66134	-3486.33247	2321.44042	17234.37845	-172.83943	1114.31135	428.78068	1206.40629	0.07	-1.89165	-0.39449	0.26268	-1.95011	-106.10082	1.90202	
252.0	13	18.9458	9.2003	-3.47927	-101.14081	-4910.5642	18.13068	4911.63913	-11.31381	-1.0357	-343.625	343.81277	0.07	-0.01496	-0.72625	0.00268	-0.72641	-519.80245	45.85591	
253.0	1	24.03877	-3.84534	-3.14593	-15536.11715	3849.75028	2033.18664	16134.60136	232.96631	1075.16472	-255.62028	1129.42207	0.07	1.69982	-0.42121	-0.22245	1.7653	120.21846	1.68934	
253.0	2	24.15403	3.91766	-3.17058	-16901.97999	-3523.42893	2218.39549	17407.26164	-179.73186	1128.50656	423.00321	1218.50823	0.07	-1.91981	-0.40021	0.25198	-1.9772	-103.43132	1.83592	
253.0	13	18.96498	9.2003	-3.35917	-98.38319	-4824.52857	16.98975	4825.56151	-6.38262	-1.05916	-337.72779	337.78975	0.07	-0.01456	-0.71395	0.00251	-0.7141	-507.02008	44.79037	
254.0	1	24.06272	-3.84148	-2.96454	-15389.37522	3804.2061	1895.97116	15965.57423	230.95773	1062.69003	-257.59711	1117.59019	0.07	1.68067	-0.41546	-0.20706	1.7436	124.08347	1.64629	
254.0	2	24.17677	3.92004	-2.98829	-17084.69649	-3560.75832	2111.4674	17579.0827	-184.77467	1139.4096	426.40636	1230.53577	0.07	-1.94706	-0.4058	0.24063	-2.0034	-107.45813	1.76553	
254.0	13	18.98386	9.2003	-3.2393	-95.71206	-4739.31181	15.90198	4740.30486	-0.47932	-1.10368	-331.81894	331.82112	0.07	-0.01417	-0.70161	0.00235	-0.70176	-525.13008	46.53343	
255.0	1	24.08535	-3.83825	-2.78164	-15249.95681	3761.44352	1761.19746	15805.42491	228.07747	1049.36184	-266.26419	1106.37979	0.07	1.66217	-0.40998	-0.19196	1.72271	123.70708	1.61491	
255.0	2	24.19822	3.92267	-2.80441	-17251.56165	-3595.21534	1999.17439	17735.23755	-191.36914	1152.22359	420.7114	1241.46664	0.07	-1.97179	-0.41092	0.2285	-2.02707	-107.34414	1.7038	
255.0	13	19.00235	9.2003	-3.11989	-93.24152	-4660.62674	14.88519	4661.58312	4.45677	-1.13124	-326.27854	326.31093	0.07	-0.01381	-0.69012	0.0022	-0.69026	-524.17693	46.54003	
256.0	1	24.10669	-3.8353	-2.59707	-15114.13751	3720.24326	1628.24062	15650.19265	227.92602	1039.61511	-259.61511	1095.51351	0.07	1.64396	-0.40465	-0.1771	1.70226	122.30991	1.56579	
256.0	2	24.21842	3.92545	-2.61898	-17407.9491	-3627.82494	1882.35185	17881.30459	-196.0146	1160.97525	424.7892	1251.6913	0.07	-1.99482	-0.41572	0.2157	-2.04906	-106.45216	1.63727	
256.0	13	19.02046	9.2003	-3.00001	-90.90876	-4586.09614	13.92137	4587.01821	9.22665	-1.15718	-320.95694	321.09162	0.07	-0.01346	-0.67917	0.00206	-0.67931	-519.10881	46.16829	
257.0	1	24.12662	-3.83271	-2.41119	-14992.74712	3683.33599	1498.32875	15511.10632	224.72715	1026.27074	-274.18719	1085.77739	0.07	1.62735	-0.3998	-0.16263	1.68361	125.57718	1.49645	
257.0	2	24.23732	3.92824	-2.4323	-17558.17166	-3659.35608	1761.91088	18021.78151	-200.93626	1169.83889	427.25411	1261.52467	0.07	-2.0167	-0.42031	0.20237	-2.06995	-109.85766	1.54811	
257.0	13	19.03803	9.2003	-2.88101	-88.67378	-4513.01744	13.00846	4513.90725	14.57269	-1.19613	-315.63489	315.97338	0.07	-0.01313	-0.66835	0.00193	-0.66848	-534.34988	47.66741	
258.0	1	24.14511	-3.83045	-2.22387	-14881.22618	3649.59049	1370.6165	15383.39991	223.64757	1016.14445	-277.5109	1076.838	0.07	1.6119	-0.39532	-0.14846	1.66629	125.06695	1.38939	
258.0	2	24.25486	3.9312	-2.24423	-17698.82801	-3689.22482	1637.55555	18153.24988	-205.75085	1177.93506	429.98137	1270.7275	0.07	-2.03694	-0.42459	0.18846	-2.08924	-110.08691	1.43356	
258.0	13	19.055	9.20026	-2.76374	-86.66995	-4447.91906	12.16684	4448.78002	19.5559	-1.23121	-310.79774	311.41481	0.07	-0.01283	-0.65862	0.0018	-0.65875	-533.77219	47.74685	
259.0	1	24.16255	-3.8272	-2.03512	-12522.37064	3064.35954	1054.72354	12934.93361	200.55839	870.47876	-147.89974	905.44534	0.07	1.35167	-0.33077	-0.11385	1.3962	137.02033	6.95396	
259.0	2	24.2707	3.93578	-2.05442	-19856.12472	-4141.84793	1680.72764	20353.02038	-263.65096	1373.72214	270.51485	1424.71142	0.07	-2.29211	-0.47812	0.19402	-2.34947	-101.63694	6.91128	
259.0	13	19.07245	9.20021	-2.62694	-70.86379	-3685.76964	9.42668	3686.46286	-20.92912	-0.25543	-257.20213	258.05238	0.07	-0.0105	-0.54591	0.0014	-0.54601	-541.78159	46.21179	
260.0	1	24.18033	-3.81668	-1.84559	-11431.44146	2781.5938	872.7044	11797.3188	192.01167	802.10944	-41.44872	825.81235	0.07	1.21768	-0.2963	-0.09296	1.25666	127.50234	8.03675	
260.0	2	24.28281	3.95187	-1.86317	-20829.09769	-4363.46655	1598.19094	21341.16597	-294.25608	1457.4889	144.29773	1493.88164	0.07	-2.42737	-0.50851	0.18625	-2.48705	-110.85085	7.93622	
260.0	13	19.0855	9.2002	-2.45676	-56.2966	-3076.01161	6.96905	3076.53462	-20.49343	-0.11064	-214.38004	215.35736	0.07	-0.00836	-0.45656	0.00103	-0.45664	-541.32029	47.58289	
261.0	1	24.19643	-3.80739	-1.65409	-11457.47218	2773.64268	783.46407	11814.42247	199.74767	795.78225	103.88198	827.01874	0.07	1.20442	-0.29157	-0.08236	1.24195	112.91122	7.16966	
261.0	2	24.2933	3.96807	-1.67258	-20658.73929	-4347.07453	1422.30751	21159.00575	-307.93397	1448.01258	-47.04256	1481.14036	0.07	-2.42561	-0.5104	0.167	-2.48434	-128.57492	6.95616	
261.0	13	19.07443	9.2002	-2.5552	-39.50705	-2273.44975	5.08674	2273.79868	2.43718	-0.39846	-159.15584	159.17499	0.07	-0.00585	-0.33669	0.00075	-0.33674	-548.51992	50.8832	
262.0	1	24.21068	-3.80007	-1.45989	-10935.25986	2636.33981	659.4888	11267.88008	190.17025	737.54539	204.91751	788.75162	0.07	1.13701	-0.27412	-0.06857	1.17159	97.38509	9.08246	
262.0	2	24.30262	3.98277	-1.48138	-20981.41863	-4432.94583	1278.81972	21482.69807	-320.09686	1454.02324	-211.50749	1503.78888	0.07	-2.47636	-0.52321	0.15093	-2.53553	-148.5971	8.65005	
262.0	13	19.03981	9.2003	-2.90287	-19.38791	-1170.26936	2.84941	1170.43342	8.42417	-0.33799	-81.49539	81.93033	0.07	-0.00285	-0.17212	0.00042	-0.17214	-558.65391	55.14122	
263.0	1	24.22337	-3.79308	-1.26462	-10594.70344	2544.68384	553.12727	10910.04613	182.28724	724.42481	158.81904	763.70376	0.07	1.09059	-0.26194	-0.05694	1.12305	103.15394	8.14399	
263.0	2	24.31056	3.99655	-1.29017	-21289.59038	-4515.51445	1129.56511	21792.48601	-322.98266	1481.907	-163.4222	1525.47467	0.07	-2.52299	-0.53512	0.13386	-2.58258	-138.67147	7.82671	
263.0	8	18.98246	9.2003	-3.3778	-16.1977	-1024.9419	2.78947	1025.07368	16.50156	-0.45084	-69.8315	71.75614	0.07	-0.00236	-0.14937	0.00041	-0.14939	-549.04074	54.99198	
264.0	1	24.23421	-3.78725	-1.06974	-10503.83131	2514.96293	463.68782	10810.66682	178.98849	725.3244	120.55724	756.74726	0.07	1.07185	-0.25664	-0.04732	1.10316	107.87066	6.54935	
264.0	2	24.31754	4.00815	-1.09778	-21387.06751	-4550.98102	965.18177	21887.20312	-322.8538	1493.52412	-111.78833	1532.10492	0.07	-2.54279	-0.54108	0.11475	-2.60225	-127.81906	6.32291	
264.0	8	18.94491	9.20032	-3.69272	-14.82552	-977.13253	2.80112	977.249	22.97139	-0.53324	-64.43404	68.40844	0.07	-0.00214	-0.1411	0.0004	-0.14111	-534.95149	54.76874	
265.0	1	24.243	-3.78275	-0.87478	-10501.48943	2508.35422	379.03726	10803.55452	177.45885	730.50476	82.36001	756.24865	0.07	1.06422	-0.2542	-0.03841	1.09483	116.63264	5.01623	
265.0	2	24.32358	4.01729	-0.90448	-21378.90451	-4560.95597	794.66065	21874.44543	-322.20137	1494.0149	-93.34308	1531.21102	0.07	-2.54744	-0.54347	0.09469	-2.60649	-126.38815	4.86295	
265.0	8	18.92666	9.20032	-3.89352	-13.76059	-936.77422	2.74599	936.8793	27.55352	-0.57918	-59.50818	65.58014	0.07	-0.00197	-0.13398	0.00039	-0.134	-551.43126	58.17556	
266.0	1	24.24998	-3.77977	-0.67987	-10543.67189	2514.1587	295.73144	10843.31444	177.11715	735.42507	62.52228	759.03198	0.07	1.063	-0.25347	-0.02982	1.09321	118.49945	3.89979	
266.0	2	24.32853	4.02457	-0.71047	-21336.138	-4561.09478	622.83515	21827.09999	-321.2017	1491.6087	-80.01331	1527.89698	0.07	-2.5456	-0.54418	0.07431	-2.60417	-123.20258	3.77393	
266.0	8	18.92421	9.2004	-4.0156	-13.01691	-908.27927	2.6801	908.3765	30.41352	-0.60063	-55.83832	63.58665	0.07	-0.00184	-0.12861	0.00038	-0.12863	-548.25705	59.51381	
267.0	1	24.25502	-3.77802	-0.48509	-10742.38255	2558.84343	214.96733	11045.02935	179.6817	750.82688	41.6861	773.15215	0.07	1.07944	-0.25712	-0.0216	1.10985	121.61746	2.63378	
267.0	2	24.33226	4.03	-0.51622	-21141.54485	-4526.2939	448.32379	21625.29189	-317.93707	1478.56679	-65.24978	1513.77054	0.07	-2.52354	-0.54028	0.05351	-2.58128	-122.12511	2.54244	
267.0	8	18.93453	9.2004	-4.07816	-12.69067	-900.68844	2.65181	900.78174	33.28051	-0.62659	-53.55248	63.05436	0.07	-0.00178	-0.12622	0.00037	-0.12623	-552.69075	61.65901	
268.0	1	24.25814	-3.7779	-0.29034	-11048.73153	2631.0713	132.31726	11358.45555	184.34297	773.22211	17.78708	795.09191	0.07	1.10899	-0.26409	-0.01328	1.14007	122.89619	1.42853	
268.0	2	24.33492	4.03323	-0.32159	-20830.74615	-4463.60536	275.14908	21305.38582	-312.87914	1457.60712	-41.15236	1491.37701	0.07	-2.48527	-0.53254	0.03283	-2.5419	-120.59137	1.36221	
268.0	8	18.95981	9.2004	-4.07566	-12.81579	-916.84883	2.67168	916.94229	36.36233	-0.66239	-52.88797	64.18563	0.07	-0.00178	-0.12708	0.00037	-0.12709	-551.9008	62.9809	
269.0	1	24.25933	-3.77939	-0.0956	-11476.44781	2734.24997	45.35568	11797.75548	191.40697	803.3519	2.36349	825.84289	0.07	1.15325	-0.27476	-0.00456	1.18553	123.74838	0.31752	
269.0	2	24.33645	4.03444	-0.127	-20418.09294	-4376.37401	106.50765	20882.10987	-306.43642	1428.77902	-37.32965	1461.74768	0.07	-2.43247	-0.52137	0.01269	-2.48775	-120.46449	0.28012	
269.0	8	18.99713	9.2004	-4.01994	-13.38781	-956.76493	2.74615	956.86253	39.96918	-0.71354	-53.7431	66.98033	0.07	-0.00183	-0.1311	0.00038	-0.13111	-553.30541	64.33275	
270.0	1	24.25863	-3.78205	0.09931	-12005.45209	2863.57664	-48.94783	12342.33961	165.52771	699.01401	295.11355	776.60287	0.06292	1.21058	-0.28875	0.00494	1.24455	122.72391	0.07277	
270.0	2	24.33679	4.03377	0.06775	-19902.09893	-4264.69161	-55.35352	20353.97259	-238.93354	1119.39995	-336.32338	1193.00415	0.05861	-2.36536	-0.50686	-0.00658	-2.41907	-120.00308	0.06496	
270.0	8	19.04454	9.20034	-3.93599	-6.89357	-488.43841	1.38042	488.48901	21.14211	-0.37434	-26.87293	34.19478	0.07	-0.00093	-0.066	0.00019	-0.06601	-549.68548	64.72668	
271.0	1	24.25628	-3.78536	0.2943	-12648.9945	3022.10834	-153.2341	13005.90948	111.16078	493.31621	553.29053	749.56522	0.05763	1.28261	-0.30644	0.01554	1.3188	123.0727	0.06337	
271.0	2	24.33586	4.03196	0.26248	-19224.76959	-4117.25471	-207.31229	19661.80385	-187.03753	904.08741	-610.69587	1106.93564	0.0563	-2.27721	-0.4877	-0.02456	-2.32898	-120.84005	0.06129	
272.0	1	24.25211	-3.78998	0.48873	-13402.11605	3209.56521	-269.86503	13783.71687	86.09582	407.49376	570.69845	706.51283	0.05126	1.36924	-0.32791	0.02757	1.40823	121.88515	0.05409	
272.0	2	24.33354	4.02924	0.45663	-18430.06783	-3943.90812	-345.89891	18850.50285	-182.97916	910.42818	-631.18655	1122.83449	0.05957	-2.17306	-0.46502	-0.04078	-2.22263	-119.69143	0.06656	
273.0	1	24.24612	-3.79526	0.68289	-14240.72684	3420.24604	-400.94413	14651.18221	52.75174	288.70066	589.12005	658.17418	0.04492	1.46876	-0.35276	0.04135	1.51109	122.50109	0.04604	
273.0	2	24.32996	4.02524	0.65067	-17536.44751	-3748.41878	-469.06604	17938.7195	-182.3352	934.33682	-649.7463	1152.56308	0.06425	-2.05576	-0.43942	-0.05499	-2.10292	-120.34113	0.07558	
274.0	1	24.23844	-3.80124	0.87664	-15161.48507	3653.80711	-548.22256	15605.17491	18.67827	174.12096	643.92484	667.31266	0.04276	1.5813	-0.38108	0.05718	1.62758	122.25028	0.04346	
274.0	2	24.32514	4.01982	0.84405	-16582.91898	-3539.32168	-575.60912	16966.18182	-173.86951	928.93367	-702.78784	1177.73474	0.06942	-1.93049	-0.41203	-0.06701	-1.97511	-120.29524	0.09245	
275.0	1	24.22921	-3.80737	1.07008	-16239.81833	3928.5105	-717.04241	16723.60739	7.67996	147.29458	633.05472	650.00996	0.03887	1.71531	-0.41494	0.07574	1.76641	121.71791	0.03899	
275.0	2	24.31908	4.01323	1.03717	-15496.98112	-3301.63386	-661.12407	15858.57166	-150.8777	848.33261	-699.92116	1110.09996	0.07	-1.78914	-0.38118	-0.07633	-1.83089	-119.98369	0.11616	
276.0	1	24.21826	-3.81423	1.26274	-17369.90175	4219.93087	-905.56153	17898.08216	-0.12657	139.57972	652.87143	667.62536	0.0373	1.86015	-0.45191	0.09698	1.91671	121.91682	0.03725	
276.0	2	24.31185	4.00504	1.22982	-14356.8257	-3051.98257	-726.37721	14695.60021	-118.17795	726.86874	-718.26393	1028.69202	0.07	-1.64152	-0.34896	-0.08305	-1.68026	-120.54755	0.14319	
277.0	1	24.206	-3.82059	1.4546	-17862.85629	4358.57536	-1073.34913	18418.22175	-6.88491	138.39296	676.55548	690.59925	0.0375	1.93939	-0.47322	0.11653	1.99969	121.10235	0.03746	
277.0	2	24.30329	3.99595	1.42161	-13849.04464	-2936.9439	-810.13283	14180.19718	-96.93025	659.86083	-735.16688	992.61379	0.07	-1.56704	-0.33232	-0.09167	-1.60451	-119.89089	0.14689	
278.0	1	24.19266	-3.82522	1.64559	-17868.15218	4374.73611	-1215.32971	18436.00295	-17.77652	112.65807	666.88305	676.56548	0.0367	1.9595	-0.47975	0.13328	2.02177	120.3649	0.03658	
278.0	2	24.29295	3.98862	1.6123	-13821.83824	-2926.00122	-917.39432	14157.90619	-92.42961	665.13891	-728.85795	991.05343	0.07	-1.55134	-0.32841	-0.10297	-1.58906	-118.88054	0.11913	
279.0	1	24.17827	-3.8283	1.83567	-17893.59261	4392.40128	-1358.34207	18474.81905	-24.31887	105.14539	660.35843	669.11899	0.03622	1.97652	-0.48518	0.15004	2.04072	123.29632	0.03606	
279.0	2	24.28075	3.9833	1.80189	-13773.21091	-2912.5367	-1022.17658	14114.85224	-81.70355	643.59871	-732.93075	978.81676	0.06935	-1.53645	-0.3249	-0.11403	-1.57456	-121.48169	0.092	
280.0	1	24.16265	-3.8305	2.02486	-17942.24306	4413.76241	-1503.26049	18538.20856	-21.79288	138.60154	667.06159	681.65716	0.03677	1.99259	-0.49018	0.16695	2.05878	119.15338	0.03666	
280.0	2	24.26687	3.97931	1.99053	-13716.45347	-2898.77066	-1125.18119	14064.4943	-62.13029	576.95861	-729.00569	931.76752	0.06625	-1.52296	-0.32186	-0.12493	-1.5616	-117.36778	0.08045	
281.0	1	24.14576	-3.83213	2.2125	-18008.15108	4438.11123	-1649.74152	18620.20364	-23.36524	155.49654	673.3635	691.47922	0.03714	2.00815	-0.49491	0.18397	2.0764	117.21367	0.03706	
281.0	2	24.25145	3.97633	2.17766	-13645.09494	-2882.97808	-1225.38066	14000.06201	-43.44099	520.80415	-741.57407	907.22444	0.0648	-1.50939	-0.31891	-0.13555	-1.54866	-115.48745	0.07684	
282.0	1	24.1277	-3.83325	2.39892	-18071.5367	4460.95334	-1796.39974	18700.47046	-20.9313	185.80814	671.9786	697.50844	0.0373	2.02178	-0.49908	0.20098	2.09215	117.55669	0.03725	
282.0	2	24.23457	3.97382	2.36361	-13565.67696	-2866.1311	-1323.22232	13928.14475	-23.08302	446.47431	-730.42689	856.38518	0.06149	-1.49596	-0.31606	-0.14592	-1.53593	-115.79171	0.06998	
283.0	1	24.10835	-3.83425	2.5838	-18152.84564	4487.87949	-1945.19436	18800.28319	-27.03459	184.25352	677.39368	702.52574	0.03737	2.03642	-0.50346	0.21822	2.10905	116.78367	0.03732	
283.0	2	24.21628	3.97178	2.54808	-13462.29877	-2844.79867	-1416.73112	13832.33512	-6.96328	399.63558	-736.30129	837.79274	0.06057	-1.48079	-0.31291	-0.15583	-1.52149	-115.04981	0.06831	
284.0	1	24.0878	-3.83505	2.76724	-18244.38189	4517.11278	-2095.62852	18911.72751	-31.83996	187.68036	681.73996	707.81853	0.03743	2.05137	-0.5079	0.23563	2.1264	117.13009	0.03739	
284.0	2	24.1966	3.97037	2.73118	-13348.14257	-2821.80595	-1506.84197	13726.10912	10.99521	343.47609	-740.6142	816.4595	0.05948	-1.46488	-0.30968	-0.16537	-1.50636	-115.39905	0.06641	
285.0	1	24.06604	-3.83567	2.94918	-18349.62142	4549.69039	-2248.2966	19038.4644	-36.92583	184.5378	674.80635	700.55787	0.0368	2.06738	-0.5126	0.25331	2.14499	113.77076	0.03669	
285.0	2	24.17568	3.96916	2.91264	-13220.47472	-2796.26037	-1592.95495	13606.52525	25.44306	298.97355	-735.9764	794.79167	0.05841	-1.44776	-0.30622	-0.17444	-1.49003	-112.1182	0.06463	
285.0	24	20.28291	9.2002	-2.48781	-0.18639	-10.04988	0.022	10.05163	0.57216	-0.01151	-0.41074	0.70443	0.07	-1e-05	-0.00045	0.0	-0.00045	-508.12587	59.93627	
286.0	1	24.04315	-3.8363	3.12934	-18463.93015	4584.71805	-2402.8786	19175.7707	-42.87357	183.61023	679.77456	705.43909	0.03679	2.08422	-0.51753	0.27124	2.16457	114.04452	0.03668	
286.0	2	24.15355	3.96822	3.0925	-13088.82346	-2770.17925	-1675.98803	13483.3278	42.51498	245.80341	-738.30515	779.30824	0.0578	-1.43041	-0.30274	-0.18316	-1.47352	-112.40042	0.06364	
286.0	24	20.30643	9.2002	-2.44752	-0.33067	-17.75398	0.03833	17.7571	1.0219	-0.02056	-0.70769	1.24319	0.07	-1e-05	-0.00075	0.0	-0.00075	-509.30803	60.83448	
287.0	1	24.01906	-3.837	3.3079	-18572.59138	4618.68487	-2557.52935	19308.4012	-49.16137	179.98709	682.048	707.10796	0.03662	2.10031	-0.52231	0.28922	2.18352	114.40158	0.0365	
287.0	2	24.1303	3.96732	3.27068	-12949.62467	-2742.63775	-1755.3801	13352.76002	58.36283	188.41695	-724.9348	751.29064	0.05626	-1.41225	-0.2991	-0.19144	-1.45621	-112.74482	0.06124	
287.0	24	20.32919	9.2002	-2.40772	-0.36427	-19.47834	0.04148	19.48179	1.13255	-0.02279	-0.75642	1.36212	0.07	-1e-05	-0.00078	0.0	-0.00078	-510.81206	61.80266	
288.0	1	23.99389	-3.83781	3.48433	-18689.6896	4655.19126	-2713.84532	19450.97065	-60.96478	153.50984	683.17472	702.85821	0.03613	2.11737	-0.52739	0.30745	2.20362	112.37352	0.03596	
288.0	2	24.106	3.96641	3.44675	-12802.22218	-2713.43316	-1830.67929	13214.04551	73.98752	149.62891	-739.18611	757.79883	0.05735	-1.39318	-0.29529	-0.19922	-1.438	-110.80748	0.06292	
288.0	24	20.35187	9.2002	-2.36808	-0.36523	-19.44994	0.04085	19.45341	1.14462	-0.02304	-0.73729	1.36172	0.07	-1e-05	-0.00074	0.0	-0.00074	-501.81506	61.51646	
289.0	1	23.9677	-3.83863	3.65892	-18808.3747	4692.38269	-2871.16796	19596.3522	-70.43869	135.04285	682.1301	698.9275	0.03567	2.13446	-0.53251	0.32583	2.22388	112.32097	0.03545	
289.0	2	24.08067	3.96528	3.62114	-12648.21047	-2682.76385	-1902.11872	13068.76068	89.6202	99.96265	-736.92108	749.05073	0.05732	-1.3735	-0.29133	-0.20656	-1.41917	-110.7687	0.06287	
289.0	24	20.37398	9.2002	-2.32925	-0.37435	-19.85558	0.04112	19.85915	1.18047	-0.02378	-0.73391	1.39021	0.07	-1e-05	-0.00071	0.0	-0.00071	-501.5428	62.27287	
290.0	1	23.94048	-3.83947	3.83178	-18938.75216	4732.85685	-3030.9706	19755.07656	-81.50492	115.70674	689.95221	704.31893	0.03565	2.15297	-0.53804	0.34456	2.24577	110.02893	0.03544	
290.0	2	24.05437	3.96445	3.7935	-12494.37256	-2652.37897	-1970.5387	12923.91127	107.24797	46.17313	-742.16497	751.29417	0.05813	-1.35372	-0.28738	-0.2135	-1.40026	-108.57457	0.06417	
290.0	24	20.39598	9.2002	-2.29192	-0.32251	-17.0361	0.03479	17.03918	1.02292	-0.02062	-0.61317	1.1928	0.07	-1e-05	-0.00057	0.0	-0.00057	-491.37374	61.84045	
291.0	1	23.91232	-3.84035	4.00243	-19066.83298	4773.13438	-3191.11584	19912.56267	-98.9575	68.9066	694.33602	704.72918	0.03539	2.17126	-0.54355	0.36339	2.26757	108.76223	0.03515	
291.0	2	24.02708	3.96359	3.96376	-12325.91129	-2618.93474	-2033.51126	12764.09325	119.18532	17.9272	-745.51729	755.19703	0.05917	-1.33238	-0.2831	-0.21981	-1.37975	-107.37457	0.06588	
291.0	24	20.41778	9.2002	-2.25476	-0.29593	-15.56717	0.03134	15.57002	0.94326	-0.01903	-0.54571	1.0899	0.07	-1e-05	-0.00048	0.0	-0.00048	-485.74359	61.92912	
292.0	1	23.88333	-3.84107	4.17095	-19203.39241	4815.75347	-3353.31791	20080.00256	-110.25857	47.31093	699.35998	709.57709	0.03534	2.19065	-0.54936	0.38253	2.29065	108.79893	0.0351	
292.0	2	23.99898	3.96266	4.1319	-12154.9953	-2584.93137	-2092.78688	12601.80692	138.1385	-39.12941	-753.98314	767.53106	0.06091	-1.31077	-0.27875	-0.22568	-1.35896	-107.46179	0.06892	
292.0	24	20.4399	9.2002	-2.21682	-0.25885	-13.55862	0.0269	13.56111	0.82855	-0.01674	-0.46272	0.94915	0.07	-1e-05	-0.00039	0.0	-0.00039	-485.94712	62.74901	
293.0	1	23.85355	-3.84191	4.33727	-19337.60994	4858.21185	-3515.78078	20246.13778	-122.60703	18.57802	700.03875	710.93732	0.03511	2.20989	-0.55519	0.40178	2.31372	105.78045	0.03485	
293.0	2	23.97003	3.96158	4.29764	-11976.58027	-2549.29401	-2147.45127	12431.77067	153.62334	-88.04496	-752.25447	772.81229	0.06216	-1.28832	-0.27423	-0.231	-1.33729	-104.54737	0.07127	
293.0	24	20.46201	9.2002	-2.17809	-0.28932	-15.08976	0.0295	15.09257	0.92968	-0.01881	-0.50173	1.0566	0.07	-1e-05	-0.00039	0.0	-0.00039	-472.54232	61.77853	
294.0	1	23.82293	-3.84285	4.50132	-19476.08229	4902.23502	-3679.59976	20417.86336	-143.42992	-42.93113	701.977	717.76523	0.03515	2.22967	-0.56122	0.42125	2.33749	104.84062	0.0349	
294.0	2	23.94032	3.9603	4.46129	-11788.83303	-2511.55477	-2196.99335	12251.99051	163.39594	-108.22753	-753.04192	778.12824	0.06351	-1.26473	-0.26945	-0.2357	-1.31442	-103.66994	0.07399	
294.0	24	20.48457	9.2002	-2.13723	-0.28756	-14.93128	0.02876	14.93408	0.9266	-0.01878	-0.48362	1.04538	0.07	-1e-05	-0.00035	0.0	-0.00035	-468.38816	61.92105	
295.0	1	23.79166	-3.84367	4.66294	-19617.14659	4947.18284	-3844.42693	20593.36487	-161.53768	-91.23244	706.88426	730.8236	0.03549	2.25006	-0.56744	0.44095	2.36203	103.27503	0.03526	
295.0	2	23.90991	3.95907	4.62259	-11601.14902	-2473.84045	-2243.02292	12072.18692	177.46136	-144.21835	-758.78963	792.49805	0.06565	-1.24111	-0.26466	-0.23996	-1.2915	-102.20932	0.07888	
295.0	24	20.50728	9.2002	-2.09787	-0.28177	-14.56244	0.02762	14.56519	0.91002	-0.01848	-0.45939	1.01957	0.07	-1e-05	-0.0003	0.0	-0.0003	-461.52112	61.71127	
296.0	1	23.7597	-3.84461	4.82204	-19761.44794	4993.45213	-4010.4337	20773.37159	-180.80048	-146.28644	708.75248	745.93473	0.03591	2.27109	-0.57387	0.4609	2.38739	101.25451	0.03572	
296.0	2	23.87885	3.95782	4.78162	-11401.03795	-2433.4568	-2283.09095	11879.3048	189.78838	-176.69085	-759.41564	802.46583	0.06755	-1.21617	-0.25958	-0.24354	-1.26719	-100.3111	0.08431	
296.0	24	20.52991	9.2002	-2.06194	-0.24603	-12.65391	0.02363	12.65632	0.79615	-0.0162	-0.38833	0.88596	0.07	-0.0	-0.00022	0.0	-0.00022	-452.64377	61.25337	
297.0	1	23.72705	-3.84571	4.97869	-19904.18596	5039.86509	-4176.53414	20952.81118	-204.70839	-221.25304	708.59431	770.04177	0.03675	2.29193	-0.58033	0.48092	2.41268	99.80775	0.03664	
297.0	2	23.84722	3.95655	4.93829	-11196.97746	-2392.18723	-2318.67802	11682.08594	199.46501	-191.78804	-765.35521	813.84123	0.06967	-1.19087	-0.25442	-0.24661	-1.24247	-99.04905	0.0943	
297.0	24	20.55274	9.2002	-2.02384	-0.19043	-9.74594	0.01791	9.74781	0.61719	-0.01259	-0.29082	0.68239	0.07	-0.0	-0.00014	0.0	-0.00014	-446.47722	61.20427	
298.0	1	23.69371	-3.84706	5.13317	-20026.32279	5081.70365	-4338.52407	21111.61073	-256.64544	-414.09913	699.62397	852.53661	0.04038	2.30993	-0.58615	0.50043	2.43511	95.55474	0.04071	
298.0	2	23.81516	3.95533	5.09223	-10966.46731	-2345.25672	-2344.84397	11456.95979	184.63647	-88.03778	-775.46253	801.98717	0.07	-1.16242	-0.24859	-0.24855	-1.21441	-99.48174	0.41623	
298.0	24	20.57161	9.2002	-1.99604	-0.20287	-10.3277	0.01884	10.32971	0.65612	-0.01344	-0.30365	0.7231	0.07	-0.0	-0.00012	0.0	-0.00012	-437.80096	61.11449	
299.0	1	23.6598	-3.84853	5.2855	-20180.63323	5132.25612	-4507.99806	21305.39971	-292.89313	-551.42731	683.38596	925.67534	0.04345	2.33192	-0.59304	0.52091	2.46189	82.21187	0.04427	
299.0	2	23.78289	3.95394	5.24251	-10728.7908	-2296.62159	-2365.00391	11223.84365	174.21004	-25.34067	-765.69224	785.66907	0.07	-1.13311	-0.24255	-0.24978	-1.18539	-113.26835	2.30626	
299.0	24	20.55753	9.2002	-2.0849	-0.67539	-34.14872	0.0656	34.15546	2.14492	-0.04445	-1.05524	2.39086	0.07	-1e-05	-0.00043	0.0	-0.00043	-438.69893	64.8688	
300.0	1	23.62551	-3.85004	5.43535	-20348.13674	5186.59195	-4681.03755	21514.17015	-311.61188	-626.12438	660.80852	962.18585	0.04472	2.35585	-0.60049	0.54196	2.49085	81.24322	0.0458	
300.0	2	23.75029	3.95268	5.3894	-10502.97596	-2250.52682	-2383.49578	11002.65546	176.19598	-28.81583	-749.20686	770.18588	0.07	-1.10505	-0.23679	-0.25078	-1.15763	-109.70069	2.12202	
300.0	24	20.5193	9.2002	-2.24745	-1.12614	-56.49092	0.11843	56.50227	3.57978	-0.07489	-1.68014	3.95516	0.07	-2e-05	-0.00092	0.0	-0.00092	-428.40756	65.37789	
301.0	1	23.59085	-3.85169	5.58251	-20523.87334	5243.58396	-4856.48501	21732.69418	-332.20419	-705.1505	642.56369	1010.19055	0.04648	2.38116	-0.60836	0.56344	2.5214	81.49766	0.04794	
301.0	2	23.71723	3.95106	5.53403	-10277.83324	-2204.3212	-2398.37087	10781.70074	177.70645	-31.22436	-732.83442	754.71904	0.07	-1.07723	-0.23104	-0.25138	-1.13004	-106.44993	1.87595	
301.0	24	20.48436	9.2002	-2.38851	-1.55213	-77.24069	0.17452	77.25648	4.93398	-0.10414	-2.21144	5.4079	0.07	-3e-05	-0.00149	0.0	-0.00149	-421.58263	66.0309	
302.0	1	23.55583	-3.8532	5.72709	-20735.53927	5310.08823	-5041.09507	21990.27661	-353.34783	-790.51557	620.72828	1065.39812	0.04845	2.41112	-0.61745	0.58618	2.55702	80.91218	0.05041	
302.0	2	23.68392	3.94919	5.67648	-10061.55128	-2159.78007	-2411.60857	10569.54682	178.34384	-29.74465	-717.43556	739.86826	0.07	-1.05039	-0.22547	-0.25176	-1.10342	-104.9107	1.80789	
302.0	24	20.45171	9.2002	-2.5196	-2.02009	-99.71473	0.24038	99.73548	6.40763	-0.13648	-2.76846	6.98146	0.07	-4e-05	-0.00219	1e-05	-0.00219	-416.73156	67.0836	
303.0	1	23.5205	-3.85438	5.86905	-20913.92851	5368.18123	-5218.22697	22213.50194	-374.65155	-874.83469	601.57686	1125.87488	0.05068	2.43725	-0.62559	0.60812	2.58869	78.85838	0.05333	
303.0	2	23.6505	3.94715	5.81621	-9831.06975	-2112.03053	-2417.74242	10341.95745	179.44091	-33.30245	-700.55451	723.93695	0.07	-1.02187	-0.21953	-0.25131	-1.07498	-101.53616	1.71077	
303.0	24	20.42153	9.2002	-2.63788	-2.38648	-116.83016	0.29831	116.85491	7.54983	-0.16225	-3.14374	8.17981	0.07	-6e-05	-0.00283	1e-05	-0.00283	-404.49286	66.85383	
304.0	1	23.48502	-3.85574	6.00807	-21106.2374	5430.34998	-5399.14147	22452.45391	-391.35276	-954.99415	569.35567	1178.70127	0.0525	2.46498	-0.63421	0.63056	2.62221	77.54974	0.05578	
304.0	2	23.6169	3.94519	5.95319	-9589.52914	-2061.89336	-2417.31683	10102.17274	180.0603	-36.87447	-682.84896	707.15214	0.07	-0.99234	-0.21337	-0.25015	-1.04539	-100.63208	1.73837	
304.0	24	20.39396	9.20024	-2.74268	-2.96113	-143.78877	0.3861	143.81978	9.33229	-0.20231	-3.77085	10.06736	0.07	-8e-05	-0.00376	1e-05	-0.00376	-399.45551	67.73949	
305.0	1	23.44935	-3.85746	6.14424	-21274.5527	5487.11601	-5574.24316	22666.87498	-412.35662	-1041.79772	548.27849	1247.39319	0.05503	2.49021	-0.64227	0.65247	2.65318	76.1843	0.0594	
305.0	2	23.58289	3.94309	6.08773	-9350.96215	-2012.27539	-2413.87892	9864.91545	180.43209	-40.34263	-665.33294	690.54413	0.07	-0.96327	-0.20729	-0.24866	-1.01622	-97.26521	1.59525	
305.0	24	20.37027	9.20029	-2.83339	-3.33792	-160.77412	0.45091	160.8094	10.48322	-0.22913	-4.09436	11.25674	0.07	-9e-05	-0.00446	1e-05	-0.00446	-388.76014	67.2504	
306.0	1	23.4134	-3.8598	6.27806	-21142.70379	5467.24333	-5668.94987	22561.95173	-411.09864	-1054.56927	516.17143	1244.00618	0.05514	2.47925	-0.6411	0.66476	2.64568	76.67186	0.05955	
306.0	2	23.54883	3.94158	6.21926	-8982.34239	-1934.89229	-2372.36935	9489.7007	187.4872	-98.37974	-629.63214	664.27905	0.07	-0.92046	-0.19828	-0.24311	-0.97245	-94.34031	1.36834	
306.0	24	20.34773	9.20029	-2.91707	-3.7851	-180.85363	0.52753	180.89401	11.85424	-0.26106	-4.44431	12.66266	0.07	-0.00011	-0.00529	2e-05	-0.00529	-383.16076	67.43601	
307.0	1	23.37663	-3.86407	6.40934	-20804.12666	5395.36672	-5703.46781	22236.25898	-397.44801	-1038.313	467.51895	1206.08157	0.05424	2.44012	-0.63282	0.66896	2.6081	76.88492	0.05824	
307.0	2	23.5139	3.94397	6.34837	-8531.47293	-1841.65571	-2303.54506	9026.85139	191.93624	-164.94943	-578.98533	631.87961	0.07	-0.86822	-0.18742	-0.23442	-0.91864	-92.32284	1.24257	
307.0	24	20.32699	9.2003	-2.98491	-4.36581	-207.18755	0.62366	207.23448	13.64175	-0.30228	-4.92469	14.5066	0.07	-0.00013	-0.00636	2e-05	-0.00636	-378.7407	67.88648	
308.0	1	23.33972	-3.86965	6.5374	-20768.3389	5402.86067	-5816.83779	22233.99213	-413.69888	-1115.82636	440.64907	1269.01018	0.05708	2.43338	-0.63304	0.68155	2.60511	75.47451	0.06249	
308.0	2	23.47827	3.94857	6.47549	-8222.81983	-1779.91997	-2267.945	8713.57881	188.97294	-164.361	-556.1603	609.95048	0.07	-0.83007	-0.17968	-0.22894	-0.87962	-90.52979	1.21343	
308.0	24	20.30753	9.2003	-3.04155	-4.66731	-220.19922	0.68049	220.24973	14.54185	-0.32402	-5.11152	15.41746	0.07	-0.00015	-0.00709	2e-05	-0.00709	-371.06096	67.62587	
309.0	1	23.30313	-3.8746	6.66266	-20912.50003	5456.83271	-5979.04641	22424.51062	-441.53386	-1228.68377	422.95293	1372.40852	0.0612	2.44956	-0.63918	0.70035	2.62666	73.49504	0.06946	
309.0	2	23.44308	3.95142	6.59931	-7987.62218	-1732.9193	-2248.60476	8477.10686	184.77093	-144.3498	-545.10861	593.39747	0.07	-0.79999	-0.17356	-0.22521	-0.84901	-88.30842	1.18351	
309.0	24	20.2902	9.2003	-3.09455	-4.88842	-229.16503	0.72627	229.21831	15.17032	-0.34013	-5.21559	16.04546	0.07	-0.00016	-0.00766	2e-05	-0.00766	-361.26865	66.86026	
310.0	1	23.26664	-3.87864	6.78548	-21076.50337	5515.53208	-6146.38552	22636.65486	-466.13906	-1342.36229	393.84761	1474.56369	0.06514	2.46965	-0.64628	0.7202	2.65246	70.33232	0.07764	
310.0	2	23.40839	3.953	6.72031	-7752.48684	-1685.07436	-2225.72366	8239.80422	179.81724	-121.38315	-534.42895	576.78628	0.07	-0.77059	-0.16749	-0.22123	-0.81903	-86.02593	1.23383	
310.0	24	20.27399	9.2003	-3.14671	-5.24565	-244.18743	0.79368	244.24506	16.19629	-0.3657	-5.46651	17.09785	0.07	-0.00018	-0.00842	3e-05	-0.00842	-348.80228	65.68458	
311.0	1	23.23037	-3.8823	6.90529	-21238.64288	5573.648	-6312.81666	22847.25711	-491.51501	-1450.88416	372.63782	1576.55028	0.069	2.49066	-0.65362	0.7403	2.6793	70.02306	0.0901	
311.0	2	23.37412	3.95347	6.83839	-7520.94069	-1637.31077	-2200.48223	8005.46422	175.63768	-105.91014	-521.5006	560.3824	0.07	-0.74219	-0.16157	-0.21715	-0.79	-86.51447	1.28192	
311.0	24	20.25852	9.2003	-3.19645	-5.56756	-257.33343	0.85692	257.39508	17.10108	-0.38884	-5.65904	18.01729	0.07	-0.0002	-0.00913	3e-05	-0.00913	-348.95241	66.74228	
312.0	1	23.19465	-3.8855	7.02201	-21409.5237	5633.88285	-6481.40705	23067.66088	-497.51359	-1497.74094	341.50486	1614.73628	0.07	2.51321	-0.66135	0.76084	2.70785	68.29269	0.20238	
312.0	2	23.33992	3.95315	6.95399	-7289.31947	-1589.01734	-2171.89356	7770.21725	178.52684	-145.43515	-492.76825	543.91521	0.07	-0.71395	-0.15564	-0.21272	-0.76105	-84.0315	1.21762	
312.0	24	20.24359	9.2003	-3.24308	-6.11446	-280.51889	0.95614	280.58715	18.68761	-0.42789	-6.03025	19.64113	0.07	-0.00022	-0.01022	3e-05	-0.01022	-339.36313	65.78584	
313.0	1	23.15896	-3.88827	7.1365	-21598.72862	5698.98809	-6655.24786	23308.27895	-496.10328	-1524.12824	304.90395	1631.57953	0.07	2.53894	-0.66992	0.78233	2.7399	67.20845	0.36873	
313.0	2	23.3063	3.95163	7.06714	-7059.02544	-1540.31177	-2140.47365	7535.51777	181.19238	-201.46627	-452.57308	527.48623	0.07	-0.68627	-0.14975	-0.20809	-0.73259	-82.9506	1.22668	
313.0	24	20.22902	9.2003	-3.28268	-6.85316	-311.85228	1.08614	311.92946	20.82354	-0.48043	-6.55045	21.83481	0.07	-0.00026	-0.01168	4e-05	-0.01169	-334.40411	65.77143	
314.0	1	23.1236	-3.89128	7.2477	-21793.87081	5766.25707	-6830.54078	23555.86578	-490.90924	-1553.34715	255.00377	1648.9106	0.07	2.56611	-0.67895	0.80426	2.77357	64.86658	0.54632	
314.0	2	23.27339	3.94906	7.1767	-6826.3726	-1490.55538	-2105.14827	7297.44938	180.23653	-250.71799	-406.93224	510.82146	0.07	-0.65874	-0.14384	-0.20315	-0.7042	-80.73695	1.27558	
314.0	24	20.2147	9.2003	-3.31493	-7.76281	-350.28452	1.2437	350.37273	23.43882	-0.54501	-7.20096	24.52609	0.07	-0.0003	-0.01352	5e-05	-0.01353	-324.15746	64.6962	
315.0	1	23.08876	-3.89398	7.3563	-21986.74262	5832.99046	-7004.80438	23801.4267	-483.71875	-1581.57593	201.30218	1666.09988	0.07	2.59301	-0.68792	0.82611	2.80703	63.63797	0.6955	
315.0	2	23.24058	3.94586	7.28426	-6589.99803	-1439.62854	-2065.551	7054.58045	175.61522	-296.96782	-353.31038	493.82063	0.07	-0.63099	-0.13785	-0.19778	-0.67548	-78.4585	1.28671	
315.0	24	20.20072	9.2003	-3.33958	-8.80914	-393.93045	1.42309	394.0315	26.41479	-0.61929	-7.91518	27.58214	0.07	-0.00035	-0.01569	6e-05	-0.0157	-316.28248	63.82333	
316.0	1	23.05398	-3.89682	7.46199	-22186.27189	5902.12738	-7180.765	24054.71168	-472.68248	-1610.31782	136.86023	1683.82984	0.07	2.62137	-0.69735	0.84843	2.84214	61.7584	0.96216	
316.0	2	23.20864	3.94136	7.38902	-6349.02998	-1387.08616	-2021.41607	6805.90278	166.64101	-338.01458	-291.45579	476.41322	0.07	-0.60295	-0.13173	-0.19197	-0.64634	-76.67674	1.45369	
316.0	24	20.18757	9.2003	-3.35399	-10.06176	-445.67335	1.63384	445.78991	29.94714	-0.70816	-8.7432	31.20539	0.07	-0.00041	-0.01835	7e-05	-0.01835	-308.10852	63.07362	
317.0	1	23.01964	-3.89982	7.56501	-22387.59697	5972.23829	-7356.76711	24310.37126	-457.09338	-1638.04401	61.22707	1701.72598	0.07	2.65	-0.70693	0.87082	2.8776	60.79392	1.26016	
317.0	2	23.177	3.9356	7.49099	-6100.48736	-1332.4119	-1971.7788	6548.21954	151.98765	-373.60796	-217.77241	458.37537	0.07	-0.57457	-0.12549	-0.18571	-0.61674	-74.08825	1.61284	
317.0	24	20.17562	9.2003	-3.35554	-11.56184	-507.06107	1.87968	507.19635	34.14629	-0.81451	-9.6894	35.50376	0.07	-0.00049	-0.0216	8e-05	-0.0216	-300.21468	62.03358	
318.0	1	22.98584	-3.90267	7.66491	-22601.79667	6046.17877	-7536.47285	24580.39694	-434.96207	-1664.45633	-30.87337	1720.62781	0.07	2.68057	-0.71708	0.89382	2.91523	60.3106	1.8039	
318.0	2	23.14633	3.9281	7.5904	-5848.31934	-1276.31058	-1917.92035	6285.71605	129.40453	-400.5813	-128.02035	440.00014	0.07	-0.54588	-0.11913	-0.17902	-0.58671	-71.10352	2.03657	
318.0	24	20.16628	9.2003	-3.33528	-13.45652	-583.70379	2.17566	583.86293	39.42234	-0.94886	-10.74087	40.87038	0.07	-0.00059	-0.02575	0.0001	-0.02576	-292.56976	61.06613	
319.0	1	22.95236	-3.90608	7.76198	-22911.76172	6146.94878	-7747.84252	24955.21726	-401.32117	-1692.93603	-156.35528	1746.86521	0.07	2.72272	-0.73047	0.92072	2.96556	62.76903	3.39951	
319.0	2	23.11608	3.91881	7.68781	-5597.94344	-1220.05452	-1861.70056	6024.23711	92.0544	-411.46436	-7.14743	421.6966	0.07	-0.51765	-0.11282	-0.17215	-0.55707	-64.9308	3.46279	
319.0	24	20.16277	9.2003	-3.27037	-16.19227	-693.97052	2.56704	694.16415	47.15447	-1.14343	-11.67395	48.59149	0.07	-0.00074	-0.03179	0.00012	-0.0318	-284.41741	59.88805	
320.0	1	22.91957	-3.91188	7.85442	-23028.17502	6200.28605	-7891.26263	25119.96055	-348.86321	-1694.69029	-313.49629	1758.39718	0.07	2.74135	-0.7381	0.9394	2.99036	113.22024	17.50498	
320.0	2	23.08756	3.90265	7.7835	-5300.35893	-1151.33339	-1786.99849	5710.75625	36.24347	-374.86934	134.02147	399.75288	0.07	-0.48507	-0.10536	-0.16354	-0.52262	-10.54996	18.15923	
320.0	24	20.20524	9.20028	-2.8856	-20.51827	-862.7149	2.85759	862.9636	60.37172	-1.44081	-1.49816	60.40749	0.07	-0.00098	-0.04118	0.00014	-0.04119	-276.00531	58.8029	
321.0	1	22.88715	-3.92252	7.94015	-22719.35266	6145.77231	-7881.53039	24820.51619	-340.30066	-1672.80096	-323.44518	1737.43615	0.07	2.70447	-0.73158	0.9382	2.95459	117.35874	16.60423	
321.0	2	23.05953	3.87966	7.88088	-4994.31055	-1079.0489	-1706.87352	5387.10512	25.05907	-346.8143	145.92576	377.09739	0.07	-0.22268	-0.04811	-0.0761	-0.2402	-2.01451	17.67177	
321.0	21	20.30632	9.2002	-1.88416	-23.72467	-970.75254	2.11905	971.04472	67.9438	-1.65806	1.12432	67.97333	0.07	-0.00118	-0.04829	0.00011	-0.04831	-266.52907	51.7879	
322.0	1	22.85528	-3.93379	8.02319	-22271.82951	6052.18992	-7818.02652	24367.70263	-329.59428	-1640.52557	-331.04322	1705.73918	0.07	2.64724	-0.71937	0.92926	2.89636	114.626	13.99783	
322.0	2	23.0315	3.85964	7.97488	-4689.96066	-1008.72452	-1623.96963	5064.63558	15.23368	-318.91775	154.10067	354.52449	0.07	-0.17352	-0.03732	-0.06008	-0.18738	-1.70253	15.39087	
322.0	16	20.35382	9.2001	-0.97244	-26.49456	-1061.66741	1.17495	1061.9986	74.29991	-1.85245	1.58499	74.3399	0.07	-0.00137	-0.05488	6e-05	-0.0549	-259.95231	45.48504	
323.0	1	22.82394	-3.94428	8.10396	-22334.91051	6094.98604	-7929.82382	24472.00826	-331.04214	-1647.28466	-333.72498	1713.04057	0.07	2.64937	-0.72299	0.94064	2.90288	109.783	12.38335	
323.0	2	23.00415	3.83926	8.06611	-4492.3175	-961.79245	-1575.23597	4856.67886	8.96875	-300.83379	158.10279	339.9675	0.07	-0.16649	-0.03564	-0.05838	-0.17999	-1.75874	13.83214	
323.0	16	20.36005	9.2	-0.14272	-29.65432	-1169.16531	0.10586	1169.54132	81.81446	-2.07492	2.12538	81.86836	0.07	-0.00159	-0.06268	1e-05	-0.0627	-249.51255	39.98277	
324.0	1	22.79365	-3.95383	8.18196	-22483.33912	6160.25044	-8070.3219	24669.40046	-332.71563	-1660.00225	-340.19351	1726.85807	0.07	2.66402	-0.72992	0.95624	2.92304	106.21675	10.9458	
324.0	2	22.97743	3.81717	8.15508	-4318.15247	-919.74648	-1532.55894	4673.44746	3.07814	-284.24612	161.91383	327.14129	0.07	-0.25537	-0.05439	-0.09064	-0.27639	-3.05773	12.43345	
324.0	16	20.33474	9.19992	0.61916	-32.94167	-1280.14506	-1.11788	1280.56932	89.59596	-2.30694	1.59194	89.63979	0.07	-0.00183	-0.07103	-6e-05	-0.07106	-244.76705	35.80135	
325.0	1	22.76404	-3.96203	8.25807	-22575.48184	6208.31859	-8189.20009	24804.40683	-334.76924	-1668.97059	-342.39293	1736.30821	0.07	2.67289	-0.73505	0.96959	2.93679	99.44782	9.37772	
325.0	2	22.95168	3.79541	8.24016	-4114.76146	-871.94058	-1477.36382	4458.04285	-1.46651	-266.93851	161.63172	312.0627	0.07	-0.34542	-0.0732	-0.12402	-0.37424	-5.54476	10.84048	
325.0	20	20.28578	9.1999	1.30221	-36.14113	-1387.45348	-2.44571	1387.92627	97.1221	-2.52935	-0.30722	97.15552	0.07	-0.00207	-0.07959	-0.00014	-0.07962	-235.51566	31.65821	
326.0	1	22.73514	-3.96944	8.3319	-22698.29894	6263.96848	-8318.13398	24972.8138	-343.31951	-1682.02306	-329.806	1748.09664	0.07	2.68683	-0.74148	0.98463	2.95607	89.27947	7.59887	
326.0	2	22.92625	3.77416	8.32294	-3922.84571	-827.07534	-1424.10002	4254.50737	-2.62492	-254.32633	154.93589	297.81521	0.07	-0.3305	-0.06968	-0.11998	-0.35844	-13.19187	8.83274	
326.0	20	20.22521	9.1998	1.86509	-39.2453	-1490.26257	-3.75549	1490.78397	104.07545	-2.72283	-7.12132	104.35433	0.07	-0.00232	-0.08824	-0.00022	-0.08827	-230.1804	28.88374	
327.0	1	22.70696	-3.97501	8.40477	-22610.73235	6257.81828	-8368.74003	24908.65947	-350.52519	-1679.81636	-309.04941	1743.60616	0.07	2.67533	-0.74043	0.9902	2.94722	65.02765	3.81093	
327.0	2	22.9011	3.759	8.40058	-4094.8257	-860.47176	-1502.07144	4445.69767	8.10169	-278.95175	137.71322	311.19873	0.07	-0.34104	-0.07166	-0.1251	-0.37026	-33.35023	4.28988	
327.0	14	-22.2068	-5.83906	-8.11709	167.31841	66.41411	61.16896	190.12608	4.34383	0.62848	-12.56427	13.30883	0.07	-0.00174	-0.00069	-0.00064	0.00198	68.27525	185.82914	
327.0	20	20.17611	9.1998	2.19311	-39.80982	-1499.89685	-4.46606	1500.43171	101.38414	-2.60959	-27.30994	105.03041	0.07	-0.00243	-0.09144	-0.00027	-0.09148	-221.13852	26.78424	
328.0	1	22.67951	-3.97838	8.4758	-22535.719	6250.79037	-8421.72821	24856.71976	-347.77964	-1675.83978	-313.22061	1739.97034	0.07	2.66601	-0.73948	0.9963	2.94059	60.51405	3.03672	
328.0	2	22.87607	3.7491	8.47437	-4216.71676	-884.49578	-1562.09966	4582.92356	9.26157	-289.12027	138.70578	320.80461	0.07	-0.3485	-0.0731	-0.1291	-0.37876	-35.70802	3.37941	
328.0	14	-22.19837	-5.78568	-8.19577	326.93944	128.94073	120.72191	371.60313	8.69894	0.8804	-24.49884	26.0123	0.07	-0.00496	-0.00195	-0.00183	0.00563	69.34296	181.56236	
328.0	20	20.14128	9.1998	2.36671	-40.85109	-1531.29163	-4.94213	1531.84441	102.19985	-2.62205	-32.3458	107.22842	0.07	-0.00256	-0.09589	-0.00031	-0.09593	-216.43252	25.65056	
329.0	1	22.65311	-3.98123	8.54435	-22508.63051	6255.42953	-8489.5937	24856.42869	-337.45299	-1673.09337	-338.0978	1739.95001	0.07	2.66211	-0.73983	1.00407	2.93978	58.70009	2.85227	
329.0	2	22.85097	3.74255	8.54519	-4269.59155	-894.85283	-1596.66961	4645.377	3.61673	-287.67565	151.55634	325.17639	0.07	-0.35116	-0.0736	-0.13132	-0.38207	-32.86472	3.20418	
329.0	14	-22.18497	-5.74959	-8.26938	459.76366	180.54985	171.39237	522.83479	12.43364	1.00015	-34.40708	36.5984	0.07	-0.00832	-0.00327	-0.0031	0.00946	64.66621	172.93385	
329.0	20	20.10731	9.1998	2.52381	-42.50129	-1587.2711	-5.48132	1587.84947	105.74174	-2.71348	-34.1406	111.14972	0.07	-0.00273	-0.10192	-0.00035	-0.10196	-206.04275	23.75695	
330.0	1	22.62746	-3.98325	8.61042	-22427.50047	6243.3607	-8533.97494	24795.18216	-325.70293	-1665.79572	-362.72204	1735.66271	0.07	2.65113	-0.73802	1.00879	2.93101	59.6169	2.89766	
330.0	2	22.82643	3.73734	8.61377	-4293.6767	-899.48934	-1620.25507	4676.53367	-1.28071	-284.75654	161.4773	327.35736	0.07	-0.35179	-0.0737	-0.13275	-0.38316	-31.06323	3.2928	
330.0	14	-22.16694	-5.72898	-8.33851	582.6297	228.43967	219.18653	663.08731	15.92631	1.19722	-43.58221	46.41648	0.07	-0.01169	-0.00458	-0.0044	0.01331	62.52875	171.47468	
330.0	20	20.0717	9.1998	2.68456	-44.04138	-1640.30458	-6.04131	1640.90684	109.34568	-2.80676	-35.05742	114.86243	0.07	-0.0029	-0.10789	-0.0004	-0.10793	-204.13023	22.99893	
331.0	1	22.60267	-3.98542	8.67372	-22307.2876	6220.13004	-8560.11221	24689.68649	-317.45204	-1656.62674	-376.50671	1728.27812	0.07	2.63551	-0.73488	1.01134	2.91698	58.54122	2.95034	
331.0	2	22.80248	3.73297	8.67917	-4263.2654	-892.91981	-1622.79457	4648.24697	-7.48284	-276.29436	171.68536	325.37737	0.07	-0.34825	-0.07294	-0.13256	-0.37969	-26.68684	3.43683	
331.0	14	-22.15174	-5.70184	-8.40632	682.14423	266.54813	258.88906	776.78324	18.82625	1.34882	-50.99382	54.37478	0.07	-0.015	-0.00586	-0.00569	0.01708	56.16686	161.41811	
331.0	20	20.03284	9.19973	2.85905	-45.64273	-1696.08281	-6.67062	1696.70995	113.52732	-2.91833	-34.77498	118.76982	0.07	-0.00307	-0.11418	-0.00045	-0.11422	-191.9142	20.98144	
332.0	1	22.57875	-3.9878	8.73467	-22255.0659	6215.51466	-8609.08051	24658.40319	-312.3702	-1653.11937	-386.00735	1726.0882	0.07	2.62756	-0.73384	1.01644	2.91131	56.9548	2.88888	
332.0	2	22.77862	3.73008	8.74309	-4237.73125	-887.73782	-1626.54213	4625.15772	-11.6286	-270.30456	177.82415	323.76103	0.07	-0.34531	-0.07234	-0.13254	-0.37688	-23.8501	3.43313	
332.0	14	-22.13565	-5.67919	-8.47169	776.35672	302.58452	297.1397	884.63504	21.64477	1.42203	-58.00082	61.92425	0.07	-0.01829	-0.00713	-0.007	0.02084	51.69529	153.17135	
332.0	20	19.99044	9.1997	3.04533	-47.26065	-1753.33746	-7.36152	1753.98974	117.47816	-3.01728	-35.5606	122.77939	0.07	-0.00325	-0.12076	-0.00051	-0.1208	-181.97213	19.33345	
333.0	1	22.55544	-3.98974	8.79297	-22163.5712	6199.18745	-8639.75688	24582.49809	-309.14607	-1647.46655	-389.03559	1720.77483	0.07	2.61455	-0.7313	1.0192	2.89991	55.4587	2.82876	
333.0	2	22.75587	3.72749	8.80398	-4220.57537	-884.34877	-1632.88054	4611.0333	-11.59699	-270.13625	176.27784	322.7723	0.07	-0.34298	-0.07187	-0.1327	-0.37471	-23.22352	3.34895	
333.0	14	-22.11834	-5.66151	-8.53356	869.89635	338.47843	335.63452	991.93641	24.3904	1.7572	-64.98703	69.43554	0.07	-0.0217	-0.00844	-0.00837	0.02474	50.21685	149.19031	
333.0	20	19.94619	9.1997	3.23236	-48.47617	-1795.8121	-8.0214	1796.48417	120.03188	-3.0732	-37.37518	125.75373	0.07	-0.00341	-0.12643	-0.00056	-0.12648	-177.20466	18.52124	
334.0	1	22.53304	-3.99184	8.84873	-22082.73768	6185.74024	-8671.57097	24517.48007	-305.52227	-1642.3274	-393.49762	1716.22362	0.07	2.60313	-0.72918	1.02221	2.89014	53.74284	2.72356	
334.0	2	22.73381	3.72458	8.86201	-4180.46602	-876.04419	-1629.68306	4571.60984	-13.80875	-265.48927	178.1373	320.0127	0.07	-0.33892	-0.07102	-0.13212	-0.37063	-21.81855	3.25119	
334.0	14	-22.1019	-5.64407	-8.59296	951.42101	369.56277	369.92602	1085.64444	26.91477	1.82519	-71.0461	75.99529	0.07	-0.02498	-0.0097	-0.00971	0.0285	47.6503	143.32757	
334.0	20	19.90135	9.1997	3.41296	-49.87503	-1845.08934	-8.72294	1845.78392	123.05804	-3.14084	-39.2516	129.20462	0.07	-0.00359	-0.13267	-0.00063	-0.13272	-170.19424	17.35929	
335.0	1	22.51144	-3.99429	8.90224	-21976.27945	6165.07111	-8690.22043	24423.04017	-300.40485	-1634.77113	-400.07033	1709.61282	0.07	2.58826	-0.72609	1.02349	2.87643	51.87689	2.58387	
335.0	2	22.71214	3.72261	8.91848	-4121.69891	-864.03764	-1618.43907	4511.57489	-15.88013	-259.65382	179.06376	315.81025	0.07	-0.33332	-0.06987	-0.13088	-0.36485	-20.39567	3.14504	
335.0	14	-22.08697	-5.62469	-8.65033	1023.59394	396.64552	400.92248	1168.67919	29.23147	1.77432	-76.38618	81.80755	0.07	-0.02815	-0.01091	-0.01103	0.03214	44.97283	137.0849	
335.0	20	19.85584	9.1997	3.58787	-51.22205	-1893.00553	-9.43041	1893.72188	126.02573	-3.20592	-40.98198	132.56049	0.07	-0.00376	-0.13894	-0.00069	-0.13899	-162.78174	16.22712	
336.0	1	22.49044	-3.99656	8.95335	-21841.00807	6135.8225	-8694.38221	24295.47763	-297.97112	-1626.12548	-399.06546	1700.68342	0.07	2.56928	-0.72179	1.02277	2.85802	49.33407	2.45132	
336.0	2	22.69153	3.72124	8.9719	-4082.82181	-856.31223	-1614.26486	4473.0924	-14.8197	-259.22846	174.99401	313.11646	0.07	-0.32918	-0.06904	-0.13015	-0.36064	-19.89661	2.97897	
336.0	14	-22.07172	-5.60762	-8.70518	1098.4337	424.83007	433.25785	1254.89025	31.55591	1.98978	-81.95441	87.84225	0.07	-0.03149	-0.01218	-0.01242	0.03597	43.29541	131.32817	
336.0	20	19.81026	9.19965	3.75518	-52.16097	-1926.04953	-10.06575	1926.782	127.69122	-3.23177	-43.30937	134.87473	0.07	-0.0039	-0.14418	-0.00075	-0.14424	-155.91377	15.35662	
337.0	1	22.47031	-3.999	9.00202	-21781.92333	6127.89864	-8725.94702	24251.7108	-296.12436	-1622.90327	-400.50996	1697.61977	0.07	2.55947	-0.72006	1.02534	2.84969	46.89509	2.38232	
337.0	2	22.67178	3.71911	9.02256	-4042.19134	-848.00082	-1608.71748	4432.42464	-14.65461	-257.45705	172.53528	310.26974	0.07	-0.32487	-0.06815	-0.12929	-0.35624	-18.5768	2.87237	
337.0	14	-22.05722	-5.59089	-8.75782	1165.66446	450.03983	462.84623	1332.49245	33.64513	2.2938	-86.96458	93.2743	0.07	-0.03474	-0.01341	-0.0138	0.03972	40.61234	124.23752	
337.0	20	19.7652	9.19963	3.91301	-53.33229	-1967.57494	-10.74039	1968.32691	130.13446	-3.28092	-45.14929	137.78317	0.07	-0.00407	-0.15013	-0.00082	-0.15019	-147.4462	14.2732	
338.0	1	22.45113	-4.00109	9.04854	-21835.35202	6151.10571	-8800.13668	24332.30579	-297.82572	-1628.74683	-399.4784	1703.2614	0.07	2.56397	-0.72228	1.03334	2.85717	44.61127	2.30243	
338.0	2	22.65272	3.7164	9.07164	-4048.05916	-849.26711	-1621.1158	4442.52789	-12.87469	-260.85545	168.80563	310.97695	0.07	-0.32453	-0.06808	-0.12996	-0.35615	-18.38713	2.71172	
338.0	14	-22.04239	-5.57856	-8.80713	1244.75889	480.14176	497.38096	1423.84993	36.07262	2.69064	-92.87369	99.66944	0.07	-0.03833	-0.01478	-0.01531	0.04384	39.51213	119.53757	
338.0	20	19.72094	9.19963	4.06145	-54.56495	-2010.87547	-11.42272	2011.64808	132.15262	-3.31036	-48.5149	140.81537	0.07	-0.00424	-0.15628	-0.00089	-0.15634	-141.88409	13.58315	
339.0	1	22.43276	-4.00265	9.09312	-21885.87365	6172.7501	-8871.03721	24408.8019	-299.46933	-1634.31308	-398.38164	1708.61612	0.07	2.56876	-0.7245	1.0412	2.86488	42.02912	2.2328	
339.0	2	22.63454	3.71383	9.11843	-4058.88738	-851.57825	-1635.07748	4457.94018	-10.2329	-265.48999	163.67401	312.05581	0.07	-0.32478	-0.06814	-0.13083	-0.35671	-17.87792	2.57096	
339.0	14	-22.02738	-5.56817	-8.85427	1322.43069	509.8467	531.58503	1513.72033	38.43454	3.209	-98.69186	105.96035	0.07	-0.04192	-0.01616	-0.01685	0.04798	37.91451	113.68381	
339.0	20	19.67812	9.1996	4.19818	-55.69164	-2049.80963	-12.06933	2050.60156	134.01627	-3.33899	-51.31112	143.54212	0.07	-0.00441	-0.16215	-0.00095	-0.16222	-134.93444	12.82498	
340.0	1	22.41525	-4.00358	9.13533	-21925.88835	6190.66732	-8935.5228	24472.68905	-301.28808	-1639.15153	-396.33193	1713.08822	0.07	2.57316	-0.72652	1.04865	2.87204	39.45686	2.17065	
340.0	2	22.61767	3.71049	9.16217	-4084.82144	-856.82336	-1654.74139	4489.77522	-6.84262	-271.8079	157.63325	314.28426	0.07	-0.32637	-0.06846	-0.13221	-0.35873	-17.47536	2.42932	
340.0	14	-22.01294	-5.55889	-8.89853	1402.95784	540.76343	567.14903	1606.97661	40.83191	3.91891	-104.74258	112.48827	0.07	-0.0457	-0.01762	-0.01847	0.05235	36.48287	108.06582	
340.0	20	19.63758	9.1996	4.3219	-56.66661	-2082.34668	-12.66219	2083.15605	135.39207	-3.35574	-54.05063	145.82093	0.07	-0.00456	-0.16751	-0.00102	-0.16758	-128.26462	12.15042	
341.0	1	22.39871	-4.00426	9.17533	-21986.70492	6214.06611	-9006.30159	24558.97554	-301.92113	-1644.96653	-397.90805	1719.12829	0.07	2.58099	-0.72946	1.05724	2.88295	37.64175	2.15431	
341.0	2	22.60151	3.70629	9.20383	-4071.61311	-853.61092	-1658.12223	4478.39863	-6.25897	-272.1469	155.47204	313.4879	0.07	-0.32499	-0.06813	-0.13235	-0.35746	-16.28149	2.37914	
341.0	14	-21.99946	-5.549	-8.94089	1463.93448	564.0395	594.9667	1677.86474	42.68769	4.52562	-109.32478	117.45054	0.07	-0.049	-0.01888	-0.01991	0.05616	34.28854	102.44415	
341.0	20	19.59794	9.1996	4.4393	-57.96386	-2126.17296	-13.32493	2127.00466	138.02851	-3.41373	-55.72079	148.89033	0.07	-0.00474	-0.17381	-0.00109	-0.17388	-121.53285	11.37754	
342.0	1	22.38302	-4.00493	9.21326	-22043.69203	6236.19909	-9073.35849	24640.21858	-302.88751	-1650.56839	-398.58605	1724.81526	0.07	2.58863	-0.73233	1.0655	2.89354	35.64684	2.08607	
342.0	2	22.58603	3.70208	9.24381	-4054.95526	-849.63812	-1659.58655	4463.04544	-5.49803	-272.39197	152.8868	312.41316	0.07	-0.32338	-0.06776	-0.13235	-0.35592	-15.31366	2.29165	
342.0	14	-21.98687	-5.53933	-8.98083	1521.31765	585.91979	621.41101	1744.66645	44.51359	4.92299	-113.6185	122.12641	0.07	-0.05223	-0.02012	-0.02134	0.0599	32.3289	96.87507	
342.0	20	19.55889	9.1996	4.55172	-59.22154	-2168.26959	-13.98077	2169.12325	140.39507	-3.46238	-57.72526	151.83863	0.07	-0.00492	-0.18002	-0.00116	-0.18009	-114.89979	10.65565	
343.0	1	22.36813	-4.00563	9.24919	-22101.85737	6258.49337	-9138.74422	24722.00405	-304.03223	-1656.25116	-398.95634	1730.54028	0.07	2.59639	-0.73521	1.07356	2.90419	33.64947	2.00687	
343.0	2	22.5713	3.69864	9.28152	-4035.65397	-845.27779	-1659.44941	4444.63383	-4.69511	-272.43321	150.18812	311.12437	0.07	-0.3216	-0.06736	-0.13224	-0.35419	-14.37111	2.20216	
343.0	14	-21.97491	-5.52989	-9.01849	1573.98583	605.91251	645.9802	1806.05974	46.21981	5.26257	-117.55467	126.42415	0.07	-0.05535	-0.02131	-0.02272	0.06351	30.39417	91.32967	
343.0	20	19.52091	9.1996	4.65764	-60.44887	-2209.15433	-14.62514	2210.02959	142.7203	-3.51072	-59.59296	154.70207	0.07	-0.00509	-0.18617	-0.00123	-0.18625	-108.30251	9.96418	
344.0	1	22.35397	-4.006	9.2829	-22138.13573	6274.05539	-9192.88168	24778.41598	-305.94445	-1660.59672	-396.57163	1734.48913	0.07	2.60138	-0.73724	1.08023	2.91164	31.37003	1.93278	
344.0	2	22.55765	3.69509	9.3166	-4044.52793	-846.75342	-1670.43008	4457.07687	-1.79725	-276.50296	144.51299	311.99538	0.07	-0.32203	-0.06742	-0.133	-0.35488	-13.78068	2.08431	
344.0	14	-21.96406	-5.51933	-9.05415	1634.71756	628.79378	673.89667	1876.65123	48.04827	5.96277	-122.1177	131.36561	0.07	-0.05887	-0.02264	-0.02427	0.06758	28.81454	85.909	
344.0	20	19.48444	9.1996	4.75613	-61.35958	-2238.19541	-15.18211	2239.08781	143.96514	-3.5271	-61.86936	156.73615	0.07	-0.00524	-0.19132	-0.0013	-0.19139	-101.86261	9.35983	
345.0	1	22.3407	-4.00625	9.3145	-22180.67785	6291.07657	-9247.41463	24840.99015	-307.49358	-1665.19034	-395.29144	1738.86931	0.07	2.60778	-0.73964	1.08722	2.92056	29.41962	1.88294	
345.0	2	22.54492	3.69098	9.34936	-4037.60273	-844.75214	-1674.4461	4451.92225	-0.04766	-278.18597	140.45876	311.63456	0.07	-0.32127	-0.06722	-0.13323	-0.35423	-12.89265	2.00703	
345.0	14	-21.95421	-5.5085	-9.08765	1685.51951	647.76409	697.73612	1935.82282	49.60535	6.56936	-125.93039	135.5076	0.07	-0.06211	-0.02387	-0.02571	0.07133	26.96659	80.56743	
345.0	20	19.44977	9.19954	4.84657	-62.36418	-2270.29203	-15.74671	2271.20302	145.68744	-3.56121	-63.54893	158.98421	0.07	-0.0054	-0.19673	-0.00136	-0.19681	-95.49817	8.7291	
346.0	1	22.32831	-4.00648	9.344	-22228.39309	6309.30845	-9301.88417	24908.51023	-308.86592	-1670.02124	-394.66048	1743.59571	0.07	2.61481	-0.74219	1.09422	2.93008	27.45124	1.80554	
346.0	2	22.53289	3.68682	9.38022	-4020.71959	-840.62901	-1673.85517	4435.6098	0.99138	-278.41437	137.44148	310.49268	0.07	-0.31974	-0.06685	-0.13311	-0.35273	-11.96348	1.91277	
346.0	14	-21.94503	-5.49801	-9.11923	1729.55032	664.10561	718.7463	1987.20327	51.01332	6.99973	-129.22314	139.10418	0.07	-0.06511	-0.025	-0.02706	0.0748	25.06256	75.10095	
346.0	20	19.41625	9.19954	4.9316	-63.41502	-2303.95664	-16.31583	2304.88695	147.49996	-3.59752	-65.28465	161.34208	0.07	-0.00557	-0.20229	-0.00143	-0.20237	-88.99598	8.08424	
347.0	1	22.31674	-4.0068	9.3715	-22270.13046	6325.68797	-9351.65242	24968.50901	-310.35592	-1674.39875	-393.51947	1747.79562	0.07	2.62109	-0.7445	1.10065	2.93867	25.41487	1.70606	
347.0	2	22.5216	3.68276	9.40923	-4006.95331	-837.15403	-1674.08116	4422.56141	2.19522	-278.95166	134.24043	309.57929	0.07	-0.31846	-0.06653	-0.13305	-0.35149	-11.11402	1.80225	
347.0	14	-21.9362	-5.48901	-9.14865	1771.22034	679.64665	738.72012	2035.8901	52.40587	7.25535	-132.32808	142.51223	0.07	-0.06795	-0.02608	-0.02834	0.07811	23.24591	69.63606	
347.0	20	19.38433	9.19954	5.01008	-64.38163	-2334.60534	-16.85135	2335.55369	149.01813	-3.6248	-67.14935	163.48876	0.07	-0.00572	-0.20756	-0.0015	-0.20765	-82.51318	7.46061	
348.0	1	22.30596	-4.00723	9.39703	-22308.43369	6340.95142	-9397.75567	25023.82246	-311.5414	-1678.36433	-392.90508	1751.66756	0.07	2.62677	-0.74663	1.10657	2.94651	23.53288	1.60476	
348.0	2	22.51109	3.67942	9.43605	-3996.12772	-834.44615	-1675.06751	4412.61694	3.37812	-279.60158	131.22639	308.88318	0.07	-0.31743	-0.06628	-0.13306	-0.35052	-10.35416	1.69452	
348.0	14	-21.92786	-5.48109	-9.17581	1810.88208	694.47942	757.78058	2082.26487	53.76353	7.41741	-135.2775	145.75849	0.07	-0.07067	-0.0271	-0.02957	0.08126	21.59985	64.62054	
348.0	20	19.35425	9.19954	5.08159	-65.275	-2362.75581	-17.35239	2363.721	150.36883	-3.64786	-68.94254	165.46046	0.07	-0.00587	-0.21259	-0.00156	-0.21268	-76.56903	6.89902	
349.0	1	22.29601	-4.00771	9.42052	-22344.75616	6355.42517	-9440.81029	25076.05344	-313.07238	-1682.23088	-391.46709	1755.32377	0.07	2.63177	-0.74854	1.11194	2.95347	21.61093	1.50989	
349.0	2	22.50138	3.67651	9.46076	-3982.08893	-831.14667	-1674.24932	4398.97122	4.76316	-280.14118	127.74148	307.928	0.07	-0.31611	-0.06598	-0.13291	-0.34921	-9.49757	1.59698	
349.0	14	-21.92016	-5.47357	-9.20065	1844.32441	706.934	774.14227	2121.4581	54.88262	7.68868	-137.77408	148.50224	0.07	-0.0731	-0.02802	-0.03068	0.08409	19.81458	59.34587	
349.0	20	19.32585	9.19954	5.14699	-66.10627	-2388.79184	-17.82229	2389.77282	151.86538	-3.68	-70.05236	167.2841	0.07	-0.00602	-0.21739	-0.00162	-0.21748	-70.30888	6.32557	
350.0	1	22.28675	-4.00803	9.44201	-22360.13564	6363.54133	-9472.76891	25103.85777	-315.1782	-1684.72133	-387.7817	1757.27001	0.07	2.63432	-0.74971	1.11602	2.95756	19.61187	1.43811	
350.0	2	22.49259	3.67356	9.48325	-3994.09302	-833.24278	-1683.95357	4413.92934	7.81081	-283.80297	121.9034	308.97504	0.07	-0.31686	-0.0661	-0.13359	-0.35017	-8.75297	1.50045	
350.0	14	-21.91319	-5.46647	-9.22341	1883.63064	721.63963	792.85629	2167.35997	55.99511	8.47942	-140.74831	151.71499	0.07	-0.07576	-0.02903	-0.03189	0.08717	18.15107	54.14216	
350.0	20	19.29932	9.19951	5.20615	-66.64071	-2404.09483	-18.19468	2405.0871	152.53222	-3.68957	-71.16239	168.3561	0.07	-0.00613	-0.22115	-0.00167	-0.22124	-64.12515	5.78549	
351.0	1	22.27835	-4.00824	9.46152	-22374.84903	6371.10147	-9502.17226	25129.9837	-317.19719	-1687.05918	-384.24751	1759.09889	0.07	2.63701	-0.75087	1.11989	2.96172	17.62235	1.3535	
351.0	2	22.48476	3.67049	9.50351	-4008.07892	-835.68497	-1694.09785	4430.91791	10.69796	-287.29171	116.40833	310.16426	0.07	-0.31781	-0.06626	-0.13433	-0.35133	-7.97996	1.39682	
351.0	14	-21.90692	-5.4597	-9.24423	1919.50926	735.02606	810.00968	2209.27472	57.00776	9.22291	-143.46248	154.64937	0.07	-0.07828	-0.02997	-0.03303	0.09009	16.45639	48.89716	
351.0	20	19.27477	9.1995	5.259	-67.12507	-2417.494	-18.53359	2418.49675	153.12645	-3.69897	-72.10635	169.29477	0.07	-0.00624	-0.22467	-0.00172	-0.22476	-57.89709	5.24109	
352.0	1	22.27083	-4.00839	9.47901	-22404.44446	6382.54097	-9535.54309	25171.86014	-318.61727	-1690.19795	-382.70653	1762.03018	0.07	2.64142	-0.75248	1.12421	2.96769	15.81789	1.28451	
352.0	2	22.47761	3.66748	9.52167	-3999.41427	-833.39664	-1694.23667	4422.70306	12.20537	-288.0235	112.86704	309.5892	0.07	-0.31699	-0.06605	-0.13429	-0.35054	-6.99888	1.31297	
352.0	14	-21.90131	-5.45365	-9.26287	1944.47992	744.26757	822.41061	2238.59233	57.64929	10.01449	-145.36698	156.70128	0.07	-0.08029	-0.03073	-0.03396	0.09243	14.55686	43.62098	
352.0	20	19.25199	9.1995	5.30654	-67.74345	-2435.753	-18.893	2436.76811	154.45608	-3.73509	-72.28264	170.57377	0.07	-0.00636	-0.22853	-0.00177	-0.22863	-51.61406	4.66249	
353.0	1	22.26411	-4.00848	9.49467	-22426.39627	6391.4753	-9563.55429	25204.28092	-319.41605	-1692.54392	-382.12799	1764.29967	0.07	2.64517	-0.75387	1.12801	2.97282	14.62382	1.20914	
353.0	2	22.47121	3.66469	9.53799	-3991.83107	-831.35826	-1694.42651	4415.53542	13.29151	-288.46182	110.21879	309.08747	0.07	-0.31584	-0.06578	-0.13406	-0.34936	-6.52699	1.22933	
353.0	14	-21.89628	-5.44819	-9.2796	1964.14261	751.49635	832.41509	2261.75105	58.34126	10.15759	-146.83054	158.32273	0.07	-0.08201	-0.03138	-0.03476	0.09444	13.53055	40.44768	
353.0	20	19.23085	9.1995	5.34927	-68.31263	-2452.3928	-19.22372	2453.41937	154.99658	-3.73848	-73.86773	171.73921	0.07	-0.00647	-0.23219	-0.00182	-0.23229	-47.85901	4.31433	
354.0	1	22.25824	-4.00855	9.50835	-22447.58564	6399.86866	-9588.9259	25234.89489	-323.75577	-1695.78931	-373.89939	1766.44273	0.07	2.64868	-0.75514	1.13143	2.97756	12.14537	1.10558	
354.0	2	22.4656	3.66206	9.55239	-3986.16576	-829.73156	-1694.99242	4410.32552	17.2148	-290.90536	101.91922	308.72287	0.07	-0.2976	-0.06195	-0.12654	-0.32927	-5.37543	1.11299	
354.0	14	-21.89207	-5.44291	-9.29423	1978.16729	756.52063	839.84596	2278.33503	58.50631	11.24828	-147.93762	159.48371	0.07	-0.08175	-0.03126	-0.03471	0.09415	11.17708	33.54121	
354.0	20	19.21154	9.1995	5.38669	-68.68201	-2462.03502	-19.48013	2463.06986	156.09227	-3.77581	-73.12895	172.4149	0.07	-0.00656	-0.23509	-0.00186	-0.23519	-39.65622	3.60032	
355.0	1	22.25319	-4.00865	9.5201	-22458.70998	6405.11303	-9607.71633	25253.26395	-326.81208	-1697.84407	-367.94441	1767.72841	0.07	2.65084	-0.75601	1.13402	2.98069	10.63718	1.01104	
355.0	2	22.46077	3.65976	9.56479	-3978.49832	-827.74233	-1694.27756	4402.74718	19.80997	-292.12275	96.19937	308.19224	0.07	-0.28026	-0.05831	-0.11935	-0.31015	-4.82009	1.01512	
355.0	14	-21.88858	-5.43802	-9.3068	1991.3382	761.21509	846.72298	2293.86487	58.93654	11.47248	-148.92193	160.57046	0.07	-0.07955	-0.03041	-0.03383	0.09164	9.93339	29.59774	
355.0	20	19.19425	9.1995	5.41833	-69.03774	-2471.41721	-19.71179	2472.45986	156.39923	-3.77856	-74.01929	173.07181	0.07	-0.00664	-0.23787	-0.0019	-0.23797	-34.99355	3.19396	
356.0	1	22.24896	-4.00876	9.52991	-22470.06142	6410.14828	-9624.30513	25270.94993	-332.31119	-1700.46024	-356.71661	1768.96651	0.07	2.65286	-0.7568	1.13627	2.98354	8.34764	0.9037	
356.0	2	22.45676	3.65778	9.57514	-3973.07503	-826.26942	-1694.08933	4397.49759	25.6193	-295.07829	83.83665	307.82484	0.07	-0.24096	-0.05011	-0.10274	-0.2667	-3.86829	0.9002	
356.0	14	-21.88578	-5.43349	-9.31736	1995.77526	762.56658	849.68442	2299.25864	58.6588	12.86369	-149.32509	160.94817	0.07	-0.07051	-0.02694	-0.03002	0.08123	7.90516	23.41728	
356.0	20	19.17905	9.1995	5.44407	-69.2193	-2474.77965	-19.87153	2475.82723	157.25379	-3.81423	-72.7484	173.30791	0.07	-0.00671	-0.23996	-0.00193	-0.24006	-27.66074	2.57441	
357.0	1	22.24554	-4.00891	9.53782	-22473.96639	6412.80476	-9635.43128	25279.33477	-337.73795	-1702.36732	-345.25056	1769.55344	0.07	2.65388	-0.75727	1.13782	2.98516	6.47466	0.80214	
357.0	2	22.45355	3.65612	9.58345	-3967.60539	-824.83868	-1693.46149	4392.04544	31.11524	-297.29287	71.90342	307.44318	0.07	-0.20136	-0.04186	-0.08594	-0.2229	-3.10133	0.79631	
357.0	14	-21.88364	-5.42944	-9.32592	1996.69595	762.59385	850.94132	2300.53151	58.26536	14.21131	-149.45291	161.03722	0.07	-0.05985	-0.02286	-0.02551	0.06896	6.26141	18.37594	
357.0	20	19.16594	9.1995	5.4641	-69.33785	-2476.12432	-19.9911	2477.17561	158.01032	-3.84891	-71.31817	173.40229	0.07	-0.00677	-0.24174	-0.00195	-0.24185	-21.68621	2.06649	
358.0	1	22.24296	-4.00906	9.54374	-22470.48316	6413.02675	-9641.0227	25278.42646	-285.3047	-1685.66792	-456.31042	1769.48984	0.07	2.65384	-0.7574	1.13864	2.98547	7.99907	0.9248	
358.0	2	22.45108	3.65489	9.58982	-3994.95689	-830.30884	-1706.45283	4422.79036	-4.10213	-274.47881	143.15662	309.59532	0.07	0.04562	0.00948	0.01949	0.05051	0.65063	0.98948	
358.0	14	-21.88208	-5.42597	-9.33261	1984.64186	757.70234	846.46946	2286.79398	56.93898	16.92128	-148.64657	160.07555	0.07	-0.0199	-0.0076	-0.00849	0.02293	1.90857	14.39549	
358.0	20	19.15184	9.1995	5.48875	-70.26933	-2507.1051	-20.36447	2508.17233	175.34039	-4.85273	-7.59852	175.57203	0.07	-0.0069	-0.24636	-0.002	-0.24646	-16.65861	1.29274	
359.0	1	22.24136	-4.0092	9.5474	-22443.39112	6406.07716	-9633.78225	25249.8196	-192.40193	-1636.32807	-639.86211	1767.48736	0.07	2.65068	-0.75659	1.1378	2.98213	10.76188	1.23159	
359.0	2	22.44921	3.65425	9.59449	-4022.80312	-836.00549	-1719.32452	4453.97877	-27.17609	-249.54141	184.92265	311.77851	0.07	0.31857	0.0662	0.13616	0.35272	6.57094	1.42598	
359.0	14	-21.88092	-5.42307	-9.33784	2004.89867	765.18824	855.63075	2310.24581	52.68667	29.6693	-149.98763	161.71716	0.07	0.04915	0.01876	0.02098	-0.05664	-4.83564	8.93629	
359.0	20	19.12601	9.1995	5.55211	-72.61219	-2590.22578	-21.31152	2591.33099	73.58916	-3.42675	165.76	181.39317	0.07	-0.00718	-0.25627	-0.00211	-0.25638	-9.53191	1.2645	
360.0	1	22.24078	-4.00959	9.54852	-22355.45429	6381.64404	-9597.4121	25151.58118	-157.56536	-1607.08008	-701.5816	1760.61068	0.07	2.63987	-0.75358	1.13332	2.97006	15.10756	1.51675	
360.0	2	22.448	3.65413	9.59739	-4037.7997	-839.1366	-1726.34546	4470.82155	-50.48271	-214.42099	222.30056	312.95751	0.07	0.32033	0.06657	0.13696	0.35468	13.67489	2.04874	
360.0	14	-21.88041	-5.42002	-9.34167	2012.22555	767.68949	859.12741	2318.72782	40.10604	58.33333	-146.06016	162.31094	0.07	0.08831	0.03369	0.0377	-0.10176	-12.57294	4.33121	
360.0	20	19.08438	9.1995	5.66497	-74.52873	-2660.36098	-22.36109	2661.49866	-23.90135	-0.8834	184.76329	186.30494	0.07	-0.00601	-0.21451	-0.0018	-0.2146	-3.31454	2.67973	
