Version	KoJaC2_v7r2	 	 INTERNAL 
Testrig	Axial Cycle Force Generation 
Modfile	016cccc.mod
comment	VShape GPPC ZUM
Analysis name	.a016cccc_t2600a020d
Applied torque	2600.0
Rpm	200.0
Articulation angle	2.0
Mode	Drive
Contact	cfo_ro_tu_1
Part	oroller_1
RefSystem	oroller_1.ro_ref


Angle_Rot_Spider.Last_Rot	Track	CPoint_x	CPoint_y	CPoint_z	Normal_Force_x	Normal_Force_y	Normal_Force_z	Normal_Force_mag	Friction_Force_x	Friction_Force_y	Friction_Force_z	Friction_Force_mag	Friction_Force_Mu	Friction_Torque_x	Friction_Torque_y	Friction_Torque_z	Friction_Torque_mag	Boring_Velocity	Slip_Velocity	Pos_Ball_x	Pos_Ball_y	Pos_Ball_z	
0.0	2	24.31455	4.03201	1.04857	-13546.55261	-2897.54313	-584.36137	13865.29199	3.98516	-59.71237	203.69927	212.30836	0.01531	0.08558	0.0183	0.00369	0.08759	0.19274	0.01469	
0.0	3	20.26459	9.20007	-0.54197	-7.03465	-394.46035	0.15364	394.5231	17.44384	-0.30672	11.20777	20.73634	0.05256	-1e-05	-0.00029	0.0	-0.00029	-0.06696	0.05587	
0.0	5	24.21192	-3.88201	1.05754	-14374.64717	3561.01977	-627.72022	14822.46186	66.97498	229.39263	-232.38072	333.3278	0.02249	0.10211	-0.02529	0.00446	0.10529	0.22299	0.02176	
1.0	2	24.31446	4.03249	1.04845	-13540.99562	-2896.73666	-584.0574	13859.68141	2.59536	-70.65837	290.27103	298.75845	0.02156	0.21489	0.04597	0.00927	0.21994	0.48543	0.02083	
1.0	3	20.26496	9.20006	-0.53779	-7.07423	-396.69127	0.15304	396.75437	2.27505	-0.02989	27.67945	27.7728	0.07	7e-05	0.00369	-0.0	0.00369	0.84609	0.10961	
1.0	5	24.21184	-3.88238	1.05738	-14356.71723	3556.84747	-626.84443	14804.03416	68.60175	218.57989	-330.92829	402.48839	0.02719	0.04821	-0.01194	0.0021	0.04971	0.1055	0.02651	
2.0	2	24.31437	4.03298	1.04802	-13538.99861	-2896.69854	-583.73188	13857.70864	-0.46958	-74.4932	380.55482	387.77755	0.02798	0.34113	0.07299	0.01471	0.34916	0.77496	0.02733	
2.0	3	20.2652	9.20005	-0.53222	-7.11482	-399.00563	0.15195	399.06909	-4.527	0.09122	27.56543	27.93483	0.07	0.00014	0.00757	-0.0	0.00758	1.74621	0.19012	
2.0	5	24.21178	-3.88273	1.05689	-14338.50639	3552.57384	-625.7608	14785.3009	68.56336	202.80603	-419.66949	471.11963	0.03186	-0.0043	0.00107	-0.00019	-0.00443	-0.00942	0.03138	
3.0	2	24.3143	4.03345	1.04727	-13541.14652	-2897.54031	-583.41272	13859.96967	-3.55617	-73.9296	449.71357	455.76367	0.03288	0.45617	0.09761	0.01965	0.46691	1.04349	0.03246	
3.0	3	20.26528	9.20004	-0.52545	-7.16833	-402.07556	0.15067	402.13948	-7.50872	0.14403	27.12946	28.14976	0.07	0.0002	0.01132	-0.0	0.01132	2.63731	0.27196	
3.0	5	24.21174	-3.88305	1.05608	-14319.27842	3548.00243	-624.44211	14765.49978	67.21683	185.55066	-487.09448	525.55512	0.03559	-0.06436	0.01595	-0.00281	-0.06636	-0.14137	0.03537	
4.0	2	24.31425	4.03392	1.04622	-13546.33933	-2899.02461	-583.05271	13865.3382	-5.35543	-73.64041	490.57617	496.10137	0.03578	0.55558	0.1189	0.02391	0.56866	1.28051	0.03558	
4.0	3	20.26514	9.20003	-0.51788	-7.23109	-405.69704	0.14927	405.76151	-9.22439	0.1743	26.86313	28.4033	0.07	0.00026	0.01485	-1e-05	0.01485	3.51325	0.34987	
4.0	5	24.21172	-3.88333	1.05495	-14299.08113	3543.14125	-622.89423	14744.67932	64.36049	167.21171	-526.31908	555.98004	0.03771	-0.13531	0.03353	-0.00589	-0.13952	-0.29809	0.0377	
5.0	2	24.31421	4.03437	1.04486	-13553.95659	-2901.01169	-582.62731	13873.17781	-5.43026	-75.83248	503.91116	509.61408	0.03673	0.63931	0.13684	0.02748	0.65437	1.48459	0.03662	
5.0	3	20.26478	9.20002	-0.51003	-7.29142	-409.2124	0.14766	409.27739	-10.29753	0.19313	26.73411	28.64941	0.07	0.00032	0.01806	-1e-05	0.01806	4.37287	0.42205	
5.0	5	24.21173	-3.88357	1.05352	-14280.091	3538.52686	-621.2188	14725.0835	58.49429	141.58765	-538.1229	559.50416	0.038	-0.21726	0.05384	-0.00945	-0.22403	-0.48049	0.03802	
6.0	2	24.3142	4.03478	1.04319	-13563.70935	-2903.42988	-582.11878	13883.1905	-4.72925	-81.02086	514.3015	520.6657	0.0375	0.72504	0.1552	0.03112	0.74212	1.69885	0.03747	
6.0	3	20.26422	9.20001	-0.50213	-7.34969	-412.63616	0.14595	412.70163	-10.99647	0.20531	26.7136	28.88911	0.07	0.00038	0.02109	-1e-05	0.0211	5.29256	0.49814	
6.0	5	24.21176	-3.88377	1.05178	-14261.72189	3534.0166	-619.3874	14706.10844	51.41276	111.60761	-547.0105	560.6425	0.03812	-0.30583	0.07578	-0.01328	-0.31536	-0.67974	0.03816	
7.0	2	24.3142	4.03518	1.04119	-13576.75704	-2906.53578	-581.57088	13896.56457	-3.94798	-86.23158	523.12782	530.20203	0.03815	0.80631	0.17262	0.03454	0.8253	1.9078	0.03819	
7.0	3	20.26343	9.2	-0.49422	-7.43503	-417.60922	0.14471	417.67543	-11.67211	0.2171	26.80547	29.23728	0.07	0.00042	0.02368	-1e-05	0.02368	6.19487	0.57357	
7.0	5	24.21181	-3.88393	1.04971	-14240.83857	3528.83415	-617.25954	14684.52121	45.3792	86.14595	-554.45582	562.94019	0.03834	-0.39193	0.09712	-0.01699	-0.40414	-0.87651	0.0384	
8.0	2	24.31422	4.03557	1.0389	-13592.62154	-2910.2436	-580.97486	13912.8146	-3.08811	-91.35426	529.8657	537.69211	0.03865	0.87912	0.18822	0.03758	0.89983	2.10071	0.03875	
8.0	3	20.26234	9.2	-0.48635	-7.55839	-424.75812	0.14414	424.82539	-12.369	0.22928	27.04238	29.73777	0.07	0.00046	0.02572	-1e-05	0.02572	7.03359	0.64461	
8.0	5	24.21188	-3.88406	1.04735	-14215.66085	3522.53841	-614.77359	14658.48686	41.68112	70.47666	-559.99133	565.94573	0.03861	-0.4709	0.11669	-0.02036	-0.48557	-1.06077	0.0387	
9.0	2	24.31425	4.03595	1.03629	-13610.8134	-2914.44238	-580.29656	13931.43782	-1.71735	-98.72814	536.12584	545.14321	0.03913	0.95384	0.20424	0.04067	0.97631	2.30602	0.03929	
9.0	3	20.26101	9.2	-0.47851	-7.67619	-431.63148	0.14339	431.69976	-12.87928	0.23813	27.33594	30.21897	0.07	0.00048	0.02716	-1e-05	0.02716	7.93074	0.71938	
9.0	5	24.21198	-3.88415	1.04467	-14191.34755	3516.4099	-612.14187	14633.32503	36.10284	47.32413	-565.1253	568.25134	0.03883	-0.55408	0.13729	-0.0239	-0.57133	-1.25889	0.03895	
10.0	2	24.3143	4.03631	1.03337	-13628.51137	-2918.52409	-579.41595	13949.5458	-0.12415	-106.77701	540.75713	551.19835	0.03951	1.02705	0.21994	0.04366	1.05124	2.51674	0.03972	
10.0	3	20.25944	9.2	-0.47071	-7.76723	-437.03255	0.14206	437.10159	-13.07438	0.24136	27.662	30.59713	0.07	0.00049	0.02773	-1e-05	0.02774	8.85992	0.79381	
10.0	5	24.2121	-3.88419	1.04166	-14168.1819	3510.51644	-609.37882	14609.32738	31.60499	28.85027	-568.62144	570.22939	0.03903	-0.63882	0.15828	-0.02748	-0.65871	-1.466	0.03918	
11.0	2	24.31437	4.03667	1.03013	-13650.08341	-2923.42674	-578.51122	13971.60965	-0.60404	-104.91874	544.44479	554.46229	0.03968	1.09376	0.23425	0.04636	1.11952	2.71791	0.03991	
11.0	3	20.25772	9.2	-0.46296	-7.87357	-443.31975	0.14096	443.38969	-13.40374	0.24696	27.99265	31.03723	0.07	0.0005	0.02822	-1e-05	0.02823	9.75064	0.86656	
11.0	5	24.21225	-3.88421	1.03831	-14144.36307	3504.4285	-606.40117	14584.64083	28.34464	15.53968	-571.33673	572.25043	0.03924	-0.7178	0.17784	-0.03077	-0.74014	-1.66536	0.03941	
12.0	2	24.31445	4.03701	1.02658	-13674.20331	-2928.86301	-577.53521	13996.2717	0.13452	-108.75797	548.36086	559.04199	0.03994	1.15678	0.24777	0.04886	1.18403	2.91829	0.04021	
12.0	3	20.25575	9.2	-0.4553	-8.00377	-450.99257	0.14023	451.06361	-13.78927	0.25355	28.40312	31.57444	0.07	0.00051	0.02881	-1e-05	0.02882	10.63622	0.93955	
12.0	5	24.21241	-3.88419	1.03465	-14116.74593	3497.35043	-603.08754	14556.01904	26.03882	6.07109	-574.2959	574.91796	0.0395	-0.79325	0.19652	-0.03389	-0.81794	-1.86317	0.0397	
13.0	2	24.31455	4.03734	1.02274	-13704.86079	-2935.69303	-576.65577	14027.61686	-1.03292	-103.6839	552.39219	562.03963	0.04007	1.21408	0.26007	0.05108	1.24267	3.11014	0.04035	
13.0	3	20.25349	9.2	-0.44771	-8.14948	-459.58807	0.1397	459.66034	-14.29903	0.26231	28.82322	32.17622	0.07	0.00052	0.02948	-1e-05	0.02948	11.4831	1.01134	
13.0	5	24.2126	-3.88414	1.03068	-14090.19357	3490.48546	-599.64974	14528.47629	21.6339	-11.91315	-577.68469	578.21238	0.0398	-0.86247	0.21366	-0.03671	-0.8893	-2.0521	0.04004	
14.0	2	24.31466	4.03767	1.0186	-13734.78876	-2942.36745	-575.56393	14058.20836	0.05822	-109.1057	556.37516	566.97211	0.04033	1.2683	0.2717	0.05315	1.29816	3.30551	0.04065	
14.0	3	20.25097	9.2	-0.44021	-8.29053	-467.97075	0.13901	468.04421	-14.63513	0.26798	29.31148	32.76312	0.07	0.00053	0.03015	-1e-05	0.03015	12.34538	1.0822	
14.0	5	24.21281	-3.88405	1.0264	-14060.71789	3482.85231	-595.91904	14497.90217	19.17188	-22.00049	-580.94283	581.6753	0.04012	-0.92972	0.23029	-0.0394	-0.95863	-2.24438	0.04041	
15.0	2	24.31479	4.038	1.01416	-13767.32387	-2949.60452	-574.39914	14091.46223	1.47192	-116.02599	560.52722	572.41154	0.04062	1.31858	0.2825	0.05501	1.34962	3.50153	0.04098	
15.0	3	20.24819	9.2	-0.43277	-8.44061	-476.91348	0.13839	476.98819	-14.97763	0.27374	29.84011	33.38917	0.07	0.00055	0.03087	-1e-05	0.03087	13.20938	1.15331	
15.0	5	24.21305	-3.88393	1.02181	-14029.85126	3474.83476	-591.96377	14465.87792	16.26741	-33.8891	-584.4755	585.68311	0.04049	-0.9936	0.24609	-0.04192	-1.02448	-2.43677	0.04083	
16.0	2	24.31492	4.03834	1.00942	-13803.50694	-2957.62675	-573.20308	14128.44371	2.5234	-121.22691	564.74254	577.61273	0.04088	1.3633	0.29211	0.05661	1.39539	3.69145	0.04128	
16.0	3	20.24514	9.2	-0.42541	-8.59508	-486.15573	0.13776	486.23172	-15.33146	0.27967	30.38639	34.03622	0.07	0.00056	0.03163	-1e-05	0.03163	14.04548	1.22247	
16.0	5	24.2133	-3.88379	1.01693	-13999.40741	3466.88452	-587.86317	14434.27446	12.13186	-50.76156	-588.27177	590.58242	0.04092	-1.05188	0.26049	-0.04417	-1.08456	-2.62268	0.04132	
17.0	2	24.31507	4.03867	1.00439	-13840.72765	-2965.8718	-571.86474	14166.4804	4.66292	-131.51896	569.2432	584.25748	0.04124	1.40471	0.30101	0.05804	1.43777	3.88878	0.04169	
17.0	3	20.24186	9.2	-0.4181	-8.74353	-495.10735	0.13693	495.18457	-15.58519	0.28379	30.96028	34.66292	0.07	0.00057	0.03239	-1e-05	0.03239	14.91308	1.29275	
17.0	5	24.21356	-3.88363	1.01175	-13968.76526	3458.8522	-583.5925	14402.45263	7.62157	-69.17005	-592.38746	596.4608	0.04141	-1.10868	0.27452	-0.04632	-1.1431	-2.81529	0.04189	
18.0	2	24.31524	4.039	0.99905	-13881.29296	-2974.83327	-570.47545	14207.93332	6.56527	-140.56769	573.26046	590.27954	0.04155	1.43949	0.30849	0.05916	1.47336	4.07545	0.04204	
18.0	3	20.23835	9.2	-0.41084	-8.91213	-505.2513	0.13632	505.32991	-15.92663	0.28945	31.58346	35.3731	0.07	0.00059	0.03324	-1e-05	0.03325	15.73469	1.36036	
18.0	5	24.21385	-3.88344	1.00627	-13936.13125	3450.29512	-579.07701	14368.56363	4.17066	-83.2155	-596.19176	601.98573	0.0419	-1.15851	0.28682	-0.04814	-1.19446	-2.99784	0.04245	
19.0	2	24.31541	4.03934	0.99343	-13923.47861	-2984.14863	-568.96702	14251.03937	9.28845	-153.47572	577.65529	597.76811	0.04195	1.47021	0.3151	0.06008	1.50479	4.27015	0.04251	
19.0	3	20.23459	9.2	-0.40364	-9.06562	-514.59309	0.13537	514.67295	-16.14665	0.29293	32.20484	36.0271	0.07	0.0006	0.03407	-1e-05	0.03407	16.59007	1.42904	
19.0	5	24.21415	-3.88323	1.00051	-13905.35371	3442.16463	-574.48435	14336.5753	-1.33171	-105.58919	-600.42969	609.6447	0.04252	-1.20662	0.29869	-0.04985	-1.24404	-3.1875	0.04318	
20.0	2	24.3156	4.03968	0.98752	-13967.14721	-2993.78423	-567.32797	14295.6569	12.68888	-169.4682	581.89229	606.20056	0.0424	1.49489	0.32042	0.06072	1.53005	4.4625	0.04304	
20.0	3	20.23063	9.2	-0.39645	-9.21973	-524.0175	0.13433	524.09862	-16.33353	0.2958	32.849	36.6869	0.07	0.00061	0.03491	-1e-05	0.03492	17.43483	1.49624	
20.0	5	24.21448	-3.88301	0.99445	-13874.35164	3433.95535	-569.72559	14304.34445	-6.63896	-127.13723	-604.62844	617.88631	0.0432	-1.24993	0.30936	-0.05133	-1.28867	-3.37469	0.04397	
21.0	2	24.3158	4.04002	0.98131	-14008.15725	-3002.84436	-565.3843	14337.54523	15.72346	-183.64348	585.78931	614.10201	0.04283	1.51335	0.32441	0.06108	1.54893	4.66093	0.04354	
21.0	3	20.22656	9.2	-0.38924	-9.32014	-530.4189	0.1324	530.50079	-16.23271	0.29357	33.39798	37.13505	0.07	0.00062	0.03557	-1e-05	0.03557	18.30891	1.56176	
21.0	5	24.21481	-3.88278	0.9881	-13847.4078	3426.74259	-564.97268	14276.29019	-10.81062	-144.00564	-608.47397	625.37594	0.04381	-1.29091	0.31946	-0.05267	-1.33089	-3.56894	0.0447	
22.0	2	24.316	4.04034	0.97479	-14045.86955	-3011.18485	-563.11162	14376.04885	17.10889	-190.07994	589.6817	619.79642	0.04311	1.52431	0.32678	0.06111	1.56014	4.8536	0.04388	
22.0	3	20.22243	9.2	-0.382	-9.44992	-538.51475	0.1308	538.59768	-16.31083	0.29448	33.98968	37.70184	0.07	0.00064	0.03635	-1e-05	0.03635	19.15661	1.62775	
22.0	5	24.21516	-3.88256	0.98145	-13820.24827	3419.47482	-560.05098	14248.00784	-14.62843	-159.44376	-612.52523	633.1062	0.04443	-1.32597	0.32808	-0.05373	-1.36701	-3.75705	0.04545	
23.0	2	24.31619	4.04061	0.96799	-14079.13309	-3018.54336	-560.47372	14409.98693	17.19914	-190.40091	593.39881	623.43441	0.04326	1.52922	0.32786	0.06088	1.56516	5.03895	0.04405	
23.0	3	20.21816	9.2	-0.37475	-9.58969	-547.21716	0.12923	547.3012	-16.47146	0.29682	34.58817	38.31108	0.07	0.00065	0.03718	-1e-05	0.03719	19.97124	1.69249	
23.0	5	24.21553	-3.8823	0.97451	-13796.024	3412.90628	-555.09669	14222.74023	-20.3466	-182.54251	-616.64625	643.41926	0.04524	-1.35543	0.33531	-0.05454	-1.39735	-3.93752	0.04642	
24.0	2	24.3164	4.04084	0.96089	-14118.64315	-3027.20453	-557.89597	14450.30448	14.70593	-178.4917	596.35336	622.66595	0.04309	1.53441	0.329	0.06063	1.57046	5.2244	0.04385	
24.0	3	20.21377	9.2	-0.36748	-9.72788	-555.86667	0.12753	555.9518	-16.69008	0.30015	35.15467	38.91658	0.07	0.00067	0.03803	-1e-05	0.03803	20.78777	1.75861	
24.0	5	24.21587	-3.882	0.96729	-13762.11834	3403.90734	-549.60444	14187.47868	-29.75209	-220.43989	-620.27361	658.95242	0.04645	-1.37971	0.34126	-0.0551	-1.42235	-4.11861	0.0479	
25.0	2	24.31663	4.04099	0.95351	-14160.35605	-3036.27072	-555.21657	14492.85647	13.34853	-171.67504	598.38267	622.66549	0.04296	1.5399	0.33019	0.06038	1.57606	5.40723	0.0437	
25.0	3	20.20929	9.2	-0.36019	-9.85318	-563.81	0.12555	563.89611	-16.82198	0.30193	35.7075	39.47272	0.07	0.00068	0.03884	-1e-05	0.03884	21.59545	1.82258	
25.0	5	24.21623	-3.88162	0.95979	-13728.30467	3394.87793	-543.975	14152.29501	-39.94368	-261.34983	-622.99154	676.77004	0.04782	-1.39926	0.34602	-0.05544	-1.44248	-4.29814	0.04961	
26.0	2	24.3169	4.04108	0.94582	-14205.36651	-3045.9942	-552.46624	14538.7667	12.1836	-165.64522	600.00374	622.56829	0.04282	1.54585	0.33147	0.06012	1.58213	5.59701	0.04353	
26.0	3	20.2047	9.2	-0.35289	-10.0202	-574.17555	0.124	574.26299	-17.09089	0.30612	36.38296	40.19841	0.07	0.0007	0.03983	-1e-05	0.03983	22.43816	1.89077	
26.0	5	24.21662	-3.88118	0.95199	-13691.03907	3384.94652	-538.06216	14113.53693	-46.45672	-287.29247	-625.26014	689.67052	0.04887	-1.41471	0.34977	-0.0556	-1.45836	-4.48624	0.05095	
27.0	2	24.31718	4.04114	0.93782	-14252.91428	-3056.23415	-549.61712	14587.26196	12.14037	-164.66495	600.81645	623.09096	0.04271	1.55216	0.33283	0.05985	1.58858	5.77075	0.04341	
27.0	3	20.19989	9.2	-0.34562	-10.21188	-586.01793	0.12264	586.10691	-17.4225	0.31138	37.14317	41.0275	0.07	0.00071	0.04094	-1e-05	0.04095	23.21385	1.95413	
27.0	5	24.21703	-3.88068	0.9439	-13650.82374	3374.23401	-531.89635	14071.72192	-50.7231	-303.99325	-626.68656	698.37008	0.04963	-1.42366	0.3519	-0.05547	-1.46756	-4.66009	0.05194	
28.0	2	24.31747	4.04118	0.92953	-14303.97671	-3067.21208	-546.70571	14639.34516	11.97842	-162.99353	601.04859	622.87221	0.04255	1.55894	0.33428	0.05958	1.59549	5.95331	0.04321	
28.0	3	20.19484	9.2	-0.33843	-10.40967	-598.28079	0.12124	598.37136	-17.75286	0.31658	37.93642	41.88599	0.07	0.00073	0.04211	-1e-05	0.04212	24.03237	2.02061	
28.0	5	24.21747	-3.88013	0.93552	-13611.14744	3363.60948	-525.62003	14030.44831	-55.30545	-321.87008	-627.59135	707.48141	0.05042	-1.42843	0.353	-0.05516	-1.47244	-4.8442	0.05298	
29.0	2	24.31778	4.0412	0.92095	-14357.79694	-3078.76883	-543.69968	14694.24241	12.30849	-163.44124	600.46941	622.43719	0.04236	1.56611	0.33582	0.05931	1.60281	6.13269	0.04299	
29.0	3	20.18955	9.2	-0.3313	-10.61506	-611.05638	0.11983	611.14858	-18.08187	0.32171	38.76991	42.78041	0.07	0.00075	0.04334	-1e-05	0.04335	24.84104	2.08608	
29.0	5	24.21792	-3.87954	0.92687	-13570.89888	3352.80026	-519.19318	13988.57132	-59.45942	-337.87782	-627.74147	715.37137	0.05114	-1.42784	0.35276	-0.05463	-1.47178	-5.02689	0.05393	
30.0	2	24.3181	4.04123	0.91209	-14414.81419	-3091.01713	-540.6117	14752.40712	12.86392	-164.81419	599.3441	621.72545	0.04214	1.57367	0.33745	0.05902	1.61052	6.29457	0.04274	
30.0	3	20.18402	9.2	-0.32426	-10.82319	-624.06735	0.11834	624.1612	-18.41155	0.32682	39.62117	43.69129	0.07	0.00077	0.04462	-1e-05	0.04463	25.57364	2.14547	
30.0	5	24.21839	-3.87892	0.91792	-13531.23145	3342.10028	-512.66252	13947.28223	-63.72732	-354.25118	-627.37923	723.29784	0.05186	-1.42323	0.35153	-0.05392	-1.46699	-5.19276	0.05491	
31.0	2	24.31842	4.04127	0.90293	-14470.45158	-3102.98535	-537.26528	14809.15734	14.15916	-169.60432	598.19676	621.93687	0.042	1.58117	0.33906	0.05871	1.61818	6.47071	0.04257	
31.0	3	20.17832	9.2	-0.31728	-10.99446	-635.01604	0.11635	635.11122	-18.53404	0.3283	40.40887	44.4578	0.07	0.00079	0.04578	-1e-05	0.04578	26.37167	2.20698	
31.0	5	24.21888	-3.87828	0.90869	-13493.08191	3331.75576	-506.06288	13907.55031	-67.0584	-366.79439	-626.88812	729.39953	0.05245	-1.41857	0.35028	-0.0532	-1.46215	-5.37367	0.05571	
32.0	2	24.31876	4.0413	0.89348	-14523.79943	-3114.44316	-533.6264	14863.55486	15.82572	-175.99444	596.43796	622.06329	0.04185	1.58839	0.34061	0.05836	1.62555	6.65331	0.0424	
32.0	3	20.17258	9.2	-0.31033	-11.12731	-643.77711	0.11387	643.87327	-18.45576	0.32627	41.11793	45.07111	0.07	0.00081	0.04678	-1e-05	0.04679	27.20632	2.26825	
32.0	5	24.21938	-3.87762	0.89916	-13457.1803	3321.96134	-499.42074	13870.13157	-67.83994	-368.84694	-625.44638	729.26915	0.05258	-1.41412	0.34908	-0.05248	-1.45752	-5.56443	0.0559	
33.0	2	24.31912	4.04131	0.88375	-14580.39573	-3126.58105	-529.90739	14921.2684	17.81718	-183.89918	594.80988	622.84441	0.04174	1.596	0.34224	0.058	1.63331	6.80851	0.04227	
33.0	3	20.16677	9.2	-0.30344	-11.2835	-653.9269	0.11156	654.02425	-18.49373	0.32625	41.87887	45.7817	0.07	0.00083	0.04791	-1e-05	0.04792	27.91517	2.32146	
33.0	5	24.21989	-3.87695	0.88931	-13421.34441	3312.16836	-492.66424	13832.77496	-69.64075	-375.0626	-624.3563	731.67109	0.05289	-1.40969	0.34789	-0.05175	-1.4529	-5.72594	0.05633	
34.0	2	24.31949	4.04128	0.8738	-14638.02935	-3138.91224	-526.02125	14980.03243	20.40198	-194.54092	593.13603	624.55805	0.04169	1.60369	0.34389	0.05763	1.64116	6.96877	0.04222	
34.0	3	20.16087	9.2	-0.2966	-11.44749	-664.57246	0.10926	664.67106	-18.53296	0.32625	42.67531	46.52697	0.07	0.00085	0.04909	-1e-05	0.04909	28.64842	2.37655	
34.0	5	24.22042	-3.87626	0.87916	-13385.16341	3302.28289	-485.77778	13795.05897	-70.68678	-378.17512	-623.09784	732.30046	0.05308	-1.4052	0.34668	-0.051	-1.44823	-5.89319	0.0566	
35.0	2	24.31987	4.04124	0.86359	-14697.93036	-3151.71957	-522.0101	15041.10992	22.80702	-204.3133	591.41048	626.12334	0.04163	1.61165	0.34559	0.05724	1.64928	7.131	0.04214	
35.0	3	20.15488	9.2	-0.28983	-11.61504	-675.47211	0.10691	675.57197	-18.5789	0.32635	43.48638	47.29004	0.07	0.00086	0.0503	-1e-05	0.05031	29.39094	2.43258	
35.0	5	24.22097	-3.87556	0.86874	-13350.15874	3292.67993	-478.81905	13758.55179	-72.00405	-382.3651	-621.82247	733.51949	0.05331	-1.40081	0.3455	-0.05024	-1.44366	-6.0625	0.05692	
36.0	2	24.32025	4.04121	0.85313	-14758.16029	-3164.60536	-517.80402	15102.52109	25.46093	-215.19571	589.51445	628.0802	0.04159	1.61965	0.3473	0.05683	1.65745	7.29121	0.04209	
36.0	3	20.14878	9.2	-0.28311	-11.78781	-686.72579	0.10453	686.82696	-18.63397	0.3266	44.31875	48.07788	0.07	0.00089	0.05156	-1e-05	0.05157	30.12485	2.48814	
36.0	5	24.22152	-3.87486	0.8581	-13316.14483	3283.32084	-471.78375	13723.06411	-73.65067	-387.85363	-620.42165	735.37602	0.05359	-1.39652	0.34433	-0.04948	-1.43919	-6.22988	0.05731	
37.0	2	24.32064	4.04119	0.84241	-14820.13765	-3177.87926	-513.44935	15165.7188	28.12286	-226.10107	587.66694	630.28963	0.04156	1.62787	0.34906	0.0564	1.66583	7.44667	0.04206	
37.0	3	20.14256	9.2	-0.27646	-11.96691	-698.40272	0.10212	698.50524	-18.69838	0.327	45.17765	48.89536	0.07	0.00091	0.05287	-1e-05	0.05288	30.8383	2.54228	
37.0	5	24.22207	-3.87416	0.84724	-13282.16456	3273.97354	-464.63778	13687.61069	-74.46018	-389.93717	-619.08787	735.43531	0.05373	-1.39221	0.34317	-0.0487	-1.43471	-6.39277	0.05751	
38.0	2	24.32103	4.04119	0.83148	-14882.03827	-3191.14741	-508.88382	15228.83606	32.24106	-243.73338	585.54903	635.06938	0.0417	1.63607	0.35082	0.05594	1.67419	7.60047	0.04223	
38.0	3	20.13624	9.2	-0.26987	-12.14407	-710.02083	0.09963	710.12468	-18.71154	0.3265	46.05137	49.70873	0.07	0.00093	0.0542	-1e-05	0.05421	31.54675	2.5952	
38.0	5	24.22264	-3.87347	0.83619	-13247.61995	3264.48241	-457.36549	13651.57364	-74.18725	-387.56828	-617.46105	732.78309	0.05368	-1.38783	0.34199	-0.04791	-1.43015	-6.55498	0.05744	
39.0	2	24.32143	4.04123	0.82033	-14944.04694	-3204.46856	-504.12717	15292.06663	37.86202	-270.19908	595.15263	654.71194	0.04281	1.64427	0.35258	0.05547	1.68256	7.71859	0.04352	
39.0	3	20.12985	9.2	-0.26336	-12.28336	-719.46607	0.09676	719.57093	-18.58805	0.32365	46.81359	50.36996	0.07	0.00095	0.05538	-1e-05	0.05539	32.10972	2.63591	
39.0	5	24.2232	-3.87281	0.82493	-13218.37292	3256.32416	-450.18215	13621.00193	-78.95902	-403.37692	-599.3491	726.75086	0.05336	-1.38399	0.34094	-0.04713	-1.42614	-6.68763	0.05698	
40.0	2	24.32182	4.04131	0.80888	-15010.45432	-3218.76964	-499.29181	15359.80173	41.74703	-287.74984	599.967	666.71073	0.04341	1.65297	0.35445	0.05498	1.69144	7.89623	0.04422	
40.0	3	20.12334	9.2	-0.25706	-12.51111	-734.14769	0.09457	734.2543	-18.72343	0.32524	47.86502	51.39779	0.07	0.00097	0.05698	-1e-05	0.05699	32.93383	2.69979	
40.0	5	24.22377	-3.87217	0.81343	-13180.83653	3246.14166	-442.60004	13581.8917	-76.46482	-391.01823	-590.66932	712.48325	0.05246	-1.37925	0.33968	-0.04631	-1.42122	-6.87796	0.05573	
41.0	2	24.32221	4.04146	0.79717	-15074.95241	-3232.72141	-494.17406	15425.59192	47.25475	-311.90965	598.88582	676.89354	0.04388	1.66145	0.35629	0.05446	1.7001	8.05548	0.04479	
41.0	3	20.11671	9.2	-0.25091	-12.67366	-745.07052	0.0918	745.17831	-18.61148	0.32259	48.72815	52.16248	0.07	0.00099	0.05832	-1e-05	0.05833	33.66173	2.75324	
41.0	5	24.22434	-3.87157	0.8017	-13147.96419	3237.12424	-435.0707	13547.59101	-75.29812	-385.1324	-590.02937	708.61232	0.05231	-1.37497	0.33853	-0.0455	-1.41676	-7.04357	0.05552	
42.0	2	24.32256	4.04165	0.78523	-15126.46309	-3243.93799	-488.43561	15478.10029	48.23341	-314.62108	595.80079	675.4935	0.04364	1.66848	0.35781	0.05388	1.70726	8.19677	0.0445	
42.0	3	20.11005	9.2	-0.24487	-12.80397	-754.13273	0.08876	754.24142	-18.46637	0.31935	49.46113	52.79689	0.07	0.00101	0.05952	-1e-05	0.05953	34.32166	2.80136	
42.0	5	24.2249	-3.87099	0.78974	-13120.7745	3229.528	-427.63794	13519.15119	-74.2931	-379.61041	-587.36482	703.29294	0.05202	-1.37125	0.33752	-0.04469	-1.41288	-7.19673	0.05513	
43.0	2	24.32288	4.0418	0.77302	-15175.97795	-3254.6957	-482.42768	15528.55715	43.55485	-291.11474	593.87649	662.82283	0.04268	1.67534	0.3593	0.05326	1.71427	8.34396	0.04337	
43.0	3	20.10344	9.2	-0.23885	-12.92865	-762.87752	0.08562	762.98707	-18.4493	0.31829	50.12039	53.40909	0.07	0.00103	0.06071	-1e-05	0.06071	34.99242	2.85345	
43.0	5	24.22543	-3.87035	0.77751	-13083.28001	3219.37333	-419.76701	13480.08846	-80.3848	-403.11964	-586.26771	716.01465	0.05312	-1.3665	0.33625	-0.04384	-1.40795	-7.34866	0.05665	
44.0	2	24.32322	4.04189	0.76057	-15228.16897	-3265.96816	-476.30834	15581.73764	39.57585	-270.85546	591.9224	652.1511	0.04185	1.68256	0.36086	0.05263	1.72163	8.48795	0.0424	
44.0	3	20.09685	9.2	-0.23283	-13.04924	-771.39813	0.08238	771.5085	-18.39728	0.31664	50.77446	54.00561	0.07	0.00105	0.06188	-1e-05	0.06189	35.64917	2.90407	
44.0	5	24.22596	-3.86964	0.76507	-13045.1588	3209.02629	-411.78918	13440.37158	-85.58505	-422.99564	-585.08964	727.03507	0.05409	-1.36175	0.33498	-0.04299	-1.40301	-7.49719	0.05803	
45.0	2	24.32358	4.04192	0.74788	-15278.20929	-3276.73631	-469.9274	15632.70648	39.28423	-267.74408	589.73803	648.86138	0.04151	1.68964	0.36238	0.05197	1.72884	8.62371	0.042	
45.0	3	20.09028	9.2	-0.22682	-13.18175	-780.64097	0.07915	780.75226	-18.29315	0.31412	51.49927	54.65266	0.07	0.00107	0.06312	-1e-05	0.06313	36.27552	2.95108	
45.0	5	24.22651	-3.86889	0.7524	-13004.05754	3197.92804	-403.63686	13397.58108	-86.50165	-425.38597	-583.39893	727.17953	0.05428	-1.35678	0.33366	-0.04211	-1.39784	-7.6401	0.0583	
46.0	2	24.32395	4.04196	0.73498	-15326.14525	-3287.0518	-463.29222	15681.52025	41.82704	-277.76502	587.06081	650.80205	0.0415	1.69647	0.36385	0.05128	1.73581	8.7483	0.04199	
46.0	3	20.08371	9.2	-0.22085	-13.31226	-789.79407	0.07586	789.90626	-18.11061	0.31028	52.24241	55.2934	0.07	0.00108	0.06437	-1e-05	0.06438	36.85817	2.9934	
46.0	5	24.22707	-3.86811	0.73946	-12960.98613	3186.33246	-395.35028	13352.75918	-84.27302	-414.88526	-581.00595	718.88777	0.05384	-1.35158	0.33227	-0.04123	-1.39243	-7.77446	0.05767	
47.0	2	24.32433	4.04195	0.72195	-15379.37562	-3298.46868	-456.62689	15735.7427	43.38983	-283.15551	584.00205	650.4753	0.04134	1.70385	0.36543	0.05059	1.74334	8.89407	0.0418	
47.0	3	20.07716	9.2	-0.21491	-13.42709	-798.03072	0.07243	798.14368	-17.91795	0.30628	52.91801	55.87005	0.07	0.0011	0.06554	-1e-05	0.06555	37.53171	3.04336	
47.0	5	24.22764	-3.86731	0.72625	-12926.55058	3176.85759	-387.25356	13316.83519	-87.34589	-425.92423	-578.4827	723.65944	0.05434	-1.34728	0.33111	-0.04036	-1.38796	-7.9282	0.05839	
48.0	2	24.32471	4.04195	0.70871	-15430.09526	-3309.34309	-449.69321	15787.39419	46.97351	-297.94585	580.83905	654.48624	0.04146	1.71091	0.36694	0.04986	1.75053	9.0186	0.04194	
48.0	3	20.07067	9.2	-0.20902	-13.53606	-805.92464	0.06894	806.03831	-17.65806	0.30116	53.58751	56.42268	0.07	0.00112	0.0667	-1e-05	0.06671	38.1141	3.08529	
48.0	5	24.22822	-3.86654	0.71276	-12890.36023	3166.97897	-379.02734	13279.11158	-87.31056	-424.27021	-575.65826	720.42403	0.05425	-1.34278	0.3299	-0.03948	-1.38327	-8.0623	0.05826	
49.0	2	24.3251	4.04197	0.69524	-15481.11261	-3320.30262	-442.57733	15839.3539	51.21886	-315.80493	577.62347	660.30674	0.04169	1.71796	0.36846	0.04911	1.75772	9.14675	0.04221	
49.0	3	20.06423	9.2	-0.20317	-13.6439	-813.75668	0.06542	813.87105	-17.37207	0.29563	54.25694	56.97097	0.07	0.00114	0.06785	-1e-05	0.06786	38.71413	3.12841	
49.0	5	24.22879	-3.86581	0.69903	-12854.07171	3157.1179	-370.72598	13241.29868	-86.45509	-419.24675	-572.69134	714.99489	0.054	-1.33828	0.3287	-0.0386	-1.37859	-8.20075	0.05789	
50.0	2	24.32548	4.04203	0.68158	-15532.65321	-3331.40681	-435.28586	15891.85517	56.10349	-336.63008	574.37115	668.10899	0.04204	1.72502	0.36998	0.04834	1.76491	9.27002	0.04262	
50.0	3	20.05782	9.2	-0.19738	-13.75854	-822.00443	0.06191	822.11957	-17.09049	0.2902	54.9513	57.54837	0.07	0.00116	0.06905	-1e-05	0.06906	39.29311	3.17008	
50.0	5	24.22934	-3.86515	0.68511	-12818.52964	3147.49745	-362.37626	13204.27048	-84.61207	-410.18174	-569.6941	707.07824	0.05355	-1.33386	0.32752	-0.03771	-1.374	-8.3348	0.05726	
51.0	2	24.32586	4.04215	0.66776	-15583.33383	-3342.38582	-427.78113	15943.48873	61.77994	-361.14511	571.20072	678.61095	0.04256	1.73191	0.37147	0.04754	1.77194	9.39369	0.04323	
51.0	3	20.05144	9.2	-0.19166	-13.8731	-830.2591	0.05837	830.375	-16.77716	0.28425	55.65165	58.12625	0.07	0.00117	0.07025	-0.0	0.07026	39.87503	3.21175	
51.0	5	24.22988	-3.86458	0.671	-12784.67428	3138.35497	-354.00597	13168.99725	-80.97913	-393.81286	-566.74967	694.87508	0.05277	-1.32961	0.32639	-0.03682	-1.36958	-8.47002	0.05616	
52.0	2	24.32622	4.04235	0.65369	-15630.83864	-3352.74287	-420.00157	15991.88553	67.2709	-384.83733	568.47427	689.77398	0.04313	1.73838	0.37287	0.04671	1.77853	9.5163	0.0439	
52.0	3	20.04512	9.2	-0.186	-13.93933	-835.62297	0.05463	835.73923	-16.29444	0.27549	56.18602	58.50174	0.07	0.00119	0.07121	-0.0	0.07122	40.45165	3.25162	
52.0	5	24.2304	-3.86412	0.65671	-12752.58902	3129.72496	-345.61569	13135.56833	-75.42299	-369.61604	-564.08924	678.60247	0.05166	-1.32552	0.32531	-0.03592	-1.36533	-8.60423	0.05464	
53.0	2	24.32659	4.04259	0.63934	-15676.94188	-3362.84164	-412.00248	16038.85771	72.834	-408.87133	565.90717	701.94834	0.04377	1.74458	0.37423	0.04585	1.78485	9.6332	0.04465	
53.0	3	20.03896	9.2	-0.18039	-13.99015	-840.03802	0.05084	840.15451	-15.76419	0.26597	56.65802	58.81081	0.07	0.0012	0.07208	-0.0	0.07209	41.00122	3.28925	
53.0	5	24.23091	-3.86374	0.64227	-12721.75078	3121.47384	-337.19276	13103.44385	-69.06599	-342.13753	-561.49807	661.14165	0.05046	-1.32151	0.32425	-0.03503	-1.36116	-8.73228	0.05302	
54.0	2	24.32694	4.04291	0.62477	-15722.56262	-3372.90388	-403.8124	16085.35111	78.84961	-434.99821	563.35356	716.10609	0.04452	1.75062	0.37555	0.04496	1.79101	9.74609	0.04555	
54.0	3	20.03293	9.2	-0.17482	-14.04497	-844.66839	0.04707	844.78515	-15.24314	0.25664	57.13601	59.13496	0.07	0.00121	0.07296	-0.0	0.07297	41.53092	3.32573	
54.0	5	24.2314	-3.86343	0.62766	-12691.11753	3113.33123	-328.71161	13071.54723	-62.15207	-312.36651	-558.91303	643.28804	0.04921	-1.31747	0.3232	-0.03412	-1.35696	-8.85575	0.05139	
55.0	2	24.32729	4.04331	0.61	-15766.68786	-3382.72007	-395.4126	16130.33143	86.06809	-466.65051	560.27395	734.21885	0.04552	1.7564	0.37683	0.04405	1.7969	9.85338	0.04676	
55.0	3	20.02706	9.2	-0.16931	-14.07094	-847.53405	0.04322	847.65084	-14.63456	0.2459	57.50198	59.33556	0.07	0.00122	0.07368	-0.0	0.07369	42.0342	3.35967	
55.0	5	24.23188	-3.86318	0.61291	-12663.53628	3105.9922	-320.25014	13042.81024	-56.72739	-288.58573	-555.73977	628.76579	0.04821	-1.31369	0.32221	-0.03322	-1.35303	-8.97328	0.05011	
56.0	2	24.32754	4.04373	0.59505	-15790.04193	-3388.11815	-386.33397	16154.0714	87.08653	-469.34629	556.77427	733.39457	0.0454	1.75978	0.3776	0.04306	1.80035	9.96528	0.04661	
56.0	3	20.02141	9.2	-0.16382	-14.08011	-849.33189	0.03933	849.44859	-14.15076	0.23726	57.75255	59.4614	0.07	0.00123	0.07429	-0.0	0.0743	42.5552	3.39695	
56.0	5	24.23231	-3.86301	0.59801	-12638.42846	3099.32975	-311.78969	13016.64057	-59.31228	-297.44112	-552.46867	630.24662	0.04842	-1.31015	0.32129	-0.03232	-1.34935	-9.09443	0.05037	
57.0	2	24.32779	4.04407	0.5799	-15812.36991	-3393.22314	-377.08571	16176.74872	82.61103	-446.4425	553.19733	715.65548	0.04424	1.7631	0.37835	0.04205	1.80373	10.07287	0.04521	
57.0	3	20.01598	9.2	-0.15835	-14.09053	-851.14553	0.03545	851.26216	-13.82024	0.2312	57.96308	59.58835	0.07	0.00124	0.07488	-0.0	0.07489	43.05301	3.43439	
57.0	5	24.23269	-3.86275	0.58291	-12601.95302	3089.85648	-302.99383	12978.76104	-67.58644	-329.51971	-549.34283	644.14961	0.04963	-1.30553	0.3201	-0.03139	-1.34457	-9.20922	0.05194	
58.0	2	24.32806	4.04429	0.56462	-15839.46248	-3399.24199	-367.80779	16204.28031	78.34068	-424.53476	549.80389	699.03601	0.04314	1.76699	0.37921	0.04103	1.80769	10.17694	0.04391	
58.0	3	20.01073	9.2	-0.15288	-14.12049	-854.0907	0.03162	854.20742	-13.54542	0.2261	58.23963	59.79452	0.07	0.00125	0.07556	-0.0	0.07557	43.53508	3.47114	
58.0	5	24.2331	-3.8624	0.56758	-12571.13939	3081.72201	-294.2866	12946.70463	-75.22022	-359.0197	-546.3894	658.09924	0.05083	-1.30159	0.31908	-0.03047	-1.34048	-9.32001	0.05352	
59.0	2	24.32837	4.04438	0.54927	-15871.87472	-3406.28134	-358.50592	16237.23148	74.30663	-403.77172	546.64248	683.64543	0.0421	1.77146	0.38018	0.04001	1.81224	10.27796	0.04269	
59.0	3	20.0056	9.2	-0.14745	-14.1753	-858.50866	0.02784	858.62568	-13.32855	0.22198	58.60695	60.10386	0.07	0.00126	0.07637	-0.0	0.07638	44.00421	3.50742	
59.0	5	24.23353	-3.86195	0.55203	-12545.10904	3074.71695	-285.64001	12919.56792	-81.32399	-382.31607	-543.67503	669.59817	0.05183	-1.29819	0.31818	-0.02956	-1.33694	-9.42757	0.05487	
60.0	2	24.32868	4.04441	0.53375	-15906.54958	-3413.74825	-349.10417	16272.48815	70.91646	-386.05547	543.84936	670.70119	0.04122	1.77635	0.38123	0.03899	1.81722	10.37949	0.04167	
60.0	3	20.00056	9.2	-0.14204	-14.24298	-863.69036	0.02408	863.80779	-13.11878	0.21799	59.02588	60.46656	0.07	0.00127	0.07724	-0.0	0.07725	44.4776	3.54404	
60.0	5	24.23398	-3.86146	0.53628	-12521.20122	3068.2115	-276.98816	12894.61609	-85.12834	-396.27347	-541.32913	676.25196	0.05244	-1.29515	0.31736	-0.02865	-1.33377	-9.53627	0.05571	
61.0	2	24.32902	4.04438	0.5181	-15947.06456	-3422.41221	-339.67691	16313.71061	67.12694	-366.55158	541.72935	657.52322	0.0403	1.78183	0.3824	0.03795	1.8228	10.47578	0.04062	
61.0	3	19.99555	9.2	-0.13668	-14.31952	-869.41047	0.02032	869.52838	-12.92504	0.21427	59.47847	60.867	0.07	0.00129	0.07815	-0.0	0.07816	44.92662	3.57906	
61.0	5	24.23444	-3.86095	0.52042	-12502.36728	3062.93498	-268.39328	12874.89002	-87.48123	-404.36973	-539.63992	679.98463	0.05281	-1.29262	0.31668	-0.02775	-1.33113	-9.63905	0.05622	
62.0	2	24.32936	4.04434	0.50231	-15991.91431	-3431.99549	-330.18375	16359.36849	63.37663	-347.2597	539.94186	645.09155	0.03943	1.78797	0.38371	0.03692	1.82905	10.56929	0.03963	
62.0	3	19.99054	9.2	-0.13136	-14.42294	-876.77619	0.01659	876.89481	-12.79721	0.21165	60.03346	61.38265	0.07	0.0013	0.07923	-0.0	0.07924	45.36338	3.61377	
62.0	5	24.2349	-3.86042	0.50444	-12485.2159	3058.06771	-259.77748	12856.90003	-89.05595	-409.32385	-538.37351	682.14589	0.05306	-1.29043	0.31607	-0.02685	-1.32884	-9.73903	0.05656	
63.0	2	24.3297	4.04432	0.48634	-16033.3849	-3440.87031	-320.46653	16401.57671	63.99614	-348.30573	537.96628	644.0653	0.03927	1.79367	0.38493	0.03585	1.83486	10.65691	0.03944	
63.0	3	19.98558	9.2	-0.12609	-14.46322	-880.30445	0.01278	880.42326	-12.40741	0.20473	60.36742	61.62963	0.07	0.00131	0.07996	-0.0	0.07997	45.77651	3.6444	
63.0	5	24.23536	-3.85991	0.48831	-12471.24328	3053.98975	-251.17218	12842.19023	-88.53112	-405.65569	-536.58467	678.46695	0.05283	-1.28856	0.31555	-0.02595	-1.32689	-9.83435	0.05625	
64.0	2	24.33003	4.04433	0.47017	-16073.87075	-3449.55242	-310.58271	16442.78548	63.99685	-346.42875	535.59634	641.07091	0.03899	1.79921	0.38612	0.03476	1.8405	10.69075	0.03913	
64.0	3	19.9808	9.2	-0.1209	-14.45623	-880.91093	0.00897	881.02954	-11.90356	0.19596	60.51194	61.67194	0.07	0.00132	0.0804	-0.0	0.08041	45.95275	3.65566	
64.0	5	24.23582	-3.85944	0.472	-12461.57747	3051.00637	-242.5975	12831.92918	-85.66916	-392.38586	-534.21346	668.34862	0.05208	-1.28717	0.31514	-0.02506	-1.32543	-9.87756	0.05522	
65.0	2	24.33037	4.04436	0.45387	-16117.38596	-3458.89694	-300.60892	16487.09993	64.10462	-345.11002	533.91971	638.96838	0.03876	1.80505	0.38738	0.03367	1.84645	10.81682	0.03887	
65.0	3	19.97623	9.2	-0.11577	-14.4492	-881.46221	0.00519	881.58063	-11.38401	0.18697	60.65115	61.71055	0.07	0.00132	0.08083	-0.0	0.08084	46.5421	3.69887	
65.0	5	24.23627	-3.859	0.45553	-12457.23971	3049.36006	-234.06439	12827.16664	-83.86306	-383.46794	-532.45861	661.50801	0.05157	-1.28636	0.31488	-0.02417	-1.32456	-10.01355	0.05452	
66.0	2	24.33072	4.04438	0.43736	-16162.95085	-3468.67374	-290.52345	16533.51389	64.64351	-345.82806	532.60707	638.31506	0.03861	1.81105	0.38866	0.03255	1.85257	10.89588	0.0387	
66.0	3	19.97184	9.2	-0.1107	-14.45701	-882.8771	0.00145	882.99546	-10.90924	0.17874	60.83899	61.8096	0.07	0.00133	0.08132	-0.0	0.08133	46.91825	3.72557	
66.0	5	24.23672	-3.85859	0.43897	-12454.72433	3048.1954	-225.50072	12824.29351	-80.67224	-368.91074	-531.09127	651.66025	0.05081	-1.28573	0.31467	-0.02328	-1.32389	-10.1012	0.0535	
67.0	2	24.33106	4.04441	0.42064	-16209.74466	-3478.72632	-280.31191	16581.19216	65.79526	-349.41064	531.47774	639.44148	0.03856	1.81714	0.38997	0.03142	1.85878	10.97143	0.03865	
67.0	3	19.9676	9.2	-0.10569	-14.46599	-884.32882	-0.00225	884.44713	-10.42596	0.17039	61.02679	61.91121	0.07	0.00134	0.0818	0.0	0.08181	47.27864	3.75185	
67.0	5	24.23715	-3.85824	0.42233	-12454.17426	3047.5566	-216.90895	12823.45925	-76.42626	-350.03511	-529.83433	639.60142	0.04988	-1.28531	0.31452	-0.02239	-1.32342	-10.18544	0.05226	
68.0	2	24.3313	4.04439	0.40379	-16234.7761	-3484.07772	-269.59065	16606.60807	55.33211	-298.88402	530.54798	611.45274	0.03682	1.82078	0.39075	0.03024	1.86249	11.04831	0.03672	
68.0	3	19.96349	9.2	-0.10071	-14.48667	-886.46522	-0.00593	886.58358	-10.23579	0.16686	61.21058	62.06073	0.07	0.00135	0.08233	0.0	0.08234	47.63127	3.77988	
68.0	5	24.23752	-3.85777	0.40556	-12443.74867	3044.44329	-208.08797	12812.44772	-83.02357	-375.51918	-529.21097	654.19555	0.05106	-1.28385	0.3141	-0.02147	-1.32189	-10.26457	0.05383	
69.0	2	24.33157	4.04421	0.38693	-16262.02403	-3489.75142	-258.7905	16634.26472	45.43626	-250.97934	529.26971	587.5215	0.03532	1.82477	0.39159	0.02904	1.86654	11.12003	0.03508	
69.0	3	19.95953	9.2	-0.09572	-14.47865	-886.81105	-0.00961	886.92924	-9.97534	0.1622	61.27812	62.08495	0.07	0.00135	0.08269	0.0	0.0827	47.96033	3.80616	
69.0	5	24.23789	-3.85714	0.38864	-12429.74829	3040.36382	-199.1629	12797.73889	-90.42804	-404.28958	-528.15862	671.25169	0.05245	-1.28215	0.31362	-0.02054	-1.32011	-10.33752	0.05572	
70.0	2	24.33186	4.04392	0.37	-16291.13236	-3495.71716	-247.90825	16663.8078	38.46322	-216.66905	527.63184	571.68195	0.03431	1.82902	0.39247	0.02783	1.87086	11.18695	0.03398	
70.0	3	19.95579	9.2	-0.0907	-14.43073	-884.65193	-0.01327	884.76962	-9.58069	0.15537	61.18809	61.93381	0.07	0.00135	0.08279	0.0	0.0828	48.26988	3.82972	
70.0	5	24.23828	-3.8564	0.37154	-12424.68373	3038.42495	-190.33862	12792.22501	-97.71629	-432.56507	-526.54822	688.41416	0.05382	-1.28147	0.31338	-0.01963	-1.31937	-10.40605	0.05763	
71.0	2	24.33217	4.04354	0.35298	-16322.29747	-3502.03354	-236.94288	16695.44176	33.46381	-191.56422	526.11017	560.89981	0.0336	1.83357	0.3934	0.02662	1.87548	11.25017	0.03322	
71.0	3	19.95229	9.2	-0.08567	-14.3845	-882.52802	-0.01691	882.64524	-9.15261	0.14801	61.10329	61.78514	0.07	0.00135	0.08288	0.0	0.08289	48.56625	3.85273	
71.0	5	24.23869	-3.85564	0.35434	-12424.28974	3037.62458	-181.53439	12791.52428	-102.7812	-451.76062	-524.94618	700.15721	0.05474	-1.28139	0.31329	-0.01872	-1.31927	-10.47207	0.05896	
72.0	2	24.3325	4.04311	0.3359	-16342.17135	-3505.87807	-225.70849	16715.52242	37.19443	-207.12386	524.18639	564.84961	0.03379	1.83684	0.39406	0.02537	1.87881	11.30871	0.03343	
72.0	3	19.94901	9.2	-0.08064	-14.29952	-877.96081	-0.02045	878.07725	-8.4354	0.13597	60.88363	61.46536	0.07	0.00135	0.08271	0.0	0.08272	48.86008	3.873	
72.0	5	24.23909	-3.85488	0.33708	-12418.03516	3035.41197	-172.59646	12784.80007	-97.64606	-429.19367	-522.64924	683.30387	0.05345	-1.28081	0.31307	-0.0178	-1.31863	-10.54152	0.05711	
73.0	2	24.33282	4.04269	0.31873	-16388.12193	-3515.31925	-214.71999	16762.28249	27.69592	-161.11699	523.90835	548.82211	0.03274	1.84302	0.39534	0.02415	1.8851	11.36845	0.03231	
73.0	3	19.94597	9.2	-0.07565	-14.31293	-879.3761	-0.0241	879.49258	-8.24613	0.13254	61.00961	61.56451	0.07	0.00135	0.08309	0.0	0.0831	49.13323	3.89474	
73.0	5	24.23949	-3.85416	0.31976	-12432.9375	3038.40643	-163.89497	12799.87149	-104.79406	-456.99924	-522.5998	702.09732	0.05485	-1.28244	0.31341	-0.01691	-1.32029	-10.60061	0.05913	
74.0	2	24.33314	4.04226	0.30143	-16423.5987	-3522.50168	-203.47475	16798.33367	27.19287	-156.99664	522.99415	546.72688	0.03255	1.84802	0.39636	0.0229	1.89019	11.42109	0.0321	
74.0	3	19.94306	9.2	-0.07069	-14.28791	-878.39979	-0.02765	878.51599	-7.76493	0.12438	61.0039	61.49622	0.07	0.00135	0.08323	0.0	0.08324	49.39342	3.91265	
74.0	5	24.2399	-3.85344	0.30233	-12443.2142	3040.27355	-155.06767	12810.18691	-102.17661	-444.78361	-521.43959	692.94428	0.05409	-1.28363	0.31363	-0.016	-1.32149	-10.66096	0.05803	
75.0	2	24.33346	4.04189	0.28401	-16456.12111	-3529.10735	-192.0861	16831.38193	28.90568	-163.22666	522.52104	548.18493	0.03257	1.85272	0.39733	0.02163	1.89497	11.43317	0.03212	
75.0	3	19.94029	9.2	-0.06581	-14.27909	-878.38788	-0.03118	878.50393	-7.26994	0.11601	61.06392	61.49526	0.07	0.00136	0.08346	0.0	0.08347	49.47367	3.91865	
75.0	5	24.24029	-3.8528	0.28476	-12450.20507	3041.39965	-146.14303	12817.13992	-95.24479	-414.92682	-521.00376	672.81554	0.05249	-1.28455	0.3138	-0.01508	-1.32241	-10.68178	0.05578	
76.0	2	24.33376	4.04156	0.26649	-16491.72845	-3536.40309	-180.63066	16867.59857	30.19824	-167.49465	522.10103	549.14103	0.03256	1.85757	0.39833	0.02035	1.89991	11.4803	0.03211	
76.0	3	19.93772	9.2	-0.06101	-14.25079	-877.1339	-0.0346	877.24966	-6.7512	0.10728	61.03482	61.40716	0.07	0.00136	0.08354	0.0	0.08355	49.70895	3.93079	
76.0	5	24.24065	-3.85227	0.26708	-12463.55571	3044.16145	-137.23775	12830.66538	-89.67257	-390.59576	-520.24653	656.70593	0.05118	-1.28604	0.31411	-0.01416	-1.32392	-10.73721	0.05399	
77.0	2	24.33405	4.04129	0.24888	-16523.82902	-3543.0064	-169.04384	16900.24839	32.23824	-175.31241	523.14121	552.67574	0.0327	1.86201	0.39925	0.01905	1.90443	11.65409	0.03226	
77.0	3	19.93541	9.2	-0.05626	-14.21888	-875.59653	-0.03797	875.71197	-6.15862	0.09737	60.98918	61.29942	0.07	0.00136	0.08358	0.0	0.08359	50.52086	3.99119	
77.0	5	24.24099	-3.85184	0.24938	-12474.9312	3046.51397	-128.25954	12842.18075	-78.52221	-343.37699	-518.81996	627.09461	0.04883	-1.28734	0.31438	-0.01324	-1.32524	-10.92409	0.0509	
78.0	2	24.33433	4.04105	0.23112	-16560.80876	-3550.68136	-157.39876	16937.90127	25.59357	-142.72056	526.7199	546.31314	0.03225	1.86688	0.40026	0.01774	1.90939	11.10685	0.03179	
78.0	3	19.93346	9.2	-0.05157	-14.46055	-890.82766	-0.04207	890.94502	-6.31855	0.09964	62.04319	62.36419	0.07	0.00138	0.08519	0.0	0.0852	48.04214	3.80584	
78.0	5	24.24132	-3.85148	0.23163	-12471.01022	3045.19917	-119.07487	12837.97152	-53.72036	-240.50922	-524.47142	579.48325	0.04514	-1.28706	0.31428	-0.01229	-1.32494	-10.36175	0.0463	
79.0	2	24.3345	4.04067	0.21334	-16550.06572	-3548.01271	-145.24342	16926.72931	25.96616	-142.4986	522.19397	541.91017	0.03202	1.8662	0.40008	0.01638	1.90867	12.33078	0.03154	
79.0	3	19.93175	9.2	-0.04687	-13.85212	-853.62472	-0.0436	853.7371	-4.76562	0.07429	59.57143	59.7618	0.07	0.00133	0.08177	0.0	0.08178	53.61262	4.22671	
79.0	5	24.24155	-3.85096	0.21383	-12516.23659	3055.81187	-110.30063	12884.34441	-88.43865	-380.81807	-514.85995	646.47086	0.05017	-1.2918	0.31539	-0.01138	-1.32979	-11.62452	0.05265	
80.0	2	24.33471	4.04016	0.1955	-16557.37329	-3549.08713	-133.18734	16934.00038	15.1842	-90.45691	522.78954	530.77483	0.03134	1.86785	0.40038	0.01502	1.91034	11.72176	0.03083	
80.0	3	19.93036	9.2	-0.04214	-13.79558	-850.3411	-0.04673	850.453	-4.54621	0.07049	59.35787	59.53175	0.07	0.00132	0.08157	0.0	0.08158	50.84352	4.02415	
80.0	5	24.2418	-3.85034	0.19591	-12524.27163	3057.30092	-101.11249	12892.42772	-92.46173	-395.90291	-518.02255	658.51017	0.05108	-1.29299	0.31563	-0.01044	-1.331	-10.99317	0.05385	
81.0	2	24.33493	4.03958	0.17766	-16567.52743	-3550.69442	-121.11628	16944.17496	7.99712	-55.21237	524.70087	527.65838	0.03114	1.86964	0.40069	0.01367	1.91214	11.66263	0.03061	
81.0	3	19.92922	9.2	-0.03738	-13.70302	-844.77886	-0.04972	844.89	-4.15544	0.06393	58.9961	59.1423	0.07	0.00132	0.08112	0.0	0.08113	50.58069	3.99774	
81.0	5	24.24207	-3.84967	0.17791	-12541.2968	3060.96398	-91.95926	12909.76694	-95.95937	-408.70427	-517.33862	666.24818	0.05161	-1.29505	0.31608	-0.0095	-1.3331	-10.93155	0.05457	
82.0	2	24.33515	4.03897	0.15978	-16573.58197	-3551.38752	-108.95754	16950.15765	6.42618	-45.9497	520.20577	522.27073	0.03081	1.87106	0.40093	0.0123	1.91357	12.28278	0.03027	
82.0	3	19.92835	9.2	-0.0326	-13.46048	-829.90742	-0.05209	830.01658	-3.40075	0.05152	58.00159	58.10122	0.07	0.00129	0.07976	1e-05	0.07977	53.39284	4.2134	
82.0	5	24.24233	-3.84901	0.15986	-12572.68922	3068.14821	-82.84054	12941.9052	-103.40497	-437.79003	-520.5929	688.01865	0.05316	-1.29876	0.31694	-0.00856	-1.3369	-11.56404	0.05671	
83.0	2	24.33538	4.03835	0.14191	-16590.85791	-3554.47324	-96.8542	16967.6229	-3.64282	2.65291	526.64472	526.664	0.03104	1.87365	0.40142	0.01094	1.9162	11.84671	0.03051	
83.0	3	19.92778	9.2	-0.02781	-13.48033	-831.14662	-0.05542	831.25593	-3.20864	0.04817	58.0996	58.18816	0.07	0.0013	0.07992	1e-05	0.07993	51.42925	4.06165	
83.0	5	24.24259	-3.84836	0.14187	-12588.85119	3071.64603	-73.58519	12958.37947	-94.48235	-399.69547	-520.46883	663.00165	0.05116	-1.30092	0.31742	-0.0076	-1.33911	-11.11973	0.05397	
84.0	2	24.33561	4.03773	0.12395	-16605.47462	-3556.97861	-84.65706	16982.37471	-5.23691	11.90228	527.12954	527.28991	0.03105	1.87604	0.40186	0.00956	1.91862	11.67235	0.03052	
84.0	3	19.92752	9.2	-0.02301	-13.35573	-823.40898	-0.05812	823.51729	-2.71772	0.04002	57.58216	57.64628	0.07	0.00128	0.0792	1e-05	0.07921	50.64378	3.99978	
84.0	5	24.24285	-3.84774	0.1238	-12622.32306	3079.40047	-64.35229	12992.68594	-95.59154	-402.73539	-522.06763	666.24932	0.05128	-1.30502	0.31838	-0.00665	-1.34331	-10.9401	0.05412	
85.0	2	24.33584	4.03716	0.10597	-16622.11159	-3559.95746	-72.4347	16999.20991	-6.20843	18.21908	529.27666	529.62653	0.03116	1.87855	0.40233	0.00819	1.92117	11.78946	0.03063	
85.0	3	19.92756	9.2	-0.01824	-13.23073	-815.58178	-0.06074	815.68909	-2.1784	0.03109	57.05666	57.09823	0.07	0.00127	0.07844	1e-05	0.07845	51.18484	4.04046	
85.0	5	24.24308	-3.84722	0.10566	-12656.22666	3087.34226	-55.0619	13027.46282	-91.97705	-386.38395	-523.3575	657.00488	0.05043	-1.30918	0.31936	-0.0057	-1.34758	-11.06175	0.05299	
86.0	2	24.33606	4.03662	0.08795	-16637.90904	-3562.79011	-60.16411	17015.20233	-4.14048	10.36182	531.41189	531.52902	0.03124	1.88092	0.40277	0.0068	1.92357	11.80751	0.03072	
86.0	3	19.92784	9.2	-0.01347	-13.12509	-808.90488	-0.06338	809.01136	-1.62638	0.02195	56.60743	56.63079	0.07	0.00126	0.07778	1e-05	0.07779	51.27943	4.04652	
86.0	5	24.2433	-3.84676	0.08744	-12688.7869	3095.00936	-45.70021	13060.8761	-83.82393	-351.40958	-524.98459	637.27856	0.04879	-1.31324	0.32032	-0.00473	-1.35175	-11.0834	0.05085	
87.0	2	24.33626	4.03616	0.0699	-16645.60135	-3563.95529	-47.86415	17022.92903	3.17988	-21.97647	530.50592	530.97044	0.03119	1.88239	0.40303	0.00541	1.92506	12.39621	0.03067	
87.0	3	19.92837	9.2	-0.00872	-12.8809	-793.64364	-0.06524	793.74816	-0.8413	0.00909	55.55592	55.56229	0.07	0.00124	0.07628	1e-05	0.07629	53.97237	4.25283	
87.0	5	24.2435	-3.84637	0.06929	-12729.83651	3104.79856	-36.3275	13103.04665	-79.10022	-330.44602	-523.99773	624.51985	0.04766	-1.31823	0.32152	-0.00376	-1.35688	-11.69457	0.04941	
88.0	2	24.33645	4.03578	0.05175	-16662.53006	-3567.17239	-35.50098	17040.1258	4.43682	-26.04559	534.64782	535.30025	0.03141	1.88446	0.40343	0.00401	1.92716	11.35736	0.0309	
88.0	3	19.92921	9.2	-0.00404	-12.84487	-791.15032	-0.06805	791.25459	-0.37339	0.0013	55.38667	55.38793	0.07	0.00123	0.07598	1e-05	0.07599	49.25539	3.88736	
88.0	5	24.24368	-3.84608	0.0511	-12759.78638	3111.96706	-26.81517	13133.81919	-62.53165	-260.95937	-529.79138	593.87617	0.04522	-1.32181	0.32237	-0.00278	-1.36056	-10.62637	0.04639	
89.0	2	24.33656	4.03531	0.03363	-16653.11061	-3564.68348	-23.09167	17030.37271	-2.06976	6.19955	535.62636	535.66623	0.03145	1.88336	0.40314	0.00261	1.92602	12.98229	0.03094	
89.0	3	19.93036	9.2	0.00065	-12.62799	-777.46041	-0.06983	777.56296	0.05955	-0.00586	54.42963	54.42966	0.07	0.00121	0.07457	1e-05	0.07458	56.62869	4.46647	
89.0	5	24.24376	-3.84577	0.03299	-12789.68232	3119.14199	-17.26976	13164.5478	-64.89638	-269.05365	-533.44116	600.96662	0.04565	-1.32532	0.32322	-0.00179	-1.36417	-12.29043	0.04692	
90.0	2	24.33666	4.0347	0.01554	-16636.74894	-3560.57575	-10.72516	17013.5014	-8.91526	40.03196	539.29936	540.85658	0.03179	1.88188	0.40276	0.00121	1.9245	11.80302	0.0313	
90.0	3	19.93186	9.2	0.00541	-12.45752	-766.5634	-0.07181	766.66462	0.48246	-0.01287	53.6644	53.66657	0.07	0.00119	0.07343	1e-05	0.07344	51.27426	4.04418	
90.0	5	24.24382	-3.8454	0.01487	-12814.19065	3124.99038	-7.70163	13189.73488	-70.93835	-292.1906	-529.15116	608.61198	0.04614	-1.32868	0.32402	-0.0008	-1.36762	-11.07784	0.04752	
91.0	2	24.33678	4.03402	-0.00259	-16626.31876	-3557.66575	1.65474	17002.6899	-15.50195	72.69949	543.97278	549.02816	0.03229	1.88085	0.40246	-0.00019	1.92342	11.84247	0.03183	
91.0	3	19.93367	9.2	0.0102	-12.33368	-758.48158	-0.07401	758.58186	0.80713	-0.01831	53.09459	53.10073	0.07	0.00118	0.07253	1e-05	0.07254	51.44083	4.05478	
91.0	5	24.24389	-3.84498	-0.00338	-12842.64074	3131.7834	1.93289	13218.98227	-72.31731	-296.22501	-534.26949	615.1609	0.04654	-1.33235	0.3249	0.0002	-1.37139	-11.11022	0.04801	
92.0	2	24.3369	4.03331	-0.02067	-16619.50634	-3555.49853	14.02251	16995.58052	-21.65319	103.37171	547.16988	557.26963	0.03279	1.88025	0.40225	-0.00159	1.9228	11.8468	0.03236	
92.0	3	19.93571	9.2	0.01506	-12.20829	-750.26861	-0.07616	750.36794	1.13373	-0.02378	52.51351	52.52575	0.07	0.00117	0.07161	1e-05	0.07162	51.45559	4.05517	
92.0	5	24.24398	-3.84449	-0.02165	-12877.27146	3140.04527	11.61637	13254.58938	-72.84666	-296.75669	-536.89951	617.76392	0.04661	-1.33675	0.32596	0.00121	-1.37592	-11.10976	0.0481	
93.0	2	24.33702	4.0326	-0.03875	-16616.50696	-3554.14465	26.38414	16992.37899	-27.38343	132.12688	552.64651	568.88094	0.03348	1.8801	0.40214	-0.00299	1.92263	11.83358	0.03309	
93.0	3	19.93792	9.2	0.01996	-12.10669	-743.50007	-0.07843	743.59864	1.44271	-0.02898	52.03189	52.0519	0.07	0.00115	0.07081	1e-05	0.07082	51.3821	4.04904	
93.0	5	24.24407	-3.84399	-0.03988	-12914.29828	3148.89325	21.35457	13292.67034	-70.26275	-284.48727	-541.99167	616.13702	0.04635	-1.34147	0.32709	0.00222	-1.38077	-11.08745	0.04778	
94.0	2	24.33714	4.03189	-0.05668	-16599.69782	-3549.84387	38.60871	16975.06553	-25.16215	123.69986	555.0828	569.2554	0.03353	1.87828	0.40167	-0.00437	1.92076	12.61643	0.03315	
94.0	3	19.94039	9.2	0.02495	-11.64897	-714.83651	-0.07831	714.93142	2.13076	-0.0402	49.99987	50.04527	0.07	0.00111	0.06792	1e-05	0.06793	54.96198	4.32526	
94.0	5	24.24414	-3.84357	-0.05796	-12976.11221	3163.85432	31.12951	13356.28809	-75.52915	-304.5018	-535.67668	620.7862	0.04648	-1.34878	0.32886	0.00324	-1.3883	-11.89894	0.04794	
95.0	2	24.33725	4.03121	-0.07467	-16603.34499	-3549.93704	50.92358	16978.68402	-36.49636	178.7756	563.2056	592.0247	0.03487	1.87889	0.40172	-0.00576	1.92136	10.13686	0.03459	
95.0	3	19.94328	9.2	0.02995	-11.80486	-723.76324	-0.08222	723.85951	2.39233	-0.04477	50.61376	50.67029	0.07	0.00112	0.06858	1e-05	0.06859	43.65781	3.45214	
95.0	5	24.24417	-3.84326	-0.07616	-12998.31252	3169.25749	40.91358	13379.16273	-56.18245	-223.35425	-547.73703	594.18806	0.04441	-1.35217	0.32969	0.00426	-1.39179	-9.3345	0.04542	
96.0	2	24.33733	4.03063	-0.0927	-16582.10177	-3544.80689	63.15955	16956.87896	-32.02043	159.89227	567.1541	590.13101	0.0348	1.87647	0.40114	-0.00715	1.91888	12.09251	0.03452	
96.0	3	19.94654	9.2	0.03493	-11.51242	-705.14358	-0.08297	705.23756	2.80332	-0.05157	49.28674	49.36642	0.07	0.00109	0.0666	1e-05	0.06661	52.53479	4.13726	
96.0	5	24.24417	-3.84308	-0.09441	-13045.08211	3180.75954	50.83517	13427.35948	-47.55884	-186.17833	-555.13588	587.45218	0.04375	-1.35807	0.33114	0.00529	-1.39787	-11.33666	0.04463	
97.0	2	24.33742	4.03007	-0.11069	-16573.07951	-3542.29922	75.36831	16947.5818	-31.20868	158.19966	572.74292	595.00888	0.03511	1.87537	0.40084	-0.00853	1.91775	11.82175	0.03485	
97.0	3	19.95006	9.2	0.03996	-11.2822	-690.32124	-0.08407	690.41344	3.28086	-0.05949	48.2174	48.32893	0.07	0.00106	0.06498	1e-05	0.06499	51.29367	4.04174	
97.0	5	24.24418	-3.84286	-0.11251	-13101.42022	3194.5865	60.831	13485.41046	-45.20069	-174.73618	-558.65242	587.08463	0.04353	-1.36496	0.33283	0.00634	-1.40497	-11.05248	0.04437	
98.0	2	24.33749	4.02954	-0.12866	-16564.79048	-3539.98083	87.55013	16939.04994	-30.54591	157.29646	580.69496	602.39677	0.03556	1.87427	0.40054	-0.00991	1.91662	11.74032	0.03534	
98.0	3	19.95383	9.2	0.04503	-11.11238	-679.17926	-0.08556	679.27017	3.68686	-0.06629	47.40571	47.54891	0.07	0.00104	0.0637	1e-05	0.06371	50.89894	4.01178	
98.0	5	24.24419	-3.84267	-0.13049	-13153.9668	3207.51207	70.87701	13539.57163	-36.02197	-135.21427	-566.19662	583.2316	0.04308	-1.37143	0.33441	0.00739	-1.41163	-10.95663	0.04383	
99.0	2	24.33752	4.02896	-0.14654	-16548.03621	-3535.81489	99.58237	16921.86178	-40.25962	205.0231	589.52308	625.45405	0.03696	1.87209	0.40001	-0.01127	1.91438	11.8336	0.03687	
99.0	3	19.95789	9.2	0.0502	-10.90003	-665.41607	-0.08669	665.50535	3.93725	-0.07054	46.41863	46.58536	0.07	0.00102	0.06216	1e-05	0.06217	51.29074	4.04206	
99.0	5	24.24411	-3.84253	-0.14832	-13202.64805	3219.57382	80.90905	13589.77988	-34.88506	-128.65451	-573.01992	588.3203	0.04329	-1.3775	0.33591	0.00844	-1.41789	-11.03696	0.04409	
100.0	2	24.33751	4.02822	-0.16443	-16500.36064	-3524.89489	111.40408	16873.03163	-41.56155	213.10812	587.08058	625.94412	0.0371	1.86627	0.39868	-0.0126	1.90842	11.84737	0.03702	
100.0	3	19.96221	9.2	0.05551	-10.46849	-638.28051	-0.08598	638.36636	4.37394	-0.07773	44.47226	44.6869	0.07	0.00097	0.05937	1e-05	0.05938	51.35686	4.04658	
100.0	5	24.24397	-3.8424	-0.16619	-13254.73021	3232.49393	91.05585	13643.50326	-49.27279	-185.99752	-569.5583	601.18179	0.04406	-1.38394	0.33751	0.00951	-1.42454	-11.05122	0.045	
101.0	2	24.33751	4.0274	-0.18222	-16470.33281	-3517.6774	123.21988	16842.24154	-57.83569	292.06846	607.28485	676.34595	0.04016	1.86265	0.39782	-0.01394	1.90471	11.8142	0.04045	
101.0	3	19.96687	9.2	0.06093	-10.49907	-639.2924	-0.08901	639.37862	4.4115	-0.07865	44.53816	44.75618	0.07	0.00097	0.05919	1e-05	0.0592	51.12751	4.02982	
101.0	5	24.24386	-3.84216	-0.18405	-13277.66499	3238.2592	101.00363	13667.22035	-32.41209	-114.55934	-587.93973	599.87292	0.04389	-1.38757	0.33841	0.01056	-1.42828	-10.98029	0.0448	
102.0	2	24.33752	4.02654	-0.19995	-16435.67111	-3509.42857	134.94462	16806.71247	-62.69426	317.23932	614.37459	694.282	0.04131	1.85844	0.39682	-0.01526	1.90039	11.66397	0.04177	
102.0	3	19.97177	9.2	0.06646	-10.28642	-625.47401	-0.08999	625.5586	4.68814	-0.08336	43.53734	43.7891	0.07	0.00095	0.05763	1e-05	0.05764	50.412	3.97527	
102.0	5	24.24375	-3.84188	-0.20192	-13326.14248	3250.23667	111.19178	13717.23279	-32.72869	-113.79195	-596.23524	607.87848	0.04431	-1.39386	0.33996	0.01163	-1.43477	-10.8095	0.0453	
103.0	2	24.33754	4.02567	-0.21754	-16402.02439	-3501.38999	146.54733	16772.22741	-66.4133	337.12144	621.51317	710.16914	0.04234	1.85428	0.39584	-0.01657	1.89613	11.41238	0.04297	
103.0	3	19.9769	9.2	0.07217	-10.03776	-609.46924	-0.09063	609.5519	5.00872	-0.08879	42.37396	42.66904	0.07	0.00092	0.05587	1e-05	0.05587	49.24389	3.88764	
103.0	5	24.24364	-3.84161	-0.21977	-13381.66719	3263.96023	121.45048	13774.51282	-32.23825	-109.796	-601.32964	612.12074	0.04444	-1.40092	0.3417	0.01271	-1.44205	-10.53842	0.04545	
104.0	2	24.33755	4.02481	-0.23511	-16413.15761	-3502.91819	158.5269	16783.54282	-74.88831	379.21767	625.85508	735.60104	0.04383	1.85523	0.39595	-0.01792	1.8971	12.21479	0.04472	
104.0	3	19.98225	9.2	0.07794	-10.71432	-649.56937	-0.09976	649.65773	4.46501	-0.0806	45.25409	45.4739	0.07	0.00098	0.05922	1e-05	0.05923	52.86693	4.154	
104.0	5	24.24352	-3.8414	-0.23765	-13392.69725	3266.87815	131.34903	13786.01048	-19.85626	-56.90484	-609.2746	612.24829	0.04441	-1.40345	0.34234	0.01376	-1.44467	-11.34918	0.04542	
105.0	2	24.33756	4.02398	-0.25255	-16347.39963	-3488.07	169.63941	16716.24612	-66.88606	344.38325	635.58184	725.97372	0.04343	1.8473	0.39416	-0.01917	1.88898	11.01637	0.04425	
105.0	3	19.98756	9.2	0.08376	-9.7264	-588.79301	-0.09334	588.87335	5.56836	-0.09846	40.84392	41.22187	0.07	0.00088	0.05338	1e-05	0.05339	47.39761	3.74466	
105.0	5	24.24339	-3.84124	-0.25541	-13492.82337	3291.56496	142.13276	13889.23627	-23.98545	-71.71634	-616.13185	620.75518	0.04469	-1.41518	0.34523	0.01491	-1.45676	-10.10824	0.04576	
106.0	2	24.33755	4.02323	-0.26991	-16329.68978	-3483.5482	181.13564	16698.10428	-63.17152	329.38236	639.56504	722.16814	0.04325	1.84514	0.39362	-0.02047	1.88677	11.44148	0.04404	
106.0	3	19.99303	9.2	0.08964	-9.73779	-588.5708	-0.09625	588.65136	5.61416	-0.09956	40.82124	41.20561	0.07	0.00088	0.05307	1e-05	0.05308	49.31688	3.89032	
106.0	5	24.24326	-3.84111	-0.273	-13547.11782	3305.10263	152.50065	13945.29888	-23.63465	-68.31318	-619.00965	623.21604	0.04469	-1.42241	0.34703	0.01601	-1.46422	-10.53727	0.04575	
107.0	2	24.33753	4.02252	-0.28724	-16308.65839	-3478.35116	192.51284	16676.58018	-57.96003	307.54636	646.72993	718.47319	0.04308	1.84235	0.39294	-0.02175	1.88391	11.39768	0.04384	
107.0	3	19.99851	9.2	0.0956	-9.64112	-581.82303	-0.09811	581.90291	5.85342	-0.10379	40.3103	40.7332	0.07	0.00086	0.05216	1e-05	0.05217	49.09408	3.87345	
107.0	5	24.24313	-3.84099	-0.29041	-13608.05042	3320.27125	162.98151	14008.20475	-20.16901	-51.92817	-626.11551	628.58886	0.04487	-1.43014	0.34894	0.01713	-1.47219	-10.48061	0.04598	
108.0	2	24.3375	4.02187	-0.30457	-16288.45537	-3473.39486	203.86602	16655.92422	-51.36062	278.52222	641.75723	701.47337	0.04212	1.8396	0.39228	-0.02302	1.88111	11.28275	0.04271	
108.0	3	20.00393	9.2	0.10153	-9.53753	-574.68442	-0.09981	574.76357	6.12499	-0.10856	39.76428	40.23338	0.07	0.00085	0.05123	1e-05	0.05124	48.60256	3.83475	
108.0	5	24.24298	-3.84093	-0.30776	-13669.62311	3335.64008	173.55456	14071.7878	-15.65457	-31.72998	-623.15992	624.16356	0.04436	-1.43785	0.35086	0.01826	-1.48016	-10.37565	0.04535	
109.0	2	24.33747	4.02125	-0.32181	-16224.69799	-3459.18337	214.50868	16590.74406	-47.55959	264.50836	668.23861	720.2565	0.04341	1.83131	0.39044	-0.02421	1.87262	11.397	0.04423	
109.0	3	20.00956	9.2	0.1074	-8.62432	-518.82512	-0.09272	518.8968	6.68745	-0.11754	35.70116	36.32229	0.07	0.00076	0.04597	1e-05	0.04597	49.01386	3.88427	
109.0	5	24.24281	-3.84098	-0.32495	-13765.4429	3359.47068	184.58556	14170.65748	7.44818	66.47679	-654.43535	657.84517	0.04642	-1.44875	0.35357	0.01943	-1.4914	-10.44421	0.04787	
110.0	2	24.33735	4.02057	-0.339	-16221.49769	-3457.83903	225.81888	16587.48421	-46.64746	261.58102	654.56583	706.43969	0.04259	1.83106	0.39032	-0.02549	1.87237	12.17104	0.04326	
110.0	3	20.01509	9.2	0.11332	-9.17344	-550.98481	-0.10127	551.06118	6.31737	-0.11217	38.05691	38.57784	0.07	0.00081	0.04855	1e-05	0.04856	52.62957	4.1551	
110.0	5	24.24252	-3.841	-0.342	-13776.47333	3362.60625	194.48277	14182.24812	-20.92786	-49.08588	-633.76086	636.00332	0.04485	-1.4517	0.35434	0.02049	-1.49446	-11.28078	0.04594	
111.0	2	24.33723	4.01976	-0.35597	-16205.8427	-3453.72564	236.86731	16571.4714	-54.08427	298.32815	649.57198	716.84626	0.04326	1.82847	0.38968	-0.02673	1.86972	11.30288	0.04405	
111.0	3	20.02069	9.2	0.11929	-9.57408	-574.12052	-0.10847	574.20035	6.33768	-0.11319	39.69032	40.19329	0.07	0.00084	0.05028	1e-05	0.05028	48.66867	3.83692	
111.0	5	24.24224	-3.84095	-0.35896	-13794.73991	3367.46148	204.43891	14201.28308	-22.10695	-52.46695	-627.46959	630.04729	0.04437	-1.45474	0.35512	0.02156	-1.49761	-10.38283	0.04536	
112.0	2	24.33712	4.01892	-0.3728	-16157.60997	-3442.64203	247.33189	16522.14626	-55.09845	305.68261	655.38078	725.25972	0.0439	1.82257	0.38833	-0.0279	1.86369	11.02348	0.0448	
112.0	3	20.02612	9.2	0.12534	-9.24431	-553.47716	-0.10746	553.55437	6.61156	-0.11784	38.18041	38.74881	0.07	0.0008	0.04819	1e-05	0.04819	47.377	3.73573	
112.0	5	24.24196	-3.84087	-0.37584	-13852.65573	3381.97844	214.98217	14261.13832	-29.7418	-81.55913	-633.40937	639.33082	0.04483	-1.46221	0.35698	0.02269	-1.50533	-10.08545	0.04592	
113.0	2	24.33701	4.01806	-0.38949	-16125.6208	-3435.00499	257.90117	16489.43355	-56.08047	312.85304	660.40579	732.91053	0.04445	1.81854	0.38738	-0.02908	1.85957	10.99485	0.04546	
113.0	3	20.03147	9.2	0.13148	-9.1599	-547.57089	-0.10921	547.64751	6.72159	-0.11997	37.74127	38.33533	0.07	0.00079	0.0474	1e-05	0.0474	47.22917	3.72392	
113.0	5	24.2417	-3.84077	-0.3927	-13901.37586	3394.2315	225.38112	14311.52874	-33.65998	-95.5501	-637.14695	645.15041	0.04508	-1.46874	0.35861	0.02381	-1.51207	-10.04688	0.04622	
114.0	2	24.33691	4.01719	-0.40604	-16099.24145	-3428.56068	268.4647	16462.46267	-55.75713	313.51672	660.28629	733.06178	0.04453	1.81515	0.38656	-0.03027	1.8561	11.50312	0.04556	
114.0	3	20.03682	9.2	0.13762	-9.14471	-545.81034	-0.11175	545.88696	6.72151	-0.12032	37.61594	38.21194	0.07	0.00079	0.04697	1e-05	0.04697	49.55558	3.89834	
114.0	5	24.24143	-3.84066	-0.40956	-13948.70616	3406.13523	235.77603	14360.49272	-34.92502	-99.09735	-634.58441	643.22423	0.04479	-1.47516	0.36022	0.02493	-1.51871	-10.57364	0.04588	
115.0	2	24.33681	4.01635	-0.42241	-16087.22167	-3425.19717	279.14116	16450.1853	-54.07879	309.50208	681.11821	750.09204	0.0456	1.81366	0.38615	-0.03147	1.85458	10.58796	0.04686	
115.0	3	20.04211	9.2	0.14379	-9.40098	-560.23727	-0.11769	560.31615	6.86216	-0.12326	38.62089	39.22598	0.07	0.0008	0.04794	1e-05	0.04794	45.40923	3.58526	
115.0	5	24.24118	-3.84051	-0.42631	-13983.11183	3414.85545	245.92143	14396.14989	-34.66153	-94.62575	-656.88789	664.57292	0.04616	-1.48042	0.36154	0.02604	-1.52414	-9.64019	0.04755	
116.0	2	24.3367	4.01555	-0.43866	-16047.01588	-3415.87234	289.21668	16409.09957	-50.19032	292.04855	664.53895	727.6149	0.04434	1.80844	0.38496	-0.03259	1.84925	11.00237	0.04534	
116.0	3	20.04747	9.2	0.14996	-9.00346	-535.70258	-0.11541	535.77825	7.10009	-0.12726	36.82584	37.50426	0.07	0.00077	0.04555	1e-05	0.04556	47.26881	3.72759	
116.0	5	24.24094	-3.84033	-0.44286	-14055.7156	3432.88538	256.74466	14471.13543	-33.84381	-90.79485	-638.80855	646.11568	0.04465	-1.48924	0.36372	0.0272	-1.53326	-10.05275	0.0457	
117.0	2	24.33658	4.01481	-0.4548	-16021.33102	-3409.69951	299.41166	16382.87965	-45.09128	270.46917	667.29611	721.43669	0.04404	1.80512	0.38417	-0.03373	1.84586	10.67785	0.04497	
117.0	3	20.05268	9.2	0.15619	-8.90682	-529.13914	-0.11685	529.21411	7.34619	-0.13167	36.30903	37.04497	0.07	0.00075	0.04473	1e-05	0.04474	45.78932	3.61263	
117.0	5	24.2407	-3.84016	-0.45918	-14110.89037	3446.65491	267.24981	14528.18225	-30.90885	-76.68864	-642.96453	648.25912	0.04462	-1.4964	0.3655	0.02834	-1.54065	-9.717	0.04567	
118.0	2	24.33645	4.01415	-0.47081	-15994.73618	-3403.39961	309.45427	16355.74751	-37.64787	237.89591	670.49349	712.44182	0.04356	1.80164	0.38336	-0.03486	1.8423	10.58066	0.0444	
118.0	3	20.05787	9.2	0.16246	-8.81065	-522.62412	-0.11826	522.6984	7.57159	-0.13575	35.79664	36.58889	0.07	0.00074	0.04392	1e-05	0.04393	45.34243	3.58065	
118.0	5	24.24044	-3.84007	-0.4753	-14164.50436	3460.10521	277.70939	14583.64269	-25.31987	-51.81176	-645.88846	648.45776	0.04446	-1.50334	0.36724	0.02947	-1.54783	-9.61425	0.04548	
119.0	2	24.3363	4.01357	-0.48669	-15967.75544	-3397.1004	319.35793	16328.24224	-29.34342	201.25107	673.60612	703.63928	0.04309	1.79803	0.38253	-0.03596	1.83862	10.49052	0.04385	
119.0	3	20.06306	9.2	0.16875	-8.71466	-516.13323	-0.11962	516.20681	7.79982	-0.13987	35.28234	36.13447	0.07	0.00073	0.04312	1e-05	0.04312	44.926	3.55145	
119.0	5	24.24016	-3.84008	-0.49125	-14217.6453	3473.52784	288.14512	14638.64274	-18.73861	-22.87108	-648.894	649.56728	0.04437	-1.51017	0.36895	0.03061	-1.55489	-9.51848	0.04537	
120.0	2	24.33615	4.01302	-0.50252	-15943.73637	-3391.46369	329.19106	16303.77631	-21.10452	164.80387	675.72158	695.84867	0.04268	1.79461	0.38174	-0.03705	1.83514	10.39958	0.04337	
120.0	3	20.06825	9.2	0.17508	-8.66344	-512.30706	-0.12156	512.38032	8.01187	-0.14378	34.96003	35.86662	0.07	0.00072	0.04254	1e-05	0.04255	44.50885	3.52128	
120.0	5	24.23987	-3.84018	-0.50702	-14268.74097	3486.51888	298.52178	14691.55873	-11.64266	8.09335	-651.01998	651.17438	0.04432	-1.51672	0.3706	0.03173	-1.56166	-9.42346	0.04531	
121.0	2	24.33593	4.01252	-0.51823	-15913.82021	-3384.62471	338.77009	16273.29479	-19.77938	160.68052	676.20409	695.31391	0.04273	1.79049	0.38081	-0.03812	1.83094	10.30812	0.04342	
121.0	3	20.07336	9.2	0.18144	-8.62255	-509.11208	-0.12362	509.18511	8.12664	-0.14606	34.70384	35.64295	0.07	0.00071	0.04203	1e-05	0.04203	44.09069	3.48896	
121.0	5	24.23947	-3.84035	-0.52265	-14297.86541	3494.19813	308.4035	14721.8711	-12.08786	8.02149	-651.28719	651.44874	0.04425	-1.52087	0.37168	0.0328	-1.56597	-9.32879	0.04523	
122.0	2	24.33567	4.01197	-0.53377	-15869.23464	-3374.64248	347.88863	16227.8109	-22.54374	175.69844	675.98492	698.80882	0.04306	1.7848	0.37954	-0.03913	1.82513	10.18731	0.04382	
122.0	3	20.07834	9.2	0.18781	-8.56989	-505.24581	-0.1255	505.3185	8.19273	-0.14751	34.41013	35.3723	0.07	0.0007	0.04146	1e-05	0.04147	43.5407	3.44591	
122.0	5	24.23905	-3.84049	-0.53815	-14328.40466	3502.21039	318.26325	14753.6419	-17.40909	-12.0914	-650.71252	651.05765	0.04413	-1.52521	0.3728	0.03388	-1.57047	-9.20465	0.04508	
123.0	2	24.33542	4.01137	-0.54907	-15842.15807	-3368.3362	357.22512	16200.22441	-25.33007	190.72983	675.09043	701.97334	0.04333	1.7811	0.3787	-0.04016	1.82136	10.10313	0.04413	
123.0	3	20.08333	9.2	0.19423	-8.80038	-518.05414	-0.13159	518.1289	8.18006	-0.14793	35.33234	36.2672	0.07	0.00072	0.04226	1e-05	0.04227	43.16152	3.41017	
123.0	5	24.23864	-3.84061	-0.5535	-14346.45764	3507.15953	327.76749	14772.5572	-18.61672	-15.3717	-650.37846	650.82641	0.04406	-1.52829	0.37361	0.03492	-1.57368	-9.11978	0.045	
124.0	2	24.33518	4.01075	-0.5641	-15809.43677	-3360.809	366.28214	16166.86397	-24.82049	190.52262	676.83406	703.57605	0.04352	1.77679	0.37771	-0.04117	1.81696	10.0188	0.04436	
124.0	3	20.0883	9.2	0.2007	-8.91324	-523.90907	-0.13604	523.9849	8.2254	-0.14922	35.74092	36.67551	0.07	0.00072	0.04248	1e-05	0.04249	42.77731	3.37975	
124.0	5	24.23823	-3.84076	-0.56873	-14371.20222	3513.76157	337.34725	14798.37075	-18.29663	-12.25205	-651.83236	652.20419	0.04407	-1.53213	0.37461	0.03596	-1.57767	-9.03281	0.04501	
125.0	2	24.33493	4.01018	-0.57896	-15734.91781	-3344.44987	374.19374	16090.77389	-17.40501	158.28688	682.84462	701.16649	0.04358	1.76775	0.37573	-0.04204	1.80772	9.93901	0.04442	
125.0	3	20.09317	9.2	0.20723	-8.24168	-483.72023	-0.12837	483.79046	8.54246	-0.15424	32.77123	33.86667	0.07	0.00066	0.039	1e-05	0.039	42.38606	3.36538	
125.0	5	24.23781	-3.84093	-0.58381	-14437.64871	3530.57299	347.86136	14867.13333	-20.98476	-21.20624	-655.72206	656.4004	0.04415	-1.54036	0.37668	0.03711	-1.58618	-8.93831	0.04511	
126.0	2	24.33468	4.00966	-0.59361	-15689.83013	-3334.38832	382.61062	16044.79061	-13.23867	141.06367	686.4645	700.93347	0.04369	1.76198	0.37445	-0.04297	1.80184	9.62356	0.04455	
126.0	3	20.0981	9.2	0.21377	-8.0623	-472.4802	-0.12811	472.549	8.74425	-0.15786	31.90133	33.07842	0.07	0.00065	0.03786	1e-05	0.03787	40.93396	3.25953	
126.0	5	24.2374	-3.8411	-0.59865	-14481.23615	3541.81466	357.7806	14912.36596	-20.86255	-18.87051	-657.60864	658.21005	0.04414	-1.54611	0.37815	0.0382	-1.59214	-8.60712	0.04509	
127.0	2	24.33442	4.00922	-0.60803	-15654.44915	-3326.47551	391.10099	16008.75315	-6.94268	113.18457	684.7896	694.11508	0.04336	1.75726	0.37341	-0.0439	1.79703	9.65931	0.04417	
127.0	3	20.10295	9.2	0.22036	-8.13603	-476.09412	-0.13184	476.16365	8.86547	-0.1604	32.13093	33.33195	0.07	0.00065	0.03793	1e-05	0.03793	41.10361	3.27063	
127.0	5	24.23699	-3.84128	-0.61329	-14505.25792	3548.26478	367.15137	14937.4526	-13.27988	13.67996	-656.86306	657.13969	0.04399	-1.54967	0.37908	0.03922	-1.59584	-8.6472	0.04492	
128.0	2	24.33416	4.00882	-0.6223	-15634.8518	-3321.94068	399.83696	15988.86332	-3.08523	96.23933	678.93718	685.73116	0.04289	1.75426	0.37273	-0.04486	1.79398	9.66579	0.04361	
128.0	3	20.10768	9.2	0.227	-8.43413	-492.82033	-0.13935	492.89251	8.94005	-0.16242	33.32323	34.502	0.07	0.00067	0.03903	1e-05	0.03903	41.15124	3.26415	
128.0	5	24.23659	-3.84149	-0.62776	-14518.66137	3552.12863	376.168	14951.61022	-4.55267	50.70905	-654.55783	656.53491	0.04391	-1.55202	0.37972	0.04021	-1.5983	-8.6623	0.04482	
129.0	2	24.33389	4.00847	-0.63639	-15590.29148	-3312.15651	407.76102	15943.45754	3.44759	67.88101	683.19799	686.57061	0.04306	1.74842	0.37145	-0.04573	1.78802	9.48272	0.04382	
129.0	3	20.11232	9.2	0.23368	-8.21547	-479.35628	-0.13836	479.42669	9.14534	-0.16606	32.28899	33.55956	0.07	0.00065	0.03774	1e-05	0.03775	40.30067	3.2077	
129.0	5	24.23618	-3.84172	-0.64206	-14563.45727	3563.69022	385.90557	14998.10317	-2.51983	60.88231	-657.31931	660.13763	0.04401	-1.55764	0.38116	0.04127	-1.60413	-8.46703	0.04495	
130.0	2	24.3336	4.0082	-0.65029	-15550.75171	-3303.51487	415.64829	15903.20259	12.19889	28.48248	682.7747	683.4774	0.04298	1.74308	0.37029	-0.04659	1.78259	9.25683	0.04372	
130.0	3	20.11693	9.2	0.24041	-8.16482	-475.71961	-0.14013	475.78969	9.37701	-0.17035	31.95735	33.3051	0.07	0.00064	0.03724	1e-05	0.03724	39.26868	3.13287	
130.0	5	24.23576	-3.842	-0.65616	-14594.06892	3571.82501	395.1995	15030.00214	5.67054	95.96175	-657.90138	664.88724	0.04424	-1.56168	0.38221	0.04229	-1.60833	-8.23403	0.04521	
131.0	2	24.33331	4.008	-0.66405	-15508.6332	-3294.38095	423.28412	15860.32216	20.73921	-9.7014	684.35532	684.73822	0.04317	1.73734	0.36905	-0.04742	1.77673	9.15012	0.04395	
131.0	3	20.12153	9.2	0.24718	-8.04975	-468.34534	-0.14076	468.41453	9.57163	-0.17394	31.36038	32.78902	0.07	0.00063	0.03645	1e-05	0.03645	38.77179	3.10099	
131.0	5	24.23533	-3.84238	-0.67001	-14628.88446	3581.06208	404.51694	15066.25036	12.33347	124.82374	-658.99993	670.83082	0.04453	-1.56607	0.38337	0.0433	-1.6129	-8.12047	0.04556	
132.0	2	24.333	4.00786	-0.67767	-15467.64848	-3285.54657	430.77337	15818.61345	29.86251	-50.81108	684.72355	687.25532	0.04345	1.73163	0.36782	-0.04823	1.77092	9.02357	0.04427	
132.0	3	20.12612	9.2	0.25398	-7.98808	-464.09131	-0.14227	464.16008	9.77379	-0.17773	30.98554	32.49096	0.07	0.00062	0.03591	1e-05	0.03591	38.18503	3.06096	
132.0	5	24.23487	-3.84287	-0.68366	-14658.58896	3589.13806	413.60593	15097.25843	20.44239	159.48267	-659.44115	678.76008	0.04496	-1.56988	0.38438	0.0443	-1.61686	-7.98702	0.04608	
133.0	2	24.33268	4.00783	-0.69107	-15430.25924	-3277.58301	438.18348	15780.60377	37.03989	-82.80011	684.98888	690.96858	0.04379	1.72623	0.36667	-0.04902	1.76542	8.89053	0.04467	
133.0	3	20.1306	9.2	0.26078	-7.96112	-461.87342	-0.1444	461.94205	9.95202	-0.18116	30.76585	32.33594	0.07	0.00061	0.03553	1e-05	0.03553	37.56905	3.01709	
133.0	5	24.23438	-3.8435	-0.6971	-14683.16994	3596.0569	422.45156	15123.01459	27.19888	188.58954	-659.98809	686.94255	0.04542	-1.57301	0.38525	0.04526	-1.62013	-7.84747	0.04664	
134.0	2	24.3323	4.00784	-0.70424	-15389.57891	-3268.95709	445.31902	15739.23533	34.34808	-68.3532	685.25881	689.51547	0.04381	1.72053	0.36547	-0.04979	1.75963	8.75697	0.0447	
134.0	3	20.135	9.2	0.26759	-7.9382	-459.90354	-0.14662	459.97206	9.99167	-0.18222	30.60794	32.19802	0.07	0.00061	0.03517	1e-05	0.03518	36.95369	2.9691	
134.0	5	24.23378	-3.84416	-0.71032	-14686.09332	3597.71574	430.55691	15126.47595	22.88381	172.39855	-659.9993	682.52766	0.04512	-1.57387	0.38556	0.04614	-1.62107	-7.70883	0.04628	
135.0	2	24.33189	4.00779	-0.71718	-15335.43985	-3257.43106	451.87643	15684.09273	30.90614	-50.37467	685.73445	688.2765	0.04388	1.71328	0.36392	-0.05048	1.75224	8.6204	0.04479	
135.0	3	20.13931	9.2	0.27446	-7.89815	-456.95834	-0.14851	457.02662	10.01951	-0.18305	30.38182	31.99186	0.07	0.0006	0.03475	1e-05	0.03476	36.32498	2.92057	
135.0	5	24.2332	-3.84479	-0.72334	-14696.97185	3601.28955	438.77054	15138.12365	17.27563	150.92624	-660.09353	677.34825	0.04474	-1.57552	0.38606	0.04704	-1.62281	-7.56703	0.04582	
136.0	2	24.33149	4.00772	-0.72989	-15280.92768	-3245.80757	458.22472	15628.56319	29.80577	-43.43621	686.28836	688.3072	0.04404	1.70614	0.3624	-0.05116	1.74495	8.48178	0.04498	
136.0	3	20.14355	9.2	0.28138	-7.84219	-453.10763	-0.1501	453.17551	10.07829	-0.18439	30.07819	31.72228	0.07	0.00059	0.03426	1e-05	0.03427	35.68508	2.87282	
136.0	5	24.23263	-3.8454	-0.73616	-14708.7394	3605.06557	446.88699	15150.68383	14.11752	139.45558	-660.3359	675.04864	0.04456	-1.57738	0.38661	0.04792	-1.62477	-7.42213	0.04559	
137.0	2	24.33109	4.00766	-0.74237	-15227.14595	-3234.34419	464.40534	15573.78015	30.56692	-45.5608	684.93533	687.12919	0.04412	1.69911	0.3609	-0.05182	1.73779	8.34238	0.04507	
137.0	3	20.14772	9.2	0.28834	-7.78263	-449.06486	-0.15159	449.13232	10.16191	-0.18616	29.7511	31.43926	0.07	0.00059	0.03377	1e-05	0.03377	35.05055	2.82615	
137.0	5	24.23208	-3.84599	-0.74876	-14721.02029	3608.9456	454.90234	15163.76809	13.05517	136.27699	-658.67054	672.74716	0.04437	-1.5793	0.38718	0.0488	-1.6268	-7.28032	0.04536	
138.0	2	24.3307	4.00763	-0.75458	-15173.97174	-3223.0346	470.39849	15519.6213	33.36273	-57.22398	684.12266	687.32195	0.04429	1.69215	0.35942	-0.05246	1.73069	8.19727	0.04527	
138.0	3	20.15188	9.2	0.29533	-7.75114	-446.64862	-0.1536	446.7159	10.2745	-0.18846	29.53335	31.27011	0.07	0.00058	0.0334	1e-05	0.0334	34.38463	2.77708	
138.0	5	24.23153	-3.84658	-0.76109	-14730.7005	3612.19411	462.70123	15174.17464	14.87753	144.96096	-658.02874	673.97095	0.04442	-1.58092	0.38767	0.04966	-1.62851	-7.13023	0.04543	
139.0	2	24.33031	4.00763	-0.76649	-15121.65912	-3211.9425	476.21956	15466.34845	36.4648	-70.36789	683.27881	687.85991	0.04447	1.68525	0.35796	-0.05307	1.72366	8.05032	0.0455	
139.0	3	20.15596	9.2	0.30238	-7.70962	-443.66951	-0.15541	443.73652	10.39135	-0.19082	29.2713	31.06164	0.07	0.00057	0.03299	1e-05	0.033	33.71073	2.72803	
139.0	5	24.23099	-3.84716	-0.77313	-14741.51937	3615.7005	470.4035	15185.74868	16.90806	154.44998	-657.29602	675.41005	0.04448	-1.58259	0.38817	0.0505	-1.63028	-6.97838	0.0455	
140.0	2	24.32993	4.00765	-0.77815	-15070.81501	-3201.16632	481.88798	15414.5758	39.17614	-81.57741	683.29878	689.26545	0.04472	1.6785	0.35653	-0.05367	1.71679	7.89926	0.04579	
140.0	3	20.15993	9.2	0.30949	-7.65456	-439.93146	-0.15694	439.99808	10.50245	-0.19307	28.95412	30.80065	0.07	0.00057	0.03254	1e-05	0.03254	33.01618	2.67859	
140.0	5	24.23046	-3.84775	-0.78493	-14754.52002	3619.74669	478.04157	15199.57075	18.07712	160.50721	-657.42428	676.97565	0.04454	-1.58445	0.38872	0.05134	-1.63225	-6.82138	0.04557	
141.0	2	24.32954	4.00769	-0.7896	-15023.40323	-3191.14646	487.46921	15366.31662	42.46269	-95.65208	682.49299	690.47019	0.04493	1.67213	0.35518	-0.05426	1.7103	7.74904	0.04605	
141.0	3	20.16375	9.2	0.31666	-7.64046	-438.57138	-0.15931	438.63796	10.62482	-0.19556	28.80823	30.70568	0.07	0.00056	0.03226	1e-05	0.03227	32.32821	2.62812	
141.0	5	24.22994	-3.84836	-0.79648	-14764.18703	3622.98084	485.43507	15209.9591	20.69617	172.35158	-656.86301	679.41328	0.04467	-1.5859	0.38916	0.05214	-1.63379	-6.66648	0.04573	
142.0	2	24.32916	4.00779	-0.80081	-14971.80438	-3180.28798	492.71794	15313.78233	48.45009	-122.67199	680.41583	693.08118	0.04526	1.66523	0.35373	-0.0548	1.70327	7.59877	0.04644	
142.0	3	20.16754	9.2	0.32389	-7.61418	-436.51772	-0.16143	436.58415	10.79049	-0.19879	28.59216	30.56118	0.07	0.00056	0.03194	1e-05	0.03195	31.63826	2.57804	
142.0	5	24.22941	-3.84902	-0.8078	-14770.78177	3625.50207	492.58695	15217.19098	26.57914	197.29835	-655.13483	684.71508	0.045	-1.58695	0.38952	0.05292	-1.63491	-6.51085	0.04612	
143.0	2	24.32877	4.00794	-0.81174	-14921.79585	-3169.80853	497.81874	15262.87984	52.70202	-141.36861	679.55939	696.10599	0.04561	1.65847	0.35231	-0.05533	1.69638	7.44526	0.04687	
143.0	3	20.17132	9.2	0.33117	-7.57032	-433.46098	-0.16317	433.52712	10.92788	-0.20151	28.31043	30.34698	0.07	0.00055	0.03155	1e-05	0.03156	30.93198	2.52761	
143.0	5	24.22888	-3.84971	-0.81886	-14781.0412	3628.94625	499.71654	15228.20234	29.91364	211.96434	-654.47611	688.59471	0.04522	-1.58833	0.38996	0.0537	-1.63638	-6.35124	0.04639	
144.0	2	24.32838	4.00811	-0.82247	-14872.98335	-3159.59975	502.76013	15213.20059	56.98824	-160.28976	678.5217	699.52281	0.04598	1.65177	0.3509	-0.05584	1.68956	7.28785	0.04732	
144.0	3	20.17505	9.2	0.33851	-7.54816	-431.65489	-0.16538	431.72091	11.06786	-0.20431	28.12008	30.2205	0.07	0.00055	0.03125	1e-05	0.03126	30.20849	2.47506	
144.0	5	24.22835	-3.85042	-0.8297	-14789.45313	3631.9429	506.6378	15237.30997	33.50036	227.60327	-653.70191	693.00196	0.04548	-1.58945	0.39033	0.05445	-1.63758	-6.18779	0.04671	
145.0	2	24.32799	4.00833	-0.83299	-14820.74513	-3148.70911	507.38452	15160.0229	64.64778	-195.27272	676.55047	707.12892	0.04664	1.64464	0.34941	-0.0563	1.68228	7.12969	0.04814	
145.0	3	20.17866	9.2	0.34595	-7.54878	-431.169	-0.16811	431.23511	11.26691	-0.20818	28.00421	30.18646	0.07	0.00054	0.03106	1e-05	0.03106	29.47923	2.42298	
145.0	5	24.22782	-3.85119	-0.84031	-14789.80917	3633.00109	513.13019	15238.12504	41.39234	260.63536	-652.27844	703.64144	0.04618	-1.5896	0.39047	0.05515	-1.63778	-6.02261	0.04756	
146.0	2	24.32759	4.00862	-0.84324	-14771.88235	-3138.58927	511.92331	15110.30497	68.80705	-213.73295	675.08106	711.44263	0.04708	1.63782	0.34799	-0.05676	1.67535	6.96827	0.04869	
146.0	3	20.18216	9.2	0.35346	-7.52489	-429.29706	-0.17032	429.36304	11.4151	-0.21112	27.80249	30.05541	0.07	0.00054	0.03076	1e-05	0.03077	28.73791	2.36945	
146.0	5	24.22728	-3.85203	-0.85069	-14794.85561	3635.26065	519.62926	15243.78191	45.1683	276.88399	-651.01612	708.89132	0.0465	-1.59016	0.39072	0.05585	-1.63841	-5.85539	0.04797	
147.0	2	24.32719	4.00895	-0.8532	-14726.97056	-3129.33946	516.40012	15064.63065	71.47243	-225.26085	673.22735	713.5025	0.04736	1.63145	0.34667	-0.05721	1.66885	6.8044	0.04904	
147.0	3	20.18554	9.2	0.36105	-7.52141	-428.6045	-0.173	428.67052	11.54284	-0.21374	27.69717	30.00693	0.07	0.00054	0.03056	1e-05	0.03057	27.98949	2.31359	
147.0	5	24.22673	-3.85291	-0.86081	-14799.77504	3637.50868	525.9671	15249.30989	47.71498	288.02974	-649.35565	711.96953	0.04669	-1.59067	0.39096	0.05653	-1.63899	-5.68743	0.0482	
148.0	2	24.32679	4.00933	-0.86289	-14680.95558	-3119.90327	520.64087	15017.8334	74.9424	-240.62214	671.30384	717.05246	0.04775	1.62494	0.34532	-0.05763	1.66223	6.6393	0.04952	
148.0	3	20.18881	9.2	0.3687	-7.50546	-427.21619	-0.17542	427.28215	11.68814	-0.21664	27.53059	29.90975	0.07	0.00053	0.03032	1e-05	0.03032	27.23411	2.25839	
148.0	5	24.22619	-3.85384	-0.87067	-14803.50255	3639.48726	532.10394	15253.61235	51.10478	302.55552	-647.65026	716.66059	0.04698	-1.59102	0.39116	0.05719	-1.63939	-5.51761	0.04856	
149.0	2	24.32639	4.00978	-0.8723	-14632.418	-3109.97841	524.59367	14968.46087	79.15149	-259.40522	669.91478	722.7322	0.04828	1.61814	0.34392	-0.05801	1.6553	6.47366	0.0502	
149.0	3	20.19203	9.2	0.37642	-7.46035	-424.1778	-0.17715	424.24343	11.84907	-0.21977	27.22986	29.69704	0.07	0.00053	0.02996	1e-05	0.02996	26.47207	2.20477	
149.0	5	24.22564	-3.85481	-0.88024	-14807.56973	3641.58624	538.09274	15258.27039	54.76719	318.21452	-646.42517	722.58247	0.04736	-1.59136	0.39136	0.05783	-1.63979	-5.34538	0.04903	
150.0	2	24.32599	4.01027	-0.88144	-14587.35665	-3100.83133	528.47144	14922.64758	80.13296	-262.90886	669.2736	723.51193	0.04848	1.6116	0.34258	-0.05838	1.64864	6.30662	0.05046	
150.0	3	20.19525	9.2	0.38418	-7.38689	-419.53162	-0.17818	419.59668	11.95547	-0.2219	26.8276	29.3718	0.07	0.00052	0.02949	1e-05	0.02949	25.70513	2.15041	
150.0	5	24.22503	-3.85583	-0.88954	-14799.14516	3640.65837	543.45948	15250.06358	54.31452	317.16194	-645.62276	721.36711	0.0473	-1.59024	0.39121	0.0584	-1.63869	-5.17237	0.04896	
151.0	2	24.32555	4.01077	-0.89028	-14532.45809	-3089.59697	531.79113	14866.76661	77.29767	-248.62122	667.90461	716.85704	0.04822	1.60414	0.34104	-0.0587	1.64105	6.13194	0.05012	
151.0	3	20.19851	9.2	0.39198	-7.33983	-416.38616	-0.17982	416.45089	11.99547	-0.22292	26.56829	29.15159	0.07	0.00051	0.02912	1e-05	0.02913	24.91227	2.09014	
151.0	5	24.22442	-3.85687	-0.89857	-14791.64503	3639.97514	548.68627	15242.8094	50.02867	300.37251	-643.97853	712.34462	0.04673	-1.58941	0.39113	0.05896	-1.63789	-4.99532	0.04825	
152.0	2	24.3251	4.01126	-0.89885	-14470.25877	-3076.80922	534.63637	14803.41109	75.59224	-240.02949	664.5906	710.63986	0.04801	1.59601	0.33936	-0.05897	1.63275	5.95624	0.04985	
152.0	3	20.20174	9.2	0.39982	-7.30241	-413.79548	-0.18166	413.85995	12.05635	-0.22433	26.34155	28.97038	0.07	0.00051	0.0288	1e-05	0.02881	24.1159	2.02945	
152.0	5	24.22383	-3.8579	-0.90733	-14782.93775	3638.98586	553.69322	15234.3048	47.32629	289.73316	-640.63137	704.69401	0.04626	-1.58618	0.39046	0.05941	-1.63461	-4.81757	0.04766	
153.0	2	24.32465	4.01177	-0.90713	-14401.76521	-3062.68929	537.03777	14733.61179	81.10849	-265.32442	661.96313	717.75402	0.04872	1.58691	0.33747	-0.05918	1.62347	5.78516	0.05075	
153.0	3	20.20491	9.2	0.40768	-7.25696	-410.76105	-0.18329	410.82519	12.25309	-0.22809	26.01601	28.758	0.07	0.0005	0.02845	1e-05	0.02845	23.33548	1.97553	
153.0	5	24.22325	-3.85893	-0.91581	-14768.74556	3636.63422	558.31619	15220.14031	52.86901	312.70178	-638.29962	712.74395	0.04683	-1.57629	0.38814	0.05959	-1.62447	-4.64218	0.04837	
154.0	2	24.32422	4.01229	-0.91513	-14348.32572	-3051.77265	539.79266	14679.20786	79.09799	-255.51712	657.92582	710.2196	0.04838	1.57963	0.33598	-0.05943	1.61606	5.60606	0.05033	
154.0	3	20.208	9.2	0.41556	-7.26408	-410.71338	-0.18623	410.77766	12.30989	-0.2295	25.98535	28.75456	0.07	0.0005	0.02831	1e-05	0.02831	22.53568	1.91171	
154.0	5	24.22268	-3.85994	-0.92399	-14763.58363	3636.48865	563.10167	15215.27307	50.35533	302.65886	-634.32663	704.63347	0.04631	-1.56196	0.38473	0.05957	-1.60974	-4.46599	0.04773	
155.0	2	24.32379	4.01282	-0.92284	-14292.67529	-3040.39664	542.26185	14622.5383	80.0123	-259.73403	652.62825	706.95641	0.04835	1.57215	0.33443	-0.05965	1.60843	5.4252	0.05028	
155.0	3	20.21093	9.2	0.42348	-7.27736	-411.03243	-0.18936	411.09689	12.42654	-0.23197	25.95439	28.77678	0.07	0.0005	0.0282	1e-05	0.02821	21.72884	1.84887	
155.0	5	24.22212	-3.86095	-0.93186	-14756.11821	3635.76006	567.6219	15208.02322	51.46077	307.12684	-629.42998	702.25153	0.04618	-1.54178	0.37988	0.05931	-1.589	-4.28827	0.04756	
156.0	2	24.32337	4.0134	-0.93028	-14233.79809	-3028.36791	544.40423	14562.56833	83.66359	-277.11186	645.94283	707.83664	0.04861	1.56431	0.33282	-0.05983	1.60044	5.24267	0.05061	
156.0	3	20.21371	9.2	0.43142	-7.28563	-411.08597	-0.19237	411.15057	12.60776	-0.23555	25.87099	28.78053	0.07	0.0005	0.02808	1e-05	0.02809	20.91499	1.78758	
156.0	5	24.22158	-3.86197	-0.9394	-14743.88905	3633.84645	571.77731	15195.8558	55.89676	324.89074	-623.43762	705.23253	0.04641	-1.51557	0.37353	0.05877	-1.56203	-4.10898	0.04785	
157.0	2	24.32295	4.01404	-0.93744	-14177.73372	-3016.98423	546.45118	14505.47952	85.79541	-287.46897	638.84053	705.77367	0.04866	1.55676	0.33127	-0.06	1.59275	5.05745	0.05068	
157.0	3	20.21635	9.2	0.43937	-7.29144	-411.01705	-0.19533	411.08177	12.76775	-0.23875	25.78701	28.77572	0.07	0.0005	0.02796	1e-05	0.02796	20.09457	1.72488	
157.0	5	24.22104	-3.86301	-0.94664	-14732.60631	3632.17472	575.78645	15184.66042	58.62305	335.58274	-616.93854	704.74506	0.04641	-1.48424	0.36592	0.05801	-1.52978	-3.92936	0.04785	
158.0	2	24.32252	4.01472	-0.94432	-14121.92629	-3005.68285	548.30651	14448.65293	87.66803	-296.63336	631.86496	703.51288	0.04869	1.54924	0.32974	-0.06015	1.58508	4.87091	0.05072	
158.0	3	20.21887	9.2	0.44731	-7.27906	-409.93543	-0.1978	410.0001	12.93403	-0.24203	25.61918	28.7	0.07	0.00049	0.02777	1e-05	0.02778	19.26882	1.66271	
158.0	5	24.22051	-3.86408	-0.95361	-14722.42327	3630.77556	579.655	15174.59317	60.60709	343.222	-610.49905	702.98197	0.04633	-1.44787	0.35707	0.05701	-1.49234	-3.74856	0.04775	
159.0	2	24.32211	4.01543	-0.95091	-14066.84344	-2994.55755	549.98923	14392.5657	88.97086	-303.11065	625.20653	700.48204	0.04867	1.53809	0.32743	-0.06014	1.57371	4.6826	0.05069	
159.0	3	20.22134	9.2	0.45523	-7.25687	-408.31037	-0.19998	408.3749	13.09852	-0.24524	25.40752	28.58624	0.07	0.00049	0.02755	1e-05	0.02756	18.43516	1.60018	
159.0	5	24.21998	-3.86516	-0.96028	-14713.26313	3629.63991	583.37971	15165.57713	61.67217	347.13412	-604.36268	699.6855	0.04614	-1.40645	0.34696	0.05577	-1.44969	-3.56587	0.04752	
160.0	2	24.3217	4.01614	-0.95721	-14013.43902	-2983.77909	551.53872	14338.18698	89.05042	-303.67525	619.72581	695.85107	0.04853	1.52029	0.32371	-0.05984	1.55553	4.49404	0.05052	
160.0	3	20.22378	9.2	0.46312	-7.21136	-405.37802	-0.20147	405.4422	13.24841	-0.24815	25.09775	28.38096	0.07	0.00048	0.02725	1e-05	0.02725	17.5983	1.53809	
160.0	5	24.21947	-3.86624	-0.96666	-14708.63159	3629.60806	587.1008	15161.21978	60.78293	343.25543	-599.29911	693.30966	0.04573	-1.3606	0.33575	0.05431	-1.40246	-3.38181	0.04702	
161.0	2	24.32131	4.01686	-0.96323	-13959.75757	-2972.94766	552.88278	14283.51947	90.86334	-312.87109	611.84895	693.18368	0.04853	1.49595	0.31858	-0.05925	1.53064	4.30482	0.05052	
161.0	3	20.22618	9.2	0.47098	-7.20394	-404.59465	-0.204	404.65883	13.43881	-0.25185	24.93399	28.32611	0.07	0.00048	0.02709	1e-05	0.02709	16.76545	1.47492	
161.0	5	24.21897	-3.86732	-0.97275	-14697.91159	3628.07539	590.39776	15150.58103	63.04449	351.78287	-592.2659	691.74034	0.04566	-1.31046	0.32348	0.05264	-1.35081	-3.20005	0.04693	
162.0	2	24.32091	4.01763	-0.96898	-13901.05286	-2961.08418	553.82436	14223.713	96.01478	-337.85255	603.61491	698.36533	0.0491	1.46411	0.31187	-0.05833	1.49809	4.10951	0.05125	
162.0	3	20.22849	9.2	0.47883	-7.20593	-404.35045	-0.20679	404.41471	13.73201	-0.25738	24.75412	28.30903	0.07	0.00048	0.02697	1e-05	0.02697	15.89756	1.41133	
162.0	5	24.21847	-3.86845	-0.97852	-14679.55664	3624.67624	593.19361	15132.06991	69.62283	377.74465	-585.25546	700.04451	0.04626	-1.25269	0.30931	0.05062	-1.2913	-3.00857	0.04767	
163.0	2	24.32051	4.01847	-0.97443	-13853.20719	-2951.58292	555.00119	14175.0209	95.52524	-336.49835	594.82412	690.05213	0.04868	1.42671	0.30398	-0.05716	1.45985	3.9114	0.05071	
163.0	3	20.23065	9.2	0.48669	-7.24047	-405.94893	-0.21054	406.01355	13.8863	-0.26054	24.79653	28.42121	0.07	0.00048	0.02697	1e-05	0.02698	15.03085	1.34107	
163.0	5	24.21797	-3.8696	-0.984	-14665.16505	3622.26631	595.9578	15117.64019	70.50852	380.48829	-577.57585	695.22417	0.04599	-1.19226	0.29448	0.04845	-1.22904	-2.82032	0.04733	
164.0	2	24.32012	4.01934	-0.97958	-13799.23821	-2940.80256	555.73847	14120.06161	98.33746	-350.58723	586.56049	690.38748	0.04889	1.38397	0.29494	-0.05574	1.41615	3.71713	0.05098	
164.0	3	20.23263	9.2	0.49456	-7.26244	-406.86258	-0.21394	406.92744	14.14783	-0.26554	24.72164	28.48492	0.07	0.00048	0.02694	1e-05	0.02695	14.17511	1.27551	
164.0	5	24.21749	-3.87077	-0.98917	-14643.64021	3618.07852	598.24015	15095.84652	75.26136	398.94765	-570.54613	700.24737	0.04639	-1.12762	0.27861	0.04607	-1.16244	-2.63295	0.04782	
165.0	2	24.31974	4.02022	-0.98443	-13764.20928	-2934.05681	557.04701	14084.47542	92.26409	-322.95548	578.71684	669.12337	0.04751	1.3364	0.28488	-0.05409	1.3675	3.51622	0.04922	
165.0	3	20.23442	9.2	0.50241	-7.32114	-409.85552	-0.21846	409.92096	14.14344	-0.26595	24.96527	28.69446	0.07	0.00048	0.02706	1e-05	0.02706	13.30787	1.19911	
165.0	5	24.21702	-3.87189	-0.99403	-14632.86628	3616.49735	600.76907	15085.11691	70.25609	377.88467	-563.56246	682.15496	0.04522	-1.06105	0.26224	0.04356	-1.09384	-2.44684	0.0464	
166.0	2	24.31939	4.021	-0.98895	-13733.8722	-2928.23503	558.3597	14053.66755	84.58114	-287.84768	570.85229	644.8896	0.04589	1.28419	0.2738	-0.05221	1.31409	3.3148	0.04721	
166.0	3	20.23601	9.2	0.5102	-7.34631	-410.99369	-0.22199	411.0594	14.11378	-0.26582	25.07352	28.77414	0.07	0.00048	0.02706	1e-05	0.02706	12.44173	1.12408	
166.0	5	24.2166	-3.8729	-0.99859	-14628.39055	3616.35925	603.36704	15080.846	63.53066	349.81254	-556.37188	660.2686	0.04378	-0.99224	0.2453	0.04093	-1.02293	-2.2614	0.04467	
167.0	2	24.31906	4.02174	-0.99317	-13707.35254	-2923.183	559.64352	14026.74992	78.40836	-259.9751	562.52982	624.63968	0.04453	1.22723	0.26172	-0.05011	1.25583	3.11215	0.04556	
167.0	3	20.23742	9.2	0.51796	-7.39974	-413.73499	-0.2264	413.80122	14.09157	-0.26588	25.30595	28.96608	0.07	0.00049	0.02717	1e-05	0.02717	11.56832	1.04789	
167.0	5	24.21621	-3.87382	-1.00284	-14621.36945	3615.51657	605.67046	15073.92588	58.92642	330.27801	-549.04562	643.43374	0.04269	-0.91949	0.22737	0.03809	-0.94795	-2.07366	0.04337	
168.0	2	24.31875	4.02244	-0.99706	-13681.48969	-2918.24224	560.77105	14000.4915	73.36715	-237.63315	553.34675	606.66703	0.04333	1.16491	0.24847	-0.04775	1.19207	2.90598	0.04413	
168.0	3	20.23864	9.2	0.52569	-7.45224	-416.44766	-0.23081	416.5144	14.10306	-0.26651	25.51675	29.15599	0.07	0.00049	0.02729	2e-05	0.02729	10.68002	0.9716	
168.0	5	24.21585	-3.87469	-1.00678	-14612.07726	3614.04624	607.68881	15064.64131	56.02127	317.47458	-541.03455	629.79907	0.04181	-0.8427	0.20843	0.03505	-0.8688	-1.88255	0.04235	
169.0	2	24.31846	4.02311	-1.00064	-13657.72858	-2913.72199	561.80252	13976.37106	68.87402	-218.17891	542.80634	589.05381	0.04215	1.09853	0.23436	-0.04519	1.12416	2.69976	0.04274	
169.0	3	20.23965	9.2	0.53337	-7.50313	-419.09399	-0.23521	419.16122	14.13085	-0.26742	25.713	29.34128	0.07	0.00049	0.02741	2e-05	0.02741	9.79709	0.89621	
169.0	5	24.21551	-3.87549	-1.01042	-14602.15895	3612.35051	609.48931	15054.68696	54.07073	308.28943	-531.75679	617.03427	0.04099	-0.76439	0.1891	0.03191	-0.78808	-1.69367	0.0414	
170.0	2	24.31819	4.02376	-1.0039	-13637.68924	-2909.9756	562.80676	13956.04805	63.50385	-194.57762	532.74004	570.70582	0.04089	1.02887	0.21954	-0.04246	1.05289	2.4946	0.04129	
170.0	3	20.24052	9.19999	0.54099	-7.53373	-420.6262	-0.23897	420.69373	14.08673	-0.267	25.85935	29.44849	0.07	0.00049	0.02746	2e-05	0.02746	8.9181	0.8209	
170.0	5	24.2152	-3.87624	-1.01377	-14594.54717	3611.17116	611.19502	15047.0902	50.41036	292.22566	-522.84546	601.08603	0.03995	-0.68434	0.16933	0.02866	-0.70556	-1.50532	0.04021	
171.0	2	24.31794	4.02438	-1.00685	-13610.33066	-2904.64363	563.3277	13928.22291	61.67459	-187.7843	521.83687	558.01471	0.04006	0.95356	0.2035	-0.03947	0.97583	2.28464	0.04034	
171.0	3	20.2413	9.19998	0.54852	-7.48752	-417.88251	-0.24026	417.94965	14.33163	-0.27145	25.50435	29.25647	0.07	0.00049	0.02722	2e-05	0.02722	8.01756	0.75053	
171.0	5	24.2149	-3.87695	-1.0168	-14586.44722	3609.83045	612.68837	15038.97289	50.18796	289.87862	-513.06454	591.42512	0.03933	-0.60023	0.14854	0.02521	-0.61885	-1.31193	0.03951	
172.0	2	24.31771	4.02498	-1.00948	-13587.94268	-2900.35142	563.87235	13905.4729	58.59465	-175.65848	508.46509	541.13397	0.03892	0.87576	0.18693	-0.03634	0.89622	2.07599	0.03905	
172.0	3	20.24202	9.19996	0.55594	-7.473	-416.91855	-0.24251	416.98559	14.47496	-0.2742	25.34556	29.18899	0.07	0.00047	0.02646	2e-05	0.02647	7.13567	0.67814	
172.0	5	24.21463	-3.87763	-1.01953	-14577.6499	3608.28485	613.95908	15030.12116	49.67968	285.94404	-500.93659	578.93828	0.03852	-0.51753	0.1281	0.0218	-0.53359	-1.12546	0.0386	
173.0	2	24.31749	4.02557	-1.0118	-13566.10565	-2896.16394	564.26192	13883.27697	55.58929	-164.43842	492.48328	522.17808	0.03761	0.79373	0.16945	-0.03301	0.81229	1.8638	0.03759	
173.0	3	20.24266	9.19994	0.56321	-7.45372	-415.7018	-0.24454	415.76869	14.69413	-0.27825	25.12044	29.10381	0.07	0.00045	0.02487	1e-05	0.02487	6.24991	0.60559	
173.0	5	24.21438	-3.87829	-1.02194	-14568.64412	3606.65898	615.03044	15021.04001	49.78113	284.00041	-486.23458	565.29502	0.03763	-0.43428	0.10751	0.01833	-0.44777	-0.94063	0.03762	
174.0	2	24.31729	4.02614	-1.0138	-13545.058	-2892.13305	564.50613	13861.87928	51.60407	-153.91044	449.68617	478.08897	0.03449	0.69711	0.14885	-0.02905	0.71342	1.62141	0.03418	
174.0	3	20.24326	9.19993	0.57011	-7.42684	-414.07171	-0.24617	414.13838	15.08758	-0.28533	24.75248	28.98968	0.07	0.0004	0.02252	1e-05	0.02252	5.355	0.52852	
174.0	5	24.21415	-3.87892	-1.02403	-14559.59236	3604.99533	615.90696	15011.89736	51.4869	283.89223	-444.55079	529.97274	0.0353	-0.36187	0.0896	0.01531	-0.37311	-0.7818	0.03506	
175.0	2	24.3171	4.02671	-1.01549	-13526.89423	-2888.70822	564.69377	13843.42377	45.42162	-139.10462	376.45312	403.89376	0.02918	0.58492	0.12491	-0.02442	0.59861	1.34809	0.02856	
175.0	3	20.24384	9.19993	0.57609	-7.43314	-414.30356	-0.24855	414.3703	15.65665	-0.29555	24.41558	29.00584	0.07	0.00035	0.01966	1e-05	0.01966	4.4572	0.44527	
175.0	5	24.21393	-3.87953	-1.02581	-14550.09702	3603.19697	616.56921	15002.28346	54.26749	282.84444	-372.29721	470.6922	0.03137	-0.30242	0.07489	0.01282	-0.31182	-0.65249	0.03086	
176.0	2	24.31693	4.02726	-1.01687	-13510.75555	-2885.70215	564.79095	13827.03082	38.57793	-125.55649	281.34021	310.49155	0.02246	0.46096	0.09846	-0.01927	0.47175	1.05422	0.02173	
176.0	3	20.24439	9.19993	0.58078	-7.44399	-414.80804	-0.25061	414.8749	16.53062	-0.31108	23.87542	29.04124	0.07	0.00029	0.01628	1e-05	0.01628	3.55459	0.35869	
176.0	5	24.21373	-3.88011	-1.02725	-14538.97525	3600.95512	616.96557	14990.97481	58.87119	285.32193	-277.9809	402.6758	0.02686	-0.25109	0.06219	0.01065	-0.25889	-0.54147	0.02618	
177.0	2	24.31677	4.02779	-1.01794	-13498.85044	-2883.58729	564.8916	13814.96078	29.23234	-104.52095	165.00112	197.49564	0.0143	0.32651	0.06975	-0.01366	0.33416	0.74238	0.0137	
177.0	3	20.24493	9.19993	0.58386	-7.45911	-415.5697	-0.25224	415.63672	17.76812	-0.3329	23.03629	29.09446	0.07	0.00022	0.0125	1e-05	0.0125	2.65349	0.26809	
177.0	5	24.21356	-3.88065	-1.02837	-14528.39874	3598.80784	617.18722	14980.21054	62.10534	278.49224	-161.94249	328.08592	0.0219	-0.20821	0.05158	0.00884	-0.21468	-0.44899	0.02117	
178.0	2	24.31663	4.0283	-1.0187	-13484.7828	-2880.98722	564.73069	13800.66576	21.22665	-94.21512	26.21466	100.07131	0.00725	0.18246	0.03898	-0.00764	0.18674	0.4134	0.00692	
178.0	3	20.24547	9.19993	0.58502	-7.4399	-414.43792	-0.252	414.50477	20.84178	-0.38642	20.18346	29.01554	0.07	0.00015	0.00845	1e-05	0.00845	1.76576	0.18276	
178.0	5	24.21341	-3.88115	-1.02916	-14517.77024	3596.60097	617.20924	14969.37335	67.89417	277.7927	-21.77145	286.79679	0.01916	-0.17592	0.04358	0.00748	-0.18139	-0.37956	0.01846	
179.0	2	24.31651	4.02877	-1.01916	-13479.23826	-2880.18156	564.75938	13795.08112	10.79721	-72.51028	-112.09123	133.93567	0.00971	0.03781	0.00808	-0.00158	0.0387	0.08557	0.00927	
179.0	3	20.24605	9.19993	0.58403	-7.45761	-415.381	-0.25222	415.44802	26.14148	-0.47705	12.71226	29.07243	0.06998	8e-05	0.0043	0.0	0.0043	0.88794	0.09857	
179.0	5	24.21328	-3.88161	-1.02963	-14508.45641	3594.67167	617.09231	14959.87215	68.73659	256.45839	122.15054	292.26081	0.01954	-0.14515	0.03596	0.00617	-0.14967	-0.31332	0.01883	
180.0	2	24.31641	4.02923	-1.01933	-13471.84545	-2878.96082	564.54738	13787.59402	6.61793	-71.77375	-208.09258	220.22214	0.01597	-0.09083	-0.01941	0.00381	-0.09296	-0.20589	0.01533	
180.0	3	20.24657	9.19993	0.58118	-7.49042	-417.18996	-0.25226	417.25727	19.67347	-0.34537	-12.98756	23.57629	0.0565	0.0	0.00014	0.0	0.00014	0.02911	0.06161	
180.0	5	24.21318	-3.88202	-1.02978	-14494.05227	3591.42818	616.56991	14945.10174	70.43565	243.35032	238.29062	347.79733	0.02327	-0.10144	0.02513	0.00432	-0.10459	-0.21914	0.02255	
181.0	2	24.31631	4.02969	-1.01919	-13463.26898	-2877.49731	564.11639	13778.89073	5.39983	-83.29159	-295.98854	307.53188	0.02232	-0.21959	-0.04693	0.0092	-0.22473	-0.49977	0.02159	
181.0	3	20.24701	9.19993	0.57693	-7.52654	-419.20689	-0.25189	419.27453	4.10204	-0.05619	-29.06108	29.34921	0.07	-8e-05	-0.00431	-0.0	-0.00431	-0.88413	0.11479	
181.0	5	24.21309	-3.88241	-1.02961	-14476.07295	3587.27257	615.70287	14926.63065	71.87572	232.07293	337.77545	416.07237	0.02787	-0.04754	0.01178	0.00202	-0.04902	-0.10284	0.02722	
182.0	2	24.31623	4.03017	-1.01875	-13463.07632	-2877.83682	563.86866	13778.76324	0.02312	-75.20118	-383.25491	390.56311	0.02835	-0.30347	-0.06487	0.01271	-0.31059	-0.68996	0.0277	
182.0	3	20.24732	9.19993	0.57127	-7.6588	-426.60581	-0.25416	426.67463	-4.45712	0.09761	-29.53236	29.86697	0.07	-0.00012	-0.0067	-0.0	-0.0067	-1.34538	0.16284	
182.0	5	24.21302	-3.8828	-1.02912	-14448.09136	3580.60749	614.21992	14897.83072	79.4692	247.82844	424.60668	498.02121	0.03343	-0.0384	0.00952	0.00163	-0.03959	-0.08584	0.03304	
183.0	2	24.31615	4.03065	-1.01804	-13459.18321	-2877.38974	563.31724	13774.8434	-1.32101	-83.1203	-456.13593	463.64935	0.03366	-0.45247	-0.09673	0.01894	-0.46308	-1.04298	0.03329	
183.0	3	20.24744	9.19994	0.56441	-7.65576	-426.50751	-0.25147	426.57629	-6.71695	0.13772	-29.09473	29.86034	0.07	-0.00022	-0.01253	-1e-05	-0.01253	-2.60256	0.26934	
183.0	5	24.21296	-3.88314	-1.02835	-14438.91719	3578.55187	613.36853	14888.40435	68.5483	191.68289	495.32393	535.52497	0.03597	0.05802	-0.01438	-0.00246	0.05983	0.12599	0.03578	
184.0	2	24.3161	4.03109	-1.017	-13460.71864	-2878.06487	562.80558	13776.46376	-2.92568	-83.63975	-497.6894	504.67704	0.03663	-0.55423	-0.1185	0.02317	-0.56723	-1.28799	0.03651	
184.0	3	20.24751	9.19996	0.55665	-7.74353	-431.47703	-0.25139	431.54658	-8.53366	0.17003	-28.97735	30.20826	0.07	-0.0003	-0.01663	-1e-05	-0.01663	-3.51144	0.34846	
184.0	5	24.21294	-3.88345	-1.02722	-14422.85684	3574.74799	612.0172	14871.85892	62.48727	160.44993	535.40474	562.41184	0.03782	0.13296	-0.03295	-0.00564	0.1371	0.28944	0.03782	
185.0	2	24.31607	4.0315	-1.01563	-13466.04995	-2879.52864	562.27468	13781.95702	-3.57336	-82.91771	-510.21843	516.92452	0.03751	-0.64332	-0.13757	0.02686	-0.65842	-1.5077	0.03748	
185.0	3	20.24741	9.19998	0.54858	-7.87131	-438.70149	-0.25241	438.77217	-10.12291	0.19831	-28.99727	30.71407	0.07	-0.00037	-0.0206	-1e-05	-0.0206	-4.44516	0.42646	
185.0	5	24.21293	-3.88371	-1.02577	-14403.75142	3570.13919	610.34443	14852.15369	56.93163	136.28921	546.34329	565.95667	0.03811	0.22393	-0.0555	-0.00949	0.2309	0.48942	0.03814	
186.0	2	24.31605	4.0319	-1.01393	-13475.61893	-2881.89257	561.73969	13791.77878	-4.70001	-79.22181	-519.1805	525.21098	0.03808	-0.72557	-0.15517	0.03025	-0.74259	-1.7156	0.03811	
186.0	3	20.24702	9.19999	0.54052	-8.03361	-447.89227	-0.25444	447.96438	-11.5677	0.22404	-29.14501	31.35751	0.07	-0.00043	-0.02412	-1e-05	-0.02413	-5.34158	0.50303	
186.0	5	24.21295	-3.88393	-1.024	-14380.02021	3564.32661	608.28365	14827.65708	53.52137	121.4084	553.85203	569.52314	0.03841	0.31153	-0.07722	-0.01318	0.32123	0.68448	0.03848	
187.0	2	24.31605	4.0323	-1.01192	-13491.88866	-2885.6866	561.3038	13808.45062	-5.91979	-74.88467	-527.27737	532.60133	0.03857	-0.80623	-0.17244	0.03354	-0.82515	-1.92543	0.03866	
187.0	3	20.2463	9.2	0.53249	-8.18542	-456.5473	-0.25603	456.62074	-12.74334	0.24491	-29.31219	31.96337	0.07	-0.00049	-0.02712	-2e-05	-0.02712	-6.25126	0.58139	
187.0	5	24.21299	-3.88411	-1.0219	-14357.68995	3558.80258	606.09354	14804.58327	49.12491	102.71507	560.60255	572.04796	0.03864	0.39949	-0.09902	-0.01686	0.41192	0.88361	0.03874	
188.0	2	24.31606	4.03269	-1.0096	-13507.56267	-2889.34816	560.67236	13824.50489	-6.27785	-74.3623	-534.46016	539.64509	0.03904	-0.87925	-0.18808	0.0365	-0.89988	-2.12056	0.03918	
188.0	3	20.24521	9.2	0.52453	-8.35341	-466.16511	-0.25804	466.24002	-13.86939	0.26488	-29.54203	32.63681	0.07	-0.00053	-0.02938	-2e-05	-0.02939	-7.09761	0.65642	
188.0	5	24.21306	-3.88423	-1.01951	-14325.10001	3550.66358	603.29484	14770.9061	45.16907	85.9641	566.59161	574.85313	0.03892	0.47969	-0.1189	-0.0202	0.49462	1.06898	0.03905	
189.0	2	24.31609	4.03307	-1.00697	-13527.54435	-2893.9276	560.04518	13844.96023	-6.7538	-73.02543	-540.47899	545.43182	0.0394	-0.95294	-0.20386	0.03945	-0.9753	-2.32497	0.03959	
189.0	3	20.24375	9.2	0.51664	-8.4938	-474.30038	-0.25913	474.3765	-14.56847	0.27719	-29.83865	33.20635	0.07	-0.00055	-0.0308	-2e-05	-0.0308	-7.99204	0.733	
189.0	5	24.21315	-3.88431	-1.0168	-14296.90125	3543.54917	600.50436	14741.73435	39.92194	64.21501	571.53799	576.518	0.03911	0.56337	-0.13963	-0.02366	0.58089	1.26669	0.03926	
190.0	2	24.31613	4.03343	-1.00402	-13546.13237	-2898.19197	559.17939	13863.97852	-7.10708	-71.85762	-544.60263	549.36877	0.03963	-1.02281	-0.21883	0.04222	-1.04681	-2.52776	0.03985	
190.0	3	20.24207	9.2	0.5088	-8.59404	-480.23278	-0.25892	480.30974	-14.83998	0.28184	-30.1681	33.6217	0.07	-0.00056	-0.03131	-2e-05	-0.03132	-8.88802	0.80617	
190.0	5	24.21326	-3.88435	-1.01378	-14270.09293	3536.73058	597.59055	14713.97737	36.20793	49.00181	574.61458	577.83571	0.03927	0.64584	-0.16007	-0.02705	0.66593	1.46669	0.03945	
191.0	2	24.31619	4.03377	-1.00076	-13570.51934	-2903.68255	558.37285	13888.92176	-9.27807	-62.19808	-548.93731	552.52769	0.03978	-1.08892	-0.233	0.0448	-1.11446	-2.72812	0.04002	
191.0	3	20.2402	9.2	0.50102	-8.70715	-486.91899	-0.25905	486.9969	-15.2512	0.28894	-30.48657	34.08978	0.07	-0.00057	-0.03185	-2e-05	-0.03186	-9.77242	0.88016	
191.0	5	24.21339	-3.88435	-1.01044	-14245.17765	3530.34032	594.5773	14688.15548	29.65059	22.26252	578.19845	579.38608	0.03945	0.72474	-0.17961	-0.03025	0.74727	1.66391	0.03964	
192.0	2	24.31626	4.03409	-0.99718	-13596.23782	-2909.44172	557.44	13915.21733	-10.54591	-56.74226	-553.37441	556.3759	0.03998	-1.15111	-0.24632	0.0472	-1.17812	-2.92709	0.04025	
192.0	3	20.23812	9.2	0.49329	-8.82273	-493.77967	-0.25919	493.85855	-15.58539	0.29467	-30.85613	34.5701	0.07	-0.00058	-0.03242	-2e-05	-0.03242	-10.64956	0.95296	
192.0	5	24.21355	-3.88432	-1.0068	-14219.11216	3523.61872	591.3391	14661.12961	23.54289	-2.65278	581.91054	582.39264	0.03972	0.80014	-0.19828	-0.03328	0.82501	1.85922	0.03996	
193.0	2	24.31635	4.03439	-0.99329	-13620.65693	-2914.90429	556.27314	13940.17224	-8.71048	-65.75607	-557.84655	561.7762	0.0403	-1.20944	-0.25883	0.04939	-1.23781	-3.12652	0.04061	
193.0	3	20.23584	9.2	0.48559	-8.94601	-501.10971	-0.2595	501.18963	-15.79682	0.29823	-31.32423	35.08327	0.07	-0.00059	-0.03303	-2e-05	-0.03303	-11.52768	1.02414	
193.0	5	24.21372	-3.88424	-1.00284	-14188.65289	3515.75967	587.74449	14629.55503	20.31694	-15.89565	585.55259	586.12054	0.04006	0.87234	-0.21615	-0.03614	0.89945	2.05448	0.04035	
194.0	2	24.31646	4.03467	-0.98909	-13649.38697	-2921.27856	555.10114	13969.53007	-7.84137	-70.26723	-562.60029	567.02562	0.04059	-1.26352	-0.27042	0.05139	-1.29315	-3.32427	0.04095	
194.0	3	20.23336	9.2	0.47794	-9.07659	-508.88812	-0.25994	508.96912	-16.06986	0.30287	-31.7964	35.62784	0.07	-0.0006	-0.03368	-2e-05	-0.03369	-12.39682	1.09546	
194.0	5	24.21392	-3.88412	-0.99857	-14159.39033	3508.15569	584.02845	14599.19793	15.21334	-36.76515	589.67928	591.02012	0.04048	0.94057	-0.23304	-0.0388	0.96979	2.24733	0.04082	
195.0	2	24.31658	4.03496	-0.98462	-13678.83235	-2927.8104	553.79216	13999.61478	-8.24922	-68.38436	-565.29546	569.47645	0.04068	-1.30752	-0.27986	0.05294	-1.33818	-3.49482	0.04105	
195.0	3	20.23059	9.2	0.47036	-9.23057	-518.03444	-0.26099	518.11674	-16.50466	0.31036	-32.29383	36.26833	0.07	-0.00061	-0.03445	-2e-05	-0.03446	-13.15323	1.15946	
195.0	5	24.21414	-3.88397	-0.99403	-14123.48225	3498.85986	579.8873	14561.97241	11.64213	-51.11159	591.94209	594.25868	0.04081	0.99709	-0.24701	-0.04094	1.02805	2.41668	0.0412	
196.0	2	24.31672	4.03523	-0.97983	-13714.50401	-2935.65792	552.5511	14036.06143	-6.11467	-78.75725	-570.19899	575.64484	0.04101	-1.35508	-0.29006	0.0546	-1.38686	-3.70115	0.04143	
196.0	3	20.22769	9.2	0.4628	-9.34457	-524.96908	-0.26082	525.05231	-16.59336	0.31166	-32.79307	36.75353	0.07	-0.00062	-0.03507	-2e-05	-0.03508	-14.05947	1.23152	
196.0	5	24.21438	-3.88379	-0.98917	-14100.02142	3492.61688	576.08984	14537.56707	3.19808	-85.4644	596.41278	602.51356	0.04145	1.06168	-0.26298	-0.04338	1.09463	2.61752	0.04193	
197.0	2	24.31687	4.03547	-0.97472	-13749.70934	-2943.38444	551.10095	14072.01945	-5.2962	-82.83289	-574.54138	580.50593	0.04125	-1.39659	-0.29897	0.05598	-1.42933	-3.90276	0.04171	
197.0	3	20.22462	9.2	0.45525	-9.49035	-533.72178	-0.26145	533.80622	-16.88435	0.31656	-33.33246	37.36622	0.07	-0.00064	-0.03584	-2e-05	-0.03584	-14.94649	1.30402	
197.0	5	24.21463	-3.88357	-0.98401	-14069.55833	3484.60208	571.83497	14505.92702	-4.276	-115.8082	600.49505	611.57512	0.04216	1.12042	-0.27749	-0.04554	1.15517	2.81438	0.04276	
198.0	2	24.31704	4.03569	-0.9693	-13785.54858	-2951.23722	549.48403	14108.61735	-1.83881	-99.15865	-578.70598	587.1426	0.04162	-1.43218	-0.3066	0.05709	-1.46575	-4.10139	0.04213	
198.0	3	20.22134	9.2	0.44773	-9.64039	-542.76233	-0.26211	542.848	-17.0547	0.31932	-33.9558	37.99949	0.07	-0.00065	-0.03664	-2e-05	-0.03664	-15.82191	1.37409	
198.0	5	24.21491	-3.88331	-0.97854	-14036.98234	3476.02091	567.32554	14472.0922	-6.90706	-126.50881	604.22641	617.36678	0.04266	1.17457	-0.29086	-0.04747	1.21098	3.00892	0.04334	
199.0	2	24.31723	4.03592	-0.96357	-13827.17863	-2960.32835	547.90753	14151.13477	-0.07045	-107.56683	-582.95842	592.79942	0.04189	-1.462	-0.31301	0.05793	-1.49625	-4.29586	0.04244	
199.0	3	20.2178	9.2	0.44026	-9.81515	-553.25335	-0.26335	553.34047	-17.38358	0.32487	-34.61241	38.73388	0.07	-0.00067	-0.03755	-2e-05	-0.03756	-16.67763	1.44463	
199.0	5	24.21521	-3.88303	-0.97277	-14004.06518	3467.31801	562.64019	14437.89111	-10.84365	-142.50845	608.32305	624.88653	0.04328	1.22302	-0.30281	-0.04914	1.26091	3.19869	0.04407	
200.0	2	24.31742	4.03615	-0.95754	-13867.90068	-2969.22512	546.10318	14192.71629	1.39431	-114.44695	-586.85348	597.91058	0.04213	-1.48572	-0.3181	0.05851	-1.52052	-4.49015	0.04272	
200.0	3	20.21403	9.2	0.43284	-9.95788	-561.9949	-0.26364	562.08317	-17.52281	0.32701	-35.22696	39.34583	0.07	-0.00068	-0.03837	-2e-05	-0.03838	-17.53416	1.51259	
200.0	5	24.21553	-3.88272	-0.96671	-13971.65603	3458.7116	557.81554	14404.20135	-13.74674	-154.24842	612.09492	631.38081	0.04383	1.26728	-0.31372	-0.0506	1.30652	3.38895	0.04473	
201.0	2	24.31763	4.03636	-0.95122	-13908.83258	-2978.15629	544.11783	14234.50395	2.77745	-120.87337	-590.58668	602.83556	0.04235	-1.50282	-0.32178	0.05879	-1.53801	-4.67806	0.04298	
201.0	3	20.21015	9.2	0.42541	-10.08015	-569.61459	-0.26329	569.70384	-17.56413	0.32737	-35.80154	39.87927	0.07	-0.00069	-0.03913	-2e-05	-0.03913	-18.36254	1.57705	
201.0	5	24.21586	-3.8824	-0.96033	-13941.28672	3450.59068	552.9172	14372.60481	-17.24827	-168.36491	615.81605	638.64986	0.04444	1.30587	-0.32321	-0.05179	1.34627	3.57285	0.04545	
202.0	2	24.31786	4.03655	-0.94463	-13952.88082	-2987.73731	542.0636	14279.47094	4.39073	-128.36449	-594.49851	608.21476	0.04259	-1.51394	-0.32418	0.05882	-1.54938	-4.86585	0.04326	
202.0	3	20.20616	9.2	0.41798	-10.22093	-578.31511	-0.26334	578.40548	-17.68551	0.32915	-36.4201	40.48838	0.07	-0.00071	-0.03997	-2e-05	-0.03997	-19.18895	1.64233	
202.0	5	24.21622	-3.88203	-0.95362	-13910.82267	3442.41056	547.86143	14340.89711	-21.48254	-185.46274	619.86316	647.37026	0.04514	1.33993	-0.33158	-0.05277	1.38135	3.75588	0.0463	
203.0	2	24.3181	4.03672	-0.93778	-13998.91465	-2997.72823	539.896	14326.46061	6.56094	-138.40471	-598.36281	614.19619	0.04287	-1.52019	-0.32553	0.05863	-1.55576	-5.0539	0.04359	
203.0	3	20.202	9.2	0.41056	-10.369	-587.47097	-0.26347	587.56253	-17.81532	0.33107	-37.06926	41.12937	0.07	-0.00072	-0.04086	-2e-05	-0.04086	-20.01626	1.70764	
203.0	5	24.21659	-3.88164	-0.94661	-13880.20246	3434.16493	542.65024	14309.01738	-25.87958	-203.19521	623.95997	656.72224	0.0459	1.3695	-0.33883	-0.05354	1.41181	3.93895	0.04722	
204.0	2	24.31835	4.03687	-0.93064	-14048.03385	-3008.36596	537.65096	14376.59867	7.91558	-144.51184	-601.77741	618.93649	0.04305	-1.52647	-0.32689	0.05842	-1.56217	-5.24196	0.0438	
204.0	3	20.19771	9.2	0.40313	-10.5072	-596.10816	-0.26324	596.20082	-17.9175	0.33246	-37.69065	41.73407	0.07	-0.00074	-0.04173	-2e-05	-0.04173	-20.84525	1.77286	
204.0	5	24.21698	-3.88122	-0.93931	-13852.90728	3426.7171	537.41716	14280.55487	-32.17551	-228.52297	627.74168	668.81809	0.04683	1.39489	-0.34505	-0.05411	1.43796	4.12266	0.04838	
205.0	2	24.31862	4.03701	-0.92321	-14097.07031	-3018.97765	535.20445	14426.64414	11.92096	-162.8469	-604.59243	626.25332	0.04341	-1.53278	-0.32825	0.05819	-1.56861	-5.43139	0.04423	
205.0	3	20.19327	9.2	0.39571	-10.67422	-606.42359	-0.26364	606.51758	-18.05392	0.33449	-38.42493	42.45622	0.07	-0.00075	-0.04273	-2e-05	-0.04274	-21.68419	1.83849	
205.0	5	24.21739	-3.88078	-0.93172	-13820.72365	3418.03953	531.8449	14247.04374	-35.19288	-240.45197	630.79158	675.98351	0.04745	1.41533	-0.35003	-0.05446	1.45898	4.30937	0.04914	
206.0	2	24.3189	4.03717	-0.91549	-14149.71292	-3030.37575	532.69016	14480.37678	15.10084	-177.2007	-606.94217	632.461	0.04368	-1.53951	-0.32971	0.05796	-1.57548	-5.62046	0.04454	
206.0	3	20.18863	9.2	0.38834	-10.86826	-618.33423	-0.26459	618.42979	-18.29801	0.33841	-39.23136	43.29008	0.07	-0.00077	-0.04387	-2e-05	-0.04388	-22.52432	1.90548	
206.0	5	24.21781	-3.88034	-0.92384	-13786.24402	3408.77995	526.03482	14211.1582	-36.87972	-246.92098	633.54452	680.96163	0.04792	1.43047	-0.3537	-0.05458	1.47456	4.49692	0.04974	
207.0	2	24.31918	4.03736	-0.9075	-14204.18964	-3042.19037	530.04101	14535.98532	18.76513	-193.72725	-609.03153	639.37608	0.04399	-1.54647	-0.33122	0.05771	-1.58259	-5.80451	0.04491	
207.0	3	20.18377	9.2	0.38101	-11.05731	-630.02833	-0.26531	630.12541	-18.49842	0.34152	-40.04093	44.10878	0.07	-0.00079	-0.04502	-2e-05	-0.04502	-23.34247	1.97009	
207.0	5	24.21824	-3.8799	-0.91569	-13752.24624	3399.62427	520.09988	14175.76191	-39.26726	-256.15802	636.08557	686.85057	0.04845	1.44	-0.35597	-0.05446	1.48434	4.67957	0.05042	
208.0	2	24.31947	4.03757	-0.89923	-14260.14279	-3054.34142	527.24102	14593.10307	23.19914	-213.70764	-610.56147	647.29782	0.04436	-1.55361	-0.33276	0.05744	-1.58989	-5.98681	0.04535	
208.0	3	20.17872	9.2	0.37372	-11.24598	-641.7635	-0.26592	641.86208	-18.66551	0.34402	-40.86828	44.93034	0.07	-0.00081	-0.04619	-2e-05	-0.0462	-24.15493	2.03364	
208.0	5	24.21868	-3.87946	-0.90725	-13718.13572	3390.43422	514.01955	14140.24427	-41.92144	-266.36461	638.12284	692.75412	0.04899	1.44428	-0.35695	-0.05412	1.48872	4.86136	0.05111	
209.0	2	24.31976	4.03783	-0.89075	-14318.61702	-3067.08302	524.36675	14652.80697	25.88825	-224.36414	-605.41512	646.17098	0.0441	-1.56106	-0.33438	0.05717	-1.59749	-6.12508	0.04505	
209.0	3	20.17332	9.2	0.36664	-11.47189	-655.72805	-0.26738	655.82844	-18.99646	0.34938	-41.7918	45.90798	0.07	-0.00083	-0.04756	-2e-05	-0.04757	-24.80914	2.08536	
209.0	5	24.21913	-3.87904	-0.89861	-13676.80976	3379.45426	507.57247	14097.28577	-38.75588	-251.98574	633.44139	682.82269	0.04844	1.44229	-0.35638	-0.05353	1.48663	5.01613	0.0504	
210.0	2	24.32003	4.03812	-0.88194	-14372.54493	-3078.87199	521.09888	14707.85656	29.2854	-238.90629	-603.83199	650.03609	0.0442	-1.56802	-0.3359	0.05685	-1.6046	-6.31597	0.04516	
210.0	3	20.16781	9.2	0.35965	-11.64903	-666.95519	-0.26762	667.05697	-19.08134	0.35037	-42.6158	46.69397	0.07	-0.00085	-0.04875	-2e-05	-0.04876	-25.67737	2.15176	
210.0	5	24.21958	-3.87863	-0.88967	-13642.73696	3370.2722	501.24277	14061.80112	-40.83962	-259.38108	632.4693	684.80934	0.0487	1.43802	-0.35525	-0.05283	1.48219	5.21438	0.05073	
211.0	2	24.32027	4.03839	-0.87285	-14414.60066	-3088.11934	517.19738	14750.75206	27.6158	-229.79713	-602.42039	645.35237	0.04375	-1.57373	-0.33715	0.05647	-1.61043	-6.48746	0.04463	
211.0	3	20.16221	9.2	0.35274	-11.79951	-676.7011	-0.26718	676.80402	-19.17736	0.3515	-43.31994	47.37628	0.07	-0.00087	-0.04985	-2e-05	-0.04985	-26.45721	2.21234	
211.0	5	24.22004	-3.87821	-0.88047	-13615.02595	3362.64963	495.01016	14032.86782	-45.24694	-276.21638	631.86722	691.08535	0.04925	1.43419	-0.35422	-0.05214	1.47821	5.39228	0.05144	
212.0	2	24.32053	4.03862	-0.86347	-14461.86651	-3098.43821	513.28674	14798.96502	24.89259	-215.70227	-600.73024	638.76751	0.04316	-1.58008	-0.33853	0.05608	-1.61691	-6.65298	0.04393	
212.0	3	20.15653	9.2	0.3459	-11.9655	-687.37933	-0.26701	687.48352	-19.35977	0.35412	-44.05659	48.12389	0.07	-0.00089	-0.05103	-2e-05	-0.05104	-27.20878	2.27209	
212.0	5	24.22047	-3.87773	-0.87099	-13570.32958	3350.80241	488.03449	13986.41839	-50.41079	-296.07003	631.06419	698.88535	0.04997	1.42863	-0.35276	-0.05138	1.47243	5.56326	0.05238	
213.0	2	24.32081	4.03879	-0.8538	-14513.19565	-3109.5817	509.32203	14851.32167	21.30854	-197.58386	-599.12602	631.22533	0.0425	-1.58696	-0.34002	0.05569	-1.62394	-6.82752	0.04316	
213.0	3	20.15075	9.2	0.33912	-12.11904	-697.38817	-0.2665	697.49351	-19.50122	0.35599	-44.75951	48.82457	0.07	-0.00091	-0.05218	-2e-05	-0.05219	-28.00001	2.33465	
213.0	5	24.22092	-3.87719	-0.86124	-13530.72409	3340.16681	481.12512	13945.20312	-57.28489	-322.86539	630.43522	710.61395	0.05096	1.42365	-0.35144	-0.05062	1.46726	5.74278	0.05369	
214.0	2	24.32111	4.03892	-0.84386	-14566.84171	-3121.19061	505.23856	14906.03818	18.64662	-183.71739	-597.3308	625.22305	0.04194	-1.5942	-0.34158	0.05529	-1.63132	-6.98682	0.04251	
214.0	3	20.14488	9.2	0.3324	-12.2803	-707.88992	-0.26609	707.99648	-19.65269	0.35803	-45.495	49.55957	0.07	-0.00093	-0.05339	-2e-05	-0.05339	-28.72242	2.39236	
214.0	5	24.22139	-3.87659	-0.85122	-13491.84984	3329.66414	474.12623	13904.72837	-63.56209	-347.17247	629.36303	721.57237	0.05189	1.41882	-0.35015	-0.04986	1.46223	5.90643	0.05496	
215.0	2	24.32142	4.03901	-0.83363	-14620.00362	-3132.66204	500.93277	14960.24769	19.84192	-187.95168	-596.2879	625.52282	0.04181	-1.6014	-0.34313	0.05487	-1.63866	-7.15773	0.04235	
215.0	3	20.13891	9.2	0.32573	-12.45106	-718.98557	-0.2658	719.09342	-19.7312	0.35882	-46.30678	50.33654	0.07	-0.00095	-0.05465	-2e-05	-0.05466	-29.49695	2.45176	
215.0	5	24.22189	-3.87593	-0.84091	-13451.2011	3318.68961	466.94844	13862.4151	-67.34981	-361.49549	629.0963	728.68179	0.05257	1.41379	-0.34881	-0.04908	1.45701	6.08166	0.05588	
216.0	2	24.32175	4.03908	-0.82311	-14677.41334	-3145.02511	496.56529	15018.79564	20.16004	-188.14481	-595.73827	625.06718	0.04162	-1.60913	-0.3448	0.05444	-1.64656	-7.32253	0.04213	
216.0	3	20.13284	9.2	0.31911	-12.63204	-730.72029	-0.26564	730.82951	-19.86363	0.36052	-47.14289	51.15805	0.07	-0.00097	-0.05599	-2e-05	-0.056	-30.23974	2.51017	
216.0	5	24.2224	-3.87525	-0.83033	-13413.03619	3308.31302	459.74286	13822.65671	-71.76284	-378.40211	629.29745	737.80305	0.05338	1.40907	-0.34754	-0.0483	1.4521	6.24858	0.05701	
217.0	2	24.32209	4.03914	-0.81234	-14737.85359	-3158.02433	492.11104	15080.4383	19.38386	-182.73281	-592.139	619.99646	0.04111	-1.61712	-0.34652	0.054	-1.65471	-7.46523	0.04155	
217.0	3	20.12661	9.2	0.31255	-12.82074	-742.97337	-0.26557	743.08402	-20.01423	0.36253	-48.00988	52.01586	0.07	-0.00099	-0.05738	-2e-05	-0.05739	-30.90574	2.56206	
217.0	5	24.22292	-3.87456	-0.8195	-13374.6326	3297.86311	452.43649	13782.64841	-72.37299	-379.40401	626.07761	735.63471	0.05337	1.4042	-0.34624	-0.0475	1.44703	6.403	0.05701	
218.0	2	24.32245	4.03918	-0.80131	-14796.19996	-3170.56461	487.37127	15139.9321	20.9701	-188.52836	-589.82458	619.57706	0.04092	-1.62526	-0.34827	0.05353	-1.66302	-7.62644	0.04133	
218.0	3	20.1203	9.2	0.3061	-12.99482	-754.42944	-0.26515	754.5414	-20.06444	0.36278	-48.85706	52.81786	0.07	-0.00101	-0.05875	-2e-05	-0.05876	-31.64472	2.61877	
218.0	5	24.22346	-3.87384	-0.80837	-13336.29526	3287.41486	445.01919	13742.70387	-75.18691	-389.56813	624.59593	739.95708	0.05384	1.39965	-0.34502	-0.0467	1.4423	6.57151	0.05767	
219.0	2	24.32281	4.03917	-0.79012	-14857.07949	-3183.60631	482.52487	15202.00613	24.24044	-204.44302	-602.50552	636.70829	0.04188	-1.63341	-0.35001	0.05305	-1.67133	-7.73845	0.04244	
219.0	3	20.1139	9.2	0.29963	-13.13491	-763.95558	-0.26398	764.06853	-19.98618	0.36077	-49.60893	53.48479	0.07	-0.00103	-0.05997	-2e-05	-0.05998	-32.18174	2.65891	
219.0	5	24.22402	-3.87308	-0.79695	-13305.12646	3278.70423	437.75065	13710.13921	-82.09604	-413.64506	602.90412	735.75497	0.05367	1.39561	-0.34391	-0.04592	1.43809	6.69838	0.05742	
220.0	2	24.32319	4.03914	-0.77867	-14919.48738	-3196.95439	477.50247	15265.63559	26.94967	-215.97264	-603.93279	641.95427	0.04205	-1.64178	-0.3518	0.05255	-1.67987	-7.9201	0.04263	
220.0	3	20.10739	9.2	0.29325	-13.34395	-777.54547	-0.26419	777.66001	-20.06226	0.36149	-50.60311	54.43619	0.07	-0.00106	-0.06154	-2e-05	-0.06155	-33.0219	2.72372	
220.0	5	24.22459	-3.87232	-0.7852	-13265.80621	3267.98083	430.09664	13669.17321	-80.68674	-406.17454	597.53072	727.00142	0.05319	1.39076	-0.34261	-0.04509	1.43304	6.89145	0.05674	
221.0	2	24.32358	4.03912	-0.76693	-14976.42705	-3209.13773	472.1019	15323.66837	31.31417	-234.60805	-601.38535	646.2862	0.04218	-1.64954	-0.35346	0.052	-1.68779	-8.06103	0.04278	
221.0	3	20.10088	9.2	0.28692	-13.44497	-784.86814	-0.2622	784.98333	-19.75111	0.35547	-51.27506	54.94875	0.07	-0.00107	-0.06262	-2e-05	-0.06263	-33.67673	2.76951	
221.0	5	24.22516	-3.87157	-0.77323	-13233.63934	3259.04417	422.57881	13635.58403	-80.19194	-402.7861	595.07584	723.03709	0.05303	1.38667	-0.34149	-0.04428	1.42878	7.04207	0.05652	
222.0	2	24.32397	4.03912	-0.75495	-15036.80898	-3222.07435	466.60474	15385.22367	34.29808	-246.827	-599.13926	648.89736	0.04218	-1.65759	-0.35519	0.05144	-1.696	-8.2137	0.04278	
222.0	3	20.09444	9.2	0.28065	-13.5456	-792.1688	-0.26016	792.28464	-19.46651	0.34992	-51.93011	55.45992	0.07	-0.00109	-0.0637	-2e-05	-0.06371	-34.38267	2.82005	
222.0	5	24.22573	-3.87086	-0.76108	-13206.05113	3251.26654	415.10567	13606.72015	-81.02608	-404.84359	593.14982	722.69652	0.05311	1.38302	-0.34049	-0.04347	1.42498	7.20388	0.05664	
223.0	2	24.32437	4.03912	-0.74278	-15098.38405	-3235.26812	460.93756	15447.99742	37.27702	-259.00236	-596.86887	651.70872	0.04219	-1.66576	-0.35694	0.05085	-1.70433	-8.35551	0.04279	
223.0	3	20.08804	9.2	0.27444	-13.6537	-799.91195	-0.25823	800.02851	-19.21585	0.34498	-52.60091	56.00199	0.07	-0.00111	-0.06483	-2e-05	-0.06484	-35.03993	2.86743	
223.0	5	24.2263	-3.87019	-0.74874	-13180.03193	3243.90858	407.57997	13579.48106	-81.48607	-405.36194	591.21677	721.45377	0.05313	1.37957	-0.33954	-0.04266	1.42138	7.35471	0.05666	
224.0	2	24.32477	4.03916	-0.73036	-15159.74286	-3248.43955	455.05843	15510.55258	40.47923	-272.16747	-594.35183	654.95633	0.04223	-1.67399	-0.3587	0.05025	-1.71273	-8.5047	0.04284	
224.0	3	20.08168	9.2	0.26829	-13.7494	-806.93396	-0.25604	807.05113	-18.91805	0.33924	-53.23074	56.49353	0.07	-0.00112	-0.0659	-2e-05	-0.06591	-35.73136	2.9173	
224.0	5	24.22686	-3.86954	-0.73622	-13156.03205	3237.07605	400.01724	13554.32973	-82.44859	-407.86801	588.98334	721.14871	0.0532	1.3764	-0.33867	-0.04185	1.41807	7.51352	0.05677	
225.0	2	24.32516	4.03925	-0.71769	-15217.98567	-3260.99577	448.8794	15569.92852	48.9638	-310.00849	-592.15465	670.18643	0.04304	-1.68162	-0.36035	0.0496	-1.72051	-8.63831	0.04379	
225.0	3	20.07534	9.2	0.26221	-13.88211	-816.14223	-0.25451	816.26032	-18.61509	0.33348	-54.01984	57.13822	0.07	-0.00114	-0.06715	-2e-05	-0.06716	-36.35441	2.96091	
225.0	5	24.22742	-3.86896	-0.72351	-13125.17239	3228.60757	392.14894	13522.12402	-77.72704	-387.26723	586.90229	707.44024	0.05232	1.3723	-0.33757	-0.041	1.4138	7.65741	0.05554	
226.0	2	24.32555	4.03941	-0.70477	-15278.48942	-3274.10229	442.56041	15631.62962	55.8662	-340.51687	-590.50916	683.93994	0.04375	-1.68957	-0.36207	0.04894	-1.72863	-8.77853	0.04463	
226.0	3	20.069	9.2	0.2562	-14.03316	-826.45359	-0.25328	826.57276	-18.39611	0.32918	-54.85677	57.86009	0.07	-0.00116	-0.06851	-2e-05	-0.06852	-37.00323	3.00808	
226.0	5	24.22797	-3.86844	-0.7106	-13094.50989	3220.23094	384.19467	13490.13277	-73.15488	-367.3386	585.60903	695.14547	0.05153	1.36827	-0.33649	-0.04015	1.40961	7.80644	0.05446	
227.0	2	24.32587	4.03966	-0.69162	-15325.55281	-3284.4114	435.65337	15679.59569	60.67886	-361.2844	-589.16002	693.77076	0.04425	-1.69599	-0.36347	0.04821	-1.73517	-8.91283	0.04522	
227.0	3	20.0626	9.2	0.25027	-14.20112	-837.80301	-0.25231	837.92339	-18.28103	0.32665	-55.73211	58.65467	0.07	-0.00119	-0.06997	-2e-05	-0.06998	-37.62094	3.05457	
227.0	5	24.22852	-3.86797	-0.69744	-13066.08237	3212.44341	376.2167	13460.45468	-70.43747	-354.96306	584.65502	687.59123	0.05108	1.36441	-0.33546	-0.03929	1.40559	7.94766	0.05386	
228.0	2	24.32615	4.0399	-0.67827	-15364.28439	-3292.93814	428.34869	15719.0381	57.83453	-345.62434	-582.54756	679.82548	0.04325	-1.70152	-0.36468	0.04744	-1.74081	-9.03413	0.04404	
228.0	3	20.05612	9.2	0.24446	-14.31082	-845.76165	-0.2503	845.88275	-18.17298	0.32418	-56.35309	59.21176	0.07	-0.0012	-0.07116	-2e-05	-0.07117	-38.19901	3.09866	
228.0	5	24.22898	-3.86746	-0.68409	-13022.45379	3200.90515	367.74344	13415.11579	-75.73338	-374.60903	578.8098	693.60525	0.0517	1.35896	-0.33403	-0.03838	1.39994	8.08404	0.0547	
229.0	2	24.32645	4.04007	-0.66468	-15407.54111	-3302.36621	420.97421	15763.09503	55.78412	-334.06868	-578.94521	670.73937	0.04255	-1.70767	-0.36601	0.04666	-1.74708	-9.15748	0.04322	
229.0	3	20.04971	9.2	0.23869	-14.42654	-854.07217	-0.24835	854.19404	-18.08307	0.32202	-56.99281	59.79365	0.07	-0.00122	-0.07238	-2e-05	-0.07239	-38.76794	3.14282	
229.0	5	24.22946	-3.86689	-0.67053	-12980.43383	3189.73174	359.23532	13371.42853	-82.6576	-401.22671	575.87348	706.71452	0.05285	1.3538	-0.33268	-0.03747	1.39458	8.21395	0.05628	
230.0	2	24.32676	4.04019	-0.65088	-15451.68133	-3311.94655	413.44549	15808.04805	55.03525	-328.61414	-575.56645	665.05103	0.04207	-1.71391	-0.36736	0.04586	-1.75344	-9.28763	0.04265	
230.0	3	20.04334	9.2	0.23297	-14.53137	-861.74428	-0.24618	861.86682	-17.90588	0.3184	-57.61135	60.33067	0.07	-0.00124	-0.07356	-2e-05	-0.07357	-39.36934	3.18857	
230.0	5	24.22995	-3.86628	-0.65673	-12940.98336	3179.17916	350.73534	13330.38806	-87.26557	-418.42954	572.9681	714.83635	0.05362	1.34893	-0.33139	-0.03656	1.38952	8.35144	0.05736	
231.0	2	24.32709	4.04026	-0.63693	-15493.73701	-3321.03051	405.68071	15850.85824	55.73452	-329.95454	-572.50223	663.12528	0.04184	-1.71994	-0.36866	0.04503	-1.75959	-9.41419	0.04238	
231.0	3	20.03701	9.2	0.22729	-14.61755	-868.31281	-0.24366	868.43587	-17.61106	0.3128	-58.1828	60.79051	0.07	-0.00126	-0.07464	-2e-05	-0.07465	-39.95832	3.23209	
231.0	5	24.23045	-3.86561	-0.64268	-12901.76751	3168.65796	342.17689	13289.58551	-88.17776	-420.61721	570.29896	714.09737	0.05373	1.34411	-0.33011	-0.03565	1.38451	8.48668	0.05752	
232.0	2	24.32743	4.0403	-0.62286	-15535.61183	-3330.04005	397.73299	15893.47643	56.29132	-330.65639	-569.6759	661.08471	0.04159	-1.72591	-0.36995	0.04419	-1.76566	-9.52939	0.0421	
232.0	3	20.03082	9.2	0.22166	-14.67739	-873.29235	-0.24068	873.41572	-17.23433	0.30582	-58.65898	61.13912	0.07	-0.00127	-0.07558	-2e-05	-0.0756	-40.49749	3.27108	
232.0	5	24.23097	-3.86496	-0.62836	-12866.6427	3159.16273	333.66223	13253.00471	-87.96933	-418.24921	567.78177	710.66669	0.05362	1.33972	-0.32894	-0.03474	1.37995	8.61087	0.05736	
233.0	2	24.32777	4.04035	-0.60857	-15575.41293	-3338.61751	389.55965	15933.97664	58.53618	-339.22919	-566.87437	663.21149	0.04162	-1.7316	-0.37117	0.04331	-1.77147	-9.65031	0.04213	
233.0	3	20.02477	9.2	0.21607	-14.71165	-876.722	-0.23728	876.84546	-16.72933	0.29671	-59.05459	61.37918	0.07	-0.00128	-0.07639	-2e-05	-0.0764	-41.06569	3.31104	
233.0	5	24.23148	-3.86432	-0.61381	-12833.01016	3150.06419	325.12371	13217.97108	-85.51105	-406.68557	565.08164	701.44319	0.05307	1.33551	-0.32782	-0.03384	1.37558	8.74238	0.05658	
234.0	2	24.32812	4.04041	-0.59408	-15615.8785	-3347.34427	381.23237	15975.15925	61.42785	-350.81051	-564.04887	667.0776	0.04176	-1.73728	-0.3724	0.04241	-1.77725	-9.76575	0.04229	
234.0	3	20.01886	9.2	0.21054	-14.76308	-881.14563	-0.23417	881.26933	-16.2687	0.28839	-59.50416	61.68872	0.07	-0.00129	-0.07726	-2e-05	-0.07727	-41.60965	3.34967	
234.0	5	24.23198	-3.86376	-0.59907	-12800.14333	3141.21549	316.54329	13183.74392	-82.11004	-391.2625	562.386	690.00465	0.05234	1.33141	-0.32673	-0.03293	1.37131	8.86864	0.05556	
235.0	2	24.32846	4.04052	-0.57944	-15656.70098	-3356.19522	372.74506	16016.71848	64.6859	-364.09103	-561.22227	672.09894	0.04196	-1.74292	-0.37362	0.04149	-1.783	-9.87505	0.04253	
235.0	3	20.01307	9.2	0.20507	-14.81719	-885.71005	-0.23111	885.83401	-15.81251	0.28018	-59.95769	62.00837	0.07	-0.00131	-0.07815	-2e-05	-0.07816	-42.12603	3.3864	
235.0	5	24.23246	-3.86329	-0.58416	-12768.67515	3132.77575	307.93844	13150.9762	-78.03421	-373.06376	559.63023	677.09076	0.05149	1.32746	-0.32569	-0.03201	1.3672	8.98895	0.0544	
236.0	2	24.32878	4.04072	-0.56459	-15694.95292	-3364.56683	364.03008	16055.66489	70.42362	-388.91308	-558.27445	684.01991	0.0426	-1.74818	-0.37476	0.04055	-1.78836	-9.97679	0.04328	
236.0	3	20.00739	9.2	0.19968	-14.88524	-891.09107	-0.22829	891.21542	-15.33521	0.27166	-60.47032	62.38511	0.07	-0.00132	-0.0791	-2e-05	-0.07911	-42.60897	3.42018	
236.0	5	24.23292	-3.86292	-0.56908	-12734.22824	3123.68749	299.20601	13115.16361	-70.62029	-341.23054	556.81598	656.86342	0.05008	1.32317	-0.32457	-0.03109	1.36275	9.10222	0.05253	
237.0	2	24.3291	4.04098	-0.54951	-15732.00717	-3372.7398	355.12753	16093.40048	76.11602	-413.50114	-555.22008	696.45257	0.04328	-1.75325	-0.37587	0.03958	-1.79353	-10.08752	0.04407	
237.0	3	20.00184	9.2	0.19435	-14.91043	-893.88295	-0.22482	894.00732	-14.74252	0.26121	-60.81864	62.58048	0.07	-0.00133	-0.07981	-2e-05	-0.07983	-43.13068	3.45638	
237.0	5	24.23336	-3.86266	-0.55386	-12704.37532	3115.80468	290.52975	13084.1048	-64.49148	-314.59077	553.74487	640.1249	0.04892	1.31934	-0.32357	-0.03017	1.35877	9.2242	0.05102	
238.0	2	24.32941	4.04128	-0.53418	-15772.51898	-3381.68914	346.14576	16134.68293	80.86985	-433.68954	-552.02752	706.65475	0.0438	-1.75858	-0.37705	0.03859	-1.79896	-10.18782	0.04469	
238.0	3	19.99644	9.2	0.18907	-14.93403	-896.54295	-0.22135	896.66735	-14.19804	0.2516	-61.13929	62.76671	0.07	-0.00134	-0.08051	-2e-05	-0.08052	-43.60325	3.48959	
238.0	5	24.2338	-3.86243	-0.53852	-12680.10352	3109.32932	281.92737	13058.80688	-61.48284	-300.64971	550.53246	630.28278	0.04826	1.31603	-0.32271	-0.02926	1.35534	9.33479	0.05018	
239.0	2	24.32972	4.04162	-0.51867	-15817.98893	-3391.73214	337.10875	16181.04642	83.94995	-446.11267	-549.3045	712.60055	0.04404	-1.76439	-0.37832	0.0376	-1.80488	-10.28827	0.04497	
239.0	3	19.99117	9.2	0.18383	-14.99062	-901.15512	-0.21839	901.27982	-13.78395	0.24421	-61.56492	63.08959	0.07	-0.00135	-0.08136	-2e-05	-0.08138	-44.07453	3.52408	
239.0	5	24.23423	-3.86223	-0.52303	-12658.71772	3103.58947	273.33001	13036.49152	-58.80889	-288.12141	547.92908	621.85104	0.0477	1.31299	-0.32191	-0.02835	1.35217	9.4448	0.04946	
240.0	2	24.32997	4.04196	-0.50298	-15851.85766	-3399.31258	327.66691	16215.55065	80.55711	-428.37126	-546.86004	699.31916	0.04313	-1.76893	-0.37933	0.03656	-1.80951	-10.38764	0.04389	
240.0	3	19.98597	9.2	0.17863	-15.05776	-906.39097	-0.21559	906.51607	-13.56135	0.24004	-61.9896	63.45611	0.07	-0.00137	-0.08228	-2e-05	-0.08229	-44.53736	3.56009	
240.0	5	24.23464	-3.86202	-0.50743	-12641.29	3098.82326	264.75742	13018.25698	-62.44988	-301.3981	545.9049	626.70006	0.04814	1.31037	-0.32122	-0.02744	1.34945	9.55214	0.05002	
241.0	2	24.3302	4.04219	-0.48713	-15882.68089	-3406.14224	318.01605	16246.92253	70.45785	-379.37799	-544.48794	667.35229	0.04108	-1.77324	-0.38028	0.03551	-1.8139	-10.4856	0.0415	
241.0	3	19.98084	9.2	0.17346	-15.11895	-911.25816	-0.21269	911.3836	-13.4869	0.23832	-62.35451	63.79685	0.07	-0.00138	-0.08316	-2e-05	-0.08317	-44.98746	3.59695	
241.0	5	24.235	-3.86167	-0.49166	-12610.81202	3090.7933	255.85926	12986.5718	-72.74834	-341.8691	544.1706	646.75223	0.0498	1.30651	-0.32021	-0.02651	1.34544	9.65471	0.05216	
242.0	2	24.33045	4.04227	-0.47118	-15915.18419	-3413.20119	308.256	16279.9893	63.21495	-343.7274	-542.18974	645.06928	0.03962	-1.77782	-0.38127	0.03443	-1.81857	-10.57863	0.03985	
242.0	3	19.97578	9.2	0.1683	-15.18163	-916.20629	-0.20979	916.33209	-13.33384	0.23531	-62.7416	64.14324	0.07	-0.00139	-0.08404	-2e-05	-0.08405	-45.41786	3.63152	
242.0	5	24.23539	-3.86119	-0.47567	-12583.87651	3083.55074	246.98977	12958.51986	-79.07315	-366.13811	542.36535	659.14327	0.05087	1.3031	-0.31931	-0.02558	1.3419	9.75273	0.05357	
243.0	2	24.33073	4.04225	-0.45517	-15948.40574	-3420.31365	298.36791	16313.77377	56.56528	-310.90659	-540.51416	626.11348	0.03838	-1.78252	-0.38228	0.03335	-1.82335	-10.66895	0.03845	
243.0	3	19.97082	9.2	0.16316	-15.19305	-918.03825	-0.20618	918.16399	-13.01012	0.22945	-62.9405	64.27148	0.07	-0.0014	-0.08463	-2e-05	-0.08464	-45.83695	3.66393	
243.0	5	24.2358	-3.86063	-0.45945	-12563.84819	3077.95687	238.20872	12937.57486	-83.04439	-380.84445	540.97802	666.78039	0.05154	1.30048	-0.3186	-0.02466	1.33916	9.84794	0.05447	
244.0	2	24.33102	4.04219	-0.43901	-15983.72588	-3427.83018	288.37903	16349.69954	51.39779	-284.99174	-538.78799	611.68171	0.03741	-1.7875	-0.38334	0.03225	-1.82843	-10.74978	0.03737	
244.0	3	19.96603	9.2	0.15804	-15.19508	-919.25861	-0.20244	919.38421	-12.63435	0.22274	-63.10414	64.35688	0.07	-0.00141	-0.08515	-2e-05	-0.08516	-46.21563	3.69271	
244.0	5	24.23623	-3.86001	-0.44307	-12548.9425	3073.59421	229.47352	12921.90378	-85.80188	-390.58705	539.42295	671.48888	0.05197	1.29846	-0.31803	-0.02374	1.33706	9.93429	0.05505	
245.0	2	24.33133	4.04206	-0.42275	-16019.51166	-3435.38327	278.26326	16386.09296	48.74343	-270.77421	-536.78392	603.18453	0.03681	-1.79255	-0.38441	0.03114	-1.83357	-10.83374	0.03671	
245.0	3	19.96146	9.2	0.15293	-15.17084	-918.83066	-0.19835	918.95592	-12.15191	0.21428	-63.16825	64.32685	0.07	-0.00141	-0.0855	-2e-05	-0.08551	-46.61062	3.72186	
245.0	5	24.23667	-3.85939	-0.4266	-12539.78171	3070.65573	220.79066	12912.15708	-88.18509	-398.77512	537.51962	675.07447	0.05228	1.29714	-0.31763	-0.02284	1.33565	10.02465	0.05549	
246.0	2	24.33164	4.04194	-0.40639	-16056.16964	-3443.1259	268.02555	16423.38385	47.76814	-264.37572	-534.67101	598.37229	0.03643	-1.79767	-0.3855	0.03001	-1.83878	-10.91084	0.03629	
246.0	3	19.95713	9.2	0.14786	-15.14247	-918.0854	-0.19424	918.21029	-11.63472	0.20527	-63.21253	64.27467	0.07	-0.00142	-0.0858	-2e-05	-0.08581	-46.97678	3.74806	
246.0	5	24.23709	-3.85881	-0.41004	-12534.37599	3068.67153	212.11474	12906.2899	-89.36911	-402.05073	535.44407	675.52348	0.05234	1.29627	-0.31735	-0.02194	1.33474	10.10904	0.05557	
247.0	2	24.33195	4.04181	-0.38983	-16094.54051	-3451.22357	257.6809	16462.42928	47.44488	-261.02655	-532.66443	595.07754	0.03615	-1.803	-0.38663	0.02887	-1.84421	-10.98002	0.03598	
247.0	3	19.95302	9.2	0.14281	-15.10966	-917.00736	-0.1901	917.13186	-11.10409	0.19607	-63.23116	64.19906	0.07	-0.00142	-0.08605	-2e-05	-0.08606	-47.30705	3.77215	
247.0	5	24.23751	-3.85827	-0.39333	-12533.34767	3067.80028	203.45134	12904.94459	-90.16497	-403.72563	533.2021	674.85449	0.05229	1.29597	-0.31722	-0.02104	1.3344	10.18538	0.0555	
248.0	2	24.33226	4.04168	-0.3731	-16132.49361	-3459.22134	247.18965	16501.05042	49.72154	-269.86109	-531.48205	598.13912	0.03625	-1.80821	-0.38773	0.02771	-1.84952	-11.06258	0.03609	
248.0	3	19.9491	9.2	0.13781	-15.1061	-917.65257	-0.18635	917.77692	-10.57058	0.18688	-63.36872	64.24458	0.07	-0.00142	-0.08644	-2e-05	-0.08645	-47.70125	3.80068	
248.0	5	24.23792	-3.85777	-0.37644	-12530.44888	3066.50702	194.69204	12901.68669	-86.20663	-386.04002	532.05358	662.97775	0.05139	1.29548	-0.31704	-0.02013	1.33386	10.27698	0.05427	
249.0	2	24.33258	4.04156	-0.35625	-16178.68666	-3468.99987	236.68806	16548.10816	48.14348	-260.75717	-530.94514	593.47691	0.03586	-1.81434	-0.38903	0.02654	-1.85576	-11.13458	0.03567	
249.0	3	19.94532	9.2	0.13284	-15.10509	-918.41687	-0.18266	918.5411	-10.14274	0.17944	-63.49264	64.29792	0.07	-0.00143	-0.08683	-2e-05	-0.08684	-48.03993	3.82607	
249.0	5	24.23832	-3.8573	-0.35943	-12536.93251	3067.54541	186.01504	12908.10262	-86.03805	-383.85989	531.43262	661.18953	0.05122	1.29599	-0.3171	-0.01923	1.33436	10.35443	0.05405	
250.0	2	24.33289	4.04146	-0.33922	-16223.40031	-3478.47032	226.03677	16593.66042	48.53003	-260.70298	-528.78766	591.55524	0.03565	-1.82023	-0.39028	0.02536	-1.86178	-11.19067	0.03543	
250.0	3	19.94169	9.2	0.12795	-15.09539	-918.61748	-0.17892	918.74152	-9.64225	0.17083	-63.58475	64.31192	0.07	-0.00143	-0.08716	-2e-05	-0.08717	-48.32003	3.84604	
250.0	5	24.23872	-3.85687	-0.34238	-12543.31504	3068.58678	177.27745	12914.4262	-82.15174	-366.37517	529.1073	648.79442	0.05024	1.29646	-0.31716	-0.01832	1.33482	10.42167	0.05273	
251.0	2	24.33318	4.0414	-0.32199	-16257.42507	-3485.6919	215.10369	16628.29479	50.73265	-269.16738	-527.43102	594.31335	0.03574	-1.82483	-0.39125	0.02414	-1.86645	-11.25365	0.03553	
251.0	3	19.93827	9.2	0.12312	-15.06208	-917.33053	-0.17495	917.45419	-9.0665	0.16099	-63.57839	64.22179	0.07	-0.00143	-0.08732	-2e-05	-0.08734	-48.6248	3.86771	
251.0	5	24.2391	-3.85651	-0.32526	-12552.63442	3070.40709	168.51025	12923.79303	-78.53975	-350.04219	527.51258	637.94008	0.04936	1.2972	-0.3173	-0.01741	1.33556	10.49337	0.05159	
252.0	2	24.33339	4.04119	-0.3047	-16279.78099	-3490.29065	203.90808	16650.97524	40.54534	-219.83599	-525.83654	571.38066	0.03432	-1.82792	-0.3919	0.0229	-1.8696	-11.3174	0.03399	
252.0	3	19.93504	9.2	0.11829	-14.99713	-914.05675	-0.17063	914.17979	-8.72791	0.15503	-63.3946	63.99278	0.07	-0.00143	-0.08727	-2e-05	-0.08728	-48.91461	3.89061	
252.0	5	24.2394	-3.85595	-0.30804	-12549.21994	3069.0138	159.5148	12920.03142	-90.16167	-396.00268	525.83893	664.41992	0.05143	1.29653	-0.31708	-0.01648	1.33484	10.55689	0.05432	
253.0	2	24.33363	4.04081	-0.28743	-16303.58278	-3495.03983	192.62721	16675.1078	30.99512	-173.49755	-524.58489	553.39986	0.03319	-1.83173	-0.39267	0.02164	-1.87348	-11.15525	0.03278	
253.0	3	19.93206	9.2	0.11342	-14.96136	-912.4861	-0.16663	912.60876	-8.49796	0.1509	-63.31466	63.88258	0.07	-0.00143	-0.08738	-2e-05	-0.08739	-48.1809	3.8342	
253.0	5	24.23972	-3.85527	-0.29066	-12547.48476	3067.97439	150.48955	12917.99086	-98.96955	-430.55442	525.69139	686.6757	0.05316	1.29653	-0.31701	-0.01555	1.33481	10.38796	0.0567	
254.0	2	24.3339	4.04038	-0.27006	-16326.47785	-3499.52854	181.23925	16698.30611	26.42988	-150.37297	-522.66595	544.5092	0.03261	-1.83525	-0.39338	0.02037	-1.87704	-11.73462	0.03217	
254.0	3	19.92928	9.2	0.10852	-14.93511	-911.43725	-0.16274	911.55962	-7.97762	0.14203	-63.30836	63.80918	0.07	-0.00143	-0.08751	-2e-05	-0.08753	-50.81858	4.03815	
254.0	5	24.24005	-3.85454	-0.27311	-12545.55581	3066.86429	141.41589	12915.75106	-100.43122	-435.07278	525.7095	689.74287	0.0534	1.2964	-0.31692	-0.01461	1.33465	10.98458	0.05705	
255.0	2	24.33417	4.03989	-0.25267	-16349.76406	-3504.04713	169.78349	16721.90053	26.04621	-146.74692	-520.42037	541.34132	0.03237	-1.83851	-0.39403	0.01909	-1.88036	-11.89611	0.03192	
255.0	3	19.92669	9.2	0.10363	-14.75699	-901.07011	-0.15725	901.19095	-7.22925	0.12933	-62.66837	63.0841	0.07	-0.00142	-0.08672	-2e-05	-0.08673	-51.57297	4.0801	
255.0	5	24.24039	-3.85381	-0.25552	-12561.01134	3070.01653	132.49835	12931.41768	-107.21891	-461.05439	518.24506	701.88674	0.05428	1.29793	-0.31722	-0.01369	1.3362	11.15679	0.0583	
256.0	2	24.33444	4.03942	-0.2352	-16364.30873	-3506.70522	158.14193	16736.56448	29.77649	-162.29709	-517.61296	543.27724	0.03246	-1.84134	-0.39458	0.01779	-1.88323	-11.90537	0.03201	
256.0	3	19.92432	9.2	0.09875	-14.46409	-883.62513	-0.15067	883.74352	-6.24648	0.11274	-61.54759	61.86386	0.07	-0.0014	-0.08525	-1e-05	-0.08526	-51.63586	4.09522	
256.0	5	24.24072	-3.85311	-0.23788	-12581.80302	3074.50656	123.55865	12952.59142	-114.85084	-490.65253	513.79489	719.66367	0.05556	1.30047	-0.31779	-0.01277	1.3388	11.17222	0.06018	
257.0	2	24.3347	4.03897	-0.21764	-16396.65206	-3513.19397	146.57493	16769.44289	21.24989	-120.93287	-521.46386	535.72463	0.03195	-1.84587	-0.3955	0.0165	-1.88783	-11.32268	0.03146	
257.0	3	19.92227	9.2	0.09392	-14.66257	-896.1191	-0.14924	896.23906	-6.35642	0.1144	-62.41401	62.73695	0.07	-0.00142	-0.08662	-1e-05	-0.08663	-49.00382	3.89243	
257.0	5	24.24104	-3.85247	-0.22018	-12572.72991	3071.75055	114.26834	12943.03851	-97.27803	-417.5507	521.23956	674.90909	0.05214	1.2998	-0.31757	-0.01181	1.33809	10.57553	0.0553	
258.0	2	24.33496	4.03857	-0.20002	-16420.32448	-3517.85809	134.86321	16793.46806	21.2402	-119.15902	-522.11066	535.95668	0.03191	-1.84936	-0.3962	0.01519	-1.89139	-12.04964	0.03143	
258.0	3	19.9205	9.2	0.08913	-14.56011	-890.15867	-0.14475	890.27775	-5.62338	0.10207	-62.06515	62.31946	0.07	-0.00141	-0.08619	-1e-05	-0.0862	-52.32287	4.14824	
258.0	5	24.24134	-3.85192	-0.20238	-12590.39068	3075.59774	105.1945	12961.03024	-92.33088	-395.75216	519.91871	659.89411	0.05091	1.30193	-0.31804	-0.01088	1.34025	11.32892	0.05363	
259.0	2	24.33521	4.03817	-0.18228	-16445.11713	-3522.77063	123.07174	16818.64849	22.93949	-125.31024	-521.62026	536.95118	0.03193	-1.85288	-0.39691	0.01387	-1.89497	-11.28325	0.03144	
259.0	3	19.91905	9.2	0.08438	-14.4041	-880.84102	-0.1398	880.95879	-5.02326	0.0919	-61.46242	61.66742	0.07	-0.0014	-0.0854	-1e-05	-0.08541	-48.86398	3.87733	
259.0	5	24.24163	-3.85145	-0.18445	-12618.09272	3081.97224	96.13014	12989.38251	-91.40218	-390.36602	517.79871	654.87059	0.05042	1.30512	-0.31878	-0.00994	1.34352	10.54742	0.05297	
260.0	2	24.33546	4.03781	-0.16446	-16469.62585	-3527.6489	111.20923	16843.55217	26.04094	-138.00881	-521.19792	539.7887	0.03205	-1.8563	-0.3976	0.01253	-1.89845	-12.04766	0.03157	
260.0	3	19.91789	9.2	0.07967	-14.23814	-870.84531	-0.13485	870.96171	-4.22106	0.07843	-60.82118	60.96753	0.07	-0.00138	-0.08453	-1e-05	-0.08454	-52.35221	4.14589	
260.0	5	24.2419	-3.85102	-0.16651	-12649.14831	3089.20506	87.02287	13021.20247	-89.44671	-380.77975	515.75038	647.29622	0.04971	1.30867	-0.31961	-0.009	1.34716	11.33914	0.05204	
261.0	2	24.3357	4.03749	-0.14652	-16502.13556	-3534.27755	99.29018	16876.65412	24.47532	-128.95865	-522.5151	538.74985	0.03192	-1.86058	-0.39848	0.01119	-1.9028	-11.4124	0.03144	
261.0	3	19.91699	9.2	0.07502	-14.27049	-872.91622	-0.13185	873.03287	-3.93566	0.07355	-60.98559	61.1125	0.07	-0.00139	-0.0848	-1e-05	-0.08481	-49.47522	3.92208	
261.0	5	24.24217	-3.85066	-0.14852	-12669.77761	3093.94626	77.7528	13042.3086	-78.01081	-332.55534	521.25038	623.20198	0.04778	1.31114	-0.32018	-0.00805	1.34969	10.68727	0.04957	
262.0	2	24.33588	4.03712	-0.12849	-16505.98487	-3534.73195	87.14685	16880.44612	23.87686	-124.34189	-521.00674	536.17071	0.03176	-1.86146	-0.39863	0.00983	-1.90369	-11.51905	0.03127	
262.0	3	19.91634	9.2	0.0704	-14.05763	-859.93407	-0.12663	860.04897	-3.24135	0.06184	-60.11643	60.20378	0.07	-0.00137	-0.08359	-1e-05	-0.0836	-49.96323	3.9584	
262.0	5	24.24236	-3.85029	-0.13057	-12697.31841	3100.39979	68.47012	13070.54176	-82.93936	-351.20066	522.19851	634.75359	0.04856	1.31428	-0.32092	-0.00709	1.35291	10.79667	0.05056	
263.0	2	24.33603	4.03659	-0.11055	-16517.96868	-3536.77497	75.04712	16892.53381	6.35523	-40.85638	-526.66123	528.28182	0.03127	-1.86329	-0.39896	0.00847	-1.90554	-11.79867	0.03075	
263.0	3	19.9159	9.2	0.06572	-14.04275	-859.01187	-0.12321	859.12666	-3.1495	0.0601	-60.05629	60.13885	0.07	-0.00137	-0.08354	-1e-05	-0.08355	-51.22718	4.05734	
263.0	5	24.24252	-3.84979	-0.11258	-12712.96226	3103.88116	59.10045	13086.51904	-88.99386	-374.4287	521.25879	647.94095	0.04951	1.31627	-0.32137	-0.00612	1.35495	11.0789	0.05178	
264.0	2	24.3362	4.03594	-0.09253	-16524.63002	-3537.57322	62.84504	16899.1648	-1.54961	-2.13316	-527.53472	527.54131	0.03122	-1.86461	-0.39917	0.00709	-1.90687	-11.80093	0.03069	
264.0	3	19.91572	9.2	0.06102	-13.92844	-851.94685	-0.11891	852.06071	-2.76584	0.05353	-59.58006	59.64425	0.07	-0.00135	-0.08287	-1e-05	-0.08288	-51.23409	4.05727	
264.0	5	24.24271	-3.8492	-0.09443	-12736.53516	3109.25342	49.68831	13110.65421	-93.46688	-391.23829	523.55897	660.24045	0.05036	1.31922	-0.32205	-0.00515	1.35797	11.07656	0.05289	
265.0	2	24.33639	4.03523	-0.07452	-16530.16919	-3538.06231	50.61487	16904.64256	-5.27843	17.08184	-529.82025	530.12182	0.03136	-1.86582	-0.39935	0.00571	-1.90809	-11.80243	0.03084	
265.0	3	19.91579	9.2	0.05628	-13.80784	-844.44213	-0.11458	844.55502	-2.30039	0.04563	-59.07406	59.11885	0.07	-0.00134	-0.08213	-1e-05	-0.08214	-51.24245	4.05709	
265.0	5	24.2429	-3.84856	-0.07623	-12762.20515	3115.11481	40.23589	13136.9494	-93.85981	-391.31579	525.28821	661.714	0.05037	1.32246	-0.3228	-0.00417	1.36129	11.07534	0.05291	
266.0	2	24.33658	4.03454	-0.05651	-16534.34629	-3538.28294	38.35529	16908.74107	-6.53025	24.74068	-532.75345	533.36759	0.03154	-1.86683	-0.39949	0.00433	-1.9091	-11.81515	0.03104	
266.0	3	19.9161	9.2	0.05154	-13.69432	-837.31999	-0.11036	837.43197	-1.79735	0.03712	-58.59266	58.62023	0.07	-0.00133	-0.08142	-1e-05	-0.08143	-51.30361	4.06091	
266.0	5	24.24309	-3.84796	-0.05804	-12787.87558	3121.02015	30.73098	13163.26224	-89.76858	-373.00864	527.74458	652.46317	0.04957	1.32575	-0.32356	-0.00319	1.36467	11.08669	0.05185	
267.0	2	24.33674	4.03392	-0.03855	-16533.53171	-3537.49322	26.113	16907.75594	-8.83288	37.35018	-532.78425	534.16488	0.03159	-1.86722	-0.39951	0.00295	-1.90948	-11.86909	0.03109	
267.0	3	19.91671	9.2	0.04683	-13.53488	-827.33921	-0.10584	827.44993	-1.22323	0.02742	-57.90856	57.92149	0.07	-0.00132	-0.0804	-1e-05	-0.08041	-51.57288	4.08013	
267.0	5	24.24324	-3.84746	-0.03992	-12814.20284	3127.17173	21.21337	13190.27852	-81.90754	-339.1999	525.92192	631.1571	0.04785	1.32913	-0.32436	-0.0022	1.36814	11.15018	0.04965	
268.0	2	24.33689	4.03335	-0.02051	-16536.01394	-3537.44675	13.82579	16910.15901	-9.61162	42.8373	-535.46569	537.26243	0.03177	-1.86793	-0.3996	0.00156	-1.9102	-11.83066	0.03128	
268.0	3	19.91758	9.2	0.04214	-13.39992	-818.80498	-0.1016	818.91462	-0.69827	0.01854	-57.31977	57.32402	0.07	-0.0013	-0.07951	-1e-05	-0.07952	-51.39899	4.06571	
268.0	5	24.24336	-3.84707	-0.02172	-12842.82098	3133.96367	11.62031	13219.67905	-75.00549	-309.33164	529.42026	617.73594	0.04673	1.3328	-0.32524	-0.00121	1.37191	11.10864	0.04825	
269.0	2	24.33703	4.03284	-0.00241	-16538.85045	-3537.54015	1.51318	16912.94672	-9.17856	42.6816	-538.52608	540.29279	0.03195	-1.8686	-0.39968	0.00017	-1.91087	-11.83289	0.03146	
269.0	3	19.9187	9.2	0.03746	-13.26136	-810.00764	-0.09739	810.1162	-0.16243	0.00948	-56.70792	56.70815	0.07	-0.00129	-0.07857	-1e-05	-0.07858	-51.40277	4.06527	
269.0	5	24.24346	-3.84676	-0.00341	-12874.13177	3141.48295	1.96766	13251.87488	-66.90826	-274.53221	534.89319	604.94246	0.04565	1.33676	-0.32619	-0.0002	1.37598	11.10618	0.04692	
270.0	2	24.33716	4.03236	0.01569	-16543.1911	-3537.98687	-10.78418	16917.28818	-8.75309	42.58165	-542.39704	544.13635	0.03216	-1.86934	-0.39978	-0.00122	-1.91161	-11.82822	0.03169	
270.0	3	19.92009	9.2	0.0328	-13.11518	-800.69961	-0.0932	800.80702	0.36534	0.00054	-56.05528	56.05647	0.07	-0.00127	-0.07757	-1e-05	-0.07758	-51.39215	4.06396	
270.0	5	24.24356	-3.84647	0.01482	-12910.08131	3150.15393	-7.7188	13288.85732	-58.91356	-240.13192	534.59081	589.00041	0.04432	1.34119	-0.32726	0.0008	1.38054	11.10433	0.04531	
271.0	2	24.33728	4.03194	0.03383	-16546.46601	-3538.26246	-23.09723	16920.56064	-6.1175	32.16196	-544.41703	545.40051	0.03223	-1.86988	-0.39985	-0.00261	-1.91216	-11.82468	0.03177	
271.0	3	19.92176	9.2	0.02814	-12.94162	-789.67273	-0.08888	789.77878	0.93367	-0.00908	-55.27658	55.28447	0.07	-0.00125	-0.07638	-1e-05	-0.07639	-51.37856	4.0616	
271.0	5	24.24365	-3.84622	0.033	-12950.4298	3159.94384	-17.47367	13330.38568	-51.4725	-207.98603	536.05729	577.29111	0.04331	1.34606	-0.32844	0.00182	1.38555	11.10037	0.0441	
272.0	2	24.33736	4.03152	0.052	-16543.65983	-3537.23593	-35.39931	16917.62311	-8.72066	46.26412	-547.33837	549.35936	0.03247	-1.86955	-0.39973	-0.004	-1.91181	-11.83746	0.03202	
272.0	3	19.92373	9.2	0.02349	-12.78044	-779.35201	-0.08472	779.4568	1.37537	-0.01662	-54.54456	54.5619	0.07	-0.00123	-0.07525	-1e-05	-0.07526	-51.43179	4.07331	
272.0	5	24.24369	-3.84603	0.05108	-12987.44593	3168.98472	-27.28006	13368.50628	-47.77083	-191.14502	538.31908	573.24158	0.04288	1.3505	-0.32953	0.00284	1.39012	11.11011	0.0436	
273.0	2	24.33739	4.0309	0.07012	-16514.65512	-3530.43376	-47.6195	16887.86735	-15.03276	77.71289	-548.08063	553.76679	0.03279	-1.86616	-0.39894	-0.00538	-1.90833	-12.30934	0.03236	
273.0	3	19.926	9.2	0.01878	-12.3451	-752.27856	-0.07885	752.37985	1.91605	-0.02593	-52.63174	52.66662	0.07	-0.00119	-0.07247	-1e-05	-0.07248	-53.57436	4.23064	
273.0	5	24.24364	-3.8458	0.06918	-13033.11983	3180.14511	-37.16548	13415.54758	-67.47239	-270.24644	536.86454	604.82163	0.04508	1.35591	-0.33085	0.00387	1.39569	11.5924	0.04623	
274.0	2	24.33743	4.03018	0.08814	-16495.55166	-3525.65123	-59.7605	16868.22493	-27.99737	140.463	-558.75433	576.81896	0.0342	-1.86414	-0.39843	-0.00675	-1.90626	-12.05649	0.03386	
274.0	3	19.92857	9.2	0.01396	-12.19776	-742.71975	-0.07487	742.81991	2.18859	-0.03071	-51.95117	51.99726	0.07	-0.00117	-0.07138	-1e-05	-0.07139	-52.40453	4.14007	
274.0	5	24.24361	-3.84545	0.08726	-13061.72178	3187.07499	-47.00134	13445.0077	-66.79715	-265.81598	538.50186	604.23856	0.04494	1.3598	-0.33179	0.00489	1.3997	11.32103	0.04606	
275.0	2	24.33749	4.02942	0.1062	-16485.54343	-3522.7729	-71.97243	16857.88394	-44.27844	218.80296	-567.42512	609.75944	0.03617	-1.86305	-0.39811	-0.00813	-1.90513	-10.91462	0.036	
275.0	3	19.93148	9.2	0.00908	-12.38567	-753.5108	-0.07291	753.61259	2.21918	-0.03138	-52.70616	52.75287	0.07	-0.00119	-0.07222	-1e-05	-0.07223	-47.16171	3.73358	
275.0	5	24.2436	-3.84503	0.10549	-13067.9567	3188.52321	-56.83072	13451.4461	-43.7637	-169.43693	556.89085	583.73929	0.0434	1.36136	-0.33217	0.00592	1.40131	10.12176	0.04421	
276.0	2	24.33755	4.02863	0.12421	-16463.35888	-3517.26142	-84.09286	16835.09385	-46.05292	229.15005	-568.35916	614.54272	0.0365	-1.86056	-0.39749	-0.0095	-1.90257	-11.41788	0.03637	
276.0	3	19.93468	9.2	0.00412	-12.01656	-730.36952	-0.06765	730.46837	2.74138	-0.04037	-51.05911	51.13266	0.07	-0.00115	-0.06979	-1e-05	-0.0698	-49.438	3.90967	
276.0	5	24.2436	-3.84459	0.12372	-13123.64955	3202.03626	-66.91071	13508.80049	-52.69917	-204.23864	562.32961	600.58739	0.04446	1.36814	-0.33381	0.00698	1.40829	10.63135	0.04548	
277.0	2	24.33762	4.02784	0.14212	-16446.36555	-3512.85996	-96.14665	16817.62079	-49.34194	246.80294	-577.12411	629.61779	0.03744	-1.85865	-0.397	-0.01087	-1.90061	-11.72721	0.0374	
277.0	3	19.93819	9.2	-0.00093	-11.78253	-715.41731	-0.06324	715.51433	3.11706	-0.04692	-49.98891	50.08602	0.07	-0.00112	-0.06814	-1e-05	-0.06815	-50.83054	4.01739	
277.0	5	24.24358	-3.84421	0.14187	-13172.30473	3213.89868	-76.98197	13558.9337	-50.86692	-194.9676	564.13767	599.04183	0.04418	1.3743	-0.33531	0.00803	1.41464	10.94076	0.04514	
278.0	2	24.33769	4.02707	0.16003	-16431.59606	-3508.94362	-108.18365	16802.43251	-50.4161	254.07747	-583.51243	638.42299	0.038	-1.85696	-0.39655	-0.01223	-1.89887	-11.74074	0.03802	
278.0	3	19.94205	9.2	-0.00604	-11.54347	-700.12452	-0.05889	700.21968	3.53983	-0.05425	-48.88735	49.01537	0.07	-0.0011	-0.06643	-1e-05	-0.06644	-50.87373	4.02091	
278.0	5	24.24354	-3.84393	0.16004	-13224.9658	3226.8196	-87.14764	13613.2171	-47.47451	-179.18065	569.89729	599.28496	0.04402	1.38097	-0.33695	0.0091	1.42151	10.94445	0.04495	
279.0	2	24.33775	4.02632	0.17784	-16421.22609	-3505.98738	-120.1607	16791.75549	-55.87055	281.97655	-592.06786	658.16156	0.0392	-1.85567	-0.39619	-0.01358	-1.89754	-12.31424	0.03936	
279.0	3	19.94632	9.2	-0.01126	-11.38987	-689.9669	-0.05501	690.06091	3.75941	-0.05822	-48.15771	48.30426	0.07	-0.00108	-0.0652	-1e-05	-0.06521	-53.44687	4.21909	
279.0	5	24.24349	-3.84371	0.17809	-13276.63732	3239.5699	-97.32806	13666.50594	-36.67609	-132.88034	580.0992	596.2528	0.04363	1.3876	-0.33858	0.01017	1.42834	11.51653	0.04449	
280.0	2	24.3378	4.02563	0.19566	-16400.52472	-3500.87309	-132.02254	16770.5323	-52.2182	267.40659	-604.06907	662.67071	0.03951	-1.85312	-0.39557	-0.01492	-1.89492	-11.78939	0.03972	
280.0	3	19.95087	9.2	-0.01655	-11.17942	-676.34552	-0.05093	676.43791	4.29445	-0.06743	-47.15475	47.34994	0.07	-0.00105	-0.06363	-0.0	-0.06364	-51.0202	4.03339	
280.0	5	24.24343	-3.84353	0.19604	-13326.7534	3251.9831	-107.55931	13718.21123	-21.3792	-68.09003	590.25802	594.55685	0.04334	1.39404	-0.34017	0.01125	1.43499	10.95786	0.04414	
281.0	2	24.33783	4.02504	0.21342	-16382.2968	-3496.38586	-143.82023	16751.86696	-47.56721	248.01587	-611.17268	661.29158	0.03948	-1.85073	-0.39499	-0.01625	-1.89248	-11.61849	0.03968	
281.0	3	19.95566	9.2	-0.02199	-10.89224	-658.0852	-0.04655	658.17534	4.7793	-0.07586	-45.82364	46.07227	0.07	-0.00102	-0.06163	-0.0	-0.06164	-50.22476	3.97349	
281.0	5	24.24335	-3.84339	0.21383	-13390.36847	3267.73642	-117.93897	13783.83033	-17.17458	-48.88504	595.48227	597.73226	0.04336	1.40183	-0.3421	0.01235	1.44302	10.77307	0.04417	
282.0	2	24.33785	4.02451	0.23124	-16370.01814	-3493.22367	-155.65227	16739.30503	-45.19627	239.26557	-616.40208	662.75352	0.03959	-1.84887	-0.39453	-0.01758	-1.89058	-11.79278	0.03981	
282.0	3	19.96062	9.2	-0.0276	-10.72767	-647.24576	-0.04276	647.33465	5.07338	-0.08111	-45.02838	45.31336	0.07	-0.001	-0.06032	-0.0	-0.06033	-51.00702	4.03363	
282.0	5	24.24325	-3.84336	0.23159	-13448.45917	3282.2295	-128.36419	13843.79146	-7.90548	-8.9877	598.42888	598.54858	0.04324	1.40899	-0.34388	0.01345	1.45041	10.94691	0.04402	
283.0	2	24.33776	4.02387	0.249	-16325.18203	-3483.02406	-167.05838	16693.43983	-52.929	278.00931	-623.9585	685.13857	0.04104	-1.84326	-0.39326	-0.01886	-1.88484	-11.47541	0.04146	
283.0	3	19.96581	9.2	-0.03329	-10.47142	-630.87159	-0.0387	630.95849	5.35346	-0.08617	-43.84132	44.16705	0.07	-0.00097	-0.05849	-0.0	-0.0585	-49.52745	3.92026	
283.0	5	24.24302	-3.84336	0.24925	-13487.35225	3292.10049	-138.61607	13884.01277	-12.34955	-25.11248	605.19661	605.84328	0.04364	1.41419	-0.34519	0.01453	1.45578	10.604	0.04449	
284.0	2	24.33769	4.02309	0.26663	-16308.69869	-3478.75164	-178.68405	16676.54922	-64.68765	335.40584	-625.80949	712.965	0.04275	-1.84079	-0.39265	-0.02017	-1.88231	-10.90764	0.04345	
284.0	3	19.97118	9.2	-0.0391	-10.78594	-648.84738	-0.03667	648.93702	5.2236	-0.08428	-45.12425	45.42566	0.07	-0.00099	-0.05983	-0.0	-0.05984	-46.91291	3.71202	
284.0	5	24.2428	-3.84329	0.26688	-13507.93965	3297.47315	-148.70249	13905.39015	-11.96411	-21.35347	613.29185	613.78009	0.04414	1.41751	-0.34603	0.0156	1.45922	10.00509	0.04509	
285.0	2	24.33764	4.02224	0.28411	-16255.86415	-3466.66486	-189.77639	16622.48175	-66.49094	346.61586	-636.18757	727.52885	0.04377	-1.83448	-0.39121	-0.02142	-1.87585	-11.52049	0.04465	
285.0	3	19.97668	9.2	-0.04505	-10.22767	-614.31832	-0.03167	614.40345	5.54228	-0.09007	-42.64946	43.00815	0.07	-0.00094	-0.05634	-0.0	-0.05635	-49.6722	3.92857	
285.0	5	24.24259	-3.84317	0.28443	-13579.38053	3315.23215	-159.34552	13979.11766	-24.7732	-71.78747	617.60472	622.25617	0.04451	1.42639	-0.34824	0.01674	1.46838	10.62087	0.04554	
286.0	2	24.3376	4.02134	0.30151	-16226.08121	-3459.44251	-201.0363	16591.98209	-68.10428	356.80671	-643.10154	738.59923	0.04452	-1.83072	-0.39031	-0.02268	-1.872	-11.5337	0.04554	
286.0	3	19.98227	9.2	-0.05108	-10.12504	-607.19797	-0.02825	607.28239	5.67459	-0.09266	-42.12913	42.50968	0.07	-0.00092	-0.05537	-0.0	-0.05538	-49.71404	3.93144	
286.0	5	24.24239	-3.84301	0.302	-13631.52798	3328.26978	-169.81685	14032.98872	-29.57579	-89.30278	623.845	630.898	0.04496	1.43326	-0.34994	0.01786	1.47547	10.62467	0.04608	
287.0	2	24.33756	4.02045	0.3188	-16197.46812	-3452.48003	-212.23498	16562.68805	-67.0923	354.10951	-640.00081	734.50389	0.04435	-1.8271	-0.38945	-0.02394	-1.8683	-11.40204	0.04534	
287.0	3	19.98786	9.2	-0.05709	-10.02335	-600.15153	-0.02491	600.23523	5.87444	-0.09638	-41.60389	42.01669	0.07	-0.00091	-0.05442	-0.0	-0.05443	-49.13093	3.88619	
287.0	5	24.2422	-3.84284	0.31964	-13686.62691	3342.01953	-180.37385	14089.90367	-30.9663	-93.35975	619.90198	627.65709	0.04455	1.44048	-0.35174	0.01898	1.48292	10.49478	0.04558	
288.0	2	24.33751	4.0196	0.33595	-16170.53421	-3445.91327	-223.33563	16535.12546	-63.75633	340.87774	-643.25236	730.77774	0.0442	-1.82369	-0.38862	-0.02519	-1.8648	-11.33487	0.04516	
288.0	3	19.99343	9.2	-0.0631	-9.93807	-594.10676	-0.02166	594.18988	6.08014	-0.10021	-41.14647	41.59339	0.07	-0.0009	-0.05356	-0.0	-0.05357	-48.81984	3.86226	
288.0	5	24.24201	-3.84269	0.3372	-13744.15109	3356.37223	-190.97551	14149.32491	-29.75295	-86.39563	622.87153	629.53823	0.04449	1.44797	-0.3536	0.02012	1.49065	10.42178	0.04552	
289.0	2	24.33745	4.0188	0.35299	-16140.46501	-3438.73339	-234.27458	16504.37465	-58.66932	319.60444	-649.17157	725.95648	0.04399	-1.8199	-0.38773	-0.02642	-1.86093	-11.25974	0.04491	
289.0	3	19.99906	9.2	-0.06914	-9.78318	-583.91163	-0.01831	583.99358	6.34112	-0.10498	-40.38461	40.87955	0.07	-0.00088	-0.05234	-0.0	-0.05235	-48.46297	3.83227	
289.0	5	24.24182	-3.84255	0.35454	-13806.89428	3372.01463	-201.66916	14214.12968	-27.68938	-75.8025	628.24281	633.40489	0.04456	1.45599	-0.35559	0.02127	1.49893	10.33653	0.0456	
290.0	2	24.33737	4.01806	0.36999	-16114.22166	-3432.41609	-245.15671	16477.55206	-52.50202	293.28267	-655.24992	719.80806	0.04368	-1.81646	-0.38692	-0.02764	-1.85741	-11.19853	0.04455	
290.0	3	20.00474	9.2	-0.07525	-9.70418	-578.25814	-0.01515	578.33956	6.56999	-0.10921	-39.94695	40.48377	0.07	-0.00086	-0.05152	-0.0	-0.05153	-48.1669	3.80971	
290.0	5	24.24163	-3.84243	0.37165	-13866.56185	3386.92569	-212.34261	14275.77993	-23.18503	-55.16861	634.09142	636.90898	0.04461	1.46364	-0.3575	0.02241	1.50683	10.26464	0.04566	
291.0	2	24.33728	4.01741	0.38698	-16078.77106	-3424.23361	-255.84831	16441.34158	-43.89903	254.83122	-651.78896	701.20962	0.04265	-1.81198	-0.38589	-0.02883	-1.85284	-11.11083	0.04333	
291.0	3	20.01024	9.2	-0.0813	-9.40495	-559.54548	-0.01179	559.62452	6.9141	-0.1154	-38.56081	39.17594	0.07	-0.00083	-0.04957	-0.0	-0.04958	-47.79757	3.78942	
291.0	5	24.24142	-3.84238	0.38869	-13936.21773	3404.3181	-223.25402	14347.73113	-19.71705	-39.24295	632.3988	633.92193	0.04418	1.47229	-0.35965	0.02359	1.51577	10.18699	0.04515	
292.0	2	24.33718	4.01681	0.40382	-16037.86849	-3414.92924	-266.27336	16399.56916	-42.50165	252.91389	-683.68516	730.20355	0.04453	-1.80496	-0.38433	-0.02997	-1.84567	-10.85284	0.04556	
292.0	3	20.01593	9.2	-0.08731	-8.72909	-518.48795	-0.00827	518.56142	7.3751	-0.1236	-35.54164	36.29897	0.07	-0.00077	-0.04561	-0.0	-0.04562	-46.58318	3.70936	
292.0	5	24.24119	-3.84246	0.40552	-14034.48476	3428.81671	-234.63111	14449.17293	-0.83227	42.00028	663.55968	664.88809	0.04602	1.48246	-0.36219	0.02478	1.52626	9.90353	0.04737	
293.0	2	24.33707	4.01622	0.42063	-16048.0658	-3416.52338	-277.44313	16410.05858	-35.51785	220.16568	-656.74135	693.5731	0.04227	-1.80714	-0.38473	-0.03124	-1.8479	-10.97749	0.04288	
293.0	3	20.02144	9.2	-0.09334	-9.46565	-561.34505	-0.00606	561.42485	7.21463	-0.12124	-38.63165	39.29975	0.07	-0.00083	-0.04914	-0.0	-0.04914	-47.18342	3.73316	
293.0	5	24.24091	-3.84256	0.42222	-14041.19216	3430.96364	-244.47851	14456.36048	-11.62633	-2.35233	634.72574	634.83657	0.04391	1.48576	-0.36305	0.02587	1.52969	10.0461	0.04483	
294.0	2	24.33687	4.01553	0.43733	-16007.39285	-3407.22711	-287.63608	16368.52335	-42.33134	254.57058	-659.74114	708.41831	0.04328	-1.80193	-0.38355	-0.03238	-1.84258	-10.91067	0.04407	
294.0	3	20.02693	9.2	-0.09941	-9.40908	-557.10397	-0.00312	557.18342	7.23161	-0.12192	-38.32636	39.00283	0.07	-0.00082	-0.04848	-0.0	-0.04849	-46.8637	3.70613	
294.0	5	24.24056	-3.84257	0.43881	-14080.69589	3441.07557	-254.86174	14497.30845	-21.70472	-41.61706	637.24773	638.97398	0.04408	1.49117	-0.36441	0.02699	1.53529	9.96989	0.04502	
295.0	2	24.33669	4.01475	0.45382	-15969.45919	-3398.42307	-297.736	16329.77505	-46.14938	275.00519	-663.68612	719.88672	0.04408	-1.79711	-0.38244	-0.03351	-1.83766	-10.82957	0.04503	
295.0	3	20.03236	9.2	-0.10556	-9.34395	-552.37516	-0.00018	552.45418	7.29424	-0.12338	-37.97744	38.67179	0.07	-0.00081	-0.04778	-0.0	-0.04779	-46.47649	3.67505	
295.0	5	24.24022	-3.84253	0.4553	-14123.38434	3451.9327	-265.28082	14541.53357	-28.53183	-67.49872	640.69828	644.87552	0.04435	1.497	-0.36588	0.02812	1.54132	9.87751	0.04534	
296.0	2	24.33652	4.01391	0.4701	-15934.86142	-3390.27743	-307.75941	16294.43173	-47.62343	284.41501	-667.31677	726.96049	0.04461	-1.79271	-0.38141	-0.03462	-1.83316	-10.74745	0.04566	
296.0	3	20.03771	9.2	-0.11178	-9.29471	-548.60583	0.00277	548.68456	7.38298	-0.12528	-37.69143	38.40792	0.07	-0.0008	-0.04718	0.0	-0.04719	-46.08802	3.64415	
296.0	5	24.23989	-3.84247	0.47171	-14167.24973	3463.06305	-275.70144	14586.97302	-32.4237	-81.37644	643.96826	649.89887	0.04455	1.50302	-0.3674	0.02925	1.54755	9.78541	0.04559	
297.0	2	24.33636	4.01308	0.48622	-15903.38611	-3382.80957	-317.70937	16262.28857	-47.11896	284.42139	-669.77044	729.18322	0.04484	-1.78872	-0.38048	-0.03573	-1.82908	-10.6622	0.04593	
297.0	3	20.04295	9.2	-0.11807	-9.26019	-545.72885	0.00572	545.80741	7.49532	-0.12758	-37.46387	38.20652	0.07	-0.00079	-0.04666	0.0	-0.04667	-45.69291	3.61287	
297.0	5	24.23956	-3.84242	0.48805	-14211.4592	3474.27898	-286.10844	14632.77298	-33.78661	-84.99237	646.15282	652.59383	0.0446	1.50912	-0.36893	0.03038	1.55386	9.69351	0.04564	
298.0	2	24.33619	4.01229	0.50222	-15872.04862	-3375.41193	-327.55635	16230.29964	-44.35687	273.31289	-667.08897	722.27084	0.0445	-1.78475	-0.37955	-0.03683	-1.82504	-10.76478	0.04553	
298.0	3	20.04805	9.2	-0.12433	-9.19297	-540.95477	0.0086	541.03288	7.6101	-0.12992	-37.09938	37.87208	0.07	-0.00078	-0.04599	0.0	-0.04599	-46.17916	3.64907	
298.0	5	24.23923	-3.84236	0.50433	-14257.45144	3485.90925	-296.55402	14680.40971	-33.08589	-80.57395	643.54904	649.41682	0.04424	1.51537	-0.3705	0.03152	1.56033	9.80647	0.04521	
299.0	2	24.33602	4.01154	0.51796	-15840.21112	-3367.94657	-337.2219	16197.81068	-39.07525	250.73607	-668.71551	715.24534	0.04416	-1.7807	-0.37861	-0.03791	-1.8209	-10.45795	0.04512	
299.0	3	20.05315	9.2	-0.13059	-9.13608	-536.79973	0.01146	536.87748	7.84003	-0.13422	-36.75431	37.58142	0.07	-0.00077	-0.04537	0.0	-0.04538	-44.78359	3.54341	
299.0	5	24.23892	-3.84226	0.52037	-14302.27895	3497.23436	-306.91861	14726.84727	-29.28094	-63.15427	644.85794	648.60435	0.04404	1.52143	-0.37202	0.03265	1.5666	9.49055	0.04498	
300.0	2	24.33584	4.01086	0.53359	-15807.38491	-3360.33629	-346.73119	16164.32802	-32.09256	220.14239	-670.41264	706.36089	0.0437	-1.77647	-0.37764	-0.03897	-1.81658	-10.37903	0.04457	
300.0	3	20.05821	9.2	-0.13686	-9.06655	-531.91571	0.01427	531.99298	8.04422	-0.13809	-36.36004	37.23951	0.07	-0.00076	-0.0447	0.0	-0.04471	-44.42458	3.5174	
300.0	5	24.2386	-3.84217	0.53625	-14347.13305	3508.56794	-317.25819	14773.31813	-23.8858	-39.22885	646.33693	647.96671	0.04386	1.52739	-0.37352	0.03378	1.57276	9.40868	0.04476	
301.0	2	24.33564	4.01026	0.5491	-15776.69179	-3353.25355	-356.14553	16133.04537	-25.20926	189.98328	-672.03832	698.83092	0.04332	-1.77241	-0.37672	-0.04001	-1.81244	-10.27997	0.04412	
301.0	3	20.06323	9.2	-0.14314	-8.99895	-527.16159	0.01704	527.2384	8.24693	-0.14194	-35.9732	36.90668	0.07	-0.00075	-0.04405	0.0	-0.04406	-43.97235	3.48447	
301.0	5	24.23828	-3.84217	0.55196	-14392.80266	3520.16699	-327.58278	14820.6496	-18.55686	-15.57679	647.935	648.38782	0.04375	1.53336	-0.37503	0.0349	1.57894	9.3058	0.04463	
302.0	2	24.33543	4.00975	0.56444	-15747.87596	-3346.66121	-365.45776	16103.70448	-18.16137	159.00003	-673.44624	692.19989	0.04298	-1.76851	-0.37583	-0.04104	-1.80847	-10.17618	0.04372	
302.0	3	20.0682	9.2	-0.14944	-8.94479	-523.2127	0.0198	523.28916	8.447	-0.14576	-35.64269	36.63024	0.07	-0.00074	-0.04347	0.0	-0.04348	-43.49792	3.44979	
302.0	5	24.23793	-3.84226	0.56747	-14437.87578	3531.69128	-337.85464	14867.38868	-12.7102	10.16263	649.39026	649.59414	0.04369	1.53921	-0.37651	0.03602	1.585	9.19818	0.04456	
303.0	2	24.3352	4.00931	0.57969	-15719.40205	-3340.19892	-374.63129	16074.72793	-10.73124	126.20309	-674.94277	686.7242	0.04272	-1.76455	-0.37495	-0.04205	-1.80444	-10.07226	0.04341	
303.0	3	20.07311	9.2	-0.15576	-8.88219	-518.78902	0.02252	518.86505	8.65206	-0.14966	-35.27472	36.3206	0.07	-0.00073	-0.04286	0.0	-0.04286	-43.02144	3.41486	
303.0	5	24.23757	-3.84243	0.58277	-14483.04042	3543.29939	-348.08437	14914.24128	-6.5085	37.34225	650.92733	652.03005	0.04372	1.54499	-0.37799	0.03713	1.59099	9.09007	0.04459	
304.0	2	24.33496	4.00893	0.59484	-15682.12083	-3331.92104	-383.44773	16036.75914	-1.86919	86.92379	-678.8678	684.41269	0.04268	-1.75954	-0.37384	-0.04302	-1.79933	-9.9143	0.04336	
304.0	3	20.07788	9.2	-0.16211	-8.62719	-503.17247	0.02466	503.24643	8.9126	-0.15448	-34.08228	35.22868	0.07	-0.00071	-0.04134	0.0	-0.04134	-42.28889	3.36746	
304.0	5	24.23719	-3.84268	0.5979	-14537.71246	3557.29114	-358.50723	14970.90282	-1.9692	57.94763	654.83822	657.40011	0.04391	1.55173	-0.3797	0.03827	1.59797	8.92222	0.04482	
305.0	2	24.33469	4.0086	0.60979	-15642.97353	-3323.30085	-392.05058	15996.89511	1.39416	73.98617	-682.78721	686.78547	0.04293	-1.75426	-0.37269	-0.04397	-1.79395	-9.71153	0.04366	
305.0	3	20.08265	9.2	-0.16849	-8.40948	-489.76961	0.02677	489.84181	9.08656	-0.15783	-33.06474	34.29093	0.07	-0.00069	-0.04001	0.0	-0.04001	-41.34884	3.3046	
305.0	5	24.23671	-3.84303	0.61286	-14571.44001	3566.24133	-368.35629	15006.01971	-2.86827	56.19131	657.4792	659.88225	0.04397	1.55618	-0.38086	0.03934	1.60259	8.70707	0.0449	
306.0	2	24.33434	4.00822	0.62455	-15601.39867	-3314.14376	-400.42709	15954.54578	-1.24456	88.08299	-680.53032	686.20818	0.04301	-1.74871	-0.37147	-0.04488	-1.78829	-9.63808	0.04375	
306.0	3	20.08754	9.2	-0.17488	-8.60247	-500.26865	0.03019	500.34261	9.10874	-0.15867	-33.81779	35.02338	0.07	-0.0007	-0.04063	0.0	-0.04063	-41.01651	3.26957	
306.0	5	24.2362	-3.84339	0.62764	-14580.11787	3569.09648	-377.48953	15015.35165	-3.98229	53.02676	655.17022	657.32467	0.04378	1.55801	-0.38139	0.04034	1.60452	8.6333	0.04466	
307.0	2	24.334	4.00782	0.63912	-15556.70969	-3304.30293	-408.5602	15909.00863	-3.6157	101.17672	-680.61016	688.09882	0.04325	-1.7429	-0.3702	-0.04577	-1.78236	-9.60032	0.04404	
307.0	3	20.09233	9.2	-0.18132	-8.61998	-500.55567	0.03308	500.62988	9.13095	-0.15948	-33.8317	35.04259	0.07	-0.0007	-0.04041	0.0	-0.04042	-40.84019	3.25379	
307.0	5	24.2357	-3.84374	0.64228	-14603.20007	3575.45991	-386.91024	15039.51679	-7.83771	38.95461	655.80128	657.00397	0.04369	1.56144	-0.3823	0.04137	1.60809	8.59323	0.04455	
308.0	2	24.33368	4.00741	0.65344	-15521.83933	-3296.5349	-416.77346	15873.5106	-8.12097	123.96238	-678.05181	689.338	0.04343	-1.73873	-0.36927	-0.04669	-1.77812	-9.51132	0.04425	
308.0	3	20.09705	9.2	-0.1878	-8.79675	-510.08505	0.03666	510.1609	9.10514	-0.15951	-34.52852	35.70921	0.07	-0.00071	-0.04096	0.0	-0.04097	-40.44155	3.21549	
308.0	5	24.2352	-3.84409	0.65676	-14618.0426	3579.8023	-396.01245	15055.19777	-11.23798	26.44224	653.8563	654.48724	0.04347	1.56448	-0.38312	0.04238	1.61126	8.50529	0.0443	
309.0	2	24.33336	4.00699	0.66749	-15467.29505	-3284.58646	-424.28562	15817.89311	-5.2472	112.6122	-680.49572	689.77059	0.04361	-1.73184	-0.36777	-0.04751	-1.77109	-9.3783	0.04446	
309.0	3	20.10161	9.2	-0.19432	-8.55681	-495.47647	0.03851	495.55035	9.2664	-0.16263	-33.427	34.68799	0.07	-0.00068	-0.03957	0.0	-0.03957	-39.82267	3.17336	
309.0	5	24.23472	-3.84441	0.67104	-14656.28286	3589.84648	-405.66573	15094.97233	-12.9141	21.30082	655.06977	655.54322	0.04343	1.56951	-0.38443	0.04344	1.61649	8.36315	0.04425	
310.0	2	24.33304	4.00661	0.68133	-15422.49304	-3274.74901	-431.88008	15772.24756	2.34771	78.68587	-680.47579	685.01408	0.04343	-1.72559	-0.36641	-0.04832	-1.76473	-9.25709	0.04425	
310.0	3	20.1061	9.2	-0.20089	-8.52188	-492.77178	0.04121	492.84547	9.46041	-0.16638	-33.1764	34.49928	0.07	-0.00068	-0.03912	0.0	-0.03913	-39.26887	3.13371	
310.0	5	24.23425	-3.8447	0.68504	-14681.35571	3596.63817	-414.87013	15121.18146	-5.7944	51.93553	655.2966	657.37699	0.04347	1.57267	-0.38527	0.04444	1.61979	8.2382	0.0443	
311.0	2	24.33271	4.00628	0.69496	-15375.84785	-3264.5549	-439.24265	15724.72416	8.225	52.93745	-681.36271	683.46556	0.04346	-1.71952	-0.36508	-0.04912	-1.75853	-9.13509	0.04429	
311.0	3	20.11053	9.2	-0.2075	-8.43106	-486.85232	0.04361	486.92532	9.62987	-0.16969	-32.69566	34.08473	0.07	-0.00067	-0.03844	0.0	-0.03845	-38.70585	3.09519	
311.0	5	24.23378	-3.84499	0.69882	-14707.82022	3603.77346	-424.02087	15148.82677	-1.60368	70.66574	656.2177	660.01355	0.04357	1.57627	-0.38623	0.04544	1.62354	8.10999	0.04441	
312.0	2	24.33239	4.00598	0.70841	-15331.92302	-3254.97174	-446.50009	15679.98938	12.18983	36.26259	-682.92767	683.99837	0.04362	-1.71366	-0.36381	-0.04991	-1.75256	-9.00131	0.04448	
312.0	3	20.11502	9.2	-0.21413	-8.33312	-480.52564	0.04592	480.59789	9.76902	-0.17249	-32.19179	33.64186	0.07	-0.00065	-0.03773	0.0	-0.03773	-38.08632	3.05158	
312.0	5	24.2333	-3.84535	0.71239	-14738.69825	3612.04784	-433.20454	15181.03363	0.09191	79.25218	657.67548	662.43335	0.04364	1.58031	-0.38729	0.04645	1.62774	7.96856	0.04449	
313.0	2	24.33206	4.00573	0.72164	-15296.78779	-3247.30556	-453.83886	15644.25389	18.99127	5.68813	-680.80659	681.09518	0.04354	-1.70885	-0.36277	-0.0507	-1.74767	-8.86907	0.04438	
313.0	3	20.11952	9.2	-0.22079	-8.52375	-490.82624	0.04987	490.90025	9.91725	-0.17557	-32.8979	34.36066	0.07	-0.00067	-0.03831	0.0	-0.03832	-37.49146	3.00382	
313.0	5	24.23282	-3.84573	0.72577	-14746.95874	3614.80267	-441.61904	15189.95121	9.16351	117.61179	656.69618	667.2079	0.04392	1.58198	-0.38778	0.04737	1.6295	7.83672	0.04484	
314.0	2	24.33172	4.00556	0.73464	-15240.55388	-3235.22603	-460.36685	15586.95312	25.18623	-21.20959	-684.74573	685.53695	0.04398	-1.70151	-0.36119	-0.0514	-1.74018	-8.69484	0.04491	
314.0	3	20.12393	9.2	-0.2275	-8.2131	-472.28516	0.05086	472.35657	10.11524	-0.1793	-31.48105	33.0667	0.07	-0.00064	-0.03666	0.0	-0.03667	-36.67997	2.95449	
314.0	5	24.23233	-3.84615	0.73897	-14788.097	3625.64147	-450.91412	15232.74147	10.29738	124.13033	660.37727	672.02121	0.04412	1.58695	-0.38908	0.04839	1.63467	7.6505	0.04507	
315.0	2	24.33138	4.00539	0.7475	-15203.91255	-3227.31195	-467.2908	15549.69003	29.90852	-41.93909	-683.46293	685.40133	0.04408	-1.69652	-0.36012	-0.05214	-1.73511	-8.67236	0.04502	
315.0	3	20.12842	9.2	-0.23426	-8.32329	-477.94569	0.0544	478.01816	10.20977	-0.18143	-31.8632	33.45947	0.07	-0.00064	-0.03689	0.0	-0.0369	-36.57426	2.94217	
315.0	5	24.23184	-3.84663	0.75194	-14803.43429	3630.20579	-459.31066	15248.96807	15.95756	148.41851	658.73293	675.4345	0.04429	1.58937	-0.38976	0.04931	1.6372	7.62714	0.04528	
316.0	2	24.33103	4.0053	0.76019	-15184.74264	-3223.17023	-474.58955	15530.30813	33.44449	-57.12155	-682.13355	685.33757	0.04413	-1.69336	-0.35944	-0.05292	-1.73189	-8.47443	0.04508	
316.0	3	20.13277	9.2	-0.24111	-8.73133	-500.68548	0.06009	500.7616	10.27952	-0.18328	-33.50587	35.04776	0.07	-0.00067	-0.03843	0.0	-0.03843	-35.68895	2.87053	
316.0	5	24.23134	-3.84718	0.76472	-14800.54757	3630.35196	-467.01859	15246.43466	24.94238	186.53436	659.55498	685.87896	0.04499	1.58969	-0.38993	0.05016	1.63758	7.43201	0.04611	
317.0	2	24.33067	4.0053	0.77264	-15110.76436	-3207.47706	-479.98652	15454.88582	44.23455	-106.3225	-682.08345	691.73623	0.04476	-1.68356	-0.35736	-0.05348	-1.7219	-8.31751	0.04584	
317.0	3	20.13693	9.2	-0.24808	-8.10189	-463.97927	0.05859	464.05	10.60861	-0.18912	-30.70107	32.48283	0.07	-0.00062	-0.03541	0.0	-0.03542	-34.94026	2.82668	
317.0	5	24.23082	-3.84782	0.77728	-14856.62364	3645.016	-476.47651	15304.65411	27.67828	198.81176	657.88392	687.82517	0.04494	1.59578	-0.39152	0.05118	1.6439	7.25696	0.04606	
318.0	2	24.3303	4.00537	0.78485	-15068.33912	-3198.55049	-486.18096	15411.74685	50.69341	-135.26368	-681.26448	696.41036	0.04519	-1.67754	-0.35609	-0.05413	-1.71577	-8.17935	0.04636	
318.0	3	20.14115	9.2	-0.25511	-8.08503	-462.3889	0.06131	462.45958	10.77688	-0.19248	-30.52419	32.37135	0.07	-0.00061	-0.0351	0.0	-0.0351	-34.30177	2.78138	
318.0	5	24.23027	-3.84856	0.78959	-14872.38626	3649.88338	-484.53484	15321.3673	33.81489	225.059	657.3955	695.67509	0.04541	1.59783	-0.39213	0.05206	1.64606	7.11256	0.04662	
319.0	2	24.32989	4.0055	0.79681	-15041.28343	-3192.93239	-492.689	15384.33511	51.22853	-136.27786	-680.78813	696.18136	0.04525	-1.67299	-0.35514	-0.0548	-1.71115	-8.04649	0.04644	
319.0	3	20.1454	9.2	-0.26217	-8.40787	-480.19751	0.06673	480.27111	10.81834	-0.19384	-31.82577	33.61479	0.07	-0.00063	-0.03623	1e-05	-0.03624	-33.70558	2.7314	
319.0	5	24.22965	-3.84935	0.80167	-14851.50572	3645.80419	-491.25062	15300.34109	37.44884	241.23876	658.19283	702.0088	0.04588	1.59572	-0.39172	0.05278	1.64395	6.98184	0.0472	
320.0	2	24.32944	4.00564	0.80852	-14956.03765	-3174.98425	-497.09338	15297.40792	52.29501	-139.84985	-680.16401	696.35898	0.04552	-1.66244	-0.35292	-0.05525	-1.70039	-7.86381	0.04676	
320.0	3	20.14944	9.2	-0.2693	-7.93439	-452.56581	0.0658	452.63536	10.95538	-0.19639	-29.7296	31.68451	0.07	-0.0006	-0.03397	0.0	-0.03398	-32.8494	2.67588	
320.0	5	24.22903	-3.85015	0.81353	-14878.16792	3653.38414	-499.39939	15328.29071	31.81194	219.21972	655.96892	692.36155	0.04517	1.5991	-0.39267	0.05368	1.64748	6.78495	0.04633	
321.0	2	24.329	4.00579	0.81997	-14901.02326	-3163.45631	-502.28345	15241.39884	51.89044	-136.62598	-678.92014	694.47234	0.04556	-1.65509	-0.35137	-0.05579	-1.6929	-7.73028	0.04682	
321.0	3	20.15345	9.2	-0.27647	-7.92905	-451.67442	0.0686	451.74402	11.01634	-0.19789	-29.64046	31.62208	0.07	-0.00059	-0.03372	1e-05	-0.03373	-32.23903	2.62842	
321.0	5	24.22842	-3.85094	0.82516	-14881.31571	3655.19219	-506.62132	15332.01397	30.43641	214.64208	654.58002	689.54521	0.04497	1.5998	-0.39295	0.05446	1.64825	6.64843	0.0461	
322.0	2	24.32855	4.00597	0.83118	-14850.91373	-3152.99307	-507.43942	15190.40811	51.11976	-131.75224	-677.44289	692.02656	0.04556	-1.64835	-0.34996	-0.05632	-1.68603	-7.57818	0.04681	
322.0	3	20.15728	9.2	-0.28369	-7.93997	-451.72987	0.07156	451.79965	11.07854	-0.19942	-29.62141	31.62597	0.07	-0.00059	-0.03355	1e-05	-0.03356	-31.54612	2.57391	
322.0	5	24.22783	-3.85172	0.83651	-14885.29549	3657.17458	-513.72389	15336.58567	28.93081	209.49643	653.11618	686.50309	0.04476	1.60057	-0.39324	0.05524	1.64909	6.49357	0.04584	
323.0	2	24.32812	4.00618	0.84213	-14799.60067	-3142.29772	-512.35668	15138.18762	52.85447	-138.73047	-675.88179	691.99417	0.04571	-1.64149	-0.34853	-0.05683	-1.67905	-7.42301	0.04699	
323.0	3	20.16096	9.2	-0.29097	-7.93133	-450.69314	0.07437	450.76293	11.18272	-0.20166	-29.50463	31.5534	0.07	-0.00059	-0.0333	1e-05	-0.03331	-30.83712	2.52034	
323.0	5	24.22725	-3.85247	0.84756	-14888.35285	3658.89916	-520.64533	15340.19769	30.08485	215.15149	651.69833	686.95413	0.04478	1.60118	-0.3935	0.05599	1.64977	6.3345	0.04586	
324.0	2	24.32768	4.00641	0.85285	-14744.80822	-3130.87576	-516.95341	15082.40675	56.49202	-154.62489	-674.8242	694.6135	0.04605	-1.63425	-0.34701	-0.0573	-1.67166	-7.26669	0.04741	
324.0	3	20.16456	9.2	-0.29831	-7.88415	-447.47977	0.07682	447.54922	11.31958	-0.20445	-29.21124	31.32844	0.07	-0.00058	-0.0329	1e-05	-0.03291	-30.11832	2.46879	
324.0	5	24.22668	-3.85322	0.85833	-14891.52741	3660.64411	-527.41923	15343.92632	32.76252	227.04365	650.79555	690.04134	0.04497	1.60175	-0.39374	0.05673	1.65041	6.17212	0.04609	
325.0	2	24.32725	4.00667	0.86331	-14690.38136	-3119.55814	-521.35968	15027.00114	60.04722	-170.15231	-673.84684	697.58658	0.04642	-1.627	-0.3455	-0.05774	-1.66428	-7.10735	0.04787	
325.0	3	20.16812	9.2	-0.30569	-7.83259	-444.02689	0.07921	444.09597	11.45695	-0.20725	-28.89774	31.08672	0.07	-0.00057	-0.03248	1e-05	-0.03249	-29.38525	2.41643	
325.0	5	24.22612	-3.854	0.86885	-14895.173	3662.53138	-534.05487	15348.14417	35.38796	238.69182	649.94545	693.293	0.04517	1.60233	-0.39399	0.05745	1.65106	6.00641	0.04634	
326.0	2	24.32682	4.00697	0.8735	-14635.52544	-3108.18035	-525.5476	14971.15862	64.0492	-187.83582	-672.75746	701.41798	0.04685	-1.61966	-0.34397	-0.05816	-1.6568	-6.94706	0.0484	
326.0	3	20.17166	9.2	-0.31313	-7.77936	-440.48803	0.08156	440.55673	11.60299	-0.21021	-28.57216	30.83897	0.07	-0.00057	-0.03206	1e-05	-0.03207	-28.64736	2.36411	
326.0	5	24.22555	-3.85482	0.8791	-14898.26369	3664.30851	-540.5139	15351.79381	38.62034	252.75752	649.02218	697.57271	0.04544	1.60281	-0.39422	0.05815	1.6516	5.83949	0.04666	
327.0	2	24.3264	4.00729	0.8834	-14585.43658	-3097.83387	-529.70495	14920.19177	66.54138	-198.53409	-671.14623	703.05107	0.04712	-1.61284	-0.34255	-0.05857	-1.64986	-6.78327	0.04874	
327.0	3	20.17513	9.2	-0.32062	-7.76819	-439.34207	0.08436	439.41075	11.72488	-0.21277	-28.4356	30.75876	0.07	-0.00056	-0.03182	1e-05	-0.03183	-27.8978	2.30812	
327.0	5	24.22499	-3.85567	0.88909	-14900.14224	3665.804	-546.76918	15354.19533	40.72066	262.11466	647.65421	699.87016	0.04558	1.60313	-0.39441	0.05883	1.65198	5.67083	0.04684	
328.0	2	24.32598	4.00762	0.89303	-14538.62123	-3088.19169	-533.78343	14872.57072	68.38052	-206.2027	-669.49429	703.8594	0.04733	-1.60633	-0.34121	-0.05898	-1.64323	-6.6182	0.04899	
328.0	3	20.17847	9.2	-0.32818	-7.76597	-438.71954	0.08727	438.78828	11.83802	-0.21519	-28.34138	30.71513	0.07	-0.00056	-0.03163	1e-05	-0.03163	-27.14425	2.25111	
328.0	5	24.22443	-3.85653	0.89882	-14902.34652	3667.37226	-552.87511	15356.92749	42.20492	268.92022	646.21865	701.21172	0.04566	1.60338	-0.39458	0.05949	1.65229	5.50156	0.04693	
329.0	2	24.32556	4.00797	0.90245	-14490.73365	-3078.33165	-537.62536	14823.84998	71.34484	-219.28948	-667.3667	706.08518	0.04763	-1.59971	-0.33983	-0.05935	-1.63649	-6.45098	0.04938	
329.0	3	20.18168	9.2	-0.3358	-7.7602	-437.91232	0.09016	437.98109	11.97628	-0.21804	-28.22186	30.65864	0.07	-0.00056	-0.03142	1e-05	-0.03143	-26.38104	2.19423	
329.0	5	24.22388	-3.85739	0.90828	-14902.17076	3668.357	-558.72861	15357.20398	45.1902	281.72187	644.3636	704.70832	0.04589	1.60337	-0.39469	0.06012	1.65233	5.33004	0.04721	
330.0	2	24.32515	4.00836	0.91162	-14443.56767	-3068.65516	-541.29683	14775.86863	74.77888	-234.74883	-664.53477	708.73503	0.04797	-1.59314	-0.33848	-0.05971	-1.62979	-6.28205	0.0498	
330.0	3	20.18475	9.2	-0.3435	-7.76755	-437.8635	0.09324	437.9324	12.12827	-0.22115	-28.15318	30.65527	0.07	-0.00055	-0.03128	1e-05	-0.03128	-25.61239	2.13663	
330.0	5	24.22334	-3.85829	0.91746	-14899.2679	3668.67993	-564.31221	15354.6685	49.10827	298.17392	641.89175	709.46763	0.04621	1.60298	-0.3947	0.06071	1.65197	5.15775	0.0476	
331.0	2	24.32473	4.00879	0.92051	-14392.70744	-3058.23257	-544.63146	14724.11075	79.05273	-254.17068	-661.85995	713.37974	0.04845	-1.58615	-0.33703	-0.06002	-1.62267	-6.11145	0.05041	
331.0	3	20.18768	9.2	-0.35126	-7.75392	-436.64916	0.09608	436.71801	12.30469	-0.22466	-27.98365	30.57026	0.07	-0.00055	-0.03106	1e-05	-0.03106	-24.83329	2.07997	
331.0	5	24.22279	-3.85922	0.92641	-14895.0227	3668.6792	-569.67409	15350.74711	53.66692	317.19986	639.54904	715.90423	0.04664	1.60237	-0.39467	0.06128	1.6514	4.98241	0.04813	
332.0	2	24.32431	4.00929	0.9291	-14336.69154	-3046.77285	-547.56877	14667.08494	85.09455	-281.88673	-659.51447	722.26072	0.04924	-1.57855	-0.33547	-0.06029	-1.61493	-5.94011	0.05143	
332.0	3	20.19056	9.2	-0.35909	-7.70845	-433.65001	0.09853	433.71853	12.52469	-0.22892	-27.65551	30.3603	0.07	-0.00055	-0.03071	1e-05	-0.03071	-24.04459	2.02554	
332.0	5	24.22224	-3.8602	0.93512	-14888.79976	3668.23146	-574.78612	15344.79258	59.6361	341.95639	637.56796	725.93633	0.04731	1.59876	-0.39389	0.06172	1.64772	4.80357	0.04897	
333.0	2	24.32389	4.00987	0.93739	-14282.53034	-3035.7611	-550.37921	14611.96207	90.64445	-308.00387	-653.3785	728.00156	0.04982	-1.57111	-0.33394	-0.06054	-1.60735	-5.77665	0.05219	
333.0	3	20.19338	9.2	-0.36696	-7.70208	-432.85927	0.10148	432.9278	12.73612	-0.23307	-27.49843	30.30555	0.07	-0.00054	-0.03053	1e-05	-0.03053	-23.30914	1.97242	
333.0	5	24.22169	-3.86123	0.94358	-14878.4271	3666.79413	-579.5657	15334.56451	66.37433	369.25222	632.24275	735.17593	0.04794	1.58961	-0.39176	0.06192	1.63834	4.64063	0.04977	
334.0	2	24.32346	4.01049	0.94539	-14238.25577	-3026.88625	-553.36797	14566.9552	87.84306	-294.3619	-650.07733	719.00338	0.04936	-1.56487	-0.33267	-0.06082	-1.60099	-5.58159	0.05158	
334.0	3	20.19619	9.2	-0.37484	-7.65539	-429.80644	0.10388	429.87462	12.79607	-0.2345	-27.23415	30.09142	0.07	-0.00054	-0.03018	1e-05	-0.03019	-22.43302	1.90512	
334.0	5	24.22114	-3.86229	0.95175	-14882.53209	3668.94379	-584.72921	15339.25742	61.76967	350.74541	628.62624	722.50175	0.0471	1.57443	-0.38814	0.06186	1.62275	4.44636	0.04871	
335.0	2	24.32303	4.01117	0.95309	-14186.5351	-3016.47231	-555.86929	14514.3334	92.57401	-316.29988	-646.18538	725.37653	0.04998	-1.55757	-0.33118	-0.06103	-1.59356	-5.40927	0.05239	
335.0	3	20.1989	9.2	-0.38273	-7.64072	-428.56567	0.10669	428.63379	13.00371	-0.23857	-27.03902	30.00436	0.07	-0.00053	-0.02997	1e-05	-0.02997	-21.65621	1.84917	
335.0	5	24.2206	-3.86338	0.95964	-14874.14462	3668.02895	-589.22479	15331.07304	66.88569	371.63816	625.07901	730.2824	0.04763	1.55356	-0.38311	0.06154	1.60128	4.27367	0.04938	
336.0	2	24.3226	4.01192	0.9605	-14134.42197	-3006.02679	-558.15523	14461.31456	96.38557	-334.33717	-640.19434	728.64279	0.05039	-1.55031	-0.32971	-0.06122	-1.58616	-5.22391	0.05293	
336.0	3	20.20154	9.2	-0.39064	-7.62091	-427.04721	0.10943	427.11522	13.21167	-0.24264	-26.81953	29.89806	0.07	-0.00053	-0.02974	1e-05	-0.02975	-20.82541	1.7885	
336.0	5	24.22005	-3.86452	0.96723	-14864.48679	3666.83535	-593.48739	15321.58205	71.19544	388.90439	619.66732	735.05306	0.04798	1.52602	-0.37644	0.06093	1.57294	4.08984	0.04981	
337.0	2	24.32217	4.01274	0.96761	-14083.2691	-2995.84061	-560.27979	14409.28322	99.6629	-350.04629	-633.42735	730.54453	0.0507	-1.54314	-0.32826	-0.06139	-1.57886	-5.03813	0.05335	
337.0	3	20.20409	9.2	-0.39855	-7.61426	-426.2779	0.11234	426.34591	13.41532	-0.24665	-26.65793	29.84421	0.07	-0.00053	-0.02957	1e-05	-0.02958	-19.99687	1.72685	
337.0	5	24.21949	-3.86572	0.97452	-14848.99994	3664.2363	-597.33134	15306.08479	75.13579	404.49704	613.53113	738.70407	0.04826	1.4927	-0.36835	0.06005	1.53865	3.90738	0.05017	
338.0	2	24.32173	4.01361	0.97441	-14036.10062	-2986.52945	-562.36497	14361.3277	101.29684	-358.29485	-625.49159	727.92581	0.05069	-1.53631	-0.32689	-0.06155	-1.57191	-4.85134	0.05333	
338.0	3	20.20651	9.2	-0.40645	-7.62493	-426.49534	0.11551	426.56351	13.58972	-0.25016	-26.58637	29.85931	0.07	-0.00053	-0.02947	1e-05	-0.02948	-19.17149	1.66313	
338.0	5	24.21889	-3.86692	0.98152	-14816.87503	3657.52947	-600.31179	15273.43058	77.7765	414.586	606.27786	738.58214	0.04836	1.45321	-0.35872	0.05888	1.49798	3.7272	0.0503	
339.0	2	24.32128	4.0145	0.98092	-13989.31969	-2977.32292	-564.27103	14313.76676	100.08334	-353.23202	-617.45512	718.35949	0.05019	-1.52465	-0.32449	-0.0615	-1.56001	-4.66044	0.05267	
339.0	3	20.20877	9.2	-0.41434	-7.64734	-427.38707	0.11886	427.4555	13.70432	-0.25261	-26.59802	29.92201	0.07	-0.00053	-0.02943	1e-05	-0.02943	-18.33797	1.59596	
339.0	5	24.21831	-3.86812	0.98822	-14789.72864	3652.03369	-603.29741	15245.89752	77.44758	412.55854	598.79081	731.26816	0.04796	1.40946	-0.34804	0.05749	1.45294	3.54731	0.0498	
340.0	2	24.32082	4.01539	0.98714	-13939.25813	-2967.41755	-565.85752	14262.84259	95.62503	-333.36119	-607.43239	699.46261	0.04904	-1.50599	-0.3206	-0.06114	-1.54095	-4.46835	0.05117	
340.0	3	20.21084	9.2	-0.42219	-7.68898	-429.37754	0.12252	429.4464	13.7302	-0.2535	-26.74128	30.06125	0.07	-0.00053	-0.02947	1e-05	-0.02948	-17.51478	1.52553	
340.0	5	24.21774	-3.86931	0.99465	-14768.49029	3647.95577	-606.33808	15224.43866	73.9324	397.25551	589.27623	714.50992	0.04693	1.36381	-0.33687	0.05599	1.40591	3.37301	0.0485	
341.0	2	24.32037	4.01627	0.99308	-13882.33571	-2956.03442	-566.96755	14204.88777	95.08968	-331.12047	-601.90986	693.52599	0.04882	-1.48044	-0.31524	-0.06046	-1.51484	-4.2807	0.05089	
341.0	3	20.21284	9.2	-0.42998	-7.64643	-426.67475	0.12481	426.74327	13.8903	-0.25666	-26.44486	29.87201	0.07	-0.00052	-0.02919	1e-05	-0.0292	-16.68213	1.46317	
341.0	5	24.21719	-3.87047	1.00077	-14751.00358	3644.77951	-609.33976	15206.83463	72.3845	390.61947	584.20241	706.4811	0.04646	1.31202	-0.32418	0.0542	1.35256	3.18981	0.04791	
342.0	2	24.31993	4.01713	0.99871	-13830.41557	-2945.69544	-568.08493	14152.04003	93.26015	-322.94406	-595.9175	684.18417	0.04835	-1.44904	-0.30863	-0.05952	-1.48274	-4.0888	0.05028	
342.0	3	20.21481	9.2	-0.43773	-7.62847	-425.34946	0.12747	425.41788	14.01585	-0.25924	-26.27336	29.7792	0.07	-0.00052	-0.02901	1e-05	-0.02901	-15.83583	1.39716	
342.0	5	24.21666	-3.87161	1.00658	-14734.93726	3641.93016	-612.20875	15190.68237	69.9682	380.38368	578.81207	696.13986	0.04583	1.25579	-0.31038	0.05218	1.29463	3.0045	0.04714	
343.0	2	24.31951	4.01803	1.00405	-13769.1375	-2933.3825	-568.62114	14089.61357	97.25411	-342.3901	-588.69433	687.93194	0.04883	-1.41098	-0.3006	-0.05827	-1.44382	-3.89702	0.05089	
343.0	3	20.21674	9.2	-0.44547	-7.60138	-423.52031	0.12995	423.58854	14.32578	-0.26509	-25.95949	29.6512	0.07	-0.00052	-0.02879	1e-05	-0.0288	-14.98112	1.3357	
343.0	5	24.21614	-3.87276	1.01208	-14710.46984	3637.01398	-614.53559	15165.86456	74.58317	398.43749	572.74014	701.67397	0.04627	1.19374	-0.29514	0.04987	1.23069	2.81516	0.04768	
344.0	2	24.31908	4.01897	1.00909	-13717.53684	-2923.16315	-569.36122	14037.08916	98.6143	-349.46136	-581.72681	685.75076	0.04885	-1.3676	-0.29143	-0.05676	-1.39946	-3.70168	0.05093	
344.0	3	20.21863	9.2	-0.45319	-7.58948	-422.54422	0.13267	422.6124	14.58014	-0.26996	-25.73879	29.58275	0.07	-0.00051	-0.02863	1e-05	-0.02863	-14.1197	1.27097	
344.0	5	24.21563	-3.87395	1.01727	-14693.61455	3633.9953	-616.98666	15148.89114	76.47094	405.43936	566.83596	701.09335	0.04628	1.12825	-0.27904	0.04738	1.16321	2.62623	0.04769	
345.0	2	24.31868	4.01987	1.01385	-13675.48271	-2914.93119	-570.30894	13994.31683	90.80392	-313.37884	-575.66997	661.70051	0.04728	-1.32073	-0.28151	-0.05508	-1.35152	-3.50624	0.04894	
345.0	3	20.22041	9.2	-0.46088	-7.60007	-422.83595	0.13577	422.90427	14.54025	-0.26963	-25.78482	29.60318	0.07	-0.00051	-0.02857	1e-05	-0.02857	-13.26906	1.19754	
345.0	5	24.21515	-3.87507	1.02215	-14680.04679	3631.72221	-619.38588	15135.28391	68.1737	371.29634	561.28506	676.42409	0.04469	1.06239	-0.26283	0.04482	1.09534	2.44193	0.04576	
346.0	2	24.31831	4.02069	1.0183	-13647.43621	-2909.6265	-571.65635	13965.85953	77.88488	-253.26078	-570.33339	628.87778	0.04503	-1.26996	-0.27076	-0.0532	-1.29959	-3.30997	0.04616	
346.0	3	20.22211	9.2	-0.46851	-7.58888	-421.92529	0.13846	421.99355	14.35557	-0.26668	-25.81511	29.53935	0.07	-0.00051	-0.02843	1e-05	-0.02843	-12.42221	1.12223	
346.0	5	24.2147	-3.8761	1.02671	-14682.73882	3633.39241	-622.28327	15138.41458	53.88917	313.01525	556.12388	640.43451	0.04231	0.99526	-0.24629	0.04218	1.02615	2.25986	0.04293	
347.0	2	24.31797	4.02144	1.02245	-13603.33285	-2900.82867	-572.14537	13920.94903	76.81785	-249.23964	-562.75429	620.25299	0.04456	-1.21114	-0.25827	-0.05094	-1.23942	-3.10468	0.04559	
347.0	3	20.22382	9.2	-0.47605	-7.55839	-419.94213	0.14075	420.01017	14.60137	-0.27136	-25.51721	29.40071	0.07	-0.00051	-0.02821	1e-05	-0.02822	-11.52591	1.05371	
347.0	5	24.21429	-3.87704	1.03095	-14672.51706	3631.79875	-624.44374	15128.20706	54.11594	313.10329	549.46671	634.72503	0.04196	0.91894	-0.22746	0.03911	0.94748	2.06437	0.04252	
348.0	2	24.31765	4.02212	1.02629	-13572.9911	-2894.91004	-573.02944	13890.10275	70.97256	-222.78089	-555.60731	602.80006	0.0434	-1.1501	-0.2453	-0.04856	-1.17697	-2.90296	0.04421	
348.0	3	20.22543	9.2	-0.48355	-7.58359	-421.06751	0.14406	421.13582	14.6159	-0.272	-25.59973	29.47956	0.07	-0.00051	-0.02821	1e-05	-0.02822	-10.64959	0.97911	
348.0	5	24.21391	-3.8779	1.03489	-14667.04047	3631.30718	-626.61658	15122.86733	48.9863	291.60451	543.26933	618.526	0.0409	0.84243	-0.20857	0.03599	0.86861	1.874	0.0413	
349.0	2	24.31736	4.02274	1.02983	-13543.39739	-2889.1034	-573.7633	13860.00489	67.06413	-205.88654	-546.30314	587.65124	0.0424	-1.08409	-0.23126	-0.04593	-1.10943	-2.69765	0.04304	
349.0	3	20.22688	9.2	-0.49102	-7.60715	-422.12208	0.14734	422.19064	14.71987	-0.27421	-25.62518	29.55333	0.07	-0.00051	-0.02821	1e-05	-0.02821	-9.76457	0.90536	
349.0	5	24.21356	-3.8787	1.03851	-14660.23409	3630.41489	-628.54201	15116.13181	46.82437	281.73284	535.12862	606.57115	0.04013	0.76314	-0.18898	0.03272	0.78687	1.68309	0.04042	
350.0	2	24.3171	4.02333	1.03307	-13523.63456	-2885.35918	-574.73288	13839.95329	60.10424	-175.19581	-534.72655	565.89625	0.04089	-1.01454	-0.21646	-0.04312	-1.03827	-2.49045	0.04129	
350.0	3	20.22813	9.2	-0.49845	-7.68999	-426.49034	0.15179	426.55969	14.61732	-0.27283	-26.03517	29.85918	0.07	-0.00051	-0.02844	1e-05	-0.02844	-8.88534	0.82604	
350.0	5	24.21324	-3.87942	1.04182	-14653.24997	3629.40899	-630.26729	15109.18863	42.40593	262.34694	524.8243	588.27266	0.03893	0.68356	-0.16931	0.0294	0.70483	1.49648	0.03907	
351.0	2	24.31685	4.02388	1.03601	-13499.07885	-2880.56932	-575.32079	13814.98474	56.93245	-162.77595	-520.83674	548.64217	0.03971	-0.93984	-0.20055	-0.04006	-0.96184	-2.27956	0.03995	
351.0	3	20.22919	9.20002	-0.50579	-7.74699	-429.44864	0.15575	429.51854	14.7941	-0.27637	-26.17337	30.06638	0.07	-0.00052	-0.02858	1e-05	-0.02859	-7.99531	0.75134	
351.0	5	24.21294	-3.88009	1.04482	-14643.80019	3627.73081	-631.69505	15099.68058	42.80172	261.9991	512.40297	577.08952	0.03822	0.60143	-0.14899	0.02594	0.62016	1.30854	0.03827	
352.0	2	24.31662	4.02441	1.03864	-13479.50577	-2876.81938	-575.94317	13795.10334	52.17428	-143.2499	-505.56964	528.0562	0.03828	-0.86247	-0.18407	-0.03685	-0.88266	-2.0692	0.03833	
352.0	3	20.23007	9.20003	-0.51303	-7.81685	-433.14216	0.15997	433.21272	14.8634	-0.278	-26.43106	30.32489	0.07	-0.00051	-0.02822	1e-05	-0.02823	-7.11581	0.67526	
352.0	5	24.21267	-3.88072	1.04751	-14634.77121	3626.10025	-632.94856	15090.58499	41.78953	255.6927	498.59842	561.89456	0.03723	0.51957	-0.12873	0.02247	0.53575	1.12463	0.03717	
353.0	2	24.3164	4.02493	1.04096	-13459.39542	-2872.9443	-576.36577	13774.66267	48.55086	-129.7072	-487.2316	506.5331	0.03677	-0.78037	-0.16657	-0.03342	-0.79865	-1.85419	0.03666	
353.0	3	20.23082	9.20004	-0.52011	-7.8712	-435.99622	0.16386	436.06729	15.07169	-0.28207	-26.54283	30.5247	0.07	-0.00048	-0.02686	1e-05	-0.02686	-6.22823	0.60016	
353.0	5	24.21243	-3.88131	1.04989	-14624.85168	3624.20719	-633.97108	15080.55316	42.62894	256.30259	481.80703	547.39954	0.0363	0.43679	-0.10824	0.01893	0.4504	0.94162	0.03614	
354.0	2	24.3162	4.02545	1.04298	-13444.41942	-2870.16407	-576.83241	13759.46914	41.17337	-104.25352	-440.90349	454.92849	0.03306	-0.68322	-0.14586	-0.02931	-0.69923	-1.60862	0.03265	
354.0	3	20.23146	9.20005	-0.52681	-7.93389	-439.32867	0.1678	439.40033	15.13369	-0.28353	-26.77562	30.75781	0.07	-0.00045	-0.02465	1e-05	-0.02465	-5.33027	0.5166	
354.0	5	24.2122	-3.88188	1.05195	-14615.46793	3622.41472	-634.82314	15071.05808	41.81935	245.31347	437.00012	502.88832	0.03337	0.36528	-0.09053	0.01587	0.37667	0.78441	0.03297	
355.0	2	24.31602	4.02597	1.04468	-13425.34993	-2866.50753	-576.94921	13740.07848	36.51305	-97.22227	-366.60429	381.03028	0.02773	-0.57271	-0.12228	-0.02461	-0.58614	-1.33502	0.02707	
355.0	3	20.23204	9.20005	-0.53259	-7.96173	-440.74991	0.17068	440.82185	15.76964	-0.29513	-26.52189	30.8574	0.07	-0.00039	-0.02163	1e-05	-0.02163	-4.43952	0.43459	
355.0	5	24.212	-3.88242	1.05369	-14603.36589	3619.9118	-635.36133	15058.743	47.69487	256.25254	363.73936	447.48909	0.02972	0.30656	-0.07599	0.01334	0.31612	0.65837	0.02912	
356.0	2	24.31584	4.0265	1.04607	-13409.93015	-2863.63706	-577.04995	13724.41731	29.37848	-83.25891	-269.54346	283.63501	0.02067	-0.45061	-0.09623	-0.01939	-0.46117	-1.04251	0.01995	
356.0	3	20.23259	9.20006	-0.53705	-7.97892	-441.60052	0.17282	441.67263	16.63066	-0.31068	-26.06107	30.9169	0.07	-0.00033	-0.01799	1e-05	-0.01799	-3.55046	0.34883	
356.0	5	24.21181	-3.88293	1.05511	-14592.99938	3617.80883	-635.7779	15048.20206	52.96969	260.67661	267.53274	377.26893	0.02507	0.25708	-0.06373	0.0112	0.2651	0.5519	0.02436	
357.0	2	24.31568	4.02703	1.04715	-13389.36711	-2859.67284	-576.75815	13703.48607	23.36237	-78.61398	-152.57198	173.21711	0.01264	-0.31807	-0.06793	-0.0137	-0.32553	-0.73205	0.0121	
357.0	3	20.23314	9.20007	-0.53989	-7.96233	-440.59915	0.17359	440.67113	18.56734	-0.34525	-24.6308	30.84707	0.07	-0.00025	-0.01381	1e-05	-0.01381	-2.65715	0.26454	
357.0	5	24.21164	-3.88343	1.05621	-14578.41381	3614.62919	-635.81336	15033.29478	61.34495	273.92604	150.71883	318.61395	0.02119	0.21483	-0.05327	0.00937	0.22153	0.46139	0.02047	
358.0	2	24.31553	4.02756	1.04793	-13377.82649	-2857.62839	-576.68706	13691.78036	15.07624	-66.84359	-18.5077	70.97812	0.00518	-0.17738	-0.03789	-0.00765	-0.18154	-0.40714	0.00494	
358.0	3	20.23372	9.20007	-0.54086	-7.96376	-440.61382	0.17401	440.68582	21.57793	-0.39871	-22.04175	30.84809	0.07	-0.00017	-0.00936	0.0	-0.00936	-1.76699	0.17708	
358.0	5	24.2115	-3.88389	1.05699	-14567.8652	3612.41637	-635.82914	15022.53398	66.90465	272.53122	15.47318	281.04967	0.01871	0.18	-0.04464	0.00786	0.18562	0.38665	0.01801	
359.0	2	24.31541	4.02806	1.0484	-13374.12207	-2857.22765	-576.78658	13688.08145	5.27747	-48.33996	117.09147	126.78728	0.00926	-0.03691	-0.00789	-0.00159	-0.03778	-0.08455	0.00884	
359.0	3	20.2343	9.20007	-0.53977	-7.98678	-441.84477	0.17408	441.91698	27.12575	-0.49601	-14.42157	30.72513	0.06953	-9e-05	-0.00485	0.0	-0.00485	-0.90326	0.09321	
359.0	5	24.21138	-3.88432	1.05745	-14559.63128	3610.72935	-635.7494	15014.14022	69.06507	256.34367	-125.79548	293.77978	0.01957	0.1496	-0.0371	0.00653	0.15427	0.32137	0.01886	
360.0	2	24.3153	4.02852	1.04859	-13368.63643	-2856.42699	-576.65416	13682.54893	1.51861	-49.31084	209.05255	214.79486	0.0157	0.08601	0.01838	0.00371	0.08802	0.1973	0.01506	
360.0	3	20.23476	9.20006	-0.5369	-8.03608	-444.56269	0.17402	444.63535	18.49236	-0.3292	12.95693	22.58225	0.05079	-1e-05	-0.0004	0.0	-0.0004	-0.07437	0.05346	
360.0	5	24.21128	-3.88469	1.05761	-14543.44756	3607.01429	-635.14063	14997.52721	71.65454	246.78408	-239.23894	351.10116	0.02341	0.10738	-0.02663	0.00469	0.11074	0.23089	0.02268	
