Version 	KoJaC2_v7r2	 ILP	 INTERNAL 
Modfile 	016cccc.mod
comment 	VShape GPPC ZUM
Analysis name 	.a016cccc_t2600a040d
Applied torque 	2600.0
Rpm 	200.0
Articulation angle 	4.0
Powerflow 	Drive






Angle_Rot_Spider.LastRot	Angle_Rot_Tulip.LastRot	Torque_1.Tulip	Torque_1.Spider	Disp_Spider_Tulip.x	Disp_Spider_Tulip.Y	Disp_Spider_Tulip.Z	Force_Roller_Tulip_Total_JointRef.x	Force_Roller_Tulip_Total_JointRef.y	Force_Roller_Tulip_Total_JointRef.z	Force_Roller_Tulip_Total_JointRef.mag	Force_Roller_Tulip_Total_TulipRef.x	Force_Roller_Tulip_Total_TulipRef.y	Force_Roller_Tulip_Total_TulipRef.z	Force_Roller_Tulip_Total_TulipRef.mag	Force_IRoller1_Circlip.y_top	Force_IRoller1_Circlip.y_bot	Force_IRoller1_Circlip.y_total	Angle_Rot_ORoller1.y_Trunnion	Angle_Rot_ORoller1.y_IRoller	Angle_Rot_IRoller1.y_Trunnion	Angle_Tilt_ORoller1.x_Trunnion	Angle_Tilt_ORoller1.z_Trunnion	Angle_Tilt_ORoller1.x_Track	Angle_Tilt_ORoller1.z_Track	Angle_Pressure_TulipTrack1.postop	Angle_Pressure_TulipTrack1.posbot	Angle_Pressure_TulipTrack1.negtop	Angle_Pressure_TulipTrack1.negbot	Force_Roller1_TulipTrack_postop.x	Force_Roller1_TulipTrack_postop.y	Force_Roller1_TulipTrack_postop.z	Force_Roller1_TulipTrack_postop.mag	Force_Roller1_TulipTrack_posbot.x	Force_Roller1_TulipTrack_posbot.y	Force_Roller1_TulipTrack_posbot.z	Force_Roller1_TulipTrack_posbot.mag	Force_Roller1_TulipTrack_possho.x	Force_Roller1_TulipTrack_possho.y	Force_Roller1_TulipTrack_possho.z	Force_Roller1_TulipTrack_possho.mag	Force_Roller1_TulipTrack_negtop.x	Force_Roller1_TulipTrack_negtop.y	Force_Roller1_TulipTrack_negtop.z	Force_Roller1_TulipTrack_negtop.mag	Force_Roller1_TulipTrack_negbot.x	Force_Roller1_TulipTrack_negbot.y	Force_Roller1_TulipTrack_negbot.z	Force_Roller1_TulipTrack_negbot.mag	Force_Roller1_TulipTrack_negsho.x	Force_Roller1_TulipTrack_negsho.y	Force_Roller1_TulipTrack_negsho.z	Force_Roller1_TulipTrack_negsho.mag	Force_Roller1_TulipTrack_midsho.x_front	Force_Roller1_TulipTrack_midsho.y_front	Force_Roller1_TulipTrack_midsho.z_front	Force_Roller1_TulipTrack_midsho.mag_front	Force_Roller1_TulipTrack_midsho.x_back	Force_Roller1_TulipTrack_midsho.y_back	Force_Roller1_TulipTrack_midsho.z_back	Force_Roller1_TulipTrack_midsho.mag_back	Force_Roller1_TulipTrack_pos.x	Force_Roller1_TulipTrack_pos.y	Force_Roller1_TulipTrack_pos.z	Force_Roller1_TulipTrack_pos.mag	Force_Roller1_TulipTrack_neg.x	Force_Roller1_TulipTrack_neg.y	Force_Roller1_TulipTrack_neg.z	Force_Roller1_TulipTrack_neg.mag	Force_Roller1_TulipTrack_sho.x	Force_Roller1_TulipTrack_sho.y	Force_Roller1_TulipTrack_sho.z	Force_Roller1_TulipTrack_sho.mag	Force_Roller1_TulipTrack_tot.x	Force_Roller1_TulipTrack_tot.y	Force_Roller1_TulipTrack_tot.z	Force_Roller1_TulipTrack_tot.mag	Force_Roller1_Trunnion.x	Force_Roller1_Trunnion.y	Force_Roller1_Trunnion.z	Force_Roller1_Trunnion.mag	Force_Tulip_Roller1_postop.x	Force_Tulip_Roller1_postop.y	Force_Tulip_Roller1_postop.z	Force_Tulip_Roller1_postop.mag	Force_Tulip_Roller1_posbot.x	Force_Tulip_Roller1_posbot.y	Force_Tulip_Roller1_posbot.z	Force_Tulip_Roller1_posbot.mag	Force_Tulip_Roller1_possho.x	Force_Tulip_Roller1_possho.y	Force_Tulip_Roller1_possho.z	Force_Tulip_Roller1_possho.mag	Force_Tulip_Roller1_negtop.x	Force_Tulip_Roller1_negtop.y	Force_Tulip_Roller1_negtop.z	Force_Tulip_Roller1_negtop.mag	Force_Tulip_Roller1_negbot.x	Force_Tulip_Roller1_negbot.y	Force_Tulip_Roller1_negbot.z	Force_Tulip_Roller1_negbot.mag	Force_Tulip_Roller1_negsho.x	Force_Tulip_Roller1_negsho.y	Force_Tulip_Roller1_negsho.z	Force_Tulip_Roller1_negsho.mag	Force_Tulip_Roller1_midsho.x	Force_Tulip_Roller1_midsho.y	Force_Tulip_Roller1_midsho.z	Force_Tulip_Roller1_midsho.mag	Force_Trunnion1_Roller.x	Force_Trunnion1_Roller.y	Force_Trunnion1_Roller.z	Force_Trunnion1_Roller.mag	Force_Trunnion1_Roller_pos.x	Force_Trunnion1_Roller_pos.y	Force_Trunnion1_Roller_pos.z	Force_Trunnion1_Roller_pos.mag	Force_Trunnion1_Roller_neg.x	Force_Trunnion1_Roller_neg.y	Force_Trunnion1_Roller_neg.z	Force_Trunnion1_Roller_neg.mag	Force_Trunnion1_Roller_fro.x	Force_Trunnion1_Roller_fro.y	Force_Trunnion1_Roller_fro.z	Force_Trunnion1_Roller_fro.mag	Force_Trunnion1_Roller_bck.x	Force_Trunnion1_Roller_bck.y	Force_Trunnion1_Roller_bck.z	Force_Trunnion1_Roller_bck.mag	Stress_Roller1_Tulip_postop.Contact_Stress	Stress_Roller1_Tulip_postop.Longer_Semi_Axis	Stress_Roller1_Tulip_postop.Shorter_Semi_Axis	Stress_Roller1_Tulip_posbot.Contact_Stress	Stress_Roller1_Tulip_posbot.Longer_Semi_Axis	Stress_Roller1_Tulip_posbot.Shorter_Semi_Axis	Stress_Roller1_Tulip_negtop.Contact_Stress	Stress_Roller1_Tulip_negtop.Longer_Semi_Axis	Stress_Roller1_Tulip_negtop.Shorter_Semi_Axis	Stress_Roller1_Tulip_negbot.Contact_Stress	Stress_Roller1_Tulip_negbot.Longer_Semi_Axis	Stress_Roller1_Tulip_negbot.Shorter_Semi_Axis	Stress_Trunnion1_Roller.Contact_Stress	Stress_Trunnion1_Roller.Longer_Semi_Axis	Stress_Trunnion1_Roller.Shorter_Semi_Axis	Stress_Trunnion1_Roller_pos.Contact_Stress	Stress_Trunnion1_Roller_pos.Longer_Semi_Axis	Stress_Trunnion1_Roller_pos.Shorter_Semi_Axis	Stress_Trunnion1_Roller_neg.Contact_Stress	Stress_Trunnion1_Roller_neg.Longer_Semi_Axis	Stress_Trunnion1_Roller_neg.Shorter_Semi_Axis	Stress_Trunnion1_Roller_fro.Contact_Stress	Stress_Trunnion1_Roller_fro.Longer_Semi_Axis	Stress_Trunnion1_Roller_fro.Shorter_Semi_Axis	Stress_Trunnion1_Roller_bck.Contact_Stress	Stress_Trunnion1_Roller_bck.Longer_Semi_Axis	Stress_Trunnion1_Roller_bck.Shorter_Semi_Axis	ConPos_Roller1_TulipTrack_postop.x	ConPos_Roller1_TulipTrack_postop.y	ConPos_Roller1_TulipTrack_postop.z	ConPos_Roller1_TulipTrack_posbot.x	ConPos_Roller1_TulipTrack_posbot.y	ConPos_Roller1_TulipTrack_posbot.z	ConPos_Roller1_TulipTrack_possho.x	ConPos_Roller1_TulipTrack_possho.y	ConPos_Roller1_TulipTrack_possho.z	ConPos_Roller1_TulipTrack_negtop.x	ConPos_Roller1_TulipTrack_negtop.y	ConPos_Roller1_TulipTrack_negtop.z	ConPos_Roller1_TulipTrack_negbot.x	ConPos_Roller1_TulipTrack_negbot.y	ConPos_Roller1_TulipTrack_negbot.z	ConPos_Roller1_TulipTrack_negsho.x	ConPos_Roller1_TulipTrack_negsho.y	ConPos_Roller1_TulipTrack_negsho.z	ConPos_Roller1_TulipTrack_midsho.x_front	ConPos_Roller1_TulipTrack_midsho.y_front	ConPos_Roller1_TulipTrack_midsho.z_front	ConPos_Roller1_TulipTrack_midsho.x_back	ConPos_Roller1_TulipTrack_midsho.y_back	ConPos_Roller1_TulipTrack_midsho.z_back	ConPos_Roller1_Shoulder_pos.x	ConPos_Roller1_Shoulder_pos.y	ConPos_Roller1_Shoulder_pos.z	ConPos_Roller1_Shoulder_neg.x	ConPos_Roller1_Shoulder_neg.y	ConPos_Roller1_Shoulder_neg.z	ConPos_Roller1_Shoulder_mid.x_front	ConPos_Roller1_Shoulder_mid.y_front	ConPos_Roller1_Shoulder_mid.z_front	ConPos_Roller1_Shoulder_mid.x_back	ConPos_Roller1_Shoulder_mid.y_back	ConPos_Roller1_Shoulder_mid.z_back	ConPos_Trunnion1_Roller.x	ConPos_Trunnion1_Roller.y	ConPos_Trunnion1_Roller.z	ConPos_Trunnion1_Roller.x_Tulip	ConPos_Trunnion1_Roller.y_Tulip	ConPos_Trunnion1_Roller.z_Tulip	ConPos_Roller1_Spider.x	ConPos_Roller1_Spider.y	ConPos_Roller1_Spider.z	ConPos_Trunnion1_Roller_pos.x	ConPos_Trunnion1_Roller_pos.y	ConPos_Trunnion1_Roller_pos.z	ConPos_Trunnion1_Roller_neg.x	ConPos_Trunnion1_Roller_neg.y	ConPos_Trunnion1_Roller_neg.z	ConPos_Trunnion1_Roller_fro.x	ConPos_Trunnion1_Roller_fro.y	ConPos_Trunnion1_Roller_fro.z	ConPos_Trunnion1_Roller_bck.x	ConPos_Trunnion1_Roller_bck.y	ConPos_Trunnion1_Roller_bck.z	Disp_Trunnion1.PCR	Disp_Trunnion1.PCR_Offset	Disp_Roller1_TulipTrack.x	Disp_Roller1_TulipTrack.y	Disp_Roller1_TulipTrack.z	Disp_IRoller1_ORoller.y	Disp_Trunnion1_Roller.x	Disp_Trunnion1_Roller.y	Disp_Trunnion1_Roller.z	
0.0	0.4204	2600.0	2598.72806549361	-0.00143245032848358	-0.032862879094724684	28.24770242043409	-36.97858461697797	-10.486424181268376	33.25685264208922	50.82714884824966	-37.054538626987785	-10.214792191985907	33.25685264208899	50.82714884824848	-1.3447199866974903e-15	0.0	-1.3447199866974903e-15	4.9401768067524685	5.008656009747441	-0.07851212519032377	-3.8621853990371893	1.686962147649459	0.13230795273578283	1.2665262694726873	-0.0	-0.0	-0.0	-0.0	-0.0	-0.0	-0.0	-0.0	-0.0	-0.0	-0.0	-0.0	-0.0	-0.0	-0.0	-0.0	-0.0	-0.0	-0.0	-0.0	-0.0	-0.0	-0.0	-0.0	-0.0	-0.0	-0.0	-0.0	-0.0	-0.0	-0.0	-0.0	-0.0	-0.0	-0.0	-0.0	-0.0	-0.0	-0.0	-0.0	-0.0	-0.0	-0.0	-0.0	-0.0	-0.0	-0.0	-0.0	27116.230985688326	-1295.3888159948765	18.097477835117733	27147.160856570477	-27125.015903362808	1092.9966306632637	-104.79317408856974	27147.230263908357	-0.0	-0.0	-0.0	-0.0	-0.0	-0.0	-0.0	-0.0	-0.0	-0.0	-0.0	-0.0	-0.0	-0.0	-0.0	-0.0	-0.0	-0.0	-0.0	-0.0	-0.0	-0.0	-0.0	-0.0	-0.0	-0.0	-0.0	-0.0	27080.96520224986	-1895.6257636646405	-6.138430215869985	27147.230263908357	-0.0	-0.0	-0.0	-0.0	-0.0	-0.0	-0.0	-0.0	-0.0	-0.0	-0.0	-0.0	-0.0	-0.0	-0.0	-0.0	-0.0	-0.0	-0.0	-0.0	-0.0	-0.0	-0.0	-0.0	-0.0	-0.0	-0.0	-0.0	-0.0	-0.0	-0.0	-0.0	-0.0	-0.0	-0.0	-0.0	-0.0	-0.0	-0.0	-0.0	-0.0	-0.0	-0.0	-0.0	-0.0	-0.0	-0.0	-0.0	-0.0	-0.0	-0.0	-0.0	-0.0	-0.0	-0.0	-0.0	-0.0	-0.0	-0.0	-0.0	-0.0	-0.0	-0.0	-0.0	-0.0	-0.0	-0.0	-0.0	-0.0	-0.0	-0.0	-0.0	-0.0	-0.0	-0.0	-0.0	-0.0	-0.0	-0.0	-0.0	-0.0	-0.0	-0.0	-0.0	-0.0	-0.0	-0.0	-0.0	-0.0	-0.0	-0.0	-0.0	-0.0	-0.0	-0.0	-0.0	-0.0	-0.0	-0.0	-0.0	29.644005273119628	-0.9559947268803733	0.119980421124752	-0.5132373087383504	30.32187748884056	-0.22386082728480544	0.044105455624013856	-0.22091924334771748	5.828919014728083e-05
1.0	1.4205	2600.0	2598.597041145935	-0.0002990853446321704	-0.03280418440695941	28.24770737854045	-39.02793549456692	-7.289829271598138	32.64047424384764	51.39768398128855	-39.196652155702395	-6.320112306126246	32.6404742438475	51.39768398128898	-1.3995377741534156e-15	0.0	-1.3995377741534156e-15	5.009545114323968	5.077470183414419	-0.0780890602194461	-3.8601039604979235	1.6892676794312733	0.1317251927939972	1.2665274496649817	0.0	0.0	0.0	0.0	0.0	0.0	0.0	0.0	0.0	0.0	0.0	0.0	0.0	0.0	0.0	0.0	0.0	0.0	0.0	0.0	0.0	0.0	0.0	0.0	0.0	0.0	0.0	0.0	0.0	0.0	0.0	0.0	0.0	0.0	0.0	0.0	0.0	0.0	0.0	0.0	0.0	0.0	0.0	0.0	0.0	0.0	0.0	0.0	27076.535912683026	-1293.7110798499057	17.37864969222592	27107.430483290103	-27085.2986927282	1093.5619030381667	-46.82840216362665	27107.406290704566	0.0	0.0	0.0	0.0	0.0	0.0	0.0	0.0	0.0	0.0	0.0	0.0	0.0	0.0	0.0	0.0	0.0	0.0	0.0	0.0	0.0	0.0	0.0	0.0	0.0	0.0	0.0	0.0	27041.208850044066	-1892.2050529859307	-63.716364320958775	27107.406290704566	0.0	0.0	0.0	0.0	0.0	0.0	0.0	0.0	0.0	0.0	0.0	0.0	0.0	0.0	0.0	0.0	0.0	0.0	0.0	0.0	0.0	0.0	0.0	0.0	0.0	0.0	0.0	0.0	0.0	0.0	0.0	0.0	0.0	0.0	0.0	0.0	0.0	0.0	0.0	0.0	0.0	0.0	0.0	0.0	0.0	0.0	0.0	0.0	0.0	0.0	0.0	0.0	0.0	0.0	0.0	0.0	0.0	0.0	0.0	0.0	0.0	0.0	0.0	0.0	0.0	0.0	0.0	0.0	0.0	0.0	0.0	0.0	0.0	0.0	0.0	0.0	0.0	0.0	0.0	0.0	0.0	0.0	0.0	0.0	0.0	0.0	0.0	0.0	0.0	0.0	0.0	0.0	0.0	0.0	0.0	0.0	0.0	0.0	0.0	0.0	29.64409492081309	-0.9559050791869163	0.11991941805215593	-0.5132277772785573	30.321582010814254	-0.2239136881926813	0.044075892482262465	-0.22078507083599308	-1.623384257526476e-05
2.0	2.4205	2600.0	2598.7203432172746	0.0008270160866719131	-0.03269236659244797	28.247719486381758	-37.39292548216326	-8.847231411553365	21.967155693412145	44.26127324222386	-37.73320977035473	-7.260114337295816	21.967155693411968	44.26127324222389	0.0	0.0	0.0	5.0774653971568835	5.14487258136969	-0.07769210237622977	-3.856945326484315	1.6916428930612322	0.13100648033939094	1.266595942929727	0.0	0.0	0.0	0.0	0.0	0.0	0.0	0.0	0.0	0.0	0.0	0.0	0.0	0.0	0.0	0.0	0.0	0.0	0.0	0.0	0.0	0.0	0.0	0.0	0.0	0.0	0.0	0.0	0.0	0.0	0.0	0.0	0.0	0.0	0.0	0.0	0.0	0.0	0.0	0.0	0.0	0.0	0.0	0.0	0.0	0.0	0.0	0.0	27043.790119452773	-1292.4489158678914	6.2296291024984045	27074.656914417552	-27052.647619366682	1093.3408254632916	-23.25414803175071	27074.742438916226	0.0	0.0	0.0	0.0	0.0	0.0	0.0	0.0	0.0	0.0	0.0	0.0	0.0	0.0	0.0	0.0	0.0	0.0	0.0	0.0	0.0	0.0	0.0	0.0	0.0	0.0	0.0	0.0	27008.515577146896	-1890.5574458049819	-86.93098858145217	27074.742438916226	0.0	0.0	0.0	0.0	0.0	0.0	0.0	0.0	0.0	0.0	0.0	0.0	0.0	0.0	0.0	0.0	0.0	0.0	0.0	0.0	0.0	0.0	0.0	0.0	0.0	0.0	0.0	0.0	0.0	0.0	0.0	0.0	0.0	0.0	0.0	0.0	0.0	0.0	0.0	0.0	0.0	0.0	0.0	0.0	0.0	0.0	0.0	0.0	0.0	0.0	0.0	0.0	0.0	0.0	0.0	0.0	0.0	0.0	0.0	0.0	0.0	0.0	0.0	0.0	0.0	0.0	0.0	0.0	0.0	0.0	0.0	0.0	0.0	0.0	0.0	0.0	0.0	0.0	0.0	0.0	0.0	0.0	0.0	0.0	0.0	0.0	0.0	0.0	0.0	0.0	0.0	0.0	0.0	0.0	0.0	0.0	0.0	0.0	0.0	0.0	29.644281515003975	-0.9557184849960265	0.11985490570581188	-0.5132448869166085	30.320683943266356	-0.22396654968219612	0.04404976503696766	-0.2205275136774436	-7.968125483965358e-05
3.0	3.4205	2600.0	2598.7218170630717	0.0019488541719125398	-0.03252759961430558	28.24773870119253	-37.46194378969447	-8.87523448819411	18.26969815590031	42.61395182836681	-37.92473932770918	-6.624286123675119	18.269698155900162	42.613951828370816	0.0	0.0	0.0	5.143837954389648	5.210680620701244	-0.07723761808716478	-3.8526645628700167	1.6940128651447228	0.13019806340768947	1.2666662158723452	0.0	0.0	0.0	0.0	0.0	0.0	0.0	0.0	0.0	0.0	0.0	0.0	0.0	0.0	0.0	0.0	0.0	0.0	0.0	0.0	0.0	0.0	0.0	0.0	0.0	0.0	0.0	0.0	0.0	0.0	0.0	0.0	0.0	0.0	0.0	0.0	0.0	0.0	0.0	0.0	0.0	0.0	0.0	0.0	0.0	0.0	0.0	0.0	27010.271419825134	-1290.9439821433543	1.4481340764887047	27041.10390932195	-27019.07602610409	1093.569634473108	17.615018658301494	27041.203267212735	0.0	0.0	0.0	0.0	0.0	0.0	0.0	0.0	0.0	0.0	0.0	0.0	0.0	0.0	0.0	0.0	0.0	0.0	0.0	0.0	0.0	0.0	0.0	0.0	0.0	0.0	0.0	0.0	26974.90072329694	-1888.168093886035	-127.38271555343401	27041.203267212735	0.0	0.0	0.0	0.0	0.0	0.0	0.0	0.0	0.0	0.0	0.0	0.0	0.0	0.0	0.0	0.0	0.0	0.0	0.0	0.0	0.0	0.0	0.0	0.0	0.0	0.0	0.0	0.0	0.0	0.0	0.0	0.0	0.0	0.0	0.0	0.0	0.0	0.0	0.0	0.0	0.0	0.0	0.0	0.0	0.0	0.0	0.0	0.0	0.0	0.0	0.0	0.0	0.0	0.0	0.0	0.0	0.0	0.0	0.0	0.0	0.0	0.0	0.0	0.0	0.0	0.0	0.0	0.0	0.0	0.0	0.0	0.0	0.0	0.0	0.0	0.0	0.0	0.0	0.0	0.0	0.0	0.0	0.0	0.0	0.0	0.0	0.0	0.0	0.0	0.0	0.0	0.0	0.0	0.0	0.0	0.0	0.0	0.0	0.0	0.0	29.644564817162927	-0.9554351828370714	0.11978932908409091	-0.5132604424790724	30.3191506121879	-0.22401941054899924	0.04402541518584435	-0.2201747928690904	-0.00015036572648272645
4.0	4.4206	2600.0	2598.7078760271947	0.0030633279157082395	-0.032306044612762305	28.247765232834016	-38.27734613701796	-9.794708331868605	19.22420801155826	43.93929576439659	-38.918422427746904	-6.815272139469016	19.224208011558098	43.939295764397855	0.0	0.0	0.0	5.208582175870714	5.275002556673062	-0.07691487886270534	-3.84731636487434	1.6963177314563578	0.1292476613573058	1.2666882934688952	0.0	0.0	0.0	0.0	0.0	0.0	0.0	0.0	0.0	0.0	0.0	0.0	0.0	0.0	0.0	0.0	0.0	0.0	0.0	0.0	0.0	0.0	0.0	0.0	0.0	0.0	0.0	0.0	0.0	0.0	0.0	0.0	0.0	0.0	0.0	0.0	0.0	0.0	0.0	0.0	0.0	0.0	0.0	0.0	0.0	0.0	0.0	0.0	26933.896484885256	-1271.6931804683059	-0.9229184598558127	26963.901502852706	-26942.535839923425	1075.7428445831229	50.192881645901615	26964.049760349382	0.0	0.0	0.0	0.0	0.0	0.0	0.0	0.0	0.0	0.0	0.0	0.0	0.0	0.0	0.0	0.0	0.0	0.0	0.0	0.0	0.0	0.0	0.0	0.0	0.0	0.0	0.0	0.0	26898.868071456058	-1867.0312872791217	-158.33548345341424	26964.049760349382	0.0	0.0	0.0	0.0	0.0	0.0	0.0	0.0	0.0	0.0	0.0	0.0	0.0	0.0	0.0	0.0	0.0	0.0	0.0	0.0	0.0	0.0	0.0	0.0	0.0	0.0	0.0	0.0	0.0	0.0	0.0	0.0	0.0	0.0	0.0	0.0	0.0	0.0	0.0	0.0	0.0	0.0	0.0	0.0	0.0	0.0	0.0	0.0	0.0	0.0	0.0	0.0	0.0	0.0	0.0	0.0	0.0	0.0	0.0	0.0	0.0	0.0	0.0	0.0	0.0	0.0	0.0	0.0	0.0	0.0	0.0	0.0	0.0	0.0	0.0	0.0	0.0	0.0	0.0	0.0	0.0	0.0	0.0	0.0	0.0	0.0	0.0	0.0	0.0	0.0	0.0	0.0	0.0	0.0	0.0	0.0	0.0	0.0	0.0	0.0	29.644948533997123	-0.9550514660028818	0.11971986010823452	-0.5132517753015114	30.316953983758022	-0.22407216018474882	0.044001408055877156	-0.21974577744829119	-0.00018568939930208728
5.0	5.4206	2600.0	2598.65416248918	0.004146247773472791	-0.03201870988660279	28.247799484651928	-38.699199757744275	-11.690235580226725	27.03877667168494	48.635225029933274	-39.630467182369095	-7.9822140235737615	27.038776671684772	48.635225029932954	0.0	0.0	0.0	5.271836889853366	5.337681180195709	-0.07642868985528088	-3.84098881610643	1.6982264992805136	0.12807311425019893	1.266350366800018	0.0	0.0	0.0	0.0	0.0	0.0	0.0	0.0	0.0	0.0	0.0	0.0	0.0	0.0	0.0	0.0	0.0	0.0	0.0	0.0	0.0	0.0	0.0	0.0	0.0	0.0	0.0	0.0	0.0	0.0	0.0	0.0	0.0	0.0	0.0	0.0	0.0	0.0	0.0	0.0	0.0	0.0	0.0	0.0	0.0	0.0	0.0	0.0	26858.531261935266	-1229.040934810723	1.9124110271117634	26886.63695639732	-26866.755669022106	1034.5837709800435	78.85642826371688	26886.783781151404	0.0	0.0	0.0	0.0	0.0	0.0	0.0	0.0	0.0	0.0	0.0	0.0	0.0	0.0	0.0	0.0	0.0	0.0	0.0	0.0	0.0	0.0	0.0	0.0	0.0	0.0	0.0	0.0	26824.299672779587	-1822.726522915263	-183.73127649826608	26886.783781151404	0.0	0.0	0.0	0.0	0.0	0.0	0.0	0.0	0.0	0.0	0.0	0.0	0.0	0.0	0.0	0.0	0.0	0.0	0.0	0.0	0.0	0.0	0.0	0.0	0.0	0.0	0.0	0.0	0.0	0.0	0.0	0.0	0.0	0.0	0.0	0.0	0.0	0.0	0.0	0.0	0.0	0.0	0.0	0.0	0.0	0.0	0.0	0.0	0.0	0.0	0.0	0.0	0.0	0.0	0.0	0.0	0.0	0.0	0.0	0.0	0.0	0.0	0.0	0.0	0.0	0.0	0.0	0.0	0.0	0.0	0.0	0.0	0.0	0.0	0.0	0.0	0.0	0.0	0.0	0.0	0.0	0.0	0.0	0.0	0.0	0.0	0.0	0.0	0.0	0.0	0.0	0.0	0.0	0.0	0.0	0.0	0.0	0.0	0.0	0.0	29.645441486182737	-0.9545585138172611	0.11962550860316909	-0.513079413239924	30.314157747657557	-0.22412312102775378	0.04397496491990122	-0.21937220257175538	-0.0002518739390407304
6.0	6.4206	2600.0	2598.7864538182585	0.005217147103688539	-0.03169832647886486	28.247839174933286	-37.56643364906449	-10.354858976403195	18.422982502358263	43.10297351474677	-38.488749390659	-6.089023885127973	18.42298250235812	43.10297351474496	0.0	0.0	0.0	5.333563389156788	5.398878874510639	-0.07598007070717558	-3.8336645648109027	1.6997795239276328	0.12669128721178413	1.2656712245833217	0.0	0.0	0.0	0.0	0.0	0.0	0.0	0.0	0.0	0.0	0.0	0.0	0.0	0.0	0.0	0.0	0.0	0.0	0.0	0.0	0.0	0.0	0.0	0.0	0.0	0.0	0.0	0.0	0.0	0.0	0.0	0.0	0.0	0.0	0.0	0.0	0.0	0.0	0.0	0.0	0.0	0.0	0.0	0.0	0.0	0.0	0.0	0.0	26817.948459934054	-1188.8993866469248	-6.3508853728551795	26844.289554484272	-26825.818811452187	996.5306875063104	127.66879842134128	26844.625675134568	0.0	0.0	0.0	0.0	0.0	0.0	0.0	0.0	0.0	0.0	0.0	0.0	0.0	0.0	0.0	0.0	0.0	0.0	0.0	0.0	0.0	0.0	0.0	0.0	0.0	0.0	0.0	0.0	26784.494460272395	-1781.043475764291	-229.49571492554182	26844.625675134568	0.0	0.0	0.0	0.0	0.0	0.0	0.0	0.0	0.0	0.0	0.0	0.0	0.0	0.0	0.0	0.0	0.0	0.0	0.0	0.0	0.0	0.0	0.0	0.0	0.0	0.0	0.0	0.0	0.0	0.0	0.0	0.0	0.0	0.0	0.0	0.0	0.0	0.0	0.0	0.0	0.0	0.0	0.0	0.0	0.0	0.0	0.0	0.0	0.0	0.0	0.0	0.0	0.0	0.0	0.0	0.0	0.0	0.0	0.0	0.0	0.0	0.0	0.0	0.0	0.0	0.0	0.0	0.0	0.0	0.0	0.0	0.0	0.0	0.0	0.0	0.0	0.0	0.0	0.0	0.0	0.0	0.0	0.0	0.0	0.0	0.0	0.0	0.0	0.0	0.0	0.0	0.0	0.0	0.0	0.0	0.0	0.0	0.0	0.0	0.0	29.64601073920231	-0.953989260797691	0.11952671750993045	-0.5127548328538287	30.310754888038808	-0.2241719806804199	0.04394928610776228	-0.21907613710307725	-0.0003028574952365268
7.0	7.4206	2600.0	2598.655355027444	0.00628295969563159	-0.031344539402480776	28.247884304366416	-38.53222893321799	-11.107791413545783	20.89444363617012	45.21828691485177	-39.64410432943078	-6.038268672902634	20.894443636169974	45.218286914853756	1.6189179146458595e-15	0.0	1.6189179146458595e-15	5.393673187984093	5.458384578001091	-0.07544585733352263	-3.8253450183977598	1.700998395292082	0.12510447606889438	1.2646719277192975	0.0	0.0	0.0	0.0	0.0	0.0	0.0	0.0	0.0	0.0	0.0	0.0	0.0	0.0	0.0	0.0	0.0	0.0	0.0	0.0	0.0	0.0	0.0	0.0	0.0	0.0	0.0	0.0	0.0	0.0	0.0	0.0	0.0	0.0	0.0	0.0	0.0	0.0	0.0	0.0	0.0	0.0	0.0	0.0	0.0	0.0	0.0	0.0	26783.528272518895	-1131.704565232218	-5.3791442942762755	26807.427531991572	-26790.539569885033	941.2936182622958	164.24458714512718	26807.57393733651	0.0	0.0	0.0	0.0	0.0	0.0	0.0	0.0	0.0	0.0	0.0	0.0	0.0	0.0	0.0	0.0	0.0	0.0	0.0	0.0	0.0	0.0	0.0	0.0	0.0	0.0	0.0	0.0	26750.85970689839	-1723.0644432355168	-261.8668976053175	26807.57393733651	0.0	0.0	0.0	0.0	0.0	0.0	0.0	0.0	0.0	0.0	0.0	0.0	0.0	0.0	0.0	0.0	0.0	0.0	0.0	0.0	0.0	0.0	0.0	0.0	0.0	0.0	0.0	0.0	0.0	0.0	0.0	0.0	0.0	0.0	0.0	0.0	0.0	0.0	0.0	0.0	0.0	0.0	0.0	0.0	0.0	0.0	0.0	0.0	0.0	0.0	0.0	0.0	0.0	0.0	0.0	0.0	0.0	0.0	0.0	0.0	0.0	0.0	0.0	0.0	0.0	0.0	0.0	0.0	0.0	0.0	0.0	0.0	0.0	0.0	0.0	0.0	0.0	0.0	0.0	0.0	0.0	0.0	0.0	0.0	0.0	0.0	0.0	0.0	0.0	0.0	0.0	0.0	0.0	0.0	0.0	0.0	0.0	0.0	0.0	0.0	29.646656333722362	-0.9533436662776327	0.11942963875721276	-0.5122882143374525	30.306716938044406	-0.22421867180535696	0.04392617192117862	-0.21884747709718247	-0.00036644207513563564
8.0	8.4206	2600.0	2598.6442736977438	0.00734258373106844	-0.03094979961501469	28.247935316226137	-38.90898135853968	-10.504069435763085	19.431521511460257	44.74179626837599	-40.027732970569566	-4.693069177774306	19.431521511460144	44.74179626837679	0.0	0.0	0.0	5.452199613819451	5.516262932277388	-0.07485748717536847	-3.8160448283689767	1.701874519363844	0.1233031847961803	1.2633308051784695	0.0	0.0	0.0	0.0	0.0	0.0	0.0	0.0	0.0	0.0	0.0	0.0	0.0	0.0	0.0	0.0	0.0	0.0	0.0	0.0	0.0	0.0	0.0	0.0	0.0	0.0	0.0	0.0	0.0	0.0	0.0	0.0	0.0	0.0	0.0	0.0	0.0	0.0	0.0	0.0	0.0	0.0	0.0	0.0	0.0	0.0	0.0	0.0	26757.751739589625	-1073.0707396198636	-6.670091745000318	26779.26069666346	-26764.02011045959	884.4994836225402	208.52463430364907	26779.443503044007	0.0	0.0	0.0	0.0	0.0	0.0	0.0	0.0	0.0	0.0	0.0	0.0	0.0	0.0	0.0	0.0	0.0	0.0	0.0	0.0	0.0	0.0	0.0	0.0	0.0	0.0	0.0	0.0	26726.04525275067	-1663.1325909393809	-301.81031394568225	26779.443503044007	0.0	0.0	0.0	0.0	0.0	0.0	0.0	0.0	0.0	0.0	0.0	0.0	0.0	0.0	0.0	0.0	0.0	0.0	0.0	0.0	0.0	0.0	0.0	0.0	0.0	0.0	0.0	0.0	0.0	0.0	0.0	0.0	0.0	0.0	0.0	0.0	0.0	0.0	0.0	0.0	0.0	0.0	0.0	0.0	0.0	0.0	0.0	0.0	0.0	0.0	0.0	0.0	0.0	0.0	0.0	0.0	0.0	0.0	0.0	0.0	0.0	0.0	0.0	0.0	0.0	0.0	0.0	0.0	0.0	0.0	0.0	0.0	0.0	0.0	0.0	0.0	0.0	0.0	0.0	0.0	0.0	0.0	0.0	0.0	0.0	0.0	0.0	0.0	0.0	0.0	0.0	0.0	0.0	0.0	0.0	0.0	0.0	0.0	0.0	0.0	29.647385377800497	-0.9526146221995122	0.11934061721094422	-0.5116714679614781	30.30206641500655	-0.22426288354693488	0.04390598825388478	-0.21868756887516846	-0.0004356953448784163
9.0	9.4206	2600.0	2598.636689349867	0.008397163709869331	-0.030514675578075356	28.247992102984657	-38.94972300282098	-10.249785869451443	17.4254696802066	43.88377861968915	-40.10211448766495	-3.7362341982843645	17.425469680206515	43.88377861969059	-8.073539829080014e-15	0.0	-8.073539829080014e-15	5.5091035574929395	5.5725314157211	-0.07427163529140239	-3.8057850940385616	1.7023946877106362	0.12127098602518273	1.2616422511830356	0.0	0.0	0.0	0.0	0.0	0.0	0.0	0.0	0.0	0.0	0.0	0.0	0.0	0.0	0.0	0.0	0.0	0.0	0.0	0.0	0.0	0.0	0.0	0.0	0.0	0.0	0.0	0.0	0.0	0.0	0.0	0.0	0.0	0.0	0.0	0.0	0.0	0.0	0.0	0.0	0.0	0.0	0.0	0.0	0.0	0.0	0.0	0.0	26734.14326992975	-1011.5746065721668	-8.573539335743769	26753.275931507316	-26739.581749132838	824.93548051881	250.5151140613457	26753.476568250902	0.0	0.0	0.0	0.0	0.0	0.0	0.0	0.0	0.0	0.0	0.0	0.0	0.0	0.0	0.0	0.0	0.0	0.0	0.0	0.0	0.0	0.0	0.0	0.0	0.0	0.0	0.0	0.0	26703.40381376339	-1600.5035935430788	-339.29558513616166	26753.476568250902	0.0	0.0	0.0	0.0	0.0	0.0	0.0	0.0	0.0	0.0	0.0	0.0	0.0	0.0	0.0	0.0	0.0	0.0	0.0	0.0	0.0	0.0	0.0	0.0	0.0	0.0	0.0	0.0	0.0	0.0	0.0	0.0	0.0	0.0	0.0	0.0	0.0	0.0	0.0	0.0	0.0	0.0	0.0	0.0	0.0	0.0	0.0	0.0	0.0	0.0	0.0	0.0	0.0	0.0	0.0	0.0	0.0	0.0	0.0	0.0	0.0	0.0	0.0	0.0	0.0	0.0	0.0	0.0	0.0	0.0	0.0	0.0	0.0	0.0	0.0	0.0	0.0	0.0	0.0	0.0	0.0	0.0	0.0	0.0	0.0	0.0	0.0	0.0	0.0	0.0	0.0	0.0	0.0	0.0	0.0	0.0	0.0	0.0	0.0	0.0	29.648196920172524	-0.9518030798274779	0.11926025811101465	-0.5109024572384259	30.296794695716688	-0.22430452632188158	0.043887807989214205	-0.21859953811697216	-0.0004979521955840786
10.0	10.4206	2600.0	2598.614207648783	0.009444773361388022	-0.03004773133873362	28.24805396810837	-39.51187183422643	-11.586252444241834	23.440111647118783	47.38003899930254	-40.955822780128074	-4.248510556539257	23.440111647118677	47.38003899930509	0.0	0.0	0.0	5.564280088477525	5.6271221918590095	-0.07372555961692955	-3.794636163218361	1.7025922324960443	0.11894105179935666	1.2596439961396237	0.0	0.0	0.0	0.0	0.0	0.0	0.0	0.0	0.0	0.0	0.0	0.0	0.0	0.0	0.0	0.0	0.0	0.0	0.0	0.0	0.0	0.0	0.0	0.0	0.0	0.0	0.0	0.0	0.0	0.0	0.0	0.0	0.0	0.0	0.0	0.0	0.0	0.0	0.0	0.0	0.0	0.0	0.0	0.0	0.0	0.0	0.0	0.0	26710.56778181416	-953.0737920052602	-3.1784472725026642	26727.566125302594	-26715.26123759616	766.9930110947181	279.1149540564272	26727.726548093357	0.0	0.0	0.0	0.0	0.0	0.0	0.0	0.0	0.0	0.0	0.0	0.0	0.0	0.0	0.0	0.0	0.0	0.0	0.0	0.0	0.0	0.0	0.0	0.0	0.0	0.0	0.0	0.0	26680.832511661312	-1540.2497912086383	-363.55672874100446	26727.726548093357	0.0	0.0	0.0	0.0	0.0	0.0	0.0	0.0	0.0	0.0	0.0	0.0	0.0	0.0	0.0	0.0	0.0	0.0	0.0	0.0	0.0	0.0	0.0	0.0	0.0	0.0	0.0	0.0	0.0	0.0	0.0	0.0	0.0	0.0	0.0	0.0	0.0	0.0	0.0	0.0	0.0	0.0	0.0	0.0	0.0	0.0	0.0	0.0	0.0	0.0	0.0	0.0	0.0	0.0	0.0	0.0	0.0	0.0	0.0	0.0	0.0	0.0	0.0	0.0	0.0	0.0	0.0	0.0	0.0	0.0	0.0	0.0	0.0	0.0	0.0	0.0	0.0	0.0	0.0	0.0	0.0	0.0	0.0	0.0	0.0	0.0	0.0	0.0	0.0	0.0	0.0	0.0	0.0	0.0	0.0	0.0	0.0	0.0	0.0	0.0	29.649081985955483	-0.9509180140445219	0.11918786461227505	-0.5099977165539733	30.290862618577904	-0.22434374186448452	0.04387086365538865	-0.21857562892426252	-0.0005452637297775681
11.0	11.4207	2600.0	2598.6365485854235	0.01047727499693154	-0.02956387113049137	28.24811968700205	-38.26879921067758	-12.496493642673158	19.010965514031994	44.52055880336905	-39.98551309069443	-4.671411913153862	19.010965514031884	44.520558803368154	0.0	0.0	0.0	5.617830852607185	5.680175410550865	-0.07325740296904301	-3.7825421358098685	1.7025571458739956	0.11637140098373136	1.257418525902902	0.0	0.0	0.0	0.0	0.0	0.0	0.0	0.0	0.0	0.0	0.0	0.0	0.0	0.0	0.0	0.0	0.0	0.0	0.0	0.0	0.0	0.0	0.0	0.0	0.0	0.0	0.0	0.0	0.0	0.0	0.0	0.0	0.0	0.0	0.0	0.0	0.0	0.0	0.0	0.0	0.0	0.0	0.0	0.0	0.0	0.0	0.0	0.0	26689.522469932086	-884.2400535622072	-8.393452986004498	26704.167476170947	-26693.293674613407	699.2970659891892	311.1113804395735	26704.264338803572	0.0	0.0	0.0	0.0	0.0	0.0	0.0	0.0	0.0	0.0	0.0	0.0	0.0	0.0	0.0	0.0	0.0	0.0	0.0	0.0	0.0	0.0	0.0	0.0	0.0	0.0	0.0	0.0	26660.91131297823	-1470.020939916448	-390.6152511263768	26704.264338803572	0.0	0.0	0.0	0.0	0.0	0.0	0.0	0.0	0.0	0.0	0.0	0.0	0.0	0.0	0.0	0.0	0.0	0.0	0.0	0.0	0.0	0.0	0.0	0.0	0.0	0.0	0.0	0.0	0.0	0.0	0.0	0.0	0.0	0.0	0.0	0.0	0.0	0.0	0.0	0.0	0.0	0.0	0.0	0.0	0.0	0.0	0.0	0.0	0.0	0.0	0.0	0.0	0.0	0.0	0.0	0.0	0.0	0.0	0.0	0.0	0.0	0.0	0.0	0.0	0.0	0.0	0.0	0.0	0.0	0.0	0.0	0.0	0.0	0.0	0.0	0.0	0.0	0.0	0.0	0.0	0.0	0.0	0.0	0.0	0.0	0.0	0.0	0.0	0.0	0.0	0.0	0.0	0.0	0.0	0.0	0.0	0.0	0.0	0.0	0.0	29.65002518727229	-0.9499748127277102	0.11912291507317628	-0.508993372859023	30.2843254751553	-0.2243807908929804	0.043854531914776625	-0.21859506813926052	-0.0005686189526580729
12.0	12.4207	2600.0	2598.7049267504485	0.011496481729921149	-0.029060036175025495	28.24818938087646	-37.86065123007848	-13.231305588265968	16.175331158491005	43.24508870637881	-39.82040899300591	-4.778220041531314	16.17533115849089	43.24508870637686	0.0	0.0	0.0	5.669809322804672	5.73141678158352	-0.0725388800657564	-3.7694896424914455	1.7022556854885074	0.11358152746012767	1.2549440833433372	0.0	0.0	0.0	0.0	0.0	0.0	0.0	0.0	0.0	0.0	0.0	0.0	0.0	0.0	0.0	0.0	0.0	0.0	0.0	0.0	0.0	0.0	0.0	0.0	0.0	0.0	0.0	0.0	0.0	0.0	0.0	0.0	0.0	0.0	0.0	0.0	0.0	0.0	0.0	0.0	0.0	0.0	0.0	0.0	0.0	0.0	0.0	0.0	26667.94055630026	-796.6593131444457	-11.787091673719683	26679.839926639626	-26670.834217210908	613.132200882301	347.8346226970937	26680.148385315515	0.0	0.0	0.0	0.0	0.0	0.0	0.0	0.0	0.0	0.0	0.0	0.0	0.0	0.0	0.0	0.0	0.0	0.0	0.0	0.0	0.0	0.0	0.0	0.0	0.0	0.0	0.0	0.0	26641.058814700158	-1380.9400801990162	-421.0790769452683	26680.148385315515	0.0	0.0	0.0	0.0	0.0	0.0	0.0	0.0	0.0	0.0	0.0	0.0	0.0	0.0	0.0	0.0	0.0	0.0	0.0	0.0	0.0	0.0	0.0	0.0	0.0	0.0	0.0	0.0	0.0	0.0	0.0	0.0	0.0	0.0	0.0	0.0	0.0	0.0	0.0	0.0	0.0	0.0	0.0	0.0	0.0	0.0	0.0	0.0	0.0	0.0	0.0	0.0	0.0	0.0	0.0	0.0	0.0	0.0	0.0	0.0	0.0	0.0	0.0	0.0	0.0	0.0	0.0	0.0	0.0	0.0	0.0	0.0	0.0	0.0	0.0	0.0	0.0	0.0	0.0	0.0	0.0	0.0	0.0	0.0	0.0	0.0	0.0	0.0	0.0	0.0	0.0	0.0	0.0	0.0	0.0	0.0	0.0	0.0	0.0	0.0	29.651029046299602	-0.9489709537003996	0.11906436922498687	-0.5078800360753571	30.277215739876695	-0.22441555246492895	0.04383713604400878	-0.21866485077965098	-0.0006421535117336099
13.0	13.4208	2600.0	2598.6571331401465	0.012505035754375412	-0.028531357413966448	28.24826330928659	-38.63951347584861	-10.882629164254467	7.956775347857259	40.92375707475106	-40.11020229889983	-1.617186049439624	7.956775347857216	40.92375707475351	1.1697537648638361e-15	0.0	1.1697537648638361e-15	5.720212943864442	5.780936238593383	-0.07166274195486547	-3.7554803373613046	1.7016349957472017	0.11057695352112681	1.2521860101246127	0.0	0.0	0.0	0.0	0.0	0.0	0.0	0.0	0.0	0.0	0.0	0.0	0.0	0.0	0.0	0.0	0.0	0.0	0.0	0.0	0.0	0.0	0.0	0.0	0.0	0.0	0.0	0.0	0.0	0.0	0.0	0.0	0.0	0.0	0.0	0.0	0.0	0.0	0.0	0.0	0.0	0.0	0.0	0.0	0.0	0.0	0.0	0.0	26643.597039927856	-730.0547576266341	-20.749468578304906	26653.605266748273	-26645.110213972912	549.3721136156697	408.6779329371677	26653.906386997995	0.0	0.0	0.0	0.0	0.0	0.0	0.0	0.0	0.0	0.0	0.0	0.0	0.0	0.0	0.0	0.0	0.0	0.0	0.0	0.0	0.0	0.0	0.0	0.0	0.0	0.0	0.0	0.0	26617.30198689923	-1312.4021719050036	-477.03371394644495	26653.906386997995	0.0	0.0	0.0	0.0	0.0	0.0	0.0	0.0	0.0	0.0	0.0	0.0	0.0	0.0	0.0	0.0	0.0	0.0	0.0	0.0	0.0	0.0	0.0	0.0	0.0	0.0	0.0	0.0	0.0	0.0	0.0	0.0	0.0	0.0	0.0	0.0	0.0	0.0	0.0	0.0	0.0	0.0	0.0	0.0	0.0	0.0	0.0	0.0	0.0	0.0	0.0	0.0	0.0	0.0	0.0	0.0	0.0	0.0	0.0	0.0	0.0	0.0	0.0	0.0	0.0	0.0	0.0	0.0	0.0	0.0	0.0	0.0	0.0	0.0	0.0	0.0	0.0	0.0	0.0	0.0	0.0	0.0	0.0	0.0	0.0	0.0	0.0	0.0	0.0	0.0	0.0	0.0	0.0	0.0	0.0	0.0	0.0	0.0	0.0	0.0	29.652097860471603	-0.9479021395283986	0.11900958327353821	-0.5066423846911535	30.269541349976013	-0.224447857189676	0.04381795853356653	-0.21879608191344244	-0.0007449076066147531
14.0	14.4208	2600.0	2598.7446543026067	0.01350234795748129	-0.027965132327055078	28.248342209142784	-37.25684347727564	-15.148009645618002	19.5932767829387	44.73735661845477	-39.855470076941856	-5.392224685598194	19.593276782938574	44.73735661845504	-1.5545828771031917e-14	0.0	-1.5545828771031917e-14	5.7685737670718735	5.828725813929148	-0.07108961861943407	-3.7406191147095047	1.7006472775737598	0.10726138039251018	1.2490924871223394	0.0	0.0	0.0	0.0	0.0	0.0	0.0	0.0	0.0	0.0	0.0	0.0	0.0	0.0	0.0	0.0	0.0	0.0	0.0	0.0	0.0	0.0	0.0	0.0	0.0	0.0	0.0	0.0	0.0	0.0	0.0	0.0	0.0	0.0	0.0	0.0	0.0	0.0	0.0	0.0	0.0	0.0	0.0	0.0	0.0	0.0	0.0	0.0	26627.736227656515	-651.9633527301946	-9.836404606250465	26635.71830414585	-26628.806347094804	470.425957966518	410.34575320720165	26636.122309566388	0.0	0.0	0.0	0.0	0.0	0.0	0.0	0.0	0.0	0.0	0.0	0.0	0.0	0.0	0.0	0.0	0.0	0.0	0.0	0.0	0.0	0.0	0.0	0.0	0.0	0.0	0.0	0.0	26603.374918311707	-1232.7226278319333	-473.127433948996	26636.122309566388	0.0	0.0	0.0	0.0	0.0	0.0	0.0	0.0	0.0	0.0	0.0	0.0	0.0	0.0	0.0	0.0	0.0	0.0	0.0	0.0	0.0	0.0	0.0	0.0	0.0	0.0	0.0	0.0	0.0	0.0	0.0	0.0	0.0	0.0	0.0	0.0	0.0	0.0	0.0	0.0	0.0	0.0	0.0	0.0	0.0	0.0	0.0	0.0	0.0	0.0	0.0	0.0	0.0	0.0	0.0	0.0	0.0	0.0	0.0	0.0	0.0	0.0	0.0	0.0	0.0	0.0	0.0	0.0	0.0	0.0	0.0	0.0	0.0	0.0	0.0	0.0	0.0	0.0	0.0	0.0	0.0	0.0	0.0	0.0	0.0	0.0	0.0	0.0	0.0	0.0	0.0	0.0	0.0	0.0	0.0	0.0	0.0	0.0	0.0	0.0	29.65324360754832	-0.9467563924516825	0.11896027932160562	-0.5052576479727546	30.261108252938072	-0.22447751321790116	0.043798629284508325	-0.21899931532480899	-0.0007734659129815899
15.0	15.4209	2600.0	2598.6703568396574	0.01447561970769661	-0.02735471700621797	28.24842615917863	-38.188000607073256	-14.539167814782559	21.215659793188323	46.04144884310814	-40.67924961741664	-3.8612746181061084	21.215659793188234	46.041448843111205	0.0	0.0	0.0	5.815239731140407	5.874901468713146	-0.07058703953121236	-3.724783454562869	1.6992841281776023	0.10376500115761561	1.2456496910636004	0.0	0.0	0.0	0.0	0.0	0.0	0.0	0.0	0.0	0.0	0.0	0.0	0.0	0.0	0.0	0.0	0.0	0.0	0.0	0.0	0.0	0.0	0.0	0.0	0.0	0.0	0.0	0.0	0.0	0.0	0.0	0.0	0.0	0.0	0.0	0.0	0.0	0.0	0.0	0.0	0.0	0.0	0.0	0.0	0.0	0.0	0.0	0.0	26608.97946987428	-556.5955253038899	-8.056669050434522	26614.80136910466	-26608.57035098518	376.8875756324964	455.68639337393756	26615.140624409636	0.0	0.0	0.0	0.0	0.0	0.0	0.0	0.0	0.0	0.0	0.0	0.0	0.0	0.0	0.0	0.0	0.0	0.0	0.0	0.0	0.0	0.0	0.0	0.0	0.0	0.0	0.0	0.0	26585.98494193737	-1135.3661913656852	-511.9167272939947	26615.140624409636	0.0	0.0	0.0	0.0	0.0	0.0	0.0	0.0	0.0	0.0	0.0	0.0	0.0	0.0	0.0	0.0	0.0	0.0	0.0	0.0	0.0	0.0	0.0	0.0	0.0	0.0	0.0	0.0	0.0	0.0	0.0	0.0	0.0	0.0	0.0	0.0	0.0	0.0	0.0	0.0	0.0	0.0	0.0	0.0	0.0	0.0	0.0	0.0	0.0	0.0	0.0	0.0	0.0	0.0	0.0	0.0	0.0	0.0	0.0	0.0	0.0	0.0	0.0	0.0	0.0	0.0	0.0	0.0	0.0	0.0	0.0	0.0	0.0	0.0	0.0	0.0	0.0	0.0	0.0	0.0	0.0	0.0	0.0	0.0	0.0	0.0	0.0	0.0	0.0	0.0	0.0	0.0	0.0	0.0	0.0	0.0	0.0	0.0	0.0	0.0	29.65447216681053	-0.9455278331894769	0.11891235080134989	-0.5037195609616286	30.252080094622265	-0.2245043717506274	0.043777683003463755	-0.21927532883128883	-0.0007795809765813144
16.0	16.4209	2600.0	2598.6798693074165	0.01541972299631395	-0.026716143416398327	28.248513795623648	-37.75296362035078	-16.864290942281514	27.18111320416186	49.48235530088389	-40.980446661818846	-5.503958802844863	27.181113204161726	49.48235530088529	0.0	0.0	0.0	5.860193773372197	5.919240668325738	-0.06994887955768454	-3.707962256408538	1.6976401907892011	0.10010216270896184	1.2419444888579352	0.0	0.0	0.0	0.0	0.0	0.0	0.0	0.0	0.0	0.0	0.0	0.0	0.0	0.0	0.0	0.0	0.0	0.0	0.0	0.0	0.0	0.0	0.0	0.0	0.0	0.0	0.0	0.0	0.0	0.0	0.0	0.0	0.0	0.0	0.0	0.0	0.0	0.0	0.0	0.0	0.0	0.0	0.0	0.0	0.0	0.0	0.0	0.0	26597.53722382722	-411.973660293529	-3.464569028600288	26600.72782223992	-26595.78387496043	232.53393893827226	478.77860003684515	26601.109392358358	0.0	0.0	0.0	0.0	0.0	0.0	0.0	0.0	0.0	0.0	0.0	0.0	0.0	0.0	0.0	0.0	0.0	0.0	0.0	0.0	0.0	0.0	0.0	0.0	0.0	0.0	0.0	0.0	26577.53336837766	-988.8839120775331	-525.2138282856577	26601.109392358358	0.0	0.0	0.0	0.0	0.0	0.0	0.0	0.0	0.0	0.0	0.0	0.0	0.0	0.0	0.0	0.0	0.0	0.0	0.0	0.0	0.0	0.0	0.0	0.0	0.0	0.0	0.0	0.0	0.0	0.0	0.0	0.0	0.0	0.0	0.0	0.0	0.0	0.0	0.0	0.0	0.0	0.0	0.0	0.0	0.0	0.0	0.0	0.0	0.0	0.0	0.0	0.0	0.0	0.0	0.0	0.0	0.0	0.0	0.0	0.0	0.0	0.0	0.0	0.0	0.0	0.0	0.0	0.0	0.0	0.0	0.0	0.0	0.0	0.0	0.0	0.0	0.0	0.0	0.0	0.0	0.0	0.0	0.0	0.0	0.0	0.0	0.0	0.0	0.0	0.0	0.0	0.0	0.0	0.0	0.0	0.0	0.0	0.0	0.0	0.0	29.655766783779992	-0.9442332162200026	0.1188666361288697	-0.5020662596367116	30.242459366649545	-0.22452861057027	0.04375424197553104	-0.21960271418355745	-0.0008098076040427314
17.0	17.421	2600.0	2598.6362817558434	0.016341974633637953	-0.026055349933322505	28.248604680852957	-38.43917914703025	-12.465553276138966	11.281168692153582	41.95503878008658	-40.408067750908224	-0.38545118444744736	11.281168692153567	41.95503878008466	-2.1265026178758335e-15	0.0	-2.1265026178758335e-15	5.903666490194578	5.961867908953399	-0.06906862762682651	-3.690051436220985	1.6957230497719207	0.09638314712280806	1.2379985286864774	0.0	0.0	0.0	0.0	0.0	0.0	0.0	0.0	0.0	0.0	0.0	0.0	0.0	0.0	0.0	0.0	0.0	0.0	0.0	0.0	0.0	0.0	0.0	0.0	0.0	0.0	0.0	0.0	0.0	0.0	0.0	0.0	0.0	0.0	0.0	0.0	0.0	0.0	0.0	0.0	0.0	0.0	0.0	0.0	0.0	0.0	0.0	0.0	26599.71003905112	-308.6218709548234	-19.407934667264016	26601.50744391672	-26595.697237707795	132.5576808067198	555.7190959283841	26601.83277167456	0.0	0.0	0.0	0.0	0.0	0.0	0.0	0.0	0.0	0.0	0.0	0.0	0.0	0.0	0.0	0.0	0.0	0.0	0.0	0.0	0.0	0.0	0.0	0.0	0.0	0.0	0.0	0.0	26580.497654454346	-883.469179818155	-595.0911375556698	26601.83277167456	0.0	0.0	0.0	0.0	0.0	0.0	0.0	0.0	0.0	0.0	0.0	0.0	0.0	0.0	0.0	0.0	0.0	0.0	0.0	0.0	0.0	0.0	0.0	0.0	0.0	0.0	0.0	0.0	0.0	0.0	0.0	0.0	0.0	0.0	0.0	0.0	0.0	0.0	0.0	0.0	0.0	0.0	0.0	0.0	0.0	0.0	0.0	0.0	0.0	0.0	0.0	0.0	0.0	0.0	0.0	0.0	0.0	0.0	0.0	0.0	0.0	0.0	0.0	0.0	0.0	0.0	0.0	0.0	0.0	0.0	0.0	0.0	0.0	0.0	0.0	0.0	0.0	0.0	0.0	0.0	0.0	0.0	0.0	0.0	0.0	0.0	0.0	0.0	0.0	0.0	0.0	0.0	0.0	0.0	0.0	0.0	0.0	0.0	0.0	0.0	29.657120779380723	-0.9428792206192828	0.11882481175554523	-0.5003077981246711	30.232357926053044	-0.22455021409571924	0.04372845773209728	-0.21997836734628634	-0.000887574739055659
18.0	18.421	2600.0	2598.6583106478843	0.017252540255406398	-0.025374933803986033	28.248698700989628	-38.49973249747609	-12.295727336564596	9.661303674924879	41.55424288579295	-40.41242619312106	0.5001222831415362	9.661303674924893	41.5542428857953	0.0	0.0	0.0	5.945194136870774	6.002596264719323	-0.06822316555994838	-3.6711134057455723	1.6935164399607414	0.09255300556879499	1.233809489774503	0.0	0.0	0.0	0.0	0.0	0.0	0.0	0.0	0.0	0.0	0.0	0.0	0.0	0.0	0.0	0.0	0.0	0.0	0.0	0.0	0.0	0.0	0.0	0.0	0.0	0.0	0.0	0.0	0.0	0.0	0.0	0.0	0.0	0.0	0.0	0.0	0.0	0.0	0.0	0.0	0.0	0.0	0.0	0.0	0.0	0.0	0.0	0.0	26606.4982157812	-211.1213907092428	-20.42556467695715	26607.343662073356	-26601.038295464725	36.52391581365301	595.3271561753523	26607.724194603477	0.0	0.0	0.0	0.0	0.0	0.0	0.0	0.0	0.0	0.0	0.0	0.0	0.0	0.0	0.0	0.0	0.0	0.0	0.0	0.0	0.0	0.0	0.0	0.0	0.0	0.0	0.0	0.0	26588.741237659448	-784.4587265949895	-628.0531180907667	26607.724194603477	0.0	0.0	0.0	0.0	0.0	0.0	0.0	0.0	0.0	0.0	0.0	0.0	0.0	0.0	0.0	0.0	0.0	0.0	0.0	0.0	0.0	0.0	0.0	0.0	0.0	0.0	0.0	0.0	0.0	0.0	0.0	0.0	0.0	0.0	0.0	0.0	0.0	0.0	0.0	0.0	0.0	0.0	0.0	0.0	0.0	0.0	0.0	0.0	0.0	0.0	0.0	0.0	0.0	0.0	0.0	0.0	0.0	0.0	0.0	0.0	0.0	0.0	0.0	0.0	0.0	0.0	0.0	0.0	0.0	0.0	0.0	0.0	0.0	0.0	0.0	0.0	0.0	0.0	0.0	0.0	0.0	0.0	0.0	0.0	0.0	0.0	0.0	0.0	0.0	0.0	0.0	0.0	0.0	0.0	0.0	0.0	0.0	0.0	0.0	0.0	29.658530766288433	-0.9414692337115761	0.11878865620238534	-0.4984432079961319	30.221585287635637	-0.22456913348628557	0.04370315116962624	-0.22040641620845763	-0.0009507710182894565
19.0	19.4211	2600.0	2598.593547518208	0.01816215404346196	-0.0246774383718158	28.248795806990223	-39.149697967594875	-12.247175827484167	9.728288123928177	42.15841264238227	-40.994381147278546	1.4672699324837595	9.728288123928207	42.15841264238112	2.6922277677373173e-14	0.0	2.6922277677373173e-14	5.98495367705018	6.041481683150128	-0.06729111250252771	-3.6510601769290627	1.6910169558186454	0.08870724821148876	1.2293918844400291	0.0	0.0	0.0	0.0	0.0	0.0	0.0	0.0	0.0	0.0	0.0	0.0	0.0	0.0	0.0	0.0	0.0	0.0	0.0	0.0	0.0	0.0	0.0	0.0	0.0	0.0	0.0	0.0	0.0	0.0	0.0	0.0	0.0	0.0	0.0	0.0	0.0	0.0	0.0	0.0	0.0	0.0	0.0	0.0	0.0	0.0	0.0	0.0	26608.226858116104	-99.9040544183567	-21.85231951867533	26608.42338202189	-26601.034120247736	-72.80432089794792	636.090922331343	26608.73782044534	0.0	0.0	0.0	0.0	0.0	0.0	0.0	0.0	0.0	0.0	0.0	0.0	0.0	0.0	0.0	0.0	0.0	0.0	0.0	0.0	0.0	0.0	0.0	0.0	0.0	0.0	0.0	0.0	26592.03204600647	-671.8529950477587	-661.3422823383457	26608.73782044534	0.0	0.0	0.0	0.0	0.0	0.0	0.0	0.0	0.0	0.0	0.0	0.0	0.0	0.0	0.0	0.0	0.0	0.0	0.0	0.0	0.0	0.0	0.0	0.0	0.0	0.0	0.0	0.0	0.0	0.0	0.0	0.0	0.0	0.0	0.0	0.0	0.0	0.0	0.0	0.0	0.0	0.0	0.0	0.0	0.0	0.0	0.0	0.0	0.0	0.0	0.0	0.0	0.0	0.0	0.0	0.0	0.0	0.0	0.0	0.0	0.0	0.0	0.0	0.0	0.0	0.0	0.0	0.0	0.0	0.0	0.0	0.0	0.0	0.0	0.0	0.0	0.0	0.0	0.0	0.0	0.0	0.0	0.0	0.0	0.0	0.0	0.0	0.0	0.0	0.0	0.0	0.0	0.0	0.0	0.0	0.0	0.0	0.0	0.0	0.0	29.65999336842784	-0.9400066315721638	0.11875723855847477	-0.4964789493861793	30.21022963222515	-0.22458533351512794	0.043683487889735854	-0.2208841037267866	-0.0010264274502626398
20.0	20.4211	2600.0	2598.6373349216005	0.019066320124947387	-0.02396456807925357	28.248895683351304	-38.883910366923836	-11.755032407905675	6.1050945934539556	41.07811403081816	-40.54172907477368	2.5509754921476997	6.1050945934540275	41.07811403081829	0.0	0.0	0.0	6.02286500113303	6.078561155012948	-0.06638885725268613	-3.629770630011062	1.6882239121614735	0.08497490278867213	1.224756207526488	0.0	0.0	0.0	0.0	0.0	0.0	0.0	0.0	0.0	0.0	0.0	0.0	0.0	0.0	0.0	0.0	0.0	0.0	0.0	0.0	0.0	0.0	0.0	0.0	0.0	0.0	0.0	0.0	0.0	0.0	0.0	0.0	0.0	0.0	0.0	0.0	0.0	0.0	0.0	0.0	0.0	0.0	0.0	0.0	0.0	0.0	0.0	0.0	26615.35337940268	20.13897504725961	-25.20795094550404	26615.37293613577	-26606.433990866408	-191.9149031560626	679.0019060433623	26615.78863435753	0.0	0.0	0.0	0.0	0.0	0.0	0.0	0.0	0.0	0.0	0.0	0.0	0.0	0.0	0.0	0.0	0.0	0.0	0.0	0.0	0.0	0.0	0.0	0.0	0.0	0.0	0.0	0.0	26601.007013907187	-549.4134630623206	-696.2580853835941	26615.78863435753	0.0	0.0	0.0	0.0	0.0	0.0	0.0	0.0	0.0	0.0	0.0	0.0	0.0	0.0	0.0	0.0	0.0	0.0	0.0	0.0	0.0	0.0	0.0	0.0	0.0	0.0	0.0	0.0	0.0	0.0	0.0	0.0	0.0	0.0	0.0	0.0	0.0	0.0	0.0	0.0	0.0	0.0	0.0	0.0	0.0	0.0	0.0	0.0	0.0	0.0	0.0	0.0	0.0	0.0	0.0	0.0	0.0	0.0	0.0	0.0	0.0	0.0	0.0	0.0	0.0	0.0	0.0	0.0	0.0	0.0	0.0	0.0	0.0	0.0	0.0	0.0	0.0	0.0	0.0	0.0	0.0	0.0	0.0	0.0	0.0	0.0	0.0	0.0	0.0	0.0	0.0	0.0	0.0	0.0	0.0	0.0	0.0	0.0	0.0	0.0	29.661505974138716	-0.9384940258612852	0.11872705638291559	-0.49441902801301546	30.19827349173385	-0.22459875715449643	0.04366836075669081	-0.22141001506686003	-0.00108743790924276
21.0	21.4211	2600.0	2598.593887081945	0.019954525021698068	-0.023248317006853852	28.248997171446035	-39.86329174751586	-9.165641520878125	1.9259098920789903	40.94875019276191	-40.457066471857594	6.026341006665461	1.9259098920791182	40.94875019276329	1.2638637541954406e-13	0.0	1.2638637541954406e-13	6.058763614413582	6.113738874639467	-0.06557935445836148	-3.606461697677666	1.6852031617683398	0.08214409035020734	1.2199730661276458	0.0	0.0	0.0	0.0	0.0	0.0	0.0	0.0	0.0	0.0	0.0	0.0	0.0	0.0	0.0	0.0	0.0	0.0	0.0	0.0	0.0	0.0	0.0	0.0	0.0	0.0	0.0	0.0	0.0	0.0	0.0	0.0	0.0	0.0	0.0	0.0	0.0	0.0	0.0	0.0	0.0	0.0	0.0	0.0	0.0	0.0	0.0	0.0	26645.739092709995	164.45591568839222	-29.543106474308587	26646.262971383414	-26634.335945804232	-333.504954387245	740.0953120612552	26646.703696695688	0.0	0.0	0.0	0.0	0.0	0.0	0.0	0.0	0.0	0.0	0.0	0.0	0.0	0.0	0.0	0.0	0.0	0.0	0.0	0.0	0.0	0.0	0.0	0.0	0.0	0.0	0.0	0.0	26633.13674041007	-404.0110665839451	-748.0777527719025	26646.703696695688	0.0	0.0	0.0	0.0	0.0	0.0	0.0	0.0	0.0	0.0	0.0	0.0	0.0	0.0	0.0	0.0	0.0	0.0	0.0	0.0	0.0	0.0	0.0	0.0	0.0	0.0	0.0	0.0	0.0	0.0	0.0	0.0	0.0	0.0	0.0	0.0	0.0	0.0	0.0	0.0	0.0	0.0	0.0	0.0	0.0	0.0	0.0	0.0	0.0	0.0	0.0	0.0	0.0	0.0	0.0	0.0	0.0	0.0	0.0	0.0	0.0	0.0	0.0	0.0	0.0	0.0	0.0	0.0	0.0	0.0	0.0	0.0	0.0	0.0	0.0	0.0	0.0	0.0	0.0	0.0	0.0	0.0	0.0	0.0	0.0	0.0	0.0	0.0	0.0	0.0	0.0	0.0	0.0	0.0	0.0	0.0	0.0	0.0	0.0	0.0	29.663055599876294	-0.9369444001237073	0.11869912696081622	-0.49229465279548	30.185703049310984	-0.22460924304226562	0.04365615617008221	-0.2219661505845793	-0.0011144078727904302
22.0	22.4211	2600.0	2598.664245698534	0.020827948419162374	-0.022519515009366445	28.249100763549787	-38.93507797251663	-11.495526080074344	-0.31019451465785164	40.59782798648892	-40.37632656116511	4.223703352501617	-0.3101945146577521	40.597827986490906	-2.8389756137303546e-15	0.0	-2.8389756137303546e-15	6.092747746037213	6.14671637552222	-0.06446167847374136	-3.5805555911898117	1.6819292408201925	0.08080262185364048	1.2150248120707923	0.0	0.0	0.0	0.0	0.0	0.0	0.0	0.0	0.0	0.0	0.0	0.0	0.0	0.0	0.0	0.0	0.0	0.0	0.0	0.0	0.0	0.0	0.0	0.0	0.0	0.0	0.0	0.0	0.0	0.0	0.0	0.0	0.0	0.0	0.0	0.0	0.0	0.0	0.0	0.0	0.0	0.0	0.0	0.0	0.0	0.0	0.0	0.0	26704.640221345428	301.1481385346495	-31.399826956172515	26706.356649718735	-26691.82871826288	-471.3354938189573	761.9026378722525	26706.860038245097	0.0	0.0	0.0	0.0	0.0	0.0	0.0	0.0	0.0	0.0	0.0	0.0	0.0	0.0	0.0	0.0	0.0	0.0	0.0	0.0	0.0	0.0	0.0	0.0	0.0	0.0	0.0	0.0	26694.695338516485	-265.6373455375559	-760.9538007361498	26706.860038245097	0.0	0.0	0.0	0.0	0.0	0.0	0.0	0.0	0.0	0.0	0.0	0.0	0.0	0.0	0.0	0.0	0.0	0.0	0.0	0.0	0.0	0.0	0.0	0.0	0.0	0.0	0.0	0.0	0.0	0.0	0.0	0.0	0.0	0.0	0.0	0.0	0.0	0.0	0.0	0.0	0.0	0.0	0.0	0.0	0.0	0.0	0.0	0.0	0.0	0.0	0.0	0.0	0.0	0.0	0.0	0.0	0.0	0.0	0.0	0.0	0.0	0.0	0.0	0.0	0.0	0.0	0.0	0.0	0.0	0.0	0.0	0.0	0.0	0.0	0.0	0.0	0.0	0.0	0.0	0.0	0.0	0.0	0.0	0.0	0.0	0.0	0.0	0.0	0.0	0.0	0.0	0.0	0.0	0.0	0.0	0.0	0.0	0.0	0.0	0.0	29.66465032024937	-0.9353496797506331	0.11867861275778861	-0.49009825921406935	30.172602387665105	-0.22461649599795974	0.043644363907515256	-0.22255246338651638	-0.0011942184325114
23.0	23.4211	2600.0	2598.5906714063385	0.02168817462262801	-0.021764391799674022	28.249207244941548	-39.8712723146557	-8.61338344139585	-4.93287973586591	41.08822255569663	-40.009915313057725	7.944520560748059	-4.932879735865741	41.088222555699744	1.2549859074475387e-14	0.0	1.2549859074475387e-14	6.124866452325118	6.177861331800277	-0.06336595491677711	-3.553561343214882	1.678360132815359	0.07945363114762459	1.2098408364887867	0.0	0.0	0.0	0.0	0.0	0.0	0.0	0.0	0.0	0.0	0.0	0.0	0.0	0.0	0.0	0.0	0.0	0.0	0.0	0.0	0.0	0.0	0.0	0.0	0.0	0.0	0.0	0.0	0.0	0.0	0.0	0.0	0.0	0.0	0.0	0.0	0.0	0.0	0.0	0.0	0.0	0.0	0.0	0.0	0.0	0.0	0.0	0.0	26761.23510972041	432.73167693242686	-34.0205568176374	26764.755158608103	-26745.843395318305	-600.5070622318359	822.2696081757598	26765.2176334737	0.0	0.0	0.0	0.0	0.0	0.0	0.0	0.0	0.0	0.0	0.0	0.0	0.0	0.0	0.0	0.0	0.0	0.0	0.0	0.0	0.0	0.0	0.0	0.0	0.0	0.0	0.0	0.0	26752.535375896772	-133.2916292127059	-812.9940160817878	26765.2176334737	0.0	0.0	0.0	0.0	0.0	0.0	0.0	0.0	0.0	0.0	0.0	0.0	0.0	0.0	0.0	0.0	0.0	0.0	0.0	0.0	0.0	0.0	0.0	0.0	0.0	0.0	0.0	0.0	0.0	0.0	0.0	0.0	0.0	0.0	0.0	0.0	0.0	0.0	0.0	0.0	0.0	0.0	0.0	0.0	0.0	0.0	0.0	0.0	0.0	0.0	0.0	0.0	0.0	0.0	0.0	0.0	0.0	0.0	0.0	0.0	0.0	0.0	0.0	0.0	0.0	0.0	0.0	0.0	0.0	0.0	0.0	0.0	0.0	0.0	0.0	0.0	0.0	0.0	0.0	0.0	0.0	0.0	0.0	0.0	0.0	0.0	0.0	0.0	0.0	0.0	0.0	0.0	0.0	0.0	0.0	0.0	0.0	0.0	0.0	0.0	29.666302815125498	-0.9336971848744966	0.11866535578919282	-0.4877979317537846	30.158911487052247	-0.2246207925300311	0.04363482097994165	-0.2231877076281552	-0.00126230659787024
24.0	24.421	2600.0	2598.6189742722095	0.02253085993085314	-0.020981167328246772	28.249316444599778	-39.54792085162034	-9.848559481259143	-1.7059916255549437	40.79145222921576	-40.08142093245623	7.383214989215047	-1.7059916255547731	40.7914522292131	0.0	0.0	0.0	6.154974057798075	6.207160547886053	-0.06242486924616328	-3.5254799155070256	1.674481349687096	0.07810619842582392	1.2044143814859827	0.0	0.0	0.0	0.0	0.0	0.0	0.0	0.0	0.0	0.0	0.0	0.0	0.0	0.0	0.0	0.0	0.0	0.0	0.0	0.0	0.0	0.0	0.0	0.0	0.0	0.0	0.0	0.0	0.0	0.0	0.0	0.0	0.0	0.0	0.0	0.0	0.0	0.0	0.0	0.0	0.0	0.0	0.0	0.0	0.0	0.0	0.0	0.0	26817.216283241025	576.3329189198964	-29.88522872817965	26823.425246274095	-26800.068368147902	-744.2931187156337	851.1539180315368	26823.909106917097	0.0	0.0	0.0	0.0	0.0	0.0	0.0	0.0	0.0	0.0	0.0	0.0	0.0	0.0	0.0	0.0	0.0	0.0	0.0	0.0	0.0	0.0	0.0	0.0	0.0	0.0	0.0	0.0	26810.97165299481	11.779443473793183	-832.9225913432933	26823.909106917097	0.0	0.0	0.0	0.0	0.0	0.0	0.0	0.0	0.0	0.0	0.0	0.0	0.0	0.0	0.0	0.0	0.0	0.0	0.0	0.0	0.0	0.0	0.0	0.0	0.0	0.0	0.0	0.0	0.0	0.0	0.0	0.0	0.0	0.0	0.0	0.0	0.0	0.0	0.0	0.0	0.0	0.0	0.0	0.0	0.0	0.0	0.0	0.0	0.0	0.0	0.0	0.0	0.0	0.0	0.0	0.0	0.0	0.0	0.0	0.0	0.0	0.0	0.0	0.0	0.0	0.0	0.0	0.0	0.0	0.0	0.0	0.0	0.0	0.0	0.0	0.0	0.0	0.0	0.0	0.0	0.0	0.0	0.0	0.0	0.0	0.0	0.0	0.0	0.0	0.0	0.0	0.0	0.0	0.0	0.0	0.0	0.0	0.0	0.0	0.0	29.66801378356638	-0.9319862164336216	0.11865559903427332	-0.4853903044493068	30.144577846408804	-0.2246220466861027	0.04362790810911318	-0.2238744973450105	-0.0012887423458400602
25.0	25.421	2600.0	2598.6964810279405	0.023363444469221045	-0.02017067025791557	28.249428354751664	-39.010498735601004	-7.7564391235609955	-11.405673986202132	41.3771767833109	-38.563002438679185	9.740441591224226	-11.405673986201904	41.37717678330832	1.977680937589447e-15	0.0	1.977680937589447e-15	6.183368453901903	6.23458730093641	-0.061314260678823305	-3.4963234173153137	1.6702743776163034	0.07675843504997143	1.19874115859379	0.0	0.0	0.0	0.0	0.0	0.0	0.0	0.0	0.0	0.0	0.0	0.0	0.0	0.0	0.0	0.0	0.0	0.0	0.0	0.0	0.0	0.0	0.0	0.0	0.0	0.0	0.0	0.0	0.0	0.0	0.0	0.0	0.0	0.0	0.0	0.0	0.0	0.0	0.0	0.0	0.0	0.0	0.0	0.0	0.0	0.0	0.0	0.0	26892.143899733604	713.0238458465419	-34.42157193656199	26901.61689143126	-26872.791142072656	-879.4888477788529	900.0477997159925	26902.239506044833	0.0	0.0	0.0	0.0	0.0	0.0	0.0	0.0	0.0	0.0	0.0	0.0	0.0	0.0	0.0	0.0	0.0	0.0	0.0	0.0	0.0	0.0	0.0	0.0	0.0	0.0	0.0	0.0	26887.643182497886	149.08750801320872	-873.4457317023289	26902.239506044833	0.0	0.0	0.0	0.0	0.0	0.0	0.0	0.0	0.0	0.0	0.0	0.0	0.0	0.0	0.0	0.0	0.0	0.0	0.0	0.0	0.0	0.0	0.0	0.0	0.0	0.0	0.0	0.0	0.0	0.0	0.0	0.0	0.0	0.0	0.0	0.0	0.0	0.0	0.0	0.0	0.0	0.0	0.0	0.0	0.0	0.0	0.0	0.0	0.0	0.0	0.0	0.0	0.0	0.0	0.0	0.0	0.0	0.0	0.0	0.0	0.0	0.0	0.0	0.0	0.0	0.0	0.0	0.0	0.0	0.0	0.0	0.0	0.0	0.0	0.0	0.0	0.0	0.0	0.0	0.0	0.0	0.0	0.0	0.0	0.0	0.0	0.0	0.0	0.0	0.0	0.0	0.0	0.0	0.0	0.0	0.0	0.0	0.0	0.0	0.0	29.669781311457992	-0.9302186885420093	0.11865244039208148	-0.48287382893277386	30.129734647292494	-0.22462027500409767	0.0436206063422701	-0.2246164248477462	-0.0013469176809035898
26.0	26.4209	2600.0	2598.605004038435	0.024195970355530547	-0.019349884756391968	28.24954206947196	-40.133636230048985	-8.049316443102724	-9.212665191150903	41.9568045991511	-39.5232900382398	10.64940358894819	-9.212665191150649	41.95680459915132	-2.2573800558223157e-15	0.0	-2.2573800558223157e-15	6.20986471675373	6.260085590525026	-0.06016308073861421	-3.4661049692403014	1.6658204355578767	0.07540273558043739	1.1929049009158754	0.0	0.0	0.0	0.0	0.0	0.0	0.0	0.0	0.0	0.0	0.0	0.0	0.0	0.0	0.0	0.0	0.0	0.0	0.0	0.0	0.0	0.0	0.0	0.0	0.0	0.0	0.0	0.0	0.0	0.0	0.0	0.0	0.0	0.0	0.0	0.0	0.0	0.0	0.0	0.0	0.0	0.0	0.0	0.0	0.0	0.0	0.0	0.0	26974.495242632824	845.9098486136198	-35.57202794386383	26987.779131228537	-26952.852484084055	-1012.3720495180129	941.8400429345895	26988.297776294017	0.0	0.0	0.0	0.0	0.0	0.0	0.0	0.0	0.0	0.0	0.0	0.0	0.0	0.0	0.0	0.0	0.0	0.0	0.0	0.0	0.0	0.0	0.0	0.0	0.0	0.0	0.0	0.0	26971.556987490058	283.5151163096234	-907.1657573542097	26988.297776294017	0.0	0.0	0.0	0.0	0.0	0.0	0.0	0.0	0.0	0.0	0.0	0.0	0.0	0.0	0.0	0.0	0.0	0.0	0.0	0.0	0.0	0.0	0.0	0.0	0.0	0.0	0.0	0.0	0.0	0.0	0.0	0.0	0.0	0.0	0.0	0.0	0.0	0.0	0.0	0.0	0.0	0.0	0.0	0.0	0.0	0.0	0.0	0.0	0.0	0.0	0.0	0.0	0.0	0.0	0.0	0.0	0.0	0.0	0.0	0.0	0.0	0.0	0.0	0.0	0.0	0.0	0.0	0.0	0.0	0.0	0.0	0.0	0.0	0.0	0.0	0.0	0.0	0.0	0.0	0.0	0.0	0.0	0.0	0.0	0.0	0.0	0.0	0.0	0.0	0.0	0.0	0.0	0.0	0.0	0.0	0.0	0.0	0.0	0.0	0.0	29.67158731498022	-0.9284126850197828	0.11866605119330101	-0.480285437721469	30.114311108021987	-0.22461560221329757	0.04361284846862415	-0.22539455205997727	-0.0014078145584552697
27.0	27.4209	2600.0	2598.5926953667094	0.025000313531408722	-0.01851732819591607	28.2496566767769	-40.06587029272715	-9.465101459252764	-4.118133700851331	41.37416021051873	-39.923271619878506	10.049601540009462	-4.118133700851104	41.374160210518376	7.050681195533198e-14	0.0	7.050681195533198e-14	6.234312578316972	6.283705372426541	-0.059171750359383504	-3.4348328664486147	1.6611930810225521	0.07403874009189003	1.186944953213324	0.0	0.0	0.0	0.0	0.0	0.0	0.0	0.0	0.0	0.0	0.0	0.0	0.0	0.0	0.0	0.0	0.0	0.0	0.0	0.0	0.0	0.0	0.0	0.0	0.0	0.0	0.0	0.0	0.0	0.0	0.0	0.0	0.0	0.0	0.0	0.0	0.0	0.0	0.0	0.0	0.0	0.0	0.0	0.0	0.0	0.0	0.0	0.0	27019.033940127658	987.5555216737745	-29.509701659560246	27037.09177756829	-26995.52285389302	-1153.9058432937652	970.1610370345624	27037.58430940212	0.0	0.0	0.0	0.0	0.0	0.0	0.0	0.0	0.0	0.0	0.0	0.0	0.0	0.0	0.0	0.0	0.0	0.0	0.0	0.0	0.0	0.0	0.0	0.0	0.0	0.0	0.0	0.0	27018.31191519687	426.893274782442	-927.1184784607796	27037.58430940212	0.0	0.0	0.0	0.0	0.0	0.0	0.0	0.0	0.0	0.0	0.0	0.0	0.0	0.0	0.0	0.0	0.0	0.0	0.0	0.0	0.0	0.0	0.0	0.0	0.0	0.0	0.0	0.0	0.0	0.0	0.0	0.0	0.0	0.0	0.0	0.0	0.0	0.0	0.0	0.0	0.0	0.0	0.0	0.0	0.0	0.0	0.0	0.0	0.0	0.0	0.0	0.0	0.0	0.0	0.0	0.0	0.0	0.0	0.0	0.0	0.0	0.0	0.0	0.0	0.0	0.0	0.0	0.0	0.0	0.0	0.0	0.0	0.0	0.0	0.0	0.0	0.0	0.0	0.0	0.0	0.0	0.0	0.0	0.0	0.0	0.0	0.0	0.0	0.0	0.0	0.0	0.0	0.0	0.0	0.0	0.0	0.0	0.0	0.0	0.0	29.673431951326872	-0.9265680486731291	0.11869299546018196	-0.4776419123939608	30.098253179934623	-0.2246078957544758	0.043605795390899024	-0.22619195615604384	-0.0014262188643005297
28.0	28.4208	2600.0	2598.5575890611303	0.025787860382740557	-0.017677064414220484	28.249772111957796	-40.8499212014783	-6.171356620183361	-19.31114427474787	45.60396910248708	-38.863726491772454	14.014723253530972	-19.31114427474753	45.603969102485735	-1.0713744797817942e-15	0.0	-1.0713744797817942e-15	6.2571424574711	6.305495911679783	-0.05795972854750941	-3.4025126177241	1.656374635097433	0.07267129167429097	1.1808686710859568	0.0	0.0	0.0	0.0	0.0	0.0	0.0	0.0	0.0	0.0	0.0	0.0	0.0	0.0	0.0	0.0	0.0	0.0	0.0	0.0	0.0	0.0	0.0	0.0	0.0	0.0	0.0	0.0	0.0	0.0	0.0	0.0	0.0	0.0	0.0	0.0	0.0	0.0	0.0	0.0	0.0	0.0	0.0	0.0	0.0	0.0	0.0	0.0	27092.753226226465	1133.7389672203092	-43.93513419326173	27116.49999020919	-27066.21479666604	-1298.2893933568987	1035.0034080804069	27117.09370162859	0.0	0.0	0.0	0.0	0.0	0.0	0.0	0.0	0.0	0.0	0.0	0.0	0.0	0.0	0.0	0.0	0.0	0.0	0.0	0.0	0.0	0.0	0.0	0.0	0.0	0.0	0.0	0.0	27093.163090314225	574.5315832799962	-983.462273986043	27117.09370162859	0.0	0.0	0.0	0.0	0.0	0.0	0.0	0.0	0.0	0.0	0.0	0.0	0.0	0.0	0.0	0.0	0.0	0.0	0.0	0.0	0.0	0.0	0.0	0.0	0.0	0.0	0.0	0.0	0.0	0.0	0.0	0.0	0.0	0.0	0.0	0.0	0.0	0.0	0.0	0.0	0.0	0.0	0.0	0.0	0.0	0.0	0.0	0.0	0.0	0.0	0.0	0.0	0.0	0.0	0.0	0.0	0.0	0.0	0.0	0.0	0.0	0.0	0.0	0.0	0.0	0.0	0.0	0.0	0.0	0.0	0.0	0.0	0.0	0.0	0.0	0.0	0.0	0.0	0.0	0.0	0.0	0.0	0.0	0.0	0.0	0.0	0.0	0.0	0.0	0.0	0.0	0.0	0.0	0.0	0.0	0.0	0.0	0.0	0.0	0.0	29.675310015103065	-0.9246899848969327	0.11873192680559004	-0.4749465003070374	30.081749936684723	-0.22459707516077748	0.04359709297346853	-0.2270109574507629	-0.00148822034124122
29.0	29.4208	2600.0	2598.5524839166865	0.026578643740158312	-0.016838589583736373	28.249888334999294	-40.163559037663155	-10.21915221245945	-7.851991763713912	42.18052063655332	-40.00374864717924	10.827864086990301	-7.851991763713657	42.18052063655042	0.0	0.0	0.0	6.277758245929516	6.325246539112028	-0.0569125147404922	-3.369167122898385	1.6513422267164006	0.07128777585502662	1.1746813847008886	0.0	0.0	0.0	0.0	0.0	0.0	0.0	0.0	0.0	0.0	0.0	0.0	0.0	0.0	0.0	0.0	0.0	0.0	0.0	0.0	0.0	0.0	0.0	0.0	0.0	0.0	0.0	0.0	0.0	0.0	0.0	0.0	0.0	0.0	0.0	0.0	0.0	0.0	0.0	0.0	0.0	0.0	0.0	0.0	0.0	0.0	0.0	0.0	27196.054498145266	1279.8702917642483	-32.937226334700334	27226.173677009894	-27168.209920100016	-1446.1173737373042	1043.743949734713	27226.683366760884	0.0	0.0	0.0	0.0	0.0	0.0	0.0	0.0	0.0	0.0	0.0	0.0	0.0	0.0	0.0	0.0	0.0	0.0	0.0	0.0	0.0	0.0	0.0	0.0	0.0	0.0	0.0	0.0	27199.333733595184	721.4399242131055	-983.8983881051216	27226.683366760884	0.0	0.0	0.0	0.0	0.0	0.0	0.0	0.0	0.0	0.0	0.0	0.0	0.0	0.0	0.0	0.0	0.0	0.0	0.0	0.0	0.0	0.0	0.0	0.0	0.0	0.0	0.0	0.0	0.0	0.0	0.0	0.0	0.0	0.0	0.0	0.0	0.0	0.0	0.0	0.0	0.0	0.0	0.0	0.0	0.0	0.0	0.0	0.0	0.0	0.0	0.0	0.0	0.0	0.0	0.0	0.0	0.0	0.0	0.0	0.0	0.0	0.0	0.0	0.0	0.0	0.0	0.0	0.0	0.0	0.0	0.0	0.0	0.0	0.0	0.0	0.0	0.0	0.0	0.0	0.0	0.0	0.0	0.0	0.0	0.0	0.0	0.0	0.0	0.0	0.0	0.0	0.0	0.0	0.0	0.0	0.0	0.0	0.0	0.0	0.0	29.677210867713253	-0.9227891322867486	0.11878553705479675	-0.4722010850835986	30.064556362035713	-0.22458304049502992	0.043590134001706374	-0.2278601823861975	-0.0015070289191342003
30.0	30.4206	2600.0	2598.5502315377385	0.027352631689255804	-0.015983504866443624	28.250005675895157	-39.80086016171729	-9.175737461780955	-12.21883053592592	42.63334900340087	-38.967609966994125	12.240424871724825	-12.218830535925635	42.63334900340095	0.0	0.0	0.0	6.296607084032256	6.343148256230052	-0.05577481634806441	-3.334800503285382	1.6460740103928666	0.06989800199322756	1.1683387693972298	0.0	0.0	0.0	0.0	0.0	0.0	0.0	0.0	0.0	0.0	0.0	0.0	0.0	0.0	0.0	0.0	0.0	0.0	0.0	0.0	0.0	0.0	0.0	0.0	0.0	0.0	0.0	0.0	0.0	0.0	0.0	0.0	0.0	0.0	0.0	0.0	0.0	0.0	0.0	0.0	0.0	0.0	0.0	0.0	0.0	0.0	0.0	0.0	27270.246481567985	1437.8855191203977	-34.146919300888094	27308.149405327058	-27239.904690829666	-1603.712445153285	1085.1235660477826	27308.639554650385	0.0	0.0	0.0	0.0	0.0	0.0	0.0	0.0	0.0	0.0	0.0	0.0	0.0	0.0	0.0	0.0	0.0	0.0	0.0	0.0	0.0	0.0	0.0	0.0	0.0	0.0	0.0	0.0	27275.49176966042	880.9772075257092	-1016.4753852519169	27308.639554650385	0.0	0.0	0.0	0.0	0.0	0.0	0.0	0.0	0.0	0.0	0.0	0.0	0.0	0.0	0.0	0.0	0.0	0.0	0.0	0.0	0.0	0.0	0.0	0.0	0.0	0.0	0.0	0.0	0.0	0.0	0.0	0.0	0.0	0.0	0.0	0.0	0.0	0.0	0.0	0.0	0.0	0.0	0.0	0.0	0.0	0.0	0.0	0.0	0.0	0.0	0.0	0.0	0.0	0.0	0.0	0.0	0.0	0.0	0.0	0.0	0.0	0.0	0.0	0.0	0.0	0.0	0.0	0.0	0.0	0.0	0.0	0.0	0.0	0.0	0.0	0.0	0.0	0.0	0.0	0.0	0.0	0.0	0.0	0.0	0.0	0.0	0.0	0.0	0.0	0.0	0.0	0.0	0.0	0.0	0.0	0.0	0.0	0.0	0.0	0.0	29.679151466103455	-0.9208485338965496	0.11884557518746143	-0.4693861714953664	30.046870059378637	-0.2245655516550636	0.04358843282167062	-0.22874261680425736	-0.0015405722806019805
31.0	31.4205	2600.0	2598.605882616296	0.028111925354173155	-0.015118926828037227	28.25012361955527	-40.558794505561075	-9.067787357216732	-15.049602640285286	44.201030745114004	-39.33859335214947	13.405806666298306	-15.049602640284974	44.20103074511294	3.4306150788792525e-15	0.0	3.4306150788792525e-15	6.313549661062795	6.359116179144562	-0.05460126941533931	-3.2994258908898306	1.6406067818858754	0.06849797238254185	1.161878838103893	0.0	0.0	0.0	0.0	0.0	0.0	0.0	0.0	0.0	0.0	0.0	0.0	0.0	0.0	0.0	0.0	0.0	0.0	0.0	0.0	0.0	0.0	0.0	0.0	0.0	0.0	0.0	0.0	0.0	0.0	0.0	0.0	0.0	0.0	0.0	0.0	0.0	0.0	0.0	0.0	0.0	0.0	0.0	0.0	0.0	0.0	0.0	0.0	27361.01640084514	1584.038208653096	-35.14188395595555	27406.853713730034	-27328.338473327905	-1749.7059565626228	1125.8845241478077	27407.42911345244	0.0	0.0	0.0	0.0	0.0	0.0	0.0	0.0	0.0	0.0	0.0	0.0	0.0	0.0	0.0	0.0	0.0	0.0	0.0	0.0	0.0	0.0	0.0	0.0	0.0	0.0	0.0	0.0	27368.016661719495	1028.4739326431427	-1049.3216773886193	27407.42911345244	0.0	0.0	0.0	0.0	0.0	0.0	0.0	0.0	0.0	0.0	0.0	0.0	0.0	0.0	0.0	0.0	0.0	0.0	0.0	0.0	0.0	0.0	0.0	0.0	0.0	0.0	0.0	0.0	0.0	0.0	0.0	0.0	0.0	0.0	0.0	0.0	0.0	0.0	0.0	0.0	0.0	0.0	0.0	0.0	0.0	0.0	0.0	0.0	0.0	0.0	0.0	0.0	0.0	0.0	0.0	0.0	0.0	0.0	0.0	0.0	0.0	0.0	0.0	0.0	0.0	0.0	0.0	0.0	0.0	0.0	0.0	0.0	0.0	0.0	0.0	0.0	0.0	0.0	0.0	0.0	0.0	0.0	0.0	0.0	0.0	0.0	0.0	0.0	0.0	0.0	0.0	0.0	0.0	0.0	0.0	0.0	0.0	0.0	0.0	0.0	29.68112339663323	-0.918876603366769	0.11891352161626184	-0.4665181915108055	30.028639788446124	-0.22454451982619245	0.04359171316388349	-0.22965034553764943	-0.0015766459663907899
32.0	32.4204	2600.0	2598.520070411598	0.02882642079011812	-0.014244925875931224	28.250240884532293	-40.92591198309584	-8.43782242884845	-9.701207293988885	42.89802491898465	-39.07081686696984	14.818852463551591	-9.701207293988531	42.89802491898362	5.5871349107030956e-15	0.0	5.5871349107030956e-15	6.328568966248535	6.373145913395183	-0.05340472045179124	-3.2630464734649616	1.6350090943908708	0.06709342344862014	1.1553415166483783	0.0	0.0	0.0	0.0	0.0	0.0	0.0	0.0	0.0	0.0	0.0	0.0	0.0	0.0	0.0	0.0	0.0	0.0	0.0	0.0	0.0	0.0	0.0	0.0	0.0	0.0	0.0	0.0	0.0	0.0	0.0	0.0	0.0	0.0	0.0	0.0	0.0	0.0	0.0	0.0	0.0	0.0	0.0	0.0	0.0	0.0	0.0	0.0	27465.871061459817	1734.5157379060902	-36.12866903244525	27520.60906467198	-27430.69503509921	-1899.865035794392	1166.9739077097147	27521.161773517593	0.0	0.0	0.0	0.0	0.0	0.0	0.0	0.0	0.0	0.0	0.0	0.0	0.0	0.0	0.0	0.0	0.0	0.0	0.0	0.0	0.0	0.0	0.0	0.0	0.0	0.0	0.0	0.0	27474.54708865566	1179.770308288225	-1082.473859753717	27521.161773517593	0.0	0.0	0.0	0.0	0.0	0.0	0.0	0.0	0.0	0.0	0.0	0.0	0.0	0.0	0.0	0.0	0.0	0.0	0.0	0.0	0.0	0.0	0.0	0.0	0.0	0.0	0.0	0.0	0.0	0.0	0.0	0.0	0.0	0.0	0.0	0.0	0.0	0.0	0.0	0.0	0.0	0.0	0.0	0.0	0.0	0.0	0.0	0.0	0.0	0.0	0.0	0.0	0.0	0.0	0.0	0.0	0.0	0.0	0.0	0.0	0.0	0.0	0.0	0.0	0.0	0.0	0.0	0.0	0.0	0.0	0.0	0.0	0.0	0.0	0.0	0.0	0.0	0.0	0.0	0.0	0.0	0.0	0.0	0.0	0.0	0.0	0.0	0.0	0.0	0.0	0.0	0.0	0.0	0.0	0.0	0.0	0.0	0.0	0.0	0.0	29.683125142220526	-0.9168748577794761	0.11898126634178804	-0.4636145532630719	30.009867266132826	-0.2245198532532044	0.043598295863048225	-0.23056751495798683	-0.0016123670346332604
33.0	33.4203	2600.0	2598.52781895007	0.02953010095996733	-0.013374044678581951	28.250357807358647	-42.85039164011778	-9.435578528169572	-7.022218187172911	44.43532101989353	-40.96208592740914	15.72557542184222	-7.022218187172528	44.43532101989086	-2.2989532391545875e-15	0.0	-2.2989532391545875e-15	6.341722988447518	6.385110152470406	-0.05200014900823446	-3.2256688424956645	1.6292977630248204	0.06568718465298229	1.148786681346262	0.0	0.0	0.0	0.0	0.0	0.0	0.0	0.0	0.0	0.0	0.0	0.0	0.0	0.0	0.0	0.0	0.0	0.0	0.0	0.0	0.0	0.0	0.0	0.0	0.0	0.0	0.0	0.0	0.0	0.0	0.0	0.0	0.0	0.0	0.0	0.0	0.0	0.0	0.0	0.0	0.0	0.0	0.0	0.0	0.0	0.0	0.0	0.0	27575.06095919382	1878.812441674529	-32.20081950012084	27639.011559515333	-27537.766128529176	-2044.3122884655193	1200.535779115491	27639.62847505871	0.0	0.0	0.0	0.0	0.0	0.0	0.0	0.0	0.0	0.0	0.0	0.0	0.0	0.0	0.0	0.0	0.0	0.0	0.0	0.0	0.0	0.0	0.0	0.0	0.0	0.0	0.0	0.0	27585.59401905342	1324.8231017663284	-1108.5615022480915	27639.62847505871	0.0	0.0	0.0	0.0	0.0	0.0	0.0	0.0	0.0	0.0	0.0	0.0	0.0	0.0	0.0	0.0	0.0	0.0	0.0	0.0	0.0	0.0	0.0	0.0	0.0	0.0	0.0	0.0	0.0	0.0	0.0	0.0	0.0	0.0	0.0	0.0	0.0	0.0	0.0	0.0	0.0	0.0	0.0	0.0	0.0	0.0	0.0	0.0	0.0	0.0	0.0	0.0	0.0	0.0	0.0	0.0	0.0	0.0	0.0	0.0	0.0	0.0	0.0	0.0	0.0	0.0	0.0	0.0	0.0	0.0	0.0	0.0	0.0	0.0	0.0	0.0	0.0	0.0	0.0	0.0	0.0	0.0	0.0	0.0	0.0	0.0	0.0	0.0	0.0	0.0	0.0	0.0	0.0	0.0	0.0	0.0	0.0	0.0	0.0	0.0	29.68514296484092	-0.9148570351590772	0.11905462886078584	-0.46070149307404934	29.99058282732716	-0.22449152768433653	0.043609078520271675	-0.23148191401047374	-0.00168976329437942
34.0	34.4202	2600.0	2598.4015312921497	0.030187620911673	-0.012487049273628028	28.250473988708404	-40.8019657566674	-7.372250238295236	-22.478139073081955	47.163727793433786	-37.82534242835027	16.98216574416801	-22.478139073081543	47.163727793434056	-2.6459669655401505e-15	0.0	-2.6459669655401505e-15	6.3529998183185565	6.39525037809986	-0.0506418204504791	-3.1873026694207063	1.6234289374039081	0.06428550550141328	1.1421464118051217	0.0	0.0	0.0	0.0	0.0	0.0	0.0	0.0	0.0	0.0	0.0	0.0	0.0	0.0	0.0	0.0	0.0	0.0	0.0	0.0	0.0	0.0	0.0	0.0	0.0	0.0	0.0	0.0	0.0	0.0	0.0	0.0	0.0	0.0	0.0	0.0	0.0	0.0	0.0	0.0	0.0	0.0	0.0	0.0	0.0	0.0	0.0	0.0	27632.18662976882	2037.1552616940235	-39.04435841338185	27707.2059934694	-27591.789664452426	-2201.715134149321	1246.5752685230873	27707.550529042062	0.0	0.0	0.0	0.0	0.0	0.0	0.0	0.0	0.0	0.0	0.0	0.0	0.0	0.0	0.0	0.0	0.0	0.0	0.0	0.0	0.0	0.0	0.0	0.0	0.0	0.0	0.0	0.0	27643.956456163916	1485.0479633504638	-1146.5863751508027	27707.550529042062	0.0	0.0	0.0	0.0	0.0	0.0	0.0	0.0	0.0	0.0	0.0	0.0	0.0	0.0	0.0	0.0	0.0	0.0	0.0	0.0	0.0	0.0	0.0	0.0	0.0	0.0	0.0	0.0	0.0	0.0	0.0	0.0	0.0	0.0	0.0	0.0	0.0	0.0	0.0	0.0	0.0	0.0	0.0	0.0	0.0	0.0	0.0	0.0	0.0	0.0	0.0	0.0	0.0	0.0	0.0	0.0	0.0	0.0	0.0	0.0	0.0	0.0	0.0	0.0	0.0	0.0	0.0	0.0	0.0	0.0	0.0	0.0	0.0	0.0	0.0	0.0	0.0	0.0	0.0	0.0	0.0	0.0	0.0	0.0	0.0	0.0	0.0	0.0	0.0	0.0	0.0	0.0	0.0	0.0	0.0	0.0	0.0	0.0	0.0	0.0	29.68719455155417	-0.9128054484458304	0.1191206244791609	-0.4577495647413386	29.970790082729597	-0.2244590325126167	0.04362414879826509	-0.2324055303012214	-0.00175141436570916
35.0	35.4201	2600.0	2598.444480147353	0.030773923445437546	-0.01157017877361986	28.250588940502542	-42.302666706560096	-4.88955713589894	-20.746125325867652	47.36903097497496	-37.3073004027592	20.532625651132545	-20.746125325867165	47.369030974971956	2.824722148727535e-15	0.0	2.824722148727535e-15	6.362288905726244	6.403443079339869	-0.04931716763917538	-3.147961159204406	1.6173773177061137	0.06289014258664394	1.1353784861992051	0.0	0.0	0.0	0.0	0.0	0.0	0.0	0.0	0.0	0.0	0.0	0.0	0.0	0.0	0.0	0.0	0.0	0.0	0.0	0.0	0.0	0.0	0.0	0.0	0.0	0.0	0.0	0.0	0.0	0.0	0.0	0.0	0.0	0.0	0.0	0.0	0.0	0.0	0.0	0.0	0.0	0.0	0.0	0.0	0.0	0.0	0.0	0.0	27681.380661576513	2182.2741525885194	-42.82044209872386	27767.300722223976	-27637.933845509688	-2344.764465117492	1307.5046238647374	27768.01894242862	0.0	0.0	0.0	0.0	0.0	0.0	0.0	0.0	0.0	0.0	0.0	0.0	0.0	0.0	0.0	0.0	0.0	0.0	0.0	0.0	0.0	0.0	0.0	0.0	0.0	0.0	0.0	0.0	27694.008916481922	1632.0164827122471	-1200.528350789663	27768.01894242862	0.0	0.0	0.0	0.0	0.0	0.0	0.0	0.0	0.0	0.0	0.0	0.0	0.0	0.0	0.0	0.0	0.0	0.0	0.0	0.0	0.0	0.0	0.0	0.0	0.0	0.0	0.0	0.0	0.0	0.0	0.0	0.0	0.0	0.0	0.0	0.0	0.0	0.0	0.0	0.0	0.0	0.0	0.0	0.0	0.0	0.0	0.0	0.0	0.0	0.0	0.0	0.0	0.0	0.0	0.0	0.0	0.0	0.0	0.0	0.0	0.0	0.0	0.0	0.0	0.0	0.0	0.0	0.0	0.0	0.0	0.0	0.0	0.0	0.0	0.0	0.0	0.0	0.0	0.0	0.0	0.0	0.0	0.0	0.0	0.0	0.0	0.0	0.0	0.0	0.0	0.0	0.0	0.0	0.0	0.0	0.0	0.0	0.0	0.0	0.0	29.689292141155107	-0.9107078588448908	0.11917032872521992	-0.454740603786086	29.950450414068147	-0.22442172748069433	0.04364161863084012	-0.2333446912669524	-0.00180022431078844
36.0	36.4201	2600.0	2598.520587339586	0.03129491716655775	-0.010629061720677508	28.25070223423085	-42.817221141302966	-9.427642448463303	-19.73360162242434	48.07920445880795	-40.05161803200281	17.834314156087206	-19.733601622423915	48.07920445880938	-6.028634945929439e-15	0.0	-6.028634945929439e-15	6.369565737875987	6.4096497340983145	-0.048012581615431565	-3.1076623619812334	1.6111876703173191	0.061493114347361925	1.128523302349055	0.0	0.0	0.0	0.0	0.0	0.0	0.0	0.0	0.0	0.0	0.0	0.0	0.0	0.0	0.0	0.0	0.0	0.0	0.0	0.0	0.0	0.0	0.0	0.0	0.0	0.0	0.0	0.0	0.0	0.0	0.0	0.0	0.0	0.0	0.0	0.0	0.0	0.0	0.0	0.0	0.0	0.0	0.0	0.0	0.0	0.0	0.0	0.0	27737.936983160045	2328.982142994864	-39.240442618624336	27835.567997015678	-27693.05064305841	-2493.7165325640144	1316.3462312757558	27836.24334324542	0.0	0.0	0.0	0.0	0.0	0.0	0.0	0.0	0.0	0.0	0.0	0.0	0.0	0.0	0.0	0.0	0.0	0.0	0.0	0.0	0.0	0.0	0.0	0.0	0.0	0.0	0.0	0.0	27753.12472290656	1781.7835866218074	-1202.3971180987548	27836.24334324542	0.0	0.0	0.0	0.0	0.0	0.0	0.0	0.0	0.0	0.0	0.0	0.0	0.0	0.0	0.0	0.0	0.0	0.0	0.0	0.0	0.0	0.0	0.0	0.0	0.0	0.0	0.0	0.0	0.0	0.0	0.0	0.0	0.0	0.0	0.0	0.0	0.0	0.0	0.0	0.0	0.0	0.0	0.0	0.0	0.0	0.0	0.0	0.0	0.0	0.0	0.0	0.0	0.0	0.0	0.0	0.0	0.0	0.0	0.0	0.0	0.0	0.0	0.0	0.0	0.0	0.0	0.0	0.0	0.0	0.0	0.0	0.0	0.0	0.0	0.0	0.0	0.0	0.0	0.0	0.0	0.0	0.0	0.0	0.0	0.0	0.0	0.0	0.0	0.0	0.0	0.0	0.0	0.0	0.0	0.0	0.0	0.0	0.0	0.0	0.0	29.69142867248809	-0.9085713275119147	0.11921511323884336	-0.4516923030122843	29.929560617639005	-0.22437930376885398	0.04365916714445959	-0.23428908476715898	-0.0018393534254645895
37.0	37.42	2600.0	2598.4848309309045	0.03175555665434721	-0.009680539721913564	28.25081282064225	-43.4975454273026	-8.852661221524617	-21.61386539540576	49.3717049152048	-39.92519995658587	19.400630848766006	-21.61386539540529	49.37170491520576	-1.038854774769027e-15	0.0	-1.038854774769027e-15	6.37495221849388	6.413888642512282	-0.04662470598533602	-3.06641730642528	1.6049974465528571	0.060088241332373386	1.1217017396555635	0.0	0.0	0.0	0.0	0.0	0.0	0.0	0.0	0.0	0.0	0.0	0.0	0.0	0.0	0.0	0.0	0.0	0.0	0.0	0.0	0.0	0.0	0.0	0.0	0.0	0.0	0.0	0.0	0.0	0.0	0.0	0.0	0.0	0.0	0.0	0.0	0.0	0.0	0.0	0.0	0.0	0.0	0.0	0.0	0.0	0.0	0.0	0.0	27776.603774981373	2476.4838463618257	-39.35153046751334	27886.81118479757	-27729.19269246369	-2640.435703972133	1352.7484167826021	27887.45159317538	0.0	0.0	0.0	0.0	0.0	0.0	0.0	0.0	0.0	0.0	0.0	0.0	0.0	0.0	0.0	0.0	0.0	0.0	0.0	0.0	0.0	0.0	0.0	0.0	0.0	0.0	0.0	0.0	27793.19859670535	1931.3188693923582	-1232.1020860808624	27887.45159317538	0.0	0.0	0.0	0.0	0.0	0.0	0.0	0.0	0.0	0.0	0.0	0.0	0.0	0.0	0.0	0.0	0.0	0.0	0.0	0.0	0.0	0.0	0.0	0.0	0.0	0.0	0.0	0.0	0.0	0.0	0.0	0.0	0.0	0.0	0.0	0.0	0.0	0.0	0.0	0.0	0.0	0.0	0.0	0.0	0.0	0.0	0.0	0.0	0.0	0.0	0.0	0.0	0.0	0.0	0.0	0.0	0.0	0.0	0.0	0.0	0.0	0.0	0.0	0.0	0.0	0.0	0.0	0.0	0.0	0.0	0.0	0.0	0.0	0.0	0.0	0.0	0.0	0.0	0.0	0.0	0.0	0.0	0.0	0.0	0.0	0.0	0.0	0.0	0.0	0.0	0.0	0.0	0.0	0.0	0.0	0.0	0.0	0.0	0.0	0.0	29.693585850453584	-0.9064141495464212	0.11926813993999888	-0.44865717898792185	29.908179623323317	-0.22433083279652866	0.043675626896265536	-0.23520569310758105	-0.0018922429132356199
38.0	38.42	2600.0	2598.470228008602	0.03216056491695267	-0.00870443863081084	28.250921738629252	-43.13693870201769	-7.8724587276265074	-33.89292376882698	55.42112745694849	-38.68888529534705	20.638343964645173	-33.89292376882648	55.4211274569456	0.0	0.0	0.0	6.378454883400416	6.4161854253251835	-0.04517191458862984	-3.024212903982407	1.5992655468744277	0.0586831339741407	1.1153920787147131	0.0	0.0	0.0	0.0	0.0	0.0	0.0	0.0	0.0	0.0	0.0	0.0	0.0	0.0	0.0	0.0	0.0	0.0	0.0	0.0	0.0	0.0	0.0	0.0	0.0	0.0	0.0	0.0	0.0	0.0	0.0	0.0	0.0	0.0	0.0	0.0	0.0	0.0	0.0	0.0	0.0	0.0	0.0	0.0	0.0	0.0	0.0	0.0	27806.744143517226	2491.7633735257923	-42.13144639661334	27918.196210204016	-27757.672995263987	-2655.433337994978	1386.7060918711759	27918.859040257634	0.0	0.0	0.0	0.0	0.0	0.0	0.0	0.0	0.0	0.0	0.0	0.0	0.0	0.0	0.0	0.0	0.0	0.0	0.0	0.0	0.0	0.0	0.0	0.0	0.0	0.0	0.0	0.0	27821.921057086023	1949.1751397354133	-1266.53664679932	27918.859040257634	0.0	0.0	0.0	0.0	0.0	0.0	0.0	0.0	0.0	0.0	0.0	0.0	0.0	0.0	0.0	0.0	0.0	0.0	0.0	0.0	0.0	0.0	0.0	0.0	0.0	0.0	0.0	0.0	0.0	0.0	0.0	0.0	0.0	0.0	0.0	0.0	0.0	0.0	0.0	0.0	0.0	0.0	0.0	0.0	0.0	0.0	0.0	0.0	0.0	0.0	0.0	0.0	0.0	0.0	0.0	0.0	0.0	0.0	0.0	0.0	0.0	0.0	0.0	0.0	0.0	0.0	0.0	0.0	0.0	0.0	0.0	0.0	0.0	0.0	0.0	0.0	0.0	0.0	0.0	0.0	0.0	0.0	0.0	0.0	0.0	0.0	0.0	0.0	0.0	0.0	0.0	0.0	0.0	0.0	0.0	0.0	0.0	0.0	0.0	0.0	29.69578236827748	-0.9042176317225206	0.1193278846369949	-0.44584498306448067	29.88631662056013	-0.22427800196209505	0.04369051343687689	-0.23586509839827324	-0.00195228043268808
39.0	39.42	2600.0	2598.5531930743086	0.032519102676609825	-0.007678522475443399	28.251030296264023	-43.95187543290648	-7.1155884958971	-40.16264229179896	59.96196118850409	-38.47173764114813	22.412593704946627	-40.162642291798434	59.96196118850103	0.0	0.0	0.0	6.379959675289046	6.416658368630745	-0.04388569342578089	-2.9810329363171597	1.5945306485689412	0.0572837115958201	1.1101567266066745	0.0	0.0	0.0	0.0	0.0	0.0	0.0	0.0	0.0	0.0	0.0	0.0	0.0	0.0	0.0	0.0	0.0	0.0	0.0	0.0	0.0	0.0	0.0	0.0	0.0	0.0	0.0	0.0	0.0	0.0	0.0	0.0	0.0	0.0	0.0	0.0	0.0	0.0	0.0	0.0	0.0	0.0	0.0	0.0	0.0	0.0	0.0	0.0	27837.379330191154	2492.308693920329	-61.97107975185508	27948.794804310804	-27786.346222479875	-2655.0316333669753	1431.0715637617302	27949.565205747098	0.0	0.0	0.0	0.0	0.0	0.0	0.0	0.0	0.0	0.0	0.0	0.0	0.0	0.0	0.0	0.0	0.0	0.0	0.0	0.0	0.0	0.0	0.0	0.0	0.0	0.0	0.0	0.0	27850.44179605076	1951.643860637971	-1312.315966652607	27949.565205747098	0.0	0.0	0.0	0.0	0.0	0.0	0.0	0.0	0.0	0.0	0.0	0.0	0.0	0.0	0.0	0.0	0.0	0.0	0.0	0.0	0.0	0.0	0.0	0.0	0.0	0.0	0.0	0.0	0.0	0.0	0.0	0.0	0.0	0.0	0.0	0.0	0.0	0.0	0.0	0.0	0.0	0.0	0.0	0.0	0.0	0.0	0.0	0.0	0.0	0.0	0.0	0.0	0.0	0.0	0.0	0.0	0.0	0.0	0.0	0.0	0.0	0.0	0.0	0.0	0.0	0.0	0.0	0.0	0.0	0.0	0.0	0.0	0.0	0.0	0.0	0.0	0.0	0.0	0.0	0.0	0.0	0.0	0.0	0.0	0.0	0.0	0.0	0.0	0.0	0.0	0.0	0.0	0.0	0.0	0.0	0.0	0.0	0.0	0.0	0.0	29.698038976830837	-0.9019610231691608	0.11939378996625909	-0.4435025752352261	29.863929104907296	-0.2242251185690081	0.04370598505287676	-0.23599620210099553	-0.00196593975462949
40.0	40.42	2600.0	2598.4243113338953	0.03283231886909217	-0.006610074135522909	28.25113783436777	-51.379808236391	-8.542827796652999	-63.63645903811293	82.23419921225599	-44.655099717818295	26.81019713398564	-63.63645903811231	82.23419921225482	0.0	0.0	0.0	6.379550210129017	6.415273855502614	-0.04264983129158425	-2.936891977786163	1.5906043132286576	0.055893826614397124	1.1058171959881147	0.0	0.0	0.0	0.0	0.0	0.0	0.0	0.0	0.0	0.0	0.0	0.0	0.0	0.0	0.0	0.0	0.0	0.0	0.0	0.0	0.0	0.0	0.0	0.0	0.0	0.0	0.0	0.0	0.0	0.0	0.0	0.0	0.0	0.0	0.0	0.0	0.0	0.0	0.0	0.0	0.0	0.0	0.0	0.0	0.0	0.0	0.0	0.0	27834.97566553642	2489.5574619609138	-81.11105467421618	27946.20449471808	-27781.5040044901	-2651.141160835313	1473.9435083720646	27946.610235805812	0.0	0.0	0.0	0.0	0.0	0.0	0.0	0.0	0.0	0.0	0.0	0.0	0.0	0.0	0.0	0.0	0.0	0.0	0.0	0.0	0.0	0.0	0.0	0.0	0.0	0.0	0.0	0.0	27845.387824869977	1951.00404410526	-1356.8285722648868	27946.610235805812	0.0	0.0	0.0	0.0	0.0	0.0	0.0	0.0	0.0	0.0	0.0	0.0	0.0	0.0	0.0	0.0	0.0	0.0	0.0	0.0	0.0	0.0	0.0	0.0	0.0	0.0	0.0	0.0	0.0	0.0	0.0	0.0	0.0	0.0	0.0	0.0	0.0	0.0	0.0	0.0	0.0	0.0	0.0	0.0	0.0	0.0	0.0	0.0	0.0	0.0	0.0	0.0	0.0	0.0	0.0	0.0	0.0	0.0	0.0	0.0	0.0	0.0	0.0	0.0	0.0	0.0	0.0	0.0	0.0	0.0	0.0	0.0	0.0	0.0	0.0	0.0	0.0	0.0	0.0	0.0	0.0	0.0	0.0	0.0	0.0	0.0	0.0	0.0	0.0	0.0	0.0	0.0	0.0	0.0	0.0	0.0	0.0	0.0	0.0	0.0	29.70034695156649	-0.8996530484335034	0.1194591503787688	-0.4415525380070212	29.841057345073335	-0.2241722428088764	0.043721855319658824	-0.23568490491124985	-0.0019844995492370103
41.0	41.42	2600.0	2598.528740614396	0.03309641000414801	-0.005510756498312869	28.251243261963115	-42.5197032298056	-5.569134252888033	-55.343110255935485	70.01285790394549	-35.56906864234952	23.953742400575713	-55.3431102559349	70.01285790394415	0.0	0.0	0.0	6.3772011616939634	6.411835937188471	-0.041294516085471605	-2.8918105920702337	1.5873297278977123	0.05451040347573262	1.1022210230153704	0.0	0.0	0.0	0.0	0.0	0.0	0.0	0.0	0.0	0.0	0.0	0.0	0.0	0.0	0.0	0.0	0.0	0.0	0.0	0.0	0.0	0.0	0.0	0.0	0.0	0.0	0.0	0.0	0.0	0.0	0.0	0.0	0.0	0.0	0.0	0.0	0.0	0.0	0.0	0.0	0.0	0.0	0.0	0.0	0.0	0.0	0.0	0.0	27894.957939577915	2493.146335778769	-80.80815343195441	28006.26692474542	-27840.471427688353	-2655.1230185013064	1500.4406893184478	28007.01429680553	0.0	0.0	0.0	0.0	0.0	0.0	0.0	0.0	0.0	0.0	0.0	0.0	0.0	0.0	0.0	0.0	0.0	0.0	0.0	0.0	0.0	0.0	0.0	0.0	0.0	0.0	0.0	0.0	27904.350665307837	1955.2219017347302	-1384.619472627957	28007.01429680553	0.0	0.0	0.0	0.0	0.0	0.0	0.0	0.0	0.0	0.0	0.0	0.0	0.0	0.0	0.0	0.0	0.0	0.0	0.0	0.0	0.0	0.0	0.0	0.0	0.0	0.0	0.0	0.0	0.0	0.0	0.0	0.0	0.0	0.0	0.0	0.0	0.0	0.0	0.0	0.0	0.0	0.0	0.0	0.0	0.0	0.0	0.0	0.0	0.0	0.0	0.0	0.0	0.0	0.0	0.0	0.0	0.0	0.0	0.0	0.0	0.0	0.0	0.0	0.0	0.0	0.0	0.0	0.0	0.0	0.0	0.0	0.0	0.0	0.0	0.0	0.0	0.0	0.0	0.0	0.0	0.0	0.0	0.0	0.0	0.0	0.0	0.0	0.0	0.0	0.0	0.0	0.0	0.0	0.0	0.0	0.0	0.0	0.0	0.0	0.0	29.702693173009916	-0.8973068269900857	0.11951947528520722	-0.4399281747742083	29.817698860394398	-0.2241193699740798	0.04373485165571594	-0.23501075574173003	-0.00203002526586826
42.0	42.42	2600.0	2598.547464741096	0.033299456148386815	-0.0044004740179453	28.251344704612194	-42.57465740550649	-6.483552988800511	-60.25123976313673	74.05977184376025	-35.80300220199205	23.932884194742655	-60.25123976313615	74.05977184375959	0.0	0.0	0.0	6.372880147323857	6.406460391169474	-0.039968869075777756	-2.8458057692736403	1.5846005460795975	0.05313148258332088	1.0992455508808874	0.0	0.0	0.0	0.0	0.0	0.0	0.0	0.0	0.0	0.0	0.0	0.0	0.0	0.0	0.0	0.0	0.0	0.0	0.0	0.0	0.0	0.0	0.0	0.0	0.0	0.0	0.0	0.0	0.0	0.0	0.0	0.0	0.0	0.0	0.0	0.0	0.0	0.0	0.0	0.0	0.0	0.0	0.0	0.0	0.0	0.0	0.0	0.0	27921.718203739572	2493.9250925554575	-79.31930946021563	28032.985951717186	-27866.091285526076	-2656.2123816563862	1522.2143977418677	28033.759013418618	0.0	0.0	0.0	0.0	0.0	0.0	0.0	0.0	0.0	0.0	0.0	0.0	0.0	0.0	0.0	0.0	0.0	0.0	0.0	0.0	0.0	0.0	0.0	0.0	0.0	0.0	0.0	0.0	27929.912526324624	1956.9146868112553	-1407.8762739767105	28033.759013418618	0.0	0.0	0.0	0.0	0.0	0.0	0.0	0.0	0.0	0.0	0.0	0.0	0.0	0.0	0.0	0.0	0.0	0.0	0.0	0.0	0.0	0.0	0.0	0.0	0.0	0.0	0.0	0.0	0.0	0.0	0.0	0.0	0.0	0.0	0.0	0.0	0.0	0.0	0.0	0.0	0.0	0.0	0.0	0.0	0.0	0.0	0.0	0.0	0.0	0.0	0.0	0.0	0.0	0.0	0.0	0.0	0.0	0.0	0.0	0.0	0.0	0.0	0.0	0.0	0.0	0.0	0.0	0.0	0.0	0.0	0.0	0.0	0.0	0.0	0.0	0.0	0.0	0.0	0.0	0.0	0.0	0.0	0.0	0.0	0.0	0.0	0.0	0.0	0.0	0.0	0.0	0.0	0.0	0.0	0.0	0.0	0.0	0.0	0.0	0.0	29.70505622896162	-0.8949437710383776	0.11957079021883424	-0.4385760439837382	29.793847111024686	-0.22406650258296015	0.0437467474544105	-0.2340484175521463	-0.00206638149435517
43.0	43.42	2600.0	2598.526920650529	0.03344212655087464	-0.00327761256349523	28.251442011399014	-42.659629546338685	-7.026738191707409	-67.40830397159662	80.08182369909433	-35.8149355654059	24.217956831482297	-67.40830397159604	80.08182369909423	-3.654638156419505e-15	0.0	-3.654638156419505e-15	6.366609354633135	6.399175603504262	-0.038679999875145504	-2.798899084850928	1.582312557643317	0.05175356453823466	1.0967895741549607	0.0	0.0	0.0	0.0	0.0	0.0	0.0	0.0	0.0	0.0	0.0	0.0	0.0	0.0	0.0	0.0	0.0	0.0	0.0	0.0	0.0	0.0	0.0	0.0	0.0	0.0	0.0	0.0	0.0	0.0	0.0	0.0	0.0	0.0	0.0	0.0	0.0	0.0	0.0	0.0	0.0	0.0	0.0	0.0	0.0	0.0	0.0	0.0	27953.782347567416	2494.317784297266	-79.62483083903031	28064.95873608082	-27896.785410326254	-2656.8245368201196	1548.020270685249	28065.739249264276	0.0	0.0	0.0	0.0	0.0	0.0	0.0	0.0	0.0	0.0	0.0	0.0	0.0	0.0	0.0	0.0	0.0	0.0	0.0	0.0	0.0	0.0	0.0	0.0	0.0	0.0	0.0	0.0	27960.549764238483	1957.9161466829876	-1435.2494040391578	28065.739249264276	0.0	0.0	0.0	0.0	0.0	0.0	0.0	0.0	0.0	0.0	0.0	0.0	0.0	0.0	0.0	0.0	0.0	0.0	0.0	0.0	0.0	0.0	0.0	0.0	0.0	0.0	0.0	0.0	0.0	0.0	0.0	0.0	0.0	0.0	0.0	0.0	0.0	0.0	0.0	0.0	0.0	0.0	0.0	0.0	0.0	0.0	0.0	0.0	0.0	0.0	0.0	0.0	0.0	0.0	0.0	0.0	0.0	0.0	0.0	0.0	0.0	0.0	0.0	0.0	0.0	0.0	0.0	0.0	0.0	0.0	0.0	0.0	0.0	0.0	0.0	0.0	0.0	0.0	0.0	0.0	0.0	0.0	0.0	0.0	0.0	0.0	0.0	0.0	0.0	0.0	0.0	0.0	0.0	0.0	0.0	0.0	0.0	0.0	0.0	0.0	29.7074362118637	-0.892563788136293	0.11961097585457045	-0.4374519403379205	29.769517953104707	-0.2240136775676367	0.04375806849888615	-0.23284184304760638	-0.00209190169083829
44.0	44.42	2600.0	2598.5030419693767	0.033533810859460916	-0.0021406321454555894	28.251535457297056	-43.05828290365843	-6.284783847680955	-69.5907798286069	82.07551932078894	-35.15224622830465	25.648271281468624	-69.59077982860629	82.07551932078604	7.524431904415121e-15	0.0	7.524431904415121e-15	6.358518243353436	6.3898747881764475	-0.03719267224772866	-2.7511139831507294	1.58029304258683	0.050375354438142346	1.094683779325438	0.0	0.0	0.0	0.0	0.0	0.0	0.0	0.0	0.0	0.0	0.0	0.0	0.0	0.0	0.0	0.0	0.0	0.0	0.0	0.0	0.0	0.0	0.0	0.0	0.0	0.0	0.0	0.0	0.0	0.0	0.0	0.0	0.0	0.0	0.0	0.0	0.0	0.0	0.0	0.0	0.0	0.0	0.0	0.0	0.0	0.0	0.0	0.0	27983.079115218414	2497.5808024016	-82.00237537408327	28094.436300140722	-27924.021274486087	-2659.603299346627	1587.0316674311916	28095.250904045624	0.0	0.0	0.0	0.0	0.0	0.0	0.0	0.0	0.0	0.0	0.0	0.0	0.0	0.0	0.0	0.0	0.0	0.0	0.0	0.0	0.0	0.0	0.0	0.0	0.0	0.0	0.0	0.0	27987.812335231203	1961.615261200529	-1475.6522680435323	28095.250904045624	0.0	0.0	0.0	0.0	0.0	0.0	0.0	0.0	0.0	0.0	0.0	0.0	0.0	0.0	0.0	0.0	0.0	0.0	0.0	0.0	0.0	0.0	0.0	0.0	0.0	0.0	0.0	0.0	0.0	0.0	0.0	0.0	0.0	0.0	0.0	0.0	0.0	0.0	0.0	0.0	0.0	0.0	0.0	0.0	0.0	0.0	0.0	0.0	0.0	0.0	0.0	0.0	0.0	0.0	0.0	0.0	0.0	0.0	0.0	0.0	0.0	0.0	0.0	0.0	0.0	0.0	0.0	0.0	0.0	0.0	0.0	0.0	0.0	0.0	0.0	0.0	0.0	0.0	0.0	0.0	0.0	0.0	0.0	0.0	0.0	0.0	0.0	0.0	0.0	0.0	0.0	0.0	0.0	0.0	0.0	0.0	0.0	0.0	0.0	0.0	29.709833136851586	-0.8901668631484155	0.11964855466819108	-0.43648165199131095	29.744772409103064	-0.22396084090113783	0.04376533474795966	-0.23146504580138874	-0.0021587990272658804
45.0	45.42	2600.0	2598.467759364519	0.033589891796127855	-0.0009890301702068418	28.251625598160274	-43.476434297597734	-6.313827037742158	-69.96197967165973	82.61200488230259	-35.013453617977575	26.53531263877448	-69.9619796716591	82.61200488230152	-9.340829439515343e-15	0.0	-9.340829439515343e-15	6.3484058249591335	6.378666728663153	-0.0358172923921535	-2.702473342103456	1.5785536879184003	0.04898753003644693	1.0929299579891136	0.0	0.0	0.0	0.0	0.0	0.0	0.0	0.0	0.0	0.0	0.0	0.0	0.0	0.0	0.0	0.0	0.0	0.0	0.0	0.0	0.0	0.0	0.0	0.0	0.0	0.0	0.0	0.0	0.0	0.0	0.0	0.0	0.0	0.0	0.0	0.0	0.0	0.0	0.0	0.0	0.0	0.0	0.0	0.0	0.0	0.0	0.0	0.0	28012.533045035118	2499.5064589416575	-81.50855504878393	28123.943247383042	-27951.622295861176	-2661.3948121530625	1620.3448524828452	28124.752954605785	0.0	0.0	0.0	0.0	0.0	0.0	0.0	0.0	0.0	0.0	0.0	0.0	0.0	0.0	0.0	0.0	0.0	0.0	0.0	0.0	0.0	0.0	0.0	0.0	0.0	0.0	0.0	0.0	28015.41493670109	1963.825759653402	-1510.5108631832336	28124.752954605785	0.0	0.0	0.0	0.0	0.0	0.0	0.0	0.0	0.0	0.0	0.0	0.0	0.0	0.0	0.0	0.0	0.0	0.0	0.0	0.0	0.0	0.0	0.0	0.0	0.0	0.0	0.0	0.0	0.0	0.0	0.0	0.0	0.0	0.0	0.0	0.0	0.0	0.0	0.0	0.0	0.0	0.0	0.0	0.0	0.0	0.0	0.0	0.0	0.0	0.0	0.0	0.0	0.0	0.0	0.0	0.0	0.0	0.0	0.0	0.0	0.0	0.0	0.0	0.0	0.0	0.0	0.0	0.0	0.0	0.0	0.0	0.0	0.0	0.0	0.0	0.0	0.0	0.0	0.0	0.0	0.0	0.0	0.0	0.0	0.0	0.0	0.0	0.0	0.0	0.0	0.0	0.0	0.0	0.0	0.0	0.0	0.0	0.0	0.0	0.0	29.7122459404107	-0.8877540595893016	0.11970041212571905	-0.4356653305774584	29.719531676709973	-0.22390798314121094	0.043775101649454196	-0.22991893933475183	-0.0021971894480178993
46.0	46.42	2600.0	2598.6548766499563	0.03361041960847726	0.00017497904367328227	28.251712135687633	-39.83035317192844	-12.127704836148045	-62.97310707176032	75.49271801084305	-36.24317234682714	20.493187078434854	-62.97310707175983	75.49271801084438	1.3000652544085529e-14	0.0	1.3000652544085529e-14	6.336208587298174	6.3655444850267955	-0.03461112787140851	-2.6529951566188443	1.5770452383433364	0.047588759937145036	1.0914850335916724	0.0	0.0	0.0	0.0	0.0	0.0	0.0	0.0	0.0	0.0	0.0	0.0	0.0	0.0	0.0	0.0	0.0	0.0	0.0	0.0	0.0	0.0	0.0	0.0	0.0	0.0	0.0	0.0	0.0	0.0	0.0	0.0	0.0	0.0	0.0	0.0	0.0	0.0	0.0	0.0	0.0	0.0	0.0	0.0	0.0	0.0	0.0	0.0	28040.251621158026	2500.125741755189	-74.0030633134585	28151.586387907562	-27981.12515386856	-2665.205247755901	1585.2279372106123	28152.435622908986	0.0	0.0	0.0	0.0	0.0	0.0	0.0	0.0	0.0	0.0	0.0	0.0	0.0	0.0	0.0	0.0	0.0	0.0	0.0	0.0	0.0	0.0	0.0	0.0	0.0	0.0	0.0	0.0	28044.930969325353	1964.640483849623	-1477.04644376188	28152.435622908986	0.0	0.0	0.0	0.0	0.0	0.0	0.0	0.0	0.0	0.0	0.0	0.0	0.0	0.0	0.0	0.0	0.0	0.0	0.0	0.0	0.0	0.0	0.0	0.0	0.0	0.0	0.0	0.0	0.0	0.0	0.0	0.0	0.0	0.0	0.0	0.0	0.0	0.0	0.0	0.0	0.0	0.0	0.0	0.0	0.0	0.0	0.0	0.0	0.0	0.0	0.0	0.0	0.0	0.0	0.0	0.0	0.0	0.0	0.0	0.0	0.0	0.0	0.0	0.0	0.0	0.0	0.0	0.0	0.0	0.0	0.0	0.0	0.0	0.0	0.0	0.0	0.0	0.0	0.0	0.0	0.0	0.0	0.0	0.0	0.0	0.0	0.0	0.0	0.0	0.0	0.0	0.0	0.0	0.0	0.0	0.0	0.0	0.0	0.0	0.0	29.714670898930027	-0.8853291010699705	0.11976213159571164	-0.43498419265348104	29.69377498320964	-0.22385511491205493	0.04378877214662258	-0.22822595416624344	-0.002193988295715759
47.0	47.42	2600.0	2598.452993048832	0.03358384675589184	0.00133373839171232	28.251793454714193	-42.4972154438201	-8.804228909051742	-74.66283956225057	86.36010293335582	-35.237247632780054	25.335037920391187	-74.66283956224994	86.36010293335573	5.12883106101708e-15	0.0	5.12883106101708e-15	6.3224539526210135	6.350463999498256	-0.033003465077016375	-2.602685608184441	1.5757157724823392	0.046188352243543083	1.0902875729448136	0.0	0.0	0.0	0.0	0.0	0.0	0.0	0.0	0.0	0.0	0.0	0.0	0.0	0.0	0.0	0.0	0.0	0.0	0.0	0.0	0.0	0.0	0.0	0.0	0.0	0.0	0.0	0.0	0.0	0.0	0.0	0.0	0.0	0.0	0.0	0.0	0.0	0.0	0.0	0.0	0.0	0.0	0.0	0.0	0.0	0.0	0.0	0.0	28067.0434169644	2502.5746502287698	-86.79201168046357	28178.526201755547	-28004.05563516252	-2665.843375482566	1655.3816259502564	28179.321163708257	0.0	0.0	0.0	0.0	0.0	0.0	0.0	0.0	0.0	0.0	0.0	0.0	0.0	0.0	0.0	0.0	0.0	0.0	0.0	0.0	0.0	0.0	0.0	0.0	0.0	0.0	0.0	0.0	28067.876707958527	1967.20041852468	-1548.7287908510782	28179.321163708257	0.0	0.0	0.0	0.0	0.0	0.0	0.0	0.0	0.0	0.0	0.0	0.0	0.0	0.0	0.0	0.0	0.0	0.0	0.0	0.0	0.0	0.0	0.0	0.0	0.0	0.0	0.0	0.0	0.0	0.0	0.0	0.0	0.0	0.0	0.0	0.0	0.0	0.0	0.0	0.0	0.0	0.0	0.0	0.0	0.0	0.0	0.0	0.0	0.0	0.0	0.0	0.0	0.0	0.0	0.0	0.0	0.0	0.0	0.0	0.0	0.0	0.0	0.0	0.0	0.0	0.0	0.0	0.0	0.0	0.0	0.0	0.0	0.0	0.0	0.0	0.0	0.0	0.0	0.0	0.0	0.0	0.0	0.0	0.0	0.0	0.0	0.0	0.0	0.0	0.0	0.0	0.0	0.0	0.0	0.0	0.0	0.0	0.0	0.0	0.0	29.717088838326344	-0.8829111616736539	0.119826982673952	-0.4344118301924904	29.667731709530678	-0.2238022275398052	0.04380003101676212	-0.2264317720383727	-0.002277707260398181
48.0	48.4201	2600.0	2598.55546001591	0.03350636189220984	0.0024828790192215305	28.251868991305187	-41.87949400183787	-10.420246512036103	-76.92477242725242	88.20370835858402	-35.58857829306361	24.411608924856417	-76.92477242725182	88.20370835858392	0.0	0.0	0.0	6.306452597413758	6.33341648910419	-0.031675389429324026	-2.5515692885628227	1.5745242303931393	0.04477860322211524	1.089297657791419	0.0	0.0	0.0	0.0	0.0	0.0	0.0	0.0	0.0	0.0	0.0	0.0	0.0	0.0	0.0	0.0	0.0	0.0	0.0	0.0	0.0	0.0	0.0	0.0	0.0	0.0	0.0	0.0	0.0	0.0	0.0	0.0	0.0	0.0	0.0	0.0	0.0	0.0	0.0	0.0	0.0	0.0	0.0	0.0	0.0	0.0	0.0	0.0	28096.920282713367	2504.9308321449425	-80.27429584369764	28208.47482246343	-28033.316239489013	-2669.176913616653	1665.7511636526447	28209.32561616093	0.0	0.0	0.0	0.0	0.0	0.0	0.0	0.0	0.0	0.0	0.0	0.0	0.0	0.0	0.0	0.0	0.0	0.0	0.0	0.0	0.0	0.0	0.0	0.0	0.0	0.0	0.0	0.0	28097.180765789868	1969.4023453476768	-1560.7495427711688	28209.32561616093	0.0	0.0	0.0	0.0	0.0	0.0	0.0	0.0	0.0	0.0	0.0	0.0	0.0	0.0	0.0	0.0	0.0	0.0	0.0	0.0	0.0	0.0	0.0	0.0	0.0	0.0	0.0	0.0	0.0	0.0	0.0	0.0	0.0	0.0	0.0	0.0	0.0	0.0	0.0	0.0	0.0	0.0	0.0	0.0	0.0	0.0	0.0	0.0	0.0	0.0	0.0	0.0	0.0	0.0	0.0	0.0	0.0	0.0	0.0	0.0	0.0	0.0	0.0	0.0	0.0	0.0	0.0	0.0	0.0	0.0	0.0	0.0	0.0	0.0	0.0	0.0	0.0	0.0	0.0	0.0	0.0	0.0	0.0	0.0	0.0	0.0	0.0	0.0	0.0	0.0	0.0	0.0	0.0	0.0	0.0	0.0	0.0	0.0	0.0	0.0	29.719493871221335	-0.8805061287786554	0.11988979212420875	-0.43393075206389314	29.641116349198352	-0.22374933903568275	0.04381639562299583	-0.2245594559059418	-0.00229378109135636
49.0	49.4201	2600.0	2598.520522847851	0.033378577587378756	0.00362856596060627	28.251938906055365	-40.769752024229106	-11.464414737900372	-67.95172052528969	80.06898155807148	-35.22824970960574	23.506933185715752	-67.9517205252891	80.06898155807302	0.0	0.0	0.0	6.288616411288615	6.314439311772977	-0.030253173521968067	-2.499658210810759	1.5734226845521053	0.04336633988955544	1.0884766382423539	0.0	0.0	0.0	0.0	0.0	0.0	0.0	0.0	0.0	0.0	0.0	0.0	0.0	0.0	0.0	0.0	0.0	0.0	0.0	0.0	0.0	0.0	0.0	0.0	0.0	0.0	0.0	0.0	0.0	0.0	0.0	0.0	0.0	0.0	0.0	0.0	0.0	0.0	0.0	0.0	0.0	0.0	0.0	0.0	0.0	0.0	0.0	0.0	28125.572608307444	2507.196793861056	-79.00147819713276	28237.211468944286	-28060.77520656351	-2672.095755728504	1684.659708358011	28238.011248210038	0.0	0.0	0.0	0.0	0.0	0.0	0.0	0.0	0.0	0.0	0.0	0.0	0.0	0.0	0.0	0.0	0.0	0.0	0.0	0.0	0.0	0.0	0.0	0.0	0.0	0.0	0.0	0.0	28124.683205777616	1971.5270426118327	-1581.314310609124	28238.011248210038	0.0	0.0	0.0	0.0	0.0	0.0	0.0	0.0	0.0	0.0	0.0	0.0	0.0	0.0	0.0	0.0	0.0	0.0	0.0	0.0	0.0	0.0	0.0	0.0	0.0	0.0	0.0	0.0	0.0	0.0	0.0	0.0	0.0	0.0	0.0	0.0	0.0	0.0	0.0	0.0	0.0	0.0	0.0	0.0	0.0	0.0	0.0	0.0	0.0	0.0	0.0	0.0	0.0	0.0	0.0	0.0	0.0	0.0	0.0	0.0	0.0	0.0	0.0	0.0	0.0	0.0	0.0	0.0	0.0	0.0	0.0	0.0	0.0	0.0	0.0	0.0	0.0	0.0	0.0	0.0	0.0	0.0	0.0	0.0	0.0	0.0	0.0	0.0	0.0	0.0	0.0	0.0	0.0	0.0	0.0	0.0	0.0	0.0	0.0	0.0	29.721890642504693	-0.8781093574953119	0.11994620982758819	-0.4335244088391661	29.61410874605536	-0.22369645909420008	0.043833526509346014	-0.22262097943003048	-0.0023273627053747594
50.0	50.4202	2600.0	2598.5482916885885	0.033200939279374946	0.0047730775730284785	28.252003163616	-41.223964266853734	-12.275629480074711	-71.19401523613158	83.17868786203258	-35.72725365826408	23.951401943202654	-71.19401523613101	83.17868786203138	3.631029776771081e-15	0.0	3.631029776771081e-15	6.268872110612887	6.293548867195339	-0.02882717065880947	-2.446970910437166	1.5723705253425586	0.041951438816347955	1.0877911764240085	0.0	0.0	0.0	0.0	0.0	0.0	0.0	0.0	0.0	0.0	0.0	0.0	0.0	0.0	0.0	0.0	0.0	0.0	0.0	0.0	0.0	0.0	0.0	0.0	0.0	0.0	0.0	0.0	0.0	0.0	0.0	0.0	0.0	0.0	0.0	0.0	0.0	0.0	0.0	0.0	0.0	0.0	0.0	0.0	0.0	0.0	0.0	0.0	28154.903696010333	2509.328455550438	-79.0523534996673	28266.616010835907	-28088.867131463303	-2674.7626337585248	1706.2368628149354	28267.473465238785	0.0	0.0	0.0	0.0	0.0	0.0	0.0	0.0	0.0	0.0	0.0	0.0	0.0	0.0	0.0	0.0	0.0	0.0	0.0	0.0	0.0	0.0	0.0	0.0	0.0	0.0	0.0	0.0	28152.814407813858	1973.415698109783	-1604.5957464797395	28267.473465238785	0.0	0.0	0.0	0.0	0.0	0.0	0.0	0.0	0.0	0.0	0.0	0.0	0.0	0.0	0.0	0.0	0.0	0.0	0.0	0.0	0.0	0.0	0.0	0.0	0.0	0.0	0.0	0.0	0.0	0.0	0.0	0.0	0.0	0.0	0.0	0.0	0.0	0.0	0.0	0.0	0.0	0.0	0.0	0.0	0.0	0.0	0.0	0.0	0.0	0.0	0.0	0.0	0.0	0.0	0.0	0.0	0.0	0.0	0.0	0.0	0.0	0.0	0.0	0.0	0.0	0.0	0.0	0.0	0.0	0.0	0.0	0.0	0.0	0.0	0.0	0.0	0.0	0.0	0.0	0.0	0.0	0.0	0.0	0.0	0.0	0.0	0.0	0.0	0.0	0.0	0.0	0.0	0.0	0.0	0.0	0.0	0.0	0.0	0.0	0.0	29.724279923086893	-0.8757200769131085	0.11999191822768959	-0.4331783256392384	29.586683548000636	-0.22364358057514436	0.0438530291802354	-0.2206299840357224	-0.00235844644077006
51.0	51.4202	2600.0	2598.6107667789524	0.03297787352462719	0.005916360344814858	28.25206184459046	-41.0970833449228	-13.09203814819921	-63.34909131515802	76.63862663689676	-35.86288652489747	23.9629942293468	-63.349091315157445	76.63862663689595	0.0	0.0	0.0	6.247220526455103	6.270725598794655	-0.02737772962445473	-2.3935293934335977	1.5713028729528105	0.04053175755843006	1.0871761098149992	0.0	0.0	0.0	0.0	0.0	0.0	0.0	0.0	0.0	0.0	0.0	0.0	0.0	0.0	0.0	0.0	0.0	0.0	0.0	0.0	0.0	0.0	0.0	0.0	0.0	0.0	0.0	0.0	0.0	0.0	0.0	0.0	0.0	0.0	0.0	0.0	0.0	0.0	0.0	0.0	0.0	0.0	0.0	0.0	0.0	0.0	0.0	0.0	28184.065522179622	2511.6439150188708	-78.62703293639375	28295.866954816458	-28116.84875814001	-2677.688202313219	1726.6416705436914	28296.792921732056	0.0	0.0	0.0	0.0	0.0	0.0	0.0	0.0	0.0	0.0	0.0	0.0	0.0	0.0	0.0	0.0	0.0	0.0	0.0	0.0	0.0	0.0	0.0	0.0	0.0	0.0	0.0	0.0	28180.841163341076	1975.462427000255	-1626.7234495870591	28296.792921732056	0.0	0.0	0.0	0.0	0.0	0.0	0.0	0.0	0.0	0.0	0.0	0.0	0.0	0.0	0.0	0.0	0.0	0.0	0.0	0.0	0.0	0.0	0.0	0.0	0.0	0.0	0.0	0.0	0.0	0.0	0.0	0.0	0.0	0.0	0.0	0.0	0.0	0.0	0.0	0.0	0.0	0.0	0.0	0.0	0.0	0.0	0.0	0.0	0.0	0.0	0.0	0.0	0.0	0.0	0.0	0.0	0.0	0.0	0.0	0.0	0.0	0.0	0.0	0.0	0.0	0.0	0.0	0.0	0.0	0.0	0.0	0.0	0.0	0.0	0.0	0.0	0.0	0.0	0.0	0.0	0.0	0.0	0.0	0.0	0.0	0.0	0.0	0.0	0.0	0.0	0.0	0.0	0.0	0.0	0.0	0.0	0.0	0.0	0.0	0.0	29.726660143208935	-0.8733398567910626	0.1200322821404861	-0.43286385339272576	29.558846766488745	-0.22359070585007704	0.04387327883866058	-0.21861655312911346	-0.0023910622574119093
52.0	52.4202	2600.0	2598.53902489918	0.032717415098857124	0.007048560536260899	28.25211483222778	-40.38825016403643	-13.780415903773246	-71.55386015802742	83.31305730381223	-35.552445553514175	23.60369100285607	-71.55386015802684	83.31305730381261	-1.8650382707568564e-15	0.0	-1.8650382707568564e-15	6.2236773350125585	6.245984051382346	-0.025904179998893696	-2.33935157614211	1.5702619441663646	0.039102524553206154	1.0866560728878734	0.0	0.0	0.0	0.0	0.0	0.0	0.0	0.0	0.0	0.0	0.0	0.0	0.0	0.0	0.0	0.0	0.0	0.0	0.0	0.0	0.0	0.0	0.0	0.0	0.0	0.0	0.0	0.0	0.0	0.0	0.0	0.0	0.0	0.0	0.0	0.0	0.0	0.0	0.0	0.0	0.0	0.0	0.0	0.0	0.0	0.0	0.0	0.0	28210.896462060264	2513.750690579609	-78.9209912788055	28322.779705571596	-28142.325394665004	-2680.411789765714	1747.2109752082254	28323.626748243416	0.0	0.0	0.0	0.0	0.0	0.0	0.0	0.0	0.0	0.0	0.0	0.0	0.0	0.0	0.0	0.0	0.0	0.0	0.0	0.0	0.0	0.0	0.0	0.0	0.0	0.0	0.0	0.0	28206.35943765918	1977.309445609541	-1649.0502732444977	28323.626748243416	0.0	0.0	0.0	0.0	0.0	0.0	0.0	0.0	0.0	0.0	0.0	0.0	0.0	0.0	0.0	0.0	0.0	0.0	0.0	0.0	0.0	0.0	0.0	0.0	0.0	0.0	0.0	0.0	0.0	0.0	0.0	0.0	0.0	0.0	0.0	0.0	0.0	0.0	0.0	0.0	0.0	0.0	0.0	0.0	0.0	0.0	0.0	0.0	0.0	0.0	0.0	0.0	0.0	0.0	0.0	0.0	0.0	0.0	0.0	0.0	0.0	0.0	0.0	0.0	0.0	0.0	0.0	0.0	0.0	0.0	0.0	0.0	0.0	0.0	0.0	0.0	0.0	0.0	0.0	0.0	0.0	0.0	0.0	0.0	0.0	0.0	0.0	0.0	0.0	0.0	0.0	0.0	0.0	0.0	0.0	0.0	0.0	0.0	0.0	0.0	29.729019912515977	-0.8709800874840213	0.12008465365069429	-0.4325912741423853	29.530610731365314	-0.22353783147514622	0.04389278111056538	-0.21658182179038074	-0.00242528318781322
53.0	53.4203	2600.0	2598.576091732372	0.032411684380789625	0.00816104165627671	28.252161233796972	-41.67312437598594	-11.13986364370794	-72.46473684389828	84.33198647673508	-33.780337535494255	26.82600703133357	-72.46473684389764	84.33198647673618	3.8906868665565427e-14	0.0	3.8906868665565427e-14	6.198401438321755	6.219296544225411	-0.024220486139832673	-2.284449616178001	1.5692443544095693	0.037667597567151816	1.0862253692113497	0.0	0.0	0.0	0.0	0.0	0.0	0.0	0.0	0.0	0.0	0.0	0.0	0.0	0.0	0.0	0.0	0.0	0.0	0.0	0.0	0.0	0.0	0.0	0.0	0.0	0.0	0.0	0.0	0.0	0.0	0.0	0.0	0.0	0.0	0.0	0.0	0.0	0.0	0.0	0.0	0.0	0.0	0.0	0.0	0.0	0.0	0.0	0.0	28240.88948007801	2516.606801755704	-86.84534276780106	28352.930898483566	-28169.09227928571	-2682.459604287924	1803.0281579290001	28353.91083970314	0.0	0.0	0.0	0.0	0.0	0.0	0.0	0.0	0.0	0.0	0.0	0.0	0.0	0.0	0.0	0.0	0.0	0.0	0.0	0.0	0.0	0.0	0.0	0.0	0.0	0.0	0.0	0.0	28233.17890879988	1979.7784892969607	-1706.5596218269973	28353.91083970314	0.0	0.0	0.0	0.0	0.0	0.0	0.0	0.0	0.0	0.0	0.0	0.0	0.0	0.0	0.0	0.0	0.0	0.0	0.0	0.0	0.0	0.0	0.0	0.0	0.0	0.0	0.0	0.0	0.0	0.0	0.0	0.0	0.0	0.0	0.0	0.0	0.0	0.0	0.0	0.0	0.0	0.0	0.0	0.0	0.0	0.0	0.0	0.0	0.0	0.0	0.0	0.0	0.0	0.0	0.0	0.0	0.0	0.0	0.0	0.0	0.0	0.0	0.0	0.0	0.0	0.0	0.0	0.0	0.0	0.0	0.0	0.0	0.0	0.0	0.0	0.0	0.0	0.0	0.0	0.0	0.0	0.0	0.0	0.0	0.0	0.0	0.0	0.0	0.0	0.0	0.0	0.0	0.0	0.0	0.0	0.0	0.0	0.0	0.0	0.0	29.731349111613277	-0.8686508883867249	0.12014255977381963	-0.432358316340508	29.50204824479134	-0.22348495904204796	0.04390860138662749	-0.21453819688852008	-0.0025029975933672298
54.0	54.4203	2600.0	2598.603914609045	0.0320621343171324	0.009255624531128902	28.252201131211603	-40.38334066897551	-14.214546767820138	-62.56979700016022	75.81455691384298	-35.057209801743724	24.57355457229642	-62.5697970001596	75.81455691384267	2.185216424173618e-14	0.0	2.185216424173618e-14	6.170915017229791	6.190742927585636	-0.02288488402880469	-2.2288476162693738	1.5682167130418099	0.03622205779876506	1.085860164991656	0.0	0.0	0.0	0.0	0.0	0.0	0.0	0.0	0.0	0.0	0.0	0.0	0.0	0.0	0.0	0.0	0.0	0.0	0.0	0.0	0.0	0.0	0.0	0.0	0.0	0.0	0.0	0.0	0.0	0.0	0.0	0.0	0.0	0.0	0.0	0.0	0.0	0.0	0.0	0.0	0.0	0.0	0.0	0.0	0.0	0.0	0.0	0.0	28270.350655082428	2518.9768838308664	-79.48066804345464	28382.464443370427	-28198.53403486511	-2686.4799500052773	1800.7268505464986	28383.395029973162	0.0	0.0	0.0	0.0	0.0	0.0	0.0	0.0	0.0	0.0	0.0	0.0	0.0	0.0	0.0	0.0	0.0	0.0	0.0	0.0	0.0	0.0	0.0	0.0	0.0	0.0	0.0	0.0	28262.67619867481	1981.7595821235514	-1706.1290909622508	28383.395029973162	0.0	0.0	0.0	0.0	0.0	0.0	0.0	0.0	0.0	0.0	0.0	0.0	0.0	0.0	0.0	0.0	0.0	0.0	0.0	0.0	0.0	0.0	0.0	0.0	0.0	0.0	0.0	0.0	0.0	0.0	0.0	0.0	0.0	0.0	0.0	0.0	0.0	0.0	0.0	0.0	0.0	0.0	0.0	0.0	0.0	0.0	0.0	0.0	0.0	0.0	0.0	0.0	0.0	0.0	0.0	0.0	0.0	0.0	0.0	0.0	0.0	0.0	0.0	0.0	0.0	0.0	0.0	0.0	0.0	0.0	0.0	0.0	0.0	0.0	0.0	0.0	0.0	0.0	0.0	0.0	0.0	0.0	0.0	0.0	0.0	0.0	0.0	0.0	0.0	0.0	0.0	0.0	0.0	0.0	0.0	0.0	0.0	0.0	0.0	0.0	29.733648104260407	-0.8663518957395946	0.12020042497474782	-0.43215459095723296	29.472962260761577	-0.22343207188413985	0.043927977961339494	-0.2124955672667944	-0.00249790912662566
55.0	55.4204	2600.0	2598.6393654682865	0.031667636485012245	0.010335865661048792	28.252234531398255	-39.32348676008587	-16.659393581576293	-54.39658012931111	69.15822391618424	-36.034396813782216	22.92148013858241	-54.39658012931054	69.158223916184	2.7666871129716585e-14	0.0	2.7666871129716585e-14	6.141581444219175	6.160288914530427	-0.02150031725558514	-2.1725575945799798	1.567158950882088	0.0347727986845177	1.0855492707086285	0.0	0.0	0.0	0.0	0.0	0.0	0.0	0.0	0.0	0.0	0.0	0.0	0.0	0.0	0.0	0.0	0.0	0.0	0.0	0.0	0.0	0.0	0.0	0.0	0.0	0.0	0.0	0.0	0.0	0.0	0.0	0.0	0.0	0.0	0.0	0.0	0.0	0.0	0.0	0.0	0.0	0.0	0.0	0.0	0.0	0.0	0.0	0.0	28298.367365484057	2521.2467693777194	-73.84240755161032	28410.556726772244	-28226.2738639157	-2690.1762694512013	1803.5936484058907	28411.48596342788	0.0	0.0	0.0	0.0	0.0	0.0	0.0	0.0	0.0	0.0	0.0	0.0	0.0	0.0	0.0	0.0	0.0	0.0	0.0	0.0	0.0	0.0	0.0	0.0	0.0	0.0	0.0	0.0	28290.46660039198	1983.657215588668	-1710.888141641061	28411.48596342788	0.0	0.0	0.0	0.0	0.0	0.0	0.0	0.0	0.0	0.0	0.0	0.0	0.0	0.0	0.0	0.0	0.0	0.0	0.0	0.0	0.0	0.0	0.0	0.0	0.0	0.0	0.0	0.0	0.0	0.0	0.0	0.0	0.0	0.0	0.0	0.0	0.0	0.0	0.0	0.0	0.0	0.0	0.0	0.0	0.0	0.0	0.0	0.0	0.0	0.0	0.0	0.0	0.0	0.0	0.0	0.0	0.0	0.0	0.0	0.0	0.0	0.0	0.0	0.0	0.0	0.0	0.0	0.0	0.0	0.0	0.0	0.0	0.0	0.0	0.0	0.0	0.0	0.0	0.0	0.0	0.0	0.0	0.0	0.0	0.0	0.0	0.0	0.0	0.0	0.0	0.0	0.0	0.0	0.0	0.0	0.0	0.0	0.0	0.0	0.0	29.73591899749295	-0.864081002507053	0.12025230039890408	-0.43197552403479306	29.443511489858157	-0.22337917682648678	0.043945846626396404	-0.21045646664275114	-0.00249984057638041
56.0	56.4204	2600.0	2598.746621837823	0.031227531300683342	0.01140404346627922	28.25226140957019	-39.6075582373851	-17.027062420602306	-61.254713263865604	74.90540315118349	-36.092290139906254	23.580206035141593	-61.25471326386503	74.90540315118278	0.0	0.0	0.0	6.110532903511288	6.127940221364473	-0.019940859529132857	-2.1155956378479974	1.5660617802660675	0.03332214034937093	1.0852902116198444	0.0	0.0	0.0	0.0	0.0	0.0	0.0	0.0	0.0	0.0	0.0	0.0	0.0	0.0	0.0	0.0	0.0	0.0	0.0	0.0	0.0	0.0	0.0	0.0	0.0	0.0	0.0	0.0	0.0	0.0	0.0	0.0	0.0	0.0	0.0	0.0	0.0	0.0	0.0	0.0	0.0	0.0	0.0	0.0	0.0	0.0	0.0	0.0	28328.5958312359	2523.038135421959	-76.60161950837443	28440.8321082633	-28255.627447154162	-2692.9237975067113	1818.6598414430096	28441.86781191467	0.0	0.0	0.0	0.0	0.0	0.0	0.0	0.0	0.0	0.0	0.0	0.0	0.0	0.0	0.0	0.0	0.0	0.0	0.0	0.0	0.0	0.0	0.0	0.0	0.0	0.0	0.0	0.0	28319.855579093502	1985.0057898477603	-1727.82424568713	28441.86781191467	0.0	0.0	0.0	0.0	0.0	0.0	0.0	0.0	0.0	0.0	0.0	0.0	0.0	0.0	0.0	0.0	0.0	0.0	0.0	0.0	0.0	0.0	0.0	0.0	0.0	0.0	0.0	0.0	0.0	0.0	0.0	0.0	0.0	0.0	0.0	0.0	0.0	0.0	0.0	0.0	0.0	0.0	0.0	0.0	0.0	0.0	0.0	0.0	0.0	0.0	0.0	0.0	0.0	0.0	0.0	0.0	0.0	0.0	0.0	0.0	0.0	0.0	0.0	0.0	0.0	0.0	0.0	0.0	0.0	0.0	0.0	0.0	0.0	0.0	0.0	0.0	0.0	0.0	0.0	0.0	0.0	0.0	0.0	0.0	0.0	0.0	0.0	0.0	0.0	0.0	0.0	0.0	0.0	0.0	0.0	0.0	0.0	0.0	0.0	0.0	29.73816263560169	-0.8618373643983119	0.12029266549413017	-0.431820230706745	29.413756810219702	-0.22332631686824156	0.04396130155289318	-0.20842092479210558	-0.0025373112441337297
57.0	57.4204	2600.0	2598.702814899389	0.030744497424750623	0.01245737185677108	28.252281743712437	-38.43774481437504	-15.379843223476202	-49.77183067101764	64.73974770060642	-33.65732591101187	24.107762577925307	-49.771830671017064	64.73974770060569	0.0	0.0	0.0	6.0776466044143955	6.093661992936958	-0.018295018683200655	-2.0579836181755984	1.564879906539058	0.031868420981390796	1.0850407967628288	0.0	0.0	0.0	0.0	0.0	0.0	0.0	0.0	0.0	0.0	0.0	0.0	0.0	0.0	0.0	0.0	0.0	0.0	0.0	0.0	0.0	0.0	0.0	0.0	0.0	0.0	0.0	0.0	0.0	0.0	0.0	0.0	0.0	0.0	0.0	0.0	0.0	0.0	0.0	0.0	0.0	0.0	0.0	0.0	0.0	0.0	0.0	0.0	28356.8826091605	2526.39319503155	-77.67600867926176	28469.30781469643	-28282.547815987655	-2696.985123799634	1838.851077860218	28470.29351812469	0.0	0.0	0.0	0.0	0.0	0.0	0.0	0.0	0.0	0.0	0.0	0.0	0.0	0.0	0.0	0.0	0.0	0.0	0.0	0.0	0.0	0.0	0.0	0.0	0.0	0.0	0.0	0.0	28346.850675704758	1987.908197537066	-1749.8259272378766	28470.29351812469	0.0	0.0	0.0	0.0	0.0	0.0	0.0	0.0	0.0	0.0	0.0	0.0	0.0	0.0	0.0	0.0	0.0	0.0	0.0	0.0	0.0	0.0	0.0	0.0	0.0	0.0	0.0	0.0	0.0	0.0	0.0	0.0	0.0	0.0	0.0	0.0	0.0	0.0	0.0	0.0	0.0	0.0	0.0	0.0	0.0	0.0	0.0	0.0	0.0	0.0	0.0	0.0	0.0	0.0	0.0	0.0	0.0	0.0	0.0	0.0	0.0	0.0	0.0	0.0	0.0	0.0	0.0	0.0	0.0	0.0	0.0	0.0	0.0	0.0	0.0	0.0	0.0	0.0	0.0	0.0	0.0	0.0	0.0	0.0	0.0	0.0	0.0	0.0	0.0	0.0	0.0	0.0	0.0	0.0	0.0	0.0	0.0	0.0	0.0	0.0	29.74037481845849	-0.8596251815415138	0.12032074986442022	-0.43167021516021536	29.383651137672032	-0.22327347209477727	0.04397508946979177	-0.2064115651031192	-0.0025897823281547296
58.0	58.4205	2600.0	2598.590039874175	0.030225809848519164	0.01348183646771527	28.252295400720982	-37.84045595303541	-11.603249419596978	-58.68290501762128	70.78289938349621	-29.701327282193226	26.160402548564885	-58.68290501762064	70.78289938349516	-1.4434784960662966e-15	0.0	-1.4434784960662966e-15	6.042858906136135	6.057558172485104	-0.016730880989509513	-1.9997418089460908	1.5636066789817737	0.030408272856563046	1.0847607104788328	0.0	0.0	0.0	0.0	0.0	0.0	0.0	0.0	0.0	0.0	0.0	0.0	0.0	0.0	0.0	0.0	0.0	0.0	0.0	0.0	0.0	0.0	0.0	0.0	0.0	0.0	0.0	0.0	0.0	0.0	0.0	0.0	0.0	0.0	0.0	0.0	0.0	0.0	0.0	0.0	0.0	0.0	0.0	0.0	0.0	0.0	0.0	0.0	28386.259987811038	2528.5212336896257	-79.56666616649008	28498.763246484687	-28310.38976030088	-2699.826655962465	1860.6744793903447	28499.637574373624	0.0	0.0	0.0	0.0	0.0	0.0	0.0	0.0	0.0	0.0	0.0	0.0	0.0	0.0	0.0	0.0	0.0	0.0	0.0	0.0	0.0	0.0	0.0	0.0	0.0	0.0	0.0	0.0	28374.728572966826	1989.6077040150838	-1773.5787169541354	28499.637574373624	0.0	0.0	0.0	0.0	0.0	0.0	0.0	0.0	0.0	0.0	0.0	0.0	0.0	0.0	0.0	0.0	0.0	0.0	0.0	0.0	0.0	0.0	0.0	0.0	0.0	0.0	0.0	0.0	0.0	0.0	0.0	0.0	0.0	0.0	0.0	0.0	0.0	0.0	0.0	0.0	0.0	0.0	0.0	0.0	0.0	0.0	0.0	0.0	0.0	0.0	0.0	0.0	0.0	0.0	0.0	0.0	0.0	0.0	0.0	0.0	0.0	0.0	0.0	0.0	0.0	0.0	0.0	0.0	0.0	0.0	0.0	0.0	0.0	0.0	0.0	0.0	0.0	0.0	0.0	0.0	0.0	0.0	0.0	0.0	0.0	0.0	0.0	0.0	0.0	0.0	0.0	0.0	0.0	0.0	0.0	0.0	0.0	0.0	0.0	0.0	29.742540043395667	-0.857459956604327	0.12035998304357505	-0.43150739898916024	29.35317262636409	-0.2232205955432017	0.04398982236721757	-0.20446193167994006	-0.0026183130455706702
59.0	59.4205	2600.0	2598.7247360206	0.02967217871893621	0.014478081972118561	28.252302457793345	-38.335855712033656	-8.542543760842818	-51.72956920940861	64.95045202052694	-26.85721307102539	28.65838434276156	-51.72956920940791	64.95045202052731	1.9514035473362394e-15	0.0	1.9514035473362394e-15	6.006224909940744	6.019560766724295	-0.015125677638767715	-1.9408872707969316	1.5622833998652237	0.028940522833298312	1.0844879464763357	0.0	0.0	0.0	0.0	0.0	0.0	0.0	0.0	0.0	0.0	0.0	0.0	0.0	0.0	0.0	0.0	0.0	0.0	0.0	0.0	0.0	0.0	0.0	0.0	0.0	0.0	0.0	0.0	0.0	0.0	0.0	0.0	0.0	0.0	0.0	0.0	0.0	0.0	0.0	0.0	0.0	0.0	0.0	0.0	0.0	0.0	0.0	0.0	28416.290668991758	2531.1096985165113	-79.64523840455101	28528.90525510142	-28339.426129375322	-2703.3328190482553	1877.644250054101	28529.92515942911	0.0	0.0	0.0	0.0	0.0	0.0	0.0	0.0	0.0	0.0	0.0	0.0	0.0	0.0	0.0	0.0	0.0	0.0	0.0	0.0	0.0	0.0	0.0	0.0	0.0	0.0	0.0	0.0	28403.81435838871	1991.7341780405702	-1792.4716067044812	28529.92515942911	0.0	0.0	0.0	0.0	0.0	0.0	0.0	0.0	0.0	0.0	0.0	0.0	0.0	0.0	0.0	0.0	0.0	0.0	0.0	0.0	0.0	0.0	0.0	0.0	0.0	0.0	0.0	0.0	0.0	0.0	0.0	0.0	0.0	0.0	0.0	0.0	0.0	0.0	0.0	0.0	0.0	0.0	0.0	0.0	0.0	0.0	0.0	0.0	0.0	0.0	0.0	0.0	0.0	0.0	0.0	0.0	0.0	0.0	0.0	0.0	0.0	0.0	0.0	0.0	0.0	0.0	0.0	0.0	0.0	0.0	0.0	0.0	0.0	0.0	0.0	0.0	0.0	0.0	0.0	0.0	0.0	0.0	0.0	0.0	0.0	0.0	0.0	0.0	0.0	0.0	0.0	0.0	0.0	0.0	0.0	0.0	0.0	0.0	0.0	0.0	29.744657551387697	-0.8553424486123016	0.12041111720401718	-0.4313483296893648	29.322349292598506	-0.22316771914491965	0.04400397993838095	-0.20255628244018983	-0.00265105753435254
60.0	60.4205	2600.0	2598.743235074099	0.029081427231402068	0.015450746686307358	28.25230296109131	-37.60214375628129	-5.323908412414312	-34.34748997638694	51.20561769503246	-23.191601634665854	30.073490477010637	-34.34748997638618	51.20561769503259	-6.9642789335266175e-15	0.0	-6.9642789335266175e-15	5.967738979111033	5.9796908069369525	-0.013506511161807311	-1.8814374642395553	1.5609051122310833	0.027466993240565712	1.0842269591157436	0.0	0.0	0.0	0.0	0.0	0.0	0.0	0.0	0.0	0.0	0.0	0.0	0.0	0.0	0.0	0.0	0.0	0.0	0.0	0.0	0.0	0.0	0.0	0.0	0.0	0.0	0.0	0.0	0.0	0.0	0.0	0.0	0.0	0.0	0.0	0.0	0.0	0.0	0.0	0.0	0.0	0.0	0.0	0.0	0.0	0.0	0.0	0.0	28450.846208762687	2534.1253159050902	-77.23830834886937	28563.585329360416	-28373.023696422115	-2707.457125881524	1892.1175291676666	28564.644344195873	0.0	0.0	0.0	0.0	0.0	0.0	0.0	0.0	0.0	0.0	0.0	0.0	0.0	0.0	0.0	0.0	0.0	0.0	0.0	0.0	0.0	0.0	0.0	0.0	0.0	0.0	0.0	0.0	28437.47282390648	1994.2443982034451	-1808.876773087617	28564.644344195873	0.0	0.0	0.0	0.0	0.0	0.0	0.0	0.0	0.0	0.0	0.0	0.0	0.0	0.0	0.0	0.0	0.0	0.0	0.0	0.0	0.0	0.0	0.0	0.0	0.0	0.0	0.0	0.0	0.0	0.0	0.0	0.0	0.0	0.0	0.0	0.0	0.0	0.0	0.0	0.0	0.0	0.0	0.0	0.0	0.0	0.0	0.0	0.0	0.0	0.0	0.0	0.0	0.0	0.0	0.0	0.0	0.0	0.0	0.0	0.0	0.0	0.0	0.0	0.0	0.0	0.0	0.0	0.0	0.0	0.0	0.0	0.0	0.0	0.0	0.0	0.0	0.0	0.0	0.0	0.0	0.0	0.0	0.0	0.0	0.0	0.0	0.0	0.0	0.0	0.0	0.0	0.0	0.0	0.0	0.0	0.0	0.0	0.0	0.0	0.0	29.746730634051556	-0.8532693659484423	0.12046529264656657	-0.4311951617885817	29.291183166589867	-0.22311484330779488	0.04401810099785423	-0.20068918310111178	-0.0026825119244834094
61.0	61.4206	2600.0	2598.5932495217994	0.028452654670781143	0.01640031893068506	28.252296879026357	-38.9305089902773	-3.6219109121702786	-34.46473029754415	52.1202494562355	-21.804034413491536	32.45438109397945	-34.464730297543326	52.12024945623702	-1.69734212514445e-14	0.0	-1.69734212514445e-14	5.927565786868482	5.93798202242647	-0.011742885980580728	-1.8214077927447354	1.559461637804147	0.025991603392988536	1.0839778148038968	0.0	0.0	0.0	0.0	0.0	0.0	0.0	0.0	0.0	0.0	0.0	0.0	0.0	0.0	0.0	0.0	0.0	0.0	0.0	0.0	0.0	0.0	0.0	0.0	0.0	0.0	0.0	0.0	0.0	0.0	0.0	0.0	0.0	0.0	0.0	0.0	0.0	0.0	0.0	0.0	0.0	0.0	0.0	0.0	0.0	0.0	0.0	0.0	28480.572205319666	2536.749837303367	-82.23826050555665	28593.440786498162	-28400.624559152497	-2710.594882971774	1921.4822141800328	28594.315761509995	0.0	0.0	0.0	0.0	0.0	0.0	0.0	0.0	0.0	0.0	0.0	0.0	0.0	0.0	0.0	0.0	0.0	0.0	0.0	0.0	0.0	0.0	0.0	0.0	0.0	0.0	0.0	0.0	28465.121579733313	1996.3883196731158	-1840.1578728500615	28594.315761509995	0.0	0.0	0.0	0.0	0.0	0.0	0.0	0.0	0.0	0.0	0.0	0.0	0.0	0.0	0.0	0.0	0.0	0.0	0.0	0.0	0.0	0.0	0.0	0.0	0.0	0.0	0.0	0.0	0.0	0.0	0.0	0.0	0.0	0.0	0.0	0.0	0.0	0.0	0.0	0.0	0.0	0.0	0.0	0.0	0.0	0.0	0.0	0.0	0.0	0.0	0.0	0.0	0.0	0.0	0.0	0.0	0.0	0.0	0.0	0.0	0.0	0.0	0.0	0.0	0.0	0.0	0.0	0.0	0.0	0.0	0.0	0.0	0.0	0.0	0.0	0.0	0.0	0.0	0.0	0.0	0.0	0.0	0.0	0.0	0.0	0.0	0.0	0.0	0.0	0.0	0.0	0.0	0.0	0.0	0.0	0.0	0.0	0.0	0.0	0.0	29.748758470921913	-0.8512415290780809	0.1205151510787654	-0.43104816756268866	29.259748189508052	-0.22306197235627923	0.044030212234497976	-0.1988612027413668	-0.00274226243550553
62.0	62.4206	2600.0	2598.6448968156374	0.02778264009075429	0.01733112191171486	28.252284163802333	-38.82632357313013	-3.0783076924817583	-36.011847896090586	53.04538216797159	-20.704221885456718	32.9893100348163	-36.01184789608976	53.0453821679754	2.119267111737644e-14	0.0	2.119267111737644e-14	5.885505231593302	5.894524931306204	-0.01012579838647758	-1.760818883640423	1.5579447532622452	0.024513584361448088	1.0837369189154118	0.0	0.0	0.0	0.0	0.0	0.0	0.0	0.0	0.0	0.0	0.0	0.0	0.0	0.0	0.0	0.0	0.0	0.0	0.0	0.0	0.0	0.0	0.0	0.0	0.0	0.0	0.0	0.0	0.0	0.0	0.0	0.0	0.0	0.0	0.0	0.0	0.0	0.0	0.0	0.0	0.0	0.0	0.0	0.0	0.0	0.0	0.0	0.0	28511.227922416503	2539.248726239103	-87.57044940748109	28624.21300789418	-28429.939300501774	-2713.927429584882	1943.5792619556705	28625.239755690658	0.0	0.0	0.0	0.0	0.0	0.0	0.0	0.0	0.0	0.0	0.0	0.0	0.0	0.0	0.0	0.0	0.0	0.0	0.0	0.0	0.0	0.0	0.0	0.0	0.0	0.0	0.0	0.0	28494.47635325657	1998.412301683913	-1864.2737719964525	28625.239755690658	0.0	0.0	0.0	0.0	0.0	0.0	0.0	0.0	0.0	0.0	0.0	0.0	0.0	0.0	0.0	0.0	0.0	0.0	0.0	0.0	0.0	0.0	0.0	0.0	0.0	0.0	0.0	0.0	0.0	0.0	0.0	0.0	0.0	0.0	0.0	0.0	0.0	0.0	0.0	0.0	0.0	0.0	0.0	0.0	0.0	0.0	0.0	0.0	0.0	0.0	0.0	0.0	0.0	0.0	0.0	0.0	0.0	0.0	0.0	0.0	0.0	0.0	0.0	0.0	0.0	0.0	0.0	0.0	0.0	0.0	0.0	0.0	0.0	0.0	0.0	0.0	0.0	0.0	0.0	0.0	0.0	0.0	0.0	0.0	0.0	0.0	0.0	0.0	0.0	0.0	0.0	0.0	0.0	0.0	0.0	0.0	0.0	0.0	0.0	0.0	29.750744079528467	-0.8492559204715314	0.12055417266965467	-0.43090593906648944	29.227963971757113	-0.22300909922063425	0.044043860120487534	-0.19707067675097037	-0.00276494671565148
63.0	63.4206	2600.0	2598.6519875594868	0.027071575589871947	0.01824156080048853	28.25226477758417	-37.914733997695286	-5.440213391604632	-30.38483383252629	48.89131929997821	-21.82972800213247	31.473575443771548	-30.3848338325255	48.891319299974434	-8.793963727355668e-15	0.0	-8.793963727355668e-15	5.841553324935477	5.84921993398444	-0.00856001085736372	-1.6996906910267284	1.5563416249446727	0.023032636648300332	1.0834913063480462	0.0	0.0	0.0	0.0	0.0	0.0	0.0	0.0	0.0	0.0	0.0	0.0	0.0	0.0	0.0	0.0	0.0	0.0	0.0	0.0	0.0	0.0	0.0	0.0	0.0	0.0	0.0	0.0	0.0	0.0	0.0	0.0	0.0	0.0	0.0	0.0	0.0	0.0	0.0	0.0	0.0	0.0	0.0	0.0	0.0	0.0	0.0	0.0	28538.27644181946	2541.2190066994344	-84.98981464326218	28651.321777159093	-28457.063891367063	-2717.485432378338	1940.5582182927133	28652.311924016158	0.0	0.0	0.0	0.0	0.0	0.0	0.0	0.0	0.0	0.0	0.0	0.0	0.0	0.0	0.0	0.0	0.0	0.0	0.0	0.0	0.0	0.0	0.0	0.0	0.0	0.0	0.0	0.0	28521.626178212522	1999.9531749833436	-1863.3319723802726	28652.311924016158	0.0	0.0	0.0	0.0	0.0	0.0	0.0	0.0	0.0	0.0	0.0	0.0	0.0	0.0	0.0	0.0	0.0	0.0	0.0	0.0	0.0	0.0	0.0	0.0	0.0	0.0	0.0	0.0	0.0	0.0	0.0	0.0	0.0	0.0	0.0	0.0	0.0	0.0	0.0	0.0	0.0	0.0	0.0	0.0	0.0	0.0	0.0	0.0	0.0	0.0	0.0	0.0	0.0	0.0	0.0	0.0	0.0	0.0	0.0	0.0	0.0	0.0	0.0	0.0	0.0	0.0	0.0	0.0	0.0	0.0	0.0	0.0	0.0	0.0	0.0	0.0	0.0	0.0	0.0	0.0	0.0	0.0	0.0	0.0	0.0	0.0	0.0	0.0	0.0	0.0	0.0	0.0	0.0	0.0	0.0	0.0	0.0	0.0	0.0	0.0	29.752684585052442	-0.8473154149475556	0.12058058862590193	-0.43076281551633	29.195833086040555	-0.2229562265432658	0.04405815193796967	-0.19532612277643463	-0.00277189708285563
64.0	64.4206	2600.0	2598.61448651849	0.02631707998091125	0.019096803787930546	28.25223753033698	-38.80987859192464	-6.269683101061674	-20.075588610532396	44.14232504713597	-22.41176805902069	32.29904418054139	-20.075588610531582	44.142325047138264	-2.0779947853726535e-15	0.0	-2.0779947853726535e-15	5.795680104997164	5.802119085535431	-0.007131235967705217	-1.638119824909812	1.5533702224316563	0.021549012184530994	1.081942133589547	0.0	0.0	0.0	0.0	0.0	0.0	0.0	0.0	0.0	0.0	0.0	0.0	0.0	0.0	0.0	0.0	0.0	0.0	0.0	0.0	0.0	0.0	0.0	0.0	0.0	0.0	0.0	0.0	0.0	0.0	0.0	0.0	0.0	0.0	0.0	0.0	0.0	0.0	0.0	0.0	0.0	0.0	0.0	0.0	0.0	0.0	0.0	0.0	28572.246044297517	2676.6892719872467	-83.13576810368245	28697.47063820407	-28488.834982132095	-2853.9806915875356	1960.023567919049	28698.442759388643	0.0	0.0	0.0	0.0	0.0	0.0	0.0	0.0	0.0	0.0	0.0	0.0	0.0	0.0	0.0	0.0	0.0	0.0	0.0	0.0	0.0	0.0	0.0	0.0	0.0	0.0	0.0	0.0	28556.98545785207	2135.5173654913506	-1881.1602684557702	28698.442759388643	0.0	0.0	0.0	0.0	0.0	0.0	0.0	0.0	0.0	0.0	0.0	0.0	0.0	0.0	0.0	0.0	0.0	0.0	0.0	0.0	0.0	0.0	0.0	0.0	0.0	0.0	0.0	0.0	0.0	0.0	0.0	0.0	0.0	0.0	0.0	0.0	0.0	0.0	0.0	0.0	0.0	0.0	0.0	0.0	0.0	0.0	0.0	0.0	0.0	0.0	0.0	0.0	0.0	0.0	0.0	0.0	0.0	0.0	0.0	0.0	0.0	0.0	0.0	0.0	0.0	0.0	0.0	0.0	0.0	0.0	0.0	0.0	0.0	0.0	0.0	0.0	0.0	0.0	0.0	0.0	0.0	0.0	0.0	0.0	0.0	0.0	0.0	0.0	0.0	0.0	0.0	0.0	0.0	0.0	0.0	0.0	0.0	0.0	0.0	0.0	29.754543918695017	-0.8454560813049845	0.1206058663138117	-0.43005243933908144	29.163347550927966	-0.22289901577914847	0.04406535113091129	-0.19423205880002614	-0.00272947145092201
65.0	65.4206	2600.0	2598.609747685015	0.025523358974632215	0.019894018227599737	28.25220273993803	-39.03458079056509	-6.082432893650548	-30.69610346284994	50.029443882606806	-21.76783956537474	32.96749380916662	-30.696103462849113	50.02944388261047	1.1122140952356353e-15	0.0	1.1122140952356353e-15	5.748268624544473	5.753098411110907	-0.005333339542585519	-1.5761336787251203	1.5487872115742305	0.020071856271488112	1.0788493853845535	0.0	0.0	0.0	0.0	0.0	0.0	0.0	0.0	0.0	0.0	0.0	0.0	0.0	0.0	0.0	0.0	0.0	0.0	0.0	0.0	0.0	0.0	0.0	0.0	0.0	0.0	0.0	0.0	0.0	0.0	0.0	0.0	0.0	0.0	0.0	0.0	0.0	0.0	0.0	0.0	0.0	0.0	0.0	0.0	0.0	0.0	0.0	0.0	28629.00080290254	2717.8933957057	-87.58780531304691	28757.856371896953	-28543.758989412156	-2896.2859920527785	1983.9620411023316	28758.8378620198	0.0	0.0	0.0	0.0	0.0	0.0	0.0	0.0	0.0	0.0	0.0	0.0	0.0	0.0	0.0	0.0	0.0	0.0	0.0	0.0	0.0	0.0	0.0	0.0	0.0	0.0	0.0	0.0	28612.880918822844	2177.21625381323	-1906.1820698292058	28758.8378620198	0.0	0.0	0.0	0.0	0.0	0.0	0.0	0.0	0.0	0.0	0.0	0.0	0.0	0.0	0.0	0.0	0.0	0.0	0.0	0.0	0.0	0.0	0.0	0.0	0.0	0.0	0.0	0.0	0.0	0.0	0.0	0.0	0.0	0.0	0.0	0.0	0.0	0.0	0.0	0.0	0.0	0.0	0.0	0.0	0.0	0.0	0.0	0.0	0.0	0.0	0.0	0.0	0.0	0.0	0.0	0.0	0.0	0.0	0.0	0.0	0.0	0.0	0.0	0.0	0.0	0.0	0.0	0.0	0.0	0.0	0.0	0.0	0.0	0.0	0.0	0.0	0.0	0.0	0.0	0.0	0.0	0.0	0.0	0.0	0.0	0.0	0.0	0.0	0.0	0.0	0.0	0.0	0.0	0.0	0.0	0.0	0.0	0.0	0.0	0.0	29.756318036299593	-0.8436819637004086	0.12063066245467867	-0.42867079654236123	29.130673216440226	-0.22283361332213583	0.04405458977673686	-0.19390006848507885	-0.0027536606022967106
66.0	66.4206	2600.0	2598.6645011459173	0.02470364116486045	0.02065950796168857	28.25216214989454	-38.71060696543645	-6.358716314636695	-27.110871355517588	47.685885862149476	-21.312777388360697	32.934934109496666	-27.11087135551675	47.68588586215093	-1.2236525505153604e-14	0.0	-1.2236525505153604e-14	5.69904559178231	5.702312522837709	-0.003590523452408264	-1.513666007294717	1.54408520295991	0.018595545575992283	1.0756943399515697	0.0	0.0	0.0	0.0	0.0	0.0	0.0	0.0	0.0	0.0	0.0	0.0	0.0	0.0	0.0	0.0	0.0	0.0	0.0	0.0	0.0	0.0	0.0	0.0	0.0	0.0	0.0	0.0	0.0	0.0	0.0	0.0	0.0	0.0	0.0	0.0	0.0	0.0	0.0	0.0	0.0	0.0	0.0	0.0	0.0	0.0	0.0	0.0	28691.21277580513	2745.487698106441	-88.41234917309646	28822.408122682322	-28604.734017941915	-2925.1525150166062	2000.719652789639	28823.431520247028	0.0	0.0	0.0	0.0	0.0	0.0	0.0	0.0	0.0	0.0	0.0	0.0	0.0	0.0	0.0	0.0	0.0	0.0	0.0	0.0	0.0	0.0	0.0	0.0	0.0	0.0	0.0	0.0	28674.445304884357	2205.1327629936886	-1924.5208643029928	28823.431520247028	0.0	0.0	0.0	0.0	0.0	0.0	0.0	0.0	0.0	0.0	0.0	0.0	0.0	0.0	0.0	0.0	0.0	0.0	0.0	0.0	0.0	0.0	0.0	0.0	0.0	0.0	0.0	0.0	0.0	0.0	0.0	0.0	0.0	0.0	0.0	0.0	0.0	0.0	0.0	0.0	0.0	0.0	0.0	0.0	0.0	0.0	0.0	0.0	0.0	0.0	0.0	0.0	0.0	0.0	0.0	0.0	0.0	0.0	0.0	0.0	0.0	0.0	0.0	0.0	0.0	0.0	0.0	0.0	0.0	0.0	0.0	0.0	0.0	0.0	0.0	0.0	0.0	0.0	0.0	0.0	0.0	0.0	0.0	0.0	0.0	0.0	0.0	0.0	0.0	0.0	0.0	0.0	0.0	0.0	0.0	0.0	0.0	0.0	0.0	0.0	29.758031957004302	-0.8419680429956956	0.12066399076825512	-0.4272636648605509	29.097697538725193	-0.2227631250234527	0.044041389445482367	-0.19365876050367972	-0.0027616753730720207
67.0	67.4207	2600.0	2598.62623597881	0.023858413104232583	0.02139884615054232	28.25211603967993	-38.7321936834087	-6.827647686281126	-22.954712647189254	45.53809869957348	-21.176008196925977	33.14176032290561	-22.954712647188412	45.538098699574505	0.0	0.0	0.0	5.648124162749867	5.649745970414313	-0.0017737212142957311	-1.4507165325509361	1.5395409080629734	0.017122532183849484	1.0727570627065903	0.0	0.0	0.0	0.0	0.0	0.0	0.0	0.0	0.0	0.0	0.0	0.0	0.0	0.0	0.0	0.0	0.0	0.0	0.0	0.0	0.0	0.0	0.0	0.0	0.0	0.0	0.0	0.0	0.0	0.0	0.0	0.0	0.0	0.0	0.0	0.0	0.0	0.0	0.0	0.0	0.0	0.0	0.0	0.0	0.0	0.0	0.0	0.0	28757.481012074444	2758.003472300091	-88.5584058221499	28889.568011728443	-28669.864918679923	-2939.0997784858287	2016.1675447680263	28890.558899609845	0.0	0.0	0.0	0.0	0.0	0.0	0.0	0.0	0.0	0.0	0.0	0.0	0.0	0.0	0.0	0.0	0.0	0.0	0.0	0.0	0.0	0.0	0.0	0.0	0.0	0.0	0.0	0.0	28739.76643372959	2217.8716549414808	-1941.9743017617764	28890.558899609845	0.0	0.0	0.0	0.0	0.0	0.0	0.0	0.0	0.0	0.0	0.0	0.0	0.0	0.0	0.0	0.0	0.0	0.0	0.0	0.0	0.0	0.0	0.0	0.0	0.0	0.0	0.0	0.0	0.0	0.0	0.0	0.0	0.0	0.0	0.0	0.0	0.0	0.0	0.0	0.0	0.0	0.0	0.0	0.0	0.0	0.0	0.0	0.0	0.0	0.0	0.0	0.0	0.0	0.0	0.0	0.0	0.0	0.0	0.0	0.0	0.0	0.0	0.0	0.0	0.0	0.0	0.0	0.0	0.0	0.0	0.0	0.0	0.0	0.0	0.0	0.0	0.0	0.0	0.0	0.0	0.0	0.0	0.0	0.0	0.0	0.0	0.0	0.0	0.0	0.0	0.0	0.0	0.0	0.0	0.0	0.0	0.0	0.0	0.0	0.0	29.759690099040434	-0.8403099009595678	0.12070123216370252	-0.42595324962447423	29.06447186518233	-0.22268088206597658	0.04402606438100181	-0.19338867653075256	-0.002783750580791861
68.0	68.4207	2600.0	2598.632881281733	0.022988271986530213	0.022118020851840507	28.252064688801877	-38.978506987328736	-7.4253357745838	-19.794613737127225	44.342827507147234	-21.2407643585102	33.515512047302764	-19.79461373712638	44.342827507148044	1.0703508881337081e-15	0.0	1.0703508881337081e-15	5.595454627820478	5.5954858199815884	-1.9356860370837887e-05	-1.3872901236886794	1.5353801635485695	0.015653161922787862	1.0702670051727239	0.0	0.0	0.0	0.0	0.0	0.0	0.0	0.0	0.0	0.0	0.0	0.0	0.0	0.0	0.0	0.0	0.0	0.0	0.0	0.0	0.0	0.0	0.0	0.0	0.0	0.0	0.0	0.0	0.0	0.0	0.0	0.0	0.0	0.0	0.0	0.0	0.0	0.0	0.0	0.0	0.0	0.0	0.0	0.0	0.0	0.0	0.0	0.0	28820.83861288151	2762.574323112922	-88.3750629429891	28953.071778176403	-28732.247731689687	-2945.1197579352533	2030.4790391383838	28954.078041480574	0.0	0.0	0.0	0.0	0.0	0.0	0.0	0.0	0.0	0.0	0.0	0.0	0.0	0.0	0.0	0.0	0.0	0.0	0.0	0.0	0.0	0.0	0.0	0.0	0.0	0.0	0.0	0.0	28802.13805321827	2222.499030040488	-1958.564999425026	28954.078041480574	0.0	0.0	0.0	0.0	0.0	0.0	0.0	0.0	0.0	0.0	0.0	0.0	0.0	0.0	0.0	0.0	0.0	0.0	0.0	0.0	0.0	0.0	0.0	0.0	0.0	0.0	0.0	0.0	0.0	0.0	0.0	0.0	0.0	0.0	0.0	0.0	0.0	0.0	0.0	0.0	0.0	0.0	0.0	0.0	0.0	0.0	0.0	0.0	0.0	0.0	0.0	0.0	0.0	0.0	0.0	0.0	0.0	0.0	0.0	0.0	0.0	0.0	0.0	0.0	0.0	0.0	0.0	0.0	0.0	0.0	0.0	0.0	0.0	0.0	0.0	0.0	0.0	0.0	0.0	0.0	0.0	0.0	0.0	0.0	0.0	0.0	0.0	0.0	0.0	0.0	0.0	0.0	0.0	0.0	0.0	0.0	0.0	0.0	0.0	0.0	29.761297334614127	-0.8387026653858741	0.12073834204723564	-0.42483956605281703	29.030978545653713	-0.2225043388503935	0.04401178018424528	-0.19306785178467942	-0.00279108137328485
69.0	69.4207	2600.0	2598.641855630943	0.022101231136506288	0.022819346375586875	28.25200875182898	-38.857038846465	-8.036855048856522	-21.543599994319692	45.1507165802191	-21.182401934474907	33.55244186759955	-21.543599994318857	45.15071658022173	0.0	0.0	0.0	5.540899962531346	5.539659858235875	0.0014073797414453123	-1.3234203699733218	1.5315383293670923	0.014177591544624236	1.0681548444618096	0.0	0.0	0.0	0.0	0.0	0.0	0.0	0.0	0.0	0.0	0.0	0.0	0.0	0.0	0.0	0.0	0.0	0.0	0.0	0.0	0.0	0.0	0.0	0.0	0.0	0.0	0.0	0.0	0.0	0.0	0.0	0.0	0.0	0.0	0.0	0.0	0.0	0.0	0.0	0.0	0.0	0.0	0.0	0.0	0.0	0.0	0.0	0.0	28887.517620805193	2763.692921643574	-87.64596947558513	29019.551248657142	-28798.11302684711	-2947.7746852990663	2042.8162968378947	29020.575251448387	0.0	0.0	0.0	0.0	0.0	0.0	0.0	0.0	0.0	0.0	0.0	0.0	0.0	0.0	0.0	0.0	0.0	0.0	0.0	0.0	0.0	0.0	0.0	0.0	0.0	0.0	0.0	0.0	28867.900011891095	2223.422880638024	-1973.4557310191603	29020.575251448387	0.0	0.0	0.0	0.0	0.0	0.0	0.0	0.0	0.0	0.0	0.0	0.0	0.0	0.0	0.0	0.0	0.0	0.0	0.0	0.0	0.0	0.0	0.0	0.0	0.0	0.0	0.0	0.0	0.0	0.0	0.0	0.0	0.0	0.0	0.0	0.0	0.0	0.0	0.0	0.0	0.0	0.0	0.0	0.0	0.0	0.0	0.0	0.0	0.0	0.0	0.0	0.0	0.0	0.0	0.0	0.0	0.0	0.0	0.0	0.0	0.0	0.0	0.0	0.0	0.0	0.0	0.0	0.0	0.0	0.0	0.0	0.0	0.0	0.0	0.0	0.0	0.0	0.0	0.0	0.0	0.0	0.0	0.0	0.0	0.0	0.0	0.0	0.0	0.0	0.0	0.0	0.0	0.0	0.0	0.0	0.0	0.0	0.0	0.0	0.0	29.76285488341662	-0.8371451165833829	0.12077911005874659	-0.4238922954794089	28.997162775434315	-0.22239857928558743	0.044007689431595456	-0.19256025071107805	-0.0027207576018193802
70.0	70.4207	2600.0	2598.644062062336	0.02119967182031833	0.023493116894505884	28.25194823775428	-38.765358961551115	-8.347343174980777	-21.6760840758173	45.19163434044744	-20.85540549732832	33.726595663378255	-21.67608407581646	45.191634340449134	0.0	0.0	0.0	5.485082268919147	5.481810590521525	0.0035855986465700472	-1.2591212115170345	1.527930750334987	0.012705831320566938	1.066312489974201	0.0	0.0	0.0	0.0	0.0	0.0	0.0	0.0	0.0	0.0	0.0	0.0	0.0	0.0	0.0	0.0	0.0	0.0	0.0	0.0	0.0	0.0	0.0	0.0	0.0	0.0	0.0	0.0	0.0	0.0	0.0	0.0	0.0	0.0	0.0	0.0	0.0	0.0	0.0	0.0	0.0	0.0	0.0	0.0	0.0	0.0	0.0	0.0	28961.373454303633	2774.5253087485403	-88.52649057810535	29094.105588384453	-28870.85157385895	-2960.1551300259393	2058.803609945825	29095.14154112228	0.0	0.0	0.0	0.0	0.0	0.0	0.0	0.0	0.0	0.0	0.0	0.0	0.0	0.0	0.0	0.0	0.0	0.0	0.0	0.0	0.0	0.0	0.0	0.0	0.0	0.0	0.0	0.0	28940.82910966115	2233.8079201375904	-1991.4250975769676	29095.14154112228	0.0	0.0	0.0	0.0	0.0	0.0	0.0	0.0	0.0	0.0	0.0	0.0	0.0	0.0	0.0	0.0	0.0	0.0	0.0	0.0	0.0	0.0	0.0	0.0	0.0	0.0	0.0	0.0	0.0	0.0	0.0	0.0	0.0	0.0	0.0	0.0	0.0	0.0	0.0	0.0	0.0	0.0	0.0	0.0	0.0	0.0	0.0	0.0	0.0	0.0	0.0	0.0	0.0	0.0	0.0	0.0	0.0	0.0	0.0	0.0	0.0	0.0	0.0	0.0	0.0	0.0	0.0	0.0	0.0	0.0	0.0	0.0	0.0	0.0	0.0	0.0	0.0	0.0	0.0	0.0	0.0	0.0	0.0	0.0	0.0	0.0	0.0	0.0	0.0	0.0	0.0	0.0	0.0	0.0	0.0	0.0	0.0	0.0	0.0	0.0	29.7643519333709	-0.835648066629098	0.12084000850304674	-0.42306369342815675	28.963291200625005	-0.2222217514144338	0.043993922464589545	-0.19206609671586133	-0.0028200897132709696
71.0	71.4207	2600.0	2598.6507457374532	0.02027825854874372	0.024134591714730612	28.251882807864273	-38.60588035457477	-8.871761867165333	-20.315227877222714	44.51775646057331	-20.70987092865835	33.76719417863933	-20.315227877221858	44.51775646057508	0.0	0.0	0.0	5.427397864922196	5.422448839702177	0.005400791513269507	-1.1944162004641103	1.524575425546823	0.011232345453362217	1.0647547955207737	0.0	0.0	0.0	0.0	0.0	0.0	0.0	0.0	0.0	0.0	0.0	0.0	0.0	0.0	0.0	0.0	0.0	0.0	0.0	0.0	0.0	0.0	0.0	0.0	0.0	0.0	0.0	0.0	0.0	0.0	0.0	0.0	0.0	0.0	0.0	0.0	0.0	0.0	0.0	0.0	0.0	0.0	0.0	0.0	0.0	0.0	0.0	0.0	29040.327984530348	2781.4191631971376	-87.80427297799942	29173.355165301946	-28948.97633622572	-2968.7246648614214	2070.8712247105423	29174.39056227992	0.0	0.0	0.0	0.0	0.0	0.0	0.0	0.0	0.0	0.0	0.0	0.0	0.0	0.0	0.0	0.0	0.0	0.0	0.0	0.0	0.0	0.0	0.0	0.0	0.0	0.0	0.0	0.0	29019.034559900683	2239.987370759929	-2005.780264778148	29174.39056227992	0.0	0.0	0.0	0.0	0.0	0.0	0.0	0.0	0.0	0.0	0.0	0.0	0.0	0.0	0.0	0.0	0.0	0.0	0.0	0.0	0.0	0.0	0.0	0.0	0.0	0.0	0.0	0.0	0.0	0.0	0.0	0.0	0.0	0.0	0.0	0.0	0.0	0.0	0.0	0.0	0.0	0.0	0.0	0.0	0.0	0.0	0.0	0.0	0.0	0.0	0.0	0.0	0.0	0.0	0.0	0.0	0.0	0.0	0.0	0.0	0.0	0.0	0.0	0.0	0.0	0.0	0.0	0.0	0.0	0.0	0.0	0.0	0.0	0.0	0.0	0.0	0.0	0.0	0.0	0.0	0.0	0.0	0.0	0.0	0.0	0.0	0.0	0.0	0.0	0.0	0.0	0.0	0.0	0.0	0.0	0.0	0.0	0.0	0.0	0.0	29.765782739292113	-0.8342172607078844	0.12091506020871796	-0.4223601512214414	28.92911154674117	-0.22186834953498888	0.043985438693202615	-0.19169020403353587	-0.0028397771942289905
72.0	72.4208	2600.0	2598.651074715812	0.019337412127623653	0.02474718421562602	28.251812698777044	-38.6296522618759	-9.05015133915731	-20.815084560718073	44.8042745550572	-20.294610269960682	34.09228750209877	-20.815084560717203	44.804274555059585	0.0	0.0	0.0	5.368143181550416	5.361394191536366	0.007329089433144473	-1.1293355238967022	1.5212489239018552	0.009762188134567286	1.0632709369388302	0.0	0.0	0.0	0.0	0.0	0.0	0.0	0.0	0.0	0.0	0.0	0.0	0.0	0.0	0.0	0.0	0.0	0.0	0.0	0.0	0.0	0.0	0.0	0.0	0.0	0.0	0.0	0.0	0.0	0.0	0.0	0.0	0.0	0.0	0.0	0.0	0.0	0.0	0.0	0.0	0.0	0.0	0.0	0.0	0.0	0.0	0.0	0.0	29118.619949299813	2788.070274482832	-89.07697867671294	29251.92811278167	-29026.257451096477	-2977.018585573551	2085.6631443092692	29252.96996935036	0.0	0.0	0.0	0.0	0.0	0.0	0.0	0.0	0.0	0.0	0.0	0.0	0.0	0.0	0.0	0.0	0.0	0.0	0.0	0.0	0.0	0.0	0.0	0.0	0.0	0.0	0.0	0.0	29096.39539210066	2245.9180201866006	-2022.839455038124	29252.96996935036	0.0	0.0	0.0	0.0	0.0	0.0	0.0	0.0	0.0	0.0	0.0	0.0	0.0	0.0	0.0	0.0	0.0	0.0	0.0	0.0	0.0	0.0	0.0	0.0	0.0	0.0	0.0	0.0	0.0	0.0	0.0	0.0	0.0	0.0	0.0	0.0	0.0	0.0	0.0	0.0	0.0	0.0	0.0	0.0	0.0	0.0	0.0	0.0	0.0	0.0	0.0	0.0	0.0	0.0	0.0	0.0	0.0	0.0	0.0	0.0	0.0	0.0	0.0	0.0	0.0	0.0	0.0	0.0	0.0	0.0	0.0	0.0	0.0	0.0	0.0	0.0	0.0	0.0	0.0	0.0	0.0	0.0	0.0	0.0	0.0	0.0	0.0	0.0	0.0	0.0	0.0	0.0	0.0	0.0	0.0	0.0	0.0	0.0	0.0	0.0	29.76714979354769	-0.832850206452303	0.12099334726740434	-0.4216903815783463	28.89475201223236	-0.22146413831134687	0.04397784656433305	-0.1913953345805644	-0.0028856362533272594
73.0	73.4208	2600.0	2598.6506272197685	0.01837441061363573	0.025335134052630017	28.25173794283136	-38.571919112950134	-9.406361265359008	-20.52543082980598	44.69413705464692	-20.02143211349539	34.28432342099767	-20.525430829805114	44.69413705465169	0.0	0.0	0.0	5.3071160360652865	5.298811487648834	0.00900315947721423	-1.0639069841007645	1.5178380375186962	0.008295928402118263	1.0617567445863942	0.0	0.0	0.0	0.0	0.0	0.0	0.0	0.0	0.0	0.0	0.0	0.0	0.0	0.0	0.0	0.0	0.0	0.0	0.0	0.0	0.0	0.0	0.0	0.0	0.0	0.0	0.0	0.0	0.0	0.0	0.0	0.0	0.0	0.0	0.0	0.0	0.0	0.0	0.0	0.0	0.0	0.0	0.0	0.0	0.0	0.0	0.0	0.0	29203.318105440372	2795.325507665961	-89.28622915071466	29336.932441754463	-29110.082638064225	-2986.0567711162935	2098.4171937767605	29337.975406534035	0.0	0.0	0.0	0.0	0.0	0.0	0.0	0.0	0.0	0.0	0.0	0.0	0.0	0.0	0.0	0.0	0.0	0.0	0.0	0.0	0.0	0.0	0.0	0.0	0.0	0.0	0.0	0.0	29180.303302197775	2252.383785556428	-2038.005747956477	29337.975406534035	0.0	0.0	0.0	0.0	0.0	0.0	0.0	0.0	0.0	0.0	0.0	0.0	0.0	0.0	0.0	0.0	0.0	0.0	0.0	0.0	0.0	0.0	0.0	0.0	0.0	0.0	0.0	0.0	0.0	0.0	0.0	0.0	0.0	0.0	0.0	0.0	0.0	0.0	0.0	0.0	0.0	0.0	0.0	0.0	0.0	0.0	0.0	0.0	0.0	0.0	0.0	0.0	0.0	0.0	0.0	0.0	0.0	0.0	0.0	0.0	0.0	0.0	0.0	0.0	0.0	0.0	0.0	0.0	0.0	0.0	0.0	0.0	0.0	0.0	0.0	0.0	0.0	0.0	0.0	0.0	0.0	0.0	0.0	0.0	0.0	0.0	0.0	0.0	0.0	0.0	0.0	0.0	0.0	0.0	0.0	0.0	0.0	0.0	0.0	0.0	29.76845644641111	-0.8315435535888868	0.12106578909211148	-0.42100932596311225	28.860129789049946	-0.22112489191455129	0.043976168917016806	-0.19110722261446728	-0.00287270857088648
74.0	74.4208	2600.0	2598.656932106501	0.017385481077443005	0.02589471311963531	28.251658332848443	-39.04103333617605	-10.198149220253981	-19.772490005482428	44.935018554484635	-20.308712827139964	34.867760392371565	-19.772490005481554	44.93501855448535	0.0	0.0	0.0	5.244504667353553	5.234589283570374	0.010722369228483856	-0.9981573221363912	1.5142431147892632	0.006833625877141095	1.0601169115933935	0.0	0.0	0.0	0.0	0.0	0.0	0.0	0.0	0.0	0.0	0.0	0.0	0.0	0.0	0.0	0.0	0.0	0.0	0.0	0.0	0.0	0.0	0.0	0.0	0.0	0.0	0.0	0.0	0.0	0.0	0.0	0.0	0.0	0.0	0.0	0.0	0.0	0.0	0.0	0.0	0.0	0.0	0.0	0.0	0.0	0.0	0.0	0.0	29287.48815523641	2802.4865902159972	-90.03642765094214	29421.403774968956	-29193.34760162043	-2994.9334056471325	2111.4970450964393	29422.433449066535	0.0	0.0	0.0	0.0	0.0	0.0	0.0	0.0	0.0	0.0	0.0	0.0	0.0	0.0	0.0	0.0	0.0	0.0	0.0	0.0	0.0	0.0	0.0	0.0	0.0	0.0	0.0	0.0	29263.640573727498	2258.768327696489	-2053.508236709592	29422.433449066535	0.0	0.0	0.0	0.0	0.0	0.0	0.0	0.0	0.0	0.0	0.0	0.0	0.0	0.0	0.0	0.0	0.0	0.0	0.0	0.0	0.0	0.0	0.0	0.0	0.0	0.0	0.0	0.0	0.0	0.0	0.0	0.0	0.0	0.0	0.0	0.0	0.0	0.0	0.0	0.0	0.0	0.0	0.0	0.0	0.0	0.0	0.0	0.0	0.0	0.0	0.0	0.0	0.0	0.0	0.0	0.0	0.0	0.0	0.0	0.0	0.0	0.0	0.0	0.0	0.0	0.0	0.0	0.0	0.0	0.0	0.0	0.0	0.0	0.0	0.0	0.0	0.0	0.0	0.0	0.0	0.0	0.0	0.0	0.0	0.0	0.0	0.0	0.0	0.0	0.0	0.0	0.0	0.0	0.0	0.0	0.0	0.0	0.0	0.0	0.0	29.769698118928893	-0.8303018810711046	0.12112878018616638	-0.42027560808795883	28.8253274967428	-0.22085859351183343	0.043970310984592864	-0.190863606088945	-0.00286839199653738
75.0	75.4208	2600.0	2598.678845623984	0.016388921698972124	0.026424668650989802	28.251575217000727	-38.336948907766775	-9.711777868738862	-13.436680609488741	41.76822556357713	-19.04913753648361	34.65790876617757	-13.436680609487846	41.76822556357816	-9.916676998582555e-14	0.0	-9.916676998582555e-14	5.180342270703783	5.1687352273757785	0.012512434092438395	-0.9321055557588498	1.5105419250436023	0.00537145706149957	1.058410875279993	0.0	0.0	0.0	0.0	0.0	0.0	0.0	0.0	0.0	0.0	0.0	0.0	0.0	0.0	0.0	0.0	0.0	0.0	0.0	0.0	0.0	0.0	0.0	0.0	0.0	0.0	0.0	0.0	0.0	0.0	0.0	0.0	0.0	0.0	0.0	0.0	0.0	0.0	0.0	0.0	0.0	0.0	0.0	0.0	0.0	0.0	0.0	0.0	29372.600890642534	2809.6111966709936	-90.52384575664904	29506.809260306065	-29277.62808461281	-3003.912914759074	2124.08371735602	29507.875740193533	0.0	0.0	0.0	0.0	0.0	0.0	0.0	0.0	0.0	0.0	0.0	0.0	0.0	0.0	0.0	0.0	0.0	0.0	0.0	0.0	0.0	0.0	0.0	0.0	0.0	0.0	0.0	0.0	29347.99286512231	2265.241199258878	-2068.5085923467636	29507.875740193533	0.0	0.0	0.0	0.0	0.0	0.0	0.0	0.0	0.0	0.0	0.0	0.0	0.0	0.0	0.0	0.0	0.0	0.0	0.0	0.0	0.0	0.0	0.0	0.0	0.0	0.0	0.0	0.0	0.0	0.0	0.0	0.0	0.0	0.0	0.0	0.0	0.0	0.0	0.0	0.0	0.0	0.0	0.0	0.0	0.0	0.0	0.0	0.0	0.0	0.0	0.0	0.0	0.0	0.0	0.0	0.0	0.0	0.0	0.0	0.0	0.0	0.0	0.0	0.0	0.0	0.0	0.0	0.0	0.0	0.0	0.0	0.0	0.0	0.0	0.0	0.0	0.0	0.0	0.0	0.0	0.0	0.0	0.0	0.0	0.0	0.0	0.0	0.0	0.0	0.0	0.0	0.0	0.0	0.0	0.0	0.0	0.0	0.0	0.0	0.0	29.77087266951776	-0.8291273304822404	0.1212071767606417	-0.41951439811705077	28.790361287368185	-0.22066371759953177	0.04396146532724154	-0.19064308251323198	-0.0028787842053991913
76.0	76.4209	2600.0	2598.5955981227967	0.015390658860974479	0.026925812852766372	28.251489169487286	-38.51150663060252	-10.216483309352043	-24.91867142423753	46.99417899823683	-18.972936993082836	35.03627171983316	-24.918671424236635	46.99417899823914	-1.5021404769076215e-14	0.0	-1.5021404769076215e-14	5.114691747738438	5.101239740836074	0.014446113144138817	-0.865761332948394	1.5068486013531988	0.003912723236479191	1.0567498400448894	0.0	0.0	0.0	0.0	0.0	0.0	0.0	0.0	0.0	0.0	0.0	0.0	0.0	0.0	0.0	0.0	0.0	0.0	0.0	0.0	0.0	0.0	0.0	0.0	0.0	0.0	0.0	0.0	0.0	0.0	0.0	0.0	0.0	0.0	0.0	0.0	0.0	0.0	0.0	0.0	0.0	0.0	0.0	0.0	0.0	0.0	0.0	0.0	29457.01130700519	2816.7124415197213	-91.28384628190597	29591.51427115273	-29361.19254975918	-3012.885587541217	2136.0332081736315	29592.562332012898	0.0	0.0	0.0	0.0	0.0	0.0	0.0	0.0	0.0	0.0	0.0	0.0	0.0	0.0	0.0	0.0	0.0	0.0	0.0	0.0	0.0	0.0	0.0	0.0	0.0	0.0	0.0	0.0	29431.633448613436	2271.679912999642	-2082.826995552248	29592.562332012898	0.0	0.0	0.0	0.0	0.0	0.0	0.0	0.0	0.0	0.0	0.0	0.0	0.0	0.0	0.0	0.0	0.0	0.0	0.0	0.0	0.0	0.0	0.0	0.0	0.0	0.0	0.0	0.0	0.0	0.0	0.0	0.0	0.0	0.0	0.0	0.0	0.0	0.0	0.0	0.0	0.0	0.0	0.0	0.0	0.0	0.0	0.0	0.0	0.0	0.0	0.0	0.0	0.0	0.0	0.0	0.0	0.0	0.0	0.0	0.0	0.0	0.0	0.0	0.0	0.0	0.0	0.0	0.0	0.0	0.0	0.0	0.0	0.0	0.0	0.0	0.0	0.0	0.0	0.0	0.0	0.0	0.0	0.0	0.0	0.0	0.0	0.0	0.0	0.0	0.0	0.0	0.0	0.0	0.0	0.0	0.0	0.0	0.0	0.0	0.0	29.771980116057957	-0.8280198839420477	0.12130086042459082	-0.418774074736943	28.75525987345266	-0.22053245463408888	0.04395379565722297	-0.19040533935815854	-0.00292074289641415
77.0	77.4209	2600.0	2598.658668202651	0.01437913663777854	0.0273917289095497	28.251399466143486	-38.856540968201436	-10.710990988362026	-18.339722979024998	44.28206796112471	-18.91634199882537	35.5911240248206	-18.3397229790241	44.28206796112882	-1.003163695853046e-14	0.0	-1.003163695853046e-14	5.0474568730667455	5.032205211084587	0.01632500639915485	-0.7991399873823174	1.5032269422185902	0.0024576680289172884	1.0551931715393341	0.0	0.0	0.0	0.0	0.0	0.0	0.0	0.0	0.0	0.0	0.0	0.0	0.0	0.0	0.0	0.0	0.0	0.0	0.0	0.0	0.0	0.0	0.0	0.0	0.0	0.0	0.0	0.0	0.0	0.0	0.0	0.0	0.0	0.0	0.0	0.0	0.0	0.0	0.0	0.0	0.0	0.0	0.0	0.0	0.0	0.0	0.0	0.0	29542.38885883347	2777.6946787865095	-91.16698895659894	29672.826603391903	-29446.286782243908	-2975.600205834571	2145.531868245038	29673.91630447133	0.0	0.0	0.0	0.0	0.0	0.0	0.0	0.0	0.0	0.0	0.0	0.0	0.0	0.0	0.0	0.0	0.0	0.0	0.0	0.0	0.0	0.0	0.0	0.0	0.0	0.0	0.0	0.0	29515.58853474159	2231.7389308780316	-2095.3958186948444	29673.91630447133	0.0	0.0	0.0	0.0	0.0	0.0	0.0	0.0	0.0	0.0	0.0	0.0	0.0	0.0	0.0	0.0	0.0	0.0	0.0	0.0	0.0	0.0	0.0	0.0	0.0	0.0	0.0	0.0	0.0	0.0	0.0	0.0	0.0	0.0	0.0	0.0	0.0	0.0	0.0	0.0	0.0	0.0	0.0	0.0	0.0	0.0	0.0	0.0	0.0	0.0	0.0	0.0	0.0	0.0	0.0	0.0	0.0	0.0	0.0	0.0	0.0	0.0	0.0	0.0	0.0	0.0	0.0	0.0	0.0	0.0	0.0	0.0	0.0	0.0	0.0	0.0	0.0	0.0	0.0	0.0	0.0	0.0	0.0	0.0	0.0	0.0	0.0	0.0	0.0	0.0	0.0	0.0	0.0	0.0	0.0	0.0	0.0	0.0	0.0	0.0	29.773013296789067	-0.8269867032109309	0.12140039513234192	-0.4180811413431035	28.719985165455928	-0.22045681404920214	0.04394768206189652	-0.1901390715623695	-0.00294929788179704
78.0	78.4209	2600.0	2598.655716275781	0.013344074302198783	0.027832256661205916	28.251305720830146	-37.72735167449355	-10.632951323685118	-22.856577393229415	45.374396396596325	-17.989191755506905	34.825302557284886	-22.856577393228523	45.374396396596566	3.4647210466363036e-15	0.0	3.4647210466363036e-15	4.97858617976048	4.961724689145634	0.018004789293371317	-0.7322624015135216	1.4997272610882713	0.0010038130119847648	1.053799734944632	0.0	0.0	0.0	0.0	0.0	0.0	0.0	0.0	0.0	0.0	0.0	0.0	0.0	0.0	0.0	0.0	0.0	0.0	0.0	0.0	0.0	0.0	0.0	0.0	0.0	0.0	0.0	0.0	0.0	0.0	0.0	0.0	0.0	0.0	0.0	0.0	0.0	0.0	0.0	0.0	0.0	0.0	0.0	0.0	0.0	0.0	0.0	0.0	29618.835618126457	2719.2734577527954	-91.16693074896496	29743.540188096267	-29522.520273089704	-2919.0612386489593	2154.0222529587763	29744.578222866385	0.0	0.0	0.0	0.0	0.0	0.0	0.0	0.0	0.0	0.0	0.0	0.0	0.0	0.0	0.0	0.0	0.0	0.0	0.0	0.0	0.0	0.0	0.0	0.0	0.0	0.0	0.0	0.0	29590.18384548372	2172.682329593896	-2107.2268841683713	29744.578222866385	0.0	0.0	0.0	0.0	0.0	0.0	0.0	0.0	0.0	0.0	0.0	0.0	0.0	0.0	0.0	0.0	0.0	0.0	0.0	0.0	0.0	0.0	0.0	0.0	0.0	0.0	0.0	0.0	0.0	0.0	0.0	0.0	0.0	0.0	0.0	0.0	0.0	0.0	0.0	0.0	0.0	0.0	0.0	0.0	0.0	0.0	0.0	0.0	0.0	0.0	0.0	0.0	0.0	0.0	0.0	0.0	0.0	0.0	0.0	0.0	0.0	0.0	0.0	0.0	0.0	0.0	0.0	0.0	0.0	0.0	0.0	0.0	0.0	0.0	0.0	0.0	0.0	0.0	0.0	0.0	0.0	0.0	0.0	0.0	0.0	0.0	0.0	0.0	0.0	0.0	0.0	0.0	0.0	0.0	0.0	0.0	0.0	0.0	0.0	0.0	29.773981385656082	-0.826018614343923	0.12149558730828876	-0.4174629131162119	28.684517823829697	-0.22039455139585118	0.04393971698786356	-0.1898499973819557	-0.0029313750199376604
79.0	79.4209	2600.0	2598.6944960265946	0.01228393726684889	0.02825008668708294	28.251208003627124	-38.01585368406813	-10.016362304751965	-18.010563882881154	43.242491331188084	-16.82551681290351	35.53075610126324	-18.010563882880252	43.242491331190266	-3.5025488220695136e-14	0.0	-3.5025488220695136e-14	4.90829498132442	4.889666735163756	0.019832261253567726	-0.6651468372385041	1.4963531485303159	-0.000446280209826811	1.0525770542192698	0.0	0.0	0.0	0.0	0.0	0.0	0.0	0.0	0.0	0.0	0.0	0.0	0.0	0.0	0.0	0.0	0.0	0.0	0.0	0.0	0.0	0.0	0.0	0.0	0.0	0.0	0.0	0.0	0.0	0.0	0.0	0.0	0.0	0.0	0.0	0.0	0.0	0.0	0.0	0.0	0.0	0.0	0.0	0.0	0.0	0.0	0.0	0.0	29720.961226811196	2661.013783897986	-92.30830533261891	29839.990808090795	-29624.366151050617	-2862.7091919491613	2166.480927419452	29841.109452868128	0.0	0.0	0.0	0.0	0.0	0.0	0.0	0.0	0.0	0.0	0.0	0.0	0.0	0.0	0.0	0.0	0.0	0.0	0.0	0.0	0.0	0.0	0.0	0.0	0.0	0.0	0.0	0.0	29690.40746522245	2113.099560406192	-2122.811384680769	29841.109452868128	0.0	0.0	0.0	0.0	0.0	0.0	0.0	0.0	0.0	0.0	0.0	0.0	0.0	0.0	0.0	0.0	0.0	0.0	0.0	0.0	0.0	0.0	0.0	0.0	0.0	0.0	0.0	0.0	0.0	0.0	0.0	0.0	0.0	0.0	0.0	0.0	0.0	0.0	0.0	0.0	0.0	0.0	0.0	0.0	0.0	0.0	0.0	0.0	0.0	0.0	0.0	0.0	0.0	0.0	0.0	0.0	0.0	0.0	0.0	0.0	0.0	0.0	0.0	0.0	0.0	0.0	0.0	0.0	0.0	0.0	0.0	0.0	0.0	0.0	0.0	0.0	0.0	0.0	0.0	0.0	0.0	0.0	0.0	0.0	0.0	0.0	0.0	0.0	0.0	0.0	0.0	0.0	0.0	0.0	0.0	0.0	0.0	0.0	0.0	0.0	29.774886447742674	-0.8251135522573314	0.12158015248352544	-0.41692255570818676	28.648951071790584	-0.2203374896284754	0.04392427100152469	-0.18954107951591176	-0.0029454861378687297
80.0	80.421	2600.0	2598.602656374422	0.011217468808474587	0.028654422379516955	28.251107849302265	-38.80212521751673	-10.54313230349726	-8.680826050448028	41.13537773113348	-16.853116706835863	36.50664346979463	-8.68082605044709	41.13537773113372	-2.0788559776884916e-15	0.0	-2.0788559776884916e-15	4.836428230784174	4.816166874526814	0.02151712016050706	-0.5978163017355116	1.4931610233835804	-0.0018976393486719824	1.0515667061420635	0.0	0.0	0.0	0.0	0.0	0.0	0.0	0.0	0.0	0.0	0.0	0.0	0.0	0.0	0.0	0.0	0.0	0.0	0.0	0.0	0.0	0.0	0.0	0.0	0.0	0.0	0.0	0.0	0.0	0.0	0.0	0.0	0.0	0.0	0.0	0.0	0.0	0.0	0.0	0.0	0.0	0.0	0.0	0.0	0.0	0.0	0.0	0.0	29806.731066475455	2609.4591922476607	-91.11644129053956	29920.875594659206	-29710.124332755193	-2813.248598496985	2172.261536318166	29921.974796575258	0.0	0.0	0.0	0.0	0.0	0.0	0.0	0.0	0.0	0.0	0.0	0.0	0.0	0.0	0.0	0.0	0.0	0.0	0.0	0.0	0.0	0.0	0.0	0.0	0.0	0.0	0.0	0.0	29774.732248658005	2060.6295035642192	-2131.595950608571	29921.974796575258	0.0	0.0	0.0	0.0	0.0	0.0	0.0	0.0	0.0	0.0	0.0	0.0	0.0	0.0	0.0	0.0	0.0	0.0	0.0	0.0	0.0	0.0	0.0	0.0	0.0	0.0	0.0	0.0	0.0	0.0	0.0	0.0	0.0	0.0	0.0	0.0	0.0	0.0	0.0	0.0	0.0	0.0	0.0	0.0	0.0	0.0	0.0	0.0	0.0	0.0	0.0	0.0	0.0	0.0	0.0	0.0	0.0	0.0	0.0	0.0	0.0	0.0	0.0	0.0	0.0	0.0	0.0	0.0	0.0	0.0	0.0	0.0	0.0	0.0	0.0	0.0	0.0	0.0	0.0	0.0	0.0	0.0	0.0	0.0	0.0	0.0	0.0	0.0	0.0	0.0	0.0	0.0	0.0	0.0	0.0	0.0	0.0	0.0	0.0	0.0	29.775737040953906	-0.8242629590460878	0.12167508420992332	-0.4164776528956352	28.613220485523012	-0.22028457411267596	0.04390841443793577	-0.18918734522988	-0.00292626993865693
81.0	81.421	2600.0	2598.640893566421	0.01015545554646838	0.029048047160474644	28.25100614983366	-38.85821646476687	-10.609840851197077	-7.588269185537338	40.9891636770328	-16.287741692060077	36.84072719536197	-7.588269185536399	40.98916367703196	0.0	0.0	0.0	4.763239484936904	4.741100286993942	0.023437808657549384	-0.5302932043997394	1.4901428410528634	-0.0033509112316790425	1.0507550959330167	0.0	0.0	0.0	0.0	0.0	0.0	0.0	0.0	0.0	0.0	0.0	0.0	0.0	0.0	0.0	0.0	0.0	0.0	0.0	0.0	0.0	0.0	0.0	0.0	0.0	0.0	0.0	0.0	0.0	0.0	0.0	0.0	0.0	0.0	0.0	0.0	0.0	0.0	0.0	0.0	0.0	0.0	0.0	0.0	0.0	0.0	0.0	0.0	29905.66954753265	2534.826894917764	-90.77647400841708	30013.04147935783	-29809.125266229985	-2740.5248746325938	2180.2835649011663	30014.131041055458	0.0	0.0	0.0	0.0	0.0	0.0	0.0	0.0	0.0	0.0	0.0	0.0	0.0	0.0	0.0	0.0	0.0	0.0	0.0	0.0	0.0	0.0	0.0	0.0	0.0	0.0	0.0	0.0	29871.712588270097	1984.4743563240174	-2142.5943905759596	30014.131041055458	0.0	0.0	0.0	0.0	0.0	0.0	0.0	0.0	0.0	0.0	0.0	0.0	0.0	0.0	0.0	0.0	0.0	0.0	0.0	0.0	0.0	0.0	0.0	0.0	0.0	0.0	0.0	0.0	0.0	0.0	0.0	0.0	0.0	0.0	0.0	0.0	0.0	0.0	0.0	0.0	0.0	0.0	0.0	0.0	0.0	0.0	0.0	0.0	0.0	0.0	0.0	0.0	0.0	0.0	0.0	0.0	0.0	0.0	0.0	0.0	0.0	0.0	0.0	0.0	0.0	0.0	0.0	0.0	0.0	0.0	0.0	0.0	0.0	0.0	0.0	0.0	0.0	0.0	0.0	0.0	0.0	0.0	0.0	0.0	0.0	0.0	0.0	0.0	0.0	0.0	0.0	0.0	0.0	0.0	0.0	0.0	0.0	0.0	0.0	0.0	29.776535392066485	-0.8234646079335199	0.1217909866570819	-0.41612210964783786	28.57743470860208	-0.22023515227971147	0.04388560968626317	-0.18879329473470755	-0.0029593620573151397
82.0	82.421	2600.0	2598.614006232588	0.009086899676632653	0.029436039970058236	28.250902304427505	-38.828542527538964	-10.194591517312801	-9.16627823284292	41.17773752477979	-15.226762447709916	37.144732013828616	-9.16627823284197	41.177737524784014	2.4329910501271473e-14	0.0	2.4329910501271473e-14	4.688678916307179	4.664547640907563	0.025464059707556295	-0.46259523067209807	1.487318381413392	-0.004803564010582803	1.0501694739671292	0.0	0.0	0.0	0.0	0.0	0.0	0.0	0.0	0.0	0.0	0.0	0.0	0.0	0.0	0.0	0.0	0.0	0.0	0.0	0.0	0.0	0.0	0.0	0.0	0.0	0.0	0.0	0.0	0.0	0.0	0.0	0.0	0.0	0.0	0.0	0.0	0.0	0.0	0.0	0.0	0.0	0.0	0.0	0.0	0.0	0.0	0.0	0.0	29968.894168391045	2441.3025355157206	-91.19788237012135	30068.303789869617	-29872.487787463262	-2648.7940293767706	2187.02306159031	30069.331656924656	0.0	0.0	0.0	0.0	0.0	0.0	0.0	0.0	0.0	0.0	0.0	0.0	0.0	0.0	0.0	0.0	0.0	0.0	0.0	0.0	0.0	0.0	0.0	0.0	0.0	0.0	0.0	0.0	29932.59084937446	1890.1117327255329	-2152.2520707130725	30069.331656924656	0.0	0.0	0.0	0.0	0.0	0.0	0.0	0.0	0.0	0.0	0.0	0.0	0.0	0.0	0.0	0.0	0.0	0.0	0.0	0.0	0.0	0.0	0.0	0.0	0.0	0.0	0.0	0.0	0.0	0.0	0.0	0.0	0.0	0.0	0.0	0.0	0.0	0.0	0.0	0.0	0.0	0.0	0.0	0.0	0.0	0.0	0.0	0.0	0.0	0.0	0.0	0.0	0.0	0.0	0.0	0.0	0.0	0.0	0.0	0.0	0.0	0.0	0.0	0.0	0.0	0.0	0.0	0.0	0.0	0.0	0.0	0.0	0.0	0.0	0.0	0.0	0.0	0.0	0.0	0.0	0.0	0.0	0.0	0.0	0.0	0.0	0.0	0.0	0.0	0.0	0.0	0.0	0.0	0.0	0.0	0.0	0.0	0.0	0.0	0.0	29.77728611978646	-0.8227138802135486	0.1219130191124501	-0.41586867398965066	28.541574504047485	-0.22018958180551312	0.04385745142743144	-0.1883411955500887	-0.00301521924790882
83.0	83.421	2600.0	2598.6506150557348	0.0079986368201355	0.029810335998372125	28.25079542470998	-39.406544748191656	-10.801743410294874	-8.509484779298448	41.736851353476496	-15.245556096548173	37.909450655486566	-8.509484779297475	41.73685135348453	2.045776995213718e-15	0.0	2.045776995213718e-15	4.612463540849408	4.586761666627548	0.027060369685808168	-0.3947458494911798	1.484658685737913	-0.006256886837997249	1.0497761604782103	0.0	0.0	0.0	0.0	0.0	0.0	0.0	0.0	0.0	0.0	0.0	0.0	0.0	0.0	0.0	0.0	0.0	0.0	0.0	0.0	0.0	0.0	0.0	0.0	0.0	0.0	0.0	0.0	0.0	0.0	0.0	0.0	0.0	0.0	0.0	0.0	0.0	0.0	0.0	0.0	0.0	0.0	0.0	0.0	0.0	0.0	0.0	0.0	30052.397509260903	2387.209886566843	-90.69661005433272	30147.198758296414	-29956.06227901017	-2596.6614034882678	2193.034715040265	30148.26228772852	0.0	0.0	0.0	0.0	0.0	0.0	0.0	0.0	0.0	0.0	0.0	0.0	0.0	0.0	0.0	0.0	0.0	0.0	0.0	0.0	0.0	0.0	0.0	0.0	0.0	0.0	0.0	0.0	30014.697855320475	1834.6970107761995	-2160.906870307641	30148.26228772852	0.0	0.0	0.0	0.0	0.0	0.0	0.0	0.0	0.0	0.0	0.0	0.0	0.0	0.0	0.0	0.0	0.0	0.0	0.0	0.0	0.0	0.0	0.0	0.0	0.0	0.0	0.0	0.0	0.0	0.0	0.0	0.0	0.0	0.0	0.0	0.0	0.0	0.0	0.0	0.0	0.0	0.0	0.0	0.0	0.0	0.0	0.0	0.0	0.0	0.0	0.0	0.0	0.0	0.0	0.0	0.0	0.0	0.0	0.0	0.0	0.0	0.0	0.0	0.0	0.0	0.0	0.0	0.0	0.0	0.0	0.0	0.0	0.0	0.0	0.0	0.0	0.0	0.0	0.0	0.0	0.0	0.0	0.0	0.0	0.0	0.0	0.0	0.0	0.0	0.0	0.0	0.0	0.0	0.0	0.0	0.0	0.0	0.0	0.0	0.0	29.777980715797355	-0.8220192842026464	0.12202808832743915	-0.4157023203227815	28.505522018534514	-0.22014685276034324	0.04383301003107263	-0.18785553751900178	-0.002973172462844
84.0	84.421	2600.0	2598.6457174176594	0.006893661777059691	0.03016784468396913	28.25068581589863	-37.981741527557446	-6.9441668980362	-9.428334663596914	39.7457876749568	-10.60381330484961	37.12671931062506	-9.428334663595953	39.745787674957576	0.0	0.0	0.0	4.535056515395175	4.5074117870045205	0.02902057060074236	-0.3267599936112248	1.4821640229877808	-0.007705067135945598	1.0495832524456796	0.0	0.0	0.0	0.0	0.0	0.0	0.0	0.0	0.0	0.0	0.0	0.0	0.0	0.0	0.0	0.0	0.0	0.0	0.0	0.0	0.0	0.0	0.0	0.0	0.0	0.0	0.0	0.0	0.0	0.0	0.0	0.0	0.0	0.0	0.0	0.0	0.0	0.0	0.0	0.0	0.0	0.0	0.0	0.0	0.0	0.0	0.0	0.0	30128.056909494695	2280.80242901135	-90.86048826512068	30214.402666448044	-30032.17100647354	-2492.0455895283562	2199.315151392596	30215.535304169338	0.0	0.0	0.0	0.0	0.0	0.0	0.0	0.0	0.0	0.0	0.0	0.0	0.0	0.0	0.0	0.0	0.0	0.0	0.0	0.0	0.0	0.0	0.0	0.0	0.0	0.0	0.0	0.0	30088.00836972343	1726.909140393385	-2169.8181679076592	30215.535304169338	0.0	0.0	0.0	0.0	0.0	0.0	0.0	0.0	0.0	0.0	0.0	0.0	0.0	0.0	0.0	0.0	0.0	0.0	0.0	0.0	0.0	0.0	0.0	0.0	0.0	0.0	0.0	0.0	0.0	0.0	0.0	0.0	0.0	0.0	0.0	0.0	0.0	0.0	0.0	0.0	0.0	0.0	0.0	0.0	0.0	0.0	0.0	0.0	0.0	0.0	0.0	0.0	0.0	0.0	0.0	0.0	0.0	0.0	0.0	0.0	0.0	0.0	0.0	0.0	0.0	0.0	0.0	0.0	0.0	0.0	0.0	0.0	0.0	0.0	0.0	0.0	0.0	0.0	0.0	0.0	0.0	0.0	0.0	0.0	0.0	0.0	0.0	0.0	0.0	0.0	0.0	0.0	0.0	0.0	0.0	0.0	0.0	0.0	0.0	0.0	29.778615737523566	-0.8213842624764356	0.12213076330369049	-0.41562650561393205	28.469474509958903	-0.22010686774509983	0.04380016508199259	-0.1873364291468939	-0.00301266835286783
85.0	85.4209	2600.0	2598.6162695321254	0.005778941204385351	0.03050841930166834	28.25057409599195	-39.4207258448405	-11.515048941964778	-5.5553684636275165	41.442153624499134	-14.625439470801215	38.375597696398465	-5.5553684636265155	41.44215362449869	2.823702527466275e-14	0.0	2.823702527466275e-14	4.456240951151753	4.426726603806628	0.030899604367847333	-0.2586622665422872	1.4798961592241195	-0.009155833236541695	1.0496442215164128	0.0	0.0	0.0	0.0	0.0	0.0	0.0	0.0	0.0	0.0	0.0	0.0	0.0	0.0	0.0	0.0	0.0	0.0	0.0	0.0	0.0	0.0	0.0	0.0	0.0	0.0	0.0	0.0	0.0	0.0	0.0	0.0	0.0	0.0	0.0	0.0	0.0	0.0	0.0	0.0	0.0	0.0	0.0	0.0	0.0	0.0	0.0	0.0	30193.584794095364	2158.7316883330595	-91.34540440597829	30270.794987964	-30098.179532050344	-2371.8947825018527	2205.653362019655	30271.954062402103	0.0	0.0	0.0	0.0	0.0	0.0	0.0	0.0	0.0	0.0	0.0	0.0	0.0	0.0	0.0	0.0	0.0	0.0	0.0	0.0	0.0	0.0	0.0	0.0	0.0	0.0	0.0	0.0	30150.833575358247	1603.7155959792337	-2178.654115376198	30271.954062402103	0.0	0.0	0.0	0.0	0.0	0.0	0.0	0.0	0.0	0.0	0.0	0.0	0.0	0.0	0.0	0.0	0.0	0.0	0.0	0.0	0.0	0.0	0.0	0.0	0.0	0.0	0.0	0.0	0.0	0.0	0.0	0.0	0.0	0.0	0.0	0.0	0.0	0.0	0.0	0.0	0.0	0.0	0.0	0.0	0.0	0.0	0.0	0.0	0.0	0.0	0.0	0.0	0.0	0.0	0.0	0.0	0.0	0.0	0.0	0.0	0.0	0.0	0.0	0.0	0.0	0.0	0.0	0.0	0.0	0.0	0.0	0.0	0.0	0.0	0.0	0.0	0.0	0.0	0.0	0.0	0.0	0.0	0.0	0.0	0.0	0.0	0.0	0.0	0.0	0.0	0.0	0.0	0.0	0.0	0.0	0.0	0.0	0.0	0.0	0.0	29.77919068077156	-0.8208093192284382	0.12223304601972014	-0.41566534166982505	28.433341058389743	-0.22007061111120613	0.04376317562946347	-0.18675930358000853	-0.0030327674350949197
86.0	86.4209	2600.0	2598.6153905365522	0.004664191693894091	0.030821460341702082	28.25046103424278	-39.452837980868935	-11.080076268270204	-5.719257236441649	41.37637512146235	-13.52135933956197	38.684200346731814	-5.719257236440647	41.376375121465436	2.313675987679481e-13	0.0	2.313675987679481e-13	4.3759854028042495	4.344731749806457	0.03264079010777469	-0.19047357710741164	1.4779248502200577	-0.010614950030459213	1.0500061644678655	0.0	0.0	0.0	0.0	0.0	0.0	0.0	0.0	0.0	0.0	0.0	0.0	0.0	0.0	0.0	0.0	0.0	0.0	0.0	0.0	0.0	0.0	0.0	0.0	0.0	0.0	0.0	0.0	0.0	0.0	0.0	0.0	0.0	0.0	0.0	0.0	0.0	0.0	0.0	0.0	0.0	0.0	0.0	0.0	0.0	0.0	0.0	0.0	30264.65310470191	2042.1712964732517	-88.89453399180046	30333.605018036604	-30170.183232079733	-2257.2468763602287	2205.1130242095364	30334.75965237967	0.0	0.0	0.0	0.0	0.0	0.0	0.0	0.0	0.0	0.0	0.0	0.0	0.0	0.0	0.0	0.0	0.0	0.0	0.0	0.0	0.0	0.0	0.0	0.0	0.0	0.0	0.0	0.0	30219.801415814658	1485.6709780808137	-2180.3732022883023	30334.75965237967	0.0	0.0	0.0	0.0	0.0	0.0	0.0	0.0	0.0	0.0	0.0	0.0	0.0	0.0	0.0	0.0	0.0	0.0	0.0	0.0	0.0	0.0	0.0	0.0	0.0	0.0	0.0	0.0	0.0	0.0	0.0	0.0	0.0	0.0	0.0	0.0	0.0	0.0	0.0	0.0	0.0	0.0	0.0	0.0	0.0	0.0	0.0	0.0	0.0	0.0	0.0	0.0	0.0	0.0	0.0	0.0	0.0	0.0	0.0	0.0	0.0	0.0	0.0	0.0	0.0	0.0	0.0	0.0	0.0	0.0	0.0	0.0	0.0	0.0	0.0	0.0	0.0	0.0	0.0	0.0	0.0	0.0	0.0	0.0	0.0	0.0	0.0	0.0	0.0	0.0	0.0	0.0	0.0	0.0	0.0	0.0	0.0	0.0	0.0	0.0	29.779694589480883	-0.8203054105191188	0.12235256009651826	-0.4158392885563651	28.397108936041924	-0.22003791819887328	0.043723616825631584	-0.18611491609415687	-0.0030207536244790606
87.0	87.4209	2600.0	2598.616341721269	0.0035470362574500196	0.031107410337004655	28.25034664784994	-39.28789081771174	-11.189727088200016	-2.206969744120251	40.909889668199995	-12.946302298918454	38.74456883226958	-2.206969744119249	40.909889668207526	-7.641564802611361e-13	0.0	-7.641564802611361e-13	4.29449260240863	4.261339043218993	0.03453516902113187	-0.1222174298845906	1.476192496248325	-0.012080557619024792	1.0506223404683812	0.0	0.0	0.0	0.0	0.0	0.0	0.0	0.0	0.0	0.0	0.0	0.0	0.0	0.0	0.0	0.0	0.0	0.0	0.0	0.0	0.0	0.0	0.0	0.0	0.0	0.0	0.0	0.0	0.0	0.0	0.0	0.0	0.0	0.0	0.0	0.0	0.0	0.0	0.0	0.0	0.0	0.0	0.0	0.0	0.0	0.0	0.0	0.0	30336.291279883513	1908.1515693814974	-86.34546602052518	30396.366009264537	-30242.932652091004	-2125.129068326198	2204.0621618408986	30397.51698690562	0.0	0.0	0.0	0.0	0.0	0.0	0.0	0.0	0.0	0.0	0.0	0.0	0.0	0.0	0.0	0.0	0.0	0.0	0.0	0.0	0.0	0.0	0.0	0.0	0.0	0.0	0.0	0.0	30289.08388895052	1350.015008884741	-2181.260097539955	30397.51698690562	0.0	0.0	0.0	0.0	0.0	0.0	0.0	0.0	0.0	0.0	0.0	0.0	0.0	0.0	0.0	0.0	0.0	0.0	0.0	0.0	0.0	0.0	0.0	0.0	0.0	0.0	0.0	0.0	0.0	0.0	0.0	0.0	0.0	0.0	0.0	0.0	0.0	0.0	0.0	0.0	0.0	0.0	0.0	0.0	0.0	0.0	0.0	0.0	0.0	0.0	0.0	0.0	0.0	0.0	0.0	0.0	0.0	0.0	0.0	0.0	0.0	0.0	0.0	0.0	0.0	0.0	0.0	0.0	0.0	0.0	0.0	0.0	0.0	0.0	0.0	0.0	0.0	0.0	0.0	0.0	0.0	0.0	0.0	0.0	0.0	0.0	0.0	0.0	0.0	0.0	0.0	0.0	0.0	0.0	0.0	0.0	0.0	0.0	0.0	0.0	29.78012772058191	-0.8198722794180889	0.12247767388876216	-0.4161281705273333	28.36086489086954	-0.22000861079848913	0.043676744710418366	-0.1854232867108039	-0.0030425322808239398
88.0	88.4208	2600.0	2598.5784047698644	0.00242594815662552	0.031369087991101594	28.25023101637348	-40.53062586817396	-11.041396871893083	10.28427547041159	43.24824158390548	-12.154146785815099	40.210953657649945	10.284275470412627	43.24824158390885	-4.766294276576212e-14	0.0	-4.766294276576212e-14	4.2117022069891865	4.176699644118714	0.03637163093115984	-0.05391194243681491	1.4747221745343677	-0.013550719120618074	1.051524402712528	0.0	0.0	0.0	0.0	0.0	0.0	0.0	0.0	0.0	0.0	0.0	0.0	0.0	0.0	0.0	0.0	0.0	0.0	0.0	0.0	0.0	0.0	0.0	0.0	0.0	0.0	0.0	0.0	0.0	0.0	0.0	0.0	0.0	0.0	0.0	0.0	0.0	0.0	0.0	0.0	0.0	0.0	0.0	0.0	0.0	0.0	0.0	0.0	30405.38631643653	1761.260840353497	-87.33954668651529	30456.48018067623	-30312.625416836698	-1979.9725277720856	2211.057523018772	30457.582409677318	0.0	0.0	0.0	0.0	0.0	0.0	0.0	0.0	0.0	0.0	0.0	0.0	0.0	0.0	0.0	0.0	0.0	0.0	0.0	0.0	0.0	0.0	0.0	0.0	0.0	0.0	0.0	0.0	30354.991856098488	1201.273140040839	-2189.917464539646	30457.582409677318	0.0	0.0	0.0	0.0	0.0	0.0	0.0	0.0	0.0	0.0	0.0	0.0	0.0	0.0	0.0	0.0	0.0	0.0	0.0	0.0	0.0	0.0	0.0	0.0	0.0	0.0	0.0	0.0	0.0	0.0	0.0	0.0	0.0	0.0	0.0	0.0	0.0	0.0	0.0	0.0	0.0	0.0	0.0	0.0	0.0	0.0	0.0	0.0	0.0	0.0	0.0	0.0	0.0	0.0	0.0	0.0	0.0	0.0	0.0	0.0	0.0	0.0	0.0	0.0	0.0	0.0	0.0	0.0	0.0	0.0	0.0	0.0	0.0	0.0	0.0	0.0	0.0	0.0	0.0	0.0	0.0	0.0	0.0	0.0	0.0	0.0	0.0	0.0	0.0	0.0	0.0	0.0	0.0	0.0	0.0	0.0	0.0	0.0	0.0	0.0	29.780492752171128	-0.8195072478288631	0.12259905500948555	-0.41654588464665926	28.32458404824186	-0.21998276115307863	0.043626287997087475	-0.1846678331939774	-0.0030502144494498804
89.0	89.4208	2600.0	2598.558806430138	0.0012994862521931202	0.031607513195598146	28.250114210977582	-40.4599354749007	-10.871560943172879	12.284404467757746	43.65894878603603	-11.280023505663848	40.34796507491409	12.28440446775879	43.65894878604281	-1.7949698515566727e-13	0.0	-1.7949698515566727e-13	4.12773017092196	4.090676469180356	0.038403425233676146	0.014419243779941013	1.4734820164021971	-0.015025339543991436	1.0526859477937482	0.0	0.0	0.0	0.0	0.0	0.0	0.0	0.0	0.0	0.0	0.0	0.0	0.0	0.0	0.0	0.0	0.0	0.0	0.0	0.0	0.0	0.0	0.0	0.0	0.0	0.0	0.0	0.0	0.0	0.0	0.0	0.0	0.0	0.0	0.0	0.0	0.0	0.0	0.0	0.0	0.0	0.0	0.0	0.0	0.0	0.0	0.0	0.0	30475.07087198933	1600.8707972657285	-86.17058556552946	30517.210838019382	-30383.487111354203	-1821.5886280516343	2212.7399279698657	30518.366472740738	0.0	0.0	0.0	0.0	0.0	0.0	0.0	0.0	0.0	0.0	0.0	0.0	0.0	0.0	0.0	0.0	0.0	0.0	0.0	0.0	0.0	0.0	0.0	0.0	0.0	0.0	0.0	0.0	30421.743899086232	1039.1399321996666	-2192.801519568769	30518.366472740738	0.0	0.0	0.0	0.0	0.0	0.0	0.0	0.0	0.0	0.0	0.0	0.0	0.0	0.0	0.0	0.0	0.0	0.0	0.0	0.0	0.0	0.0	0.0	0.0	0.0	0.0	0.0	0.0	0.0	0.0	0.0	0.0	0.0	0.0	0.0	0.0	0.0	0.0	0.0	0.0	0.0	0.0	0.0	0.0	0.0	0.0	0.0	0.0	0.0	0.0	0.0	0.0	0.0	0.0	0.0	0.0	0.0	0.0	0.0	0.0	0.0	0.0	0.0	0.0	0.0	0.0	0.0	0.0	0.0	0.0	0.0	0.0	0.0	0.0	0.0	0.0	0.0	0.0	0.0	0.0	0.0	0.0	0.0	0.0	0.0	0.0	0.0	0.0	0.0	0.0	0.0	0.0	0.0	0.0	0.0	0.0	0.0	0.0	0.0	0.0	29.780790608141984	-0.8192093918580063	0.12270909238051753	-0.4170808280409958	28.288316185127275	-0.21996034633764677	0.04356811833983605	-0.18385920957722093	-0.00310106248715037
90.0	90.4207	2600.0	2598.5486203471196	0.0001750654656736622	0.03182586475056807	28.24999691688843	-41.4025871721169	-12.213106918445193	15.966803733959297	46.0247001796306	-11.908791419275076	41.491142332775794	15.966803733960363	46.02470017963473	9.330752094781915e-15	0.0	9.330752094781915e-15	4.042455991486542	4.003463228177192	0.0403167600903041	0.08274790845776717	1.4724809196909419	-0.016511471029315838	1.0541135582866965	0.0	0.0	0.0	0.0	0.0	0.0	0.0	0.0	0.0	0.0	0.0	0.0	0.0	0.0	0.0	0.0	0.0	0.0	0.0	0.0	0.0	0.0	0.0	0.0	0.0	0.0	0.0	0.0	0.0	0.0	0.0	0.0	0.0	0.0	0.0	0.0	0.0	0.0	0.0	0.0	0.0	0.0	0.0	0.0	0.0	0.0	0.0	0.0	30539.847734482773	1430.752704265471	-85.43509954257483	30573.46320099163	-30449.37393452179	-1653.1805554392035	2214.8416529967503	30574.546644244238	0.0	0.0	0.0	0.0	0.0	0.0	0.0	0.0	0.0	0.0	0.0	0.0	0.0	0.0	0.0	0.0	0.0	0.0	0.0	0.0	0.0	0.0	0.0	0.0	0.0	0.0	0.0	0.0	30483.271353569726	866.9823791255363	-2195.7713086720296	30574.546644244238	0.0	0.0	0.0	0.0	0.0	0.0	0.0	0.0	0.0	0.0	0.0	0.0	0.0	0.0	0.0	0.0	0.0	0.0	0.0	0.0	0.0	0.0	0.0	0.0	0.0	0.0	0.0	0.0	0.0	0.0	0.0	0.0	0.0	0.0	0.0	0.0	0.0	0.0	0.0	0.0	0.0	0.0	0.0	0.0	0.0	0.0	0.0	0.0	0.0	0.0	0.0	0.0	0.0	0.0	0.0	0.0	0.0	0.0	0.0	0.0	0.0	0.0	0.0	0.0	0.0	0.0	0.0	0.0	0.0	0.0	0.0	0.0	0.0	0.0	0.0	0.0	0.0	0.0	0.0	0.0	0.0	0.0	0.0	0.0	0.0	0.0	0.0	0.0	0.0	0.0	0.0	0.0	0.0	0.0	0.0	0.0	0.0	0.0	0.0	0.0	29.781024397905178	-0.8189756020948206	0.12281479062503739	-0.41773628387537165	28.252010343575588	-0.21994156949927557	0.04350631187193256	-0.18299081535941383	-0.0031238913534890494
91.0	91.4206	2600.0	2598.5594600520994	-0.0009369413730373153	0.03203484920123936	28.249879998272466	-41.268950465837406	-8.272605304309765	9.159835314720912	43.07510712773033	-7.246964574962476	41.46135279415831	9.159835314721999	43.07510712772805	9.53781969371305e-15	0.0	9.53781969371305e-15	3.9562842485395193	3.914767455993071	0.0428089379230084	0.1510411918907874	1.471713813398886	-0.018018936339941317	1.055795028367862	0.0	0.0	0.0	0.0	0.0	0.0	0.0	0.0	0.0	0.0	0.0	0.0	0.0	0.0	0.0	0.0	0.0	0.0	0.0	0.0	0.0	0.0	0.0	0.0	0.0	0.0	0.0	0.0	0.0	0.0	0.0	0.0	0.0	0.0	0.0	0.0	0.0	0.0	0.0	0.0	0.0	0.0	0.0	0.0	0.0	0.0	0.0	0.0	30581.74776152792	1199.1806452143128	-85.06190504236481	30605.368252926866	-30492.973439057623	-1423.265196302242	2216.495744397437	30606.534700272932	0.0	0.0	0.0	0.0	0.0	0.0	0.0	0.0	0.0	0.0	0.0	0.0	0.0	0.0	0.0	0.0	0.0	0.0	0.0	0.0	0.0	0.0	0.0	0.0	0.0	0.0	0.0	0.0	30520.969579415603	633.7836432987438	-2197.430450522837	30606.534700272932	0.0	0.0	0.0	0.0	0.0	0.0	0.0	0.0	0.0	0.0	0.0	0.0	0.0	0.0	0.0	0.0	0.0	0.0	0.0	0.0	0.0	0.0	0.0	0.0	0.0	0.0	0.0	0.0	0.0	0.0	0.0	0.0	0.0	0.0	0.0	0.0	0.0	0.0	0.0	0.0	0.0	0.0	0.0	0.0	0.0	0.0	0.0	0.0	0.0	0.0	0.0	0.0	0.0	0.0	0.0	0.0	0.0	0.0	0.0	0.0	0.0	0.0	0.0	0.0	0.0	0.0	0.0	0.0	0.0	0.0	0.0	0.0	0.0	0.0	0.0	0.0	0.0	0.0	0.0	0.0	0.0	0.0	0.0	0.0	0.0	0.0	0.0	0.0	0.0	0.0	0.0	0.0	0.0	0.0	0.0	0.0	0.0	0.0	0.0	0.0	29.781204796506714	-0.8187952034932879	0.12293449733018219	-0.4185083981015843	28.215837498727854	-0.21992699963274137	0.04342530986158692	-0.1820550523414037	-0.0032756581156085404
92.0	92.4205	2600.0	2598.5261539842422	-0.00203682439307906	0.03221038474400617	28.24976361978847	-42.12771503049954	-11.359608625623878	16.14512681109188	46.5236520660681	-9.570320455168257	42.5698725415532	16.14512681109299	46.523652066072486	-4.7401731561690565e-15	0.0	-4.7401731561690565e-15	3.8682667754563504	3.8254492513694043	0.04407240338836136	0.21928471335181887	1.4712127778502504	-0.019545655387622898	1.057728921556326	0.0	0.0	0.0	0.0	0.0	0.0	0.0	0.0	0.0	0.0	0.0	0.0	0.0	0.0	0.0	0.0	0.0	0.0	0.0	0.0	0.0	0.0	0.0	0.0	0.0	0.0	0.0	0.0	0.0	0.0	0.0	0.0	0.0	0.0	0.0	0.0	0.0	0.0	0.0	0.0	0.0	0.0	0.0	0.0	0.0	0.0	0.0	0.0	30668.290834593867	1102.6596262223413	-85.21720870575182	30688.225477195552	-30580.042751861238	-1328.69935369549	2221.558524551011	30689.40825360074	0.0	0.0	0.0	0.0	0.0	0.0	0.0	0.0	0.0	0.0	0.0	0.0	0.0	0.0	0.0	0.0	0.0	0.0	0.0	0.0	0.0	0.0	0.0	0.0	0.0	0.0	0.0	0.0	30605.561622890382	534.6162205448132	-2203.0801620383263	30689.40825360074	0.0	0.0	0.0	0.0	0.0	0.0	0.0	0.0	0.0	0.0	0.0	0.0	0.0	0.0	0.0	0.0	0.0	0.0	0.0	0.0	0.0	0.0	0.0	0.0	0.0	0.0	0.0	0.0	0.0	0.0	0.0	0.0	0.0	0.0	0.0	0.0	0.0	0.0	0.0	0.0	0.0	0.0	0.0	0.0	0.0	0.0	0.0	0.0	0.0	0.0	0.0	0.0	0.0	0.0	0.0	0.0	0.0	0.0	0.0	0.0	0.0	0.0	0.0	0.0	0.0	0.0	0.0	0.0	0.0	0.0	0.0	0.0	0.0	0.0	0.0	0.0	0.0	0.0	0.0	0.0	0.0	0.0	0.0	0.0	0.0	0.0	0.0	0.0	0.0	0.0	0.0	0.0	0.0	0.0	0.0	0.0	0.0	0.0	0.0	0.0	29.78130763599668	-0.8186923640033221	0.12306619394300686	-0.419394514259941	28.179396083485614	-0.21991518008335334	0.0433639627068025	-0.18108062419693727	-0.0031491243418338096
93.0	93.4203	2600.0	2598.5237040669317	-0.00313034888433694	0.03237291847196157	28.249647499286002	-42.42308539167789	-9.363137120912143	9.227779215747235	44.413268514591145	-6.815471341889861	42.906128481638	9.227779215748356	44.41326851459535	-1.9949698232895016e-15	0.0	-1.9949698232895016e-15	3.7793710251266	3.7347353638922156	0.0458479302653283	0.2874524283481441	1.4709333893853074	-0.021090726161785943	1.0598917732422557	0.0	0.0	0.0	0.0	0.0	0.0	0.0	0.0	0.0	0.0	0.0	0.0	0.0	0.0	0.0	0.0	0.0	0.0	0.0	0.0	0.0	0.0	0.0	0.0	0.0	0.0	0.0	0.0	0.0	0.0	0.0	0.0	0.0	0.0	0.0	0.0	0.0	0.0	0.0	0.0	0.0	0.0	0.0	0.0	0.0	0.0	0.0	0.0	30747.4315627836	957.1870981297204	-86.49851756781167	30762.448485815115	-30659.93703070067	-1185.1690062651533	2228.4945309954346	30763.656352498452	0.0	0.0	0.0	0.0	0.0	0.0	0.0	0.0	0.0	0.0	0.0	0.0	0.0	0.0	0.0	0.0	0.0	0.0	0.0	0.0	0.0	0.0	0.0	0.0	0.0	0.0	0.0	0.0	30681.748150172818	386.54847258710834	-2209.85585555397	30763.656352498452	0.0	0.0	0.0	0.0	0.0	0.0	0.0	0.0	0.0	0.0	0.0	0.0	0.0	0.0	0.0	0.0	0.0	0.0	0.0	0.0	0.0	0.0	0.0	0.0	0.0	0.0	0.0	0.0	0.0	0.0	0.0	0.0	0.0	0.0	0.0	0.0	0.0	0.0	0.0	0.0	0.0	0.0	0.0	0.0	0.0	0.0	0.0	0.0	0.0	0.0	0.0	0.0	0.0	0.0	0.0	0.0	0.0	0.0	0.0	0.0	0.0	0.0	0.0	0.0	0.0	0.0	0.0	0.0	0.0	0.0	0.0	0.0	0.0	0.0	0.0	0.0	0.0	0.0	0.0	0.0	0.0	0.0	0.0	0.0	0.0	0.0	0.0	0.0	0.0	0.0	0.0	0.0	0.0	0.0	0.0	0.0	0.0	0.0	0.0	0.0	29.781353544404624	-0.8186464555953777	0.12319907110047763	-0.4203853991620502	28.143096061505062	-0.21990687726004693	0.043288207986629135	-0.1800550453304676	-0.0031364133644254
94.0	94.4202	2600.0	2598.521339257171	-0.00422241446901572	0.03250617433164515	28.249531509964385	-42.690367460141715	-9.09325749024174	12.51442383846169	45.40666922021942	-5.776038281172078	43.26421370417666	12.514423838462813	45.40666922022489	-8.82015871170476e-15	0.0	-8.82015871170476e-15	3.6895788889933745	3.6425889696476195	0.04815469346739065	0.35553611326549167	1.4709090536378322	-0.022645091472370402	1.062304014883862	0.0	0.0	0.0	0.0	0.0	0.0	0.0	0.0	0.0	0.0	0.0	0.0	0.0	0.0	0.0	0.0	0.0	0.0	0.0	0.0	0.0	0.0	0.0	0.0	0.0	0.0	0.0	0.0	0.0	0.0	0.0	0.0	0.0	0.0	0.0	0.0	0.0	0.0	0.0	0.0	0.0	0.0	0.0	0.0	0.0	0.0	0.0	0.0	30821.320233113718	793.4532268282017	-83.0373187920268	30831.643552227655	-30735.492390378244	-1023.314208401073	2224.349626596237	30832.8622691675	0.0	0.0	0.0	0.0	0.0	0.0	0.0	0.0	0.0	0.0	0.0	0.0	0.0	0.0	0.0	0.0	0.0	0.0	0.0	0.0	0.0	0.0	0.0	0.0	0.0	0.0	0.0	0.0	30753.142055851316	220.19346820199056	-2204.804807379386	30832.8622691675	0.0	0.0	0.0	0.0	0.0	0.0	0.0	0.0	0.0	0.0	0.0	0.0	0.0	0.0	0.0	0.0	0.0	0.0	0.0	0.0	0.0	0.0	0.0	0.0	0.0	0.0	0.0	0.0	0.0	0.0	0.0	0.0	0.0	0.0	0.0	0.0	0.0	0.0	0.0	0.0	0.0	0.0	0.0	0.0	0.0	0.0	0.0	0.0	0.0	0.0	0.0	0.0	0.0	0.0	0.0	0.0	0.0	0.0	0.0	0.0	0.0	0.0	0.0	0.0	0.0	0.0	0.0	0.0	0.0	0.0	0.0	0.0	0.0	0.0	0.0	0.0	0.0	0.0	0.0	0.0	0.0	0.0	0.0	0.0	0.0	0.0	0.0	0.0	0.0	0.0	0.0	0.0	0.0	0.0	0.0	0.0	0.0	0.0	0.0	0.0	29.781326341343288	-0.818673658656703	0.12332618965507733	-0.42148837980600845	28.106929895699192	-0.21990149637789091	0.04320204881496269	-0.17898790496218772	-0.00324000779575569
95.0	95.4201	2600.0	2598.441112563582	-0.005311689494917429	0.03258004810324987	28.249416128895945	-44.05824421198486	-8.973077282284066	10.454162554326404	46.162046246554326	-4.771323965172997	44.70882985022399	10.454162554327562	46.16204624655648	-1.2094691089390865e-13	0.0	-1.2094691089390865e-13	3.598487464811919	3.549508319494567	0.05009204674134458	0.4235079586407565	1.4710979309116994	-0.02421560140647805	1.064891575659405	0.0	0.0	0.0	0.0	0.0	0.0	0.0	0.0	0.0	0.0	0.0	0.0	0.0	0.0	0.0	0.0	0.0	0.0	0.0	0.0	0.0	0.0	0.0	0.0	0.0	0.0	0.0	0.0	0.0	0.0	0.0	0.0	0.0	0.0	0.0	0.0	0.0	0.0	0.0	0.0	0.0	0.0	0.0	0.0	0.0	0.0	0.0	0.0	30927.599573779342	744.5232687858481	-89.01298113251526	30936.68782537346	-30840.861292781174	-977.241062663584	2245.490143397164	30937.937089586594	0.0	0.0	0.0	0.0	0.0	0.0	0.0	0.0	0.0	0.0	0.0	0.0	0.0	0.0	0.0	0.0	0.0	0.0	0.0	0.0	0.0	0.0	0.0	0.0	0.0	0.0	0.0	0.0	30857.31591236325	168.52701710454335	-2225.6694921612275	30937.937089586594	0.0	0.0	0.0	0.0	0.0	0.0	0.0	0.0	0.0	0.0	0.0	0.0	0.0	0.0	0.0	0.0	0.0	0.0	0.0	0.0	0.0	0.0	0.0	0.0	0.0	0.0	0.0	0.0	0.0	0.0	0.0	0.0	0.0	0.0	0.0	0.0	0.0	0.0	0.0	0.0	0.0	0.0	0.0	0.0	0.0	0.0	0.0	0.0	0.0	0.0	0.0	0.0	0.0	0.0	0.0	0.0	0.0	0.0	0.0	0.0	0.0	0.0	0.0	0.0	0.0	0.0	0.0	0.0	0.0	0.0	0.0	0.0	0.0	0.0	0.0	0.0	0.0	0.0	0.0	0.0	0.0	0.0	0.0	0.0	0.0	0.0	0.0	0.0	0.0	0.0	0.0	0.0	0.0	0.0	0.0	0.0	0.0	0.0	0.0	0.0	29.781195990305378	-0.8188040096946204	0.1234545355520726	-0.42266951694984806	28.070726530025944	-0.2198978251757961	0.043125344456371666	-0.17794448039315844	-0.0032347396857022605
96.0	96.42	2600.0	2598.508317776521	-0.00637759349763785	0.03258209634149422	28.249303178697524	-41.51017933114417	-11.275616624787292	26.327002979970846	50.43159331490848	-6.563379156197698	42.51066421999347	26.32700297997195	50.431593314910224	0.0	0.0	0.0	3.506161939839967	3.4550651227777944	0.05215375341086331	0.49134109313779056	1.471483248144926	-0.02580795345162807	1.0676087146835163	0.0	0.0	0.0	0.0	0.0	0.0	0.0	0.0	0.0	0.0	0.0	0.0	0.0	0.0	0.0	0.0	0.0	0.0	0.0	0.0	0.0	0.0	0.0	0.0	0.0	0.0	0.0	0.0	0.0	0.0	0.0	0.0	0.0	0.0	0.0	0.0	0.0	0.0	0.0	0.0	0.0	0.0	0.0	0.0	0.0	0.0	0.0	0.0	31030.90020149172	706.5393010684336	-74.26258384727898	31039.03155754465	-30946.58196803823	-942.2738514425599	2216.746127274792	31040.180072100247	0.0	0.0	0.0	0.0	0.0	0.0	0.0	0.0	0.0	0.0	0.0	0.0	0.0	0.0	0.0	0.0	0.0	0.0	0.0	0.0	0.0	0.0	0.0	0.0	0.0	0.0	0.0	0.0	30962.09737883996	128.22914776971655	-2196.5568732229053	31040.180072100247	0.0	0.0	0.0	0.0	0.0	0.0	0.0	0.0	0.0	0.0	0.0	0.0	0.0	0.0	0.0	0.0	0.0	0.0	0.0	0.0	0.0	0.0	0.0	0.0	0.0	0.0	0.0	0.0	0.0	0.0	0.0	0.0	0.0	0.0	0.0	0.0	0.0	0.0	0.0	0.0	0.0	0.0	0.0	0.0	0.0	0.0	0.0	0.0	0.0	0.0	0.0	0.0	0.0	0.0	0.0	0.0	0.0	0.0	0.0	0.0	0.0	0.0	0.0	0.0	0.0	0.0	0.0	0.0	0.0	0.0	0.0	0.0	0.0	0.0	0.0	0.0	0.0	0.0	0.0	0.0	0.0	0.0	0.0	0.0	0.0	0.0	0.0	0.0	0.0	0.0	0.0	0.0	0.0	0.0	0.0	0.0	0.0	0.0	0.0	0.0	29.780950178012194	-0.8190498219878074	0.12360985830193547	-0.4239095903696646	28.034511363846587	-0.21989522279504492	0.04305669991232362	-0.1769569963481555	-0.00323340603195115
97.0	97.42	2600.0	2598.4912406963376	-0.007423706307354141	0.03251305211424108	28.249192737278157	-44.02640893800709	-16.05134776684099	34.827959581177865	58.3862759361895	-10.231267253750046	45.73064201922898	34.82795958117906	58.386275936188746	5.786080304543896e-14	0.0	5.786080304543896e-14	3.4132372961170634	3.359392313972253	0.05484244857702366	0.5590296918773251	1.4721159352112287	-0.027409987639663437	1.0705170465452227	0.0	0.0	0.0	0.0	0.0	0.0	0.0	0.0	0.0	0.0	0.0	0.0	0.0	0.0	0.0	0.0	0.0	0.0	0.0	0.0	0.0	0.0	0.0	0.0	0.0	0.0	0.0	0.0	0.0	0.0	0.0	0.0	0.0	0.0	0.0	0.0	0.0	0.0	0.0	0.0	0.0	0.0	0.0	0.0	0.0	0.0	0.0	0.0	31135.12915322925	645.8558108127751	-79.8869949733039	31141.929597386734	-31050.8078073783	-882.116070260785	2228.5122729984278	31143.17037815935	0.0	0.0	0.0	0.0	0.0	0.0	0.0	0.0	0.0	0.0	0.0	0.0	0.0	0.0	0.0	0.0	0.0	0.0	0.0	0.0	0.0	0.0	0.0	0.0	0.0	0.0	0.0	0.0	31064.78906434596	62.33086138446632	-2207.2735341303965	31143.17037815935	0.0	0.0	0.0	0.0	0.0	0.0	0.0	0.0	0.0	0.0	0.0	0.0	0.0	0.0	0.0	0.0	0.0	0.0	0.0	0.0	0.0	0.0	0.0	0.0	0.0	0.0	0.0	0.0	0.0	0.0	0.0	0.0	0.0	0.0	0.0	0.0	0.0	0.0	0.0	0.0	0.0	0.0	0.0	0.0	0.0	0.0	0.0	0.0	0.0	0.0	0.0	0.0	0.0	0.0	0.0	0.0	0.0	0.0	0.0	0.0	0.0	0.0	0.0	0.0	0.0	0.0	0.0	0.0	0.0	0.0	0.0	0.0	0.0	0.0	0.0	0.0	0.0	0.0	0.0	0.0	0.0	0.0	0.0	0.0	0.0	0.0	0.0	0.0	0.0	0.0	0.0	0.0	0.0	0.0	0.0	0.0	0.0	0.0	0.0	0.0	29.780589973196417	-0.8194100268035848	0.12378193594072262	-0.42523445281029926	27.998552983108304	-0.2198936386745601	0.04298733546120103	-0.17599853992236547	-0.00335379307881921
98.0	98.42	2600.0	2598.4645620581787	-0.008473465542036162	0.032368779504129565	28.249083553806717	-43.419787765578796	-9.071000447032928	16.59924944041002	47.36133550379391	-2.615320035873083	44.280030711688596	16.59924944041118	47.36133550379587	-1.1383975794634042e-14	0.0	-1.1383975794634042e-14	3.318983205091019	3.2626994815782826	0.05721858714410633	0.6265506138899611	1.4729086697223719	-0.029017810220597847	1.0735484350765157	0.0	0.0	0.0	0.0	0.0	0.0	0.0	0.0	0.0	0.0	0.0	0.0	0.0	0.0	0.0	0.0	0.0	0.0	0.0	0.0	0.0	0.0	0.0	0.0	0.0	0.0	0.0	0.0	0.0	0.0	0.0	0.0	0.0	0.0	0.0	0.0	0.0	0.0	0.0	0.0	0.0	0.0	0.0	0.0	0.0	0.0	0.0	0.0	31146.24621662332	591.0375482955833	-76.7825992452829	31151.948162796565	-31062.976149119935	-828.5235801820727	2218.1507366940887	31153.091841010075	0.0	0.0	0.0	0.0	0.0	0.0	0.0	0.0	0.0	0.0	0.0	0.0	0.0	0.0	0.0	0.0	0.0	0.0	0.0	0.0	0.0	0.0	0.0	0.0	0.0	0.0	0.0	0.0	31075.593466947914	5.493189568044757	-2196.040016998765	31153.091841010075	0.0	0.0	0.0	0.0	0.0	0.0	0.0	0.0	0.0	0.0	0.0	0.0	0.0	0.0	0.0	0.0	0.0	0.0	0.0	0.0	0.0	0.0	0.0	0.0	0.0	0.0	0.0	0.0	0.0	0.0	0.0	0.0	0.0	0.0	0.0	0.0	0.0	0.0	0.0	0.0	0.0	0.0	0.0	0.0	0.0	0.0	0.0	0.0	0.0	0.0	0.0	0.0	0.0	0.0	0.0	0.0	0.0	0.0	0.0	0.0	0.0	0.0	0.0	0.0	0.0	0.0	0.0	0.0	0.0	0.0	0.0	0.0	0.0	0.0	0.0	0.0	0.0	0.0	0.0	0.0	0.0	0.0	0.0	0.0	0.0	0.0	0.0	0.0	0.0	0.0	0.0	0.0	0.0	0.0	0.0	0.0	0.0	0.0	0.0	0.0	29.780111663892907	-0.8198883361070949	0.1239436645639388	-0.42661202288257044	27.962543346366314	-0.21989298505875898	0.04293014694134317	-0.17510485504928913	-0.0033781514713592206
99.0	99.42	2600.0	2598.5320946265574	-0.009546010804991113	0.0321480160704118	28.24897467487213	-42.778388485286996	-15.641342069451639	69.92017595769497	83.44742721670191	-8.428852880477278	44.761552053641935	69.92017595769616	83.44742721670227	-8.711098022574779e-14	0.0	-8.711098022574779e-14	3.2235881996720908	3.165008141981374	0.05944964361522608	0.6938941083794089	1.4738466448082668	-0.030618923746217223	1.076706157285947	0.0	0.0	0.0	0.0	0.0	0.0	0.0	0.0	0.0	0.0	0.0	0.0	0.0	0.0	0.0	0.0	0.0	0.0	0.0	0.0	0.0	0.0	0.0	0.0	0.0	0.0	0.0	0.0	0.0	0.0	0.0	0.0	0.0	0.0	0.0	0.0	0.0	0.0	0.0	0.0	0.0	0.0	0.0	0.0	0.0	0.0	0.0	0.0	31141.45869150371	540.5090131557208	-73.76971467261303	31146.236392198934	-31059.487447684576	-779.2657562537097	2205.5549827098735	31147.44754251144	0.0	0.0	0.0	0.0	0.0	0.0	0.0	0.0	0.0	0.0	0.0	0.0	0.0	0.0	0.0	0.0	0.0	0.0	0.0	0.0	0.0	0.0	0.0	0.0	0.0	0.0	0.0	0.0	31070.848489692387	-46.62934800919346	-2182.58751210273	31147.44754251144	0.0	0.0	0.0	0.0	0.0	0.0	0.0	0.0	0.0	0.0	0.0	0.0	0.0	0.0	0.0	0.0	0.0	0.0	0.0	0.0	0.0	0.0	0.0	0.0	0.0	0.0	0.0	0.0	0.0	0.0	0.0	0.0	0.0	0.0	0.0	0.0	0.0	0.0	0.0	0.0	0.0	0.0	0.0	0.0	0.0	0.0	0.0	0.0	0.0	0.0	0.0	0.0	0.0	0.0	0.0	0.0	0.0	0.0	0.0	0.0	0.0	0.0	0.0	0.0	0.0	0.0	0.0	0.0	0.0	0.0	0.0	0.0	0.0	0.0	0.0	0.0	0.0	0.0	0.0	0.0	0.0	0.0	0.0	0.0	0.0	0.0	0.0	0.0	0.0	0.0	0.0	0.0	0.0	0.0	0.0	0.0	0.0	0.0	0.0	0.0	29.779514458822565	-0.8204855411774402	0.1240718085407022	-0.4280426110900766	27.926562764987462	-0.2198933292145315	0.04288302244704765	-0.17427618711634296	-0.0033482253815265606
100.0	100.42	2600.0	2598.429003698857	-0.01063120399724765	0.03186145414255449	28.24886702965231	-44.056191807514544	-11.410152950071279	67.19495151854265	81.15602957577354	-3.253865589569614	45.39330331281963	67.19495151854383	81.15602957577511	5.893258775858832e-15	0.0	5.893258775858832e-15	3.1272844083077085	3.066328511502957	0.06175807178490709	0.761043468327955	1.4749648187901983	-0.03220992554910161	1.0800240832000558	0.0	0.0	0.0	0.0	0.0	0.0	0.0	0.0	0.0	0.0	0.0	0.0	0.0	0.0	0.0	0.0	0.0	0.0	0.0	0.0	0.0	0.0	0.0	0.0	0.0	0.0	0.0	0.0	0.0	0.0	0.0	0.0	0.0	0.0	0.0	0.0	0.0	0.0	0.0	0.0	0.0	0.0	0.0	0.0	0.0	0.0	0.0	0.0	31140.22461336217	487.5370791162233	-76.82783721781475	31144.13562600079	-31058.49109638184	-727.6114069965103	2206.728333472339	31145.287564595896	0.0	0.0	0.0	0.0	0.0	0.0	0.0	0.0	0.0	0.0	0.0	0.0	0.0	0.0	0.0	0.0	0.0	0.0	0.0	0.0	0.0	0.0	0.0	0.0	0.0	0.0	0.0	0.0	31068.54420292559	-101.45455626096437	-2182.706018969016	31145.287564595896	0.0	0.0	0.0	0.0	0.0	0.0	0.0	0.0	0.0	0.0	0.0	0.0	0.0	0.0	0.0	0.0	0.0	0.0	0.0	0.0	0.0	0.0	0.0	0.0	0.0	0.0	0.0	0.0	0.0	0.0	0.0	0.0	0.0	0.0	0.0	0.0	0.0	0.0	0.0	0.0	0.0	0.0	0.0	0.0	0.0	0.0	0.0	0.0	0.0	0.0	0.0	0.0	0.0	0.0	0.0	0.0	0.0	0.0	0.0	0.0	0.0	0.0	0.0	0.0	0.0	0.0	0.0	0.0	0.0	0.0	0.0	0.0	0.0	0.0	0.0	0.0	0.0	0.0	0.0	0.0	0.0	0.0	0.0	0.0	0.0	0.0	0.0	0.0	0.0	0.0	0.0	0.0	0.0	0.0	0.0	0.0	0.0	0.0	0.0	0.0	29.778809508289672	-0.8211904917103254	0.12417190490688462	-0.42954206665805306	27.89070749679844	-0.21989468989470523	0.04284190318372575	-0.17348557648824198	-0.0033267079513134294
101.0	101.42	2600.0	2598.5415346729637	-0.011709691525503337	0.031525053232331464	28.24876204500005	-42.54198124858886	-15.079953849626692	63.36030679490489	77.79301802736944	-6.358101094359881	44.68556508690017	63.36030679490606	77.79301802736742	-1.4393127778511782e-15	0.0	-1.4393127778511782e-15	3.0301204743045718	2.9665370173457877	0.06431654353438966	0.8279589534530737	1.4762493775958332	-0.033806508548299155	1.0834578306244766	0.0	0.0	0.0	0.0	0.0	0.0	0.0	0.0	0.0	0.0	0.0	0.0	0.0	0.0	0.0	0.0	0.0	0.0	0.0	0.0	0.0	0.0	0.0	0.0	0.0	0.0	0.0	0.0	0.0	0.0	0.0	0.0	0.0	0.0	0.0	0.0	0.0	0.0	0.0	0.0	0.0	0.0	0.0	0.0	0.0	0.0	0.0	0.0	31137.287166801158	438.3844945891626	-75.89561264889883	31140.465526657685	-31056.574788560436	-679.899071032324	2198.168155103931	31141.693010855255	0.0	0.0	0.0	0.0	0.0	0.0	0.0	0.0	0.0	0.0	0.0	0.0	0.0	0.0	0.0	0.0	0.0	0.0	0.0	0.0	0.0	0.0	0.0	0.0	0.0	0.0	0.0	0.0	31065.42160927064	-152.25828943177441	-2172.887763763029	31141.693010855255	0.0	0.0	0.0	0.0	0.0	0.0	0.0	0.0	0.0	0.0	0.0	0.0	0.0	0.0	0.0	0.0	0.0	0.0	0.0	0.0	0.0	0.0	0.0	0.0	0.0	0.0	0.0	0.0	0.0	0.0	0.0	0.0	0.0	0.0	0.0	0.0	0.0	0.0	0.0	0.0	0.0	0.0	0.0	0.0	0.0	0.0	0.0	0.0	0.0	0.0	0.0	0.0	0.0	0.0	0.0	0.0	0.0	0.0	0.0	0.0	0.0	0.0	0.0	0.0	0.0	0.0	0.0	0.0	0.0	0.0	0.0	0.0	0.0	0.0	0.0	0.0	0.0	0.0	0.0	0.0	0.0	0.0	0.0	0.0	0.0	0.0	0.0	0.0	0.0	0.0	0.0	0.0	0.0	0.0	0.0	0.0	0.0	0.0	0.0	0.0	29.778013174892873	-0.8219868251071283	0.12427503312521063	-0.43109233961924137	27.854995505327214	-0.21989703084489035	0.04280310774547787	-0.17273468469149586	-0.00335126282567395
102.0	102.42	2600.0	2598.4917539064077	-0.012779985336185623	0.031141754526556948	28.248660027683524	-43.044030034750904	-13.9735465763024	64.83722291265006	79.06904578011113	-4.388752047692833	45.04206235305901	64.83722291265126	79.06904578011432	1.2914904532529161e-14	0.0	1.2914904532529161e-14	2.931988233721133	2.8658275297382976	0.0668234892477313	0.8946118961673071	1.4776376622248597	-0.03541153264884825	1.086948811246566	0.0	0.0	0.0	0.0	0.0	0.0	0.0	0.0	0.0	0.0	0.0	0.0	0.0	0.0	0.0	0.0	0.0	0.0	0.0	0.0	0.0	0.0	0.0	0.0	0.0	0.0	0.0	0.0	0.0	0.0	0.0	0.0	0.0	0.0	0.0	0.0	0.0	0.0	0.0	0.0	0.0	0.0	0.0	0.0	0.0	0.0	0.0	0.0	31135.42296428428	387.54369651023643	-74.35118549753591	31137.923523902016	-31055.72730127278	-630.1935708280696	2188.1279514804946	31139.095139065663	0.0	0.0	0.0	0.0	0.0	0.0	0.0	0.0	0.0	0.0	0.0	0.0	0.0	0.0	0.0	0.0	0.0	0.0	0.0	0.0	0.0	0.0	0.0	0.0	0.0	0.0	0.0	0.0	31063.310183711157	-205.0840273925477	-2161.468725667416	31139.095139065663	0.0	0.0	0.0	0.0	0.0	0.0	0.0	0.0	0.0	0.0	0.0	0.0	0.0	0.0	0.0	0.0	0.0	0.0	0.0	0.0	0.0	0.0	0.0	0.0	0.0	0.0	0.0	0.0	0.0	0.0	0.0	0.0	0.0	0.0	0.0	0.0	0.0	0.0	0.0	0.0	0.0	0.0	0.0	0.0	0.0	0.0	0.0	0.0	0.0	0.0	0.0	0.0	0.0	0.0	0.0	0.0	0.0	0.0	0.0	0.0	0.0	0.0	0.0	0.0	0.0	0.0	0.0	0.0	0.0	0.0	0.0	0.0	0.0	0.0	0.0	0.0	0.0	0.0	0.0	0.0	0.0	0.0	0.0	0.0	0.0	0.0	0.0	0.0	0.0	0.0	0.0	0.0	0.0	0.0	0.0	0.0	0.0	0.0	0.0	0.0	29.777128981585445	-0.822871018414553	0.12437688715774764	-0.43266775709929084	27.819379515065616	-0.21990032661597814	0.04277036874663463	-0.17204563869003617	-0.00335211248428081
103.0	103.4201	2600.0	2598.509131944234	-0.01384077556711101	0.030712782516250325	28.248561281510344	-42.520768320635405	-15.575460534104424	63.276662927539356	77.81096825430222	-5.281587909448716	44.97460993250571	63.27666292754054	77.81096825430113	0.0	0.0	0.0	2.833007463754549	2.7642003934773616	0.06939889359952556	0.960988859709342	1.4791634495473165	-0.037019510667204845	1.0905389044727805	0.0	0.0	0.0	0.0	0.0	0.0	0.0	0.0	0.0	0.0	0.0	0.0	0.0	0.0	0.0	0.0	0.0	0.0	0.0	0.0	0.0	0.0	0.0	0.0	0.0	0.0	0.0	0.0	0.0	0.0	0.0	0.0	0.0	0.0	0.0	0.0	0.0	0.0	0.0	0.0	0.0	0.0	0.0	0.0	0.0	0.0	0.0	0.0	31133.261556000914	335.2882724766805	-73.80259172044798	31135.154410450094	-31054.53177542518	-579.2321032057145	2179.8789377874045	31136.334495307667	0.0	0.0	0.0	0.0	0.0	0.0	0.0	0.0	0.0	0.0	0.0	0.0	0.0	0.0	0.0	0.0	0.0	0.0	0.0	0.0	0.0	0.0	0.0	0.0	0.0	0.0	0.0	0.0	31060.819005198227	-259.22573727331405	-2151.662275343831	31136.334495307667	0.0	0.0	0.0	0.0	0.0	0.0	0.0	0.0	0.0	0.0	0.0	0.0	0.0	0.0	0.0	0.0	0.0	0.0	0.0	0.0	0.0	0.0	0.0	0.0	0.0	0.0	0.0	0.0	0.0	0.0	0.0	0.0	0.0	0.0	0.0	0.0	0.0	0.0	0.0	0.0	0.0	0.0	0.0	0.0	0.0	0.0	0.0	0.0	0.0	0.0	0.0	0.0	0.0	0.0	0.0	0.0	0.0	0.0	0.0	0.0	0.0	0.0	0.0	0.0	0.0	0.0	0.0	0.0	0.0	0.0	0.0	0.0	0.0	0.0	0.0	0.0	0.0	0.0	0.0	0.0	0.0	0.0	0.0	0.0	0.0	0.0	0.0	0.0	0.0	0.0	0.0	0.0	0.0	0.0	0.0	0.0	0.0	0.0	0.0	0.0	29.77615879726409	-0.8238412027359133	0.12446969480152793	-0.43428629572071054	27.78390864768629	-0.2199046296859955	0.04274259126648179	-0.1713986302046981	-0.00336218371419861
104.0	104.4201	2600.0	2598.514755397492	-0.014891377009279259	0.03023777629426748	28.248466084748443	-42.64071390090248	-16.980481608432452	65.32278776933025	79.8350414266185	-5.826741400938772	45.52599611518235	65.32278776933144	79.83504142661997	0.0	0.0	0.0	2.7331556861813198	2.6617086700080135	0.07196769899070087	1.0270667388652197	1.4807973107498165	-0.03863057267900986	1.094206084076957	0.0	0.0	0.0	0.0	0.0	0.0	0.0	0.0	0.0	0.0	0.0	0.0	0.0	0.0	0.0	0.0	0.0	0.0	0.0	0.0	0.0	0.0	0.0	0.0	0.0	0.0	0.0	0.0	0.0	0.0	0.0	0.0	0.0	0.0	0.0	0.0	0.0	0.0	0.0	0.0	0.0	0.0	0.0	0.0	0.0	0.0	0.0	0.0	31131.027722292612	282.99838895448914	-72.72419249971978	31132.398942941683	-31053.45293469725	-527.7345938341232	2168.9910466342412	31133.582593870662	0.0	0.0	0.0	0.0	0.0	0.0	0.0	0.0	0.0	0.0	0.0	0.0	0.0	0.0	0.0	0.0	0.0	0.0	0.0	0.0	0.0	0.0	0.0	0.0	0.0	0.0	0.0	0.0	31058.424659579116	-313.88563814643135	-2139.0882639057563	31133.582593870662	0.0	0.0	0.0	0.0	0.0	0.0	0.0	0.0	0.0	0.0	0.0	0.0	0.0	0.0	0.0	0.0	0.0	0.0	0.0	0.0	0.0	0.0	0.0	0.0	0.0	0.0	0.0	0.0	0.0	0.0	0.0	0.0	0.0	0.0	0.0	0.0	0.0	0.0	0.0	0.0	0.0	0.0	0.0	0.0	0.0	0.0	0.0	0.0	0.0	0.0	0.0	0.0	0.0	0.0	0.0	0.0	0.0	0.0	0.0	0.0	0.0	0.0	0.0	0.0	0.0	0.0	0.0	0.0	0.0	0.0	0.0	0.0	0.0	0.0	0.0	0.0	0.0	0.0	0.0	0.0	0.0	0.0	0.0	0.0	0.0	0.0	0.0	0.0	0.0	0.0	0.0	0.0	0.0	0.0	0.0	0.0	0.0	0.0	0.0	0.0	29.775102953203984	-0.8248970467960143	0.12454647494971796	-0.43593823136066995	27.748571664434234	-0.21990992312011562	0.042720887930238455	-0.1708030675992487	-0.0033648646391696807
105.0	105.4201	2600.0	2598.521162472107	-0.015931354501415012	0.02971770925895169	28.248374671118512	-41.71371470692611	-17.49896515333421	65.3856579260697	79.50806272645202	-5.7776155402134455	44.86498562083215	65.38565792607089	79.50806272645025	5.34594763622198e-15	0.0	5.34594763622198e-15	2.6325365227825275	2.5583396227410526	0.07464680184796575	1.092825371705684	1.482559539720144	-0.04024520717705663	1.097975549858953	0.0	0.0	0.0	0.0	0.0	0.0	0.0	0.0	0.0	0.0	0.0	0.0	0.0	0.0	0.0	0.0	0.0	0.0	0.0	0.0	0.0	0.0	0.0	0.0	0.0	0.0	0.0	0.0	0.0	0.0	0.0	0.0	0.0	0.0	0.0	0.0	0.0	0.0	0.0	0.0	0.0	0.0	0.0	0.0	0.0	0.0	0.0	0.0	31128.46358049544	236.98410507746408	-72.51942737149767	31129.45013031288	-31051.742455924417	-484.0813841310922	2161.021206728064	31130.6128592331	0.0	0.0	0.0	0.0	0.0	0.0	0.0	0.0	0.0	0.0	0.0	0.0	0.0	0.0	0.0	0.0	0.0	0.0	0.0	0.0	0.0	0.0	0.0	0.0	0.0	0.0	0.0	0.0	31055.604303953438	-360.77537972619774	-2129.3988431248845	31130.6128592331	0.0	0.0	0.0	0.0	0.0	0.0	0.0	0.0	0.0	0.0	0.0	0.0	0.0	0.0	0.0	0.0	0.0	0.0	0.0	0.0	0.0	0.0	0.0	0.0	0.0	0.0	0.0	0.0	0.0	0.0	0.0	0.0	0.0	0.0	0.0	0.0	0.0	0.0	0.0	0.0	0.0	0.0	0.0	0.0	0.0	0.0	0.0	0.0	0.0	0.0	0.0	0.0	0.0	0.0	0.0	0.0	0.0	0.0	0.0	0.0	0.0	0.0	0.0	0.0	0.0	0.0	0.0	0.0	0.0	0.0	0.0	0.0	0.0	0.0	0.0	0.0	0.0	0.0	0.0	0.0	0.0	0.0	0.0	0.0	0.0	0.0	0.0	0.0	0.0	0.0	0.0	0.0	0.0	0.0	0.0	0.0	0.0	0.0	0.0	0.0	29.773963154571724	-0.8260368454282769	0.12460385802588346	-0.4376345367237044	27.71341053150751	-0.21991620597834036	0.042701394549092914	-0.17024626718121072	-0.0033863637110559596
106.0	106.4201	2600.0	2598.5178371902966	-0.016938413583423826	0.029153200104763147	28.24828873703611	-39.08486865552913	-17.66694202831513	65.62391627729805	78.3979986097964	-5.897973375454967	42.484840926077595	65.62391627729917	78.39799860979659	-9.423678902767393e-15	0.0	-9.423678902767393e-15	2.531076527715719	2.4542208836350827	0.077235616246107	1.1582371497301	1.4844165688277302	-0.04186790732560034	1.101797551497039	0.0	0.0	0.0	0.0	0.0	0.0	0.0	0.0	0.0	0.0	0.0	0.0	0.0	0.0	0.0	0.0	0.0	0.0	0.0	0.0	0.0	0.0	0.0	0.0	0.0	0.0	0.0	0.0	0.0	0.0	0.0	0.0	0.0	0.0	0.0	0.0	0.0	0.0	0.0	0.0	0.0	0.0	0.0	0.0	0.0	0.0	0.0	0.0	31125.41035986924	210.42068566435597	-72.8073094648269	31126.206769208522	-31049.17992358226	-462.0291378546283	2154.2604884192933	31127.253060672978	0.0	0.0	0.0	0.0	0.0	0.0	0.0	0.0	0.0	0.0	0.0	0.0	0.0	0.0	0.0	0.0	0.0	0.0	0.0	0.0	0.0	0.0	0.0	0.0	0.0	0.0	0.0	0.0	31052.486216138605	-386.0966871475974	-2121.299660083614	31127.253060672978	0.0	0.0	0.0	0.0	0.0	0.0	0.0	0.0	0.0	0.0	0.0	0.0	0.0	0.0	0.0	0.0	0.0	0.0	0.0	0.0	0.0	0.0	0.0	0.0	0.0	0.0	0.0	0.0	0.0	0.0	0.0	0.0	0.0	0.0	0.0	0.0	0.0	0.0	0.0	0.0	0.0	0.0	0.0	0.0	0.0	0.0	0.0	0.0	0.0	0.0	0.0	0.0	0.0	0.0	0.0	0.0	0.0	0.0	0.0	0.0	0.0	0.0	0.0	0.0	0.0	0.0	0.0	0.0	0.0	0.0	0.0	0.0	0.0	0.0	0.0	0.0	0.0	0.0	0.0	0.0	0.0	0.0	0.0	0.0	0.0	0.0	0.0	0.0	0.0	0.0	0.0	0.0	0.0	0.0	0.0	0.0	0.0	0.0	0.0	0.0	29.772740713737253	-0.8272592862627414	0.12466620602916936	-0.43935410626485427	27.678390810904432	-0.2199234347832887	0.042689924252445874	-0.16974808575205477	-0.0033822284544862396
107.0	107.4201	2600.0	2598.5757370951483	-0.01790784649975119	0.028546083253309304	28.24820874242973	-40.010704845542925	-17.93688192530863	61.17101742818263	75.2627504721867	-5.136000684804459	43.54549037966352	61.1710174281838	75.26275047218809	-8.032245705343759e-14	0.0	-8.032245705343759e-14	2.4289375387697802	2.3492750782960177	0.07997389200601705	1.2232860741861238	1.4864007414369365	-0.043495911845384504	1.105706486578812	0.0	0.0	0.0	0.0	0.0	0.0	0.0	0.0	0.0	0.0	0.0	0.0	0.0	0.0	0.0	0.0	0.0	0.0	0.0	0.0	0.0	0.0	0.0	0.0	0.0	0.0	0.0	0.0	0.0	0.0	0.0	0.0	0.0	0.0	0.0	0.0	0.0	0.0	0.0	0.0	0.0	0.0	0.0	0.0	0.0	0.0	0.0	0.0	31127.39480376696	134.56218632452152	-70.91974073299313	31127.766445108024	-31053.014264560195	-383.2840269071873	2138.491894821684	31128.921425974266	0.0	0.0	0.0	0.0	0.0	0.0	0.0	0.0	0.0	0.0	0.0	0.0	0.0	0.0	0.0	0.0	0.0	0.0	0.0	0.0	0.0	0.0	0.0	0.0	0.0	0.0	0.0	0.0	31054.286318561622	-468.0916141290279	-2102.84108530771	31128.921425974266	0.0	0.0	0.0	0.0	0.0	0.0	0.0	0.0	0.0	0.0	0.0	0.0	0.0	0.0	0.0	0.0	0.0	0.0	0.0	0.0	0.0	0.0	0.0	0.0	0.0	0.0	0.0	0.0	0.0	0.0	0.0	0.0	0.0	0.0	0.0	0.0	0.0	0.0	0.0	0.0	0.0	0.0	0.0	0.0	0.0	0.0	0.0	0.0	0.0	0.0	0.0	0.0	0.0	0.0	0.0	0.0	0.0	0.0	0.0	0.0	0.0	0.0	0.0	0.0	0.0	0.0	0.0	0.0	0.0	0.0	0.0	0.0	0.0	0.0	0.0	0.0	0.0	0.0	0.0	0.0	0.0	0.0	0.0	0.0	0.0	0.0	0.0	0.0	0.0	0.0	0.0	0.0	0.0	0.0	0.0	0.0	0.0	0.0	0.0	0.0	29.77143827894816	-0.8285617210518373	0.1247357902373246	-0.44111189612030793	27.643578522595792	-0.219931673350637	0.042680704403304584	-0.16929085205370414	-0.003410565832864
108.0	108.4201	2600.0	2598.50436701945	-0.018849240360099967	0.027903560947023176	28.248134058069468	-41.952251209047965	-20.475948616013735	66.48787109517657	81.23972461795717	-6.170729257179119	46.272864117832796	66.4878710951778	81.23972461795891	-3.1977036674129843e-15	0.0	-3.1977036674129843e-15	2.326134965967677	2.2435754093666063	0.08280431680691532	1.287946773222655	1.488477180047427	-0.045130804242705144	1.1096564587635214	0.0	0.0	0.0	0.0	0.0	0.0	0.0	0.0	0.0	0.0	0.0	0.0	0.0	0.0	0.0	0.0	0.0	0.0	0.0	0.0	0.0	0.0	0.0	0.0	0.0	0.0	0.0	0.0	0.0	0.0	0.0	0.0	0.0	0.0	0.0	0.0	0.0	0.0	0.0	0.0	0.0	0.0	0.0	0.0	0.0	0.0	0.0	0.0	31126.15848671526	88.6180525528362	-70.9692229314901	31126.365543216863	-31052.80065388216	-338.5663264934923	2128.393145905924	31127.497698830848	0.0	0.0	0.0	0.0	0.0	0.0	0.0	0.0	0.0	0.0	0.0	0.0	0.0	0.0	0.0	0.0	0.0	0.0	0.0	0.0	0.0	0.0	0.0	0.0	0.0	0.0	0.0	0.0	31052.925748373076	-516.098029904525	-2090.588022609156	31127.497698830848	0.0	0.0	0.0	0.0	0.0	0.0	0.0	0.0	0.0	0.0	0.0	0.0	0.0	0.0	0.0	0.0	0.0	0.0	0.0	0.0	0.0	0.0	0.0	0.0	0.0	0.0	0.0	0.0	0.0	0.0	0.0	0.0	0.0	0.0	0.0	0.0	0.0	0.0	0.0	0.0	0.0	0.0	0.0	0.0	0.0	0.0	0.0	0.0	0.0	0.0	0.0	0.0	0.0	0.0	0.0	0.0	0.0	0.0	0.0	0.0	0.0	0.0	0.0	0.0	0.0	0.0	0.0	0.0	0.0	0.0	0.0	0.0	0.0	0.0	0.0	0.0	0.0	0.0	0.0	0.0	0.0	0.0	0.0	0.0	0.0	0.0	0.0	0.0	0.0	0.0	0.0	0.0	0.0	0.0	0.0	0.0	0.0	0.0	0.0	0.0	29.770063866694947	-0.8299361333050541	0.12480336404548456	-0.4428877246443688	27.608978359356612	-0.21994088438571113	0.042677365598757726	-0.16888675112958976	-0.00345848628273787
109.0	109.4201	2600.0	2598.5932966010537	-0.01977551079059381	0.027228215946259782	28.248063916950027	-40.92017175799993	-21.44546551330586	72.13599088494625	85.66194971362522	-6.619725733808082	45.72250735683701	72.13599088494747	85.66194971362769	2.4761732602090375e-15	0.0	2.4761732602090375e-15	2.2224026624124344	2.1373801284359546	0.08520302515809902	1.3522027882865695	1.4906756517269573	-0.04677018827948489	1.1136721687259936	0.0	0.0	0.0	0.0	0.0	0.0	0.0	0.0	0.0	0.0	0.0	0.0	0.0	0.0	0.0	0.0	0.0	0.0	0.0	0.0	0.0	0.0	0.0	0.0	0.0	0.0	0.0	0.0	0.0	0.0	0.0	0.0	0.0	0.0	0.0	0.0	0.0	0.0	0.0	0.0	0.0	0.0	0.0	0.0	0.0	0.0	0.0	0.0	31125.479049904137	33.14339559307523	-69.86860759708627	31125.575114253243	-31053.51481816134	-284.2182267063071	2115.4156221770345	31126.781809507855	0.0	0.0	0.0	0.0	0.0	0.0	0.0	0.0	0.0	0.0	0.0	0.0	0.0	0.0	0.0	0.0	0.0	0.0	0.0	0.0	0.0	0.0	0.0	0.0	0.0	0.0	0.0	0.0	31052.21876252889	-573.711442895629	-2075.3580223778463	31126.781809507855	0.0	0.0	0.0	0.0	0.0	0.0	0.0	0.0	0.0	0.0	0.0	0.0	0.0	0.0	0.0	0.0	0.0	0.0	0.0	0.0	0.0	0.0	0.0	0.0	0.0	0.0	0.0	0.0	0.0	0.0	0.0	0.0	0.0	0.0	0.0	0.0	0.0	0.0	0.0	0.0	0.0	0.0	0.0	0.0	0.0	0.0	0.0	0.0	0.0	0.0	0.0	0.0	0.0	0.0	0.0	0.0	0.0	0.0	0.0	0.0	0.0	0.0	0.0	0.0	0.0	0.0	0.0	0.0	0.0	0.0	0.0	0.0	0.0	0.0	0.0	0.0	0.0	0.0	0.0	0.0	0.0	0.0	0.0	0.0	0.0	0.0	0.0	0.0	0.0	0.0	0.0	0.0	0.0	0.0	0.0	0.0	0.0	0.0	0.0	0.0	29.76862093650493	-0.8313790634950601	0.12486118952719814	-0.4446923013375385	27.574475768166806	-0.21995109929650677	0.042682327535525366	-0.16852162854548164	-0.0034093829774813696
110.0	110.4201	2600.0	2598.4766686540797	-0.020684874035054424	0.02651679667991962	28.247998660302407	-42.2006674540862	-21.40197291380173	67.47742656873896	82.41446398850773	-5.333216431812617	47.015929009910906	67.47742656874023	82.41446398850914	-5.891170619910787e-15	0.0	-5.891170619910787e-15	2.118220150676716	2.0303678554701614	0.08797140973965459	1.4160346011532239	1.4930030559416954	-0.04841401034678755	1.1177625984206758	0.0	0.0	0.0	0.0	0.0	0.0	0.0	0.0	0.0	0.0	0.0	0.0	0.0	0.0	0.0	0.0	0.0	0.0	0.0	0.0	0.0	0.0	0.0	0.0	0.0	0.0	0.0	0.0	0.0	0.0	0.0	0.0	0.0	0.0	0.0	0.0	0.0	0.0	0.0	0.0	0.0	0.0	0.0	0.0	0.0	0.0	0.0	0.0	31124.170324581246	-13.745611496560706	-69.4168961883379	31124.250770755203	-31053.306428440985	-238.15328102660806	2103.116560167502	31125.353915892567	0.0	0.0	0.0	0.0	0.0	0.0	0.0	0.0	0.0	0.0	0.0	0.0	0.0	0.0	0.0	0.0	0.0	0.0	0.0	0.0	0.0	0.0	0.0	0.0	0.0	0.0	0.0	0.0	31050.81351435001	-623.0623037835087	-2060.686742867764	31125.353915892567	0.0	0.0	0.0	0.0	0.0	0.0	0.0	0.0	0.0	0.0	0.0	0.0	0.0	0.0	0.0	0.0	0.0	0.0	0.0	0.0	0.0	0.0	0.0	0.0	0.0	0.0	0.0	0.0	0.0	0.0	0.0	0.0	0.0	0.0	0.0	0.0	0.0	0.0	0.0	0.0	0.0	0.0	0.0	0.0	0.0	0.0	0.0	0.0	0.0	0.0	0.0	0.0	0.0	0.0	0.0	0.0	0.0	0.0	0.0	0.0	0.0	0.0	0.0	0.0	0.0	0.0	0.0	0.0	0.0	0.0	0.0	0.0	0.0	0.0	0.0	0.0	0.0	0.0	0.0	0.0	0.0	0.0	0.0	0.0	0.0	0.0	0.0	0.0	0.0	0.0	0.0	0.0	0.0	0.0	0.0	0.0	0.0	0.0	0.0	0.0	29.767107179767237	-0.8328928202327576	0.12490304929214992	-0.4465292495083321	27.540271069752833	-0.21996233926439154	0.0426879534957365	-0.16819409991715986	-0.0034469066134772903
111.0	111.4201	2600.0	2598.605396924102	-0.021566911114975287	0.0257652225111702	28.247939218942236	-40.81352254432204	-21.419434686719793	67.43590673824698	81.68315201058343	-5.034695652686422	45.816892566595925	67.4359067382482	81.6831520105822	5.749760010959941e-14	0.0	5.749760010959941e-14	2.0132029993084086	1.9229013841074476	0.09036269398849649	1.4794196180212413	1.4954254725751959	-0.050062886369128645	1.1218869156160423	0.0	0.0	0.0	0.0	0.0	0.0	0.0	0.0	0.0	0.0	0.0	0.0	0.0	0.0	0.0	0.0	0.0	0.0	0.0	0.0	0.0	0.0	0.0	0.0	0.0	0.0	0.0	0.0	0.0	0.0	0.0	0.0	0.0	0.0	0.0	0.0	0.0	0.0	0.0	0.0	0.0	0.0	0.0	0.0	0.0	0.0	0.0	0.0	31123.97463052591	-65.2065816448776	-68.18359831295163	31124.11762127545	-31054.590620403058	-187.90797320488312	2089.069936082522	31125.345318647684	0.0	0.0	0.0	0.0	0.0	0.0	0.0	0.0	0.0	0.0	0.0	0.0	0.0	0.0	0.0	0.0	0.0	0.0	0.0	0.0	0.0	0.0	0.0	0.0	0.0	0.0	0.0	0.0	31050.77067338392	-676.5898733983297	-2044.2573069941104	31125.345318647684	0.0	0.0	0.0	0.0	0.0	0.0	0.0	0.0	0.0	0.0	0.0	0.0	0.0	0.0	0.0	0.0	0.0	0.0	0.0	0.0	0.0	0.0	0.0	0.0	0.0	0.0	0.0	0.0	0.0	0.0	0.0	0.0	0.0	0.0	0.0	0.0	0.0	0.0	0.0	0.0	0.0	0.0	0.0	0.0	0.0	0.0	0.0	0.0	0.0	0.0	0.0	0.0	0.0	0.0	0.0	0.0	0.0	0.0	0.0	0.0	0.0	0.0	0.0	0.0	0.0	0.0	0.0	0.0	0.0	0.0	0.0	0.0	0.0	0.0	0.0	0.0	0.0	0.0	0.0	0.0	0.0	0.0	0.0	0.0	0.0	0.0	0.0	0.0	0.0	0.0	0.0	0.0	0.0	0.0	0.0	0.0	0.0	0.0	0.0	0.0	29.765519461482196	-0.834480538517802	0.12494439743019248	-0.44838126781657295	27.50619806960427	-0.219974517290099	0.04270125871884363	-0.16792469594087595	-0.00339825199919372
112.0	112.4201	2600.0	2598.549881595531	-0.022406822232753087	0.024977339950018426	28.247886589803024	-41.356893312316956	-23.548362946929945	63.6600987910446	79.48286733637802	-5.995057589258067	47.21204620039134	63.66009879104586	79.48286733637711	2.1101481061057472e-15	0.0	2.1101481061057472e-15	1.907726593155016	1.8147807933687883	0.09295273651925309	1.5423415973049006	1.4980307889902182	-0.05171818020168784	1.126124263930708	0.0	0.0	0.0	0.0	0.0	0.0	0.0	0.0	0.0	0.0	0.0	0.0	0.0	0.0	0.0	0.0	0.0	0.0	0.0	0.0	0.0	0.0	0.0	0.0	0.0	0.0	0.0	0.0	0.0	0.0	0.0	0.0	0.0	0.0	0.0	0.0	0.0	0.0	0.0	0.0	0.0	0.0	0.0	0.0	0.0	0.0	0.0	0.0	31122.08816686905	-117.43918982824836	-67.99240104935122	31122.38401530767	-31053.873934824554	-136.64147274245906	2076.579281820275	31123.527093916186	0.0	0.0	0.0	0.0	0.0	0.0	0.0	0.0	0.0	0.0	0.0	0.0	0.0	0.0	0.0	0.0	0.0	0.0	0.0	0.0	0.0	0.0	0.0	0.0	0.0	0.0	0.0	0.0	31048.702384922093	-731.1760302322286	-2029.1378935602258	31123.527093916186	0.0	0.0	0.0	0.0	0.0	0.0	0.0	0.0	0.0	0.0	0.0	0.0	0.0	0.0	0.0	0.0	0.0	0.0	0.0	0.0	0.0	0.0	0.0	0.0	0.0	0.0	0.0	0.0	0.0	0.0	0.0	0.0	0.0	0.0	0.0	0.0	0.0	0.0	0.0	0.0	0.0	0.0	0.0	0.0	0.0	0.0	0.0	0.0	0.0	0.0	0.0	0.0	0.0	0.0	0.0	0.0	0.0	0.0	0.0	0.0	0.0	0.0	0.0	0.0	0.0	0.0	0.0	0.0	0.0	0.0	0.0	0.0	0.0	0.0	0.0	0.0	0.0	0.0	0.0	0.0	0.0	0.0	0.0	0.0	0.0	0.0	0.0	0.0	0.0	0.0	0.0	0.0	0.0	0.0	0.0	0.0	0.0	0.0	0.0	0.0	29.763862617086993	-0.8361373829130123	0.12500161939064555	-0.45028307779794613	27.47241182082544	-0.21998778828473084	0.042714253329901246	-0.16767372756442678	-0.00340122325515897
113.0	113.4202	2600.0	2598.613416933052	-0.02320540915137751	0.024151580726439113	28.247840867613387	-38.44727985455028	-21.88185022661037	58.02311021451296	72.96362118562534	-4.797423761952814	43.97719207500631	58.02311021451414	72.96362118562512	-8.204937485804974e-14	0.0	-8.204937485804974e-14	1.8015850011859569	1.7062028571806211	0.09533918651925433	1.6047787057874132	1.5007158087080603	-0.05337526631395891	1.1303791569494996	0.0	0.0	0.0	0.0	0.0	0.0	0.0	0.0	0.0	0.0	0.0	0.0	0.0	0.0	0.0	0.0	0.0	0.0	0.0	0.0	0.0	0.0	0.0	0.0	0.0	0.0	0.0	0.0	0.0	0.0	0.0	0.0	0.0	0.0	0.0	0.0	0.0	0.0	0.0	0.0	0.0	0.0	0.0	0.0	0.0	0.0	0.0	0.0	31120.361029927153	-169.45135835596017	-67.7228116695301	31120.89604711082	-31053.430655105436	-85.70870009325776	2063.0165120240563	31122.000876576007	0.0	0.0	0.0	0.0	0.0	0.0	0.0	0.0	0.0	0.0	0.0	0.0	0.0	0.0	0.0	0.0	0.0	0.0	0.0	0.0	0.0	0.0	0.0	0.0	0.0	0.0	0.0	0.0	31046.90176635823	-785.4009980847819	-2012.9516993478808	31122.000876576007	0.0	0.0	0.0	0.0	0.0	0.0	0.0	0.0	0.0	0.0	0.0	0.0	0.0	0.0	0.0	0.0	0.0	0.0	0.0	0.0	0.0	0.0	0.0	0.0	0.0	0.0	0.0	0.0	0.0	0.0	0.0	0.0	0.0	0.0	0.0	0.0	0.0	0.0	0.0	0.0	0.0	0.0	0.0	0.0	0.0	0.0	0.0	0.0	0.0	0.0	0.0	0.0	0.0	0.0	0.0	0.0	0.0	0.0	0.0	0.0	0.0	0.0	0.0	0.0	0.0	0.0	0.0	0.0	0.0	0.0	0.0	0.0	0.0	0.0	0.0	0.0	0.0	0.0	0.0	0.0	0.0	0.0	0.0	0.0	0.0	0.0	0.0	0.0	0.0	0.0	0.0	0.0	0.0	0.0	0.0	0.0	0.0	0.0	0.0	0.0	29.762136168702522	-0.8378638312974794	0.12506389800700088	-0.45219287564274163	27.43882208349751	-0.22000210735458248	0.04273664197712983	-0.16748353244281514	-0.00335987238335642
114.0	114.4202	2600.0	2598.6348652366814	-0.023967840487941417	0.023289383595468918	28.24780178249076	-39.6914341579286	-23.583382781857377	65.44038178335664	80.08763610508342	-5.064107402351509	45.89052958035973	65.44038178335789	80.08763610508217	7.929410556208687e-15	0.0	7.929410556208687e-15	1.6950311439814296	1.5970345106656298	0.097908527236492	1.6667126352965351	1.5035265508552076	-0.05503538655272849	1.1347037681654824	0.0	0.0	0.0	0.0	0.0	0.0	0.0	0.0	0.0	0.0	0.0	0.0	0.0	0.0	0.0	0.0	0.0	0.0	0.0	0.0	0.0	0.0	0.0	0.0	0.0	0.0	0.0	0.0	0.0	0.0	0.0	0.0	0.0	0.0	0.0	0.0	0.0	0.0	0.0	0.0	0.0	0.0	0.0	0.0	0.0	0.0	0.0	0.0	31119.96835528563	-222.83355665273308	-67.25975361794374	31120.83882388786	-31054.493304588304	-33.20881663498379	2048.6965519506975	31122.01495392284	0.0	0.0	0.0	0.0	0.0	0.0	0.0	0.0	0.0	0.0	0.0	0.0	0.0	0.0	0.0	0.0	0.0	0.0	0.0	0.0	0.0	0.0	0.0	0.0	0.0	0.0	0.0	0.0	31046.564014428448	-841.2266884769817	-1995.7493201269913	31122.01495392284	0.0	0.0	0.0	0.0	0.0	0.0	0.0	0.0	0.0	0.0	0.0	0.0	0.0	0.0	0.0	0.0	0.0	0.0	0.0	0.0	0.0	0.0	0.0	0.0	0.0	0.0	0.0	0.0	0.0	0.0	0.0	0.0	0.0	0.0	0.0	0.0	0.0	0.0	0.0	0.0	0.0	0.0	0.0	0.0	0.0	0.0	0.0	0.0	0.0	0.0	0.0	0.0	0.0	0.0	0.0	0.0	0.0	0.0	0.0	0.0	0.0	0.0	0.0	0.0	0.0	0.0	0.0	0.0	0.0	0.0	0.0	0.0	0.0	0.0	0.0	0.0	0.0	0.0	0.0	0.0	0.0	0.0	0.0	0.0	0.0	0.0	0.0	0.0	0.0	0.0	0.0	0.0	0.0	0.0	0.0	0.0	0.0	0.0	0.0	0.0	29.760342682772983	-0.8396573172270116	0.12512311933995016	-0.4541330179696763	27.40553292100443	-0.22001752871188907	0.042760188560210306	-0.16732908681279587	-0.00336745988640607
115.0	115.4202	2600.0	2598.486564500469	-0.024705132770080258	0.02240504116368204	28.247768305719227	-47.12208955504319	-27.92202999647861	62.7856686923267	83.31969320815084	-4.991364333815	54.545553120718985	62.78566869232817	83.31969320815372	2.38015245174875e-13	0.0	2.38015245174875e-13	1.5879774868916245	1.4874943151358868	0.10035505019571292	1.728116445925013	1.5064244877907713	-0.05670169519760685	1.1390491131835605	0.0	0.0	0.0	0.0	0.0	0.0	0.0	0.0	0.0	0.0	0.0	0.0	0.0	0.0	0.0	0.0	0.0	0.0	0.0	0.0	0.0	0.0	0.0	0.0	0.0	0.0	0.0	0.0	0.0	0.0	0.0	0.0	0.0	0.0	0.0	0.0	0.0	0.0	0.0	0.0	0.0	0.0	0.0	0.0	0.0	0.0	0.0	0.0	31116.1833633791	-250.0476885252336	-72.75120797031977	31117.273076030102	-31051.891756640955	2.168635900571789	2038.547298570409	31118.734894877027	0.0	0.0	0.0	0.0	0.0	0.0	0.0	0.0	0.0	0.0	0.0	0.0	0.0	0.0	0.0	0.0	0.0	0.0	0.0	0.0	0.0	0.0	0.0	0.0	0.0	0.0	0.0	0.0	31043.00686215294	-879.9672271012643	-1983.1903824873361	31118.734894877027	0.0	0.0	0.0	0.0	0.0	0.0	0.0	0.0	0.0	0.0	0.0	0.0	0.0	0.0	0.0	0.0	0.0	0.0	0.0	0.0	0.0	0.0	0.0	0.0	0.0	0.0	0.0	0.0	0.0	0.0	0.0	0.0	0.0	0.0	0.0	0.0	0.0	0.0	0.0	0.0	0.0	0.0	0.0	0.0	0.0	0.0	0.0	0.0	0.0	0.0	0.0	0.0	0.0	0.0	0.0	0.0	0.0	0.0	0.0	0.0	0.0	0.0	0.0	0.0	0.0	0.0	0.0	0.0	0.0	0.0	0.0	0.0	0.0	0.0	0.0	0.0	0.0	0.0	0.0	0.0	0.0	0.0	0.0	0.0	0.0	0.0	0.0	0.0	0.0	0.0	0.0	0.0	0.0	0.0	0.0	0.0	0.0	0.0	0.0	0.0	29.758497570321182	-0.8415024296788084	0.12517229398125562	-0.45608194366281324	27.37250440813207	-0.2200340112009175	0.042788428915769186	-0.16721653463027047	-0.003355899846834139
116.0	116.4203	2600.0	2598.479150937286	-0.025415173752994534	0.02149815850660593	28.247740639325055	-42.475896414078306	-27.484167838176283	77.02902426774668	92.15775516785148	-5.713822397379772	50.26861338397795	77.02902426774803	92.1577551678531	-3.525982557778911e-15	0.0	-3.525982557778911e-15	1.4802439709059112	1.3775422391810643	0.10253910204970222	1.7889758650326912	1.5093643014633409	-0.05836624340244138	1.1433686532858833	0.0	0.0	0.0	0.0	0.0	0.0	0.0	0.0	0.0	0.0	0.0	0.0	0.0	0.0	0.0	0.0	0.0	0.0	0.0	0.0	0.0	0.0	0.0	0.0	0.0	0.0	0.0	0.0	0.0	0.0	0.0	0.0	0.0	0.0	0.0	0.0	0.0	0.0	0.0	0.0	0.0	0.0	0.0	0.0	0.0	0.0	0.0	0.0	31117.632530071034	-316.82812404283686	-66.02647508238215	31119.315446071934	-31054.85903483092	58.861071840818546	2018.06766660137	31120.41663291127	0.0	0.0	0.0	0.0	0.0	0.0	0.0	0.0	0.0	0.0	0.0	0.0	0.0	0.0	0.0	0.0	0.0	0.0	0.0	0.0	0.0	0.0	0.0	0.0	0.0	0.0	0.0	0.0	31044.43070153247	-939.8081159974375	-1959.6975605520659	31120.41663291127	0.0	0.0	0.0	0.0	0.0	0.0	0.0	0.0	0.0	0.0	0.0	0.0	0.0	0.0	0.0	0.0	0.0	0.0	0.0	0.0	0.0	0.0	0.0	0.0	0.0	0.0	0.0	0.0	0.0	0.0	0.0	0.0	0.0	0.0	0.0	0.0	0.0	0.0	0.0	0.0	0.0	0.0	0.0	0.0	0.0	0.0	0.0	0.0	0.0	0.0	0.0	0.0	0.0	0.0	0.0	0.0	0.0	0.0	0.0	0.0	0.0	0.0	0.0	0.0	0.0	0.0	0.0	0.0	0.0	0.0	0.0	0.0	0.0	0.0	0.0	0.0	0.0	0.0	0.0	0.0	0.0	0.0	0.0	0.0	0.0	0.0	0.0	0.0	0.0	0.0	0.0	0.0	0.0	0.0	0.0	0.0	0.0	0.0	0.0	0.0	29.756601603233765	-0.843398396766233	0.12520858456574516	-0.4580193632702559	27.33965667078552	-0.22005149878552444	0.04282720682601396	-0.16716554369998315	-0.0032892657721931705
117.0	117.4203	2600.0	2598.6696335209467	-0.026081233414830134	0.020567090368297375	28.24771992310905	-38.79538252273051	-22.621288293304133	54.13219019771634	70.33561263496252	-2.2139878838752343	44.854237779542	54.132190197717556	70.33561263496259	1.2492231019143669e-14	0.0	1.2492231019143669e-14	1.3722144276051766	1.26717455985091	0.10484870451042698	1.8492735019115918	1.512421806957294	-0.06003206471942374	1.1477292873605658	0.0	0.0	0.0	0.0	0.0	0.0	0.0	0.0	0.0	0.0	0.0	0.0	0.0	0.0	0.0	0.0	0.0	0.0	0.0	0.0	0.0	0.0	0.0	0.0	0.0	0.0	0.0	0.0	0.0	0.0	0.0	0.0	0.0	0.0	0.0	0.0	0.0	0.0	0.0	0.0	0.0	0.0	0.0	0.0	0.0	0.0	0.0	0.0	31118.62441478346	-369.8679606546248	-65.34084890392928	31120.89100914707	-31057.36947019462	111.08608193827001	2002.3945150057268	31122.052026167912	0.0	0.0	0.0	0.0	0.0	0.0	0.0	0.0	0.0	0.0	0.0	0.0	0.0	0.0	0.0	0.0	0.0	0.0	0.0	0.0	0.0	0.0	0.0	0.0	0.0	0.0	0.0	0.0	31045.51659317761	-995.3255044920373	-1940.9659766063917	31122.052026167912	0.0	0.0	0.0	0.0	0.0	0.0	0.0	0.0	0.0	0.0	0.0	0.0	0.0	0.0	0.0	0.0	0.0	0.0	0.0	0.0	0.0	0.0	0.0	0.0	0.0	0.0	0.0	0.0	0.0	0.0	0.0	0.0	0.0	0.0	0.0	0.0	0.0	0.0	0.0	0.0	0.0	0.0	0.0	0.0	0.0	0.0	0.0	0.0	0.0	0.0	0.0	0.0	0.0	0.0	0.0	0.0	0.0	0.0	0.0	0.0	0.0	0.0	0.0	0.0	0.0	0.0	0.0	0.0	0.0	0.0	0.0	0.0	0.0	0.0	0.0	0.0	0.0	0.0	0.0	0.0	0.0	0.0	0.0	0.0	0.0	0.0	0.0	0.0	0.0	0.0	0.0	0.0	0.0	0.0	0.0	0.0	0.0	0.0	0.0	0.0	29.754654303384644	-0.8453456966153577	0.12525463340183654	-0.4599749537274566	27.307147533715078	-0.22007003956694998	0.042867770743934365	-0.16714676897197836	-0.00325990261737878
118.0	118.4204	2600.0	2598.5888675766664	-0.026699004233884327	0.019611099107873616	28.24770646603567	-40.10783529116088	-20.245897898343625	67.41896211245793	81.01759861767125	1.2829558262837966	44.90978576881389	67.41896211245914	81.01759861767171	3.1285552696876724e-15	0.0	3.1285552696876724e-15	1.2638068636281272	1.1564590222408409	0.10713448751834735	1.908987937852282	1.5156036967046767	-0.06170188659417647	1.1521427643585356	0.0	0.0	0.0	0.0	0.0	0.0	0.0	0.0	0.0	0.0	0.0	0.0	0.0	0.0	0.0	0.0	0.0	0.0	0.0	0.0	0.0	0.0	0.0	0.0	0.0	0.0	0.0	0.0	0.0	0.0	0.0	0.0	0.0	0.0	0.0	0.0	0.0	0.0	0.0	0.0	0.0	0.0	0.0	0.0	0.0	0.0	0.0	0.0	31117.855304379056	-422.56336560147616	-64.9534688545611	31120.79204479437	-31058.034390376743	162.8763008186168	1986.2495644463884	31121.908942342474	0.0	0.0	0.0	0.0	0.0	0.0	0.0	0.0	0.0	0.0	0.0	0.0	0.0	0.0	0.0	0.0	0.0	0.0	0.0	0.0	0.0	0.0	0.0	0.0	0.0	0.0	0.0	0.0	31044.759592501632	-1050.3546094798987	-1921.685003734587	31121.908942342474	0.0	0.0	0.0	0.0	0.0	0.0	0.0	0.0	0.0	0.0	0.0	0.0	0.0	0.0	0.0	0.0	0.0	0.0	0.0	0.0	0.0	0.0	0.0	0.0	0.0	0.0	0.0	0.0	0.0	0.0	0.0	0.0	0.0	0.0	0.0	0.0	0.0	0.0	0.0	0.0	0.0	0.0	0.0	0.0	0.0	0.0	0.0	0.0	0.0	0.0	0.0	0.0	0.0	0.0	0.0	0.0	0.0	0.0	0.0	0.0	0.0	0.0	0.0	0.0	0.0	0.0	0.0	0.0	0.0	0.0	0.0	0.0	0.0	0.0	0.0	0.0	0.0	0.0	0.0	0.0	0.0	0.0	0.0	0.0	0.0	0.0	0.0	0.0	0.0	0.0	0.0	0.0	0.0	0.0	0.0	0.0	0.0	0.0	0.0	0.0	29.752656194919435	-0.8473438050805626	0.12530949114049345	-0.46195385728487043	27.274938119174713	-0.2200897411082689	0.04291269086171314	-0.16715452056151434	-0.00323670796249683
119.0	119.4204	2600.0	2598.6528366125362	-0.027271753745445056	0.01862791439010882	28.247700153307314	-38.18575514886107	-15.430654900011175	54.116621528223526	68.00636538266836	5.316690486795778	40.8410309517203	54.11662152822463	68.00636538266744	0.0	0.0	0.0	1.1550638908225075	1.0454185836468748	0.10941644402900289	1.968098501531506	1.5188791671518775	-0.06337575821343097	1.1565860501042862	0.0	0.0	0.0	0.0	0.0	0.0	0.0	0.0	0.0	0.0	0.0	0.0	0.0	0.0	0.0	0.0	0.0	0.0	0.0	0.0	0.0	0.0	0.0	0.0	0.0	0.0	0.0	0.0	0.0	0.0	0.0	0.0	0.0	0.0	0.0	0.0	0.0	0.0	0.0	0.0	0.0	0.0	0.0	0.0	0.0	0.0	0.0	0.0	31120.88131899041	-476.0442120979697	-64.82081688533495	31124.589537869564	-31062.526011824997	215.49485065256624	1970.2575177491606	31125.694770594433	0.0	0.0	0.0	0.0	0.0	0.0	0.0	0.0	0.0	0.0	0.0	0.0	0.0	0.0	0.0	0.0	0.0	0.0	0.0	0.0	0.0	0.0	0.0	0.0	0.0	0.0	0.0	0.0	31047.797993491262	-1106.3104134937532	-1902.4174033488678	31125.694770594433	0.0	0.0	0.0	0.0	0.0	0.0	0.0	0.0	0.0	0.0	0.0	0.0	0.0	0.0	0.0	0.0	0.0	0.0	0.0	0.0	0.0	0.0	0.0	0.0	0.0	0.0	0.0	0.0	0.0	0.0	0.0	0.0	0.0	0.0	0.0	0.0	0.0	0.0	0.0	0.0	0.0	0.0	0.0	0.0	0.0	0.0	0.0	0.0	0.0	0.0	0.0	0.0	0.0	0.0	0.0	0.0	0.0	0.0	0.0	0.0	0.0	0.0	0.0	0.0	0.0	0.0	0.0	0.0	0.0	0.0	0.0	0.0	0.0	0.0	0.0	0.0	0.0	0.0	0.0	0.0	0.0	0.0	0.0	0.0	0.0	0.0	0.0	0.0	0.0	0.0	0.0	0.0	0.0	0.0	0.0	0.0	0.0	0.0	0.0	0.0	29.750606308811204	-0.8493936911887945	0.12536472192066406	-0.4639457089697953	27.243042563096633	-0.22011060217851144	0.042960897430436414	-0.16720007983894208	-0.0032239849229350197
120.0	120.4205	2600.0	2598.678209741533	-0.027803614034090762	0.01761388922716679	28.247700875421867	-38.82354667624531	-11.111539765130145	32.58409685220731	51.88889534523445	10.076136588208103	39.10505803512571	32.58409685220837	51.88889534523615	1.1712324623459732e-15	0.0	1.1712324623459732e-15	1.045836747438973	0.9342128105841536	0.11138650759174158	2.0265854682407474	1.5221739528498832	-0.0650506187310014	1.160987689051868	0.0	0.0	0.0	0.0	0.0	0.0	0.0	0.0	0.0	0.0	0.0	0.0	0.0	0.0	0.0	0.0	0.0	0.0	0.0	0.0	0.0	0.0	0.0	0.0	0.0	0.0	0.0	0.0	0.0	0.0	0.0	0.0	0.0	0.0	0.0	0.0	0.0	0.0	0.0	0.0	0.0	0.0	0.0	0.0	0.0	0.0	0.0	0.0	31123.737913873603	-526.8479472487597	-63.827665903716344	31128.262149724138	-31067.126797688816	267.5409870000652	1950.6955462237336	31129.458054348725	0.0	0.0	0.0	0.0	0.0	0.0	0.0	0.0	0.0	0.0	0.0	0.0	0.0	0.0	0.0	0.0	0.0	0.0	0.0	0.0	0.0	0.0	0.0	0.0	0.0	0.0	0.0	0.0	31050.94008875122	-1161.5236750878912	-1879.665160194848	31129.458054348725	0.0	0.0	0.0	0.0	0.0	0.0	0.0	0.0	0.0	0.0	0.0	0.0	0.0	0.0	0.0	0.0	0.0	0.0	0.0	0.0	0.0	0.0	0.0	0.0	0.0	0.0	0.0	0.0	0.0	0.0	0.0	0.0	0.0	0.0	0.0	0.0	0.0	0.0	0.0	0.0	0.0	0.0	0.0	0.0	0.0	0.0	0.0	0.0	0.0	0.0	0.0	0.0	0.0	0.0	0.0	0.0	0.0	0.0	0.0	0.0	0.0	0.0	0.0	0.0	0.0	0.0	0.0	0.0	0.0	0.0	0.0	0.0	0.0	0.0	0.0	0.0	0.0	0.0	0.0	0.0	0.0	0.0	0.0	0.0	0.0	0.0	0.0	0.0	0.0	0.0	0.0	0.0	0.0	0.0	0.0	0.0	0.0	0.0	0.0	0.0	29.74850230381174	-0.8514976961882575	0.12541293985681373	-0.46591911728303037	27.21139396072686	-0.22013257306431266	0.04301665939796085	-0.16731720346958778	-0.0031490315488503094
121.0	121.4205	2600.0	2598.644877829349	-0.028305226947058757	0.016588339565969164	28.247707315520422	-38.810531364764756	-7.844306918556867	27.955709956812345	48.46970409479848	13.538457642212961	37.20887878608484	27.95570995681335	48.46970409479535	1.3416822081636026e-14	0.0	1.3416822081636026e-14	0.9364048013520897	0.8227228591985424	0.11344329582136936	2.0844385465433124	1.5256044560408717	-0.06672293134001996	1.1654557131256216	0.0	0.0	0.0	0.0	0.0	0.0	0.0	0.0	0.0	0.0	0.0	0.0	0.0	0.0	0.0	0.0	0.0	0.0	0.0	0.0	0.0	0.0	0.0	0.0	0.0	0.0	0.0	0.0	0.0	0.0	0.0	0.0	0.0	0.0	0.0	0.0	0.0	0.0	0.0	0.0	0.0	0.0	0.0	0.0	0.0	0.0	0.0	0.0	31123.44349745748	-581.7531166211759	-64.06445127585582	31128.94595199207	-31068.1323278715	319.9150825857305	1936.2722790317691	31130.055289715565	0.0	0.0	0.0	0.0	0.0	0.0	0.0	0.0	0.0	0.0	0.0	0.0	0.0	0.0	0.0	0.0	0.0	0.0	0.0	0.0	0.0	0.0	0.0	0.0	0.0	0.0	0.0	0.0	31050.47833069487	-1217.1644262186685	-1861.8938034550135	31130.055289715565	0.0	0.0	0.0	0.0	0.0	0.0	0.0	0.0	0.0	0.0	0.0	0.0	0.0	0.0	0.0	0.0	0.0	0.0	0.0	0.0	0.0	0.0	0.0	0.0	0.0	0.0	0.0	0.0	0.0	0.0	0.0	0.0	0.0	0.0	0.0	0.0	0.0	0.0	0.0	0.0	0.0	0.0	0.0	0.0	0.0	0.0	0.0	0.0	0.0	0.0	0.0	0.0	0.0	0.0	0.0	0.0	0.0	0.0	0.0	0.0	0.0	0.0	0.0	0.0	0.0	0.0	0.0	0.0	0.0	0.0	0.0	0.0	0.0	0.0	0.0	0.0	0.0	0.0	0.0	0.0	0.0	0.0	0.0	0.0	0.0	0.0	0.0	0.0	0.0	0.0	0.0	0.0	0.0	0.0	0.0	0.0	0.0	0.0	0.0	0.0	29.74636482815181	-0.8536351718481897	0.12544932129276584	-0.4679207651639124	27.180106691507284	-0.22015576890484123	0.043072235590999104	-0.16743845236764027	-0.0031084920744502897
122.0	122.4205	2600.0	2598.6977862110143	-0.02877775450980375	0.015549084836082971	28.24771945995495	-34.186794555975204	-5.6731305057810175	26.42225151330028	43.578167776768424	13.539651624107135	31.899830182079313	26.42225151330114	43.57816777676443	-3.159775370713839e-14	0.0	-3.159775370713839e-14	0.8267036295476909	0.7110230779514047	0.11544829694950912	2.1416340975710124	1.529138972646478	-0.0683962611877755	1.169950563643076	0.0	0.0	0.0	0.0	0.0	0.0	0.0	0.0	0.0	0.0	0.0	0.0	0.0	0.0	0.0	0.0	0.0	0.0	0.0	0.0	0.0	0.0	0.0	0.0	0.0	0.0	0.0	0.0	0.0	0.0	0.0	0.0	0.0	0.0	0.0	0.0	0.0	0.0	0.0	0.0	0.0	0.0	0.0	0.0	0.0	0.0	0.0	0.0	31123.137459122154	-607.4863444324055	-63.905420975041096	31129.131193480396	-31068.78851199996	338.5548855565614	1920.743474811548	31129.945302071224	0.0	0.0	0.0	0.0	0.0	0.0	0.0	0.0	0.0	0.0	0.0	0.0	0.0	0.0	0.0	0.0	0.0	0.0	0.0	0.0	0.0	0.0	0.0	0.0	0.0	0.0	0.0	0.0	31050.55785091289	-1239.0569126936584	-1844.204333625961	31129.945302071224	0.0	0.0	0.0	0.0	0.0	0.0	0.0	0.0	0.0	0.0	0.0	0.0	0.0	0.0	0.0	0.0	0.0	0.0	0.0	0.0	0.0	0.0	0.0	0.0	0.0	0.0	0.0	0.0	0.0	0.0	0.0	0.0	0.0	0.0	0.0	0.0	0.0	0.0	0.0	0.0	0.0	0.0	0.0	0.0	0.0	0.0	0.0	0.0	0.0	0.0	0.0	0.0	0.0	0.0	0.0	0.0	0.0	0.0	0.0	0.0	0.0	0.0	0.0	0.0	0.0	0.0	0.0	0.0	0.0	0.0	0.0	0.0	0.0	0.0	0.0	0.0	0.0	0.0	0.0	0.0	0.0	0.0	0.0	0.0	0.0	0.0	0.0	0.0	0.0	0.0	0.0	0.0	0.0	0.0	0.0	0.0	0.0	0.0	0.0	0.0	29.744193021743996	-0.8558069782560019	0.1254763389821138	-0.4699335248245499	27.149149089663336	-0.22018009082119158	0.04312871991377901	-0.16758187191000137	-0.0030689292019467204
123.0	123.4206	2600.0	2598.702828011045	-0.029201621398491223	0.014493991113032898	28.247738508518985	-38.019184289045356	-9.674454200680602	31.540772787536227	50.337598136188895	12.865445995479607	37.06121608127068	31.540772787537225	50.33759813618731	0.0	0.0	0.0	0.7167614886217156	0.599163564473661	0.11737991873976428	2.198152863045203	1.5327566677125466	-0.07007075728090206	1.1744440596151395	0.0	0.0	0.0	0.0	0.0	0.0	0.0	0.0	0.0	0.0	0.0	0.0	0.0	0.0	0.0	0.0	0.0	0.0	0.0	0.0	0.0	0.0	0.0	0.0	0.0	0.0	0.0	0.0	0.0	0.0	0.0	0.0	0.0	0.0	0.0	0.0	0.0	0.0	0.0	0.0	0.0	0.0	0.0	0.0	0.0	0.0	0.0	0.0	31122.296766901214	-673.7476321405558	-62.9046441189262	31129.652245297188	-31070.13713400168	410.2659967133912	1898.9027274059295	31130.813855115946	0.0	0.0	0.0	0.0	0.0	0.0	0.0	0.0	0.0	0.0	0.0	0.0	0.0	0.0	0.0	0.0	0.0	0.0	0.0	0.0	0.0	0.0	0.0	0.0	0.0	0.0	0.0	0.0	31049.89387511555	-1313.7290572097154	-1818.1797463902838	31130.813855115946	0.0	0.0	0.0	0.0	0.0	0.0	0.0	0.0	0.0	0.0	0.0	0.0	0.0	0.0	0.0	0.0	0.0	0.0	0.0	0.0	0.0	0.0	0.0	0.0	0.0	0.0	0.0	0.0	0.0	0.0	0.0	0.0	0.0	0.0	0.0	0.0	0.0	0.0	0.0	0.0	0.0	0.0	0.0	0.0	0.0	0.0	0.0	0.0	0.0	0.0	0.0	0.0	0.0	0.0	0.0	0.0	0.0	0.0	0.0	0.0	0.0	0.0	0.0	0.0	0.0	0.0	0.0	0.0	0.0	0.0	0.0	0.0	0.0	0.0	0.0	0.0	0.0	0.0	0.0	0.0	0.0	0.0	0.0	0.0	0.0	0.0	0.0	0.0	0.0	0.0	0.0	0.0	0.0	0.0	0.0	0.0	0.0	0.0	0.0	0.0	29.741986096254035	-0.8580139037459664	0.12551602744221751	-0.4719460445406951	27.118527588693457	-0.2202055257500563	0.04318633732201732	-0.16775957573732914	-0.00302488274373909
124.0	124.4206	2600.0	2598.7030930584115	-0.029575734003591727	0.01342244631813823	28.24776448516746	-37.71831034484059	-11.603185480980526	22.47333551655379	45.413166128506646	11.74922301477636	37.673075360595256	22.473335516554815	45.41316612851039	0.0	0.0	0.0	0.6066115950832845	0.4871951229502515	0.11922080466639949	2.253976825603457	1.5364642078620403	-0.07174693581166877	1.1789505433042957	0.0	0.0	0.0	0.0	0.0	0.0	0.0	0.0	0.0	0.0	0.0	0.0	0.0	0.0	0.0	0.0	0.0	0.0	0.0	0.0	0.0	0.0	0.0	0.0	0.0	0.0	0.0	0.0	0.0	0.0	0.0	0.0	0.0	0.0	0.0	0.0	0.0	0.0	0.0	0.0	0.0	0.0	0.0	0.0	0.0	0.0	0.0	0.0	31122.174679907872	-725.7105659147384	-62.59697292820687	31130.69756708319	-31071.54645470225	461.65086129789074	1880.1501517925356	31131.801830246546	0.0	0.0	0.0	0.0	0.0	0.0	0.0	0.0	0.0	0.0	0.0	0.0	0.0	0.0	0.0	0.0	0.0	0.0	0.0	0.0	0.0	0.0	0.0	0.0	0.0	0.0	0.0	0.0	31049.825582346642	-1368.1982153237968	-1795.9538265720914	31131.801830246546	0.0	0.0	0.0	0.0	0.0	0.0	0.0	0.0	0.0	0.0	0.0	0.0	0.0	0.0	0.0	0.0	0.0	0.0	0.0	0.0	0.0	0.0	0.0	0.0	0.0	0.0	0.0	0.0	0.0	0.0	0.0	0.0	0.0	0.0	0.0	0.0	0.0	0.0	0.0	0.0	0.0	0.0	0.0	0.0	0.0	0.0	0.0	0.0	0.0	0.0	0.0	0.0	0.0	0.0	0.0	0.0	0.0	0.0	0.0	0.0	0.0	0.0	0.0	0.0	0.0	0.0	0.0	0.0	0.0	0.0	0.0	0.0	0.0	0.0	0.0	0.0	0.0	0.0	0.0	0.0	0.0	0.0	0.0	0.0	0.0	0.0	0.0	0.0	0.0	0.0	0.0	0.0	0.0	0.0	0.0	0.0	0.0	0.0	0.0	0.0	29.739744876945988	-0.8602551230540066	0.1255638341549007	-0.4739643535359198	27.088251356071005	-0.2202321645299842	0.0432456429969379	-0.16796465206908465	-0.0029741464151831006
125.0	125.4206	2600.0	2598.7123356711495	-0.029874321092328817	0.012338036196014413	28.24779863953084	-37.973521845797215	-9.569945086413552	20.822161812551165	44.35239151250216	14.209769963090364	36.491843580806744	20.82216181255216	44.3523915125004	-6.1220637574990814e-15	0.0	-6.1220637574990814e-15	0.4963171275816239	0.3751362220547995	0.1210158774351071	2.3090865698448892	1.540247955521642	-0.07342534776664669	1.1834909012035015	0.0	0.0	0.0	0.0	0.0	0.0	0.0	0.0	0.0	0.0	0.0	0.0	0.0	0.0	0.0	0.0	0.0	0.0	0.0	0.0	0.0	0.0	0.0	0.0	0.0	0.0	0.0	0.0	0.0	0.0	0.0	0.0	0.0	0.0	0.0	0.0	0.0	0.0	0.0	0.0	0.0	0.0	0.0	0.0	0.0	0.0	0.0	0.0	31169.87521164261	-776.729052582934	-62.18183825930554	31179.61345673656	-31120.829139780904	511.6129411254271	1863.4643316041772	31180.767364901796	0.0	0.0	0.0	0.0	0.0	0.0	0.0	0.0	0.0	0.0	0.0	0.0	0.0	0.0	0.0	0.0	0.0	0.0	0.0	0.0	0.0	0.0	0.0	0.0	0.0	0.0	0.0	0.0	31097.643597942584	-1422.593731097152	-1775.6810512330037	31180.767364901796	0.0	0.0	0.0	0.0	0.0	0.0	0.0	0.0	0.0	0.0	0.0	0.0	0.0	0.0	0.0	0.0	0.0	0.0	0.0	0.0	0.0	0.0	0.0	0.0	0.0	0.0	0.0	0.0	0.0	0.0	0.0	0.0	0.0	0.0	0.0	0.0	0.0	0.0	0.0	0.0	0.0	0.0	0.0	0.0	0.0	0.0	0.0	0.0	0.0	0.0	0.0	0.0	0.0	0.0	0.0	0.0	0.0	0.0	0.0	0.0	0.0	0.0	0.0	0.0	0.0	0.0	0.0	0.0	0.0	0.0	0.0	0.0	0.0	0.0	0.0	0.0	0.0	0.0	0.0	0.0	0.0	0.0	0.0	0.0	0.0	0.0	0.0	0.0	0.0	0.0	0.0	0.0	0.0	0.0	0.0	0.0	0.0	0.0	0.0	0.0	29.737474536773185	-0.8625254632268098	0.12562138885044105	-0.47599761232961035	27.058340891744724	-0.22026002831169106	0.043305502976724655	-0.16818287598129553	-0.0029278749214430703
126.0	126.4206	2600.0	2598.5761551931737	-0.03012452663926224	0.011241895611154662	28.24783925257787	-39.64613339439166	-11.736214725575561	32.39065702851485	52.52341660583013	14.094360844830586	38.87034372868584	32.39065702851591	52.52341660582856	0.0	0.0	0.0	0.38587376522420075	0.26304310735224967	0.122704741867096	2.363466008335161	1.544100974607139	-0.07510400469868356	1.1880478576398545	0.0	0.0	0.0	0.0	0.0	0.0	0.0	0.0	0.0	0.0	0.0	0.0	0.0	0.0	0.0	0.0	0.0	0.0	0.0	0.0	0.0	0.0	0.0	0.0	0.0	0.0	0.0	0.0	0.0	0.0	0.0	0.0	0.0	0.0	0.0	0.0	0.0	0.0	0.0	0.0	0.0	0.0	0.0	0.0	0.0	0.0	0.0	0.0	31166.44784120183	-826.710559893636	-61.856867774412216	31177.47179712115	-31118.861547760956	561.236056060392	1843.5733988253837	31178.47483146337	0.0	0.0	0.0	0.0	0.0	0.0	0.0	0.0	0.0	0.0	0.0	0.0	0.0	0.0	0.0	0.0	0.0	0.0	0.0	0.0	0.0	0.0	0.0	0.0	0.0	0.0	0.0	0.0	31094.224018963378	-1475.1217732995917	-1752.2959877408953	31178.47483146337	0.0	0.0	0.0	0.0	0.0	0.0	0.0	0.0	0.0	0.0	0.0	0.0	0.0	0.0	0.0	0.0	0.0	0.0	0.0	0.0	0.0	0.0	0.0	0.0	0.0	0.0	0.0	0.0	0.0	0.0	0.0	0.0	0.0	0.0	0.0	0.0	0.0	0.0	0.0	0.0	0.0	0.0	0.0	0.0	0.0	0.0	0.0	0.0	0.0	0.0	0.0	0.0	0.0	0.0	0.0	0.0	0.0	0.0	0.0	0.0	0.0	0.0	0.0	0.0	0.0	0.0	0.0	0.0	0.0	0.0	0.0	0.0	0.0	0.0	0.0	0.0	0.0	0.0	0.0	0.0	0.0	0.0	0.0	0.0	0.0	0.0	0.0	0.0	0.0	0.0	0.0	0.0	0.0	0.0	0.0	0.0	0.0	0.0	0.0	0.0	29.73517761470777	-0.8648223852922321	0.12567451752625952	-0.47803758047401057	27.028790589330523	-0.22028914600422286	0.043363449072864504	-0.16841973150454378	-0.0028721692662059903
127.0	127.4206	2600.0	2598.6089226826784	-0.0303476591020264	0.01014301956815409	28.247884660114618	-39.46410176192876	-11.204727536298378	29.43823697504227	50.49327720833039	15.082080635143942	38.150912056637026	29.438236975043306	50.49327720832788	6.176850301978655e-15	0.0	6.176850301978655e-15	0.2753447522763374	0.15091048855375896	0.12435610755414081	2.417099239784276	1.548011523801266	-0.07677983190857354	1.1925837921830311	0.0	0.0	0.0	0.0	0.0	0.0	0.0	0.0	0.0	0.0	0.0	0.0	0.0	0.0	0.0	0.0	0.0	0.0	0.0	0.0	0.0	0.0	0.0	0.0	0.0	0.0	0.0	0.0	0.0	0.0	0.0	0.0	0.0	0.0	0.0	0.0	0.0	0.0	0.0	0.0	0.0	0.0	0.0	0.0	0.0	0.0	0.0	0.0	31160.501650425595	-873.6132955766901	-61.650387637049555	31172.80648364341	-31114.54723928583	607.6472729662919	1823.0481828768047	31173.831811171112	0.0	0.0	0.0	0.0	0.0	0.0	0.0	0.0	0.0	0.0	0.0	0.0	0.0	0.0	0.0	0.0	0.0	0.0	0.0	0.0	0.0	0.0	0.0	0.0	0.0	0.0	0.0	0.0	31088.53556403925	-1524.3169889437759	-1728.3529708562312	31173.831811171112	0.0	0.0	0.0	0.0	0.0	0.0	0.0	0.0	0.0	0.0	0.0	0.0	0.0	0.0	0.0	0.0	0.0	0.0	0.0	0.0	0.0	0.0	0.0	0.0	0.0	0.0	0.0	0.0	0.0	0.0	0.0	0.0	0.0	0.0	0.0	0.0	0.0	0.0	0.0	0.0	0.0	0.0	0.0	0.0	0.0	0.0	0.0	0.0	0.0	0.0	0.0	0.0	0.0	0.0	0.0	0.0	0.0	0.0	0.0	0.0	0.0	0.0	0.0	0.0	0.0	0.0	0.0	0.0	0.0	0.0	0.0	0.0	0.0	0.0	0.0	0.0	0.0	0.0	0.0	0.0	0.0	0.0	0.0	0.0	0.0	0.0	0.0	0.0	0.0	0.0	0.0	0.0	0.0	0.0	0.0	0.0	0.0	0.0	0.0	0.0	29.732864478453735	-0.8671355215462668	0.12571472032482928	-0.4800673350719088	26.99962305968756	-0.2203195122013905	0.04342053913771669	-0.1686816937848441	-0.00282204548825845
128.0	128.4206	2600.0	2598.679765550587	-0.030542471395915656	0.009039382968689962	28.24793493252194	-38.34445491513906	-11.658040567721855	20.674600719765	45.09596708730713	14.694667552590543	37.286376575586466	20.674600719766023	45.0959670873056	-9.384227943300698e-15	0.0	-9.384227943300698e-15	0.1647605385186275	0.03876938478009928	0.12596954024394605	2.4699684726632873	1.5519753132303535	-0.07845363057937668	1.1970886237291398	0.0	0.0	0.0	0.0	0.0	0.0	0.0	0.0	0.0	0.0	0.0	0.0	0.0	0.0	0.0	0.0	0.0	0.0	0.0	0.0	0.0	0.0	0.0	0.0	0.0	0.0	0.0	0.0	0.0	0.0	0.0	0.0	0.0	0.0	0.0	0.0	0.0	0.0	0.0	0.0	0.0	0.0	0.0	0.0	0.0	0.0	0.0	0.0	31141.065527252817	-916.1890995162779	-61.34037669041713	31154.60041920837	-31096.82296967675	649.9316033020601	1800.954784618638	31155.709718005583	0.0	0.0	0.0	0.0	0.0	0.0	0.0	0.0	0.0	0.0	0.0	0.0	0.0	0.0	0.0	0.0	0.0	0.0	0.0	0.0	0.0	0.0	0.0	0.0	0.0	0.0	0.0	0.0	31069.543658022725	-1568.921712983381	-1702.9942963428457	31155.709718005583	0.0	0.0	0.0	0.0	0.0	0.0	0.0	0.0	0.0	0.0	0.0	0.0	0.0	0.0	0.0	0.0	0.0	0.0	0.0	0.0	0.0	0.0	0.0	0.0	0.0	0.0	0.0	0.0	0.0	0.0	0.0	0.0	0.0	0.0	0.0	0.0	0.0	0.0	0.0	0.0	0.0	0.0	0.0	0.0	0.0	0.0	0.0	0.0	0.0	0.0	0.0	0.0	0.0	0.0	0.0	0.0	0.0	0.0	0.0	0.0	0.0	0.0	0.0	0.0	0.0	0.0	0.0	0.0	0.0	0.0	0.0	0.0	0.0	0.0	0.0	0.0	0.0	0.0	0.0	0.0	0.0	0.0	0.0	0.0	0.0	0.0	0.0	0.0	0.0	0.0	0.0	0.0	0.0	0.0	0.0	0.0	0.0	0.0	0.0	0.0	29.730534554167804	-0.8694654458321905	0.1257405797609016	-0.4820823419119406	26.97084579766826	-0.22035109302232664	0.0434825887062982	-0.16897398960561202	-0.0027769296558735903
129.0	129.4206	2600.0	2598.658142898041	-0.030699403914392322	0.007928015879467412	28.247990629998935	-38.596810839026155	-10.997594381724866	19.707771739903908	44.71081699187199	16.013620469093443	36.79979413801266	19.707771739904913	44.71081699186981	-2.532042518910024e-15	0.0	-2.532042518910024e-15	0.0541462111638218	-0.07333181131891887	0.12752183032297854	2.5220583540118846	1.5560357906649287	-0.08012667732166008	1.201595213133242	0.0	0.0	0.0	0.0	0.0	0.0	0.0	0.0	0.0	0.0	0.0	0.0	0.0	0.0	0.0	0.0	0.0	0.0	0.0	0.0	0.0	0.0	0.0	0.0	0.0	0.0	0.0	0.0	0.0	0.0	0.0	0.0	0.0	0.0	0.0	0.0	0.0	0.0	0.0	0.0	0.0	0.0	0.0	0.0	0.0	0.0	0.0	0.0	31121.305964014486	-963.7806043125622	-61.138802165325366	31136.285840032095	-31078.66503133705	697.2636041787671	1778.848379069644	31137.339292551696	0.0	0.0	0.0	0.0	0.0	0.0	0.0	0.0	0.0	0.0	0.0	0.0	0.0	0.0	0.0	0.0	0.0	0.0	0.0	0.0	0.0	0.0	0.0	0.0	0.0	0.0	0.0	0.0	31049.970574765266	-1618.5363077859038	-1677.3686971186826	31137.339292551696	0.0	0.0	0.0	0.0	0.0	0.0	0.0	0.0	0.0	0.0	0.0	0.0	0.0	0.0	0.0	0.0	0.0	0.0	0.0	0.0	0.0	0.0	0.0	0.0	0.0	0.0	0.0	0.0	0.0	0.0	0.0	0.0	0.0	0.0	0.0	0.0	0.0	0.0	0.0	0.0	0.0	0.0	0.0	0.0	0.0	0.0	0.0	0.0	0.0	0.0	0.0	0.0	0.0	0.0	0.0	0.0	0.0	0.0	0.0	0.0	0.0	0.0	0.0	0.0	0.0	0.0	0.0	0.0	0.0	0.0	0.0	0.0	0.0	0.0	0.0	0.0	0.0	0.0	0.0	0.0	0.0	0.0	0.0	0.0	0.0	0.0	0.0	0.0	0.0	0.0	0.0	0.0	0.0	0.0	0.0	0.0	0.0	0.0	0.0	0.0	29.72818631275187	-0.8718136872481282	0.1257698418685737	-0.48409787929948994	26.942463590265227	-0.22038389473553435	0.043547274989365246	-0.1692828528232165	-0.0027318559651542
130.0	130.4207	2600.0	2598.5674491680707	-0.03081547969726114	0.00680667297812529	28.248051906011025	-38.84307772871397	-8.688268674227853	16.11527960672792	42.94150599126101	18.571219177076273	35.204836574979716	16.115279606728887	42.94150599125613	1.3496488760597201e-14	0.0	1.3496488760597201e-14	-0.05646659412036609	-0.18535550909131907	0.12900709108643793	2.5733520414726163	1.5601725565243467	-0.08179841244046931	1.2060874884503514	0.0	0.0	0.0	0.0	0.0	0.0	0.0	0.0	0.0	0.0	0.0	0.0	0.0	0.0	0.0	0.0	0.0	0.0	0.0	0.0	0.0	0.0	0.0	0.0	0.0	0.0	0.0	0.0	0.0	0.0	0.0	0.0	0.0	0.0	0.0	0.0	0.0	0.0	0.0	0.0	0.0	0.0	0.0	0.0	0.0	0.0	0.0	0.0	31094.68509747667	-1010.955466335552	-60.76822587589445	31111.174279403655	-31053.622743122836	744.3754268810127	1755.804978268487	31112.12675742455	0.0	0.0	0.0	0.0	0.0	0.0	0.0	0.0	0.0	0.0	0.0	0.0	0.0	0.0	0.0	0.0	0.0	0.0	0.0	0.0	0.0	0.0	0.0	0.0	0.0	0.0	0.0	0.0	31023.510067270334	-1667.671562789802	-1650.7955762874815	31112.12675742455	0.0	0.0	0.0	0.0	0.0	0.0	0.0	0.0	0.0	0.0	0.0	0.0	0.0	0.0	0.0	0.0	0.0	0.0	0.0	0.0	0.0	0.0	0.0	0.0	0.0	0.0	0.0	0.0	0.0	0.0	0.0	0.0	0.0	0.0	0.0	0.0	0.0	0.0	0.0	0.0	0.0	0.0	0.0	0.0	0.0	0.0	0.0	0.0	0.0	0.0	0.0	0.0	0.0	0.0	0.0	0.0	0.0	0.0	0.0	0.0	0.0	0.0	0.0	0.0	0.0	0.0	0.0	0.0	0.0	0.0	0.0	0.0	0.0	0.0	0.0	0.0	0.0	0.0	0.0	0.0	0.0	0.0	0.0	0.0	0.0	0.0	0.0	0.0	0.0	0.0	0.0	0.0	0.0	0.0	0.0	0.0	0.0	0.0	0.0	0.0	29.725819029246047	-0.8741809707539545	0.12580261264048012	-0.4861068940310489	26.914484047518297	-0.22041803633906754	0.0436143970806978	-0.1696159178233152	-0.0026862617544697797
131.0	131.4207	2600.0	2598.641102291863	-0.03089303613246115	0.005672833369665519	28.24811864120307	-38.76519353302139	-11.915650355579603	19.895756193924775	45.17260306399358	16.711165778318904	36.952129727236745	19.895756193925784	45.172603063993634	0.0	0.0	0.0	-0.16706687286056976	-0.29725423146183005	0.13038888770609647	2.6238326523666005	1.5643548940423764	-0.08346811798913187	1.2105402051102427	0.0	0.0	0.0	0.0	0.0	0.0	0.0	0.0	0.0	0.0	0.0	0.0	0.0	0.0	0.0	0.0	0.0	0.0	0.0	0.0	0.0	0.0	0.0	0.0	0.0	0.0	0.0	0.0	0.0	0.0	0.0	0.0	0.0	0.0	0.0	0.0	0.0	0.0	0.0	0.0	0.0	0.0	0.0	0.0	0.0	0.0	0.0	0.0	31063.146807865694	-1055.8826085352027	-60.294053061304425	31081.14562018038	-31023.83424529329	789.1926974174521	1731.8876561562502	31082.15808541351	0.0	0.0	0.0	0.0	0.0	0.0	0.0	0.0	0.0	0.0	0.0	0.0	0.0	0.0	0.0	0.0	0.0	0.0	0.0	0.0	0.0	0.0	0.0	0.0	0.0	0.0	0.0	0.0	30992.356208584504	-1714.2970799186326	-1623.451079839387	31082.15808541351	0.0	0.0	0.0	0.0	0.0	0.0	0.0	0.0	0.0	0.0	0.0	0.0	0.0	0.0	0.0	0.0	0.0	0.0	0.0	0.0	0.0	0.0	0.0	0.0	0.0	0.0	0.0	0.0	0.0	0.0	0.0	0.0	0.0	0.0	0.0	0.0	0.0	0.0	0.0	0.0	0.0	0.0	0.0	0.0	0.0	0.0	0.0	0.0	0.0	0.0	0.0	0.0	0.0	0.0	0.0	0.0	0.0	0.0	0.0	0.0	0.0	0.0	0.0	0.0	0.0	0.0	0.0	0.0	0.0	0.0	0.0	0.0	0.0	0.0	0.0	0.0	0.0	0.0	0.0	0.0	0.0	0.0	0.0	0.0	0.0	0.0	0.0	0.0	0.0	0.0	0.0	0.0	0.0	0.0	0.0	0.0	0.0	0.0	0.0	0.0	29.723431717576553	-0.876568282423449	0.12583265174861236	-0.4880979739348038	26.88690615044073	-0.22045351026176901	0.04368429443724932	-0.16998557348685697	-0.0026308432680674106
132.0	132.4207	2600.0	2598.647237357223	-0.030942153360883587	0.004534769570803769	28.248189818761226	-38.54983922389874	-12.011243909523726	18.010660063195175	44.212486475592904	17.137711791317997	36.56034626477049	18.010660063196184	44.212486475589756	-1.010796047101403e-15	0.0	-1.010796047101403e-15	-0.277607046717638	-0.40900988793476506	0.13169673778907753	2.6734840173974277	1.5685705539657313	-0.08513439436905154	1.2149301576689922	0.0	0.0	0.0	0.0	0.0	0.0	0.0	0.0	0.0	0.0	0.0	0.0	0.0	0.0	0.0	0.0	0.0	0.0	0.0	0.0	0.0	0.0	0.0	0.0	0.0	0.0	0.0	0.0	0.0	0.0	0.0	0.0	0.0	0.0	0.0	0.0	0.0	0.0	0.0	0.0	0.0	0.0	0.0	0.0	0.0	0.0	0.0	0.0	31034.83858405673	-1098.2215817492438	-59.96032524918884	31054.321628747268	-30997.180741814664	831.4839268177477	1707.7868466374603	31055.32346273067	0.0	0.0	0.0	0.0	0.0	0.0	0.0	0.0	0.0	0.0	0.0	0.0	0.0	0.0	0.0	0.0	0.0	0.0	0.0	0.0	0.0	0.0	0.0	0.0	0.0	0.0	0.0	0.0	30964.396074656226	-1758.4204598573801	-1596.0102108066521	31055.32346273067	0.0	0.0	0.0	0.0	0.0	0.0	0.0	0.0	0.0	0.0	0.0	0.0	0.0	0.0	0.0	0.0	0.0	0.0	0.0	0.0	0.0	0.0	0.0	0.0	0.0	0.0	0.0	0.0	0.0	0.0	0.0	0.0	0.0	0.0	0.0	0.0	0.0	0.0	0.0	0.0	0.0	0.0	0.0	0.0	0.0	0.0	0.0	0.0	0.0	0.0	0.0	0.0	0.0	0.0	0.0	0.0	0.0	0.0	0.0	0.0	0.0	0.0	0.0	0.0	0.0	0.0	0.0	0.0	0.0	0.0	0.0	0.0	0.0	0.0	0.0	0.0	0.0	0.0	0.0	0.0	0.0	0.0	0.0	0.0	0.0	0.0	0.0	0.0	0.0	0.0	0.0	0.0	0.0	0.0	0.0	0.0	0.0	0.0	0.0	0.0	29.72103415039957	-0.8789658496004301	0.1258542355591796	-0.49006058285399995	26.859744604720987	-0.22049030850172646	0.04375751721491948	-0.1703925646181335	-0.0025721268628412395
133.0	133.4208	2600.0	2598.687313317327	-0.030967468089432182	0.0033995964094051395	28.24826475106541	-39.33455897082968	-12.268313967284481	18.021237110579595	44.97203624504094	18.12586545964769	37.00232504003361	18.021237110580607	44.97203624504137	0.0	0.0	0.0	-0.38807756954308387	-0.520569804403689	0.13288748528844602	2.7222891462689667	1.5728373131855942	-0.08679859977104322	1.219275453137515	0.0	0.0	0.0	0.0	0.0	0.0	0.0	0.0	0.0	0.0	0.0	0.0	0.0	0.0	0.0	0.0	0.0	0.0	0.0	0.0	0.0	0.0	0.0	0.0	0.0	0.0	0.0	0.0	0.0	0.0	0.0	0.0	0.0	0.0	0.0	0.0	0.0	0.0	0.0	0.0	0.0	0.0	0.0	0.0	0.0	0.0	0.0	0.0	30995.470390992814	-1145.462402662126	-59.56158447688095	31016.686097279475	-30959.544925373437	878.8288903839549	1682.8922607399147	31017.70282541969	0.0	0.0	0.0	0.0	0.0	0.0	0.0	0.0	0.0	0.0	0.0	0.0	0.0	0.0	0.0	0.0	0.0	0.0	0.0	0.0	0.0	0.0	0.0	0.0	0.0	0.0	0.0	0.0	30925.307297397412	-1807.204258064441	-1567.568147552231	31017.70282541969	0.0	0.0	0.0	0.0	0.0	0.0	0.0	0.0	0.0	0.0	0.0	0.0	0.0	0.0	0.0	0.0	0.0	0.0	0.0	0.0	0.0	0.0	0.0	0.0	0.0	0.0	0.0	0.0	0.0	0.0	0.0	0.0	0.0	0.0	0.0	0.0	0.0	0.0	0.0	0.0	0.0	0.0	0.0	0.0	0.0	0.0	0.0	0.0	0.0	0.0	0.0	0.0	0.0	0.0	0.0	0.0	0.0	0.0	0.0	0.0	0.0	0.0	0.0	0.0	0.0	0.0	0.0	0.0	0.0	0.0	0.0	0.0	0.0	0.0	0.0	0.0	0.0	0.0	0.0	0.0	0.0	0.0	0.0	0.0	0.0	0.0	0.0	0.0	0.0	0.0	0.0	0.0	0.0	0.0	0.0	0.0	0.0	0.0	0.0	0.0	29.71863499840754	-0.8813650015924566	0.12586296011457482	-0.4920022729490135	26.832997571929557	-0.22052848277563536	0.043833790908640674	-0.1708206474243994	-0.0025005605809331507
134.0	134.4208	2600.0	2598.632298979992	-0.03096833308630006	0.0022628852697030104	28.248343564612124	-38.772618833874745	-14.75138824901569	28.263581067244633	50.19710590516993	16.60214594760509	38.0169459115823	28.263581067245678	50.19710590516672	-3.1188701349598175e-15	0.0	-3.1188701349598175e-15	-0.4983182471983542	-0.6319978599476642	0.13418520404910217	2.7702289885949334	1.5772425486070463	-0.08846908472510073	1.2236833700249643	0.0	0.0	0.0	0.0	0.0	0.0	0.0	0.0	0.0	0.0	0.0	0.0	0.0	0.0	0.0	0.0	0.0	0.0	0.0	0.0	0.0	0.0	0.0	0.0	0.0	0.0	0.0	0.0	0.0	0.0	0.0	0.0	0.0	0.0	0.0	0.0	0.0	0.0	0.0	0.0	0.0	0.0	0.0	0.0	0.0	0.0	0.0	0.0	30966.687300857862	-1191.1522764261956	-59.483651026899565	30989.64511638502	-30932.368031764065	924.513745703773	1658.4597223511842	30990.58899680927	0.0	0.0	0.0	0.0	0.0	0.0	0.0	0.0	0.0	0.0	0.0	0.0	0.0	0.0	0.0	0.0	0.0	0.0	0.0	0.0	0.0	0.0	0.0	0.0	0.0	0.0	0.0	0.0	30896.711681175722	-1854.6383396868666	-1539.5227469637157	30990.58899680927	0.0	0.0	0.0	0.0	0.0	0.0	0.0	0.0	0.0	0.0	0.0	0.0	0.0	0.0	0.0	0.0	0.0	0.0	0.0	0.0	0.0	0.0	0.0	0.0	0.0	0.0	0.0	0.0	0.0	0.0	0.0	0.0	0.0	0.0	0.0	0.0	0.0	0.0	0.0	0.0	0.0	0.0	0.0	0.0	0.0	0.0	0.0	0.0	0.0	0.0	0.0	0.0	0.0	0.0	0.0	0.0	0.0	0.0	0.0	0.0	0.0	0.0	0.0	0.0	0.0	0.0	0.0	0.0	0.0	0.0	0.0	0.0	0.0	0.0	0.0	0.0	0.0	0.0	0.0	0.0	0.0	0.0	0.0	0.0	0.0	0.0	0.0	0.0	0.0	0.0	0.0	0.0	0.0	0.0	0.0	0.0	0.0	0.0	0.0	0.0	29.716231449757434	-0.8837685502425715	0.125854194860594	-0.49396918653530164	26.806726227343468	-0.22056824668829628	0.04390595343968397	-0.17122625884665071	-0.0024682555307974706
135.0	135.4209	2600.0	2598.592804679821	-0.03094017004702658	0.0011226797724243002	28.248426465703886	-39.22880011846065	-13.301248884836243	22.01749408968859	46.91046819868637	18.605909602356405	37.00867612465299	22.0174940896896	46.9104681986871	0.0	0.0	0.0	-0.6083622641136073	-0.7432070714300405	0.13546961797365395	2.8172799725480324	1.581734581613356	-0.09015174730959714	1.2280992658082444	0.0	0.0	0.0	0.0	0.0	0.0	0.0	0.0	0.0	0.0	0.0	0.0	0.0	0.0	0.0	0.0	0.0	0.0	0.0	0.0	0.0	0.0	0.0	0.0	0.0	0.0	0.0	0.0	0.0	0.0	0.0	0.0	0.0	0.0	0.0	0.0	0.0	0.0	0.0	0.0	0.0	0.0	0.0	0.0	0.0	0.0	0.0	0.0	30919.324407601467	-1227.0525486287333	-59.47384234027586	30943.72015316709	-30886.589855898135	960.6910687690873	1632.345005643063	30944.610362283296	0.0	0.0	0.0	0.0	0.0	0.0	0.0	0.0	0.0	0.0	0.0	0.0	0.0	0.0	0.0	0.0	0.0	0.0	0.0	0.0	0.0	0.0	0.0	0.0	0.0	0.0	0.0	0.0	30849.773652084983	-1891.9564384337627	-1510.2572375999007	30944.610362283296	0.0	0.0	0.0	0.0	0.0	0.0	0.0	0.0	0.0	0.0	0.0	0.0	0.0	0.0	0.0	0.0	0.0	0.0	0.0	0.0	0.0	0.0	0.0	0.0	0.0	0.0	0.0	0.0	0.0	0.0	0.0	0.0	0.0	0.0	0.0	0.0	0.0	0.0	0.0	0.0	0.0	0.0	0.0	0.0	0.0	0.0	0.0	0.0	0.0	0.0	0.0	0.0	0.0	0.0	0.0	0.0	0.0	0.0	0.0	0.0	0.0	0.0	0.0	0.0	0.0	0.0	0.0	0.0	0.0	0.0	0.0	0.0	0.0	0.0	0.0	0.0	0.0	0.0	0.0	0.0	0.0	0.0	0.0	0.0	0.0	0.0	0.0	0.0	0.0	0.0	0.0	0.0	0.0	0.0	0.0	0.0	0.0	0.0	0.0	0.0	29.713823072898823	-0.8861769271011825	0.1258325293293389	-0.4959377190457654	26.78090997664757	-0.22060941813505675	0.043976073821170567	-0.1716335946484731	-0.0024471626148605003
136.0	136.4209	2600.0	2598.6831205012686	-0.030871337259681934	-2.26127890955128e-05	28.24851396921015	-38.54175987778581	-11.229076920208172	13.765218670266513	42.43866948900619	20.179751435618535	34.70355968706281	13.76521867026747	42.43866948900682	2.1277794982694217e-14	0.0	2.1277794982694217e-14	-0.7184793084263927	-0.8539136875766254	0.13618704670783816	2.8634475766104215	1.5861760913935663	-0.0918198743786778	1.2323832830867785	0.0	0.0	0.0	0.0	0.0	0.0	0.0	0.0	0.0	0.0	0.0	0.0	0.0	0.0	0.0	0.0	0.0	0.0	0.0	0.0	0.0	0.0	0.0	0.0	0.0	0.0	0.0	0.0	0.0	0.0	0.0	0.0	0.0	0.0	0.0	0.0	0.0	0.0	0.0	0.0	0.0	0.0	0.0	0.0	0.0	0.0	0.0	0.0	30886.177314138902	-1269.8890384371844	-59.41576341422573	30912.329214786027	-30855.232287033836	1003.5971098306816	1606.7798559721712	30913.335442026215	0.0	0.0	0.0	0.0	0.0	0.0	0.0	0.0	0.0	0.0	0.0	0.0	0.0	0.0	0.0	0.0	0.0	0.0	0.0	0.0	0.0	0.0	0.0	0.0	0.0	0.0	0.0	0.0	30817.046341494774	-1936.3139642780347	-1481.4355096120266	30913.335442026215	0.0	0.0	0.0	0.0	0.0	0.0	0.0	0.0	0.0	0.0	0.0	0.0	0.0	0.0	0.0	0.0	0.0	0.0	0.0	0.0	0.0	0.0	0.0	0.0	0.0	0.0	0.0	0.0	0.0	0.0	0.0	0.0	0.0	0.0	0.0	0.0	0.0	0.0	0.0	0.0	0.0	0.0	0.0	0.0	0.0	0.0	0.0	0.0	0.0	0.0	0.0	0.0	0.0	0.0	0.0	0.0	0.0	0.0	0.0	0.0	0.0	0.0	0.0	0.0	0.0	0.0	0.0	0.0	0.0	0.0	0.0	0.0	0.0	0.0	0.0	0.0	0.0	0.0	0.0	0.0	0.0	0.0	0.0	0.0	0.0	0.0	0.0	0.0	0.0	0.0	0.0	0.0	0.0	0.0	0.0	0.0	0.0	0.0	0.0	0.0	29.711409796902615	-0.8885902030973867	0.12581638584605628	-0.49784882507840367	26.755429031656753	-0.22065189773557067	0.0440449479339491	-0.17210173918022556	-0.00230974525384794
137.0	137.421	2600.0	2598.6743385574778	-0.030761164447272022	-0.0011687455114870898	28.24860573040849	-38.22807224890496	-13.61613879285778	16.605286774296104	43.84655393928325	18.93628523881853	35.89152887308592	16.605286774297088	43.846553939279005	0.0	0.0	0.0	-0.8281878844054952	-0.964452983259339	0.1371543659961941	2.908717204638772	1.5907254030287772	-0.09348049946427076	1.236694087548667	0.0	0.0	0.0	0.0	0.0	0.0	0.0	0.0	0.0	0.0	0.0	0.0	0.0	0.0	0.0	0.0	0.0	0.0	0.0	0.0	0.0	0.0	0.0	0.0	0.0	0.0	0.0	0.0	0.0	0.0	0.0	0.0	0.0	0.0	0.0	0.0	0.0	0.0	0.0	0.0	0.0	0.0	0.0	0.0	0.0	0.0	0.0	0.0	30797.550311335144	-1309.2732382743668	-59.14281914467774	30825.42456260315	-30768.279394306977	1043.6972190331028	1578.0068957381284	30826.39172096128	0.0	0.0	0.0	0.0	0.0	0.0	0.0	0.0	0.0	0.0	0.0	0.0	0.0	0.0	0.0	0.0	0.0	0.0	0.0	0.0	0.0	0.0	0.0	0.0	0.0	0.0	0.0	0.0	30728.81728296328	-1976.1477978613248	-1449.5015713738624	30826.39172096128	0.0	0.0	0.0	0.0	0.0	0.0	0.0	0.0	0.0	0.0	0.0	0.0	0.0	0.0	0.0	0.0	0.0	0.0	0.0	0.0	0.0	0.0	0.0	0.0	0.0	0.0	0.0	0.0	0.0	0.0	0.0	0.0	0.0	0.0	0.0	0.0	0.0	0.0	0.0	0.0	0.0	0.0	0.0	0.0	0.0	0.0	0.0	0.0	0.0	0.0	0.0	0.0	0.0	0.0	0.0	0.0	0.0	0.0	0.0	0.0	0.0	0.0	0.0	0.0	0.0	0.0	0.0	0.0	0.0	0.0	0.0	0.0	0.0	0.0	0.0	0.0	0.0	0.0	0.0	0.0	0.0	0.0	0.0	0.0	0.0	0.0	0.0	0.0	0.0	0.0	0.0	0.0	0.0	0.0	0.0	0.0	0.0	0.0	0.0	0.0	29.708997426041357	-0.8910025739586445	0.12580121797131819	-0.49977071319695576	26.730479895039583	-0.22069614343889546	0.044111420376251126	-0.17255629543630308	-0.00224423581676558
138.0	138.421	2600.0	2598.6581525386728	-0.030629452345576475	-0.0023086758316906903	28.248700288088173	-37.90042121001533	-14.492226475384086	15.129057906205183	43.30536859604954	18.73331486005918	35.99346427428462	15.129057906206178	43.3053685960489	1.484974075794089e-15	0.0	1.484974075794089e-15	-0.9376383052384399	-1.0746431469378732	0.13803919258409056	2.9530548411196915	1.5952984489217157	-0.09514844092481842	1.2409430773279229	0.0	0.0	0.0	0.0	0.0	0.0	0.0	0.0	0.0	0.0	0.0	0.0	0.0	0.0	0.0	0.0	0.0	0.0	0.0	0.0	0.0	0.0	0.0	0.0	0.0	0.0	0.0	0.0	0.0	0.0	0.0	0.0	0.0	0.0	0.0	0.0	0.0	0.0	0.0	0.0	0.0	0.0	0.0	0.0	0.0	0.0	0.0	0.0	30692.956349224092	-1349.6064238452363	-58.80643310282052	30722.67021518855	-30665.374162065888	1084.894166766022	1548.1857389716943	30723.59104881681	0.0	0.0	0.0	0.0	0.0	0.0	0.0	0.0	0.0	0.0	0.0	0.0	0.0	0.0	0.0	0.0	0.0	0.0	0.0	0.0	0.0	0.0	0.0	0.0	0.0	0.0	0.0	0.0	30624.602344358278	-2016.5035955639119	-1416.506771582625	30723.59104881681	0.0	0.0	0.0	0.0	0.0	0.0	0.0	0.0	0.0	0.0	0.0	0.0	0.0	0.0	0.0	0.0	0.0	0.0	0.0	0.0	0.0	0.0	0.0	0.0	0.0	0.0	0.0	0.0	0.0	0.0	0.0	0.0	0.0	0.0	0.0	0.0	0.0	0.0	0.0	0.0	0.0	0.0	0.0	0.0	0.0	0.0	0.0	0.0	0.0	0.0	0.0	0.0	0.0	0.0	0.0	0.0	0.0	0.0	0.0	0.0	0.0	0.0	0.0	0.0	0.0	0.0	0.0	0.0	0.0	0.0	0.0	0.0	0.0	0.0	0.0	0.0	0.0	0.0	0.0	0.0	0.0	0.0	0.0	0.0	0.0	0.0	0.0	0.0	0.0	0.0	0.0	0.0	0.0	0.0	0.0	0.0	0.0	0.0	0.0	0.0	29.706594548374213	-0.8934054516257853	0.12577192880565866	-0.5016633771377473	26.705992644698675	-0.22074213933648637	0.0441806239328714	-0.17302861527711175	-0.0021747467246026404
139.0	139.4211	2600.0	2598.6996640682974	-0.030477261138462927	-0.0034431188712492206	28.248797489379005	-37.73414951499216	-15.730570935982541	20.515440641849427	45.740575054550966	18.426842752956873	36.493401701532996	20.515440641850443	45.740575054550206	-3.4445854286519103e-15	0.0	-3.4445854286519103e-15	-1.0467815695447518	-1.1844569026069833	0.138863031520733	2.9964151626063438	1.5998995477456723	-0.0968552587234682	1.2451440162886724	0.0	0.0	0.0	0.0	0.0	0.0	0.0	0.0	0.0	0.0	0.0	0.0	0.0	0.0	0.0	0.0	0.0	0.0	0.0	0.0	0.0	0.0	0.0	0.0	0.0	0.0	0.0	0.0	0.0	0.0	0.0	0.0	0.0	0.0	0.0	0.0	0.0	0.0	0.0	0.0	0.0	0.0	0.0	0.0	0.0	0.0	0.0	0.0	30590.743765473762	-1388.7318529336574	-58.4829808298118	30622.305604628655	-30564.898807803576	1124.8876228461693	1518.1451445855441	30623.245679962372	0.0	0.0	0.0	0.0	0.0	0.0	0.0	0.0	0.0	0.0	0.0	0.0	0.0	0.0	0.0	0.0	0.0	0.0	0.0	0.0	0.0	0.0	0.0	0.0	0.0	0.0	0.0	0.0	30522.842089481815	-2055.6377801351614	-1383.3438013640432	30623.245679962372	0.0	0.0	0.0	0.0	0.0	0.0	0.0	0.0	0.0	0.0	0.0	0.0	0.0	0.0	0.0	0.0	0.0	0.0	0.0	0.0	0.0	0.0	0.0	0.0	0.0	0.0	0.0	0.0	0.0	0.0	0.0	0.0	0.0	0.0	0.0	0.0	0.0	0.0	0.0	0.0	0.0	0.0	0.0	0.0	0.0	0.0	0.0	0.0	0.0	0.0	0.0	0.0	0.0	0.0	0.0	0.0	0.0	0.0	0.0	0.0	0.0	0.0	0.0	0.0	0.0	0.0	0.0	0.0	0.0	0.0	0.0	0.0	0.0	0.0	0.0	0.0	0.0	0.0	0.0	0.0	0.0	0.0	0.0	0.0	0.0	0.0	0.0	0.0	0.0	0.0	0.0	0.0	0.0	0.0	0.0	0.0	0.0	0.0	0.0	0.0	29.704202031287473	-0.8957979687125287	0.1257217633679916	-0.5035313796812598	26.681979512897573	-0.22079003655817594	0.04425171671264164	-0.1735131393772639	-0.0021064360418995994
140.0	140.4211	2600.0	2598.6300824480663	-0.030310672009698243	-0.00457720124295138	28.248897199431273	-38.939773090813105	-10.38383174561568	-0.4556667927761211	40.30307087941695	23.396802666735308	32.81340450271453	-0.45566679277521166	40.303070879412616	0.0	0.0	0.0	-1.1555454211771201	-1.2938543022826445	0.1396577424966438	3.0386211559978427	1.6045495172656936	-0.09876555784890613	1.2493288982414776	0.0	0.0	0.0	0.0	0.0	0.0	0.0	0.0	0.0	0.0	0.0	0.0	0.0	0.0	0.0	0.0	0.0	0.0	0.0	0.0	0.0	0.0	0.0	0.0	0.0	0.0	0.0	0.0	0.0	0.0	0.0	0.0	0.0	0.0	0.0	0.0	0.0	0.0	0.0	0.0	0.0	0.0	0.0	0.0	0.0	0.0	0.0	0.0	30476.631072542732	-1426.910525844551	-58.4013766773468	30510.072531894137	-30452.40128500243	1164.1064997245342	1487.7437119410317	30510.936880370267	0.0	0.0	0.0	0.0	0.0	0.0	0.0	0.0	0.0	0.0	0.0	0.0	0.0	0.0	0.0	0.0	0.0	0.0	0.0	0.0	0.0	0.0	0.0	0.0	0.0	0.0	0.0	0.0	30409.078433686467	-2093.5746870886906	-1349.8752392071667	30510.936880370267	0.0	0.0	0.0	0.0	0.0	0.0	0.0	0.0	0.0	0.0	0.0	0.0	0.0	0.0	0.0	0.0	0.0	0.0	0.0	0.0	0.0	0.0	0.0	0.0	0.0	0.0	0.0	0.0	0.0	0.0	0.0	0.0	0.0	0.0	0.0	0.0	0.0	0.0	0.0	0.0	0.0	0.0	0.0	0.0	0.0	0.0	0.0	0.0	0.0	0.0	0.0	0.0	0.0	0.0	0.0	0.0	0.0	0.0	0.0	0.0	0.0	0.0	0.0	0.0	0.0	0.0	0.0	0.0	0.0	0.0	0.0	0.0	0.0	0.0	0.0	0.0	0.0	0.0	0.0	0.0	0.0	0.0	0.0	0.0	0.0	0.0	0.0	0.0	0.0	0.0	0.0	0.0	0.0	0.0	0.0	0.0	0.0	0.0	0.0	0.0	29.701816343397713	-0.8981836566022886	0.1256375846625238	-0.5053840167831926	26.658455161536022	-0.22083996021765873	0.04432231814285881	-0.17400396922618183	-0.0020473985748256603
141.0	141.4211	2600.0	2598.6868341733075	-0.030128039364427005	-0.00570952417563041	28.24899930024614	-37.9184049513351	-15.298414086990304	15.064820056671465	43.575173103159905	20.10276526753296	35.60513637425176	15.064820056672458	43.57517310316181	-1.0206831917154913e-15	0.0	-1.0206831917154913e-15	-1.2639018144177718	-1.40279283714382	0.14040850573761038	3.0796267617871673	1.6092225907379745	-0.10091065999525241	1.2534722471104351	0.0	0.0	0.0	0.0	0.0	0.0	0.0	0.0	0.0	0.0	0.0	0.0	0.0	0.0	0.0	0.0	0.0	0.0	0.0	0.0	0.0	0.0	0.0	0.0	0.0	0.0	0.0	0.0	0.0	0.0	0.0	0.0	0.0	0.0	0.0	0.0	0.0	0.0	0.0	0.0	0.0	0.0	0.0	0.0	0.0	0.0	0.0	0.0	30367.40078542531	-1454.8457565606973	-58.692626924464534	30402.286944611384	-30344.80435095796	1193.0058013229839	1457.1050647900388	30403.183535770462	0.0	0.0	0.0	0.0	0.0	0.0	0.0	0.0	0.0	0.0	0.0	0.0	0.0	0.0	0.0	0.0	0.0	0.0	0.0	0.0	0.0	0.0	0.0	0.0	0.0	0.0	0.0	0.0	30300.497304290046	-2121.2520482127725	-1316.7087644613362	30403.183535770462	0.0	0.0	0.0	0.0	0.0	0.0	0.0	0.0	0.0	0.0	0.0	0.0	0.0	0.0	0.0	0.0	0.0	0.0	0.0	0.0	0.0	0.0	0.0	0.0	0.0	0.0	0.0	0.0	0.0	0.0	0.0	0.0	0.0	0.0	0.0	0.0	0.0	0.0	0.0	0.0	0.0	0.0	0.0	0.0	0.0	0.0	0.0	0.0	0.0	0.0	0.0	0.0	0.0	0.0	0.0	0.0	0.0	0.0	0.0	0.0	0.0	0.0	0.0	0.0	0.0	0.0	0.0	0.0	0.0	0.0	0.0	0.0	0.0	0.0	0.0	0.0	0.0	0.0	0.0	0.0	0.0	0.0	0.0	0.0	0.0	0.0	0.0	0.0	0.0	0.0	0.0	0.0	0.0	0.0	0.0	0.0	0.0	0.0	0.0	0.0	29.69944041365612	-0.900559586343885	0.12552027496618148	-0.5072100687325254	26.63542265342881	-0.22089198896061246	0.04439147308765682	-0.17450929616138286	-0.00199398341815905
142.0	142.4211	2600.0	2598.617438871083	-0.02992603687290106	-0.006840542098658389	28.249103835683485	-39.46176192097846	-12.337685129632519	8.343461247738922	42.178934005715014	23.749830077624207	33.84368034877116	8.343461247739855	42.17893400571379	-3.617894620210596e-15	0.0	-3.617894620210596e-15	-1.3718593932667362	-1.5113181240109008	0.14115279938819728	3.1196611131099945	1.6133223914166108	-0.10302399052257519	1.2569844500977543	0.0	0.0	0.0	0.0	0.0	0.0	0.0	0.0	0.0	0.0	0.0	0.0	0.0	0.0	0.0	0.0	0.0	0.0	0.0	0.0	0.0	0.0	0.0	0.0	0.0	0.0	0.0	0.0	0.0	0.0	0.0	0.0	0.0	0.0	0.0	0.0	0.0	0.0	0.0	0.0	0.0	0.0	0.0	0.0	0.0	0.0	0.0	0.0	30257.794160030317	-1440.807202493852	-57.317455207844716	30292.13294101612	-30236.716119926106	1181.3748206223	1418.7823865737541	30293.0287631371	0.0	0.0	0.0	0.0	0.0	0.0	0.0	0.0	0.0	0.0	0.0	0.0	0.0	0.0	0.0	0.0	0.0	0.0	0.0	0.0	0.0	0.0	0.0	0.0	0.0	0.0	0.0	0.0	30192.58090170928	-2107.653825791545	-1278.0631786488025	30293.0287631371	0.0	0.0	0.0	0.0	0.0	0.0	0.0	0.0	0.0	0.0	0.0	0.0	0.0	0.0	0.0	0.0	0.0	0.0	0.0	0.0	0.0	0.0	0.0	0.0	0.0	0.0	0.0	0.0	0.0	0.0	0.0	0.0	0.0	0.0	0.0	0.0	0.0	0.0	0.0	0.0	0.0	0.0	0.0	0.0	0.0	0.0	0.0	0.0	0.0	0.0	0.0	0.0	0.0	0.0	0.0	0.0	0.0	0.0	0.0	0.0	0.0	0.0	0.0	0.0	0.0	0.0	0.0	0.0	0.0	0.0	0.0	0.0	0.0	0.0	0.0	0.0	0.0	0.0	0.0	0.0	0.0	0.0	0.0	0.0	0.0	0.0	0.0	0.0	0.0	0.0	0.0	0.0	0.0	0.0	0.0	0.0	0.0	0.0	0.0	0.0	29.69707527545458	-0.9029247245454286	0.12537867686760779	-0.5087571953878335	26.61288565486612	-0.22094469930634777	0.04445401720618902	-0.17528082272636902	-0.001949123033637481
143.0	143.4211	2600.0	2598.609780409045	-0.029705165453974832	-0.007966315998934973	28.249210430485604	-38.63868729664317	-11.422968259734263	1.020586389976078	40.304763446149586	24.221003854949224	32.198995824852325	1.0205863899769767	40.30476344614527	0.0	0.0	0.0	-1.4793545233603613	-1.619340741565539	0.14186468040524852	3.1587972390622925	1.6168832216731008	-0.10502248831560208	1.2598835831035256	0.0	0.0	0.0	0.0	0.0	0.0	0.0	0.0	0.0	0.0	0.0	0.0	0.0	0.0	0.0	0.0	0.0	0.0	0.0	0.0	0.0	0.0	0.0	0.0	0.0	0.0	0.0	0.0	0.0	0.0	0.0	0.0	0.0	0.0	0.0	0.0	0.0	0.0	0.0	0.0	0.0	0.0	0.0	0.0	0.0	0.0	0.0	0.0	30124.899574271927	-1441.3192350099762	-60.735988046190684	30159.4208226455	-30104.934305042363	1181.929011278991	1392.6817694727702	30160.29821155025	0.0	0.0	0.0	0.0	0.0	0.0	0.0	0.0	0.0	0.0	0.0	0.0	0.0	0.0	0.0	0.0	0.0	0.0	0.0	0.0	0.0	0.0	0.0	0.0	0.0	0.0	0.0	0.0	30060.66892059832	-2105.8501196917223	-1251.0665566664927	30160.29821155025	0.0	0.0	0.0	0.0	0.0	0.0	0.0	0.0	0.0	0.0	0.0	0.0	0.0	0.0	0.0	0.0	0.0	0.0	0.0	0.0	0.0	0.0	0.0	0.0	0.0	0.0	0.0	0.0	0.0	0.0	0.0	0.0	0.0	0.0	0.0	0.0	0.0	0.0	0.0	0.0	0.0	0.0	0.0	0.0	0.0	0.0	0.0	0.0	0.0	0.0	0.0	0.0	0.0	0.0	0.0	0.0	0.0	0.0	0.0	0.0	0.0	0.0	0.0	0.0	0.0	0.0	0.0	0.0	0.0	0.0	0.0	0.0	0.0	0.0	0.0	0.0	0.0	0.0	0.0	0.0	0.0	0.0	0.0	0.0	0.0	0.0	0.0	0.0	0.0	0.0	0.0	0.0	0.0	0.0	0.0	0.0	0.0	0.0	0.0	0.0	29.694726292339848	-0.9052737076601467	0.12522687393671547	-0.5100364640172562	26.59086857438486	-0.22099750680863792	0.044508417906531886	-0.17630262077438968	-0.0019044163575448203
144.0	144.4211	2600.0	2598.6194221361757	-0.029456206199000093	-0.009086459385382292	28.249319294198184	-40.05830967560178	-10.902165824989424	-11.243852255351173	43.011040527777794	26.236872565437807	32.173776771265686	-11.24385225535027	43.011040527780814	2.4517058835538335e-15	0.0	2.4517058835538335e-15	-1.5862884736163645	-1.7268561025893994	0.1426381941983912	3.1970608277139707	1.6198844553851022	-0.1068688643466247	1.2621486652247345	0.0	0.0	0.0	0.0	0.0	0.0	0.0	0.0	0.0	0.0	0.0	0.0	0.0	0.0	0.0	0.0	0.0	0.0	0.0	0.0	0.0	0.0	0.0	0.0	0.0	0.0	0.0	0.0	0.0	0.0	0.0	0.0	0.0	0.0	0.0	0.0	0.0	0.0	0.0	0.0	0.0	0.0	0.0	0.0	0.0	0.0	0.0	0.0	29976.232211013088	-1434.0137685837706	-71.7563614017922	30010.598828288454	-29956.242266273584	1174.5672399598322	1390.5048218802117	30011.490509078943	0.0	0.0	0.0	0.0	0.0	0.0	0.0	0.0	0.0	0.0	0.0	0.0	0.0	0.0	0.0	0.0	0.0	0.0	0.0	0.0	0.0	0.0	0.0	0.0	0.0	0.0	0.0	0.0	29912.122889155482	-2096.637457039709	-1248.4303001507865	30011.490509078943	0.0	0.0	0.0	0.0	0.0	0.0	0.0	0.0	0.0	0.0	0.0	0.0	0.0	0.0	0.0	0.0	0.0	0.0	0.0	0.0	0.0	0.0	0.0	0.0	0.0	0.0	0.0	0.0	0.0	0.0	0.0	0.0	0.0	0.0	0.0	0.0	0.0	0.0	0.0	0.0	0.0	0.0	0.0	0.0	0.0	0.0	0.0	0.0	0.0	0.0	0.0	0.0	0.0	0.0	0.0	0.0	0.0	0.0	0.0	0.0	0.0	0.0	0.0	0.0	0.0	0.0	0.0	0.0	0.0	0.0	0.0	0.0	0.0	0.0	0.0	0.0	0.0	0.0	0.0	0.0	0.0	0.0	0.0	0.0	0.0	0.0	0.0	0.0	0.0	0.0	0.0	0.0	0.0	0.0	0.0	0.0	0.0	0.0	0.0	0.0	29.69239533063924	-0.907604669360758	0.12507612734138007	-0.5110409066224437	26.569407468923337	-0.221050320633652	0.044554453399076675	-0.17757978373995453	-0.0018808170400057898
145.0	145.421	2600.0	2598.6666509168963	-0.029179544923507238	-0.01020434220084938	28.249430431988987	-39.14044213436864	-11.834288235691929	3.610938714070113	41.04952456382493	25.509635135360437	31.957520300860775	3.6109387140710076	41.049524563823155	0.0	0.0	0.0	-1.6930603196663678	-1.8339747790128522	0.1431847019584589	3.234386021702443	1.6223687365039876	-0.10862055784449028	1.2638325415791112	0.0	0.0	0.0	0.0	0.0	0.0	0.0	0.0	0.0	0.0	0.0	0.0	0.0	0.0	0.0	0.0	0.0	0.0	0.0	0.0	0.0	0.0	0.0	0.0	0.0	0.0	0.0	0.0	0.0	0.0	0.0	0.0	0.0	0.0	0.0	0.0	0.0	0.0	0.0	0.0	0.0	0.0	0.0	0.0	0.0	0.0	0.0	0.0	29827.86060522975	-1423.6897036521189	-55.57757177531335	29861.86949143985	-29811.31470711018	1169.5426887965666	1305.4670937693522	29862.79556572352	0.0	0.0	0.0	0.0	0.0	0.0	0.0	0.0	0.0	0.0	0.0	0.0	0.0	0.0	0.0	0.0	0.0	0.0	0.0	0.0	0.0	0.0	0.0	0.0	0.0	0.0	0.0	0.0	29767.214992209007	-2084.8802457682064	-1163.0756504239496	29862.79556572352	0.0	0.0	0.0	0.0	0.0	0.0	0.0	0.0	0.0	0.0	0.0	0.0	0.0	0.0	0.0	0.0	0.0	0.0	0.0	0.0	0.0	0.0	0.0	0.0	0.0	0.0	0.0	0.0	0.0	0.0	0.0	0.0	0.0	0.0	0.0	0.0	0.0	0.0	0.0	0.0	0.0	0.0	0.0	0.0	0.0	0.0	0.0	0.0	0.0	0.0	0.0	0.0	0.0	0.0	0.0	0.0	0.0	0.0	0.0	0.0	0.0	0.0	0.0	0.0	0.0	0.0	0.0	0.0	0.0	0.0	0.0	0.0	0.0	0.0	0.0	0.0	0.0	0.0	0.0	0.0	0.0	0.0	0.0	0.0	0.0	0.0	0.0	0.0	0.0	0.0	0.0	0.0	0.0	0.0	0.0	0.0	0.0	0.0	0.0	0.0	29.690080535593527	-0.9099194644064711	0.1249199543567631	-0.5117923101704811	26.54832346599109	-0.2211029846583886	0.044594740837768515	-0.17909297752417086	-0.0018124871255563299
146.0	146.421	2600.0	2598.655305349915	-0.02887968096514066	-0.011321893838446099	28.24954361462372	-39.59922378970805	-8.3399052317709	-10.151136058253755	41.72167431078814	28.378377796630957	28.849960444578755	-10.151136058252956	41.72167431078526	2.1941422931708076e-15	0.0	2.1941422931708076e-15	-1.7990349726674402	-1.9404669862363277	0.14390868518292102	3.2707081695308675	1.6245263034040105	-0.11033931668772587	1.2651403750636454	0.0	0.0	0.0	0.0	0.0	0.0	0.0	0.0	0.0	0.0	0.0	0.0	0.0	0.0	0.0	0.0	0.0	0.0	0.0	0.0	0.0	0.0	0.0	0.0	0.0	0.0	0.0	0.0	0.0	0.0	0.0	0.0	0.0	0.0	0.0	0.0	0.0	0.0	0.0	0.0	0.0	0.0	0.0	0.0	0.0	0.0	0.0	0.0	29672.79205911742	-1416.8694071337197	-58.60553374062424	29706.658211738963	-29656.96072222621	1162.488170859327	1286.1668430658356	29707.590329329272	0.0	0.0	0.0	0.0	0.0	0.0	0.0	0.0	0.0	0.0	0.0	0.0	0.0	0.0	0.0	0.0	0.0	0.0	0.0	0.0	0.0	0.0	0.0	0.0	0.0	0.0	0.0	0.0	29613.018926311826	-2074.268112783182	-1143.435630652628	29707.590329329272	0.0	0.0	0.0	0.0	0.0	0.0	0.0	0.0	0.0	0.0	0.0	0.0	0.0	0.0	0.0	0.0	0.0	0.0	0.0	0.0	0.0	0.0	0.0	0.0	0.0	0.0	0.0	0.0	0.0	0.0	0.0	0.0	0.0	0.0	0.0	0.0	0.0	0.0	0.0	0.0	0.0	0.0	0.0	0.0	0.0	0.0	0.0	0.0	0.0	0.0	0.0	0.0	0.0	0.0	0.0	0.0	0.0	0.0	0.0	0.0	0.0	0.0	0.0	0.0	0.0	0.0	0.0	0.0	0.0	0.0	0.0	0.0	0.0	0.0	0.0	0.0	0.0	0.0	0.0	0.0	0.0	0.0	0.0	0.0	0.0	0.0	0.0	0.0	0.0	0.0	0.0	0.0	0.0	0.0	0.0	0.0	0.0	0.0	0.0	0.0	29.68778149976917	-0.9122185002308321	0.12474917751138943	-0.512377025852476	26.527873661149084	-0.2211557686580733	0.044623846963968435	-0.18075578559313715	-0.00179147829740356
147.0	147.4209	2600.0	2598.6780853982928	-0.028551057935121155	-0.012436096479734232	28.24965872135747	-38.925565697401915	-10.29558615071619	-9.421800704900972	41.35177248404768	27.256808180891316	29.63553891596529	-9.421800704900141	41.3517724840478	0.0	0.0	0.0	-1.9045073666570618	-2.0463137322634513	0.14449589107786315	3.3060315912575997	1.6264282527182985	-0.1120126787042604	1.2661356845186416	0.0	0.0	0.0	0.0	0.0	0.0	0.0	0.0	0.0	0.0	0.0	0.0	0.0	0.0	0.0	0.0	0.0	0.0	0.0	0.0	0.0	0.0	0.0	0.0	0.0	0.0	0.0	0.0	0.0	0.0	0.0	0.0	0.0	0.0	0.0	0.0	0.0	0.0	0.0	0.0	0.0	0.0	0.0	0.0	0.0	0.0	0.0	0.0	29528.27275337556	-1409.348806091766	-61.77102768239279	29561.951415879757	-29513.458343031132	1156.4887732586917	1253.5979432657407	29562.69942768873	0.0	0.0	0.0	0.0	0.0	0.0	0.0	0.0	0.0	0.0	0.0	0.0	0.0	0.0	0.0	0.0	0.0	0.0	0.0	0.0	0.0	0.0	0.0	0.0	0.0	0.0	0.0	0.0	29469.636618019667	-2064.06339444933	-1110.5662328003393	29562.69942768873	0.0	0.0	0.0	0.0	0.0	0.0	0.0	0.0	0.0	0.0	0.0	0.0	0.0	0.0	0.0	0.0	0.0	0.0	0.0	0.0	0.0	0.0	0.0	0.0	0.0	0.0	0.0	0.0	0.0	0.0	0.0	0.0	0.0	0.0	0.0	0.0	0.0	0.0	0.0	0.0	0.0	0.0	0.0	0.0	0.0	0.0	0.0	0.0	0.0	0.0	0.0	0.0	0.0	0.0	0.0	0.0	0.0	0.0	0.0	0.0	0.0	0.0	0.0	0.0	0.0	0.0	0.0	0.0	0.0	0.0	0.0	0.0	0.0	0.0	0.0	0.0	0.0	0.0	0.0	0.0	0.0	0.0	0.0	0.0	0.0	0.0	0.0	0.0	0.0	0.0	0.0	0.0	0.0	0.0	0.0	0.0	0.0	0.0	0.0	0.0	29.685502648542833	-0.9144973514571609	0.12457048948134153	-0.5128242362345101	26.507926597477283	-0.2212086034587423	0.044644066539356646	-0.18253512870082547	-0.00174575708110086
148.0	148.4209	2600.0	2598.6626555587845	-0.028210335534873583	-0.013541540098074022	28.24977464376764	-38.60054089534605	-13.532826908684003	1.2491000449950391	40.92309143351821	25.797678635857665	31.74301401181947	1.2491000449959238	40.923091433516625	0.0	0.0	0.0	-2.0093880274059854	-2.1515521340602604	0.14507247512454893	3.3403026390326773	1.6281333173685415	-0.11368538113918446	1.2668639311404075	0.0	0.0	0.0	0.0	0.0	0.0	0.0	0.0	0.0	0.0	0.0	0.0	0.0	0.0	0.0	0.0	0.0	0.0	0.0	0.0	0.0	0.0	0.0	0.0	0.0	0.0	0.0	0.0	0.0	0.0	0.0	0.0	0.0	0.0	0.0	0.0	0.0	0.0	0.0	0.0	0.0	0.0	0.0	0.0	0.0	0.0	0.0	0.0	29357.186717287663	-1400.8151833870181	-63.51770236857996	29390.657182686697	-29343.57756405226	1149.6833985339972	1220.5194890952378	29391.444061115428	0.0	0.0	0.0	0.0	0.0	0.0	0.0	0.0	0.0	0.0	0.0	0.0	0.0	0.0	0.0	0.0	0.0	0.0	0.0	0.0	0.0	0.0	0.0	0.0	0.0	0.0	0.0	0.0	29299.917908038067	-2052.103656439547	-1077.3417114056554	29391.444061115428	0.0	0.0	0.0	0.0	0.0	0.0	0.0	0.0	0.0	0.0	0.0	0.0	0.0	0.0	0.0	0.0	0.0	0.0	0.0	0.0	0.0	0.0	0.0	0.0	0.0	0.0	0.0	0.0	0.0	0.0	0.0	0.0	0.0	0.0	0.0	0.0	0.0	0.0	0.0	0.0	0.0	0.0	0.0	0.0	0.0	0.0	0.0	0.0	0.0	0.0	0.0	0.0	0.0	0.0	0.0	0.0	0.0	0.0	0.0	0.0	0.0	0.0	0.0	0.0	0.0	0.0	0.0	0.0	0.0	0.0	0.0	0.0	0.0	0.0	0.0	0.0	0.0	0.0	0.0	0.0	0.0	0.0	0.0	0.0	0.0	0.0	0.0	0.0	0.0	0.0	0.0	0.0	0.0	0.0	0.0	0.0	0.0	0.0	0.0	0.0	29.683250772564794	-0.9167492274352045	0.12437219645362269	-0.5131510867234582	26.488510618560806	-0.2212614406510395	0.0446598854028881	-0.18440720163858257	-0.00170398147123091
149.0	149.4208	2600.0	2598.598604557817	-0.0278702317849058	-0.01464180992214112	28.249891008117057	-39.40806040584356	-12.886794255760837	3.7243309607066744	41.62853987645741	27.371570573497593	31.14260450702204	3.724330960707552	41.62853987645537	0.0	0.0	0.0	-2.113688855371041	-2.2561307190230475	0.14557450211784081	3.373465524268098	1.6296701623606944	-0.11540441033731574	1.2673654981000768	0.0	0.0	0.0	0.0	0.0	0.0	0.0	0.0	0.0	0.0	0.0	0.0	0.0	0.0	0.0	0.0	0.0	0.0	0.0	0.0	0.0	0.0	0.0	0.0	0.0	0.0	0.0	0.0	0.0	0.0	0.0	0.0	0.0	0.0	0.0	0.0	0.0	0.0	0.0	0.0	0.0	0.0	0.0	0.0	0.0	0.0	0.0	0.0	29128.946822507012	-1389.6230836137838	-62.133213999142576	29162.140796574502	-29116.66027057477	1141.198191216542	1177.943834620702	29162.815198489057	0.0	0.0	0.0	0.0	0.0	0.0	0.0	0.0	0.0	0.0	0.0	0.0	0.0	0.0	0.0	0.0	0.0	0.0	0.0	0.0	0.0	0.0	0.0	0.0	0.0	0.0	0.0	0.0	29073.23225770983	-2036.1300349318647	-1034.9545262149363	29162.815198489057	0.0	0.0	0.0	0.0	0.0	0.0	0.0	0.0	0.0	0.0	0.0	0.0	0.0	0.0	0.0	0.0	0.0	0.0	0.0	0.0	0.0	0.0	0.0	0.0	0.0	0.0	0.0	0.0	0.0	0.0	0.0	0.0	0.0	0.0	0.0	0.0	0.0	0.0	0.0	0.0	0.0	0.0	0.0	0.0	0.0	0.0	0.0	0.0	0.0	0.0	0.0	0.0	0.0	0.0	0.0	0.0	0.0	0.0	0.0	0.0	0.0	0.0	0.0	0.0	0.0	0.0	0.0	0.0	0.0	0.0	0.0	0.0	0.0	0.0	0.0	0.0	0.0	0.0	0.0	0.0	0.0	0.0	0.0	0.0	0.0	0.0	0.0	0.0	0.0	0.0	0.0	0.0	0.0	0.0	0.0	0.0	0.0	0.0	0.0	0.0	29.6810237224675	-0.918976277532501	0.12413978848126479	-0.5133720473959809	26.469610855824573	-0.22131427784437646	0.04467288261543389	-0.1863597089849946	-0.00165209334236293
150.0	150.4207	2600.0	2598.578146267959	-0.02751800152823159	-0.01573228676068132	28.250007881704775	-41.112636809146345	-6.969378593039438	-16.94483515178875	45.01053856259873	32.31429163776192	26.355411196254867	-16.944835151788006	45.010538562599734	0.0	0.0	0.0	-2.2173097201320853	-2.360017426893863	0.1460696242130171	3.405547070966831	1.6310867444383206	-0.11713417468739429	1.2676895748082453	0.0	0.0	0.0	0.0	0.0	0.0	0.0	0.0	0.0	0.0	0.0	0.0	0.0	0.0	0.0	0.0	0.0	0.0	0.0	0.0	0.0	0.0	0.0	0.0	0.0	0.0	0.0	0.0	0.0	0.0	0.0	0.0	0.0	0.0	0.0	0.0	0.0	0.0	0.0	0.0	0.0	0.0	0.0	0.0	0.0	0.0	0.0	0.0	28951.873231382182	-1380.8410412694573	-61.89878255613541	28984.84978478516	-28940.958521621207	1134.566286499705	1140.7854872390978	28985.64666065872	0.0	0.0	0.0	0.0	0.0	0.0	0.0	0.0	0.0	0.0	0.0	0.0	0.0	0.0	0.0	0.0	0.0	0.0	0.0	0.0	0.0	0.0	0.0	0.0	0.0	0.0	0.0	0.0	28897.69922505042	-2023.643444184265	-997.7770521946867	28985.64666065872	0.0	0.0	0.0	0.0	0.0	0.0	0.0	0.0	0.0	0.0	0.0	0.0	0.0	0.0	0.0	0.0	0.0	0.0	0.0	0.0	0.0	0.0	0.0	0.0	0.0	0.0	0.0	0.0	0.0	0.0	0.0	0.0	0.0	0.0	0.0	0.0	0.0	0.0	0.0	0.0	0.0	0.0	0.0	0.0	0.0	0.0	0.0	0.0	0.0	0.0	0.0	0.0	0.0	0.0	0.0	0.0	0.0	0.0	0.0	0.0	0.0	0.0	0.0	0.0	0.0	0.0	0.0	0.0	0.0	0.0	0.0	0.0	0.0	0.0	0.0	0.0	0.0	0.0	0.0	0.0	0.0	0.0	0.0	0.0	0.0	0.0	0.0	0.0	0.0	0.0	0.0	0.0	0.0	0.0	0.0	0.0	0.0	0.0	0.0	0.0	29.678827498431176	-0.9211725015688259	0.12388323123860412	-0.5135105311380229	26.451263155128117	-0.22136711389745803	0.044683038345341035	-0.18836336133748155	-0.0016051360308774706
151.0	151.4206	2600.0	2598.576006105232	-0.027148863139587615	-0.016811461769959	28.250125191596617	-40.93815007915328	-8.948526312253307	-12.823984388337694	43.823085590322094	31.669284432418866	27.44202395238244	-12.823984388336912	43.82308559032428	0.0	0.0	0.0	-2.3202105747640736	-2.4631969789006196	0.14658215604190952	3.4365442514399223	1.6324113699282337	-0.11886874698214138	1.2678712814548547	0.0	0.0	0.0	0.0	0.0	0.0	0.0	0.0	0.0	0.0	0.0	0.0	0.0	0.0	0.0	0.0	0.0	0.0	0.0	0.0	0.0	0.0	0.0	0.0	0.0	0.0	0.0	0.0	0.0	0.0	0.0	0.0	0.0	0.0	0.0	0.0	0.0	0.0	0.0	0.0	0.0	0.0	0.0	0.0	0.0	0.0	0.0	0.0	28742.627590448323	-1370.1054027213795	-62.16303273884779	28775.331342321788	-28732.81927544811	1126.1873892063206	1103.64653798701	28776.053190665003	0.0	0.0	0.0	0.0	0.0	0.0	0.0	0.0	0.0	0.0	0.0	0.0	0.0	0.0	0.0	0.0	0.0	0.0	0.0	0.0	0.0	0.0	0.0	0.0	0.0	0.0	0.0	0.0	28689.797270755957	-2008.3750096789809	-960.8327718193686	28776.053190665003	0.0	0.0	0.0	0.0	0.0	0.0	0.0	0.0	0.0	0.0	0.0	0.0	0.0	0.0	0.0	0.0	0.0	0.0	0.0	0.0	0.0	0.0	0.0	0.0	0.0	0.0	0.0	0.0	0.0	0.0	0.0	0.0	0.0	0.0	0.0	0.0	0.0	0.0	0.0	0.0	0.0	0.0	0.0	0.0	0.0	0.0	0.0	0.0	0.0	0.0	0.0	0.0	0.0	0.0	0.0	0.0	0.0	0.0	0.0	0.0	0.0	0.0	0.0	0.0	0.0	0.0	0.0	0.0	0.0	0.0	0.0	0.0	0.0	0.0	0.0	0.0	0.0	0.0	0.0	0.0	0.0	0.0	0.0	0.0	0.0	0.0	0.0	0.0	0.0	0.0	0.0	0.0	0.0	0.0	0.0	0.0	0.0	0.0	0.0	0.0	29.67666498296941	-0.923335017030592	0.12360464177552698	-0.5135821773987035	26.43347661297588	-0.2214199280740081	0.04468993774346746	-0.19039972789464288	-0.0015686520437412598
152.0	152.4205	2600.0	2598.5495245051143	-0.026760558220606072	-0.017881851500567692	28.25024300888556	-41.57381093430377	-8.864412365050157	-13.214264582526594	44.514900321531734	32.74570339610728	27.104952891913854	-13.214264582525834	44.51490032152939	0.0	0.0	0.0	-2.4223818976446654	-2.5656320442517333	0.14708370504214527	3.4664519584411972	1.6337402224310156	-0.1206070433118403	1.2680134626479393	0.0	0.0	0.0	0.0	0.0	0.0	0.0	0.0	0.0	0.0	0.0	0.0	0.0	0.0	0.0	0.0	0.0	0.0	0.0	0.0	0.0	0.0	0.0	0.0	0.0	0.0	0.0	0.0	0.0	0.0	0.0	0.0	0.0	0.0	0.0	0.0	0.0	0.0	0.0	0.0	0.0	0.0	0.0	0.0	0.0	0.0	0.0	0.0	28537.016742768155	-1359.2889879436082	-61.947392797696544	28569.43871708454	-28528.34206650565	1117.7773957002219	1066.070223764995	28570.128335236666	0.0	0.0	0.0	0.0	0.0	0.0	0.0	0.0	0.0	0.0	0.0	0.0	0.0	0.0	0.0	0.0	0.0	0.0	0.0	0.0	0.0	0.0	0.0	0.0	0.0	0.0	0.0	0.0	28485.557890715474	-1993.0871267609134	-923.4871150862074	28570.128335236666	0.0	0.0	0.0	0.0	0.0	0.0	0.0	0.0	0.0	0.0	0.0	0.0	0.0	0.0	0.0	0.0	0.0	0.0	0.0	0.0	0.0	0.0	0.0	0.0	0.0	0.0	0.0	0.0	0.0	0.0	0.0	0.0	0.0	0.0	0.0	0.0	0.0	0.0	0.0	0.0	0.0	0.0	0.0	0.0	0.0	0.0	0.0	0.0	0.0	0.0	0.0	0.0	0.0	0.0	0.0	0.0	0.0	0.0	0.0	0.0	0.0	0.0	0.0	0.0	0.0	0.0	0.0	0.0	0.0	0.0	0.0	0.0	0.0	0.0	0.0	0.0	0.0	0.0	0.0	0.0	0.0	0.0	0.0	0.0	0.0	0.0	0.0	0.0	0.0	0.0	0.0	0.0	0.0	0.0	0.0	0.0	0.0	0.0	0.0	0.0	29.6745349906198	-0.9254650093802005	0.12330898055236622	-0.5136326366109628	26.416247340192513	-0.22147269599221958	0.044692173868456704	-0.19242445924462578	-0.0015360537632900198
153.0	153.4204	2600.0	2598.3592523561915	-0.026351409380105325	-0.01892429255811992	28.250360026735244	-39.908312070256216	-7.729540158394229	-11.809908662390006	42.330758391164956	32.23201426322703	24.76926361223741	-11.80990866238932	42.330758391167016	6.264549322342894e-14	0.0	6.264549322342894e-14	-2.5238008219966916	-2.667292219475926	0.14756630753074476	3.495298142429876	1.6351000285068802	-0.12231029092063404	1.2681241558112732	0.0	0.0	0.0	0.0	0.0	0.0	0.0	0.0	0.0	0.0	0.0	0.0	0.0	0.0	0.0	0.0	0.0	0.0	0.0	0.0	0.0	0.0	0.0	0.0	0.0	0.0	0.0	0.0	0.0	0.0	0.0	0.0	0.0	0.0	0.0	0.0	0.0	0.0	0.0	0.0	0.0	0.0	0.0	0.0	0.0	0.0	0.0	0.0	28395.537510811548	-1351.1914374301175	-61.73112522017852	28427.734337444323	-28387.99239996732	1111.7831390172598	1030.7520299783544	28428.44744259015	0.0	0.0	0.0	0.0	0.0	0.0	0.0	0.0	0.0	0.0	0.0	0.0	0.0	0.0	0.0	0.0	0.0	0.0	0.0	0.0	0.0	0.0	0.0	0.0	0.0	0.0	0.0	0.0	28345.35283841362	-1982.1260812259748	-888.1287407076425	28428.44744259015	0.0	0.0	0.0	0.0	0.0	0.0	0.0	0.0	0.0	0.0	0.0	0.0	0.0	0.0	0.0	0.0	0.0	0.0	0.0	0.0	0.0	0.0	0.0	0.0	0.0	0.0	0.0	0.0	0.0	0.0	0.0	0.0	0.0	0.0	0.0	0.0	0.0	0.0	0.0	0.0	0.0	0.0	0.0	0.0	0.0	0.0	0.0	0.0	0.0	0.0	0.0	0.0	0.0	0.0	0.0	0.0	0.0	0.0	0.0	0.0	0.0	0.0	0.0	0.0	0.0	0.0	0.0	0.0	0.0	0.0	0.0	0.0	0.0	0.0	0.0	0.0	0.0	0.0	0.0	0.0	0.0	0.0	0.0	0.0	0.0	0.0	0.0	0.0	0.0	0.0	0.0	0.0	0.0	0.0	0.0	0.0	0.0	0.0	0.0	0.0	29.672457952384615	-0.9275420476153863	0.12300996540519425	-0.5136682803960041	26.399579108046826	-0.2215254080930626	0.04468828715441094	-0.1944107842779387	-0.0015049608381222804
154.0	154.4202	2600.0	2598.5654745524666	-0.025911861311480548	-0.019931685942086063	28.250475887950852	-42.80728207078208	-7.997884748852811	-12.91063819262528	45.42151623717894	35.158305097449556	25.696753519034242	-12.910638192624553	45.42151623717776	0.0	0.0	0.0	-2.6246122217150045	-2.768103221985517	0.14781051047687888	3.5231247785796813	1.6364172179938996	-0.12392443204290929	1.2681185726609294	0.0	0.0	0.0	0.0	0.0	0.0	0.0	0.0	0.0	0.0	0.0	0.0	0.0	0.0	0.0	0.0	0.0	0.0	0.0	0.0	0.0	0.0	0.0	0.0	0.0	0.0	0.0	0.0	0.0	0.0	0.0	0.0	0.0	0.0	0.0	0.0	0.0	0.0	0.0	0.0	0.0	0.0	0.0	0.0	0.0	0.0	0.0	0.0	28174.873361379327	-1343.510331665093	-55.01260306569936	28206.94126146169	-28168.52678517861	1106.9418585603883	990.0144186979753	28207.647014148268	0.0	0.0	0.0	0.0	0.0	0.0	0.0	0.0	0.0	0.0	0.0	0.0	0.0	0.0	0.0	0.0	0.0	0.0	0.0	0.0	0.0	0.0	0.0	0.0	0.0	0.0	0.0	0.0	28126.026330941284	-1969.6434918485636	-847.6422718364845	28207.647014148268	0.0	0.0	0.0	0.0	0.0	0.0	0.0	0.0	0.0	0.0	0.0	0.0	0.0	0.0	0.0	0.0	0.0	0.0	0.0	0.0	0.0	0.0	0.0	0.0	0.0	0.0	0.0	0.0	0.0	0.0	0.0	0.0	0.0	0.0	0.0	0.0	0.0	0.0	0.0	0.0	0.0	0.0	0.0	0.0	0.0	0.0	0.0	0.0	0.0	0.0	0.0	0.0	0.0	0.0	0.0	0.0	0.0	0.0	0.0	0.0	0.0	0.0	0.0	0.0	0.0	0.0	0.0	0.0	0.0	0.0	0.0	0.0	0.0	0.0	0.0	0.0	0.0	0.0	0.0	0.0	0.0	0.0	0.0	0.0	0.0	0.0	0.0	0.0	0.0	0.0	0.0	0.0	0.0	0.0	0.0	0.0	0.0	0.0	0.0	0.0	29.670442193473885	-0.9295578065261126	0.12272112467976823	-0.5136554382488786	26.383405193518854	-0.22157810461013971	0.04468078740658565	-0.1963841255517847	-0.0014256113916537
155.0	155.4202	2600.0	2598.432835270268	-0.025416672120100237	-0.02089032701817252	28.250590215555125	-42.9914900209842	-7.837137416147015	-22.54962957357215	49.174940071232164	35.83576406367137	25.009737125310494	-22.549629573571448	49.174940071234886	-2.961198980005749e-15	0.0	-2.961198980005749e-15	-2.7245045519499556	-2.8679728428465205	0.1480350974491284	3.549986791188311	1.6377868124170576	-0.12538705676243886	1.2680775244286095	0.0	0.0	0.0	0.0	0.0	0.0	0.0	0.0	0.0	0.0	0.0	0.0	0.0	0.0	0.0	0.0	0.0	0.0	0.0	0.0	0.0	0.0	0.0	0.0	0.0	0.0	0.0	0.0	0.0	0.0	0.0	0.0	0.0	0.0	0.0	0.0	0.0	0.0	0.0	0.0	0.0	0.0	0.0	0.0	0.0	0.0	0.0	0.0	28077.702764467984	-1338.6361845043607	-62.03626846618899	28109.663602805398	-28072.27203980016	1103.5169150511504	956.2023559033603	28110.221094893324	0.0	0.0	0.0	0.0	0.0	0.0	0.0	0.0	0.0	0.0	0.0	0.0	0.0	0.0	0.0	0.0	0.0	0.0	0.0	0.0	0.0	0.0	0.0	0.0	0.0	0.0	0.0	0.0	28029.82469855103	-1962.4854023073542	-813.7004473483297	28110.221094893324	0.0	0.0	0.0	0.0	0.0	0.0	0.0	0.0	0.0	0.0	0.0	0.0	0.0	0.0	0.0	0.0	0.0	0.0	0.0	0.0	0.0	0.0	0.0	0.0	0.0	0.0	0.0	0.0	0.0	0.0	0.0	0.0	0.0	0.0	0.0	0.0	0.0	0.0	0.0	0.0	0.0	0.0	0.0	0.0	0.0	0.0	0.0	0.0	0.0	0.0	0.0	0.0	0.0	0.0	0.0	0.0	0.0	0.0	0.0	0.0	0.0	0.0	0.0	0.0	0.0	0.0	0.0	0.0	0.0	0.0	0.0	0.0	0.0	0.0	0.0	0.0	0.0	0.0	0.0	0.0	0.0	0.0	0.0	0.0	0.0	0.0	0.0	0.0	0.0	0.0	0.0	0.0	0.0	0.0	0.0	0.0	0.0	0.0	0.0	0.0	29.668502625827653	-0.9314973741723448	0.12246557838557992	-0.5136337909198716	26.367851072669975	-0.22163088696827868	0.04467057095557928	-0.198289942754172	-0.0013466782520055798
156.0	156.4201	2600.0	2598.4016049370152	-0.024862180290987065	-0.021799566811072008	28.250702728943153	-43.27089797405279	-7.9751485578963175	-25.771223339335954	50.99146554480795	36.46763160510999	24.618802796150707	-25.77122333933525	50.991465544811255	3.2208256870184193e-15	0.0	3.2208256870184193e-15	-2.823541327877897	-2.9670810884611685	0.14835633121065814	3.5758560779278836	1.639211043934894	-0.12671763587006707	1.268010026313229	0.0	0.0	0.0	0.0	0.0	0.0	0.0	0.0	0.0	0.0	0.0	0.0	0.0	0.0	0.0	0.0	0.0	0.0	0.0	0.0	0.0	0.0	0.0	0.0	0.0	0.0	0.0	0.0	0.0	0.0	0.0	0.0	0.0	0.0	0.0	0.0	0.0	0.0	0.0	0.0	0.0	0.0	0.0	0.0	0.0	0.0	0.0	0.0	27982.25359810398	-1334.1167345095325	-63.833682323708274	28014.11177654755	-27977.818012905922	1100.431376608318	921.7718043375555	28014.619633990733	0.0	0.0	0.0	0.0	0.0	0.0	0.0	0.0	0.0	0.0	0.0	0.0	0.0	0.0	0.0	0.0	0.0	0.0	0.0	0.0	0.0	0.0	0.0	0.0	0.0	0.0	0.0	0.0	27935.413747559745	-1955.654433493019	-779.0941705522149	28014.619633990733	0.0	0.0	0.0	0.0	0.0	0.0	0.0	0.0	0.0	0.0	0.0	0.0	0.0	0.0	0.0	0.0	0.0	0.0	0.0	0.0	0.0	0.0	0.0	0.0	0.0	0.0	0.0	0.0	0.0	0.0	0.0	0.0	0.0	0.0	0.0	0.0	0.0	0.0	0.0	0.0	0.0	0.0	0.0	0.0	0.0	0.0	0.0	0.0	0.0	0.0	0.0	0.0	0.0	0.0	0.0	0.0	0.0	0.0	0.0	0.0	0.0	0.0	0.0	0.0	0.0	0.0	0.0	0.0	0.0	0.0	0.0	0.0	0.0	0.0	0.0	0.0	0.0	0.0	0.0	0.0	0.0	0.0	0.0	0.0	0.0	0.0	0.0	0.0	0.0	0.0	0.0	0.0	0.0	0.0	0.0	0.0	0.0	0.0	0.0	0.0	29.66664112574259	-0.933358874257415	0.12224249612662827	-0.513606922834921	26.352880495089213	-0.22168369816464067	0.04465691245888693	-0.20012298772097423	-0.00129429822914467
157.0	157.4201	2600.0	2598.4554918575636	-0.024256749517480046	-0.02267250096396393	28.25081369834759	-43.63148932148032	-7.6548189158820605	-27.318873700671663	52.044442290398756	37.347664678994974	23.821315162487736	-27.31887370067098	52.04444229039667	-3.7916605003003545e-15	0.0	-3.7916605003003545e-15	-2.9217291949672437	-3.0653286567493065	0.1486675641639902	3.6006936488472348	1.6406851512529304	-0.1279482218271836	1.2679226296629462	0.0	0.0	0.0	0.0	0.0	0.0	0.0	0.0	0.0	0.0	0.0	0.0	0.0	0.0	0.0	0.0	0.0	0.0	0.0	0.0	0.0	0.0	0.0	0.0	0.0	0.0	0.0	0.0	0.0	0.0	0.0	0.0	0.0	0.0	0.0	0.0	0.0	0.0	0.0	0.0	0.0	0.0	0.0	0.0	0.0	0.0	0.0	0.0	27893.655435284374	-1329.751842336638	-62.41061232592139	27925.403284269658	-27890.562524240366	1098.1393300702314	877.7836535241987	27925.971640199066	0.0	0.0	0.0	0.0	0.0	0.0	0.0	0.0	0.0	0.0	0.0	0.0	0.0	0.0	0.0	0.0	0.0	0.0	0.0	0.0	0.0	0.0	0.0	0.0	0.0	0.0	0.0	0.0	27848.16756549222	-1949.1946736132693	-734.9118435754875	27925.971640199066	0.0	0.0	0.0	0.0	0.0	0.0	0.0	0.0	0.0	0.0	0.0	0.0	0.0	0.0	0.0	0.0	0.0	0.0	0.0	0.0	0.0	0.0	0.0	0.0	0.0	0.0	0.0	0.0	0.0	0.0	0.0	0.0	0.0	0.0	0.0	0.0	0.0	0.0	0.0	0.0	0.0	0.0	0.0	0.0	0.0	0.0	0.0	0.0	0.0	0.0	0.0	0.0	0.0	0.0	0.0	0.0	0.0	0.0	0.0	0.0	0.0	0.0	0.0	0.0	0.0	0.0	0.0	0.0	0.0	0.0	0.0	0.0	0.0	0.0	0.0	0.0	0.0	0.0	0.0	0.0	0.0	0.0	0.0	0.0	0.0	0.0	0.0	0.0	0.0	0.0	0.0	0.0	0.0	0.0	0.0	0.0	0.0	0.0	0.0	0.0	29.66484575679037	-0.9351542432096381	0.12204195790651463	-0.5135754750276581	26.338480834673124	-0.22173653151219447	0.04463923555550438	-0.20189454170625906	-0.00124499750094118
158.0	158.42	2600.0	2598.486085714378	-0.02360335978161023	-0.02351703776655665	28.25092326055659	-43.32319481930972	-8.517809754594053	-18.40888950405148	47.83659169652139	37.153617589679925	23.854999316008623	-18.408889504050794	47.836591696517175	-1.740883651306316e-14	0.0	-1.740883651306316e-14	-3.0191024377912448	-3.162704307243309	0.14892274959777183	3.624492585751946	1.642238541004547	-0.12907941800908226	1.2678337446057284	0.0	0.0	0.0	0.0	0.0	0.0	0.0	0.0	0.0	0.0	0.0	0.0	0.0	0.0	0.0	0.0	0.0	0.0	0.0	0.0	0.0	0.0	0.0	0.0	0.0	0.0	0.0	0.0	0.0	0.0	0.0	0.0	0.0	0.0	0.0	0.0	0.0	0.0	0.0	0.0	0.0	0.0	0.0	0.0	0.0	0.0	0.0	0.0	27858.907507655436	-1328.4966724952142	-53.067602300740596	27890.61575332006	-27856.80439476447	1098.3655481784385	842.9424929453212	27891.19054490158	0.0	0.0	0.0	0.0	0.0	0.0	0.0	0.0	0.0	0.0	0.0	0.0	0.0	0.0	0.0	0.0	0.0	0.0	0.0	0.0	0.0	0.0	0.0	0.0	0.0	0.0	0.0	0.0	27814.329334230482	-1947.3404536054647	-699.6133623115131	27891.19054490158	0.0	0.0	0.0	0.0	0.0	0.0	0.0	0.0	0.0	0.0	0.0	0.0	0.0	0.0	0.0	0.0	0.0	0.0	0.0	0.0	0.0	0.0	0.0	0.0	0.0	0.0	0.0	0.0	0.0	0.0	0.0	0.0	0.0	0.0	0.0	0.0	0.0	0.0	0.0	0.0	0.0	0.0	0.0	0.0	0.0	0.0	0.0	0.0	0.0	0.0	0.0	0.0	0.0	0.0	0.0	0.0	0.0	0.0	0.0	0.0	0.0	0.0	0.0	0.0	0.0	0.0	0.0	0.0	0.0	0.0	0.0	0.0	0.0	0.0	0.0	0.0	0.0	0.0	0.0	0.0	0.0	0.0	0.0	0.0	0.0	0.0	0.0	0.0	0.0	0.0	0.0	0.0	0.0	0.0	0.0	0.0	0.0	0.0	0.0	0.0	29.66310965233953	-0.9368903476604657	0.12186682985861554	-0.5135478688090558	26.324629382627627	-0.22178938467138676	0.04461681231970349	-0.20360318212098263	-0.0011886248646513103
159.0	159.42	2600.0	2598.479865958839	-0.022894794463020958	-0.02433917574339053	28.251031706336693	-43.510630959037364	-6.4004631504431035	-46.70998005813838	64.15577271006407	38.484039646591555	21.28660676277286	-46.70998005813776	64.15577271006079	0.0	0.0	0.0	-3.1153287323226713	-3.259044790414599	0.14929004213437858	3.647221169925046	1.6438859181335874	-0.13013629437145016	1.267768033701794	0.0	0.0	0.0	0.0	0.0	0.0	0.0	0.0	0.0	0.0	0.0	0.0	0.0	0.0	0.0	0.0	0.0	0.0	0.0	0.0	0.0	0.0	0.0	0.0	0.0	0.0	0.0	0.0	0.0	0.0	0.0	0.0	0.0	0.0	0.0	0.0	0.0	0.0	0.0	0.0	0.0	0.0	0.0	0.0	0.0	0.0	0.0	0.0	27830.070179287915	-1327.2239614321845	-60.491830859020105	27861.76571736779	-27828.397918353687	1096.9677750484461	828.5569135995524	27862.332557788483	0.0	0.0	0.0	0.0	0.0	0.0	0.0	0.0	0.0	0.0	0.0	0.0	0.0	0.0	0.0	0.0	0.0	0.0	0.0	0.0	0.0	0.0	0.0	0.0	0.0	0.0	0.0	0.0	27785.902268465594	-1945.321850054921	-684.7872573124636	27862.332557788483	0.0	0.0	0.0	0.0	0.0	0.0	0.0	0.0	0.0	0.0	0.0	0.0	0.0	0.0	0.0	0.0	0.0	0.0	0.0	0.0	0.0	0.0	0.0	0.0	0.0	0.0	0.0	0.0	0.0	0.0	0.0	0.0	0.0	0.0	0.0	0.0	0.0	0.0	0.0	0.0	0.0	0.0	0.0	0.0	0.0	0.0	0.0	0.0	0.0	0.0	0.0	0.0	0.0	0.0	0.0	0.0	0.0	0.0	0.0	0.0	0.0	0.0	0.0	0.0	0.0	0.0	0.0	0.0	0.0	0.0	0.0	0.0	0.0	0.0	0.0	0.0	0.0	0.0	0.0	0.0	0.0	0.0	0.0	0.0	0.0	0.0	0.0	0.0	0.0	0.0	0.0	0.0	0.0	0.0	0.0	0.0	0.0	0.0	0.0	0.0	29.661427915919194	-0.9385720840808034	0.12171713358907713	-0.5135332967608133	26.311455870206846	-0.22184223197992473	0.04458996445749522	-0.20524447772776752	-0.0011634293401914606
160.0	160.4201	2600.0	2598.4847691403497	-0.022134472883308918	-0.025136864154448782	28.251138525580128	-43.45075821007049	-4.928264992118784	-62.94393989339869	76.64330208287178	39.28663982404396	19.20458581169078	-62.943939893398145	76.64330208287265	0.0	0.0	0.0	-3.2107260516223532	-3.3544059677759734	0.14950686477025293	3.668838840214089	1.645613744482822	-0.13115146632743235	1.2677259986377305	0.0	0.0	0.0	0.0	0.0	0.0	0.0	0.0	0.0	0.0	0.0	0.0	0.0	0.0	0.0	0.0	0.0	0.0	0.0	0.0	0.0	0.0	0.0	0.0	0.0	0.0	0.0	0.0	0.0	0.0	0.0	0.0	0.0	0.0	0.0	0.0	0.0	0.0	0.0	0.0	0.0	0.0	0.0	0.0	0.0	0.0	0.0	0.0	27797.44543434299	-1325.7029799908523	-59.868807389739416	27829.10428563109	-27796.649855693606	1096.5921796167167	795.6736139820601	27829.648831927716	0.0	0.0	0.0	0.0	0.0	0.0	0.0	0.0	0.0	0.0	0.0	0.0	0.0	0.0	0.0	0.0	0.0	0.0	0.0	0.0	0.0	0.0	0.0	0.0	0.0	0.0	0.0	0.0	27754.087732174634	-1943.054731763175	-651.5416890280917	27829.648831927716	0.0	0.0	0.0	0.0	0.0	0.0	0.0	0.0	0.0	0.0	0.0	0.0	0.0	0.0	0.0	0.0	0.0	0.0	0.0	0.0	0.0	0.0	0.0	0.0	0.0	0.0	0.0	0.0	0.0	0.0	0.0	0.0	0.0	0.0	0.0	0.0	0.0	0.0	0.0	0.0	0.0	0.0	0.0	0.0	0.0	0.0	0.0	0.0	0.0	0.0	0.0	0.0	0.0	0.0	0.0	0.0	0.0	0.0	0.0	0.0	0.0	0.0	0.0	0.0	0.0	0.0	0.0	0.0	0.0	0.0	0.0	0.0	0.0	0.0	0.0	0.0	0.0	0.0	0.0	0.0	0.0	0.0	0.0	0.0	0.0	0.0	0.0	0.0	0.0	0.0	0.0	0.0	0.0	0.0	0.0	0.0	0.0	0.0	0.0	0.0	29.6598037088911	-0.9401962911089043	0.12158429118837356	-0.5135302324941801	26.298815981432387	-0.22189507463470723	0.044562445686028115	-0.20681711848300394	-0.0011099469404613903
161.0	161.4201	2600.0	2598.5470308671856	-0.021321293696060534	-0.025910276472554433	28.25124346984015	-42.89344651938881	-4.678698069990787	-67.49064484263191	80.10446374089327	39.167079569830086	18.101874154694098	-67.49064484263138	80.1044637408927	0.0	0.0	0.0	-3.305135416694821	-3.448736938128359	0.1496806763350407	3.6893346188111855	1.647401031146411	-0.1321284957879903	1.267696787166034	0.0	0.0	0.0	0.0	0.0	0.0	0.0	0.0	0.0	0.0	0.0	0.0	0.0	0.0	0.0	0.0	0.0	0.0	0.0	0.0	0.0	0.0	0.0	0.0	0.0	0.0	0.0	0.0	0.0	0.0	0.0	0.0	0.0	0.0	0.0	0.0	0.0	0.0	0.0	0.0	0.0	0.0	0.0	0.0	0.0	0.0	0.0	0.0	27767.423388741103	-1324.1823080880677	-59.64246308645407	27799.043466602638	-27767.530109714182	1096.34225267924	762.2023428701483	27799.615953109314	0.0	0.0	0.0	0.0	0.0	0.0	0.0	0.0	0.0	0.0	0.0	0.0	0.0	0.0	0.0	0.0	0.0	0.0	0.0	0.0	0.0	0.0	0.0	0.0	0.0	0.0	0.0	0.0	27724.894956518743	-1940.9391191797397	-617.7395292591807	27799.615953109314	0.0	0.0	0.0	0.0	0.0	0.0	0.0	0.0	0.0	0.0	0.0	0.0	0.0	0.0	0.0	0.0	0.0	0.0	0.0	0.0	0.0	0.0	0.0	0.0	0.0	0.0	0.0	0.0	0.0	0.0	0.0	0.0	0.0	0.0	0.0	0.0	0.0	0.0	0.0	0.0	0.0	0.0	0.0	0.0	0.0	0.0	0.0	0.0	0.0	0.0	0.0	0.0	0.0	0.0	0.0	0.0	0.0	0.0	0.0	0.0	0.0	0.0	0.0	0.0	0.0	0.0	0.0	0.0	0.0	0.0	0.0	0.0	0.0	0.0	0.0	0.0	0.0	0.0	0.0	0.0	0.0	0.0	0.0	0.0	0.0	0.0	0.0	0.0	0.0	0.0	0.0	0.0	0.0	0.0	0.0	0.0	0.0	0.0	0.0	0.0	29.65823789861053	-0.9417621013894752	0.12146304414791043	-0.5135329727766899	26.286767821014244	-0.22194790746296658	0.04453979172705197	-0.20832587884664533	-0.0010527376764970398
162.0	162.4201	2600.0	2598.4792691586304	-0.020460590120061437	-0.026656673536723033	28.251345957498785	-41.98134750068492	-5.235046516794682	-69.52761905587117	81.3875239922226	38.43949723528748	17.670435826676112	-69.52761905587069	81.3875239922227	0.0	0.0	0.0	-3.398439669808111	-3.542073937825949	0.14996436410181724	3.708695458710757	1.6492428711560436	-0.13307342090734783	1.2676848377241856	0.0	0.0	0.0	0.0	0.0	0.0	0.0	0.0	0.0	0.0	0.0	0.0	0.0	0.0	0.0	0.0	0.0	0.0	0.0	0.0	0.0	0.0	0.0	0.0	0.0	0.0	0.0	0.0	0.0	0.0	0.0	0.0	0.0	0.0	0.0	0.0	0.0	0.0	0.0	0.0	0.0	0.0	0.0	0.0	0.0	0.0	0.0	0.0	27733.859355981756	-1322.856644773551	-60.5759857798594	27765.4564869741	-27734.46264837343	1095.4900964639	738.4128947312031	27765.91022366414	0.0	0.0	0.0	0.0	0.0	0.0	0.0	0.0	0.0	0.0	0.0	0.0	0.0	0.0	0.0	0.0	0.0	0.0	0.0	0.0	0.0	0.0	0.0	0.0	0.0	0.0	0.0	0.0	27691.781087838546	-1938.7229478413926	-593.6194600224512	27765.91022366414	0.0	0.0	0.0	0.0	0.0	0.0	0.0	0.0	0.0	0.0	0.0	0.0	0.0	0.0	0.0	0.0	0.0	0.0	0.0	0.0	0.0	0.0	0.0	0.0	0.0	0.0	0.0	0.0	0.0	0.0	0.0	0.0	0.0	0.0	0.0	0.0	0.0	0.0	0.0	0.0	0.0	0.0	0.0	0.0	0.0	0.0	0.0	0.0	0.0	0.0	0.0	0.0	0.0	0.0	0.0	0.0	0.0	0.0	0.0	0.0	0.0	0.0	0.0	0.0	0.0	0.0	0.0	0.0	0.0	0.0	0.0	0.0	0.0	0.0	0.0	0.0	0.0	0.0	0.0	0.0	0.0	0.0	0.0	0.0	0.0	0.0	0.0	0.0	0.0	0.0	0.0	0.0	0.0	0.0	0.0	0.0	0.0	0.0	0.0	0.0	29.65673423103132	-0.9432657689686755	0.12134894531021811	-0.5135426657988045	26.275351988565188	-0.2220007381443635	0.04451994451145793	-0.20976570153903454	-0.0010262996294311197
163.0	163.4201	2600.0	2598.4849854692043	-0.019559281605159663	-0.027363730586406242	28.251444755510963	-43.06268311055828	-6.4705423122759385	-74.78756972668732	86.54156908745897	39.42585730802239	18.48957463065744	-74.78756972668678	86.54156908745782	9.178717562492413e-15	0.0	9.178717562492413e-15	-3.4907201989277232	-3.6342075977467836	0.15006631211020172	3.72691307776837	1.6511325681609519	-0.13398675034315574	1.2676798991903186	0.0	0.0	0.0	0.0	0.0	0.0	0.0	0.0	0.0	0.0	0.0	0.0	0.0	0.0	0.0	0.0	0.0	0.0	0.0	0.0	0.0	0.0	0.0	0.0	0.0	0.0	0.0	0.0	0.0	0.0	0.0	0.0	0.0	0.0	0.0	0.0	0.0	0.0	0.0	0.0	0.0	0.0	0.0	0.0	0.0	0.0	0.0	0.0	27702.783449065748	-1320.8220939564878	-68.45768907770221	27734.33735074463	-27704.338137030358	1094.82770066495	702.2925684424032	27734.855582042394	0.0	0.0	0.0	0.0	0.0	0.0	0.0	0.0	0.0	0.0	0.0	0.0	0.0	0.0	0.0	0.0	0.0	0.0	0.0	0.0	0.0	0.0	0.0	0.0	0.0	0.0	0.0	0.0	27661.591794283893	-1935.9713654774444	-557.2866723742247	27734.855582042394	0.0	0.0	0.0	0.0	0.0	0.0	0.0	0.0	0.0	0.0	0.0	0.0	0.0	0.0	0.0	0.0	0.0	0.0	0.0	0.0	0.0	0.0	0.0	0.0	0.0	0.0	0.0	0.0	0.0	0.0	0.0	0.0	0.0	0.0	0.0	0.0	0.0	0.0	0.0	0.0	0.0	0.0	0.0	0.0	0.0	0.0	0.0	0.0	0.0	0.0	0.0	0.0	0.0	0.0	0.0	0.0	0.0	0.0	0.0	0.0	0.0	0.0	0.0	0.0	0.0	0.0	0.0	0.0	0.0	0.0	0.0	0.0	0.0	0.0	0.0	0.0	0.0	0.0	0.0	0.0	0.0	0.0	0.0	0.0	0.0	0.0	0.0	0.0	0.0	0.0	0.0	0.0	0.0	0.0	0.0	0.0	0.0	0.0	0.0	0.0	29.655305978477205	-0.9446940215227928	0.12124142478157518	-0.5135548731892179	26.264525780583167	-0.22205356450227365	0.04450329594737805	-0.2111277992990507	-0.000964777722843845
164.0	164.4201	2600.0	2598.492314290772	-0.01862606792391543	-0.02801967448660027	28.251538652846477	-43.09879229544096	-7.111269629167509	-78.88245710658825	90.16938555982856	39.605234085838674	18.425566099034764	-78.88245710658772	90.1693855598264	8.62429749649914e-15	0.0	8.62429749649914e-15	-3.581902864144537	-3.725328127256528	0.15025063919350728	3.7439805764749083	1.6530716109403751	-0.13486819155406202	1.2676792562574997	0.0	0.0	0.0	0.0	0.0	0.0	0.0	0.0	0.0	0.0	0.0	0.0	0.0	0.0	0.0	0.0	0.0	0.0	0.0	0.0	0.0	0.0	0.0	0.0	0.0	0.0	0.0	0.0	0.0	0.0	0.0	0.0	0.0	0.0	0.0	0.0	0.0	0.0	0.0	0.0	0.0	0.0	0.0	0.0	0.0	0.0	0.0	0.0	27672.138378365853	-1319.38031432867	-72.00907278950228	27703.66748558448	-27674.301009246698	1094.046215439285	677.3476156980513	27704.199560073946	0.0	0.0	0.0	0.0	0.0	0.0	0.0	0.0	0.0	0.0	0.0	0.0	0.0	0.0	0.0	0.0	0.0	0.0	0.0	0.0	0.0	0.0	0.0	0.0	0.0	0.0	0.0	0.0	27631.501672627357	-1933.8201437931525	-532.0979528743428	27704.199560073946	0.0	0.0	0.0	0.0	0.0	0.0	0.0	0.0	0.0	0.0	0.0	0.0	0.0	0.0	0.0	0.0	0.0	0.0	0.0	0.0	0.0	0.0	0.0	0.0	0.0	0.0	0.0	0.0	0.0	0.0	0.0	0.0	0.0	0.0	0.0	0.0	0.0	0.0	0.0	0.0	0.0	0.0	0.0	0.0	0.0	0.0	0.0	0.0	0.0	0.0	0.0	0.0	0.0	0.0	0.0	0.0	0.0	0.0	0.0	0.0	0.0	0.0	0.0	0.0	0.0	0.0	0.0	0.0	0.0	0.0	0.0	0.0	0.0	0.0	0.0	0.0	0.0	0.0	0.0	0.0	0.0	0.0	0.0	0.0	0.0	0.0	0.0	0.0	0.0	0.0	0.0	0.0	0.0	0.0	0.0	0.0	0.0	0.0	0.0	0.0	29.653965813912237	-0.9460341860877719	0.12113896597633896	-0.5135681534525575	26.254312090008668	-0.22210639089137615	0.04448742518505846	-0.21240083150648062	-0.0009276113629563432
165.0	165.4201	2600.0	2598.5015772636116	-0.017664283560059713	-0.02863293152661088	28.251627931142487	-42.4185340052063	-8.129558364627881	-74.47335100756361	86.0912408822786	39.00608718032344	18.545805704685332	-74.47335100756307	86.09124088227927	0.0	0.0	0.0	-3.672080256865279	-3.8153679831586467	0.1503565762179637	3.759892960666658	1.6550734437751435	-0.13571841659306622	1.267697196863091	0.0	0.0	0.0	0.0	0.0	0.0	0.0	0.0	0.0	0.0	0.0	0.0	0.0	0.0	0.0	0.0	0.0	0.0	0.0	0.0	0.0	0.0	0.0	0.0	0.0	0.0	0.0	0.0	0.0	0.0	0.0	0.0	0.0	0.0	0.0	0.0	0.0	0.0	0.0	0.0	0.0	0.0	0.0	0.0	0.0	0.0	0.0	0.0	27639.63327133419	-1318.181572485858	-67.13451283202046	27671.130028871215	-27642.30542402979	1093.827576006248	650.197902753271	27671.578654535107	0.0	0.0	0.0	0.0	0.0	0.0	0.0	0.0	0.0	0.0	0.0	0.0	0.0	0.0	0.0	0.0	0.0	0.0	0.0	0.0	0.0	0.0	0.0	0.0	0.0	0.0	0.0	0.0	27599.434055589118	-1932.030814469924	-504.73951425388066	27671.578654535107	0.0	0.0	0.0	0.0	0.0	0.0	0.0	0.0	0.0	0.0	0.0	0.0	0.0	0.0	0.0	0.0	0.0	0.0	0.0	0.0	0.0	0.0	0.0	0.0	0.0	0.0	0.0	0.0	0.0	0.0	0.0	0.0	0.0	0.0	0.0	0.0	0.0	0.0	0.0	0.0	0.0	0.0	0.0	0.0	0.0	0.0	0.0	0.0	0.0	0.0	0.0	0.0	0.0	0.0	0.0	0.0	0.0	0.0	0.0	0.0	0.0	0.0	0.0	0.0	0.0	0.0	0.0	0.0	0.0	0.0	0.0	0.0	0.0	0.0	0.0	0.0	0.0	0.0	0.0	0.0	0.0	0.0	0.0	0.0	0.0	0.0	0.0	0.0	0.0	0.0	0.0	0.0	0.0	0.0	0.0	0.0	0.0	0.0	0.0	0.0	29.65270610637647	-0.9472938936235312	0.1210417553625343	-0.5135888457774131	26.244663170644788	-0.22215921717572104	0.044472423610441965	-0.21358619969930392	-0.0008785771983730973
166.0	166.4201	2600.0	2598.57114080989	-0.01667610997182412	-0.029218321818718782	28.251713358353108	-42.140564223285764	-9.085457165099797	-69.19038053119337	81.52104907940695	38.82917529160113	18.7261269655537	-69.19038053119284	81.5210490794077	8.062707648825923e-15	0.0	8.062707648825923e-15	-3.7612156561538135	-3.9041920479834387	0.15028484938099876	3.774642718260647	1.6571996338209796	-0.13654235716739263	1.2677898569748318	0.0	0.0	0.0	0.0	0.0	0.0	0.0	0.0	0.0	0.0	0.0	0.0	0.0	0.0	0.0	0.0	0.0	0.0	0.0	0.0	0.0	0.0	0.0	0.0	0.0	0.0	0.0	0.0	0.0	0.0	0.0	0.0	0.0	0.0	0.0	0.0	0.0	0.0	0.0	0.0	0.0	0.0	0.0	0.0	0.0	0.0	0.0	0.0	27609.079011091402	-1316.7869090786153	-61.26851367545941	27640.53048397184	-27612.399515629542	1093.5842698238082	620.6326804929066	27641.015149412306	0.0	0.0	0.0	0.0	0.0	0.0	0.0	0.0	0.0	0.0	0.0	0.0	0.0	0.0	0.0	0.0	0.0	0.0	0.0	0.0	0.0	0.0	0.0	0.0	0.0	0.0	0.0	0.0	27569.44945788701	-1930.149611422245	-475.0763692082581	27641.015149412306	0.0	0.0	0.0	0.0	0.0	0.0	0.0	0.0	0.0	0.0	0.0	0.0	0.0	0.0	0.0	0.0	0.0	0.0	0.0	0.0	0.0	0.0	0.0	0.0	0.0	0.0	0.0	0.0	0.0	0.0	0.0	0.0	0.0	0.0	0.0	0.0	0.0	0.0	0.0	0.0	0.0	0.0	0.0	0.0	0.0	0.0	0.0	0.0	0.0	0.0	0.0	0.0	0.0	0.0	0.0	0.0	0.0	0.0	0.0	0.0	0.0	0.0	0.0	0.0	0.0	0.0	0.0	0.0	0.0	0.0	0.0	0.0	0.0	0.0	0.0	0.0	0.0	0.0	0.0	0.0	0.0	0.0	0.0	0.0	0.0	0.0	0.0	0.0	0.0	0.0	0.0	0.0	0.0	0.0	0.0	0.0	0.0	0.0	0.0	0.0	29.651512732892833	-0.948487267107172	0.12095399692027578	-0.5136417758063778	26.235585716737436	-0.22221204280029097	0.04445827804438454	-0.21467326028689718	-0.0007953482637649926
167.0	167.4201	2600.0	2598.5130549356995	-0.015660944106359445	-0.029775866258503644	28.251794765776648	-42.56023914858089	-7.80947864384143	-79.15000302759789	90.20579190019768	39.83759211726828	16.891659698543663	-79.1500030275974	90.20579190019852	0.0	0.0	0.0	-3.8490348154105734	-3.991868512205677	0.150377484058127	3.7882280256662844	1.6594218756992574	-0.13733639525177152	1.2679431816872964	0.0	0.0	0.0	0.0	0.0	0.0	0.0	0.0	0.0	0.0	0.0	0.0	0.0	0.0	0.0	0.0	0.0	0.0	0.0	0.0	0.0	0.0	0.0	0.0	0.0	0.0	0.0	0.0	0.0	0.0	0.0	0.0	0.0	0.0	0.0	0.0	0.0	0.0	0.0	0.0	0.0	0.0	0.0	0.0	0.0	0.0	0.0	0.0	27572.686701552106	-1314.8251948766208	-62.12045600541993	27604.088033950422	-27576.884077004535	1093.7718201552107	572.541078558106	27604.504622936973	0.0	0.0	0.0	0.0	0.0	0.0	0.0	0.0	0.0	0.0	0.0	0.0	0.0	0.0	0.0	0.0	0.0	0.0	0.0	0.0	0.0	0.0	0.0	0.0	0.0	0.0	0.0	0.0	27533.831314139363	-1927.3298557537091	-426.8586058493126	27604.504622936973	0.0	0.0	0.0	0.0	0.0	0.0	0.0	0.0	0.0	0.0	0.0	0.0	0.0	0.0	0.0	0.0	0.0	0.0	0.0	0.0	0.0	0.0	0.0	0.0	0.0	0.0	0.0	0.0	0.0	0.0	0.0	0.0	0.0	0.0	0.0	0.0	0.0	0.0	0.0	0.0	0.0	0.0	0.0	0.0	0.0	0.0	0.0	0.0	0.0	0.0	0.0	0.0	0.0	0.0	0.0	0.0	0.0	0.0	0.0	0.0	0.0	0.0	0.0	0.0	0.0	0.0	0.0	0.0	0.0	0.0	0.0	0.0	0.0	0.0	0.0	0.0	0.0	0.0	0.0	0.0	0.0	0.0	0.0	0.0	0.0	0.0	0.0	0.0	0.0	0.0	0.0	0.0	0.0	0.0	0.0	0.0	0.0	0.0	0.0	0.0	29.650386461862535	-0.9496135381374664	0.12087343763577475	-0.513720281469195	26.22718653055854	-0.22226487715475102	0.04444284132661842	-0.21566758549140813	-0.0007553116749036639
168.0	168.4201	2600.0	2598.5749759652467	-0.01462126690514876	-0.030294878635999688	28.251871208953816	-40.10267650434252	-14.034115616235793	-59.26057218504867	72.91773775729183	36.46929188932518	21.79843602264736	-59.26057218504805	72.91773775729426	0.0	0.0	0.0	-3.9357475248425313	-4.07832136445968	0.1503481347182443	3.8006403565978037	1.6616983668461516	-0.13810269786834473	1.2681192081607415	0.0	0.0	0.0	0.0	0.0	0.0	0.0	0.0	0.0	0.0	0.0	0.0	0.0	0.0	0.0	0.0	0.0	0.0	0.0	0.0	0.0	0.0	0.0	0.0	0.0	0.0	0.0	0.0	0.0	0.0	0.0	0.0	0.0	0.0	0.0	0.0	0.0	0.0	0.0	0.0	0.0	0.0	0.0	0.0	0.0	0.0	0.0	0.0	27539.625061749484	-1313.047054858377	-59.65807284396203	27570.9738710055	-27544.449059432878	1093.6605266212325	534.0060289177776	27571.324410954636	0.0	0.0	0.0	0.0	0.0	0.0	0.0	0.0	0.0	0.0	0.0	0.0	0.0	0.0	0.0	0.0	0.0	0.0	0.0	0.0	0.0	0.0	0.0	0.0	0.0	0.0	0.0	0.0	27501.306061691463	-1924.9260478176589	-388.27102094855854	27571.324410954636	0.0	0.0	0.0	0.0	0.0	0.0	0.0	0.0	0.0	0.0	0.0	0.0	0.0	0.0	0.0	0.0	0.0	0.0	0.0	0.0	0.0	0.0	0.0	0.0	0.0	0.0	0.0	0.0	0.0	0.0	0.0	0.0	0.0	0.0	0.0	0.0	0.0	0.0	0.0	0.0	0.0	0.0	0.0	0.0	0.0	0.0	0.0	0.0	0.0	0.0	0.0	0.0	0.0	0.0	0.0	0.0	0.0	0.0	0.0	0.0	0.0	0.0	0.0	0.0	0.0	0.0	0.0	0.0	0.0	0.0	0.0	0.0	0.0	0.0	0.0	0.0	0.0	0.0	0.0	0.0	0.0	0.0	0.0	0.0	0.0	0.0	0.0	0.0	0.0	0.0	0.0	0.0	0.0	0.0	0.0	0.0	0.0	0.0	0.0	0.0	29.649338721685464	-0.950661278314545	0.12079928385902058	-0.5138079463988003	26.21936823912366	-0.22231770792161465	0.044426397639978854	-0.21657433128346412	-0.0006938648977801527
169.0	169.4201	2600.0	2598.5826320817214	-0.01356552627712304	-0.030762385050257333	28.25194151592847	-40.73588545738675	-12.4289465050133	-66.08988279916623	78.62419273753684	37.761346126360884	19.69700012557951	-66.08988279916568	78.62419273753699	0.0	0.0	0.0	-4.021211326177235	-4.163543399316867	0.15033160762728823	3.8118826831987596	1.6639884514952115	-0.13883222626169978	1.2682672234576833	0.0	0.0	0.0	0.0	0.0	0.0	0.0	0.0	0.0	0.0	0.0	0.0	0.0	0.0	0.0	0.0	0.0	0.0	0.0	0.0	0.0	0.0	0.0	0.0	0.0	0.0	0.0	0.0	0.0	0.0	0.0	0.0	0.0	0.0	0.0	0.0	0.0	0.0	0.0	0.0	0.0	0.0	0.0	0.0	0.0	0.0	0.0	0.0	27506.990003338768	-1311.2994373355184	-59.071799593907066	27538.2914273134	-27512.40351970892	1093.232972874565	500.5693456362503	27538.665098985148	0.0	0.0	0.0	0.0	0.0	0.0	0.0	0.0	0.0	0.0	0.0	0.0	0.0	0.0	0.0	0.0	0.0	0.0	0.0	0.0	0.0	0.0	0.0	0.0	0.0	0.0	0.0	0.0	27469.18351561742	-1922.5356850824253	-354.8083411923496	27538.665098985148	0.0	0.0	0.0	0.0	0.0	0.0	0.0	0.0	0.0	0.0	0.0	0.0	0.0	0.0	0.0	0.0	0.0	0.0	0.0	0.0	0.0	0.0	0.0	0.0	0.0	0.0	0.0	0.0	0.0	0.0	0.0	0.0	0.0	0.0	0.0	0.0	0.0	0.0	0.0	0.0	0.0	0.0	0.0	0.0	0.0	0.0	0.0	0.0	0.0	0.0	0.0	0.0	0.0	0.0	0.0	0.0	0.0	0.0	0.0	0.0	0.0	0.0	0.0	0.0	0.0	0.0	0.0	0.0	0.0	0.0	0.0	0.0	0.0	0.0	0.0	0.0	0.0	0.0	0.0	0.0	0.0	0.0	0.0	0.0	0.0	0.0	0.0	0.0	0.0	0.0	0.0	0.0	0.0	0.0	0.0	0.0	0.0	0.0	0.0	0.0	29.648383132682756	-0.9516168673172453	0.12073248179280875	-0.5138825878379798	26.212182616166803	-0.22237053358630324	0.04440786595953998	-0.21740183150907827	-0.0006414037522845546
170.0	170.4202	2600.0	2598.4598438273943	-0.01249356311158477	-0.03117588504166799	28.252005372160127	-43.44715513558003	-7.720248175119196	-81.33477216656486	92.53433246448374	41.5564554773391	14.843130714936706	-81.33477216656443	92.5343324644843	-3.721006494248995e-15	0.0	-3.721006494248995e-15	-4.10544048468516	-4.247514831073998	0.150293356456415	3.8219530146025553	1.6662825713725307	-0.13952299512957922	1.2683873355072672	0.0	0.0	0.0	0.0	0.0	0.0	0.0	0.0	0.0	0.0	0.0	0.0	0.0	0.0	0.0	0.0	0.0	0.0	0.0	0.0	0.0	0.0	0.0	0.0	0.0	0.0	0.0	0.0	0.0	0.0	0.0	0.0	0.0	0.0	0.0	0.0	0.0	0.0	0.0	0.0	0.0	0.0	0.0	0.0	0.0	0.0	0.0	0.0	27477.234160086857	-1309.5267140588621	-57.922426283676124	27508.48255194286	-27483.130147788223	1092.8343895551745	466.3215918437046	27508.801965012575	0.0	0.0	0.0	0.0	0.0	0.0	0.0	0.0	0.0	0.0	0.0	0.0	0.0	0.0	0.0	0.0	0.0	0.0	0.0	0.0	0.0	0.0	0.0	0.0	0.0	0.0	0.0	0.0	27439.831243154098	-1920.1789640945096	-320.56145019758236	27508.801965012575	0.0	0.0	0.0	0.0	0.0	0.0	0.0	0.0	0.0	0.0	0.0	0.0	0.0	0.0	0.0	0.0	0.0	0.0	0.0	0.0	0.0	0.0	0.0	0.0	0.0	0.0	0.0	0.0	0.0	0.0	0.0	0.0	0.0	0.0	0.0	0.0	0.0	0.0	0.0	0.0	0.0	0.0	0.0	0.0	0.0	0.0	0.0	0.0	0.0	0.0	0.0	0.0	0.0	0.0	0.0	0.0	0.0	0.0	0.0	0.0	0.0	0.0	0.0	0.0	0.0	0.0	0.0	0.0	0.0	0.0	0.0	0.0	0.0	0.0	0.0	0.0	0.0	0.0	0.0	0.0	0.0	0.0	0.0	0.0	0.0	0.0	0.0	0.0	0.0	0.0	0.0	0.0	0.0	0.0	0.0	0.0	0.0	0.0	0.0	0.0	29.647522830380993	-0.9524771696190015	0.12067210759907204	-0.5139441739961513	26.205614673076894	-0.22242334658925422	0.04438605023196488	-0.21814700659558967	-0.0005899112018783448
171.0	171.4202	2600.0	2598.472842620177	-0.011405505860540009	-0.03154168088634735	28.25206307436171	-41.01797788561998	-13.442363001522608	-71.12191568695344	83.1955438943218	38.55352614689946	19.4112661753461	-71.1219156869529	83.19554389432062	0.0	0.0	0.0	-4.188422002982958	-4.330191728496507	0.1502019228784832	3.830850376370398	1.668568053583196	-0.1401733907824653	1.2684791365238601	0.0	0.0	0.0	0.0	0.0	0.0	0.0	0.0	0.0	0.0	0.0	0.0	0.0	0.0	0.0	0.0	0.0	0.0	0.0	0.0	0.0	0.0	0.0	0.0	0.0	0.0	0.0	0.0	0.0	0.0	0.0	0.0	0.0	0.0	0.0	0.0	0.0	0.0	0.0	0.0	0.0	0.0	0.0	0.0	0.0	0.0	0.0	0.0	27440.961245989456	-1308.258812685662	-56.535194709932156	27472.187598607896	-27447.209370594894	1092.8851198994219	433.06842010568926	27472.372456252528	0.0	0.0	0.0	0.0	0.0	0.0	0.0	0.0	0.0	0.0	0.0	0.0	0.0	0.0	0.0	0.0	0.0	0.0	0.0	0.0	0.0	0.0	0.0	0.0	0.0	0.0	0.0	0.0	27403.8228674645	-1918.1174070707111	-287.3434119392066	27472.372456252528	0.0	0.0	0.0	0.0	0.0	0.0	0.0	0.0	0.0	0.0	0.0	0.0	0.0	0.0	0.0	0.0	0.0	0.0	0.0	0.0	0.0	0.0	0.0	0.0	0.0	0.0	0.0	0.0	0.0	0.0	0.0	0.0	0.0	0.0	0.0	0.0	0.0	0.0	0.0	0.0	0.0	0.0	0.0	0.0	0.0	0.0	0.0	0.0	0.0	0.0	0.0	0.0	0.0	0.0	0.0	0.0	0.0	0.0	0.0	0.0	0.0	0.0	0.0	0.0	0.0	0.0	0.0	0.0	0.0	0.0	0.0	0.0	0.0	0.0	0.0	0.0	0.0	0.0	0.0	0.0	0.0	0.0	0.0	0.0	0.0	0.0	0.0	0.0	0.0	0.0	0.0	0.0	0.0	0.0	0.0	0.0	0.0	0.0	0.0	0.0	29.646752070764006	-0.9532479292359959	0.12061547337175642	-0.5139922752584527	26.19966089414169	-0.22247614920070594	0.04436082055424145	-0.21881601762112524	-0.0005323919063260095
172.0	172.4202	2600.0	2598.6675846146622	-0.01030262883285357	-0.03186710569390927	28.252114993598205	-37.69268515217664	-19.204137960474327	-51.30354709186311	66.49504773284296	34.83018439068655	24.00824200346687	-51.3035470918624	66.49504773284399	0.0	0.0	0.0	-4.27012498964802	-4.411564869372546	0.15007848803852453	3.83857576127802	1.670855543659942	-0.14078054846842064	1.268554578489379	0.0	0.0	0.0	0.0	0.0	0.0	0.0	0.0	0.0	0.0	0.0	0.0	0.0	0.0	0.0	0.0	0.0	0.0	0.0	0.0	0.0	0.0	0.0	0.0	0.0	0.0	0.0	0.0	0.0	0.0	0.0	0.0	0.0	0.0	0.0	0.0	0.0	0.0	0.0	0.0	0.0	0.0	0.0	0.0	0.0	0.0	0.0	0.0	27408.22286975568	-1306.6577883721122	-54.43482643773634	27439.40594481668	-27415.005447646756	1092.7514829958852	398.1250804129418	27439.663501539973	0.0	0.0	0.0	0.0	0.0	0.0	0.0	0.0	0.0	0.0	0.0	0.0	0.0	0.0	0.0	0.0	0.0	0.0	0.0	0.0	0.0	0.0	0.0	0.0	0.0	0.0	0.0	0.0	27371.534705488386	-1915.8482972662516	-252.4801890281632	27439.663501539973	0.0	0.0	0.0	0.0	0.0	0.0	0.0	0.0	0.0	0.0	0.0	0.0	0.0	0.0	0.0	0.0	0.0	0.0	0.0	0.0	0.0	0.0	0.0	0.0	0.0	0.0	0.0	0.0	0.0	0.0	0.0	0.0	0.0	0.0	0.0	0.0	0.0	0.0	0.0	0.0	0.0	0.0	0.0	0.0	0.0	0.0	0.0	0.0	0.0	0.0	0.0	0.0	0.0	0.0	0.0	0.0	0.0	0.0	0.0	0.0	0.0	0.0	0.0	0.0	0.0	0.0	0.0	0.0	0.0	0.0	0.0	0.0	0.0	0.0	0.0	0.0	0.0	0.0	0.0	0.0	0.0	0.0	0.0	0.0	0.0	0.0	0.0	0.0	0.0	0.0	0.0	0.0	0.0	0.0	0.0	0.0	0.0	0.0	0.0	0.0	29.64606397888389	-0.9539360211161068	0.12056186638151813	-0.5140320147500785	26.19432538822318	-0.22252898052139947	0.044333535089533124	-0.21941062522711183	-0.0004740480140675696
173.0	173.4203	2600.0	2598.586428735261	-0.00918571778603758	-0.032162080483042844	28.252161702904942	-43.10701545616211	-15.469944070271595	-61.843998799077184	76.95592334924841	41.05044737315984	20.307504069649443	-61.843998799076594	76.95592334924963	0.0	0.0	0.0	-4.350526037729693	-4.491590095818298	0.14990176731700824	3.845128325165942	1.6731480197208795	-0.1413439988936251	1.268612758031195	0.0	0.0	0.0	0.0	0.0	0.0	0.0	0.0	0.0	0.0	0.0	0.0	0.0	0.0	0.0	0.0	0.0	0.0	0.0	0.0	0.0	0.0	0.0	0.0	0.0	0.0	0.0	0.0	0.0	0.0	0.0	0.0	0.0	0.0	0.0	0.0	0.0	0.0	0.0	0.0	0.0	0.0	0.0	0.0	0.0	0.0	0.0	0.0	27398.99347174505	-1305.9728427994307	-52.933678538697094	27430.151481630226	-27406.194058208857	1093.7350949911342	358.91996224860395	27430.358232322058	0.0	0.0	0.0	0.0	0.0	0.0	0.0	0.0	0.0	0.0	0.0	0.0	0.0	0.0	0.0	0.0	0.0	0.0	0.0	0.0	0.0	0.0	0.0	0.0	0.0	0.0	0.0	0.0	27362.594042230332	-1915.0751298080258	-213.27747375255905	27430.358232322058	0.0	0.0	0.0	0.0	0.0	0.0	0.0	0.0	0.0	0.0	0.0	0.0	0.0	0.0	0.0	0.0	0.0	0.0	0.0	0.0	0.0	0.0	0.0	0.0	0.0	0.0	0.0	0.0	0.0	0.0	0.0	0.0	0.0	0.0	0.0	0.0	0.0	0.0	0.0	0.0	0.0	0.0	0.0	0.0	0.0	0.0	0.0	0.0	0.0	0.0	0.0	0.0	0.0	0.0	0.0	0.0	0.0	0.0	0.0	0.0	0.0	0.0	0.0	0.0	0.0	0.0	0.0	0.0	0.0	0.0	0.0	0.0	0.0	0.0	0.0	0.0	0.0	0.0	0.0	0.0	0.0	0.0	0.0	0.0	0.0	0.0	0.0	0.0	0.0	0.0	0.0	0.0	0.0	0.0	0.0	0.0	0.0	0.0	0.0	0.0	29.645449008901753	-0.954550991098241	0.12051140448448598	-0.5140629818556701	26.189609029433182	-0.22258181124883633	0.04430747121094426	-0.219940901221033	-0.00041024842543549883
174.0	174.4203	2600.0	2598.528996757421	-0.008063201308569969	-0.032413092153772805	28.2522021066058	-41.50277382633431	-11.086397284427223	-83.06082234283535	93.51197061497567	40.228196842152116	15.069194366555166	-83.06082234283492	93.51197061497497	0.0	0.0	0.0	-4.429544614645319	-4.5702946463480005	0.14977912397038556	3.8505071914054985	1.675448165491474	-0.14186094000406088	1.2686515972346157	0.0	0.0	0.0	0.0	0.0	0.0	0.0	0.0	0.0	0.0	0.0	0.0	0.0	0.0	0.0	0.0	0.0	0.0	0.0	0.0	0.0	0.0	0.0	0.0	0.0	0.0	0.0	0.0	0.0	0.0	0.0	0.0	0.0	0.0	0.0	0.0	0.0	0.0	0.0	0.0	0.0	0.0	0.0	0.0	0.0	0.0	0.0	0.0	27347.33124237187	-1303.5769955648082	-50.35847784159443	27378.42900970882	-27354.909058244826	1092.7539004325572	325.5049529943195	27378.661657323195	0.0	0.0	0.0	0.0	0.0	0.0	0.0	0.0	0.0	0.0	0.0	0.0	0.0	0.0	0.0	0.0	0.0	0.0	0.0	0.0	0.0	0.0	0.0	0.0	0.0	0.0	0.0	0.0	27311.26016103196	-1911.4783656316874	-180.0916997806292	27378.661657323195	0.0	0.0	0.0	0.0	0.0	0.0	0.0	0.0	0.0	0.0	0.0	0.0	0.0	0.0	0.0	0.0	0.0	0.0	0.0	0.0	0.0	0.0	0.0	0.0	0.0	0.0	0.0	0.0	0.0	0.0	0.0	0.0	0.0	0.0	0.0	0.0	0.0	0.0	0.0	0.0	0.0	0.0	0.0	0.0	0.0	0.0	0.0	0.0	0.0	0.0	0.0	0.0	0.0	0.0	0.0	0.0	0.0	0.0	0.0	0.0	0.0	0.0	0.0	0.0	0.0	0.0	0.0	0.0	0.0	0.0	0.0	0.0	0.0	0.0	0.0	0.0	0.0	0.0	0.0	0.0	0.0	0.0	0.0	0.0	0.0	0.0	0.0	0.0	0.0	0.0	0.0	0.0	0.0	0.0	0.0	0.0	0.0	0.0	0.0	0.0	29.644921090740166	-0.9550789092598394	0.12046228567139784	-0.5140840379286495	26.185537189006457	-0.22263464164680707	0.04428230437818448	-0.2203939653761102	-0.000365082593535463
175.0	175.4204	2600.0	2598.62070222373	-0.0069376625169701184	-0.03261421578107103	28.252235711346486	-40.450234744672336	-14.218961734473845	-62.81827778278976	76.0561397081213	39.18577806988469	17.40330890271434	-62.81827778278926	76.05613970812105	0.0	0.0	0.0	-4.507251796150544	-4.647638065919836	0.14959854727003008	3.854707950909875	1.6777515797262128	-0.14233330894892152	1.2686721623953443	0.0	0.0	0.0	0.0	0.0	0.0	0.0	0.0	0.0	0.0	0.0	0.0	0.0	0.0	0.0	0.0	0.0	0.0	0.0	0.0	0.0	0.0	0.0	0.0	0.0	0.0	0.0	0.0	0.0	0.0	0.0	0.0	0.0	0.0	0.0	0.0	0.0	0.0	0.0	0.0	0.0	0.0	0.0	0.0	0.0	0.0	0.0	0.0	27315.122650680096	-1302.13612276825	-45.13643159334252	27346.1792797709	-27323.061256447316	1092.8637363132857	289.89754155699615	27346.445256272746	0.0	0.0	0.0	0.0	0.0	0.0	0.0	0.0	0.0	0.0	0.0	0.0	0.0	0.0	0.0	0.0	0.0	0.0	0.0	0.0	0.0	0.0	0.0	0.0	0.0	0.0	0.0	0.0	27279.322228378092	-1909.3780903745196	-144.64516112470778	27346.445256272746	0.0	0.0	0.0	0.0	0.0	0.0	0.0	0.0	0.0	0.0	0.0	0.0	0.0	0.0	0.0	0.0	0.0	0.0	0.0	0.0	0.0	0.0	0.0	0.0	0.0	0.0	0.0	0.0	0.0	0.0	0.0	0.0	0.0	0.0	0.0	0.0	0.0	0.0	0.0	0.0	0.0	0.0	0.0	0.0	0.0	0.0	0.0	0.0	0.0	0.0	0.0	0.0	0.0	0.0	0.0	0.0	0.0	0.0	0.0	0.0	0.0	0.0	0.0	0.0	0.0	0.0	0.0	0.0	0.0	0.0	0.0	0.0	0.0	0.0	0.0	0.0	0.0	0.0	0.0	0.0	0.0	0.0	0.0	0.0	0.0	0.0	0.0	0.0	0.0	0.0	0.0	0.0	0.0	0.0	0.0	0.0	0.0	0.0	0.0	0.0	29.64448652318963	-0.9555134768103669	0.12041379448366442	-0.5140956758067483	26.182070874657985	-0.2226874711953778	0.04425667457145597	-0.22076308887685694	-0.00031310558228292976
176.0	176.4204	2600.0	2598.635229711115	-0.00580674894866585	-0.03276602209203928	28.252262516824484	-38.096130757106955	-18.81047540185319	-49.70339482445028	65.3878935322243	36.847369323959356	21.152317542295346	-49.70339482444966	65.38789353222417	0.0	0.0	0.0	-4.583567370073494	-4.723523156859631	0.14934249234729086	3.8577336396759514	1.6800476723704092	-0.1427567230090575	1.2686785534393876	0.0	0.0	0.0	0.0	0.0	0.0	0.0	0.0	0.0	0.0	0.0	0.0	0.0	0.0	0.0	0.0	0.0	0.0	0.0	0.0	0.0	0.0	0.0	0.0	0.0	0.0	0.0	0.0	0.0	0.0	0.0	0.0	0.0	0.0	0.0	0.0	0.0	0.0	0.0	0.0	0.0	0.0	0.0	0.0	0.0	0.0	0.0	0.0	27281.851221432244	-1300.455644030074	-44.12770888903694	27312.86396929376	-27289.98656200069	1092.7752941892652	253.13122614962674	27313.0298541817	0.0	0.0	0.0	0.0	0.0	0.0	0.0	0.0	0.0	0.0	0.0	0.0	0.0	0.0	0.0	0.0	0.0	0.0	0.0	0.0	0.0	0.0	0.0	0.0	0.0	0.0	0.0	0.0	27246.163906969763	-1906.9511756627514	-108.11745278705268	27313.0298541817	0.0	0.0	0.0	0.0	0.0	0.0	0.0	0.0	0.0	0.0	0.0	0.0	0.0	0.0	0.0	0.0	0.0	0.0	0.0	0.0	0.0	0.0	0.0	0.0	0.0	0.0	0.0	0.0	0.0	0.0	0.0	0.0	0.0	0.0	0.0	0.0	0.0	0.0	0.0	0.0	0.0	0.0	0.0	0.0	0.0	0.0	0.0	0.0	0.0	0.0	0.0	0.0	0.0	0.0	0.0	0.0	0.0	0.0	0.0	0.0	0.0	0.0	0.0	0.0	0.0	0.0	0.0	0.0	0.0	0.0	0.0	0.0	0.0	0.0	0.0	0.0	0.0	0.0	0.0	0.0	0.0	0.0	0.0	0.0	0.0	0.0	0.0	0.0	0.0	0.0	0.0	0.0	0.0	0.0	0.0	0.0	0.0	0.0	0.0	0.0	29.644145064883297	-0.9558549351167046	0.12036630597417512	-0.5140996419182826	26.179234808268294	-0.22274030220352364	0.044227553226509904	-0.22104665306219057	-0.00025025374840481434
177.0	177.4204	2600.0	2598.6996152761753	-0.004669202988427169	-0.032870133410246104	28.252282589850562	-37.51101749914231	-16.890873853255474	-49.68613555335345	64.50651222608276	36.71280269317867	18.562008828768736	-49.68613555335291	64.50651222608238	0.0	0.0	0.0	-4.658478563977952	-4.798003263409914	0.14907726215477385	3.8596545769764043	1.6823058843334617	-0.14306001714248198	1.2686518392200834	0.0	0.0	0.0	0.0	0.0	0.0	0.0	0.0	0.0	0.0	0.0	0.0	0.0	0.0	0.0	0.0	0.0	0.0	0.0	0.0	0.0	0.0	0.0	0.0	0.0	0.0	0.0	0.0	0.0	0.0	0.0	0.0	0.0	0.0	0.0	0.0	0.0	0.0	0.0	0.0	0.0	0.0	0.0	0.0	0.0	0.0	0.0	0.0	27246.078882144502	-1298.774201749268	-42.20794187945681	27277.04915106338	-27254.474512412482	1092.611385474664	217.99139687435826	27277.23777871436	0.0	0.0	0.0	0.0	0.0	0.0	0.0	0.0	0.0	0.0	0.0	0.0	0.0	0.0	0.0	0.0	0.0	0.0	0.0	0.0	0.0	0.0	0.0	0.0	0.0	0.0	0.0	0.0	27210.574575790248	-1904.459662128927	-73.24948602496178	27277.23777871436	0.0	0.0	0.0	0.0	0.0	0.0	0.0	0.0	0.0	0.0	0.0	0.0	0.0	0.0	0.0	0.0	0.0	0.0	0.0	0.0	0.0	0.0	0.0	0.0	0.0	0.0	0.0	0.0	0.0	0.0	0.0	0.0	0.0	0.0	0.0	0.0	0.0	0.0	0.0	0.0	0.0	0.0	0.0	0.0	0.0	0.0	0.0	0.0	0.0	0.0	0.0	0.0	0.0	0.0	0.0	0.0	0.0	0.0	0.0	0.0	0.0	0.0	0.0	0.0	0.0	0.0	0.0	0.0	0.0	0.0	0.0	0.0	0.0	0.0	0.0	0.0	0.0	0.0	0.0	0.0	0.0	0.0	0.0	0.0	0.0	0.0	0.0	0.0	0.0	0.0	0.0	0.0	0.0	0.0	0.0	0.0	0.0	0.0	0.0	0.0	29.64389535126737	-0.95610464873263	0.12031859144004527	-0.5140875933732109	26.177026276070794	-0.22279313217466445	0.044195059946840684	-0.22125433569115646	-0.0001909864324955642
178.0	178.4204	2600.0	2598.691403380866	-0.0035235554540091205	-0.032930474660011255	28.25229616116387	-38.54119904241633	-11.110546471900307	-56.42796079322736	69.23137313251424	38.22029293367451	12.168708830253308	-56.42796079322701	69.23137313251367	0.0	0.0	0.0	-4.7319689520685095	-4.8710798715399255	0.14882105179608188	3.860567769743306	1.68450137086631	-0.14314611682860612	1.268571716218939	0.0	0.0	0.0	0.0	0.0	0.0	0.0	0.0	0.0	0.0	0.0	0.0	0.0	0.0	0.0	0.0	0.0	0.0	0.0	0.0	0.0	0.0	0.0	0.0	0.0	0.0	0.0	0.0	0.0	0.0	0.0	0.0	0.0	0.0	0.0	0.0	0.0	0.0	0.0	0.0	0.0	0.0	0.0	0.0	0.0	0.0	0.0	0.0	27214.886600058344	-1297.5183974720221	-39.15789576659018	27245.827937257007	-27223.456685686688	1092.5066277895626	188.53734189225858	27246.021929421382	0.0	0.0	0.0	0.0	0.0	0.0	0.0	0.0	0.0	0.0	0.0	0.0	0.0	0.0	0.0	0.0	0.0	0.0	0.0	0.0	0.0	0.0	0.0	0.0	0.0	0.0	0.0	0.0	27179.482041203613	-1902.5052501360806	-44.05364464073988	27246.021929421382	0.0	0.0	0.0	0.0	0.0	0.0	0.0	0.0	0.0	0.0	0.0	0.0	0.0	0.0	0.0	0.0	0.0	0.0	0.0	0.0	0.0	0.0	0.0	0.0	0.0	0.0	0.0	0.0	0.0	0.0	0.0	0.0	0.0	0.0	0.0	0.0	0.0	0.0	0.0	0.0	0.0	0.0	0.0	0.0	0.0	0.0	0.0	0.0	0.0	0.0	0.0	0.0	0.0	0.0	0.0	0.0	0.0	0.0	0.0	0.0	0.0	0.0	0.0	0.0	0.0	0.0	0.0	0.0	0.0	0.0	0.0	0.0	0.0	0.0	0.0	0.0	0.0	0.0	0.0	0.0	0.0	0.0	0.0	0.0	0.0	0.0	0.0	0.0	0.0	0.0	0.0	0.0	0.0	0.0	0.0	0.0	0.0	0.0	0.0	0.0	29.643733624916543	-0.9562663750834588	0.1202710017821417	-0.5140506201072702	26.17544423648826	-0.22284596071888993	0.0441605249987181	-0.22139881330327774	-0.00013890666852998273
179.0	179.4205	2600.0	2598.606187589479	-0.0023756725409829695	-0.032960715795632	28.25230413965898	-38.19308490990443	-8.274152330781362	-55.452567322285915	67.83922577949129	38.10744206429808	8.660034124884989	-55.452567322285645	67.83922577949006	0.0	0.0	0.0	-4.803994110817968	-4.942604276711766	0.14846925199817537	3.8605121363482695	1.6866246448280924	-0.14297760787372438	1.2684125528994104	0.0	0.0	0.0	0.0	0.0	0.0	0.0	0.0	0.0	0.0	0.0	0.0	0.0	0.0	0.0	0.0	0.0	0.0	0.0	0.0	0.0	0.0	0.0	0.0	0.0	0.0	0.0	0.0	0.0	0.0	0.0	0.0	0.0	0.0	0.0	0.0	0.0	0.0	0.0	0.0	0.0	0.0	0.0	0.0	0.0	0.0	0.0	0.0	27185.564701162166	-1295.7283862366749	-39.77086576810303	27216.454983956628	-27194.212388995235	1093.0790981553055	140.19336890117026	27216.53290838658	0.0	0.0	0.0	0.0	0.0	0.0	0.0	0.0	0.0	0.0	0.0	0.0	0.0	0.0	0.0	0.0	0.0	0.0	0.0	0.0	0.0	0.0	0.0	0.0	0.0	0.0	0.0	0.0	27150.133897925938	-1899.9676498580366	3.9758616271832525	27216.53290838658	0.0	0.0	0.0	0.0	0.0	0.0	0.0	0.0	0.0	0.0	0.0	0.0	0.0	0.0	0.0	0.0	0.0	0.0	0.0	0.0	0.0	0.0	0.0	0.0	0.0	0.0	0.0	0.0	0.0	0.0	0.0	0.0	0.0	0.0	0.0	0.0	0.0	0.0	0.0	0.0	0.0	0.0	0.0	0.0	0.0	0.0	0.0	0.0	0.0	0.0	0.0	0.0	0.0	0.0	0.0	0.0	0.0	0.0	0.0	0.0	0.0	0.0	0.0	0.0	0.0	0.0	0.0	0.0	0.0	0.0	0.0	0.0	0.0	0.0	0.0	0.0	0.0	0.0	0.0	0.0	0.0	0.0	0.0	0.0	0.0	0.0	0.0	0.0	0.0	0.0	0.0	0.0	0.0	0.0	0.0	0.0	0.0	0.0	0.0	0.0	29.643646211648537	-0.9563537883514606	0.12022457497873615	-0.5139774508069671	26.17449903363478	-0.22289878624089995	0.04412721462909602	-0.22150505457532943	-7.054489251515695e-05
180.0	180.4205	2600.0	2598.6677880701327	-0.0012340347068345806	-0.03294560841702624	28.252305447552807	-37.961982282464305	-5.376524932158645	-34.30965599660613	51.45067165514661	38.000419353324105	5.097768936706415	-34.30965599660598	51.450671655149236	0.0	0.0	0.0	-4.874678518191913	-5.012740746232567	0.14806138990652268	3.8594546526625475	1.688739125572928	-0.14258595111772504	1.268226853108929	0.0	0.0	0.0	0.0	0.0	0.0	0.0	0.0	0.0	0.0	0.0	0.0	0.0	0.0	0.0	0.0	0.0	0.0	0.0	0.0	0.0	0.0	0.0	0.0	0.0	0.0	0.0	0.0	0.0	0.0	0.0	0.0	0.0	0.0	0.0	0.0	0.0	0.0	0.0	0.0	0.0	0.0	0.0	0.0	0.0	0.0	0.0	0.0	27153.3532815697	-1294.458813558865	-17.43196056570482	27184.196179526465	-27162.106506585595	1093.855284148333	100.76038711252576	27184.309848023924	0.0	0.0	0.0	0.0	0.0	0.0	0.0	0.0	0.0	0.0	0.0	0.0	0.0	0.0	0.0	0.0	0.0	0.0	0.0	0.0	0.0	0.0	0.0	0.0	0.0	0.0	0.0	0.0	27117.92585874558	-1898.1421230376957	43.07567409432051	27184.309848023924	0.0	0.0	0.0	0.0	0.0	0.0	0.0	0.0	0.0	0.0	0.0	0.0	0.0	0.0	0.0	0.0	0.0	0.0	0.0	0.0	0.0	0.0	0.0	0.0	0.0	0.0	0.0	0.0	0.0	0.0	0.0	0.0	0.0	0.0	0.0	0.0	0.0	0.0	0.0	0.0	0.0	0.0	0.0	0.0	0.0	0.0	0.0	0.0	0.0	0.0	0.0	0.0	0.0	0.0	0.0	0.0	0.0	0.0	0.0	0.0	0.0	0.0	0.0	0.0	0.0	0.0	0.0	0.0	0.0	0.0	0.0	0.0	0.0	0.0	0.0	0.0	0.0	0.0	0.0	0.0	0.0	0.0	0.0	0.0	0.0	0.0	0.0	0.0	0.0	0.0	0.0	0.0	0.0	0.0	0.0	0.0	0.0	0.0	0.0	0.0	29.643648444180457	-0.9563515558195448	0.12017748086762156	-0.5138908162604525	26.174128574336653	-0.22295161080693474	0.04409721119405965	-0.2215352717686126	5.255735056048541e-06
181.0	181.4206	2600.0	2598.628850662393	-0.00010077675390845034	-0.0328818689913118	28.25229988146722	-38.48239718411423	-3.886239009309065	-34.22478737313689	51.64623720475509	38.56691305584717	2.9310346323436534	-34.224787373136806	51.646237204753824	0.0	0.0	0.0	-4.943774530638874	-5.081288749526418	0.14764329056913855	3.8573656616088354	1.6910311787723271	-0.1420002829010507	1.2682148512639941	0.0	0.0	0.0	0.0	0.0	0.0	0.0	0.0	0.0	0.0	0.0	0.0	0.0	0.0	0.0	0.0	0.0	0.0	0.0	0.0	0.0	0.0	0.0	0.0	0.0	0.0	0.0	0.0	0.0	0.0	0.0	0.0	0.0	0.0	0.0	0.0	0.0	0.0	0.0	0.0	0.0	0.0	0.0	0.0	0.0	0.0	0.0	0.0	27120.02569167908	-1292.649244361283	-16.738409094367086	27150.819799052475	-27128.782515107236	1094.3904725097207	50.07792375827935	27150.893890565676	0.0	0.0	0.0	0.0	0.0	0.0	0.0	0.0	0.0	0.0	0.0	0.0	0.0	0.0	0.0	0.0	0.0	0.0	0.0	0.0	0.0	0.0	0.0	0.0	0.0	0.0	0.0	0.0	27084.495721535393	-1895.366769322634	93.35618155671114	27150.893890565676	0.0	0.0	0.0	0.0	0.0	0.0	0.0	0.0	0.0	0.0	0.0	0.0	0.0	0.0	0.0	0.0	0.0	0.0	0.0	0.0	0.0	0.0	0.0	0.0	0.0	0.0	0.0	0.0	0.0	0.0	0.0	0.0	0.0	0.0	0.0	0.0	0.0	0.0	0.0	0.0	0.0	0.0	0.0	0.0	0.0	0.0	0.0	0.0	0.0	0.0	0.0	0.0	0.0	0.0	0.0	0.0	0.0	0.0	0.0	0.0	0.0	0.0	0.0	0.0	0.0	0.0	0.0	0.0	0.0	0.0	0.0	0.0	0.0	0.0	0.0	0.0	0.0	0.0	0.0	0.0	0.0	0.0	0.0	0.0	0.0	0.0	0.0	0.0	0.0	0.0	0.0	0.0	0.0	0.0	0.0	0.0	0.0	0.0	0.0	0.0	29.643743680700883	-0.9562563192991115	0.12012308010981476	-0.5138766012045966	26.174429084844004	-0.22300443551862242	0.04407137940687234	-0.22140030461485066	7.87615638565666e-05
182.0	182.4206	2600.0	2598.601796880688	0.00102810560966376	-0.03276934248653359	28.252287457415765	-38.49210060137739	-4.3401584081948394	-37.57474666094826	53.96610390188664	38.641060362197095	2.7105788680528353	-37.57474666094817	53.96610390188762	3.902969269333264e-15	0.0	3.902969269333264e-15	-5.011337389951076	-5.148304631548489	0.1472158698207327	3.8541951461857846	1.6933699729318021	-0.1412713585014411	1.2682556958721016	0.0	0.0	0.0	0.0	0.0	0.0	0.0	0.0	0.0	0.0	0.0	0.0	0.0	0.0	0.0	0.0	0.0	0.0	0.0	0.0	0.0	0.0	0.0	0.0	0.0	0.0	0.0	0.0	0.0	0.0	0.0	0.0	0.0	0.0	0.0	0.0	0.0	0.0	0.0	0.0	0.0	0.0	0.0	0.0	0.0	0.0	0.0	0.0	27085.086574503228	-1287.5331667451603	-20.453653958660922	27115.679500166756	-27093.76695561095	1090.5947650751718	11.797105383820977	27115.710279435054	0.0	0.0	0.0	0.0	0.0	0.0	0.0	0.0	0.0	0.0	0.0	0.0	0.0	0.0	0.0	0.0	0.0	0.0	0.0	0.0	0.0	0.0	0.0	0.0	0.0	0.0	0.0	0.0	27049.509667774924	-1889.0803220406303	130.9436065249016	27115.710279435054	0.0	0.0	0.0	0.0	0.0	0.0	0.0	0.0	0.0	0.0	0.0	0.0	0.0	0.0	0.0	0.0	0.0	0.0	0.0	0.0	0.0	0.0	0.0	0.0	0.0	0.0	0.0	0.0	0.0	0.0	0.0	0.0	0.0	0.0	0.0	0.0	0.0	0.0	0.0	0.0	0.0	0.0	0.0	0.0	0.0	0.0	0.0	0.0	0.0	0.0	0.0	0.0	0.0	0.0	0.0	0.0	0.0	0.0	0.0	0.0	0.0	0.0	0.0	0.0	0.0	0.0	0.0	0.0	0.0	0.0	0.0	0.0	0.0	0.0	0.0	0.0	0.0	0.0	0.0	0.0	0.0	0.0	0.0	0.0	0.0	0.0	0.0	0.0	0.0	0.0	0.0	0.0	0.0	0.0	0.0	0.0	0.0	0.0	0.0	0.0	29.64393206734524	-0.9560679326547616	0.12006429951661804	-0.5138824817956009	26.175368985867273	-0.22305723747439143	0.04404838443974851	-0.22115220734011506	0.00014891822527340534
183.0	183.4206	2600.0	2598.682850767661	0.0021567608351409596	-0.0326079260268331	28.25226818316385	-38.566790899161795	-4.784312517196668	-25.277125458503974	46.359681599066455	38.78354042010688	2.4746714941138626	-25.277125458503903	46.3596815990661	0.0	0.0	0.0	-5.077375248325852	-5.213905883650767	0.14688810417969544	3.849877339842255	1.695711324358153	-0.14046619432625687	1.2683159129372183	0.0	0.0	0.0	0.0	0.0	0.0	0.0	0.0	0.0	0.0	0.0	0.0	0.0	0.0	0.0	0.0	0.0	0.0	0.0	0.0	0.0	0.0	0.0	0.0	0.0	0.0	0.0	0.0	0.0	0.0	0.0	0.0	0.0	0.0	0.0	0.0	0.0	0.0	0.0	0.0	0.0	0.0	0.0	0.0	0.0	0.0	0.0	0.0	27051.94341527204	-1289.7687689861273	-7.2180924988939585	27082.673393175042	-27060.66504735474	1094.3360962014845	-15.298937632002968	27082.78786155645	0.0	0.0	0.0	0.0	0.0	0.0	0.0	0.0	0.0	0.0	0.0	0.0	0.0	0.0	0.0	0.0	0.0	0.0	0.0	0.0	0.0	0.0	0.0	0.0	0.0	0.0	0.0	0.0	27016.219535752985	-1891.1227393038268	157.90862850298862	27082.78786155645	0.0	0.0	0.0	0.0	0.0	0.0	0.0	0.0	0.0	0.0	0.0	0.0	0.0	0.0	0.0	0.0	0.0	0.0	0.0	0.0	0.0	0.0	0.0	0.0	0.0	0.0	0.0	0.0	0.0	0.0	0.0	0.0	0.0	0.0	0.0	0.0	0.0	0.0	0.0	0.0	0.0	0.0	0.0	0.0	0.0	0.0	0.0	0.0	0.0	0.0	0.0	0.0	0.0	0.0	0.0	0.0	0.0	0.0	0.0	0.0	0.0	0.0	0.0	0.0	0.0	0.0	0.0	0.0	0.0	0.0	0.0	0.0	0.0	0.0	0.0	0.0	0.0	0.0	0.0	0.0	0.0	0.0	0.0	0.0	0.0	0.0	0.0	0.0	0.0	0.0	0.0	0.0	0.0	0.0	0.0	0.0	0.0	0.0	0.0	0.0	29.644213644686374	-0.9557863553136308	0.12000363800038659	-0.5138944743927946	26.17693401497685	-0.22311003583716696	0.04402711473301739	-0.22080486275463437	0.0001905802966425136
184.0	184.4206	2600.0	2598.69361261201	0.0032860926209927004	-0.03240104041249232	28.252242317820556	-35.195629299383654	-4.724671630647207	-28.676877999661095	45.64447584981694	35.45509354759269	1.997795116734778	-28.67687799966103	45.644475849816054	0.0	0.0	0.0	-5.1418211797904645	-5.277895343567666	0.1465294753734322	3.8444544688905324	1.698019761288103	-0.13954472802630266	1.2683637764046563	0.0	0.0	0.0	0.0	0.0	0.0	0.0	0.0	0.0	0.0	0.0	0.0	0.0	0.0	0.0	0.0	0.0	0.0	0.0	0.0	0.0	0.0	0.0	0.0	0.0	0.0	0.0	0.0	0.0	0.0	0.0	0.0	0.0	0.0	0.0	0.0	0.0	0.0	0.0	0.0	0.0	0.0	0.0	0.0	0.0	0.0	0.0	0.0	27004.79889532181	-1276.994971087266	-4.334343310365315	27034.975463637616	-27013.15819326986	1083.232531056492	-51.63295968346872	27034.91768534699	0.0	0.0	0.0	0.0	0.0	0.0	0.0	0.0	0.0	0.0	0.0	0.0	0.0	0.0	0.0	0.0	0.0	0.0	0.0	0.0	0.0	0.0	0.0	0.0	0.0	0.0	0.0	0.0	26968.96833083391	-1877.3020926564684	193.02403185233416	27034.91768534699	0.0	0.0	0.0	0.0	0.0	0.0	0.0	0.0	0.0	0.0	0.0	0.0	0.0	0.0	0.0	0.0	0.0	0.0	0.0	0.0	0.0	0.0	0.0	0.0	0.0	0.0	0.0	0.0	0.0	0.0	0.0	0.0	0.0	0.0	0.0	0.0	0.0	0.0	0.0	0.0	0.0	0.0	0.0	0.0	0.0	0.0	0.0	0.0	0.0	0.0	0.0	0.0	0.0	0.0	0.0	0.0	0.0	0.0	0.0	0.0	0.0	0.0	0.0	0.0	0.0	0.0	0.0	0.0	0.0	0.0	0.0	0.0	0.0	0.0	0.0	0.0	0.0	0.0	0.0	0.0	0.0	0.0	0.0	0.0	0.0	0.0	0.0	0.0	0.0	0.0	0.0	0.0	0.0	0.0	0.0	0.0	0.0	0.0	0.0	0.0	29.644584835165	-0.9554151648349992	0.11994137497583186	-0.5138983478834501	26.179145864556258	-0.22316280275391495	0.044008529313986175	-0.22037603396171787	0.0002333617325012412
185.0	185.4206	2600.0	2598.640642834859	0.00438372668995759	-0.03213368396684462	28.252209058753458	-39.022557728960244	-5.995877069239213	-27.801976384877786	48.28727000405763	39.41446125260698	2.282717176083679	-27.80197638487772	48.28727000405536	0.0	0.0	0.0	-5.20477393830868	-5.340268897724104	0.14603862250968228	3.8380688062448964	1.6999422568634999	-0.13836777225654878	1.2680575814970965	0.0	0.0	0.0	0.0	0.0	0.0	0.0	0.0	0.0	0.0	0.0	0.0	0.0	0.0	0.0	0.0	0.0	0.0	0.0	0.0	0.0	0.0	0.0	0.0	0.0	0.0	0.0	0.0	0.0	0.0	0.0	0.0	0.0	0.0	0.0	0.0	0.0	0.0	0.0	0.0	0.0	0.0	0.0	0.0	0.0	0.0	0.0	0.0	26908.41299834539	-1229.5121835426185	-1.8680964080376163	26936.488148769273	-26916.361356101286	1037.7363543143263	-88.30773440590406	26936.50318154241	0.0	0.0	0.0	0.0	0.0	0.0	0.0	0.0	0.0	0.0	0.0	0.0	0.0	0.0	0.0	0.0	0.0	0.0	0.0	0.0	0.0	0.0	0.0	0.0	0.0	0.0	0.0	0.0	26873.48707149014	-1827.5203781190085	225.976846726132	26936.50318154241	0.0	0.0	0.0	0.0	0.0	0.0	0.0	0.0	0.0	0.0	0.0	0.0	0.0	0.0	0.0	0.0	0.0	0.0	0.0	0.0	0.0	0.0	0.0	0.0	0.0	0.0	0.0	0.0	0.0	0.0	0.0	0.0	0.0	0.0	0.0	0.0	0.0	0.0	0.0	0.0	0.0	0.0	0.0	0.0	0.0	0.0	0.0	0.0	0.0	0.0	0.0	0.0	0.0	0.0	0.0	0.0	0.0	0.0	0.0	0.0	0.0	0.0	0.0	0.0	0.0	0.0	0.0	0.0	0.0	0.0	0.0	0.0	0.0	0.0	0.0	0.0	0.0	0.0	0.0	0.0	0.0	0.0	0.0	0.0	0.0	0.0	0.0	0.0	0.0	0.0	0.0	0.0	0.0	0.0	0.0	0.0	0.0	0.0	0.0	0.0	29.64506053714276	-0.9549394628572365	0.11985257050773003	-0.5137405614178836	26.18196393046439	-0.2232138179932362	0.04399096256666404	-0.22000538761060173	0.0002998961469976786
186.0	186.4207	2600.0	2598.6124947269036	0.005460880326227729	-0.031818671553243104	28.252169369457576	-39.43815668207573	-6.590979337353929	-20.792594032248786	45.06818365205422	39.92783808350941	2.1393824067017704	-20.79259403224873	45.068183652050536	-2.634912859212992e-15	0.0	-2.634912859212992e-15	-5.266127040860989	-5.40116491253358	0.14566025620712394	3.8306933948935935	1.701492511889213	-0.13696731496822676	1.2673835961838995	0.0	0.0	0.0	0.0	0.0	0.0	0.0	0.0	0.0	0.0	0.0	0.0	0.0	0.0	0.0	0.0	0.0	0.0	0.0	0.0	0.0	0.0	0.0	0.0	0.0	0.0	0.0	0.0	0.0	0.0	0.0	0.0	0.0	0.0	0.0	0.0	0.0	0.0	0.0	0.0	0.0	0.0	0.0	0.0	0.0	0.0	0.0	0.0	26866.625974554332	-1184.3939612338538	6.252820324119019	26892.72056542005	-26873.791357706174	995.9037920627715	-148.33569670026296	26892.647504094566	0.0	0.0	0.0	0.0	0.0	0.0	0.0	0.0	0.0	0.0	0.0	0.0	0.0	0.0	0.0	0.0	0.0	0.0	0.0	0.0	0.0	0.0	0.0	0.0	0.0	0.0	0.0	0.0	26832.101295907913	-1781.2727901715778	282.6607022832692	26892.647504094566	0.0	0.0	0.0	0.0	0.0	0.0	0.0	0.0	0.0	0.0	0.0	0.0	0.0	0.0	0.0	0.0	0.0	0.0	0.0	0.0	0.0	0.0	0.0	0.0	0.0	0.0	0.0	0.0	0.0	0.0	0.0	0.0	0.0	0.0	0.0	0.0	0.0	0.0	0.0	0.0	0.0	0.0	0.0	0.0	0.0	0.0	0.0	0.0	0.0	0.0	0.0	0.0	0.0	0.0	0.0	0.0	0.0	0.0	0.0	0.0	0.0	0.0	0.0	0.0	0.0	0.0	0.0	0.0	0.0	0.0	0.0	0.0	0.0	0.0	0.0	0.0	0.0	0.0	0.0	0.0	0.0	0.0	0.0	0.0	0.0	0.0	0.0	0.0	0.0	0.0	0.0	0.0	0.0	0.0	0.0	0.0	0.0	0.0	0.0	0.0	29.645627518216095	-0.9543724817839027	0.11975681576528562	-0.5134182945717746	26.185421298450798	-0.22326250567571151	0.043974315858230355	-0.21970963533585422	0.00033436766403642894
187.0	187.4207	2600.0	2598.6892120715097	0.006522798216136213	-0.0314619030924059	28.252123734733967	-38.751498564839494	-6.607352237129816	-29.076715320711862	48.89571676995831	39.28030219152606	1.5471277738579374	-29.07671532071182	48.89571676995816	-2.619876807683016e-14	0.0	-2.619876807683016e-14	-5.325825760940797	-5.460303731449737	0.14516889446455924	3.822351053825711	1.7026920884593468	-0.13532496644599204	1.2663623880605595	0.0	0.0	0.0	0.0	0.0	0.0	0.0	0.0	0.0	0.0	0.0	0.0	0.0	0.0	0.0	0.0	0.0	0.0	0.0	0.0	0.0	0.0	0.0	0.0	0.0	0.0	0.0	0.0	0.0	0.0	0.0	0.0	0.0	0.0	0.0	0.0	0.0	0.0	0.0	0.0	0.0	0.0	0.0	0.0	0.0	0.0	0.0	0.0	26828.89719812131	-1120.881858639245	-0.7514626461684852	26852.301606623667	-26835.748213956642	931.245922157893	-146.43433980160492	26852.30053805979	0.0	0.0	0.0	0.0	0.0	0.0	0.0	0.0	0.0	0.0	0.0	0.0	0.0	0.0	0.0	0.0	0.0	0.0	0.0	0.0	0.0	0.0	0.0	0.0	0.0	0.0	0.0	0.0	26795.96846308548	-1716.3767349198956	275.98770885766976	26852.30053805979	0.0	0.0	0.0	0.0	0.0	0.0	0.0	0.0	0.0	0.0	0.0	0.0	0.0	0.0	0.0	0.0	0.0	0.0	0.0	0.0	0.0	0.0	0.0	0.0	0.0	0.0	0.0	0.0	0.0	0.0	0.0	0.0	0.0	0.0	0.0	0.0	0.0	0.0	0.0	0.0	0.0	0.0	0.0	0.0	0.0	0.0	0.0	0.0	0.0	0.0	0.0	0.0	0.0	0.0	0.0	0.0	0.0	0.0	0.0	0.0	0.0	0.0	0.0	0.0	0.0	0.0	0.0	0.0	0.0	0.0	0.0	0.0	0.0	0.0	0.0	0.0	0.0	0.0	0.0	0.0	0.0	0.0	0.0	0.0	0.0	0.0	0.0	0.0	0.0	0.0	0.0	0.0	0.0	0.0	0.0	0.0	0.0	0.0	0.0	0.0	29.64627953667668	-0.9537204633233218	0.11965998475846991	-0.5129416302688141	26.189532825147626	-0.22330885805052023	0.04395834511435734	-0.2194849932540178	0.00038789862434795156
188.0	188.4207	2600.0	2598.6163360762207	0.0075736643522692085	-0.03106687126016175	28.252072461874388	-39.20115531568445	-7.4284063207414865	-29.949965370112444	49.88899903006053	39.86636566144624	1.6076963327832343	-29.949965370112402	49.88899903006191	2.014457256894001e-15	0.0	2.014457256894001e-15	-5.383996075100505	-5.517805520409944	0.14455885333135166	3.813037993423459	1.7035383981077432	-0.13344920015139392	1.2649996736469333	0.0	0.0	0.0	0.0	0.0	0.0	0.0	0.0	0.0	0.0	0.0	0.0	0.0	0.0	0.0	0.0	0.0	0.0	0.0	0.0	0.0	0.0	0.0	0.0	0.0	0.0	0.0	0.0	0.0	0.0	0.0	0.0	0.0	0.0	0.0	0.0	0.0	0.0	0.0	0.0	0.0	0.0	0.0	0.0	0.0	0.0	0.0	0.0	26802.474907027907	-1065.7220820515909	-1.7547479036727647	26823.65425845578	-26808.459105966038	878.7182619977134	-200.334198365539	26823.604515636154	0.0	0.0	0.0	0.0	0.0	0.0	0.0	0.0	0.0	0.0	0.0	0.0	0.0	0.0	0.0	0.0	0.0	0.0	0.0	0.0	0.0	0.0	0.0	0.0	0.0	0.0	0.0	0.0	26770.20647378634	-1660.0226125418835	325.7752107729201	26823.604515636154	0.0	0.0	0.0	0.0	0.0	0.0	0.0	0.0	0.0	0.0	0.0	0.0	0.0	0.0	0.0	0.0	0.0	0.0	0.0	0.0	0.0	0.0	0.0	0.0	0.0	0.0	0.0	0.0	0.0	0.0	0.0	0.0	0.0	0.0	0.0	0.0	0.0	0.0	0.0	0.0	0.0	0.0	0.0	0.0	0.0	0.0	0.0	0.0	0.0	0.0	0.0	0.0	0.0	0.0	0.0	0.0	0.0	0.0	0.0	0.0	0.0	0.0	0.0	0.0	0.0	0.0	0.0	0.0	0.0	0.0	0.0	0.0	0.0	0.0	0.0	0.0	0.0	0.0	0.0	0.0	0.0	0.0	0.0	0.0	0.0	0.0	0.0	0.0	0.0	0.0	0.0	0.0	0.0	0.0	0.0	0.0	0.0	0.0	0.0	0.0	29.6470127487501	-0.9529872512499011	0.11956495550107687	-0.512313962411395	26.194235824552404	-0.2233527982890674	0.043941653928067315	-0.21933213415296285	0.00046172086613161726
189.0	189.4207	2600.0	2598.6762290917786	0.008618176247154576	-0.030638715812842898	28.252015949998732	-39.54268546150614	-8.062974202453917	-24.534663711722075	47.22907208430353	40.329143969196586	1.4817804186131978	-24.534663711722033	47.22907208430484	4.49122515860602e-15	0.0	4.49122515860602e-15	-5.440608900624425	-5.573722173501368	0.14391118638518588	3.8027714480143278	1.7040417273412873	-0.13132785496958294	1.2633137551292835	0.0	0.0	0.0	0.0	0.0	0.0	0.0	0.0	0.0	0.0	0.0	0.0	0.0	0.0	0.0	0.0	0.0	0.0	0.0	0.0	0.0	0.0	0.0	0.0	0.0	0.0	0.0	0.0	0.0	0.0	0.0	0.0	0.0	0.0	0.0	0.0	0.0	0.0	0.0	0.0	0.0	0.0	0.0	0.0	0.0	0.0	0.0	0.0	26780.109737615323	-1006.1810331225103	3.8967955986990455	26799.005448246597	-26785.21859042534	821.2499209162371	-247.07730553718318	26798.94463527219	0.0	0.0	0.0	0.0	0.0	0.0	0.0	0.0	0.0	0.0	0.0	0.0	0.0	0.0	0.0	0.0	0.0	0.0	0.0	0.0	0.0	0.0	0.0	0.0	0.0	0.0	0.0	0.0	26748.654398707888	-1599.1965213093224	368.09225623606306	26798.94463527219	0.0	0.0	0.0	0.0	0.0	0.0	0.0	0.0	0.0	0.0	0.0	0.0	0.0	0.0	0.0	0.0	0.0	0.0	0.0	0.0	0.0	0.0	0.0	0.0	0.0	0.0	0.0	0.0	0.0	0.0	0.0	0.0	0.0	0.0	0.0	0.0	0.0	0.0	0.0	0.0	0.0	0.0	0.0	0.0	0.0	0.0	0.0	0.0	0.0	0.0	0.0	0.0	0.0	0.0	0.0	0.0	0.0	0.0	0.0	0.0	0.0	0.0	0.0	0.0	0.0	0.0	0.0	0.0	0.0	0.0	0.0	0.0	0.0	0.0	0.0	0.0	0.0	0.0	0.0	0.0	0.0	0.0	0.0	0.0	0.0	0.0	0.0	0.0	0.0	0.0	0.0	0.0	0.0	0.0	0.0	0.0	0.0	0.0	0.0	0.0	29.64782160372693	-0.9521783962730732	0.11947427481200543	-0.5115438792666127	26.19953412198391	-0.2233943295389737	0.04392386851343421	-0.219248041183963	0.000537622099383891
190.0	190.4207	2600.0	2598.5770072313117	0.00965168252652434	-0.030187604207984376	28.251955041620818	-39.7012369783115	-8.125135779009725	-33.762916401423944	52.74600053999292	40.516042442644896	0.8101566647674189	-33.762916401423915	52.74600053999554	4.7181894795148895e-15	0.0	4.7181894795148895e-15	-5.495347205344257	-5.627969753903401	0.14345888128139758	3.79160420584859	1.704257434941409	-0.12891343702856303	1.2613574891062784	0.0	0.0	0.0	0.0	0.0	0.0	0.0	0.0	0.0	0.0	0.0	0.0	0.0	0.0	0.0	0.0	0.0	0.0	0.0	0.0	0.0	0.0	0.0	0.0	0.0	0.0	0.0	0.0	0.0	0.0	0.0	0.0	0.0	0.0	0.0	0.0	0.0	0.0	0.0	0.0	0.0	0.0	0.0	0.0	0.0	0.0	0.0	0.0	26757.95882710569	-934.7124933161623	-5.050465450298697	26774.28007520363	-26762.301727503193	750.1842930081286	-268.7326966538261	26774.162685127012	0.0	0.0	0.0	0.0	0.0	0.0	0.0	0.0	0.0	0.0	0.0	0.0	0.0	0.0	0.0	0.0	0.0	0.0	0.0	0.0	0.0	0.0	0.0	0.0	0.0	0.0	0.0	0.0	26727.852500252862	-1526.3637288323378	384.580266887683	26774.162685127012	0.0	0.0	0.0	0.0	0.0	0.0	0.0	0.0	0.0	0.0	0.0	0.0	0.0	0.0	0.0	0.0	0.0	0.0	0.0	0.0	0.0	0.0	0.0	0.0	0.0	0.0	0.0	0.0	0.0	0.0	0.0	0.0	0.0	0.0	0.0	0.0	0.0	0.0	0.0	0.0	0.0	0.0	0.0	0.0	0.0	0.0	0.0	0.0	0.0	0.0	0.0	0.0	0.0	0.0	0.0	0.0	0.0	0.0	0.0	0.0	0.0	0.0	0.0	0.0	0.0	0.0	0.0	0.0	0.0	0.0	0.0	0.0	0.0	0.0	0.0	0.0	0.0	0.0	0.0	0.0	0.0	0.0	0.0	0.0	0.0	0.0	0.0	0.0	0.0	0.0	0.0	0.0	0.0	0.0	0.0	0.0	0.0	0.0	0.0	0.0	29.64869541453071	-0.9513045854692912	0.1193877691362273	-0.5106541248874458	26.205555428036956	-0.22343363011572706	0.04390477978846305	-0.21922024496366646	0.0005632585139059655
191.0	191.4208	2600.0	2598.6230485227065	0.01066974325184655	-0.029718752185753747	28.25189025514567	-38.813177427332434	-8.361800491547912	-29.52516811471785	49.47845997672515	39.700397926331796	0.5107386387571752	-29.52516811471783	49.47845997672684	-7.314487386546196e-15	0.0	-7.314487386546196e-15	-5.548596882074775	-5.680603326647047	0.14287080003664784	3.77947342851716	1.704210526207113	-0.12627405459296573	1.2591579793032932	0.0	0.0	0.0	0.0	0.0	0.0	0.0	0.0	0.0	0.0	0.0	0.0	0.0	0.0	0.0	0.0	0.0	0.0	0.0	0.0	0.0	0.0	0.0	0.0	0.0	0.0	0.0	0.0	0.0	0.0	0.0	0.0	0.0	0.0	0.0	0.0	0.0	0.0	0.0	0.0	0.0	0.0	0.0	0.0	0.0	0.0	0.0	0.0	26734.333505157858	-869.4719102496748	0.8416198089927578	26748.46855571443	-26737.858436540886	685.9444364681804	-298.45592590244195	26748.320872199227	0.0	0.0	0.0	0.0	0.0	0.0	0.0	0.0	0.0	0.0	0.0	0.0	0.0	0.0	0.0	0.0	0.0	0.0	0.0	0.0	0.0	0.0	0.0	0.0	0.0	0.0	0.0	0.0	26705.3249765002	-1459.6512568869323	409.51872962261126	26748.320872199227	0.0	0.0	0.0	0.0	0.0	0.0	0.0	0.0	0.0	0.0	0.0	0.0	0.0	0.0	0.0	0.0	0.0	0.0	0.0	0.0	0.0	0.0	0.0	0.0	0.0	0.0	0.0	0.0	0.0	0.0	0.0	0.0	0.0	0.0	0.0	0.0	0.0	0.0	0.0	0.0	0.0	0.0	0.0	0.0	0.0	0.0	0.0	0.0	0.0	0.0	0.0	0.0	0.0	0.0	0.0	0.0	0.0	0.0	0.0	0.0	0.0	0.0	0.0	0.0	0.0	0.0	0.0	0.0	0.0	0.0	0.0	0.0	0.0	0.0	0.0	0.0	0.0	0.0	0.0	0.0	0.0	0.0	0.0	0.0	0.0	0.0	0.0	0.0	0.0	0.0	0.0	0.0	0.0	0.0	0.0	0.0	0.0	0.0	0.0	0.0	29.64962842743209	-0.95037157256791	0.11930409636195845	-0.5096570895878737	26.21212463668238	-0.2234707389060227	0.04388280044792291	-0.2192424779624752	0.0006130626966734784
192.0	192.4208	2600.0	2598.6405229187308	0.01167024811023219	-0.029220888496777054	28.25182096718621	-38.78951453121225	-9.133584976818385	-26.142672839576583	47.66013171711788	39.84615871030655	0.5765831499993508	-26.142672839576566	47.66013171711694	5.4026993279455294e-15	0.0	5.4026993279455294e-15	-5.600184712254583	-5.731494395445329	0.14219159804750775	3.7664018461517785	1.7038540210444644	-0.1233917826873755	1.2566684796712613	0.0	0.0	0.0	0.0	0.0	0.0	0.0	0.0	0.0	0.0	0.0	0.0	0.0	0.0	0.0	0.0	0.0	0.0	0.0	0.0	0.0	0.0	0.0	0.0	0.0	0.0	0.0	0.0	0.0	0.0	0.0	0.0	0.0	0.0	0.0	0.0	0.0	0.0	0.0	0.0	0.0	0.0	0.0	0.0	0.0	0.0	0.0	0.0	26715.396365616267	-794.611219867048	3.789930253422378	26727.211308445414	-26717.652911770198	613.5034951040924	-352.99455609651164	26727.026935462938	0.0	0.0	0.0	0.0	0.0	0.0	0.0	0.0	0.0	0.0	0.0	0.0	0.0	0.0	0.0	0.0	0.0	0.0	0.0	0.0	0.0	0.0	0.0	0.0	0.0	0.0	0.0	0.0	26687.2732038215	-1383.1275957407606	458.66742575972137	26727.026935462938	0.0	0.0	0.0	0.0	0.0	0.0	0.0	0.0	0.0	0.0	0.0	0.0	0.0	0.0	0.0	0.0	0.0	0.0	0.0	0.0	0.0	0.0	0.0	0.0	0.0	0.0	0.0	0.0	0.0	0.0	0.0	0.0	0.0	0.0	0.0	0.0	0.0	0.0	0.0	0.0	0.0	0.0	0.0	0.0	0.0	0.0	0.0	0.0	0.0	0.0	0.0	0.0	0.0	0.0	0.0	0.0	0.0	0.0	0.0	0.0	0.0	0.0	0.0	0.0	0.0	0.0	0.0	0.0	0.0	0.0	0.0	0.0	0.0	0.0	0.0	0.0	0.0	0.0	0.0	0.0	0.0	0.0	0.0	0.0	0.0	0.0	0.0	0.0	0.0	0.0	0.0	0.0	0.0	0.0	0.0	0.0	0.0	0.0	0.0	0.0	29.65063138930067	-0.949368610699331	0.11922277350310546	-0.5085321672790158	26.219306991682295	-0.2235054533448699	0.04385842233533636	-0.21932458716727513	0.0006771048379327585
193.0	193.4208	2600.0	2598.6673580890447	0.012650529267101009	-0.028686685764421623	28.25174685750372	-38.91060452000419	-9.160387641233683	-17.366220225329023	43.58363742007389	39.97415678204197	-0.12097691770031815	-17.366220225329023	43.583637420074474	-8.514937406110388e-15	0.0	-8.514937406110388e-15	-5.650167664079785	-5.780688536650349	0.1414099441338865	3.7523799954692407	1.70316646582635	-0.12028145488505168	1.2538647766451037	0.0	0.0	0.0	0.0	0.0	0.0	0.0	0.0	0.0	0.0	0.0	0.0	0.0	0.0	0.0	0.0	0.0	0.0	0.0	0.0	0.0	0.0	0.0	0.0	0.0	0.0	0.0	0.0	0.0	0.0	0.0	0.0	0.0	0.0	0.0	0.0	0.0	0.0	0.0	0.0	0.0	0.0	0.0	0.0	0.0	0.0	0.0	0.0	26696.741114339235	-703.101259204262	12.52320793766452	26706.001092216757	-26697.686150988757	523.340343025126	-395.99427592516315	26705.751110910554	0.0	0.0	0.0	0.0	0.0	0.0	0.0	0.0	0.0	0.0	0.0	0.0	0.0	0.0	0.0	0.0	0.0	0.0	0.0	0.0	0.0	0.0	0.0	0.0	0.0	0.0	0.0	0.0	26670.002172827786	-1289.5659092100561	495.1224748123677	26705.751110910554	0.0	0.0	0.0	0.0	0.0	0.0	0.0	0.0	0.0	0.0	0.0	0.0	0.0	0.0	0.0	0.0	0.0	0.0	0.0	0.0	0.0	0.0	0.0	0.0	0.0	0.0	0.0	0.0	0.0	0.0	0.0	0.0	0.0	0.0	0.0	0.0	0.0	0.0	0.0	0.0	0.0	0.0	0.0	0.0	0.0	0.0	0.0	0.0	0.0	0.0	0.0	0.0	0.0	0.0	0.0	0.0	0.0	0.0	0.0	0.0	0.0	0.0	0.0	0.0	0.0	0.0	0.0	0.0	0.0	0.0	0.0	0.0	0.0	0.0	0.0	0.0	0.0	0.0	0.0	0.0	0.0	0.0	0.0	0.0	0.0	0.0	0.0	0.0	0.0	0.0	0.0	0.0	0.0	0.0	0.0	0.0	0.0	0.0	0.0	0.0	29.651711024714718	-0.948288975285287	0.11914353190095828	-0.5072690029141956	26.227068951787516	-0.22353762294195986	0.04383301442645219	-0.21947041510454024	0.0007579183562606054
194.0	194.4209	2600.0	2598.655718522463	0.0136145344214545	-0.02811115111378211	28.25166767536144	-38.58985731219582	-9.679645248721501	-19.582015830439353	44.3432967143886	39.78463264211678	-0.23584963147732202	-19.582015830439367	44.343296714389986	-2.4608025596607602e-15	0.0	-2.4608025596607602e-15	-5.6982505814210045	-5.8281662008720225	0.1408017132315522	3.737448885017438	1.702092547546036	-0.11690880556100997	1.2507071628946858	0.0	0.0	0.0	0.0	0.0	0.0	0.0	0.0	0.0	0.0	0.0	0.0	0.0	0.0	0.0	0.0	0.0	0.0	0.0	0.0	0.0	0.0	0.0	0.0	0.0	0.0	0.0	0.0	0.0	0.0	0.0	0.0	0.0	0.0	0.0	0.0	0.0	0.0	0.0	0.0	0.0	0.0	0.0	0.0	0.0	0.0	0.0	0.0	26675.009499737524	-623.7881730916029	11.3495489965944	26682.3044789658	-26674.844586343257	445.6439653077339	-430.8461278023816	26682.045660616506	0.0	0.0	0.0	0.0	0.0	0.0	0.0	0.0	0.0	0.0	0.0	0.0	0.0	0.0	0.0	0.0	0.0	0.0	0.0	0.0	0.0	0.0	0.0	0.0	0.0	0.0	0.0	0.0	26649.494634107727	-1208.73086307723	524.3720840510725	26682.045660616506	0.0	0.0	0.0	0.0	0.0	0.0	0.0	0.0	0.0	0.0	0.0	0.0	0.0	0.0	0.0	0.0	0.0	0.0	0.0	0.0	0.0	0.0	0.0	0.0	0.0	0.0	0.0	0.0	0.0	0.0	0.0	0.0	0.0	0.0	0.0	0.0	0.0	0.0	0.0	0.0	0.0	0.0	0.0	0.0	0.0	0.0	0.0	0.0	0.0	0.0	0.0	0.0	0.0	0.0	0.0	0.0	0.0	0.0	0.0	0.0	0.0	0.0	0.0	0.0	0.0	0.0	0.0	0.0	0.0	0.0	0.0	0.0	0.0	0.0	0.0	0.0	0.0	0.0	0.0	0.0	0.0	0.0	0.0	0.0	0.0	0.0	0.0	0.0	0.0	0.0	0.0	0.0	0.0	0.0	0.0	0.0	0.0	0.0	0.0	0.0	29.652871732237266	-0.9471282677627357	0.11906515453050706	-0.5058498720491279	26.235527948809878	-0.22356718145118942	0.04380831324566265	-0.2196930220935917	0.0007934676052581415
195.0	195.4209	2600.0	2598.679292061744	0.014565051124083739	-0.027497283273007607	28.251583723431416	-38.825502372258605	-9.823103622089548	-14.06224516718035	42.445962568546534	40.039764822166035	-0.8545362568438577	-14.062245167180379	42.44596256854723	0.0	0.0	0.0	-5.744734196122258	-5.8739041450175815	0.14004240631153253	3.721523228439576	1.7006402084061332	-0.1133660917662491	1.247206889555504	0.0	0.0	0.0	0.0	0.0	0.0	0.0	0.0	0.0	0.0	0.0	0.0	0.0	0.0	0.0	0.0	0.0	0.0	0.0	0.0	0.0	0.0	0.0	0.0	0.0	0.0	0.0	0.0	0.0	0.0	0.0	0.0	0.0	0.0	0.0	0.0	0.0	0.0	0.0	0.0	0.0	0.0	0.0	0.0	0.0	0.0	0.0	0.0	26655.63133406453	-532.5256974086202	17.728207111964085	26660.95609173255	-26654.05507287025	355.9489268457523	-475.7681435972169	26660.677163053926	0.0	0.0	0.0	0.0	0.0	0.0	0.0	0.0	0.0	0.0	0.0	0.0	0.0	0.0	0.0	0.0	0.0	0.0	0.0	0.0	0.0	0.0	0.0	0.0	0.0	0.0	0.0	0.0	26631.39606681545	-1115.183856211835	562.8634753085503	26660.677163053926	0.0	0.0	0.0	0.0	0.0	0.0	0.0	0.0	0.0	0.0	0.0	0.0	0.0	0.0	0.0	0.0	0.0	0.0	0.0	0.0	0.0	0.0	0.0	0.0	0.0	0.0	0.0	0.0	0.0	0.0	0.0	0.0	0.0	0.0	0.0	0.0	0.0	0.0	0.0	0.0	0.0	0.0	0.0	0.0	0.0	0.0	0.0	0.0	0.0	0.0	0.0	0.0	0.0	0.0	0.0	0.0	0.0	0.0	0.0	0.0	0.0	0.0	0.0	0.0	0.0	0.0	0.0	0.0	0.0	0.0	0.0	0.0	0.0	0.0	0.0	0.0	0.0	0.0	0.0	0.0	0.0	0.0	0.0	0.0	0.0	0.0	0.0	0.0	0.0	0.0	0.0	0.0	0.0	0.0	0.0	0.0	0.0	0.0	0.0	0.0	29.65410978663285	-0.9458902133671504	0.1189904197401473	-0.5042807933554202	26.244543039602203	-0.22359413311221948	0.043784262093844485	-0.21999044825975292	0.0008565877001791644
196.0	196.4209	2600.0	2598.701678750858	0.015495193695417927	-0.026862306311163153	28.251496438556252	-38.323548714231954	-9.8882749189288	-27.191194568643414	48.019094420805644	39.55569580431984	-1.3488129449906412	-27.191194568643457	48.019094420806034	0.0	0.0	0.0	-5.7892672716907	-5.917768011590771	0.1393486791338997	3.704661733870647	1.698941315612402	-0.1096008772855934	1.2434786412845014	0.0	0.0	0.0	0.0	0.0	0.0	0.0	0.0	0.0	0.0	0.0	0.0	0.0	0.0	0.0	0.0	0.0	0.0	0.0	0.0	0.0	0.0	0.0	0.0	0.0	0.0	0.0	0.0	0.0	0.0	0.0	0.0	0.0	0.0	0.0	0.0	0.0	0.0	0.0	0.0	0.0	0.0	0.0	0.0	0.0	0.0	0.0	0.0	26636.838695497776	-438.9041929524375	5.5155019700242205	26640.455007400324	-26634.57341789531	261.42273519164684	-480.49349309829216	26640.18988289386	0.0	0.0	0.0	0.0	0.0	0.0	0.0	0.0	0.0	0.0	0.0	0.0	0.0	0.0	0.0	0.0	0.0	0.0	0.0	0.0	0.0	0.0	0.0	0.0	0.0	0.0	0.0	0.0	26614.76781515885	-1019.3707615752932	561.0119359433527	26640.18988289386	0.0	0.0	0.0	0.0	0.0	0.0	0.0	0.0	0.0	0.0	0.0	0.0	0.0	0.0	0.0	0.0	0.0	0.0	0.0	0.0	0.0	0.0	0.0	0.0	0.0	0.0	0.0	0.0	0.0	0.0	0.0	0.0	0.0	0.0	0.0	0.0	0.0	0.0	0.0	0.0	0.0	0.0	0.0	0.0	0.0	0.0	0.0	0.0	0.0	0.0	0.0	0.0	0.0	0.0	0.0	0.0	0.0	0.0	0.0	0.0	0.0	0.0	0.0	0.0	0.0	0.0	0.0	0.0	0.0	0.0	0.0	0.0	0.0	0.0	0.0	0.0	0.0	0.0	0.0	0.0	0.0	0.0	0.0	0.0	0.0	0.0	0.0	0.0	0.0	0.0	0.0	0.0	0.0	0.0	0.0	0.0	0.0	0.0	0.0	0.0	29.65540707021983	-0.9445929297801674	0.11892058393676797	-0.5026118237469952	26.254257057520906	-0.22361876631169114	0.043764022083001744	-0.22033041337659304	0.0008987619784098685
197.0	197.421	2600.0	2598.753068341527	0.016413611395831713	-0.026209054384425116	28.251405985640893	-38.72996961362014	-10.236488994156389	-18.655246924106493	44.190660676197275	40.01816008640526	-1.8284191254169857	-18.65524692410655	44.19066067619646	6.771726032546864e-15	0.0	6.771726032546864e-15	-5.832258034974267	-5.959978544179148	0.13853254560954759	3.6867098311872173	1.6969894190415635	-0.1057751640339188	1.2395257210723087	0.0	0.0	0.0	0.0	0.0	0.0	0.0	0.0	0.0	0.0	0.0	0.0	0.0	0.0	0.0	0.0	0.0	0.0	0.0	0.0	0.0	0.0	0.0	0.0	0.0	0.0	0.0	0.0	0.0	0.0	0.0	0.0	0.0	0.0	0.0	0.0	0.0	0.0	0.0	0.0	0.0	0.0	0.0	0.0	0.0	0.0	0.0	0.0	26631.34918747823	-333.18629915139763	14.56191863045095	26633.43734302454	-26627.378107198667	158.0930662713154	-533.3632228329809	26633.188592596205	0.0	0.0	0.0	0.0	0.0	0.0	0.0	0.0	0.0	0.0	0.0	0.0	0.0	0.0	0.0	0.0	0.0	0.0	0.0	0.0	0.0	0.0	0.0	0.0	0.0	0.0	0.0	0.0	26610.656941580153	-911.9365114631524	606.6659256859886	26633.188592596205	0.0	0.0	0.0	0.0	0.0	0.0	0.0	0.0	0.0	0.0	0.0	0.0	0.0	0.0	0.0	0.0	0.0	0.0	0.0	0.0	0.0	0.0	0.0	0.0	0.0	0.0	0.0	0.0	0.0	0.0	0.0	0.0	0.0	0.0	0.0	0.0	0.0	0.0	0.0	0.0	0.0	0.0	0.0	0.0	0.0	0.0	0.0	0.0	0.0	0.0	0.0	0.0	0.0	0.0	0.0	0.0	0.0	0.0	0.0	0.0	0.0	0.0	0.0	0.0	0.0	0.0	0.0	0.0	0.0	0.0	0.0	0.0	0.0	0.0	0.0	0.0	0.0	0.0	0.0	0.0	0.0	0.0	0.0	0.0	0.0	0.0	0.0	0.0	0.0	0.0	0.0	0.0	0.0	0.0	0.0	0.0	0.0	0.0	0.0	0.0	29.656759947529437	-0.9432400524705608	0.11886274950768831	-0.5008462111158501	26.26447935587078	-0.22364082311590042	0.043746605688628995	-0.22071394164290659	0.0009615017595690195
198.0	198.421	2600.0	2598.691657389081	0.017330739343621292	-0.02554002984642303	28.251312427192598	-38.385138661094054	-10.471578804161254	-8.921955071104703	40.77590115465246	39.727278884978666	-2.194571730015014	-8.921955071104762	40.77590115465095	-1.5952981872439308e-14	0.0	-1.5952981872439308e-14	-5.873464617247508	-6.000393135214157	0.13769311840941967	3.667676299096802	1.6947625462793212	-0.10188832247111203	1.2353449646398547	0.0	0.0	0.0	0.0	0.0	0.0	0.0	0.0	0.0	0.0	0.0	0.0	0.0	0.0	0.0	0.0	0.0	0.0	0.0	0.0	0.0	0.0	0.0	0.0	0.0	0.0	0.0	0.0	0.0	0.0	0.0	0.0	0.0	0.0	0.0	0.0	0.0	0.0	0.0	0.0	0.0	0.0	0.0	0.0	0.0	0.0	0.0	0.0	26632.762026239423	-233.86397965651014	24.645372625081958	26633.800196398428	-26626.890265474492	61.41758276156622	-588.9814182952174	26633.474359162938	0.0	0.0	0.0	0.0	0.0	0.0	0.0	0.0	0.0	0.0	0.0	0.0	0.0	0.0	0.0	0.0	0.0	0.0	0.0	0.0	0.0	0.0	0.0	0.0	0.0	0.0	0.0	0.0	26613.04858207185	-811.0750381087331	655.5599827857804	26633.474359162938	0.0	0.0	0.0	0.0	0.0	0.0	0.0	0.0	0.0	0.0	0.0	0.0	0.0	0.0	0.0	0.0	0.0	0.0	0.0	0.0	0.0	0.0	0.0	0.0	0.0	0.0	0.0	0.0	0.0	0.0	0.0	0.0	0.0	0.0	0.0	0.0	0.0	0.0	0.0	0.0	0.0	0.0	0.0	0.0	0.0	0.0	0.0	0.0	0.0	0.0	0.0	0.0	0.0	0.0	0.0	0.0	0.0	0.0	0.0	0.0	0.0	0.0	0.0	0.0	0.0	0.0	0.0	0.0	0.0	0.0	0.0	0.0	0.0	0.0	0.0	0.0	0.0	0.0	0.0	0.0	0.0	0.0	0.0	0.0	0.0	0.0	0.0	0.0	0.0	0.0	0.0	0.0	0.0	0.0	0.0	0.0	0.0	0.0	0.0	0.0	29.658165111270954	-0.9418348887290513	0.11881921370926128	-0.4989828433591164	26.275302794294927	-0.2236602240663492	0.043731509459740574	-0.22114535403555272	0.0010224885468490298
199.0	199.421	2600.0	2598.5912800362103	0.018246454264673865	-0.024850070598218612	28.251215515568735	-39.10784349646109	-10.331672524396708	0.8616829745193828	40.4587367282228	40.31798995764983	-3.2598413872547094	0.8616829745192832	40.458736728224586	-2.1986321948042797e-15	0.0	-2.1986321948042797e-15	-5.912961557798956	-6.0388865467604385	0.13663017133441352	3.647497317855745	1.692225629386687	-0.0980121508300663	1.2309112554026644	0.0	0.0	0.0	0.0	0.0	0.0	0.0	0.0	0.0	0.0	0.0	0.0	0.0	0.0	0.0	0.0	0.0	0.0	0.0	0.0	0.0	0.0	0.0	0.0	0.0	0.0	0.0	0.0	0.0	0.0	0.0	0.0	0.0	0.0	0.0	0.0	0.0	0.0	0.0	0.0	0.0	0.0	0.0	0.0	0.0	0.0	0.0	0.0	26648.202907566298	-111.65597504606112	34.16592998605944	26648.458727858168	-26639.829844976884	-58.8650274525833	-655.901075801669	26647.96813046009	0.0	0.0	0.0	0.0	0.0	0.0	0.0	0.0	0.0	0.0	0.0	0.0	0.0	0.0	0.0	0.0	0.0	0.0	0.0	0.0	0.0	0.0	0.0	0.0	0.0	0.0	0.0	0.0	26629.554140505843	-686.2434873464872	714.2279999826014	26647.96813046009	0.0	0.0	0.0	0.0	0.0	0.0	0.0	0.0	0.0	0.0	0.0	0.0	0.0	0.0	0.0	0.0	0.0	0.0	0.0	0.0	0.0	0.0	0.0	0.0	0.0	0.0	0.0	0.0	0.0	0.0	0.0	0.0	0.0	0.0	0.0	0.0	0.0	0.0	0.0	0.0	0.0	0.0	0.0	0.0	0.0	0.0	0.0	0.0	0.0	0.0	0.0	0.0	0.0	0.0	0.0	0.0	0.0	0.0	0.0	0.0	0.0	0.0	0.0	0.0	0.0	0.0	0.0	0.0	0.0	0.0	0.0	0.0	0.0	0.0	0.0	0.0	0.0	0.0	0.0	0.0	0.0	0.0	0.0	0.0	0.0	0.0	0.0	0.0	0.0	0.0	0.0	0.0	0.0	0.0	0.0	0.0	0.0	0.0	0.0	0.0	29.65962686757091	-0.940373132429091	0.11878846948622959	-0.4970106087823578	26.286683191053353	-0.2236768292594992	0.04371635771059178	-0.22163161433749673	0.0011265603794179803
200.0	200.4211	2600.0	2598.5761232519517	0.019154982818561855	-0.024129980299845744	28.251114887979927	-39.23378656191698	-10.691877048229799	-7.541903181538913	41.35802880215918	40.49866550072511	-3.669378075512214	-7.541903181539014	41.358028802161016	0.0	0.0	0.0	-5.950286380615647	-6.07555038912109	0.13589778218365167	3.626148806217471	1.6893505460711469	-0.09417854304048989	1.2261939470762588	0.0	0.0	0.0	0.0	0.0	0.0	0.0	0.0	0.0	0.0	0.0	0.0	0.0	0.0	0.0	0.0	0.0	0.0	0.0	0.0	0.0	0.0	0.0	0.0	0.0	0.0	0.0	0.0	0.0	0.0	0.0	0.0	0.0	0.0	0.0	0.0	0.0	0.0	0.0	0.0	0.0	0.0	0.0	0.0	0.0	0.0	0.0	0.0	26670.290078491988	27.112055395567168	26.043275227113142	26670.31657454857	-26660.2097050124	-196.84291841579784	-686.7502140608229	26669.77979860877	0.0	0.0	0.0	0.0	0.0	0.0	0.0	0.0	0.0	0.0	0.0	0.0	0.0	0.0	0.0	0.0	0.0	0.0	0.0	0.0	0.0	0.0	0.0	0.0	0.0	0.0	0.0	0.0	26654.026118930633	-546.1578698875169	736.0419409270711	26669.77979860877	0.0	0.0	0.0	0.0	0.0	0.0	0.0	0.0	0.0	0.0	0.0	0.0	0.0	0.0	0.0	0.0	0.0	0.0	0.0	0.0	0.0	0.0	0.0	0.0	0.0	0.0	0.0	0.0	0.0	0.0	0.0	0.0	0.0	0.0	0.0	0.0	0.0	0.0	0.0	0.0	0.0	0.0	0.0	0.0	0.0	0.0	0.0	0.0	0.0	0.0	0.0	0.0	0.0	0.0	0.0	0.0	0.0	0.0	0.0	0.0	0.0	0.0	0.0	0.0	0.0	0.0	0.0	0.0	0.0	0.0	0.0	0.0	0.0	0.0	0.0	0.0	0.0	0.0	0.0	0.0	0.0	0.0	0.0	0.0	0.0	0.0	0.0	0.0	0.0	0.0	0.0	0.0	0.0	0.0	0.0	0.0	0.0	0.0	0.0	0.0	29.66115348811724	-0.9388465118827617	0.11876919896000457	-0.4949155791913181	26.29880529697752	-0.223690490534014	0.04370352358819441	-0.2221781552621902	0.00114835780542743
201.0	201.4211	2600.0	2598.581807335536	0.020045920107208393	-0.0234006426000924	28.251012304924537	-39.972609910566916	-11.671319952754853	2.216980122129129	41.700650514876166	41.473954458702785	-3.7336783551472768	2.2169801221290157	41.70065051488003	2.6166341169649564e-15	0.0	2.6166341169649564e-15	-5.985916939106707	-6.110239693205921	0.13486552142747607	3.602570179266941	1.6862457173109389	-0.0914557935253374	1.2213194871829003	0.0	0.0	0.0	0.0	0.0	0.0	0.0	0.0	0.0	0.0	0.0	0.0	0.0	0.0	0.0	0.0	0.0	0.0	0.0	0.0	0.0	0.0	0.0	0.0	0.0	0.0	0.0	0.0	0.0	0.0	0.0	0.0	0.0	0.0	0.0	0.0	0.0	0.0	0.0	0.0	0.0	0.0	0.0	0.0	0.0	0.0	0.0	0.0	26706.165296199546	149.1291919200183	34.91800794279705	26706.604494227544	-26693.732972962414	-316.01831242225336	-749.4751107736824	26706.122154803314	0.0	0.0	0.0	0.0	0.0	0.0	0.0	0.0	0.0	0.0	0.0	0.0	0.0	0.0	0.0	0.0	0.0	0.0	0.0	0.0	0.0	0.0	0.0	0.0	0.0	0.0	0.0	0.0	26691.05559516209	-423.14736889788065	790.8590692642124	26706.122154803314	0.0	0.0	0.0	0.0	0.0	0.0	0.0	0.0	0.0	0.0	0.0	0.0	0.0	0.0	0.0	0.0	0.0	0.0	0.0	0.0	0.0	0.0	0.0	0.0	0.0	0.0	0.0	0.0	0.0	0.0	0.0	0.0	0.0	0.0	0.0	0.0	0.0	0.0	0.0	0.0	0.0	0.0	0.0	0.0	0.0	0.0	0.0	0.0	0.0	0.0	0.0	0.0	0.0	0.0	0.0	0.0	0.0	0.0	0.0	0.0	0.0	0.0	0.0	0.0	0.0	0.0	0.0	0.0	0.0	0.0	0.0	0.0	0.0	0.0	0.0	0.0	0.0	0.0	0.0	0.0	0.0	0.0	0.0	0.0	0.0	0.0	0.0	0.0	0.0	0.0	0.0	0.0	0.0	0.0	0.0	0.0	0.0	0.0	0.0	0.0	29.662722986654824	-0.937277013345174	0.11875855219387543	-0.492752661076797	26.311396898845807	-0.22370108248940473	0.04368854297825369	-0.22275281947801936	0.0012233513901830702
202.0	202.4211	2600.0	2598.6581023200597	0.020918098034387253	-0.02265796870736139	28.250907678977455	-38.9907896034772	-10.465098825654422	-9.183167956112712	41.402059623206114	40.03480860560921	-5.197505867745346	-9.18316795611288	41.40205962320216	0.0	0.0	0.0	-6.019159369298258	-6.142911572376279	0.13418310484013643	3.576594801319467	1.6829013352932525	-0.0900187268955081	1.2162870318089192	0.0	0.0	0.0	0.0	0.0	0.0	0.0	0.0	0.0	0.0	0.0	0.0	0.0	0.0	0.0	0.0	0.0	0.0	0.0	0.0	0.0	0.0	0.0	0.0	0.0	0.0	0.0	0.0	0.0	0.0	0.0	0.0	0.0	0.0	0.0	0.0	0.0	0.0	0.0	0.0	0.0	0.0	0.0	0.0	0.0	0.0	0.0	0.0	26755.705678250717	297.5347572296988	23.922609634214115	26757.370677332794	-26742.365463206937	-466.73978560620833	-746.2395270593661	26756.846414085066	0.0	0.0	0.0	0.0	0.0	0.0	0.0	0.0	0.0	0.0	0.0	0.0	0.0	0.0	0.0	0.0	0.0	0.0	0.0	0.0	0.0	0.0	0.0	0.0	0.0	0.0	0.0	0.0	26744.132253241172	-273.1868183477281	778.1959973957038	26756.846414085066	0.0	0.0	0.0	0.0	0.0	0.0	0.0	0.0	0.0	0.0	0.0	0.0	0.0	0.0	0.0	0.0	0.0	0.0	0.0	0.0	0.0	0.0	0.0	0.0	0.0	0.0	0.0	0.0	0.0	0.0	0.0	0.0	0.0	0.0	0.0	0.0	0.0	0.0	0.0	0.0	0.0	0.0	0.0	0.0	0.0	0.0	0.0	0.0	0.0	0.0	0.0	0.0	0.0	0.0	0.0	0.0	0.0	0.0	0.0	0.0	0.0	0.0	0.0	0.0	0.0	0.0	0.0	0.0	0.0	0.0	0.0	0.0	0.0	0.0	0.0	0.0	0.0	0.0	0.0	0.0	0.0	0.0	0.0	0.0	0.0	0.0	0.0	0.0	0.0	0.0	0.0	0.0	0.0	0.0	0.0	0.0	0.0	0.0	0.0	0.0	29.664338439480154	-0.9356615605198472	0.11875435163450117	-0.49051853705076304	26.324731957430533	-0.2237084668130555	0.043676310248694096	-0.22335559796406507	0.0012036679250159
203.0	203.4211	2600.0	2598.674339741284	0.021779480133664243	-0.02189508800945269	28.250800505451384	-38.29477384684084	-11.636640514345347	-5.234243807233186	40.364568803275304	39.76500246111755	-4.54375238190187	-5.234243807233328	40.36456880327453	-3.3657606329279972e-15	0.0	-3.3657606329279972e-15	-6.050861370589392	-6.173623168503685	0.1330689717607853	3.549401340179386	1.6792693310627231	-0.08869851437849961	1.211036985088979	0.0	0.0	0.0	0.0	0.0	0.0	0.0	0.0	0.0	0.0	0.0	0.0	0.0	0.0	0.0	0.0	0.0	0.0	0.0	0.0	0.0	0.0	0.0	0.0	0.0	0.0	0.0	0.0	0.0	0.0	0.0	0.0	0.0	0.0	0.0	0.0	0.0	0.0	0.0	0.0	0.0	0.0	0.0	0.0	0.0	0.0	0.0	0.0	26811.28559272736	436.58493921638285	25.422934553691423	26814.852001634117	-26796.028133967207	-605.5251703439071	-782.5053486757547	26814.289084534546	0.0	0.0	0.0	0.0	0.0	0.0	0.0	0.0	0.0	0.0	0.0	0.0	0.0	0.0	0.0	0.0	0.0	0.0	0.0	0.0	0.0	0.0	0.0	0.0	0.0	0.0	0.0	0.0	26801.854569719544	-132.69911838128428	805.6560535193478	26814.289084534546	0.0	0.0	0.0	0.0	0.0	0.0	0.0	0.0	0.0	0.0	0.0	0.0	0.0	0.0	0.0	0.0	0.0	0.0	0.0	0.0	0.0	0.0	0.0	0.0	0.0	0.0	0.0	0.0	0.0	0.0	0.0	0.0	0.0	0.0	0.0	0.0	0.0	0.0	0.0	0.0	0.0	0.0	0.0	0.0	0.0	0.0	0.0	0.0	0.0	0.0	0.0	0.0	0.0	0.0	0.0	0.0	0.0	0.0	0.0	0.0	0.0	0.0	0.0	0.0	0.0	0.0	0.0	0.0	0.0	0.0	0.0	0.0	0.0	0.0	0.0	0.0	0.0	0.0	0.0	0.0	0.0	0.0	0.0	0.0	0.0	0.0	0.0	0.0	0.0	0.0	0.0	0.0	0.0	0.0	0.0	0.0	0.0	0.0	0.0	0.0	29.666005727096127	-0.9339942729038813	0.11875894266861597	-0.4881882891542361	26.33851404910625	-0.22371285417346154	0.04366142979697881	-0.22400567604818752	0.0012738937811921298
204.0	204.4211	2600.0	2598.654931158462	0.022631656932104224	-0.021107931669944333	28.250690621632565	-39.2817271758522	-13.07786162119737	3.9233748043457695	41.586986237964496	41.17415744133177	-4.3328181934412	3.9233748043456416	41.5869862379611	2.0325365203095134e-15	0.0	2.0325365203095134e-15	-6.080628247803011	-6.202546943893082	0.13209188447417772	3.5211588201249	1.6753233167204138	-0.08733588391584306	1.205548744836257	0.0	0.0	0.0	0.0	0.0	0.0	0.0	0.0	0.0	0.0	0.0	0.0	0.0	0.0	0.0	0.0	0.0	0.0	0.0	0.0	0.0	0.0	0.0	0.0	0.0	0.0	0.0	0.0	0.0	0.0	0.0	0.0	0.0	0.0	0.0	0.0	0.0	0.0	0.0	0.0	0.0	0.0	0.0	0.0	0.0	0.0	0.0	0.0	26869.009399326675	575.9185674622067	28.087752615925574	26875.195575461395	-26851.320928167577	-742.9403346683616	-838.0179892917474	26874.66595287658	0.0	0.0	0.0	0.0	0.0	0.0	0.0	0.0	0.0	0.0	0.0	0.0	0.0	0.0	0.0	0.0	0.0	0.0	0.0	0.0	0.0	0.0	0.0	0.0	0.0	0.0	0.0	0.0	26861.136291391715	7.6700138689679855	852.6244102006607	26874.66595287658	0.0	0.0	0.0	0.0	0.0	0.0	0.0	0.0	0.0	0.0	0.0	0.0	0.0	0.0	0.0	0.0	0.0	0.0	0.0	0.0	0.0	0.0	0.0	0.0	0.0	0.0	0.0	0.0	0.0	0.0	0.0	0.0	0.0	0.0	0.0	0.0	0.0	0.0	0.0	0.0	0.0	0.0	0.0	0.0	0.0	0.0	0.0	0.0	0.0	0.0	0.0	0.0	0.0	0.0	0.0	0.0	0.0	0.0	0.0	0.0	0.0	0.0	0.0	0.0	0.0	0.0	0.0	0.0	0.0	0.0	0.0	0.0	0.0	0.0	0.0	0.0	0.0	0.0	0.0	0.0	0.0	0.0	0.0	0.0	0.0	0.0	0.0	0.0	0.0	0.0	0.0	0.0	0.0	0.0	0.0	0.0	0.0	0.0	0.0	0.0	29.66772785751213	-0.932272142487875	0.1187722140633339	-0.48575297180232163	26.35291075730923	-0.22371419915585491	0.043646382026581824	-0.22470870406377405	0.0013065938449518697
205.0	205.4211	2600.0	2598.6278805943425	0.023468094984679538	-0.020299638743605606	28.250578567626444	-39.573836726805354	-10.892423766785218	0.13716358171170384	41.04573379345561	40.417960961074634	-7.149956681274489	0.1371635817114765	41.04573379345536	0.0	0.0	0.0	-6.108501995638545	-6.229583686804203	0.13111054907685032	3.4918373015021293	1.6710659280661218	-0.08597078957460888	1.1998311969791255	0.0	0.0	0.0	0.0	0.0	0.0	0.0	0.0	0.0	0.0	0.0	0.0	0.0	0.0	0.0	0.0	0.0	0.0	0.0	0.0	0.0	0.0	0.0	0.0	0.0	0.0	0.0	0.0	0.0	0.0	0.0	0.0	0.0	0.0	0.0	0.0	0.0	0.0	0.0	0.0	0.0	0.0	0.0	0.0	0.0	0.0	0.0	0.0	26928.297476564327	720.0730830154416	29.296018770923133	26937.93920269217	-26908.392608491256	-886.4595169784703	-879.6641089351928	26937.357186489127	0.0	0.0	0.0	0.0	0.0	0.0	0.0	0.0	0.0	0.0	0.0	0.0	0.0	0.0	0.0	0.0	0.0	0.0	0.0	0.0	0.0	0.0	0.0	0.0	0.0	0.0	0.0	0.0	26922.361126691616	153.324988112229	885.5365630634025	26937.357186489127	0.0	0.0	0.0	0.0	0.0	0.0	0.0	0.0	0.0	0.0	0.0	0.0	0.0	0.0	0.0	0.0	0.0	0.0	0.0	0.0	0.0	0.0	0.0	0.0	0.0	0.0	0.0	0.0	0.0	0.0	0.0	0.0	0.0	0.0	0.0	0.0	0.0	0.0	0.0	0.0	0.0	0.0	0.0	0.0	0.0	0.0	0.0	0.0	0.0	0.0	0.0	0.0	0.0	0.0	0.0	0.0	0.0	0.0	0.0	0.0	0.0	0.0	0.0	0.0	0.0	0.0	0.0	0.0	0.0	0.0	0.0	0.0	0.0	0.0	0.0	0.0	0.0	0.0	0.0	0.0	0.0	0.0	0.0	0.0	0.0	0.0	0.0	0.0	0.0	0.0	0.0	0.0	0.0	0.0	0.0	0.0	0.0	0.0	0.0	0.0	29.669500550196883	-0.9304994498031186	0.11878885435133317	-0.4832158708157489	26.36789423085927	-0.2237124190039409	0.043630528962824225	-0.225465769544188	0.00133359683744794
206.0	206.421	2600.0	2598.647282944845	0.024289018691910247	-0.01948682446487437	28.250465542599102	-37.96682477421873	-8.56845284361407	1.4620113262459	38.94914177087267	37.813786951855946	-9.220394998523263	1.46201132624563	38.9491417708685	0.0	0.0	0.0	-6.134607678131352	-6.2546130263515405	0.129879406780081	3.4614380431737657	1.6666161324249278	-0.08461009279258604	1.193997219581938	0.0	0.0	0.0	0.0	0.0	0.0	0.0	0.0	0.0	0.0	0.0	0.0	0.0	0.0	0.0	0.0	0.0	0.0	0.0	0.0	0.0	0.0	0.0	0.0	0.0	0.0	0.0	0.0	0.0	0.0	0.0	0.0	0.0	0.0	0.0	0.0	0.0	0.0	0.0	0.0	0.0	0.0	0.0	0.0	0.0	0.0	0.0	0.0	26992.89301971779	850.256462934326	29.225827195197613	27006.296743086903	-26970.991111474697	-1016.2479471033278	-913.8274973573775	27005.595755697846	0.0	0.0	0.0	0.0	0.0	0.0	0.0	0.0	0.0	0.0	0.0	0.0	0.0	0.0	0.0	0.0	0.0	0.0	0.0	0.0	0.0	0.0	0.0	0.0	0.0	0.0	0.0	0.0	26988.694491524453	284.71730164388197	911.8705069624375	27005.595755697846	0.0	0.0	0.0	0.0	0.0	0.0	0.0	0.0	0.0	0.0	0.0	0.0	0.0	0.0	0.0	0.0	0.0	0.0	0.0	0.0	0.0	0.0	0.0	0.0	0.0	0.0	0.0	0.0	0.0	0.0	0.0	0.0	0.0	0.0	0.0	0.0	0.0	0.0	0.0	0.0	0.0	0.0	0.0	0.0	0.0	0.0	0.0	0.0	0.0	0.0	0.0	0.0	0.0	0.0	0.0	0.0	0.0	0.0	0.0	0.0	0.0	0.0	0.0	0.0	0.0	0.0	0.0	0.0	0.0	0.0	0.0	0.0	0.0	0.0	0.0	0.0	0.0	0.0	0.0	0.0	0.0	0.0	0.0	0.0	0.0	0.0	0.0	0.0	0.0	0.0	0.0	0.0	0.0	0.0	0.0	0.0	0.0	0.0	0.0	0.0	29.671305924659315	-0.9286940753406905	0.11880838664815888	-0.48062641469958883	26.383403587941963	-0.2237077151718021	0.04361813136329528	-0.2262455058229412	0.00141067736439825
207.0	207.421	2600.0	2598.6494920352243	0.025090008745813408	-0.018669878657520903	28.250351851753912	-39.60389572699683	-13.08055061675259	2.3325484028756014	41.77331855675368	41.17819161716581	-6.627661452734174	2.3325484028753882	41.7733185567515	0.0	0.0	0.0	-6.1587891233581376	-6.277802331106237	0.1287224911980189	3.4299718511059902	1.6620018765802946	-0.08325207726908657	1.1880701142028327	0.0	0.0	0.0	0.0	0.0	0.0	0.0	0.0	0.0	0.0	0.0	0.0	0.0	0.0	0.0	0.0	0.0	0.0	0.0	0.0	0.0	0.0	0.0	0.0	0.0	0.0	0.0	0.0	0.0	0.0	0.0	0.0	0.0	0.0	0.0	0.0	0.0	0.0	0.0	0.0	0.0	0.0	0.0	0.0	0.0	0.0	0.0	0.0	27066.498309197752	990.521999242922	30.96910982847882	27084.63445643216	-27042.269573928206	-1155.7169485475242	-960.368600386838	27083.986656745572	0.0	0.0	0.0	0.0	0.0	0.0	0.0	0.0	0.0	0.0	0.0	0.0	0.0	0.0	0.0	0.0	0.0	0.0	0.0	0.0	0.0	0.0	0.0	0.0	0.0	0.0	0.0	0.0	27063.956302378276	426.3010108552076	950.1946820916263	27083.986656745572	0.0	0.0	0.0	0.0	0.0	0.0	0.0	0.0	0.0	0.0	0.0	0.0	0.0	0.0	0.0	0.0	0.0	0.0	0.0	0.0	0.0	0.0	0.0	0.0	0.0	0.0	0.0	0.0	0.0	0.0	0.0	0.0	0.0	0.0	0.0	0.0	0.0	0.0	0.0	0.0	0.0	0.0	0.0	0.0	0.0	0.0	0.0	0.0	0.0	0.0	0.0	0.0	0.0	0.0	0.0	0.0	0.0	0.0	0.0	0.0	0.0	0.0	0.0	0.0	0.0	0.0	0.0	0.0	0.0	0.0	0.0	0.0	0.0	0.0	0.0	0.0	0.0	0.0	0.0	0.0	0.0	0.0	0.0	0.0	0.0	0.0	0.0	0.0	0.0	0.0	0.0	0.0	0.0	0.0	0.0	0.0	0.0	0.0	0.0	0.0	29.67314235999116	-0.9268576400088372	0.11882948985336218	-0.4779946587653721	26.399497168579142	-0.22370009524257856	0.04361288639984652	-0.2270394344919241	0.0014647590751606999
208.0	208.4209	2600.0	2598.692302531405	0.025874000705788398	-0.017840251591857377	28.250237024629833	-39.72611641720528	-10.626574011843333	11.9638612451633	42.82782246059272	39.995791212684715	-9.561646620426473	11.963861245163002	42.82782246059322	-1.2121787507628756e-14	0.0	-1.2121787507628756e-14	-6.181123283997526	-6.299114354403931	0.12752613926427112	3.3974540211768467	1.657167380821735	-0.08189260770874386	1.1820019201634262	0.0	0.0	0.0	0.0	0.0	0.0	0.0	0.0	0.0	0.0	0.0	0.0	0.0	0.0	0.0	0.0	0.0	0.0	0.0	0.0	0.0	0.0	0.0	0.0	0.0	0.0	0.0	0.0	0.0	0.0	0.0	0.0	0.0	0.0	0.0	0.0	0.0	0.0	0.0	0.0	0.0	0.0	0.0	0.0	0.0	0.0	0.0	0.0	27150.826737944655	1138.8220739645337	37.30937709603068	27174.72539437443	-27124.29970265398	-1303.57902569438	-1001.9333033092612	27174.083664033744	0.0	0.0	0.0	0.0	0.0	0.0	0.0	0.0	0.0	0.0	0.0	0.0	0.0	0.0	0.0	0.0	0.0	0.0	0.0	0.0	0.0	0.0	0.0	0.0	0.0	0.0	0.0	0.0	27150.186464491027	575.7108740777458	983.2369565584713	27174.083664033744	0.0	0.0	0.0	0.0	0.0	0.0	0.0	0.0	0.0	0.0	0.0	0.0	0.0	0.0	0.0	0.0	0.0	0.0	0.0	0.0	0.0	0.0	0.0	0.0	0.0	0.0	0.0	0.0	0.0	0.0	0.0	0.0	0.0	0.0	0.0	0.0	0.0	0.0	0.0	0.0	0.0	0.0	0.0	0.0	0.0	0.0	0.0	0.0	0.0	0.0	0.0	0.0	0.0	0.0	0.0	0.0	0.0	0.0	0.0	0.0	0.0	0.0	0.0	0.0	0.0	0.0	0.0	0.0	0.0	0.0	0.0	0.0	0.0	0.0	0.0	0.0	0.0	0.0	0.0	0.0	0.0	0.0	0.0	0.0	0.0	0.0	0.0	0.0	0.0	0.0	0.0	0.0	0.0	0.0	0.0	0.0	0.0	0.0	0.0	0.0	29.675017216821434	-0.9249827831785636	0.1188525624214501	-0.4752996490479691	26.416134620998342	-0.22368933969815816	0.04361305461065476	-0.22786134712332276	0.00152161288159434
209.0	209.4208	2600.0	2598.616628447456	0.02664090099002784	-0.016988858257836203	28.25012066928052	-40.106495563827586	-10.55134018062017	0.4776021654767107	41.47396616971855	40.11720663707092	-10.510542215175521	0.47760216547638384	41.47396616971785	-2.003499294697562e-15	0.0	-2.003499294697562e-15	-6.201305276297087	-6.318485554096182	0.12653207432996172	3.3639034815682374	1.6520714889507495	-0.08052387273336699	1.1757515879195368	0.0	0.0	0.0	0.0	0.0	0.0	0.0	0.0	0.0	0.0	0.0	0.0	0.0	0.0	0.0	0.0	0.0	0.0	0.0	0.0	0.0	0.0	0.0	0.0	0.0	0.0	0.0	0.0	0.0	0.0	0.0	0.0	0.0	0.0	0.0	0.0	0.0	0.0	0.0	0.0	0.0	0.0	0.0	0.0	0.0	0.0	0.0	0.0	27232.63479615036	1283.1206604622269	28.051170635455094	27262.860881389148	-27204.34409170704	-1448.6382734257706	-1023.1465891485185	27262.093082705815	0.0	0.0	0.0	0.0	0.0	0.0	0.0	0.0	0.0	0.0	0.0	0.0	0.0	0.0	0.0	0.0	0.0	0.0	0.0	0.0	0.0	0.0	0.0	0.0	0.0	0.0	0.0	0.0	27234.32850804057	721.2709764471291	996.4126378059692	27262.093082705815	0.0	0.0	0.0	0.0	0.0	0.0	0.0	0.0	0.0	0.0	0.0	0.0	0.0	0.0	0.0	0.0	0.0	0.0	0.0	0.0	0.0	0.0	0.0	0.0	0.0	0.0	0.0	0.0	0.0	0.0	0.0	0.0	0.0	0.0	0.0	0.0	0.0	0.0	0.0	0.0	0.0	0.0	0.0	0.0	0.0	0.0	0.0	0.0	0.0	0.0	0.0	0.0	0.0	0.0	0.0	0.0	0.0	0.0	0.0	0.0	0.0	0.0	0.0	0.0	0.0	0.0	0.0	0.0	0.0	0.0	0.0	0.0	0.0	0.0	0.0	0.0	0.0	0.0	0.0	0.0	0.0	0.0	0.0	0.0	0.0	0.0	0.0	0.0	0.0	0.0	0.0	0.0	0.0	0.0	0.0	0.0	0.0	0.0	0.0	0.0	29.676938335723985	-0.9230616642760126	0.1188799579984956	-0.4725233728282329	26.433437079032714	-0.22367535279170828	0.04362005393110958	-0.22872124701663243	0.0015268717124942099
210.0	210.4207	2600.0	2598.633728608873	0.027400045297147763	-0.01611738183322919	28.250002733688458	-39.990293045197625	-9.069046527882167	8.627873163020748	41.90359576555271	39.07692180107551	-12.428407996121678	8.627873163020366	41.90359576554975	-7.224992064416812e-14	0.0	-7.224992064416812e-14	-6.219925498814528	-6.335869292988015	0.12510381656511788	3.3293288912432133	1.646716610809589	-0.07914846188750167	1.1693269988535901	0.0	0.0	0.0	0.0	0.0	0.0	0.0	0.0	0.0	0.0	0.0	0.0	0.0	0.0	0.0	0.0	0.0	0.0	0.0	0.0	0.0	0.0	0.0	0.0	0.0	0.0	0.0	0.0	0.0	0.0	0.0	0.0	0.0	0.0	0.0	0.0	0.0	0.0	0.0	0.0	0.0	0.0	0.0	0.0	0.0	0.0	0.0	0.0	27333.577200819178	1442.816200948643	33.418512731900606	27371.650991123195	-27302.85210311991	-1608.7870298698367	-1063.7708347678608	27370.888496013784	0.0	0.0	0.0	0.0	0.0	0.0	0.0	0.0	0.0	0.0	0.0	0.0	0.0	0.0	0.0	0.0	0.0	0.0	0.0	0.0	0.0	0.0	0.0	0.0	0.0	0.0	0.0	0.0	27337.32859529329	882.5917212837302	1028.1216794236855	27370.888496013784	0.0	0.0	0.0	0.0	0.0	0.0	0.0	0.0	0.0	0.0	0.0	0.0	0.0	0.0	0.0	0.0	0.0	0.0	0.0	0.0	0.0	0.0	0.0	0.0	0.0	0.0	0.0	0.0	0.0	0.0	0.0	0.0	0.0	0.0	0.0	0.0	0.0	0.0	0.0	0.0	0.0	0.0	0.0	0.0	0.0	0.0	0.0	0.0	0.0	0.0	0.0	0.0	0.0	0.0	0.0	0.0	0.0	0.0	0.0	0.0	0.0	0.0	0.0	0.0	0.0	0.0	0.0	0.0	0.0	0.0	0.0	0.0	0.0	0.0	0.0	0.0	0.0	0.0	0.0	0.0	0.0	0.0	0.0	0.0	0.0	0.0	0.0	0.0	0.0	0.0	0.0	0.0	0.0	0.0	0.0	0.0	0.0	0.0	0.0	0.0	29.678902736068938	-0.9210972639310597	0.11892214317022885	-0.46966981179873507	26.451146921696132	-0.22365798213366989	0.0436266097563528	-0.22961860376910564	0.0016244763537639204
211.0	211.4206	2600.0	2598.6103349216332	0.028157828377971157	-0.015247943796713553	28.249884451387693	-40.62399392651606	-10.748610042919607	19.704524950369624	46.412388474588376	40.270450827667446	-12.005510840135685	19.704524950369255	46.41238847458641	0.0	0.0	0.0	-6.2365381135084395	-6.351426869602184	0.12384877847796096	3.2937497073226285	1.6412177024570043	-0.07775656852744647	1.162843547825531	0.0	0.0	0.0	0.0	0.0	0.0	0.0	0.0	0.0	0.0	0.0	0.0	0.0	0.0	0.0	0.0	0.0	0.0	0.0	0.0	0.0	0.0	0.0	0.0	0.0	0.0	0.0	0.0	0.0	0.0	0.0	0.0	0.0	0.0	0.0	0.0	0.0	0.0	0.0	0.0	0.0	0.0	0.0	0.0	0.0	0.0	0.0	0.0	27400.034031994146	1582.446550660373	40.18161903856016	27445.721280422622	-27365.93775365052	-1745.7061352488934	-1132.7499959507081	27444.94783381173	0.0	0.0	0.0	0.0	0.0	0.0	0.0	0.0	0.0	0.0	0.0	0.0	0.0	0.0	0.0	0.0	0.0	0.0	0.0	0.0	0.0	0.0	0.0	0.0	0.0	0.0	0.0	0.0	27404.20316194709	1023.4067588996783	1089.7014569201938	27444.94783381173	0.0	0.0	0.0	0.0	0.0	0.0	0.0	0.0	0.0	0.0	0.0	0.0	0.0	0.0	0.0	0.0	0.0	0.0	0.0	0.0	0.0	0.0	0.0	0.0	0.0	0.0	0.0	0.0	0.0	0.0	0.0	0.0	0.0	0.0	0.0	0.0	0.0	0.0	0.0	0.0	0.0	0.0	0.0	0.0	0.0	0.0	0.0	0.0	0.0	0.0	0.0	0.0	0.0	0.0	0.0	0.0	0.0	0.0	0.0	0.0	0.0	0.0	0.0	0.0	0.0	0.0	0.0	0.0	0.0	0.0	0.0	0.0	0.0	0.0	0.0	0.0	0.0	0.0	0.0	0.0	0.0	0.0	0.0	0.0	0.0	0.0	0.0	0.0	0.0	0.0	0.0	0.0	0.0	0.0	0.0	0.0	0.0	0.0	0.0	0.0	29.680886883270393	-0.9191131167296048	0.11898522235900674	-0.46678896375653606	26.469444420841455	-0.22363718690693948	0.04363720040790097	-0.23052693709696234	0.00167732738040611
212.0	212.4206	2600.0	2598.6285605396088	0.02887128893636322	-0.014367371791911901	28.24976673586582	-39.979699682608036	-9.557178742154061	6.346241605583559	41.59315850879146	38.87217730134943	-13.366745455547065	6.346241605583161	41.593158508790474	1.068460264537166e-14	0.0	1.068460264537166e-14	-6.250875387859667	-6.365056845224072	0.12293339591004118	3.2571711542348907	1.6356001146769534	-0.07635173294415164	1.1562888801589895	0.0	0.0	0.0	0.0	0.0	0.0	0.0	0.0	0.0	0.0	0.0	0.0	0.0	0.0	0.0	0.0	0.0	0.0	0.0	0.0	0.0	0.0	0.0	0.0	0.0	0.0	0.0	0.0	0.0	0.0	0.0	0.0	0.0	0.0	0.0	0.0	0.0	0.0	0.0	0.0	0.0	0.0	0.0	0.0	0.0	0.0	0.0	0.0	27504.552657683114	1734.462153431704	26.832656293768412	27559.19984056856	-27469.508066541275	-1899.6680026326235	-1130.6301116674028	27558.318823676673	0.0	0.0	0.0	0.0	0.0	0.0	0.0	0.0	0.0	0.0	0.0	0.0	0.0	0.0	0.0	0.0	0.0	0.0	0.0	0.0	0.0	0.0	0.0	0.0	0.0	0.0	0.0	0.0	27512.033825237722	1176.0090835209135	1079.7841552195732	27558.318823676673	0.0	0.0	0.0	0.0	0.0	0.0	0.0	0.0	0.0	0.0	0.0	0.0	0.0	0.0	0.0	0.0	0.0	0.0	0.0	0.0	0.0	0.0	0.0	0.0	0.0	0.0	0.0	0.0	0.0	0.0	0.0	0.0	0.0	0.0	0.0	0.0	0.0	0.0	0.0	0.0	0.0	0.0	0.0	0.0	0.0	0.0	0.0	0.0	0.0	0.0	0.0	0.0	0.0	0.0	0.0	0.0	0.0	0.0	0.0	0.0	0.0	0.0	0.0	0.0	0.0	0.0	0.0	0.0	0.0	0.0	0.0	0.0	0.0	0.0	0.0	0.0	0.0	0.0	0.0	0.0	0.0	0.0	0.0	0.0	0.0	0.0	0.0	0.0	0.0	0.0	0.0	0.0	0.0	0.0	0.0	0.0	0.0	0.0	0.0	0.0	29.682902512797707	-0.917097487202291	0.11905494058481356	-0.4638749357679188	26.488437227986886	-0.22361276231180646	0.043652030300547394	-0.23144028595328972	0.0016478290020820303
213.0	213.4205	2600.0	2598.6125681865446	0.029570845981935948	-0.013492023622538792	28.249649617035114	-39.77725298522546	-8.546552787061955	3.4320959631118475	40.82955672417561	37.90739592512546	-14.775072039363296	3.432095963111393	40.829556724174694	-5.342527379678304e-14	0.0	-5.342527379678304e-14	-6.263727871549654	-6.376630580371806	0.12143903003789946	3.2195988043088506	1.629864625454205	-0.07494187049994563	1.1497070917105734	0.0	0.0	0.0	0.0	0.0	0.0	0.0	0.0	0.0	0.0	0.0	0.0	0.0	0.0	0.0	0.0	0.0	0.0	0.0	0.0	0.0	0.0	0.0	0.0	0.0	0.0	0.0	0.0	0.0	0.0	0.0	0.0	0.0	0.0	0.0	0.0	0.0	0.0	0.0	0.0	0.0	0.0	0.0	0.0	0.0	0.0	0.0	0.0	27622.411921431314	1874.9800305807757	29.76221942015744	27685.99061370231	-27584.253986773936	-2038.7930931281014	-1194.995697978002	27685.298625834374	0.0	0.0	0.0	0.0	0.0	0.0	0.0	0.0	0.0	0.0	0.0	0.0	0.0	0.0	0.0	0.0	0.0	0.0	0.0	0.0	0.0	0.0	0.0	0.0	0.0	0.0	0.0	0.0	27630.55564833744	1317.2937477942542	1137.0539775123698	27685.298625834374	0.0	0.0	0.0	0.0	0.0	0.0	0.0	0.0	0.0	0.0	0.0	0.0	0.0	0.0	0.0	0.0	0.0	0.0	0.0	0.0	0.0	0.0	0.0	0.0	0.0	0.0	0.0	0.0	0.0	0.0	0.0	0.0	0.0	0.0	0.0	0.0	0.0	0.0	0.0	0.0	0.0	0.0	0.0	0.0	0.0	0.0	0.0	0.0	0.0	0.0	0.0	0.0	0.0	0.0	0.0	0.0	0.0	0.0	0.0	0.0	0.0	0.0	0.0	0.0	0.0	0.0	0.0	0.0	0.0	0.0	0.0	0.0	0.0	0.0	0.0	0.0	0.0	0.0	0.0	0.0	0.0	0.0	0.0	0.0	0.0	0.0	0.0	0.0	0.0	0.0	0.0	0.0	0.0	0.0	0.0	0.0	0.0	0.0	0.0	0.0	29.68493196344023	-0.9150680365597703	0.11913591017010675	-0.4609472964390291	26.507782243376024	-0.2235846209113232	0.043663278777268326	-0.2323574464279555	0.0017437123817777502
214.0	214.4203	2600.0	2598.493959683243	0.03023899759274016	-0.012609834189112452	28.249533204444184	-46.705898869991415	-10.975770551096502	18.193017652975612	51.31173764126161	44.73245998136372	-17.3469176645267	18.193017652975087	51.311737641261345	-1.300415531330829e-14	0.0	-1.300415531330829e-14	-6.27473174276008	-6.386373568421817	0.11995570189667522	3.1810437420119273	1.6239837300588595	-0.07352745735740006	1.143063424191906	0.0	0.0	0.0	0.0	0.0	0.0	0.0	0.0	0.0	0.0	0.0	0.0	0.0	0.0	0.0	0.0	0.0	0.0	0.0	0.0	0.0	0.0	0.0	0.0	0.0	0.0	0.0	0.0	0.0	0.0	0.0	0.0	0.0	0.0	0.0	0.0	0.0	0.0	0.0	0.0	0.0	0.0	0.0	0.0	0.0	0.0	0.0	0.0	27684.570041430612	2025.0414642326107	44.30843924574103	27758.569389443095	-27642.440604377225	-2186.3332747317077	-1269.3422060405412	27757.80620637656	0.0	0.0	0.0	0.0	0.0	0.0	0.0	0.0	0.0	0.0	0.0	0.0	0.0	0.0	0.0	0.0	0.0	0.0	0.0	0.0	0.0	0.0	0.0	0.0	0.0	0.0	0.0	0.0	27692.742868605805	1469.1336380042467	1203.928634813699	27757.80620637656	0.0	0.0	0.0	0.0	0.0	0.0	0.0	0.0	0.0	0.0	0.0	0.0	0.0	0.0	0.0	0.0	0.0	0.0	0.0	0.0	0.0	0.0	0.0	0.0	0.0	0.0	0.0	0.0	0.0	0.0	0.0	0.0	0.0	0.0	0.0	0.0	0.0	0.0	0.0	0.0	0.0	0.0	0.0	0.0	0.0	0.0	0.0	0.0	0.0	0.0	0.0	0.0	0.0	0.0	0.0	0.0	0.0	0.0	0.0	0.0	0.0	0.0	0.0	0.0	0.0	0.0	0.0	0.0	0.0	0.0	0.0	0.0	0.0	0.0	0.0	0.0	0.0	0.0	0.0	0.0	0.0	0.0	0.0	0.0	0.0	0.0	0.0	0.0	0.0	0.0	0.0	0.0	0.0	0.0	0.0	0.0	0.0	0.0	0.0	0.0	29.686985910586607	-0.9130140894134017	0.11921947507430124	-0.45799067209240674	26.527626880043027	-0.2235523691515239	0.04367530245063032	-0.23328316850375172	0.0018316929817194997
215.0	215.4202	2600.0	2598.510438070926	0.030848884863951067	-0.011704854354086051	28.249417866796417	-43.09692814295296	-10.20575234756325	19.132449107661024	48.24472204496448	41.03562106399657	-16.660744288012207	19.13244910766052	48.2447220449623	0.0	0.0	0.0	-6.2834495326477	-6.394187732364409	0.11882311096661137	3.141515526961545	1.6179278849309164	-0.07211051212080867	1.1363110733124837	0.0	0.0	0.0	0.0	0.0	0.0	0.0	0.0	0.0	0.0	0.0	0.0	0.0	0.0	0.0	0.0	0.0	0.0	0.0	0.0	0.0	0.0	0.0	0.0	0.0	0.0	0.0	0.0	0.0	0.0	0.0	0.0	0.0	0.0	0.0	0.0	0.0	0.0	0.0	0.0	0.0	0.0	0.0	0.0	0.0	0.0	0.0	0.0	27731.925926596472	2193.3726358079393	39.329425943769515	27818.5575816125	-27688.1925476854	-2356.4880183941996	-1276.807341690334	27817.607361639344	0.0	0.0	0.0	0.0	0.0	0.0	0.0	0.0	0.0	0.0	0.0	0.0	0.0	0.0	0.0	0.0	0.0	0.0	0.0	0.0	0.0	0.0	0.0	0.0	0.0	0.0	0.0	0.0	27743.131567525324	1640.2179267583915	1203.168860156845	27817.607361639344	0.0	0.0	0.0	0.0	0.0	0.0	0.0	0.0	0.0	0.0	0.0	0.0	0.0	0.0	0.0	0.0	0.0	0.0	0.0	0.0	0.0	0.0	0.0	0.0	0.0	0.0	0.0	0.0	0.0	0.0	0.0	0.0	0.0	0.0	0.0	0.0	0.0	0.0	0.0	0.0	0.0	0.0	0.0	0.0	0.0	0.0	0.0	0.0	0.0	0.0	0.0	0.0	0.0	0.0	0.0	0.0	0.0	0.0	0.0	0.0	0.0	0.0	0.0	0.0	0.0	0.0	0.0	0.0	0.0	0.0	0.0	0.0	0.0	0.0	0.0	0.0	0.0	0.0	0.0	0.0	0.0	0.0	0.0	0.0	0.0	0.0	0.0	0.0	0.0	0.0	0.0	0.0	0.0	0.0	0.0	0.0	0.0	0.0	0.0	0.0	29.689078871733134	-0.9109211282668603	0.11929453659938191	-0.45498476637216395	26.54815050317766	-0.22351537042410516	0.04369006163532681	-0.23422344840483186	0.0018350575281332099
216.0	216.4202	2600.0	2598.466803297223	0.031384105564460696	-0.0107842375309278	28.249304990249733	-44.33782902387065	-11.363312467256037	20.054399699256596	49.971460855932804	42.42440446367253	-17.1795767899348	20.054399699256084	49.97146085593322	-6.93215169185965e-15	0.0	-6.93215169185965e-15	-6.290431797110358	-6.39998986291626	0.11740782343004226	3.1010118573081855	1.611772070594559	-0.07070353647901956	1.1295114728070164	0.0	0.0	0.0	0.0	0.0	0.0	0.0	0.0	0.0	0.0	0.0	0.0	0.0	0.0	0.0	0.0	0.0	0.0	0.0	0.0	0.0	0.0	0.0	0.0	0.0	0.0	0.0	0.0	0.0	0.0	0.0	0.0	0.0	0.0	0.0	0.0	0.0	0.0	0.0	0.0	0.0	0.0	0.0	0.0	0.0	0.0	0.0	0.0	27782.276051351208	2335.7458016480523	40.38738827637315	27880.319262600467	-27735.456685132704	-2497.4380574110824	-1328.3060996852312	27879.331976895315	0.0	0.0	0.0	0.0	0.0	0.0	0.0	0.0	0.0	0.0	0.0	0.0	0.0	0.0	0.0	0.0	0.0	0.0	0.0	0.0	0.0	0.0	0.0	0.0	0.0	0.0	0.0	0.0	27794.15122327056	1784.5324657794786	1248.0998095041978	27879.331976895315	0.0	0.0	0.0	0.0	0.0	0.0	0.0	0.0	0.0	0.0	0.0	0.0	0.0	0.0	0.0	0.0	0.0	0.0	0.0	0.0	0.0	0.0	0.0	0.0	0.0	0.0	0.0	0.0	0.0	0.0	0.0	0.0	0.0	0.0	0.0	0.0	0.0	0.0	0.0	0.0	0.0	0.0	0.0	0.0	0.0	0.0	0.0	0.0	0.0	0.0	0.0	0.0	0.0	0.0	0.0	0.0	0.0	0.0	0.0	0.0	0.0	0.0	0.0	0.0	0.0	0.0	0.0	0.0	0.0	0.0	0.0	0.0	0.0	0.0	0.0	0.0	0.0	0.0	0.0	0.0	0.0	0.0	0.0	0.0	0.0	0.0	0.0	0.0	0.0	0.0	0.0	0.0	0.0	0.0	0.0	0.0	0.0	0.0	0.0	0.0	29.691202173129764	-0.9087978268702346	0.11935686781352609	-0.45195712823341117	26.569114404684328	-0.22347305525066608	0.04369935990170124	-0.23516030098074847	0.00189693187632716
217.0	217.4201	2600.0	2598.4895444763	0.031843945016470844	-0.009857260899760615	28.249195454713675	-43.6653716403871	-10.262664877223871	15.901835089348879	47.59049621599016	40.91525338081192	-18.382845581119906	15.901835089348324	47.59049621599012	0.0	0.0	0.0	-6.295453264317251	-6.403871177981081	0.11602671387588247	3.0595462963429028	1.6055924045577277	-0.06930340301912673	1.1227384079865872	0.0	0.0	0.0	0.0	0.0	0.0	0.0	0.0	0.0	0.0	0.0	0.0	0.0	0.0	0.0	0.0	0.0	0.0	0.0	0.0	0.0	0.0	0.0	0.0	0.0	0.0	0.0	0.0	0.0	0.0	0.0	0.0	0.0	0.0	0.0	0.0	0.0	0.0	0.0	0.0	0.0	0.0	0.0	0.0	0.0	0.0	0.0	0.0	27831.01791178765	2484.001141069509	41.318457009782634	27941.680817194396	-27782.027429419024	-2645.7765872313994	-1355.7480141536878	27940.63768986696	0.0	0.0	0.0	0.0	0.0	0.0	0.0	0.0	0.0	0.0	0.0	0.0	0.0	0.0	0.0	0.0	0.0	0.0	0.0	0.0	0.0	0.0	0.0	0.0	0.0	0.0	0.0	0.0	27844.664996607942	1934.8960908536849	1268.8746434105647	27940.63768986696	0.0	0.0	0.0	0.0	0.0	0.0	0.0	0.0	0.0	0.0	0.0	0.0	0.0	0.0	0.0	0.0	0.0	0.0	0.0	0.0	0.0	0.0	0.0	0.0	0.0	0.0	0.0	0.0	0.0	0.0	0.0	0.0	0.0	0.0	0.0	0.0	0.0	0.0	0.0	0.0	0.0	0.0	0.0	0.0	0.0	0.0	0.0	0.0	0.0	0.0	0.0	0.0	0.0	0.0	0.0	0.0	0.0	0.0	0.0	0.0	0.0	0.0	0.0	0.0	0.0	0.0	0.0	0.0	0.0	0.0	0.0	0.0	0.0	0.0	0.0	0.0	0.0	0.0	0.0	0.0	0.0	0.0	0.0	0.0	0.0	0.0	0.0	0.0	0.0	0.0	0.0	0.0	0.0	0.0	0.0	0.0	0.0	0.0	0.0	0.0	29.69334503181966	-0.906654968180341	0.11940644257365138	-0.44894010980047383	26.590606842190216	-0.22342460634784383	0.04370648321586157	-0.23607300076964038	0.0019457605549169502
218.0	218.4201	2600.0	2598.4788819654223	0.032237465478865045	-0.00890089522481113	28.249087916513687	-43.46627581166922	-11.794410882172086	18.25736381590086	48.597907305765396	41.38408296677152	-17.770282439862054	18.25736381590032	48.59790730576003	0.0	0.0	0.0	-6.298547758175369	-6.405787405009798	0.11460089306187587	3.017104351475301	1.5998504933162514	-0.06791420974691147	1.1164671202798822	0.0	0.0	0.0	0.0	0.0	0.0	0.0	0.0	0.0	0.0	0.0	0.0	0.0	0.0	0.0	0.0	0.0	0.0	0.0	0.0	0.0	0.0	0.0	0.0	0.0	0.0	0.0	0.0	0.0	0.0	0.0	0.0	0.0	0.0	0.0	0.0	0.0	0.0	0.0	0.0	0.0	0.0	0.0	0.0	0.0	0.0	0.0	0.0	27862.803587933002	2499.04529964718	40.86546002225476	27974.680001301957	-27812.36247499396	-2661.352507192182	-1383.306759452963	27973.62760170262	0.0	0.0	0.0	0.0	0.0	0.0	0.0	0.0	0.0	0.0	0.0	0.0	0.0	0.0	0.0	0.0	0.0	0.0	0.0	0.0	0.0	0.0	0.0	0.0	0.0	0.0	0.0	0.0	27875.217843689716	1952.9395248448377	1296.957431020774	27973.62760170262	0.0	0.0	0.0	0.0	0.0	0.0	0.0	0.0	0.0	0.0	0.0	0.0	0.0	0.0	0.0	0.0	0.0	0.0	0.0	0.0	0.0	0.0	0.0	0.0	0.0	0.0	0.0	0.0	0.0	0.0	0.0	0.0	0.0	0.0	0.0	0.0	0.0	0.0	0.0	0.0	0.0	0.0	0.0	0.0	0.0	0.0	0.0	0.0	0.0	0.0	0.0	0.0	0.0	0.0	0.0	0.0	0.0	0.0	0.0	0.0	0.0	0.0	0.0	0.0	0.0	0.0	0.0	0.0	0.0	0.0	0.0	0.0	0.0	0.0	0.0	0.0	0.0	0.0	0.0	0.0	0.0	0.0	0.0	0.0	0.0	0.0	0.0	0.0	0.0	0.0	0.0	0.0	0.0	0.0	0.0	0.0	0.0	0.0	0.0	0.0	29.6955291110405	-0.9044708889595015	0.11944596327344197	-0.446142181060617	26.61260636234726	-0.22337175233997547	0.043712549759676485	-0.23673047942545514	0.00199698487403988
219.0	219.4201	2600.0	2598.503245620065	0.03258286093980203	-0.007884428293373536	28.248980242406123	-43.588580801722856	-14.120753734587197	66.32898234660392	80.61571783143332	42.63936504402774	-16.770349161044578	66.32898234660341	80.61571783143302	-1.6709686212245934e-15	0.0	-1.6709686212245934e-15	-6.299713270417252	-6.406030417006447	0.11342369641575178	2.973676391572793	1.5950561716232854	-0.0665307208614236	1.111211616194557	0.0	0.0	0.0	0.0	0.0	0.0	0.0	0.0	0.0	0.0	0.0	0.0	0.0	0.0	0.0	0.0	0.0	0.0	0.0	0.0	0.0	0.0	0.0	0.0	0.0	0.0	0.0	0.0	0.0	0.0	0.0	0.0	0.0	0.0	0.0	0.0	0.0	0.0	0.0	0.0	0.0	0.0	0.0	0.0	0.0	0.0	0.0	0.0	27891.516722452525	2499.0374660217485	81.73175375836705	28003.367179948233	-27838.096939884697	-2659.188807590739	-1449.6212305779825	28002.362901387027	0.0	0.0	0.0	0.0	0.0	0.0	0.0	0.0	0.0	0.0	0.0	0.0	0.0	0.0	0.0	0.0	0.0	0.0	0.0	0.0	0.0	0.0	0.0	0.0	0.0	0.0	0.0	0.0	27900.679427528074	1954.894405085459	1364.845562052259	28002.362901387027	0.0	0.0	0.0	0.0	0.0	0.0	0.0	0.0	0.0	0.0	0.0	0.0	0.0	0.0	0.0	0.0	0.0	0.0	0.0	0.0	0.0	0.0	0.0	0.0	0.0	0.0	0.0	0.0	0.0	0.0	0.0	0.0	0.0	0.0	0.0	0.0	0.0	0.0	0.0	0.0	0.0	0.0	0.0	0.0	0.0	0.0	0.0	0.0	0.0	0.0	0.0	0.0	0.0	0.0	0.0	0.0	0.0	0.0	0.0	0.0	0.0	0.0	0.0	0.0	0.0	0.0	0.0	0.0	0.0	0.0	0.0	0.0	0.0	0.0	0.0	0.0	0.0	0.0	0.0	0.0	0.0	0.0	0.0	0.0	0.0	0.0	0.0	0.0	0.0	0.0	0.0	0.0	0.0	0.0	0.0	0.0	0.0	0.0	0.0	0.0	29.697783733788828	-0.9022162662111732	0.11949150342856069	-0.4437885349487327	26.63510630436728	-0.2233188442683607	0.04372373483717316	-0.2368747162202543	0.0019868291571737
220.0	220.42	2600.0	2598.4777869481786	0.03288669639347627	-0.00681824743956514	28.24887303970543	-43.313376490100374	-15.805745485122317	68.2223958444037	82.34176017103448	43.22320119442156	-16.050702533531865	68.22239584440321	82.34176017103243	0.0	0.0	0.0	-6.29886969189046	-6.404195241236507	0.11217072885019869	2.9292887369136347	1.5911126493785799	-0.06514298057153253	1.1068778375843806	0.0	0.0	0.0	0.0	0.0	0.0	0.0	0.0	0.0	0.0	0.0	0.0	0.0	0.0	0.0	0.0	0.0	0.0	0.0	0.0	0.0	0.0	0.0	0.0	0.0	0.0	0.0	0.0	0.0	0.0	0.0	0.0	0.0	0.0	0.0	0.0	0.0	0.0	0.0	0.0	0.0	0.0	0.0	0.0	0.0	0.0	0.0	0.0	27921.250481828658	2498.0392522606176	80.77200222390655	28032.890551835615	-27866.49407494433	-2658.3954832661016	-1474.2222691234983	28031.801402570207	0.0	0.0	0.0	0.0	0.0	0.0	0.0	0.0	0.0	0.0	0.0	0.0	0.0	0.0	0.0	0.0	0.0	0.0	0.0	0.0	0.0	0.0	0.0	0.0	0.0	0.0	0.0	0.0	27928.89309234062	1955.4760790899215	1391.0189840014857	28031.801402570207	0.0	0.0	0.0	0.0	0.0	0.0	0.0	0.0	0.0	0.0	0.0	0.0	0.0	0.0	0.0	0.0	0.0	0.0	0.0	0.0	0.0	0.0	0.0	0.0	0.0	0.0	0.0	0.0	0.0	0.0	0.0	0.0	0.0	0.0	0.0	0.0	0.0	0.0	0.0	0.0	0.0	0.0	0.0	0.0	0.0	0.0	0.0	0.0	0.0	0.0	0.0	0.0	0.0	0.0	0.0	0.0	0.0	0.0	0.0	0.0	0.0	0.0	0.0	0.0	0.0	0.0	0.0	0.0	0.0	0.0	0.0	0.0	0.0	0.0	0.0	0.0	0.0	0.0	0.0	0.0	0.0	0.0	0.0	0.0	0.0	0.0	0.0	0.0	0.0	0.0	0.0	0.0	0.0	0.0	0.0	0.0	0.0	0.0	0.0	0.0	29.700096972763397	-0.8999030272365973	0.11955041989675312	-0.44183776032300015	26.658133937446404	-0.2232659872758778	0.04373257563157601	-0.23655872094229238	0.00200786280627134
221.0	221.42	2600.0	2598.48245805982	0.033146449372532694	-0.00571651149796921	28.248767476954903	-43.53415279766887	-16.867822308875475	71.38884701544184	85.30013697203971	43.80469300827462	-16.152236987658394	71.38884701544134	85.30013697203981	0.0	0.0	0.0	-6.29619406587219	-6.400349851925727	0.1107340531486233	2.883956891148452	1.5878514927004166	-0.06375633667206967	1.1032944752606475	0.0	0.0	0.0	0.0	0.0	0.0	0.0	0.0	0.0	0.0	0.0	0.0	0.0	0.0	0.0	0.0	0.0	0.0	0.0	0.0	0.0	0.0	0.0	0.0	0.0	0.0	0.0	0.0	0.0	0.0	0.0	0.0	0.0	0.0	0.0	0.0	0.0	0.0	0.0	0.0	0.0	0.0	0.0	0.0	0.0	0.0	0.0	0.0	27951.037199126502	2500.410641134869	80.7060582931961	28062.769773297485	-27895.053489284917	-2660.9998841577067	-1498.4500138873418	28061.72271970616	0.0	0.0	0.0	0.0	0.0	0.0	0.0	0.0	0.0	0.0	0.0	0.0	0.0	0.0	0.0	0.0	0.0	0.0	0.0	0.0	0.0	0.0	0.0	0.0	0.0	0.0	0.0	0.0	27957.390761881914	1959.0352869431563	1416.6031658949241	28061.72271970616	0.0	0.0	0.0	0.0	0.0	0.0	0.0	0.0	0.0	0.0	0.0	0.0	0.0	0.0	0.0	0.0	0.0	0.0	0.0	0.0	0.0	0.0	0.0	0.0	0.0	0.0	0.0	0.0	0.0	0.0	0.0	0.0	0.0	0.0	0.0	0.0	0.0	0.0	0.0	0.0	0.0	0.0	0.0	0.0	0.0	0.0	0.0	0.0	0.0	0.0	0.0	0.0	0.0	0.0	0.0	0.0	0.0	0.0	0.0	0.0	0.0	0.0	0.0	0.0	0.0	0.0	0.0	0.0	0.0	0.0	0.0	0.0	0.0	0.0	0.0	0.0	0.0	0.0	0.0	0.0	0.0	0.0	0.0	0.0	0.0	0.0	0.0	0.0	0.0	0.0	0.0	0.0	0.0	0.0	0.0	0.0	0.0	0.0	0.0	0.0	29.702453088845655	-0.8975469111543467	0.11961630916057937	-0.44021519386944175	26.681606830381742	-0.2232130912204786	0.04374353008108398	-0.23587291389849804	0.0020689351577259196
222.0	222.4201	2600.0	2598.49284270143	0.033354029302444604	-0.00459897297635361	28.24866523711923	-42.65772929323337	-12.887334731243755	57.840133529896086	73.01538407545434	40.184045931884604	-19.261560618862855	57.8401335298955	73.01538407545414	0.0	0.0	0.0	-6.291507228218218	-6.3946032053229525	0.10940275640372374	2.8377042527423906	1.5851585896661402	-0.06236721766921584	1.100340741288334	0.0	0.0	0.0	0.0	0.0	0.0	0.0	0.0	0.0	0.0	0.0	0.0	0.0	0.0	0.0	0.0	0.0	0.0	0.0	0.0	0.0	0.0	0.0	0.0	0.0	0.0	0.0	0.0	0.0	0.0	0.0	0.0	0.0	0.0	0.0	0.0	0.0	0.0	0.0	0.0	0.0	0.0	0.0	0.0	0.0	0.0	0.0	0.0	27977.229738768656	2501.2551465519623	78.52272788708267	28088.92712409623	-27920.110295706756	-2662.3177093655754	-1518.2804455426285	28087.82067055664	0.0	0.0	0.0	0.0	0.0	0.0	0.0	0.0	0.0	0.0	0.0	0.0	0.0	0.0	0.0	0.0	0.0	0.0	0.0	0.0	0.0	0.0	0.0	0.0	0.0	0.0	0.0	0.0	27982.369840151747	1960.852752553641	1437.9515406013556	28087.82067055664	0.0	0.0	0.0	0.0	0.0	0.0	0.0	0.0	0.0	0.0	0.0	0.0	0.0	0.0	0.0	0.0	0.0	0.0	0.0	0.0	0.0	0.0	0.0	0.0	0.0	0.0	0.0	0.0	0.0	0.0	0.0	0.0	0.0	0.0	0.0	0.0	0.0	0.0	0.0	0.0	0.0	0.0	0.0	0.0	0.0	0.0	0.0	0.0	0.0	0.0	0.0	0.0	0.0	0.0	0.0	0.0	0.0	0.0	0.0	0.0	0.0	0.0	0.0	0.0	0.0	0.0	0.0	0.0	0.0	0.0	0.0	0.0	0.0	0.0	0.0	0.0	0.0	0.0	0.0	0.0	0.0	0.0	0.0	0.0	0.0	0.0	0.0	0.0	0.0	0.0	0.0	0.0	0.0	0.0	0.0	0.0	0.0	0.0	0.0	0.0	29.704830715019593	-0.8951692849804154	0.11968461795195702	-0.43886819737064725	26.70559470782689	-0.2231601926412845	0.043758140073693226	-0.234890985663293	0.0021038586292405205
223.0	223.4201	2600.0	2598.5195857486883	0.03350896456993289	-0.0034675645194797706	28.24856669473062	-42.572156643096605	-13.41419351174409	60.41636839490741	75.11635427018565	40.1417331369994	-19.518462274798363	60.41636839490683	75.11635427018471	0.0	0.0	0.0	-6.284937303900208	-6.386900830594989	0.10799513443248092	2.7905468206504085	1.5829088449249875	-0.06097868585653761	1.097903271108597	0.0	0.0	0.0	0.0	0.0	0.0	0.0	0.0	0.0	0.0	0.0	0.0	0.0	0.0	0.0	0.0	0.0	0.0	0.0	0.0	0.0	0.0	0.0	0.0	0.0	0.0	0.0	0.0	0.0	0.0	0.0	0.0	0.0	0.0	0.0	0.0	0.0	0.0	0.0	0.0	0.0	0.0	0.0	0.0	0.0	0.0	0.0	0.0	28006.381112126688	2502.951250453152	77.90560346352149	28118.111907503353	-27947.88623072239	-2664.25091350796	-1543.7245020366881	28116.99953824587	0.0	0.0	0.0	0.0	0.0	0.0	0.0	0.0	0.0	0.0	0.0	0.0	0.0	0.0	0.0	0.0	0.0	0.0	0.0	0.0	0.0	0.0	0.0	0.0	0.0	0.0	0.0	0.0	28010.09741967532	1963.212675972563	1464.8896077578065	28116.99953824587	0.0	0.0	0.0	0.0	0.0	0.0	0.0	0.0	0.0	0.0	0.0	0.0	0.0	0.0	0.0	0.0	0.0	0.0	0.0	0.0	0.0	0.0	0.0	0.0	0.0	0.0	0.0	0.0	0.0	0.0	0.0	0.0	0.0	0.0	0.0	0.0	0.0	0.0	0.0	0.0	0.0	0.0	0.0	0.0	0.0	0.0	0.0	0.0	0.0	0.0	0.0	0.0	0.0	0.0	0.0	0.0	0.0	0.0	0.0	0.0	0.0	0.0	0.0	0.0	0.0	0.0	0.0	0.0	0.0	0.0	0.0	0.0	0.0	0.0	0.0	0.0	0.0	0.0	0.0	0.0	0.0	0.0	0.0	0.0	0.0	0.0	0.0	0.0	0.0	0.0	0.0	0.0	0.0	0.0	0.0	0.0	0.0	0.0	0.0	0.0	29.70722641249927	-0.8927735875007308	0.11974987766934847	-0.4377475370191665	26.730037154619286	-0.2231072798053177	0.043773658170717135	-0.23366548584512617	0.0021530286078949297
224.0	224.4201	2600.0	2598.5264169960024	0.03361416897823833	-0.00232294039761873	28.248471986014195	-42.582082693427765	-16.696026899378918	64.91262828151729	79.40806250721106	42.09905718506342	-17.87905100567878	64.91262828151672	79.40806250721184	0.0	0.0	0.0	-6.276421988530736	-6.377294517840909	0.10662617432408598	2.742504255430968	1.580999779846967	-0.059589632314702025	1.0958909458862278	0.0	0.0	0.0	0.0	0.0	0.0	0.0	0.0	0.0	0.0	0.0	0.0	0.0	0.0	0.0	0.0	0.0	0.0	0.0	0.0	0.0	0.0	0.0	0.0	0.0	0.0	0.0	0.0	0.0	0.0	0.0	0.0	0.0	0.0	0.0	0.0	0.0	0.0	0.0	0.0	0.0	0.0	0.0	0.0	0.0	0.0	0.0	0.0	28034.86071198962	2504.3047790971136	78.43793310943092	28146.600328931698	-27975.004080353636	-2665.85428914927	-1569.0019810119736	28145.504074420096	0.0	0.0	0.0	0.0	0.0	0.0	0.0	0.0	0.0	0.0	0.0	0.0	0.0	0.0	0.0	0.0	0.0	0.0	0.0	0.0	0.0	0.0	0.0	0.0	0.0	0.0	0.0	0.0	28037.16811040376	1965.0231500446478	1491.7399143099253	28145.504074420096	0.0	0.0	0.0	0.0	0.0	0.0	0.0	0.0	0.0	0.0	0.0	0.0	0.0	0.0	0.0	0.0	0.0	0.0	0.0	0.0	0.0	0.0	0.0	0.0	0.0	0.0	0.0	0.0	0.0	0.0	0.0	0.0	0.0	0.0	0.0	0.0	0.0	0.0	0.0	0.0	0.0	0.0	0.0	0.0	0.0	0.0	0.0	0.0	0.0	0.0	0.0	0.0	0.0	0.0	0.0	0.0	0.0	0.0	0.0	0.0	0.0	0.0	0.0	0.0	0.0	0.0	0.0	0.0	0.0	0.0	0.0	0.0	0.0	0.0	0.0	0.0	0.0	0.0	0.0	0.0	0.0	0.0	0.0	0.0	0.0	0.0	0.0	0.0	0.0	0.0	0.0	0.0	0.0	0.0	0.0	0.0	0.0	0.0	0.0	0.0	29.709638019429796	-0.8903619805702013	0.11980904641311196	-0.4368134699742047	26.754954041718907	-0.22305437825444818	0.04379079852397576	-0.23223812397271726	0.002190422315141399
225.0	225.4201	2600.0	2598.5605233881574	0.033670434199241935	-0.00116621674674198	28.24838135844908	-41.86557618826009	-18.229944232774866	64.11846798128465	78.7161690669212	42.370257379894596	-17.0240602051017	64.11846798128411	78.71616906692299	1.7373224362687961e-15	0.0	1.7373224362687961e-15	-6.2659376836262854	-6.365709245974231	0.10524521964824077	2.6935953455341273	1.5793419371665747	-0.05819986334410044	1.0942223318342776	0.0	0.0	0.0	0.0	0.0	0.0	0.0	0.0	0.0	0.0	0.0	0.0	0.0	0.0	0.0	0.0	0.0	0.0	0.0	0.0	0.0	0.0	0.0	0.0	0.0	0.0	0.0	0.0	0.0	0.0	0.0	0.0	0.0	0.0	0.0	0.0	0.0	0.0	0.0	0.0	0.0	0.0	0.0	0.0	0.0	0.0	0.0	0.0	28066.46794429396	2506.5281481290485	73.64233890063635	28178.26696976807	-28006.03686138663	-2669.173818561336	-1577.46338746984	28177.13577164734	0.0	0.0	0.0	0.0	0.0	0.0	0.0	0.0	0.0	0.0	0.0	0.0	0.0	0.0	0.0	0.0	0.0	0.0	0.0	0.0	0.0	0.0	0.0	0.0	0.0	0.0	0.0	0.0	28068.21691422948	1967.4614901857828	1501.7572487744785	28177.13577164734	0.0	0.0	0.0	0.0	0.0	0.0	0.0	0.0	0.0	0.0	0.0	0.0	0.0	0.0	0.0	0.0	0.0	0.0	0.0	0.0	0.0	0.0	0.0	0.0	0.0	0.0	0.0	0.0	0.0	0.0	0.0	0.0	0.0	0.0	0.0	0.0	0.0	0.0	0.0	0.0	0.0	0.0	0.0	0.0	0.0	0.0	0.0	0.0	0.0	0.0	0.0	0.0	0.0	0.0	0.0	0.0	0.0	0.0	0.0	0.0	0.0	0.0	0.0	0.0	0.0	0.0	0.0	0.0	0.0	0.0	0.0	0.0	0.0	0.0	0.0	0.0	0.0	0.0	0.0	0.0	0.0	0.0	0.0	0.0	0.0	0.0	0.0	0.0	0.0	0.0	0.0	0.0	0.0	0.0	0.0	0.0	0.0	0.0	0.0	0.0	29.7120628970836	-0.8879371029163963	0.119858182909221	-0.4360305233048063	26.780349102906108	-0.22300147484461777	0.043809466064809024	-0.23064689729793306	0.0022272805020586007
226.0	226.4201	2600.0	2598.491486892746	0.03367898651701516	-1.0719881588643106e-06	28.24829514968655	-43.155532423021214	-18.70440856582718	73.27985458965773	87.07578289738886	43.29965130222809	-18.36831716890447	73.27985458965716	87.07578289738944	-1.3590187445864125e-14	0.0	-1.3590187445864125e-14	-6.253763332382634	-6.352247755539074	0.10367704166182157	2.6438377730656546	1.5778447898701728	-0.056811232564468434	1.0928073987950333	0.0	0.0	0.0	0.0	0.0	0.0	0.0	0.0	0.0	0.0	0.0	0.0	0.0	0.0	0.0	0.0	0.0	0.0	0.0	0.0	0.0	0.0	0.0	0.0	0.0	0.0	0.0	0.0	0.0	0.0	0.0	0.0	0.0	0.0	0.0	0.0	0.0	0.0	0.0	0.0	0.0	0.0	0.0	0.0	0.0	0.0	0.0	0.0	28094.78470762802	2507.5799552088056	85.7127450281141	28206.5990802577	-28031.32729462647	-2669.525029916045	-1632.6531282295477	28205.446814772098	0.0	0.0	0.0	0.0	0.0	0.0	0.0	0.0	0.0	0.0	0.0	0.0	0.0	0.0	0.0	0.0	0.0	0.0	0.0	0.0	0.0	0.0	0.0	0.0	0.0	0.0	0.0	0.0	28093.428348736856	1969.134554426694	1558.5322396049185	28205.446814772098	0.0	0.0	0.0	0.0	0.0	0.0	0.0	0.0	0.0	0.0	0.0	0.0	0.0	0.0	0.0	0.0	0.0	0.0	0.0	0.0	0.0	0.0	0.0	0.0	0.0	0.0	0.0	0.0	0.0	0.0	0.0	0.0	0.0	0.0	0.0	0.0	0.0	0.0	0.0	0.0	0.0	0.0	0.0	0.0	0.0	0.0	0.0	0.0	0.0	0.0	0.0	0.0	0.0	0.0	0.0	0.0	0.0	0.0	0.0	0.0	0.0	0.0	0.0	0.0	0.0	0.0	0.0	0.0	0.0	0.0	0.0	0.0	0.0	0.0	0.0	0.0	0.0	0.0	0.0	0.0	0.0	0.0	0.0	0.0	0.0	0.0	0.0	0.0	0.0	0.0	0.0	0.0	0.0	0.0	0.0	0.0	0.0	0.0	0.0	0.0	29.714495812075338	-0.8855041879246597	0.11989770507147128	-0.4353593935669245	26.806098035025155	-0.22294857370247492	0.04382773156867224	-0.22893632266471528	0.00230298116714318
227.0	227.4202	2600.0	2598.4539021359246	0.03364335501997258	0.0011554743552409802	28.248214187441935	-57.86501815447628	-24.658680160500808	64.06221001160148	89.77960561756929	57.30950492977172	-25.92356993124485	64.06221001160068	89.7796056175683	-3.1172512811712376e-15	0.0	-3.1172512811712376e-15	-6.239432322815226	-6.336857365029333	0.1023361406000272	2.5932620465243925	1.5764800580131049	-0.055411644288733554	1.0915894084274123	0.0	0.0	0.0	0.0	0.0	0.0	0.0	0.0	0.0	0.0	0.0	0.0	0.0	0.0	0.0	0.0	0.0	0.0	0.0	0.0	0.0	0.0	0.0	0.0	0.0	0.0	0.0	0.0	0.0	0.0	0.0	0.0	0.0	0.0	0.0	0.0	0.0	0.0	0.0	0.0	0.0	0.0	0.0	0.0	0.0	0.0	0.0	0.0	28121.15231805228	2509.6413247695245	84.64684851671883	28233.042208785297	-28057.55759909712	-2671.9244921780764	-1651.5536361260345	28232.84166235406	0.0	0.0	0.0	0.0	0.0	0.0	0.0	0.0	0.0	0.0	0.0	0.0	0.0	0.0	0.0	0.0	0.0	0.0	0.0	0.0	0.0	0.0	0.0	0.0	0.0	0.0	0.0	0.0	28119.653095738206	1971.0014008942867	1579.1173435083597	28232.84166235406	0.0	0.0	0.0	0.0	0.0	0.0	0.0	0.0	0.0	0.0	0.0	0.0	0.0	0.0	0.0	0.0	0.0	0.0	0.0	0.0	0.0	0.0	0.0	0.0	0.0	0.0	0.0	0.0	0.0	0.0	0.0	0.0	0.0	0.0	0.0	0.0	0.0	0.0	0.0	0.0	0.0	0.0	0.0	0.0	0.0	0.0	0.0	0.0	0.0	0.0	0.0	0.0	0.0	0.0	0.0	0.0	0.0	0.0	0.0	0.0	0.0	0.0	0.0	0.0	0.0	0.0	0.0	0.0	0.0	0.0	0.0	0.0	0.0	0.0	0.0	0.0	0.0	0.0	0.0	0.0	0.0	0.0	0.0	0.0	0.0	0.0	0.0	0.0	0.0	0.0	0.0	0.0	0.0	0.0	0.0	0.0	0.0	0.0	0.0	0.0	29.7169180641263	-0.883081935873701	0.11994625562603456	-0.43477455848107494	26.832391247132385	-0.22289566900964142	0.04384927312032281	-0.22715032049473777	0.00232358628409535
228.0	228.4202	2600.0	2598.491028991834	0.033566688868623205	0.0023047815490996504	28.24813838891327	-42.551883595087915	-16.96701989973734	65.87462948275079	80.23720690089915	40.9319680499484	-20.569797114363606	65.87462948275012	80.23720690089912	6.008794188369062e-15	0.0	6.008794188369062e-15	-6.223125166019156	-6.319518165662836	0.10102267929609239	2.541883471907507	1.5752591514968395	-0.054000338163226635	1.0905819677914967	0.0	0.0	0.0	0.0	0.0	0.0	0.0	0.0	0.0	0.0	0.0	0.0	0.0	0.0	0.0	0.0	0.0	0.0	0.0	0.0	0.0	0.0	0.0	0.0	0.0	0.0	0.0	0.0	0.0	0.0	0.0	0.0	0.0	0.0	0.0	0.0	0.0	0.0	0.0	0.0	0.0	0.0	0.0	0.0	0.0	0.0	0.0	0.0	28149.782666016497	2511.283393170111	78.96778213706179	28261.6886320579	-28084.466974466817	-2674.445308424003	-1662.7144454497914	28260.477035513326	0.0	0.0	0.0	0.0	0.0	0.0	0.0	0.0	0.0	0.0	0.0	0.0	0.0	0.0	0.0	0.0	0.0	0.0	0.0	0.0	0.0	0.0	0.0	0.0	0.0	0.0	0.0	0.0	28146.567632119386	1972.5011100450852	1592.0214119715467	28260.477035513326	0.0	0.0	0.0	0.0	0.0	0.0	0.0	0.0	0.0	0.0	0.0	0.0	0.0	0.0	0.0	0.0	0.0	0.0	0.0	0.0	0.0	0.0	0.0	0.0	0.0	0.0	0.0	0.0	0.0	0.0	0.0	0.0	0.0	0.0	0.0	0.0	0.0	0.0	0.0	0.0	0.0	0.0	0.0	0.0	0.0	0.0	0.0	0.0	0.0	0.0	0.0	0.0	0.0	0.0	0.0	0.0	0.0	0.0	0.0	0.0	0.0	0.0	0.0	0.0	0.0	0.0	0.0	0.0	0.0	0.0	0.0	0.0	0.0	0.0	0.0	0.0	0.0	0.0	0.0	0.0	0.0	0.0	0.0	0.0	0.0	0.0	0.0	0.0	0.0	0.0	0.0	0.0	0.0	0.0	0.0	0.0	0.0	0.0	0.0	0.0	29.7193294839951	-0.880670516004898	0.12000529942670464	-0.4342819186805091	26.85914614305064	-0.22284278395621498	0.043871758207822034	-0.22528324290138188	0.0023340646025736913
229.0	229.4202	2600.0	2598.4833170698753	0.03344701752220322	0.0034519681075566707	28.248067760600843	-41.93160222657207	-18.704589977849533	65.33801989718327	79.85723383395927	41.482916487120754	-19.67964916479104	65.33801989718265	79.85723383395728	-1.6046061996098026e-14	0.0	-1.6046061996098026e-14	-6.2050023219465364	-6.300251051537447	0.09959783336452539	2.4897148488416874	1.5741290119738678	-0.052582315444579156	1.0897425440419248	0.0	0.0	0.0	0.0	0.0	0.0	0.0	0.0	0.0	0.0	0.0	0.0	0.0	0.0	0.0	0.0	0.0	0.0	0.0	0.0	0.0	0.0	0.0	0.0	0.0	0.0	0.0	0.0	0.0	0.0	0.0	0.0	0.0	0.0	0.0	0.0	0.0	0.0	0.0	0.0	0.0	0.0	0.0	0.0	0.0	0.0	0.0	0.0	28177.728540200995	2513.2063714505775	78.47939368235012	28289.693369953482	-28111.136531633707	-2676.9682110419994	-1683.1657122599063	28288.428777823774	0.0	0.0	0.0	0.0	0.0	0.0	0.0	0.0	0.0	0.0	0.0	0.0	0.0	0.0	0.0	0.0	0.0	0.0	0.0	0.0	0.0	0.0	0.0	0.0	0.0	0.0	0.0	0.0	28173.24299824434	1974.326124102525	1614.1926884888146	28288.428777823774	0.0	0.0	0.0	0.0	0.0	0.0	0.0	0.0	0.0	0.0	0.0	0.0	0.0	0.0	0.0	0.0	0.0	0.0	0.0	0.0	0.0	0.0	0.0	0.0	0.0	0.0	0.0	0.0	0.0	0.0	0.0	0.0	0.0	0.0	0.0	0.0	0.0	0.0	0.0	0.0	0.0	0.0	0.0	0.0	0.0	0.0	0.0	0.0	0.0	0.0	0.0	0.0	0.0	0.0	0.0	0.0	0.0	0.0	0.0	0.0	0.0	0.0	0.0	0.0	0.0	0.0	0.0	0.0	0.0	0.0	0.0	0.0	0.0	0.0	0.0	0.0	0.0	0.0	0.0	0.0	0.0	0.0	0.0	0.0	0.0	0.0	0.0	0.0	0.0	0.0	0.0	0.0	0.0	0.0	0.0	0.0	0.0	0.0	0.0	0.0	29.721733701859268	-0.8782662981407299	0.12006796234814571	-0.4338631818061803	26.886289363609578	-0.22278991307289903	0.0438928751019008	-0.22334973879613093	0.00236591952445129
230.0	230.4203	2600.0	2598.623340808464	0.033283151029315804	0.0045987476936350516	28.248002437841006	-40.495559766872255	-21.27811436004413	59.8712188824682	75.34727176231303	42.20166744870402	-17.6541149905679	59.87121888246762	75.347271762311	1.0750965515886338e-14	0.0	1.0750965515886338e-14	-6.184991128010901	-6.279063597984976	0.09814249499751496	2.4367731343208443	1.5730494344578663	-0.051158540973824065	1.0890393714244757	0.0	0.0	0.0	0.0	0.0	0.0	0.0	0.0	0.0	0.0	0.0	0.0	0.0	0.0	0.0	0.0	0.0	0.0	0.0	0.0	0.0	0.0	0.0	0.0	0.0	0.0	0.0	0.0	0.0	0.0	0.0	0.0	0.0	0.0	0.0	0.0	0.0	0.0	0.0	0.0	0.0	0.0	0.0	0.0	0.0	0.0	0.0	0.0	28206.247501666334	2515.304026646861	78.60558739195066	28318.286164775116	-28138.485402610553	-2679.6430303515212	-1704.7045658729648	28317.14789981411	0.0	0.0	0.0	0.0	0.0	0.0	0.0	0.0	0.0	0.0	0.0	0.0	0.0	0.0	0.0	0.0	0.0	0.0	0.0	0.0	0.0	0.0	0.0	0.0	0.0	0.0	0.0	0.0	28200.60294254875	1976.2459056525774	1637.4709087638532	28317.14789981411	0.0	0.0	0.0	0.0	0.0	0.0	0.0	0.0	0.0	0.0	0.0	0.0	0.0	0.0	0.0	0.0	0.0	0.0	0.0	0.0	0.0	0.0	0.0	0.0	0.0	0.0	0.0	0.0	0.0	0.0	0.0	0.0	0.0	0.0	0.0	0.0	0.0	0.0	0.0	0.0	0.0	0.0	0.0	0.0	0.0	0.0	0.0	0.0	0.0	0.0	0.0	0.0	0.0	0.0	0.0	0.0	0.0	0.0	0.0	0.0	0.0	0.0	0.0	0.0	0.0	0.0	0.0	0.0	0.0	0.0	0.0	0.0	0.0	0.0	0.0	0.0	0.0	0.0	0.0	0.0	0.0	0.0	0.0	0.0	0.0	0.0	0.0	0.0	0.0	0.0	0.0	0.0	0.0	0.0	0.0	0.0	0.0	0.0	0.0	0.0	29.724130933403746	-0.8758690665962555	0.12012881759635022	-0.43350462113513627	26.913846133479222	-0.22273705368425742	0.043912614498884575	-0.22136322879364823	0.0024011931165988406
231.0	231.4203	2600.0	2598.589078557107	0.03307061393892261	0.00574528354614274	28.24794280703639	-42.45311695881719	-23.49742749598226	70.39347693825174	85.4964200063613	44.84279264069483	-18.534297575894016	70.39347693825117	85.49642000636194	0.0	0.0	0.0	-6.163088565500089	-6.2559596196718505	0.09666413031743432	2.383073899804636	1.5719885839981866	-0.04973144462491847	1.0884458382747066	0.0	0.0	0.0	0.0	0.0	0.0	0.0	0.0	0.0	0.0	0.0	0.0	0.0	0.0	0.0	0.0	0.0	0.0	0.0	0.0	0.0	0.0	0.0	0.0	0.0	0.0	0.0	0.0	0.0	0.0	0.0	0.0	0.0	0.0	0.0	0.0	0.0	0.0	0.0	0.0	0.0	0.0	0.0	0.0	0.0	0.0	0.0	0.0	28212.24909431437	2515.617216018558	78.62751026452779	28324.29189269419	-28143.227653667527	-2680.4602477134445	-1724.3476034830512	28323.126673504226	0.0	0.0	0.0	0.0	0.0	0.0	0.0	0.0	0.0	0.0	0.0	0.0	0.0	0.0	0.0	0.0	0.0	0.0	0.0	0.0	0.0	0.0	0.0	0.0	0.0	0.0	0.0	0.0	28205.315439006696	1976.780299792914	1658.9229023216774	28323.126673504226	0.0	0.0	0.0	0.0	0.0	0.0	0.0	0.0	0.0	0.0	0.0	0.0	0.0	0.0	0.0	0.0	0.0	0.0	0.0	0.0	0.0	0.0	0.0	0.0	0.0	0.0	0.0	0.0	0.0	0.0	0.0	0.0	0.0	0.0	0.0	0.0	0.0	0.0	0.0	0.0	0.0	0.0	0.0	0.0	0.0	0.0	0.0	0.0	0.0	0.0	0.0	0.0	0.0	0.0	0.0	0.0	0.0	0.0	0.0	0.0	0.0	0.0	0.0	0.0	0.0	0.0	0.0	0.0	0.0	0.0	0.0	0.0	0.0	0.0	0.0	0.0	0.0	0.0	0.0	0.0	0.0	0.0	0.0	0.0	0.0	0.0	0.0	0.0	0.0	0.0	0.0	0.0	0.0	0.0	0.0	0.0	0.0	0.0	0.0	0.0	29.726519837376486	-0.8734801626235119	0.12018183178711964	-0.43319485005854125	26.941812510173296	-0.2226841928840574	0.04392994533801715	-0.21933637652925914	0.0024380938714642503
232.0	232.4203	2600.0	2598.5874179105303	0.03280269583145486	0.0068744908327288395	28.247890121345947	-40.65751606543744	-23.780050723253225	70.60808986250176	84.87653844875464	43.641394698284785	-17.718721562257993	70.60808986250119	84.87653844875716	0.0	0.0	0.0	-6.139298092890388	-6.230946904076937	0.0951676541386792	2.3286354758970904	1.5709358662112936	-0.04830182051090559	1.0879397187848516	0.0	0.0	0.0	0.0	0.0	0.0	0.0	0.0	0.0	0.0	0.0	0.0	0.0	0.0	0.0	0.0	0.0	0.0	0.0	0.0	0.0	0.0	0.0	0.0	0.0	0.0	0.0	0.0	0.0	0.0	0.0	0.0	0.0	0.0	0.0	0.0	0.0	0.0	0.0	0.0	0.0	0.0	0.0	0.0	0.0	0.0	0.0	0.0	28264.834466524622	2520.2397323938326	78.62840831430607	28377.079803168068	-28194.453107684807	-2685.8655648433382	-1746.227964114342	28375.876585164795	0.0	0.0	0.0	0.0	0.0	0.0	0.0	0.0	0.0	0.0	0.0	0.0	0.0	0.0	0.0	0.0	0.0	0.0	0.0	0.0	0.0	0.0	0.0	0.0	0.0	0.0	0.0	0.0	28256.618586647513	1980.6498227989357	1682.5291393243658	28375.876585164795	0.0	0.0	0.0	0.0	0.0	0.0	0.0	0.0	0.0	0.0	0.0	0.0	0.0	0.0	0.0	0.0	0.0	0.0	0.0	0.0	0.0	0.0	0.0	0.0	0.0	0.0	0.0	0.0	0.0	0.0	0.0	0.0	0.0	0.0	0.0	0.0	0.0	0.0	0.0	0.0	0.0	0.0	0.0	0.0	0.0	0.0	0.0	0.0	0.0	0.0	0.0	0.0	0.0	0.0	0.0	0.0	0.0	0.0	0.0	0.0	0.0	0.0	0.0	0.0	0.0	0.0	0.0	0.0	0.0	0.0	0.0	0.0	0.0	0.0	0.0	0.0	0.0	0.0	0.0	0.0	0.0	0.0	0.0	0.0	0.0	0.0	0.0	0.0	0.0	0.0	0.0	0.0	0.0	0.0	0.0	0.0	0.0	0.0	0.0	0.0	29.728881737318734	-0.8711182626812718	0.12022417024384731	-0.43292422505675443	26.970181869683213	-0.2226313235728662	0.04394506775632567	-0.21729749734425444	0.0024750526037693307
233.0	233.4203	2600.0	2598.627455116983	0.03247894449917756	0.007982507485385001	28.24784467875637	-40.71320556366844	-25.741380688392383	66.02683380039659	81.72959420381002	44.93369722174246	-17.353577181635046	66.02683380039602	81.72959420380914	7.699496416326835e-15	0.0	7.699496416326835e-15	-6.113615071381159	-6.204042414009948	0.09367534374683488	2.273478755187378	1.5698445717894702	-0.04686871929201272	1.087469415022248	0.0	0.0	0.0	0.0	0.0	0.0	0.0	0.0	0.0	0.0	0.0	0.0	0.0	0.0	0.0	0.0	0.0	0.0	0.0	0.0	0.0	0.0	0.0	0.0	0.0	0.0	0.0	0.0	0.0	0.0	0.0	0.0	0.0	0.0	0.0	0.0	0.0	0.0	0.0	0.0	0.0	0.0	0.0	0.0	0.0	0.0	0.0	0.0	28280.631377067843	2521.4019602289695	78.65856189670781	28392.91753413165	-28209.040566402437	-2687.667193342744	-1765.5066705124111	28391.733628342125	0.0	0.0	0.0	0.0	0.0	0.0	0.0	0.0	0.0	0.0	0.0	0.0	0.0	0.0	0.0	0.0	0.0	0.0	0.0	0.0	0.0	0.0	0.0	0.0	0.0	0.0	0.0	0.0	28271.19789948994	1981.7768815780134	1703.663153986703	28391.733628342125	0.0	0.0	0.0	0.0	0.0	0.0	0.0	0.0	0.0	0.0	0.0	0.0	0.0	0.0	0.0	0.0	0.0	0.0	0.0	0.0	0.0	0.0	0.0	0.0	0.0	0.0	0.0	0.0	0.0	0.0	0.0	0.0	0.0	0.0	0.0	0.0	0.0	0.0	0.0	0.0	0.0	0.0	0.0	0.0	0.0	0.0	0.0	0.0	0.0	0.0	0.0	0.0	0.0	0.0	0.0	0.0	0.0	0.0	0.0	0.0	0.0	0.0	0.0	0.0	0.0	0.0	0.0	0.0	0.0	0.0	0.0	0.0	0.0	0.0	0.0	0.0	0.0	0.0	0.0	0.0	0.0	0.0	0.0	0.0	0.0	0.0	0.0	0.0	0.0	0.0	0.0	0.0	0.0	0.0	0.0	0.0	0.0	0.0	0.0	0.0	29.731211250096116	-0.8687887499038888	0.12025765680643234	-0.4326701343654076	26.998950655206556	-0.22257844605587054	0.04395834263350222	-0.21527448835424062	0.00250661441104103
234.0	234.4204	2600.0	2598.6098918643374	0.03211888419190834	0.009071600373846892	28.247805370488578	-39.94293282986291	-23.688080004201762	60.72074185907307	76.44325679386372	42.50584304053155	-18.70337736212241	60.720741859072476	76.44325679386232	0.0	0.0	0.0	-6.086031137046514	-6.175263464786347	0.09221337901149604	2.2176259351674372	1.5687332902788387	-0.04542583554774313	1.0870443952731146	0.0	0.0	0.0	0.0	0.0	0.0	0.0	0.0	0.0	0.0	0.0	0.0	0.0	0.0	0.0	0.0	0.0	0.0	0.0	0.0	0.0	0.0	0.0	0.0	0.0	0.0	0.0	0.0	0.0	0.0	0.0	0.0	0.0	0.0	0.0	0.0	0.0	0.0	0.0	0.0	0.0	0.0	0.0	0.0	0.0	0.0	0.0	0.0	28321.266534941387	2524.136720587134	78.64523227972013	28433.634825677276	-28248.35689041962	-2691.2177075632876	-1785.7141085222759	28432.395161776218	0.0	0.0	0.0	0.0	0.0	0.0	0.0	0.0	0.0	0.0	0.0	0.0	0.0	0.0	0.0	0.0	0.0	0.0	0.0	0.0	0.0	0.0	0.0	0.0	0.0	0.0	0.0	0.0	28310.542003125902	1983.9603328733706	1725.7483948202917	28432.395161776218	0.0	0.0	0.0	0.0	0.0	0.0	0.0	0.0	0.0	0.0	0.0	0.0	0.0	0.0	0.0	0.0	0.0	0.0	0.0	0.0	0.0	0.0	0.0	0.0	0.0	0.0	0.0	0.0	0.0	0.0	0.0	0.0	0.0	0.0	0.0	0.0	0.0	0.0	0.0	0.0	0.0	0.0	0.0	0.0	0.0	0.0	0.0	0.0	0.0	0.0	0.0	0.0	0.0	0.0	0.0	0.0	0.0	0.0	0.0	0.0	0.0	0.0	0.0	0.0	0.0	0.0	0.0	0.0	0.0	0.0	0.0	0.0	0.0	0.0	0.0	0.0	0.0	0.0	0.0	0.0	0.0	0.0	0.0	0.0	0.0	0.0	0.0	0.0	0.0	0.0	0.0	0.0	0.0	0.0	0.0	0.0	0.0	0.0	0.0	0.0	29.73350913818269	-0.8664908618173078	0.12030446160339911	-0.4324361916944661	27.02811550430339	-0.22252558547235363	0.043970646967180886	-0.21326298080857173	0.00252690360861003
235.0	235.4204	2600.0	2598.6325087004743	0.03172367308167991	0.010146489751640321	28.247771992017842	-38.83695917892328	-23.32952443507383	54.925071992344904	71.19929523525026	41.25002691638655	-18.73529791674809	54.925071992344314	71.19929523524883	6.467295558400985e-15	0.0	6.467295558400985e-15	-6.0565851710619905	-6.14455253019302	0.09068581733970288	2.1610924293842815	1.5676094376169996	-0.0439741401548557	1.0866797585359889	0.0	0.0	0.0	0.0	0.0	0.0	0.0	0.0	0.0	0.0	0.0	0.0	0.0	0.0	0.0	0.0	0.0	0.0	0.0	0.0	0.0	0.0	0.0	0.0	0.0	0.0	0.0	0.0	0.0	0.0	0.0	0.0	0.0	0.0	0.0	0.0	0.0	0.0	0.0	0.0	0.0	0.0	0.0	0.0	0.0	0.0	0.0	0.0	28348.707578184705	2527.540890651696	75.95147224019337	28461.26232150428	-28275.447531117647	-2696.1773198043775	-1788.7713315658054	28459.97203268911	0.0	0.0	0.0	0.0	0.0	0.0	0.0	0.0	0.0	0.0	0.0	0.0	0.0	0.0	0.0	0.0	0.0	0.0	0.0	0.0	0.0	0.0	0.0	0.0	0.0	0.0	0.0	0.0	28337.713915934015	1987.1848777245	1730.6283199661912	28459.97203268911	0.0	0.0	0.0	0.0	0.0	0.0	0.0	0.0	0.0	0.0	0.0	0.0	0.0	0.0	0.0	0.0	0.0	0.0	0.0	0.0	0.0	0.0	0.0	0.0	0.0	0.0	0.0	0.0	0.0	0.0	0.0	0.0	0.0	0.0	0.0	0.0	0.0	0.0	0.0	0.0	0.0	0.0	0.0	0.0	0.0	0.0	0.0	0.0	0.0	0.0	0.0	0.0	0.0	0.0	0.0	0.0	0.0	0.0	0.0	0.0	0.0	0.0	0.0	0.0	0.0	0.0	0.0	0.0	0.0	0.0	0.0	0.0	0.0	0.0	0.0	0.0	0.0	0.0	0.0	0.0	0.0	0.0	0.0	0.0	0.0	0.0	0.0	0.0	0.0	0.0	0.0	0.0	0.0	0.0	0.0	0.0	0.0	0.0	0.0	0.0	29.735778690792344	-0.8642213092076537	0.12035974996398348	-0.43222909366903367	27.05765484840918	-0.22247276631903118	0.043982174014917386	-0.21125302148581865	0.0025581525265607305
236.0	236.4205	2600.0	2598.683618480244	0.03129026003132375	0.011207546414862542	28.247744760806253	-38.379407890211944	-23.635541291820115	49.221456463114826	66.74106336065456	40.91863525776171	-18.9019324621222	49.22145646311423	66.74106336065242	-4.972685682665777e-15	0.0	-4.972685682665777e-15	-6.025271934012394	-6.111996326374451	0.08918521766885204	2.103892531919494	1.566433643435801	-0.04251916148972127	1.0863465673761226	0.0	0.0	0.0	0.0	0.0	0.0	0.0	0.0	0.0	0.0	0.0	0.0	0.0	0.0	0.0	0.0	0.0	0.0	0.0	0.0	0.0	0.0	0.0	0.0	0.0	0.0	0.0	0.0	0.0	0.0	0.0	0.0	0.0	0.0	0.0	0.0	0.0	0.0	0.0	0.0	0.0	0.0	0.0	0.0	0.0	0.0	0.0	0.0	28367.38507231522	2528.812980802393	74.87996131398228	28479.976087445957	-28292.609321050855	-2697.791302137706	-1813.889143147212	28478.764262641937	0.0	0.0	0.0	0.0	0.0	0.0	0.0	0.0	0.0	0.0	0.0	0.0	0.0	0.0	0.0	0.0	0.0	0.0	0.0	0.0	0.0	0.0	0.0	0.0	0.0	0.0	0.0	0.0	28354.85367507795	1988.1473541094012	1757.713597375157	28478.764262641937	0.0	0.0	0.0	0.0	0.0	0.0	0.0	0.0	0.0	0.0	0.0	0.0	0.0	0.0	0.0	0.0	0.0	0.0	0.0	0.0	0.0	0.0	0.0	0.0	0.0	0.0	0.0	0.0	0.0	0.0	0.0	0.0	0.0	0.0	0.0	0.0	0.0	0.0	0.0	0.0	0.0	0.0	0.0	0.0	0.0	0.0	0.0	0.0	0.0	0.0	0.0	0.0	0.0	0.0	0.0	0.0	0.0	0.0	0.0	0.0	0.0	0.0	0.0	0.0	0.0	0.0	0.0	0.0	0.0	0.0	0.0	0.0	0.0	0.0	0.0	0.0	0.0	0.0	0.0	0.0	0.0	0.0	0.0	0.0	0.0	0.0	0.0	0.0	0.0	0.0	0.0	0.0	0.0	0.0	0.0	0.0	0.0	0.0	0.0	0.0	29.7380188624748	-0.8619811375252057	0.12041530293272028	-0.43203644364384364	27.08756630353809	-0.22241988044904779	0.04399331453967542	-0.20925808772710575	0.0025787513284096807
237.0	237.4205	2600.0	2598.6671133496625	0.03081568159718525	0.012251148470121797	28.247724042307475	-38.6068197358909	-22.136207056391868	58.33174616722212	73.3695495684706	39.441557165018814	-20.612175075948475	58.33174616722149	73.36954956846988	4.920764763276819e-15	0.0	4.920764763276819e-15	-5.992299177434588	-6.077541106749381	0.08745056474844833	2.0460422906156115	1.5652090006460124	-0.04106292409247714	1.0860489495208794	0.0	0.0	0.0	0.0	0.0	0.0	0.0	0.0	0.0	0.0	0.0	0.0	0.0	0.0	0.0	0.0	0.0	0.0	0.0	0.0	0.0	0.0	0.0	0.0	0.0	0.0	0.0	0.0	0.0	0.0	0.0	0.0	0.0	0.0	0.0	0.0	0.0	0.0	0.0	0.0	0.0	0.0	0.0	0.0	0.0	0.0	0.0	0.0	28403.71094131908	2531.552179849682	82.36108942652892	28516.42219890782	-28327.351972385906	-2701.2012992762548	-1838.630156233192	28515.187516094964	0.0	0.0	0.0	0.0	0.0	0.0	0.0	0.0	0.0	0.0	0.0	0.0	0.0	0.0	0.0	0.0	0.0	0.0	0.0	0.0	0.0	0.0	0.0	0.0	0.0	0.0	0.0	0.0	28389.622016845267	1990.3627370645709	1784.3029433415375	28515.187516094964	0.0	0.0	0.0	0.0	0.0	0.0	0.0	0.0	0.0	0.0	0.0	0.0	0.0	0.0	0.0	0.0	0.0	0.0	0.0	0.0	0.0	0.0	0.0	0.0	0.0	0.0	0.0	0.0	0.0	0.0	0.0	0.0	0.0	0.0	0.0	0.0	0.0	0.0	0.0	0.0	0.0	0.0	0.0	0.0	0.0	0.0	0.0	0.0	0.0	0.0	0.0	0.0	0.0	0.0	0.0	0.0	0.0	0.0	0.0	0.0	0.0	0.0	0.0	0.0	0.0	0.0	0.0	0.0	0.0	0.0	0.0	0.0	0.0	0.0	0.0	0.0	0.0	0.0	0.0	0.0	0.0	0.0	0.0	0.0	0.0	0.0	0.0	0.0	0.0	0.0	0.0	0.0	0.0	0.0	0.0	0.0	0.0	0.0	0.0	0.0	29.74022459571227	-0.8597754042877279	0.12046529668346778	-0.43186027228502644	27.117757316179592	-0.2223669951426729	0.04400160834479755	-0.2072812288946983	0.0026479260981665796
238.0	238.4205	2600.0	2598.7313799322183	0.030292813903561304	0.01326312924604436	28.24771082111804	-35.49285571409746	-16.342232764069188	41.97305308280811	57.345867885567685	32.50911397950222	-21.678765802600537	41.973053082807404	57.34586788556292	2.940587066793868e-14	0.0	2.940587066793868e-14	-5.957082609860596	-6.041230620433284	0.086110274948027	1.987567959606465	1.5639392098427765	-0.03959862313976748	1.0857813010735895	0.0	0.0	0.0	0.0	0.0	0.0	0.0	0.0	0.0	0.0	0.0	0.0	0.0	0.0	0.0	0.0	0.0	0.0	0.0	0.0	0.0	0.0	0.0	0.0	0.0	0.0	0.0	0.0	0.0	0.0	0.0	0.0	0.0	0.0	0.0	0.0	0.0	0.0	0.0	0.0	0.0	0.0	0.0	0.0	0.0	0.0	0.0	0.0	28428.250060556693	2532.942538298202	66.8458869570023	28540.947212390573	-28353.63008954639	-2705.323908267211	-1805.804917414894	28539.587384950624	0.0	0.0	0.0	0.0	0.0	0.0	0.0	0.0	0.0	0.0	0.0	0.0	0.0	0.0	0.0	0.0	0.0	0.0	0.0	0.0	0.0	0.0	0.0	0.0	0.0	0.0	0.0	0.0	28415.96590447458	1991.4766269708873	1753.5537240698286	28539.587384950624	0.0	0.0	0.0	0.0	0.0	0.0	0.0	0.0	0.0	0.0	0.0	0.0	0.0	0.0	0.0	0.0	0.0	0.0	0.0	0.0	0.0	0.0	0.0	0.0	0.0	0.0	0.0	0.0	0.0	0.0	0.0	0.0	0.0	0.0	0.0	0.0	0.0	0.0	0.0	0.0	0.0	0.0	0.0	0.0	0.0	0.0	0.0	0.0	0.0	0.0	0.0	0.0	0.0	0.0	0.0	0.0	0.0	0.0	0.0	0.0	0.0	0.0	0.0	0.0	0.0	0.0	0.0	0.0	0.0	0.0	0.0	0.0	0.0	0.0	0.0	0.0	0.0	0.0	0.0	0.0	0.0	0.0	0.0	0.0	0.0	0.0	0.0	0.0	0.0	0.0	0.0	0.0	0.0	0.0	0.0	0.0	0.0	0.0	0.0	0.0	29.742380255370648	-0.8576197446293464	0.1205045634506792	-0.4316981041143862	27.148470708192463	-0.22231411030931006	0.044016268550408265	-0.20534039007619437	0.0026234776868849894
239.0	239.4205	2600.0	2598.635545261233	0.029722253317611455	0.014247803770679331	28.24770491179674	-39.42287213483906	-16.537750803949162	67.16202263022899	79.61405235758808	34.29346159241504	-25.526820033504915	67.16202263022818	79.61405235758744	7.738569271890846e-14	0.0	7.738569271890846e-14	-5.920752998701305	-6.0031069105337895	0.08407628411510788	1.9284731606671317	1.5626019518949894	-0.03814171329352081	1.0855227900951876	0.0	0.0	0.0	0.0	0.0	0.0	0.0	0.0	0.0	0.0	0.0	0.0	0.0	0.0	0.0	0.0	0.0	0.0	0.0	0.0	0.0	0.0	0.0	0.0	0.0	0.0	0.0	0.0	0.0	0.0	0.0	0.0	0.0	0.0	0.0	0.0	0.0	0.0	0.0	0.0	0.0	0.0	0.0	0.0	0.0	0.0	0.0	0.0	28460.811841039198	2536.4050634262844	94.03268892780748	28573.76425050432	-28380.57348807612	-2706.912039280428	-1899.7452728548035	28572.597998820915	0.0	0.0	0.0	0.0	0.0	0.0	0.0	0.0	0.0	0.0	0.0	0.0	0.0	0.0	0.0	0.0	0.0	0.0	0.0	0.0	0.0	0.0	0.0	0.0	0.0	0.0	0.0	0.0	28442.85438666102	1994.3870025491908	1849.2731614030733	28572.597998820915	0.0	0.0	0.0	0.0	0.0	0.0	0.0	0.0	0.0	0.0	0.0	0.0	0.0	0.0	0.0	0.0	0.0	0.0	0.0	0.0	0.0	0.0	0.0	0.0	0.0	0.0	0.0	0.0	0.0	0.0	0.0	0.0	0.0	0.0	0.0	0.0	0.0	0.0	0.0	0.0	0.0	0.0	0.0	0.0	0.0	0.0	0.0	0.0	0.0	0.0	0.0	0.0	0.0	0.0	0.0	0.0	0.0	0.0	0.0	0.0	0.0	0.0	0.0	0.0	0.0	0.0	0.0	0.0	0.0	0.0	0.0	0.0	0.0	0.0	0.0	0.0	0.0	0.0	0.0	0.0	0.0	0.0	0.0	0.0	0.0	0.0	0.0	0.0	0.0	0.0	0.0	0.0	0.0	0.0	0.0	0.0	0.0	0.0	0.0	0.0	29.74448878401316	-0.8555112159868444	0.1205317703317482	-0.43154117967486866	27.179223331432613	-0.22226122662869005	0.044023408238723694	-0.20344168939118445	0.002751271000929341
240.0	240.4206	2600.0	2598.650149267813	0.029120610307794923	0.01521273293846715	28.247705051536208	-39.50008593641906	-11.432806628257822	41.40341936325745	58.35416858591499	29.44120519560238	-28.7085578358492	41.40341936325654	58.35416858591636	-1.482404121601979e-14	0.0	-1.482404121601979e-14	-5.882067865099878	-5.963072853763788	0.08249412664781187	1.8687949061823563	1.5612176282732049	-0.03667160555721977	1.0852766855000204	0.0	0.0	0.0	0.0	0.0	0.0	0.0	0.0	0.0	0.0	0.0	0.0	0.0	0.0	0.0	0.0	0.0	0.0	0.0	0.0	0.0	0.0	0.0	0.0	0.0	0.0	0.0	0.0	0.0	0.0	0.0	0.0	0.0	0.0	0.0	0.0	0.0	0.0	0.0	0.0	0.0	0.0	0.0	0.0	0.0	0.0	0.0	0.0	28487.123151707747	2538.954320196336	85.87343637558422	28600.17218038524	-28405.9754905306	-2710.6862210050954	-1911.0004224177533	28598.93679792752	0.0	0.0	0.0	0.0	0.0	0.0	0.0	0.0	0.0	0.0	0.0	0.0	0.0	0.0	0.0	0.0	0.0	0.0	0.0	0.0	0.0	0.0	0.0	0.0	0.0	0.0	0.0	0.0	28468.290945313736	1996.6357625557537	1862.5365114552685	28598.93679792752	0.0	0.0	0.0	0.0	0.0	0.0	0.0	0.0	0.0	0.0	0.0	0.0	0.0	0.0	0.0	0.0	0.0	0.0	0.0	0.0	0.0	0.0	0.0	0.0	0.0	0.0	0.0	0.0	0.0	0.0	0.0	0.0	0.0	0.0	0.0	0.0	0.0	0.0	0.0	0.0	0.0	0.0	0.0	0.0	0.0	0.0	0.0	0.0	0.0	0.0	0.0	0.0	0.0	0.0	0.0	0.0	0.0	0.0	0.0	0.0	0.0	0.0	0.0	0.0	0.0	0.0	0.0	0.0	0.0	0.0	0.0	0.0	0.0	0.0	0.0	0.0	0.0	0.0	0.0	0.0	0.0	0.0	0.0	0.0	0.0	0.0	0.0	0.0	0.0	0.0	0.0	0.0	0.0	0.0	0.0	0.0	0.0	0.0	0.0	0.0	29.74655634622415	-0.8534436537758482	0.12057114292390443	-0.43139010511568443	27.210534920448783	-0.22220833872400586	0.0440373903997748	-0.20157799227950268	0.00277232446080633
241.0	241.4206	2600.0	2598.7200297456143	0.028492502886902128	0.016157074160217964	28.247710978106106	-38.96281725870176	-9.001044777531208	33.40484532246694	52.10569668318475	26.543187805806152	-29.9095154913557	33.40484532246599	52.10569668318255	-1.7856635936339758e-15	0.0	-1.7856635936339758e-15	-5.84159010458658	-5.921287017340482	0.0809599220326487	1.8085442223004884	1.5598067168395597	-0.03519472602144021	1.0850698712902476	0.0	0.0	0.0	0.0	0.0	0.0	0.0	0.0	0.0	0.0	0.0	0.0	0.0	0.0	0.0	0.0	0.0	0.0	0.0	0.0	0.0	0.0	0.0	0.0	0.0	0.0	0.0	0.0	0.0	0.0	0.0	0.0	0.0	0.0	0.0	0.0	0.0	0.0	0.0	0.0	0.0	0.0	0.0	0.0	0.0	0.0	0.0	0.0	28515.922624410097	2541.2443859581113	83.15957249547616	28629.0531045825	-28434.45894842869	-2714.434941865656	-1914.738378570942	28627.833236238293	0.0	0.0	0.0	0.0	0.0	0.0	0.0	0.0	0.0	0.0	0.0	0.0	0.0	0.0	0.0	0.0	0.0	0.0	0.0	0.0	0.0	0.0	0.0	0.0	0.0	0.0	0.0	0.0	28496.80818366929	1998.5078935812805	1868.3482930980906	28627.833236238293	0.0	0.0	0.0	0.0	0.0	0.0	0.0	0.0	0.0	0.0	0.0	0.0	0.0	0.0	0.0	0.0	0.0	0.0	0.0	0.0	0.0	0.0	0.0	0.0	0.0	0.0	0.0	0.0	0.0	0.0	0.0	0.0	0.0	0.0	0.0	0.0	0.0	0.0	0.0	0.0	0.0	0.0	0.0	0.0	0.0	0.0	0.0	0.0	0.0	0.0	0.0	0.0	0.0	0.0	0.0	0.0	0.0	0.0	0.0	0.0	0.0	0.0	0.0	0.0	0.0	0.0	0.0	0.0	0.0	0.0	0.0	0.0	0.0	0.0	0.0	0.0	0.0	0.0	0.0	0.0	0.0	0.0	0.0	0.0	0.0	0.0	0.0	0.0	0.0	0.0	0.0	0.0	0.0	0.0	0.0	0.0	0.0	0.0	0.0	0.0	29.748580781626476	-0.8514192183735256	0.12062175014542251	-0.43125676792567363	27.242162587781408	-0.22215544308668647	0.044054250185411245	-0.1997397965968067	0.00277872265512843
242.0	242.4206	2600.0	2598.6118527367394	0.027834824536801764	0.017084231725994124	28.24772274934517	-38.86845102413281	-9.263942675115686	26.951348928445157	48.19701575788736	26.206469424452735	-30.162859267788008	26.951348928444187	48.197015757886	2.762613886877312e-14	0.0	2.762613886877312e-14	-5.799374081140914	-5.8776388041697425	0.07930908976158542	1.7477376165870135	1.558358312263373	-0.03371362117600358	1.0848972858571702	0.0	0.0	0.0	0.0	0.0	0.0	0.0	0.0	0.0	0.0	0.0	0.0	0.0	0.0	0.0	0.0	0.0	0.0	0.0	0.0	0.0	0.0	0.0	0.0	0.0	0.0	0.0	0.0	0.0	0.0	0.0	0.0	0.0	0.0	0.0	0.0	0.0	0.0	0.0	0.0	0.0	0.0	0.0	0.0	0.0	0.0	0.0	0.0	28544.306300303335	2543.686511203399	80.11579013788173	28657.532723049353	-28461.301786313816	-2717.74410513828	-1935.6867145988426	28656.21600019302	0.0	0.0	0.0	0.0	0.0	0.0	0.0	0.0	0.0	0.0	0.0	0.0	0.0	0.0	0.0	0.0	0.0	0.0	0.0	0.0	0.0	0.0	0.0	0.0	0.0	0.0	0.0	0.0	28523.665860747522	2000.5019466518806	1891.346947438748	28656.21600019302	0.0	0.0	0.0	0.0	0.0	0.0	0.0	0.0	0.0	0.0	0.0	0.0	0.0	0.0	0.0	0.0	0.0	0.0	0.0	0.0	0.0	0.0	0.0	0.0	0.0	0.0	0.0	0.0	0.0	0.0	0.0	0.0	0.0	0.0	0.0	0.0	0.0	0.0	0.0	0.0	0.0	0.0	0.0	0.0	0.0	0.0	0.0	0.0	0.0	0.0	0.0	0.0	0.0	0.0	0.0	0.0	0.0	0.0	0.0	0.0	0.0	0.0	0.0	0.0	0.0	0.0	0.0	0.0	0.0	0.0	0.0	0.0	0.0	0.0	0.0	0.0	0.0	0.0	0.0	0.0	0.0	0.0	0.0	0.0	0.0	0.0	0.0	0.0	0.0	0.0	0.0	0.0	0.0	0.0	0.0	0.0	0.0	0.0	0.0	0.0	29.750564212159254	-0.8494357878407435	0.12067594594434526	-0.4311391249012905	27.274079416006604	-0.22210255122898942	0.044070946058077466	-0.19792701422647457	0.00280760832495826
243.0	243.4207	2600.0	2598.7338848319914	0.027139579475154316	0.017988996016374128	28.247741013395125	-36.50958946824902	-7.263478859920724	16.191124386987365	40.59385122408926	22.831559863114308	-29.401158523189224	16.19112438698643	40.59385122408986	-8.899148825177732e-15	0.0	-8.899148825177732e-15	-5.75520292025115	-5.832276063638585	0.07790669305317055	1.6863961963145806	1.5568695472513947	-0.0322269191601342	1.0847535845395646	0.0	0.0	0.0	0.0	0.0	0.0	0.0	0.0	0.0	0.0	0.0	0.0	0.0	0.0	0.0	0.0	0.0	0.0	0.0	0.0	0.0	0.0	0.0	0.0	0.0	0.0	0.0	0.0	0.0	0.0	0.0	0.0	0.0	0.0	0.0	0.0	0.0	0.0	0.0	0.0	0.0	0.0	0.0	0.0	0.0	0.0	0.0	0.0	28569.150037041043	2545.40364257683	72.41236258692321	28682.41023855668	-28487.735197666007	-2721.8589744443702	-1908.6080836773208	28681.045270111423	0.0	0.0	0.0	0.0	0.0	0.0	0.0	0.0	0.0	0.0	0.0	0.0	0.0	0.0	0.0	0.0	0.0	0.0	0.0	0.0	0.0	0.0	0.0	0.0	0.0	0.0	0.0	0.0	28550.15278462323	2001.8554094946087	1866.4695765878866	28681.045270111423	0.0	0.0	0.0	0.0	0.0	0.0	0.0	0.0	0.0	0.0	0.0	0.0	0.0	0.0	0.0	0.0	0.0	0.0	0.0	0.0	0.0	0.0	0.0	0.0	0.0	0.0	0.0	0.0	0.0	0.0	0.0	0.0	0.0	0.0	0.0	0.0	0.0	0.0	0.0	0.0	0.0	0.0	0.0	0.0	0.0	0.0	0.0	0.0	0.0	0.0	0.0	0.0	0.0	0.0	0.0	0.0	0.0	0.0	0.0	0.0	0.0	0.0	0.0	0.0	0.0	0.0	0.0	0.0	0.0	0.0	0.0	0.0	0.0	0.0	0.0	0.0	0.0	0.0	0.0	0.0	0.0	0.0	0.0	0.0	0.0	0.0	0.0	0.0	0.0	0.0	0.0	0.0	0.0	0.0	0.0	0.0	0.0	0.0	0.0	0.0	29.752500131864668	-0.8474998681353298	0.12072561274060371	-0.43103500883993145	27.30637359041795	-0.22204966825815495	0.044092707335028326	-0.19614824022284344	0.00277643262904684
244.0	244.4207	2600.0	2598.6592582010153	0.026393510649694616	0.018850599378750634	28.24776720719543	-41.131551004262285	-9.127680133773536	33.9594565934018	54.1143578429963	25.99201008195268	-33.159228648146374	33.95945659340073	54.114357842992554	-4.576286668948328e-14	0.0	-4.576286668948328e-14	-5.709662670607761	-5.7851527946680585	0.0761221062725216	1.6245554730173306	1.5549442139296163	-0.030745779609807993	1.0842379231836874	0.0	0.0	0.0	0.0	0.0	0.0	0.0	0.0	0.0	0.0	0.0	0.0	0.0	0.0	0.0	0.0	0.0	0.0	0.0	0.0	0.0	0.0	0.0	0.0	0.0	0.0	0.0	0.0	0.0	0.0	0.0	0.0	0.0	0.0	0.0	0.0	0.0	0.0	0.0	0.0	0.0	0.0	0.0	0.0	0.0	0.0	0.0	0.0	28610.375207595294	2663.2333208957525	92.78623618323651	28734.21289206542	-28524.046604174484	-2841.713767851438	-1972.973000228833	28733.067957932122	0.0	0.0	0.0	0.0	0.0	0.0	0.0	0.0	0.0	0.0	0.0	0.0	0.0	0.0	0.0	0.0	0.0	0.0	0.0	0.0	0.0	0.0	0.0	0.0	0.0	0.0	0.0	0.0	28589.603559033832	2121.442464311481	1929.5710619310134	28733.067957932122	0.0	0.0	0.0	0.0	0.0	0.0	0.0	0.0	0.0	0.0	0.0	0.0	0.0	0.0	0.0	0.0	0.0	0.0	0.0	0.0	0.0	0.0	0.0	0.0	0.0	0.0	0.0	0.0	0.0	0.0	0.0	0.0	0.0	0.0	0.0	0.0	0.0	0.0	0.0	0.0	0.0	0.0	0.0	0.0	0.0	0.0	0.0	0.0	0.0	0.0	0.0	0.0	0.0	0.0	0.0	0.0	0.0	0.0	0.0	0.0	0.0	0.0	0.0	0.0	0.0	0.0	0.0	0.0	0.0	0.0	0.0	0.0	0.0	0.0	0.0	0.0	0.0	0.0	0.0	0.0	0.0	0.0	0.0	0.0	0.0	0.0	0.0	0.0	0.0	0.0	0.0	0.0	0.0	0.0	0.0	0.0	0.0	0.0	0.0	0.0	29.75436647379539	-0.8456335262046084	0.12076080962772176	-0.43077005568777416	27.338793837022173	-0.22199559297975996	0.04410715184641477	-0.19460054078493438	0.00282300831693602
245.0	245.4207	2600.0	2598.6806736621897	0.025591380483033735	0.019645433474095943	28.247802268491053	-38.55990749505508	-10.238392973144071	21.669518317424576	45.40109228651807	25.349729358811597	-30.80718062618689	21.669518317423602	45.40109228651506	1.3470450574772876e-14	0.0	1.3470450574772876e-14	-5.662029531142857	-5.736097912945978	0.07451340925853658	1.5623678862610149	1.5506015646399818	-0.029267284709095762	1.0813944921781777	0.0	0.0	0.0	0.0	0.0	0.0	0.0	0.0	0.0	0.0	0.0	0.0	0.0	0.0	0.0	0.0	0.0	0.0	0.0	0.0	0.0	0.0	0.0	0.0	0.0	0.0	0.0	0.0	0.0	0.0	0.0	0.0	0.0	0.0	0.0	0.0	0.0	0.0	0.0	0.0	0.0	0.0	0.0	0.0	0.0	0.0	0.0	0.0	28665.335938469594	2711.0641428432223	86.83663876473956	28793.382813656317	-28578.1465096135	-2888.7710984357605	-1982.0064623330184	28792.078875982916	0.0	0.0	0.0	0.0	0.0	0.0	0.0	0.0	0.0	0.0	0.0	0.0	0.0	0.0	0.0	0.0	0.0	0.0	0.0	0.0	0.0	0.0	0.0	0.0	0.0	0.0	0.0	0.0	28644.78659323972	2167.35961698752	1939.731764762144	28792.078875982916	0.0	0.0	0.0	0.0	0.0	0.0	0.0	0.0	0.0	0.0	0.0	0.0	0.0	0.0	0.0	0.0	0.0	0.0	0.0	0.0	0.0	0.0	0.0	0.0	0.0	0.0	0.0	0.0	0.0	0.0	0.0	0.0	0.0	0.0	0.0	0.0	0.0	0.0	0.0	0.0	0.0	0.0	0.0	0.0	0.0	0.0	0.0	0.0	0.0	0.0	0.0	0.0	0.0	0.0	0.0	0.0	0.0	0.0	0.0	0.0	0.0	0.0	0.0	0.0	0.0	0.0	0.0	0.0	0.0	0.0	0.0	0.0	0.0	0.0	0.0	0.0	0.0	0.0	0.0	0.0	0.0	0.0	0.0	0.0	0.0	0.0	0.0	0.0	0.0	0.0	0.0	0.0	0.0	0.0	0.0	0.0	0.0	0.0	0.0	0.0	29.75613847511943	-0.8438615248805661	0.12076959989448456	-0.429492013760752	27.371642417402924	-0.2219323088598578	0.04410597140305422	-0.1941654295844507	0.0028044134582086303
246.0	246.4207	2600.0	2598.576939137925	0.024766753547886145	0.020408418822943454	28.247842911000355	-40.176552623292075	-9.232200354279483	27.856226799926553	49.752972530318864	24.532707468228182	-33.12906832906811	27.85622679992549	49.75297253031833	3.1891566698795184e-14	0.0	3.1891566698795184e-14	-5.612784909597599	-5.685288105518869	0.07277063941688273	1.4997172292562861	1.5459334015109005	-0.02779152626039555	1.0782785053330608	0.0	0.0	0.0	0.0	0.0	0.0	0.0	0.0	0.0	0.0	0.0	0.0	0.0	0.0	0.0	0.0	0.0	0.0	0.0	0.0	0.0	0.0	0.0	0.0	0.0	0.0	0.0	0.0	0.0	0.0	0.0	0.0	0.0	0.0	0.0	0.0	0.0	0.0	0.0	0.0	0.0	0.0	0.0	0.0	0.0	0.0	0.0	0.0	28719.113681873932	2741.4663815214144	87.60795176420592	28849.797291257066	-28630.556725059836	-2920.578008798872	-1998.3662171605881	28848.43187818425	0.0	0.0	0.0	0.0	0.0	0.0	0.0	0.0	0.0	0.0	0.0	0.0	0.0	0.0	0.0	0.0	0.0	0.0	0.0	0.0	0.0	0.0	0.0	0.0	0.0	0.0	0.0	0.0	28697.8492961795	2198.410144828728	1957.6670909837287	28848.43187818425	0.0	0.0	0.0	0.0	0.0	0.0	0.0	0.0	0.0	0.0	0.0	0.0	0.0	0.0	0.0	0.0	0.0	0.0	0.0	0.0	0.0	0.0	0.0	0.0	0.0	0.0	0.0	0.0	0.0	0.0	0.0	0.0	0.0	0.0	0.0	0.0	0.0	0.0	0.0	0.0	0.0	0.0	0.0	0.0	0.0	0.0	0.0	0.0	0.0	0.0	0.0	0.0	0.0	0.0	0.0	0.0	0.0	0.0	0.0	0.0	0.0	0.0	0.0	0.0	0.0	0.0	0.0	0.0	0.0	0.0	0.0	0.0	0.0	0.0	0.0	0.0	0.0	0.0	0.0	0.0	0.0	0.0	0.0	0.0	0.0	0.0	0.0	0.0	0.0	0.0	0.0	0.0	0.0	0.0	0.0	0.0	0.0	0.0	0.0	0.0	29.757849808136072	-0.8421501918639295	0.12079380821847173	-0.42809671709422786	27.404709848829096	-0.2218639672396211	0.04409845769994638	-0.19391287533668947	0.00281159483204131
247.0	247.4207	2600.0	2598.6007251275	0.02392137652715589	0.021146212238006303	28.247888739517972	-39.89508466132246	-10.087513343849423	27.44964068233547	49.465730351282126	24.632460587608875	-32.96388312981798	27.449640682334426	49.46573035128131	1.2795044516785619e-15	0.0	1.2795044516785619e-15	-5.561822356162511	-5.632738051438538	0.07101428737203032	1.4366024357096803	1.5412658266676313	-0.02631746641226564	1.0752177504183436	0.0	0.0	0.0	0.0	0.0	0.0	0.0	0.0	0.0	0.0	0.0	0.0	0.0	0.0	0.0	0.0	0.0	0.0	0.0	0.0	0.0	0.0	0.0	0.0	0.0	0.0	0.0	0.0	0.0	0.0	0.0	0.0	0.0	0.0	0.0	0.0	0.0	0.0	0.0	0.0	0.0	0.0	0.0	0.0	0.0	0.0	0.0	0.0	28777.84988848717	2761.685101003711	88.00403228135406	28910.193591726515	-28688.154798570315	-2942.161755935565	-2013.581748908238	28908.840395359326	0.0	0.0	0.0	0.0	0.0	0.0	0.0	0.0	0.0	0.0	0.0	0.0	0.0	0.0	0.0	0.0	0.0	0.0	0.0	0.0	0.0	0.0	0.0	0.0	0.0	0.0	0.0	0.0	28755.81861653871	2219.031351377296	1974.803422796673	28908.840395359326	0.0	0.0	0.0	0.0	0.0	0.0	0.0	0.0	0.0	0.0	0.0	0.0	0.0	0.0	0.0	0.0	0.0	0.0	0.0	0.0	0.0	0.0	0.0	0.0	0.0	0.0	0.0	0.0	0.0	0.0	0.0	0.0	0.0	0.0	0.0	0.0	0.0	0.0	0.0	0.0	0.0	0.0	0.0	0.0	0.0	0.0	0.0	0.0	0.0	0.0	0.0	0.0	0.0	0.0	0.0	0.0	0.0	0.0	0.0	0.0	0.0	0.0	0.0	0.0	0.0	0.0	0.0	0.0	0.0	0.0	0.0	0.0	0.0	0.0	0.0	0.0	0.0	0.0	0.0	0.0	0.0	0.0	0.0	0.0	0.0	0.0	0.0	0.0	0.0	0.0	0.0	0.0	0.0	0.0	0.0	0.0	0.0	0.0	0.0	0.0	29.75950600011977	-0.8404939998802269	0.12083001761833548	-0.4267271048497711	27.43803756513929	-0.22178597482545745	0.04408924602150134	-0.1936995541913467	0.0028190925215491004
248.0	248.4208	2600.0	2598.5489416987934	0.023057327863555594	0.021867338511334752	28.247939310245027	-37.75029137789169	-10.218459405710744	21.175814541504664	44.47377354394479	23.386340281864243	-31.346140112669673	21.175814541503662	44.4737735439486	0.0	0.0	0.0	-5.5091784034527524	-5.578460398241259	0.06921968959406952	1.3730172392488542	1.5369896385051647	-0.024844359758918872	1.0726058760015051	0.0	0.0	0.0	0.0	0.0	0.0	0.0	0.0	0.0	0.0	0.0	0.0	0.0	0.0	0.0	0.0	0.0	0.0	0.0	0.0	0.0	0.0	0.0	0.0	0.0	0.0	0.0	0.0	0.0	0.0	0.0	0.0	0.0	0.0	0.0	0.0	0.0	0.0	0.0	0.0	0.0	0.0	0.0	0.0	0.0	0.0	0.0	0.0	28848.569947362095	2748.4203902540053	88.25403094107072	28979.33041709875	-28757.680547076823	-2928.296592167587	-2031.3924888401302	28977.67531778796	0.0	0.0	0.0	0.0	0.0	0.0	0.0	0.0	0.0	0.0	0.0	0.0	0.0	0.0	0.0	0.0	0.0	0.0	0.0	0.0	0.0	0.0	0.0	0.0	0.0	0.0	0.0	0.0	28824.771330402466	2203.7294474969785	1995.4450870369797	28977.67531778796	0.0	0.0	0.0	0.0	0.0	0.0	0.0	0.0	0.0	0.0	0.0	0.0	0.0	0.0	0.0	0.0	0.0	0.0	0.0	0.0	0.0	0.0	0.0	0.0	0.0	0.0	0.0	0.0	0.0	0.0	0.0	0.0	0.0	0.0	0.0	0.0	0.0	0.0	0.0	0.0	0.0	0.0	0.0	0.0	0.0	0.0	0.0	0.0	0.0	0.0	0.0	0.0	0.0	0.0	0.0	0.0	0.0	0.0	0.0	0.0	0.0	0.0	0.0	0.0	0.0	0.0	0.0	0.0	0.0	0.0	0.0	0.0	0.0	0.0	0.0	0.0	0.0	0.0	0.0	0.0	0.0	0.0	0.0	0.0	0.0	0.0	0.0	0.0	0.0	0.0	0.0	0.0	0.0	0.0	0.0	0.0	0.0	0.0	0.0	0.0	29.76111448751411	-0.8388855124858918	0.120874246682324	-0.42555484183692366	27.47160660952362	-0.2217018700717697	0.04408127655251347	-0.1933435188298094	0.002832760401269171
249.0	249.4208	2600.0	2598.6481350525055	0.02217039768248392	0.022571961352181112	28.24799482573384	-38.49073867527477	-12.567162687744712	22.970801594695484	46.552424938894426	25.294800082603615	-31.617141404138238	22.970801594694468	46.552424938889864	-7.138941247875356e-15	0.0	-7.138941247875356e-15	-5.454820191024004	-5.522480688078416	0.06744536098939884	1.3089803109152447	1.533145065253532	-0.023370053717549327	1.0704843021989556	0.0	0.0	0.0	0.0	0.0	0.0	0.0	0.0	0.0	0.0	0.0	0.0	0.0	0.0	0.0	0.0	0.0	0.0	0.0	0.0	0.0	0.0	0.0	0.0	0.0	0.0	0.0	0.0	0.0	0.0	0.0	0.0	0.0	0.0	0.0	0.0	0.0	0.0	0.0	0.0	0.0	0.0	0.0	0.0	0.0	0.0	0.0	0.0	28921.817096282866	2767.0745758988824	87.83702234010478	29054.01729885076	-28830.133494949227	-2950.2651972523336	-2043.181409546239	29052.62900914522	0.0	0.0	0.0	0.0	0.0	0.0	0.0	0.0	0.0	0.0	0.0	0.0	0.0	0.0	0.0	0.0	0.0	0.0	0.0	0.0	0.0	0.0	0.0	0.0	0.0	0.0	0.0	0.0	28897.631010871857	2223.7563361580014	2009.249128386201	29052.62900914522	0.0	0.0	0.0	0.0	0.0	0.0	0.0	0.0	0.0	0.0	0.0	0.0	0.0	0.0	0.0	0.0	0.0	0.0	0.0	0.0	0.0	0.0	0.0	0.0	0.0	0.0	0.0	0.0	0.0	0.0	0.0	0.0	0.0	0.0	0.0	0.0	0.0	0.0	0.0	0.0	0.0	0.0	0.0	0.0	0.0	0.0	0.0	0.0	0.0	0.0	0.0	0.0	0.0	0.0	0.0	0.0	0.0	0.0	0.0	0.0	0.0	0.0	0.0	0.0	0.0	0.0	0.0	0.0	0.0	0.0	0.0	0.0	0.0	0.0	0.0	0.0	0.0	0.0	0.0	0.0	0.0	0.0	0.0	0.0	0.0	0.0	0.0	0.0	0.0	0.0	0.0	0.0	0.0	0.0	0.0	0.0	0.0	0.0	0.0	0.0	29.76267436649178	-0.837325633508222	0.12091963469359639	-0.4245980095125247	27.50542784651206	-0.22161999481488617	0.044075498872945616	-0.19281930374137957	0.0028395120245291203
250.0	250.4208	2600.0	2598.652106463812	0.021252996252904412	0.023245010339590567	28.2480560707361	-39.158943349706526	-11.412140071937756	19.706704057728356	45.29916081017331	23.874824747577804	-33.07041772581214	19.706704057727293	45.29916081017518	-5.674609744644849e-14	0.0	-5.674609744644849e-14	-5.398914851350759	-5.464739083488488	0.06546516986758166	1.244521061373676	1.529476301292402	-0.021903111676607256	1.0685855159854447	0.0	0.0	0.0	0.0	0.0	0.0	0.0	0.0	0.0	0.0	0.0	0.0	0.0	0.0	0.0	0.0	0.0	0.0	0.0	0.0	0.0	0.0	0.0	0.0	0.0	0.0	0.0	0.0	0.0	0.0	0.0	0.0	0.0	0.0	0.0	0.0	0.0	0.0	0.0	0.0	0.0	0.0	0.0	0.0	0.0	0.0	0.0	0.0	28997.40002832442	2779.4887079510563	88.30191899179847	29130.440489446668	-28904.64473569774	-2964.8190353802474	-2057.9745037375947	29129.09024098566	0.0	0.0	0.0	0.0	0.0	0.0	0.0	0.0	0.0	0.0	0.0	0.0	0.0	0.0	0.0	0.0	0.0	0.0	0.0	0.0	0.0	0.0	0.0	0.0	0.0	0.0	0.0	0.0	28972.359752245207	2236.260415792416	2026.180645137036	29129.09024098566	0.0	0.0	0.0	0.0	0.0	0.0	0.0	0.0	0.0	0.0	0.0	0.0	0.0	0.0	0.0	0.0	0.0	0.0	0.0	0.0	0.0	0.0	0.0	0.0	0.0	0.0	0.0	0.0	0.0	0.0	0.0	0.0	0.0	0.0	0.0	0.0	0.0	0.0	0.0	0.0	0.0	0.0	0.0	0.0	0.0	0.0	0.0	0.0	0.0	0.0	0.0	0.0	0.0	0.0	0.0	0.0	0.0	0.0	0.0	0.0	0.0	0.0	0.0	0.0	0.0	0.0	0.0	0.0	0.0	0.0	0.0	0.0	0.0	0.0	0.0	0.0	0.0	0.0	0.0	0.0	0.0	0.0	0.0	0.0	0.0	0.0	0.0	0.0	0.0	0.0	0.0	0.0	0.0	0.0	0.0	0.0	0.0	0.0	0.0	0.0	29.764169473218566	-0.835830526781436	0.12095872002407645	-0.42373990566085196	27.53942779766872	-0.2214361134351723	0.04407067557622186	-0.19236367088944542	0.0028938347793873095
251.0	251.4208	2600.0	2598.6539711715823	0.0203158133739656	0.023889135531591364	28.24812216270245	-38.94866185715727	-11.704677128051113	18.73459633432871	44.777034593029306	23.504301019398557	-33.189539929393504	18.73459633432766	44.77703459303115	-1.0171548861824218e-14	0.0	-1.0171548861824218e-14	-5.341295794311532	-5.405397550341838	0.06360794213988266	1.1796672407081024	1.5259209225928152	-0.02043947097007869	1.0668352986059448	0.0	0.0	0.0	0.0	0.0	0.0	0.0	0.0	0.0	0.0	0.0	0.0	0.0	0.0	0.0	0.0	0.0	0.0	0.0	0.0	0.0	0.0	0.0	0.0	0.0	0.0	0.0	0.0	0.0	0.0	0.0	0.0	0.0	0.0	0.0	0.0	0.0	0.0	0.0	0.0	0.0	0.0	0.0	0.0	0.0	0.0	0.0	0.0	29070.743263813907	2785.641331324048	87.83931756277731	29204.034435041205	-28977.12419876225	-2972.656113729186	-2070.166401435648	29202.671112941316	0.0	0.0	0.0	0.0	0.0	0.0	0.0	0.0	0.0	0.0	0.0	0.0	0.0	0.0	0.0	0.0	0.0	0.0	0.0	0.0	0.0	0.0	0.0	0.0	0.0	0.0	0.0	0.0	29044.878317310522	2241.953964220467	2040.756253342782	29202.671112941316	0.0	0.0	0.0	0.0	0.0	0.0	0.0	0.0	0.0	0.0	0.0	0.0	0.0	0.0	0.0	0.0	0.0	0.0	0.0	0.0	0.0	0.0	0.0	0.0	0.0	0.0	0.0	0.0	0.0	0.0	0.0	0.0	0.0	0.0	0.0	0.0	0.0	0.0	0.0	0.0	0.0	0.0	0.0	0.0	0.0	0.0	0.0	0.0	0.0	0.0	0.0	0.0	0.0	0.0	0.0	0.0	0.0	0.0	0.0	0.0	0.0	0.0	0.0	0.0	0.0	0.0	0.0	0.0	0.0	0.0	0.0	0.0	0.0	0.0	0.0	0.0	0.0	0.0	0.0	0.0	0.0	0.0	0.0	0.0	0.0	0.0	0.0	0.0	0.0	0.0	0.0	0.0	0.0	0.0	0.0	0.0	0.0	0.0	0.0	0.0	29.765601433022354	-0.83439856697764	0.12100788779323825	-0.42294786051157696	27.57367306108707	-0.22102739593809564	0.044070499917262466	-0.1921303051371446	0.00292398558108536
252.0	252.4209	2600.0	2598.710688019869	0.01936691677216735	0.024506082933744296	28.24819240209057	-38.20191068946588	-12.951374692896936	17.50544063914736	43.97231559438792	23.884395750621483	-32.50630287174499	17.505440639146308	43.97231559438959	-1.5655382422501229e-15	0.0	-1.5655382422501229e-15	-5.282037035950771	-5.34442096541171	0.06176497328583835	1.1144515392968104	1.5223538644781318	-0.01897466259312546	1.0651078906962481	0.0	0.0	0.0	0.0	0.0	0.0	0.0	0.0	0.0	0.0	0.0	0.0	0.0	0.0	0.0	0.0	0.0	0.0	0.0	0.0	0.0	0.0	0.0	0.0	0.0	0.0	0.0	0.0	0.0	0.0	0.0	0.0	0.0	0.0	0.0	0.0	0.0	0.0	0.0	0.0	0.0	0.0	0.0	0.0	0.0	0.0	0.0	0.0	29153.806131395835	2792.589645582406	88.35079715859665	29287.382517715476	-29059.298724226177	-2981.405431803289	-2083.965641950744	29286.08088306509	0.0	0.0	0.0	0.0	0.0	0.0	0.0	0.0	0.0	0.0	0.0	0.0	0.0	0.0	0.0	0.0	0.0	0.0	0.0	0.0	0.0	0.0	0.0	0.0	0.0	0.0	0.0	0.0	29127.110076946883	2248.3040201748818	2056.968907814296	29286.08088306509	0.0	0.0	0.0	0.0	0.0	0.0	0.0	0.0	0.0	0.0	0.0	0.0	0.0	0.0	0.0	0.0	0.0	0.0	0.0	0.0	0.0	0.0	0.0	0.0	0.0	0.0	0.0	0.0	0.0	0.0	0.0	0.0	0.0	0.0	0.0	0.0	0.0	0.0	0.0	0.0	0.0	0.0	0.0	0.0	0.0	0.0	0.0	0.0	0.0	0.0	0.0	0.0	0.0	0.0	0.0	0.0	0.0	0.0	0.0	0.0	0.0	0.0	0.0	0.0	0.0	0.0	0.0	0.0	0.0	0.0	0.0	0.0	0.0	0.0	0.0	0.0	0.0	0.0	0.0	0.0	0.0	0.0	0.0	0.0	0.0	0.0	0.0	0.0	0.0	0.0	0.0	0.0	0.0	0.0	0.0	0.0	0.0	0.0	0.0	0.0	29.766971045252177	-0.833028954747828	0.12107726513847375	-0.4221669079661025	27.60812869823042	-0.22068548464288398	0.044069765183582243	-0.19188145741345458	0.0029491568031011998
253.0	253.4209	2600.0	2598.649637859751	0.0184040559157601	0.02510152379822985	28.248266693650848	-38.87163314895224	-12.095007207186429	17.970654132198106	44.499859246380815	22.683744143541837	-33.80444962780529	17.970654132197026	44.49985924637904	0.0	0.0	0.0	-5.221031440261528	-5.281933968185305	0.06016782134744234	1.0488873433928732	1.5188811877705441	-0.01750778153935758	1.0635164624434599	0.0	0.0	0.0	0.0	0.0	0.0	0.0	0.0	0.0	0.0	0.0	0.0	0.0	0.0	0.0	0.0	0.0	0.0	0.0	0.0	0.0	0.0	0.0	0.0	0.0	0.0	0.0	0.0	0.0	0.0	0.0	0.0	0.0	0.0	0.0	0.0	0.0	0.0	0.0	0.0	0.0	0.0	0.0	0.0	0.0	0.0	0.0	0.0	29226.653721010098	2798.851312456256	88.90452964666447	29360.496596829955	-29131.146196316524	-2989.210945564144	-2097.153946653972	29359.106176180052	0.0	0.0	0.0	0.0	0.0	0.0	0.0	0.0	0.0	0.0	0.0	0.0	0.0	0.0	0.0	0.0	0.0	0.0	0.0	0.0	0.0	0.0	0.0	0.0	0.0	0.0	0.0	0.0	29198.987654635366	2253.8880819818974	2072.7334422363656	29359.106176180052	0.0	0.0	0.0	0.0	0.0	0.0	0.0	0.0	0.0	0.0	0.0	0.0	0.0	0.0	0.0	0.0	0.0	0.0	0.0	0.0	0.0	0.0	0.0	0.0	0.0	0.0	0.0	0.0	0.0	0.0	0.0	0.0	0.0	0.0	0.0	0.0	0.0	0.0	0.0	0.0	0.0	0.0	0.0	0.0	0.0	0.0	0.0	0.0	0.0	0.0	0.0	0.0	0.0	0.0	0.0	0.0	0.0	0.0	0.0	0.0	0.0	0.0	0.0	0.0	0.0	0.0	0.0	0.0	0.0	0.0	0.0	0.0	0.0	0.0	0.0	0.0	0.0	0.0	0.0	0.0	0.0	0.0	0.0	0.0	0.0	0.0	0.0	0.0	0.0	0.0	0.0	0.0	0.0	0.0	0.0	0.0	0.0	0.0	0.0	0.0	29.768283106189646	-0.8317168938103521	0.12115773344765879	-0.42144655368652006	27.642837485069744	-0.22036477897622936	0.04407303224448609	-0.19160860890996056	0.00291763452429424
254.0	254.421	2600.0	2598.647737472917	0.01742292583681943	0.0256698149819496	28.24834531802725	-38.63864140037549	-15.219454199010217	27.928210708467525	50.04559270064789	25.037373420567747	-33.13165144664162	27.928210708466473	50.045592700648506	0.0	0.0	0.0	-5.158616421704633	-5.217680677577859	0.05822373431471607	0.9830015609690207	1.5153239108951229	-0.0160449421943055	1.0618897410419759	0.0	0.0	0.0	0.0	0.0	0.0	0.0	0.0	0.0	0.0	0.0	0.0	0.0	0.0	0.0	0.0	0.0	0.0	0.0	0.0	0.0	0.0	0.0	0.0	0.0	0.0	0.0	0.0	0.0	0.0	0.0	0.0	0.0	0.0	0.0	0.0	0.0	0.0	0.0	0.0	0.0	0.0	0.0	0.0	0.0	0.0	0.0	0.0	29312.695362974202	2806.0742572851436	90.13919090758012	29446.83832355632	-29216.24387542005	-2998.2864557956987	-2111.288563530935	29445.477874497537	0.0	0.0	0.0	0.0	0.0	0.0	0.0	0.0	0.0	0.0	0.0	0.0	0.0	0.0	0.0	0.0	0.0	0.0	0.0	0.0	0.0	0.0	0.0	0.0	0.0	0.0	0.0	0.0	29284.152282203435	2260.4139255749756	2089.2872601225777	29445.477874497537	0.0	0.0	0.0	0.0	0.0	0.0	0.0	0.0	0.0	0.0	0.0	0.0	0.0	0.0	0.0	0.0	0.0	0.0	0.0	0.0	0.0	0.0	0.0	0.0	0.0	0.0	0.0	0.0	0.0	0.0	0.0	0.0	0.0	0.0	0.0	0.0	0.0	0.0	0.0	0.0	0.0	0.0	0.0	0.0	0.0	0.0	0.0	0.0	0.0	0.0	0.0	0.0	0.0	0.0	0.0	0.0	0.0	0.0	0.0	0.0	0.0	0.0	0.0	0.0	0.0	0.0	0.0	0.0	0.0	0.0	0.0	0.0	0.0	0.0	0.0	0.0	0.0	0.0	0.0	0.0	0.0	0.0	0.0	0.0	0.0	0.0	0.0	0.0	0.0	0.0	0.0	0.0	0.0	0.0	0.0	0.0	0.0	0.0	0.0	0.0	29.769531130913176	-0.8304688690868254	0.12123918758454481	-0.42071256693881354	27.677654296157048	-0.2201011238299207	0.044069799896640185	-0.19135638200118085	0.0029632240233737005
255.0	255.421	2600.0	2598.695764503654	0.016420424158073276	0.0262103017476718	28.248428362000503	-38.244688939099426	-12.612388594337972	13.397871265933132	42.44091813994578	21.833023491675704	-33.838552914021435	13.397871265932038	42.44091813994578	1.7915102647535413e-14	0.0	1.7915102647535413e-14	-5.094495233164526	-5.151935925287293	0.056504227872378784	0.9168133006924639	1.511677440864748	-0.014587977730797804	1.0602268837265716	0.0	0.0	0.0	0.0	0.0	0.0	0.0	0.0	0.0	0.0	0.0	0.0	0.0	0.0	0.0	0.0	0.0	0.0	0.0	0.0	0.0	0.0	0.0	0.0	0.0	0.0	0.0	0.0	0.0	0.0	0.0	0.0	0.0	0.0	0.0	0.0	0.0	0.0	0.0	0.0	0.0	0.0	0.0	0.0	0.0	0.0	0.0	0.0	29409.268810218062	2814.460937617099	90.05498625860048	29543.770785422552	-29312.002715304418	-3008.5228829056364	-2123.502489551982	29542.409785630458	0.0	0.0	0.0	0.0	0.0	0.0	0.0	0.0	0.0	0.0	0.0	0.0	0.0	0.0	0.0	0.0	0.0	0.0	0.0	0.0	0.0	0.0	0.0	0.0	0.0	0.0	0.0	0.0	29379.99347912232	2267.7973348414635	2104.0566429947235	29542.409785630458	0.0	0.0	0.0	0.0	0.0	0.0	0.0	0.0	0.0	0.0	0.0	0.0	0.0	0.0	0.0	0.0	0.0	0.0	0.0	0.0	0.0	0.0	0.0	0.0	0.0	0.0	0.0	0.0	0.0	0.0	0.0	0.0	0.0	0.0	0.0	0.0	0.0	0.0	0.0	0.0	0.0	0.0	0.0	0.0	0.0	0.0	0.0	0.0	0.0	0.0	0.0	0.0	0.0	0.0	0.0	0.0	0.0	0.0	0.0	0.0	0.0	0.0	0.0	0.0	0.0	0.0	0.0	0.0	0.0	0.0	0.0	0.0	0.0	0.0	0.0	0.0	0.0	0.0	0.0	0.0	0.0	0.0	0.0	0.0	0.0	0.0	0.0	0.0	0.0	0.0	0.0	0.0	0.0	0.0	0.0	0.0	0.0	0.0	0.0	0.0	29.770713661380903	-0.8292863386190953	0.12131404553944726	-0.4199647801793146	27.71270253286202	-0.2199121392160626	0.04406870787750282	-0.1911087407063916	0.0029567707009563503
256.0	256.4211	2600.0	2598.68166085396	0.015398460930589	0.02672058188292694	28.248515596723145	-38.07958482373942	-15.53180106642685	22.45707970931563	46.85735858737642	24.038157230701472	-33.36852741233088	22.45707970931455	46.85735858737568	4.7029578650215846e-14	0.0	4.7029578650215846e-14	-5.0289606406936525	-5.084507322185402	0.054524115064265036	0.8503387190510606	1.507972650541715	-0.013139557085253065	1.0585527524458664	0.0	0.0	0.0	0.0	0.0	0.0	0.0	0.0	0.0	0.0	0.0	0.0	0.0	0.0	0.0	0.0	0.0	0.0	0.0	0.0	0.0	0.0	0.0	0.0	0.0	0.0	0.0	0.0	0.0	0.0	0.0	0.0	0.0	0.0	0.0	0.0	0.0	0.0	0.0	0.0	0.0	0.0	0.0	0.0	0.0	0.0	0.0	0.0	29502.391015605022	2820.5866032381914	90.84631796985698	29637.055141790104	-29404.272396530945	-3016.583278941547	-2136.2175109198865	29635.695286295246	0.0	0.0	0.0	0.0	0.0	0.0	0.0	0.0	0.0	0.0	0.0	0.0	0.0	0.0	0.0	0.0	0.0	0.0	0.0	0.0	0.0	0.0	0.0	0.0	0.0	0.0	0.0	0.0	29472.295426948745	2273.1048320086497	2119.2526492840248	29635.695286295246	0.0	0.0	0.0	0.0	0.0	0.0	0.0	0.0	0.0	0.0	0.0	0.0	0.0	0.0	0.0	0.0	0.0	0.0	0.0	0.0	0.0	0.0	0.0	0.0	0.0	0.0	0.0	0.0	0.0	0.0	0.0	0.0	0.0	0.0	0.0	0.0	0.0	0.0	0.0	0.0	0.0	0.0	0.0	0.0	0.0	0.0	0.0	0.0	0.0	0.0	0.0	0.0	0.0	0.0	0.0	0.0	0.0	0.0	0.0	0.0	0.0	0.0	0.0	0.0	0.0	0.0	0.0	0.0	0.0	0.0	0.0	0.0	0.0	0.0	0.0	0.0	0.0	0.0	0.0	0.0	0.0	0.0	0.0	0.0	0.0	0.0	0.0	0.0	0.0	0.0	0.0	0.0	0.0	0.0	0.0	0.0	0.0	0.0	0.0	0.0	29.77182750232584	-0.828172497674153	0.12138578647659112	-0.41921385697291574	27.747855610552005	-0.21979599605323716	0.044061754816302375	-0.19086009830941278	0.0030079479167787098
257.0	257.4211	2600.0	2598.6812306196302	0.01437034908685128	0.027194679280536538	28.24860605189359	-38.540395340776755	-11.900009259865332	7.535706444141639	41.03363455776886	20.007844666055465	-35.02368406132518	7.535706444140494	41.03363455777209	3.783371267979589e-15	0.0	3.783371267979589e-15	-4.961728048642497	-5.015664173908361	0.052836835269785346	0.7836010678007157	1.5043627510368367	-0.011687394281115702	1.0569942269501276	0.0	0.0	0.0	0.0	0.0	0.0	0.0	0.0	0.0	0.0	0.0	0.0	0.0	0.0	0.0	0.0	0.0	0.0	0.0	0.0	0.0	0.0	0.0	0.0	0.0	0.0	0.0	0.0	0.0	0.0	0.0	0.0	0.0	0.0	0.0	0.0	0.0	0.0	0.0	0.0	0.0	0.0	0.0	0.0	0.0	0.0	0.0	0.0	29573.643185336805	2784.146289993279	90.78319075464773	29704.546510684606	-29475.125742084423	-2981.880630969716	-2145.203247412396	29703.140348820845	0.0	0.0	0.0	0.0	0.0	0.0	0.0	0.0	0.0	0.0	0.0	0.0	0.0	0.0	0.0	0.0	0.0	0.0	0.0	0.0	0.0	0.0	0.0	0.0	0.0	0.0	0.0	0.0	29542.05966503923	2236.0992454949337	2131.459005777109	29703.140348820845	0.0	0.0	0.0	0.0	0.0	0.0	0.0	0.0	0.0	0.0	0.0	0.0	0.0	0.0	0.0	0.0	0.0	0.0	0.0	0.0	0.0	0.0	0.0	0.0	0.0	0.0	0.0	0.0	0.0	0.0	0.0	0.0	0.0	0.0	0.0	0.0	0.0	0.0	0.0	0.0	0.0	0.0	0.0	0.0	0.0	0.0	0.0	0.0	0.0	0.0	0.0	0.0	0.0	0.0	0.0	0.0	0.0	0.0	0.0	0.0	0.0	0.0	0.0	0.0	0.0	0.0	0.0	0.0	0.0	0.0	0.0	0.0	0.0	0.0	0.0	0.0	0.0	0.0	0.0	0.0	0.0	0.0	0.0	0.0	0.0	0.0	0.0	0.0	0.0	0.0	0.0	0.0	0.0	0.0	0.0	0.0	0.0	0.0	0.0	0.0	29.77286585948709	-0.8271341405129106	0.12147811158709246	-0.4185148146067775	27.7832306707256	-0.2197246535665421	0.04405848003975995	-0.1905904513293034	0.0029919449065446005
258.0	258.4212	2600.0	2598.6929464614727	0.01333091830159341	0.027646844683240256	28.24869969213898	-38.048554135355516	-15.036525733416054	16.03211745971435	43.94107836825173	22.36748769592304	-34.25616838024143	16.03211745971323	43.94107836825086	3.271885781623626e-14	0.0	3.271885781623626e-14	-4.893112072081376	-4.9451769435548085	0.05089808180252004	0.7166089530388251	1.5009179660341692	-0.010237086788541237	1.0556397233789125	0.0	0.0	0.0	0.0	0.0	0.0	0.0	0.0	0.0	0.0	0.0	0.0	0.0	0.0	0.0	0.0	0.0	0.0	0.0	0.0	0.0	0.0	0.0	0.0	0.0	0.0	0.0	0.0	0.0	0.0	0.0	0.0	0.0	0.0	0.0	0.0	0.0	0.0	0.0	0.0	0.0	0.0	0.0	0.0	0.0	0.0	0.0	0.0	29658.696897174406	2710.70927685533	90.71857719563451	29782.452489382747	-29560.146726711126	-2910.4388587589287	-2154.1386621199645	29781.08866765795	0.0	0.0	0.0	0.0	0.0	0.0	0.0	0.0	0.0	0.0	0.0	0.0	0.0	0.0	0.0	0.0	0.0	0.0	0.0	0.0	0.0	0.0	0.0	0.0	0.0	0.0	0.0	0.0	29625.044472788588	2161.8862289464537	2143.8820278399103	29781.08866765795	0.0	0.0	0.0	0.0	0.0	0.0	0.0	0.0	0.0	0.0	0.0	0.0	0.0	0.0	0.0	0.0	0.0	0.0	0.0	0.0	0.0	0.0	0.0	0.0	0.0	0.0	0.0	0.0	0.0	0.0	0.0	0.0	0.0	0.0	0.0	0.0	0.0	0.0	0.0	0.0	0.0	0.0	0.0	0.0	0.0	0.0	0.0	0.0	0.0	0.0	0.0	0.0	0.0	0.0	0.0	0.0	0.0	0.0	0.0	0.0	0.0	0.0	0.0	0.0	0.0	0.0	0.0	0.0	0.0	0.0	0.0	0.0	0.0	0.0	0.0	0.0	0.0	0.0	0.0	0.0	0.0	0.0	0.0	0.0	0.0	0.0	0.0	0.0	0.0	0.0	0.0	0.0	0.0	0.0	0.0	0.0	0.0	0.0	0.0	0.0	29.7738423848397	-0.8261576151602983	0.12158081505578476	-0.4179079688901306	27.81869288704678	-0.21966340541422896	0.04404558872508559	-0.1902805861213497	0.0030312215683192404
259.0	259.4212	2600.0	2598.594975103021	0.012281603662525538	0.028074861794621	28.248796309318024	-39.043337555478494	-14.951438575524666	16.16442943833466	44.82428473512572	21.865196798335084	-35.634826952278665	16.16442943833351	44.82428473512581	-3.3686833083815015e-15	0.0	-3.3686833083815015e-15	-4.82284470385916	-4.873319823666534	0.04924987333186269	0.6493861166263857	1.4976443731272104	-0.008785474535289573	1.0544994230567375	0.0	0.0	0.0	0.0	0.0	0.0	0.0	0.0	0.0	0.0	0.0	0.0	0.0	0.0	0.0	0.0	0.0	0.0	0.0	0.0	0.0	0.0	0.0	0.0	0.0	0.0	0.0	0.0	0.0	0.0	0.0	0.0	0.0	0.0	0.0	0.0	0.0	0.0	0.0	0.0	0.0	0.0	0.0	0.0	0.0	0.0	0.0	0.0	29744.875770797586	2664.709172069139	90.76576952620336	29864.134811120988	-29645.97979475645	-2866.597600939222	-2163.3029151242317	29862.70884061597	0.0	0.0	0.0	0.0	0.0	0.0	0.0	0.0	0.0	0.0	0.0	0.0	0.0	0.0	0.0	0.0	0.0	0.0	0.0	0.0	0.0	0.0	0.0	0.0	0.0	0.0	0.0	0.0	29709.566957218976	2115.129533370546	2156.2090740439035	29862.70884061597	0.0	0.0	0.0	0.0	0.0	0.0	0.0	0.0	0.0	0.0	0.0	0.0	0.0	0.0	0.0	0.0	0.0	0.0	0.0	0.0	0.0	0.0	0.0	0.0	0.0	0.0	0.0	0.0	0.0	0.0	0.0	0.0	0.0	0.0	0.0	0.0	0.0	0.0	0.0	0.0	0.0	0.0	0.0	0.0	0.0	0.0	0.0	0.0	0.0	0.0	0.0	0.0	0.0	0.0	0.0	0.0	0.0	0.0	0.0	0.0	0.0	0.0	0.0	0.0	0.0	0.0	0.0	0.0	0.0	0.0	0.0	0.0	0.0	0.0	0.0	0.0	0.0	0.0	0.0	0.0	0.0	0.0	0.0	0.0	0.0	0.0	0.0	0.0	0.0	0.0	0.0	0.0	0.0	0.0	0.0	0.0	0.0	0.0	0.0	0.0	29.77475424937429	-0.8252457506257118	0.12168622539513001	-0.4173975408786866	27.85435376997439	-0.21960702285896735	0.04403431589131573	-0.18993440844512793	0.0030037303147155796
260.0	260.4212	2600.0	2598.69581245836	0.01122145282251975	0.028484915671096615	28.248895747374156	-38.15652458817931	-14.113132373742703	10.659725066981302	42.05627910967333	20.265759579095167	-35.27605225545996	10.659725066980158	42.056279109679124	-1.5229351750181063e-14	0.0	-1.5229351750181063e-14	-4.751202168483915	-4.799888778601291	0.04741203364191357	0.581951831546728	1.4944820642968302	-0.007337528482203791	1.0535247467936684	0.0	0.0	0.0	0.0	0.0	0.0	0.0	0.0	0.0	0.0	0.0	0.0	0.0	0.0	0.0	0.0	0.0	0.0	0.0	0.0	0.0	0.0	0.0	0.0	0.0	0.0	0.0	0.0	0.0	0.0	0.0	0.0	0.0	0.0	0.0	0.0	0.0	0.0	0.0	0.0	0.0	0.0	0.0	0.0	0.0	0.0	0.0	0.0	29854.002995460945	2600.9043688412585	90.58415434681022	29967.22215818255	-29755.067830333523	-2804.670466898466	-2172.828248396546	29965.837559004944	0.0	0.0	0.0	0.0	0.0	0.0	0.0	0.0	0.0	0.0	0.0	0.0	0.0	0.0	0.0	0.0	0.0	0.0	0.0	0.0	0.0	0.0	0.0	0.0	0.0	0.0	0.0	0.0	29816.88101861032	2049.608444222741	2168.901141149128	29965.837559004944	0.0	0.0	0.0	0.0	0.0	0.0	0.0	0.0	0.0	0.0	0.0	0.0	0.0	0.0	0.0	0.0	0.0	0.0	0.0	0.0	0.0	0.0	0.0	0.0	0.0	0.0	0.0	0.0	0.0	0.0	0.0	0.0	0.0	0.0	0.0	0.0	0.0	0.0	0.0	0.0	0.0	0.0	0.0	0.0	0.0	0.0	0.0	0.0	0.0	0.0	0.0	0.0	0.0	0.0	0.0	0.0	0.0	0.0	0.0	0.0	0.0	0.0	0.0	0.0	0.0	0.0	0.0	0.0	0.0	0.0	0.0	0.0	0.0	0.0	0.0	0.0	0.0	0.0	0.0	0.0	0.0	0.0	0.0	0.0	0.0	0.0	0.0	0.0	0.0	0.0	0.0	0.0	0.0	0.0	0.0	0.0	0.0	0.0	0.0	0.0	29.775607106537464	-0.8243928934625337	0.12178534611113909	-0.41696257725664165	27.890094676105758	-0.21955447290228933	0.044016955090172845	-0.18956818362255398	0.003018043009939671
261.0	261.4212	2600.0	2598.7452593442217	0.01015527361216559	0.02888007553747104	28.248997512479338	-37.55874196981676	-15.130274948001896	10.537382033861974	41.840419912866146	20.563623443678804	-34.881538229041325	10.537382033860828	41.8404199128668	7.84553677518353e-14	0.0	7.84553677518353e-14	-4.678047005882966	-4.725053614422821	0.045691605888662126	0.5143281942095367	1.4914437771117086	-0.0058908778459998345	1.0527285902236965	0.0	0.0	0.0	0.0	0.0	0.0	0.0	0.0	0.0	0.0	0.0	0.0	0.0	0.0	0.0	0.0	0.0	0.0	0.0	0.0	0.0	0.0	0.0	0.0	0.0	0.0	0.0	0.0	0.0	0.0	0.0	0.0	0.0	0.0	0.0	0.0	0.0	0.0	0.0	0.0	0.0	0.0	0.0	0.0	0.0	0.0	0.0	0.0	29948.683866296815	2536.630021635591	90.77720582038246	30056.054260184363	-29849.751344819462	-2742.4178786064413	-2181.8112816810894	30054.763543194324	0.0	0.0	0.0	0.0	0.0	0.0	0.0	0.0	0.0	0.0	0.0	0.0	0.0	0.0	0.0	0.0	0.0	0.0	0.0	0.0	0.0	0.0	0.0	0.0	0.0	0.0	0.0	0.0	29909.7944719009	1984.0442002098816	2180.95733511288	30054.763543194324	0.0	0.0	0.0	0.0	0.0	0.0	0.0	0.0	0.0	0.0	0.0	0.0	0.0	0.0	0.0	0.0	0.0	0.0	0.0	0.0	0.0	0.0	0.0	0.0	0.0	0.0	0.0	0.0	0.0	0.0	0.0	0.0	0.0	0.0	0.0	0.0	0.0	0.0	0.0	0.0	0.0	0.0	0.0	0.0	0.0	0.0	0.0	0.0	0.0	0.0	0.0	0.0	0.0	0.0	0.0	0.0	0.0	0.0	0.0	0.0	0.0	0.0	0.0	0.0	0.0	0.0	0.0	0.0	0.0	0.0	0.0	0.0	0.0	0.0	0.0	0.0	0.0	0.0	0.0	0.0	0.0	0.0	0.0	0.0	0.0	0.0	0.0	0.0	0.0	0.0	0.0	0.0	0.0	0.0	0.0	0.0	0.0	0.0	0.0	0.0	29.776403502388522	-0.8235964976114795	0.1218786804274741	-0.41660857038170807	27.925971805912976	-0.21950537787999871	0.043998281273628086	-0.18917428675053719	0.0030048754663810203
262.0	262.4212	2600.0	2598.6373384265958	0.009088687196664221	0.02926877010180566	28.249101014878345	-39.02394403417931	-11.29991303121278	3.073007068440802	40.74309284944403	16.348086308929844	-37.192691708605714	3.0730070684395874	40.74309284944243	-8.535502285940215e-14	0.0	-8.535502285940215e-14	-4.603617299036866	-4.648635265956619	0.04367116857566784	0.4465303982961343	1.4886094479619219	-0.004444835449302495	1.052169213714548	0.0	0.0	0.0	0.0	0.0	0.0	0.0	0.0	0.0	0.0	0.0	0.0	0.0	0.0	0.0	0.0	0.0	0.0	0.0	0.0	0.0	0.0	0.0	0.0	0.0	0.0	0.0	0.0	0.0	0.0	0.0	0.0	0.0	0.0	0.0	0.0	0.0	0.0	0.0	0.0	0.0	0.0	0.0	0.0	0.0	0.0	0.0	0.0	30001.864701671224	2455.7006240756727	90.25937333162408	30102.33376147014	-29903.119203766517	-2663.320451762039	-2186.1478019977617	30100.98098327734	0.0	0.0	0.0	0.0	0.0	0.0	0.0	0.0	0.0	0.0	0.0	0.0	0.0	0.0	0.0	0.0	0.0	0.0	0.0	0.0	0.0	0.0	0.0	0.0	0.0	0.0	0.0	0.0	29960.99649936573	1902.5484967017471	2188.1622742191394	30100.98098327734	0.0	0.0	0.0	0.0	0.0	0.0	0.0	0.0	0.0	0.0	0.0	0.0	0.0	0.0	0.0	0.0	0.0	0.0	0.0	0.0	0.0	0.0	0.0	0.0	0.0	0.0	0.0	0.0	0.0	0.0	0.0	0.0	0.0	0.0	0.0	0.0	0.0	0.0	0.0	0.0	0.0	0.0	0.0	0.0	0.0	0.0	0.0	0.0	0.0	0.0	0.0	0.0	0.0	0.0	0.0	0.0	0.0	0.0	0.0	0.0	0.0	0.0	0.0	0.0	0.0	0.0	0.0	0.0	0.0	0.0	0.0	0.0	0.0	0.0	0.0	0.0	0.0	0.0	0.0	0.0	0.0	0.0	0.0	0.0	0.0	0.0	0.0	0.0	0.0	0.0	0.0	0.0	0.0	0.0	0.0	0.0	0.0	0.0	0.0	0.0	29.777151315088435	-0.8228486849115697	0.12198790327833196	-0.41636106039871795	27.961882310738527	-0.21946008043645965	0.04396849893481971	-0.1887189227834887	0.0030582398722410207
263.0	263.4211	2600.0	2598.6521973002114	0.008012494675536498	0.029640330332987543	28.249206881190094	-39.00797132558728	-11.853156352968657	1.515226298085124	40.797243205885486	16.244281232435235	-37.39308050572435	1.5152262980839093	40.797243205888755	-8.99023671003578e-15	0.0	-8.99023671003578e-15	-4.527695875226746	-4.570848820572341	0.04178276328375578	0.37858623209121556	1.4859612661172574	-0.002995119724663562	1.0518155843430954	0.0	0.0	0.0	0.0	0.0	0.0	0.0	0.0	0.0	0.0	0.0	0.0	0.0	0.0	0.0	0.0	0.0	0.0	0.0	0.0	0.0	0.0	0.0	0.0	0.0	0.0	0.0	0.0	0.0	0.0	0.0	0.0	0.0	0.0	0.0	0.0	0.0	0.0	0.0	0.0	0.0	0.0	0.0	0.0	0.0	0.0	0.0	0.0	30068.75995684451	2371.850488969274	88.1871263216154	30162.290646660258	-29970.620361141144	-2581.6495049514765	-2185.6388867642754	30160.90211418421	0.0	0.0	0.0	0.0	0.0	0.0	0.0	0.0	0.0	0.0	0.0	0.0	0.0	0.0	0.0	0.0	0.0	0.0	0.0	0.0	0.0	0.0	0.0	0.0	0.0	0.0	0.0	0.0	30026.272154088558	1817.9682057866341	2190.4311157294355	30160.90211418421	0.0	0.0	0.0	0.0	0.0	0.0	0.0	0.0	0.0	0.0	0.0	0.0	0.0	0.0	0.0	0.0	0.0	0.0	0.0	0.0	0.0	0.0	0.0	0.0	0.0	0.0	0.0	0.0	0.0	0.0	0.0	0.0	0.0	0.0	0.0	0.0	0.0	0.0	0.0	0.0	0.0	0.0	0.0	0.0	0.0	0.0	0.0	0.0	0.0	0.0	0.0	0.0	0.0	0.0	0.0	0.0	0.0	0.0	0.0	0.0	0.0	0.0	0.0	0.0	0.0	0.0	0.0	0.0	0.0	0.0	0.0	0.0	0.0	0.0	0.0	0.0	0.0	0.0	0.0	0.0	0.0	0.0	0.0	0.0	0.0	0.0	0.0	0.0	0.0	0.0	0.0	0.0	0.0	0.0	0.0	0.0	0.0	0.0	0.0	0.0	29.777839396172844	-0.8221606038271537	0.12210533645136203	-0.41620617439841906	27.997917152066847	-0.21941751781582786	0.04393815165295959	-0.1882281544922149	0.0030810718665490607
264.0	264.4211	2600.0	2598.6064468717964	0.006920134952047029	0.029997774026996885	28.24931541379849	-39.406009414422435	-10.711873263837331	-5.919531546231204	41.26279995973236	14.492044909507971	-38.1779837226968	-5.919531546232462	41.262799959728135	-1.4493196950882017e-15	0.0	-1.4493196950882017e-15	-4.450331317842286	-4.491772370913747	0.04005555644813469	0.31051012108301723	1.4835499945016233	-0.0015445293423983408	1.0517199621226148	0.0	0.0	0.0	0.0	0.0	0.0	0.0	0.0	0.0	0.0	0.0	0.0	0.0	0.0	0.0	0.0	0.0	0.0	0.0	0.0	0.0	0.0	0.0	0.0	0.0	0.0	0.0	0.0	0.0	0.0	0.0	0.0	0.0	0.0	0.0	0.0	0.0	0.0	0.0	0.0	0.0	0.0	0.0	0.0	0.0	0.0	0.0	0.0	30140.97836821262	2265.682026137051	89.72687824018627	30226.146677161814	-30042.83735683282	-2477.0856447740434	-2196.8446779243777	30224.727563364086	0.0	0.0	0.0	0.0	0.0	0.0	0.0	0.0	0.0	0.0	0.0	0.0	0.0	0.0	0.0	0.0	0.0	0.0	0.0	0.0	0.0	0.0	0.0	0.0	0.0	0.0	0.0	0.0	30095.671714333315	1710.3172878655917	2204.4307921743225	30224.727563364086	0.0	0.0	0.0	0.0	0.0	0.0	0.0	0.0	0.0	0.0	0.0	0.0	0.0	0.0	0.0	0.0	0.0	0.0	0.0	0.0	0.0	0.0	0.0	0.0	0.0	0.0	0.0	0.0	0.0	0.0	0.0	0.0	0.0	0.0	0.0	0.0	0.0	0.0	0.0	0.0	0.0	0.0	0.0	0.0	0.0	0.0	0.0	0.0	0.0	0.0	0.0	0.0	0.0	0.0	0.0	0.0	0.0	0.0	0.0	0.0	0.0	0.0	0.0	0.0	0.0	0.0	0.0	0.0	0.0	0.0	0.0	0.0	0.0	0.0	0.0	0.0	0.0	0.0	0.0	0.0	0.0	0.0	0.0	0.0	0.0	0.0	0.0	0.0	0.0	0.0	0.0	0.0	0.0	0.0	0.0	0.0	0.0	0.0	0.0	0.0	29.778470395510844	-0.8215296044891539	0.12222260391783879	-0.41616742641240007	28.034054955551397	-0.21937830637299024	0.04390485820152351	-0.1876752582975302	0.0030664380730996603
265.0	265.4211	2600.0	2598.601762164203	0.005807421240242531	0.030331915392351107	28.249426832522023	-39.77534013617334	-10.661584200672225	0.7949496129299336	41.187121840490406	13.802914940595658	-38.79724989943497	0.7949496129286687	41.18712184049307	9.526393243671643e-14	0.0	9.526393243671643e-14	-4.371646026955495	-4.411278325747542	0.03823943153100439	0.2423267173431389	1.481344055031236	-9.284071278233166e-05	1.0518456949043207	0.0	0.0	0.0	0.0	0.0	0.0	0.0	0.0	0.0	0.0	0.0	0.0	0.0	0.0	0.0	0.0	0.0	0.0	0.0	0.0	0.0	0.0	0.0	0.0	0.0	0.0	0.0	0.0	0.0	0.0	0.0	0.0	0.0	0.0	0.0	0.0	0.0	0.0	0.0	0.0	0.0	0.0	0.0	0.0	0.0	0.0	0.0	0.0	30214.077607083742	2151.5929680944328	90.20020488101656	30290.72422416132	-30116.375031844393	-2364.8796288457015	-2203.8050339819856	30289.362115195396	0.0	0.0	0.0	0.0	0.0	0.0	0.0	0.0	0.0	0.0	0.0	0.0	0.0	0.0	0.0	0.0	0.0	0.0	0.0	0.0	0.0	0.0	0.0	0.0	0.0	0.0	0.0	0.0	30166.21472131168	1594.836871508371	2213.920072276716	30289.362115195396	0.0	0.0	0.0	0.0	0.0	0.0	0.0	0.0	0.0	0.0	0.0	0.0	0.0	0.0	0.0	0.0	0.0	0.0	0.0	0.0	0.0	0.0	0.0	0.0	0.0	0.0	0.0	0.0	0.0	0.0	0.0	0.0	0.0	0.0	0.0	0.0	0.0	0.0	0.0	0.0	0.0	0.0	0.0	0.0	0.0	0.0	0.0	0.0	0.0	0.0	0.0	0.0	0.0	0.0	0.0	0.0	0.0	0.0	0.0	0.0	0.0	0.0	0.0	0.0	0.0	0.0	0.0	0.0	0.0	0.0	0.0	0.0	0.0	0.0	0.0	0.0	0.0	0.0	0.0	0.0	0.0	0.0	0.0	0.0	0.0	0.0	0.0	0.0	0.0	0.0	0.0	0.0	0.0	0.0	0.0	0.0	0.0	0.0	0.0	0.0	29.77903478440739	-0.8209652155926116	0.12233182105742231	-0.41622902756511576	28.070242983555374	-0.21934248958507097	0.04386605176720221	-0.18708550992418685	0.0030711182359688806
266.0	266.421	2600.0	2598.6342218212985	0.004673916602144221	0.030644091531512634	28.249541003593304	-39.265617612014466	-10.264595767224819	-10.24125958354532	41.857305820788675	12.69569979456901	-38.548279591228486	-10.241259583546583	41.85730582078745	-1.2818193868311975e-13	0.0	-1.2818193868311975e-13	-4.291631545497754	-4.329397066956247	0.036372863289563566	0.17405383548631947	1.4793918059290012	0.0013600457903908067	1.0522474422243386	0.0	0.0	0.0	0.0	0.0	0.0	0.0	0.0	0.0	0.0	0.0	0.0	0.0	0.0	0.0	0.0	0.0	0.0	0.0	0.0	0.0	0.0	0.0	0.0	0.0	0.0	0.0	0.0	0.0	0.0	0.0	0.0	0.0	0.0	0.0	0.0	0.0	0.0	0.0	0.0	0.0	0.0	0.0	0.0	0.0	0.0	0.0	0.0	30287.382006181564	2022.506879265587	88.22062337846067	30354.963774372005	-30190.55421653304	-2237.6743692967584	-2204.498524037555	30353.52638865726	0.0	0.0	0.0	0.0	0.0	0.0	0.0	0.0	0.0	0.0	0.0	0.0	0.0	0.0	0.0	0.0	0.0	0.0	0.0	0.0	0.0	0.0	0.0	0.0	0.0	0.0	0.0	0.0	30237.032859480318	1464.1737290024987	2216.8904738210326	30353.52638865726	0.0	0.0	0.0	0.0	0.0	0.0	0.0	0.0	0.0	0.0	0.0	0.0	0.0	0.0	0.0	0.0	0.0	0.0	0.0	0.0	0.0	0.0	0.0	0.0	0.0	0.0	0.0	0.0	0.0	0.0	0.0	0.0	0.0	0.0	0.0	0.0	0.0	0.0	0.0	0.0	0.0	0.0	0.0	0.0	0.0	0.0	0.0	0.0	0.0	0.0	0.0	0.0	0.0	0.0	0.0	0.0	0.0	0.0	0.0	0.0	0.0	0.0	0.0	0.0	0.0	0.0	0.0	0.0	0.0	0.0	0.0	0.0	0.0	0.0	0.0	0.0	0.0	0.0	0.0	0.0	0.0	0.0	0.0	0.0	0.0	0.0	0.0	0.0	0.0	0.0	0.0	0.0	0.0	0.0	0.0	0.0	0.0	0.0	0.0	0.0	29.779533656705006	-0.820466343294992	0.12242847731284986	-0.41641485239033765	28.10648381345039	-0.21931015735001153	0.043820366640046925	-0.18643389993238055	0.00308615925093485
267.0	267.421	2600.0	2598.555827509624	0.00354017729170517	0.030933415104403502	28.24965633767452	-40.564988877456926	-9.381234447442695	-4.206276984394231	41.847564426804254	11.197030723273201	-40.10177533934985	-4.2062769843955445	41.84756442679866	-6.325284070124119e-13	0.0	-6.325284070124119e-13	-4.210222291341578	-4.246295549707919	0.034688101972406564	0.10572265440019307	1.4776705962964303	0.002822269418401325	1.0528870115884035	0.0	0.0	0.0	0.0	0.0	0.0	0.0	0.0	0.0	0.0	0.0	0.0	0.0	0.0	0.0	0.0	0.0	0.0	0.0	0.0	0.0	0.0	0.0	0.0	0.0	0.0	0.0	0.0	0.0	0.0	0.0	0.0	0.0	0.0	0.0	0.0	0.0	0.0	0.0	0.0	0.0	0.0	0.0	0.0	0.0	0.0	0.0	0.0	30351.506065917187	1899.5243191510738	88.05559435352168	30411.015551871176	-30255.346474855607	-2116.6770992793354	-2208.5263412526047	30409.602116045153	0.0	0.0	0.0	0.0	0.0	0.0	0.0	0.0	0.0	0.0	0.0	0.0	0.0	0.0	0.0	0.0	0.0	0.0	0.0	0.0	0.0	0.0	0.0	0.0	0.0	0.0	0.0	0.0	30298.632903840495	1339.839325496875	2222.965495985947	30409.602116045153	0.0	0.0	0.0	0.0	0.0	0.0	0.0	0.0	0.0	0.0	0.0	0.0	0.0	0.0	0.0	0.0	0.0	0.0	0.0	0.0	0.0	0.0	0.0	0.0	0.0	0.0	0.0	0.0	0.0	0.0	0.0	0.0	0.0	0.0	0.0	0.0	0.0	0.0	0.0	0.0	0.0	0.0	0.0	0.0	0.0	0.0	0.0	0.0	0.0	0.0	0.0	0.0	0.0	0.0	0.0	0.0	0.0	0.0	0.0	0.0	0.0	0.0	0.0	0.0	0.0	0.0	0.0	0.0	0.0	0.0	0.0	0.0	0.0	0.0	0.0	0.0	0.0	0.0	0.0	0.0	0.0	0.0	0.0	0.0	0.0	0.0	0.0	0.0	0.0	0.0	0.0	0.0	0.0	0.0	0.0	0.0	0.0	0.0	0.0	0.0	29.779965855774687	-0.8200341442253212	0.12253660103673339	-0.41670816867313015	28.142803254228102	-0.21928109465875972	0.04377345870421409	-0.18573849519089547	0.0030593904007516002
268.0	268.421	2600.0	2598.6136957131616	0.0024094925252555097	0.031203750897481487	28.249772431120764	-39.72661920740576	-11.614199290499526	-0.49216537982821507	41.392464598894804	12.70449646862653	-39.391492333852504	-0.4921653798295083	41.39246459889055	-6.744391449668108e-14	0.0	-6.744391449668108e-14	-4.127775573706853	-4.161682166873582	0.032535951171007986	0.03734791956690909	1.4762205304217653	0.0042904802383927545	1.053810553975033	0.0	0.0	0.0	0.0	0.0	0.0	0.0	0.0	0.0	0.0	0.0	0.0	0.0	0.0	0.0	0.0	0.0	0.0	0.0	0.0	0.0	0.0	0.0	0.0	0.0	0.0	0.0	0.0	0.0	0.0	0.0	0.0	0.0	0.0	0.0	0.0	0.0	0.0	0.0	0.0	0.0	0.0	0.0	0.0	0.0	0.0	0.0	0.0	30422.911626836543	1747.8287388988947	87.57196601580729	30473.203408963414	-30327.746846671544	-1966.8698826343468	-2212.4939300595533	30471.887623210358	0.0	0.0	0.0	0.0	0.0	0.0	0.0	0.0	0.0	0.0	0.0	0.0	0.0	0.0	0.0	0.0	0.0	0.0	0.0	0.0	0.0	0.0	0.0	0.0	0.0	0.0	0.0	0.0	30367.127960357055	1186.3536870021783	2228.4612830823203	30471.887623210358	0.0	0.0	0.0	0.0	0.0	0.0	0.0	0.0	0.0	0.0	0.0	0.0	0.0	0.0	0.0	0.0	0.0	0.0	0.0	0.0	0.0	0.0	0.0	0.0	0.0	0.0	0.0	0.0	0.0	0.0	0.0	0.0	0.0	0.0	0.0	0.0	0.0	0.0	0.0	0.0	0.0	0.0	0.0	0.0	0.0	0.0	0.0	0.0	0.0	0.0	0.0	0.0	0.0	0.0	0.0	0.0	0.0	0.0	0.0	0.0	0.0	0.0	0.0	0.0	0.0	0.0	0.0	0.0	0.0	0.0	0.0	0.0	0.0	0.0	0.0	0.0	0.0	0.0	0.0	0.0	0.0	0.0	0.0	0.0	0.0	0.0	0.0	0.0	0.0	0.0	0.0	0.0	0.0	0.0	0.0	0.0	0.0	0.0	0.0	0.0	29.780335108076365	-0.8196648919236331	0.12265611387684495	-0.41712953257683394	28.17904922824272	-0.21925549477685013	0.04371275280730863	-0.18497483931577316	0.0031371867952712097
269.0	269.4209	2600.0	2598.575362188676	0.0012775159266433201	0.031463699284812394	28.249889428535088	-40.979143959906644	-7.914440756645488	-17.03609427918725	45.0794534180103	8.32822133792979	-40.897057859012406	-17.036094279188603	45.07945341800809	-5.320601146278648e-14	0.0	-5.320601146278648e-14	-4.0440882700582845	-4.075762287115339	0.03032454679914551	-0.03104305987925992	1.4750225608870726	0.005770253989813303	1.0550156190978761	0.0	0.0	0.0	0.0	0.0	0.0	0.0	0.0	0.0	0.0	0.0	0.0	0.0	0.0	0.0	0.0	0.0	0.0	0.0	0.0	0.0	0.0	0.0	0.0	0.0	0.0	0.0	0.0	0.0	0.0	0.0	0.0	0.0	0.0	0.0	0.0	0.0	0.0	0.0	0.0	0.0	0.0	0.0	0.0	0.0	0.0	0.0	0.0	30479.891837614796	1557.0355591180933	86.02036196815163	30519.756972619034	-30386.143549061748	-1777.9016945591713	-2212.705482057464	30518.432459253716	0.0	0.0	0.0	0.0	0.0	0.0	0.0	0.0	0.0	0.0	0.0	0.0	0.0	0.0	0.0	0.0	0.0	0.0	0.0	0.0	0.0	0.0	0.0	0.0	0.0	0.0	0.0	0.0	30420.632947041344	993.9389773399256	2229.774917057099	30518.432459253716	0.0	0.0	0.0	0.0	0.0	0.0	0.0	0.0	0.0	0.0	0.0	0.0	0.0	0.0	0.0	0.0	0.0	0.0	0.0	0.0	0.0	0.0	0.0	0.0	0.0	0.0	0.0	0.0	0.0	0.0	0.0	0.0	0.0	0.0	0.0	0.0	0.0	0.0	0.0	0.0	0.0	0.0	0.0	0.0	0.0	0.0	0.0	0.0	0.0	0.0	0.0	0.0	0.0	0.0	0.0	0.0	0.0	0.0	0.0	0.0	0.0	0.0	0.0	0.0	0.0	0.0	0.0	0.0	0.0	0.0	0.0	0.0	0.0	0.0	0.0	0.0	0.0	0.0	0.0	0.0	0.0	0.0	0.0	0.0	0.0	0.0	0.0	0.0	0.0	0.0	0.0	0.0	0.0	0.0	0.0	0.0	0.0	0.0	0.0	0.0	29.780649971983333	-0.8193500280166538	0.12277583469630184	-0.4176787143138668	28.21530744895829	-0.2192338850799064	0.04364071679772379	-0.18413398294147196	0.0032267689680463207
270.0	270.4208	2600.0	2598.4820038189087	0.00014686920455523673	0.03169380603369459	28.250007014192843	-38.67090077267495	-6.910897980400478	-17.558223746185824	43.02894721680625	6.626696401775916	-38.72061430639588	-17.558223746187107	43.02894721681148	-1.6127435772330695e-14	0.0	-1.6127435772330695e-14	-3.9587971005384466	-3.988880096126954	0.028760887343886255	-0.09942633923922327	1.4740832106730184	0.007262327150073349	1.0564948955261892	0.0	0.0	0.0	0.0	0.0	0.0	0.0	0.0	0.0	0.0	0.0	0.0	0.0	0.0	0.0	0.0	0.0	0.0	0.0	0.0	0.0	0.0	0.0	0.0	0.0	0.0	0.0	0.0	0.0	0.0	0.0	0.0	0.0	0.0	0.0	0.0	0.0	0.0	0.0	0.0	0.0	0.0	0.0	0.0	0.0	0.0	0.0	0.0	30568.109393843384	1486.3960631967288	81.94109112633203	30604.33628610622	-30475.730378258286	-1709.1023163987422	-2201.1776219989206	30602.881494065292	0.0	0.0	0.0	0.0	0.0	0.0	0.0	0.0	0.0	0.0	0.0	0.0	0.0	0.0	0.0	0.0	0.0	0.0	0.0	0.0	0.0	0.0	0.0	0.0	0.0	0.0	0.0	0.0	30508.402114421893	920.7333251632384	2219.4608148095813	30602.881494065292	0.0	0.0	0.0	0.0	0.0	0.0	0.0	0.0	0.0	0.0	0.0	0.0	0.0	0.0	0.0	0.0	0.0	0.0	0.0	0.0	0.0	0.0	0.0	0.0	0.0	0.0	0.0	0.0	0.0	0.0	0.0	0.0	0.0	0.0	0.0	0.0	0.0	0.0	0.0	0.0	0.0	0.0	0.0	0.0	0.0	0.0	0.0	0.0	0.0	0.0	0.0	0.0	0.0	0.0	0.0	0.0	0.0	0.0	0.0	0.0	0.0	0.0	0.0	0.0	0.0	0.0	0.0	0.0	0.0	0.0	0.0	0.0	0.0	0.0	0.0	0.0	0.0	0.0	0.0	0.0	0.0	0.0	0.0	0.0	0.0	0.0	0.0	0.0	0.0	0.0	0.0	0.0	0.0	0.0	0.0	0.0	0.0	0.0	0.0	0.0	29.780890887548036	-0.8191091124519616	0.12289173893938028	-0.41835119842072926	28.25173122081697	-0.219215322811609	0.04357623621445525	-0.1832411452790241	0.0031692774969738304
271.0	271.4207	2600.0	2598.629070118417	-0.0009817842400803702	0.031894299168663764	28.250124948551964	-41.42305837118329	-8.865517640442706	-7.945942977268828	43.0999440562684	7.8357737523547275	-41.63013112587942	-7.945942977270207	43.09994405627501	-5.415396157839183e-13	0.0	-5.415396157839183e-13	-3.8725153350909025	-3.900685061028765	0.026880960526240633	-0.1677867261708368	1.4733830051548296	0.0087591220339552	1.0582346070308957	0.0	0.0	0.0	0.0	0.0	0.0	0.0	0.0	0.0	0.0	0.0	0.0	0.0	0.0	0.0	0.0	0.0	0.0	0.0	0.0	0.0	0.0	0.0	0.0	0.0	0.0	0.0	0.0	0.0	0.0	0.0	0.0	0.0	0.0	0.0	0.0	0.0	0.0	0.0	0.0	0.0	0.0	0.0	0.0	0.0	0.0	0.0	0.0	30634.715135460225	1293.0738724519654	84.02676636399467	30662.108080950322	-30542.95930322523	-1517.9746346483257	-2217.47341434802	30660.949077503272	0.0	0.0	0.0	0.0	0.0	0.0	0.0	0.0	0.0	0.0	0.0	0.0	0.0	0.0	0.0	0.0	0.0	0.0	0.0	0.0	0.0	0.0	0.0	0.0	0.0	0.0	0.0	0.0	30570.6787858369	725.6351558965399	2236.2581530220777	30660.949077503272	0.0	0.0	0.0	0.0	0.0	0.0	0.0	0.0	0.0	0.0	0.0	0.0	0.0	0.0	0.0	0.0	0.0	0.0	0.0	0.0	0.0	0.0	0.0	0.0	0.0	0.0	0.0	0.0	0.0	0.0	0.0	0.0	0.0	0.0	0.0	0.0	0.0	0.0	0.0	0.0	0.0	0.0	0.0	0.0	0.0	0.0	0.0	0.0	0.0	0.0	0.0	0.0	0.0	0.0	0.0	0.0	0.0	0.0	0.0	0.0	0.0	0.0	0.0	0.0	0.0	0.0	0.0	0.0	0.0	0.0	0.0	0.0	0.0	0.0	0.0	0.0	0.0	0.0	0.0	0.0	0.0	0.0	0.0	0.0	0.0	0.0	0.0	0.0	0.0	0.0	0.0	0.0	0.0	0.0	0.0	0.0	0.0	0.0	0.0	0.0	29.7810581064112	-0.8189418935888003	0.12299836304932267	-0.4191407342497138	28.28806050067683	-0.21919979049685392	0.043504290357166686	-0.1823023014185747	0.0031824946495431204
272.0	272.4206	2600.0	2598.561830132848	-0.0020958500333216903	0.03207731555068859	28.25024219572501	-42.2727908475281	-8.290315386770086	-16.30452308695723	46.06034789647265	6.497552725648347	-42.585208509859505	-16.30452308695864	46.06034789647121	-7.92514296136334e-15	0.0	-7.92514296136334e-15	-3.7853027532827976	-3.811038819586343	0.024486244195602015	-0.2360914725581627	1.4729451120139085	0.010274863853906815	1.0602569528733234	0.0	0.0	0.0	0.0	0.0	0.0	0.0	0.0	0.0	0.0	0.0	0.0	0.0	0.0	0.0	0.0	0.0	0.0	0.0	0.0	0.0	0.0	0.0	0.0	0.0	0.0	0.0	0.0	0.0	0.0	0.0	0.0	0.0	0.0	0.0	0.0	0.0	0.0	0.0	0.0	0.0	0.0	0.0	0.0	0.0	0.0	0.0	0.0	30679.945893786306	1062.4859500011107	83.19290466642255	30698.45073450762	-30589.796656488357	-1288.9675956160386	-2218.242931519035	30697.19366083957	0.0	0.0	0.0	0.0	0.0	0.0	0.0	0.0	0.0	0.0	0.0	0.0	0.0	0.0	0.0	0.0	0.0	0.0	0.0	0.0	0.0	0.0	0.0	0.0	0.0	0.0	0.0	0.0	30611.633115961817	493.0823533564938	2236.623888285169	30697.19366083957	0.0	0.0	0.0	0.0	0.0	0.0	0.0	0.0	0.0	0.0	0.0	0.0	0.0	0.0	0.0	0.0	0.0	0.0	0.0	0.0	0.0	0.0	0.0	0.0	0.0	0.0	0.0	0.0	0.0	0.0	0.0	0.0	0.0	0.0	0.0	0.0	0.0	0.0	0.0	0.0	0.0	0.0	0.0	0.0	0.0	0.0	0.0	0.0	0.0	0.0	0.0	0.0	0.0	0.0	0.0	0.0	0.0	0.0	0.0	0.0	0.0	0.0	0.0	0.0	0.0	0.0	0.0	0.0	0.0	0.0	0.0	0.0	0.0	0.0	0.0	0.0	0.0	0.0	0.0	0.0	0.0	0.0	0.0	0.0	0.0	0.0	0.0	0.0	0.0	0.0	0.0	0.0	0.0	0.0	0.0	0.0	0.0	0.0	0.0	0.0	29.781163821075598	-0.8188361789243999	0.12311673283651989	-0.4200586802288854	28.324269419241023	-0.21918797697477135	0.04341321098089227	-0.18129302850280535	0.0033101447368563495
273.0	273.4204	2600.0	2598.5220802031085	-0.00318896032333045	0.032238071384319604	28.250358145685198	-42.40472323424546	-7.944602161373042	-17.49005830347558	46.5529740782952	5.400488670988126	-42.803177197372854	-17.490058303476985	46.55297407829273	1.822061679442525e-15	0.0	1.822061679442525e-15	-3.696651279465693	-3.7204691881853553	0.022612075486869884	-0.3043069191376302	1.472763626216085	0.01182071797288724	1.062541515858738	0.0	0.0	0.0	0.0	0.0	0.0	0.0	0.0	0.0	0.0	0.0	0.0	0.0	0.0	0.0	0.0	0.0	0.0	0.0	0.0	0.0	0.0	0.0	0.0	0.0	0.0	0.0	0.0	0.0	0.0	0.0	0.0	0.0	0.0	0.0	0.0	0.0	0.0	0.0	0.0	0.0	0.0	0.0	0.0	0.0	0.0	0.0	0.0	30743.756445684678	886.9387578767115	82.3295826170572	30756.65779814146	-30654.87407035762	-1115.1738343084173	-2219.851719764277	30755.3679641124	0.0	0.0	0.0	0.0	0.0	0.0	0.0	0.0	0.0	0.0	0.0	0.0	0.0	0.0	0.0	0.0	0.0	0.0	0.0	0.0	0.0	0.0	0.0	0.0	0.0	0.0	0.0	0.0	30672.22472096559	315.1160604680028	2237.8541380020906	30755.3679641124	0.0	0.0	0.0	0.0	0.0	0.0	0.0	0.0	0.0	0.0	0.0	0.0	0.0	0.0	0.0	0.0	0.0	0.0	0.0	0.0	0.0	0.0	0.0	0.0	0.0	0.0	0.0	0.0	0.0	0.0	0.0	0.0	0.0	0.0	0.0	0.0	0.0	0.0	0.0	0.0	0.0	0.0	0.0	0.0	0.0	0.0	0.0	0.0	0.0	0.0	0.0	0.0	0.0	0.0	0.0	0.0	0.0	0.0	0.0	0.0	0.0	0.0	0.0	0.0	0.0	0.0	0.0	0.0	0.0	0.0	0.0	0.0	0.0	0.0	0.0	0.0	0.0	0.0	0.0	0.0	0.0	0.0	0.0	0.0	0.0	0.0	0.0	0.0	0.0	0.0	0.0	0.0	0.0	0.0	0.0	0.0	0.0	0.0	0.0	0.0	29.78120330498573	-0.8187966950142638	0.12325158361624304	-0.42109680265374266	28.360573121375843	-0.219179899843184	0.04332458269302437	-0.1802263775279248	0.00331801301865635
274.0	274.4203	2600.0	2598.4611961729956	-0.004274599205897909	0.032366357736935296	28.25047352380761	-42.85010007389791	-7.977085200032889	-19.755717024152307	47.85450156223582	4.650816556833886	-43.337453432177426	-19.755717024153736	47.85450156223449	3.123801937165889e-14	0.0	3.123801937165889e-14	-3.6069913168460515	-3.628633855505296	0.020485438995705284	-0.37241634070517887	1.4728347463257514	0.013390517056560353	1.065066000827508	0.0	0.0	0.0	0.0	0.0	0.0	0.0	0.0	0.0	0.0	0.0	0.0	0.0	0.0	0.0	0.0	0.0	0.0	0.0	0.0	0.0	0.0	0.0	0.0	0.0	0.0	0.0	0.0	0.0	0.0	0.0	0.0	0.0	0.0	0.0	0.0	0.0	0.0	0.0	0.0	0.0	0.0	0.0	0.0	0.0	0.0	0.0	0.0	30825.75084223914	780.8485930615429	81.66825164465409	30835.747262169923	-30737.62038714148	-1010.9971154326998	-2222.4575108137446	30834.440802758232	0.0	0.0	0.0	0.0	0.0	0.0	0.0	0.0	0.0	0.0	0.0	0.0	0.0	0.0	0.0	0.0	0.0	0.0	0.0	0.0	0.0	0.0	0.0	0.0	0.0	0.0	0.0	0.0	30752.279921259462	206.14752418620614	2239.982692249035	30834.440802758232	0.0	0.0	0.0	0.0	0.0	0.0	0.0	0.0	0.0	0.0	0.0	0.0	0.0	0.0	0.0	0.0	0.0	0.0	0.0	0.0	0.0	0.0	0.0	0.0	0.0	0.0	0.0	0.0	0.0	0.0	0.0	0.0	0.0	0.0	0.0	0.0	0.0	0.0	0.0	0.0	0.0	0.0	0.0	0.0	0.0	0.0	0.0	0.0	0.0	0.0	0.0	0.0	0.0	0.0	0.0	0.0	0.0	0.0	0.0	0.0	0.0	0.0	0.0	0.0	0.0	0.0	0.0	0.0	0.0	0.0	0.0	0.0	0.0	0.0	0.0	0.0	0.0	0.0	0.0	0.0	0.0	0.0	0.0	0.0	0.0	0.0	0.0	0.0	0.0	0.0	0.0	0.0	0.0	0.0	0.0	0.0	0.0	0.0	0.0	0.0	29.78116644198823	-0.8188335580117716	0.12339150135825724	-0.4222445078975345	28.396790161263684	-0.21917521021734054	0.04323060309168885	-0.17912342493141625	0.00337528955958553
275.0	275.4202	2600.0	2598.5145608818616	-0.00535661110504024	0.03242547203971029	28.250588156223802	-43.00152733098003	-6.901974568836521	-30.37997613552062	53.100956260134254	2.8092343124735635	-43.46121038723504	-30.379976135522064	53.10095626013506	-4.434663064248683e-14	0.0	-4.434663064248683e-14	-3.515875608515837	-3.5357569147480596	0.018777299230659263	-0.44039949712294646	1.4730948220390188	0.014974395535368508	1.0677207968111475	0.0	0.0	0.0	0.0	0.0	0.0	0.0	0.0	0.0	0.0	0.0	0.0	0.0	0.0	0.0	0.0	0.0	0.0	0.0	0.0	0.0	0.0	0.0	0.0	0.0	0.0	0.0	0.0	0.0	0.0	0.0	0.0	0.0	0.0	0.0	0.0	0.0	0.0	0.0	0.0	0.0	0.0	0.0	0.0	0.0	0.0	0.0	0.0	30934.220074791665	734.4191531731761	72.26830135883756	30943.02127840092	-30847.581613802056	-967.7155663139459	-2208.854959899825	30941.70009988686	0.0	0.0	0.0	0.0	0.0	0.0	0.0	0.0	0.0	0.0	0.0	0.0	0.0	0.0	0.0	0.0	0.0	0.0	0.0	0.0	0.0	0.0	0.0	0.0	0.0	0.0	0.0	0.0	30861.098739516332	157.37422875403988	2226.34746014326	30941.70009988686	0.0	0.0	0.0	0.0	0.0	0.0	0.0	0.0	0.0	0.0	0.0	0.0	0.0	0.0	0.0	0.0	0.0	0.0	0.0	0.0	0.0	0.0	0.0	0.0	0.0	0.0	0.0	0.0	0.0	0.0	0.0	0.0	0.0	0.0	0.0	0.0	0.0	0.0	0.0	0.0	0.0	0.0	0.0	0.0	0.0	0.0	0.0	0.0	0.0	0.0	0.0	0.0	0.0	0.0	0.0	0.0	0.0	0.0	0.0	0.0	0.0	0.0	0.0	0.0	0.0	0.0	0.0	0.0	0.0	0.0	0.0	0.0	0.0	0.0	0.0	0.0	0.0	0.0	0.0	0.0	0.0	0.0	0.0	0.0	0.0	0.0	0.0	0.0	0.0	0.0	0.0	0.0	0.0	0.0	0.0	0.0	0.0	0.0	0.0	0.0	29.781016579756226	-0.818983420243768	0.12353327411701706	-0.42345007933026446	28.4331102659238	-0.21917183197076176	0.04315636512114048	-0.17807485896950317	0.0033108645852825604
276.0	276.4201	2600.0	2598.474595390135	-0.006439114156853869	0.032417134667332634	28.250702010046005	-43.70212033379721	-7.8120506931008995	-24.236632928468257	50.579816462800466	2.8763846620913682	-44.30157862849592	-24.23663292846972	50.57981646279969	0.0	0.0	0.0	-3.4242005013352075	-3.4415197040300063	0.016272265397570505	-0.5082571359786968	1.4735571125116425	0.016551317452116538	1.0705287581959029	0.0	0.0	0.0	0.0	0.0	0.0	0.0	0.0	0.0	0.0	0.0	0.0	0.0	0.0	0.0	0.0	0.0	0.0	0.0	0.0	0.0	0.0	0.0	0.0	0.0	0.0	0.0	0.0	0.0	0.0	0.0	0.0	0.0	0.0	0.0	0.0	0.0	0.0	0.0	0.0	0.0	0.0	0.0	0.0	0.0	0.0	0.0	0.0	31044.865599687517	690.3709859534216	79.49643424694176	31052.64259099322	-30957.669480290224	-924.9404350651612	-2226.082816926741	31051.38095426882	0.0	0.0	0.0	0.0	0.0	0.0	0.0	0.0	0.0	0.0	0.0	0.0	0.0	0.0	0.0	0.0	0.0	0.0	0.0	0.0	0.0	0.0	0.0	0.0	0.0	0.0	0.0	0.0	30970.07229013882	108.75668354256965	2243.001001891858	31051.38095426882	0.0	0.0	0.0	0.0	0.0	0.0	0.0	0.0	0.0	0.0	0.0	0.0	0.0	0.0	0.0	0.0	0.0	0.0	0.0	0.0	0.0	0.0	0.0	0.0	0.0	0.0	0.0	0.0	0.0	0.0	0.0	0.0	0.0	0.0	0.0	0.0	0.0	0.0	0.0	0.0	0.0	0.0	0.0	0.0	0.0	0.0	0.0	0.0	0.0	0.0	0.0	0.0	0.0	0.0	0.0	0.0	0.0	0.0	0.0	0.0	0.0	0.0	0.0	0.0	0.0	0.0	0.0	0.0	0.0	0.0	0.0	0.0	0.0	0.0	0.0	0.0	0.0	0.0	0.0	0.0	0.0	0.0	0.0	0.0	0.0	0.0	0.0	0.0	0.0	0.0	0.0	0.0	0.0	0.0	0.0	0.0	0.0	0.0	0.0	0.0	29.78075574604613	-0.8192442539538728	0.12366873066967972	-0.42472200899597595	28.469154346102222	-0.21916942721655955	0.043078753654441346	-0.1770703847585734	0.00340652650347241
277.0	277.4201	2600.0	2598.5246641600993	-0.007505552757149518	0.03234338313790773	28.250813629467316	-44.40139359687964	-8.297885143638268	-21.723714391626935	50.12243428018054	2.494258614973659	-45.10118984199652	-21.723714391628437	50.122434280182624	7.685972324015096e-13	0.0	7.685972324015096e-13	-3.3310981326855438	-3.3463770361935277	0.014292546700456162	-0.5759388256965328	1.4741452752816897	0.018145122636735487	1.0734031992428252	0.0	0.0	0.0	0.0	0.0	0.0	0.0	0.0	0.0	0.0	0.0	0.0	0.0	0.0	0.0	0.0	0.0	0.0	0.0	0.0	0.0	0.0	0.0	0.0	0.0	0.0	0.0	0.0	0.0	0.0	0.0	0.0	0.0	0.0	0.0	0.0	0.0	0.0	0.0	0.0	0.0	0.0	0.0	0.0	0.0	0.0	0.0	0.0	31141.305179770778	640.7552008938841	80.76640985346442	31148.001199756814	-31054.392663805575	-877.5089374694511	-2231.312078315444	31146.814913310107	0.0	0.0	0.0	0.0	0.0	0.0	0.0	0.0	0.0	0.0	0.0	0.0	0.0	0.0	0.0	0.0	0.0	0.0	0.0	0.0	0.0	0.0	0.0	0.0	0.0	0.0	0.0	0.0	31065.551192086237	55.8446758908146	2247.774398831269	31146.814913310107	0.0	0.0	0.0	0.0	0.0	0.0	0.0	0.0	0.0	0.0	0.0	0.0	0.0	0.0	0.0	0.0	0.0	0.0	0.0	0.0	0.0	0.0	0.0	0.0	0.0	0.0	0.0	0.0	0.0	0.0	0.0	0.0	0.0	0.0	0.0	0.0	0.0	0.0	0.0	0.0	0.0	0.0	0.0	0.0	0.0	0.0	0.0	0.0	0.0	0.0	0.0	0.0	0.0	0.0	0.0	0.0	0.0	0.0	0.0	0.0	0.0	0.0	0.0	0.0	0.0	0.0	0.0	0.0	0.0	0.0	0.0	0.0	0.0	0.0	0.0	0.0	0.0	0.0	0.0	0.0	0.0	0.0	0.0	0.0	0.0	0.0	0.0	0.0	0.0	0.0	0.0	0.0	0.0	0.0	0.0	0.0	0.0	0.0	0.0	0.0	29.780386273043888	-0.8196137269561028	0.12381528560642208	-0.4260239958653737	28.505290191951268	-0.2191679019586811	0.043021787044665416	-0.17614404075058396	0.0033584867159734597
278.0	278.4201	2600.0	2598.453606541646	-0.008563836345188222	0.03220215303827019	28.25092323072102	-43.02606564956295	-9.061282832173674	-20.322200913071544	48.439044393922465	2.6633093481850674	-43.88913254053479	-20.322200913073	48.439044393919076	2.3544633917128138e-14	0.0	2.3544633917128138e-14	-3.237069133795385	-3.250022820207974	0.012030884982164257	-0.6434392577506336	1.4749548996284216	0.01974613675149752	1.0764449705478583	0.0	0.0	0.0	0.0	0.0	0.0	0.0	0.0	0.0	0.0	0.0	0.0	0.0	0.0	0.0	0.0	0.0	0.0	0.0	0.0	0.0	0.0	0.0	0.0	0.0	0.0	0.0	0.0	0.0	0.0	0.0	0.0	0.0	0.0	0.0	0.0	0.0	0.0	0.0	0.0	0.0	0.0	0.0	0.0	0.0	0.0	0.0	0.0	31145.644580767537	586.7004018433065	77.96061126409847	31151.26757565294	-31059.697401718757	-824.7213649789388	-2221.4085887475403	31149.95383839836	0.0	0.0	0.0	0.0	0.0	0.0	0.0	0.0	0.0	0.0	0.0	0.0	0.0	0.0	0.0	0.0	0.0	0.0	0.0	0.0	0.0	0.0	0.0	0.0	0.0	0.0	0.0	0.0	31069.521918499704	-0.025971433919552655	2237.058758624943	31149.95383839836	0.0	0.0	0.0	0.0	0.0	0.0	0.0	0.0	0.0	0.0	0.0	0.0	0.0	0.0	0.0	0.0	0.0	0.0	0.0	0.0	0.0	0.0	0.0	0.0	0.0	0.0	0.0	0.0	0.0	0.0	0.0	0.0	0.0	0.0	0.0	0.0	0.0	0.0	0.0	0.0	0.0	0.0	0.0	0.0	0.0	0.0	0.0	0.0	0.0	0.0	0.0	0.0	0.0	0.0	0.0	0.0	0.0	0.0	0.0	0.0	0.0	0.0	0.0	0.0	0.0	0.0	0.0	0.0	0.0	0.0	0.0	0.0	0.0	0.0	0.0	0.0	0.0	0.0	0.0	0.0	0.0	0.0	0.0	0.0	0.0	0.0	0.0	0.0	0.0	0.0	0.0	0.0	0.0	0.0	0.0	0.0	0.0	0.0	0.0	0.0	29.779906495991668	-0.8200935040083372	0.12397085362205831	-0.42739970204701505	28.541306930282527	-0.2191673935990025	0.04296921153547539	-0.17525359449249725	0.00335782000914217
279.0	279.4201	2600.0	2598.494926702345	-0.009633659249266862	0.031990657498561614	28.251031822041327	-44.04273705508967	-5.7884499770207185	-49.056751438331816	66.18031204310319	-1.49817628526398	-44.3962195266431	-49.05675143833328	66.18031204309953	2.5667545674774007e-14	0.0	2.5667545674774007e-14	-3.1420976785719046	-3.152599543364324	0.009645185671730009	-0.7107412719756532	1.4759138400402476	0.02134490715236891	1.0796024701565905	0.0	0.0	0.0	0.0	0.0	0.0	0.0	0.0	0.0	0.0	0.0	0.0	0.0	0.0	0.0	0.0	0.0	0.0	0.0	0.0	0.0	0.0	0.0	0.0	0.0	0.0	0.0	0.0	0.0	0.0	0.0	0.0	0.0	0.0	0.0	0.0	0.0	0.0	0.0	0.0	0.0	0.0	0.0	0.0	0.0	0.0	0.0	0.0	31141.20384600925	533.398180104212	77.96390170654847	31145.86921193898	-31055.935154368195	-773.4632047724452	-2217.7699730063	31144.628064798388	0.0	0.0	0.0	0.0	0.0	0.0	0.0	0.0	0.0	0.0	0.0	0.0	0.0	0.0	0.0	0.0	0.0	0.0	0.0	0.0	0.0	0.0	0.0	0.0	0.0	0.0	0.0	0.0	31064.468128494587	-54.26179061256277	2232.4275680189958	31144.628064798388	0.0	0.0	0.0	0.0	0.0	0.0	0.0	0.0	0.0	0.0	0.0	0.0	0.0	0.0	0.0	0.0	0.0	0.0	0.0	0.0	0.0	0.0	0.0	0.0	0.0	0.0	0.0	0.0	0.0	0.0	0.0	0.0	0.0	0.0	0.0	0.0	0.0	0.0	0.0	0.0	0.0	0.0	0.0	0.0	0.0	0.0	0.0	0.0	0.0	0.0	0.0	0.0	0.0	0.0	0.0	0.0	0.0	0.0	0.0	0.0	0.0	0.0	0.0	0.0	0.0	0.0	0.0	0.0	0.0	0.0	0.0	0.0	0.0	0.0	0.0	0.0	0.0	0.0	0.0	0.0	0.0	0.0	0.0	0.0	0.0	0.0	0.0	0.0	0.0	0.0	0.0	0.0	0.0	0.0	0.0	0.0	0.0	0.0	0.0	0.0	29.779314144159002	-0.8206858558409956	0.12410968877643364	-0.4288249025446451	28.57721251324711	-0.2191678625145452	0.04292371876567592	-0.17442536434545833	0.0033652331636777905
280.0	280.4201	2600.0	2598.5209823267696	-0.010713436234051988	0.031714848039138155	28.251139032275336	-43.39786946453022	-4.347813299151311	-62.84916476089252	76.50030108232579	-3.5730196304812125	-43.468518323777985	-62.84916476089396	76.50030108232528	-2.646668090803095e-14	0.0	-2.646668090803095e-14	-3.046306623265874	-3.0540054288382237	0.006910348842160112	-0.7778266735108058	1.477020598649404	0.022938903959504302	1.0828858238306878	0.0	0.0	0.0	0.0	0.0	0.0	0.0	0.0	0.0	0.0	0.0	0.0	0.0	0.0	0.0	0.0	0.0	0.0	0.0	0.0	0.0	0.0	0.0	0.0	0.0	0.0	0.0	0.0	0.0	0.0	0.0	0.0	0.0	0.0	0.0	0.0	0.0	0.0	0.0	0.0	0.0	0.0	0.0	0.0	0.0	0.0	0.0	0.0	31136.77649364893	483.47525950142534	75.68377099594889	31140.621810991357	-31052.73544089154	-724.2590369162185	-2205.8686819021655	31139.408892211715	0.0	0.0	0.0	0.0	0.0	0.0	0.0	0.0	0.0	0.0	0.0	0.0	0.0	0.0	0.0	0.0	0.0	0.0	0.0	0.0	0.0	0.0	0.0	0.0	0.0	0.0	0.0	0.0	31060.045131275052	-106.40936550946142	2219.247540596202	31139.408892211715	0.0	0.0	0.0	0.0	0.0	0.0	0.0	0.0	0.0	0.0	0.0	0.0	0.0	0.0	0.0	0.0	0.0	0.0	0.0	0.0	0.0	0.0	0.0	0.0	0.0	0.0	0.0	0.0	0.0	0.0	0.0	0.0	0.0	0.0	0.0	0.0	0.0	0.0	0.0	0.0	0.0	0.0	0.0	0.0	0.0	0.0	0.0	0.0	0.0	0.0	0.0	0.0	0.0	0.0	0.0	0.0	0.0	0.0	0.0	0.0	0.0	0.0	0.0	0.0	0.0	0.0	0.0	0.0	0.0	0.0	0.0	0.0	0.0	0.0	0.0	0.0	0.0	0.0	0.0	0.0	0.0	0.0	0.0	0.0	0.0	0.0	0.0	0.0	0.0	0.0	0.0	0.0	0.0	0.0	0.0	0.0	0.0	0.0	0.0	0.0	29.778615698091347	-0.821384301908651	0.12422440534916708	-0.43030395621914036	28.612955953134232	-0.21916934161494397	0.04287953458192105	-0.17364848038643735	0.003437803431568281
281.0	281.4201	2600.0	2598.4513766842056	-0.011798499570707699	0.031377530979001526	28.251244266191264	-42.9269255875406	-5.214598874306829	-71.19677876301542	83.30002573857908	-3.388230708114861	-43.109545050792796	-71.19677876301684	83.30002573857777	3.014173180489326e-14	0.0	3.014173180489326e-14	-2.9493400361660522	-2.954647115330674	0.00458842156658556	-0.8446617438739752	1.478226107963883	0.02453753204632925	1.0862494785870178	0.0	0.0	0.0	0.0	0.0	0.0	0.0	0.0	0.0	0.0	0.0	0.0	0.0	0.0	0.0	0.0	0.0	0.0	0.0	0.0	0.0	0.0	0.0	0.0	0.0	0.0	0.0	0.0	0.0	0.0	0.0	0.0	0.0	0.0	0.0	0.0	0.0	0.0	0.0	0.0	0.0	0.0	0.0	0.0	0.0	0.0	0.0	0.0	31133.830759395358	428.65026275367586	74.80340486435088	31136.871299984705	-31050.729172996274	-670.5151043090286	-2197.368518013842	31135.603432145443	0.0	0.0	0.0	0.0	0.0	0.0	0.0	0.0	0.0	0.0	0.0	0.0	0.0	0.0	0.0	0.0	0.0	0.0	0.0	0.0	0.0	0.0	0.0	0.0	0.0	0.0	0.0	0.0	31056.67814502968	-163.19087285862008	2209.505016712624	31135.603432145443	0.0	0.0	0.0	0.0	0.0	0.0	0.0	0.0	0.0	0.0	0.0	0.0	0.0	0.0	0.0	0.0	0.0	0.0	0.0	0.0	0.0	0.0	0.0	0.0	0.0	0.0	0.0	0.0	0.0	0.0	0.0	0.0	0.0	0.0	0.0	0.0	0.0	0.0	0.0	0.0	0.0	0.0	0.0	0.0	0.0	0.0	0.0	0.0	0.0	0.0	0.0	0.0	0.0	0.0	0.0	0.0	0.0	0.0	0.0	0.0	0.0	0.0	0.0	0.0	0.0	0.0	0.0	0.0	0.0	0.0	0.0	0.0	0.0	0.0	0.0	0.0	0.0	0.0	0.0	0.0	0.0	0.0	0.0	0.0	0.0	0.0	0.0	0.0	0.0	0.0	0.0	0.0	0.0	0.0	0.0	0.0	0.0	0.0	0.0	0.0	29.77781451698767	-0.82218548301233	0.12431109165811412	-0.431817393413289	28.64868908783979	-0.2191718002851604	0.04284976819296106	-0.17293914152712864	0.00340141921185281
282.0	282.4201	2600.0	2598.500781605481	-0.01287366853405929	0.030983585023150025	28.251346261245914	-43.0228937578322	-6.140731017509096	-65.35279587191073	78.48353899387278	-3.2562546320732504	-43.33676003692017	-65.35279587191218	78.48353899387006	-1.3657182293265304e-13	0.0	-1.3657182293265304e-13	-2.8517549482194555	-2.854137699118043	0.0017349242115749044	-0.9112352352180034	1.4796162380970417	0.026137264271388416	1.0897724415123087	0.0	0.0	0.0	0.0	0.0	0.0	0.0	0.0	0.0	0.0	0.0	0.0	0.0	0.0	0.0	0.0	0.0	0.0	0.0	0.0	0.0	0.0	0.0	0.0	0.0	0.0	0.0	0.0	0.0	0.0	0.0	0.0	0.0	0.0	0.0	0.0	0.0	0.0	0.0	0.0	0.0	0.0	0.0	0.0	0.0	0.0	0.0	0.0	31132.438678306833	381.23226167959575	74.74167563416457	31134.862492292425	-31050.20046665705	-624.6081270870163	-2190.474476871669	31133.635553302138	0.0	0.0	0.0	0.0	0.0	0.0	0.0	0.0	0.0	0.0	0.0	0.0	0.0	0.0	0.0	0.0	0.0	0.0	0.0	0.0	0.0	0.0	0.0	0.0	0.0	0.0	0.0	0.0	31055.007236231508	-212.27180064497873	2201.0745117099186	31133.635553302138	0.0	0.0	0.0	0.0	0.0	0.0	0.0	0.0	0.0	0.0	0.0	0.0	0.0	0.0	0.0	0.0	0.0	0.0	0.0	0.0	0.0	0.0	0.0	0.0	0.0	0.0	0.0	0.0	0.0	0.0	0.0	0.0	0.0	0.0	0.0	0.0	0.0	0.0	0.0	0.0	0.0	0.0	0.0	0.0	0.0	0.0	0.0	0.0	0.0	0.0	0.0	0.0	0.0	0.0	0.0	0.0	0.0	0.0	0.0	0.0	0.0	0.0	0.0	0.0	0.0	0.0	0.0	0.0	0.0	0.0	0.0	0.0	0.0	0.0	0.0	0.0	0.0	0.0	0.0	0.0	0.0	0.0	0.0	0.0	0.0	0.0	0.0	0.0	0.0	0.0	0.0	0.0	0.0	0.0	0.0	0.0	0.0	0.0	0.0	0.0	29.776916033364543	-0.8230839666354548	0.12438674730503302	-0.4334002321976577	28.68417697032947	-0.21917527158080433	0.042816763819161975	-0.1722568842209894	0.0034790997389342096
283.0	283.4201	2600.0	2598.5179456874753	-0.01392770654225044	0.03054512282924163	28.251444183201393	-42.571011825555615	-6.786597192132833	-67.98670629114687	80.50180856116545	-3.2789851490597357	-42.98368534330075	-67.9867062911483	80.50180856116529	2.388339640438211e-15	0.0	2.388339640438211e-15	-2.7529153219681164	-2.7530210903832883	-0.0004706162785744615	-0.9775085330710754	1.4810499095617047	0.02774735297202531	1.0932877703940855	0.0	0.0	0.0	0.0	0.0	0.0	0.0	0.0	0.0	0.0	0.0	0.0	0.0	0.0	0.0	0.0	0.0	0.0	0.0	0.0	0.0	0.0	0.0	0.0	0.0	0.0	0.0	0.0	0.0	0.0	0.0	0.0	0.0	0.0	0.0	0.0	0.0	0.0	0.0	0.0	0.0	0.0	0.0	0.0	0.0	0.0	0.0	0.0	31130.499571154756	331.64084806944305	72.96764659893871	31132.351557169983	-31049.41069006811	-576.2729975239872	-2179.21675604242	31131.125588998664	0.0	0.0	0.0	0.0	0.0	0.0	0.0	0.0	0.0	0.0	0.0	0.0	0.0	0.0	0.0	0.0	0.0	0.0	0.0	0.0	0.0	0.0	0.0	0.0	0.0	0.0	0.0	0.0	31052.987084958007	-263.693630335028	2188.4787430450415	31131.125588998664	0.0	0.0	0.0	0.0	0.0	0.0	0.0	0.0	0.0	0.0	0.0	0.0	0.0	0.0	0.0	0.0	0.0	0.0	0.0	0.0	0.0	0.0	0.0	0.0	0.0	0.0	0.0	0.0	0.0	0.0	0.0	0.0	0.0	0.0	0.0	0.0	0.0	0.0	0.0	0.0	0.0	0.0	0.0	0.0	0.0	0.0	0.0	0.0	0.0	0.0	0.0	0.0	0.0	0.0	0.0	0.0	0.0	0.0	0.0	0.0	0.0	0.0	0.0	0.0	0.0	0.0	0.0	0.0	0.0	0.0	0.0	0.0	0.0	0.0	0.0	0.0	0.0	0.0	0.0	0.0	0.0	0.0	0.0	0.0	0.0	0.0	0.0	0.0	0.0	0.0	0.0	0.0	0.0	0.0	0.0	0.0	0.0	0.0	0.0	0.0	29.775932882473438	-0.8240671175265605	0.1244696148889557	-0.43498024632350685	28.719690194199476	-0.21917964367264153	0.042801123666274296	-0.17166133033664568	0.00339922199863839
284.0	284.4201	2600.0	2598.5278719668277	-0.01496729664612902	0.030070754718693252	28.251538424195775	-42.69778353127185	-7.63622355106054	-68.54857968071032	81.11917408879243	-3.237377225141245	-43.254271665431574	-68.54857968071177	81.11917408879178	0.0	0.0	0.0	-2.6535528659704615	-2.6507997519958173	-0.003258078910941177	-1.043483353691375	1.4826906639262967	0.029357187928429555	1.0969602258872786	0.0	0.0	0.0	0.0	0.0	0.0	0.0	0.0	0.0	0.0	0.0	0.0	0.0	0.0	0.0	0.0	0.0	0.0	0.0	0.0	0.0	0.0	0.0	0.0	0.0	0.0	0.0	0.0	0.0	0.0	0.0	0.0	0.0	0.0	0.0	0.0	0.0	0.0	0.0	0.0	0.0	0.0	0.0	0.0	0.0	0.0	0.0	0.0	31128.467763189445	281.6146327752397	71.8889326745347	31129.824607664566	-31048.415582914746	-527.7934892242508	-2169.5983142607274	31128.601526922048	0.0	0.0	0.0	0.0	0.0	0.0	0.0	0.0	0.0	0.0	0.0	0.0	0.0	0.0	0.0	0.0	0.0	0.0	0.0	0.0	0.0	0.0	0.0	0.0	0.0	0.0	0.0	0.0	31050.775729777175	-315.35786649977473	2177.0872782253596	31128.601526922048	0.0	0.0	0.0	0.0	0.0	0.0	0.0	0.0	0.0	0.0	0.0	0.0	0.0	0.0	0.0	0.0	0.0	0.0	0.0	0.0	0.0	0.0	0.0	0.0	0.0	0.0	0.0	0.0	0.0	0.0	0.0	0.0	0.0	0.0	0.0	0.0	0.0	0.0	0.0	0.0	0.0	0.0	0.0	0.0	0.0	0.0	0.0	0.0	0.0	0.0	0.0	0.0	0.0	0.0	0.0	0.0	0.0	0.0	0.0	0.0	0.0	0.0	0.0	0.0	0.0	0.0	0.0	0.0	0.0	0.0	0.0	0.0	0.0	0.0	0.0	0.0	0.0	0.0	0.0	0.0	0.0	0.0	0.0	0.0	0.0	0.0	0.0	0.0	0.0	0.0	0.0	0.0	0.0	0.0	0.0	0.0	0.0	0.0	0.0	0.0	29.774874347003053	-0.825125652996956	0.12455195668622113	-0.4366288580616196	28.754920962750344	-0.219185067101572	0.042780920375125306	-0.1710717219414515	0.00344961795124067
285.0	285.4201	2600.0	2598.5436669829705	-0.015993148013883848	0.029557231247963094	28.251628789434502	-43.33142504022908	-8.66835565740439	-70.28190151124141	83.01986789832951	-3.1652947172296995	-44.07645284245519	-70.28190151124289	83.01986789832986	1.9250133809064093e-15	0.0	1.9250133809064093e-15	-2.5532453385024363	-2.5478371941182463	-0.005842133583932699	-1.1091228847616346	1.4844220702417248	0.030974367597067322	1.1006792387956854	0.0	0.0	0.0	0.0	0.0	0.0	0.0	0.0	0.0	0.0	0.0	0.0	0.0	0.0	0.0	0.0	0.0	0.0	0.0	0.0	0.0	0.0	0.0	0.0	0.0	0.0	0.0	0.0	0.0	0.0	0.0	0.0	0.0	0.0	0.0	0.0	0.0	0.0	0.0	0.0	0.0	0.0	0.0	0.0	0.0	0.0	0.0	0.0	31125.219343043544	246.9669631472329	70.05391121287664	31126.277955835554	-31046.1887145885	-495.709864803862	-2157.5682099651804	31125.01666750651	0.0	0.0	0.0	0.0	0.0	0.0	0.0	0.0	0.0	0.0	0.0	0.0	0.0	0.0	0.0	0.0	0.0	0.0	0.0	0.0	0.0	0.0	0.0	0.0	0.0	0.0	0.0	0.0	31047.74736442177	-350.56897448296536	2163.595974697996	31125.01666750651	0.0	0.0	0.0	0.0	0.0	0.0	0.0	0.0	0.0	0.0	0.0	0.0	0.0	0.0	0.0	0.0	0.0	0.0	0.0	0.0	0.0	0.0	0.0	0.0	0.0	0.0	0.0	0.0	0.0	0.0	0.0	0.0	0.0	0.0	0.0	0.0	0.0	0.0	0.0	0.0	0.0	0.0	0.0	0.0	0.0	0.0	0.0	0.0	0.0	0.0	0.0	0.0	0.0	0.0	0.0	0.0	0.0	0.0	0.0	0.0	0.0	0.0	0.0	0.0	0.0	0.0	0.0	0.0	0.0	0.0	0.0	0.0	0.0	0.0	0.0	0.0	0.0	0.0	0.0	0.0	0.0	0.0	0.0	0.0	0.0	0.0	0.0	0.0	0.0	0.0	0.0	0.0	0.0	0.0	0.0	0.0	0.0	0.0	0.0	0.0	29.77373793567426	-0.8262620643257391	0.12462472198745649	-0.43829775600665366	28.790049894719008	-0.21919145768094786	0.042769977620417995	-0.17053890092465396	0.0034467350376393402
286.0	286.4202	2600.0	2598.5428509002268	-0.017005746228287922	0.029004198328006523	28.251715114543554	-42.020639917376684	-9.062107866060616	-69.42411994084331	81.65515542574481	-3.185838674115075	-42.868478046035314	-69.42411994084476	81.65515542573962	-2.5929878811571822e-14	0.0	-2.5929878811571822e-14	-2.452223476656399	-2.4440906926502675	-0.008496751220453997	-1.1744112095100092	1.486246770570488	0.03259414818886242	1.1044551130949298	0.0	0.0	0.0	0.0	0.0	0.0	0.0	0.0	0.0	0.0	0.0	0.0	0.0	0.0	0.0	0.0	0.0	0.0	0.0	0.0	0.0	0.0	0.0	0.0	0.0	0.0	0.0	0.0	0.0	0.0	0.0	0.0	0.0	0.0	0.0	0.0	0.0	0.0	0.0	0.0	0.0	0.0	0.0	0.0	0.0	0.0	0.0	0.0	31123.76403113482	178.3973880628067	71.86787621759375	31124.35827588194	-31045.771463674115	-426.56300901876233	-2151.900578239654	31123.183607625575	0.0	0.0	0.0	0.0	0.0	0.0	0.0	0.0	0.0	0.0	0.0	0.0	0.0	0.0	0.0	0.0	0.0	0.0	0.0	0.0	0.0	0.0	0.0	0.0	0.0	0.0	0.0	0.0	31045.564177864406	-423.0091701111676	2155.58947716807	31123.183607625575	0.0	0.0	0.0	0.0	0.0	0.0	0.0	0.0	0.0	0.0	0.0	0.0	0.0	0.0	0.0	0.0	0.0	0.0	0.0	0.0	0.0	0.0	0.0	0.0	0.0	0.0	0.0	0.0	0.0	0.0	0.0	0.0	0.0	0.0	0.0	0.0	0.0	0.0	0.0	0.0	0.0	0.0	0.0	0.0	0.0	0.0	0.0	0.0	0.0	0.0	0.0	0.0	0.0	0.0	0.0	0.0	0.0	0.0	0.0	0.0	0.0	0.0	0.0	0.0	0.0	0.0	0.0	0.0	0.0	0.0	0.0	0.0	0.0	0.0	0.0	0.0	0.0	0.0	0.0	0.0	0.0	0.0	0.0	0.0	0.0	0.0	0.0	0.0	0.0	0.0	0.0	0.0	0.0	0.0	0.0	0.0	0.0	0.0	0.0	0.0	29.772524100585898	-0.8274758994140968	0.12468127223189704	-0.4399912880947674	28.824981334409273	-0.21919883482872832	0.04276294654235299	-0.17005801631248435	0.00345639504849837
287.0	287.4202	2600.0	2598.5351923236008	-0.01799683589947015	0.02841090154654909	28.251796645447122	-42.166275768853666	-8.921085267346825	-72.66055247027847	84.48157467666178	-4.111667482216945	-42.9030857290927	-72.66055247027988	84.48157467666246	5.310605045769868e-15	0.0	5.310605045769868e-15	-2.350547818262853	-2.339467434688504	-0.011375803906111193	-1.23932415011522	1.4881811113498378	0.03422096872544959	1.1083059388866863	0.0	0.0	0.0	0.0	0.0	0.0	0.0	0.0	0.0	0.0	0.0	0.0	0.0	0.0	0.0	0.0	0.0	0.0	0.0	0.0	0.0	0.0	0.0	0.0	0.0	0.0	0.0	0.0	0.0	0.0	0.0	0.0	0.0	0.0	0.0	0.0	0.0	0.0	0.0	0.0	0.0	0.0	0.0	0.0	0.0	0.0	0.0	0.0	31124.990433179926	133.89087860140114	70.83220392521412	31125.35900891791	-31048.132081842145	-383.4821098633718	-2140.364756957958	31124.182328101866	0.0	0.0	0.0	0.0	0.0	0.0	0.0	0.0	0.0	0.0	0.0	0.0	0.0	0.0	0.0	0.0	0.0	0.0	0.0	0.0	0.0	0.0	0.0	0.0	0.0	0.0	0.0	0.0	31046.839904362798	-469.37303085475236	2141.995915892498	31124.182328101866	0.0	0.0	0.0	0.0	0.0	0.0	0.0	0.0	0.0	0.0	0.0	0.0	0.0	0.0	0.0	0.0	0.0	0.0	0.0	0.0	0.0	0.0	0.0	0.0	0.0	0.0	0.0	0.0	0.0	0.0	0.0	0.0	0.0	0.0	0.0	0.0	0.0	0.0	0.0	0.0	0.0	0.0	0.0	0.0	0.0	0.0	0.0	0.0	0.0	0.0	0.0	0.0	0.0	0.0	0.0	0.0	0.0	0.0	0.0	0.0	0.0	0.0	0.0	0.0	0.0	0.0	0.0	0.0	0.0	0.0	0.0	0.0	0.0	0.0	0.0	0.0	0.0	0.0	0.0	0.0	0.0	0.0	0.0	0.0	0.0	0.0	0.0	0.0	0.0	0.0	0.0	0.0	0.0	0.0	0.0	0.0	0.0	0.0	0.0	0.0	29.771232918715324	-0.8287670812846742	0.12472654217947116	-0.44171748931104154	28.859691490055003	-0.21920715851119976	0.042756020596780575	-0.16962101033715038	0.0035158519389500396
288.0	288.4202	2600.0	2598.5419611796624	-0.01894688801733034	0.027775013107173483	28.251871858701644	-40.9823614529414	-11.80027130923281	-71.6101385294609	83.3475392164617	-1.754041676365887	-42.61130942634917	-71.61013852946232	83.3475392164597	2.162118769363666e-14	0.0	2.162118769363666e-14	-2.247940940636901	-2.2343083179072294	-0.013861476466682537	-1.3038382887804782	1.490204889800414	0.03585598202072983	1.1121922081010451	0.0	0.0	0.0	0.0	0.0	0.0	0.0	0.0	0.0	0.0	0.0	0.0	0.0	0.0	0.0	0.0	0.0	0.0	0.0	0.0	0.0	0.0	0.0	0.0	0.0	0.0	0.0	0.0	0.0	0.0	0.0	0.0	0.0	0.0	0.0	0.0	0.0	0.0	0.0	0.0	0.0	0.0	0.0	0.0	0.0	0.0	0.0	0.0	31124.553989548844	80.71027099629777	70.02710979679306	31124.73741242312	-31048.86346862615	-331.49457519269765	-2128.866848377748	31123.526236673304	0.0	0.0	0.0	0.0	0.0	0.0	0.0	0.0	0.0	0.0	0.0	0.0	0.0	0.0	0.0	0.0	0.0	0.0	0.0	0.0	0.0	0.0	0.0	0.0	0.0	0.0	0.0	0.0	31046.236598796408	-524.6025711600247	2128.3492661633604	31123.526236673304	0.0	0.0	0.0	0.0	0.0	0.0	0.0	0.0	0.0	0.0	0.0	0.0	0.0	0.0	0.0	0.0	0.0	0.0	0.0	0.0	0.0	0.0	0.0	0.0	0.0	0.0	0.0	0.0	0.0	0.0	0.0	0.0	0.0	0.0	0.0	0.0	0.0	0.0	0.0	0.0	0.0	0.0	0.0	0.0	0.0	0.0	0.0	0.0	0.0	0.0	0.0	0.0	0.0	0.0	0.0	0.0	0.0	0.0	0.0	0.0	0.0	0.0	0.0	0.0	0.0	0.0	0.0	0.0	0.0	0.0	0.0	0.0	0.0	0.0	0.0	0.0	0.0	0.0	0.0	0.0	0.0	0.0	0.0	0.0	0.0	0.0	0.0	0.0	0.0	0.0	0.0	0.0	0.0	0.0	0.0	0.0	0.0	0.0	0.0	0.0	29.769862852721758	-0.8301371472782364	0.12478513427360556	-0.44345972209228546	28.894299484493708	-0.21921644350068278	0.04276088644700664	-0.16924610345574798	0.00348281680066006
289.0	289.4202	2600.0	2598.560177738684	-0.019862485295053165	0.02709189133551553	28.251940925182648	-39.68462437264679	-15.540570490239586	-60.080868857544395	73.6619952583259	1.4615323388716206	-42.5939275716846	-60.080868857545845	73.66199525832236	1.7025389552630733e-15	0.0	1.7025389552630733e-15	-2.144653660033842	-2.1284743373847475	-0.016344126421061884	-1.367939648020902	1.4923722593695765	0.03749572633565534	1.1161667895770877	0.0	0.0	0.0	0.0	0.0	0.0	0.0	0.0	0.0	0.0	0.0	0.0	0.0	0.0	0.0	0.0	0.0	0.0	0.0	0.0	0.0	0.0	0.0	0.0	0.0	0.0	0.0	0.0	0.0	0.0	0.0	0.0	0.0	0.0	0.0	0.0	0.0	0.0	0.0	0.0	0.0	0.0	0.0	0.0	0.0	0.0	0.0	0.0	31124.69693751644	26.630846416169724	69.53543370858827	31124.78600457789	-31050.15509002404	-278.68109402117585	-2117.5813313800136	31123.5271934548	0.0	0.0	0.0	0.0	0.0	0.0	0.0	0.0	0.0	0.0	0.0	0.0	0.0	0.0	0.0	0.0	0.0	0.0	0.0	0.0	0.0	0.0	0.0	0.0	0.0	0.0	0.0	0.0	31046.166296008625	-580.7114751911805	2114.775984561674	31123.5271934548	0.0	0.0	0.0	0.0	0.0	0.0	0.0	0.0	0.0	0.0	0.0	0.0	0.0	0.0	0.0	0.0	0.0	0.0	0.0	0.0	0.0	0.0	0.0	0.0	0.0	0.0	0.0	0.0	0.0	0.0	0.0	0.0	0.0	0.0	0.0	0.0	0.0	0.0	0.0	0.0	0.0	0.0	0.0	0.0	0.0	0.0	0.0	0.0	0.0	0.0	0.0	0.0	0.0	0.0	0.0	0.0	0.0	0.0	0.0	0.0	0.0	0.0	0.0	0.0	0.0	0.0	0.0	0.0	0.0	0.0	0.0	0.0	0.0	0.0	0.0	0.0	0.0	0.0	0.0	0.0	0.0	0.0	0.0	0.0	0.0	0.0	0.0	0.0	0.0	0.0	0.0	0.0	0.0	0.0	0.0	0.0	0.0	0.0	0.0	0.0	29.76841017161292	-0.8315898283870774	0.1248498028800893	-0.44524087723509614	28.928701954869556	-0.2192267817761748	0.04277022526735025	-0.16891405844154916	0.0034495321574595696
290.0	290.4202	2600.0	2598.612701149735	-0.020751772430410396	0.02636985549127046	28.252004411213395	-39.78037150637829	-14.424014291151252	-64.78679545959923	77.3812574941811	-0.36186821987939777	-42.31310904256679	-64.78679545960068	77.38125749418164	-4.0189634630845734e-15	0.0	-4.0189634630845734e-15	-2.0408235036786166	-2.0219147130931088	-0.0190125854399088	-1.4316143603858982	1.4947297374878021	0.03913765226174956	1.1202726298181211	0.0	0.0	0.0	0.0	0.0	0.0	0.0	0.0	0.0	0.0	0.0	0.0	0.0	0.0	0.0	0.0	0.0	0.0	0.0	0.0	0.0	0.0	0.0	0.0	0.0	0.0	0.0	0.0	0.0	0.0	0.0	0.0	0.0	0.0	0.0	0.0	0.0	0.0	0.0	0.0	0.0	0.0	0.0	0.0	0.0	0.0	0.0	0.0	31123.317463008418	-27.02350965486453	68.90848129429189	31123.405478065422	-31050.13988356471	-226.01660905233183	-2105.251358930801	31122.248530284305	0.0	0.0	0.0	0.0	0.0	0.0	0.0	0.0	0.0	0.0	0.0	0.0	0.0	0.0	0.0	0.0	0.0	0.0	0.0	0.0	0.0	0.0	0.0	0.0	0.0	0.0	0.0	0.0	31044.79430309906	-636.6708010638716	2099.9406063324614	31122.248530284305	0.0	0.0	0.0	0.0	0.0	0.0	0.0	0.0	0.0	0.0	0.0	0.0	0.0	0.0	0.0	0.0	0.0	0.0	0.0	0.0	0.0	0.0	0.0	0.0	0.0	0.0	0.0	0.0	0.0	0.0	0.0	0.0	0.0	0.0	0.0	0.0	0.0	0.0	0.0	0.0	0.0	0.0	0.0	0.0	0.0	0.0	0.0	0.0	0.0	0.0	0.0	0.0	0.0	0.0	0.0	0.0	0.0	0.0	0.0	0.0	0.0	0.0	0.0	0.0	0.0	0.0	0.0	0.0	0.0	0.0	0.0	0.0	0.0	0.0	0.0	0.0	0.0	0.0	0.0	0.0	0.0	0.0	0.0	0.0	0.0	0.0	0.0	0.0	0.0	0.0	0.0	0.0	0.0	0.0	0.0	0.0	0.0	0.0	0.0	0.0	29.76688412138649	-0.8331158786135193	0.12491255552573688	-0.44707941935972056	28.96284371409721	-0.2192382215610694	0.04278046256019675	-0.16859714746104304	0.00346303074628561
291.0	291.4202	2600.0	2598.511117583287	-0.021620652279589963	0.025616377068093086	28.252062746900666	-42.64560466315742	-10.061912899839626	-74.51814509316178	86.44561085686067	-6.207494536050944	-43.37460893050957	-74.51814509316327	86.44561085685885	-3.7861291835500675e-14	0.0	-3.7861291835500675e-14	-1.936287871864614	-1.914800669728413	-0.02153339479997027	-1.4948300584486698	1.4971565525490216	0.04078681912370507	1.1243855218815357	0.0	0.0	0.0	0.0	0.0	0.0	0.0	0.0	0.0	0.0	0.0	0.0	0.0	0.0	0.0	0.0	0.0	0.0	0.0	0.0	0.0	0.0	0.0	0.0	0.0	0.0	0.0	0.0	0.0	0.0	0.0	0.0	0.0	0.0	0.0	0.0	0.0	0.0	0.0	0.0	0.0	0.0	0.0	0.0	0.0	0.0	0.0	0.0	31118.947372644598	-72.89473199953545	67.59025647867836	31119.106151465017	-31047.118597106997	-181.4012076490818	-2090.1511279990573	31117.924277156402	0.0	0.0	0.0	0.0	0.0	0.0	0.0	0.0	0.0	0.0	0.0	0.0	0.0	0.0	0.0	0.0	0.0	0.0	0.0	0.0	0.0	0.0	0.0	0.0	0.0	0.0	0.0	0.0	31040.61750954597	-684.4262705835862	2082.5072929145313	31117.924277156402	0.0	0.0	0.0	0.0	0.0	0.0	0.0	0.0	0.0	0.0	0.0	0.0	0.0	0.0	0.0	0.0	0.0	0.0	0.0	0.0	0.0	0.0	0.0	0.0	0.0	0.0	0.0	0.0	0.0	0.0	0.0	0.0	0.0	0.0	0.0	0.0	0.0	0.0	0.0	0.0	0.0	0.0	0.0	0.0	0.0	0.0	0.0	0.0	0.0	0.0	0.0	0.0	0.0	0.0	0.0	0.0	0.0	0.0	0.0	0.0	0.0	0.0	0.0	0.0	0.0	0.0	0.0	0.0	0.0	0.0	0.0	0.0	0.0	0.0	0.0	0.0	0.0	0.0	0.0	0.0	0.0	0.0	0.0	0.0	0.0	0.0	0.0	0.0	0.0	0.0	0.0	0.0	0.0	0.0	0.0	0.0	0.0	0.0	0.0	0.0	29.765293145125625	-0.8347068548743657	0.12496601256328037	-0.4489210343834899	28.996796648308468	-0.21925065057249846	0.04279716950217048	-0.16834122142959804	0.0034447797473703703
292.0	292.4202	2600.0	2598.666627814513	-0.022469344019097896	0.024831228348670055	28.252115818464443	-39.01814093189023	-15.805670424893833	-63.57203195467055	76.2472149406578	-0.27046176724797993	-42.09704728117504	-63.57203195467198	76.24721494065778	-2.0539146182311993e-14	0.0	-2.0539146182311993e-14	-1.8312695985834528	-1.8070558097915352	-0.024206306018977438	-1.5575774413849406	1.4997104592388728	0.04243615714120589	1.1285692895109916	0.0	0.0	0.0	0.0	0.0	0.0	0.0	0.0	0.0	0.0	0.0	0.0	0.0	0.0	0.0	0.0	0.0	0.0	0.0	0.0	0.0	0.0	0.0	0.0	0.0	0.0	0.0	0.0	0.0	0.0	0.0	0.0	0.0	0.0	0.0	0.0	0.0	0.0	0.0	0.0	0.0	0.0	0.0	0.0	0.0	0.0	0.0	0.0	31121.425572467495	-124.67057140493536	67.7878906683513	31121.74910913796	-31050.84211786926	-130.49530558695878	-2079.1364808844733	31120.64642258847	0.0	0.0	0.0	0.0	0.0	0.0	0.0	0.0	0.0	0.0	0.0	0.0	0.0	0.0	0.0	0.0	0.0	0.0	0.0	0.0	0.0	0.0	0.0	0.0	0.0	0.0	0.0	0.0	31043.01711023318	-738.771118259615	2068.801510141535	31120.64642258847	0.0	0.0	0.0	0.0	0.0	0.0	0.0	0.0	0.0	0.0	0.0	0.0	0.0	0.0	0.0	0.0	0.0	0.0	0.0	0.0	0.0	0.0	0.0	0.0	0.0	0.0	0.0	0.0	0.0	0.0	0.0	0.0	0.0	0.0	0.0	0.0	0.0	0.0	0.0	0.0	0.0	0.0	0.0	0.0	0.0	0.0	0.0	0.0	0.0	0.0	0.0	0.0	0.0	0.0	0.0	0.0	0.0	0.0	0.0	0.0	0.0	0.0	0.0	0.0	0.0	0.0	0.0	0.0	0.0	0.0	0.0	0.0	0.0	0.0	0.0	0.0	0.0	0.0	0.0	0.0	0.0	0.0	0.0	0.0	0.0	0.0	0.0	0.0	0.0	0.0	0.0	0.0	0.0	0.0	0.0	0.0	0.0	0.0	0.0	0.0	29.763638072741127	-0.8363619272588636	0.1250058577517443	-0.4507933763520574	29.030469425094548	-0.21926412476973872	0.04281470286649132	-0.16811776853977142	0.00346589196239636
293.0	293.4203	2600.0	2598.6565469721863	-0.02328111889840161	0.02401124554261357	28.252162346616142	-39.30193590693307	-15.67342653724791	-64.30418078706971	76.97614001849746	-1.239290795741908	-42.2937657790717	-64.30418078707115	76.97614001849998	8.148954786420996e-14	0.0	8.148954786420996e-14	-1.7257015773228201	-1.6987614962661504	-0.026883315914217144	-1.6198284895726887	1.5024048550935996	0.04409411193968816	1.1328254459411256	0.0	0.0	0.0	0.0	0.0	0.0	0.0	0.0	0.0	0.0	0.0	0.0	0.0	0.0	0.0	0.0	0.0	0.0	0.0	0.0	0.0	0.0	0.0	0.0	0.0	0.0	0.0	0.0	0.0	0.0	0.0	0.0	0.0	0.0	0.0	0.0	0.0	0.0	0.0	0.0	0.0	0.0	0.0	0.0	0.0	0.0	0.0	0.0	31120.02823342972	-176.47809332228871	66.99036090116786	31120.60072484686	-31050.805143060363	-79.72506986078912	-2065.0739086573985	31119.501704996594	0.0	0.0	0.0	0.0	0.0	0.0	0.0	0.0	0.0	0.0	0.0	0.0	0.0	0.0	0.0	0.0	0.0	0.0	0.0	0.0	0.0	0.0	0.0	0.0	0.0	0.0	0.0	0.0	31041.655224604863	-792.8269960392602	2051.938751132396	31119.501704996594	0.0	0.0	0.0	0.0	0.0	0.0	0.0	0.0	0.0	0.0	0.0	0.0	0.0	0.0	0.0	0.0	0.0	0.0	0.0	0.0	0.0	0.0	0.0	0.0	0.0	0.0	0.0	0.0	0.0	0.0	0.0	0.0	0.0	0.0	0.0	0.0	0.0	0.0	0.0	0.0	0.0	0.0	0.0	0.0	0.0	0.0	0.0	0.0	0.0	0.0	0.0	0.0	0.0	0.0	0.0	0.0	0.0	0.0	0.0	0.0	0.0	0.0	0.0	0.0	0.0	0.0	0.0	0.0	0.0	0.0	0.0	0.0	0.0	0.0	0.0	0.0	0.0	0.0	0.0	0.0	0.0	0.0	0.0	0.0	0.0	0.0	0.0	0.0	0.0	0.0	0.0	0.0	0.0	0.0	0.0	0.0	0.0	0.0	0.0	0.0	29.76191677098132	-0.8380832290186788	0.12505193920976646	-0.45269760111332213	29.063892882366687	-0.2192786144198739	0.042835560767384324	-0.16792783850497586	0.0034939135835046703
294.0	294.4203	2600.0	2598.6049433914195	-0.024050672307340853	0.023155378727387346	28.2522018655943	-39.737635013712854	-15.290661713737336	-67.01534748022412	79.39735996884403	-2.5059120388013985	-42.50416893647708	-67.01534748022559	79.39735996884389	-5.4883534060791985e-14	0.0	-5.4883534060791985e-14	-1.6193162826049392	-1.590209187752544	-0.029005756659203703	-1.68156073060698	1.5051246197131816	0.04575588399174553	1.1370398232167362	0.0	0.0	0.0	0.0	0.0	0.0	0.0	0.0	0.0	0.0	0.0	0.0	0.0	0.0	0.0	0.0	0.0	0.0	0.0	0.0	0.0	0.0	0.0	0.0	0.0	0.0	0.0	0.0	0.0	0.0	0.0	0.0	0.0	0.0	0.0	0.0	0.0	0.0	0.0	0.0	0.0	0.0	0.0	0.0	0.0	0.0	0.0	0.0	31117.279149910893	-229.39171347983438	66.62368152456847	31118.195978665473	-31049.37801997963	-27.8841550937223	-2050.9920473234	31117.056758824154	0.0	0.0	0.0	0.0	0.0	0.0	0.0	0.0	0.0	0.0	0.0	0.0	0.0	0.0	0.0	0.0	0.0	0.0	0.0	0.0	0.0	0.0	0.0	0.0	0.0	0.0	0.0	0.0	31038.850262483516	-847.8770444475616	2035.2150334815342	31117.056758824154	0.0	0.0	0.0	0.0	0.0	0.0	0.0	0.0	0.0	0.0	0.0	0.0	0.0	0.0	0.0	0.0	0.0	0.0	0.0	0.0	0.0	0.0	0.0	0.0	0.0	0.0	0.0	0.0	0.0	0.0	0.0	0.0	0.0	0.0	0.0	0.0	0.0	0.0	0.0	0.0	0.0	0.0	0.0	0.0	0.0	0.0	0.0	0.0	0.0	0.0	0.0	0.0	0.0	0.0	0.0	0.0	0.0	0.0	0.0	0.0	0.0	0.0	0.0	0.0	0.0	0.0	0.0	0.0	0.0	0.0	0.0	0.0	0.0	0.0	0.0	0.0	0.0	0.0	0.0	0.0	0.0	0.0	0.0	0.0	0.0	0.0	0.0	0.0	0.0	0.0	0.0	0.0	0.0	0.0	0.0	0.0	0.0	0.0	0.0	0.0	29.76012930737037	-0.839870692629628	0.12510582392220487	-0.4545841002846929	29.09718335694596	-0.2192941062472701	0.04286892558871569	-0.1678209248849952	0.00339817172551789
295.0	295.4204	2600.0	2598.6574556461865	-0.024783205017995143	0.022265971981818893	28.252234689783133	-39.460877019479085	-15.373457588190377	-66.69187723540148	79.00196518153334	-3.0537782453448012	-42.23953659535983	-66.6918772354029	79.00196518153545	3.3428425695944843e-14	0.0	3.3428425695944843e-14	-1.5126504185738603	-1.4810344254776533	-0.03147538202507023	-1.742771039890284	1.5080435663512883	0.04741622568313583	1.141395144183894	0.0	0.0	0.0	0.0	0.0	0.0	0.0	0.0	0.0	0.0	0.0	0.0	0.0	0.0	0.0	0.0	0.0	0.0	0.0	0.0	0.0	0.0	0.0	0.0	0.0	0.0	0.0	0.0	0.0	0.0	0.0	0.0	0.0	0.0	0.0	0.0	0.0	0.0	0.0	0.0	0.0	0.0	0.0	0.0	0.0	0.0	0.0	0.0	31116.429787009605	-283.4513803783742	66.32248221054058	31117.791471224045	-31050.00567955333	25.250605492697208	-2036.5504317547186	31116.732282719735	0.0	0.0	0.0	0.0	0.0	0.0	0.0	0.0	0.0	0.0	0.0	0.0	0.0	0.0	0.0	0.0	0.0	0.0	0.0	0.0	0.0	0.0	0.0	0.0	0.0	0.0	0.0	0.0	31038.069449490617	-904.3184676390259	2017.7910972488762	31116.732282719735	0.0	0.0	0.0	0.0	0.0	0.0	0.0	0.0	0.0	0.0	0.0	0.0	0.0	0.0	0.0	0.0	0.0	0.0	0.0	0.0	0.0	0.0	0.0	0.0	0.0	0.0	0.0	0.0	0.0	0.0	0.0	0.0	0.0	0.0	0.0	0.0	0.0	0.0	0.0	0.0	0.0	0.0	0.0	0.0	0.0	0.0	0.0	0.0	0.0	0.0	0.0	0.0	0.0	0.0	0.0	0.0	0.0	0.0	0.0	0.0	0.0	0.0	0.0	0.0	0.0	0.0	0.0	0.0	0.0	0.0	0.0	0.0	0.0	0.0	0.0	0.0	0.0	0.0	0.0	0.0	0.0	0.0	0.0	0.0	0.0	0.0	0.0	0.0	0.0	0.0	0.0	0.0	0.0	0.0	0.0	0.0	0.0	0.0	0.0	0.0	29.75827920591498	-0.8417207940850171	0.1251600317170627	-0.45653210380698167	29.130117373885465	-0.21931079239500786	0.04289752902093067	-0.16771413485680828	0.00339191319366005
296.0	296.4204	2600.0	2598.606027898509	-0.025480307761399444	0.02134562251657857	28.252260923195273	-39.727429006266895	-16.21795374550129	-58.29551385610587	72.38547903334359	-3.152826802632262	-42.7942790836787	-58.29551385610731	72.3854790333446	8.288926345015413e-15	0.0	8.288926345015413e-15	-1.40553423125908	-1.3714432672346655	-0.033916717993036014	-1.803429028742149	1.5110945143409917	0.049081981523349305	1.145827753787331	0.0	0.0	0.0	0.0	0.0	0.0	0.0	0.0	0.0	0.0	0.0	0.0	0.0	0.0	0.0	0.0	0.0	0.0	0.0	0.0	0.0	0.0	0.0	0.0	0.0	0.0	0.0	0.0	0.0	0.0	0.0	0.0	0.0	0.0	0.0	0.0	0.0	0.0	0.0	0.0	0.0	0.0	0.0	0.0	0.0	0.0	0.0	0.0	31115.384249593048	-335.618059909881	66.01131717456745	31117.26424311681	-31050.320169753937	76.4104287046752	-2021.5817508225498	31116.153585767985	0.0	0.0	0.0	0.0	0.0	0.0	0.0	0.0	0.0	0.0	0.0	0.0	0.0	0.0	0.0	0.0	0.0	0.0	0.0	0.0	0.0	0.0	0.0	0.0	0.0	0.0	0.0	0.0	31037.01882494156	-958.779344104715	1999.8046411195148	31116.153585767985	0.0	0.0	0.0	0.0	0.0	0.0	0.0	0.0	0.0	0.0	0.0	0.0	0.0	0.0	0.0	0.0	0.0	0.0	0.0	0.0	0.0	0.0	0.0	0.0	0.0	0.0	0.0	0.0	0.0	0.0	0.0	0.0	0.0	0.0	0.0	0.0	0.0	0.0	0.0	0.0	0.0	0.0	0.0	0.0	0.0	0.0	0.0	0.0	0.0	0.0	0.0	0.0	0.0	0.0	0.0	0.0	0.0	0.0	0.0	0.0	0.0	0.0	0.0	0.0	0.0	0.0	0.0	0.0	0.0	0.0	0.0	0.0	0.0	0.0	0.0	0.0	0.0	0.0	0.0	0.0	0.0	0.0	0.0	0.0	0.0	0.0	0.0	0.0	0.0	0.0	0.0	0.0	0.0	0.0	0.0	0.0	0.0	0.0	0.0	0.0	29.75637026072346	-0.843629739276537	0.12520697258021113	-0.4585136174173557	29.162770430268157	-0.21932862786783627	0.042928575359890135	-0.1676317148780644	0.00339034059307135
297.0	297.4204	2600.0	2598.614638915493	-0.02615350780942655	0.020407927179928943	28.252281657765018	-39.14620380675842	-12.527732310450572	-70.10663716353054	81.26690546404177	-6.907197440843447	-40.517403332836686	-70.1066371635319	81.26690546404285	0.0	0.0	0.0	-1.2977980635652413	-1.2616035301935498	-0.035992574954039604	-1.8635111138836293	1.5141612827805953	0.050751793426007365	1.1502090057696326	0.0	0.0	0.0	0.0	0.0	0.0	0.0	0.0	0.0	0.0	0.0	0.0	0.0	0.0	0.0	0.0	0.0	0.0	0.0	0.0	0.0	0.0	0.0	0.0	0.0	0.0	0.0	0.0	0.0	0.0	0.0	0.0	0.0	0.0	0.0	0.0	0.0	0.0	0.0	0.0	0.0	0.0	0.0	0.0	0.0	0.0	0.0	0.0	31110.280538986925	-382.91833646905644	64.40667086504862	31112.703673678458	-31046.875452203298	123.1596154186661	-2002.7593455434765	31111.648761061435	0.0	0.0	0.0	0.0	0.0	0.0	0.0	0.0	0.0	0.0	0.0	0.0	0.0	0.0	0.0	0.0	0.0	0.0	0.0	0.0	0.0	0.0	0.0	0.0	0.0	0.0	0.0	0.0	31032.309056568152	-1008.5619007144998	1978.2027554627093	31111.648761061435	0.0	0.0	0.0	0.0	0.0	0.0	0.0	0.0	0.0	0.0	0.0	0.0	0.0	0.0	0.0	0.0	0.0	0.0	0.0	0.0	0.0	0.0	0.0	0.0	0.0	0.0	0.0	0.0	0.0	0.0	0.0	0.0	0.0	0.0	0.0	0.0	0.0	0.0	0.0	0.0	0.0	0.0	0.0	0.0	0.0	0.0	0.0	0.0	0.0	0.0	0.0	0.0	0.0	0.0	0.0	0.0	0.0	0.0	0.0	0.0	0.0	0.0	0.0	0.0	0.0	0.0	0.0	0.0	0.0	0.0	0.0	0.0	0.0	0.0	0.0	0.0	0.0	0.0	0.0	0.0	0.0	0.0	0.0	0.0	0.0	0.0	0.0	0.0	0.0	0.0	0.0	0.0	0.0	0.0	0.0	0.0	0.0	0.0	0.0	0.0	29.75441720680777	-0.8455827931922321	0.12523989200481958	-0.4604723558023917	29.19521858768518	-0.21934749518692148	0.04296691060237727	-0.16761519739073655	0.0033139249268307894
298.0	298.4204	2600.0	2598.65872296408	-0.026802203379017096	0.019454349016341816	28.252296874371638	-38.405653013403935	-11.768917518142189	-57.94938797910208	70.50980903454014	-7.928195277110715	-39.37823412220313	-57.94938797910341	70.50980903454284	0.0	0.0	0.0	-1.18979007409436	-1.1513439341267575	-0.03822288971624431	-1.9230152542076475	1.5174006574305572	0.052418412563936284	1.1546979159441797	0.0	0.0	0.0	0.0	0.0	0.0	0.0	0.0	0.0	0.0	0.0	0.0	0.0	0.0	0.0	0.0	0.0	0.0	0.0	0.0	0.0	0.0	0.0	0.0	0.0	0.0	0.0	0.0	0.0	0.0	0.0	0.0	0.0	0.0	0.0	0.0	0.0	0.0	0.0	0.0	0.0	0.0	0.0	0.0	0.0	0.0	0.0	0.0	31109.139314012147	-435.40978577008934	64.5458988559439	31112.25316034214	-31047.054300515312	174.49634905853858	-1988.9960207010824	31111.18986611322	0.0	0.0	0.0	0.0	0.0	0.0	0.0	0.0	0.0	0.0	0.0	0.0	0.0	0.0	0.0	0.0	0.0	0.0	0.0	0.0	0.0	0.0	0.0	0.0	0.0	0.0	0.0	0.0	31031.095857349035	-1063.2237062645097	1961.3210159987334	31111.18986611322	0.0	0.0	0.0	0.0	0.0	0.0	0.0	0.0	0.0	0.0	0.0	0.0	0.0	0.0	0.0	0.0	0.0	0.0	0.0	0.0	0.0	0.0	0.0	0.0	0.0	0.0	0.0	0.0	0.0	0.0	0.0	0.0	0.0	0.0	0.0	0.0	0.0	0.0	0.0	0.0	0.0	0.0	0.0	0.0	0.0	0.0	0.0	0.0	0.0	0.0	0.0	0.0	0.0	0.0	0.0	0.0	0.0	0.0	0.0	0.0	0.0	0.0	0.0	0.0	0.0	0.0	0.0	0.0	0.0	0.0	0.0	0.0	0.0	0.0	0.0	0.0	0.0	0.0	0.0	0.0	0.0	0.0	0.0	0.0	0.0	0.0	0.0	0.0	0.0	0.0	0.0	0.0	0.0	0.0	0.0	0.0	0.0	0.0	0.0	0.0	29.752422757437817	-0.8475772425621814	0.12526304925682874	-0.4624776459430659	29.22731840092916	-0.21936751081061476	0.04299933970902843	-0.16759244611762283	0.00328416372207125
299.0	299.4205	2600.0	2598.7631672575944	-0.027403032748314	0.01847734526485273	28.2523048700732	-38.956355490608985	-8.178786463647384	-46.94499842523971	61.54935465359812	-12.01191470155936	-37.95002090027264	-46.944998425240996	61.54935465359933	0.0	0.0	0.0	-1.081420197238506	-1.040756349346801	-0.040426038209004735	-1.9819121089362444	1.520771534870067	0.05408865218986516	1.1592355478745069	0.0	0.0	0.0	0.0	0.0	0.0	0.0	0.0	0.0	0.0	0.0	0.0	0.0	0.0	0.0	0.0	0.0	0.0	0.0	0.0	0.0	0.0	0.0	0.0	0.0	0.0	0.0	0.0	0.0	0.0	0.0	0.0	0.0	0.0	0.0	0.0	0.0	0.0	0.0	0.0	0.0	0.0	0.0	0.0	0.0	0.0	0.0	0.0	31105.4511434193	-488.0147371718689	63.8405110203653	31109.34465446338	-31045.011004875287	226.11610624802017	-1972.0125145399722	31108.4019220505	0.0	0.0	0.0	0.0	0.0	0.0	0.0	0.0	0.0	0.0	0.0	0.0	0.0	0.0	0.0	0.0	0.0	0.0	0.0	0.0	0.0	0.0	0.0	0.0	0.0	0.0	0.0	0.0	31027.64496850757	-1118.0157564357303	1941.123030733242	31108.4019220505	0.0	0.0	0.0	0.0	0.0	0.0	0.0	0.0	0.0	0.0	0.0	0.0	0.0	0.0	0.0	0.0	0.0	0.0	0.0	0.0	0.0	0.0	0.0	0.0	0.0	0.0	0.0	0.0	0.0	0.0	0.0	0.0	0.0	0.0	0.0	0.0	0.0	0.0	0.0	0.0	0.0	0.0	0.0	0.0	0.0	0.0	0.0	0.0	0.0	0.0	0.0	0.0	0.0	0.0	0.0	0.0	0.0	0.0	0.0	0.0	0.0	0.0	0.0	0.0	0.0	0.0	0.0	0.0	0.0	0.0	0.0	0.0	0.0	0.0	0.0	0.0	0.0	0.0	0.0	0.0	0.0	0.0	0.0	0.0	0.0	0.0	0.0	0.0	0.0	0.0	0.0	0.0	0.0	0.0	0.0	0.0	0.0	0.0	0.0	0.0	29.75038058747461	-0.8496194125253925	0.12529992633684928	-0.4645046186283936	29.259110910994938	-0.2193886467735417	0.04303542703769825	-0.16759477437851297	0.0032592564365716706
300.0	300.4205	2600.0	2598.700584721454	-0.027954793621627474	0.017476072865399286	28.252305547262367	-37.466705159429694	-5.091415721032489	-44.61456222082299	58.48192602594153	-14.580500457803284	-34.88675272861655	-44.61456222082417	58.48192602593922	0.0	0.0	0.0	-0.9726847736064397	-0.9299094805667129	-0.042529946519956556	-2.0401774876151393	1.524218055284026	0.055764411324295	1.1637715788365044	0.0	0.0	0.0	0.0	0.0	0.0	0.0	0.0	0.0	0.0	0.0	0.0	0.0	0.0	0.0	0.0	0.0	0.0	0.0	0.0	0.0	0.0	0.0	0.0	0.0	0.0	0.0	0.0	0.0	0.0	0.0	0.0	0.0	0.0	0.0	0.0	0.0	0.0	0.0	0.0	0.0	0.0	0.0	0.0	0.0	0.0	0.0	0.0	31104.671448484314	-531.4116793586695	62.9335620901107	31109.27425904294	-31045.747677610987	269.04290109247836	-1952.8514349363545	31108.269988404194	0.0	0.0	0.0	0.0	0.0	0.0	0.0	0.0	0.0	0.0	0.0	0.0	0.0	0.0	0.0	0.0	0.0	0.0	0.0	0.0	0.0	0.0	0.0	0.0	0.0	0.0	0.0	0.0	31027.193624216216	-1164.1001078135034	1919.007143247316	31108.269988404194	0.0	0.0	0.0	0.0	0.0	0.0	0.0	0.0	0.0	0.0	0.0	0.0	0.0	0.0	0.0	0.0	0.0	0.0	0.0	0.0	0.0	0.0	0.0	0.0	0.0	0.0	0.0	0.0	0.0	0.0	0.0	0.0	0.0	0.0	0.0	0.0	0.0	0.0	0.0	0.0	0.0	0.0	0.0	0.0	0.0	0.0	0.0	0.0	0.0	0.0	0.0	0.0	0.0	0.0	0.0	0.0	0.0	0.0	0.0	0.0	0.0	0.0	0.0	0.0	0.0	0.0	0.0	0.0	0.0	0.0	0.0	0.0	0.0	0.0	0.0	0.0	0.0	0.0	0.0	0.0	0.0	0.0	0.0	0.0	0.0	0.0	0.0	0.0	0.0	0.0	0.0	0.0	0.0	0.0	0.0	0.0	0.0	0.0	0.0	0.0	29.748291188235275	-0.8517088117647235	0.12534562196740534	-0.4665311641298873	29.290601844017917	-0.21941092624603561	0.04307718299943951	-0.16764374180410024	0.00322244458142005
301.0	301.4206	2600.0	2598.7004727548474	-0.028457310610232375	0.016451268107184662	28.252298935576672	-37.33206571332265	-5.4049676294514475	-30.69904213187499	48.63463779359207	-14.849398422298691	-34.67552698943837	-30.699042131876176	48.63463779359463	4.525023190052137e-15	0.0	4.525023190052137e-15	-0.8636447030038222	-0.8188486488065183	-0.044550470925503086	-2.097797801478407	1.5276845298052177	0.05743753373308139	1.1682606510713303	0.0	0.0	0.0	0.0	0.0	0.0	0.0	0.0	0.0	0.0	0.0	0.0	0.0	0.0	0.0	0.0	0.0	0.0	0.0	0.0	0.0	0.0	0.0	0.0	0.0	0.0	0.0	0.0	0.0	0.0	0.0	0.0	0.0	0.0	0.0	0.0	0.0	0.0	0.0	0.0	0.0	0.0	0.0	0.0	0.0	0.0	0.0	0.0	31103.077851874477	-587.7784567928232	63.52772835991853	31108.696069528614	-31045.538027941857	324.4423691988545	-1937.972305557059	31107.65871859246	0.0	0.0	0.0	0.0	0.0	0.0	0.0	0.0	0.0	0.0	0.0	0.0	0.0	0.0	0.0	0.0	0.0	0.0	0.0	0.0	0.0	0.0	0.0	0.0	0.0	0.0	0.0	0.0	31025.454230000472	-1222.7225704373054	1900.6762718333985	31107.65871859246	0.0	0.0	0.0	0.0	0.0	0.0	0.0	0.0	0.0	0.0	0.0	0.0	0.0	0.0	0.0	0.0	0.0	0.0	0.0	0.0	0.0	0.0	0.0	0.0	0.0	0.0	0.0	0.0	0.0	0.0	0.0	0.0	0.0	0.0	0.0	0.0	0.0	0.0	0.0	0.0	0.0	0.0	0.0	0.0	0.0	0.0	0.0	0.0	0.0	0.0	0.0	0.0	0.0	0.0	0.0	0.0	0.0	0.0	0.0	0.0	0.0	0.0	0.0	0.0	0.0	0.0	0.0	0.0	0.0	0.0	0.0	0.0	0.0	0.0	0.0	0.0	0.0	0.0	0.0	0.0	0.0	0.0	0.0	0.0	0.0	0.0	0.0	0.0	0.0	0.0	0.0	0.0	0.0	0.0	0.0	0.0	0.0	0.0	0.0	0.0	29.746156673389198	-0.8538433266107968	0.12539169995544866	-0.4685371890284006	29.321769738642974	-0.21943431761220378	0.04312601641084862	-0.16775731616145773	0.0031776933079213604
302.0	302.4206	2600.0	2598.694998728681	-0.02891648409193347	0.01540283628976453	28.252285404950147	-37.98016586313678	-5.417455438707805	-23.112311347842294	44.788623089590125	-15.789250585394255	-34.96485933581061	-23.11231134784349	44.7886230895866	0.0	0.0	0.0	-0.7543367048453091	-0.7075757857628105	-0.04652272617727104	-2.1547557349178614	1.5312523245908292	0.05911182788684972	1.1727884131014183	0.0	0.0	0.0	0.0	0.0	0.0	0.0	0.0	0.0	0.0	0.0	0.0	0.0	0.0	0.0	0.0	0.0	0.0	0.0	0.0	0.0	0.0	0.0	0.0	0.0	0.0	0.0	0.0	0.0	0.0	0.0	0.0	0.0	0.0	0.0	0.0	0.0	0.0	0.0	0.0	0.0	0.0	0.0	0.0	0.0	0.0	0.0	0.0	31102.323799403366	-639.678130628287	63.05905366794688	31108.96511100919	-31046.39104815055	375.64340588925376	-1919.9949129819909	31107.971414879306	0.0	0.0	0.0	0.0	0.0	0.0	0.0	0.0	0.0	0.0	0.0	0.0	0.0	0.0	0.0	0.0	0.0	0.0	0.0	0.0	0.0	0.0	0.0	0.0	0.0	0.0	0.0	0.0	31024.879299005657	-1277.0611922884075	1879.3256083574943	31107.971414879306	0.0	0.0	0.0	0.0	0.0	0.0	0.0	0.0	0.0	0.0	0.0	0.0	0.0	0.0	0.0	0.0	0.0	0.0	0.0	0.0	0.0	0.0	0.0	0.0	0.0	0.0	0.0	0.0	0.0	0.0	0.0	0.0	0.0	0.0	0.0	0.0	0.0	0.0	0.0	0.0	0.0	0.0	0.0	0.0	0.0	0.0	0.0	0.0	0.0	0.0	0.0	0.0	0.0	0.0	0.0	0.0	0.0	0.0	0.0	0.0	0.0	0.0	0.0	0.0	0.0	0.0	0.0	0.0	0.0	0.0	0.0	0.0	0.0	0.0	0.0	0.0	0.0	0.0	0.0	0.0	0.0	0.0	0.0	0.0	0.0	0.0	0.0	0.0	0.0	0.0	0.0	0.0	0.0	0.0	0.0	0.0	0.0	0.0	0.0	0.0	29.74397832936893	-0.8560216706310728	0.1254319746847529	-0.4705597004140566	29.352603907782765	-0.21945892371222483	0.04317810616596896	-0.16789717227953735	0.0031356748099522595
303.0	303.4206	2600.0	2598.603610302869	-0.029345284384518614	0.01434335321827418	28.252266219500136	-39.441966596830746	-3.627114681833803	-35.12776538331828	52.941331592302625	-18.6965270133478	-34.91796912164499	-35.127765383319485	52.941331592306355	0.0	0.0	0.0	-0.6447733594851134	-0.5961503247600449	-0.0484000961346045	-2.2110345241620077	1.5348957345713787	0.06078585130895387	1.1773127376368346	0.0	0.0	0.0	0.0	0.0	0.0	0.0	0.0	0.0	0.0	0.0	0.0	0.0	0.0	0.0	0.0	0.0	0.0	0.0	0.0	0.0	0.0	0.0	0.0	0.0	0.0	0.0	0.0	0.0	0.0	0.0	0.0	0.0	0.0	0.0	0.0	0.0	0.0	0.0	0.0	0.0	0.0	0.0	0.0	0.0	0.0	0.0	0.0	31098.08661674106	-688.8505903508798	62.63946531085502	31105.778081584307	-31043.661273422967	424.0891222145335	-1901.3064875721905	31104.721879519926	0.0	0.0	0.0	0.0	0.0	0.0	0.0	0.0	0.0	0.0	0.0	0.0	0.0	0.0	0.0	0.0	0.0	0.0	0.0	0.0	0.0	0.0	0.0	0.0	0.0	0.0	0.0	0.0	31020.785504822714	-1328.5026880211076	1857.3288545618236	31104.721879519926	0.0	0.0	0.0	0.0	0.0	0.0	0.0	0.0	0.0	0.0	0.0	0.0	0.0	0.0	0.0	0.0	0.0	0.0	0.0	0.0	0.0	0.0	0.0	0.0	0.0	0.0	0.0	0.0	0.0	0.0	0.0	0.0	0.0	0.0	0.0	0.0	0.0	0.0	0.0	0.0	0.0	0.0	0.0	0.0	0.0	0.0	0.0	0.0	0.0	0.0	0.0	0.0	0.0	0.0	0.0	0.0	0.0	0.0	0.0	0.0	0.0	0.0	0.0	0.0	0.0	0.0	0.0	0.0	0.0	0.0	0.0	0.0	0.0	0.0	0.0	0.0	0.0	0.0	0.0	0.0	0.0	0.0	0.0	0.0	0.0	0.0	0.0	0.0	0.0	0.0	0.0	0.0	0.0	0.0	0.0	0.0	0.0	0.0	0.0	0.0	29.741770017214577	-0.8582299827854278	0.1254606313338207	-0.472579991927062	29.383104300167684	-0.21948471817741336	0.043234464344639116	-0.1680681273695316	0.0030855236249131405
304.0	304.4207	2600.0	2598.7284057872535	-0.029738379998280124	0.013273764035706494	28.25224115024103	-36.98832169521119	-8.002070808424037	-15.041545417657844	40.7236683956999	-14.307202112224333	-35.035311426778215	-15.04154541765905	40.72366839569923	0.0	0.0	0.0	-0.5350121171917962	-0.48457826193799947	-0.05023427544562412	-2.2666171823833805	1.5386031476276374	0.06245808800372995	1.181822582536763	0.0	0.0	0.0	0.0	0.0	0.0	0.0	0.0	0.0	0.0	0.0	0.0	0.0	0.0	0.0	0.0	0.0	0.0	0.0	0.0	0.0	0.0	0.0	0.0	0.0	0.0	0.0	0.0	0.0	0.0	0.0	0.0	0.0	0.0	0.0	0.0	0.0	0.0	0.0	0.0	0.0	0.0	0.0	0.0	0.0	0.0	0.0	0.0	31098.913910409043	-731.4217021085644	62.18193480099393	31107.57609821704	-31046.101679881707	466.03914662626676	-1882.2224860400643	31106.59710560925	0.0	0.0	0.0	0.0	0.0	0.0	0.0	0.0	0.0	0.0	0.0	0.0	0.0	0.0	0.0	0.0	0.0	0.0	0.0	0.0	0.0	0.0	0.0	0.0	0.0	0.0	0.0	0.0	31022.025474498634	-1373.5497581843717	1835.1239772960066	31106.59710560925	0.0	0.0	0.0	0.0	0.0	0.0	0.0	0.0	0.0	0.0	0.0	0.0	0.0	0.0	0.0	0.0	0.0	0.0	0.0	0.0	0.0	0.0	0.0	0.0	0.0	0.0	0.0	0.0	0.0	0.0	0.0	0.0	0.0	0.0	0.0	0.0	0.0	0.0	0.0	0.0	0.0	0.0	0.0	0.0	0.0	0.0	0.0	0.0	0.0	0.0	0.0	0.0	0.0	0.0	0.0	0.0	0.0	0.0	0.0	0.0	0.0	0.0	0.0	0.0	0.0	0.0	0.0	0.0	0.0	0.0	0.0	0.0	0.0	0.0	0.0	0.0	0.0	0.0	0.0	0.0	0.0	0.0	0.0	0.0	0.0	0.0	0.0	0.0	0.0	0.0	0.0	0.0	0.0	0.0	0.0	0.0	0.0	0.0	0.0	0.0	29.73953408831711	-0.8604659116828871	0.12548180781070126	-0.4745934151823116	29.41325105892656	-0.2195116143187842	0.04329411027810782	-0.16827253167222378	0.0030376843949299404
305.0	305.4207	2600.0	2598.6082547111655	-0.030059010527266613	0.01219582329474474	28.25220823280624	-40.30091431441179	-5.395562417981409	-28.411613467854323	49.6033826289161	-18.960479649018453	-35.969097846107616	-28.411613467855556	49.603382628914915	-9.240684888023563e-15	0.0	-9.240684888023563e-15	-0.42507815319305003	-0.3729017549139104	-0.05200848267828518	-2.321483055933331	1.54234123900324	0.06412972930066645	1.186295889122989	0.0	0.0	0.0	0.0	0.0	0.0	0.0	0.0	0.0	0.0	0.0	0.0	0.0	0.0	0.0	0.0	0.0	0.0	0.0	0.0	0.0	0.0	0.0	0.0	0.0	0.0	0.0	0.0	0.0	0.0	0.0	0.0	0.0	0.0	0.0	0.0	0.0	0.0	0.0	0.0	0.0	0.0	0.0	0.0	0.0	0.0	0.0	0.0	31142.757522965298	-778.8036908954602	61.832976506063765	31152.5553468756	-31091.449136420673	512.4211626903354	-1865.2712611644527	31151.565317465724	0.0	0.0	0.0	0.0	0.0	0.0	0.0	0.0	0.0	0.0	0.0	0.0	0.0	0.0	0.0	0.0	0.0	0.0	0.0	0.0	0.0	0.0	0.0	0.0	0.0	0.0	0.0	0.0	31066.029084164566	-1424.2178566844027	1814.7898409667202	31151.565317465724	0.0	0.0	0.0	0.0	0.0	0.0	0.0	0.0	0.0	0.0	0.0	0.0	0.0	0.0	0.0	0.0	0.0	0.0	0.0	0.0	0.0	0.0	0.0	0.0	0.0	0.0	0.0	0.0	0.0	0.0	0.0	0.0	0.0	0.0	0.0	0.0	0.0	0.0	0.0	0.0	0.0	0.0	0.0	0.0	0.0	0.0	0.0	0.0	0.0	0.0	0.0	0.0	0.0	0.0	0.0	0.0	0.0	0.0	0.0	0.0	0.0	0.0	0.0	0.0	0.0	0.0	0.0	0.0	0.0	0.0	0.0	0.0	0.0	0.0	0.0	0.0	0.0	0.0	0.0	0.0	0.0	0.0	0.0	0.0	0.0	0.0	0.0	0.0	0.0	0.0	0.0	0.0	0.0	0.0	0.0	0.0	0.0	0.0	0.0	0.0	29.73727377037935	-0.8627262296206483	0.12552139900405943	-0.47659155520519925	29.44303659241097	-0.2195395943206212	0.043357126212960936	-0.16851563702874456	0.0029888363224576304
306.0	306.4207	2600.0	2598.5461533104954	-0.03031352118982862	0.01110950021552831	28.25216797530462	-38.7205965117646	-6.430941814092422	-27.186555725473134	47.74673202489753	-17.813947441925844	-34.975775665163376	-27.18655572547433	47.746732024902535	0.0	0.0	0.0	-0.31500317075110656	-0.2611684367441943	-0.05370697346383147	-2.3756156996780557	1.5461536031227678	0.06580224773247492	1.1907822346365704	0.0	0.0	0.0	0.0	0.0	0.0	0.0	0.0	0.0	0.0	0.0	0.0	0.0	0.0	0.0	0.0	0.0	0.0	0.0	0.0	0.0	0.0	0.0	0.0	0.0	0.0	0.0	0.0	0.0	0.0	0.0	0.0	0.0	0.0	0.0	0.0	0.0	0.0	0.0	0.0	0.0	0.0	0.0	0.0	0.0	0.0	0.0	0.0	31137.54434262042	-830.5588841051107	61.519366321483645	31148.68023498028	-31087.782373202423	563.7349375797533	-1845.4163463377445	31147.609401923186	0.0	0.0	0.0	0.0	0.0	0.0	0.0	0.0	0.0	0.0	0.0	0.0	0.0	0.0	0.0	0.0	0.0	0.0	0.0	0.0	0.0	0.0	0.0	0.0	0.0	0.0	0.0	0.0	31060.893271706613	-1478.3549694689573	1791.3534555388665	31147.609401923186	0.0	0.0	0.0	0.0	0.0	0.0	0.0	0.0	0.0	0.0	0.0	0.0	0.0	0.0	0.0	0.0	0.0	0.0	0.0	0.0	0.0	0.0	0.0	0.0	0.0	0.0	0.0	0.0	0.0	0.0	0.0	0.0	0.0	0.0	0.0	0.0	0.0	0.0	0.0	0.0	0.0	0.0	0.0	0.0	0.0	0.0	0.0	0.0	0.0	0.0	0.0	0.0	0.0	0.0	0.0	0.0	0.0	0.0	0.0	0.0	0.0	0.0	0.0	0.0	0.0	0.0	0.0	0.0	0.0	0.0	0.0	0.0	0.0	0.0	0.0	0.0	0.0	0.0	0.0	0.0	0.0	0.0	0.0	0.0	0.0	0.0	0.0	0.0	0.0	0.0	0.0	0.0	0.0	0.0	0.0	0.0	0.0	0.0	0.0	0.0	29.734990505449243	-0.8650094945507585	0.12557285918659108	-0.4785957049345209	29.472452960219012	-0.21956881484799365	0.04342181951924763	-0.16877455443888353	0.0029377087274721804
307.0	307.4207	2600.0	2598.6361081508912	-0.030525052653162688	0.01001262853336962	28.252121719933385	-39.860872658649896	-7.154184535271724	-22.795471475786783	46.472626838572765	-18.540154416032237	-36.00464136335357	-22.795471475788016	46.4726268385756	4.665761377557212e-15	0.0	4.665761377557212e-15	-0.20482078460369177	-0.1494092220726036	-0.05533260159920605	-2.428999740485228	1.5500548073484277	0.06747435817654457	1.195287971649562	0.0	0.0	0.0	0.0	0.0	0.0	0.0	0.0	0.0	0.0	0.0	0.0	0.0	0.0	0.0	0.0	0.0	0.0	0.0	0.0	0.0	0.0	0.0	0.0	0.0	0.0	0.0	0.0	0.0	0.0	0.0	0.0	0.0	0.0	0.0	0.0	0.0	0.0	0.0	0.0	0.0	0.0	0.0	0.0	0.0	0.0	0.0	0.0	31128.458775584324	-880.5464574160926	61.061305496040404	31140.970381315186	-31080.48344406281	613.1875012618423	-1824.5843479897899	31140.031439792976	0.0	0.0	0.0	0.0	0.0	0.0	0.0	0.0	0.0	0.0	0.0	0.0	0.0	0.0	0.0	0.0	0.0	0.0	0.0	0.0	0.0	0.0	0.0	0.0	0.0	0.0	0.0	0.0	31052.165814185304	-1530.4754725022715	1766.9751406585658	31140.031439792976	0.0	0.0	0.0	0.0	0.0	0.0	0.0	0.0	0.0	0.0	0.0	0.0	0.0	0.0	0.0	0.0	0.0	0.0	0.0	0.0	0.0	0.0	0.0	0.0	0.0	0.0	0.0	0.0	0.0	0.0	0.0	0.0	0.0	0.0	0.0	0.0	0.0	0.0	0.0	0.0	0.0	0.0	0.0	0.0	0.0	0.0	0.0	0.0	0.0	0.0	0.0	0.0	0.0	0.0	0.0	0.0	0.0	0.0	0.0	0.0	0.0	0.0	0.0	0.0	0.0	0.0	0.0	0.0	0.0	0.0	0.0	0.0	0.0	0.0	0.0	0.0	0.0	0.0	0.0	0.0	0.0	0.0	0.0	0.0	0.0	0.0	0.0	0.0	0.0	0.0	0.0	0.0	0.0	0.0	0.0	0.0	0.0	0.0	0.0	0.0	29.73268355987586	-0.8673164401241387	0.12562297218095184	-0.48060793543301555	29.50149231337183	-0.21959934550717888	0.04348577238429443	-0.16904775266954636	0.0028848801317427103
308.0	308.4207	2600.0	2598.5901718523833	-0.030703733135343726	0.008909051036122152	28.252070287856654	-39.583629771484986	-7.5421070878182945	-28.958629753552582	49.6220652775905	-18.689483690182893	-35.69944431787371	-28.958629753553808	49.62206527759593	7.119437508971418e-15	0.0	7.119437508971418e-15	-0.09456829022277181	-0.03765116155123725	-0.0568957371699044	-2.4816191456699395	1.554027189767108	0.06914454380978431	1.1997906982302973	0.0	0.0	0.0	0.0	0.0	0.0	0.0	0.0	0.0	0.0	0.0	0.0	0.0	0.0	0.0	0.0	0.0	0.0	0.0	0.0	0.0	0.0	0.0	0.0	0.0	0.0	0.0	0.0	0.0	0.0	0.0	0.0	0.0	0.0	0.0	0.0	0.0	0.0	0.0	0.0	0.0	0.0	0.0	0.0	0.0	0.0	0.0	0.0	31110.59795134979	-928.6649169751547	60.74459507655106	31124.51466809372	-31064.224947184022	661.0015161156157	-1802.9460217544092	31123.521795113706	0.0	0.0	0.0	0.0	0.0	0.0	0.0	0.0	0.0	0.0	0.0	0.0	0.0	0.0	0.0	0.0	0.0	0.0	0.0	0.0	0.0	0.0	0.0	0.0	0.0	0.0	0.0	0.0	31034.516257271138	-1580.652099827669	1741.8233398944296	31123.521795113706	0.0	0.0	0.0	0.0	0.0	0.0	0.0	0.0	0.0	0.0	0.0	0.0	0.0	0.0	0.0	0.0	0.0	0.0	0.0	0.0	0.0	0.0	0.0	0.0	0.0	0.0	0.0	0.0	0.0	0.0	0.0	0.0	0.0	0.0	0.0	0.0	0.0	0.0	0.0	0.0	0.0	0.0	0.0	0.0	0.0	0.0	0.0	0.0	0.0	0.0	0.0	0.0	0.0	0.0	0.0	0.0	0.0	0.0	0.0	0.0	0.0	0.0	0.0	0.0	0.0	0.0	0.0	0.0	0.0	0.0	0.0	0.0	0.0	0.0	0.0	0.0	0.0	0.0	0.0	0.0	0.0	0.0	0.0	0.0	0.0	0.0	0.0	0.0	0.0	0.0	0.0	0.0	0.0	0.0	0.0	0.0	0.0	0.0	0.0	0.0	29.730358225045425	-0.8696417749545805	0.12566430411122306	-0.482618018403735	29.53014474880808	-0.21963119527075425	0.0435485295910098	-0.16934010014204803	0.00283193060548012
309.0	309.4207	2600.0	2598.5943230963962	-0.030860250790289107	0.00780727797719145	28.252014728091158	-39.49570545616734	-8.234448111450545	-16.791221384106645	43.69967964128088	-18.71901054544651	-35.739551331542316	-16.791221384107875	43.699679641281215	5.460302410596563e-15	0.0	5.460302410596563e-15	0.015724258898810854	0.07407483003705828	-0.0583956181514702	-2.5334577838204897	1.5580598717143168	0.070812575249076	1.2042687669641288	0.0	0.0	0.0	0.0	0.0	0.0	0.0	0.0	0.0	0.0	0.0	0.0	0.0	0.0	0.0	0.0	0.0	0.0	0.0	0.0	0.0	0.0	0.0	0.0	0.0	0.0	0.0	0.0	0.0	0.0	0.0	0.0	0.0	0.0	0.0	0.0	0.0	0.0	0.0	0.0	0.0	0.0	0.0	0.0	0.0	0.0	0.0	0.0	31088.938470445395	-978.6820928170039	60.397920901038574	31104.397788203358	-31044.29808115666	710.7990450938198	-1780.749440480004	31103.4523357775	0.0	0.0	0.0	0.0	0.0	0.0	0.0	0.0	0.0	0.0	0.0	0.0	0.0	0.0	0.0	0.0	0.0	0.0	0.0	0.0	0.0	0.0	0.0	0.0	0.0	0.0	0.0	0.0	31013.135825089506	-1632.6473945476007	1715.9883401729196	31103.4523357775	0.0	0.0	0.0	0.0	0.0	0.0	0.0	0.0	0.0	0.0	0.0	0.0	0.0	0.0	0.0	0.0	0.0	0.0	0.0	0.0	0.0	0.0	0.0	0.0	0.0	0.0	0.0	0.0	0.0	0.0	0.0	0.0	0.0	0.0	0.0	0.0	0.0	0.0	0.0	0.0	0.0	0.0	0.0	0.0	0.0	0.0	0.0	0.0	0.0	0.0	0.0	0.0	0.0	0.0	0.0	0.0	0.0	0.0	0.0	0.0	0.0	0.0	0.0	0.0	0.0	0.0	0.0	0.0	0.0	0.0	0.0	0.0	0.0	0.0	0.0	0.0	0.0	0.0	0.0	0.0	0.0	0.0	0.0	0.0	0.0	0.0	0.0	0.0	0.0	0.0	0.0	0.0	0.0	0.0	0.0	0.0	0.0	0.0	0.0	0.0	29.72802443394349	-0.8719755660565128	0.1256915091088775	-0.4846161453458406	29.55840359237234	-0.21966436895401859	0.04360980153988064	-0.16965142481491471	0.002778573501217631
310.0	310.4207	2600.0	2598.6469255854972	-0.03099636345669282	0.006703248456676431	28.25195504747133	-38.86994784429043	-8.646932590766028	-22.14071888403131	45.56153774126605	-18.620139346836364	-35.198475810066164	-22.140718884032534	45.56153774127	-4.266068179335426e-15	0.0	-4.266068179335426e-15	0.12600279300188943	0.18574550439482024	-0.0598631368905192	-2.584498615049524	1.5622234840986826	0.07248220470611066	1.2087948426294184	0.0	0.0	0.0	0.0	0.0	0.0	0.0	0.0	0.0	0.0	0.0	0.0	0.0	0.0	0.0	0.0	0.0	0.0	0.0	0.0	0.0	0.0	0.0	0.0	0.0	0.0	0.0	0.0	0.0	0.0	0.0	0.0	0.0	0.0	0.0	0.0	0.0	0.0	0.0	0.0	0.0	0.0	0.0	0.0	0.0	0.0	0.0	0.0	31064.598652523837	-1025.1358728592113	60.137031176952526	31081.567036794127	-31021.647487348848	757.0549020856107	-1757.925111519115	31080.637793517344	0.0	0.0	0.0	0.0	0.0	0.0	0.0	0.0	0.0	0.0	0.0	0.0	0.0	0.0	0.0	0.0	0.0	0.0	0.0	0.0	0.0	0.0	0.0	0.0	0.0	0.0	0.0	0.0	30989.117911414287	-1681.0024543333539	1689.6293891875412	31080.637793517344	0.0	0.0	0.0	0.0	0.0	0.0	0.0	0.0	0.0	0.0	0.0	0.0	0.0	0.0	0.0	0.0	0.0	0.0	0.0	0.0	0.0	0.0	0.0	0.0	0.0	0.0	0.0	0.0	0.0	0.0	0.0	0.0	0.0	0.0	0.0	0.0	0.0	0.0	0.0	0.0	0.0	0.0	0.0	0.0	0.0	0.0	0.0	0.0	0.0	0.0	0.0	0.0	0.0	0.0	0.0	0.0	0.0	0.0	0.0	0.0	0.0	0.0	0.0	0.0	0.0	0.0	0.0	0.0	0.0	0.0	0.0	0.0	0.0	0.0	0.0	0.0	0.0	0.0	0.0	0.0	0.0	0.0	0.0	0.0	0.0	0.0	0.0	0.0	0.0	0.0	0.0	0.0	0.0	0.0	0.0	0.0	0.0	0.0	0.0	0.0	29.72567964950031	-0.8743203504996837	0.12570284375432575	-0.4866337518959136	29.58625179122866	-0.21969896919967719	0.04366759187548843	-0.16995279667715948	0.00273266873529676
311.0	311.4207	2600.0	2598.6536626262973	-0.031096745582859436	0.005589686595174571	28.251890189996708	-39.3266670369121	-8.867452381885416	-19.904564096772006	44.960094793713004	-19.36840960044355	-35.35651512135519	-19.904564096773218	44.960094793713736	0.0	0.0	0.0	0.2362748005674014	0.29729798510296435	-0.061227947942640214	-2.634722800254843	1.566458538932198	0.07415189305577082	1.2132966527150277	0.0	0.0	0.0	0.0	0.0	0.0	0.0	0.0	0.0	0.0	0.0	0.0	0.0	0.0	0.0	0.0	0.0	0.0	0.0	0.0	0.0	0.0	0.0	0.0	0.0	0.0	0.0	0.0	0.0	0.0	0.0	0.0	0.0	0.0	0.0	0.0	0.0	0.0	0.0	0.0	0.0	0.0	0.0	0.0	0.0	0.0	0.0	0.0	31039.127667999703	-1068.9368611430225	60.091448469057966	31057.58656730549	-30997.878165160986	800.6594569401634	-1734.6525383370322	31056.698564672173	0.0	0.0	0.0	0.0	0.0	0.0	0.0	0.0	0.0	0.0	0.0	0.0	0.0	0.0	0.0	0.0	0.0	0.0	0.0	0.0	0.0	0.0	0.0	0.0	0.0	0.0	0.0	0.0	30964.042791486325	-1726.624764950623	1662.9331510837737	31056.698564672173	0.0	0.0	0.0	0.0	0.0	0.0	0.0	0.0	0.0	0.0	0.0	0.0	0.0	0.0	0.0	0.0	0.0	0.0	0.0	0.0	0.0	0.0	0.0	0.0	0.0	0.0	0.0	0.0	0.0	0.0	0.0	0.0	0.0	0.0	0.0	0.0	0.0	0.0	0.0	0.0	0.0	0.0	0.0	0.0	0.0	0.0	0.0	0.0	0.0	0.0	0.0	0.0	0.0	0.0	0.0	0.0	0.0	0.0	0.0	0.0	0.0	0.0	0.0	0.0	0.0	0.0	0.0	0.0	0.0	0.0	0.0	0.0	0.0	0.0	0.0	0.0	0.0	0.0	0.0	0.0	0.0	0.0	0.0	0.0	0.0	0.0	0.0	0.0	0.0	0.0	0.0	0.0	0.0	0.0	0.0	0.0	0.0	0.0	0.0	0.0	29.723318073654912	-0.8766819263450859	0.12571419132315143	-0.48864030988281	29.613697245612414	-0.21973483716180275	0.04372810774450729	-0.1702807180346095	0.0026767746744643605
312.0	312.4208	2600.0	2598.6531697860983	-0.03115225875156228	0.00446575704035535	28.251819750817816	-37.90452853172974	-9.19101698059603	-25.49103246596765	46.59421436757288	-18.784346569442274	-34.18152132819159	-25.49103246596883	46.59421436757586	1.7219598199965364e-15	0.0	1.7219598199965364e-15	0.3464809728869247	0.4087160220200398	-0.06253313865671323	-2.6841186578810285	1.5707264002762538	0.07581520975690602	1.2177349295896702	0.0	0.0	0.0	0.0	0.0	0.0	0.0	0.0	0.0	0.0	0.0	0.0	0.0	0.0	0.0	0.0	0.0	0.0	0.0	0.0	0.0	0.0	0.0	0.0	0.0	0.0	0.0	0.0	0.0	0.0	0.0	0.0	0.0	0.0	0.0	0.0	0.0	0.0	0.0	0.0	0.0	0.0	0.0	0.0	0.0	0.0	0.0	0.0	31007.29195228836	-1113.7230565655175	59.902359608742664	31027.34473901786	-30967.70342174977	845.4406439250811	-1710.782431889271	31026.443586545884	0.0	0.0	0.0	0.0	0.0	0.0	0.0	0.0	0.0	0.0	0.0	0.0	0.0	0.0	0.0	0.0	0.0	0.0	0.0	0.0	0.0	0.0	0.0	0.0	0.0	0.0	0.0	0.0	30932.523780865275	-1773.1633395200242	1635.562883749916	31026.443586545884	0.0	0.0	0.0	0.0	0.0	0.0	0.0	0.0	0.0	0.0	0.0	0.0	0.0	0.0	0.0	0.0	0.0	0.0	0.0	0.0	0.0	0.0	0.0	0.0	0.0	0.0	0.0	0.0	0.0	0.0	0.0	0.0	0.0	0.0	0.0	0.0	0.0	0.0	0.0	0.0	0.0	0.0	0.0	0.0	0.0	0.0	0.0	0.0	0.0	0.0	0.0	0.0	0.0	0.0	0.0	0.0	0.0	0.0	0.0	0.0	0.0	0.0	0.0	0.0	0.0	0.0	0.0	0.0	0.0	0.0	0.0	0.0	0.0	0.0	0.0	0.0	0.0	0.0	0.0	0.0	0.0	0.0	0.0	0.0	0.0	0.0	0.0	0.0	0.0	0.0	0.0	0.0	0.0	0.0	0.0	0.0	0.0	0.0	0.0	0.0	29.72094039328184	-0.8790596067181584	0.12573017121851332	-0.49061896307827396	29.640720175369626	-0.21977210309628453	0.04379503235254047	-0.17065124642525506	0.0026220233958332796
313.0	313.4208	2600.0	2598.674170967939	-0.031165354548166335	0.0033300275791889695	28.251743919198585	-38.4461877784015	-9.418191580424718	-26.48361642216657	47.62555643910256	-19.585365932787678	-34.39803960426434	-26.483616422167756	47.62555643910372	1.2475824279233438e-15	0.0	1.2475824279233438e-15	0.45659875255618193	0.5199582074756424	-0.06375984361194649	-2.7326673411024105	1.5750084899740255	0.07747422884605575	1.222102385326901	0.0	0.0	0.0	0.0	0.0	0.0	0.0	0.0	0.0	0.0	0.0	0.0	0.0	0.0	0.0	0.0	0.0	0.0	0.0	0.0	0.0	0.0	0.0	0.0	0.0	0.0	0.0	0.0	0.0	0.0	0.0	0.0	0.0	0.0	0.0	0.0	0.0	0.0	0.0	0.0	0.0	0.0	0.0	0.0	0.0	0.0	0.0	0.0	30968.01690970486	-1156.227013750066	59.49918519041378	30989.65105289392	-30930.147498886512	887.9607509921229	-1685.6693654178982	30988.771834451378	0.0	0.0	0.0	0.0	0.0	0.0	0.0	0.0	0.0	0.0	0.0	0.0	0.0	0.0	0.0	0.0	0.0	0.0	0.0	0.0	0.0	0.0	0.0	0.0	0.0	0.0	0.0	0.0	30893.680031491007	-1817.1154087084763	1607.0486958941153	30988.771834451378	0.0	0.0	0.0	0.0	0.0	0.0	0.0	0.0	0.0	0.0	0.0	0.0	0.0	0.0	0.0	0.0	0.0	0.0	0.0	0.0	0.0	0.0	0.0	0.0	0.0	0.0	0.0	0.0	0.0	0.0	0.0	0.0	0.0	0.0	0.0	0.0	0.0	0.0	0.0	0.0	0.0	0.0	0.0	0.0	0.0	0.0	0.0	0.0	0.0	0.0	0.0	0.0	0.0	0.0	0.0	0.0	0.0	0.0	0.0	0.0	0.0	0.0	0.0	0.0	0.0	0.0	0.0	0.0	0.0	0.0	0.0	0.0	0.0	0.0	0.0	0.0	0.0	0.0	0.0	0.0	0.0	0.0	0.0	0.0	0.0	0.0	0.0	0.0	0.0	0.0	0.0	0.0	0.0	0.0	0.0	0.0	0.0	0.0	0.0	0.0	29.71854676162135	-0.8814532383786435	0.1257433281748228	-0.4925659947322002	29.667317290757325	-0.21981077249000308	0.043867411326202185	-0.17106790883666623	0.00256404595087949
314.0	314.4209	2600.0	2598.728754541792	-0.03114823521930363	0.0021941206462106695	28.251664003852298	-38.11984279035096	-9.53351602197745	-21.938089577624535	45.003223400310446	-19.871958045197974	-33.89860801791292	-21.93808957762571	45.00322340030932	-2.837955499593364e-14	0.0	-2.837955499593364e-14	0.5666038786711265	0.630987847474493	-0.06489558391878199	-2.7803541494544355	1.5793149815987022	0.0791301415627002	1.2264017537329175	0.0	0.0	0.0	0.0	0.0	0.0	0.0	0.0	0.0	0.0	0.0	0.0	0.0	0.0	0.0	0.0	0.0	0.0	0.0	0.0	0.0	0.0	0.0	0.0	0.0	0.0	0.0	0.0	0.0	0.0	0.0	0.0	0.0	0.0	0.0	0.0	0.0	0.0	0.0	0.0	0.0	0.0	0.0	0.0	0.0	0.0	0.0	0.0	30936.77178056023	-1199.58312201692	59.06607937059003	30960.07649652739	-30900.665952585354	931.3351160103792	-1660.6336640690195	30959.267523276794	0.0	0.0	0.0	0.0	0.0	0.0	0.0	0.0	0.0	0.0	0.0	0.0	0.0	0.0	0.0	0.0	0.0	0.0	0.0	0.0	0.0	0.0	0.0	0.0	0.0	0.0	0.0	0.0	30862.87499931341	-1862.0831271780148	1578.5559166703551	30959.267523276794	0.0	0.0	0.0	0.0	0.0	0.0	0.0	0.0	0.0	0.0	0.0	0.0	0.0	0.0	0.0	0.0	0.0	0.0	0.0	0.0	0.0	0.0	0.0	0.0	0.0	0.0	0.0	0.0	0.0	0.0	0.0	0.0	0.0	0.0	0.0	0.0	0.0	0.0	0.0	0.0	0.0	0.0	0.0	0.0	0.0	0.0	0.0	0.0	0.0	0.0	0.0	0.0	0.0	0.0	0.0	0.0	0.0	0.0	0.0	0.0	0.0	0.0	0.0	0.0	0.0	0.0	0.0	0.0	0.0	0.0	0.0	0.0	0.0	0.0	0.0	0.0	0.0	0.0	0.0	0.0	0.0	0.0	0.0	0.0	0.0	0.0	0.0	0.0	0.0	0.0	0.0	0.0	0.0	0.0	0.0	0.0	0.0	0.0	0.0	0.0	29.716150270006683	-0.8838497299933223	0.12574746347148286	-0.4944821092484748	29.693485166849435	-0.21985086801630538	0.04394356116903753	-0.1715168496589783	0.00249969958630665
315.0	315.4209	2600.0	2598.6716649955647	-0.031106034653439085	0.00106236897021678	28.251580607595468	-38.06918522212074	-10.507955020600093	-25.17698110194075	46.835460493076944	-19.74054393930782	-34.205129837075226	-25.176981101941937	46.83546049307573	0.0	0.0	0.0	0.676447233141476	0.7417835992553153	-0.06596805464417442	-2.827163011208141	1.5836951502038403	0.08078676881974418	1.2306840894033382	0.0	0.0	0.0	0.0	0.0	0.0	0.0	0.0	0.0	0.0	0.0	0.0	0.0	0.0	0.0	0.0	0.0	0.0	0.0	0.0	0.0	0.0	0.0	0.0	0.0	0.0	0.0	0.0	0.0	0.0	0.0	0.0	0.0	0.0	0.0	0.0	0.0	0.0	0.0	0.0	0.0	0.0	0.0	0.0	0.0	0.0	0.0	0.0	30902.382427990557	-1244.5114440712605	58.66989033991685	30927.48762211759	-30867.972488233176	976.4293527445185	-1635.2455009781665	30926.674047877998	0.0	0.0	0.0	0.0	0.0	0.0	0.0	0.0	0.0	0.0	0.0	0.0	0.0	0.0	0.0	0.0	0.0	0.0	0.0	0.0	0.0	0.0	0.0	0.0	0.0	0.0	0.0	0.0	30828.80179296897	-1908.626716953584	1549.6101860968647	30926.674047877998	0.0	0.0	0.0	0.0	0.0	0.0	0.0	0.0	0.0	0.0	0.0	0.0	0.0	0.0	0.0	0.0	0.0	0.0	0.0	0.0	0.0	0.0	0.0	0.0	0.0	0.0	0.0	0.0	0.0	0.0	0.0	0.0	0.0	0.0	0.0	0.0	0.0	0.0	0.0	0.0	0.0	0.0	0.0	0.0	0.0	0.0	0.0	0.0	0.0	0.0	0.0	0.0	0.0	0.0	0.0	0.0	0.0	0.0	0.0	0.0	0.0	0.0	0.0	0.0	0.0	0.0	0.0	0.0	0.0	0.0	0.0	0.0	0.0	0.0	0.0	0.0	0.0	0.0	0.0	0.0	0.0	0.0	0.0	0.0	0.0	0.0	0.0	0.0	0.0	0.0	0.0	0.0	0.0	0.0	0.0	0.0	0.0	0.0	0.0	0.0	29.713756783374212	-0.8862432166257863	0.12573972539334918	-0.4963892142570177	29.71920974707519	-0.2198925113524876	0.04401932126191397	-0.17197017987669241	0.0024354943099850696
316.0	316.421	2600.0	2598.563901291829	-0.031037463633858148	-6.721056828117627e-05	28.25149370436713	-39.726432252671664	-10.750586132204267	-17.618920793383833	44.76819062275789	-21.367823419583146	-35.17357877756513	-17.618920793385062	44.76819062275851	1.0501994125042933e-15	0.0	1.0501994125042933e-15	0.7860295580011034	0.8523619312319206	-0.06709290056891881	-2.8730710990253794	1.588169387745189	0.0824526775622234	1.2349817990373952	0.0	0.0	0.0	0.0	0.0	0.0	0.0	0.0	0.0	0.0	0.0	0.0	0.0	0.0	0.0	0.0	0.0	0.0	0.0	0.0	0.0	0.0	0.0	0.0	0.0	0.0	0.0	0.0	0.0	0.0	0.0	0.0	0.0	0.0	0.0	0.0	0.0	0.0	0.0	0.0	0.0	0.0	0.0	0.0	0.0	0.0	0.0	0.0	30849.452136821117	-1288.1062950225662	58.55858903438093	30876.388131995678	-30816.67797216986	1020.3620049598563	-1608.7975388479313	30875.508244927525	0.0	0.0	0.0	0.0	0.0	0.0	0.0	0.0	0.0	0.0	0.0	0.0	0.0	0.0	0.0	0.0	0.0	0.0	0.0	0.0	0.0	0.0	0.0	0.0	0.0	0.0	0.0	0.0	30776.15920316252	-1953.417092111379	1519.603812982071	30875.508244927525	0.0	0.0	0.0	0.0	0.0	0.0	0.0	0.0	0.0	0.0	0.0	0.0	0.0	0.0	0.0	0.0	0.0	0.0	0.0	0.0	0.0	0.0	0.0	0.0	0.0	0.0	0.0	0.0	0.0	0.0	0.0	0.0	0.0	0.0	0.0	0.0	0.0	0.0	0.0	0.0	0.0	0.0	0.0	0.0	0.0	0.0	0.0	0.0	0.0	0.0	0.0	0.0	0.0	0.0	0.0	0.0	0.0	0.0	0.0	0.0	0.0	0.0	0.0	0.0	0.0	0.0	0.0	0.0	0.0	0.0	0.0	0.0	0.0	0.0	0.0	0.0	0.0	0.0	0.0	0.0	0.0	0.0	0.0	0.0	0.0	0.0	0.0	0.0	0.0	0.0	0.0	0.0	0.0	0.0	0.0	0.0	0.0	0.0	0.0	0.0	29.7113659166109	-0.8886340833891034	0.1257163718459607	-0.4983008609936193	29.744455819749533	-0.21993581175526045	0.04409236862383381	-0.1724146080391478	0.00239809709124583
317.0	317.421	2600.0	2598.6598746521017	-0.030941570588852038	-0.00120034888336767	28.251403092278178	-39.15207083032146	-10.361138610451235	-9.892748909258865	41.69057836716991	-21.819032972925918	-34.11990099243849	-9.892748909260048	41.69057836716948	0.0	0.0	0.0	0.895513337831965	0.9625255830991176	-0.06791013861776726	-2.9180555952057103	1.5926332477945917	0.08413043137288347	1.239200532123977	0.0	0.0	0.0	0.0	0.0	0.0	0.0	0.0	0.0	0.0	0.0	0.0	0.0	0.0	0.0	0.0	0.0	0.0	0.0	0.0	0.0	0.0	0.0	0.0	0.0	0.0	0.0	0.0	0.0	0.0	0.0	0.0	0.0	0.0	0.0	0.0	0.0	0.0	0.0	0.0	0.0	0.0	0.0	0.0	0.0	0.0	0.0	0.0	30794.219347138092	-1322.1377123843943	58.566501811439664	30822.644652354174	-30763.206531964657	1054.6992958860458	-1581.373183986309	30821.875476357473	0.0	0.0	0.0	0.0	0.0	0.0	0.0	0.0	0.0	0.0	0.0	0.0	0.0	0.0	0.0	0.0	0.0	0.0	0.0	0.0	0.0	0.0	0.0	0.0	0.0	0.0	0.0	0.0	30721.593994694158	-1988.4331089969749	1489.2293565138832	30821.875476357473	0.0	0.0	0.0	0.0	0.0	0.0	0.0	0.0	0.0	0.0	0.0	0.0	0.0	0.0	0.0	0.0	0.0	0.0	0.0	0.0	0.0	0.0	0.0	0.0	0.0	0.0	0.0	0.0	0.0	0.0	0.0	0.0	0.0	0.0	0.0	0.0	0.0	0.0	0.0	0.0	0.0	0.0	0.0	0.0	0.0	0.0	0.0	0.0	0.0	0.0	0.0	0.0	0.0	0.0	0.0	0.0	0.0	0.0	0.0	0.0	0.0	0.0	0.0	0.0	0.0	0.0	0.0	0.0	0.0	0.0	0.0	0.0	0.0	0.0	0.0	0.0	0.0	0.0	0.0	0.0	0.0	0.0	0.0	0.0	0.0	0.0	0.0	0.0	0.0	0.0	0.0	0.0	0.0	0.0	0.0	0.0	0.0	0.0	0.0	0.0	29.70897353850086	-0.8910264614991377	0.12567457749057925	-0.5001755932029954	29.769298724413854	-0.21998062471829766	0.04416544085807445	-0.17289579623710885	0.0023049367779388397
318.0	318.421	2600.0	2598.625941701479	-0.030813665836075463	-0.0023397380680914904	28.251308542373167	-38.994481222445756	-10.931390193889456	-17.053636837653094	43.94190922990598	-21.91487250773207	-34.05588378457833	-17.053636837654278	43.941909229907786	0.0	0.0	0.0	1.0046703450282646	1.072407597821859	-0.06878096345088075	-2.9621115638907254	1.597211293541246	0.08581610305787485	1.2434609829137748	0.0	0.0	0.0	0.0	0.0	0.0	0.0	0.0	0.0	0.0	0.0	0.0	0.0	0.0	0.0	0.0	0.0	0.0	0.0	0.0	0.0	0.0	0.0	0.0	0.0	0.0	0.0	0.0	0.0	0.0	0.0	0.0	0.0	0.0	0.0	0.0	0.0	0.0	0.0	0.0	0.0	0.0	0.0	0.0	0.0	0.0	0.0	0.0	30700.559618595413	-1360.9068399553564	58.51422595519803	30730.763938382785	-30671.19448051224	1094.1949395455756	-1552.433694204878	30729.94441586308	0.0	0.0	0.0	0.0	0.0	0.0	0.0	0.0	0.0	0.0	0.0	0.0	0.0	0.0	0.0	0.0	0.0	0.0	0.0	0.0	0.0	0.0	0.0	0.0	0.0	0.0	0.0	0.0	30628.3527732927	-2027.4279813648577	1457.0607321407306	30729.94441586308	0.0	0.0	0.0	0.0	0.0	0.0	0.0	0.0	0.0	0.0	0.0	0.0	0.0	0.0	0.0	0.0	0.0	0.0	0.0	0.0	0.0	0.0	0.0	0.0	0.0	0.0	0.0	0.0	0.0	0.0	0.0	0.0	0.0	0.0	0.0	0.0	0.0	0.0	0.0	0.0	0.0	0.0	0.0	0.0	0.0	0.0	0.0	0.0	0.0	0.0	0.0	0.0	0.0	0.0	0.0	0.0	0.0	0.0	0.0	0.0	0.0	0.0	0.0	0.0	0.0	0.0	0.0	0.0	0.0	0.0	0.0	0.0	0.0	0.0	0.0	0.0	0.0	0.0	0.0	0.0	0.0	0.0	0.0	0.0	0.0	0.0	0.0	0.0	0.0	0.0	0.0	0.0	0.0	0.0	0.0	0.0	0.0	0.0	0.0	0.0	29.706578480880804	-0.8934215191191975	0.12562695597496837	-0.5020669274325267	29.793648155226872	-0.22002705462695166	0.04423260386959982	-0.1733612531145624	0.00223706722970416
319.0	319.4211	2600.0	2598.648742590952	-0.030663730818324294	-0.00348038433285592	28.251210914674804	-38.8185311664638	-10.849594218525457	-11.635660860922311	41.952123430152874	-22.425479642624843	-33.491639545212806	-11.635660860923483	41.95212343015156	0.0	0.0	0.0	1.11353609904754	1.1819115211929845	-0.06957313608536056	-3.0051947763517903	1.6018592764381006	0.08753827527609637	1.247716784244877	0.0	0.0	0.0	0.0	0.0	0.0	0.0	0.0	0.0	0.0	0.0	0.0	0.0	0.0	0.0	0.0	0.0	0.0	0.0	0.0	0.0	0.0	0.0	0.0	0.0	0.0	0.0	0.0	0.0	0.0	0.0	0.0	0.0	0.0	0.0	0.0	0.0	0.0	0.0	0.0	0.0	0.0	0.0	0.0	0.0	0.0	0.0	0.0	30584.302779321493	-1398.5396204812628	58.25353578897726	30616.31726778549	-30556.711518093714	1132.8210412240603	-1521.7951234061477	30615.547728385718	0.0	0.0	0.0	0.0	0.0	0.0	0.0	0.0	0.0	0.0	0.0	0.0	0.0	0.0	0.0	0.0	0.0	0.0	0.0	0.0	0.0	0.0	0.0	0.0	0.0	0.0	0.0	0.0	30512.664718657627	-2064.7869041334893	1423.2742238830008	30615.547728385718	0.0	0.0	0.0	0.0	0.0	0.0	0.0	0.0	0.0	0.0	0.0	0.0	0.0	0.0	0.0	0.0	0.0	0.0	0.0	0.0	0.0	0.0	0.0	0.0	0.0	0.0	0.0	0.0	0.0	0.0	0.0	0.0	0.0	0.0	0.0	0.0	0.0	0.0	0.0	0.0	0.0	0.0	0.0	0.0	0.0	0.0	0.0	0.0	0.0	0.0	0.0	0.0	0.0	0.0	0.0	0.0	0.0	0.0	0.0	0.0	0.0	0.0	0.0	0.0	0.0	0.0	0.0	0.0	0.0	0.0	0.0	0.0	0.0	0.0	0.0	0.0	0.0	0.0	0.0	0.0	0.0	0.0	0.0	0.0	0.0	0.0	0.0	0.0	0.0	0.0	0.0	0.0	0.0	0.0	0.0	0.0	0.0	0.0	0.0	0.0	29.70418724826203	-0.8958127517379707	0.12557097684346163	-0.5039537382125658	29.817527943366024	-0.22007542525016818	0.044293209860895556	-0.17382509639124938	0.0021657206360163597
320.0	320.4211	2600.0	2598.648283218028	-0.03049275736240271	-0.0046109863332691094	28.25111099046193	-38.92119926923623	-10.864419524152256	-10.344150746829408	41.712070421228276	-23.076276942292683	-33.17198828281835	-10.344150746830572	41.712070421233975	0.0	0.0	0.0	1.2220569761836841	1.291013941028891	-0.07031659385744184	-3.0472315962371557	1.606533383166277	0.08935608563476062	1.251910900512629	0.0	0.0	0.0	0.0	0.0	0.0	0.0	0.0	0.0	0.0	0.0	0.0	0.0	0.0	0.0	0.0	0.0	0.0	0.0	0.0	0.0	0.0	0.0	0.0	0.0	0.0	0.0	0.0	0.0	0.0	0.0	0.0	0.0	0.0	0.0	0.0	0.0	0.0	0.0	0.0	0.0	0.0	0.0	0.0	0.0	0.0	0.0	0.0	30465.58110589789	-1432.7176105465026	58.056190738026785	30499.30626084625	-30439.693945993215	1168.0675217647308	-1490.7254431565643	30498.550975546554	0.0	0.0	0.0	0.0	0.0	0.0	0.0	0.0	0.0	0.0	0.0	0.0	0.0	0.0	0.0	0.0	0.0	0.0	0.0	0.0	0.0	0.0	0.0	0.0	0.0	0.0	0.0	0.0	30394.531165400247	-2098.5976399982424	1389.235325248874	30498.550975546554	0.0	0.0	0.0	0.0	0.0	0.0	0.0	0.0	0.0	0.0	0.0	0.0	0.0	0.0	0.0	0.0	0.0	0.0	0.0	0.0	0.0	0.0	0.0	0.0	0.0	0.0	0.0	0.0	0.0	0.0	0.0	0.0	0.0	0.0	0.0	0.0	0.0	0.0	0.0	0.0	0.0	0.0	0.0	0.0	0.0	0.0	0.0	0.0	0.0	0.0	0.0	0.0	0.0	0.0	0.0	0.0	0.0	0.0	0.0	0.0	0.0	0.0	0.0	0.0	0.0	0.0	0.0	0.0	0.0	0.0	0.0	0.0	0.0	0.0	0.0	0.0	0.0	0.0	0.0	0.0	0.0	0.0	0.0	0.0	0.0	0.0	0.0	0.0	0.0	0.0	0.0	0.0	0.0	0.0	0.0	0.0	0.0	0.0	0.0	0.0	29.701812581354822	-0.8981874186451758	0.12550106422850013	-0.5058094368666435	29.840925773709262	-0.2201257127289944	0.044354943271124936	-0.17430132288005018	0.0020975916440044294
321.0	321.4211	2600.0	2598.6161303900235	-0.030303069279322536	-0.0057368728108228685	28.25100873492587	-37.57236975602791	-7.302586045583666	-8.271665245289753	39.159049758222785	-24.81838647971199	-29.13860711462621	-8.271665245290766	39.159049758223794	-2.2354299496826135e-14	0.0	-2.2354299496826135e-14	1.3301595581792574	1.3997131691685774	-0.07108283157554394	-3.088170731262715	1.611135954321118	0.09130263390608932	1.2559575400421588	0.0	0.0	0.0	0.0	0.0	0.0	0.0	0.0	0.0	0.0	0.0	0.0	0.0	0.0	0.0	0.0	0.0	0.0	0.0	0.0	0.0	0.0	0.0	0.0	0.0	0.0	0.0	0.0	0.0	0.0	0.0	0.0	0.0	0.0	0.0	0.0	0.0	0.0	0.0	0.0	0.0	0.0	0.0	0.0	0.0	0.0	0.0	0.0	30320.389823332724	-1446.3607592397368	57.81716872583725	30354.92285132227	-30296.43282797912	1187.2114761083499	-1448.6857375786053	30354.27488106937	0.0	0.0	0.0	0.0	0.0	0.0	0.0	0.0	0.0	0.0	0.0	0.0	0.0	0.0	0.0	0.0	0.0	0.0	0.0	0.0	0.0	0.0	0.0	0.0	0.0	0.0	0.0	0.0	30250.61977172114	-2114.874073017416	1345.1076676427022	30354.27488106937	0.0	0.0	0.0	0.0	0.0	0.0	0.0	0.0	0.0	0.0	0.0	0.0	0.0	0.0	0.0	0.0	0.0	0.0	0.0	0.0	0.0	0.0	0.0	0.0	0.0	0.0	0.0	0.0	0.0	0.0	0.0	0.0	0.0	0.0	0.0	0.0	0.0	0.0	0.0	0.0	0.0	0.0	0.0	0.0	0.0	0.0	0.0	0.0	0.0	0.0	0.0	0.0	0.0	0.0	0.0	0.0	0.0	0.0	0.0	0.0	0.0	0.0	0.0	0.0	0.0	0.0	0.0	0.0	0.0	0.0	0.0	0.0	0.0	0.0	0.0	0.0	0.0	0.0	0.0	0.0	0.0	0.0	0.0	0.0	0.0	0.0	0.0	0.0	0.0	0.0	0.0	0.0	0.0	0.0	0.0	0.0	0.0	0.0	0.0	0.0	29.699450739780143	-0.9005492602198616	0.12540838123257655	-0.5075951356900434	29.863819698258332	-0.22017785044607263	0.04441829911333576	-0.1748324637155392	0.0020485761705467706
322.0	322.4211	2600.0	2598.6326868777683	-0.030089778707035487	-0.00686084375915476	28.25090392172683	-39.02417828478065	-10.549397500506528	-3.8390971659822877	40.60683372876901	-24.493654672740373	-32.159557820319606	-3.839097165983418	40.60683372876785	0.0	0.0	0.0	1.4378339044154171	1.5079754587606757	-0.07184845880848988	-3.1281955034050495	1.6150547101631656	0.0931562553562577	1.2592535642358544	0.0	0.0	0.0	0.0	0.0	0.0	0.0	0.0	0.0	0.0	0.0	0.0	0.0	0.0	0.0	0.0	0.0	0.0	0.0	0.0	0.0	0.0	0.0	0.0	0.0	0.0	0.0	0.0	0.0	0.0	0.0	0.0	0.0	0.0	0.0	0.0	0.0	0.0	0.0	0.0	0.0	0.0	0.0	0.0	0.0	0.0	0.0	0.0	30212.366546164987	-1446.9705640965005	60.746584957556514	30247.057811971972	-30189.408842671026	1185.1914978953212	-1427.545916087754	30246.371228614615	0.0	0.0	0.0	0.0	0.0	0.0	0.0	0.0	0.0	0.0	0.0	0.0	0.0	0.0	0.0	0.0	0.0	0.0	0.0	0.0	0.0	0.0	0.0	0.0	0.0	0.0	0.0	0.0	30143.546296748722	-2111.722454282691	1322.957834176971	30246.371228614615	0.0	0.0	0.0	0.0	0.0	0.0	0.0	0.0	0.0	0.0	0.0	0.0	0.0	0.0	0.0	0.0	0.0	0.0	0.0	0.0	0.0	0.0	0.0	0.0	0.0	0.0	0.0	0.0	0.0	0.0	0.0	0.0	0.0	0.0	0.0	0.0	0.0	0.0	0.0	0.0	0.0	0.0	0.0	0.0	0.0	0.0	0.0	0.0	0.0	0.0	0.0	0.0	0.0	0.0	0.0	0.0	0.0	0.0	0.0	0.0	0.0	0.0	0.0	0.0	0.0	0.0	0.0	0.0	0.0	0.0	0.0	0.0	0.0	0.0	0.0	0.0	0.0	0.0	0.0	0.0	0.0	0.0	0.0	0.0	0.0	0.0	0.0	0.0	0.0	0.0	0.0	0.0	0.0	0.0	0.0	0.0	0.0	0.0	0.0	0.0	29.697100435000923	-0.902899564999082	0.1253004536283784	-0.509052162978423	29.8862001698154	-0.22023022439894263	0.044477286386656316	-0.17567904104203091	0.0020080398884866697
323.0	323.4211	2600.0	2598.6293096891513	-0.02984943551172716	-0.00799227916866744	28.25079602815002	-39.495735684551626	-9.52975921450343	-2.8175583155559205	40.72674898407602	-26.03749535291354	-31.18939376931667	-2.8175583155570187	40.72674898407739	1.652731901680155e-15	0.0	1.652731901680155e-15	1.5451378108301304	1.6157827947202519	-0.07253731505441892	-3.1672474450455623	1.6184666846182665	0.09497074077206526	1.2619809857898863	0.0	0.0	0.0	0.0	0.0	0.0	0.0	0.0	0.0	0.0	0.0	0.0	0.0	0.0	0.0	0.0	0.0	0.0	0.0	0.0	0.0	0.0	0.0	0.0	0.0	0.0	0.0	0.0	0.0	0.0	0.0	0.0	0.0	0.0	0.0	0.0	0.0	0.0	0.0	0.0	0.0	0.0	0.0	0.0	0.0	0.0	0.0	0.0	30089.93029857775	-1440.1398477932582	59.7932178393572	30124.433328834068	-30068.868245814447	1179.5971684924352	-1381.7535910041402	30123.703790376054	0.0	0.0	0.0	0.0	0.0	0.0	0.0	0.0	0.0	0.0	0.0	0.0	0.0	0.0	0.0	0.0	0.0	0.0	0.0	0.0	0.0	0.0	0.0	0.0	0.0	0.0	0.0	0.0	30023.088437031063	-2102.926544662201	1276.475890991734	30123.703790376054	0.0	0.0	0.0	0.0	0.0	0.0	0.0	0.0	0.0	0.0	0.0	0.0	0.0	0.0	0.0	0.0	0.0	0.0	0.0	0.0	0.0	0.0	0.0	0.0	0.0	0.0	0.0	0.0	0.0	0.0	0.0	0.0	0.0	0.0	0.0	0.0	0.0	0.0	0.0	0.0	0.0	0.0	0.0	0.0	0.0	0.0	0.0	0.0	0.0	0.0	0.0	0.0	0.0	0.0	0.0	0.0	0.0	0.0	0.0	0.0	0.0	0.0	0.0	0.0	0.0	0.0	0.0	0.0	0.0	0.0	0.0	0.0	0.0	0.0	0.0	0.0	0.0	0.0	0.0	0.0	0.0	0.0	0.0	0.0	0.0	0.0	0.0	0.0	0.0	0.0	0.0	0.0	0.0	0.0	0.0	0.0	0.0	0.0	0.0	0.0	29.69475384193314	-0.9052461580668555	0.12517595887697697	-0.5102590516797925	29.90810159614909	-0.22028290574804277	0.0445325767939595	-0.17677068145859517	0.0019579930671769596
324.0	324.4211	2600.0	2598.628522685184	-0.02959040396128149	-0.009124770718766403	28.25068589955113	-40.51925644873335	-14.154389148092376	3.9324874322043146	43.100131469849366	-24.71957874211876	-35.08702469754642	3.932487432203096	43.10013146985144	1.7506289666528926e-15	0.0	1.7506289666528926e-15	1.6518442201964298	1.7231226641373072	-0.07336375923902813	-3.20531103364663	1.621310244349106	0.096749056277741	1.264080584443142	0.0	0.0	0.0	0.0	0.0	0.0	0.0	0.0	0.0	0.0	0.0	0.0	0.0	0.0	0.0	0.0	0.0	0.0	0.0	0.0	0.0	0.0	0.0	0.0	0.0	0.0	0.0	0.0	0.0	0.0	0.0	0.0	0.0	0.0	0.0	0.0	0.0	0.0	0.0	0.0	0.0	0.0	0.0	0.0	0.0	0.0	0.0	0.0	29957.45441910074	-1427.5224275894127	65.04519580291415	29991.517574662106	-29936.639020042938	1165.3338329864032	-1373.3237276277282	29990.77152758038	0.0	0.0	0.0	0.0	0.0	0.0	0.0	0.0	0.0	0.0	0.0	0.0	0.0	0.0	0.0	0.0	0.0	0.0	0.0	0.0	0.0	0.0	0.0	0.0	0.0	0.0	0.0	0.0	29891.206927640927	-2086.841678464148	1267.7606388833074	29990.77152758038	0.0	0.0	0.0	0.0	0.0	0.0	0.0	0.0	0.0	0.0	0.0	0.0	0.0	0.0	0.0	0.0	0.0	0.0	0.0	0.0	0.0	0.0	0.0	0.0	0.0	0.0	0.0	0.0	0.0	0.0	0.0	0.0	0.0	0.0	0.0	0.0	0.0	0.0	0.0	0.0	0.0	0.0	0.0	0.0	0.0	0.0	0.0	0.0	0.0	0.0	0.0	0.0	0.0	0.0	0.0	0.0	0.0	0.0	0.0	0.0	0.0	0.0	0.0	0.0	0.0	0.0	0.0	0.0	0.0	0.0	0.0	0.0	0.0	0.0	0.0	0.0	0.0	0.0	0.0	0.0	0.0	0.0	0.0	0.0	0.0	0.0	0.0	0.0	0.0	0.0	0.0	0.0	0.0	0.0	0.0	0.0	0.0	0.0	0.0	0.0	29.692418837455943	-0.9075811625440551	0.1250280980839404	-0.5111887439211	29.92943607353492	-0.22033543359444657	0.044581186515967645	-0.178126747137039	0.0019459346931818109
325.0	325.4211	2600.0	2598.6546643436523	-0.02932170848696443	-0.010244555379724766	28.250574818652588	-39.04759011522764	-10.516376784840757	-2.1521062518326564	40.49617310076027	-26.181180419869634	-30.81970581153655	-2.152106251833736	40.49617310075863	0.0	0.0	0.0	1.7583055845279918	1.8298848140989257	-0.07386448821439041	-3.2423253084333967	1.623818405978018	0.09855233680062038	1.2657789173963498	0.0	0.0	0.0	0.0	0.0	0.0	0.0	0.0	0.0	0.0	0.0	0.0	0.0	0.0	0.0	0.0	0.0	0.0	0.0	0.0	0.0	0.0	0.0	0.0	0.0	0.0	0.0	0.0	0.0	0.0	0.0	0.0	0.0	0.0	0.0	0.0	0.0	0.0	0.0	0.0	0.0	0.0	0.0	0.0	0.0	0.0	0.0	0.0	29815.244806040726	-1425.2231243250953	58.705947009196876	29849.3472321668	-29796.610952923635	1167.3467394573613	-1320.4910622258121	29848.692087517484	0.0	0.0	0.0	0.0	0.0	0.0	0.0	0.0	0.0	0.0	0.0	0.0	0.0	0.0	0.0	0.0	0.0	0.0	0.0	0.0	0.0	0.0	0.0	0.0	0.0	0.0	0.0	0.0	29751.08958469704	-2084.0463492972485	1214.017575136707	29848.692087517484	0.0	0.0	0.0	0.0	0.0	0.0	0.0	0.0	0.0	0.0	0.0	0.0	0.0	0.0	0.0	0.0	0.0	0.0	0.0	0.0	0.0	0.0	0.0	0.0	0.0	0.0	0.0	0.0	0.0	0.0	0.0	0.0	0.0	0.0	0.0	0.0	0.0	0.0	0.0	0.0	0.0	0.0	0.0	0.0	0.0	0.0	0.0	0.0	0.0	0.0	0.0	0.0	0.0	0.0	0.0	0.0	0.0	0.0	0.0	0.0	0.0	0.0	0.0	0.0	0.0	0.0	0.0	0.0	0.0	0.0	0.0	0.0	0.0	0.0	0.0	0.0	0.0	0.0	0.0	0.0	0.0	0.0	0.0	0.0	0.0	0.0	0.0	0.0	0.0	0.0	0.0	0.0	0.0	0.0	0.0	0.0	0.0	0.0	0.0	0.0	29.690110581135396	-0.9098894188646015	0.12485225914550914	-0.5119384940468031	29.95036348529118	-0.22038812865463456	0.04462692797238547	-0.1796351337713733	0.0018677184890504596
326.0	326.4211	2600.0	2598.6550814655548	-0.029032155656709732	-0.0113542284884787	28.250462335800567	-38.84644618406673	-10.254334504175858	-4.001621434807487	40.375868180915134	-26.692404825578702	-30.028541121442686	-4.0016214348085395	40.375868180910615	0.0	0.0	0.0	1.8640696359227695	1.9361200496653963	-0.07454224205997931	-3.278320367704369	1.626146471895695	0.10034529466543655	1.267232882326726	0.0	0.0	0.0	0.0	0.0	0.0	0.0	0.0	0.0	0.0	0.0	0.0	0.0	0.0	0.0	0.0	0.0	0.0	0.0	0.0	0.0	0.0	0.0	0.0	0.0	0.0	0.0	0.0	0.0	0.0	0.0	0.0	0.0	0.0	0.0	0.0	0.0	0.0	0.0	0.0	0.0	0.0	0.0	0.0	0.0	0.0	0.0	0.0	29646.29678670011	-1416.4639850494898	60.09036192930123	29680.176789191206	-29628.862858355173	1160.1512034584357	-1287.9231006853965	29679.525114249795	0.0	0.0	0.0	0.0	0.0	0.0	0.0	0.0	0.0	0.0	0.0	0.0	0.0	0.0	0.0	0.0	0.0	0.0	0.0	0.0	0.0	0.0	0.0	0.0	0.0	0.0	0.0	0.0	29583.530444995915	-2072.2381104386413	1181.0023840065448	29679.525114249795	0.0	0.0	0.0	0.0	0.0	0.0	0.0	0.0	0.0	0.0	0.0	0.0	0.0	0.0	0.0	0.0	0.0	0.0	0.0	0.0	0.0	0.0	0.0	0.0	0.0	0.0	0.0	0.0	0.0	0.0	0.0	0.0	0.0	0.0	0.0	0.0	0.0	0.0	0.0	0.0	0.0	0.0	0.0	0.0	0.0	0.0	0.0	0.0	0.0	0.0	0.0	0.0	0.0	0.0	0.0	0.0	0.0	0.0	0.0	0.0	0.0	0.0	0.0	0.0	0.0	0.0	0.0	0.0	0.0	0.0	0.0	0.0	0.0	0.0	0.0	0.0	0.0	0.0	0.0	0.0	0.0	0.0	0.0	0.0	0.0	0.0	0.0	0.0	0.0	0.0	0.0	0.0	0.0	0.0	0.0	0.0	0.0	0.0	0.0	0.0	29.687827929502088	-0.9121720704979167	0.12466350176128162	-0.5125792171057827	29.970697836887794	-0.22044091218746273	0.04466424287431624	-0.18122604407094003	0.0018364611373762
327.0	327.421	2600.0	2598.610449669176	-0.02871389535662097	-0.01245638981788124	28.25034816625029	-40.2951719656121	-11.931044820537863	9.2069592157851	43.021143781274155	-27.530307635042842	-31.751108260465116	9.206959215783977	43.021143781273224	-6.428667204806546e-15	0.0	-6.428667204806546e-15	1.969288249176637	2.041758405934753	-0.0751749580661244	-3.313330808749457	1.6282198054768917	0.10207947999139524	1.2683738209630964	0.0	0.0	0.0	0.0	0.0	0.0	0.0	0.0	0.0	0.0	0.0	0.0	0.0	0.0	0.0	0.0	0.0	0.0	0.0	0.0	0.0	0.0	0.0	0.0	0.0	0.0	0.0	0.0	0.0	0.0	0.0	0.0	0.0	0.0	0.0	0.0	0.0	0.0	0.0	0.0	0.0	0.0	0.0	0.0	0.0	0.0	0.0	0.0	29485.644991814268	-1408.1644811503195	61.55007603912102	29519.31530711943	-29469.502431615598	1153.5618269978459	-1253.3762766192895	29518.692900372404	0.0	0.0	0.0	0.0	0.0	0.0	0.0	0.0	0.0	0.0	0.0	0.0	0.0	0.0	0.0	0.0	0.0	0.0	0.0	0.0	0.0	0.0	0.0	0.0	0.0	0.0	0.0	0.0	29424.349277961257	-2060.9531186011773	1146.0245887260864	29518.692900372404	0.0	0.0	0.0	0.0	0.0	0.0	0.0	0.0	0.0	0.0	0.0	0.0	0.0	0.0	0.0	0.0	0.0	0.0	0.0	0.0	0.0	0.0	0.0	0.0	0.0	0.0	0.0	0.0	0.0	0.0	0.0	0.0	0.0	0.0	0.0	0.0	0.0	0.0	0.0	0.0	0.0	0.0	0.0	0.0	0.0	0.0	0.0	0.0	0.0	0.0	0.0	0.0	0.0	0.0	0.0	0.0	0.0	0.0	0.0	0.0	0.0	0.0	0.0	0.0	0.0	0.0	0.0	0.0	0.0	0.0	0.0	0.0	0.0	0.0	0.0	0.0	0.0	0.0	0.0	0.0	0.0	0.0	0.0	0.0	0.0	0.0	0.0	0.0	0.0	0.0	0.0	0.0	0.0	0.0	0.0	0.0	0.0	0.0	0.0	0.0	29.6855697343898	-0.9144302656101928	0.12446973657414127	-0.5130828011274279	29.990507703814046	-0.22049378686127052	0.044695123588462914	-0.18292872410861294	0.00180316457158769
328.0	328.4209	2600.0	2598.569151903002	-0.028371875636018173	-0.01356038958753002	28.2502321195731	-40.135278808575116	-10.628414769280424	-5.525200938259125	41.884742460209225	-28.62614818186739	-30.07237013970734	-5.525200938260195	41.884742460207896	-2.0402042891939513e-15	0.0	-2.0402042891939513e-15	2.073958906406099	2.1467733731779925	-0.07573826670581663	-3.3473308020779378	1.630036491945288	0.10376929253940356	1.2692069403256996	0.0	0.0	0.0	0.0	0.0	0.0	0.0	0.0	0.0	0.0	0.0	0.0	0.0	0.0	0.0	0.0	0.0	0.0	0.0	0.0	0.0	0.0	0.0	0.0	0.0	0.0	0.0	0.0	0.0	0.0	0.0	0.0	0.0	0.0	0.0	0.0	0.0	0.0	0.0	0.0	0.0	0.0	0.0	0.0	0.0	0.0	0.0	0.0	29291.49294116575	-1398.4834387271897	60.984234036684995	29324.92171733043	-29276.60401609561	1146.0477351533825	-1215.4710236378296	29324.227831876826	0.0	0.0	0.0	0.0	0.0	0.0	0.0	0.0	0.0	0.0	0.0	0.0	0.0	0.0	0.0	0.0	0.0	0.0	0.0	0.0	0.0	0.0	0.0	0.0	0.0	0.0	0.0	0.0	29231.680953051004	-2047.3902337861007	1107.8627286140727	29324.227831876826	0.0	0.0	0.0	0.0	0.0	0.0	0.0	0.0	0.0	0.0	0.0	0.0	0.0	0.0	0.0	0.0	0.0	0.0	0.0	0.0	0.0	0.0	0.0	0.0	0.0	0.0	0.0	0.0	0.0	0.0	0.0	0.0	0.0	0.0	0.0	0.0	0.0	0.0	0.0	0.0	0.0	0.0	0.0	0.0	0.0	0.0	0.0	0.0	0.0	0.0	0.0	0.0	0.0	0.0	0.0	0.0	0.0	0.0	0.0	0.0	0.0	0.0	0.0	0.0	0.0	0.0	0.0	0.0	0.0	0.0	0.0	0.0	0.0	0.0	0.0	0.0	0.0	0.0	0.0	0.0	0.0	0.0	0.0	0.0	0.0	0.0	0.0	0.0	0.0	0.0	0.0	0.0	0.0	0.0	0.0	0.0	0.0	0.0	0.0	0.0	29.683328116190463	-0.9166718838095421	0.1242662005827813	-0.5134506251151303	30.00980076034368	-0.2205466526103532	0.04471678003970447	-0.18474974191381516	0.0017605077096855503
329.0	329.4209	2600.0	2598.6187298480713	-0.028007795333537602	-0.01465926650251925	28.250114827809483	-39.9321044689059	-10.385817091810168	2.175376333240233	41.317918947732245	-29.09508206085593	-29.256014148406393	2.175376333239203	41.317918947726696	0.0	0.0	0.0	2.1780036032550836	2.25113237700419	-0.07627713141785554	-3.380312155246645	1.6316763005158021	0.10541651517279717	1.269800214946817	0.0	0.0	0.0	0.0	0.0	0.0	0.0	0.0	0.0	0.0	0.0	0.0	0.0	0.0	0.0	0.0	0.0	0.0	0.0	0.0	0.0	0.0	0.0	0.0	0.0	0.0	0.0	0.0	0.0	0.0	0.0	0.0	0.0	0.0	0.0	0.0	0.0	0.0	0.0	0.0	0.0	0.0	0.0	0.0	0.0	0.0	0.0	0.0	29141.30337878162	-1390.9998322921783	61.23298384293684	29174.546999498318	-29127.7347105179	1140.3475261540298	-1180.3128807390665	29173.934605108607	0.0	0.0	0.0	0.0	0.0	0.0	0.0	0.0	0.0	0.0	0.0	0.0	0.0	0.0	0.0	0.0	0.0	0.0	0.0	0.0	0.0	0.0	0.0	0.0	0.0	0.0	0.0	0.0	29082.97902811752	-2036.886629124439	1072.326467697082	29173.934605108607	0.0	0.0	0.0	0.0	0.0	0.0	0.0	0.0	0.0	0.0	0.0	0.0	0.0	0.0	0.0	0.0	0.0	0.0	0.0	0.0	0.0	0.0	0.0	0.0	0.0	0.0	0.0	0.0	0.0	0.0	0.0	0.0	0.0	0.0	0.0	0.0	0.0	0.0	0.0	0.0	0.0	0.0	0.0	0.0	0.0	0.0	0.0	0.0	0.0	0.0	0.0	0.0	0.0	0.0	0.0	0.0	0.0	0.0	0.0	0.0	0.0	0.0	0.0	0.0	0.0	0.0	0.0	0.0	0.0	0.0	0.0	0.0	0.0	0.0	0.0	0.0	0.0	0.0	0.0	0.0	0.0	0.0	0.0	0.0	0.0	0.0	0.0	0.0	0.0	0.0	0.0	0.0	0.0	0.0	0.0	0.0	0.0	0.0	0.0	0.0	29.681111341830288	-0.9188886581697099	0.12405473788509738	-0.513712474850741	30.02855201494973	-0.22059951797511546	0.04473009186277752	-0.1866512026106481	0.00171895738925379
330.0	330.4208	2600.0	2598.5746616085953	-0.027642238578709854	-0.015744229227440485	28.24999769963615	-40.90411192673491	-10.463735917108355	8.161422370322356	43.002848242466904	-30.40806424462971	-29.291394141484492	8.161422370321326	43.00284824246065	0.0	0.0	0.0	2.281409415167831	2.3547946131486355	-0.07676309298792883	-3.4122186068627167	1.6331769853581568	0.1070698350693323	1.2701905593625342	0.0	0.0	0.0	0.0	0.0	0.0	0.0	0.0	0.0	0.0	0.0	0.0	0.0	0.0	0.0	0.0	0.0	0.0	0.0	0.0	0.0	0.0	0.0	0.0	0.0	0.0	0.0	0.0	0.0	0.0	0.0	0.0	0.0	0.0	0.0	0.0	0.0	0.0	0.0	0.0	0.0	0.0	0.0	0.0	0.0	0.0	0.0	0.0	28888.083971648426	-1378.7249947572095	61.37147010113315	28921.031181849678	-28875.783527804924	1130.767773931102	-1140.9823666172044	28920.431374101994	0.0	0.0	0.0	0.0	0.0	0.0	0.0	0.0	0.0	0.0	0.0	0.0	0.0	0.0	0.0	0.0	0.0	0.0	0.0	0.0	0.0	0.0	0.0	0.0	0.0	0.0	0.0	0.0	28831.355079501063	-2019.1863551407396	1033.0545034432573	28920.431374101994	0.0	0.0	0.0	0.0	0.0	0.0	0.0	0.0	0.0	0.0	0.0	0.0	0.0	0.0	0.0	0.0	0.0	0.0	0.0	0.0	0.0	0.0	0.0	0.0	0.0	0.0	0.0	0.0	0.0	0.0	0.0	0.0	0.0	0.0	0.0	0.0	0.0	0.0	0.0	0.0	0.0	0.0	0.0	0.0	0.0	0.0	0.0	0.0	0.0	0.0	0.0	0.0	0.0	0.0	0.0	0.0	0.0	0.0	0.0	0.0	0.0	0.0	0.0	0.0	0.0	0.0	0.0	0.0	0.0	0.0	0.0	0.0	0.0	0.0	0.0	0.0	0.0	0.0	0.0	0.0	0.0	0.0	0.0	0.0	0.0	0.0	0.0	0.0	0.0	0.0	0.0	0.0	0.0	0.0	0.0	0.0	0.0	0.0	0.0	0.0	29.678929531699087	-0.9210704683009149	0.12382070578385927	-0.513881226360415	30.046767682162724	-0.2206523824581813	0.044734655601620904	-0.18861008401947285	0.0016719653600254002
331.0	331.4207	2600.0	2598.5095720834893	-0.02726839703870096	-0.016812770573105745	28.24988077446746	-41.70404014877931	-10.370458280340246	10.908683400811523	44.33703579643564	-31.661676527597592	-29.05704061216238	10.908683400810501	44.33703579643318	0.0	0.0	0.0	2.384145763983054	2.457740166846089	-0.07720636498236082	-3.4430532384914256	1.6345774454095534	0.1087180533551537	1.2704206885335678	0.0	0.0	0.0	0.0	0.0	0.0	0.0	0.0	0.0	0.0	0.0	0.0	0.0	0.0	0.0	0.0	0.0	0.0	0.0	0.0	0.0	0.0	0.0	0.0	0.0	0.0	0.0	0.0	0.0	0.0	0.0	0.0	0.0	0.0	0.0	0.0	0.0	0.0	0.0	0.0	0.0	0.0	0.0	0.0	0.0	0.0	0.0	0.0	28711.848529560346	-1370.1344179136647	60.99329724584082	28744.58617705041	-28700.8491237283	1124.3946695675645	-1103.8039460964435	28744.06698689985	0.0	0.0	0.0	0.0	0.0	0.0	0.0	0.0	0.0	0.0	0.0	0.0	0.0	0.0	0.0	0.0	0.0	0.0	0.0	0.0	0.0	0.0	0.0	0.0	0.0	0.0	0.0	0.0	28656.629027927556	-2006.8858288609608	995.6952209596685	28744.06698689985	0.0	0.0	0.0	0.0	0.0	0.0	0.0	0.0	0.0	0.0	0.0	0.0	0.0	0.0	0.0	0.0	0.0	0.0	0.0	0.0	0.0	0.0	0.0	0.0	0.0	0.0	0.0	0.0	0.0	0.0	0.0	0.0	0.0	0.0	0.0	0.0	0.0	0.0	0.0	0.0	0.0	0.0	0.0	0.0	0.0	0.0	0.0	0.0	0.0	0.0	0.0	0.0	0.0	0.0	0.0	0.0	0.0	0.0	0.0	0.0	0.0	0.0	0.0	0.0	0.0	0.0	0.0	0.0	0.0	0.0	0.0	0.0	0.0	0.0	0.0	0.0	0.0	0.0	0.0	0.0	0.0	0.0	0.0	0.0	0.0	0.0	0.0	0.0	0.0	0.0	0.0	0.0	0.0	0.0	0.0	0.0	0.0	0.0	0.0	0.0	29.676786528392007	-0.9232134716079939	0.12356802510427387	-0.5139762325710725	30.064441790868912	-0.22070524771539396	0.04473072413407438	-0.19060332046809347	0.0016215089239625098
332.0	332.4206	2600.0	2598.525072794774	-0.026884595495987214	-0.01786940868293208	28.249763857275923	-42.25447873545635	-11.811804916902474	18.609676599177998	47.65794552565278	-31.984496875265894	-30.032510188731973	18.60967659917694	47.6579455256533	0.0	0.0	0.0	2.486087812277111	2.559928681247996	-0.07769088290116592	-3.472800252266754	1.63590167984981	0.11036775074090709	1.270526455191944	0.0	0.0	0.0	0.0	0.0	0.0	0.0	0.0	0.0	0.0	0.0	0.0	0.0	0.0	0.0	0.0	0.0	0.0	0.0	0.0	0.0	0.0	0.0	0.0	0.0	0.0	0.0	0.0	0.0	0.0	0.0	0.0	0.0	0.0	0.0	0.0	0.0	0.0	0.0	0.0	0.0	0.0	0.0	0.0	0.0	0.0	0.0	0.0	28480.38166630797	-1359.2955411977916	65.5994369657198	28512.876521196908	-28470.078460160537	1115.1891946014573	-1077.937889231344	28512.294971827392	0.0	0.0	0.0	0.0	0.0	0.0	0.0	0.0	0.0	0.0	0.0	0.0	0.0	0.0	0.0	0.0	0.0	0.0	0.0	0.0	0.0	0.0	0.0	0.0	0.0	0.0	0.0	0.0	28426.171297821715	-1990.7452864253842	969.8881956005758	28512.294971827392	0.0	0.0	0.0	0.0	0.0	0.0	0.0	0.0	0.0	0.0	0.0	0.0	0.0	0.0	0.0	0.0	0.0	0.0	0.0	0.0	0.0	0.0	0.0	0.0	0.0	0.0	0.0	0.0	0.0	0.0	0.0	0.0	0.0	0.0	0.0	0.0	0.0	0.0	0.0	0.0	0.0	0.0	0.0	0.0	0.0	0.0	0.0	0.0	0.0	0.0	0.0	0.0	0.0	0.0	0.0	0.0	0.0	0.0	0.0	0.0	0.0	0.0	0.0	0.0	0.0	0.0	0.0	0.0	0.0	0.0	0.0	0.0	0.0	0.0	0.0	0.0	0.0	0.0	0.0	0.0	0.0	0.0	0.0	0.0	0.0	0.0	0.0	0.0	0.0	0.0	0.0	0.0	0.0	0.0	0.0	0.0	0.0	0.0	0.0	0.0	29.674679184611968	-0.9253208153880338	0.12329112772955214	-0.5140118650171607	30.08153002091169	-0.22075814693162726	0.044721975661341444	-0.19261969823580496	0.00158653946253033
333.0	333.4205	2600.0	2598.4256675842225	-0.026476926716747333	-0.01890743392355189	28.24964706703641	-43.88964110184678	-13.368631894034479	18.83981709524804	49.59798002892372	-33.26946457365192	-31.59372788623659	18.839817095246925	49.59798002892258	2.709980938141753e-15	0.0	2.709980938141753e-15	2.587305922337817	2.661379117930918	-0.07816488179015134	-3.5014703630920687	1.6371608539962001	0.11200011115407643	1.2705176693459959	0.0	0.0	0.0	0.0	0.0	0.0	0.0	0.0	0.0	0.0	0.0	0.0	0.0	0.0	0.0	0.0	0.0	0.0	0.0	0.0	0.0	0.0	0.0	0.0	0.0	0.0	0.0	0.0	0.0	0.0	0.0	0.0	0.0	0.0	0.0	0.0	0.0	0.0	0.0	0.0	0.0	0.0	0.0	0.0	0.0	0.0	0.0	0.0	28314.602000688123	-1351.3623783518651	67.08115071869574	28346.91105951015	-28305.139339453603	1108.7018031662114	-1056.1174861885086	28346.525657633272	0.0	0.0	0.0	0.0	0.0	0.0	0.0	0.0	0.0	0.0	0.0	0.0	0.0	0.0	0.0	0.0	0.0	0.0	0.0	0.0	0.0	0.0	0.0	0.0	0.0	0.0	0.0	0.0	28261.442609957154	-1979.3568476319624	947.9055505123274	28346.525657633272	0.0	0.0	0.0	0.0	0.0	0.0	0.0	0.0	0.0	0.0	0.0	0.0	0.0	0.0	0.0	0.0	0.0	0.0	0.0	0.0	0.0	0.0	0.0	0.0	0.0	0.0	0.0	0.0	0.0	0.0	0.0	0.0	0.0	0.0	0.0	0.0	0.0	0.0	0.0	0.0	0.0	0.0	0.0	0.0	0.0	0.0	0.0	0.0	0.0	0.0	0.0	0.0	0.0	0.0	0.0	0.0	0.0	0.0	0.0	0.0	0.0	0.0	0.0	0.0	0.0	0.0	0.0	0.0	0.0	0.0	0.0	0.0	0.0	0.0	0.0	0.0	0.0	0.0	0.0	0.0	0.0	0.0	0.0	0.0	0.0	0.0	0.0	0.0	0.0	0.0	0.0	0.0	0.0	0.0	0.0	0.0	0.0	0.0	0.0	0.0	29.67261544945682	-0.9273845505431846	0.1230007005034878	-0.5139945162220066	30.09806834832306	-0.22081100017866842	0.04470990739765166	-0.19464518367822484	0.0015551078604255399
334.0	334.4203	2600.0	2598.545623763306	-0.02604548220078361	-0.01992251521919885	28.249530871166627	-42.4081086290862	-8.394604643970522	12.156452771227467	44.90764309785173	-34.62700353677793	-25.882188676561775	12.156452771226542	44.907643097854	-1.7146283288613064e-15	0.0	-1.7146283288613064e-15	2.6880332840685406	2.761982619962695	-0.0782855926292192	-3.529045246458205	1.638453186078176	0.1136279025829055	1.2704956228531077	0.0	0.0	0.0	0.0	0.0	0.0	0.0	0.0	0.0	0.0	0.0	0.0	0.0	0.0	0.0	0.0	0.0	0.0	0.0	0.0	0.0	0.0	0.0	0.0	0.0	0.0	0.0	0.0	0.0	0.0	0.0	0.0	0.0	0.0	0.0	0.0	0.0	0.0	0.0	0.0	0.0	0.0	0.0	0.0	0.0	0.0	0.0	0.0	28125.28878736948	-1341.8965714287192	55.794362895493954	28157.337743335644	-28118.107306289065	1104.0524348138024	-981.0552346493984	28156.870558359955	0.0	0.0	0.0	0.0	0.0	0.0	0.0	0.0	0.0	0.0	0.0	0.0	0.0	0.0	0.0	0.0	0.0	0.0	0.0	0.0	0.0	0.0	0.0	0.0	0.0	0.0	0.0	0.0	28074.593201795633	-1965.8621171080017	872.9045368468328	28156.870558359955	0.0	0.0	0.0	0.0	0.0	0.0	0.0	0.0	0.0	0.0	0.0	0.0	0.0	0.0	0.0	0.0	0.0	0.0	0.0	0.0	0.0	0.0	0.0	0.0	0.0	0.0	0.0	0.0	0.0	0.0	0.0	0.0	0.0	0.0	0.0	0.0	0.0	0.0	0.0	0.0	0.0	0.0	0.0	0.0	0.0	0.0	0.0	0.0	0.0	0.0	0.0	0.0	0.0	0.0	0.0	0.0	0.0	0.0	0.0	0.0	0.0	0.0	0.0	0.0	0.0	0.0	0.0	0.0	0.0	0.0	0.0	0.0	0.0	0.0	0.0	0.0	0.0	0.0	0.0	0.0	0.0	0.0	0.0	0.0	0.0	0.0	0.0	0.0	0.0	0.0	0.0	0.0	0.0	0.0	0.0	0.0	0.0	0.0	0.0	0.0	29.670600894310272	-0.9293991056897293	0.12269634034459855	-0.5139682414004775	30.114163902755845	-0.22086399860161807	0.044697699206955446	-0.1966303577767963	0.0014501707608941
335.0	335.4202	2600.0	2598.415189668932	-0.025574599584161195	-0.020886149136480403	28.249416820099935	-44.50784718010254	-11.86789430337376	27.420084221244018	53.60649582376681	-35.53810567251821	-29.30594514790937	27.42008422124298	53.606495823765634	-3.4527023419822026e-15	0.0	-3.4527023419822026e-15	2.787523851376056	2.861794737296699	-0.07885446648006396	-3.5556207020018173	1.6397441907398929	0.11514877300958512	1.2703833908061122	0.0	0.0	0.0	0.0	0.0	0.0	0.0	0.0	0.0	0.0	0.0	0.0	0.0	0.0	0.0	0.0	0.0	0.0	0.0	0.0	0.0	0.0	0.0	0.0	0.0	0.0	0.0	0.0	0.0	0.0	0.0	0.0	0.0	0.0	0.0	0.0	0.0	0.0	0.0	0.0	0.0	0.0	0.0	0.0	0.0	0.0	0.0	0.0	28033.58002292052	-1337.9127539000503	68.57742241796521	28065.57183278834	-28026.649041558045	1099.6684635527747	-971.2931418121667	28065.026948067065	0.0	0.0	0.0	0.0	0.0	0.0	0.0	0.0	0.0	0.0	0.0	0.0	0.0	0.0	0.0	0.0	0.0	0.0	0.0	0.0	0.0	0.0	0.0	0.0	0.0	0.0	0.0	0.0	27983.253475236186	-1959.3209948120857	862.74200993153	28065.026948067065	0.0	0.0	0.0	0.0	0.0	0.0	0.0	0.0	0.0	0.0	0.0	0.0	0.0	0.0	0.0	0.0	0.0	0.0	0.0	0.0	0.0	0.0	0.0	0.0	0.0	0.0	0.0	0.0	0.0	0.0	0.0	0.0	0.0	0.0	0.0	0.0	0.0	0.0	0.0	0.0	0.0	0.0	0.0	0.0	0.0	0.0	0.0	0.0	0.0	0.0	0.0	0.0	0.0	0.0	0.0	0.0	0.0	0.0	0.0	0.0	0.0	0.0	0.0	0.0	0.0	0.0	0.0	0.0	0.0	0.0	0.0	0.0	0.0	0.0	0.0	0.0	0.0	0.0	0.0	0.0	0.0	0.0	0.0	0.0	0.0	0.0	0.0	0.0	0.0	0.0	0.0	0.0	0.0	0.0	0.0	0.0	0.0	0.0	0.0	0.0	29.668664929233604	-0.9313350707663979	0.12240815376356406	-0.5139056186454295	30.129503769033022	-0.2209168542911822	0.044680896873308486	-0.19857303066356868	0.0014512839838478095
336.0	336.4201	2600.0	2598.4838652207773	-0.02504861387579856	-0.021792783269997038	28.249305120915917	-43.88528497926016	-12.37450022579651	23.029811683716154	51.082469788926076	-35.27088276246467	-28.896562472120422	23.029811683715135	51.08246978892141	0.0	0.0	0.0	2.8865182380035432	2.9607826578892107	-0.07909750486837741	-3.58119732338681	1.6412108440618358	0.11655900410607051	1.2703502406234468	0.0	0.0	0.0	0.0	0.0	0.0	0.0	0.0	0.0	0.0	0.0	0.0	0.0	0.0	0.0	0.0	0.0	0.0	0.0	0.0	0.0	0.0	0.0	0.0	0.0	0.0	0.0	0.0	0.0	0.0	0.0	0.0	0.0	0.0	0.0	0.0	0.0	0.0	0.0	0.0	0.0	0.0	0.0	0.0	0.0	0.0	0.0	0.0	27938.82719161625	-1333.4723548553777	63.519237628740605	27970.703388683454	-27932.9760532927	1096.9272068222497	-938.5358974116413	27970.256525845813	0.0	0.0	0.0	0.0	0.0	0.0	0.0	0.0	0.0	0.0	0.0	0.0	0.0	0.0	0.0	0.0	0.0	0.0	0.0	0.0	0.0	0.0	0.0	0.0	0.0	0.0	0.0	0.0	27889.65237974532	-1952.975748210175	829.7143999528097	27970.256525845813	0.0	0.0	0.0	0.0	0.0	0.0	0.0	0.0	0.0	0.0	0.0	0.0	0.0	0.0	0.0	0.0	0.0	0.0	0.0	0.0	0.0	0.0	0.0	0.0	0.0	0.0	0.0	0.0	0.0	0.0	0.0	0.0	0.0	0.0	0.0	0.0	0.0	0.0	0.0	0.0	0.0	0.0	0.0	0.0	0.0	0.0	0.0	0.0	0.0	0.0	0.0	0.0	0.0	0.0	0.0	0.0	0.0	0.0	0.0	0.0	0.0	0.0	0.0	0.0	0.0	0.0	0.0	0.0	0.0	0.0	0.0	0.0	0.0	0.0	0.0	0.0	0.0	0.0	0.0	0.0	0.0	0.0	0.0	0.0	0.0	0.0	0.0	0.0	0.0	0.0	0.0	0.0	0.0	0.0	0.0	0.0	0.0	0.0	0.0	0.0	29.666814228386084	-0.9331857716139212	0.12215323979340055	-0.5138841215648813	30.144407199295696	-0.2209697058133749	0.04466590742988432	-0.20038993856423054	0.0013832959964154097
337.0	337.4201	2600.0	2598.4071867351995	-0.024468620834030504	-0.02265084908425107	28.24919560727256	-45.005382565803295	-11.586113271627257	27.329472093174243	53.91310161295563	-37.10675983901638	-27.97875720769298	27.329472093173237	53.9131016129568	0.0	0.0	0.0	2.9845506902114822	3.058892984804576	-0.07942645269563232	-3.605760616082252	1.642823128505317	0.11786266890975673	1.2703826073018216	0.0	0.0	0.0	0.0	0.0	0.0	0.0	0.0	0.0	0.0	0.0	0.0	0.0	0.0	0.0	0.0	0.0	0.0	0.0	0.0	0.0	0.0	0.0	0.0	0.0	0.0	0.0	0.0	0.0	0.0	0.0	0.0	0.0	0.0	0.0	0.0	0.0	0.0	0.0	0.0	0.0	0.0	0.0	0.0	0.0	0.0	0.0	0.0	27842.1866134063	-1329.1587678143317	66.02098937640616	27873.973115019628	-27837.532530071512	1094.584362427475	-897.6636876752764	27873.502334393357	0.0	0.0	0.0	0.0	0.0	0.0	0.0	0.0	0.0	0.0	0.0	0.0	0.0	0.0	0.0	0.0	0.0	0.0	0.0	0.0	0.0	0.0	0.0	0.0	0.0	0.0	0.0	0.0	27794.27108132372	-1946.4886699881285	788.5488576692155	27873.502334393357	0.0	0.0	0.0	0.0	0.0	0.0	0.0	0.0	0.0	0.0	0.0	0.0	0.0	0.0	0.0	0.0	0.0	0.0	0.0	0.0	0.0	0.0	0.0	0.0	0.0	0.0	0.0	0.0	0.0	0.0	0.0	0.0	0.0	0.0	0.0	0.0	0.0	0.0	0.0	0.0	0.0	0.0	0.0	0.0	0.0	0.0	0.0	0.0	0.0	0.0	0.0	0.0	0.0	0.0	0.0	0.0	0.0	0.0	0.0	0.0	0.0	0.0	0.0	0.0	0.0	0.0	0.0	0.0	0.0	0.0	0.0	0.0	0.0	0.0	0.0	0.0	0.0	0.0	0.0	0.0	0.0	0.0	0.0	0.0	0.0	0.0	0.0	0.0	0.0	0.0	0.0	0.0	0.0	0.0	0.0	0.0	0.0	0.0	0.0	0.0	29.66504160505366	-0.9349583949463421	0.12192706999115549	-0.5138964060003289	30.158686542180554	-0.22102255931606918	0.044649521905106	-0.20209514191304348	0.0013392008654329298
338.0	338.4201	2600.0	2598.444844875318	-0.02381893573172612	-0.023488593625191716	28.24908636795834	-43.49072711592453	-11.77101111398224	28.53788749055073	53.33302044831735	-36.1129043458368	-26.941755462961734	28.53788749054976	53.333020448319466	1.752220371669578e-15	0.0	1.752220371669578e-15	3.081871946279773	3.1560737239959655	-0.0795383099267278	-3.6293312833062576	1.644477097721746	0.11902500836543647	1.2703829614993323	0.0	0.0	0.0	0.0	0.0	0.0	0.0	0.0	0.0	0.0	0.0	0.0	0.0	0.0	0.0	0.0	0.0	0.0	0.0	0.0	0.0	0.0	0.0	0.0	0.0	0.0	0.0	0.0	0.0	0.0	0.0	0.0	0.0	0.0	0.0	0.0	0.0	0.0	0.0	0.0	0.0	0.0	0.0	0.0	0.0	0.0	0.0	0.0	27805.64036892159	-1326.7823279742136	61.40749864774111	27837.344674959877	-27802.19115686924	1093.963862628518	-855.5201688685762	27836.8551531091	0.0	0.0	0.0	0.0	0.0	0.0	0.0	0.0	0.0	0.0	0.0	0.0	0.0	0.0	0.0	0.0	0.0	0.0	0.0	0.0	0.0	0.0	0.0	0.0	0.0	0.0	0.0	0.0	27758.915305978077	-1943.3301927969978	746.0520172724965	27836.8551531091	0.0	0.0	0.0	0.0	0.0	0.0	0.0	0.0	0.0	0.0	0.0	0.0	0.0	0.0	0.0	0.0	0.0	0.0	0.0	0.0	0.0	0.0	0.0	0.0	0.0	0.0	0.0	0.0	0.0	0.0	0.0	0.0	0.0	0.0	0.0	0.0	0.0	0.0	0.0	0.0	0.0	0.0	0.0	0.0	0.0	0.0	0.0	0.0	0.0	0.0	0.0	0.0	0.0	0.0	0.0	0.0	0.0	0.0	0.0	0.0	0.0	0.0	0.0	0.0	0.0	0.0	0.0	0.0	0.0	0.0	0.0	0.0	0.0	0.0	0.0	0.0	0.0	0.0	0.0	0.0	0.0	0.0	0.0	0.0	0.0	0.0	0.0	0.0	0.0	0.0	0.0	0.0	0.0	0.0	0.0	0.0	0.0	0.0	0.0	0.0	29.66332005065376	-0.9366799493462423	0.12174019243131484	-0.5139025987651514	30.172453206811895	-0.22107542189040155	0.044633949929724095	-0.20375568442792422	0.00125157010698476
339.0	339.4201	2600.0	2598.4018746376178	-0.023096735153557764	-0.02432056158528264	28.24897672372925	-44.43130340151764	-10.151813309716088	60.72432172107846	75.9252480003726	-38.027320436227456	-25.122160254919432	60.72432172107756	75.92524800037407	1.156017933955404e-15	0.0	1.156017933955404e-15	3.178237674731429	3.2523353281865	-0.0796872059548446	-3.651863298023306	1.646187445235569	0.12008313909640926	1.2703772979474792	0.0	0.0	0.0	0.0	0.0	0.0	0.0	0.0	0.0	0.0	0.0	0.0	0.0	0.0	0.0	0.0	0.0	0.0	0.0	0.0	0.0	0.0	0.0	0.0	0.0	0.0	0.0	0.0	0.0	0.0	0.0	0.0	0.0	0.0	0.0	0.0	0.0	0.0	0.0	0.0	0.0	0.0	0.0	0.0	0.0	0.0	0.0	0.0	27773.348926788265	-1325.2052503871769	57.931831986230684	27805.007384676992	-27771.05018529237	1094.1121777941703	-811.7955847215908	27804.447880204323	0.0	0.0	0.0	0.0	0.0	0.0	0.0	0.0	0.0	0.0	0.0	0.0	0.0	0.0	0.0	0.0	0.0	0.0	0.0	0.0	0.0	0.0	0.0	0.0	0.0	0.0	0.0	0.0	27727.73679566589	-1940.9356355302737	701.9280390488577	27804.447880204323	0.0	0.0	0.0	0.0	0.0	0.0	0.0	0.0	0.0	0.0	0.0	0.0	0.0	0.0	0.0	0.0	0.0	0.0	0.0	0.0	0.0	0.0	0.0	0.0	0.0	0.0	0.0	0.0	0.0	0.0	0.0	0.0	0.0	0.0	0.0	0.0	0.0	0.0	0.0	0.0	0.0	0.0	0.0	0.0	0.0	0.0	0.0	0.0	0.0	0.0	0.0	0.0	0.0	0.0	0.0	0.0	0.0	0.0	0.0	0.0	0.0	0.0	0.0	0.0	0.0	0.0	0.0	0.0	0.0	0.0	0.0	0.0	0.0	0.0	0.0	0.0	0.0	0.0	0.0	0.0	0.0	0.0	0.0	0.0	0.0	0.0	0.0	0.0	0.0	0.0	0.0	0.0	0.0	0.0	0.0	0.0	0.0	0.0	0.0	0.0	29.661636199415977	-0.9383638005840248	0.12158935389692424	-0.5139117806826351	30.185614747875096	-0.22112827850697633	0.04461651237447645	-0.20537576396462626	0.00117782506378817
340.0	340.4201	2600.0	2598.462308989213	-0.02232435382907455	-0.02512170650298869	28.248869180756387	-43.72972720994949	-13.251410024586223	60.756052911107616	76.02096339059119	-36.76022700292197	-27.139908256849598	60.75605291110665	76.02096339059219	0.0	0.0	0.0	3.2735114070590425	3.3477021550608432	-0.0800332515817851	-3.673302178658644	1.647996101138167	0.12108812031490758	1.270401250380254	0.0	0.0	0.0	0.0	0.0	0.0	0.0	0.0	0.0	0.0	0.0	0.0	0.0	0.0	0.0	0.0	0.0	0.0	0.0	0.0	0.0	0.0	0.0	0.0	0.0	0.0	0.0	0.0	0.0	0.0	0.0	0.0	0.0	0.0	0.0	0.0	0.0	0.0	0.0	0.0	0.0	0.0	0.0	0.0	0.0	0.0	0.0	0.0	27743.77694452564	-1324.2368155259867	57.926476894295156	27775.422908893972	-27742.08939639078	1093.227056086338	-794.898659765512	27774.998350185262	0.0	0.0	0.0	0.0	0.0	0.0	0.0	0.0	0.0	0.0	0.0	0.0	0.0	0.0	0.0	0.0	0.0	0.0	0.0	0.0	0.0	0.0	0.0	0.0	0.0	0.0	0.0	0.0	27698.75548528035	-1939.2895405899885	684.568475175877	27774.998350185262	0.0	0.0	0.0	0.0	0.0	0.0	0.0	0.0	0.0	0.0	0.0	0.0	0.0	0.0	0.0	0.0	0.0	0.0	0.0	0.0	0.0	0.0	0.0	0.0	0.0	0.0	0.0	0.0	0.0	0.0	0.0	0.0	0.0	0.0	0.0	0.0	0.0	0.0	0.0	0.0	0.0	0.0	0.0	0.0	0.0	0.0	0.0	0.0	0.0	0.0	0.0	0.0	0.0	0.0	0.0	0.0	0.0	0.0	0.0	0.0	0.0	0.0	0.0	0.0	0.0	0.0	0.0	0.0	0.0	0.0	0.0	0.0	0.0	0.0	0.0	0.0	0.0	0.0	0.0	0.0	0.0	0.0	0.0	0.0	0.0	0.0	0.0	0.0	0.0	0.0	0.0	0.0	0.0	0.0	0.0	0.0	0.0	0.0	0.0	0.0	29.660016009962046	-0.9399839900379517	0.12146134903118974	-0.5139356911247493	30.198126303185724	-0.2211811624987489	0.04459511538695382	-0.20691752216062914	0.0011544824434761899
341.0	341.4201	2600.0	2598.4395995340083	-0.021506861851880364	-0.02588939768657462	28.248764314294228	-43.807106764717894	-14.350363364104851	61.470215423388055	76.83477673537531	-36.95148476963729	-27.560538911580803	61.470215423387074	76.83477673537622	0.0	0.0	0.0	3.367828944499058	3.441988947737729	-0.08025456876451531	-3.6936241228510656	1.6498779779596848	0.12205647979566098	1.2704403919569218	0.0	0.0	0.0	0.0	0.0	0.0	0.0	0.0	0.0	0.0	0.0	0.0	0.0	0.0	0.0	0.0	0.0	0.0	0.0	0.0	0.0	0.0	0.0	0.0	0.0	0.0	0.0	0.0	0.0	0.0	0.0	0.0	0.0	0.0	0.0	0.0	0.0	0.0	0.0	0.0	0.0	0.0	0.0	0.0	0.0	0.0	0.0	0.0	27700.760710390507	-1322.6667442962919	62.288267428551656	27732.390287875307	-27699.876647255773	1092.4299053026555	-769.4888588214748	27732.087596772017	0.0	0.0	0.0	0.0	0.0	0.0	0.0	0.0	0.0	0.0	0.0	0.0	0.0	0.0	0.0	0.0	0.0	0.0	0.0	0.0	0.0	0.0	0.0	0.0	0.0	0.0	0.0	0.0	27656.525897945925	-1936.808273088366	658.8106287687896	27732.087596772017	0.0	0.0	0.0	0.0	0.0	0.0	0.0	0.0	0.0	0.0	0.0	0.0	0.0	0.0	0.0	0.0	0.0	0.0	0.0	0.0	0.0	0.0	0.0	0.0	0.0	0.0	0.0	0.0	0.0	0.0	0.0	0.0	0.0	0.0	0.0	0.0	0.0	0.0	0.0	0.0	0.0	0.0	0.0	0.0	0.0	0.0	0.0	0.0	0.0	0.0	0.0	0.0	0.0	0.0	0.0	0.0	0.0	0.0	0.0	0.0	0.0	0.0	0.0	0.0	0.0	0.0	0.0	0.0	0.0	0.0	0.0	0.0	0.0	0.0	0.0	0.0	0.0	0.0	0.0	0.0	0.0	0.0	0.0	0.0	0.0	0.0	0.0	0.0	0.0	0.0	0.0	0.0	0.0	0.0	0.0	0.0	0.0	0.0	0.0	0.0	29.658463138018522	-0.9415368619814827	0.12134978936148832	-0.5139669582055595	30.210054942329737	-0.2212340659376122	0.044571699152142576	-0.2083847588802304	0.00110875484490266
342.0	342.4201	2600.0	2598.4952298826656	-0.02064850981550092	-0.026622917953239393	28.248662532744127	-43.14223746914648	-14.810488779407025	63.820528842435785	78.44528751593269	-36.65407313087053	-27.149256981476352	63.8205288424348	78.44528751593367	0.0	0.0	0.0	3.4612264668994777	3.53528753398172	-0.08040648064160098	-3.7128181279840278	1.6517967032691894	0.12299196833062323	1.2704675062592943	0.0	0.0	0.0	0.0	0.0	0.0	0.0	0.0	0.0	0.0	0.0	0.0	0.0	0.0	0.0	0.0	0.0	0.0	0.0	0.0	0.0	0.0	0.0	0.0	0.0	0.0	0.0	0.0	0.0	0.0	0.0	0.0	0.0	0.0	0.0	0.0	0.0	0.0	0.0	0.0	0.0	0.0	0.0	0.0	0.0	0.0	0.0	0.0	27679.54110279632	-1321.3674535040757	59.60617597809804	27711.127016142545	-27679.6011001755	1092.7549785193155	-729.1806353526067	27710.75846863252	0.0	0.0	0.0	0.0	0.0	0.0	0.0	0.0	0.0	0.0	0.0	0.0	0.0	0.0	0.0	0.0	0.0	0.0	0.0	0.0	0.0	0.0	0.0	0.0	0.0	0.0	0.0	0.0	27636.197909753366	-1935.0976654576928	618.1399719910349	27710.75846863252	0.0	0.0	0.0	0.0	0.0	0.0	0.0	0.0	0.0	0.0	0.0	0.0	0.0	0.0	0.0	0.0	0.0	0.0	0.0	0.0	0.0	0.0	0.0	0.0	0.0	0.0	0.0	0.0	0.0	0.0	0.0	0.0	0.0	0.0	0.0	0.0	0.0	0.0	0.0	0.0	0.0	0.0	0.0	0.0	0.0	0.0	0.0	0.0	0.0	0.0	0.0	0.0	0.0	0.0	0.0	0.0	0.0	0.0	0.0	0.0	0.0	0.0	0.0	0.0	0.0	0.0	0.0	0.0	0.0	0.0	0.0	0.0	0.0	0.0	0.0	0.0	0.0	0.0	0.0	0.0	0.0	0.0	0.0	0.0	0.0	0.0	0.0	0.0	0.0	0.0	0.0	0.0	0.0	0.0	0.0	0.0	0.0	0.0	0.0	0.0	29.65697928332991	-0.9430207166700878	0.12124932464815742	-0.5139930898289018	30.221425019970418	-0.22128694373481309	0.04454711102227476	-0.2097882973466509	0.00105348265086451
343.0	343.4201	2600.0	2598.529797335804	-0.019748431326380846	-0.02732377552127497	28.248563971260342	-42.780049149387196	-13.711002469815863	62.10199957626302	76.64713005273879	-37.08892736768029	-25.34828713475872	62.101999576262095	76.64713005273778	4.386956117749166e-15	0.0	4.386956117749166e-15	3.553600571048571	3.6275207418918383	-0.08051455727244096	-3.730877675800587	1.6537459204439104	0.12389465847005325	1.2704884258131246	0.0	0.0	0.0	0.0	0.0	0.0	0.0	0.0	0.0	0.0	0.0	0.0	0.0	0.0	0.0	0.0	0.0	0.0	0.0	0.0	0.0	0.0	0.0	0.0	0.0	0.0	0.0	0.0	0.0	0.0	0.0	0.0	0.0	0.0	0.0	0.0	0.0	0.0	0.0	0.0	0.0	0.0	0.0	0.0	0.0	0.0	0.0	0.0	27647.278121821386	-1319.243694231336	57.28978081027478	27678.794655640224	-27648.52337511686	1092.7099837849526	-680.0089584295876	27678.462242628135	0.0	0.0	0.0	0.0	0.0	0.0	0.0	0.0	0.0	0.0	0.0	0.0	0.0	0.0	0.0	0.0	0.0	0.0	0.0	0.0	0.0	0.0	0.0	0.0	0.0	0.0	0.0	0.0	27605.08682013066	-1932.1034830696822	568.7089768499492	27678.462242628135	0.0	0.0	0.0	0.0	0.0	0.0	0.0	0.0	0.0	0.0	0.0	0.0	0.0	0.0	0.0	0.0	0.0	0.0	0.0	0.0	0.0	0.0	0.0	0.0	0.0	0.0	0.0	0.0	0.0	0.0	0.0	0.0	0.0	0.0	0.0	0.0	0.0	0.0	0.0	0.0	0.0	0.0	0.0	0.0	0.0	0.0	0.0	0.0	0.0	0.0	0.0	0.0	0.0	0.0	0.0	0.0	0.0	0.0	0.0	0.0	0.0	0.0	0.0	0.0	0.0	0.0	0.0	0.0	0.0	0.0	0.0	0.0	0.0	0.0	0.0	0.0	0.0	0.0	0.0	0.0	0.0	0.0	0.0	0.0	0.0	0.0	0.0	0.0	0.0	0.0	0.0	0.0	0.0	0.0	0.0	0.0	0.0	0.0	0.0	0.0	29.655563898104592	-0.9444361018954054	0.1211576200703688	-0.5140162464929519	30.232201637290405	-0.2213398002162823	0.04452159239445459	-0.21112644791713547	0.0009938323209173238
344.0	344.4201	2600.0	2598.526251405199	-0.018806227891055648	-0.02799172147806459	28.24846889030537	-42.562086786823784	-17.608418914856887	66.43439575675312	80.84006796072792	-36.26894110499052	-28.392808234715627	66.43439575675211	80.84006796072951	0.0	0.0	0.0	3.644786423957847	3.718685105828321	-0.0807396069825654	-3.7477963395527305	1.6557214019623172	0.12476515131441028	1.2705070185407812	0.0	0.0	0.0	0.0	0.0	0.0	0.0	0.0	0.0	0.0	0.0	0.0	0.0	0.0	0.0	0.0	0.0	0.0	0.0	0.0	0.0	0.0	0.0	0.0	0.0	0.0	0.0	0.0	0.0	0.0	0.0	0.0	0.0	0.0	0.0	0.0	0.0	0.0	0.0	0.0	0.0	0.0	0.0	0.0	0.0	0.0	0.0	0.0	27617.819339377755	-1318.0516443192566	61.065703669753596	27649.32068279013	-27619.31492620879	1091.3163673849297	-672.1424812017084	27649.03802886925	0.0	0.0	0.0	0.0	0.0	0.0	0.0	0.0	0.0	0.0	0.0	0.0	0.0	0.0	0.0	0.0	0.0	0.0	0.0	0.0	0.0	0.0	0.0	0.0	0.0	0.0	0.0	0.0	27575.864650770694	-1930.486411678588	560.5487477083955	27649.03802886925	0.0	0.0	0.0	0.0	0.0	0.0	0.0	0.0	0.0	0.0	0.0	0.0	0.0	0.0	0.0	0.0	0.0	0.0	0.0	0.0	0.0	0.0	0.0	0.0	0.0	0.0	0.0	0.0	0.0	0.0	0.0	0.0	0.0	0.0	0.0	0.0	0.0	0.0	0.0	0.0	0.0	0.0	0.0	0.0	0.0	0.0	0.0	0.0	0.0	0.0	0.0	0.0	0.0	0.0	0.0	0.0	0.0	0.0	0.0	0.0	0.0	0.0	0.0	0.0	0.0	0.0	0.0	0.0	0.0	0.0	0.0	0.0	0.0	0.0	0.0	0.0	0.0	0.0	0.0	0.0	0.0	0.0	0.0	0.0	0.0	0.0	0.0	0.0	0.0	0.0	0.0	0.0	0.0	0.0	0.0	0.0	0.0	0.0	0.0	0.0	29.654218123418374	-0.9457818765816343	0.12107262087623392	-0.514037693499407	30.24232411781529	-0.22139265983195902	0.04449623371714027	-0.21239667703101153	0.0009669227434445206
345.0	345.4201	2600.0	2598.4966899066444	-0.017832652986211256	-0.028612496846612497	28.248378692321435	-29.68100720340226	-12.6064734660722	58.64565893842736	66.92681580787736	-25.55179589320869	-19.672089072879313	58.64565893842665	66.92681580787894	0.0	0.0	0.0	3.734993902647456	3.8087327978056678	-0.08082334498445813	-3.763566448093045	1.6577340798777687	0.12560754587416048	1.2705228061423335	0.0	0.0	0.0	0.0	0.0	0.0	0.0	0.0	0.0	0.0	0.0	0.0	0.0	0.0	0.0	0.0	0.0	0.0	0.0	0.0	0.0	0.0	0.0	0.0	0.0	0.0	0.0	0.0	0.0	0.0	0.0	0.0	0.0	0.0	0.0	0.0	0.0	0.0	0.0	0.0	0.0	0.0	0.0	0.0	0.0	0.0	0.0	0.0	27637.956876111766	-1318.6281620459524	59.86592016404953	27669.460140088595	-27640.649108736183	1093.4148678508107	-634.1563339797683	27669.53547643044	0.0	0.0	0.0	0.0	0.0	0.0	0.0	0.0	0.0	0.0	0.0	0.0	0.0	0.0	0.0	0.0	0.0	0.0	0.0	0.0	0.0	0.0	0.0	0.0	0.0	0.0	0.0	0.0	27597.075658114376	-1931.8369035435771	522.1252530386922	27669.53547643044	0.0	0.0	0.0	0.0	0.0	0.0	0.0	0.0	0.0	0.0	0.0	0.0	0.0	0.0	0.0	0.0	0.0	0.0	0.0	0.0	0.0	0.0	0.0	0.0	0.0	0.0	0.0	0.0	0.0	0.0	0.0	0.0	0.0	0.0	0.0	0.0	0.0	0.0	0.0	0.0	0.0	0.0	0.0	0.0	0.0	0.0	0.0	0.0	0.0	0.0	0.0	0.0	0.0	0.0	0.0	0.0	0.0	0.0	0.0	0.0	0.0	0.0	0.0	0.0	0.0	0.0	0.0	0.0	0.0	0.0	0.0	0.0	0.0	0.0	0.0	0.0	0.0	0.0	0.0	0.0	0.0	0.0	0.0	0.0	0.0	0.0	0.0	0.0	0.0	0.0	0.0	0.0	0.0	0.0	0.0	0.0	0.0	0.0	0.0	0.0	29.65295692874024	-0.9470430712597597	0.12099275933824662	-0.5140572742526316	30.251890467302882	-0.2214455195131923	0.044472441265017176	-0.21358437621391407	0.0009136819624481085
346.0	346.4202	2600.0	2598.4837304862162	-0.01684001889866186	-0.029191765831112496	28.248293414346165	-42.770610558916815	-17.503459712690532	68.16054889145813	82.35020737485219	-37.46508973020173	-27.056667958277103	68.16054889145717	82.35020737485272	-4.546676745169932e-15	0.0	-4.546676745169932e-15	3.824082604063434	3.897617114729843	-0.08085882323370609	-3.778183575388585	1.6597964363639541	0.12642073744649637	1.270533676849433	0.0	0.0	0.0	0.0	0.0	0.0	0.0	0.0	0.0	0.0	0.0	0.0	0.0	0.0	0.0	0.0	0.0	0.0	0.0	0.0	0.0	0.0	0.0	0.0	0.0	0.0	0.0	0.0	0.0	0.0	0.0	0.0	0.0	0.0	0.0	0.0	0.0	0.0	0.0	0.0	0.0	0.0	0.0	0.0	0.0	0.0	0.0	0.0	27551.83226823848	-1314.6807308873176	60.534871814191376	27583.246930555862	-27555.01096198017	1091.2868020749731	-589.6467142254098	27582.9153507534	0.0	0.0	0.0	0.0	0.0	0.0	0.0	0.0	0.0	0.0	0.0	0.0	0.0	0.0	0.0	0.0	0.0	0.0	0.0	0.0	0.0	0.0	0.0	0.0	0.0	0.0	0.0	0.0	27511.483851866975	-1925.4373899187397	477.6676384190293	27582.9153507534	0.0	0.0	0.0	0.0	0.0	0.0	0.0	0.0	0.0	0.0	0.0	0.0	0.0	0.0	0.0	0.0	0.0	0.0	0.0	0.0	0.0	0.0	0.0	0.0	0.0	0.0	0.0	0.0	0.0	0.0	0.0	0.0	0.0	0.0	0.0	0.0	0.0	0.0	0.0	0.0	0.0	0.0	0.0	0.0	0.0	0.0	0.0	0.0	0.0	0.0	0.0	0.0	0.0	0.0	0.0	0.0	0.0	0.0	0.0	0.0	0.0	0.0	0.0	0.0	0.0	0.0	0.0	0.0	0.0	0.0	0.0	0.0	0.0	0.0	0.0	0.0	0.0	0.0	0.0	0.0	0.0	0.0	0.0	0.0	0.0	0.0	0.0	0.0	0.0	0.0	0.0	0.0	0.0	0.0	0.0	0.0	0.0	0.0	0.0	0.0	29.65177538163474	-0.9482246183652627	0.12091611527571869	-0.5140737514939133	30.26085087990415	-0.22149838044075387	0.044450606922472075	-0.21469560434140963	0.000855879067609806
347.0	347.4202	2600.0	2598.4835513880093	-0.01582625312202244	-0.029737900724857384	28.24821261894843	-42.48659012167263	-15.968907315116667	60.54126055240715	75.66611243007168	-37.98862298769744	-24.839099510740194	60.54126055240626	75.66611243007145	0.0	0.0	0.0	3.912225929468594	3.9852806661045714	-0.08061469388551916	-3.791641716011209	1.6618957462019794	0.12720480101696383	1.270536894525284	0.0	0.0	0.0	0.0	0.0	0.0	0.0	0.0	0.0	0.0	0.0	0.0	0.0	0.0	0.0	0.0	0.0	0.0	0.0	0.0	0.0	0.0	0.0	0.0	0.0	0.0	0.0	0.0	0.0	0.0	0.0	0.0	0.0	0.0	0.0	0.0	0.0	0.0	0.0	0.0	0.0	0.0	0.0	0.0	0.0	0.0	0.0	0.0	27519.556054706503	-1312.914289888715	53.412564399538574	27550.908556393617	-27523.602925806383	1091.9590839193866	-542.5302960061751	27550.597666484417	0.0	0.0	0.0	0.0	0.0	0.0	0.0	0.0	0.0	0.0	0.0	0.0	0.0	0.0	0.0	0.0	0.0	0.0	0.0	0.0	0.0	0.0	0.0	0.0	0.0	0.0	0.0	0.0	27480.017409728287	-1923.210604480568	430.50657641977966	27550.597666484417	0.0	0.0	0.0	0.0	0.0	0.0	0.0	0.0	0.0	0.0	0.0	0.0	0.0	0.0	0.0	0.0	0.0	0.0	0.0	0.0	0.0	0.0	0.0	0.0	0.0	0.0	0.0	0.0	0.0	0.0	0.0	0.0	0.0	0.0	0.0	0.0	0.0	0.0	0.0	0.0	0.0	0.0	0.0	0.0	0.0	0.0	0.0	0.0	0.0	0.0	0.0	0.0	0.0	0.0	0.0	0.0	0.0	0.0	0.0	0.0	0.0	0.0	0.0	0.0	0.0	0.0	0.0	0.0	0.0	0.0	0.0	0.0	0.0	0.0	0.0	0.0	0.0	0.0	0.0	0.0	0.0	0.0	0.0	0.0	0.0	0.0	0.0	0.0	0.0	0.0	0.0	0.0	0.0	0.0	0.0	0.0	0.0	0.0	0.0	0.0	29.65066590797331	-0.9493340920266959	0.12084159911215792	-0.5140860107682005	30.26928732489252	-0.2215512400472288	0.04443248304054695	-0.21573924991956794	0.0007411931616101156
348.0	348.4202	2600.0	2598.607641552277	-0.014789595538824023	-0.030246843868848423	28.24813671925107	-40.98867944909943	-19.950676090658817	61.45953352289603	76.52042590254835	-36.149659839391454	-27.772349791692246	61.459533522895036	76.52042590255022	1.0436772782802794e-15	0.0	1.0436772782802794e-15	3.9988724324572447	4.07191923246531	-0.08083794675343091	-3.8039456906883196	1.664023405800066	0.12795088281855116	1.270536119116065	0.0	0.0	0.0	0.0	0.0	0.0	0.0	0.0	0.0	0.0	0.0	0.0	0.0	0.0	0.0	0.0	0.0	0.0	0.0	0.0	0.0	0.0	0.0	0.0	0.0	0.0	0.0	0.0	0.0	0.0	0.0	0.0	0.0	0.0	0.0	0.0	0.0	0.0	0.0	0.0	0.0	0.0	0.0	0.0	0.0	0.0	0.0	0.0	27488.718108730638	-1311.9768469126639	53.424113600285914	27520.061058144558	-27493.136965192276	1090.8361930026451	-531.1407712515954	27519.894881806373	0.0	0.0	0.0	0.0	0.0	0.0	0.0	0.0	0.0	0.0	0.0	0.0	0.0	0.0	0.0	0.0	0.0	0.0	0.0	0.0	0.0	0.0	0.0	0.0	0.0	0.0	0.0	0.0	27449.529875348337	-1921.5715435744496	418.9113640808828	27519.894881806373	0.0	0.0	0.0	0.0	0.0	0.0	0.0	0.0	0.0	0.0	0.0	0.0	0.0	0.0	0.0	0.0	0.0	0.0	0.0	0.0	0.0	0.0	0.0	0.0	0.0	0.0	0.0	0.0	0.0	0.0	0.0	0.0	0.0	0.0	0.0	0.0	0.0	0.0	0.0	0.0	0.0	0.0	0.0	0.0	0.0	0.0	0.0	0.0	0.0	0.0	0.0	0.0	0.0	0.0	0.0	0.0	0.0	0.0	0.0	0.0	0.0	0.0	0.0	0.0	0.0	0.0	0.0	0.0	0.0	0.0	0.0	0.0	0.0	0.0	0.0	0.0	0.0	0.0	0.0	0.0	0.0	0.0	0.0	0.0	0.0	0.0	0.0	0.0	0.0	0.0	0.0	0.0	0.0	0.0	0.0	0.0	0.0	0.0	0.0	0.0	29.649633274049037	-0.9503667259509566	0.12076889495054774	-0.5140950784482088	30.27697578413527	-0.22160409971544706	0.044414638512960763	-0.21670899949492495	0.0007381318429470685
349.0	349.4202	2600.0	2598.5642176653137	-0.013728400672809869	-0.03072060686686224	28.24806572021833	-41.283092720545035	-19.62755786922935	59.360501903212814	74.92131845265668	-36.97759140734341	-26.873639615700082	59.36050190321184	74.92131845265524	0.0	0.0	0.0	4.084462860810514	4.157280512517296	-0.0808346927483986	-3.815083904060012	1.666163114400599	0.1286661573592377	1.2705279989443474	0.0	0.0	0.0	0.0	0.0	0.0	0.0	0.0	0.0	0.0	0.0	0.0	0.0	0.0	0.0	0.0	0.0	0.0	0.0	0.0	0.0	0.0	0.0	0.0	0.0	0.0	0.0	0.0	0.0	0.0	0.0	0.0	0.0	0.0	0.0	0.0	0.0	0.0	0.0	0.0	0.0	0.0	0.0	0.0	0.0	0.0	0.0	0.0	27457.050981639637	-1310.5472671530315	50.951884572487295	27488.35715066184	-27462.105496868993	1091.1963149284286	-488.5300416024118	27488.117602346352	0.0	0.0	0.0	0.0	0.0	0.0	0.0	0.0	0.0	0.0	0.0	0.0	0.0	0.0	0.0	0.0	0.0	0.0	0.0	0.0	0.0	0.0	0.0	0.0	0.0	0.0	0.0	0.0	27418.44896423476	-1919.3073136945404	376.1982877104052	27488.117602346352	0.0	0.0	0.0	0.0	0.0	0.0	0.0	0.0	0.0	0.0	0.0	0.0	0.0	0.0	0.0	0.0	0.0	0.0	0.0	0.0	0.0	0.0	0.0	0.0	0.0	0.0	0.0	0.0	0.0	0.0	0.0	0.0	0.0	0.0	0.0	0.0	0.0	0.0	0.0	0.0	0.0	0.0	0.0	0.0	0.0	0.0	0.0	0.0	0.0	0.0	0.0	0.0	0.0	0.0	0.0	0.0	0.0	0.0	0.0	0.0	0.0	0.0	0.0	0.0	0.0	0.0	0.0	0.0	0.0	0.0	0.0	0.0	0.0	0.0	0.0	0.0	0.0	0.0	0.0	0.0	0.0	0.0	0.0	0.0	0.0	0.0	0.0	0.0	0.0	0.0	0.0	0.0	0.0	0.0	0.0	0.0	0.0	0.0	0.0	0.0	29.64867615608246	-0.9513238439175424	0.12069699037063827	-0.5140998371488809	30.28411127041432	-0.22165696024816783	0.044398491248823044	-0.2176076951207122	0.0006899205951062631
350.0	350.4203	2600.0	2598.5845767630944	-0.01264779592903935	-0.031144487809024977	28.248000857302756	-42.007602224042785	-23.32954753073135	69.81931119898019	84.7563723203282	-37.539297437126145	-29.995125946210464	69.8193111989791	84.75637232032729	0.0	0.0	0.0	4.168727179233975	4.241314980972109	-0.08082481791305546	-3.8250620230802865	1.6683277855611536	0.12934320744876762	1.2705200399357242	0.0	0.0	0.0	0.0	0.0	0.0	0.0	0.0	0.0	0.0	0.0	0.0	0.0	0.0	0.0	0.0	0.0	0.0	0.0	0.0	0.0	0.0	0.0	0.0	0.0	0.0	0.0	0.0	0.0	0.0	0.0	0.0	0.0	0.0	0.0	0.0	0.0	0.0	0.0	0.0	0.0	0.0	0.0	0.0	0.0	0.0	0.0	0.0	27427.934648673283	-1309.0112682325562	59.287688656884804	27459.21748015188	-27433.418441067937	1090.013254338414	-470.29500418710103	27459.09236752597	0.0	0.0	0.0	0.0	0.0	0.0	0.0	0.0	0.0	0.0	0.0	0.0	0.0	0.0	0.0	0.0	0.0	0.0	0.0	0.0	0.0	0.0	0.0	0.0	0.0	0.0	0.0	0.0	27389.743403652723	-1917.1838566123943	357.93294110839145	27459.09236752597	0.0	0.0	0.0	0.0	0.0	0.0	0.0	0.0	0.0	0.0	0.0	0.0	0.0	0.0	0.0	0.0	0.0	0.0	0.0	0.0	0.0	0.0	0.0	0.0	0.0	0.0	0.0	0.0	0.0	0.0	0.0	0.0	0.0	0.0	0.0	0.0	0.0	0.0	0.0	0.0	0.0	0.0	0.0	0.0	0.0	0.0	0.0	0.0	0.0	0.0	0.0	0.0	0.0	0.0	0.0	0.0	0.0	0.0	0.0	0.0	0.0	0.0	0.0	0.0	0.0	0.0	0.0	0.0	0.0	0.0	0.0	0.0	0.0	0.0	0.0	0.0	0.0	0.0	0.0	0.0	0.0	0.0	0.0	0.0	0.0	0.0	0.0	0.0	0.0	0.0	0.0	0.0	0.0	0.0	0.0	0.0	0.0	0.0	0.0	0.0	29.647809750804576	-0.9521902491954323	0.12062731715201086	-0.5141034303749714	30.290588895719626	-0.22170982865010463	0.04438219720500706	-0.21841675109824113	0.0006463326782072197
351.0	351.4203	2600.0	2598.5224425374	-0.01155881421621374	-0.03151088011123585	28.24794291864141	-39.907522981267896	-21.300913535727883	68.52237497413809	82.1075829631671	-36.28314412484542	-27.016157394653426	68.5223749741371	82.10758296316632	0.0	0.0	0.0	4.251877902858456	4.324142944536082	-0.08071589941494241	-3.8338733683272896	1.670514203748376	0.1299863142220859	1.2705021910994656	0.0	0.0	0.0	0.0	0.0	0.0	0.0	0.0	0.0	0.0	0.0	0.0	0.0	0.0	0.0	0.0	0.0	0.0	0.0	0.0	0.0	0.0	0.0	0.0	0.0	0.0	0.0	0.0	0.0	0.0	0.0	0.0	0.0	0.0	0.0	0.0	0.0	0.0	0.0	0.0	0.0	0.0	0.0	0.0	0.0	0.0	0.0	0.0	27392.937610930272	-1307.3685297460925	55.989067475568824	27424.175068806813	-27398.844138487253	1090.0489316713258	-431.0355190062708	27423.906695020694	0.0	0.0	0.0	0.0	0.0	0.0	0.0	0.0	0.0	0.0	0.0	0.0	0.0	0.0	0.0	0.0	0.0	0.0	0.0	0.0	0.0	0.0	0.0	0.0	0.0	0.0	0.0	0.0	27355.128377504618	-1914.69266556069	318.68772158642435	27423.906695020694	0.0	0.0	0.0	0.0	0.0	0.0	0.0	0.0	0.0	0.0	0.0	0.0	0.0	0.0	0.0	0.0	0.0	0.0	0.0	0.0	0.0	0.0	0.0	0.0	0.0	0.0	0.0	0.0	0.0	0.0	0.0	0.0	0.0	0.0	0.0	0.0	0.0	0.0	0.0	0.0	0.0	0.0	0.0	0.0	0.0	0.0	0.0	0.0	0.0	0.0	0.0	0.0	0.0	0.0	0.0	0.0	0.0	0.0	0.0	0.0	0.0	0.0	0.0	0.0	0.0	0.0	0.0	0.0	0.0	0.0	0.0	0.0	0.0	0.0	0.0	0.0	0.0	0.0	0.0	0.0	0.0	0.0	0.0	0.0	0.0	0.0	0.0	0.0	0.0	0.0	0.0	0.0	0.0	0.0	0.0	0.0	0.0	0.0	0.0	0.0	29.64704213384103	-0.9529578661589718	0.12055794514016398	-0.5141015240994451	30.296507972494126	-0.2217626954176041	0.04436450427332762	-0.21913258565800292	0.0005861765929960819
352.0	352.4203	2600.0	2598.5400182718004	-0.010459603160423709	-0.03182466699466791	28.247891652918288	-41.782748462213924	-23.828446133102254	79.16220968968949	92.6296300172313	-38.27457204604616	-29.13159880382591	79.16220968968845	92.62963001723178	0.0	0.0	0.0	4.333744911461115	4.405680196863659	-0.08059324958165485	-3.8415225033774236	1.6727116541040519	0.1305873668043613	1.270473942339853	0.0	0.0	0.0	0.0	0.0	0.0	0.0	0.0	0.0	0.0	0.0	0.0	0.0	0.0	0.0	0.0	0.0	0.0	0.0	0.0	0.0	0.0	0.0	0.0	0.0	0.0	0.0	0.0	0.0	0.0	0.0	0.0	0.0	0.0	0.0	0.0	0.0	0.0	0.0	0.0	0.0	0.0	0.0	0.0	0.0	0.0	0.0	0.0	27360.70634025919	-1305.8461040865175	53.94611511011402	27391.90383432289	-27367.18654767587	1089.9803399392383	-396.3055983088014	27391.750853203903	0.0	0.0	0.0	0.0	0.0	0.0	0.0	0.0	0.0	0.0	0.0	0.0	0.0	0.0	0.0	0.0	0.0	0.0	0.0	0.0	0.0	0.0	0.0	0.0	0.0	0.0	0.0	0.0	27323.429866920083	-1912.4701887234323	283.99452237744936	27391.750853203903	0.0	0.0	0.0	0.0	0.0	0.0	0.0	0.0	0.0	0.0	0.0	0.0	0.0	0.0	0.0	0.0	0.0	0.0	0.0	0.0	0.0	0.0	0.0	0.0	0.0	0.0	0.0	0.0	0.0	0.0	0.0	0.0	0.0	0.0	0.0	0.0	0.0	0.0	0.0	0.0	0.0	0.0	0.0	0.0	0.0	0.0	0.0	0.0	0.0	0.0	0.0	0.0	0.0	0.0	0.0	0.0	0.0	0.0	0.0	0.0	0.0	0.0	0.0	0.0	0.0	0.0	0.0	0.0	0.0	0.0	0.0	0.0	0.0	0.0	0.0	0.0	0.0	0.0	0.0	0.0	0.0	0.0	0.0	0.0	0.0	0.0	0.0	0.0	0.0	0.0	0.0	0.0	0.0	0.0	0.0	0.0	0.0	0.0	0.0	0.0	29.64636895969746	-0.9536310403025433	0.12048848070212669	-0.5140937079129616	30.30180548511283	-0.22181556216303355	0.044345447171400695	-0.2197598108701419	0.0005288401848121769
353.0	353.4203	2600.0	2598.565517896584	-0.009353534617771839	-0.032103494951015846	28.24784596194598	-41.13831831897553	-24.291016848441352	63.59151223286419	79.53801079802746	-38.08398569397105	-28.84483952644223	63.59151223286314	79.53801079802771	0.0	0.0	0.0	4.414318160818025	4.485894126352339	-0.08043376866647917	-3.8480061768307166	1.6749295944405143	0.13114515954077338	1.2704399919390057	0.0	0.0	0.0	0.0	0.0	0.0	0.0	0.0	0.0	0.0	0.0	0.0	0.0	0.0	0.0	0.0	0.0	0.0	0.0	0.0	0.0	0.0	0.0	0.0	0.0	0.0	0.0	0.0	0.0	0.0	0.0	0.0	0.0	0.0	0.0	0.0	0.0	0.0	0.0	0.0	0.0	0.0	0.0	0.0	0.0	0.0	0.0	0.0	27331.512436609486	-1304.478095712251	51.7231801024614	27362.673671666147	-27338.44041787856	1090.0724368011856	-360.8833901248134	27362.54409262118	0.0	0.0	0.0	0.0	0.0	0.0	0.0	0.0	0.0	0.0	0.0	0.0	0.0	0.0	0.0	0.0	0.0	0.0	0.0	0.0	0.0	0.0	0.0	0.0	0.0	0.0	0.0	0.0	27294.63725209626	-1910.4388185286507	248.63631628377522	27362.54409262118	0.0	0.0	0.0	0.0	0.0	0.0	0.0	0.0	0.0	0.0	0.0	0.0	0.0	0.0	0.0	0.0	0.0	0.0	0.0	0.0	0.0	0.0	0.0	0.0	0.0	0.0	0.0	0.0	0.0	0.0	0.0	0.0	0.0	0.0	0.0	0.0	0.0	0.0	0.0	0.0	0.0	0.0	0.0	0.0	0.0	0.0	0.0	0.0	0.0	0.0	0.0	0.0	0.0	0.0	0.0	0.0	0.0	0.0	0.0	0.0	0.0	0.0	0.0	0.0	0.0	0.0	0.0	0.0	0.0	0.0	0.0	0.0	0.0	0.0	0.0	0.0	0.0	0.0	0.0	0.0	0.0	0.0	0.0	0.0	0.0	0.0	0.0	0.0	0.0	0.0	0.0	0.0	0.0	0.0	0.0	0.0	0.0	0.0	0.0	0.0	29.645773062158895	-0.9542269378411028	0.12042016591019264	-0.5140821371830453	30.306486368485842	-0.22186842822530645	0.0443248221481288	-0.22031347720349545	0.0004692572551905487
354.0	354.4204	2600.0	2598.5752904990313	-0.0082409413289497	-0.03234935815068185	28.247805781675183	-40.760464855271486	-24.603344739171003	66.97651127999396	82.17416340195666	-38.175181856686315	-28.449877992381516	66.97651127999293	82.17416340195673	0.0	0.0	0.0	4.493563414504697	4.564768397234782	-0.08025491013161627	-3.853323454504432	1.677156894317079	0.1316581662348541	1.2703997280817227	0.0	0.0	0.0	0.0	0.0	0.0	0.0	0.0	0.0	0.0	0.0	0.0	0.0	0.0	0.0	0.0	0.0	0.0	0.0	0.0	0.0	0.0	0.0	0.0	0.0	0.0	0.0	0.0	0.0	0.0	0.0	0.0	0.0	0.0	0.0	0.0	0.0	0.0	0.0	0.0	0.0	0.0	0.0	0.0	0.0	0.0	0.0	0.0	27296.042288276392	-1302.7619618456815	49.165378059467606	27327.157381751305	-27303.37526997218	1089.9139137559969	-324.9254214323589	27327.05234747832	0.0	0.0	0.0	0.0	0.0	0.0	0.0	0.0	0.0	0.0	0.0	0.0	0.0	0.0	0.0	0.0	0.0	0.0	0.0	0.0	0.0	0.0	0.0	0.0	0.0	0.0	0.0	0.0	27259.536410478056	-1907.9256484807074	212.8013334334261	27327.05234747832	0.0	0.0	0.0	0.0	0.0	0.0	0.0	0.0	0.0	0.0	0.0	0.0	0.0	0.0	0.0	0.0	0.0	0.0	0.0	0.0	0.0	0.0	0.0	0.0	0.0	0.0	0.0	0.0	0.0	0.0	0.0	0.0	0.0	0.0	0.0	0.0	0.0	0.0	0.0	0.0	0.0	0.0	0.0	0.0	0.0	0.0	0.0	0.0	0.0	0.0	0.0	0.0	0.0	0.0	0.0	0.0	0.0	0.0	0.0	0.0	0.0	0.0	0.0	0.0	0.0	0.0	0.0	0.0	0.0	0.0	0.0	0.0	0.0	0.0	0.0	0.0	0.0	0.0	0.0	0.0	0.0	0.0	0.0	0.0	0.0	0.0	0.0	0.0	0.0	0.0	0.0	0.0	0.0	0.0	0.0	0.0	0.0	0.0	0.0	0.0	29.64525287233178	-0.9547471276682132	0.12035264340121204	-0.5140664872392736	30.3105452308198	-0.221921295226802	0.04430042729978393	-0.22079541032777983	0.0004115117386533149
355.0	355.4204	2600.0	2598.53367313255	-0.00711986853963717	-0.032559279682465345	28.247771372720624	-41.544013684242586	-26.109166562539027	72.24282548258881	87.33051863635487	-39.32671540401498	-29.342854447353606	72.24282548258773	87.33051863635411	0.0	0.0	0.0	4.571450676211456	4.642287272647983	-0.08007046253015417	-3.8574733430555925	1.6794032566210728	0.13212598510018397	1.270369812178218	0.0	0.0	0.0	0.0	0.0	0.0	0.0	0.0	0.0	0.0	0.0	0.0	0.0	0.0	0.0	0.0	0.0	0.0	0.0	0.0	0.0	0.0	0.0	0.0	0.0	0.0	0.0	0.0	0.0	0.0	0.0	0.0	0.0	0.0	0.0	0.0	0.0	0.0	0.0	0.0	0.0	0.0	0.0	0.0	0.0	0.0	0.0	0.0	27266.05367603416	-1301.1068374989925	46.316015403779026	27297.119028209654	-27273.72175423196	1089.7937144566233	-288.752575119752	27297.013146441	0.0	0.0	0.0	0.0	0.0	0.0	0.0	0.0	0.0	0.0	0.0	0.0	0.0	0.0	0.0	0.0	0.0	0.0	0.0	0.0	0.0	0.0	0.0	0.0	0.0	0.0	0.0	0.0	27229.844037957897	-1905.5901251153475	176.76724958121423	27297.013146441	0.0	0.0	0.0	0.0	0.0	0.0	0.0	0.0	0.0	0.0	0.0	0.0	0.0	0.0	0.0	0.0	0.0	0.0	0.0	0.0	0.0	0.0	0.0	0.0	0.0	0.0	0.0	0.0	0.0	0.0	0.0	0.0	0.0	0.0	0.0	0.0	0.0	0.0	0.0	0.0	0.0	0.0	0.0	0.0	0.0	0.0	0.0	0.0	0.0	0.0	0.0	0.0	0.0	0.0	0.0	0.0	0.0	0.0	0.0	0.0	0.0	0.0	0.0	0.0	0.0	0.0	0.0	0.0	0.0	0.0	0.0	0.0	0.0	0.0	0.0	0.0	0.0	0.0	0.0	0.0	0.0	0.0	0.0	0.0	0.0	0.0	0.0	0.0	0.0	0.0	0.0	0.0	0.0	0.0	0.0	0.0	0.0	0.0	0.0	0.0	29.64481170523821	-0.9551882947617933	0.12028744767289755	-0.5140541396866385	30.313978382360407	-0.22197415436012138	0.04427232371165339	-0.22119493725158018	0.00035874089825558187
356.0	356.4204	2600.0	2598.663316949813	-0.005994021801653691	-0.03271543973475708	28.247744059834485	-39.48013162881398	-25.364562701550312	53.699597978732214	71.31401445401052	-37.819479631139984	-27.78000710762353	53.699597978731205	71.31401445401305	0.0	0.0	0.0	4.6479621761670185	4.718429529052428	-0.0798765231140479	-3.860459132908291	1.681683224255807	0.13254597800791032	1.2703553748831904	0.0	0.0	0.0	0.0	0.0	0.0	0.0	0.0	0.0	0.0	0.0	0.0	0.0	0.0	0.0	0.0	0.0	0.0	0.0	0.0	0.0	0.0	0.0	0.0	0.0	0.0	0.0	0.0	0.0	0.0	0.0	0.0	0.0	0.0	0.0	0.0	0.0	0.0	0.0	0.0	0.0	0.0	0.0	0.0	0.0	0.0	0.0	0.0	27238.08132406195	-1299.3231716013108	43.492335592768484	27269.088846232615	-27246.110632536456	1089.535516698059	-252.6296693935868	27269.056712552807	0.0	0.0	0.0	0.0	0.0	0.0	0.0	0.0	0.0	0.0	0.0	0.0	0.0	0.0	0.0	0.0	0.0	0.0	0.0	0.0	0.0	0.0	0.0	0.0	0.0	0.0	0.0	0.0	27202.19681206543	-1903.1850412111933	140.81650822289018	27269.056712552807	0.0	0.0	0.0	0.0	0.0	0.0	0.0	0.0	0.0	0.0	0.0	0.0	0.0	0.0	0.0	0.0	0.0	0.0	0.0	0.0	0.0	0.0	0.0	0.0	0.0	0.0	0.0	0.0	0.0	0.0	0.0	0.0	0.0	0.0	0.0	0.0	0.0	0.0	0.0	0.0	0.0	0.0	0.0	0.0	0.0	0.0	0.0	0.0	0.0	0.0	0.0	0.0	0.0	0.0	0.0	0.0	0.0	0.0	0.0	0.0	0.0	0.0	0.0	0.0	0.0	0.0	0.0	0.0	0.0	0.0	0.0	0.0	0.0	0.0	0.0	0.0	0.0	0.0	0.0	0.0	0.0	0.0	0.0	0.0	0.0	0.0	0.0	0.0	0.0	0.0	0.0	0.0	0.0	0.0	0.0	0.0	0.0	0.0	0.0	0.0	29.644467540603454	-0.9555324593965473	0.12022612623294689	-0.5140474528916222	30.316787543011	-0.22202699275222498	0.04424303350934083	-0.2214918032821694	0.00030982678417400055
357.0	357.4205	2600.0	2598.6854347167246	-0.00486495213708089	-0.032816877441338196	28.24772396485279	-37.76462893794451	-21.26113333746616	46.3600654703564	63.462261699610764	-36.76947922118961	-22.939232494067248	46.36006547035558	63.46226169961185	0.0	0.0	0.0	4.723112751252105	4.793139301359626	-0.0796024054854358	-3.8623532812905887	1.683961401931197	0.1328446100090559	1.2703308418704504	0.0	0.0	0.0	0.0	0.0	0.0	0.0	0.0	0.0	0.0	0.0	0.0	0.0	0.0	0.0	0.0	0.0	0.0	0.0	0.0	0.0	0.0	0.0	0.0	0.0	0.0	0.0	0.0	0.0	0.0	0.0	0.0	0.0	0.0	0.0	0.0	0.0	0.0	0.0	0.0	0.0	0.0	0.0	0.0	0.0	0.0	0.0	0.0	27199.510225169317	-1298.145227157178	41.54933703850048	27230.502453448953	-27207.7830872326	1090.1032653884633	-213.99779092184062	27230.453185829105	0.0	0.0	0.0	0.0	0.0	0.0	0.0	0.0	0.0	0.0	0.0	0.0	0.0	0.0	0.0	0.0	0.0	0.0	0.0	0.0	0.0	0.0	0.0	0.0	0.0	0.0	0.0	0.0	27163.81561563483	-1901.110226750348	102.38071678093114	27230.453185829105	0.0	0.0	0.0	0.0	0.0	0.0	0.0	0.0	0.0	0.0	0.0	0.0	0.0	0.0	0.0	0.0	0.0	0.0	0.0	0.0	0.0	0.0	0.0	0.0	0.0	0.0	0.0	0.0	0.0	0.0	0.0	0.0	0.0	0.0	0.0	0.0	0.0	0.0	0.0	0.0	0.0	0.0	0.0	0.0	0.0	0.0	0.0	0.0	0.0	0.0	0.0	0.0	0.0	0.0	0.0	0.0	0.0	0.0	0.0	0.0	0.0	0.0	0.0	0.0	0.0	0.0	0.0	0.0	0.0	0.0	0.0	0.0	0.0	0.0	0.0	0.0	0.0	0.0	0.0	0.0	0.0	0.0	0.0	0.0	0.0	0.0	0.0	0.0	0.0	0.0	0.0	0.0	0.0	0.0	0.0	0.0	0.0	0.0	0.0	0.0	29.64422159060519	-0.9557784093948067	0.1201665190091217	-0.5140351395408936	30.318987051246793	-0.22207983772739923	0.044212297015441014	-0.22169601882512993	0.000248429249277346
358.0	358.4205	2600.0	2598.6455096793666	-0.00373134851481488	-0.03286521770509673	28.24771100737012	-39.80076423675745	-20.99760787259219	54.55814722199015	70.72193293807408	-39.206859656847875	-22.086704734960215	54.55814722198933	70.72193293807332	0.0	0.0	0.0	4.796832823050816	4.866434123621175	-0.07933553608545713	-3.8632510605813173	1.6861992288804426	0.1329257602545687	1.2702689039000414	0.0	0.0	0.0	0.0	0.0	0.0	0.0	0.0	0.0	0.0	0.0	0.0	0.0	0.0	0.0	0.0	0.0	0.0	0.0	0.0	0.0	0.0	0.0	0.0	0.0	0.0	0.0	0.0	0.0	0.0	0.0	0.0	0.0	0.0	0.0	0.0	0.0	0.0	0.0	0.0	0.0	0.0	0.0	0.0	0.0	0.0	0.0	0.0	27162.862532149753	-1296.5815520426474	40.008888797677436	27193.81961719877	-27171.341046317943	1089.687673776659	-183.86680374057224	27193.804450337957	0.0	0.0	0.0	0.0	0.0	0.0	0.0	0.0	0.0	0.0	0.0	0.0	0.0	0.0	0.0	0.0	0.0	0.0	0.0	0.0	0.0	0.0	0.0	0.0	0.0	0.0	0.0	0.0	27127.345003483766	-1898.6564953498155	72.50557117279389	27193.804450337957	0.0	0.0	0.0	0.0	0.0	0.0	0.0	0.0	0.0	0.0	0.0	0.0	0.0	0.0	0.0	0.0	0.0	0.0	0.0	0.0	0.0	0.0	0.0	0.0	0.0	0.0	0.0	0.0	0.0	0.0	0.0	0.0	0.0	0.0	0.0	0.0	0.0	0.0	0.0	0.0	0.0	0.0	0.0	0.0	0.0	0.0	0.0	0.0	0.0	0.0	0.0	0.0	0.0	0.0	0.0	0.0	0.0	0.0	0.0	0.0	0.0	0.0	0.0	0.0	0.0	0.0	0.0	0.0	0.0	0.0	0.0	0.0	0.0	0.0	0.0	0.0	0.0	0.0	0.0	0.0	0.0	0.0	0.0	0.0	0.0	0.0	0.0	0.0	0.0	0.0	0.0	0.0	0.0	0.0	0.0	0.0	0.0	0.0	0.0	0.0	29.644072445526056	-0.955927554473945	0.12010862582677112	-0.5140051423638536	30.32055538492796	-0.22213271029028686	0.044178082649305776	-0.22182090218355163	0.00019392380885607297
359.0	359.4205	2600.0	2598.724175917239	-0.0025979437079268	-0.03287655283693086	28.247704097928537	-37.56345021927155	-16.71496342307001	45.444648999322105	61.28310466418822	-37.39247851103937	-17.094014900303588	45.44464899932149	61.283104664188436	0.0	0.0	0.0	4.8691549338565085	4.938290936916457	-0.07902022697562344	-3.863183207077868	1.6883693881581865	0.13275673983029926	1.2701356034790146	0.0	0.0	0.0	0.0	0.0	0.0	0.0	0.0	0.0	0.0	0.0	0.0	0.0	0.0	0.0	0.0	0.0	0.0	0.0	0.0	0.0	0.0	0.0	0.0	0.0	0.0	0.0	0.0	0.0	0.0	0.0	0.0	0.0	0.0	0.0	0.0	0.0	0.0	0.0	0.0	0.0	0.0	0.0	0.0	0.0	0.0	0.0	0.0	27134.277223183508	-1295.3131510169371	31.96145728110182	27165.195712869885	-27142.96043417584	1089.6461168081166	-155.45915599821456	27165.26821771311	0.0	0.0	0.0	0.0	0.0	0.0	0.0	0.0	0.0	0.0	0.0	0.0	0.0	0.0	0.0	0.0	0.0	0.0	0.0	0.0	0.0	0.0	0.0	0.0	0.0	0.0	0.0	0.0	27098.923035565702	-1896.8922797065827	44.354616107707486	27165.26821771311	0.0	0.0	0.0	0.0	0.0	0.0	0.0	0.0	0.0	0.0	0.0	0.0	0.0	0.0	0.0	0.0	0.0	0.0	0.0	0.0	0.0	0.0	0.0	0.0	0.0	0.0	0.0	0.0	0.0	0.0	0.0	0.0	0.0	0.0	0.0	0.0	0.0	0.0	0.0	0.0	0.0	0.0	0.0	0.0	0.0	0.0	0.0	0.0	0.0	0.0	0.0	0.0	0.0	0.0	0.0	0.0	0.0	0.0	0.0	0.0	0.0	0.0	0.0	0.0	0.0	0.0	0.0	0.0	0.0	0.0	0.0	0.0	0.0	0.0	0.0	0.0	0.0	0.0	0.0	0.0	0.0	0.0	0.0	0.0	0.0	0.0	0.0	0.0	0.0	0.0	0.0	0.0	0.0	0.0	0.0	0.0	0.0	0.0	0.0	0.0	29.644004168188154	-0.9559958318118548	0.12005268404468666	-0.5139425390363217	30.32151530801038	-0.22218558011900477	0.04414073468037838	-0.22189736810560265	0.00013383388389751893
360.0	360.4205	2600.0	2598.609716684117	-0.00146245392998095	-0.03285651872171738	28.2477028492942	-39.11340638579349	-9.694997696675271	37.327005673012984	54.92865274109601	-39.18351288590931	-9.407648875177985	37.327005673012636	54.92865274109657	0.0	0.0	0.0	4.940074714139318	5.0086167778920005	-0.07856723331569904	-3.8621226881973114	1.6904932037800717	0.13236420975698432	1.2699510286642086	0.0	0.0	0.0	0.0	0.0	0.0	0.0	0.0	0.0	0.0	0.0	0.0	0.0	0.0	0.0	0.0	0.0	0.0	0.0	0.0	0.0	0.0	0.0	0.0	0.0	0.0	0.0	0.0	0.0	0.0	0.0	0.0	0.0	0.0	0.0	0.0	0.0	0.0	0.0	0.0	0.0	0.0	0.0	0.0	0.0	0.0	0.0	0.0	27099.073358400547	-1293.3765854140531	21.93483083055283	27129.929616799138	-27107.81820565036	1091.219864637599	-87.51820882804046	27129.913897770584	0.0	0.0	0.0	0.0	0.0	0.0	0.0	0.0	0.0	0.0	0.0	0.0	0.0	0.0	0.0	0.0	0.0	0.0	0.0	0.0	0.0	0.0	0.0	0.0	0.0	0.0	0.0	0.0	27063.721335473558	-1893.85182714656	-23.255818459398053	27129.913897770584	0.0	0.0	0.0	0.0	0.0	0.0	0.0	0.0	0.0	0.0	0.0	0.0	0.0	0.0	0.0	0.0	0.0	0.0	0.0	0.0	0.0	0.0	0.0	0.0	0.0	0.0	0.0	0.0	0.0	0.0	0.0	0.0	0.0	0.0	0.0	0.0	0.0	0.0	0.0	0.0	0.0	0.0	0.0	0.0	0.0	0.0	0.0	0.0	0.0	0.0	0.0	0.0	0.0	0.0	0.0	0.0	0.0	0.0	0.0	0.0	0.0	0.0	0.0	0.0	0.0	0.0	0.0	0.0	0.0	0.0	0.0	0.0	0.0	0.0	0.0	0.0	0.0	0.0	0.0	0.0	0.0	0.0	0.0	0.0	0.0	0.0	0.0	0.0	0.0	0.0	0.0	0.0	0.0	0.0	0.0	0.0	0.0	0.0	0.0	0.0	29.64401120301429	-0.9559887969857145	0.11999755421336503	-0.5138558686512319	30.321874739260984	-0.22223843954999326	0.0441068615129003	-0.22192263911233792	4.801050552652903e-05
