Version	KoJaC2_v7r2	 	 INTERNAL 
Testrig	Axial Cycle Force Generation 
Modfile	016cccc.mod
comment	VShape GPPC ZUM
Analysis name	.a016cccc_t2600a120d
Applied torque	2600.0
Rpm	200.0
Articulation angle	12.0
Mode	Drive
Contact	cfo_ro_tu_1
Part	tulip
RefSystem	tulip.tu_ref


Angle_Rot_Spider.Last_Rot	Track	CPoint_x	CPoint_y	CPoint_z	Normal_Force_x	Normal_Force_y	Normal_Force_z	Normal_Force_mag	Friction_Force_x	Friction_Force_y	Friction_Force_z	Friction_Force_mag	Friction_Force_Mu	Friction_Torque_x	Friction_Torque_y	Friction_Torque_z	Friction_Torque_mag	Boring_Velocity	Slip_Velocity	Pos_Ball_x	Pos_Ball_y	Pos_Ball_z	
0.0	1	24.33996	26.64418	34.37493	20192.49896	-4710.30313	-0.39281	20734.60802	316.53773	1356.92503	406.43052	1451.42256	0.07	2.29818	-0.5361	-4e-05	-2.35988	4.97526	0.50372	
0.0	2	24.33989	34.55659	34.34843	6244.647	1455.73225	-0.07772	6412.0802	-68.74297	294.86867	-331.34463	448.84562	0.07	0.52312	0.12195	-1e-05	-0.53714	4.67235	0.73663	
0.0	8	19.10854	39.725	27.6478	-0.0	328.78483	-0.0	328.78483	-6.30287	-0.0	-22.13508	23.01495	0.07	0.0	-0.00174	0.0	0.00174	-0.66725	0.96628	
1.0	1	24.34001	26.64437	34.37398	20158.83762	-4702.24189	-0.39159	20699.99549	317.70194	1361.97874	379.05072	1448.99967	0.07	2.29345	-0.53497	-4e-05	-2.35502	7.94546	1.06401	
1.0	2	24.33972	34.55732	34.34782	6280.00657	1464.17618	-0.07801	6448.43348	-74.99363	321.63923	-307.69691	451.39033	0.07	0.56304	0.13127	-1e-05	-0.57814	9.5021	1.41112	
1.0	8	19.14224	39.725	27.72944	-0.0	281.55353	0.0	281.55353	-0.20234	0.0	-19.70757	19.70861	0.07	-0.0	0.00722	0.0	-0.00722	3.42661	2.08153	
2.0	1	24.34014	26.64493	34.37112	20132.53105	-4695.51472	-0.39141	20672.84851	318.10684	1363.88736	364.30198	1447.09938	0.07	2.28962	-0.53401	-4e-05	-2.35107	10.86434	1.6711	
2.0	2	24.33954	34.55806	34.3455	6310.14624	1471.39455	-0.07852	6479.42494	-78.26841	335.64209	-294.8472	453.55972	0.07	0.56603	0.13199	-1e-05	-0.58121	14.47275	2.12519	
2.0	8	19.19474	39.725	27.86236	0.0	252.80147	-0.0	252.80147	1.08801	-0.0	-17.66262	17.6961	0.07	0.0	0.01221	-0.0	-0.01221	7.94391	3.2762	
3.0	1	24.34035	26.64584	34.3664	20109.86799	-4689.27822	-0.39068	20649.36127	318.0376	1363.86754	357.85251	1445.45529	0.07	2.28623	-0.53311	-4e-05	-2.34757	13.56502	2.24255	
3.0	2	24.33939	34.55871	34.34151	6335.10767	1477.37296	-0.07877	6505.09185	-79.46646	340.74378	-291.42449	455.35643	0.07	0.56863	0.13261	-1e-05	-0.58389	19.56282	2.81619	
3.0	8	19.26456	39.725	28.04778	-0.0	237.75167	-0.0	237.75167	1.73655	-0.0	-16.55176	16.64261	0.07	-0.0	0.01221	-0.0	-0.01221	13.20543	4.5339	
4.0	1	24.34063	26.64701	34.35978	20096.98452	-4685.04742	-0.39023	20635.85366	317.25121	1360.85062	366.12186	1444.50959	0.07	2.28398	-0.53245	-4e-05	-2.34522	11.65741	2.06187	
4.0	2	24.33926	34.55924	34.33579	6349.20038	1480.77785	-0.07887	6519.58959	-78.07083	334.73197	-300.22331	456.3711	0.07	0.57029	0.133	-1e-05	-0.5856	20.00581	2.63369	
4.0	8	19.34726	39.725	28.27843	0.0	243.36343	0.0	243.36343	3.60768	0.0	-16.64899	17.03538	0.07	0.0	0.01233	0.0	-0.01233	18.38285	4.91642	
5.0	1	24.34079	26.64772	34.3518	20110.07945	-4687.35709	-0.39026	20649.13103	316.46114	1357.67544	381.92165	1445.43917	0.07	2.26122	-0.52706	-4e-05	-2.32184	4.30839	1.14626	
5.0	2	24.3392	34.55949	34.32835	6332.01862	1476.82329	-0.07865	6501.95869	-74.09383	317.66737	-317.4072	455.1371	0.07	0.56899	0.13271	-1e-05	-0.58426	14.87636	1.53137	
5.0	8	19.39973	39.725	28.42266	-0.0	266.61314	0.0	266.61314	8.02159	0.0	-16.85107	18.66292	0.07	-0.0	0.01335	0.0	-0.01335	23.27127	4.3955	
6.0	1	24.34097	26.64846	34.34235	20018.42994	-4665.23453	-0.39056	20554.85225	314.52028	1349.56793	387.30161	1438.83951	0.07	2.27406	-0.52996	-4e-05	-2.335	7.34344	1.68424	
6.0	2	24.33911	34.5599	34.31941	6436.17417	1501.20681	-0.08058	6608.93031	-75.70978	324.57586	-320.84326	462.62496	0.07	0.57871	0.13498	-1e-05	-0.59425	20.72049	2.23127	
6.0	8	19.44636	39.725	28.55283	0.0	283.26402	0.0	283.26402	8.02913	0.0	-18.13069	19.82899	0.07	0.0	0.01405	0.0	-0.01405	29.45893	5.8714	
7.0	1	24.34134	26.65004	34.33053	19888.66513	-4633.36351	-0.38613	20421.24037	312.21979	1340.16796	387.16996	1429.4866	0.07	2.25798	-0.52603	-4e-05	-2.31845	19.40881	3.34191	
7.0	2	24.3388	34.5612	34.30863	6583.67777	1535.91878	-0.08181	6760.46297	-79.43061	340.46034	-318.94549	473.23218	0.07	0.59303	0.13835	-1e-05	-0.60896	34.21747	4.31773	
7.0	8	19.52687	39.725	28.80537	0.0	300.74763	1e-05	300.74763	4.87574	0.0	-20.48003	21.05243	0.07	0.0	0.0148	0.0	-0.0148	32.61678	8.36402	
8.0	1	24.34193	26.65259	34.31631	19676.94508	-4581.44241	-0.38068	20203.26168	306.81227	1317.70105	411.79163	1414.22847	0.07	2.2317	-0.51961	-4e-05	-2.2914	28.38758	4.37024	
8.0	2	24.33832	34.56325	34.29607	6832.83394	1594.52994	-0.08458	7016.4197	-80.5264	345.05136	-340.1219	491.14952	0.07	0.61731	0.14406	-1e-05	-0.6339	45.34008	5.73857	
8.0	8	19.64492	39.725	29.2213	-0.0	401.80909	-0.0	401.80909	5.25583	-0.0	-27.63122	28.12664	0.07	-0.0	0.01972	-0.0	-0.01972	37.34794	10.63942	
9.0	1	24.34269	26.65582	34.30005	19329.31312	-4497.27121	-0.37333	19845.59886	297.24509	1277.52414	457.63737	1389.19204	0.07	2.18872	-0.50924	-4e-05	-2.24718	31.72487	4.46883	
9.0	2	24.33737	34.56725	34.28175	7230.3231	1688.32636	-0.08931	7424.82445	-81.17285	347.60591	-377.76779	519.73782	0.07	0.65662	0.15332	-1e-05	-0.67428	50.87006	6.06419	
9.0	8	19.76468	39.725	29.71124	-0.0	601.07894	-0.0	601.07894	9.23419	-0.0	-41.04972	42.07553	0.07	-0.0	0.02985	-0.0	-0.02985	42.18677	11.89194	
10.0	1	24.3436	26.65968	34.28188	18920.67688	-4398.42387	-0.36481	19425.1936	285.22743	1226.91884	512.1254	1359.76357	0.07	2.1374	-0.49687	-4e-05	-2.19439	34.76542	4.48058	
10.0	2	24.33598	34.57313	34.26588	7704.55045	1800.62953	-0.09492	7912.16559	-81.76857	349.8499	-421.50984	553.8516	0.07	0.70494	0.16475	-1e-05	-0.72393	56.14062	6.28893	
10.0	8	19.87361	39.725	30.25124	0.0	850.19115	-0.0	850.19115	14.50529	-0.0	-57.71861	59.51338	0.07	0.0	0.04351	-0.0	-0.04351	47.10884	13.05644	
11.0	1	24.34465	26.66414	34.26235	18433.24273	-4280.86625	-0.35798	18923.80124	270.45103	1164.50385	570.55031	1324.66624	0.07	2.07599	-0.48212	-4e-05	-2.13124	35.40716	4.33567	
11.0	2	24.33429	34.58015	34.24888	8269.9492	1934.58279	-0.10307	8493.21319	-80.67969	344.86386	-477.51405	594.52499	0.07	0.76402	0.17873	-1e-05	-0.78464	63.16285	6.42279	
11.0	8	19.9666	39.725	30.84147	-1e-05	1195.63076	-1e-05	1195.63076	23.82668	-0.0	-80.23155	83.69476	0.07	-0.0	0.06419	-0.0	-0.06419	61.177	15.00119	
12.0	1	24.34576	26.66908	34.24055	17887.41099	-4149.5705	-0.34307	18362.41834	248.44337	1070.90123	666.04837	1285.3692	0.07	2.00672	-0.46552	-4e-05	-2.06001	38.91988	3.99996	
12.0	2	24.33244	34.58785	34.22978	8907.5201	2085.53251	-0.10872	9148.40752	-77.62463	331.51438	-542.37443	640.38847	0.07	0.83259	0.19494	-1e-05	-0.8551	64.44014	6.25205	
12.0	8	20.03812	39.725	31.47985	0.0	1622.35603	1e-05	1622.35603	32.12113	0.0	-108.92751	113.56483	0.07	0.0	0.09288	0.0	-0.09288	56.27231	14.89129	
13.0	1	24.34694	26.6743	34.21784	17088.15737	-3959.62687	-0.32778	17540.91695	217.97211	940.61721	758.53665	1227.86417	0.07	1.90705	-0.4419	-4e-05	-1.95758	7.9001	1.57893	
13.0	2	24.33028	34.59681	34.20886	9799.75889	2296.34465	-0.11941	10065.21103	-74.6865	318.69573	-623.91224	704.56477	0.07	0.92936	0.21777	-1e-05	-0.95454	35.97075	2.44503	
13.0	8	20.04795	39.725	31.87081	-0.0	2309.2912	0.0	2309.2912	92.73354	0.0	-132.406	161.65042	0.07	-0.0	0.14354	0.0	-0.14354	61.87297	10.7655	
14.0	1	24.34823	26.67999	34.19407	16554.50913	-3831.22398	-0.31733	16992.05843	197.28075	852.37258	805.80303	1189.44408	0.07	1.58051	-0.36578	-3e-05	-1.62228	3.26585	1.39947	
14.0	2	24.3282	34.60541	34.18593	10421.62448	2443.29645	-0.12649	10704.20265	-79.90817	340.8056	-662.50132	749.29418	0.07	1.00457	0.23552	-1e-05	-1.0318	33.73492	1.9342	
14.0	8	20.02251	39.725	32.09044	0.0	2708.8695	0.0	2708.8695	114.2898	-0.0	-151.30736	189.62088	0.07	0.0	0.18421	0.0	-0.18421	67.17951	10.61632	
15.0	1	24.34946	26.68545	34.16889	16497.96037	-3813.58486	-0.31717	16932.98928	199.95863	864.97629	785.36005	1185.30917	0.07	0.80615	-0.18634	-2e-05	-0.8274	1.4758	1.47985	
15.0	2	24.32679	34.61127	34.16189	10503.5119	2462.57165	-0.12765	10788.32802	-90.01885	383.92053	-644.05187	755.18288	0.07	1.02636	0.24063	-1e-05	-1.05419	34.3847	1.87501	
15.0	8	19.99702	39.725	32.30347	1e-05	2609.21273	5e-05	2609.21273	95.0409	0.0	-155.96934	182.64503	0.07	0.0	0.19125	0.0	-0.19125	72.59821	10.24081	
16.0	1	24.35055	26.69028	34.14222	16443.61804	-3797.00431	-0.31465	16876.30932	202.16276	875.43904	767.01029	1181.34164	0.07	0.09801	-0.02263	-0.0	-0.10059	0.17589	1.52763	
16.0	2	24.32591	34.61492	34.13622	10588.54353	2481.9822	-0.1275	10875.54549	-97.49064	415.87869	-630.15886	761.28818	0.07	1.04564	0.2451	-1e-05	-1.07398	34.89216	1.85173	
16.0	8	19.97564	39.725	32.52129	0.0	2525.74141	0.0	2525.74141	77.80044	0.0	-158.76402	176.80193	0.07	0.0	0.19643	0.0	-0.19643	76.63077	9.99431	
17.0	1	24.35154	26.69468	34.1136	16385.84298	-3780.00721	-0.31303	16816.19174	203.302	881.22552	753.49384	1177.13342	0.07	-0.58553	0.13508	1e-05	0.60091	-1.07716	1.54873	
17.0	2	24.32534	34.61726	34.10869	10666.13596	2499.38899	-0.12792	10955.06283	-102.40088	436.96365	-621.80583	766.85439	0.07	1.06216	0.24889	-1e-05	-1.09093	35.65549	1.8496	
17.0	8	19.95632	39.725	32.74278	0.0	2460.28351	0.0	2460.28351	62.27416	0.0	-160.56651	172.21985	0.07	0.0	0.2009	0.0	-0.2009	81.1298	9.96203	
18.0	1	24.35225	26.69779	34.08327	16183.67539	-3730.82129	-0.30886	16608.14188	200.56055	869.93629	744.68459	1162.56992	0.07	-1.30326	0.30044	2e-05	1.33744	-2.66471	1.49657	
18.0	2	24.3248	34.61951	34.07938	10624.79015	2489.29264	-0.12718	10912.504	-101.75145	434.26349	-620.13489	763.87527	0.07	1.06461	0.24943	-1e-05	-1.09344	37.45484	1.90981	
18.0	8	19.93738	39.725	32.96447	0.0	2408.26121	1e-05	2408.26121	46.70751	0.0	-161.97855	168.5783	0.07	0.0	0.20498	0.0	-0.20498	88.64414	10.35654	
19.0	1	24.35274	26.69998	34.05156	16112.73546	-3712.67324	-0.3068	16534.93836	202.83275	880.21977	723.7075	1157.44569	0.07	-1.75753	0.40497	3e-05	1.80358	-6.78485	1.24452	
19.0	2	24.32428	34.62167	34.04868	10713.78919	2510.00575	-0.12782	11003.88149	-108.53106	463.22662	-605.77274	770.2717	0.07	1.07845	0.25266	-1e-05	-1.10765	34.17144	1.53279	
19.0	8	19.91764	39.725	33.17675	-0.0	2326.01428	-0.0	2326.01428	38.956	-0.0	-158.09208	162.821	0.07	-0.0	0.20525	-0.0	-0.20525	90.50909	9.72316	
20.0	1	24.35312	26.70165	34.01878	15993.49272	-3683.85041	-0.3041	16412.26868	209.39701	909.04496	670.57174	1148.8587	0.07	-1.74046	0.40089	3e-05	1.78604	-15.03551	0.66327	
20.0	2	24.32378	34.62376	34.01644	10856.59241	2543.42932	-0.12915	11150.544	-124.23919	530.28487	-559.10841	780.53804	0.07	1.09715	0.25704	-1e-05	-1.12686	27.43591	0.7436	
20.0	8	19.89606	39.725	33.28857	1e-05	2168.76139	2e-05	2168.76139	39.85836	0.0	-146.48756	151.81336	0.07	0.0	0.19714	0.0	-0.19714	93.85931	8.68023	
21.0	1	24.35358	26.70371	33.98449	15995.23539	-3682.57256	-0.30343	16413.68015	214.43741	931.35525	637.72846	1148.95761	0.07	-1.73755	0.40004	3e-05	1.78301	-17.91454	0.57038	
21.0	2	24.32344	34.62515	33.98249	11032.93085	2584.38105	-0.13074	11331.57485	-133.75476	570.98282	-534.10744	793.21023	0.07	1.11942	0.26222	-1e-05	-1.14972	26.97766	0.54692	
21.0	8	19.87573	39.725	33.34854	0.0	2076.75365	0.0	2076.75365	35.85523	0.0	-140.88162	145.37272	0.07	0.0	0.19351	0.0	-0.19351	99.23327	8.78141	
22.0	1	24.35422	26.70655	33.94828	16006.68673	-3682.89597	-0.30117	16424.91227	216.67601	941.6713	623.07121	1149.74392	0.07	-1.73721	0.39971	3e-05	1.7826	-19.41522	0.52583	
22.0	2	24.32343	34.62519	33.94651	11192.18485	2620.60581	-0.13088	11494.89349	-140.15497	598.55333	-519.17253	804.64254	0.07	1.14054	0.26705	-1e-05	-1.17139	26.88169	0.4473	
22.0	8	19.85736	39.725	33.39256	-1e-05	2016.49878	0.0	2016.49878	31.8731	0.0	-137.50917	141.15476	0.07	-0.0	0.19196	0.0	-0.19196	102.38702	8.86579	
23.0	1	24.35492	26.70962	33.91055	16030.24591	-3685.82235	-0.30305	16448.52791	220.27944	957.98213	599.55163	1151.39696	0.07	-1.73844	0.39972	3e-05	1.7838	-22.27084	0.41213	
23.0	2	24.32365	34.62427	33.90893	11367.767	2660.10323	-0.13399	11674.85656	-146.95956	627.99621	-501.9012	817.23996	0.07	1.1629	0.27212	-1e-05	-1.19432	27.22562	0.29666	
23.0	8	19.84083	39.725	33.42343	-0.0	1949.00477	-0.0	1949.00477	28.70968	-0.0	-133.37539	136.43035	0.07	-0.0	0.18891	-0.0	-0.18891	109.52657	9.21186	
24.0	1	24.35551	26.71227	33.87126	15958.76551	-3667.23761	-0.3007	16374.70087	221.35778	963.23792	580.52913	1146.22887	0.07	-1.7302	0.39759	3e-05	1.7753	-24.28136	0.25551	
24.0	2	24.3239	34.62324	33.8699	11467.54171	2681.81426	-0.13439	11776.95379	-151.37977	647.28133	-487.56978	824.38658	0.07	1.17759	0.27539	-1e-05	-1.20936	26.81942	0.16434	
24.0	8	19.82597	39.725	33.43858	2e-05	1884.84044	5e-05	1884.84044	25.65653	0.0	-129.4201	131.9387	0.07	0.0	0.18562	0.0	-0.18562	113.13828	9.3016	
25.0	1	24.35598	26.71432	33.83052	15895.23007	-3650.98287	-0.29895	16309.139	221.23791	963.15341	571.6035	1141.63973	0.07	-1.72203	0.39553	3e-05	1.76687	-26.04313	0.16334	
25.0	2	24.32401	34.62282	33.82924	11556.14461	2701.35297	-0.13527	11867.67821	-152.75059	653.42921	-479.83198	824.94922	0.06951	1.19042	0.27827	-1e-05	-1.22251	27.27017	0.0931	
25.0	8	19.81266	39.725	33.43876	0.0	1842.2431	-0.0	1842.2431	22.82053	-0.0	-126.92177	128.95702	0.07	0.0	0.1839	-0.0	-0.1839	118.08532	9.59105	
26.0	1	24.35648	26.71654	33.78795	15839.54317	-3636.41158	-0.29493	16251.60353	220.9997	962.58847	564.57434	1137.61224	0.07	-1.71474	0.39367	3e-05	1.75935	-26.83929	0.16243	
26.0	2	24.32413	34.62232	33.78673	11634.08482	2718.41058	-0.13419	11947.4552	-151.30172	647.50829	-474.62045	816.96008	0.06838	1.20205	0.28087	-1e-05	-1.23442	27.98185	0.08731	
26.0	8	19.80059	39.725	33.435	0.0	1817.41769	0.0	1817.41769	20.19449	0.0	-125.60612	127.21916	0.07	0.0	0.18363	0.0	-0.18363	121.47779	9.85051	
27.0	1	24.35694	26.71859	33.7438	15790.09006	-3623.41604	-0.29559	16200.49654	221.44529	964.96718	553.02365	1134.03476	0.07	-1.70848	0.39205	3e-05	1.75288	-28.38312	0.14889	
27.0	2	24.32425	34.62181	33.74287	11711.37858	2735.36813	-0.13645	12026.58002	-148.26568	634.77114	-460.23783	797.95738	0.06635	1.21338	0.2834	-1e-05	-1.24603	29.31494	0.08072	
27.0	8	19.78957	39.725	33.42978	1e-05	1799.19555	-0.0	1799.19555	17.57618	-0.0	-124.71118	125.94364	0.07	0.0	0.18378	-0.0	-0.18378	127.9044	10.34742	
28.0	1	24.35732	26.72025	33.69795	15768.00999	-3617.01069	-0.2938	16177.54324	220.44323	960.9558	557.1014	1132.42803	0.07	-1.70538	0.3912	3e-05	1.74968	-29.2665	0.1369	
28.0	2	24.32435	34.6214	33.69719	11795.48336	2754.03949	-0.13656	12112.72724	-147.1729	630.3147	-468.06191	798.77309	0.06594	1.22491	0.286	-1e-05	-1.25786	30.10124	0.07965	
28.0	8	19.77946	39.725	33.42341	-0.0	1778.84436	0.0	1778.84436	15.10624	0.0	-123.59938	124.51909	0.07	-0.0	0.18349	0.0	-0.18349	131.65077	10.64206	
29.0	1	24.3576	26.72152	33.65041	15758.54754	-3613.81937	-0.29319	16167.60685	219.89556	958.8389	559.54661	1131.73252	0.07	-1.70367	0.39069	3e-05	1.74789	-30.44858	0.12284	
29.0	2	24.32439	34.62121	33.64967	11888.09653	2774.89735	-0.13746	12207.6572	-144.49871	619.03183	-471.47374	791.434	0.06483	1.237	0.28874	-1e-05	-1.27025	31.14631	0.07691	
29.0	8	19.77015	39.725	33.4157	-0.0	1768.75782	-0.0	1768.75782	13.0074	-0.0	-123.12781	123.81296	0.07	-0.0	0.18408	-0.0	-0.18408	136.62562	11.0362	
30.0	1	24.35802	26.72337	33.60162	15720.25188	-3603.56684	-0.29118	16127.98851	226.7578	989.17152	494.64076	1128.9592	0.07	-1.6987	0.38939	3e-05	1.74276	-30.20449	0.12915	
30.0	2	24.32453	34.62065	33.60094	11983.90433	2796.25722	-0.13784	12305.81235	-130.04026	557.29187	-425.68781	713.22844	0.05796	1.24969	0.2916	-1e-05	-1.28326	30.74409	0.06389	
30.0	8	19.7612	39.725	33.40747	-0.0	1786.94386	-0.0	1786.94386	12.59079	-0.0	-124.45079	125.08607	0.07	-0.0	0.18754	-0.0	-0.18754	135.24106	10.92684	
31.0	1	24.35845	26.72528	33.55088	15709.57179	-3599.60049	-0.29031	16116.69226	225.00303	981.92948	507.88991	1128.16844	0.07	-1.69714	0.38887	3e-05	1.74112	-33.42485	0.13539	
31.0	2	24.32475	34.61974	33.55054	12086.45237	2818.93852	-0.13875	12410.83177	-125.9445	539.97748	-424.6824	698.42168	0.05628	1.26326	0.29463	-1e-05	-1.29716	33.92675	0.06126	
31.0	8	19.75223	39.725	33.39768	0.0	1792.52994	0.0	1792.52994	10.731	0.0	-125.01741	125.47711	0.07	0.0	0.18969	0.0	-0.18969	149.51016	12.0777	
32.0	1	24.35882	26.72692	33.49859	15698.61387	-3595.77297	-0.29047	16105.15634	225.26138	983.41727	503.08102	1127.36095	0.07	-1.69581	0.38843	3e-05	1.73973	-33.88339	0.11971	
32.0	2	24.32494	34.61896	33.49847	12190.05943	2841.9582	-0.1404	12516.9595	-119.96817	514.56103	-414.0659	671.27936	0.05363	1.27686	0.29768	-1e-05	-1.3111	34.24194	0.05737	
32.0	8	19.74349	39.725	33.38676	-0.0	1797.17417	-0.0	1797.17417	9.2228	-0.0	-125.46367	125.8022	0.07	-0.0	0.19169	-0.0	-0.19169	151.28278	12.23368	
33.0	1	24.35919	26.72854	33.4445	15698.46397	-3594.44457	-0.28898	16104.71368	225.73706	985.84945	498.0126	1127.32999	0.07	-1.69534	0.38818	3e-05	1.73921	-34.48137	0.12445	
33.0	2	24.32512	34.61821	33.44422	12299.68247	2866.4012	-0.14076	12629.26936	-113.01909	484.94307	-408.4254	644.01429	0.05099	1.29094	0.30085	-1e-05	-1.32553	34.82709	0.05374	
33.0	8	19.73493	39.725	33.37438	0.0	1808.45883	-1e-05	1808.45883	8.08372	-0.0	-126.33368	126.59204	0.07	0.0	0.19436	-0.0	-0.19436	153.9648	12.45354	
34.0	1	24.35968	26.73074	33.389	15696.51545	-3592.24977	-0.28582	16102.32454	226.92513	991.52208	485.6797	1127.16273	0.07	-1.69505	0.38792	3e-05	1.73887	-36.09307	0.13847	
34.0	2	24.32543	34.61691	33.38897	12405.09109	2889.44731	-0.13987	12737.15788	-104.63331	449.19671	-396.79452	608.41738	0.04777	1.30499	0.30396	-1e-05	-1.33992	36.43458	0.04955	
34.0	8	19.72641	39.725	33.3619	1e-05	1822.98374	-1e-05	1822.98374	6.9248	-0.0	-127.42076	127.60879	0.07	0.0	0.19739	-0.0	-0.19739	161.19349	13.0519	
35.0	1	24.36016	26.73283	33.33191	15695.47996	-3590.33914	-0.28421	16100.88899	226.71854	991.08133	486.44194	1127.06222	0.07	-1.69523	0.38778	3e-05	1.73902	-35.50486	0.13014	
35.0	2	24.32573	34.61566	33.33218	12516.42313	2913.89236	-0.14011	12851.1329	-97.93414	420.65071	-387.51601	580.2644	0.04515	1.31975	0.30725	-1e-05	-1.35505	35.7901	0.04631	
35.0	8	19.71791	39.725	33.3487	0.0	1833.91595	0.0	1833.91595	5.73244	0.0	-128.24607	128.37412	0.07	0.0	0.20002	0.0	-0.20002	158.52725	12.85171	
36.0	1	24.36055	26.7346	33.27301	15698.15169	-3589.54529	-0.28667	16103.31649	230.15416	1006.49665	452.37801	1127.23214	0.07	-1.69561	0.38772	3e-05	1.73937	-38.32285	0.1141	
36.0	2	24.32597	34.6147	33.2733	12634.63445	2940.12039	-0.14366	12972.21244	-88.23215	379.14384	-365.32805	533.85349	0.04115	1.3351	0.31068	-2e-05	-1.37077	38.35514	0.04159	
36.0	8	19.70943	39.725	33.33399	0.0	1843.60807	-1e-05	1843.60807	3.93294	-0.0	-128.99264	129.05259	0.07	0.0	0.20251	-0.0	-0.20251	170.56365	13.8274	
37.0	1	24.36105	26.73694	33.2125	15695.11174	-3586.99732	-0.28247	16099.78517	228.73917	1000.82472	464.89073	1126.98497	0.07	-1.69535	0.38746	3e-05	1.73906	-36.89895	0.13349	
37.0	2	24.32631	34.6133	33.21306	12739.82949	2962.97529	-0.14183	13079.85008	-81.0202	348.34311	-363.40547	509.87325	0.03898	1.34921	0.31379	-2e-05	-1.38522	37.0853	0.03912	
37.0	8	19.70089	39.725	33.31875	0.0	1863.36257	0.0	1863.36257	3.26082	0.0	-130.39461	130.43537	0.07	0.0	0.20612	0.0	-0.20612	164.65502	13.38164	
38.0	1	24.36152	26.73912	33.15081	15688.69253	-3583.79711	-0.28126	16092.81439	230.75566	1010.13819	442.00469	1126.497	0.07	-1.69505	0.3872	3e-05	1.73871	-39.20431	0.12131	
38.0	2	24.32666	34.61183	33.15162	12843.99288	2985.52023	-0.14243	13186.41286	-70.36449	302.69802	-350.57862	468.48973	0.03553	1.36345	0.31693	-2e-05	-1.3998	39.20253	0.0353	
38.0	8	19.69216	39.725	33.30272	0.0	1882.68224	0.0	1882.68224	1.66844	0.0	-131.77723	131.78779	0.07	0.0	0.20972	0.0	-0.20972	174.58426	14.2014	
39.0	1	24.3619	26.74093	33.08704	15677.71667	-3579.85342	-0.28162	16081.23598	231.37053	1013.23696	432.42187	1125.68651	0.07	-1.69397	0.3868	3e-05	1.73757	-41.01717	0.10135	
39.0	2	24.32691	34.6108	33.08806	12949.98088	3008.79116	-0.1444	13294.91742	-61.93657	266.5616	-340.5224	436.86008	0.03286	1.37782	0.32012	-2e-05	-1.41452	40.8283	0.03243	
39.0	8	19.68323	39.725	33.28491	0.0	1894.7065	0.0	1894.7065	-0.08802	0.0	-132.62944	132.62947	0.07	0.0	0.21254	0.0	-0.21254	182.31469	14.8482	
40.0	1	24.36241	26.74328	33.02201	15670.11248	-3576.25813	-0.28093	16073.02235	233.31175	1022.27151	407.92472	1125.11154	0.07	-1.69306	0.38639	3e-05	1.7366	-41.84715	0.11807	
40.0	2	24.32725	34.60937	33.02313	13059.62177	3032.58226	-0.14557	13407.09797	-50.53356	217.60368	-330.18675	398.65811	0.02973	1.3924	0.32333	-2e-05	-1.42944	41.67393	0.02914	
40.0	8	19.67417	39.725	33.2666	0.0	1918.85089	0.0	1918.85089	-1.1339	0.0	-134.31481	134.3196	0.07	0.0	0.21674	0.0	-0.21674	186.14219	15.19051	
41.0	1	24.36285	26.74537	32.95559	15664.7848	-3573.37675	-0.27967	16067.18719	235.27285	1031.34711	382.00378	1124.7031	0.07	-1.69289	0.38617	3e-05	1.73637	-42.92757	0.10418	
41.0	2	24.3276	34.60792	32.95681	13174.92159	3057.63797	-0.14633	13525.07704	-40.31442	173.69322	-330.85479	375.84502	0.02779	1.40808	0.32679	-2e-05	-1.44551	42.6144	0.02713	
41.0	8	19.6649	39.725	33.24738	-0.0	1934.76971	-0.0	1934.76971	-2.71335	-0.0	-135.40669	135.43388	0.07	-0.0	0.22008	-0.0	-0.22008	190.73912	15.59406	
42.0	1	24.36326	26.74728	32.88708	15663.74823	-3571.62874	-0.27849	16065.78789	235.56584	1033.06935	373.16108	1123.3756	0.06992	-1.69274	0.38598	3e-05	1.73619	-43.93096	0.09729	
42.0	2	24.32786	34.60684	32.88877	13294.8954	3084.03612	-0.14706	13647.91275	-32.51251	140.14201	-322.33393	352.98159	0.02586	1.42402	0.33033	-2e-05	-1.46183	43.53435	0.02516	
42.0	8	19.65611	39.725	33.2268	0.0	1946.36442	0.0	1946.36442	-4.3377	0.0	-136.17645	136.24552	0.07	0.0	0.22283	0.0	-0.22283	195.11029	15.98293	
43.0	1	24.36379	26.74973	32.81763	15656.44503	-3568.02052	-0.27334	16057.86541	236.93084	1039.62334	355.72008	1124.05057	0.07	-1.69215	0.38563	3e-05	1.73553	-44.4928	0.10626	
43.0	2	24.32827	34.60517	32.81926	13405.1519	3107.71852	-0.14441	13760.66902	-21.43301	92.4372	-304.73034	319.16233	0.02319	1.43898	0.3336	-2e-05	-1.47715	44.07524	0.02247	
43.0	8	19.6477	39.725	33.20585	0.0	1970.99538	0.0	1970.99538	-5.61762	0.0	-137.85541	137.96982	0.07	0.0	0.22702	0.0	-0.22702	197.67845	16.22697	
44.0	1	24.36418	26.75155	32.74663	15610.62334	-3556.13822	-0.26758	16010.54903	215.07897	944.12173	334.29996	1024.39312	0.06398	-1.68729	0.38437	3e-05	1.73051	-45.09132	0.075	
44.0	2	24.3285	34.60422	32.74812	13482.82399	3124.35704	-0.1414	13840.09211	-32.65526	140.90741	-283.6105	318.36485	0.023	1.45053	0.33613	-2e-05	-1.48897	44.50534	0.02228	
44.0	8	19.63936	39.725	33.18363	-0.0	1988.6286	0.0	1988.6286	-7.65086	0.0	-138.99386	139.20427	0.07	-0.0	0.23038	0.0	-0.23038	200.0542	16.45485	
45.0	1	24.36453	26.75321	32.67374	15550.28097	-3541.08453	-0.27106	15948.37038	206.62714	907.35541	324.00452	985.37685	0.06179	-1.68021	0.38262	3e-05	1.72323	-46.2047	0.07055	
45.0	2	24.32863	34.60367	32.67583	13544.73265	3137.65495	-0.14641	13903.40467	-30.19671	130.3415	-270.93621	302.17077	0.02173	1.45978	0.33816	-2e-05	-1.49843	45.5546	0.02101	
45.0	8	19.63115	39.725	33.16031	-0.0	2005.01495	0.0	2005.01495	-9.37663	0.0	-140.03755	140.35112	0.07	-0.0	0.23357	0.0	-0.23357	204.95137	16.89602	
46.0	1	24.36485	26.75467	32.59994	15504.22272	-3529.44977	-0.27068	15900.87853	189.77004	833.6007	314.34417	910.88696	0.05729	-1.67473	0.38124	3e-05	1.71758	-47.80723	0.06282	
46.0	2	24.32879	34.60302	32.6016	13612.63218	3152.26141	-0.14801	13972.84892	-36.5028	157.62033	-261.30661	307.33982	0.022	1.46963	0.34032	-2e-05	-1.50852	47.08024	0.02127	
46.0	8	19.623	39.725	33.13613	0.0	2020.53052	0.0	2020.53052	-11.29699	0.0	-140.98525	141.43714	0.07	0.0	0.23663	0.0	-0.23663	212.00689	17.52194	
47.0	1	24.36508	26.75576	32.52404	15458.72138	-3518.24084	-0.27252	15854.02426	162.16909	712.52887	288.37231	785.592	0.04955	-1.66912	0.37987	3e-05	1.7118	-51.18493	0.05183	
47.0	2	24.32881	34.60293	32.52641	13703.77091	3172.67547	-0.15176	14066.24352	-53.53633	231.22874	-235.81875	334.57936	0.02379	1.48186	0.34308	-2e-05	-1.52106	50.30432	0.02306	
47.0	8	19.61487	39.725	33.11108	0.0	2039.7489	0.0	2039.7489	-13.45428	0.0	-142.14686	142.78217	0.07	0.0	0.24012	0.0	-0.24012	226.80662	18.79395	
48.0	1	24.36539	26.75716	32.44717	15388.17098	-3501.09021	-0.26452	15781.42702	163.73162	719.61955	291.76745	793.5922	0.05029	-1.6606	0.37782	3e-05	1.70304	-48.86292	0.0528	
48.0	2	24.32887	34.6027	32.44943	13753.24358	3183.34021	-0.14671	14116.84681	-40.78115	176.17982	-223.8208	287.74673	0.02038	1.48922	0.3447	-2e-05	-1.5286	48.03439	0.01967	
48.0	8	19.60685	39.725	33.08511	-0.0	2055.57843	0.0	2055.57843	-14.84595	0.0	-143.12267	143.89058	0.07	-0.0	0.24316	0.0	-0.24316	216.60221	17.99535	
49.0	1	24.3656	26.75817	32.36901	15356.44787	-3493.08599	-0.26085	15748.71871	134.80234	592.60483	251.12517	657.58346	0.04175	-1.6564	0.37678	3e-05	1.69871	-48.87403	0.04229	
49.0	2	24.32885	34.60277	32.37125	13840.88836	3203.08633	-0.14517	14206.6869	-59.69001	257.91792	-202.85364	333.51784	0.02348	1.50097	0.34736	-2e-05	-1.54064	47.97772	0.02275	
49.0	8	19.59886	39.725	33.05841	-0.0	2072.74388	0.0	2072.74388	-16.8007	0.0	-144.1163	145.09229	0.07	-0.0	0.24635	0.0	-0.24635	216.54076	18.04186	
50.0	1	24.36583	26.75919	32.28894	15286.84425	-3476.4569	-0.25901	15677.16045	138.48367	608.92945	236.68179	667.82563	0.0426	-1.64784	0.37474	3e-05	1.68991	-51.12192	0.04327	
50.0	2	24.32885	34.60278	32.29195	13891.6592	3214.27837	-0.14549	14258.67388	-44.91421	194.10449	-185.60188	272.2901	0.0191	1.50835	0.34901	-2e-05	-1.5482	50.13437	0.01839	
50.0	8	19.59088	39.725	33.03082	-1e-05	2090.77321	-0.0	2090.77321	-18.5804	-0.0	-145.17017	146.3544	0.07	-0.0	0.24962	-0.0	-0.24962	226.43159	18.91956	
51.0	1	24.36602	26.76011	32.20809	15246.71243	-3466.62143	-0.26398	15635.84677	115.98802	510.11611	214.29781	565.32754	0.03616	-1.64256	0.37347	3e-05	1.68449	-52.63168	0.03599	
51.0	2	24.32885	34.60277	32.21044	13965.55237	3230.78489	-0.15183	14334.38607	-55.30983	239.07762	-157.93609	291.82374	0.02036	1.51836	0.35126	-2e-05	-1.55846	51.5498	0.01964	
51.0	8	19.58276	39.725	33.00254	1e-05	2119.22941	-0.0	2119.22941	-20.58797	-0.0	-146.9101	148.34568	0.07	0.0	0.25415	-0.0	-0.25415	233.01575	19.52921	
52.0	1	24.36617	26.76076	32.12498	15191.18764	-3453.48548	-0.26018	15578.79148	108.92515	479.12483	198.58428	529.96322	0.03402	-1.63531	0.37176	3e-05	1.67704	-54.12066	0.03367	
52.0	2	24.32876	34.60316	32.12844	14028.9456	3245.18891	-0.15022	14399.39463	-52.62065	227.47243	-141.51649	273.01934	0.01896	1.52693	0.35321	-2e-05	-1.56725	52.96881	0.01826	
52.0	8	19.57455	39.725	32.97346	0.0	2131.55849	0.0	2131.55849	-22.5705	0.0	-147.49183	149.20881	0.07	0.0	0.25674	0.0	-0.25674	239.54578	20.14508	
53.0	1	24.36632	26.76145	32.0415	15137.94867	-3440.85178	-0.25484	15524.0765	102.20507	449.63556	179.76833	494.90874	0.03188	-1.62844	0.37014	3e-05	1.66998	-54.08935	0.03139	
53.0	2	24.32869	34.60342	32.0443	14087.76738	3258.4382	-0.14704	14459.68911	-48.28745	208.76386	-123.46564	247.30101	0.0171	1.53507	0.35505	-2e-05	-1.5756	52.90233	0.01644	
53.0	8	19.56649	39.725	32.94354	-0.0	2152.09261	0.0	2152.09261	-24.46341	0.0	-148.64692	150.64649	0.07	-0.0	0.26028	0.0	-0.26028	239.35696	20.19649	
54.0	1	24.36644	26.76197	31.95582	15088.02998	-3429.10445	-0.25272	15472.79568	83.47046	367.25725	163.56876	410.60924	0.02654	-1.62185	0.3686	3e-05	1.66321	-55.01524	0.02585	
54.0	2	24.3286	34.6038	31.95959	14159.21199	3274.72609	-0.14693	14532.9665	-57.87876	250.25051	-107.00434	278.25384	0.01915	1.5444	0.35719	-2e-05	-1.58517	53.77308	0.01844	
54.0	8	19.5584	39.725	32.91282	-0.0	2161.8765	0.0	2161.8765	-26.48254	-0.0	-148.99618	151.33138	0.07	-0.0	0.26249	0.0	-0.26249	243.3981	20.61459	
55.0	1	24.36661	26.76277	31.86975	15026.22488	-3414.44954	-0.25051	15409.27967	90.69991	399.13947	142.53302	433.4218	0.02813	-1.61417	0.36679	3e-05	1.65531	-56.09347	0.02748	
55.0	2	24.32852	34.60415	31.87289	14202.30084	3284.43782	-0.14659	14577.13556	-38.82991	167.90149	-82.39126	191.01568	0.0131	1.55077	0.35863	-2e-05	-1.5917	54.77774	0.01255	
55.0	8	19.55028	39.725	32.88132	0.0	2188.23371	-0.0	2188.23371	-28.28655	-0.0	-150.54188	153.17633	0.07	0.0	0.26671	-0.0	-0.26671	248.08822	21.08075	
56.0	1	24.36676	26.76344	31.78162	14985.50119	-3404.68168	-0.24832	15367.40392	69.1911	304.5315	122.52527	335.46875	0.02183	-1.60858	0.36547	3e-05	1.64958	-57.07031	0.0211	
56.0	2	24.32841	34.60459	31.78543	14277.93566	3301.7241	-0.14628	14654.72036	-50.88092	220.02605	-62.72387	234.38134	0.01599	1.56053	0.36087	-2e-05	-1.60171	55.69078	0.01535	
56.0	8	19.54194	39.725	32.84903	0.0	2202.2658	0.0	2202.2658	-30.37187	0.0	-151.1371	154.1586	0.07	0.0	0.26944	0.0	-0.26944	252.34245	21.52882	
57.0	1	24.36688	26.76399	31.69283	14916.54721	-3388.59645	-0.24658	15296.59984	78.8248	346.97826	99.51584	369.4735	0.02415	-1.60013	0.3635	3e-05	1.6409	-58.17882	0.02343	
57.0	2	24.32828	34.60515	31.69645	14317.6067	3310.80711	-0.14644	14695.41784	-30.71029	132.80499	-42.22846	142.70084	0.00971	1.56649	0.36224	-2e-05	-1.60783	56.72865	0.00927	
57.0	8	19.53362	39.725	32.81595	-0.0	2220.51564	-0.0	2220.51564	-32.19932	-0.0	-152.0643	155.436	0.07	-0.0	0.27265	-0.0	-0.27265	257.16406	22.02099	
58.0	1	24.36702	26.76463	31.60225	14880.92965	-3380.01558	-0.24983	15259.96633	48.2812	212.55708	91.91301	236.55779	0.0155	-1.59501	0.36229	3e-05	1.63564	-56.81998	0.01487	
58.0	2	24.3282	34.60547	31.60638	14405.20007	3330.78132	-0.15142	14785.25933	-52.91967	228.86959	-25.05779	236.24071	0.01598	1.57744	0.36474	-2e-05	-1.61906	55.38537	0.01534	
58.0	8	19.5252	39.725	32.78207	-2e-05	2229.95961	-0.0	2229.95961	-34.26052	-0.0	-152.29027	156.09648	0.07	-0.0	0.27477	-0.0	-0.27477	251.14392	21.6001	
59.0	1	24.36711	26.76504	31.51101	14816.37839	-3365.03455	-0.23824	15193.70022	66.49907	292.79456	48.68617	304.17285	0.02002	-1.58708	0.36045	3e-05	1.6275	-57.77911	0.01931	
59.0	2	24.32807	34.60604	31.5152	14434.28724	3337.45707	-0.14186	14815.10269	-23.81833	103.01277	0.68335	105.73273	0.00714	1.58225	0.36584	-2e-05	-1.62399	56.25455	0.00681	
59.0	8	19.51679	39.725	32.74746	1e-05	2254.25266	1e-05	2254.25266	-36.0571	0.0	-153.62316	157.79794	0.07	0.0	0.27871	0.0	-0.27871	255.24931	22.0332	
60.0	1	24.36727	26.76573	31.41819	14785.01443	-3357.38392	-0.24001	15161.42073	39.58269	174.30905	34.34945	182.01735	0.01201	-1.58237	0.35933	3e-05	1.62266	-61.56934	0.01148	
60.0	2	24.32803	34.60621	31.42269	14512.97417	3355.27056	-0.14526	14895.77993	-42.57832	184.17018	18.53146	189.93415	0.01275	1.59214	0.36809	-2e-05	-1.63414	59.91248	0.0122	
60.0	8	19.50812	39.725	32.71205	0.0	2262.848	-0.0	2262.848	-38.32016	0.0	-153.69411	158.39922	0.07	0.0	0.2807	-0.0	-0.2807	271.95588	23.59445	
61.0	1	24.36735	26.76609	31.32463	14715.02778	-3341.23239	-0.24079	15089.59498	58.3145	256.82034	12.66336	263.66196	0.01747	-1.57396	0.35739	3e-05	1.61403	-61.90029	0.0168	
61.0	2	24.32789	34.60676	31.32908	14539.94531	3361.46063	-0.14778	14923.45226	-13.66086	59.09183	45.13575	75.60224	0.00507	1.59676	0.36915	-2e-05	-1.63888	60.18952	0.00483	
61.0	8	19.4995	39.725	32.67594	-0.0	2282.19766	-0.0	2282.19766	-40.11519	-0.0	-154.63462	159.75323	0.07	-0.0	0.28401	-0.0	-0.28401	273.32865	23.80881	
62.0	1	24.3675	26.76678	31.22953	14681.14805	-3333.01409	-0.23673	15054.73649	32.99091	145.31768	-6.33203	149.15001	0.00991	-1.56907	0.35622	3e-05	1.609	-61.72073	0.00946	
62.0	2	24.32786	34.60692	31.23431	14620.20703	3379.63081	-0.14547	15005.74417	-31.63814	136.86877	67.5759	155.88629	0.01039	1.6068	0.37143	-2e-05	-1.64918	59.97982	0.00993	
62.0	8	19.49071	39.725	32.63906	0.0	2290.20181	-1e-05	2290.20181	-42.18699	-0.0	-154.66334	160.31373	0.07	0.0	0.2859	-0.0	-0.2859	272.49226	23.85593	
63.0	1	24.36757	26.76708	31.13372	14618.53449	-3318.58133	-0.23216	14990.4814	46.87408	206.48465	-24.92236	213.19994	0.01422	-1.56144	0.35447	2e-05	1.60117	-61.86057	0.01363	
63.0	2	24.32773	34.60745	31.1385	14644.14834	3385.13625	-0.14245	15030.31031	-7.65121	33.10285	85.29805	91.81556	0.00611	1.61105	0.37241	-2e-05	-1.65354	60.08043	0.00582	
63.0	8	19.48195	39.725	32.6014	-0.0	2309.18531	-0.0	2309.18531	-44.03054	-0.0	-155.5305	161.6429	0.07	-0.0	0.28912	-0.0	-0.28912	273.04016	24.00674	
64.0	1	24.36772	26.76778	31.03649	14586.90607	-3310.87153	-0.22922	14957.93098	26.00346	114.56831	-47.72712	126.80676	0.00848	-1.5569	0.35338	2e-05	1.5965	-62.4447	0.00809	
64.0	2	24.32771	34.60753	31.04168	14719.19283	3402.05187	-0.14113	15107.23649	-21.70801	93.92539	104.00607	141.81142	0.00939	1.62056	0.37456	-2e-05	-1.66328	60.613	0.00896	
64.0	8	19.47299	39.725	32.563	-0.0	2314.92016	0.0	2314.92016	-46.06288	0.0	-155.35964	162.04446	0.07	-0.0	0.2907	0.0	-0.2907	275.57808	24.35946	
65.0	1	24.36781	26.76819	30.93859	14530.71788	-3297.81912	-0.22752	14900.24742	35.30713	155.57334	-64.76991	172.17665	0.01156	-1.55004	0.35179	2e-05	1.58946	-63.55405	0.01105	
65.0	2	24.32757	34.60809	30.94375	14749.62101	3409.09164	-0.14095	15138.46841	-3.11106	13.46558	130.53798	131.26753	0.00867	1.62549	0.3757	-2e-05	-1.66834	61.65095	0.00828	
65.0	8	19.46406	39.725	32.52383	0.0	2333.82822	-0.0	2333.82822	-47.99182	-0.0	-156.15971	163.3679	0.07	0.0	0.29389	-0.0	-0.29389	280.39843	24.90128	
66.0	1	24.36795	26.76881	30.83934	14501.02966	-3290.6179	-0.22518	14869.70166	27.35393	120.54885	-88.95347	152.29242	0.01024	-1.54574	0.35076	2e-05	1.58504	-63.82186	0.00979	
66.0	2	24.32753	34.60827	30.84495	14824.88685	3426.14868	-0.14014	15215.64211	-5.27423	22.82747	145.69507	147.56681	0.0097	1.63486	0.37783	-2e-05	-1.67796	61.87795	0.00926	
66.0	8	19.45498	39.725	32.48397	0.0	2336.15555	0.0	2336.15555	-49.85454	0.0	-155.74616	163.53086	0.07	0.0	0.29498	0.0	-0.29498	281.53857	25.13861	
67.0	1	24.36809	26.76943	30.73947	14475.6251	-3284.39397	-0.22299	14843.54964	43.55809	191.98537	-112.15421	226.57065	0.01526	-1.54226	0.34993	2e-05	1.58146	-64.45986	0.01464	
67.0	2	24.32744	34.60864	30.74503	14880.77796	3438.90498	-0.1392	15272.97025	19.85631	-85.91507	169.49585	191.06155	0.01251	1.6427	0.37962	-2e-05	-1.686	62.45222	0.01197	
67.0	8	19.44586	39.725	32.44342	0.0	2359.97554	-0.0	2359.97554	-51.78704	0.0	-156.87119	165.19827	0.07	0.0	0.29877	-0.0	-0.29877	284.27877	25.50169	
68.0	1	24.36823	26.77007	30.63835	14486.92376	-3286.48119	-0.22174	14855.03008	72.8489	321.12894	-125.30326	352.32325	0.02372	-1.54277	0.34999	2e-05	1.58197	-65.06093	0.02299	
68.0	2	24.32746	34.60859	30.64433	15001.25334	3466.19628	-0.13929	15396.49696	53.4317	-231.23825	181.9566	299.05564	0.01942	1.65746	0.38297	-2e-05	-1.70113	63.01454	0.01872	
68.0	8	19.43657	39.725	32.40223	-0.0	2364.67849	-0.0	2364.67849	-53.40698	-0.0	-156.67491	165.52744	0.07	-0.0	0.30013	-0.0	-0.30013	286.92611	25.87101	
69.0	1	24.36854	26.77151	30.53672	14527.51096	-3294.62788	-0.22042	14896.41392	113.45844	500.29988	-150.30211	534.56852	0.03589	-1.54684	0.3508	2e-05	1.58612	-65.5899	0.03569	
69.0	2	24.32754	34.60826	30.54275	15141.63807	3497.85237	-0.1389	15540.40458	100.85432	-436.57386	206.70276	493.45148	0.03175	1.67527	0.387	-2e-05	-1.71939	63.47508	0.03126	
69.0	8	19.42718	39.725	32.36047	0.0	2391.12542	0.0	2391.12542	-55.2169	0.0	-158.00871	167.37879	0.07	0.0	0.30425	0.0	-0.30425	289.21765	26.19338	
70.0	1	24.36888	26.77308	30.43417	14578.61278	-3305.06438	-0.2166	14948.5585	163.11567	719.51361	-178.41697	759.03832	0.05078	-1.55273	0.35201	2e-05	1.59214	-65.23619	0.05345	
70.0	2	24.32775	34.60736	30.44039	15309.30782	3535.2704	-0.13593	15712.19408	154.74156	-670.09188	222.21987	722.73768	0.046	1.6965	0.39176	-2e-05	-1.74115	63.07462	0.04735	
70.0	8	19.4176	39.725	32.3181	0.0	2406.01158	0.0	2406.01158	-56.74489	0.0	-158.57419	168.42137	0.07	0.0	0.30692	0.0	-0.30692	287.62608	26.16653	
71.0	1	24.3695	26.77597	30.33076	14696.68077	-3329.67911	-0.22088	15069.14692	193.55232	854.32246	-194.2811	897.25944	0.05954	-1.5662	0.35484	2e-05	1.60589	-67.01851	0.06652	
71.0	2	24.32818	34.60562	30.33717	15512.09379	3579.97284	-0.14076	15919.83855	192.53592	-834.25209	251.22192	892.27747	0.05605	1.72262	0.39756	-2e-05	-1.7679	64.73589	0.06091	
71.0	8	19.4076	39.725	32.27503	-0.0	2449.15183	-0.0	2449.15183	-58.9129	-0.0	-161.00022	171.44037	0.07	-0.0	0.31327	-0.0	-0.31327	295.51923	27.00689	
72.0	1	24.37019	26.77919	30.22661	14901.35517	-3373.63593	-0.22016	15278.47523	231.09941	1020.78081	-220.03504	1069.49325	0.07	-1.58997	0.35997	2e-05	1.63021	-67.01793	0.14015	
72.0	2	24.32874	34.60326	30.23304	15827.27698	3649.95899	-0.13984	16242.6875	233.42717	-1012.19729	270.66381	1073.44795	0.06609	1.76228	0.4064	-2e-05	-1.80853	64.48524	0.08002	
72.0	8	19.3973	39.725	32.23094	0.0	2485.41364	-0.0	2485.41364	-60.37412	-0.0	-163.16775	173.97916	0.07	0.0	0.31878	-0.0	-0.31878	295.16155	27.05501	
73.0	1	24.37134	26.78458	30.12165	15140.74799	-3423.72634	-0.22397	15523.02006	233.99596	1034.81588	-234.78993	1086.6114	0.07	-1.61874	0.36604	2e-05	1.65961	-67.98827	0.18606	
73.0	2	24.32976	34.59905	30.12842	16180.93532	3726.94179	-0.14331	16604.60066	240.07297	-1042.29233	295.19027	1109.57002	0.06682	1.80799	0.41643	-2e-05	-1.85533	65.23601	0.08206	
73.0	8	19.38665	39.725	32.18447	0.0	2527.93277	-0.0	2527.93277	-62.46908	-0.0	-165.56182	176.95508	0.07	0.0	0.32522	-0.0	-0.32522	299.36939	27.56309	
74.0	1	24.37256	26.7903	30.01619	15256.58741	-3445.53151	-0.22302	15640.8167	234.40232	1037.93479	-257.79674	1094.85718	0.07	-1.63569	0.3694	2e-05	1.67688	-68.14939	0.19349	
74.0	2	24.3309	34.59433	30.02292	16380.91461	3767.87388	-0.14236	16808.66554	244.28201	-1062.00952	314.4239	1134.19589	0.06748	1.83788	0.42274	-2e-05	-1.88587	65.28372	0.08407	
74.0	8	19.37596	39.725	32.13608	-0.0	2550.23255	0.0	2550.23255	-64.48565	0.0	-166.46214	178.51623	0.07	-0.0	0.3291	0.0	-0.3291	300.21417	27.79521	
75.0	1	24.37355	26.79493	29.90961	15203.55989	-3430.0255	-0.22043	15585.67638	232.96193	1032.6188	-264.01208	1090.99735	0.07	-1.63296	0.36841	2e-05	1.674	-68.34316	0.10821	
75.0	2	24.33175	34.59081	29.91663	16422.80256	3773.5255	-0.1409	16850.75484	243.34026	-1059.03201	317.76371	1132.13827	0.06719	1.84855	0.42475	-2e-05	-1.89672	65.73791	0.08315	
75.0	8	19.36511	39.725	32.08913	-0.0	2525.58032	0.0	2525.58032	-66.51912	-0.0	-163.79902	176.79059	0.07	-0.0	0.32684	0.0	-0.32684	301.97129	28.22003	
76.0	1	24.37436	26.7987	29.80303	15192.52564	-3424.65938	-0.21697	15573.73197	212.90364	944.50531	-299.81979	1013.5631	0.06508	-1.63388	0.3683	2e-05	1.67487	-68.16984	0.0775	
76.0	2	24.33241	34.58805	29.81016	16475.05016	3782.30047	-0.13803	16903.64087	228.58766	-995.67567	351.63479	1080.40241	0.06392	1.85937	0.42687	-2e-05	-1.90774	65.59002	0.07485	
76.0	8	19.35433	39.725	32.04271	-1e-05	2538.3109	-0.0	2538.3109	-68.834	-0.0	-163.80716	177.68204	0.07	-0.0	0.32932	-0.0	-0.32932	301.4905	28.38198	
77.0	1	24.37493	26.80137	29.6952	15175.92343	-3418.87576	-0.21539	15556.26445	184.43947	818.7213	-311.56069	895.20531	0.05755	-1.63353	0.36801	2e-05	1.67447	-68.45017	0.06323	
77.0	2	24.33282	34.58636	29.70242	16537.80278	3794.53661	-0.1374	16967.54045	200.94694	-875.77788	361.46646	968.51668	0.05708	1.8703	0.42913	-2e-05	-1.9189	65.8872	0.0625	
77.0	8	19.34358	39.725	31.99621	0.0	2523.26287	0.0	2523.26287	-70.55258	0.0	-161.92591	176.62861	0.07	0.0	0.32811	0.0	-0.32811	302.96049	28.75106	
78.0	1	24.37585	26.80567	29.5872	13965.15302	-3143.08446	-0.19733	14314.48493	-149.11217	-662.47946	-736.83001	1002.01395	0.07	-1.50077	0.33777	2e-05	1.53831	-75.7369	0.65694	
78.0	2	24.33286	34.5862	29.59474	17930.99944	4111.61154	-0.14809	18396.36079	216.76981	-945.31643	847.15733	1287.74526	0.07	2.03624	0.46691	-2e-05	-2.08908	60.00609	0.72737	
78.0	8	19.32282	39.725	31.93476	-0.0	3687.08755	-0.0	3687.08755	-85.24609	-0.0	-243.61184	258.09616	0.07	-0.0	0.48382	-0.0	-0.48382	306.34792	27.23155	
79.0	1	24.37682	26.81021	29.4785	13751.7352	-3091.86615	-0.19157	14095.02953	-149.95282	-666.90314	-711.5031	986.65207	0.07	-1.4717	0.33089	2e-05	1.50844	-73.4275	0.54149	
79.0	2	24.33246	34.58788	29.48582	18116.68863	4151.68345	-0.14641	18586.30901	226.96116	-990.3611	812.63943	1301.04163	0.07	2.06919	0.47418	-2e-05	-2.12283	60.72169	0.57822	
79.0	8	19.2984	39.725	31.82855	-0.0	3633.27658	1e-05	3633.27658	-87.16631	0.0	-238.92593	254.32964	0.07	-0.0	0.48347	0.0	-0.48347	302.98834	27.45667	
80.0	1	24.37762	26.81395	29.36928	13491.13079	-3030.71532	-0.18892	13827.35858	-150.82034	-671.3294	-680.75656	967.91499	0.07	-1.43837	0.32312	2e-05	1.47422	-74.96123	0.6624	
80.0	2	24.33199	34.58982	29.37653	18342.33833	4202.15056	-0.14967	18817.53025	236.46988	-1032.16038	783.46283	1317.22704	0.07	2.10399	0.48202	-2e-05	-2.1585	61.14335	0.60657	
80.0	8	19.27396	39.725	31.75006	5e-05	3558.48433	5e-05	3558.48433	-88.74333	0.0	-232.74911	249.09341	0.07	0.0	0.47893	0.0	-0.47893	307.56927	28.12295	
81.0	1	24.37824	26.81684	29.25969	13271.52393	-2979.42019	-0.18229	13601.84885	-173.0718	-770.89822	-531.33095	952.12945	0.07	-1.40872	0.31625	2e-05	1.44378	-76.59863	0.96972	
81.0	2	24.33141	34.59221	29.26708	18412.40157	4217.25686	-0.14591	18889.19762	261.60042	-1142.11741	612.74939	1322.24384	0.07	2.12031	0.48564	-2e-05	-2.17521	60.89632	0.89569	
81.0	8	19.25958	39.725	31.62533	-0.0	3155.3737	-0.0	3155.3737	-79.95807	-0.0	-205.89566	220.87624	0.07	-0.0	0.42849	-0.0	-0.42849	310.83878	28.43069	
82.0	1	24.37854	26.81824	29.1502	13109.66184	-2942.13044	-0.17927	13435.74951	-185.73225	-827.56837	-406.42178	940.50228	0.07	-1.38552	0.31095	2e-05	1.41998	-76.08448	1.09714	
82.0	2	24.33071	34.59512	29.1571	18468.28045	4230.32716	-0.1457	18946.58414	276.23697	-1205.94746	477.86133	1326.26075	0.07	2.1328	0.48854	-2e-05	-2.18804	62.01811	1.01999	
82.0	8	19.25237	39.725	31.49924	-2e-05	2837.93635	-1e-05	2837.93635	-73.22876	-0.0	-184.66622	198.65565	0.07	-0.0	0.38736	-0.0	-0.38736	312.25206	28.81759	
83.0	1	24.37868	26.81885	29.03955	13054.20776	-2929.26069	-0.17657	13378.82313	-196.80545	-877.04477	-262.91697	936.51762	0.07	-1.37477	0.30849	2e-05	1.40896	-74.88585	1.28236	
83.0	2	24.33011	34.59763	29.04644	18413.63939	4218.29414	-0.14306	18890.63581	286.72236	-1251.58575	316.09874	1322.34451	0.07	2.13087	0.48815	-2e-05	-2.18607	63.57982	1.20978	
83.0	8	19.2504	39.725	31.38673	0.0	2433.84392	0.0	2433.84392	-64.10411	0.0	-157.84895	170.36909	0.07	0.0	0.33276	0.0	-0.33276	313.08015	29.2218	
84.0	1	24.3787	26.81895	28.92924	13038.39449	-2925.6362	-0.17465	13362.59998	-198.70958	-885.55589	-226.37293	935.38197	0.07	-1.36897	0.30718	2e-05	1.40301	-73.63199	1.05642	
84.0	2	24.32955	34.59995	28.93635	18401.46493	4216.40217	-0.14111	18878.34629	288.70172	-1259.95945	274.72539	1321.48422	0.07	2.1321	0.48854	-2e-05	-2.18735	64.96962	1.00755	
84.0	8	19.25071	39.725	31.29214	1e-05	2331.75515	0.0	2331.75515	-63.49258	0.0	-150.36754	163.22286	0.07	0.0	0.3186	0.0	-0.3186	313.36231	29.62971	
85.0	1	24.37867	26.81875	28.8185	13049.50777	-2928.23868	-0.17266	13374.01341	-199.13614	-887.42433	-221.94055	936.18094	0.07	-1.36736	0.30683	2e-05	1.40136	-72.67124	0.79075	
85.0	2	24.32915	34.60162	28.8253	18389.42234	4214.34878	-0.13866	18866.1493	288.96599	-1260.902	265.87519	1320.63046	0.07	2.13237	0.48868	-2e-05	-2.18765	65.89051	0.72972	
85.0	8	19.25001	39.725	31.20902	-0.0	2308.11965	-0.0	2308.11965	-65.3902	-0.0	-147.74479	161.56856	0.07	-0.0	0.31507	-0.0	-0.31507	313.24367	30.00389	
86.0	1	24.3786	26.81841	28.70717	13138.55755	-2948.44449	-0.17471	13465.32657	-200.56101	-893.70631	-222.50373	942.57286	0.07	-1.37477	0.30851	2e-05	1.40896	-72.40723	0.47196	
86.0	2	24.32887	34.60277	28.71425	18299.6647	4194.40803	-0.1397	18774.20536	287.33714	-1253.60613	270.21455	1314.19437	0.07	2.12274	0.48655	-2e-05	-2.17779	67.4915	0.44551	
86.0	8	19.24832	39.725	31.13593	-0.0	2298.62508	-0.0	2298.62508	-67.55053	-0.0	-146.03692	160.90325	0.07	-0.0	0.31336	-0.0	-0.31336	316.23434	30.68659	
87.0	1	24.37848	26.81781	28.5962	13227.09417	-2968.6954	-0.16923	13556.14889	-201.63769	-898.38851	-229.58473	948.93036	0.07	-1.38317	0.31044	2e-05	1.41758	-70.95986	0.20692	
87.0	2	24.32873	34.60336	28.60328	18211.10154	4174.59363	-0.13045	18683.45394	285.69697	-1246.30592	274.86124	1307.8417	0.07	2.11226	0.4842	-2e-05	-2.16705	67.69462	0.18789	
87.0	8	19.24584	39.725	31.07134	2e-05	2284.22694	1e-05	2284.22694	-69.70999	0.0	-143.90076	159.89657	0.07	0.0	0.3109	0.0	-0.3109	313.3872	30.82204	
88.0	1	24.3784	26.81739	28.48455	13376.37431	-3002.48502	-0.17167	13709.20516	-202.08081	-900.27914	-197.7276	943.62884	0.06883	-1.39925	0.31408	2e-05	1.43407	-70.67773	0.08926	
88.0	2	24.32875	34.60329	28.49183	18075.73781	4143.76312	-0.13078	18544.62376	268.6757	-1171.99772	233.09061	1224.78428	0.06605	2.09591	0.48048	-2e-05	-2.15028	68.20436	0.07991	
88.0	8	19.24335	39.725	31.01322	-1e-05	2184.54778	0.0	2184.54778	-68.87144	-0.0	-136.53141	152.91861	0.07	-0.0	0.29669	0.0	-0.29669	313.88131	31.20045	
89.0	1	24.37822	26.8165	28.37301	13528.97242	-3037.36134	-0.17361	13865.73686	-181.17365	-806.97404	-124.21851	836.33799	0.06032	-1.41629	0.31797	2e-05	1.45155	-71.44193	0.06786	
89.0	2	24.32881	34.60302	28.38065	17904.8506	4104.98714	-0.12998	18369.39287	255.75248	-1115.51874	152.09917	1154.52395	0.06285	2.07444	0.4756	-2e-05	-2.12826	69.15099	0.07263	
89.0	8	19.2441	39.725	30.95415	-0.0	1986.43316	-0.0	1986.43316	-64.41141	-0.0	-123.232	139.0502	0.07	-0.0	0.26873	-0.0	-0.26873	317.70261	31.82828	
90.0	1	24.37795	26.81523	28.26164	13760.02976	-3090.10946	-0.17488	14102.73716	-178.0563	-792.86893	-46.77721	813.96148	0.05772	-1.44282	0.32402	2e-05	1.47876	-71.62089	0.06351	
90.0	2	24.32901	34.60222	28.26908	17700.11691	4058.31022	-0.12695	18159.40584	213.46921	-931.03294	74.44159	958.0882	0.05276	2.04818	0.46961	-1e-05	-2.10133	69.492	0.05615	
90.0	8	19.24849	39.725	30.89342	2e-05	1740.48045	0.0	1740.48045	-58.27881	0.0	-106.99033	121.83328	0.07	0.0	0.23409	0.0	-0.23409	318.8255	32.22281	
91.0	1	24.37765	26.81375	28.1497	14019.95024	-3149.54038	-0.17472	14369.36357	-141.33024	-629.12398	48.41599	646.61838	0.045	-1.47332	0.33098	2e-05	1.51004	-70.70521	0.04613	
91.0	2	24.3293	34.60101	28.15771	17403.45992	3990.58591	-0.12103	17855.11672	203.78612	-888.7389	-43.90352	912.85987	0.05113	2.01047	0.461	-1e-05	-2.06264	68.79986	0.05392	
91.0	8	19.25692	39.725	30.83062	0.0	1488.77546	0.0	1488.77546	-51.23754	0.0	-90.74904	104.21455	0.07	0.0	0.19865	0.0	-0.19865	315.13206	32.08567	
92.0	1	24.37728	26.81201	28.03863	14310.24053	-3216.01421	-0.16794	14667.16507	-115.4683	-513.80523	153.66173	548.5806	0.0374	-1.5081	0.33892	2e-05	1.54571	-70.4356	0.03736	
92.0	2	24.32966	34.5995	28.04651	17104.2064	3922.38451	-0.10704	17548.19013	176.19941	-768.35116	-164.98616	805.37579	0.0459	1.97176	0.45217	-1e-05	-2.02295	68.74338	0.04722	
92.0	8	19.26905	39.725	30.76612	2e-05	1206.18597	0.0	1206.18597	-42.71372	0.0	-72.83474	84.43555	0.07	0.0	0.15932	0.0	-0.15932	314.32163	32.25423	
93.0	1	24.37688	26.81006	27.92658	14639.22194	-3291.40492	-0.19036	15004.67145	-95.43795	-424.49543	257.12701	505.39002	0.03368	-1.54805	0.34806	2e-05	1.5867	-71.88645	0.03331	
93.0	2	24.33017	34.5974	27.93478	16765.74197	3844.95844	-0.12678	17200.9828	148.62549	-648.08248	-264.84813	715.71291	0.04161	1.92792	0.44214	-1e-05	-1.97797	70.32493	0.04212	
93.0	8	19.28447	39.725	30.70023	1e-05	963.32554	-0.0	963.32554	-34.87821	-0.0	-57.70871	67.42985	0.07	0.0	0.12568	-0.0	-0.12568	321.09559	33.124	
94.0	1	24.37635	26.80754	27.8152	14953.6311	-3364.02633	-0.18225	15327.35321	-56.73222	-252.20321	359.8031	443.03868	0.02891	-1.58762	0.35716	2e-05	1.6273	-70.62915	0.02828	
94.0	2	24.33077	34.5949	27.82369	16415.33452	3764.77358	-0.1112	16841.51797	138.35366	-603.26717	-383.27122	727.99027	0.04323	1.88198	0.43162	-1e-05	-1.93084	69.30155	0.04401	
94.0	8	19.30358	39.725	30.63247	-0.0	712.57863	-0.0	712.57863	-26.39355	-0.0	-42.3254	49.88044	0.07	-0.0	0.0916	-0.0	-0.0916	315.85386	32.76315	
95.0	1	24.37584	26.80513	27.70405	15350.78789	-3455.25387	-0.18492	15734.84885	-46.41794	-206.24845	480.31786	524.78404	0.03335	-1.63694	0.36845	2e-05	1.67789	-70.28242	0.03296	
95.0	2	24.3314	34.59231	27.71251	16043.02936	3679.80363	-0.10687	16459.63991	92.74567	-404.36307	-516.29313	662.32156	0.04024	1.83318	0.42048	-1e-05	-1.88078	69.18861	0.04054	
95.0	3	19.32611	39.725	30.56374	-0.0	437.36472	-0.0	437.36472	-16.59415	-0.0	-25.72827	30.61551	0.07	-0.0	0.05524	-0.0	-0.05524	314.7187	32.84178	
96.0	1	24.37525	26.80232	27.59281	15746.45884	-3546.5744	-0.18776	16140.91559	-3.64367	-16.20892	592.14914	592.38215	0.0367	-1.68746	0.38007	2e-05	1.72973	-70.09833	0.03659	
96.0	2	24.33223	34.58888	27.60167	15600.6362	3578.3229	-0.10257	16005.75661	82.09574	-357.93616	-637.84754	736.0078	0.04598	1.77561	0.40727	-1e-05	-1.82172	69.23566	0.04733	
96.0	3	19.35182	39.725	30.49452	0.0	177.77686	0.0	177.77686	-6.88328	0.0	-10.36737	12.44436	0.07	0.0	0.022	0.0	-0.022	314.31568	32.94519	
97.0	1	24.37458	26.79914	27.48171	16174.4484	-3645.59435	-0.19087	16580.20323	12.37418	54.86494	681.88714	684.20272	0.04127	-1.74249	0.39274	2e-05	1.7862	-69.84393	0.04172	
97.0	2	24.33303	34.58556	27.49074	15169.48523	3479.83752	-0.09829	15563.50061	56.85944	-247.88533	-734.57257	777.35255	0.04995	1.7191	0.39436	-1e-05	-1.76375	69.18817	0.05235	
98.0	1	24.37394	26.79605	27.37134	16691.5282	-3764.77295	-0.19313	17110.83367	23.51759	104.23246	688.39302	696.63651	0.04071	-1.80859	0.40793	2e-05	1.85403	-69.51541	0.04109	
98.0	2	24.33404	34.58136	27.38071	14640.69041	3358.53692	-0.09189	15020.97153	56.06101	-244.40403	-741.2143	782.47991	0.05209	1.65111	0.37876	-1e-05	-1.694	68.89542	0.05523	
99.0	1	24.37319	26.79251	27.26084	17167.98327	-3875.32673	-0.19844	17599.93769	40.87594	181.04785	694.36967	718.74781	0.04084	-1.87155	0.42246	2e-05	1.91864	-69.20453	0.04123	
99.0	2	24.33514	34.57679	27.27015	14141.97457	3244.15532	-0.08909	14509.30696	62.42321	-272.13663	-741.04068	791.89412	0.05458	1.58631	0.3639	-1e-05	-1.62751	68.62863	0.05873	
100.0	1	24.37237	26.78859	27.1509	17761.0769	-4012.76473	-0.20254	18208.73783	26.89209	118.99259	706.72921	717.18101	0.03939	-1.94884	0.4403	2e-05	1.99796	-69.13486	0.03958	
100.0	2	24.33637	34.57162	27.16067	13580.58302	3115.24001	-0.08379	13933.30383	34.21769	-149.18911	-760.47381	775.72461	0.05567	1.51414	0.34733	-1e-05	-1.55347	68.61385	0.06035	
101.0	1	24.37157	26.78481	27.04116	18307.23865	-4139.6759	-0.20742	18769.44069	48.80759	215.8108	701.30431	735.38032	0.03918	-2.02207	0.45723	2e-05	2.07312	-68.99657	0.03934	
101.0	2	24.33764	34.56625	27.05121	13005.60206	2983.30864	-0.07969	13343.38096	43.21545	-188.41598	-754.28533	778.662	0.05836	1.4407	0.33048	-1e-05	-1.47812	68.51208	0.06454	
102.0	1	24.37067	26.78051	26.93218	18898.54408	-4277.52991	-0.21202	19376.58975	45.24974	199.88271	707.43121	736.51854	0.03801	-2.10184	0.47574	2e-05	2.15501	-68.70663	0.03803	
102.0	2	24.33914	34.55994	26.94235	12430.57406	2850.9611	-0.07511	12753.3192	24.95987	-108.84845	-760.37333	768.53015	0.06026	1.36688	0.31349	-1e-05	-1.40237	68.29205	0.06776	
103.0	1	24.36979	26.77637	26.82301	19566.91565	-4433.01515	-0.21758	20062.7967	52.34953	231.0314	703.84314	742.63796	0.03702	-2.19181	0.49657	2e-05	2.24735	-68.33479	0.03693	
103.0	2	24.34077	34.55305	26.83358	11762.7092	2697.22162	-0.07005	12067.98791	16.00661	-69.82522	-756.93439	760.31667	0.063	1.28326	0.29425	-1e-05	-1.31656	67.98822	0.07294	
104.0	1	24.36889	26.77211	26.71499	19564.55602	-4436.82195	-0.21718	20061.33698	51.70527	227.9644	705.56183	743.27565	0.03705	-2.2052	0.50009	2e-05	2.2612	-68.73773	0.03697	
104.0	2	24.34221	34.54697	26.72599	11768.82391	2698.1518	-0.06983	12074.15584	12.75676	-55.66219	-757.7097	759.85855	0.06293	1.27446	0.29219	-1e-05	-1.30753	68.39117	0.07279	
105.0	1	24.36836	26.76957	26.60736	19589.80359	-4445.15119	-0.2182	20087.80161	32.53945	143.36672	708.8939	723.97748	0.03604	-2.21749	0.50317	2e-05	2.27386	-68.21636	0.03586	
105.0	2	24.34331	34.54232	26.61856	11780.12518	2700.21433	-0.07045	12085.63224	-9.67828	42.20336	-755.67761	756.91706	0.06263	1.2688	0.29083	-1e-05	-1.3017	67.87513	0.07218	
106.0	1	24.36785	26.76715	26.50061	19597.8698	-4449.48109	-0.20453	20096.62616	46.07491	202.90561	710.69955	740.53186	0.03685	-2.22577	0.50534	2e-05	2.28242	-67.00192	0.03675	
106.0	2	24.34414	34.53881	26.5119	11748.05766	2692.45341	-0.06202	12052.64138	0.08523	-0.38954	-765.8084	765.80851	0.06354	1.26001	0.28877	-1e-05	-1.29268	66.72932	0.07405	
107.0	1	24.36754	26.76564	26.39388	19659.96735	-4465.12927	-0.21143	20160.6472	28.81679	126.84706	703.13584	715.06685	0.03547	-2.23804	0.5083	2e-05	2.29504	-67.25138	0.03524	
107.0	2	24.34478	34.5361	26.40597	11721.9304	2686.09772	-0.06577	12025.75459	-18.32279	79.94071	-758.69586	763.11575	0.06346	1.2534	0.28722	-1e-05	-1.28589	66.9604	0.07387	
107.0	3	19.79988	39.725	29.7616	0.0	20.45001	0.0	20.45001	-0.88514	0.0	-1.12492	1.4314	0.07	0.0	0.00154	0.0	-0.00154	301.70793	30.67454	
108.0	1	24.36724	26.76418	26.2887	19743.15091	-4485.55723	-0.21025	20246.28933	32.96821	145.07825	663.33954	679.81906	0.03358	-2.25204	0.51165	2e-05	2.30943	-66.33069	0.0332	
108.0	2	24.34536	34.53365	26.30051	11619.30416	2662.18938	-0.06404	11920.38092	-3.69317	16.10197	-711.51049	711.70225	0.0597	1.23899	0.28387	-1e-05	-1.27109	65.9364	0.0668	
108.0	3	19.80621	39.725	29.72126	-0.0	113.17203	-0.0	113.17203	-4.92485	-0.0	-6.2052	7.92203	0.07	-0.0	0.00829	-0.0	-0.00829	297.30891	30.27584	
109.0	1	24.36697	26.76289	26.1834	19820.17896	-4504.40056	-0.20912	20325.57793	24.82867	109.22086	641.70172	651.40368	0.03205	-2.26456	0.51465	2e-05	2.3223	-65.97762	0.03157	
109.0	2	24.34584	34.53161	26.19572	11563.16711	2649.02288	-0.06273	11862.72127	-9.35266	40.80867	-690.54643	691.81442	0.05832	1.23015	0.28182	-1e-05	-1.26202	65.54753	0.06448	
109.0	3	19.80941	39.725	29.68289	-0.0	159.9751	0.0	159.9751	-7.0197	-0.0	-8.72494	11.19825	0.07	-0.0	0.01147	0.0	-0.01147	295.61565	30.2414	
110.0	1	24.36672	26.76175	26.07957	19904.11827	-4524.67903	-0.20794	20411.92408	18.94949	83.33095	611.2148	617.16016	0.03024	-2.2776	0.51775	2e-05	2.33571	-65.54302	0.02967	
110.0	2	24.3463	34.52966	26.0922	11480.37255	2629.70538	-0.06118	11777.7037	-9.98902	43.5933	-657.04111	658.56144	0.05592	1.21876	0.27917	-1e-05	-1.25032	65.04492	0.06071	
110.0	3	19.81046	39.725	29.64603	0.0	225.04487	0.0	225.04487	-9.93928	0.0	-12.22182	15.75316	0.07	0.0	0.01583	0.0	-0.01583	293.49084	30.13941	
111.0	1	24.36648	26.76067	25.97598	19963.66278	-4539.36756	-0.20668	20473.24326	19.60495	86.19302	603.48005	609.91948	0.02979	-2.28728	0.52009	2e-05	2.34566	-65.03292	0.0292	
111.0	2	24.34665	34.52817	25.9886	11420.06328	2615.73611	-0.05991	11715.79792	-11.6678	50.92568	-649.09787	651.19705	0.05558	1.21004	0.27716	-1e-05	-1.24138	64.54077	0.06021	
111.0	3	19.8096	39.725	29.61054	0.0	245.71264	0.0	245.71264	-10.94982	0.0	-13.26414	17.19989	0.07	0.0	0.01698	0.0	-0.01698	291.18455	30.09146	
112.0	1	24.36623	26.75958	25.87338	20066.96092	-4563.99583	-0.20872	20579.43096	2.59165	11.36851	577.96998	578.08759	0.02809	-2.30181	0.52352	2e-05	2.36059	-65.01904	0.02744	
112.0	2	24.34694	34.52697	25.88685	11358.86868	2601.63886	-0.06028	11653.00057	-26.67857	116.46547	-618.23857	629.67839	0.05404	1.20148	0.27519	-1e-05	-1.23259	64.46119	0.05795	
112.0	3	19.80688	39.725	29.57653	-0.0	294.65779	-0.0	294.65779	-13.22626	-0.0	-15.82635	20.6254	0.07	-0.0	0.02005	-0.0	-0.02005	290.94439	30.21153	
113.0	1	24.36603	26.7587	25.77182	20103.12175	-4573.18042	-0.20431	20616.72824	22.02881	96.81005	577.26334	585.7392	0.02841	-2.30817	0.52508	2e-05	2.36714	-63.97881	0.02777	
113.0	2	24.34721	34.52583	25.78488	11284.1955	2584.46259	-0.0573	11576.37745	-13.6426	59.55208	-621.26126	624.25806	0.05393	1.19162	0.27292	-1e-05	-1.22247	63.46036	0.05779	
113.0	3	19.80326	39.725	29.54325	-0.0	293.68901	-0.0	293.68901	-13.30169	-0.0	-15.67495	20.55819	0.07	-0.0	0.01969	-0.0	-0.01969	286.33349	29.96926	
114.0	1	24.3658	26.75765	25.67081	20188.55597	-4593.70994	-0.20304	20704.58798	11.59579	50.93648	565.28066	567.68936	0.02742	-2.32024	0.52795	2e-05	2.37955	-63.39858	0.02675	
114.0	2	24.3475	34.52461	25.68478	11226.05433	2570.95339	-0.05596	11516.68777	-27.13022	118.4507	-609.18234	621.18414	0.05394	1.1837	0.27109	-1e-05	-1.21434	62.87413	0.05781	
114.0	3	19.79826	39.725	29.51112	0.0	315.60975	0.0	315.60975	-14.41248	0.0	-16.74416	22.09268	0.07	0.0	0.02088	0.0	-0.02088	283.69077	29.90538	
115.0	1	24.36562	26.75687	25.5712	20233.16031	-4604.73038	-0.20168	20750.52573	29.33458	128.87124	564.80481	580.06274	0.02795	-2.32726	0.52965	2e-05	2.38677	-62.86335	0.0273	
115.0	2	24.34776	34.52351	25.58482	11150.04769	2553.42509	-0.05467	11438.68625	-16.0595	70.11403	-608.8489	613.08309	0.0536	1.174	0.26885	-1e-05	-1.20439	62.35872	0.05732	
115.0	3	19.79292	39.725	29.47952	-0.0	315.62914	-0.0	315.62914	-14.53051	-0.0	-16.64362	22.09402	0.07	-0.0	0.02061	-0.0	-0.02061	281.31152	29.8738	
116.0	1	24.36541	26.75591	25.47207	20307.20027	-4622.58828	-0.20028	20826.68253	22.06922	96.92645	564.10742	572.79924	0.0275	-2.33775	0.53215	2e-05	2.39755	-62.2031	0.02684	
116.0	2	24.34798	34.52257	25.48646	11099.43406	2541.74611	-0.0534	11386.74272	-30.36565	132.58957	-608.70839	623.72107	0.05478	1.16701	0.26724	-1e-05	-1.19721	61.72728	0.05902	
116.0	3	19.78647	39.725	29.44891	-0.0	315.43709	-0.0	315.43709	-14.65158	-0.0	-16.51921	22.08061	0.07	-0.0	0.02035	-0.0	-0.02035	278.38559	29.81467	
117.0	1	24.36523	26.75511	25.37432	20358.32821	-4635.11368	-0.19893	20879.31527	37.73006	165.69366	562.76922	587.8666	0.02816	-2.34548	0.53401	2e-05	2.4055	-61.54485	0.02751	
117.0	2	24.34822	34.52154	25.38855	11019.31557	2523.28417	-0.05213	11304.52469	-21.41989	93.52924	-607.53223	615.06255	0.05441	1.15703	0.26495	-1e-05	-1.18698	61.0885	0.05849	
117.0	3	19.78015	39.725	29.41857	-0.0	317.70609	-0.0	317.70609	-14.86628	-0.0	-16.54044	22.23943	0.07	-0.0	0.02024	-0.0	-0.02024	275.45309	29.71889	
118.0	1	24.36505	26.75432	25.27726	20429.79625	-4652.22287	-0.20153	20952.79821	30.73656	134.95212	567.07357	583.72017	0.02786	-2.35548	0.53638	2e-05	2.41578	-61.77423	0.0272	
118.0	2	24.34841	34.52076	25.29212	10972.05774	2512.45359	-0.05305	11256.04167	-37.92954	165.62804	-609.54597	632.78558	0.05622	1.15038	0.26342	-1e-05	-1.18016	61.33474	0.06117	
118.0	3	19.77301	39.725	29.38898	0.0	305.24952	-0.0	305.24952	-14.40975	0.0	-15.77631	21.36663	0.07	0.0	0.01922	-0.0	-0.01922	276.49827	30.09981	
119.0	1	24.36486	26.75347	25.18151	20496.39848	-4668.32187	-0.19707	21021.31252	45.5329	199.88963	565.2761	601.30373	0.0286	-2.36503	0.53867	2e-05	2.4256	-60.27229	0.02797	
119.0	2	24.34862	34.51983	25.19649	10888.03511	2493.1381	-0.05004	11169.82749	-29.51023	128.86485	-609.89027	624.0538	0.05587	1.14013	0.26107	-1e-05	-1.16964	59.87336	0.06064	
119.0	3	19.76617	39.725	29.35936	-0.0	312.43181	0.0	312.43181	-14.84744	0.0	-16.05786	21.87011	0.07	-0.0	0.01943	0.0	-0.01943	269.82114	29.58738	
120.0	1	24.36467	26.75264	25.08672	20568.29744	-4685.60297	-0.19496	21095.25384	41.10752	180.42496	574.44526	603.515	0.02861	-2.37498	0.54104	2e-05	2.43582	-59.65591	0.02798	
120.0	2	24.34886	34.51877	25.10205	10838.35219	2481.59554	-0.04849	11118.82164	-44.28975	193.42302	-622.08312	652.96359	0.05873	1.13325	0.25947	-1e-05	-1.16257	59.32333	0.06515	
120.0	3	19.75862	39.725	29.33048	-0.0	296.99219	-0.0	296.99219	-14.23443	-0.0	-15.15206	20.78952	0.07	-0.0	0.01826	-0.0	-0.01826	267.1857	29.57479	
121.0	1	24.36446	26.7517	24.99317	20635.39812	-4701.91732	-0.19315	21164.30207	52.70414	231.2804	567.57449	615.1497	0.02907	-2.38457	0.54334	2e-05	2.44569	-58.57143	0.02845	
121.0	2	24.34907	34.51783	25.00859	10753.3703	2462.06408	-0.04689	11031.62419	-39.17403	171.0857	-615.36981	639.91009	0.05801	1.12295	0.25711	-0.0	-1.15201	58.25186	0.06397	
121.0	3	19.7513	39.725	29.30183	0.0	305.11893	0.0	305.11893	-14.71197	0.0	-15.48366	21.35851	0.07	0.0	0.01853	0.0	-0.01853	262.32074	29.24072	
122.0	1	24.36426	26.75084	24.90071	20702.79768	-4718.21176	-0.19007	21233.63733	50.09261	219.77529	583.54905	625.57169	0.02946	-2.39392	0.54558	2e-05	2.4553	-57.30499	0.02886	
122.0	2	24.34926	34.51698	24.9164	10703.06703	2450.50955	-0.04486	10980.01097	-53.79073	234.92971	-631.3976	675.83159	0.06155	1.11593	0.2555	-0.0	-1.1448	57.09174	0.0701	
122.0	3	19.74344	39.725	29.27391	-0.0	280.66011	-0.0	280.66011	-13.64941	-0.0	-14.13116	19.64678	0.07	-0.0	0.01685	-0.0	-0.01685	256.84973	28.92145	
123.0	1	24.36403	26.74981	24.80933	20768.09457	-4734.22552	-0.19183	21300.86015	65.80175	288.63561	578.16655	649.55134	0.03049	-2.40334	0.54786	2e-05	2.465	-57.3286	0.02994	
123.0	2	24.34947	34.51602	24.82525	10610.55485	2429.25711	-0.04514	10885.08908	-44.90782	196.1376	-626.51432	658.03257	0.06045	1.10482	0.25295	-0.0	-1.1334	57.09887	0.0681	
123.0	3	19.73611	39.725	29.24603	-0.0	289.32409	-0.0	289.32409	-14.14024	-0.0	-14.4991	20.25266	0.07	-0.0	0.01715	-0.0	-0.01715	256.89318	29.11069	
124.0	1	24.36382	26.74887	24.71938	20840.40371	-4751.73643	-0.18735	21375.25265	63.44955	278.25721	583.99231	649.99995	0.03041	-2.41331	0.55025	2e-05	2.47525	-55.33474	0.02985	
124.0	2	24.34967	34.5151	24.73547	10550.03129	2415.32642	-0.04238	10822.98305	-57.92696	253.01104	-636.35686	687.25554	0.0635	1.09673	0.25108	-0.0	-1.1251	55.21651	0.07396	
124.0	3	19.72805	39.725	29.2191	0.0	275.20373	0.0	275.20373	-13.55234	0.0	-13.69199	19.26491	0.07	0.0	0.01612	0.0	-0.01612	248.16914	28.38952	
125.0	1	24.36359	26.74785	24.63033	20909.18803	-4768.54755	-0.18987	21446.05302	76.17107	333.97254	586.26931	679.00765	0.03166	-2.42317	0.55263	2e-05	2.48538	-55.6399	0.03116	
125.0	2	24.34985	34.51427	24.64683	10463.79618	2395.59126	-0.04309	10734.51853	-53.32481	232.90809	-635.27329	678.72076	0.06323	1.08627	0.24869	-0.0	-1.11438	55.5166	0.0734	
125.0	3	19.7205	39.725	29.19224	0.0	276.80956	0.0	276.80956	-13.69988	0.0	-13.70274	19.37657	0.07	0.0	0.016	0.0	-0.016	249.49945	28.73171	
126.0	1	24.36335	26.74679	24.54285	20975.60528	-4784.85308	-0.18827	21514.4332	69.92158	306.49557	591.07348	669.47474	0.03112	-2.43239	0.55487	2e-05	2.49488	-54.83358	0.03059	
126.0	2	24.35004	34.51345	24.55941	10396.02583	2380.0782	-0.04181	10664.99533	-69.51	303.60389	-640.59953	712.3024	0.06679	1.07737	0.24666	-0.0	-1.10525	54.80831	0.08196	
126.0	3	19.71228	39.725	29.16632	0.0	267.48992	0.0	267.48992	-13.3278	0.0	-13.15176	18.72429	0.07	0.0	0.01527	0.0	-0.01527	246.07145	28.59688	
127.0	1	24.36312	26.74573	24.45629	21022.19244	-4796.65721	-0.18702	21562.47888	80.74563	353.85887	590.62757	693.23653	0.03215	-2.43942	0.5566	2e-05	2.50211	-54.00627	0.03168	
127.0	2	24.35024	34.51254	24.47342	10299.38415	2357.93303	-0.04071	10565.84886	-67.08184	293.00053	-640.27094	707.31616	0.06694	1.06563	0.24397	-0.0	-1.0932	54.01615	0.08242	
127.0	3	19.70458	39.725	29.14059	0.0	267.28371	0.0	267.28371	-13.38489	0.0	-13.073	18.70985	0.07	0.0	0.01506	0.0	-0.01506	242.4096	28.37206	
128.0	1	24.36283	26.74446	24.37144	21072.36949	-4809.49215	-0.18572	21614.25388	71.1386	311.6651	581.49665	663.57682	0.0307	-2.44664	0.55841	2e-05	2.50956	-53.06939	0.03015	
128.0	2	24.35036	34.51197	24.38843	10201.76121	2335.71879	-0.03957	10465.73046	-83.04611	362.71129	-631.06915	732.60113	0.07	1.05365	0.24123	-0.0	-1.08091	53.30802	0.10374	
128.0	3	19.69582	39.725	29.11622	-0.0	279.20475	0.0	279.20475	-14.05659	0.0	-13.57915	19.54433	0.07	-0.0	0.01555	0.0	-0.01555	238.6789	28.1852	
129.0	1	24.36251	26.74305	24.28746	21062.4214	-4808.774	-0.18399	21604.39545	80.47061	352.43906	576.88474	680.79719	0.03151	-2.44619	0.55849	2e-05	2.50914	-52.01719	0.031	
129.0	2	24.35047	34.51148	24.30524	10074.05098	2306.69013	-0.03842	10334.76281	-80.76585	352.71979	-626.43555	723.4334	0.07	1.03823	0.23773	-0.0	-1.0651	52.67274	0.13492	
129.0	3	19.68632	39.725	29.09445	-0.0	284.65401	0.0	284.65401	-14.40379	-0.0	-13.76836	19.92578	0.07	-0.0	0.01566	0.0	-0.01566	234.84655	28.01259	
130.0	1	24.36208	26.74111	24.20511	21066.16231	-4811.70742	-0.18237	21608.69553	75.96201	332.54885	549.67925	646.92059	0.02994	-2.44713	0.55895	2e-05	2.51016	-50.94303	0.02936	
130.0	2	24.35043	34.51166	24.22276	9929.29056	2274.10166	-0.03721	10186.38058	-86.57837	378.0128	-598.36946	713.04664	0.07	1.02104	0.23385	-0.0	-1.04748	52.13425	0.18375	
130.0	3	19.6749	39.725	29.0757	-0.0	324.17545	0.0	324.17545	-16.46842	-0.0	-15.61187	22.69228	0.07	-0.0	0.01767	0.0	-0.01767	231.15464	27.85291	
131.0	1	24.3616	26.73902	24.1239	21003.89277	-4799.73248	-0.17999	21545.323	88.59205	387.66317	547.1524	676.39266	0.03139	-2.43949	0.55746	2e-05	2.50237	-49.77841	0.03088	
131.0	2	24.3503	34.51223	24.14225	9783.47216	2241.4855	-0.03599	10036.96093	-83.13303	362.84342	-595.87112	702.58725	0.07	1.00319	0.22984	-0.0	-1.02919	51.46936	0.21993	
131.0	3	19.66209	39.725	29.0605	-0.0	312.72047	0.0	312.72047	-15.98291	0.0	-14.95788	21.89045	0.07	-0.0	0.0169	0.0	-0.0169	226.96389	27.69369	
132.0	1	24.36102	26.73642	24.04402	20951.17668	-4790.45704	-0.17801	21491.86551	83.54848	365.38204	516.45518	638.13035	0.02969	-2.43288	0.55627	2e-05	2.49566	-48.85022	0.0291	
132.0	2	24.35008	34.51324	24.06262	9615.31033	2203.94965	-0.03483	9864.66354	-88.89329	387.81147	-564.38198	690.52645	0.07	0.98315	0.22535	-0.0	-1.00865	50.73324	0.24466	
132.0	3	19.64803	39.725	29.0472	-0.0	351.23296	0.0	351.23296	-18.01649	-0.0	-16.73	24.58631	0.07	-0.0	0.01886	0.0	-0.01886	223.12402	27.45825	
133.0	1	24.36035	26.73345	23.9658	20807.26639	-4760.65579	-0.17825	21344.93332	84.25189	368.21885	495.17702	622.80316	0.02918	-2.41419	0.55236	2e-05	2.47657	-49.76923	0.02857	
133.0	2	24.34963	34.51524	23.98438	9420.37009	2160.74482	-0.03504	9664.99823	-91.61659	399.41935	-538.32176	676.54987	0.07	0.95983	0.22016	-0.0	-0.98476	52.23684	0.30571	
133.0	3	19.63133	39.725	29.0378	-0.0	366.41689	-0.0	366.41689	-18.89869	-0.0	-17.34035	25.64855	0.07	-0.0	0.01961	-0.0	-0.01961	228.40706	28.47996	
134.0	1	24.35957	26.73	23.8886	20733.14779	-4747.31482	-0.16907	21269.70651	88.3501	385.83812	477.30188	620.0757	0.02915	-2.40332	0.55029	2e-05	2.46551	-46.14597	0.02854	
134.0	2	24.34911	34.51758	23.90797	9262.58196	2126.18787	-0.03078	9503.47828	-91.97142	400.65919	-523.0319	665.24349	0.07	0.94013	0.2158	-0.0	-0.96458	48.49391	0.29093	
134.0	3	19.6139	39.725	29.02995	-0.0	380.31788	-0.0	380.31788	-19.6947	-0.0	-17.91381	26.62303	0.07	-0.0	0.0203	-0.0	-0.0203	211.75896	26.62991	
135.0	1	24.35888	26.72696	23.81339	20783.54564	-4762.03806	-0.17161	21322.11941	106.43224	464.49759	489.53186	683.17441	0.03204	-2.40731	0.55158	2e-05	2.46969	-46.1512	0.03156	
135.0	2	24.34863	34.51973	23.83218	9188.7105	2110.74384	-0.03155	9428.02419	-85.71649	373.14195	-537.5567	659.96169	0.07	0.92942	0.2135	-0.0	-0.95363	48.34399	0.26625	
135.0	3	19.59692	39.725	29.02104	-0.0	360.0133	-0.0	360.0133	-18.71166	-0.0	-16.88078	25.20093	0.07	-0.0	0.01917	-0.0	-0.01917	211.29606	26.75364	
136.0	1	24.35832	26.72448	23.73915	20827.16768	-4774.66737	-0.17043	21367.46036	129.71407	565.79643	510.47092	773.00187	0.03618	-2.41136	0.55281	2e-05	2.47392	-45.26523	0.03601	
136.0	2	24.34834	34.52105	23.75896	9118.46342	2095.71044	-0.03075	9356.1946	-76.2028	331.55118	-559.64721	654.93362	0.07	0.91937	0.2113	-0.0	-0.94334	47.38809	0.24402	
136.0	3	19.58174	39.725	29.01117	0.0	328.22477	0.0	328.22477	-17.1285	0.0	-15.31335	22.97573	0.07	0.0	0.01738	0.0	-0.01738	207.07144	26.42225	
137.0	1	24.35781	26.72219	23.66662	20897.84815	-4793.30462	-0.16952	21440.51833	140.54042	612.71006	509.47476	809.15373	0.03774	-2.41937	0.55493	2e-05	2.4822	-44.3894	0.03773	
137.0	2	24.3482	34.52167	23.68641	9037.64177	2077.86428	-0.02985	9273.42918	-73.89798	321.41021	-559.12196	649.14005	0.07	0.90847	0.20887	-0.0	-0.93217	46.36447	0.22834	
137.0	3	19.56749	39.725	29.00012	0.0	328.48618	-0.0	328.48618	-17.19466	-0.0	-15.26661	22.99404	0.07	0.0	0.01729	-0.0	-0.01729	202.7436	26.02613	
138.0	1	24.35738	26.7203	23.59578	20936.50474	-4804.20371	-0.16847	21480.63324	161.76633	704.95202	524.98648	893.72059	0.04161	-2.42376	0.55617	2e-05	2.48676	-43.25381	0.04211	
138.0	2	24.34806	34.52226	23.61558	8958.23904	2060.34182	-0.02896	9192.11919	-64.58644	280.80977	-575.3262	643.44834	0.07	0.89813	0.20656	-0.0	-0.92158	45.65771	0.24998	
138.0	3	19.55364	39.725	28.98947	0.0	306.90585	-0.0	306.90585	-16.12952	-0.0	-14.19068	21.48341	0.07	0.0	0.01604	-0.0	-0.01604	198.55442	25.77097	
139.0	1	24.35695	26.71839	23.52604	20994.28333	-4819.52422	-0.16724	21540.3748	173.84916	757.28444	524.79283	937.60907	0.04353	-2.43119	0.55811	2e-05	2.49443	-42.34759	0.04437	
139.0	2	24.34803	34.52242	23.54648	8873.5027	2041.39216	-0.02791	9105.29143	-61.27955	266.36144	-575.79287	637.3704	0.07	0.8872	0.20411	-0.0	-0.91038	44.48856	0.22443	
139.0	3	19.54026	39.725	28.97947	-0.0	304.33274	-0.0	304.33274	-16.03829	-0.0	-14.02162	21.30335	0.07	-0.0	0.01579	-0.0	-0.01579	193.85598	25.28068	
140.0	1	24.35655	26.71662	23.45828	21006.43543	-4824.21956	-0.16863	21553.26945	169.90976	739.83226	504.56834	911.48796	0.04229	-2.43285	0.55872	2e-05	2.49619	-41.53522	0.04291	
140.0	2	24.34804	34.52235	23.47864	8752.12775	2013.8317	-0.02812	8980.82726	-68.12133	296.04813	-550.38685	628.65785	0.07	0.87277	0.20082	-0.0	-0.89557	43.89412	0.24938	
140.0	3	19.52654	39.725	28.96959	-0.0	330.93851	-0.0	330.93851	-17.48807	-0.0	-15.19189	23.16519	0.07	-0.0	0.01705	-0.0	-0.01705	190.66331	25.07129	
141.0	1	24.35601	26.71422	23.39176	20832.253	-4786.76226	-0.16312	21375.12241	165.32841	719.50227	471.58265	876.0178	0.04098	-2.41189	0.5542	2e-05	2.47474	-39.59839	0.0414	
141.0	2	24.34765	34.524	23.41253	8549.57621	1968.45042	-0.02553	8773.25768	-73.03384	317.20132	-520.77113	614.12799	0.07	0.84988	0.19568	-0.0	-0.87211	42.95562	0.3378	
141.0	3	19.51028	39.725	28.96424	-0.0	357.60274	0.0	357.60274	-18.97902	-0.0	-16.32206	25.03223	0.07	-0.0	0.01836	0.0	-0.01836	184.14524	24.6243	
142.0	1	24.35526	26.71087	23.3266	20655.36099	-4749.61845	-0.1606	21194.40523	151.52183	658.93089	422.05731	797.04527	0.03761	-2.3893	0.54941	2e-05	2.45165	-38.75907	0.03759	
142.0	2	24.34701	34.52674	23.34778	8333.05553	1920.29531	-0.02412	8551.45301	-83.04217	360.35272	-470.71643	598.60174	0.07	0.82474	0.19006	-0.0	-0.84636	42.04735	0.35966	
142.0	3	19.49179	39.725	28.96172	0.0	406.6946	0.0	406.6946	-21.6495	0.0	-18.48687	28.46867	0.07	0.0	0.02087	0.0	-0.02087	180.10835	24.27239	
143.0	1	24.35437	26.70696	23.26357	20497.25868	-4717.30537	-0.15689	21033.08307	146.41401	636.17356	387.63686	759.22078	0.0361	-2.36758	0.54488	2e-05	2.42947	-37.52227	0.03592	
143.0	2	24.34604	34.53084	23.28496	8142.06112	1878.50502	-0.02233	8355.95239	-87.76539	380.39899	-435.57014	584.91666	0.07	0.80211	0.18506	-0.0	-0.82318	40.89851	0.38726	
143.0	3	19.47111	39.725	28.96088	-0.0	436.84867	-0.0	436.84867	-23.34024	-0.0	-19.75725	30.57966	0.07	-0.0	0.0225	-0.0	-0.0225	174.62175	23.77893	
144.0	1	24.35351	26.70313	23.20156	20507.58785	-4723.65514	-0.16177	21044.57358	169.91571	737.66885	421.03432	866.19662	0.04116	-2.36528	0.54481	2e-05	2.42722	-38.21935	0.0416	
144.0	2	24.34509	34.53483	23.22331	8075.07325	1865.25018	-0.02375	8287.69969	-78.67922	340.61352	-462.98298	580.13898	0.07	0.79172	0.18288	-0.0	-0.81257	41.6681	0.3665	
144.0	3	19.45111	39.725	28.96015	-0.0	396.52343	-0.0	396.52343	-21.24123	-0.0	-17.86565	27.75556	0.07	-0.0	0.02048	-0.0	-0.02048	177.71701	24.38062	
145.0	1	24.35274	26.6997	23.14125	20539.80154	-4734.65523	-0.15563	21078.43465	182.00665	789.56445	418.1131	911.78781	0.04326	-2.36699	0.54562	2e-05	2.42907	-36.05219	0.04405	
145.0	2	24.34441	34.53772	23.16322	7995.02633	1848.43977	-0.02079	8205.92321	-75.33882	325.85653	-467.0051	574.41464	0.07	0.78046	0.18044	-0.0	-0.80105	39.11643	0.32107	
145.0	3	19.43303	39.725	28.95791	-0.0	389.37594	-0.0	389.37594	-20.89601	-0.0	-17.50049	27.25638	0.07	-0.0	0.02012	-0.0	-0.02012	167.08737	23.01261	
146.0	1	24.3521	26.69686	23.08298	20575.77326	-4745.9018	-0.15483	21116.01357	193.91172	840.68704	422.34578	960.58962	0.04549	-2.36951	0.54654	2e-05	2.43172	-35.18605	0.04673	
146.0	2	24.34385	34.54011	23.10538	7918.21572	1832.09278	-0.01999	8127.40451	-71.67266	309.76058	-471.7833	568.91833	0.07	0.77002	0.17816	-0.0	-0.79036	38.20364	0.30904	
146.0	3	19.41569	39.725	28.95483	0.0	385.28995	-0.0	385.28995	-20.7153	0.0	-17.27058	26.97029	0.07	0.0	0.01991	-0.0	-0.01991	163.02523	22.60037	
147.0	1	24.35154	26.69439	23.02589	20586.13631	-4750.88822	-0.15378	21127.23235	212.64881	921.41718	437.33117	1041.8674	0.04931	-2.36939	0.54681	2e-05	2.43167	-33.9954	0.05153	
147.0	2	24.34349	34.54161	23.04865	7842.07575	1815.50077	-0.01925	8049.48415	-63.68038	275.06295	-487.62355	563.46388	0.07	0.75978	0.17589	-0.0	-0.77987	37.39893	0.32381	
147.0	3	19.39928	39.725	28.95203	-0.0	363.65386	0.0	363.65386	-19.60218	0.0	-16.24037	25.45575	0.07	-0.0	0.01876	0.0	-0.01876	158.50924	22.20783	
148.0	1	24.35097	26.69188	22.97034	20602.73622	-4757.37189	-0.15226	21144.86526	218.30647	945.40541	430.58256	1061.53212	0.0502	-2.37073	0.54742	2e-05	2.43311	-32.7763	0.05269	
148.0	2	24.3432	34.54284	22.99315	7749.70067	1795.02338	-0.01819	7954.8708	-64.28795	277.54717	-478.44173	556.84096	0.07	0.74816	0.17329	-0.0	-0.76797	35.78415	0.29219	
148.0	3	19.38372	39.725	28.94902	0.0	365.34546	0.0	365.34546	-19.73103	0.0	-16.27059	25.57432	0.07	0.0	0.0188	0.0	-0.0188	152.14062	21.39149	
149.0	1	24.35046	26.68959	22.9168	20619.48221	-4763.62555	-0.15253	21162.58904	219.7542	951.19877	413.8557	1060.35256	0.05011	-2.37202	0.548	2e-05	2.4345	-32.22551	0.05256	
149.0	2	24.34292	34.54405	22.94001	7655.54595	1774.07087	-0.01792	7858.41659	-66.85915	288.50877	-463.56296	550.08916	0.07	0.73668	0.17072	-0.0	-0.75621	35.08905	0.28498	
149.0	3	19.36813	39.725	28.9457	-0.0	381.02236	0.0	381.02236	-20.60944	0.0	-16.92967	26.67138	0.07	-0.0	0.01958	0.0	-0.01958	149.30613	21.08647	
150.0	1	24.34997	26.68744	22.86475	20598.25707	-4760.98427	-0.15048	21141.31419	232.25662	1004.83817	417.87439	1112.77217	0.05263	-2.36883	0.54752	2e-05	2.43128	-31.02393	0.05597	
150.0	2	24.34269	34.54501	22.88826	7567.13146	1754.30633	-0.01697	7767.82268	-62.24623	268.49215	-468.72042	543.74761	0.07	0.72578	0.16826	-0.0	-0.74503	34.1525	0.29681	
150.0	3	19.35261	39.725	28.94287	0.0	369.88541	0.0	369.88541	-20.05297	0.0	-16.37908	25.89201	0.07	0.0	0.01899	0.0	-0.01899	144.50283	20.60141	
151.0	1	24.34947	26.68521	22.81413	20586.48138	-4760.62829	-0.1501	21129.76094	239.45903	1035.4844	416.69668	1141.57991	0.05403	-2.36672	0.5473	2e-05	2.42918	-30.48689	0.05794	
151.0	2	24.34256	34.54554	22.83771	7481.21357	1734.95011	-0.0166	7679.75314	-61.24146	264.07258	-464.23091	537.58272	0.07	0.71497	0.16581	-0.0	-0.73395	33.6092	0.29454	
151.0	3	19.33753	39.725	28.94095	0.0	367.84693	-0.0	367.84693	-19.98191	-0.0	-16.24014	25.74916	0.07	0.0	0.01885	-0.0	-0.01885	142.05221	20.37915	
152.0	1	24.34896	26.68296	22.76527	20570.5285	-4759.31544	-0.14851	21113.92257	239.68316	1035.93679	398.725	1135.60322	0.05378	-2.36447	0.54706	2e-05	2.42693	-28.99338	0.05759	
152.0	2	24.34237	34.54635	22.78916	7381.27123	1712.41513	-0.01576	7577.30364	-63.77006	274.87319	-449.12605	530.41125	0.07	0.70325	0.16315	-0.0	-0.72192	31.91129	0.28124	
152.0	3	19.32259	39.725	28.93886	0.0	384.16162	0.0	384.16162	-20.89554	0.0	-16.92687	26.89131	0.07	0.0	0.01967	0.0	-0.01967	134.92325	19.44164	
153.0	1	24.34848	26.68084	22.71842	20559.83359	-4759.03685	-0.14731	21103.44022	240.54104	1039.16558	383.30746	1133.42389	0.05371	-2.36233	0.54681	2e-05	2.42479	-28.03983	0.05748	
153.0	2	24.34219	34.54714	22.74245	7283.61308	1690.33957	-0.01526	7477.18312	-66.12205	284.91363	-434.05367	523.4028	0.07	0.69176	0.16054	-0.0	-0.71015	30.92297	0.28317	
153.0	3	19.30734	39.725	28.93703	-0.0	397.62279	0.0	397.62279	-21.66302	-0.0	-17.47633	27.83358	0.07	-0.0	0.02036	0.0	-0.02036	130.57149	18.92598	
154.0	1	24.34801	26.67874	22.67279	20512.85912	-4750.37475	-0.14681	21055.72249	248.35847	1072.43863	387.73928	1167.11108	0.05543	-2.35593	0.54559	2e-05	2.41828	-27.50045	0.05998	
154.0	2	24.34201	34.54787	22.69695	7196.61312	1670.71063	-0.01505	7387.998	-63.76141	274.64942	-433.53951	517.15987	0.07	0.68116	0.15813	-0.0	-0.69927	30.55703	0.29354	
154.0	3	19.2923	39.725	28.93571	-0.0	392.28707	0.0	392.28707	-21.41437	0.0	-17.18932	27.45994	0.07	-0.0	0.0201	0.0	-0.0201	128.5178	18.77884	
155.0	1	24.34747	26.67638	22.62892	20469.52032	-4742.82218	-0.14105	21011.79727	252.41121	1089.36928	365.49314	1176.44468	0.05599	-2.35031	0.54457	2e-05	2.41258	-25.74774	0.06082	
155.0	2	24.3418	34.54879	22.65348	7101.02587	1649.16374	-0.0129	7290.01437	-63.08007	271.60901	-427.38338	510.30099	0.07	0.66984	0.15557	-0.0	-0.68767	28.94941	0.30284	
155.0	3	19.27752	39.725	28.93512	0.0	399.97399	0.0	399.97399	-21.86795	0.0	-17.48552	27.99912	0.07	0.0	0.0205	0.0	-0.0205	121.02679	17.83376	
156.0	1	24.34692	26.67394	22.58653	20433.88309	-4737.10515	-0.14708	20975.78946	249.60301	1076.67146	358.40496	1161.8852	0.05539	-2.34487	0.5436	2e-05	2.40705	-25.24526	0.05993	
156.0	2	24.34156	34.54981	22.61153	7011.91998	1629.11412	-0.01497	7198.68284	-67.65672	291.19963	-405.64568	503.90781	0.07	0.65914	0.15314	-0.0	-0.6767	28.05067	0.27962	
156.0	3	19.26276	39.725	28.9344	-1e-05	414.8636	-1e-05	414.8636	-22.70964	-0.0	-18.09914	29.03974	0.07	-0.0	0.02128	-0.0	-0.02128	117.87415	17.39298	
157.0	1	24.34642	26.67169	22.54625	20406.5147	-4733.07969	-0.14277	20948.21915	246.96524	1064.77208	340.61502	1144.87991	0.05465	-2.3404	0.54283	2e-05	2.40253	-23.69708	0.05884	
157.0	2	24.34131	34.55085	22.5712	6923.7451	1609.24253	-0.01343	7108.29851	-71.78954	308.87038	-383.44765	497.58089	0.07	0.64874	0.15078	-0.0	-0.66604	26.30724	0.27199	
157.0	3	19.24788	39.725	28.93382	0.0	431.19577	0.0	431.19577	-23.64115	0.0	-18.7657	30.18369	0.07	0.0	0.02218	0.0	-0.02218	110.54836	16.39342	
158.0	1	24.34591	26.66943	22.50754	20362.64854	-4725.23947	-0.14179	20903.71602	255.27115	1100.03934	335.09435	1177.93808	0.05635	-2.3338	0.54157	2e-05	2.39582	-23.08105	0.06137	
158.0	2	24.34106	34.55193	22.53238	6845.03584	1591.56646	-0.01312	7027.63114	-68.51284	294.65799	-387.91995	491.93418	0.07	0.63916	0.14861	-0.0	-0.65621	25.83003	0.27689	
158.0	3	19.23328	39.725	28.93346	0.0	425.63873	0.0	425.63873	-23.3697	0.0	-18.48185	29.79465	0.07	0.0	0.02195	0.0	-0.02195	108.08621	16.14436	
159.0	1	24.3454	26.6672	22.47026	20319.69643	-4717.59345	-0.14046	20860.14744	261.70461	1127.20842	335.94127	1204.96667	0.05776	-2.32747	0.54037	2e-05	2.38938	-21.66923	0.06358	
159.0	2	24.3408	34.55301	22.49555	6771.53417	1575.11102	-0.0126	6952.31254	-66.75932	287.00082	-387.31576	486.66188	0.07	0.63011	0.14657	-0.0	-0.64693	24.54915	0.28256	
159.0	3	19.21947	39.725	28.93327	-0.0	420.54047	0.0	420.54047	-23.1334	-0.0	-18.20533	29.43787	0.07	-0.0	0.02173	0.0	-0.02173	102.0924	15.38556	
160.0	1	24.34488	26.66487	22.43478	20279.99014	-4710.78742	-0.13962	20819.93079	263.38897	1133.88267	325.69431	1208.77642	0.05806	-2.32169	0.5393	2e-05	2.3835	-20.67735	0.06405	
160.0	2	24.34058	34.55394	22.46056	6689.89386	1556.69783	-0.01224	6868.62344	-67.629	290.632	-377.00331	480.80364	0.07	0.62035	0.14435	-0.0	-0.63693	23.42021	0.27272	
160.0	3	19.20619	39.725	28.93337	0.0	426.95802	-0.0	426.95802	-23.51194	0.0	-18.45062	29.88706	0.07	0.0	0.0221	-0.0	-0.0221	97.3669	14.73365	
161.0	1	24.34433	26.6626	22.40092	20239.49184	-4703.71593	-0.14245	20778.88288	259.07682	1114.76528	308.48289	1185.32026	0.05704	-2.31581	0.5382	2e-05	2.37753	-20.14762	0.06244	
161.0	2	24.34039	34.55476	22.42706	6616.11535	1540.01776	-0.0132	6792.98439	-71.8673	308.74819	-354.42682	475.50891	0.07	0.61154	0.14235	-0.0	-0.62789	22.51927	0.25141	
161.0	3	19.19306	39.725	28.93326	-0.0	445.4865	-0.0	445.4865	-24.54239	-0.0	-19.23678	31.18305	0.07	-0.0	0.02311	-0.0	-0.02311	94.1716	14.24204	
162.0	1	24.34383	26.66045	22.36914	20185.47349	-4693.36068	-0.13624	20723.92276	255.15588	1097.38085	279.89842	1160.90154	0.05602	-2.30798	0.53663	2e-05	2.36955	-18.78783	0.06087	
162.0	2	24.34015	34.55575	22.3951	6529.53905	1520.37897	-0.01126	6704.21005	-74.9675	321.95887	-333.10641	469.29471	0.07	0.60161	0.14008	-0.0	-0.61771	21.0322	0.25023	
162.0	3	19.17977	39.725	28.93334	0.0	466.26822	0.0	466.26822	-25.71249	0.0	-20.10419	32.6391	0.07	0.0	0.02429	0.0	-0.02429	87.85457	13.34625	
163.0	1	24.34332	26.65827	22.33888	20138.89044	-4684.73865	-0.13619	20676.59751	257.36654	1106.36675	274.69176	1168.649	0.05652	-2.3007	0.53519	2e-05	2.36213	-17.78233	0.06163	
163.0	2	24.3398	34.55725	22.36465	6461.92918	1505.32329	-0.01127	6634.94739	-75.05812	322.20093	-325.98039	464.44631	0.07	0.59348	0.13825	-0.0	-0.60937	19.95259	0.24329	
163.0	3	19.1665	39.725	28.93367	-0.0	469.15885	0.0	469.15885	-25.90129	0.0	-20.19071	32.84116	0.07	-0.0	0.02455	0.0	-0.02455	83.21756	12.7032	
164.0	1	24.3429	26.6565	22.31017	20152.9911	-4689.83916	-0.13566	20691.48718	269.53987	1158.24763	290.57882	1224.18355	0.05916	-2.30079	0.53542	2e-05	2.36226	-16.61258	0.06588	
164.0	2	24.33955	34.55832	22.33617	6433.06087	1499.13296	-0.01102	6605.42745	-70.37068	301.97127	-343.01094	462.37992	0.07	0.58912	0.13729	-0.0	-0.6049	18.77449	0.22509	
164.0	3	19.15466	39.725	28.93352	-0.0	448.92493	0.0	448.92493	-24.80488	0.0	-19.29338	31.42478	0.07	-0.0	0.02357	0.0	-0.02357	78.01226	11.97131	
165.0	1	24.34255	26.65498	22.28319	20170.91965	-4695.58122	-0.13513	20710.25066	278.49536	1196.33049	300.12384	1264.45269	0.06105	-2.30199	0.53588	2e-05	2.36355	-15.53524	0.06919	
165.0	2	24.33947	34.55863	22.30953	6403.99365	1492.62461	-0.01079	6575.64163	-67.29979	288.74214	-352.09393	460.29493	0.07	0.58493	0.13633	-0.0	-0.60061	17.69831	0.21491	
165.0	3	19.14429	39.725	28.93292	0.0	436.68945	-0.0	436.68945	-24.15222	0.0	-18.7375	30.56834	0.07	0.0	0.02297	-0.0	-0.02297	73.24694	11.30204	
166.0	1	24.34223	26.6536	22.25797	20192.85047	-4702.10363	-0.13503	20733.08923	286.19697	1229.04375	307.59768	1298.87396	0.06265	-2.30615	0.53701	2e-05	2.36785	-14.53427	0.07222	
166.0	2	24.33952	34.55842	22.28463	6379.34666	1486.96202	-0.01071	6550.35265	-64.77424	277.8911	-358.92292	458.52463	0.07	0.58175	0.1356	-0.0	-0.59734	16.58732	0.19523	
166.0	3	19.13494	39.725	28.93223	-0.0	427.30645	0.0	427.30645	-23.63954	-0.0	-18.32658	29.91139	0.07	-0.0	0.02251	0.0	-0.02251	68.58052	10.60613	
167.0	1	24.34196	26.65246	22.23449	20227.7918	-4711.43078	-0.1345	20769.23544	288.29303	1237.73252	298.74433	1305.50482	0.06286	-2.30797	0.53757	2e-05	2.36975	-13.46463	0.07264	
167.0	2	24.33962	34.55801	22.26147	6346.69642	1479.34368	-0.01046	6516.82539	-65.19528	279.69899	-354.42378	456.17778	0.07	0.57705	0.1345	-0.0	-0.59252	15.34261	0.18059	
167.0	3	19.12636	39.725	28.93132	-0.0	433.85304	-0.0	433.85304	-23.99698	-0.0	-18.6137	30.3698	0.07	-0.0	0.02285	-0.0	-0.02285	63.47307	9.82462	
168.0	1	24.34173	26.65151	22.21271	20257.77514	-4719.40398	-0.1368	20800.24585	290.32395	1246.19054	298.14246	1313.83705	0.06316	-2.3115	0.5385	2e-05	2.3734	-12.88712	0.07327	
168.0	2	24.33974	34.55749	22.23973	6320.09166	1473.08233	-0.0111	6489.49383	-65.8386	282.47036	-349.61703	454.26456	0.07	0.5736	0.13369	-0.0	-0.58897	14.60875	0.16587	
168.0	3	19.11833	39.725	28.93037	0.0	437.17431	0.0	437.17431	-24.1773	0.0	-18.75935	30.60156	0.07	0.0	0.02305	0.0	-0.02305	60.57877	9.35188	
169.0	1	24.34156	26.65077	22.19289	20285.963	-4726.73722	-0.13322	20829.36244	292.71523	1256.25185	285.5721	1321.13676	0.06343	-2.31483	0.53937	2e-05	2.37683	-11.65515	0.07381	
169.0	2	24.33984	34.55706	22.21972	6289.43952	1465.89954	-0.00987	6458.01138	-65.47661	280.92493	-348.07034	452.0608	0.07	0.56989	0.13283	-0.0	-0.58517	13.35351	0.16248	
169.0	3	19.11077	39.725	28.92962	0.0	443.10716	0.0	443.10716	-24.50432	0.0	-19.01692	31.01782	0.07	0.0	0.02339	0.0	-0.02339	55.0954	8.56067	
170.0	1	24.3414	26.65008	22.17461	20310.99703	-4733.28138	-0.1326	20855.22843	292.79871	1256.4214	284.31255	1321.04483	0.06334	-2.31773	0.54012	2e-05	2.37983	-9.67509	0.07364	
170.0	2	24.33992	34.55674	22.20132	6264.9156	1460.17323	-0.00958	6432.82779	-66.95085	287.25233	-340.25274	450.29795	0.07	0.56683	0.13211	-0.0	-0.58202	11.31639	0.15607	
170.0	3	19.10346	39.725	28.9292	-0.0	449.47097	-0.0	449.47097	-24.86627	-0.0	-19.27735	31.46343	0.07	-0.0	0.02375	-0.0	-0.02375	46.2422	7.2372	
171.0	1	24.34125	26.64946	22.15803	20328.37724	-4737.98554	-0.13495	20873.22276	295.84142	1269.30261	286.48721	1334.43853	0.06393	-2.31981	0.54068	2e-05	2.38199	-9.3329	0.07488	
171.0	2	24.34	34.55642	22.18476	6246.4255	1455.84583	-0.01022	6413.83806	-66.75804	286.42845	-339.22705	448.96869	0.07	0.56438	0.13154	-0.0	-0.57951	10.90231	0.14808	
171.0	3	19.09663	39.725	28.92908	0.0	446.57559	-0.0	446.57559	-24.71866	0.0	-19.13573	31.26001	0.07	0.0	0.02364	-0.0	-0.02364	44.57354	6.98698	
172.0	1	24.34114	26.64897	22.14316	20343.58465	-4742.04008	-0.12793	20888.95355	299.0362	1282.87232	284.22155	1347.5778	0.06451	-2.32167	0.54118	1e-05	2.38391	-7.46722	0.07617	
172.0	2	24.34011	34.55595	22.17003	6229.665	1451.87343	-0.00795	6396.61336	-65.92824	282.8815	-340.76847	447.76291	0.07	0.56213	0.13101	-0.0	-0.57719	9.03184	0.14317	
172.0	3	19.09059	39.725	28.92909	0.0	444.41884	0.0	444.41884	-24.62045	0.0	-19.01912	31.11099	0.07	0.0	0.02355	0.0	-0.02355	36.34256	5.7619	
173.0	1	24.34105	26.64857	22.12999	20356.97135	-4745.5903	-0.13242	20902.7967	301.68006	1294.09719	281.16231	1358.21597	0.06498	-2.32358	0.54167	2e-05	2.38588	-5.31596	0.07725	
173.0	2	24.34025	34.55535	22.15701	6212.93625	1447.85838	-0.00927	6379.4099	-64.93919	278.65977	-342.85027	446.5587	0.07	0.55998	0.1305	-0.0	-0.57499	6.93999	0.14235	
173.0	3	19.08513	39.725	28.92932	-0.0	446.03507	-0.0	446.03507	-24.72356	-0.0	-19.06859	31.22284	0.07	-0.0	0.02366	-0.0	-0.02366	26.99611	4.36978	
174.0	1	24.34096	26.6482	22.11848	20370.23584	-4749.08108	-0.13043	20916.50734	301.84558	1294.69865	281.30975	1358.85633	0.06497	-2.32544	0.54215	1e-05	2.3878	-5.50169	0.07722	
174.0	2	24.34041	34.55466	22.14562	6200.90507	1444.90578	-0.00861	6367.02257	-65.9595	283.06738	-337.88043	445.69158	0.07	0.55828	0.13009	-0.0	-0.57323	7.04454	0.13682	
174.0	3	19.08015	39.725	28.92985	0.0	448.03132	0.0	448.03132	-24.83443	0.0	-19.15453	31.36311	0.07	0.0	0.02378	0.0	-0.02378	27.63573	4.45495	
175.0	1	24.34088	26.64785	22.10875	20386.04487	-4753.13873	-0.13352	20932.82478	302.04626	1295.45792	280.45558	1359.44786	0.06494	-2.3275	0.54267	2e-05	2.38993	-4.84353	0.07717	
175.0	2	24.34058	34.55397	22.13601	6188.62749	1441.88931	-0.00949	6354.38077	-66.73372	286.42073	-333.71056	444.80666	0.07	0.55656	0.12967	-0.0	-0.57147	6.34584	0.13316	
175.0	3	19.07563	39.725	28.93074	0.0	450.60836	-0.0	450.60836	-24.9842	0.0	-19.25422	31.54259	0.07	0.0	0.02394	-0.0	-0.02394	24.64728	4.00031	
176.0	1	24.3408	26.64752	22.10083	20402.02007	-4757.21037	-0.13353	20949.30723	300.55248	1288.95747	268.76773	1350.54775	0.06447	-2.21455	0.51637	1e-05	2.27396	-3.8045	0.07607	
176.0	2	24.34074	34.55328	22.12817	6179.16615	1439.53011	-0.00944	6344.6309	-69.65698	298.99965	-320.92583	444.12416	0.07	0.54139	0.12613	-0.0	-0.55589	5.16886	0.12312	
176.0	3	19.07168	39.725	28.93187	-0.0	449.45988	-0.0	449.45988	-24.97437	-0.0	-19.13505	31.46219	0.07	-0.0	0.02391	-0.0	-0.02391	19.76629	3.24896	
177.0	1	24.34074	26.64727	22.09443	20405.47796	-4758.2928	-0.1345	20952.92059	297.40999	1275.4065	263.14215	1335.79872	0.06375	-2.25155	0.52503	1e-05	2.31195	-3.96447	0.0745	
177.0	2	24.34088	34.55268	22.12186	6178.5173	1439.23993	-0.00972	6343.93314	-71.29206	306.04776	-313.77556	444.07533	0.07	0.54291	0.12647	-0.0	-0.55745	5.2297	0.11781	
177.0	3	19.06846	39.725	28.93251	-0.0	459.49666	-0.0	459.49666	-25.46472	-0.0	-19.64948	32.16448	0.07	-0.0	0.02447	-0.0	-0.02447	20.25304	3.29376	
178.0	1	24.3407	26.6471	22.08997	20405.22875	-4758.4072	-0.13235	20952.70387	284.5557	1220.24645	-40.13935	1253.62854	0.05983	-1.65515	0.38597	1e-05	1.69956	-2.43648	0.06701	
178.0	2	24.34099	34.55221	22.11746	6211.60487	1446.83241	-0.00911	6377.88046	-88.98392	382.02962	-11.26815	392.41781	0.06153	0.31598	0.0736	-0.0	-0.32443	2.37914	0.07006	
178.0	3	19.06677	39.725	28.93161	-0.0	432.01032	-0.0	432.01032	-24.65598	-0.0	-17.51007	30.24103	0.07	-0.0	0.02302	-0.0	-0.02302	10.60818	1.69104	
179.0	1	24.34066	26.64694	22.08729	20335.19605	-4742.24187	-0.13285	20880.82988	318.61019	1366.24307	-410.25821	1461.65809	0.07	-1.92951	0.44997	1e-05	1.98128	-3.00589	0.16167	
179.0	2	24.34099	34.5522	22.11477	6224.72135	1449.89911	-0.00942	6391.35067	-63.48979	272.57727	349.04522	447.39455	0.07	-0.09025	-0.02102	0.0	0.09266	-0.64489	0.27141	
179.0	3	19.0705	39.725	28.92136	-0.0	375.81196	0.0	375.81196	-26.05542	-0.0	-3.62846	26.30686	0.07	-0.0	0.01412	0.0	-0.01412	5.20112	0.71839	
180.0	1	24.34065	26.64689	22.08639	20302.83451	-4734.73665	-0.1325	20847.60946	319.40571	1369.64173	-389.50405	1459.33268	0.07	-2.31843	0.54067	2e-05	2.38064	-5.30269	0.58654	
180.0	2	24.34089	34.55262	22.11372	6248.67107	1455.60542	-0.00944	6415.97049	-73.08842	313.75842	312.92279	449.11796	0.07	-0.53005	-0.12347	0.0	0.54424	-4.79156	0.80266	
180.0	3	19.08759	39.725	28.8813	-0.0	318.99254	0.0	318.99254	-8.69454	-0.0	20.56725	22.32951	0.07	-0.0	0.00281	0.0	-0.00281	1.12654	1.00224	
181.0	1	24.34071	26.64714	22.08749	20277.79906	-4728.61886	-0.13145	20821.8388	320.62447	1374.94825	-362.0873	1457.52872	0.07	-2.31482	0.5398	2e-05	2.37692	-7.89122	1.2076	
181.0	2	24.34077	34.55313	22.11445	6270.83742	1460.91188	-0.00926	6438.76273	-78.19555	335.64945	290.46077	450.71338	0.07	-0.56241	-0.13102	0.0	0.57747	-10.26006	1.53605	
181.0	3	19.12342	39.725	28.79427	0.0	281.54039	0.0	281.54039	0.60277	-0.0	19.69883	19.70805	0.07	-0.0	-0.01031	-0.0	0.01031	-5.21677	2.30861	
182.0	1	24.34085	26.64775	22.09054	20254.08059	-4722.41495	-0.13191	20797.33116	320.73098	1375.60078	-352.48565	1455.81318	0.07	-2.31141	0.53893	2e-05	2.37341	-11.06147	1.83868	
182.0	2	24.34065	34.55366	22.1169	6295.33411	1466.7539	-0.00957	6463.94606	-80.08702	343.7368	283.13569	452.47622	0.07	-0.56479	-0.13159	0.0	0.57992	-15.3171	2.28525	
182.0	3	19.17859	39.725	28.65403	0.0	262.50122	0.0	262.50122	1.27186	-0.0	18.33102	18.37509	0.07	-0.0	-0.01342	-0.0	0.01342	-9.37289	3.50777	
183.0	1	24.34108	26.64871	22.09561	20224.20965	-4714.41437	-0.13147	20766.42383	320.17982	1373.5386	-352.09932	1453.64966	0.07	-2.30723	0.53783	1e-05	2.36908	-13.90059	2.4035	
183.0	2	24.34052	34.5542	22.12116	6328.22391	1474.54569	-0.00965	6497.74598	-80.63404	346.05438	283.9471	454.84221	0.07	-0.56804	-0.13236	0.0	0.58325	-20.41417	2.97586	
183.0	3	19.25096	39.725	28.46153	0.0	253.75562	-0.0	253.75562	1.93615	0.0	17.65705	17.76289	0.07	-0.0	-0.01297	0.0	0.01297	-14.34771	4.75444	
184.0	1	24.34137	26.64993	22.10262	20203.73569	-4708.32324	-0.13106	20745.10167	319.10317	1369.30353	-363.23718	1452.1571	0.07	-2.30385	0.53689	1e-05	2.36558	-11.1977	2.06415	
184.0	2	24.34038	34.55481	22.12715	6346.61136	1478.96629	-0.00971	6516.65689	-78.77419	338.04154	295.98977	456.16597	0.07	-0.57006	-0.13284	0.0	0.58533	-19.91649	2.61739	
184.0	3	19.33569	39.725	28.22472	0.0	263.75458	-0.0	263.75458	4.29274	0.0	17.95684	18.46282	0.07	-0.0	-0.01331	0.0	0.01331	-19.20795	4.95893	
185.0	1	24.34171	26.65141	22.11132	20188.54825	-4703.19435	-0.13069	20729.14657	318.95306	1369.12187	-359.57222	1451.0403	0.07	-2.30133	0.53613	1e-05	2.36295	-19.553	3.35456	
185.0	2	24.34028	34.55523	22.13461	6364.74925	1483.27792	-0.00978	6535.30003	-79.51812	341.21438	294.15875	457.47104	0.07	-0.57209	-0.13332	0.0	0.58742	-30.33791	4.22531	
185.0	3	19.43467	39.725	27.93076	-0.0	244.38626	0.0	244.38626	2.07977	-0.0	16.98016	17.10705	0.07	0.0	-0.01218	-0.0	0.01218	-23.76395	7.12214	
186.0	1	24.34196	26.65246	22.1216	20139.15623	-4690.54852	-0.13326	20678.17349	316.83456	1360.3593	-379.75586	1447.47231	0.07	-2.29496	0.53451	2e-05	2.35638	-11.11412	2.1157	
186.0	2	24.34015	34.55576	22.14395	6417.86603	1495.78127	-0.01085	6589.86844	-76.30788	327.41231	315.86018	461.29097	0.07	-0.57727	-0.13454	0.0	0.59274	-23.46253	2.78612	
186.0	3	19.50545	39.725	27.71427	-0.0	290.02876	0.0	290.02876	6.09814	-0.0	19.3639	20.30143	0.07	0.0	-0.01432	-0.0	0.01432	-27.21136	6.09447	
187.0	1	24.34233	26.65405	22.13405	19996.8636	-4655.7158	-0.12908	20531.68876	313.4279	1346.22174	-393.75884	1437.21817	0.07	-2.27728	0.5302	1e-05	2.33818	-21.69839	3.54742	
187.0	2	24.33982	34.55714	22.15509	6581.41494	1534.24183	-0.01026	6757.87841	-78.03611	334.75254	325.0058	473.05144	0.07	-0.59297	-0.13823	0.0	0.60887	-37.00069	4.66351	
187.0	3	19.59403	39.725	27.41866	-0.0	336.85962	-0.0	336.85962	4.90472	0.0	23.06444	23.58018	0.07	0.0	-0.01652	0.0	0.01652	-33.72541	8.91959	
188.0	1	24.3429	26.65649	22.14876	19757.05828	-4597.31508	-0.12601	20284.88742	306.56968	1317.50147	-431.7875	1419.94208	0.07	-2.24739	0.52295	1e-05	2.30744	-29.31074	4.32728	
188.0	2	24.33918	34.55986	22.16793	6858.68594	1599.57551	-0.01042	7042.74198	-79.06585	339.02213	349.07533	492.99189	0.07	-0.61999	-0.14459	0.0	0.63662	-46.81318	5.78767	
188.0	3	19.70879	39.725	26.98569	-0.0	468.44167	-0.0	468.44167	6.23132	0.0	32.19362	32.79114	0.07	0.0	-0.02302	0.0	0.02302	-38.58158	10.94855	
189.0	1	24.34364	26.65962	22.16533	19408.61579	-4513.01702	-0.12439	19926.40684	297.12893	1277.84146	-473.74868	1394.84845	0.07	-2.20367	0.51241	1e-05	2.26246	-32.69601	4.36439	
189.0	2	24.3381	34.56443	22.18237	7263.03867	1695.07761	-0.0116	7458.2182	-78.89374	338.04515	389.95361	522.07525	0.07	-0.66017	-0.15407	0.0	0.67791	-52.19046	6.09966	
189.0	3	19.82149	39.725	26.48436	-0.0	681.39474	-0.0	681.39474	10.44534	0.0	46.53987	47.69764	0.07	0.0	-0.03408	0.0	0.03408	-42.97964	12.1753	
190.0	1	24.34455	26.6635	22.18388	18970.29187	-4407.19612	-0.12101	19475.50645	284.01953	1222.5455	-532.22423	1363.28545	0.07	-2.14835	0.49911	1e-05	2.20557	-35.69224	4.35972	
190.0	2	24.33665	34.57058	22.19862	7764.98424	1813.81338	-0.01265	7974.01399	-79.2397	339.23037	436.13051	558.18097	0.07	-0.71149	-0.1662	0.0	0.73065	-57.51584	6.31026	
190.0	3	19.92182	39.725	25.9342	-0.0	956.89384	-0.0	956.89384	16.32007	0.0	64.964	66.98258	0.07	0.0	-0.0496	0.0	0.0496	-48.1238	13.35711	
191.0	1	24.34566	26.66834	22.20457	18462.08554	-4284.42255	-0.11371	18952.7011	266.41613	1148.03492	-609.21481	1326.68927	0.07	-2.08403	0.48363	1e-05	2.13941	-37.73009	4.15655	
191.0	2	24.33494	34.57776	22.21677	8356.34511	1953.71327	-0.01232	8581.69558	-77.13231	329.9104	496.05724	600.71878	0.07	-0.77385	-0.18093	0.0	0.79472	-62.96536	6.37086	
191.0	3	20.00507	39.725	25.33299	-1e-05	1323.80545	-0.0	1323.80545	25.08314	0.0	89.20764	92.66697	0.07	0.0	-0.07237	0.0	0.07237	-55.66122	14.67191	
192.0	1	24.34687	26.67368	22.22665	17760.51799	-4116.63041	-0.11235	18231.36433	240.90568	1039.36666	-700.25449	1276.1955	0.07	-1.9965	0.46276	1e-05	2.04943	-16.80875	2.20687	
192.0	2	24.33293	34.5861	22.23659	9146.49368	2140.41159	-0.01552	9393.59933	-73.84717	315.57089	572.13301	657.55196	0.07	-0.85815	-0.20082	0.0	0.88133	-43.08544	3.51959	
192.0	3	20.0535	39.725	24.77211	-0.0	1888.28103	0.0	1888.28103	61.8606	0.0	116.81065	132.17966	0.07	0.0	-0.11071	-0.0	0.11071	-57.95441	11.49739	
193.0	1	24.34811	26.67921	22.24926	17045.89295	-3946.05168	-0.10704	17496.67941	213.75528	923.38694	-775.70662	1224.76754	0.07	-1.90613	0.44126	1e-05	1.95654	-5.38092	1.44448	
193.0	2	24.33077	34.59504	22.25778	9958.93297	2332.24581	-0.01708	10228.378	-74.67829	318.88875	636.6865	715.98644	0.07	-0.94897	-0.22224	0.0	0.97464	-34.31213	2.16707	
193.0	3	20.04217	39.725	24.50278	-1e-05	2470.38937	-1e-05	2470.38937	103.65932	0.0	138.41459	172.92731	0.07	0.0	-0.15786	0.0	0.15786	-63.81467	10.67037	
194.0	1	24.34945	26.68512	22.27341	16670.26618	-3853.93523	-0.10421	17109.95591	199.56569	863.24675	-805.88863	1197.69692	0.07	-1.49321	0.34521	1e-05	1.53259	-2.95519	1.42593	
194.0	2	24.32887	34.60294	22.28093	10405.48221	2437.65273	-0.01824	10687.19846	-80.98472	345.70021	658.47724	748.10389	0.07	-1.00753	-0.23603	0.0	1.03481	-34.23823	1.9436	
194.0	3	20.0155	39.725	24.28305	-0.0	2723.38284	0.0	2723.38284	109.75239	0.0	155.87431	190.6368	0.07	0.0	-0.18986	-0.0	0.18986	-69.03425	10.55518	
195.0	1	24.3507	26.69066	22.2996	16624.09514	-3838.46627	-0.10367	17061.4877	202.5637	877.30864	-784.63995	1194.30414	0.07	-0.85688	0.19785	1e-05	0.87942	-1.55424	1.51141	
195.0	2	24.32759	34.60825	22.30621	10479.50961	2454.96705	-0.01876	10763.22372	-91.00073	388.45939	639.11532	753.42566	0.07	-1.02773	-0.24076	0.0	1.05556	-35.0388	1.92934	
195.0	3	19.99178	39.725	24.0624	-0.0	2618.4512	-0.0	2618.4512	89.30937	0.0	160.06137	183.29159	0.07	0.0	-0.19569	0.0	0.19569	-73.9364	10.2218	
196.0	1	24.35175	26.69531	22.3268	16521.79541	-3810.84573	-0.1039	16955.59697	208.25244	902.89178	-741.70722	1186.89184	0.07	0.17923	-0.04134	-0.0	-0.18393	0.32081	1.23039	
196.0	2	24.32674	34.61176	22.33238	10591.53298	2480.76019	-0.01988	10878.17733	-96.80178	413.29741	632.1827	761.47246	0.07	-1.04888	-0.24567	0.0	1.07726	-28.95434	1.55573	
196.0	3	19.97086	39.725	23.83974	-1e-05	2532.04871	3e-05	2532.04871	81.77327	-0.0	157.25244	177.24333	0.07	0.0	-0.20012	-0.0	0.20012	-64.67786	8.49363	
197.0	1	24.35264	26.69927	22.35613	16495.05847	-3801.29056	-0.10278	16927.39685	204.28337	886.47371	-759.25146	1184.91777	0.07	0.76537	-0.17638	-0.0	-0.78544	1.40818	1.53916	
197.0	2	24.32618	34.61407	22.36061	10653.1753	2494.46932	-0.01977	10941.32173	-101.58194	433.83278	622.94588	765.89251	0.07	-1.06316	-0.24894	0.0	1.09192	-36.26066	1.87234	
197.0	3	19.95063	39.725	23.61582	0.0	2491.66139	-1e-05	2491.66139	58.8688	0.0	164.18134	174.41631	0.07	-0.0	-0.20648	0.0	0.20648	-83.26801	10.08953	
198.0	1	24.35334	26.70236	22.38666	16267.81361	-3746.29893	-0.10221	16693.60702	206.06681	894.83792	-722.71469	1168.55251	0.07	1.46559	-0.33751	-1e-05	-1.50395	3.08315	1.16088	
198.0	2	24.32579	34.61568	22.39039	10644.52793	2491.6939	-0.02068	10932.26936	-104.74415	447.47258	611.89713	765.25887	0.07	-1.06874	-0.25017	0.0	1.09763	-29.26081	1.46364	
198.0	3	19.93053	39.725	23.3928	-0.0	2397.14625	1e-05	2397.14625	51.6414	-0.0	159.65612	167.80021	0.07	0.0	-0.20686	-0.0	0.20686	-71.52826	8.27461	
199.0	1	24.35387	26.70472	22.41923	16167.44474	-3721.18758	-0.10191	16590.16295	208.98142	907.9806	-693.21142	1161.31136	0.07	1.76856	-0.40706	-1e-05	-1.8148	10.83528	0.87384	
199.0	2	24.32538	34.61742	22.42228	10743.83543	2514.51483	-0.0215	11034.16443	-115.0919	491.76128	584.39139	772.39148	0.07	-1.08386	-0.25367	0.0	1.11315	-28.56783	1.02158	
199.0	3	19.90872	39.725	23.21807	1e-05	2286.5947	-1e-05	2286.5947	44.09759	0.0	153.86716	160.06155	0.07	-0.0	-0.20428	0.0	0.20428	-87.1558	8.65896	
200.0	1	24.35433	26.70675	22.45334	16078.97344	-3699.12913	-0.1026	16498.99825	213.47567	927.93104	-653.63222	1154.92985	0.07	1.75502	-0.40376	-1e-05	-1.80087	16.65055	0.59468	
200.0	2	24.32504	34.61879	22.45596	10879.21442	2545.68942	-0.02287	11173.08556	-126.68896	541.42068	550.01724	782.11598	0.07	-1.10224	-0.25792	0.0	1.13201	-27.15498	0.63829	
200.0	3	19.8866	39.725	23.13535	0.0	2164.12807	-1e-05	2164.12807	39.55176	0.0	146.23453	151.48888	0.07	-0.0	-0.19889	0.0	0.19889	-96.91516	8.76481	
201.0	1	24.35477	26.70869	22.48885	16079.87401	-3697.72254	-0.10156	16499.56061	216.27359	940.5023	-634.53541	1154.96928	0.07	1.7521	-0.40291	-1e-05	-1.79783	18.99359	0.51807	
201.0	2	24.32487	34.61951	22.49094	11035.72732	2581.54293	-0.02267	11333.65084	-134.50313	574.98633	529.82323	793.35555	0.07	-1.12243	-0.26257	0.0	1.15273	-27.19502	0.50816	
201.0	3	19.86645	39.725	23.08333	-0.0	2090.73147	0.0	2090.73147	34.28188	-0.0	142.27931	146.35112	0.07	0.0	-0.19677	-0.0	0.19677	-102.22032	8.94296	
202.0	1	24.35523	26.71072	22.52564	16082.76922	-3696.7138	-0.10248	16502.15619	218.12356	948.97653	-621.48152	1155.15091	0.07	1.75007	-0.40226	-1e-05	-1.7957	20.95703	0.43	
202.0	2	24.32481	34.61975	22.52757	11196.72735	2618.24647	-0.02382	11498.77897	-141.04968	603.19266	513.9562	804.91451	0.07	-1.14302	-0.26728	0.0	1.17386	-27.05745	0.38377	
202.0	3	19.84829	39.725	23.04894	-0.0	2030.89924	-1e-05	2030.89924	30.77477	0.0	138.792	142.16296	0.07	0.0	-0.19506	0.0	0.19506	-106.30011	9.07122	
203.0	1	24.35587	26.71356	22.56407	16122.27934	-3703.44538	-0.10272	16542.17032	220.84466	961.42408	-606.41826	1157.95153	0.07	1.75309	-0.4027	-1e-05	-1.79875	21.78509	0.41124	
203.0	2	24.32501	34.61892	22.56595	11370.12577	2657.20368	-0.0248	11676.49311	-147.57033	631.45538	497.54887	817.35413	0.07	-1.16536	-0.27234	0.0	1.19676	-26.78139	0.29817	
203.0	3	19.83196	39.725	23.02581	4e-05	1975.42373	-0.00012	1975.42373	28.23387	1e-05	135.36629	138.27937	0.07	-0.0	-0.19311	0.0	0.19311	-107.58394	9.06394	
204.0	1	24.35657	26.71668	22.60443	16047.24171	-3683.6528	-0.10219	16464.60641	222.04741	967.33013	-585.89706	1152.52245	0.07	1.74412	-0.40036	-1e-05	-1.78948	25.25412	0.25151	
204.0	2	24.32533	34.61758	22.60607	11474.09652	2679.64759	-0.02496	11782.84355	-151.96298	650.70121	483.51696	824.79905	0.07	-1.18073	-0.27575	0.0	1.2125	-27.56385	0.14337	
204.0	3	19.81738	39.725	23.01499	1e-05	1906.33158	0.0	1906.33158	25.23979	-0.0	131.03449	133.44319	0.07	-0.0	-0.18922	-0.0	0.18922	-117.07567	9.60485	
205.0	1	24.35713	26.71916	22.64644	15979.72349	-3666.13929	-0.10305	16394.88152	222.95781	971.82962	-568.25912	1147.64167	0.07	1.73595	-0.39827	-1e-05	-1.78105	26.58732	0.17425	
205.0	2	24.32555	34.6167	22.64773	11558.90221	2697.95018	-0.02627	11869.58953	-151.34693	648.42446	474.7901	817.79326	0.0689	-1.19345	-0.27856	0.0	1.22553	-27.83322	0.08957	
205.0	3	19.80432	39.725	23.01602	1e-05	1868.40088	-1e-05	1868.40088	22.39679	0.0	128.85606	130.78799	0.07	-0.0	-0.18792	0.0	0.18792	-120.69016	9.80963	
206.0	1	24.35751	26.72086	22.69006	15924.8693	-3652.18063	-0.10399	16338.29506	223.03728	972.5416	-558.94778	1143.68065	0.07	1.72901	-0.39653	-1e-05	-1.77389	27.68158	0.1372	
206.0	2	24.32563	34.61636	22.69128	11635.78587	2714.83954	-0.02736	11948.29973	-149.21191	639.52604	466.77057	805.68761	0.06743	-1.20471	-0.28108	0.0	1.23706	-28.58121	0.08392	
206.0	3	19.79235	39.725	23.02077	0.0	1845.51867	-0.0	1845.51867	19.24845	0.0	127.74429	129.18632	0.07	-0.0	-0.18784	0.0	0.18784	-124.82072	10.11226	
207.0	1	24.35787	26.72245	22.73511	15874.96898	-3639.43531	-0.10399	16286.80845	223.14322	973.35125	-550.06281	1140.0766	0.07	1.72227	-0.39484	-1e-05	-1.76695	29.44413	0.12974	
207.0	2	24.32565	34.61626	22.73654	11708.92498	2731.06933	-0.02791	12023.21354	-145.21609	622.59024	457.06871	785.88684	0.06536	-1.21524	-0.28345	0.0	1.24786	-30.19036	0.07818	
207.0	3	19.78125	39.725	23.02782	-0.0	1833.34017	0.0	1833.34017	16.84812	-0.0	127.22306	128.33381	0.07	0.0	-0.18862	-0.0	0.18862	-132.34234	10.705	
208.0	1	24.35832	26.72443	22.78212	15841.9637	-3630.26765	-0.10524	16252.58925	224.09465	977.93223	-536.4222	1137.68125	0.07	1.7176	-0.3936	-1e-05	-1.76212	28.65608	0.13407	
208.0	2	24.32576	34.6158	22.78338	11794.27811	2749.96184	-0.02935	12110.627	-140.46395	602.43887	442.76084	760.72326	0.06281	-1.22711	-0.28611	0.0	1.26003	-29.38782	0.07255	
208.0	3	19.77096	39.725	23.03524	0.0	1824.89683	1e-05	1824.89683	15.50881	-0.0	126.79782	127.74275	0.07	-0.0	-0.18961	-0.0	0.18961	-128.86198	10.43193	
209.0	1	24.3587	26.72613	22.8308	15820.35332	-3623.94643	-0.10138	16230.11296	224.27196	979.07502	-530.90048	1136.10788	0.07	1.71448	-0.39273	-1e-05	-1.75889	32.50104	0.12692	
209.0	2	24.32589	34.61526	22.83152	11888.9895	2771.00859	-0.02683	12207.6435	-135.75197	582.44691	434.22162	739.06793	0.06054	-1.23977	-0.28896	0.0	1.273	-33.04584	0.06826	
209.0	3	19.76118	39.725	23.04386	-0.0	1821.06554	0.0	1821.06554	12.99143	-0.0	126.811	127.47473	0.07	0.0	-0.19095	-0.0	0.19095	-145.57082	11.76419	
210.0	1	24.35897	26.72733	22.88113	15800.96345	-3618.55736	-0.10349	16210.00935	224.11843	978.66123	-528.7142	1134.70066	0.07	1.71176	-0.39201	-1e-05	-1.75607	33.65624	0.10604	
210.0	2	24.32599	34.61484	22.88182	11990.47982	2793.73705	-0.02871	12311.6438	-131.1807	563.02073	429.12608	719.96521	0.05848	-1.25291	-0.29192	0.0	1.28646	-34.00978	0.06474	
210.0	3	19.75185	39.725	23.05404	0.0	1819.40861	0.0	1819.40861	11.1028	-0.0	126.87376	127.35864	0.07	-0.0	-0.19243	-0.0	0.19243	-150.31931	12.14381	
211.0	1	24.35933	26.72889	22.93295	15788.29465	-3614.39702	-0.10631	16196.73158	225.77069	986.21941	-511.69915	1133.77121	0.07	1.70946	-0.39135	-1e-05	-1.75368	32.84796	0.12338	
211.0	2	24.32607	34.61452	22.93384	12087.14928	2815.41836	-0.03125	12410.71144	-124.46776	534.36941	417.96397	689.73674	0.05558	-1.26554	-0.29478	0.0	1.29942	-33.27299	0.0602	
211.0	3	19.74287	39.725	23.06543	-1e-05	1820.23946	0.0	1820.23946	10.16358	-0.0	127.01082	127.41683	0.07	0.0	-0.19409	-0.0	0.19409	-146.93212	11.88835	
212.0	1	24.35977	26.73085	22.98644	15783.52779	-3611.73951	-0.11826	16191.49196	225.41742	985.10504	-513.18694	1133.40451	0.07	1.70855	-0.39097	-1e-05	-1.75271	34.60535	0.13516	
212.0	2	24.32632	34.61349	22.98695	12182.10712	2836.21189	-0.04086	12507.91076	-120.27383	516.60674	428.76998	682.04986	0.05453	-1.27825	-0.2976	0.0	1.31244	-35.03153	0.05866	
212.0	3	19.73424	39.725	23.07672	-6e-05	1815.88774	2e-05	1815.88774	8.4748	-0.0	126.82959	127.11242	0.07	0.0	-0.19512	-0.0	0.19512	-154.81131	12.53651	
213.0	1	24.36013	26.73247	23.0416	15765.26549	-3606.28504	-0.10942	16172.47315	227.65634	995.23919	-489.14324	1132.07312	0.07	1.70664	-0.39039	-1e-05	-1.75072	35.43061	0.12304	
213.0	2	24.32657	34.61247	23.04172	12301.60599	2862.72859	-0.0345	12630.30977	-110.33159	474.11743	399.31066	629.61052	0.04985	-1.29368	-0.30105	0.0	1.32825	-35.70929	0.05222	
213.0	3	19.7258	39.725	23.08893	0.0	1833.77273	0.0	1833.77273	7.26975	-0.0	128.15806	128.36408	0.07	-0.0	-0.19851	-0.0	0.19851	-158.21338	12.8165	
214.0	1	24.36049	26.73406	23.0986	15763.86373	-3604.69578	-0.10977	16170.75234	227.40237	994.4789	-490.527	1131.95267	0.07	1.7063	-0.39018	-1e-05	-1.75034	36.65244	0.12174	
214.0	2	24.32676	34.61166	23.09895	12404.61846	2885.55121	-0.03505	12735.81426	-104.39558	448.78818	399.32285	609.72782	0.04788	-1.30716	-0.30407	0.0	1.34206	-36.88382	0.04968	
214.0	3	19.71749	39.725	23.10255	-0.0	1839.30486	0.0	1839.30486	5.75475	-0.0	128.62265	128.75133	0.07	0.0	-0.20053	-0.0	0.20053	-163.60104	13.26542	
215.0	1	24.36103	26.73643	23.15716	15764.5578	-3602.95543	-0.11132	16171.04111	227.64266	996.05452	-487.25433	1131.97287	0.07	1.7065	-0.39002	-1e-05	-1.7505	33.12978	0.141	
215.0	2	24.32704	34.61048	23.15715	12519.61371	2910.89878	-0.03656	12853.56212	-95.78401	411.96634	370.5916	562.3424	0.04375	-1.32217	-0.30741	0.0	1.35744	-33.51892	0.04463	
215.0	3	19.70942	39.725	23.11574	0.0	1861.88418	-0.0	1861.88418	5.62824	0.0	130.21031	130.3319	0.07	-0.0	-0.20438	0.0	0.20438	-148.349	12.05775	
216.0	1	24.36148	26.73843	23.21692	15764.20151	-3601.30077	-0.11649	16170.32518	232.24631	1016.64069	-440.17322	1131.92275	0.07	1.70684	-0.38992	-1e-05	-1.75081	38.19179	0.12815	
216.0	2	24.32739	34.60904	23.21656	12633.38575	2935.72925	-0.04086	12970.00161	-83.90831	361.08945	361.55279	517.82875	0.03993	-1.33734	-0.31077	0.0	1.37298	-38.27189	0.04019	
216.0	3	19.70095	39.725	23.13025	-0.0	1875.95416	-0.0	1875.95416	3.4898	0.0	131.27049	131.31687	0.07	0.0	-0.20737	0.0	0.20737	-170.27521	13.8359	
217.0	1	24.36187	26.74016	23.27882	15756.2707	-3598.12325	-0.1116	16161.88595	231.1672	1012.30084	-449.13349	1131.33203	0.07	1.70614	-0.38962	-1e-05	-1.75006	39.91457	0.11457	
217.0	2	24.32766	34.60791	23.27851	12747.56046	2960.86422	-0.03712	13086.90241	-77.14078	332.12259	354.09751	491.5701	0.03756	-1.35245	-0.31413	0.0	1.38845	-39.87487	0.03754	
217.0	3	19.6924	39.725	23.1464	0.0	1890.26924	0.0	1890.26924	1.83323	-0.0	132.30611	132.31881	0.07	-0.0	-0.2104	-0.0	0.2104	-177.75301	14.45593	
218.0	1	24.36242	26.74263	23.34208	15748.132	-3594.28247	-0.11395	16153.09654	231.86462	1015.91476	-438.94919	1130.71676	0.07	1.70544	-0.38924	-1e-05	-1.7493	40.66657	0.13023	
218.0	2	24.32799	34.60653	23.34157	12851.38621	2983.39092	-0.0393	13193.13264	-68.45535	294.88585	345.09019	459.0545	0.03479	-1.36645	-0.31722	0.0	1.40279	-40.65863	0.03451	
218.0	3	19.68384	39.725	23.163	0.0	1904.10811	0.0	1904.10811	0.63283	-0.0	133.28606	133.28756	0.07	-0.0	-0.21338	-0.0	0.21338	-181.26763	14.77366	
219.0	1	24.36289	26.74471	23.40671	15732.69696	-3589.11941	-0.11734	16136.8997	232.99569	1021.33693	-422.54183	1129.58298	0.07	1.70426	-0.3888	-1e-05	-1.74805	41.24272	0.11347	
219.0	2	24.32832	34.60516	23.40602	12961.76134	3007.42009	-0.04227	13306.08254	-58.72133	253.08929	328.65011	418.94305	0.03149	-1.38139	-0.32051	0.0	1.41809	-41.08048	0.03098	
219.0	3	19.67519	39.725	23.18043	0.0	1921.28463	-0.0	1921.28463	-0.86878	0.0	134.48716	134.48996	0.07	-0.0	-0.21674	0.0	0.21674	-183.57799	14.98257	
220.0	1	24.36331	26.74658	23.47323	15721.20741	-3585.01284	-0.11619	16124.78463	235.64772	1033.38869	-388.09858	1128.73493	0.07	1.70313	-0.38838	-1e-05	-1.74685	42.75673	0.10349	
220.0	2	24.32853	34.6043	23.47238	13079.76002	3033.57474	-0.04152	13426.93926	-48.51578	209.18843	337.20513	399.77604	0.02977	-1.39696	-0.324	0.0	1.43404	-42.46111	0.02918	
220.0	3	19.66641	39.725	23.19962	-0.0	1932.15594	0.0	1932.15594	-2.51257	-0.0	135.22757	135.25091	0.07	0.0	-0.21942	-0.0	0.21942	-190.10659	15.54175	
221.0	1	24.36387	26.74906	23.54118	15722.08472	-3583.23371	-0.1174	16125.24455	235.729	1034.31618	-385.66458	1128.76715	0.07	1.70348	-0.38824	-1e-05	-1.74716	43.75768	0.11946	
221.0	2	24.32888	34.60285	23.54019	13190.01583	3057.48278	-0.04269	13539.74588	-40.34088	174.03568	334.17257	378.9289	0.02799	-1.41175	-0.32725	0.0	1.44918	-43.49825	0.02733	
221.0	3	19.65791	39.725	23.21924	-0.0	1946.08409	0.0	1946.08409	-3.85481	-0.0	136.17128	136.22583	0.07	0.0	-0.22239	-0.0	0.22239	-194.75462	15.95672	
222.0	1	24.36431	26.75102	23.6104	15714.82341	-3580.03666	-0.11939	16117.45443	238.47234	1046.80268	-345.88635	1127.96377	0.06998	1.70329	-0.38803	-1e-05	-1.74693	43.74475	0.09876	
222.0	2	24.32917	34.60164	23.60936	13313.48594	3084.60768	-0.04448	13666.15207	-28.3476	122.3556	306.35257	331.09874	0.02423	-1.42828	-0.33092	0.0	1.46611	-43.30255	0.02351	
222.0	3	19.64993	39.725	23.23935	0.0	1969.93859	0.0	1969.93859	-5.36443	-0.0	137.79136	137.89574	0.07	-0.0	-0.22641	-0.0	0.22641	-194.37333	15.94929	
223.0	1	24.36481	26.7532	23.68169	15713.03643	-3577.88402	-0.11957	16115.23403	238.59265	1047.84169	-342.97973	1128.06638	0.07	1.70323	-0.38783	-1e-05	-1.74683	48.03351	0.10878	
223.0	2	24.32943	34.60056	23.68014	13428.57222	3109.8471	-0.04481	13783.96535	-18.62814	80.44213	298.46792	309.67894	0.02247	-1.44363	-0.33432	0.0	1.48184	-47.50076	0.02174	
223.0	3	19.6419	39.725	23.26116	0.0	1992.66859	0.0	1992.66859	-7.14738	-0.0	139.30356	139.4868	0.07	-0.0	-0.23031	-0.0	0.23031	-213.42018	17.54819	
224.0	1	24.36531	26.75544	23.75405	15650.31487	-3561.83139	-0.12318	16050.51396	231.42388	1016.86415	-341.74994	1097.43461	0.06837	1.69668	-0.38614	-1e-05	-1.74007	45.08407	0.08728	
224.0	2	24.32971	34.59939	23.75266	13484.57905	3121.31223	-0.0482	13841.11492	-13.83669	59.78108	279.45051	286.10806	0.02067	-1.45273	-0.33627	1e-05	1.49114	-44.52311	0.01995	
224.0	3	19.63385	39.725	23.28378	0.0	2015.36588	-1e-05	2015.36588	-8.5443	0.0	140.81671	141.07569	0.07	-0.0	-0.23422	0.0	0.23422	-200.27233	16.50235	
225.0	1	24.36563	26.75685	23.82802	15619.08496	-3553.61583	-0.12318	16018.23961	199.20251	875.55853	-306.55462	948.82038	0.05923	1.69314	-0.38522	-1e-05	-1.73641	46.38817	0.06599	
225.0	2	24.32984	34.59888	23.82628	13576.75341	3141.64184	-0.04842	13935.49951	-35.74768	154.48928	260.12423	304.64644	0.02186	-1.46554	-0.33912	1e-05	1.50426	-45.68724	0.02113	
225.0	3	19.62576	39.725	23.30759	-0.0	2031.92936	-0.0	2031.92936	-10.72221	0.0	141.83041	142.23512	0.07	0.0	-0.23741	0.0	0.23741	-205.8505	17.00182	
226.0	1	24.36602	26.75861	23.90345	15553.49091	-3537.30626	-0.12212	15950.6619	198.50548	872.83621	-292.82698	941.80418	0.05904	1.68537	-0.3833	-1e-05	-1.72841	49.29533	0.06568	
226.0	2	24.32998	34.5983	23.90152	13628.98581	3152.68523	-0.04782	13988.87695	-24.42741	105.60276	240.90371	264.16518	0.01888	-1.47357	-0.34087	1e-05	1.51248	-48.47908	0.01819	
226.0	3	19.61773	39.725	23.33239	-0.0	2054.43472	0.0	2054.43472	-12.53539	-0.0	143.26304	143.81041	0.07	0.0	-0.24128	-0.0	0.24128	-218.66649	18.1033	
227.0	1	24.36629	26.7598	23.98023	15519.70875	-3528.68835	-0.12199	15915.80979	168.31432	740.28147	-273.86264	807.06078	0.05071	1.68119	-0.38225	-1e-05	-1.7241	49.80733	0.05336	
227.0	2	24.33002	34.59811	23.97847	13713.66858	3171.52698	-0.04796	14075.62749	-43.42871	187.78886	219.78086	292.32574	0.02077	-1.48528	-0.3435	1e-05	1.52448	-48.92092	0.02005	
227.0	3	19.60963	39.725	23.35803	-0.0	2076.02248	0.0	2076.02248	-14.53022	-0.0	144.59327	145.32151	0.07	0.0	-0.24503	-0.0	0.24503	-220.85213	18.33396	
228.0	1	24.36657	26.76102	24.05884	15455.56332	-3513.14632	-0.12331	15849.81497	163.83682	720.78461	-255.48766	782.07858	0.04934	1.67333	-0.38036	-1e-05	-1.71602	51.4575	0.05156	
228.0	2	24.33001	34.59814	24.05622	13775.62995	3185.2852	-0.04956	14139.09553	-38.11507	164.84223	210.56666	270.11856	0.0191	-1.49408	-0.34547	1e-05	1.53351	-50.49732	0.0184	
228.0	3	19.60159	39.725	23.38453	2e-05	2085.85001	0.0	2085.85001	-16.40435	0.0	145.0849	146.00935	0.07	-0.0	-0.24738	-0.0	0.24738	-228.1187	18.99148	
229.0	1	24.36683	26.76217	24.1383	15401.41758	-3499.9414	-0.1251	15794.08919	150.14239	660.70712	-244.26972	720.23908	0.0456	1.66671	-0.37876	-1e-05	-1.7092	51.41868	0.04686	
229.0	2	24.33002	34.59812	24.13635	13845.94674	3200.94259	-0.05151	14211.13206	-40.37354	174.64218	187.86093	259.65678	0.01827	-1.50381	-0.34765	1e-05	1.54347	-50.42104	0.01758	
229.0	3	19.5936	39.725	23.41187	-0.0	2107.14293	0.0	2107.14293	-18.2178	-0.0	146.37062	147.49999	0.07	0.0	-0.25106	-0.0	0.25106	-227.90917	19.02832	
230.0	1	24.36701	26.763	24.21979	15356.10036	-3488.99886	-0.12539	15747.47381	129.21903	568.73865	-224.33219	624.8889	0.03968	1.66081	-0.37735	-1e-05	-1.70314	52.47738	0.03991	
230.0	2	24.32996	34.59837	24.21701	13926.32443	3219.14833	-0.05211	14293.54498	-51.13059	221.19823	166.92323	281.79134	0.01971	-1.51444	-0.35007	1e-05	1.55437	-51.40847	0.019	
230.0	3	19.58556	39.725	23.44008	0.0	2122.69787	0.0	2122.69787	-20.23428	-0.0	147.20463	148.58879	0.07	-0.0	-0.25404	-0.0	0.25404	-232.52141	19.4778	
231.0	1	24.36725	26.76405	24.30194	15290.63756	-3473.31641	-0.12723	15680.16339	131.38565	578.40874	-206.11317	627.93431	0.04005	1.6527	-0.37542	-1e-05	-1.6948	53.3392	0.04033	
231.0	2	24.32993	34.59848	24.29953	13980.68466	3231.22875	-0.05415	14349.22935	-37.98077	164.3354	150.50166	226.05179	0.01575	-1.52215	-0.3518	1e-05	1.56227	-52.21177	0.01512	
231.0	3	19.57754	39.725	23.46916	-0.0	2140.27068	-0.0	2140.27068	-21.97235	0.0	148.19899	149.81898	0.07	0.0	-0.25723	0.0	0.25723	-236.29123	19.85075	
232.0	1	24.36741	26.76475	24.38611	15254.2001	-3464.48879	-0.12804	15642.6757	101.70896	447.8335	-198.28408	500.21609	0.03198	1.64782	-0.37425	-1e-05	-1.68978	54.04217	0.0315	
232.0	2	24.32986	34.59876	24.38316	14068.82271	3251.2546	-0.05527	14439.61319	-59.39923	257.03463	141.59921	299.40842	0.02074	-1.53362	-0.35441	1e-05	1.57404	-52.8771	0.02002	
232.0	3	19.56945	39.725	23.499	0.0	2144.24387	0.0	2144.24387	-24.03993	0.0	148.15941	150.09706	0.07	-0.0	-0.25879	-0.0	0.25879	-239.38443	20.1861	
233.0	1	24.36761	26.76563	24.47114	15176.52747	-3446.17452	-0.12885	15562.87585	113.53654	500.00757	-177.57643	542.61543	0.03487	1.63836	-0.37203	-1e-05	-1.68007	54.85948	0.03458	
233.0	2	24.32978	34.5991	24.46807	14110.04626	3260.50979	-0.05643	14481.86208	-36.52024	158.04555	120.57836	202.11696	0.01396	-1.53982	-0.35582	1e-05	1.5804	-53.63285	0.01337	
233.0	3	19.56142	39.725	23.52955	-0.0	2162.29267	-0.0	2162.29267	-25.72187	-0.0	149.15892	151.36049	0.07	0.0	-0.262	0.0	0.262	-242.93838	20.55013	
234.0	1	24.36775	26.76629	24.5576	15149.00653	-3439.41632	-0.12971	15534.54163	80.16983	353.11565	-142.69503	389.20398	0.02505	1.63437	-0.37107	-1e-05	-1.67596	55.6606	0.02434	
234.0	2	24.32973	34.59932	24.55447	14199.64938	3280.8481	-0.05752	14573.74375	-58.53924	253.36186	88.20105	274.58787	0.01884	-1.55131	-0.35843	1e-05	1.59218	-54.34663	0.01814	
234.0	3	19.55323	39.725	23.56092	0.0	2189.52668	-0.0	2189.52668	-27.90734	0.0	150.70467	153.26682	0.07	-0.0	-0.26634	0.0	0.26634	-246.36088	20.91634	
235.0	1	24.3679	26.76694	24.64551	15066.85509	-3420.27456	-0.13161	15450.19095	95.87926	422.36868	-135.99852	453.96446	0.02938	1.62436	-0.36874	-1e-05	-1.66569	57.37389	0.02878	
235.0	2	24.3296	34.59986	24.64181	14236.89988	3289.34294	-0.05977	14611.95043	-32.29257	139.76971	74.80168	161.78279	0.01107	-1.55703	-0.35974	1e-05	1.59805	-55.99493	0.01058	
235.0	3	19.54496	39.725	23.59317	-0.0	2203.75506	-0.0	2203.75506	-29.69145	0.0	151.37857	154.26294	0.07	0.0	-0.26909	0.0	0.26909	-253.91042	21.63496	
236.0	1	24.36806	26.76766	24.73441	15035.95627	-3412.70781	-0.13241	15418.38369	72.30218	318.55857	-112.50548	345.4919	0.02241	1.61998	-0.36769	-1e-05	-1.66119	57.33307	0.02168	
236.0	2	24.32955	34.60003	24.73098	14306.72428	3305.06288	-0.06078	14683.52139	-45.53242	197.09856	54.64321	209.53979	0.01427	-1.56634	-0.36185	1e-05	1.60759	-55.91199	0.01368	
236.0	3	19.53654	39.725	23.62613	-0.0	2223.712	-0.0	2223.712	-31.78665	-0.0	152.37982	155.65989	0.07	0.0	-0.27254	0.0	0.27254	-253.66769	21.70184	
237.0	1	24.36818	26.76822	24.82484	14963.4894	-3395.83687	-0.13273	15343.98003	80.10883	352.99696	-93.69041	373.90129	0.02437	1.61109	-0.36562	-1e-05	-1.65206	58.12643	0.02365	
237.0	2	24.32945	34.60045	24.82068	14358.06761	3316.7404	-0.06159	14736.17564	-28.76987	124.54454	35.46221	132.65224	0.009	-1.57357	-0.3635	1e-05	1.61501	-56.65151	0.00859	
237.0	3	19.52818	39.725	23.65983	-0.0	2232.0016	0.0	2232.0016	-33.61118	-0.0	152.58199	156.24012	0.07	0.0	-0.27453	-0.0	0.27453	-257.12318	22.08532	
238.0	1	24.36832	26.76889	24.91612	14932.24105	-3388.23164	-0.12287	15311.82342	50.74465	223.63886	-72.27319	240.44287	0.0157	1.60659	-0.36455	-1e-05	-1.64743	60.51654	0.01507	
238.0	2	24.3294	34.60066	24.91241	14435.21627	3334.19846	-0.05236	14815.27415	-47.20072	204.35284	4.88804	209.7901	0.01416	-1.58353	-0.36576	1e-05	1.62522	-58.92717	0.01357	
238.0	3	19.51969	39.725	23.69431	-0.0	2257.29646	1e-05	2257.29646	-35.92045	-0.0	153.87236	158.00943	0.07	0.0	-0.2786	-0.0	0.2786	-267.60836	23.08772	
239.0	1	24.3684	26.7693	25.00881	14861.60322	-3371.90855	-0.13508	15239.3247	60.41264	266.26886	-41.20668	276.1282	0.01812	1.59777	-0.36251	-1e-05	-1.63838	59.52522	0.01743	
239.0	2	24.32923	34.60135	25.00451	14475.62562	3343.5756	-0.06464	14856.75721	-28.33424	122.66957	-13.89265	126.66357	0.00853	-1.58941	-0.36712	1e-05	1.63126	-57.91936	0.00814	
239.0	3	19.51107	39.725	23.72954	0.0	2269.10008	0.0	2269.10008	-37.68787	-0.0	154.30109	158.83703	0.07	-0.0	-0.28101	-0.0	0.28101	-263.13856	22.79412	
240.0	1	24.36854	26.77	25.10252	14830.00602	-3364.20689	-0.13097	15206.80659	38.30929	168.87493	-24.05184	174.82802	0.0115	1.59313	-0.3614	-1e-05	-1.63361	61.62426	0.01099	
240.0	2	24.32916	34.60168	25.09845	14539.02302	3357.95983	-0.06086	14921.76546	-40.03745	173.35025	-35.96155	181.51181	0.01216	-1.59781	-0.36903	1e-05	1.63987	-59.92321	0.01164	
240.0	3	19.50229	39.725	23.7656	-1e-05	2291.74416	1e-05	2291.74416	-39.94064	-0.0	155.36984	160.42145	0.07	0.0	-0.28475	-0.0	0.28475	-272.36155	23.70425	
241.0	1	24.36858	26.77022	25.19757	14760.48808	-3348.2805	-0.13575	15135.48779	50.37341	222.0652	-3.07329	227.72765	0.01505	1.5845	-0.35943	-1e-05	-1.62476	61.98547	0.01443	
241.0	2	24.32898	34.6024	25.19282	14582.06368	3367.98855	-0.066	14965.95898	-19.58755	84.80523	-57.34763	104.23219	0.00696	-1.60393	-0.37046	1e-05	1.64616	-60.23853	0.00664	
241.0	3	19.49349	39.725	23.80243	-0.0	2300.25373	0.0	2300.25373	-41.74279	-0.0	155.51271	161.01759	0.07	0.0	-0.28672	-0.0	0.28672	-273.88006	23.94263	
242.0	1	24.36873	26.77092	25.29347	14735.01674	-3341.97228	-0.1363	15109.25203	24.52491	108.13152	17.56825	112.26103	0.00743	1.58048	-0.35846	-1e-05	-1.62062	62.16841	0.00709	
242.0	2	24.32891	34.60269	25.28891	14650.05129	3383.41209	-0.06674	15035.67359	-35.19042	152.3716	-82.55941	176.83757	0.01176	-1.61274	-0.37246	1e-05	1.65519	-60.37292	0.01125	
242.0	3	19.4845	39.725	23.83997	-0.0	2324.68662	0.0	2324.68662	-43.98435	-0.0	156.67069	162.72778	0.07	0.0	-0.29068	-0.0	0.29068	-274.62246	24.12425	
243.0	1	24.36878	26.7712	25.39053	14666.7243	-3326.28351	-0.13907	15039.18095	39.45549	173.97097	43.27274	183.56242	0.01221	1.57213	-0.35654	-1e-05	-1.61205	62.77601	0.01168	
243.0	2	24.32876	34.60329	25.38563	14685.04342	3391.50311	-0.06995	15071.58895	-12.61766	54.63175	-101.19976	115.69453	0.00768	-1.61806	-0.37369	1e-05	1.66065	-60.92598	0.00732	
243.0	3	19.4755	39.725	23.87819	0.0	2330.42676	0.0	2330.42676	-45.76114	-0.0	156.57989	163.12984	0.07	-0.0	-0.29227	-0.0	0.29227	-277.23101	24.46941	
244.0	1	24.36892	26.77187	25.48865	14652.17403	-3322.47968	-0.13603	15024.14973	9.14947	40.34663	64.42253	76.56256	0.0051	1.56927	-0.35584	-1e-05	-1.60911	64.80777	0.00486	
244.0	2	24.32872	34.60347	25.4837	14755.62949	3407.45548	-0.06699	15143.95438	-33.42991	144.76218	-129.39902	197.02222	0.01301	-1.62709	-0.37574	1e-05	1.66991	-62.85561	0.01245	
244.0	3	19.46628	39.725	23.91713	0.0	2353.99878	0.0	2353.99878	-48.11552	-0.0	157.59781	164.77916	0.07	-0.0	-0.29611	-0.0	0.29611	-286.1434	25.39166	
245.0	1	24.36893	26.77196	25.58757	14579.90966	-3306.0394	-0.14166	14950.03887	26.10908	115.13964	83.56909	144.64652	0.00968	1.56046	-0.35384	-2e-05	-1.60008	63.15735	0.00924	
245.0	2	24.32854	34.60422	25.58247	14788.6997	3415.23873	-0.07317	15177.92787	-8.42342	36.47201	-148.2726	152.92457	0.01008	-1.63216	-0.37692	1e-05	1.67512	-61.21801	0.00963	
245.0	3	19.45706	39.725	23.95674	-1e-05	2362.73007	-0.0	2362.73007	-49.82679	-0.0	157.70706	165.39112	0.07	0.0	-0.29805	0.0	0.29805	-278.77003	24.85464	
246.0	1	24.36905	26.77256	25.68774	14568.7485	-3303.05205	-0.14305	14938.49342	10.83296	47.77617	108.43584	118.98843	0.00797	1.55798	-0.35323	-2e-05	-1.59752	64.41732	0.0076	
246.0	2	24.3285	34.60439	25.68229	14875.10385	3434.83927	-0.07478	15266.52663	-18.14833	78.59053	-165.80132	184.37979	0.01208	-1.6428	-0.37934	1e-05	1.68602	-62.40744	0.01155	
246.0	3	19.44768	39.725	23.99708	0.0	2366.73155	-0.0	2366.73155	-51.82554	0.0	157.35648	165.67121	0.07	-0.0	-0.29938	0.0	0.29938	-284.29249	25.49355	
247.0	1	24.36911	26.77288	25.78853	14534.22539	-3295.00177	-0.14432	14903.0448	36.93175	162.90115	102.18763	195.81382	0.01314	1.55348	-0.35218	-2e-05	-1.5929	65.04927	0.01258	
247.0	2	24.32835	34.60501	25.78305	14913.24458	3443.70093	-0.07624	15305.68325	15.69335	-67.96497	-159.92458	174.47461	0.0114	-1.64858	-0.38068	1e-05	1.69197	-63.03045	0.0109	
247.0	3	19.43836	39.725	24.03804	0.0	2378.57519	-0.0	2378.57519	-53.56828	0.0	157.64764	166.50026	0.07	-0.0	-0.30166	0.0	0.30166	-287.11261	25.87687	
248.0	1	24.36927	26.77367	25.89056	14530.75595	-3293.62907	-0.14597	14899.35773	44.64442	196.9546	149.20525	251.09051	0.01685	1.55215	-0.35182	-2e-05	-1.59153	65.55206	0.01619	
248.0	2	24.32834	34.60502	25.8847	15034.49656	3471.2033	-0.07823	15430.01423	28.91974	-125.26202	-206.98621	243.66005	0.01579	-1.66327	-0.38402	1e-05	1.70703	-63.43828	0.01516	
248.0	3	19.42881	39.725	24.07972	0.0	2391.3042	-0.0	2391.3042	-55.46596	0.0	157.93471	167.3913	0.07	-0.0	-0.30406	0.0	0.30406	-289.1979	26.20158	
249.0	1	24.36951	26.7748	25.99306	14551.8024	-3297.57166	-0.14822	14920.75507	96.68568	426.65491	174.08584	470.83799	0.03156	1.55417	-0.35219	-2e-05	-1.59357	66.13502	0.03105	
249.0	2	24.32836	34.60497	25.98721	15140.82069	3495.21676	-0.08046	15539.01513	88.92839	-385.23141	-229.71381	457.25259	0.02943	-1.67736	-0.38721	1e-05	1.72147	-63.9519	0.02882	
249.0	3	19.41921	39.725	24.12207	-0.0	2421.18807	0.0	2421.18807	-57.27546	-0.0	159.51208	169.48327	0.07	0.0	-0.30866	-0.0	0.30866	-291.71227	26.54292	
250.0	1	24.36981	26.77624	26.09674	14600.97046	-3307.65999	-0.15159	14970.93694	136.558	602.79765	195.27129	648.18513	0.0433	1.55938	-0.35326	-2e-05	-1.59889	66.42441	0.04409	
250.0	2	24.32856	34.60412	26.09054	15300.31925	3530.77167	-0.08382	15702.42394	133.01292	-576.40687	-249.82226	642.14365	0.04089	-1.69725	-0.39167	1e-05	1.74185	-64.18591	0.04129	
250.0	3	19.40934	39.725	24.16499	0.0	2434.89452	-0.0	2434.89452	-58.94423	0.0	159.92607	170.44287	0.07	-0.0	-0.31118	0.0	0.31118	-292.98015	26.79168	
251.0	1	24.37031	26.77865	26.20084	14695.44441	-3327.27407	-0.15217	15067.40984	175.19576	773.77051	216.5672	822.38416	0.05458	1.57001	-0.35547	-2e-05	-1.60975	67.23462	0.05874	
251.0	2	24.32886	34.60288	26.19455	15480.20858	3570.62593	-0.08386	15886.66822	178.51053	-773.92685	-274.12238	840.22131	0.05289	-1.72056	-0.39686	1e-05	1.76573	-64.9018	0.05633	
251.0	3	19.39914	39.725	24.20851	-0.0	2471.57196	0.0	2471.57196	-60.91025	-0.0	161.93327	173.00995	0.07	0.0	-0.3167	-0.0	0.3167	-296.54435	27.23792	
252.0	1	24.37086	26.78127	26.30592	14808.29827	-3350.88866	-0.15566	15182.69253	222.92846	985.15796	234.6872	1036.97222	0.0683	1.58332	-0.35828	-2e-05	-1.62335	67.62469	0.08699	
252.0	2	24.32929	34.60107	26.29959	15714.78576	3622.49325	-0.08701	16126.9014	228.79456	-992.5437	-290.97038	1059.31757	0.06569	-1.75051	-0.40352	1e-05	1.79642	-65.1726	0.07898	
252.0	3	19.38866	39.725	24.25271	-1e-05	2488.39665	-0.0	2488.39665	-62.38741	-0.0	162.6321	174.1878	0.07	0.0	-0.31971	0.0	0.31971	-298.19688	27.51106	
253.0	1	24.37186	26.786	26.41154	15091.85813	-3411.46123	-0.16022	15472.62904	231.69958	1024.99632	262.23815	1083.08402	0.07	1.61623	-0.36534	-2e-05	-1.657	68.04522	0.14894	
253.0	2	24.3301	34.59774	26.4048	16085.52946	3704.19129	-0.09002	16506.52268	243.25358	-1056.34163	-320.05117	1130.24895	0.06847	-1.79754	-0.41394	1e-05	1.84459	-65.29372	0.08768	
253.0	3	19.37788	39.725	24.29887	-0.0	2549.4537	0.0	2549.4537	-64.5466	-0.0	166.38011	178.46177	0.07	0.0	-0.32854	-0.0	0.32854	-299.70723	27.73959	
254.0	1	24.37297	26.79124	26.51774	15258.45308	-3445.11123	-0.16497	15642.54397	232.87355	1031.38709	284.58313	1094.97807	0.07	1.6381	-0.36986	-2e-05	-1.67933	68.83043	0.1944	
254.0	2	24.33114	34.59341	26.51105	16359.84277	3762.57855	-0.094	16786.94293	246.9329	-1073.68257	-335.45019	1151.64967	0.0686	-1.83529	-0.4221	1e-05	1.8832	-65.83261	0.08824	
254.0	3	19.36698	39.725	24.34736	-0.0	2573.08327	-0.0	2573.08327	-66.37306	0.0	167.44076	180.11604	0.07	0.0	-0.33258	0.0	0.33258	-303.03354	28.18636	
255.0	1	24.37397	26.79602	26.62479	15205.30906	-3429.46942	-0.16396	15587.26032	231.00793	1024.21044	296.89311	1091.10824	0.07	1.63529	-0.36883	-2e-05	-1.67637	69.02931	0.1	
255.0	2	24.33201	34.58982	26.61775	16413.24194	3770.76482	-0.0931	16840.81881	245.79913	-1069.91377	-350.27879	1152.31416	0.06842	-1.84744	-0.42443	1e-05	1.89557	-66.33503	0.08748	
255.0	3	19.35582	39.725	24.39531	1e-05	2551.73862	-1e-05	2551.73862	-68.50548	0.0	164.96235	178.62132	0.07	-0.0	-0.33079	0.0	0.33079	-304.92308	28.63582	
256.0	1	24.37472	26.79956	26.73196	15191.69362	-3423.71111	-0.17009	15572.71181	212.77993	944.13142	319.26076	1019.11083	0.06544	1.63595	-0.36869	-2e-05	-1.67698	68.88594	0.07837	
256.0	2	24.33268	34.587	26.72503	16453.52625	3776.73315	-0.09952	16881.41699	232.01335	-1010.7875	-371.15584	1101.48909	0.06525	-1.857	-0.42625	1e-05	1.90529	-66.22948	0.0779	
256.0	3	19.34482	39.725	24.44236	0.0	2557.78052	-0.0	2557.78052	-70.64226	0.0	164.52019	179.04531	0.07	-0.0	-0.33243	0.0	0.33243	-304.60201	28.82154	
257.0	1	24.37529	26.80228	26.84049	15182.23685	-3419.51373	-0.16592	15562.56373	180.88059	803.07239	330.90937	887.2114	0.05701	1.63629	-0.36854	-2e-05	-1.67728	70.61242	0.06239	
257.0	2	24.33312	34.58518	26.83331	16526.9494	3791.29366	-0.09488	16956.23673	200.84123	-875.51364	-384.24116	976.98649	0.05762	-1.86925	-0.42881	1e-05	1.91781	-67.94236	0.06335	
257.0	3	19.33387	39.725	24.48947	0.0	2544.43722	1e-05	2544.43722	-72.48014	-0.0	162.69546	178.11003	0.07	-0.0	-0.33145	-0.0	0.33145	-312.53523	29.82165	
258.0	1	24.37624	26.80679	26.94888	13934.63232	-3135.34894	-0.1553	14283.01057	-146.544	-651.33178	744.25351	999.81074	0.07	1.49891	-0.33726	-2e-05	-1.53639	77.11438	0.755	
258.0	2	24.33313	34.58513	26.94146	17953.11623	4115.68776	-0.10627	18418.82918	215.82718	-941.48572	-854.02826	1289.31804	0.07	-2.03964	-0.46758	1e-05	2.09255	-59.39926	0.80993	
258.0	3	19.31315	39.725	24.56115	-0.0	3660.22207	0.0	3660.22207	-86.2191	-0.0	241.2727	256.21524	0.07	0.0	-0.48143	-0.0	0.48143	-308.16151	27.36223	
259.0	1	24.37718	26.81127	27.05791	13858.38452	-3115.04576	-0.15736	14204.16599	-149.22249	-663.90574	724.96738	994.29165	0.07	1.48454	-0.33369	-2e-05	-1.52158	73.54217	0.3718	
259.0	2	24.33267	34.58706	27.05073	18020.01604	4128.82524	-0.10982	18486.97314	221.74889	-967.83214	-829.93524	1294.08815	0.07	-2.05885	-0.47173	1e-05	2.1122	-63.70381	0.43149	
259.0	3	19.28981	39.725	24.67113	-2e-05	3654.68609	2e-05	3654.68609	-91.22871	-0.0	239.00909	255.82811	0.07	0.0	-0.48725	-0.0	0.48725	-310.04929	28.55793	
260.0	1	24.37802	26.81523	27.16754	13480.6292	-3027.43115	-0.15426	13816.39254	-153.14358	-681.95602	668.47386	967.14749	0.07	1.43848	-0.32305	-2e-05	-1.47431	77.4069	0.83206	
260.0	2	24.3322	34.58898	27.16047	18322.62966	4196.76626	-0.11264	18797.11693	239.35733	-1045.02882	-762.85499	1315.7982	0.07	-2.1028	-0.48164	1e-05	2.15726	-60.9015	0.75144	
260.0	3	19.26603	39.725	24.75625	-0.0	3468.55981	1e-05	3468.55981	-87.778	-0.0	226.37675	242.79911	0.07	0.0	-0.46774	-0.0	0.46774	-312.62323	28.49866	
261.0	1	24.37859	26.81796	27.27771	13278.44359	-2980.17424	-0.14996	13608.76565	-170.49487	-759.68339	548.89273	952.6125	0.07	1.41082	-0.31664	-2e-05	-1.44592	77.06911	0.95033	
261.0	2	24.33164	34.59133	27.27048	18412.42242	4216.39733	-0.11051	18889.02607	258.7724	-1130.03985	-635.87841	1322.23091	0.07	-2.12124	-0.48576	1e-05	2.17614	-61.15397	0.87988	
261.0	3	19.25269	39.725	24.88438	0.00029	3187.42002	-0.00023	3187.42002	-81.89115	2e-05	207.54592	223.11761	0.07	-0.0	-0.43351	0.0	0.43351	-312.55532	28.6761	
262.0	1	24.37892	26.81953	27.38746	13100.87391	-2939.25872	-0.15327	13426.54606	-186.65375	-831.97434	395.36383	939.85822	0.07	1.38603	-0.31096	-2e-05	-1.42048	76.51469	1.18417	
262.0	2	24.33093	34.59427	27.38077	18454.62756	4226.34363	-0.11718	18932.38651	277.03975	-1209.72651	-464.91236	1325.26705	0.07	-2.13219	-0.4883	1e-05	2.18739	-61.85211	1.09589	
262.0	3	19.24624	39.725	25.01421	0.0	2792.40184	-0.0	2792.40184	-72.8435	0.0	181.38798	195.46809	0.07	-0.0	-0.38168	0.0	0.38168	-312.92461	28.92047	
263.0	1	24.379	26.81997	27.49853	13062.4277	-2930.32277	-0.15492	13387.07619	-196.67251	-876.7163	266.15066	937.09537	0.07	1.37692	-0.30889	-2e-05	-1.41115	75.21459	1.31192	
263.0	2	24.33029	34.59691	27.49176	18393.20262	4212.96464	-0.11933	18869.525	286.17993	-1249.42978	-318.92845	1320.86679	0.07	-2.12899	-0.48765	1e-05	2.18412	-63.59593	1.22743	
263.0	3	19.24534	39.725	25.1288	-2e-05	2425.92307	0.0	2425.92307	-64.69151	-0.0	157.00985	169.81486	0.07	0.0	-0.33198	-0.0	0.33198	-313.92243	29.37248	
264.0	1	24.37893	26.81964	27.60899	13051.49306	-2928.08354	-0.15481	13375.91658	-198.91051	-886.6257	225.86561	936.31501	0.07	1.37153	-0.3077	-2e-05	-1.40562	73.27886	1.07278	
264.0	2	24.32971	34.59933	27.60214	18379.80256	4210.97149	-0.11845	18856.01821	287.9635	-1256.89419	-281.93656	1319.92205	0.07	-2.1297	-0.48793	1e-05	2.18488	-64.45581	1.01674	
264.0	3	19.24626	39.725	25.22453	-0.00024	2334.83206	9e-05	2334.83206	-64.23754	-1e-05	150.28596	163.43907	0.07	0.0	-0.31924	-0.0	0.31924	-311.44342	29.51104	
265.0	1	24.37884	26.81927	27.71994	13086.21957	-2936.09996	-0.15796	13411.55568	-199.37278	-888.61826	227.96982	938.8089	0.07	1.3724	-0.30792	-2e-05	-1.40652	72.96386	0.7969	
265.0	2	24.32932	34.60094	27.71333	18338.38292	4202.1739	-0.12194	18813.67996	287.84383	-1256.16492	-271.24328	1316.95759	0.07	-2.12639	-0.48725	1e-05	2.1815	-66.0226	0.73348	
265.0	3	19.24605	39.725	25.30851	0.0	2316.20445	-0.0	2316.20445	-66.23057	0.0	147.99004	162.13433	0.07	-0.0	-0.31631	0.0	0.31631	-314.23994	30.16797	
266.0	1	24.37876	26.8189	27.8316	13160.37887	-2952.99494	-0.15936	13487.61473	-200.29059	-892.63182	233.40844	944.13314	0.07	1.37824	-0.30926	-2e-05	-1.41251	72.33209	0.50025	
266.0	2	24.32905	34.60205	27.82465	18263.65459	4185.6712	-0.12162	18737.15353	286.26327	-1249.08224	-279.54199	1311.60087	0.07	-2.11845	-0.48551	1e-05	2.17338	-67.15227	0.47146	
266.0	3	19.24492	39.725	25.38319	-4e-05	2290.01118	-0.0	2290.01118	-67.75329	-0.0	145.27839	160.30071	0.07	0.0	-0.31227	0.0	0.31227	-315.33233	30.6516	
267.0	1	24.37861	26.81823	27.94254	13257.17943	-2975.15203	-0.14813	13586.91783	-202.47763	-902.24475	222.52593	951.08389	0.07	1.38752	-0.31139	-2e-05	-1.42203	72.46145	0.18997	
267.0	2	24.32888	34.60274	27.93573	18168.16089	4164.3756	-0.10365	18639.31582	284.36827	-1240.63695	-286.93532	1304.75179	0.07	-2.10707	-0.48297	1e-05	2.16171	-69.26698	0.1639	
267.0	3	19.24286	39.725	25.44903	8e-05	2293.53848	-2e-05	2293.53848	-70.54988	0.0	144.21113	160.54325	0.07	-0.0	-0.31219	0.0	0.31219	-320.36398	31.59863	
268.0	1	24.37846	26.81757	28.05448	13426.83251	-3013.67278	-0.16822	13760.8886	-203.36827	-906.07897	201.10488	950.14785	0.06905	1.40563	-0.3155	-2e-05	-1.4406	71.28134	0.09032	
268.0	2	24.32887	34.60279	28.0474	18019.12416	4130.5651	-0.12665	18486.49246	262.6669	-1145.86191	-234.65947	1198.77374	0.06485	-2.08898	-0.47886	1e-05	2.14316	-68.78227	0.07694	
268.0	3	19.24045	39.725	25.50736	-0.0	2162.104	-0.0	2162.104	-68.66336	0.0	134.8757	151.34765	0.07	0.0	-0.29365	0.0	0.29365	-316.56652	31.54489	
269.0	1	24.37823	26.81651	28.16568	13595.18469	-3052.21013	-0.17072	13933.59371	-184.62679	-822.3726	109.55532	849.933	0.061	1.42427	-0.31976	-2e-05	-1.45972	70.55453	0.06908	
269.0	2	24.32893	34.60252	28.1583	17843.19032	4090.66975	-0.12537	18306.09242	241.57041	-1053.7161	-141.28599	1090.24567	0.05956	-2.06669	-0.4738	1e-05	2.12031	-68.31639	0.06654	
269.0	3	19.24149	39.725	25.56648	-0.0	1942.89251	-0.0	1942.89251	-63.61044	-0.0	120.20979	136.00251	0.07	0.0	-0.26281	0.0	0.26281	-313.81876	31.54235	
270.0	1	24.37793	26.81512	28.27717	13822.55545	-3104.22802	-0.17418	14166.83701	-179.73339	-800.32152	32.76406	820.90932	0.05795	1.45051	-0.32575	-2e-05	-1.48664	70.91315	0.06387	
270.0	2	24.32914	34.60168	28.26994	17631.48456	4042.43337	-0.12424	18088.96114	204.29568	-891.05789	-48.8304	915.48091	0.05061	-2.03953	-0.46761	1e-05	2.09245	-68.84135	0.05323	
270.0	3	19.24641	39.725	25.62748	1e-05	1711.27381	0.0	1711.27381	-57.728	0.0	104.96105	119.78875	0.07	-0.0	-0.23007	-0.0	0.23007	-315.75796	32.00074	
271.0	1	24.37761	26.81363	28.38896	14063.33094	-3159.38377	-0.17991	14413.84692	-135.93253	-605.07114	-67.58884	623.82449	0.04328	1.47906	-0.33228	-2e-05	-1.51593	70.73874	0.04407	
271.0	2	24.32945	34.60038	28.38112	17347.22161	3977.51692	-0.12506	17797.3801	201.32191	-878.02718	62.28724	902.96286	0.05074	-2.00322	-0.45932	1e-05	2.05521	-68.8689	0.05339	
271.0	3	19.25506	39.725	25.69022	0.0	1457.39879	0.0	1457.39879	-50.45486	0.0	88.66764	102.01786	0.07	-0.0	-0.19436	-0.0	0.19436	-315.36563	32.18638	
272.0	1	24.37721	26.81181	28.49998	14365.83931	-3228.67615	-0.20225	14724.1872	-117.38602	-522.2927	-171.5037	562.12335	0.03818	1.51516	-0.34053	-2e-05	-1.55296	68.72517	0.03822	
272.0	2	24.32984	34.59876	28.49236	17053.24854	3910.44466	-0.14463	17495.85275	163.65762	-713.69538	191.8775	756.94246	0.04326	-1.96511	-0.45062	2e-05	2.01612	-67.12151	0.04405	
272.0	3	19.26731	39.725	25.75484	0.00035	1163.51979	-2e-05	1163.51979	-41.55465	1e-05	70.04923	81.44743	0.07	-0.0	-0.15358	0.0	0.15358	-306.79792	31.58889	
273.0	1	24.37675	26.80965	28.6117	14684.72689	-3301.95941	-0.19163	15051.38332	-97.65324	-434.27496	-275.71115	523.591	0.03479	1.55408	-0.34945	-2e-05	-1.59289	70.45796	0.0345	
273.0	2	24.33034	34.59668	28.60364	16722.82387	3834.92314	-0.12407	17156.90747	141.97788	-619.10884	292.75094	699.3973	0.04076	-1.92206	-0.44077	1e-05	1.97195	-68.9808	0.04115	
273.0	9	19.2831	39.725	25.82095	-0.0	952.58229	-0.0	952.58229	-34.68058	-0.0	56.95249	66.6808	0.07	0.0	-0.12418	0.0	0.12418	-314.82824	32.55852	
274.0	1	24.37621	26.80713	28.72282	15017.13283	-3378.65218	-0.1977	15392.51665	-63.27447	-281.21447	-380.61876	477.44725	0.03102	1.5955	-0.35897	-2e-05	-1.63538	70.33162	0.03049	
274.0	2	24.33087	34.59447	28.71465	16362.4328	3752.71627	-0.12284	16787.25965	124.31512	-542.02014	407.5806	689.46503	0.04107	-1.87492	-0.43001	1e-05	1.9236	-69.05449	0.0415	
274.0	9	19.30199	39.725	25.88794	0.0	684.08615	-0.0	684.08615	-25.48758	0.0	40.53944	47.88594	0.07	-0.0	-0.08786	0.0	0.08786	-314.6064	32.72424	
275.0	1	24.37566	26.80458	28.83398	15462.30287	-3480.82131	-0.21054	15849.25636	-49.9894	-222.02906	-511.89838	560.21049	0.03535	1.64978	-0.37139	-2e-05	-1.69107	69.73804	0.03511	
275.0	2	24.3315	34.59184	28.82567	15933.70427	3654.78878	-0.12632	16347.4895	72.66231	-316.76531	549.99999	638.84275	0.03908	-1.81951	-0.41735	1e-05	1.86676	-68.73588	0.03923	
275.0	9	19.32425	39.725	25.9562	-0.00016	356.4947	1e-05	356.4947	-13.65582	-1e-05	20.8946	24.96129	0.07	0.0	-0.045	-0.0	0.045	-312.44619	32.78534	
276.0	1	24.37499	26.80147	28.94481	15803.75286	-3560.20445	-0.21195	16199.80432	-4.30124	-19.057	-608.19777	608.51146	0.03756	1.69455	-0.38174	-2e-05	-1.73702	69.83705	0.03754	
276.0	2	24.33233	34.5884	28.93622	15532.76823	3562.83292	-0.11979	15936.14343	76.07685	-331.64779	654.7068	737.84751	0.0463	-1.76659	-0.40521	1e-05	1.81247	-69.01933	0.04772	
276.0	9	19.35035	39.725	26.02552	0.0	160.22697	-0.0	160.22697	-6.23203	0.0	9.32512	11.21589	0.07	-0.0	-0.0198	0.0	0.0198	-313.20462	32.90959	
277.0	1	24.37433	26.79838	29.05564	16245.08011	-3662.19817	-0.21981	16652.75723	6.60977	29.36077	-676.73225	677.40112	0.04068	1.75093	-0.39472	-2e-05	-1.79487	69.61835	0.04105	
277.0	2	24.33315	34.58502	29.04675	15099.65944	3463.86895	-0.11781	15491.87217	49.66677	-216.48202	729.38114	762.44875	0.04922	-1.70992	-0.39226	1e-05	1.75433	-68.96077	0.0514	
278.0	1	24.37364	26.79514	29.1655	16762.14976	-3781.53863	-0.22894	17183.41348	15.9929	70.9329	-699.70162	703.4697	0.04094	1.81714	-0.40995	-2e-05	-1.86281	69.32937	0.04135	
278.0	2	24.33418	34.58075	29.15644	14579.00285	3344.39484	-0.11531	14957.68367	45.87059	-199.93474	752.14088	779.61138	0.05212	-1.64282	-0.37686	1e-05	1.6855	-68.74141	0.05527	
279.0	1	24.37286	26.7915	29.27572	17074.21281	-3855.11125	-0.24084	17504.01743	25.61989	113.51318	-690.93704	700.66798	0.04003	1.86205	-0.42042	-3e-05	-1.90892	69.55519	0.04031	
279.0	2	24.33522	34.57642	29.26647	14252.94115	3269.80746	-0.11892	14623.1998	48.15374	-209.8727	748.8491	779.19209	0.05328	-1.59715	-0.36641	1e-05	1.63864	-68.97069	0.05688	
280.0	1	24.37199	26.78742	29.3852	17830.27688	-4029.53409	-0.24778	18279.93213	16.87127	74.69696	-704.48103	708.63093	0.03877	1.95702	-0.44228	-3e-05	-2.00638	68.92003	0.03888	
280.0	2	24.33642	34.57139	29.37563	13518.18051	3101.20723	-0.10965	13869.34355	22.06746	-96.16539	757.36825	763.76791	0.05507	-1.50557	-0.34539	1e-05	1.54468	-68.40415	0.05945	
281.0	1	24.37121	26.78379	29.49444	18374.55459	-4155.9256	-0.25482	18838.68292	40.78251	180.35423	-699.96405	723.97551	0.03843	2.03	-0.45914	-3e-05	-2.08127	68.98221	0.0385	
281.0	2	24.33769	34.56599	29.48443	12930.94688	2966.46313	-0.10434	13266.84932	33.17933	-144.60365	754.60517	769.0514	0.05797	-1.43063	-0.3282	1e-05	1.46779	-68.50665	0.06391	
282.0	1	24.37028	26.77945	29.60289	18981.88203	-4297.49529	-0.26828	19462.27919	32.03151	141.52592	-703.17297	717.98874	0.03689	2.11166	-0.47808	-3e-05	-2.1651	68.34672	0.0368	
282.0	2	24.33913	34.5599	29.59292	12350.99029	2833.14877	-0.10273	12671.76757	9.84178	-42.87741	756.26119	757.53965	0.05978	-1.35626	-0.31111	1e-05	1.39149	-67.93855	0.06693	
283.0	1	24.36933	26.77498	29.71147	19563.57868	-4433.63543	-0.27862	20059.67931	40.63642	179.35381	-701.85673	725.54943	0.03617	2.19093	-0.49652	-3e-05	-2.24649	67.89066	0.036	
283.0	2	24.34074	34.55309	29.70092	11761.31353	2697.34807	-0.09894	12066.65582	3.80607	-16.56803	754.70534	754.89677	0.06256	-1.28074	-0.29373	1e-05	1.31399	-67.55442	0.07205	
284.0	1	24.36845	26.77085	29.81879	19559.68118	-4436.89102	-0.28299	20056.59816	38.04456	167.76131	-704.02729	724.73834	0.03613	2.20389	-0.49993	-3e-05	-2.25988	67.21625	0.03596	
284.0	2	24.3421	34.54736	29.80795	11773.37902	2699.69829	-0.10144	12078.94136	-1.25699	5.51016	756.43271	756.45383	0.06263	-1.2735	-0.29202	1e-05	1.30655	-66.9145	0.07218	
285.0	1	24.36792	26.76843	29.92568	19576.92468	-4443.24882	-0.28416	20074.82105	28.57519	125.94769	-712.71787	724.3246	0.03608	2.21488	-0.5027	-3e-05	-2.27121	67.13821	0.03591	
285.0	2	24.34316	34.54285	29.91464	11778.40591	2700.30782	-0.10175	12083.97734	-14.13297	61.67511	766.53787	769.1449	0.06365	-1.26733	-0.29055	1e-05	1.30021	-66.86817	0.07428	
286.0	1	24.36739	26.76595	30.03193	19591.0285	-4448.95855	-0.28656	20089.83898	38.53541	169.73685	-711.24591	732.23378	0.03645	2.2233	-0.50489	-3e-05	-2.27991	66.79472	0.03631	
286.0	2	24.34395	34.53953	30.02077	11746.69285	2692.66859	-0.10245	12051.35914	-7.80402	34.07392	764.83986	765.63826	0.06353	-1.25881	-0.28855	1e-05	1.29146	-66.54045	0.07403	
287.0	1	24.36708	26.7645	30.1376	19679.57711	-4470.5306	-0.29079	20180.96626	15.94144	70.22	-687.2075	690.9697	0.03424	2.23819	-0.50844	-3e-05	-2.29521	66.63321	0.03391	
287.0	2	24.34458	34.53687	30.12569	11701.6951	2681.96322	-0.1036	12005.10703	-25.0022	109.11597	742.47588	750.86739	0.06255	-1.2502	-0.28654	1e-05	1.28261	-66.32404	0.07202	
287.0	9	19.79102	39.725	26.75189	0.0	61.18201	0.0	61.18201	-2.65053	0.0	3.3641	4.28281	0.07	-0.0	-0.00463	-0.0	0.00463	-298.83085	30.45147	
288.0	1	24.36673	26.76289	30.24219	19752.10824	-4488.66185	-0.299	20255.71191	20.32827	89.49675	-650.43181	656.87476	0.03243	2.2507	-0.51147	-3e-05	-2.30809	63.91392	0.03197	
288.0	2	24.34505	34.53484	30.23061	11606.45012	2659.98725	-0.10653	11907.35977	-12.532	54.70905	688.07152	690.35683	0.05798	-1.23652	-0.28339	1e-05	1.26858	-63.54402	0.06392	
288.0	9	19.79676	39.725	26.79159	-0.0	138.27881	0.0	138.27881	-6.03448	-0.0	7.56971	9.68068	0.07	0.0	-0.01021	-0.0	0.01021	-286.42829	29.27595	
289.0	1	24.36645	26.76158	30.34654	19839.65264	-4509.89	-0.29835	20345.78395	7.73999	34.09108	-631.00166	631.96931	0.03106	2.26427	-0.51471	-3e-05	-2.32204	65.43413	0.03053	
289.0	2	24.34549	34.533	30.33418	11555.55095	2648.1115	-0.10468	11855.09394	-24.21458	105.69215	686.18705	694.70126	0.0586	-1.22831	-0.28148	1e-05	1.26015	-65.02135	0.06494	
289.0	9	19.79956	39.725	26.82948	0.0	176.84498	-0.0	176.84498	-7.77759	0.0	9.63109	12.37937	0.07	-0.0	-0.01279	0.0	0.01279	-293.13455	30.09507	
290.0	1	24.36619	26.76038	30.44937	19908.17455	-4526.69764	-0.30027	20416.32694	16.87153	74.24008	-603.04352	607.83035	0.02977	2.27549	-0.5174	-3e-05	-2.33357	65.1712	0.02918	
290.0	2	24.34588	34.53133	30.43722	11462.88728	2626.6824	-0.10402	11759.98492	-10.11941	44.18695	648.52692	650.10927	0.05528	-1.21589	-0.27862	1e-05	1.24741	-64.67779	0.05976	
290.0	9	19.80053	39.725	26.86617	-0.0	239.19442	0.0	239.19442	-10.5803	-0.0	12.97695	16.74348	0.07	0.0	-0.01698	-0.0	0.01698	-291.74445	30.05178	
291.0	1	24.36596	26.75935	30.55233	19972.95063	-4542.48778	-0.30531	20482.99178	8.10574	35.68051	-598.46418	599.58167	0.02927	2.28544	-0.51978	-3e-05	-2.3438	62.0073	0.02866	
291.0	2	24.34624	34.52983	30.53971	11409.58865	2614.29457	-0.10562	11705.26588	-21.18592	92.48732	628.73158	635.85073	0.05432	-1.20781	-0.27675	1e-05	1.23911	-61.57365	0.05836	
291.0	9	19.79951	39.725	26.90152	0.0	259.44784	-0.0	259.44784	-11.59522	0.0	13.97842	18.16165	0.07	-0.0	-0.01811	0.0	0.01811	-277.63955	28.81122	
292.0	1	24.36572	26.75825	30.65358	20056.7974	-4562.67758	-0.311	20569.2282	6.82241	30.02892	-567.90725	568.74153	0.02765	2.29768	-0.52269	-4e-05	-2.35638	62.91979	0.02699	
292.0	2	24.34659	34.52833	30.64061	11328.46455	2595.45177	-0.1071	11621.98258	-20.47742	89.40375	610.37321	617.2259	0.05311	-1.19718	-0.27429	1e-05	1.2282	-62.40974	0.05663	
292.0	9	19.79703	39.725	26.93567	0.0	308.24687	0.0	308.24687	-13.85726	0.0	16.54046	21.57801	0.07	-0.0	-0.02118	-0.0	0.02118	-281.54838	29.3468	
293.0	1	24.36552	26.75731	30.75439	20104.82582	-4574.59003	-0.31075	20618.70256	17.74963	78.0464	-569.89009	575.48327	0.02791	2.3053	-0.52454	-4e-05	-2.36423	63.268	0.02726	
293.0	2	24.34687	34.52716	30.74142	11269.58043	2581.85914	-0.10571	11561.55005	-16.5143	72.10856	614.5833	619.01939	0.05354	-1.18898	-0.2724	1e-05	1.21979	-62.76938	0.05724	
293.0	9	19.79331	39.725	26.96882	-0.0	304.52747	-0.0	304.52747	-13.81149	0.0	16.23748	21.31696	0.07	0.0	-0.02063	0.0	0.02063	-283.11495	29.72449	
294.0	1	24.36528	26.75624	30.8541	20197.07558	-4596.67142	-0.31176	20713.55233	10.11814	44.49526	-555.87741	557.74716	0.02693	2.3182	-0.5276	-4e-05	-2.37748	62.68593	0.02625	
294.0	2	24.34715	34.52598	30.84048	11203.02754	2566.44153	-0.10457	11493.23489	-25.23543	110.18178	591.76939	602.46815	0.05242	-1.18023	-0.27037	1e-05	1.21081	-62.15578	0.05568	
294.0	9	19.78859	39.725	27.00111	-0.0	336.70908	0.0	336.70908	-15.38039	-0.0	17.8591	23.56912	0.07	0.0	-0.02251	-0.0	0.02251	-280.40647	29.62348	
295.0	1	24.36512	26.75551	30.95287	20234.68782	-4606.00245	-0.31698	20752.29746	26.96453	118.49676	-559.91258	572.9491	0.02761	2.32435	-0.52909	-4e-05	-2.3838	62.15919	0.02695	
295.0	2	24.3474	34.5249	30.93942	11139.47196	2551.7728	-0.1063	11428.00858	-17.53699	76.58088	604.20725	609.29351	0.05332	-1.1718	-0.26843	1e-05	1.20215	-61.67911	0.05693	
295.0	9	19.78331	39.725	27.03271	-0.0	322.7937	0.0	322.7937	-14.87711	-0.0	17.00677	22.59554	0.07	0.0	-0.0213	-0.0	0.0213	-278.13636	29.62275	
296.0	1	24.3649	26.75447	31.05081	20325.95855	-4627.85692	-0.32136	20846.14235	15.54673	68.32051	-545.51824	549.99959	0.02638	2.33695	-0.53208	-4e-05	-2.39675	61.35581	0.02569	
296.0	2	24.34764	34.52388	31.0365	11076.90465	2537.3119	-0.10703	11363.79199	-32.03955	139.89699	591.3365	608.50354	0.05355	-1.16364	-0.26655	1e-05	1.19378	-60.87062	0.05725	
296.0	9	19.77714	39.725	27.06347	-0.0	346.62578	-0.0	346.62578	-16.09306	-0.0	18.15908	24.26394	0.07	0.0	-0.02261	0.0	0.02261	-274.49246	29.44169	
297.0	1	24.36476	26.75387	31.1475	20361.83329	-4636.66686	-0.322	20883.07771	36.1176	158.64827	-554.56577	577.94199	0.02768	2.34269	-0.53346	-4e-05	-2.40266	62.06136	0.02701	
297.0	2	24.34784	34.52303	31.13354	11007.41856	2521.38402	-0.10615	11292.50374	-21.87856	95.53891	601.21064	609.14743	0.05394	-1.15471	-0.2645	1e-05	1.18462	-61.58917	0.05782	
297.0	9	19.77092	39.725	27.09393	-0.0	325.12587	0.0	325.12587	-15.2205	-0.0	16.91999	22.7585	0.07	0.0	-0.02095	-0.0	0.02095	-277.67306	30.02493	
298.0	1	24.36453	26.75282	31.24337	20448.91614	-4657.59083	-0.32645	20972.63273	24.37044	107.03598	-553.34231	564.12617	0.0269	2.35463	-0.53631	-4e-05	-2.41494	59.47939	0.02622	
298.0	2	24.34805	34.52215	31.22866	10946.53203	2507.35811	-0.10694	11230.02262	-39.16931	171.02915	591.58204	617.05309	0.05495	-1.14677	-0.26267	1e-05	1.17647	-59.06849	0.05927	
298.0	9	19.76398	39.725	27.12359	0.0	337.27718	-0.0	337.27718	-15.91431	0.0	17.43942	23.60929	0.07	-0.0	-0.02148	0.0	0.02148	-266.18879	29.02034	
299.0	1	24.36439	26.75215	31.33781	20494.37051	-4668.65196	-0.33359	21019.40851	44.2444	194.26326	-559.1563	593.59208	0.02824	2.36139	-0.53793	-4e-05	-2.42189	59.01338	0.0276	
299.0	2	24.34827	34.52123	31.32326	10870.23203	2489.81718	-0.10937	11151.73233	-29.06911	126.93896	610.63453	624.36611	0.05599	-1.13721	-0.26048	1e-05	1.16666	-58.66041	0.06082	
299.0	9	19.75715	39.725	27.15284	-0.0	323.74438	0.0	323.74438	-15.38992	-0.0	16.6361	22.66295	0.07	0.0	-0.02038	-0.0	0.02038	-264.21035	29.03692	
300.0	1	24.36415	26.75107	31.43158	20577.91527	-4688.81106	-0.3295	21105.34401	33.20734	145.77705	-556.24261	575.98569	0.02729	2.37286	-0.54067	-4e-05	-2.43368	59.6242	0.02662	
300.0	2	24.34844	34.52049	31.4164	10811.28469	2476.31614	-0.10561	11091.25864	-46.64786	203.68402	594.0322	629.7122	0.05678	-1.1295	-0.25871	1e-05	1.15875	-59.23737	0.06203	
300.0	9	19.74949	39.725	27.18118	-0.0	330.75614	0.0	330.75614	-15.83132	-0.0	16.89345	23.15209	0.07	0.0	-0.02059	-0.0	0.02059	-266.84679	29.54957	
301.0	1	24.36401	26.75044	31.52388	20627.21427	-4700.71156	-0.33523	21156.05488	52.06522	228.5079	-564.46372	611.18405	0.02889	2.38007	-0.54239	-4e-05	-2.44109	58.4941	0.02827	
301.0	2	24.34865	34.51958	31.50876	10736.81015	2459.20575	-0.10728	11014.84385	-39.0159	170.36886	613.24735	637.6677	0.05789	-1.12016	-0.25657	1e-05	1.14916	-58.18822	0.06379	
301.0	9	19.74229	39.725	27.20936	0.0	309.98552	-0.0	309.98552	-14.94926	0.0	15.72752	21.69874	0.07	-0.0	-0.01906	0.0	0.01906	-261.93937	29.25746	
302.0	1	24.36378	26.74934	31.61514	20709.08291	-4720.53379	-0.33911	21240.28141	45.96133	201.67381	-563.08533	599.87487	0.02824	2.39142	-0.54511	-4e-05	-2.45276	57.3496	0.0276	
302.0	2	24.34886	34.51871	31.5996	10675.77662	2445.16916	-0.1077	10952.21706	-52.67435	230.00671	609.88195	653.93705	0.05971	-1.11222	-0.25474	1e-05	1.14102	-57.08559	0.0668	
302.0	9	19.73456	39.725	27.2368	-0.0	312.64143	-0.0	312.64143	-15.18003	-0.0	15.7642	21.88477	0.07	0.0	-0.01901	0.0	0.01901	-256.86759	28.92483	
303.0	1	24.3636	26.74855	31.70513	20752.03015	-4731.17062	-0.34263	21284.51857	62.54767	274.39033	-572.99566	638.37786	0.02999	2.3978	-0.54666	-4e-05	-2.45933	56.39238	0.02941	
303.0	2	24.34911	34.51766	31.68941	10596.14414	2426.80993	-0.10813	10870.49571	-46.98026	205.15685	620.6113	655.32806	0.06029	-1.1022	-0.25244	1e-05	1.13074	-56.1929	0.06781	
303.0	9	19.72734	39.725	27.26415	-0.0	295.16631	-0.0	295.16631	-14.42917	-0.0	14.78861	20.66166	0.07	0.0	-0.01772	0.0	0.01772	-252.69971	28.6914	
304.0	1	24.36334	26.74732	31.79387	20848.28231	-4754.4276	-0.34629	21383.53239	57.7237	253.16104	-565.71414	622.45885	0.02911	2.41074	-0.54977	-4e-05	-2.47263	55.69344	0.02849	
304.0	2	24.34931	34.51681	31.77795	10526.00737	2410.71086	-0.10815	10798.535	-58.13284	253.85585	613.29209	666.29528	0.0617	-1.09334	-0.2504	1e-05	1.12164	-55.51062	0.07039	
304.0	9	19.71943	39.725	27.29062	-0.0	307.36561	0.0	307.36561	-15.10739	-0.0	15.31951	21.51559	0.07	0.0	-0.01824	-0.0	0.01824	-249.56861	28.53719	
305.0	1	24.36319	26.74665	31.88151	20894.87691	-4765.77363	-0.35018	21431.48337	78.7691	345.39482	-579.30035	679.03686	0.03168	2.41768	-0.55143	-4e-05	-2.47977	55.18842	0.03119	
305.0	2	24.34955	34.51577	31.86524	10449.28823	2393.0213	-0.10871	10719.80295	-49.59024	216.56779	631.62552	669.56075	0.06246	-1.08372	-0.24819	1e-05	1.11177	-55.0775	0.07185	
305.0	9	19.71185	39.725	27.31685	0.0	281.98015	0.0	281.98015	-13.9505	-0.0	13.96441	19.73882	0.07	-0.0	-0.01653	-0.0	0.01653	-247.45136	28.53497	
306.0	1	24.36293	26.74547	31.96786	20979.36706	-4786.31357	-0.35342	21518.42559	68.40843	299.89001	-571.90189	649.37317	0.03018	2.42936	-0.55424	-4e-05	-2.49178	53.92242	0.02961	
306.0	2	24.34975	34.51494	31.95144	10371.80631	2375.25847	-0.10856	10640.31104	-66.22183	289.19283	623.65701	690.62717	0.06491	-1.07415	-0.24599	1e-05	1.10196	-53.86071	0.07708	
306.0	9	19.70386	39.725	27.34237	-0.0	294.95945	-0.0	294.95945	-14.67019	-0.0	14.52923	20.64734	0.07	0.0	-0.01708	0.0	0.01708	-241.85013	28.09583	
307.0	1	24.36275	26.74464	32.05299	21011.4615	-4794.51464	-0.35417	21551.5402	79.43452	348.15719	-591.02465	690.53125	0.03204	2.43435	-0.55548	-4e-05	-2.49692	53.59089	0.03156	
307.0	2	24.34995	34.51409	32.03616	10295.94068	2357.8845	-0.10767	10562.48143	-68.20029	297.83263	639.02602	708.31477	0.06706	-1.0644	-0.24376	1e-05	1.09195	-53.63219	0.08276	
307.0	9	19.69607	39.725	27.36749	-0.0	266.10789	0.0	266.10789	-13.3251	-0.0	13.01619	18.62738	0.07	0.0	-0.01522	-0.0	0.01522	-240.57253	28.20695	
308.0	1	24.36245	26.74324	32.13684	21052.35446	-4805.35195	-0.35786	21593.81939	67.67306	296.51979	-572.13541	647.95259	0.03001	2.44071	-0.55711	-4e-05	-2.50349	52.21787	0.02943	
308.0	2	24.3501	34.51346	32.11979	10183.94532	2332.34794	-0.10773	10447.61165	-83.99437	366.78108	621.87171	726.84788	0.06957	-1.05118	-0.24074	1e-05	1.07839	-52.35279	0.09354	
308.0	9	19.68787	39.725	27.39177	-0.0	290.78331	0.0	290.78331	-14.62392	-0.0	14.15843	20.35486	0.07	0.0	-0.01643	-0.0	0.01643	-234.58119	27.69619	
309.0	1	24.36216	26.74188	32.2191	21025.03391	-4800.55808	-0.35909	21566.11715	79.24542	347.11457	-573.86672	675.34537	0.03132	2.43818	-0.5567	-4e-05	-2.50092	51.11902	0.0308	
309.0	2	24.35015	34.51326	32.20186	10057.15083	2303.6729	-0.10698	10317.6156	-81.36541	355.24615	623.53866	722.23308	0.07	-1.0358	-0.23726	1e-05	1.06262	-51.98955	0.14934	
309.0	9	19.67826	39.725	27.41322	-0.0	283.14426	-0.0	283.14426	-14.3294	0.0	13.69318	19.82007	0.07	0.0	-0.01582	0.0	0.01582	-231.2511	27.66759	
310.0	1	24.36174	26.73994	32.30038	21002.53355	-4797.49646	-0.36067	21543.4999	80.02261	350.36552	-554.23899	660.56073	0.03066	2.43624	-0.5565	-4e-05	-2.49899	50.20486	0.03011	
310.0	2	24.3501	34.51344	32.28259	9911.18216	2270.82321	-0.10606	10167.99733	-84.31851	368.04278	603.35474	711.75982	0.07	-1.0185	-0.23336	1e-05	1.04489	-51.2265	0.16388	
310.0	9	19.66789	39.725	27.43237	-0.0	306.01261	0.0	306.01261	-15.54663	-0.0	14.73622	21.42088	0.07	0.0	-0.01692	-0.0	0.01692	-227.41487	27.41248	
311.0	1	24.36127	26.73775	32.37982	20944.52326	-4786.56181	-0.36172	21484.51136	83.5214	365.50466	-538.40336	656.0851	0.03054	2.42916	-0.55515	-4e-05	-2.49179	48.97173	0.02998	
311.0	2	24.34987	34.51441	32.36236	9754.64166	2235.96322	-0.10505	10007.62536	-85.43085	372.7293	586.95996	700.53377	0.07	-0.99958	-0.22912	1e-05	1.0255	-50.70904	0.22389	
311.0	9	19.65541	39.725	27.44794	0.0	321.25729	-0.0	321.25729	-16.4087	0.0	15.37743	22.48801	0.07	-0.0	-0.01762	0.0	0.01762	-223.3909	27.28423	
312.0	1	24.36068	26.73514	32.45849	20835.28527	-4764.34128	-0.3615	21373.06857	79.6377	348.30788	-507.5268	620.68027	0.02904	2.41549	-0.55234	-4e-05	-2.47784	48.07636	0.02842	
312.0	2	24.34953	34.51585	32.44001	9562.53519	2193.18696	-0.1034	9810.81792	-90.2022	393.31765	555.69804	686.75725	0.07	-0.97674	-0.22402	1e-05	1.0021	-50.17416	0.26294	
312.0	9	19.64153	39.725	27.46018	-0.0	354.25141	-0.0	354.25141	-18.17234	0.0	16.87266	24.79759	0.07	0.0	-0.0193	0.0	0.0193	-220.06541	27.15472	
313.0	1	24.35991	26.73171	32.5354	20725.95188	-4742.91041	-0.36149	21261.70926	72.32299	316.07863	-469.48262	570.57011	0.02684	2.40076	-0.54939	-4e-05	-2.46282	46.9493	0.02615	
313.0	2	24.34882	34.51885	32.51745	9366.57276	2150.2725	-0.10148	9610.22149	-96.57807	420.71777	515.96064	672.7155	0.07	-0.95312	-0.21881	1e-05	0.97791	-49.38425	0.30815	
313.0	9	19.62494	39.725	27.46934	-0.0	396.7982	0.0	396.7982	-20.44883	-0.0	18.79748	27.77589	0.07	0.0	-0.02155	-0.0	0.02155	-215.59784	26.90115	
314.0	1	24.35911	26.72817	32.61117	20656.7756	-4730.74595	-0.36184	21191.56284	88.186	385.10035	-479.69758	621.44092	0.02932	2.38993	-0.54733	-4e-05	-2.4518	46.02104	0.02872	
314.0	2	24.34804	34.52215	32.59243	9242.47439	2123.95508	-0.10041	9483.38115	-90.54513	394.0356	526.51368	663.83668	0.07	-0.93657	-0.21523	1e-05	0.96098	-48.61313	0.30815	
314.0	9	19.60743	39.725	27.47642	0.0	379.74607	-0.0	379.74607	-19.66137	0.0	17.8898	26.58222	0.07	-0.0	-0.02058	0.0	0.02058	-211.61375	26.67365	
315.0	1	24.35835	26.72483	32.68555	20718.87585	-4748.44815	-0.36449	21256.048	100.67327	439.30407	-481.58817	659.58346	0.03103	2.39548	-0.54901	-4e-05	-2.45759	45.86647	0.0305	
315.0	2	24.3475	34.52445	32.66653	9163.89533	2107.51431	-0.09985	9403.1162	-88.31697	384.0449	527.21983	658.21815	0.07	-0.92518	-0.21277	1e-05	0.94933	-47.93661	0.25869	
315.0	9	19.59118	39.725	27.48528	0.0	367.7427	-0.0	367.7427	-19.10007	0.0	17.25794	25.74197	0.07	-0.0	-0.01987	0.0	0.01987	-209.60577	26.51984	
316.0	1	24.35779	26.72232	32.75804	20765.75795	-4761.80815	-0.36695	21304.73	123.7813	539.83607	-499.47648	745.80262	0.03501	2.39958	-0.55025	-4e-05	-2.46186	44.66726	0.03474	
316.0	2	24.34703	34.52644	32.73908	9094.39744	2092.96951	-0.09945	9332.12657	-78.56403	341.4036	551.3668	653.24886	0.07	-0.91523	-0.21063	1e-05	0.93915	-46.90782	0.2555	
316.0	9	19.57608	39.725	27.49538	0.0	337.98066	0.0	337.98066	-17.6298	-0.0	15.77722	23.65862	0.07	-0.0	-0.01818	-0.0	0.01818	-204.50712	26.12516	
317.0	1	24.35728	26.72008	32.82947	20818.48575	-4776.26478	-0.36963	21359.35519	139.39247	607.6147	-510.0115	805.4425	0.03771	2.40543	-0.55186	-4e-05	-2.46793	43.62157	0.0377	
317.0	2	24.34679	34.52744	32.80972	9018.49939	2076.46996	-0.09909	9254.46156	-73.58999	319.64181	558.63619	647.81229	0.07	-0.90477	-0.20832	1e-05	0.92844	-45.5777	0.2234	
317.0	9	19.5625	39.725	27.5062	-0.0	323.84962	-0.0	323.84962	-16.94772	0.0	15.05585	22.66945	0.07	0.0	-0.0173	0.0	0.0173	-199.11042	25.56675	
318.0	1	24.35683	26.71809	32.89905	20896.21829	-4796.19288	-0.37274	21439.57567	147.20205	641.37415	-504.29508	829.06138	0.03867	2.41445	-0.55417	-4e-05	-2.47723	42.29833	0.03877	
318.0	2	24.34668	34.52788	32.87944	8937.67979	2058.50348	-0.09864	9171.67142	-73.04935	317.19467	553.38699	642.017	0.07	-0.89411	-0.20593	1e-05	0.91752	-44.23181	0.21978	
318.0	9	19.54943	39.725	27.51793	-0.0	330.97077	-0.0	330.97077	-17.37102	-0.0	15.32979	23.16797	0.07	0.0	-0.01756	0.0	0.01756	-193.08374	24.95771	
319.0	1	24.35644	26.71637	32.96726	20928.0878	-4805.33001	-0.37482	21472.68161	171.63932	747.56132	-523.07572	928.39442	0.04324	2.41819	-0.55524	-4e-05	-2.48111	41.55115	0.04402	
319.0	2	24.34656	34.52841	32.94732	8859.25326	2041.15638	-0.09813	9091.35236	-61.41625	266.59326	574.5905	636.39467	0.07	-0.88393	-0.20366	1e-05	0.90709	-44.01704	0.24811	
319.0	9	19.53648	39.725	27.52844	0.0	302.98807	-0.0	302.98807	-15.96488	0.0	13.96249	21.20916	0.07	-0.0	-0.01596	0.0	0.01596	-190.87117	24.95703	
320.0	1	24.35602	26.71451	33.03408	20921.20423	-4805.72662	-0.37635	21466.06147	168.92715	735.44512	-501.40257	905.99141	0.04221	2.41815	-0.55546	-4e-05	-2.48112	40.4281	0.04281	
320.0	2	24.34658	34.52834	33.01378	8732.34163	2012.33012	-0.09719	8961.20878	-67.11466	291.26519	551.49451	627.28461	0.07	-0.86883	-0.20022	1e-05	0.8916	-42.76345	0.24334	
320.0	9	19.52393	39.725	27.53862	-0.0	327.41137	0.0	327.41137	-17.29379	-0.0	15.03984	22.91881	0.07	0.0	-0.0171	-0.0	0.0171	-185.51535	24.38574	
321.0	1	24.35546	26.71201	33.09887	20802.76701	-4781.13658	-0.37506	21345.1255	156.20384	679.68037	-460.07453	835.48406	0.03914	2.40344	-0.55239	-4e-05	-2.46611	39.62758	0.0393	
321.0	2	24.34619	34.52995	33.07856	8544.88684	1970.29466	-0.09516	8769.10213	-77.68494	336.93298	507.18563	613.83715	0.07	-0.84738	-0.19539	1e-05	0.86961	-42.38867	0.29628	
321.0	9	19.50812	39.725	27.545	-0.0	371.80438	0.0	371.80438	-19.70244	-0.0	17.00518	26.02618	0.07	0.0	-0.01937	-0.0	0.01937	-182.79581	24.29165	
322.0	1	24.3548	26.70911	33.1626	20673.35703	-4754.42986	-0.3747	21213.02181	158.84088	690.71162	-442.02119	835.28181	0.03938	2.38653	-0.54885	-4e-05	-2.44882	38.20362	0.03957	
322.0	2	24.34565	34.53225	33.14188	8377.51308	1933.19991	-0.0938	8597.67337	-78.50493	340.22454	490.19604	601.83712	0.07	-0.82761	-0.19098	1e-05	0.84936	-41.43669	0.339	
322.0	9	19.49115	39.725	27.54888	-0.0	382.75605	0.0	382.75605	-20.36429	-0.0	17.41135	26.79289	0.07	0.0	-0.0199	-0.0	0.0199	-177.38131	23.87648	
323.0	1	24.35389	26.70505	33.22483	20415.84185	-4699.37755	-0.37289	20949.71952	138.65716	602.40858	-382.71837	727.04556	0.0347	2.35377	-0.5418	-4e-05	-2.41532	36.57237	0.03441	
323.0	2	24.34481	34.53579	33.20378	8126.52285	1877.27408	-0.09184	8340.53545	-91.05637	394.19408	420.93463	583.83748	0.07	-0.79895	-0.18456	1e-05	0.81999	-39.69261	0.37191	
323.0	9	19.472	39.725	27.55067	0.0	444.9765	-0.0	444.9765	-23.76655	0.0	20.1343	31.14866	0.07	-0.0	-0.02318	0.0	0.02318	-169.70635	23.05557	
324.0	1	24.35298	26.70101	33.2849	20445.37898	-4710.3248	-0.368	20980.95997	156.11448	677.65251	-390.67458	797.62853	0.03802	2.35357	-0.54223	-4e-05	-2.41522	37.13567	0.03804	
324.0	2	24.34385	34.53987	33.2635	8051.19697	1862.05466	-0.08859	8263.71709	-84.61092	365.86367	440.00109	578.46019	0.07	-0.78779	-0.1822	1e-05	0.80859	-40.20575	0.34839	
324.0	9	19.45245	39.725	27.5523	-0.0	425.29768	0.0	425.29768	-22.75489	-0.0	19.19492	29.76962	0.07	0.0	-0.02223	-0.0	0.02223	-171.93397	23.48442	
325.0	1	24.35222	26.69767	33.344	20458.37691	-4716.76993	-0.37619	20995.07334	179.13937	777.02693	-415.84543	899.32707	0.04284	2.35241	-0.54236	-4e-05	-2.41412	35.42726	0.04355	
325.0	2	24.34318	34.5427	33.32233	7988.65164	1849.23382	-0.09086	8199.89151	-75.45612	325.99178	466.37219	573.9924	0.07	-0.77825	-0.18015	1e-05	0.79883	-38.70039	0.3378	
325.0	9	19.43506	39.725	27.55498	0.0	386.61122	-0.0	386.61122	-20.74974	0.0	17.3741	27.06309	0.07	-0.0	-0.02021	0.0	0.02021	-164.66287	22.71915	
326.0	1	24.35153	26.6946	33.40146	20482.69123	-4725.55517	-0.37648	21020.74004	189.64661	822.04745	-418.60191	941.7831	0.0448	2.35377	-0.54304	-4e-05	-2.4156	34.56541	0.04589	
326.0	2	24.34272	34.54462	33.37965	7907.77949	1831.73723	-0.08972	8117.15699	-72.77664	314.20642	467.79294	568.20098	0.07	-0.76729	-0.17773	1e-05	0.78761	-37.42816	0.29581	
326.0	9	19.4192	39.725	27.55871	-0.0	382.42344	-0.0	382.42344	-20.55253	0.0	17.15243	26.76961	0.07	0.0	-0.01995	0.0	0.01995	-159.82049	22.10121	
327.0	1	24.35094	26.69197	33.45704	20521.52347	-4737.23528	-0.37844	21061.20423	197.00523	853.45246	-416.55732	969.90317	0.04605	2.3572	-0.54414	-4e-05	-2.41919	33.65159	0.04741	
327.0	2	24.34248	34.54565	33.43474	7831.00515	1814.73241	-0.08933	8038.5257	-72.30953	312.05574	462.62321	562.6968	0.07	-0.75724	-0.17548	1e-05	0.77731	-36.32522	0.27795	
327.0	9	19.40397	39.725	27.56323	-0.0	384.03804	0.0	384.03804	-20.67704	-0.0	17.17956	26.88265	0.07	0.0	-0.02	-0.0	0.02	-155.26939	21.57111	
328.0	1	24.35043	26.68975	33.51121	20522.06703	-4739.67971	-0.37692	21062.28381	214.66495	929.49956	-429.15272	1046.05092	0.04966	2.35613	-0.54416	-4e-05	-2.41816	32.71081	0.05198	
328.0	2	24.34235	34.5462	33.48855	7751.83165	1796.95872	-0.08781	7957.38365	-64.54472	278.46038	478.08112	557.01684	0.07	-0.74699	-0.17316	1e-05	0.7668	-35.71777	0.2912	
328.0	9	19.38943	39.725	27.56758	-0.0	364.15038	0.0	364.15038	-19.65219	-0.0	16.23343	25.48985	0.07	0.0	-0.01892	-0.0	0.01892	-151.77589	21.28968	
329.0	1	24.34991	26.68742	33.56382	20513.55201	-4740.12985	-0.38205	21054.08861	220.02257	952.21118	-419.14898	1063.39171	0.05051	2.35483	-0.54414	-4e-05	-2.41688	31.2287	0.05309	
329.0	2	24.34224	34.54668	33.54125	7658.90981	1775.97601	-0.08871	7862.12377	-64.45339	277.97922	470.59212	550.34865	0.07	-0.73558	-0.17057	1e-05	0.7551	-34.11676	0.27898	
329.0	9	19.37531	39.725	27.57128	-0.0	369.61092	0.0	369.61092	-19.983	-0.0	16.43455	25.87305	0.07	0.0	-0.01914	-0.0	0.01914	-144.8808	20.43131	
330.0	1	24.34939	26.68512	33.6147	20524.4682	-4745.04917	-0.39406	21065.83221	222.3142	961.64216	-402.38421	1065.87631	0.0506	2.3557	-0.54461	-5e-05	-2.41784	30.22022	0.05321	
330.0	2	24.34209	34.5473	33.59168	7566.16027	1755.05174	-0.09189	7767.04499	-66.01431	284.61665	458.51686	543.69315	0.07	-0.72446	-0.16805	1e-05	0.74369	-32.96833	0.27025	
330.0	9	19.3612	39.725	27.57521	-0.0	383.77161	0.0	383.77161	-20.77807	-0.0	17.03232	26.86686	0.07	0.0	-0.01983	-0.0	0.01983	-140.04291	19.83891	
331.0	1	24.34891	26.68302	33.66393	20503.36487	-4742.35358	-0.38523	21044.66413	225.44189	974.72136	-405.03153	1079.33142	0.05129	2.35241	-0.5441	-4e-05	-2.41451	28.57787	0.05413	
331.0	2	24.34195	34.54788	33.64063	7479.05441	1735.37034	-0.08778	7677.74479	-68.2812	294.29905	444.48824	537.44214	0.07	-0.71384	-0.16563	1e-05	0.7328	-31.24745	0.26483	
331.0	9	19.34673	39.725	27.5786	0.0	384.24302	-0.0	384.24302	-20.8554	0.0	16.98619	26.89755	0.07	-0.0	-0.01983	0.0	0.01983	-132.54114	18.90635	
332.0	1	24.34845	26.68098	33.71167	20478.74753	-4738.78508	-0.38331	21019.87594	235.67942	1018.52533	-399.82835	1119.28609	0.05325	2.34884	-0.54352	-4e-05	-2.4109	28.08592	0.05683	
332.0	2	24.34187	34.54821	33.68827	7387.69755	1714.61103	-0.08619	7584.06	-63.91282	275.40199	449.34055	530.8842	0.07	-0.70268	-0.16309	1e-05	0.72136	-31.18132	0.29331	
332.0	9	19.33268	39.725	27.5812	-0.0	381.82942	0.0	381.82942	-20.76142	-0.0	16.83299	26.72801	0.07	0.0	-0.01968	-0.0	0.01968	-131.26092	18.90909	
333.0	1	24.34794	26.67872	33.75781	20459.14791	-4736.59204	-0.38351	21000.2866	236.50863	1021.60228	-386.40426	1117.54901	0.05322	2.34592	-0.54312	-4e-05	-2.40797	27.28022	0.05679	
333.0	2	24.34173	34.54884	33.73412	7294.32035	1693.4858	-0.08531	7488.32448	-66.10814	284.7683	435.09108	524.18271	0.07	-0.6915	-0.16054	1e-05	0.70989	-30.07737	0.27269	
333.0	9	19.31862	39.725	27.58327	-0.0	394.42482	-0.0	394.42482	-21.46957	-0.0	17.35931	27.60957	0.07	0.0	-0.0203	0.0	0.0203	-126.98224	18.33529	
334.0	1	24.34743	26.67646	33.8022	20433.37587	-4732.96876	-0.38482	20974.36156	233.80719	1009.43195	-362.84755	1097.85109	0.05234	2.34214	-0.54251	-4e-05	-2.40415	26.50673	0.05557	
334.0	2	24.3415	34.5498	33.77836	7195.35636	1671.14625	-0.08476	7386.87234	-70.20824	302.31247	413.58289	517.08107	0.07	-0.68004	-0.15794	1e-05	0.69814	-29.12354	0.26693	
334.0	9	19.30439	39.725	27.58541	0.0	414.5778	0.0	414.5778	-22.59493	0.0	18.21143	29.02046	0.07	-0.0	-0.02134	-0.0	0.02134	-123.107	17.84082	
335.0	1	24.34693	26.67425	33.84483	20403.67529	-4728.36921	-0.38706	20944.38925	238.60531	1029.64941	-354.50638	1114.80275	0.05323	2.33735	-0.54166	-4e-05	-2.39929	25.247	0.0568	
335.0	2	24.34121	34.55102	33.82105	7108.33961	1651.64067	-0.08469	7297.69888	-69.6055	299.58944	407.86971	510.83897	0.07	-0.66957	-0.15558	1e-05	0.6874	-27.90666	0.26913	
335.0	9	19.28985	39.725	27.58707	0.0	417.27399	-0.0	417.27399	-22.78064	0.0	18.28248	29.2097	0.07	-0.0	-0.02152	0.0	0.02152	-117.57569	17.15944	
336.0	1	24.34645	26.67211	33.88619	20344.34055	-4716.82966	-0.38081	20883.98129	243.75523	1051.37869	-353.7659	1135.76586	0.05438	2.32916	-0.54002	-4e-05	-2.39095	25.34684	0.05845	
336.0	2	24.34096	34.55209	33.86217	7017.93682	1631.29042	-0.08179	7205.03613	-68.60525	295.16529	403.16527	504.35252	0.07	-0.65873	-0.15312	1e-05	0.67629	-28.13046	0.28062	
336.0	9	19.27579	39.725	27.58833	-0.0	415.44594	0.0	415.44594	-22.72279	-0.0	18.1475	29.08018	0.07	0.0	-0.02144	-0.0	0.02144	-118.24272	17.37616	
337.0	1	24.34592	26.66978	33.92582	20304.02221	-4709.8807	-0.38436	20843.13542	245.58835	1058.74527	-345.20181	1140.35936	0.05471	2.32329	-0.53893	-4e-05	-2.38498	23.5158	0.05893	
337.0	2	24.34072	34.5531	33.9013	6935.82423	1612.8335	-0.08236	7120.87703	-69.88273	300.54348	391.47642	498.46139	0.07	-0.64876	-0.15086	1e-05	0.66607	-26.1836	0.27039	
337.0	9	19.26202	39.725	27.5891	-0.0	422.07879	0.0	422.07879	-23.12072	-0.0	18.39456	29.54534	0.07	0.0	-0.02181	-0.0	0.02181	-109.84257	16.23207	
338.0	1	24.34539	26.6674	33.9638	20279.67344	-4706.679	-0.3815	20818.6931	245.7603	1058.93435	-329.10574	1135.80398	0.05456	2.31928	-0.53828	-4e-05	-2.38092	22.8423	0.0587	
338.0	2	24.34051	34.55397	33.93886	6856.27518	1594.87601	-0.0807	7039.32801	-71.96695	309.40061	376.69285	492.75297	0.07	-0.63926	-0.1487	1e-05	0.65633	-25.26237	0.25451	
338.0	9	19.24847	39.725	27.59001	0.0	432.95099	-0.0	432.95099	-23.73526	0.0	18.84309	30.30552	0.07	-0.0	-0.02241	0.0	0.02241	-106.27466	15.73566	
339.0	1	24.34487	26.66513	33.99977	20247.22816	-4701.47578	-0.38525	20785.91165	245.20574	1056.0205	-306.70784	1126.66537	0.0542	2.31414	-0.53735	-4e-05	-2.37571	21.82077	0.05819	
339.0	2	24.34027	34.55499	33.97506	6769.52184	1575.26593	-0.08117	6950.38767	-73.42716	315.56337	362.95574	486.52714	0.07	-0.62918	-0.14641	1e-05	0.64599	-24.22194	0.2581	
339.0	9	19.23493	39.725	27.59073	0.0	450.36845	-0.0	450.36845	-24.71355	0.0	19.57319	31.52569	0.07	-0.0	-0.02338	0.0	0.02338	-101.67795	15.13134	
340.0	1	24.34436	26.66292	34.03432	20197.89124	-4692.28511	-0.38663	20735.77465	249.61792	1074.50278	-304.68226	1144.41977	0.05519	2.30673	-0.53589	-4e-05	-2.36816	19.94384	0.05963	
340.0	2	24.33996	34.55632	34.00977	6695.84755	1558.80187	-0.08101	6874.89911	-72.6729	312.18576	358.96165	481.24294	0.07	-0.62027	-0.1444	1e-05	0.63686	-22.37244	0.25642	
340.0	9	19.22156	39.725	27.59123	0.0	448.56864	-0.0	448.56864	-24.66168	0.0	19.43628	31.40012	0.07	-0.0	-0.02336	0.0	0.02336	-93.40801	14.01679	
341.0	1	24.34385	26.66076	34.06735	20135.22735	-4679.94168	-0.38494	20671.94317	252.55248	1086.61975	-300.12069	1155.24788	0.05588	2.29787	-0.53408	-4e-05	-2.35912	19.14369	0.06067	
341.0	2	24.33968	34.5575	34.04243	6620.54426	1541.8984	-0.07992	6797.7244	-72.50689	311.34558	352.46427	475.84071	0.07	-0.61124	-0.14235	1e-05	0.6276	-21.61594	0.26051	
341.0	9	19.20889	39.725	27.59162	0.0	449.02159	0.0	449.02159	-24.73175	-0.0	19.39795	31.43151	0.07	-0.0	-0.02344	-0.0	0.02344	-89.93434	13.59129	
342.0	1	24.3433	26.65843	34.09863	20080.23249	-4669.54146	-0.3845	20616.02179	253.33695	1089.43819	-291.00936	1155.74289	0.05606	2.28992	-0.53251	-4e-05	-2.35102	18.20928	0.06093	
342.0	2	24.33942	34.55856	34.0732	6542.59485	1524.3193	-0.07921	6717.81934	-73.46234	315.32851	341.03341	470.24735	0.07	-0.60195	-0.14024	1e-05	0.61807	-20.65015	0.26127	
342.0	9	19.19667	39.725	27.59169	-0.0	455.2787	0.0	455.2787	-25.11624	-0.0	19.61731	31.86949	0.07	0.0	-0.02382	-0.0	0.02382	-85.70555	13.03014	
343.0	1	24.34275	26.65605	34.12829	20025.45963	-4659.23083	-0.38413	20560.33719	249.8997	1074.09585	-270.89467	1135.56843	0.05523	2.28193	-0.53093	-4e-05	-2.34288	17.38205	0.05969	
343.0	2	24.33917	34.55963	34.10247	6469.09705	1507.74097	-0.0786	6642.47691	-76.33317	327.53102	321.0871	464.97338	0.07	-0.5932	-0.13826	1e-05	0.6091	-19.51578	0.2422	
343.0	9	19.18454	39.725	27.5917	0.0	472.55091	-0.0	472.55091	-26.07169	0.0	20.35823	33.07855	0.07	-0.0	-0.02481	0.0	0.02481	-81.34509	12.36222	
344.0	1	24.34225	26.65392	34.15626	20055.18488	-4668.31355	-0.38546	20591.34751	256.24893	1100.87403	-273.76982	1162.98627	0.05648	2.28386	-0.53162	-4e-05	-2.34491	16.40068	0.06157	
344.0	2	24.33897	34.56048	34.13033	6437.4145	1500.7945	-0.07852	6610.0446	-74.9607	321.5487	324.16278	462.70312	0.07	-0.58854	-0.13721	1e-05	0.60432	-18.31013	0.21314	
344.0	9	19.17304	39.725	27.59204	-0.0	467.77608	0.0	467.77608	-25.80193	-0.0	20.16071	32.74437	0.07	0.0	-0.02464	-0.0	0.02464	-76.49612	11.62476	
345.0	1	24.34186	26.65228	34.18239	20086.32004	-4677.22876	-0.38758	20623.69321	261.1124	1121.36769	-273.41536	1183.38546	0.05738	2.28625	-0.53237	-4e-05	-2.34742	15.15605	0.06297	
345.0	2	24.33884	34.56102	34.15672	6405.48943	1493.66884	-0.07868	6577.33544	-74.2207	318.3071	324.2722	460.41349	0.07	-0.5841	-0.1362	1e-05	0.59977	-16.92497	0.19477	
345.0	9	19.16249	39.725	27.59274	-0.0	466.60677	0.0	466.60677	-25.74246	-0.0	20.10436	32.66282	0.07	0.0	-0.02465	-0.0	0.02465	-70.68146	10.7642	
346.0	1	24.34155	26.65097	34.20695	20106.99692	-4683.3806	-0.39111	20645.22655	268.68022	1153.53897	-280.25166	1217.12046	0.05895	2.28774	-0.53287	-4e-05	-2.34898	13.34492	0.06552	
346.0	2	24.33877	34.56134	34.18136	6377.11819	1487.27841	-0.07937	6548.25423	-71.75636	307.693	332.09374	458.3778	0.07	-0.58023	-0.13532	1e-05	0.5958	-15.07732	0.18111	
346.0	9	19.15278	39.725	27.59362	0.0	457.36434	-0.0	457.36434	-25.25489	0.0	19.67877	32.01661	0.07	-0.0	-0.02422	0.0	0.02422	-62.60739	9.59357	
347.0	1	24.34132	26.64995	34.22995	20121.24494	-4687.74368	-0.38792	20660.0929	276.63292	1187.41799	-289.80484	1253.18558	0.06066	2.28885	-0.53324	-4e-05	-2.35014	13.32335	0.06847	
347.0	2	24.33879	34.56126	34.20422	6353.18903	1481.788	-0.07798	6523.70343	-69.07067	296.1595	340.6706	456.65924	0.07	-0.57693	-0.13456	1e-05	0.59242	-15.01482	0.17056	
347.0	9	19.14433	39.725	27.59483	-0.0	445.55932	0.0	445.55932	-24.61734	-0.0	19.15063	31.1891	0.07	0.0	-0.02362	-0.0	0.02362	-62.4138	9.58013	
348.0	1	24.3411	26.64905	34.25123	20141.03622	-4693.29484	-0.38902	20680.62757	283.01071	1214.55054	-294.87821	1281.47619	0.06197	2.29098	-0.53385	-4e-05	-2.35235	12.19968	0.07089	
348.0	2	24.33887	34.5609	34.22527	6329.69215	1476.30205	-0.07789	6499.57463	-66.98492	287.21826	346.43413	454.97023	0.07	-0.57376	-0.13382	1e-05	0.58916	-13.90507	0.16532	
348.0	9	19.13688	39.725	27.59612	0.0	438.49238	0.0	438.49238	-24.24947	-0.0	18.81791	30.69447	0.07	-0.0	-0.02326	-0.0	0.02326	-57.48939	8.87558	
349.0	1	24.3409	26.64819	34.27082	20158.8107	-4698.32474	-0.3895	20699.07979	287.08036	1231.78247	-296.47704	1299.07729	0.06276	2.29309	-0.53444	-4e-05	-2.35455	11.30073	0.07245	
349.0	2	24.339	34.56033	34.24462	6306.90125	1470.91351	-0.07764	6476.15549	-66.07847	283.34594	347.6458	453.33088	0.07	-0.57067	-0.13309	1e-05	0.58599	-13.0183	0.16303	
349.0	9	19.13013	39.725	27.59724	-0.0	436.15801	-0.0	436.15801	-24.14023	-0.0	18.69193	30.53095	0.07	0.0	-0.02313	0.0	0.02313	-53.55324	8.31235	
350.0	1	24.34072	26.64739	34.28873	20180.39087	-4704.18828	-0.39062	20721.42763	289.34537	1241.28056	-293.83051	1307.98874	0.06312	2.29572	-0.53515	-4e-05	-2.35727	10.13566	0.07318	
350.0	2	24.33917	34.55963	34.26229	6285.18601	1465.72611	-0.0776	6453.82958	-66.08864	283.41325	345.54827	451.76807	0.07	-0.56772	-0.13239	1e-05	0.58295	-11.78347	0.15457	
350.0	9	19.1239	39.725	27.59808	-0.0	438.03563	0.0	438.03563	-24.2502	-0.0	18.76472	30.66247	0.07	0.0	-0.02323	-0.0	0.02323	-48.2662	7.52032	
351.0	1	24.34056	26.64673	34.30497	20205.42586	-4710.70915	-0.39147	20747.28934	290.25426	1244.99812	-289.04186	1310.65367	0.06317	2.29892	-0.53597	-4e-05	-2.36057	9.10462	0.07328	
351.0	2	24.33933	34.55895	34.2783	6265.38173	1460.9762	-0.07745	6433.46405	-66.80403	286.50648	340.96861	450.34246	0.07	-0.56511	-0.13177	1e-05	0.58027	-10.60718	0.14052	
351.0	9	19.11811	39.725	27.59877	-0.0	442.70766	-0.0	442.70766	-24.49521	-0.0	18.98241	30.98947	0.07	0.0	-0.02348	0.0	0.02348	-43.40447	6.76572	
352.0	1	24.34043	26.64619	34.31954	20226.46621	-4716.18043	-0.39237	20769.02244	290.331	1245.17738	-282.92131	1309.50497	0.06305	2.30168	-0.53668	-4e-05	-2.36343	8.02243	0.07303	
352.0	2	24.33948	34.55833	34.29278	6244.20911	1455.9206	-0.07732	6411.69652	-67.82596	290.91242	334.97445	448.81876	0.07	-0.56247	-0.13115	1e-05	0.57756	-9.43691	0.13226	
352.0	9	19.11264	39.725	27.59921	0.0	448.78887	0.0	448.78887	-24.82244	0.0	19.25521	31.41522	0.07	-0.0	-0.02382	-0.0	0.02382	-38.44396	6.00857	
353.0	1	24.34032	26.64571	34.33245	20246.14469	-4721.25938	-0.39282	20789.34018	289.41521	1241.12034	-277.21115	1304.21888	0.06273	2.30427	-0.53734	-4e-05	-2.36609	6.95632	0.0724	
353.0	2	24.33961	34.55776	34.30565	6228.58835	1452.16754	-0.07714	6395.63159	-69.34116	297.43317	327.34602	447.69421	0.07	-0.56041	-0.13066	1e-05	0.57544	-8.27983	0.12429	
353.0	9	19.10747	39.725	27.5993	0.0	455.86307	0.0	455.86307	-25.19866	-0.0	19.578	31.91035	0.07	-0.0	-0.02422	-0.0	0.02422	-33.54821	5.25778	
354.0	1	24.34023	26.64533	34.34359	20264.86509	-4726.01859	-0.39259	20808.65226	289.20093	1240.09763	-271.29968	1301.95346	0.06257	2.30675	-0.53796	-4e-05	-2.36865	6.2901	0.07206	
354.0	2	24.33973	34.55726	34.3168	6212.56167	1448.33064	-0.07675	6379.15231	-70.10504	300.7301	322.56046	446.54066	0.07	-0.55843	-0.13019	1e-05	0.57341	-7.56777	0.12025	
354.0	9	19.10255	39.725	27.59895	0.0	462.21872	-0.0	462.21872	-25.53233	0.0	19.87323	32.35499	0.07	-0.0	-0.02459	0.0	0.02459	-30.51319	4.79356	
355.0	1	24.34016	26.64504	34.35304	20282.43044	-4730.41356	-0.39433	20826.75676	288.3527	1236.38188	-263.95716	1296.71154	0.06226	2.30898	-0.53852	-4e-05	-2.37095	4.88959	0.07146	
355.0	2	24.33984	34.55679	34.3263	6201.43471	1445.63838	-0.07704	6367.70467	-71.28634	305.81781	316.34991	445.73932	0.07	-0.55696	-0.12983	1e-05	0.57189	-6.12038	0.11513	
355.0	9	19.09792	39.725	27.59821	-0.0	468.2393	-0.0	468.2393	-25.84811	-0.0	20.15425	32.7768	0.07	0.0	-0.02495	0.0	0.02495	-24.24253	3.8445	
356.0	1	24.34011	26.64479	34.36081	20299.88771	-4734.73616	-0.39465	20844.73957	286.17689	1226.98669	-252.15979	1284.90393	0.06164	2.215	-0.51663	-4e-05	-2.27445	3.89114	0.07027	
356.0	2	24.33994	34.55636	34.3341	6195.45938	1444.14954	-0.07697	6361.54736	-74.06108	317.74115	303.07593	445.30832	0.07	-0.53561	-0.12485	1e-05	0.54997	-5.00058	0.106	
356.0	9	19.09366	39.725	27.59715	0.0	471.35694	0.0	471.35694	-26.01855	-0.0	20.2905	32.99499	0.07	-0.0	-0.02516	-0.0	0.02516	-19.57853	3.12568	
357.0	1	24.34006	26.64458	34.36687	20311.55148	-4737.67074	-0.39501	20856.76503	281.23795	1205.75417	-220.54261	1257.60763	0.0603	1.87008	-0.4362	-4e-05	-1.92027	2.9009	0.06783	
357.0	2	24.34004	34.55597	34.34015	6189.90664	1442.76854	-0.07696	6355.82609	-79.94826	343.0161	267.57281	442.31999	0.06959	-0.4581	-0.10678	1e-05	0.47038	-3.79061	0.09371	
357.0	9	19.09013	39.725	27.59631	0.0	470.58993	-0.0	470.58993	-26.05562	0.0	20.15523	32.94129	0.07	-0.0	-0.02517	0.0	0.02517	-14.73401	2.37379	
358.0	1	24.34002	26.64444	34.37139	20302.67429	-4735.74419	-0.39733	20847.68228	275.82658	1182.49259	87.61908	1217.39317	0.05839	1.13839	-0.26554	-2e-05	-1.16895	1.60541	0.0646	
358.0	2	24.3401	34.5557	34.34467	6212.94682	1448.07675	-0.07801	6379.46976	-88.05007	377.77456	-49.44063	391.03812	0.0613	-0.18996	-0.04427	0.0	0.19505	-1.3815	0.06963	
358.0	9	19.08793	39.725	27.59693	0.0	453.73235	0.0	453.73235	-26.13654	0.0	18.0473	31.76199	0.07	-0.0	-0.02053	-0.0	0.02053	-6.57694	1.03018	
359.0	1	24.33998	26.64427	34.37406	20225.22279	-4717.85016	-0.39351	20768.19075	315.46366	1352.34338	430.24074	1453.77337	0.07	1.85638	-0.43303	-4e-05	-1.90622	2.88897	0.13549	
359.0	2	24.34005	34.55592	34.34738	6222.68003	1450.417	-0.07745	6389.48012	-57.10575	244.9793	-369.8227	447.26363	0.07	0.10458	0.02438	-0.0	-0.10739	0.75033	0.26188	
359.0	9	19.09102	39.725	27.60674	-0.0	396.09202	-0.0	396.09202	-27.63752	-0.0	2.21913	27.72647	0.07	0.0	-0.01387	0.0	0.01387	-4.70909	0.59811	
360.0	1	24.33996	26.64417	34.37495	20192.82542	-4710.38915	-0.39281	20734.94549	316.53999	1356.93187	406.49027	1451.44618	0.07	2.29819	-0.5361	-4e-05	-2.35989	4.97565	0.50341	
360.0	2	24.33989	34.55657	34.34844	6244.38802	1455.66559	-0.07771	6411.81285	-68.70109	294.69029	-331.48662	448.8269	0.07	0.52325	0.12198	-1e-05	-0.53728	4.67525	0.73676	
360.0	9	19.10683	39.725	27.64422	0.0	329.09644	-0.0	329.09644	-6.28024	0.0	-22.16417	23.03675	0.07	-0.0	-0.00173	0.0	0.00173	-0.66172	0.96702	
