Version	KoJaC2_v7r2	 	 INTERNAL 
Testrig	Axial Cycle Force Generation 
Modfile	016cccc.mod
comment	VShape GPPC ZUM
Analysis name	.a016cccc_t2600a040d
Applied torque	2600.0
Rpm	200.0
Articulation angle	4.0
Mode	Drive
Contact	cfo_ro_tu_1
Part	oroller_1
RefSystem	oroller_1.ro_ref


Angle_Rot_Spider.Last_Rot	Track	CPoint_x	CPoint_y	CPoint_z	Normal_Force_x	Normal_Force_y	Normal_Force_z	Normal_Force_mag	Friction_Force_x	Friction_Force_y	Friction_Force_z	Friction_Force_mag	Friction_Force_Mu	Friction_Torque_x	Friction_Torque_y	Friction_Torque_z	Friction_Torque_mag	Boring_Velocity	Slip_Velocity	Pos_Ball_x	Pos_Ball_y	Pos_Ball_z	
0.0	1	24.1298	-3.94246	2.09411	-18090.66831	4611.95183	-1569.77289	18735.16924	69.66346	102.25523	-502.40535	517.41691	0.02762	0.37	-0.09433	0.03211	0.38318	0.58239	0.02696	
0.0	2	24.25959	3.97934	2.07881	-8969.11543	-1893.50665	-768.64124	9198.97865	4.90563	-201.41602	438.93481	482.96609	0.0525	0.12034	0.0254	0.01031	0.12342	0.5245	0.05579	
0.0	8	20.18399	9.2	-0.44542	-16.09702	-724.26271	0.29117	724.44163	23.05468	-0.49424	45.16416	50.71059	0.07	-5e-05	-0.00214	0.0	-0.00214	-0.12726	0.09981	
1.0	1	24.12969	-3.94304	2.09375	-18069.93027	4607.19865	-1567.71495	18713.80212	77.66999	92.37599	-623.77205	635.34047	0.03395	0.31553	-0.08045	0.02738	0.32678	0.50411	0.0336	
1.0	2	24.25947	3.98001	2.07855	-8932.97433	-1886.23622	-765.45726	9161.97808	-2.95302	-214.65514	563.41433	602.92724	0.06581	0.23957	0.05059	0.02053	0.24571	1.00024	0.07929	
1.0	8	20.1845	9.2	-0.43649	-15.68503	-705.75264	0.27676	705.92697	4.39604	-0.0784	49.21891	49.4149	0.07	0.00025	0.01114	-0.0	0.01114	1.09833	0.2304	
2.0	1	24.12963	-3.94366	2.09279	-18048.69895	4602.37435	-1565.15898	18691.89948	76.58107	83.282	-638.20594	648.15691	0.03468	-0.00269	0.00069	-0.00023	-0.00279	-0.00258	0.03438	
2.0	2	24.25939	3.9807	2.07771	-8906.60218	-1881.03143	-762.89589	9134.97957	-4.93256	-214.98444	587.66195	625.77089	0.0685	0.37976	0.0802	0.03253	0.3895	1.62869	0.08781	
2.0	8	20.18526	9.2	-0.42579	-15.53999	-699.22339	0.26595	699.39611	-8.66824	0.21098	48.18353	48.95749	0.07	0.00074	0.03342	-1e-05	0.03343	3.60831	0.43235	
3.0	1	24.12961	-3.9443	2.09118	-18021.294	4595.97228	-1561.58701	18663.56216	71.14984	57.32347	-652.3845	658.75171	0.0353	-0.29807	0.07602	-0.02583	-0.30869	-0.47591	0.03505	
3.0	2	24.25936	3.98141	2.07623	-8884.3917	-1876.70641	-760.46128	9112.23047	-11.2657	-192.97875	607.85915	637.85614	0.07	0.53984	0.11403	0.04621	0.55369	2.40583	0.10973	
3.0	8	20.18606	9.2	-0.4142	-15.48752	-696.86269	0.25615	697.03482	-13.97532	0.32778	46.74685	48.79226	0.07	0.00107	0.04833	-2e-05	0.04834	6.37262	0.69167	
4.0	1	24.12965	-3.94496	2.0889	-17956.1403	4579.93483	-1554.24928	18596.08744	68.11173	44.67386	-655.24909	660.29261	0.03551	-0.48768	0.12439	-0.04221	-0.50506	-0.78755	0.03528	
4.0	2	24.25937	3.98218	2.07411	-8863.01637	-1872.58504	-757.86384	9090.32406	-15.88134	-172.62191	612.25486	636.32268	0.07	0.71145	0.15032	0.06083	0.72969	3.42324	0.16186	
4.0	8	20.18681	9.2	-0.40099	-15.8438	-712.92816	0.25166	713.10424	-17.22753	0.39939	46.84854	49.91726	0.07	0.00113	0.05099	-2e-05	0.05101	9.31	1.02022	
5.0	1	24.12971	-3.94578	2.08602	-17880.21491	4561.15352	-1545.54152	18517.42167	75.07185	71.84233	-656.47993	664.65254	0.03589	-0.42051	0.10727	-0.03635	-0.4355	-0.68106	0.0357	
5.0	2	24.25934	3.98335	2.07142	-8869.99924	-1874.66662	-757.48453	9097.52957	-13.16922	-183.97871	609.53025	636.82708	0.07	0.68327	0.14441	0.05835	0.7008	3.2375	0.15629	
5.0	8	20.18671	9.2	-0.38533	-16.71747	-752.50047	0.25254	752.68618	-20.87868	0.48007	48.37212	52.68787	0.07	0.0012	0.05385	-2e-05	0.05387	8.6621	0.97468	
6.0	1	24.12983	-3.94656	2.08252	-17804.74301	4542.32431	-1536.43288	18439.14884	65.4162	32.30157	-662.57005	666.57463	0.03615	-0.61666	0.15732	-0.05321	-0.63863	-1.01307	0.03598	
6.0	2	24.25932	3.98469	2.06815	-8884.22809	-1878.36919	-757.50821	9112.1676	-23.15521	-141.16194	621.60435	637.85173	0.07	0.8239	0.1742	0.07025	0.84504	4.3881	0.2139	
6.0	8	20.18586	9.2	-0.36742	-17.19161	-774.3283	0.24442	774.51916	-23.50923	0.53737	48.85108	54.21624	0.07	0.00123	0.05551	-2e-05	0.05552	11.93672	1.3584	
7.0	1	24.13	-3.94724	2.07838	-17728.72688	4523.15349	-1526.82534	18360.22522	67.41824	38.59497	-668.49071	672.98932	0.03665	-0.57375	0.14638	-0.04941	-0.59419	-0.93956	0.03653	
7.0	2	24.25934	3.98613	2.06427	-8923.62087	-1887.44392	-759.44677	9152.60692	-23.74966	-139.16762	624.93391	640.6825	0.07	0.77809	0.16457	0.06622	0.79806	3.91209	0.18225	
7.0	8	20.18434	9.2	-0.34729	-18.068	-814.52844	0.23881	814.72885	-28.03483	0.63643	49.66045	57.03084	0.07	0.0013	0.05854	-2e-05	0.05856	10.71999	1.23913	
8.0	1	24.13026	-3.94777	2.07364	-17638.42478	4500.07237	-1515.56463	18266.40677	58.41677	-0.10868	-680.18795	682.69186	0.03737	-0.7233	0.18453	-0.06215	-0.74905	-1.19115	0.03733	
8.0	2	24.25939	3.9876	2.05983	-8969.78319	-1897.97177	-761.73413	9199.97534	-32.68901	-100.47303	635.27194	643.99832	0.07	0.86725	0.18351	0.07365	0.88951	4.96739	0.23534	
8.0	8	20.18211	9.2	-0.32481	-18.65013	-841.76028	0.22567	841.96689	-29.9283	0.6767	50.76765	58.93654	0.07	0.00135	0.06072	-2e-05	0.06074	13.60516	1.59036	
9.0	1	24.13061	-3.94814	2.06825	-17541.58297	4475.05275	-1503.30269	18165.71356	49.52697	-37.27538	-688.87713	691.66037	0.03808	-0.79695	0.20331	-0.0683	-0.82531	-1.34946	0.03811	
9.0	2	24.25949	3.98909	2.05478	-9027.37728	-1910.93798	-764.74618	9259.05293	-40.65344	-65.48934	643.53379	648.1337	0.07	0.88503	0.18734	0.07497	0.90774	6.45504	0.33425	
9.0	8	20.17918	9.2	-0.29953	-19.0631	-861.6622	0.20673	861.87307	-30.32793	0.68348	52.14986	60.33124	0.07	0.00138	0.06245	-1e-05	0.06246	17.2389	2.07908	
10.0	1	24.13105	-3.94837	2.06221	-17449.86198	4451.09964	-1491.04098	18070.22895	44.00377	-62.6586	-702.03259	706.19558	0.03908	-0.85933	0.2192	-0.07343	-0.88988	-1.47549	0.03923	
10.0	2	24.25963	3.9906	2.04913	-9086.86559	-1924.31853	-767.66605	9320.05575	-44.78411	-47.48094	649.1308	652.40391	0.07	0.89146	0.18878	0.07531	0.91434	7.6864	0.41122	
10.0	8	20.17569	9.2	-0.27051	-19.37393	-877.22925	0.18215	877.44318	-30.5524	0.68582	53.27885	61.42114	0.07	0.00141	0.06392	-1e-05	0.06393	20.23471	2.4613	
11.0	1	24.13157	-3.94847	2.05557	-17357.13131	4426.70316	-1478.29633	17973.62145	41.74335	-71.42956	-704.01471	708.85922	0.03944	-0.93136	0.23753	-0.07932	-0.96444	-1.62226	0.03964	
11.0	2	24.25982	3.99208	2.04293	-9154.47653	-1939.41177	-771.02684	9389.36851	-46.87166	-38.92638	654.42568	657.2558	0.07	0.8989	0.19043	0.07571	0.92196	7.96271	0.42022	
11.0	8	20.17175	9.2	-0.23842	-20.01336	-907.93169	0.15624	908.15225	-32.34491	0.72239	54.72215	63.57066	0.07	0.00147	0.06655	-1e-05	0.06657	21.16673	2.57254	
12.0	1	24.13217	-3.94846	2.04835	-17260.90517	4401.23047	-1464.8906	17873.32038	45.03447	-58.83191	-707.40331	711.27262	0.0398	-0.94407	0.24072	-0.08012	-0.97757	-1.65841	0.04004	
12.0	2	24.26006	3.99355	2.03621	-9229.15665	-1956.00485	-774.74094	9465.91311	-46.48525	-41.94144	659.64933	662.61392	0.07	0.9072	0.19227	0.07615	0.93047	6.46626	0.30916	
12.0	8	20.16727	9.2	-0.20353	-21.2252	-964.97434	0.12889	965.20775	-37.78188	0.83852	56.00652	67.56407	0.07	0.00157	0.0712	-1e-05	0.07122	17.93998	2.16522	
13.0	1	24.13284	-3.94835	2.04057	-17146.35949	4370.91228	-1449.57877	17753.97974	35.90293	-93.94552	-707.95202	715.06003	0.04028	-1.05742	0.26956	-0.0894	-1.09489	-1.89975	0.04059	
13.0	2	24.26034	3.99506	2.02894	-9312.72473	-1974.51633	-778.94841	9551.56098	-50.54084	-24.46141	666.24741	668.60926	0.07	0.91663	0.19435	0.07667	0.94014	9.62324	0.51917	
13.0	8	20.16213	9.2	-0.16586	-21.20225	-966.23426	0.08903	966.46686	-34.30035	0.75803	58.30756	67.6525	0.07	0.00158	0.07182	-1e-05	0.07184	25.44278	3.11159	
14.0	1	24.1336	-3.94812	2.03201	-17020.77669	4337.57066	-1432.85458	17623.12205	29.27242	-125.85173	-728.70624	740.07319	0.04199	-1.21571	0.30981	-0.10234	-1.25873	-2.25324	0.04257	
14.0	2	24.26067	3.9966	2.02095	-9417.53216	-1997.5642	-784.5919	9658.97299	-53.03816	-14.63616	673.88567	676.12806	0.07	0.92838	0.19692	0.07735	0.95219	13.87637	0.79838	
14.0	8	20.15622	9.2	-0.12401	-21.16164	-966.97114	0.04478	967.20267	-31.77368	0.69812	59.78325	67.70592	0.07	0.00159	0.07248	-0.0	0.07249	35.61322	4.39043	
15.0	1	24.13442	-3.9478	2.02291	-16896.28624	4304.32599	-1415.91056	17493.32769	27.65432	-135.02937	-740.48873	753.20731	0.04306	-1.28962	0.32853	-0.10807	-1.33519	-2.44956	0.04381	
15.0	2	24.26102	3.99824	2.01242	-9522.01697	-2020.6071	-789.92575	9766.04541	-54.0112	-11.85115	681.38314	683.62317	0.07	0.94041	0.19956	0.07801	0.96451	15.05107	0.86837	
15.0	8	20.14935	9.2	-0.08041	-21.87636	-1002.60712	-0.00142	1002.84576	-32.65621	0.71245	62.13736	70.19962	0.07	0.00166	0.07585	0.0	0.07587	38.63908	4.75805	
16.0	1	24.13533	-3.94736	2.01317	-16784.98802	4274.27233	-1399.73901	17377.12566	41.15936	-85.46118	-754.529	760.46809	0.04376	-1.23568	0.31466	-0.10305	-1.27927	-2.35014	0.04464	
16.0	2	24.26142	3.9999	2.00329	-9623.27732	-2043.00041	-794.69018	9869.7948	-52.63363	-19.9253	688.5896	690.88563	0.07	0.95228	0.20217	0.07864	0.97668	7.58955	0.33694	
16.0	8	20.14169	9.2	-0.03471	-24.76743	-1138.74754	-0.05835	1139.01685	-46.99584	1.01885	64.40009	79.73091	0.07	0.00189	0.08703	0.0	0.08705	21.94351	2.62907	
17.0	1	24.13632	-3.9468	2.0029	-16664.27578	4241.65596	-1382.54053	17251.12027	35.97316	-103.26382	-750.41294	758.33836	0.04396	-1.32994	0.33852	-0.11034	-1.37677	-2.60476	0.04488	
17.0	2	24.26186	4.00156	1.99367	-9741.94573	-2069.10209	-800.61712	9991.38018	-54.78117	-11.82789	697.14758	699.39662	0.07	0.96612	0.2052	0.0794	0.99086	8.3228	0.37175	
17.0	8	20.13321	9.2	0.01154	-25.47165	-1175.12356	-0.11909	1175.39959	-47.67147	1.02652	67.05161	82.27722	0.07	0.00197	0.0908	1e-05	0.09082	24.12451	2.87038	
18.0	1	24.1374	-3.94607	1.99186	-16538.89201	4207.64674	-1364.58744	17120.20265	30.60598	-127.05017	-762.70031	773.81537	0.0452	-1.49554	0.38048	-0.12339	-1.54811	-3.09252	0.04637	
18.0	2	24.26236	4.00317	1.98334	-9872.53344	-2097.73051	-807.15208	10125.16095	-56.85178	-4.26804	706.46457	708.76127	0.07	0.98138	0.20853	0.08024	1.00649	10.92737	0.52386	
18.0	8	20.12391	9.2	0.05914	-25.8207	-1195.54766	-0.1824	1195.82647	-44.65507	0.95363	70.79543	83.70769	0.07	0.00202	0.09346	1e-05	0.09348	30.95305	3.653	
19.0	1	24.13856	-3.94524	1.98023	-16412.97139	4173.37518	-1346.3089	16988.6797	29.55278	-133.29159	-773.46648	785.42372	0.04623	-1.63059	0.41462	-0.13375	-1.68779	-3.60682	0.04763	
19.0	2	24.26293	4.00473	1.97242	-9999.914	-2125.66429	-813.07518	10255.62382	-57.57854	-2.83963	715.57529	717.89369	0.07	0.99654	0.21183	0.08103	1.02203	11.47924	0.52639	
19.0	8	20.11373	9.2	0.10658	-26.64651	-1238.50404	-0.25171	1238.79068	-45.78969	0.9702	73.63403	86.71566	0.07	0.00211	0.09802	2e-05	0.09804	33.30857	3.85138	
20.0	1	24.13978	-3.94438	1.96802	-16281.14137	4137.53712	-1327.26683	16851.00635	28.47705	-139.25344	-783.41837	796.20777	0.04725	-1.74615	0.44375	-0.14235	-1.80727	-4.31919	0.0489	
20.0	2	24.26354	4.00632	1.96086	-10137.98064	-2155.90352	-819.48784	10397.02514	-58.26601	-1.76291	725.45352	727.79176	0.07	1.01301	0.21542	0.08188	1.03889	11.79609	0.49811	
20.0	8	20.10262	9.2	0.15184	-27.70419	-1292.8223	-0.32474	1293.11915	-47.85628	1.00623	76.82672	90.5184	0.07	0.00222	0.10368	3e-05	0.10371	35.58268	4.0002	
21.0	1	24.14105	-3.94349	1.95529	-16170.63558	4107.07467	-1309.70999	16735.37743	30.73907	-131.42494	-791.658	803.08143	0.04799	-1.76591	0.44851	-0.14303	-1.82758	-6.25228	0.04983	
21.0	2	24.26422	4.00787	1.94863	-10269.51512	-2184.75375	-824.93022	10531.695	-60.13337	5.37357	734.36591	736.84339	0.06996	1.02879	0.21887	0.08264	1.05505	8.24154	0.09815	
21.0	8	20.09036	9.2	0.18198	-29.66013	-1389.74735	-0.39291	1390.06387	-59.81033	1.25478	76.74024	97.30321	0.07	0.00241	0.11306	3e-05	0.11308	32.00078	3.14898	
22.0	1	24.14237	-3.94252	1.94211	-16042.7796	4072.12056	-1290.53359	16601.75955	20.31325	-170.90578	-791.7887	810.2782	0.04881	-1.74938	0.44404	-0.14073	-1.81033	-6.96717	0.05087	
22.0	2	24.26497	4.00936	1.93567	-10439.99406	-2221.87558	-833.00005	10706.26434	-66.42475	36.91871	734.02779	737.95124	0.06893	1.04895	0.22324	0.0837	1.07571	8.73047	0.08971	
22.0	8	20.07674	9.2	0.18724	-30.86445	-1452.15088	-0.41772	1452.4789	-62.4721	1.30473	80.20544	101.6729	0.07	0.00255	0.12005	3e-05	0.12008	34.66191	3.38333	
23.0	1	24.14377	-3.94143	1.92841	-15920.82063	4038.52499	-1271.58484	16474.19624	12.32831	-200.29975	-790.5036	815.57827	0.04951	-1.73327	0.43967	-0.13844	-1.79352	-8.29163	0.05178	
23.0	2	24.26577	4.01079	1.92221	-10609.81335	-2258.83939	-840.57871	10880.12257	-69.97593	56.92251	730.27399	735.82396	0.06763	1.0692	0.22763	0.08471	1.09644	9.95276	0.08457	
23.0	8	20.06232	9.2	0.192	-31.84543	-1504.81609	-0.43935	1505.15308	-62.71378	1.30245	84.65332	105.3608	0.07	0.00268	0.12648	4e-05	0.12651	40.29037	3.83967	
24.0	1	24.14523	-3.94027	1.9141	-15790.28029	4002.65102	-1251.67757	16337.71292	7.47707	-218.7965	-793.99929	823.62776	0.05041	-1.71616	0.43503	-0.13604	-1.77566	-8.0024	0.05296	
24.0	2	24.26663	4.01224	1.9081	-10789.71959	-2297.98921	-848.47401	11064.29896	-70.63278	63.31919	726.71764	732.88255	0.06624	1.09071	0.2323	0.08577	1.11847	9.62371	0.08042	
24.0	8	20.04707	9.2	0.19608	-32.92565	-1562.96061	-0.46178	1563.30745	-66.4962	1.37515	86.90009	109.43154	0.07	0.00282	0.13363	4e-05	0.13366	38.93073	3.75807	
25.0	1	24.14677	-3.93898	1.89933	-15673.44303	3970.11012	-1232.68067	16215.36594	-5.56392	-268.36754	-793.58985	837.75709	0.05166	-1.70055	0.43075	-0.13374	-1.75934	-6.88746	0.05464	
25.0	2	24.26743	4.01363	1.89345	-10958.09205	-2334.67941	-855.03044	11236.6181	-78.15007	99.99812	728.52627	739.4982	0.06581	1.11139	0.23679	0.08672	1.13964	8.52431	0.0793	
25.0	8	20.03095	9.2	0.19964	-33.92498	-1618.11255	-0.48266	1618.46822	-72.55519	1.49523	86.99769	113.29206	0.07	0.00295	0.14081	4e-05	0.14084	34.04609	3.41513	
26.0	1	24.14832	-3.93738	1.88393	-15547.7566	3935.08398	-1212.74841	16083.79246	-27.15604	-350.93021	-790.53846	865.35572	0.0538	-1.68405	0.42623	-0.13136	-1.74211	-8.95257	0.05762	
26.0	2	24.26832	4.01481	1.87817	-11137.79338	-2373.66087	-861.98028	11420.49549	-90.70798	164.65201	718.64608	742.82597	0.06504	1.13355	0.24158	0.08773	1.16232	10.50303	0.07741	
26.0	8	20.0142	9.2	0.20283	-34.64511	-1660.63712	-0.49928	1660.99855	-69.92556	1.4309	92.88205	116.26997	0.07	0.00307	0.14713	4e-05	0.14716	42.98911	4.12882	
27.0	1	24.14999	-3.93552	1.8678	-15403.0194	3895.03356	-1191.10488	15932.45191	-36.99652	-388.69426	-792.64139	883.5906	0.05546	-1.66554	0.42117	-0.12879	-1.72279	-10.0412	0.06003	
27.0	2	24.26933	4.01569	1.86223	-11316.03634	-2412.15278	-868.29717	11602.80567	-94.31522	187.36033	708.66602	739.05804	0.0637	1.1559	0.24639	0.08869	1.18519	11.53187	0.07438	
27.0	8	19.99689	9.2	0.20563	-35.50334	-1710.41574	-0.51756	1710.78426	-70.23793	1.42859	96.98416	119.75532	0.07	0.0032	0.1543	5e-05	0.15433	47.6823	4.4931	
28.0	1	24.15174	-3.93344	1.85117	-15268.98178	3857.53721	-1170.19865	15792.14244	-50.96434	-439.85313	-784.97458	901.25092	0.05707	-1.64831	0.41643	-0.12632	-1.70479	-10.56725	0.06248	
28.0	2	24.27043	4.01632	1.84573	-11506.97765	-2453.19416	-875.1359	11798.07438	-100.52902	217.67843	711.63552	750.9428	0.06365	1.17993	0.25155	0.08974	1.20978	12.03466	0.07428	
28.0	8	19.97906	9.2	0.208	-36.32152	-1758.9332	-0.53507	1759.30826	-71.3483	1.44279	100.36753	123.15155	0.07	0.00334	0.16159	5e-05	0.16162	49.97454	4.71676	
29.0	1	24.15359	-3.93121	1.83388	-15146.75415	3822.93031	-1149.93494	15664.01315	-65.92556	-498.75692	-789.74439	936.37644	0.05978	-1.63247	0.41202	-0.12394	-1.68822	-10.62867	0.06692	
29.0	2	24.27163	4.01671	1.82857	-11711.0745	-2496.88333	-882.36894	12006.75924	-107.35765	255.77248	701.11197	753.99153	0.0628	1.20562	0.25705	0.09084	1.23606	12.08337	0.07252	
29.0	8	19.96069	9.2	0.2101	-37.10749	-1806.56092	-0.5519	1806.94206	-73.4251	1.47672	102.98221	126.48621	0.07	0.00347	0.16902	5e-05	0.16906	50.23887	4.75953	
30.0	1	24.15547	-3.92893	1.81618	-15008.40331	3784.23261	-1128.33234	15519.20488	-71.95535	-520.60669	-788.91819	947.94557	0.06108	-1.61494	0.40719	-0.12141	-1.6699	-10.77057	0.06924	
30.0	2	24.27288	4.01697	1.81107	-11918.68595	-2541.23386	-889.33596	12218.99598	-107.39654	259.52126	697.73567	752.14384	0.06156	1.23192	0.26266	0.09192	1.26296	12.20359	0.07011	
30.0	8	19.94161	9.2	0.21196	-38.0964	-1864.87653	-0.57147	1865.2657	-75.77924	1.51547	106.31734	130.56863	0.07	0.00363	0.17774	5e-05	0.17778	50.84107	4.83003	
31.0	1	24.15741	-3.92659	1.79799	-14887.2547	3749.85143	-1107.87692	15392.17754	-79.1842	-546.85681	-786.90727	961.53292	0.06247	-1.5993	0.40284	-0.11902	-1.65355	-11.1427	0.07187	
31.0	2	24.27419	4.01716	1.79306	-12126.5241	-2585.57563	-895.74324	12431.41762	-106.96765	261.56051	693.12425	748.51667	0.06021	1.25845	0.26832	0.09296	1.29009	12.54864	0.06768	
31.0	8	19.92192	9.2	0.21363	-38.78186	-1909.09097	-0.58631	1909.48493	-76.55388	1.52149	109.55926	133.66391	0.07	0.00377	0.18537	6e-05	0.18541	52.4524	4.96714	
32.0	1	24.15938	-3.92428	1.7793	-14768.40444	3716.10447	-1087.44379	15267.53864	-86.79251	-574.66102	-785.06454	976.77764	0.06398	-1.584	0.39858	-0.11664	-1.63754	-11.49855	0.07498	
32.0	2	24.27552	4.01743	1.77444	-12345.08793	-2632.25069	-902.34581	12654.80808	-106.98908	265.69498	688.66484	745.85504	0.05894	1.28632	0.27427	0.09402	1.31859	12.88385	0.0655	
32.0	8	19.90171	9.2	0.21495	-39.52271	-1956.67599	-0.60166	1957.0752	-77.54944	1.53169	112.92224	136.99523	0.07	0.00391	0.19357	6e-05	0.19361	54.00696	5.104	
33.0	1	24.16141	-3.92188	1.76004	-14657.62629	3684.37391	-1067.4733	15151.24149	-92.55192	-593.9277	-779.09227	984.02273	0.06495	-1.56957	0.39453	-0.11431	-1.62243	-12.11897	0.07718	
33.0	2	24.27693	4.01755	1.75531	-12564.87101	-2679.09139	-908.43147	12879.39292	-104.41139	260.8167	674.96994	731.10294	0.05677	1.31447	0.28027	0.09504	1.34737	13.45291	0.06201	
33.0	8	19.88114	9.2	0.21596	-40.16412	-1999.88565	-0.61521	2000.28902	-77.59551	1.52252	116.54329	140.02043	0.07	0.00405	0.20154	6e-05	0.20158	56.6688	5.32149	
34.0	1	24.16348	-3.91949	1.74023	-14519.65876	3645.85241	-1045.42061	15006.85292	-85.43859	-561.07531	-770.08102	956.62429	0.06375	-1.55215	0.38974	-0.11176	-1.60423	-12.74489	0.07449	
34.0	2	24.27836	4.01778	1.73555	-12782.24843	-2725.50522	-913.72893	13101.49435	-92.66337	209.92178	670.1148	708.31313	0.05406	1.34253	0.28626	0.09597	1.37606	14.01295	0.05799	
34.0	8	19.86003	9.2	0.21663	-41.07391	-2057.18649	-0.63226	2057.59659	-78.20517	1.52428	120.94142	144.03194	0.07	0.00422	0.21119	6e-05	0.21123	59.3247	5.5418	
35.0	1	24.1656	-3.9171	1.71967	-14390.59101	3609.58935	-1023.90493	14871.67193	-79.72547	-532.74591	-757.58722	929.57665	0.06251	-1.53537	0.38512	-0.10924	-1.5867	-13.13281	0.07194	
35.0	2	24.27975	4.01818	1.71506	-12981.50683	-2768.20196	-917.09775	13305.01898	-80.90881	160.99716	659.30332	683.48166	0.05137	1.36875	0.29187	0.0967	1.40286	14.3367	0.05424	
35.0	8	19.83822	9.2	0.21685	-41.75883	-2104.07056	-0.64496	2104.48501	-78.50635	1.51988	124.6432	147.31423	0.07	0.00437	0.22006	7e-05	0.22011	60.93006	5.66998	
36.0	1	24.16765	-3.91474	1.6986	-14249.70175	3570.43911	-1001.45323	14724.29774	-87.56351	-562.63161	-759.9836	949.62981	0.06449	-1.51739	0.3802	-0.10664	-1.56793	-14.19981	0.07613	
36.0	2	24.28108	4.01849	1.69418	-13174.26661	-2809.47195	-919.37931	13501.84031	-81.60246	169.00054	652.8865	679.32387	0.05031	1.3944	0.29736	0.09731	1.42908	15.38316	0.05283	
36.0	8	19.81584	9.2	0.2168	-42.43046	-2151.00597	-0.65691	2151.42452	-77.85984	1.49649	128.9026	150.59972	0.07	0.00452	0.22922	7e-05	0.22926	65.64796	6.06867	
37.0	1	24.16968	-3.91232	1.67709	-14097.07275	3528.40206	-978.14558	14564.81548	-92.14311	-577.19769	-754.11821	954.11834	0.06551	-1.49832	0.37502	-0.10396	-1.54803	-13.28355	0.07854	
37.0	2	24.28246	4.01867	1.67293	-13365.54559	-2850.32348	-920.95589	13697.0914	-78.21594	158.18497	645.54707	669.23183	0.04886	1.42001	0.30283	0.09785	1.45523	14.4822	0.05094	
37.0	8	19.79324	9.2	0.21677	-42.99382	-2192.93401	-0.6672	2193.35553	-80.38277	1.53616	130.80226	153.53495	0.07	0.00467	0.23802	7e-05	0.23807	61.64494	5.7542	
38.0	1	24.17171	-3.91002	1.65518	-14045.02582	3511.80522	-961.72158	14509.32233	-99.8373	-600.43184	-734.49764	953.92488	0.06575	-1.49025	0.37262	-0.10204	-1.53952	-13.58446	0.07913	
38.0	2	24.2839	4.0187	1.65121	-13461.4065	-2870.707	-915.43802	13794.50798	-68.7128	120.87188	631.37332	646.50115	0.04687	1.43522	0.30607	0.0976	1.47073	14.73233	0.04842	
38.0	8	19.77199	9.2	0.21714	-41.18888	-2112.86787	-0.64134	2113.26941	-72.20894	1.36848	129.10051	147.92885	0.07	0.00455	0.23323	7e-05	0.23327	62.89763	5.77117	
39.0	1	24.17372	-3.90789	1.63288	-14014.34399	3500.96585	-946.53361	14475.99825	-104.61193	-610.75168	-710.12078	942.46103	0.06511	-1.48511	0.371	-0.1003	-1.53403	-13.87397	0.07755	
39.0	2	24.28543	4.01855	1.62896	-13539.94225	-2887.22907	-908.29174	13874.11697	-58.83897	77.68816	630.16393	637.65512	0.04596	1.44803	0.30877	0.09714	1.48376	14.97018	0.0473	
39.0	8	19.75401	9.2	0.21828	-39.46939	-2034.32307	-0.61797	2034.70601	-64.59389	1.21467	126.93421	142.42942	0.07	0.00442	0.22772	7e-05	0.22776	64.09681	5.795	
40.0	1	24.17572	-3.90598	1.61006	-13983.82105	3490.5715	-931.13689	14442.93448	-98.42368	-577.27408	-685.91129	901.89072	0.06245	-1.48033	0.36951	-0.09857	-1.52893	-14.22975	0.07182	
40.0	2	24.287	4.01837	1.60614	-13601.95747	-2900.18422	-899.63702	13936.77374	-42.14711	2.35726	629.63922	631.05268	0.04528	1.45848	0.31097	0.09646	1.49438	15.25829	0.04647	
40.0	8	19.73883	9.2	0.21987	-38.02338	-1967.59503	-0.59945	1967.96248	-57.8647	1.08014	125.01053	137.75748	0.07	0.00431	0.22282	7e-05	0.22286	65.55273	5.85028	
41.0	1	24.1777	-3.90431	1.58668	-13980.65037	3487.38276	-917.31467	14438.20936	-100.73386	-581.47665	-675.34821	896.85986	0.06212	-1.47866	0.36884	-0.09702	-1.52706	-14.54392	0.07118	
41.0	2	24.28862	4.01818	1.58275	-13678.80098	-2916.26503	-891.55817	14014.60217	-33.79691	-31.34638	621.06502	622.77331	0.04444	1.47	0.3134	0.09581	1.50608	15.53388	0.04545	
41.0	8	19.72647	9.2	0.22182	-36.89009	-1915.28824	-0.58617	1915.64357	-52.73943	0.97808	123.28454	134.09505	0.07	0.00422	0.21892	7e-05	0.21896	66.88612	5.91553	
42.0	1	24.17967	-3.90283	1.56272	-13975.36576	3483.9527	-903.07935	14431.36608	-93.29845	-546.89491	-666.02796	866.82864	0.06007	-1.47699	0.3682	-0.09544	-1.52518	-14.81672	0.06742	
42.0	2	24.29027	4.01793	1.55903	-13739.45908	-2928.83629	-882.01336	14075.82201	-19.44831	-93.51165	613.47094	620.86171	0.04411	1.47927	0.31533	0.09496	1.51548	15.76248	0.04506	
42.0	8	19.71686	9.2	0.2241	-35.98248	-1873.33099	-0.57657	1873.67662	-48.27098	0.88964	121.94824	131.15736	0.07	0.00414	0.21566	7e-05	0.2157	68.02155	5.96806	
43.0	1	24.1816	-3.90165	1.53834	-13979.59261	3483.24583	-889.18598	14434.42631	-84.64016	-507.8394	-658.68611	836.02165	0.05792	-1.47646	0.36788	-0.09391	-1.5245	-15.1972	0.06383	
43.0	2	24.29193	4.01773	1.5349	-13795.94357	-2940.55005	-871.8148	14132.76175	-5.58169	-154.46158	609.31138	628.60949	0.04448	1.48753	0.31706	0.094	1.52385	16.10567	0.0455	
43.0	8	19.70905	9.2	0.22657	-35.25974	-1839.91977	-0.57001	1840.25768	-44.44913	0.81436	120.90368	128.81804	0.07	0.00408	0.21303	7e-05	0.21307	69.64831	6.06974	
44.0	1	24.18339	-3.90067	1.51357	-13970.35632	3479.43292	-874.20576	14423.64534	-94.15474	-539.9235	-644.30179	845.87665	0.05865	-1.47478	0.36731	-0.09229	-1.52263	-14.91892	0.06501	
44.0	2	24.29342	4.01751	1.51036	-13825.72562	-2946.58068	-859.60894	14162.34282	-8.8075	-132.94355	597.36341	612.04134	0.04322	1.4927	0.31813	0.09281	1.52904	15.80664	0.044	
44.0	8	19.70236	9.2	0.22917	-34.87411	-1823.40217	-0.56884	1823.73573	-42.61679	0.77754	120.33531	127.6612	0.07	0.00406	0.21216	7e-05	0.2122	68.37797	5.94596	
45.0	1	24.1851	-3.89972	1.48828	-13957.52823	3474.85143	-858.73419	14409.18495	-104.7183	-577.52193	-634.88135	864.62237	0.06	-1.473	0.36672	-0.09063	-1.52067	-15.66949	0.06732	
45.0	2	24.295	4.0171	1.48529	-13858.18563	-2953.00452	-847.21995	14194.62315	-12.68754	-109.06186	587.67076	597.83977	0.04212	1.49797	0.3192	0.09158	1.53434	16.5226	0.04271	
45.0	8	19.69673	9.2	0.23197	-34.39014	-1801.08587	-0.5662	1801.41426	-40.06198	0.72736	119.56351	126.09887	0.07	0.00402	0.21041	7e-05	0.21045	71.657	6.20253	
46.0	1	24.18686	-3.89878	1.4624	-13950.70756	3471.83922	-843.35831	14400.94311	-108.56801	-592.86191	-644.70893	882.5655	0.06129	-1.47222	0.36638	-0.089	-1.51973	-15.64634	0.06961	
46.0	2	24.29665	4.01652	1.4595	-13891.62386	-2959.49008	-834.53003	14227.86826	-13.49704	-103.22388	590.73473	599.83736	0.04216	1.50331	0.32027	0.09031	1.5397	16.52154	0.04276	
46.0	8	19.69201	9.2	0.23488	-33.99709	-1782.95937	-0.56508	1783.28356	-38.06658	0.68817	118.88194	124.8297	0.07	0.00399	0.209	7e-05	0.20904	71.61933	6.18541	
47.0	1	24.18862	-3.89784	1.43623	-13949.44423	3470.28236	-828.16262	14398.46198	-110.80458	-593.86618	-622.12546	867.17633	0.06023	-1.47214	0.36623	-0.0874	-1.51953	-15.98893	0.0677	
47.0	2	24.29834	4.01586	1.43333	-13924.99179	-2965.88751	-821.60099	14261.02778	-10.65101	-111.09217	581.55001	592.16157	0.04152	1.50855	0.32131	0.08901	1.54495	16.81098	0.04202	
47.0	8	19.688	9.2	0.23788	-33.68181	-1768.46348	-0.56524	1768.78429	-36.10245	0.64975	118.43266	123.8148	0.07	0.00396	0.2079	7e-05	0.20793	73.04296	6.286	
48.0	1	24.19042	-3.89688	1.40951	-13954.41833	3470.31133	-813.00449	14402.42438	-107.86109	-579.13312	-620.70194	855.74534	0.05942	-1.47262	0.36622	-0.0858	-1.51989	-16.76982	0.0663	
48.0	2	24.30006	4.01515	1.40665	-13961.67005	-2972.9363	-808.46416	14297.55907	-5.27389	-131.49908	574.63363	589.51135	0.04123	1.51397	0.32238	0.08767	1.5504	17.55584	0.04168	
48.0	8	19.6846	9.2	0.24083	-33.4429	-1757.61238	-0.56645	1757.93061	-34.2011	0.61266	118.20524	123.05515	0.07	0.00394	0.20711	7e-05	0.20715	76.45813	6.55742	
49.0	1	24.19223	-3.89599	1.38236	-13963.05772	3471.34813	-797.82129	14410.19631	-101.5901	-550.07727	-615.42761	831.659	0.05771	-1.47352	0.36633	-0.08419	-1.5207	-16.93079	0.0635	
49.0	2	24.3018	4.01443	1.3798	-13999.29127	-2980.17398	-795.07649	14335.05282	2.68994	-164.49705	569.21896	592.51729	0.04133	1.51934	0.32344	0.08629	1.55578	17.69034	0.0418	
49.0	8	19.68167	9.2	0.2437	-33.26323	-1749.58297	-0.56842	1749.89923	-32.60039	0.58144	118.0737	122.49295	0.07	0.00393	0.20659	7e-05	0.20663	77.13291	6.5983	
50.0	1	24.19403	-3.89526	1.35491	-13976.50754	3473.71694	-782.64916	14422.96821	-92.16934	-508.03628	-608.91744	798.35863	0.05535	-1.47491	0.36657	-0.08259	-1.52202	-17.19795	0.05987	
50.0	2	24.30352	4.01392	1.35263	-14038.52342	-2987.91075	-781.45479	14374.2277	13.21959	-209.6572	564.14461	601.9884	0.04188	1.52466	0.3245	0.08487	1.56112	17.92657	0.04243	
50.0	8	19.67914	9.2	0.24643	-33.11503	-1742.97706	-0.57061	1743.29171	-31.01702	0.55066	118.02145	122.03041	0.07	0.00392	0.20618	7e-05	0.20621	78.26791	6.6786	
51.0	1	24.19569	-3.89467	1.32706	-13979.13466	3473.53629	-766.61658	14424.60957	-99.0095	-531.8355	-604.32146	811.08342	0.05623	-1.47522	0.36656	-0.0809	-1.52223	-17.49937	0.06119	
51.0	2	24.30508	4.01343	1.32505	-14055.91251	-2991.02604	-766.31623	14391.04423	8.51283	-183.04976	558.32168	587.6247	0.04083	1.5275	0.32504	0.08328	1.56392	18.21008	0.04122	
51.0	8	19.67681	9.2	0.24899	-33.12423	-1744.5365	-0.57522	1744.85104	-30.24808	0.53531	118.33361	122.13958	0.07	0.00392	0.2067	7e-05	0.20673	79.58305	6.78226	
52.0	1	24.1973	-3.89407	1.29879	-13975.80807	3471.90236	-750.02926	14420.12001	-106.72956	-558.98364	-598.7831	826.0721	0.05729	-1.4751	0.36645	-0.07916	-1.522	-17.72826	0.06282	
52.0	2	24.30668	4.01283	1.29694	-14076.50839	-2994.73868	-751.0793	14411.13001	3.88397	-156.86293	552.65909	574.50251	0.03987	1.53075	0.32566	0.08168	1.56713	18.42424	0.04012	
52.0	8	19.67473	9.2	0.25151	-33.02198	-1740.07088	-0.57779	1740.38428	-29.23658	0.51556	118.26559	121.8269	0.07	0.00392	0.20646	7e-05	0.2065	80.58307	6.8578	
53.0	1	24.19894	-3.89344	1.27004	-13979.24934	3471.9329	-733.61597	14422.61844	-110.53268	-567.9813	-581.81545	820.56654	0.05689	-1.47586	0.36655	-0.07745	-1.52267	-19.11856	0.06221	
53.0	2	24.30831	4.01222	1.26835	-14101.92333	-2999.45357	-735.8559	14436.15071	3.25819	-148.65348	543.49285	563.46513	0.03903	1.53453	0.32639	0.08007	1.5709	19.74652	0.03918	
53.0	8	19.6729	9.2	0.25395	-32.95593	-1737.36282	-0.58083	1737.67546	-28.05842	0.49267	118.35602	121.63743	0.07	0.00392	0.2064	7e-05	0.20644	86.64335	7.35438	
54.0	1	24.20062	-3.89273	1.24088	-13987.62769	3473.15628	-717.14747	14430.20594	-108.05092	-555.78657	-584.20004	813.54987	0.05638	-1.4771	0.36677	-0.07573	-1.52384	-19.47398	0.06142	
54.0	2	24.30997	4.01158	1.23904	-14131.18928	-3004.96204	-720.46699	14465.10906	6.56506	-160.06938	538.85932	562.16961	0.03886	1.53867	0.32719	0.07845	1.57503	20.08659	0.03899	
54.0	8	19.67125	9.2	0.25623	-32.91158	-1735.6899	-0.58395	1736.002	-26.97496	0.47163	118.48767	121.52037	0.07	0.00391	0.20644	7e-05	0.20647	88.20896	7.4755	
55.0	1	24.20234	-3.89196	1.21129	-13999.33355	3475.18149	-700.61641	14441.22882	-101.03541	-524.78753	-584.2048	791.77355	0.05483	-1.47854	0.36703	-0.074	-1.52521	-19.02121	0.0591	
55.0	2	24.31164	4.01092	1.20965	-14164.01327	-3011.20288	-704.9742	14497.71027	13.76925	-189.70962	533.67377	566.55717	0.03908	1.54308	0.32805	0.0768	1.57944	19.63354	0.03923	
55.0	8	19.66976	9.2	0.25834	-32.90108	-1735.71206	-0.58738	1736.02396	-25.95773	0.45186	118.71638	121.52196	0.07	0.00392	0.20665	7e-05	0.20669	86.20465	7.29046	
56.0	1	24.20404	-3.89133	1.18148	-14018.7798	3479.22392	-684.2662	14460.26993	-90.65319	-479.19785	-579.2913	757.24962	0.05237	-1.48072	0.36749	-0.07227	-1.52735	-19.0268	0.0556	
56.0	2	24.31328	4.01045	1.18008	-14198.52302	-3017.95049	-689.31298	14532.07603	24.01737	-234.68715	532.79578	582.6888	0.0401	1.54751	0.32893	0.07513	1.58387	19.62334	0.04038	
56.0	8	19.66842	9.2	0.26028	-32.8554	-1733.79156	-0.58987	1734.10294	-24.73181	0.42824	118.84027	121.38722	0.07	0.00392	0.20661	7e-05	0.20665	86.20671	7.28779	
57.0	1	24.20564	-3.89092	1.1514	-14032.87622	3482.11392	-667.40802	14473.84419	-87.6779	-462.95911	-571.91882	741.01936	0.0512	-1.48226	0.36781	-0.0705	-1.52883	-19.09552	0.05401	
57.0	2	24.31479	4.01012	1.15024	-14220.29478	-3022.12489	-672.75647	14553.44027	26.60274	-242.27575	526.02799	579.75054	0.03984	1.55043	0.3295	0.07335	1.58675	19.6702	0.04009	
57.0	8	19.66712	9.2	0.26201	-33.04158	-1744.08947	-0.5962	1744.40253	-24.18556	0.41728	119.68832	122.10818	0.07	0.00394	0.20803	7e-05	0.20806	86.47296	7.30395	
58.0	1	24.20709	-3.89049	1.12091	-14030.17025	3480.84223	-649.52208	14470.10085	-101.88694	-516.20495	-565.54952	772.4602	0.05338	-1.48215	0.36772	-0.06862	-1.52862	-19.20388	0.05702	
58.0	2	24.3162	4.00971	1.11993	-14228.99219	-3023.46739	-655.32699	14561.42257	15.33512	-184.91244	520.15787	552.26079	0.03793	1.55202	0.32978	0.07148	1.58828	19.76757	0.03794	
58.0	8	19.66574	9.2	0.26355	-33.09252	-1747.29918	-0.59978	1747.61263	-23.69229	0.40752	120.01602	122.33289	0.07	0.00395	0.2086	7e-05	0.20863	86.94106	7.33917	
59.0	1	24.20858	-3.88999	1.08995	-14034.39827	3481.22583	-631.75674	14473.5063	-108.54881	-539.31512	-560.43796	785.32436	0.05426	-1.48303	0.36787	-0.06676	-1.52943	-19.42233	0.05827	
59.0	2	24.31765	4.00921	1.08914	-14245.33364	-3026.36241	-638.01751	14577.22423	10.40796	-157.42316	514.33488	537.98768	0.03691	1.55469	0.33029	0.06963	1.59091	19.97016	0.03681	
59.0	8	19.66439	9.2	0.26497	-33.15875	-1751.30344	-0.60345	1751.61743	-23.04498	0.39483	120.42747	122.61322	0.07	0.00396	0.20927	7e-05	0.20931	87.8914	7.41329	
60.0	1	24.2101	-3.88941	1.0587	-14045.25697	3483.1918	-614.0731	14483.74794	-109.06424	-537.93347	-556.75806	781.82285	0.05398	-1.48462	0.36818	-0.06491	-1.53097	-19.95653	0.05787	
60.0	2	24.31917	4.00857	1.05775	-14271.2309	-3031.16751	-620.88243	14602.79093	10.96888	-155.69563	507.98682	531.42455	0.03639	1.55841	0.331	0.0678	1.59461	20.47726	0.03625	
60.0	8	19.66307	9.2	0.26624	-33.21515	-1754.76864	-0.60669	1755.08308	-22.1977	0.37839	120.83325	122.85583	0.07	0.00397	0.20988	7e-05	0.20992	90.22854	7.60131	
61.0	1	24.21166	-3.88873	1.02711	-14060.14173	3486.09681	-596.38092	14498.14218	-103.13364	-509.29773	-545.60369	753.46142	0.05197	-1.48639	0.36854	-0.06305	-1.53269	-17.99475	0.05506	
61.0	2	24.3207	4.00786	1.02635	-14300.6361	-3036.65545	-603.67539	14631.94769	17.26464	-181.12284	502.11148	534.05945	0.0365	1.56235	0.33176	0.06595	1.59855	18.54304	0.03636	
61.0	8	19.6618	9.2	0.26734	-33.27538	-1758.41535	-0.60973	1758.73027	-21.442	0.36372	121.22882	123.111	0.07	0.00398	0.2105	7e-05	0.21054	81.54866	6.87228	
62.0	1	24.21321	-3.88815	0.99523	-14080.92646	3490.53212	-578.68526	14518.64942	-92.45127	-461.88221	-536.41441	713.87873	0.04917	-1.48867	0.36903	-0.06118	-1.53495	-21.52088	0.05134	
62.0	2	24.3222	4.00736	0.99472	-14334.31582	-3043.21606	-586.35648	14665.52379	27.42295	-225.27646	498.80188	548.00075	0.03737	1.56665	0.3326	0.06408	1.60285	21.95379	0.03732	
62.0	8	19.66057	9.2	0.26823	-33.32617	-1761.54789	-0.61224	1761.86321	-20.09443	0.33787	121.68201	123.3305	0.07	0.00399	0.21105	7e-05	0.21109	97.04426	8.15173	
63.0	1	24.21464	-3.88781	0.96307	-14094.71097	3493.41773	-560.46305	14531.99793	-90.35653	-450.53679	-535.92111	705.94556	0.04858	-1.49013	0.36933	-0.05925	-1.53636	-21.5198	0.05058	
63.0	2	24.32355	4.00711	0.96285	-14353.71698	-3046.95749	-568.18737	14684.54895	29.34703	-230.66397	495.58351	547.42135	0.03728	1.56924	0.33311	0.06212	1.60541	21.94597	0.03722	
63.0	8	19.65934	9.2	0.2689	-33.41463	-1766.6786	-0.61507	1766.99468	-19.3037	0.32257	122.17357	123.6896	0.07	0.00401	0.21184	7e-05	0.21188	97.03226	8.14557	
64.0	1	24.21595	-3.88721	0.93054	-13838.8003	3428.9807	-531.63722	14267.19806	-64.90737	-345.57349	-539.32392	643.82008	0.04513	-1.46249	0.36238	-0.05618	-1.50777	-19.98166	0.04628	
64.0	2	24.32472	4.00713	0.9305	-14614.29822	-3102.16271	-558.98225	14950.3708	-10.81616	-34.78703	475.83909	477.23157	0.03192	1.59911	0.33944	0.06116	1.63588	20.42427	0.03144	
64.0	8	19.65481	9.2	0.26873	-39.36784	-2084.47067	-0.72469	2084.84251	-31.65586	0.54833	142.46305	145.93874	0.07	0.00473	0.25071	9e-05	0.25075	90.21193	7.65349	
65.0	1	24.21739	-3.88617	0.89768	-13756.75272	3406.9345	-509.83727	14181.51551	-70.17914	-362.87304	-531.24327	647.1641	0.04563	-1.4527	0.35977	-0.05384	-1.49756	-20.64043	0.0469	
65.0	2	24.32585	4.00743	0.89775	-14732.39288	-3127.39808	-543.70416	15070.48881	-26.82467	45.07762	467.56288	470.49612	0.03122	1.6147	0.34277	0.05959	1.65176	21.04971	0.0307	
65.0	8	19.64641	9.2	0.26766	-40.3137	-2140.7265	-0.74066	2141.10618	-32.30053	0.55764	146.35438	149.87742	0.07	0.00488	0.25896	9e-05	0.259	93.09618	7.90581	
66.0	1	24.21889	-3.88489	0.86456	-13709.01591	3393.22134	-489.31809	14131.18893	-72.80983	-369.87847	-525.0745	646.38578	0.04574	-1.44641	0.35801	-0.05163	-1.49096	-20.81809	0.04703	
66.0	2	24.32702	4.0075	0.86466	-14834.80779	-3149.10325	-527.37057	15174.53437	-33.89621	82.60635	460.22257	468.80441	0.03089	1.62854	0.3457	0.05789	1.66584	21.20836	0.03036	
66.0	8	19.63793	9.2	0.2664	-40.62951	-2163.87567	-0.74474	2164.2572	-31.48129	0.5401	148.19003	151.49801	0.07	0.00494	0.26324	9e-05	0.26329	93.86976	7.97252	
67.0	1	24.22042	-3.8835	0.83115	-13702.34593	3389.65732	-470.19985	14123.21311	-74.12118	-371.45199	-517.78187	641.53612	0.04542	-1.4445	0.35734	-0.04957	-1.48886	-20.98765	0.04664	
67.0	2	24.32824	4.00742	0.83143	-14913.24938	-3165.57996	-509.78753	15254.04166	-31.51659	75.36407	454.00047	461.29109	0.03024	1.63958	0.34803	0.05605	1.67705	21.3566	0.02967	
67.0	8	19.63007	9.2	0.26511	-40.21242	-2147.57302	-0.73531	2147.94959	-28.80059	0.48875	147.57152	150.35647	0.07	0.00492	0.26261	9e-05	0.26266	94.60466	8.02409	
68.0	1	24.22192	-3.8823	0.79767	-13718.17493	3391.89925	-451.69174	14138.5052	-69.95291	-351.11241	-512.10073	624.83638	0.04419	-1.44526	0.35735	-0.04759	-1.48954	-21.21828	0.04516	
68.0	2	24.32947	4.00728	0.79803	-14979.82454	-3179.4772	-491.43706	15321.41406	-21.67864	32.52368	450.38104	452.07393	0.02951	1.64906	0.35001	0.0541	1.68667	21.56595	0.02891	
68.0	8	19.6234	9.2	0.26386	-39.56813	-2118.12339	-0.72172	2118.49306	-25.54176	0.42737	146.07772	148.29452	0.07	0.00486	0.26014	9e-05	0.26018	95.61047	8.09511	
69.0	1	24.22322	-3.88123	0.76395	-13712.57977	3389.06106	-432.28335	14131.78856	-83.69071	-404.29807	-514.88288	659.97382	0.0467	-1.44403	0.35689	-0.04552	-1.48818	-21.40466	0.04821	
69.0	2	24.33052	4.00715	0.76425	-15029.84175	-3189.89254	-472.18544	15371.87421	-33.22333	89.60831	452.15383	462.1434	0.03006	1.65658	0.35159	0.05204	1.69428	21.75566	0.02949	
69.0	8	19.61773	9.2	0.26277	-39.32948	-2109.55042	-0.71571	2109.91713	-23.80431	0.39434	145.76274	147.6942	0.07	0.00485	0.26003	9e-05	0.26008	96.4705	8.16511	
70.0	1	24.22448	-3.88007	0.73005	-13718.16984	3389.00214	-413.19858	14136.62804	-101.24149	-471.04623	-502.24933	695.98044	0.04923	-1.44436	0.35682	-0.0435	-1.48842	-21.48875	0.05142	
70.0	2	24.33156	4.00686	0.73037	-15075.24278	-3199.17511	-452.62372	15417.6047	-42.20309	136.49478	440.87655	463.44801	0.03006	1.66371	0.35306	0.04995	1.7015	21.81846	0.02948	
70.0	8	19.61275	9.2	0.26178	-38.91011	-2090.69777	-0.70654	2091.05994	-21.78642	0.35655	144.74331	146.37419	0.07	0.00481	0.25853	9e-05	0.25858	96.82044	8.18866	
71.0	1	24.22576	-3.87886	0.69559	-13732.79932	3391.20684	-394.18335	14150.81063	-110.44887	-505.05793	-497.18918	717.2723	0.05069	-1.44594	0.35706	-0.0415	-1.48995	-21.57423	0.05333	
71.0	2	24.33267	4.00633	0.69623	-15129.61931	-3210.13319	-433.0006	15472.48607	-46.22169	159.07598	435.70715	466.13553	0.03013	1.67171	0.35469	0.04784	1.70959	21.89331	0.02955	
71.0	8	19.6085	9.2	0.26074	-38.59248	-2076.69541	-0.69912	2077.05409	-19.9003	0.32133	144.02509	145.39379	0.07	0.00479	0.25749	9e-05	0.25754	97.20334	8.21624	
72.0	1	24.22708	-3.8775	0.66092	-13724.76471	3387.71926	-374.40898	14141.64029	-104.51502	-477.38819	-488.27111	690.81948	0.04885	-1.44503	0.35668	-0.03942	-1.48892	-21.75258	0.05093	
72.0	2	24.33379	4.00571	0.66194	-15219.93839	-3228.62145	-414.09235	15564.12521	-49.14654	177.01169	426.24201	464.14521	0.02982	1.68355	0.35713	0.0458	1.72162	22.04225	0.02923	
72.0	8	19.60445	9.2	0.25959	-39.08706	-2106.27189	-0.70616	2106.63465	-19.50456	0.31295	146.16854	147.46447	0.07	0.00486	0.26183	9e-05	0.26187	97.96261	8.28125	
73.0	1	24.22838	-3.8762	0.62624	-13733.55833	3388.42771	-354.94629	14149.84288	-95.12705	-436.30174	-484.42259	658.84263	0.04656	-1.44585	0.35673	-0.03737	-1.48968	-21.83993	0.04804	
73.0	2	24.33493	4.00506	0.62736	-15310.55998	-3247.14818	-394.77304	15656.08713	-45.60739	163.74942	421.90319	454.85845	0.02905	1.69535	0.35956	0.04371	1.73361	22.11109	0.02844	
73.0	8	19.60037	9.2	0.25823	-39.33564	-2122.71296	-0.7083	2123.0775	-18.47914	0.29323	147.46179	148.61542	0.07	0.0049	0.26455	9e-05	0.26459	98.33925	8.31239	
74.0	1	24.22957	-3.87504	0.59154	-13724.64129	3384.84879	-334.92545	14139.84282	-91.24922	-417.47873	-479.92618	642.60722	0.04545	-1.4447	0.3563	-0.03526	-1.4884	-21.9764	0.04667	
74.0	2	24.33592	4.00465	0.59254	-15402.73422	-3266.22167	-375.12017	15749.70287	-51.14259	193.3969	416.02292	461.61997	0.02931	1.70742	0.36207	0.04158	1.74589	22.22985	0.0287	
74.0	8	19.59602	9.2	0.25669	-39.87129	-2154.96647	-0.71525	2155.33541	-18.16911	0.28645	149.77526	150.87355	0.07	0.00498	0.2693	9e-05	0.26934	98.93374	8.36581	
75.0	1	24.23061	-3.87374	0.55658	-13716.21796	3381.30663	-314.85123	14130.35742	-104.73001	-469.03972	-474.72413	675.52175	0.04781	-1.44296	0.35572	-0.03312	-1.48653	-21.84351	0.0496	
75.0	2	24.33676	4.00418	0.55752	-15469.12314	-3279.81476	-354.51043	15816.97295	-66.27382	268.2665	409.95518	494.39092	0.03126	1.71603	0.36384	0.03933	1.75462	22.09705	0.03074	
75.0	8	19.59153	9.2	0.25509	-40.03886	-2167.52602	-0.71543	2167.89591	-17.447	0.27253	150.74623	151.75275	0.07	0.00501	0.27147	9e-05	0.27152	98.36395	8.32099	
76.0	1	24.23168	-3.87239	0.52126	-13705.76344	3377.23658	-294.68184	14118.80009	-113.65033	-501.90836	-466.26141	694.42646	0.04918	-1.4428	0.35552	-0.03102	-1.48628	-22.18786	0.05136	
76.0	2	24.33764	4.00351	0.52254	-15543.22509	-3294.84754	-333.789	15892.11382	-79.3039	333.53096	400.56645	527.24329	0.03318	1.72746	0.36619	0.0371	1.76624	22.41574	0.03277	
76.0	8	19.58717	9.2	0.2534	-40.33906	-2187.22104	-0.71777	2187.59312	-16.81848	0.26024	152.20487	153.13148	0.07	0.00507	0.27482	9e-05	0.27487	99.87662	8.45098	
77.0	1	24.23279	-3.87088	0.48558	-13730.35843	3381.71468	-275.14948	14143.35335	-110.27947	-485.25657	-460.92265	678.2958	0.04796	-1.44558	0.35604	-0.02897	-1.48906	-22.32784	0.04979	
77.0	2	24.33855	4.00269	0.48742	-15605.97342	-3307.33049	-312.51665	15955.64188	-82.83165	353.43009	396.00609	537.21014	0.03367	1.73665	0.36804	0.03478	1.77556	22.53744	0.0333	
77.0	8	19.5831	9.2	0.25161	-40.07882	-2176.32359	-0.7099	2176.69272	-14.87065	0.22439	151.64092	152.36849	0.07	0.00505	0.27413	9e-05	0.27418	100.49449	8.50087	
78.0	1	24.2339	-3.86938	0.45003	-13759.63578	3387.37529	-255.52477	14172.76194	-94.63594	-419.09759	-459.77815	629.2811	0.0444	-1.44882	0.35667	-0.02691	-1.49232	-22.40237	0.04541	
78.0	2	24.33948	4.00184	0.45197	-15672.72887	-3320.62123	-291.01408	16023.28445	-80.64084	345.91039	395.94207	531.90889	0.0332	1.74602	0.36993	0.03242	1.78507	22.5986	0.03279	
78.0	8	19.57949	9.2	0.24974	-39.86984	-2167.84023	-0.70277	2168.20694	-12.90129	0.18825	151.22506	151.77449	0.07	0.00503	0.27365	9e-05	0.2737	100.83062	8.52764	
79.0	1	24.23492	-3.86813	0.41456	-13803.457	3396.84804	-236.00866	14217.23257	-83.15824	-369.61703	-456.17696	592.98353	0.04171	-1.45371	0.35774	-0.02486	-1.49729	-22.34821	0.04223	
79.0	2	24.34035	4.00115	0.41626	-15744.23874	-3335.05788	-269.33602	16095.84439	-80.45729	347.9538	394.64734	532.25158	0.03307	1.75581	0.37193	0.03004	1.79502	22.53325	0.03265	
79.0	8	19.57636	9.2	0.24784	-39.61445	-2156.45436	-0.69471	2156.8183	-11.01265	0.1538	150.57501	150.97727	0.07	0.00501	0.27274	9e-05	0.27278	100.58962	8.50622	
80.0	1	24.2357	-3.8668	0.37891	-13816.67311	3398.82432	-215.79141	14230.21534	-100.0199	-435.55464	-456.14145	638.57407	0.04487	-1.45557	0.35806	-0.02273	-1.49914	-22.55595	0.04598	
80.0	2	24.34099	4.00043	0.38036	-15778.60211	-3341.62393	-246.7607	16130.45647	-103.13648	457.89756	394.01763	612.82723	0.03799	1.76145	0.37304	0.02755	1.80073	22.74299	0.03801	
80.0	8	19.5738	9.2	0.24592	-39.30518	-2141.66783	-0.68565	2142.02859	-9.63828	0.12898	149.63182	149.94197	0.07	0.00498	0.27128	9e-05	0.27133	101.55186	8.58882	
81.0	1	24.23648	-3.86545	0.34299	-13849.87333	3405.76142	-195.7875	14263.81908	-106.90216	-460.79406	-453.41621	655.24461	0.04594	-1.45991	0.359	-0.02064	-1.50355	-22.60205	0.04727	
81.0	2	24.3417	3.99938	0.34466	-15821.09694	-3349.60743	-224.16549	16173.34933	-120.44084	542.63516	392.08298	680.21172	0.04206	1.76807	0.37433	0.02505	1.80744	22.78763	0.04264	
81.0	8	19.57177	9.2	0.24405	-38.95255	-2124.08313	-0.67596	2124.44037	-8.13971	0.10202	148.48786	148.71082	0.07	0.00494	0.26939	9e-05	0.26943	101.78545	8.60914	
82.0	1	24.23732	-3.86399	0.30672	-13894.72145	3415.52028	-175.7922	14309.43625	-94.18464	-406.34257	-450.54321	613.98226	0.04291	-1.46555	0.36025	-0.01854	-1.5093	-22.66819	0.04363	
82.0	2	24.34242	3.99822	0.309	-15851.31751	-3354.87279	-201.2431	16203.70134	-122.44621	555.04762	391.66388	690.26917	0.0426	1.77314	0.37528	0.02251	1.81256	22.84156	0.04327	
82.0	8	19.57036	9.2	0.24216	-38.51124	-2101.17482	-0.6647	2101.52782	-6.15614	0.06634	146.97811	147.107	0.07	0.00489	0.2667	8e-05	0.26675	102.08727	8.63329	
83.0	1	24.23816	-3.8625	0.27051	-13953.89242	3428.80995	-155.71378	14369.83292	-83.63837	-360.76708	-449.03468	582.04846	0.0405	-1.47274	0.36189	-0.01643	-1.51664	-22.70522	0.04085	
83.0	2	24.34314	3.99713	0.27307	-15891.88323	-3362.37277	-178.22253	16244.66886	-118.41405	538.91773	391.53264	676.57373	0.04165	1.77925	0.37645	0.01995	1.81875	22.86746	0.04216	
83.0	8	19.56947	9.2	0.24015	-38.12292	-2080.74909	-0.65418	2081.09841	-4.27123	0.03248	145.61426	145.67689	0.07	0.00484	0.26426	8e-05	0.2643	102.26028	8.64689	
84.0	1	24.23892	-3.86137	0.23451	-14026.21298	3445.64212	-135.59231	14443.87363	-60.43437	-263.60744	-447.16096	522.58407	0.03618	-1.48131	0.36389	-0.01432	-1.52542	-22.62018	0.03601	
84.0	2	24.34383	3.99613	0.23684	-15926.92574	-3368.78848	-155.0347	16280.04101	-111.09729	507.17488	392.64338	650.95145	0.03998	1.78437	0.37742	0.01737	1.82393	22.77289	0.04025	
84.0	8	19.56913	9.2	0.23807	-37.53366	-2048.94201	-0.64011	2049.28586	-2.03584	-0.00752	143.43561	143.45006	0.07	0.00477	0.26027	8e-05	0.26032	101.88322	8.61436	
85.0	1	24.2394	-3.86037	0.19841	-14076.21895	3457.18314	-115.01961	14495.00896	-66.95328	-287.49634	-447.56293	536.14313	0.03699	-1.48768	0.36538	-0.01216	-1.53194	-22.37529	0.0369	
85.0	2	24.34427	3.99513	0.20048	-15916.32843	-3365.57597	-131.30679	16268.80001	-130.99629	604.0461	396.14802	734.14234	0.04513	1.78426	0.37729	0.01472	1.82377	22.54349	0.04628	
85.0	8	19.56949	9.2	0.23596	-36.86571	-2012.33525	-0.62474	2012.67301	-0.48427	-0.03487	140.88624	140.88708	0.07	0.00468	0.25557	8e-05	0.25562	100.84129	8.52792	
86.0	1	24.23983	-3.85945	0.16201	-14141.67785	3472.67324	-94.34389	14562.12254	-68.70941	-292.07823	-451.81487	542.37197	0.03725	-1.49609	0.36739	-0.00998	-1.54058	-22.80406	0.03719	
86.0	2	24.34474	3.99389	0.16433	-15907.83267	-3362.58463	-107.56191	16259.69512	-143.64879	666.7533	400.94608	791.17172	0.04866	1.78429	0.37716	0.01206	1.82375	22.97255	0.05068	
86.0	8	19.57065	9.2	0.2339	-36.15684	-1972.93153	-0.60885	1973.26291	1.16971	-0.06406	138.12339	138.12835	0.07	0.00459	0.2504	8e-05	0.25044	102.79098	8.69233	
87.0	1	24.24028	-3.85846	0.12543	-14223.34303	3492.14263	-73.54972	14645.9536	-59.4351	-251.67019	-455.50687	523.79092	0.03576	-1.50639	0.36985	-0.00779	-1.55115	-22.85762	0.03556	
87.0	2	24.34523	3.99261	0.12832	-15901.95945	-3360.09025	-83.85024	16253.29357	-149.03858	695.21811	405.60179	818.56797	0.05036	1.78451	0.37707	0.00941	1.82394	23.03072	0.0529	
87.0	8	19.5725	9.2	0.2319	-35.35949	-1928.25894	-0.5917	1928.58321	2.97351	-0.09594	134.96798	135.00076	0.07	0.00448	0.24447	8e-05	0.24451	103.06678	8.71615	
88.0	1	24.24076	-3.85735	0.08896	-14316.25705	3514.3447	-52.53099	14741.39051	-40.16342	-170.49477	-460.44406	492.63607	0.03342	-1.51787	0.3726	-0.00557	-1.56294	-22.81617	0.03303	
88.0	2	24.34571	3.99137	0.09218	-15898.00145	-3358.01923	-60.1406	16248.88797	-148.46752	695.46152	415.08861	823.41234	0.05067	1.78467	0.37696	0.00675	1.82406	22.99807	0.05331	
88.0	8	19.57514	9.2	0.22989	-34.57984	-1884.0892	-0.57493	1884.4066	4.76582	-0.1277	131.82233	131.90851	0.07	0.00438	0.23849	7e-05	0.23853	102.92551	8.70546	
89.0	1	24.24117	-3.85654	0.0527	-14422.30373	3540.05447	-31.26923	14850.44809	-14.08571	-61.51322	-467.28971	471.5315	0.03175	-1.53083	0.37575	-0.00332	-1.57628	-22.83054	0.03126	
89.0	2	24.34617	3.99018	0.05579	-15893.16323	-3355.8166	-36.44966	16243.62863	-142.79962	671.68701	424.67684	807.40671	0.04971	1.7844	0.37677	0.00409	1.82375	23.01993	0.05204	
89.0	8	19.57848	9.2	0.2279	-33.71916	-1835.12933	-0.55696	1835.43917	6.62185	-0.16061	128.30986	128.48072	0.07	0.00426	0.23184	7e-05	0.23187	103.0273	8.71581	
90.0	1	24.24131	-3.85594	0.01642	-14506.57039	3560.69486	-9.65174	14937.17596	-12.59249	-52.60026	-478.6347	481.68094	0.03225	-1.54169	0.37841	-0.00103	-1.58745	-22.7648	0.03178	
90.0	2	24.34646	3.9889	0.01926	-15857.43418	-3347.03742	-12.72478	16206.8208	-159.48493	753.93027	439.22181	886.99611	0.05473	1.78048	0.37581	0.00143	1.81971	22.98981	0.05895	
90.0	8	19.58256	9.2	0.22601	-32.81552	-1783.48977	-0.53854	1783.79172	7.84126	-0.18191	124.61886	124.86544	0.07	0.00414	0.22476	7e-05	0.2248	102.82917	8.70163	
91.0	1	24.24138	-3.8554	-0.01995	-14601.58484	3584.09115	12.14873	15035.03032	0.71522	4.6044	-498.75766	498.77943	0.03317	-1.55409	0.38147	0.00129	-1.60023	-22.60355	0.03277	
91.0	2	24.34671	3.98737	-0.01687	-15799.89449	-3333.4465	10.79018	16147.7134	-175.19672	831.89956	463.66441	968.36741	0.05997	1.77406	0.37429	-0.00121	1.81312	22.89139	0.06725	
91.0	8	19.58737	9.2	0.22449	-31.74191	-1722.35038	-0.5181	1722.64292	9.12018	-0.20425	120.23945	120.58501	0.07	0.00399	0.21643	7e-05	0.21647	102.26419	8.65978	
92.0	1	24.24147	-3.85473	-0.05653	-14713.24979	3611.54705	34.43629	15150.05536	-2.91207	-7.09958	-499.63609	499.69501	0.03298	-1.56847	0.385	0.00367	-1.61503	-22.70968	0.03256	
92.0	2	24.34698	3.98576	-0.05309	-15765.77804	-3324.7315	34.3581	16112.56582	-180.35352	860.07091	468.3421	995.78797	0.0618	1.77022	0.37331	-0.00386	1.80916	23.00498	0.07058	
92.0	8	19.59287	9.2	0.22297	-30.94168	-1675.81431	-0.50224	1676.10001	10.08113	-0.22117	116.89289	117.327	0.07	0.00388	0.20987	6e-05	0.20991	102.77839	8.70241	
93.0	1	24.24158	-3.8539	-0.09299	-14836.87639	3641.88413	57.01998	15277.41707	7.27761	37.53398	-503.63754	505.08666	0.03306	-1.58414	0.38885	0.00609	-1.63118	-21.93888	0.03265	
93.0	2	24.34724	3.98415	-0.08922	-15729.47564	-3315.53924	57.72166	16075.21497	-181.58599	869.79307	477.82031	1008.87348	0.06276	1.76594	0.37223	-0.00648	1.80475	22.27049	0.07244	
93.0	8	19.59904	9.2	0.22174	-30.00209	-1621.56244	-0.48469	1621.84004	11.32204	-0.24324	112.9626	113.52884	0.07	0.00374	0.20231	6e-05	0.20234	99.41511	8.42246	
94.0	1	24.24166	-3.85324	-0.12927	-14972.41718	3675.35046	79.95878	15417.12913	26.74058	120.37406	-525.84302	540.10726	0.03503	-1.6012	0.39305	0.00855	-1.64876	-22.72631	0.03477	
94.0	2	24.34751	3.98254	-0.12548	-15690.70179	-3305.82922	80.87909	16035.37249	-176.86004	851.69967	500.93961	1003.79893	0.0626	1.76111	0.37104	-0.00908	1.79979	23.07738	0.07212	
94.0	8	19.6059	9.2	0.2206	-28.99032	-1563.27179	-0.46622	1563.54065	12.35127	-0.26148	108.74836	109.44783	0.07	0.0036	0.19421	6e-05	0.19424	103.01936	8.7288	
95.0	1	24.24149	-3.85278	-0.16563	-15093.82818	3705.59209	103.22842	15542.38456	7.38694	44.60475	-521.07597	523.03376	0.03365	-1.61699	0.39698	0.01106	-1.66504	-22.75187	0.03328	
95.0	2	24.34763	3.98081	-0.16188	-15648.74641	-3295.37883	103.92065	15992.29769	-184.31926	891.24137	506.27703	1041.44188	0.06512	1.75582	0.36975	-0.01166	1.79437	23.11997	0.07759	
95.0	8	19.61323	9.2	0.21953	-28.14908	-1514.16949	-0.45072	1514.43118	12.85328	-0.27027	105.22761	106.01005	0.07	0.00348	0.18723	6e-05	0.18727	103.18962	8.74615	
96.0	1	24.24128	-3.8522	-0.20207	-15203.76448	3732.97184	126.78218	15655.84896	-9.3779	-20.15752	-531.08362	531.54876	0.03395	-1.63212	0.40073	0.01361	-1.68065	-23.33733	0.0336	
96.0	2	24.34771	3.97876	-0.19813	-15615.77565	-3286.54899	126.92429	15958.38222	-193.16712	937.25785	503.36667	1081.26954	0.06776	1.75186	0.3687	-0.01424	1.7903	23.71736	0.085	
96.0	8	19.62095	9.2	0.21867	-27.80191	-1491.63304	-0.44349	1491.89218	12.86644	-0.27063	103.63565	104.43163	0.07	0.00342	0.18354	5e-05	0.18358	105.87286	8.95837	
97.0	1	24.24113	-3.85137	-0.23799	-15360.50532	3771.70813	150.95509	15817.51223	-22.81124	-71.12537	-544.05615	549.1596	0.03472	-1.65248	0.40576	0.01624	-1.70165	-22.4194	0.03443	
97.0	2	24.34784	3.97654	-0.23388	-15552.95833	-3271.29023	149.36867	15893.96627	-190.42945	929.45313	527.35082	1085.47012	0.06829	1.74461	0.36695	-0.01676	1.78286	22.86909	0.08697	
97.0	8	19.62919	9.2	0.218	-26.58567	-1422.45538	-0.42271	1422.70387	13.76704	-0.28662	98.63269	99.58926	0.07	0.00325	0.17411	5e-05	0.17414	101.9249	8.6348	
98.0	1	24.24097	-3.85067	-0.27397	-15484.12617	3802.45791	175.25723	15945.14235	-10.50072	-17.38265	-550.6059	550.98029	0.03455	-1.66912	0.40989	0.01889	-1.71881	-22.35806	0.03425	
98.0	2	24.34795	3.97442	-0.26971	-15473.66225	-3252.66513	171.48159	15812.76256	-169.79565	835.91987	534.208	1006.46449	0.06365	1.73515	0.36474	-0.01923	1.77317	22.77149	0.07428	
98.0	8	19.63777	9.2	0.21725	-25.78063	-1375.43335	-0.40837	1375.675	14.81851	-0.306	95.14978	96.29726	0.07	0.00314	0.1674	5e-05	0.16743	101.59014	8.60639	
99.0	1	24.24072	-3.85034	-0.31022	-15605.31156	3832.94415	199.87936	16070.3815	12.41209	79.28515	-551.33753	557.14744	0.03467	-1.68522	0.41392	0.02159	-1.73544	-22.19505	0.03437	
99.0	2	24.34799	3.97261	-0.30577	-15399.14995	-3235.32678	193.40349	15736.53595	-141.30389	704.51219	534.46487	895.52047	0.05691	1.72576	0.36258	-0.02167	1.76357	22.5775	0.06223	
99.0	8	19.64667	9.2	0.21617	-25.11664	-1336.02381	-0.39593	1336.25993	15.78559	-0.32408	92.19601	93.53819	0.07	0.00304	0.16165	5e-05	0.16168	100.80151	8.5409	
100.0	1	24.24019	-3.85043	-0.34652	-15710.39204	3859.90749	224.55061	16179.17571	15.9999	97.08016	-549.34502	558.08647	0.03449	-1.69954	0.41756	0.02429	-1.75025	-22.37177	0.03418	
100.0	2	24.34785	3.97102	-0.34178	-15309.35132	-3215.01983	214.81207	15644.76701	-127.93068	645.19642	538.99958	850.39122	0.05436	1.71436	0.36002	-0.02405	1.75192	22.74302	0.05841	
100.0	8	19.65601	9.2	0.21479	-24.27759	-1287.37084	-0.38044	1287.59979	16.27116	-0.33304	88.65054	90.13201	0.07	0.00292	0.15478	5e-05	0.15481	101.57859	8.60638	
101.0	1	24.23955	-3.85049	-0.38239	-15805.06948	3884.34422	249.27807	16277.29986	8.40427	69.9196	-556.65469	561.09164	0.03447	-1.71283	0.42096	0.02701	-1.76401	-22.23651	0.03416	
101.0	2	24.34758	3.96941	-0.37761	-15206.09876	-3191.91008	235.65883	15539.28134	-125.17885	636.83536	548.41704	849.70011	0.05468	1.70154	0.35717	-0.02637	1.73882	22.6288	0.05888	
101.0	8	19.66571	9.2	0.21342	-23.61903	-1248.42391	-0.3679	1248.64737	16.53424	-0.3381	85.82653	87.40531	0.07	0.00282	0.14911	4e-05	0.14914	101.02336	8.55786	
102.0	1	24.23894	-3.85051	-0.41792	-15910.34612	3911.38775	274.40707	16386.37749	9.64156	78.38867	-558.32364	563.8821	0.03441	-1.72714	0.4246	0.02979	-1.77881	-22.16185	0.03409	
102.0	2	24.34732	3.96779	-0.41308	-15109.39797	-3170.1815	256.25468	15440.51891	-115.15967	593.42853	551.33738	818.16384	0.05299	1.68921	0.35442	-0.02865	1.72623	22.55558	0.05647	
102.0	8	19.67565	9.2	0.21198	-22.95688	-1209.47206	-0.35545	1209.68997	16.86213	-0.34445	82.98172	84.67831	0.07	0.00272	0.14345	4e-05	0.14348	100.69739	8.5291	
103.0	1	24.23828	-3.85072	-0.45333	-16024.04673	3940.70874	299.90964	16504.21779	16.28409	109.25566	-565.52935	576.21647	0.03491	-1.74264	0.42856	0.03262	-1.79486	-22.05853	0.03464	
103.0	2	24.34704	3.96624	-0.4484	-15014.57264	-3148.92099	276.51295	15343.71384	-99.89211	525.53624	560.67795	774.93647	0.05051	1.67717	0.35174	-0.03089	1.71394	22.46333	0.05309	
103.0	8	19.68598	9.2	0.21046	-22.26236	-1168.96499	-0.34255	1169.17701	17.21005	-0.3512	80.01167	81.84239	0.07	0.00262	0.13765	4e-05	0.13768	100.26092	8.494	
104.0	1	24.23754	-3.85122	-0.48881	-16148.22986	3972.90262	325.87302	16632.96354	28.92493	164.25525	-569.19005	593.12204	0.03566	-1.75908	0.43278	0.0355	-1.81189	-21.99905	0.03545	
104.0	2	24.34676	3.96473	-0.48378	-14921.35455	-3128.04974	296.44791	15248.58676	-78.48035	427.99073	565.84377	713.80278	0.04681	1.66483	0.34901	-0.03308	1.70134	22.40514	0.04835	
104.0	8	19.69671	9.2	0.20891	-21.5072	-1125.474	-0.3288	1125.67953	17.57346	-0.35826	76.81246	78.7979	0.07	0.00251	0.13152	4e-05	0.13154	99.99603	8.47558	
105.0	1	24.23668	-3.85184	-0.5244	-16251.80663	4000.18389	351.63348	16740.55961	35.67817	195.29504	-572.7025	606.13632	0.03621	-1.77313	0.43643	0.03836	-1.82645	-21.87663	0.03604	
105.0	2	24.34637	3.96345	-0.51894	-14834.80955	-3108.79119	316.14405	15160.34643	-64.49469	365.84675	571.17855	681.35773	0.04494	1.65307	0.34642	-0.03523	1.68935	22.29324	0.04606	
105.0	8	19.70799	9.2	0.20734	-20.95006	-1092.49419	-0.31815	1092.69509	17.81535	-0.36329	74.38329	76.48786	0.07	0.00243	0.12662	4e-05	0.12664	99.46416	8.4304	
106.0	1	24.23571	-3.85225	-0.55959	-16309.09582	4015.96586	376.53585	16800.48712	26.76525	162.15099	-570.13371	593.34794	0.03532	-1.78213	0.43883	0.04114	-1.83583	-21.95198	0.03507	
106.0	2	24.34578	3.9622	-0.5539	-14754.62985	-3090.94108	335.65196	15078.64984	-73.3843	411.9814	568.00513	705.50957	0.04679	1.64218	0.34402	-0.03736	1.67824	22.36417	0.04832	
106.0	8	19.71975	9.2	0.20586	-21.3817	-1111.05994	-0.32256	1111.26571	17.84581	-0.36541	75.70825	77.78397	0.07	0.00246	0.12765	4e-05	0.12767	99.79021	8.43102	
107.0	1	24.23476	-3.8526	-0.59438	-16455.3022	4053.61505	403.6461	16952.04104	13.37763	112.41017	-583.51755	594.39695	0.03506	-1.801	0.44366	0.04418	-1.85537	-21.62355	0.0348	
107.0	2	24.3452	3.9609	-0.58873	-14603.83713	-3058.26525	353.09637	14924.80225	-65.5943	380.88885	586.04572	702.01746	0.04704	1.62352	0.33999	-0.03925	1.65921	22.07584	0.04863	
107.0	8	19.73232	9.2	0.20439	-19.7488	-1022.54499	-0.29599	1022.73572	17.84649	-0.36474	69.33043	71.59147	0.07	0.00225	0.11639	3e-05	0.11641	98.3996	8.33382	
108.0	1	24.23376	-3.85318	-0.62898	-16564.6016	4082.42162	430.07744	17065.67194	15.87157	126.64973	-590.89665	604.52537	0.03542	-1.81597	0.44755	0.04715	-1.87091	-21.5293	0.03519	
108.0	2	24.34464	3.95948	-0.62332	-14502.90913	-3035.9436	371.26121	14821.91491	-56.85564	344.32773	594.6957	689.53399	0.04652	1.61025	0.33708	-0.04122	1.64567	21.99891	0.04799	
108.0	8	19.74608	9.2	0.20303	-19.44141	-1002.99017	-0.28954	1003.17861	18.05487	-0.36956	67.86077	70.2225	0.07	0.00219	0.11298	3e-05	0.113	98.01131	8.29511	
109.0	1	24.2327	-3.85405	-0.66364	-16695.49072	4116.85394	457.34898	17201.65879	23.50447	161.12161	-592.31672	614.28962	0.03571	-1.83337	0.45208	0.05022	-1.88896	-21.36074	0.0355	
109.0	2	24.34409	3.95802	-0.65792	-14394.28519	-3011.9975	388.87474	14711.17938	-40.07055	268.61994	597.35347	656.19623	0.04461	1.59587	0.33393	-0.04311	1.631	21.83565	0.04565	
109.0	8	19.76003	9.2	0.20153	-18.72238	-962.35682	-0.27698	962.53897	18.22245	-0.37318	64.86567	67.37768	0.07	0.00209	0.10725	3e-05	0.10727	97.25862	8.23662	
110.0	1	24.2316	-3.85499	-0.69799	-16817.13544	4149.11675	484.52381	17328.18449	37.20247	221.08989	-602.01124	642.40353	0.03707	-1.84953	0.45632	0.05329	-1.90574	-21.20814	0.037	
110.0	2	24.34351	3.95678	-0.69202	-14302.41233	-2991.75933	406.48199	14617.62121	-21.0349	183.07657	607.33612	634.67839	0.04342	1.58319	0.33117	-0.045	1.61808	21.70522	0.04424	
110.0	8	19.77409	9.2	0.20006	-18.35859	-940.14988	-0.26985	940.32915	18.47185	-0.37884	63.17694	65.82308	0.07	0.00202	0.10363	3e-05	0.10365	96.61244	8.18251	
111.0	1	24.23031	-3.85567	-0.73213	-16910.94382	4174.37569	511.11226	17426.03423	15.40016	136.01001	-601.28797	616.67099	0.03539	-1.86252	0.45975	0.05629	-1.91925	-21.02082	0.03515	
111.0	2	24.3427	3.95554	-0.72591	-14175.11452	-2964.15883	422.6988	14487.88402	-30.56813	233.00751	608.86043	652.63921	0.04505	1.56668	0.32761	-0.04672	1.60125	21.52901	0.04619	
111.0	8	19.78815	9.2	0.19857	-17.71254	-903.67658	-0.25865	903.85019	18.27277	-0.37549	60.57224	63.26951	0.07	0.00193	0.0985	3e-05	0.09852	95.78684	8.10893	
112.0	1	24.22908	-3.85615	-0.76608	-17016.02675	4202.29431	538.12334	17535.50742	1.04934	81.83607	-605.89024	611.39285	0.03487	-1.87709	0.46357	0.05936	-1.93439	-20.94695	0.03458	
112.0	2	24.34188	3.95418	-0.75958	-14047.62521	-2936.43232	438.38847	14357.9453	-34.59552	257.44193	615.83716	668.3776	0.04655	1.5504	0.32409	-0.04838	1.58465	21.47391	0.04803	
112.0	8	19.80245	9.2	0.19718	-17.2324	-875.8185	-0.25003	875.98805	18.13099	-0.37346	58.57617	61.31916	0.07	0.00186	0.09438	3e-05	0.0944	95.49268	8.07762	
113.0	1	24.22781	-3.85679	-0.79987	-17129.48218	4232.45331	565.56832	17653.68767	-3.22835	67.70365	-604.44067	608.22917	0.03445	-1.89264	0.46764	0.06249	-1.95056	-20.75499	0.03414	
113.0	2	24.34106	3.95277	-0.79335	-13929.68954	-2910.68005	453.92396	14237.77918	-30.94299	244.15095	616.00403	663.34615	0.04659	1.5351	0.32077	-0.05002	1.56906	21.28865	0.04808	
113.0	8	19.81669	9.2	0.19577	-16.79957	-850.55332	-0.24217	850.71925	18.10508	-0.37375	56.73013	59.55032	0.07	0.00179	0.09059	3e-05	0.09061	94.63878	8.00214	
114.0	1	24.2265	-3.85765	-0.83343	-17255.76007	4266.0321	593.55948	17785.17918	-1.7972	77.89843	-612.11925	617.05865	0.0347	-1.90982	0.47215	0.06569	-1.96842	-20.59278	0.0344	
114.0	2	24.34028	3.95123	-0.82686	-13812.59311	-2885.01705	468.99316	14118.46332	-20.64143	200.43026	625.02633	656.70105	0.04651	1.5198	0.31744	-0.0516	1.55346	21.14869	0.04798	
114.0	8	19.83102	9.2	0.19443	-16.26456	-820.27542	-0.23297	820.43669	18.04115	-0.37321	54.52199	57.43056	0.07	0.00171	0.08633	2e-05	0.08635	93.95307	7.94749	
115.0	1	24.2252	-3.85856	-0.86646	-17330.64689	4286.97512	619.87433	17863.7544	16.83947	154.65185	-598.74997	618.62936	0.03463	-1.92127	0.47525	0.06872	-1.98037	-20.93268	0.03433	
115.0	2	24.33949	3.94982	-0.85974	-13757.97706	-2872.51678	485.80037	14063.04687	-12.67856	164.11463	611.34303	633.11504	0.04502	1.51141	0.31557	-0.05337	1.54493	21.44752	0.04615	
115.0	8	19.84523	9.2	0.19321	-17.30005	-869.12587	-0.24631	869.29807	18.71568	-0.38895	57.90379	60.85456	0.07	0.0018	0.0904	3e-05	0.09041	95.38327	8.0256	
116.0	1	24.22378	-3.85946	-0.89919	-17484.34559	4327.45694	649.19744	18023.61456	7.31854	121.62803	-613.65033	625.63062	0.03471	-1.94102	0.48041	0.07207	-2.00089	-20.26822	0.03442	
116.0	2	24.33863	3.94859	-0.89233	-13607.65755	-2840.20038	498.85379	13909.85037	0.65112	107.05949	627.29936	636.3699	0.04575	1.49224	0.31146	-0.05471	1.52538	20.83985	0.04704	
116.0	8	19.85932	9.2	0.19194	-15.54862	-778.12337	-0.21998	778.27873	18.0457	-0.37512	51.40261	54.4795	0.07	0.0016	0.07995	2e-05	0.07996	92.51089	7.82406	
117.0	1	24.2223	-3.86025	-0.93167	-17592.71784	4356.68567	676.94873	18136.7773	-10.95588	51.61148	-616.88383	619.13604	0.03414	-1.95615	0.48442	0.07527	-2.01665	-20.07165	0.0338	
117.0	2	24.33761	3.94722	-0.9246	-13472.21162	-2810.9233	511.87852	13771.84793	-6.57491	146.73056	632.70823	649.53275	0.04716	1.47503	0.30776	-0.05604	1.50783	20.66391	0.04879	
117.0	8	19.87337	9.2	0.19077	-15.05962	-750.73805	-0.21177	750.88911	17.75916	-0.3702	49.46984	52.56225	0.07	0.00153	0.0762	2e-05	0.07621	91.6655	7.74946	
118.0	1	24.22082	-3.861	-0.96415	-17710.54984	4388.26956	705.15263	18259.72962	-19.21746	22.24742	-621.11285	621.8082	0.03405	-1.9723	0.48869	0.07853	-2.03346	-19.87301	0.03371	
118.0	2	24.33664	3.94567	-0.95681	-13343.93636	-2783.02744	524.66008	13641.15639	-5.41622	146.36454	638.6284	655.20848	0.04803	1.45848	0.30418	-0.05734	1.49097	20.48661	0.04988	
118.0	8	19.88746	9.2	0.1897	-14.60833	-725.4018	-0.20423	725.54891	17.55157	-0.36688	47.65785	50.78842	0.07	0.00146	0.07271	2e-05	0.07273	90.81471	7.67771	
119.0	1	24.21933	-3.86185	-0.99642	-17837.29051	4422.18599	733.80962	18391.93133	-21.36261	17.96021	-627.51211	628.13245	0.03415	-1.98958	0.49325	0.08185	-2.05145	-19.66586	0.03382	
119.0	2	24.33567	3.94409	-0.98891	-13222.0647	-2756.46075	537.19255	13517.01323	1.1845	120.32125	646.55089	657.65239	0.04865	1.44269	0.30076	-0.05861	1.47487	20.30448	0.05067	
119.0	8	19.90151	9.2	0.18876	-14.14858	-699.82427	-0.19672	699.96731	17.36182	-0.36389	45.81709	48.99766	0.07	0.0014	0.06926	2e-05	0.06928	89.93357	7.60715	
120.0	1	24.21787	-3.86263	-1.02813	-17963.15949	4455.84342	762.58528	18523.26039	-15.78452	43.20895	-624.28719	625.97976	0.03379	-2.00666	0.49776	0.08519	-2.06923	-19.48236	0.03343	
120.0	2	24.33468	3.94268	-1.02063	-13112.51015	-2732.60559	549.79071	13405.4961	11.66501	73.37843	642.92083	647.19986	0.04828	1.42839	0.29767	-0.05989	1.46031	20.12044	0.0502	
120.0	8	19.91528	9.2	0.18789	-13.84619	-682.22561	-0.19151	682.36613	17.31089	-0.36383	44.5179	47.76654	0.07	0.00135	0.06667	2e-05	0.06669	89.10057	7.53752	
121.0	1	24.21641	-3.86355	-1.05934	-18105.43027	4493.75914	792.13921	18671.58164	-6.54484	84.55549	-629.26951	634.95873	0.03401	-2.02532	0.50268	0.08861	-2.08865	-19.2139	0.03366	
121.0	2	24.33371	3.9413	-1.05185	-12994.10351	-2706.94111	561.5274	13284.93768	29.26118	-5.78636	649.22828	649.91312	0.04892	1.41285	0.29433	-0.06105	1.44447	19.87646	0.05102	
121.0	8	19.92913	9.2	0.18691	-13.25833	-650.70883	-0.1824	650.84391	17.06416	-0.35953	42.24163	45.55953	0.07	0.00128	0.06277	2e-05	0.06278	87.94002	7.45456	
122.0	1	24.21473	-3.86462	-1.09025	-18175.46378	4513.97997	818.56584	18745.49409	-11.65884	66.83006	-627.40759	631.06456	0.03366	-2.03633	0.50573	0.09171	-2.10019	-19.07585	0.03329	
122.0	2	24.33266	3.93998	-1.0825	-12912.35363	-2688.99665	574.41805	13201.87621	25.29958	16.18111	644.45752	645.15687	0.04887	1.40143	0.29185	-0.06234	1.43285	19.74079	0.05095	
122.0	8	19.94298	9.2	0.18597	-13.62612	-666.12474	-0.18651	666.26412	17.39791	-0.368	43.26322	46.63185	0.07	0.0013	0.06341	2e-05	0.06343	87.31376	7.37861	
123.0	1	24.21301	-3.86566	-1.12094	-18303.1684	4548.51215	847.5922	18878.91281	-31.93708	-10.56908	-632.94135	633.83471	0.03357	-2.05367	0.51036	0.0951	-2.11827	-18.83135	0.03319	
123.0	2	24.33151	3.93849	-1.11304	-12756.6216	-2655.55173	583.54005	13043.15409	21.62881	40.23441	655.9192	657.50788	0.05041	1.38185	0.28766	-0.06321	1.41289	19.52998	0.05296	
123.0	8	19.95655	9.2	0.18519	-12.54352	-610.82555	-0.1709	610.95436	16.50066	-0.34989	39.45383	42.7668	0.07	0.00118	0.0574	2e-05	0.05741	86.28132	7.30854	
124.0	1	24.21129	-3.86671	-1.15141	-18418.72091	4580.09388	876.10502	18999.84473	-41.61307	-45.70345	-635.92081	638.91763	0.03363	-2.06991	0.51472	0.09846	-2.13522	-18.59226	0.03325	
124.0	2	24.33039	3.93688	-1.14341	-12628.52405	-2627.78575	593.39047	12912.6678	21.82674	44.33108	660.83323	662.67806	0.05132	1.3654	0.28412	-0.06416	1.39612	19.31444	0.05418	
124.0	8	19.97012	9.2	0.18452	-12.05538	-584.76766	-0.16355	584.89193	16.11521	-0.34275	37.63595	40.94242	0.07	0.00112	0.05422	2e-05	0.05423	85.25173	7.22646	
125.0	1	24.20967	-3.86745	-1.18144	-18556.05081	4616.8435	905.69372	19143.2115	-54.84762	-94.7602	-640.68253	649.97066	0.03395	-2.08859	0.51965	0.10194	-2.15468	-18.35116	0.0336	
125.0	2	24.32931	3.9352	-1.17321	-12520.03198	-2604.07081	603.68023	12802.21916	19.27872	62.09558	667.69045	670.84877	0.0524	1.35126	0.28105	-0.06515	1.38171	19.10006	0.05565	
125.0	8	19.98367	9.2	0.184	-11.57492	-559.2664	-0.15642	559.38619	15.68805	-0.33472	35.87541	39.15701	0.07	0.00106	0.05115	1e-05	0.05116	84.22384	7.14327	
126.0	1	24.20809	-3.86808	-1.21108	-18682.20915	4650.73968	934.78874	19275.06545	-49.58274	-70.01962	-642.57515	648.27774	0.03363	-2.10593	0.52425	0.10537	-2.17276	-18.10827	0.03326	
126.0	2	24.32825	3.9335	-1.20269	-12404.50048	-2578.89308	613.17221	12684.56943	30.98546	10.23032	669.86419	670.65848	0.05287	1.33638	0.27783	-0.06606	1.36655	18.87475	0.0563	
126.0	8	19.99713	9.2	0.18353	-11.20082	-539.07491	-0.15084	539.19129	15.45543	-0.33077	34.43231	37.74339	0.07	0.00101	0.04863	1e-05	0.04864	83.16881	7.06278	
127.0	1	24.20647	-3.86892	-1.24034	-18807.27176	4684.59367	963.84252	19405.87234	-39.80836	-27.32748	-643.95225	645.76001	0.03328	-2.12307	0.52882	0.1088	-2.19064	-17.86361	0.03288	
127.0	2	24.32718	3.93195	-1.23176	-12294.68858	-2555.03078	622.48043	12572.78933	45.30061	-54.55696	670.80371	674.54149	0.05365	1.32212	0.27476	-0.06694	1.35202	18.64717	0.0574	
127.0	8	20.0104	9.2	0.18306	-10.95757	-525.32207	-0.1471	525.43636	15.36048	-0.32976	33.4179	36.78055	0.07	0.00097	0.04674	1e-05	0.04675	82.10151	6.98011	
128.0	1	24.2047	-3.86998	-1.26928	-18903.33698	4711.47708	991.37607	19506.84474	-37.78905	-15.68064	-646.03161	647.32583	0.03318	-2.13687	0.5326	0.11207	-2.20509	-17.60498	0.03278	
128.0	2	24.32606	3.93052	-1.26051	-12186.95392	-2531.71694	631.43805	12463.15171	53.89843	-91.50806	673.36017	681.68372	0.0547	1.30795	0.27171	-0.06777	1.33759	18.41223	0.0589	
128.0	8	20.02343	9.2	0.18273	-10.58719	-505.61666	-0.14177	505.72751	15.07962	-0.32473	32.02692	35.4009	0.07	0.00093	0.04437	1e-05	0.04438	80.98315	6.89515	
129.0	1	24.20284	-3.8711	-1.29786	-18999.26418	4738.44096	1018.82447	19607.72464	-50.89983	-64.91838	-647.26309	652.49881	0.03328	-2.15077	0.5364	0.11533	-2.21965	-17.33974	0.03288	
129.0	2	24.32479	3.92902	-1.28894	-12051.09854	-2502.55085	638.45543	12324.74592	49.91978	-67.78909	676.54295	681.76074	0.05532	1.29068	0.26803	-0.06838	1.31999	18.17027	0.05982	
129.0	8	20.03635	9.2	0.18256	-10.23095	-486.73389	-0.13671	486.84142	14.70962	-0.31782	30.73918	34.0789	0.07	0.00089	0.04212	1e-05	0.04213	79.83407	6.79975	
130.0	1	24.20103	-3.87215	-1.32589	-19098.57926	4766.21121	1046.36945	19712.11272	-56.13134	-82.54154	-648.54575	656.18246	0.03329	-2.16516	0.54033	0.11862	-2.23472	-17.08092	0.03289	
130.0	2	24.32356	3.9275	-1.31679	-11919.18304	-2474.21054	645.17244	12190.36052	52.20997	-74.51938	678.76974	684.84114	0.05618	1.274	0.26446	-0.06896	1.30298	17.935	0.06111	
130.0	8	20.04911	9.2	0.18254	-9.90499	-469.43465	-0.13216	469.53915	14.40498	-0.31226	29.54132	32.86778	0.07	0.00085	0.04005	1e-05	0.04006	78.71554	6.71074	
131.0	1	24.19929	-3.87308	-1.35332	-19199.2315	4794.19585	1073.90366	19817.87257	-54.23217	-71.73816	-649.30323	655.50147	0.03308	-2.17941	0.54422	0.1219	-2.24964	-16.80975	0.03266	
131.0	2	24.32237	3.92594	-1.34419	-11793.42689	-2447.14017	651.73235	12062.26213	59.6878	-106.70256	679.43168	690.34447	0.05723	1.25797	0.26103	-0.06952	1.28664	17.68689	0.06274	
131.0	8	20.06163	9.2	0.18272	-9.66832	-456.49679	-0.12888	456.59918	14.23444	-0.30956	28.61556	31.96194	0.07	0.00081	0.0384	1e-05	0.03841	77.54229	6.61924	
132.0	1	24.19755	-3.87403	-1.38042	-19300.20024	4822.28396	1101.35671	19923.984	-49.06665	-48.10078	-649.23611	652.86196	0.03277	-2.19371	0.54811	0.12518	-2.26461	-16.53437	0.03233	
132.0	2	24.32117	3.92451	-1.37113	-11675.75092	-2421.85854	658.26332	11942.43983	69.00755	-148.18449	678.80602	698.21078	0.05846	1.24288	0.25781	-0.07007	1.27127	17.43405	0.06471	
132.0	8	20.07384	9.2	0.1831	-9.5223	-447.94273	-0.12692	448.04395	14.18149	-0.30939	27.97198	31.36307	0.07	0.00079	0.03716	1e-05	0.03717	76.34793	6.52587	
133.0	1	24.19581	-3.87508	-1.40725	-19407.69803	4852.09811	1129.08747	20036.87694	-39.8671	-8.13468	-650.31134	651.58299	0.03252	-2.20852	0.55215	0.12849	-2.28011	-16.231	0.03207	
133.0	2	24.31998	3.92316	-1.39765	-11549.6213	-2394.89704	663.8489	11813.9739	83.52248	-214.4833	679.35271	717.286	0.06072	1.22686	0.2544	-0.07052	1.25494	17.16721	0.06857	
133.0	8	20.08579	9.2	0.1837	-9.16621	-429.62099	-0.12224	429.71878	13.91568	-0.30449	26.66621	30.08032	0.07	0.00075	0.03515	1e-05	0.03515	75.0582	6.43872	
134.0	1	24.19403	-3.87632	-1.43379	-19519.33091	4883.19599	1156.92143	20154.11495	-31.89862	28.11588	-656.85969	658.23451	0.03266	-2.22367	0.5563	0.1318	-2.29599	-15.9161	0.03222	
134.0	2	24.31877	3.92199	-1.42394	-11428.02701	-2369.00157	669.19863	11690.15811	97.38198	-276.10226	685.59204	745.48786	0.06377	1.21112	0.25106	-0.07092	1.2389	16.91551	0.07454	
134.0	8	20.09775	9.2	0.18459	-8.85722	-413.6101	-0.11831	413.70495	13.68933	-0.30045	25.51778	28.95937	0.07	0.00071	0.03336	1e-05	0.03336	73.77374	6.35463	
135.0	1	24.19207	-3.87776	-1.4599	-19584.51418	4902.94034	1181.83014	20223.47008	-35.38928	18.45717	-663.01929	664.21958	0.03284	-2.23347	0.55914	0.13478	-2.30633	-15.60168	0.03242	
135.0	2	24.31751	3.92089	-1.44992	-11312.60817	-2344.45755	674.44148	11572.65986	100.8112	-287.20157	692.58152	756.51622	0.06537	1.19595	0.24785	-0.0713	1.22344	16.65832	0.0782	
135.0	8	20.10957	9.2	0.18591	-8.59841	-400.04788	-0.1152	400.14029	13.44681	-0.29609	24.56922	28.00984	0.07	0.00068	0.0318	1e-05	0.03181	72.47581	6.25986	
136.0	1	24.19013	-3.87908	-1.48548	-19663.7616	4926.08042	1207.47157	20307.33306	-47.6531	-30.83933	-650.21995	652.69278	0.03214	-2.24478	0.56235	0.13784	-2.31825	-15.36176	0.03167	
136.0	2	24.31613	3.91974	-1.4755	-11178.40566	-2316.02156	678.1468	11435.93424	94.33143	-255.74717	681.50283	733.99669	0.06418	1.17899	0.24427	-0.07152	1.20615	16.39179	0.07544	
136.0	8	20.12095	9.2	0.18727	-8.39702	-389.28858	-0.11286	389.37915	13.20378	-0.29172	23.84311	27.25654	0.07	0.00066	0.03051	1e-05	0.03052	71.326	6.15888	
137.0	1	24.18826	-3.88032	-1.51034	-19727.30775	4945.22909	1231.86781	20374.97142	-44.16099	-14.82121	-647.7019	649.37478	0.03187	-2.2543	0.56511	0.14077	-2.32831	-15.05576	0.03138	
137.0	2	24.31479	3.91856	-1.50038	-11033.67877	-2285.39805	680.68034	11288.42049	100.98702	-285.52827	678.31039	742.85244	0.06581	1.161	0.24048	-0.07162	1.1878	16.1255	0.07929	
137.0	8	20.13228	9.2	0.18881	-8.34769	-385.62094	-0.11261	385.7113	13.2501	-0.2937	23.52312	26.99979	0.07	0.00065	0.0298	1e-05	0.0298	70.02963	6.06016	
138.0	1	24.18638	-3.88172	-1.53479	-19791.01296	4964.56111	1256.03029	20442.8147	-35.2528	22.66708	-645.06467	646.42477	0.03162	-2.2637	0.56785	0.14367	-2.33825	-14.7206	0.03112	
138.0	2	24.31345	3.9176	-1.52461	-10882.80642	-2253.65124	682.32391	11134.63001	112.13565	-337.34228	674.31136	762.2795	0.06846	1.14231	0.23655	-0.07162	1.16874	15.87079	0.08763	
138.0	8	20.14329	9.2	0.19074	-8.29836	-381.99809	-0.11253	382.08824	13.34443	-0.29672	23.17748	26.74617	0.07	0.00063	0.0291	1e-05	0.02911	68.69156	5.97026	
139.0	1	24.18447	-3.88335	-1.55879	-19849.07062	4982.70441	1279.5726	20504.88365	-32.95731	33.33266	-641.04115	642.75267	0.03135	-2.27218	0.57039	0.14648	-2.34726	-14.26321	0.03083	
139.0	2	24.31211	3.91682	-1.54833	-10727.01762	-2221.00781	683.1383	10975.81253	116.84904	-358.44922	669.44448	768.30688	0.07	1.12303	0.23252	-0.07152	1.14908	15.70844	0.11184	
139.0	8	20.15394	9.2	0.19346	-8.35327	-383.19624	-0.11425	383.28729	13.60549	-0.30348	23.12257	26.83011	0.07	0.00063	0.02879	1e-05	0.02879	67.28421	5.90301	
140.0	1	24.18251	-3.88533	-1.58234	-19893.85122	4997.86447	1301.96821	20553.32301	-38.9874	10.5785	-636.32851	637.60952	0.03102	-2.27876	0.57248	0.14913	-2.3543	-13.63329	0.03049	
140.0	2	24.31072	3.91637	-1.57165	-10556.59703	-2185.55074	682.47223	10802.04338	113.73892	-341.77387	664.83561	756.14305	0.07	1.10197	0.22814	-0.07124	1.12759	15.71719	0.16071	
140.0	8	20.16407	9.2	0.19972	-8.5276	-389.84527	-0.11913	389.93854	14.07049	-0.31493	23.38757	27.29572	0.07	0.00063	0.02889	1e-05	0.0289	65.8695	5.88252	
141.0	1	24.18051	-3.88757	-1.60552	-19927.5721	5010.49435	1323.32088	20590.39488	-38.60446	12.47497	-628.56936	629.87727	0.03059	-2.28362	0.57418	0.15165	-2.35957	-13.09751	0.03004	
141.0	2	24.30928	3.91629	-1.59458	-10410.88559	-2155.44312	682.87121	10653.58095	112.65842	-336.31399	656.00688	745.75066	0.07	1.08325	0.22427	-0.07105	1.1085	15.61302	0.19451	
141.0	8	20.17357	9.2	0.21003	-9.04706	-412.18069	-0.13085	412.27999	14.9944	-0.33694	24.65624	28.85959	0.07	0.00066	0.03015	1e-05	0.03015	64.4089	5.81784	
142.0	1	24.17848	-3.88979	-1.62831	-19896.18559	5006.50709	1339.94668	20560.12576	-12.14635	114.27204	-607.31504	618.09157	0.03006	-2.28039	0.57382	0.15358	-2.35649	-13.33066	0.02949	
142.0	2	24.30779	3.91669	-1.61694	-10366.64735	-2146.63636	689.53778	10609.00029	120.79506	-382.61778	624.90928	742.63007	0.07	1.07535	0.22268	-0.07153	1.10049	15.39174	0.16557	
142.0	8	20.18128	9.2	0.22081	-10.75563	-488.60051	-0.16115	488.71891	17.28542	-0.39024	29.52006	34.2107	0.07	0.00078	0.03535	1e-05	0.03536	64.40856	5.69957	
143.0	1	24.17644	-3.8918	-1.65044	-19854.63017	4999.53693	1355.38189	20519.22924	-4.37431	143.52651	-593.49792	610.62163	0.02976	-2.27539	0.57296	0.15533	-2.35155	-12.69769	0.02917	
143.0	2	24.3062	3.91737	-1.6387	-10282.62243	-2129.76496	693.22236	10523.72463	122.07044	-389.82702	613.02746	736.66069	0.07	1.06365	0.22031	-0.07171	1.08859	14.65185	0.15879	
143.0	8	20.18746	9.2	0.23083	-11.46984	-519.7887	-0.1774	519.91527	18.36943	-0.41607	31.41533	36.39412	0.07	0.00082	0.03728	1e-05	0.03729	61.30486	5.41609	
144.0	1	24.17448	-3.89362	-1.67191	-19797.02766	4988.07656	1369.17439	20461.61896	3.83413	174.14939	-579.01033	604.64508	0.02955	-2.26812	0.57148	0.15686	-2.34426	-13.03971	0.02895	
144.0	2	24.30451	3.91826	-1.6599	-10197.73819	-2112.84686	696.47424	10437.57934	122.18469	-390.1136	605.56033	730.63057	0.07	1.05226	0.21802	-0.07187	1.07701	14.8827	0.15685	
144.0	8	20.19215	9.2	0.23953	-12.43743	-562.56823	-0.19759	562.70573	19.48819	-0.44287	34.228	39.38962	0.07	0.00089	0.04008	1e-05	0.04009	62.56426	5.48025	
145.0	1	24.17256	-3.89538	-1.693	-19729.13874	4973.71086	1381.83844	20393.28794	23.4463	249.83415	-564.48528	617.74628	0.03029	-2.25943	0.5696	0.15825	-2.33549	-12.30792	0.02972	
145.0	2	24.30279	3.91943	-1.68076	-10143.90828	-2102.51607	701.57576	10383.23926	128.91946	-431.66922	570.36708	726.82677	0.07	1.04445	0.21648	-0.07224	1.06909	13.8561	0.1326	
145.0	8	20.19542	9.2	0.24769	-13.45737	-607.83037	-0.21914	607.97936	20.84482	-0.47488	37.10146	42.55879	0.07	0.00095	0.04309	2e-05	0.0431	58.601	5.08422	
146.0	1	24.17068	-3.89721	-1.71343	-19658.83874	4958.6466	1393.68431	20322.41306	30.22732	275.47432	-553.74507	619.21999	0.03047	-2.2501	0.56755	0.15952	-2.32605	-11.77108	0.02991	
146.0	2	24.30106	3.92089	-1.70099	-10065.38373	-2087.22729	704.58697	10303.63578	129.55229	-435.71712	559.97753	721.25449	0.07	1.0342	0.21446	-0.07239	1.05867	13.37718	0.13848	
146.0	8	20.19768	9.2	0.25625	-14.16526	-639.07489	-0.2366	639.23191	21.87813	-0.49938	39.02972	44.74619	0.07	0.001	0.04516	2e-05	0.04517	56.30201	4.89478	
147.0	1	24.16882	-3.89908	-1.73336	-19589.44248	4943.70274	1405.07101	20252.42401	38.35224	305.1394	-538.91908	620.49555	0.03064	-2.24062	0.56546	0.16071	-2.31645	-11.48088	0.03009	
147.0	2	24.29929	3.92264	-1.7209	-9998.67547	-2074.5492	708.10045	10236.14536	131.05197	-445.32338	545.82778	716.53018	0.07	1.02524	0.21272	-0.07261	1.04959	13.07664	0.14024	
147.0	8	20.19911	9.2	0.26486	-14.79959	-667.10029	-0.25345	667.26448	22.77373	-0.52073	40.7771	46.70852	0.07	0.00104	0.04703	2e-05	0.04704	54.95456	4.77623	
148.0	1	24.16696	-3.90109	-1.75274	-19503.38554	4924.56589	1414.70484	20165.18749	46.04905	333.38464	-525.66602	624.17193	0.03095	-2.22892	0.5628	0.16168	-2.30455	-11.22728	0.03042	
148.0	2	24.29748	3.92473	-1.74032	-9921.61208	-2059.90087	710.54441	10158.0732	132.15839	-453.0938	531.83999	711.06512	0.07	1.0152	0.21077	-0.0727	1.03939	12.92135	0.15193	
148.0	8	20.19974	9.2	0.2742	-15.42917	-695.00626	-0.27134	695.17755	23.78369	-0.54457	42.45084	48.66245	0.07	0.00109	0.04895	2e-05	0.04896	54.01272	4.71285	
149.0	1	24.16508	-3.90339	-1.7716	-19384.63333	4897.34242	1421.38949	20044.15925	56.09026	370.13677	-510.34386	632.92828	0.03158	-2.21293	0.55907	0.16226	-2.28822	-10.91358	0.03107	
149.0	2	24.29562	3.92728	-1.75907	-9823.4712	-2041.12084	711.1262	10058.45223	133.54576	-464.2717	512.21323	704.09167	0.07	1.00284	0.20837	-0.0726	1.02683	12.81726	0.17632	
149.0	8	20.19954	9.2	0.28496	-16.17145	-728.07476	-0.29301	728.25439	25.15779	-0.57663	44.33385	50.97781	0.07	0.00114	0.05128	2e-05	0.05129	53.04779	4.67206	
150.0	1	24.16319	-3.90583	-1.79002	-19289.64719	4876.15709	1429.20741	19947.68233	62.25059	392.46006	-498.81142	637.74043	0.03197	-2.19932	0.55596	0.16295	-2.27434	-10.46654	0.03149	
150.0	2	24.29373	3.93026	-1.77716	-9747.90821	-2027.2518	712.98345	9981.97424	134.3658	-470.73687	498.58567	698.73818	0.07	0.99275	0.20646	-0.07261	1.01659	12.42046	0.18395	
150.0	8	20.19871	9.2	0.29657	-16.64524	-749.1305	-0.31118	749.31547	26.11014	-0.59905	45.48755	52.45203	0.07	0.00117	0.05281	2e-05	0.05283	51.12901	4.52918	
151.0	1	24.16128	-3.90841	-1.80801	-19174.14225	4849.8327	1434.89848	19829.96575	68.65915	415.41559	-486.59599	643.47482	0.03245	-2.18296	0.55215	0.16336	-2.25763	-10.05009	0.032	
151.0	2	24.29177	3.93374	-1.79461	-9660.95025	-2011.27055	713.65936	9893.86066	134.88663	-475.9199	484.7261	692.57024	0.07	0.98144	0.20432	-0.0725	1.0051	12.12801	0.19929	
151.0	8	20.19736	9.2	0.30888	-17.15366	-771.81421	-0.33118	772.00488	27.24275	-0.6255	46.6669	54.04033	0.07	0.00121	0.05451	2e-05	0.05452	49.51042	4.42613	
152.0	1	24.15926	-3.91112	-1.8254	-19045.23811	4820.226	1438.96625	19698.38312	69.6126	418.31458	-479.91557	640.43107	0.03251	-2.16484	0.54791	0.16357	-2.23909	-9.69151	0.03206	
152.0	2	24.28979	3.93756	-1.81149	-9584.77297	-1997.6909	714.7908	9816.80028	134.68484	-475.29449	477.66727	687.17602	0.07	0.97113	0.20241	-0.07242	0.99464	11.79095	0.20206	
152.0	8	20.19577	9.2	0.32175	-17.21933	-774.59314	-0.34347	774.78459	27.77235	-0.63804	46.58021	54.23492	0.07	0.00122	0.05481	2e-05	0.05483	47.9209	4.31564	
153.0	1	24.15729	-3.91387	-1.84214	-18961.73569	4802.09187	1445.86984	19613.72087	71.87719	426.36403	-473.43335	641.16437	0.03269	-2.149	0.54424	0.16387	-2.22289	-9.46544	0.03225	
153.0	2	24.28777	3.94129	-1.82779	-9528.54104	-1988.20076	717.09702	9760.13652	134.91534	-477.02305	470.12993	683.20956	0.07	0.96161	0.20065	-0.07237	0.98498	11.31111	0.18757	
153.0	8	20.19406	9.2	0.33458	-17.41582	-783.2742	-0.3585	783.46787	28.11698	-0.64672	47.08236	54.84279	0.07	0.00123	0.05547	3e-05	0.05549	46.31098	4.16016	
154.0	1	24.15539	-3.91648	-1.85829	-18831.84063	4771.99512	1448.69928	19480.98787	75.09999	437.33646	-464.34509	642.27685	0.03297	-2.13367	0.54067	0.16414	-2.20722	-9.39778	0.03255	
154.0	2	24.28579	3.94485	-1.84359	-9441.64721	-1972.17898	716.81065	9672.02199	135.54094	-484.03802	453.56488	677.04154	0.07	0.9517	0.19879	-0.07225	0.97492	11.13849	0.17213	
154.0	8	20.1922	9.2	0.34655	-17.47183	-785.7102	-0.37007	785.90452	28.28428	-0.65118	47.18085	55.01325	0.07	0.00124	0.05585	3e-05	0.05587	45.7425	4.09215	
155.0	1	24.1536	-3.91881	-1.87377	-18769.861	4758.791	1456.13621	19418.39609	74.37824	432.16967	-453.62236	630.93264	0.03249	-2.12359	0.5384	0.16474	-2.19697	-9.42308	0.03204	
155.0	2	24.28394	3.94802	-1.85884	-9404.02974	-1966.20865	719.95082	9634.31788	135.64707	-484.23221	449.37451	674.40227	0.07	0.94579	0.19775	-0.07241	0.96895	10.87441	0.1437	
155.0	8	20.19055	9.2	0.3567	-17.3141	-778.5631	-0.37549	778.75569	27.90367	-0.64312	46.82537	54.51279	0.07	0.00123	0.05546	3e-05	0.05548	45.18159	4.00356	
156.0	1	24.15192	-3.92087	-1.88867	-18709.00658	4745.58933	1463.12148	19356.86622	73.87463	429.21032	-447.49184	624.44207	0.03226	-2.11406	0.53624	0.16533	-2.18727	-9.81545	0.03179	
156.0	2	24.2822	3.95082	-1.87367	-9367.74424	-1960.28612	722.9266	9597.91523	135.7121	-484.23504	445.51829	671.85408	0.07	0.94028	0.19676	-0.07256	0.96339	11.05898	0.12385	
156.0	8	20.18912	9.2	0.3653	-17.26266	-776.21781	-0.38177	776.40984	27.65761	-0.6381	46.78064	54.34868	0.07	0.00123	0.0554	3e-05	0.05541	46.43948	4.0775	
157.0	1	24.15034	-3.92274	-1.90299	-18654.11687	4733.68459	1470.05601	19301.42251	74.20786	429.7542	-442.18641	621.06706	0.03218	-2.10541	0.53427	0.16592	-2.17847	-9.98422	0.03171	
157.0	2	24.28055	3.95334	-1.88801	-9333.83433	-1954.69169	725.8281	9563.89614	136.08262	-486.80585	438.97076	669.47274	0.07	0.93517	0.19584	-0.07272	0.95822	11.0551	0.10794	
157.0	8	20.18785	9.2	0.37283	-17.22596	-774.55209	-0.38742	774.74372	27.54593	-0.63598	46.71124	54.23212	0.07	0.00123	0.05537	3e-05	0.05538	46.78241	4.08329	
158.0	1	24.14885	-3.92438	-1.91676	-18626.23931	4728.40343	1478.65292	19273.84249	67.30135	405.75711	-449.742	609.45563	0.03162	-2.10031	0.53318	0.16673	-2.17333	-7.69911	0.03112	
158.0	2	24.27901	3.95557	-1.90181	-9316.49741	-1952.38954	729.78775	9546.80779	132.7148	-469.37571	438.52866	655.92237	0.06871	0.93201	0.19531	-0.07301	0.95505	8.67156	0.08868	
158.0	8	20.18678	9.2	0.37925	-17.0647	-767.29153	-0.38925	767.48136	27.58779	-0.63694	46.09353	53.72248	0.07	0.00122	0.05492	3e-05	0.05493	36.38514	3.19862	
159.0	1	24.14747	-3.92581	-1.92985	-18600.17572	4723.35833	1486.8171	19248.04602	56.93828	364.32486	-445.09504	578.00014	0.03003	-2.09566	0.53217	0.16752	-2.16865	-7.75074	0.02945	
159.0	2	24.27758	3.95749	-1.9149	-9294.61061	-1948.95139	733.10236	9525.00063	125.75907	-433.16182	442.87168	632.12327	0.06636	0.92858	0.19471	-0.07324	0.95159	8.67838	0.08077	
159.0	8	20.18592	9.2	0.38503	-16.95728	-762.44131	-0.39169	762.62996	27.36908	-0.63225	45.8301	53.38412	0.07	0.00122	0.05463	3e-05	0.05465	36.50092	3.20184	
160.0	1	24.14617	-3.92704	-1.94249	-18574.76397	4718.2933	1494.60431	19222.85073	48.85873	332.63864	-442.89128	556.04705	0.02893	-2.09126	0.53121	0.16827	-2.16422	-7.68216	0.0283	
160.0	2	24.27625	3.9592	-1.92746	-9272.39822	-1945.31691	736.17091	9502.81928	119.84222	-404.27759	441.17032	610.27353	0.06422	0.92525	0.19412	-0.07346	0.94825	8.58075	0.07552	
160.0	8	20.18519	9.2	0.39056	-16.91418	-760.47092	-0.39535	760.6591	27.31054	-0.63119	45.70391	53.24576	0.07	0.00121	0.05454	3e-05	0.05455	36.11935	3.16657	
161.0	1	24.14495	-3.92815	-1.95458	-18552.33605	4713.86014	1502.13791	19200.67886	42.34178	306.90938	-440.16524	538.26725	0.02803	-2.08731	0.53035	0.169	-2.16026	-5.81367	0.02738	
161.0	2	24.27498	3.96076	-1.93941	-9252.80054	-1942.14587	739.1949	9483.28305	114.93577	-380.38788	439.27381	592.33998	0.06246	0.9223	0.19359	-0.07368	0.94527	6.73816	0.07185	
161.0	8	20.18452	9.2	0.39596	-16.8908	-759.38169	-0.39934	759.56962	27.69236	-0.63982	45.38552	53.17068	0.07	0.00121	0.05451	3e-05	0.05452	27.86869	2.47953	
162.0	1	24.14379	-3.92918	-1.9661	-18530.51789	4709.49869	1509.22567	19179.08323	37.46051	288.17095	-439.28357	526.7028	0.02746	-2.08352	0.52952	0.16969	-2.15644	-6.958	0.0268	
162.0	2	24.27378	3.96226	-1.95073	-9231.88719	-1938.65067	741.8606	9462.37098	111.85558	-364.31452	439.92024	582.03656	0.06151	0.91927	0.19304	-0.07387	0.94222	7.84753	0.07003	
162.0	8	20.1839	9.2	0.40135	-16.86014	-757.95675	-0.40314	758.14436	27.46557	-0.6351	45.40546	53.06992	0.07	0.00121	0.05444	3e-05	0.05446	32.86277	2.89689	
163.0	1	24.14269	-3.93016	-1.97701	-18509.96365	4705.40129	1515.93039	19158.74736	34.57258	273.61708	-427.15742	508.45357	0.02654	-2.07991	0.52873	0.17034	-2.15281	-6.51661	0.02585	
163.0	2	24.27263	3.96369	-1.96145	-9213.98441	-1935.7458	744.5207	9444.5186	108.7521	-349.9265	436.08111	569.59838	0.06031	0.91657	0.19256	-0.07406	0.9395	7.39397	0.06785	
163.0	8	20.18331	9.2	0.40672	-16.89199	-759.33924	-0.40841	759.52721	27.61989	-0.63885	45.42575	53.16733	0.07	0.00121	0.05458	3e-05	0.05459	30.86771	2.72893	
164.0	1	24.14165	-3.93111	-1.98731	-18491.11094	4701.69103	1522.28917	19140.12661	31.5846	261.18948	-423.04573	498.18191	0.02603	-2.07661	0.52801	0.17096	-2.1495	-6.55985	0.02533	
164.0	2	24.27154	3.96507	-1.97155	-9195.89623	-1932.76056	746.91982	9426.45002	106.51357	-338.33702	435.87444	561.96406	0.05962	0.91392	0.19208	-0.07423	0.93683	7.42931	0.06664	
164.0	8	20.18273	9.2	0.41209	-16.90616	-759.92636	-0.41327	760.11451	27.68891	-0.64071	45.43183	53.20843	0.07	0.00122	0.05466	3e-05	0.05467	31.03373	2.74405	
165.0	1	24.14061	-3.93202	-1.99704	-18464.89425	4696.074	1527.59264	19113.84237	24.53907	235.86813	-428.47999	489.72548	0.02562	-2.07265	0.52713	0.17147	-2.1455	-7.19716	0.02492	
165.0	2	24.27053	3.96632	-1.9811	-9178.20199	-1929.78474	749.12477	9408.75384	102.57469	-317.97019	437.62703	550.58517	0.05852	0.91137	0.19162	-0.07439	0.93426	8.05213	0.0648	
165.0	8	20.1822	9.2	0.41741	-16.78219	-754.29468	-0.41468	754.48146	27.52692	-0.63722	45.06801	52.81347	0.07	0.00121	0.05429	3e-05	0.0543	33.82066	2.98227	
166.0	1	24.13961	-3.93286	-2.00617	-18438.13057	4690.28078	1532.38032	19086.94795	16.93778	208.31	-433.79008	481.51198	0.02523	-2.05813	0.52355	0.17105	-2.13055	-4.48977	0.02452	
166.0	2	24.26959	3.9674	-1.99003	-9162.69248	-1927.17489	751.27392	9393.26083	98.02322	-295.00769	438.75504	537.72119	0.05725	0.90899	0.19119	-0.07453	0.93186	5.41022	0.06276	
166.0	8	20.18188	9.2	0.42267	-16.65314	-748.39368	-0.41584	748.57905	28.092	-0.64967	44.23005	52.40114	0.07	0.0012	0.05388	3e-05	0.05389	21.95193	1.99188	
167.0	1	24.13867	-3.93367	-2.01464	-18409.91502	4684.08639	1536.51505	19058.50243	12.9401	190.98297	-427.17098	468.09934	0.02456	-2.05867	0.52379	0.17182	-2.13119	-4.55533	0.02384	
167.0	2	24.26874	3.96839	-1.99825	-9146.65044	-1924.38818	753.11589	9377.18869	94.81284	-280.85953	433.84705	525.44725	0.05603	0.90665	0.19075	-0.07465	0.9295	5.45818	0.06089	
167.0	8	20.18171	9.2	0.42793	-16.57372	-744.69016	-0.41817	744.87468	28.05376	-0.64904	43.94632	52.14129	0.07	0.00119	0.05362	3e-05	0.05363	22.19891	2.01457	
168.0	1	24.1378	-3.93443	-2.02252	-18385.63071	4678.84435	1540.51153	19034.07936	7.58346	169.3166	-423.74194	456.38017	0.02398	-2.04102	0.51941	0.17102	-2.11301	-4.37826	0.02325	
168.0	2	24.26791	3.96928	-2.0059	-9127.18738	-1920.83164	754.44381	9357.58137	89.9274	-258.94102	428.66295	508.81166	0.05437	0.90318	0.19008	-0.07466	0.92598	5.268	0.05844	
168.0	8	20.1816	9.2	0.43319	-16.59896	-745.67879	-0.42314	745.86363	28.03213	-0.64899	44.04211	52.21043	0.07	0.0012	0.05369	3e-05	0.0537	21.38049	1.94095	
169.0	1	24.13701	-3.93512	-2.02975	-18362.87063	4673.89551	1544.13474	19011.17222	3.08533	149.10639	-414.63492	440.64085	0.02318	-1.97356	0.50233	0.16596	-2.04323	-3.95812	0.02245	
169.0	2	24.26712	3.97009	-2.01296	-9107.11133	-1917.09499	755.47051	9337.31576	84.73277	-237.19117	419.54356	489.34251	0.05241	0.88667	0.18665	-0.07355	0.90908	4.83011	0.05566	
169.0	8	20.18142	9.2	0.43844	-16.66249	-748.40494	-0.42909	748.59052	28.07959	-0.65053	44.23814	52.40133	0.07	0.0012	0.05389	3e-05	0.0539	19.47527	1.77343	
170.0	1	24.13628	-3.93574	-2.03636	-18342.27258	4669.41046	1547.45381	18990.4442	-0.29292	132.81784	-404.24723	425.50733	0.02241	-1.8771	0.47785	0.15836	-1.94343	-3.57427	0.02168	
170.0	2	24.26641	3.97081	-2.01944	-9089.59209	-1913.8458	756.46697	9319.64229	80.15813	-219.26156	408.44065	470.45162	0.05048	0.85719	0.18048	-0.07134	0.87888	4.42465	0.05305	
170.0	8	20.18119	9.2	0.44363	-16.72667	-751.17774	-0.43505	751.36407	28.13063	-0.65213	44.43565	52.59548	0.07	0.0012	0.0541	3e-05	0.05411	17.72328	1.61895	
171.0	1	24.13562	-3.93631	-2.04233	-18320.63731	4664.5928	1550.20376	18968.58743	-1.0362	125.42514	-389.65267	409.34306	0.02158	-1.73657	0.44215	0.14694	-1.79799	-3.15058	0.02085	
171.0	2	24.26576	3.97149	-2.02533	-9070.945	-1910.32927	757.13024	9300.78746	77.08668	-210.41121	392.65941	452.10247	0.04861	0.80991	0.17057	-0.0676	0.83044	3.97135	0.05062	
171.0	8	20.18089	9.2	0.44875	-16.77698	-753.34612	-0.44062	753.53304	28.28825	-0.65601	44.51544	52.74732	0.07	0.00121	0.05427	3e-05	0.05428	15.77781	1.44939	
172.0	1	24.13503	-3.93684	-2.04768	-18300.12688	4660.00601	1552.56577	18947.84315	-2.00469	117.60974	-376.63347	394.57425	0.02082	-1.59539	0.40626	0.13535	-1.65186	-2.79872	0.0201	
172.0	2	24.26517	3.97214	-2.03061	-9054.49103	-1907.24707	757.7375	9284.15669	73.9562	-201.03286	377.72503	434.23487	0.04677	0.75957	0.16	-0.06357	0.77883	3.59143	0.0483	
172.0	8	20.18056	9.2	0.45372	-16.83113	-755.69871	-0.4462	755.88625	28.40075	-0.65891	44.63906	52.91203	0.07	0.00121	0.05446	3e-05	0.05447	14.1547	1.30667	
173.0	1	24.13449	-3.93734	-2.0524	-18288.99902	4657.75587	1555.24323	18936.76203	-7.4699	92.51016	-364.89907	376.51728	0.01988	-1.47795	0.3764	0.12568	-1.53029	-2.53703	0.01917	
173.0	2	24.26463	3.97273	-2.03529	-9044.34848	-1905.46567	758.63634	9273.97261	67.77513	-176.22936	365.36993	411.27295	0.04435	0.7156	0.15076	-0.06002	0.73377	3.30287	0.04534	
173.0	8	20.1802	9.2	0.45855	-16.83336	-755.73252	-0.45029	755.92011	28.29578	-0.65691	44.70856	52.91444	0.07	0.00121	0.05448	3e-05	0.05449	12.93422	1.19693	
174.0	1	24.13402	-3.93782	-2.05648	-18262.14355	4651.45989	1556.08321	18909.34586	-1.4883	107.35989	-338.38788	355.01369	0.01877	-1.16196	0.29596	0.09901	-1.20314	-1.91292	0.01808	
174.0	2	24.26416	3.97332	-2.03932	-9025.98211	-1901.93935	758.59994	9255.33361	67.74772	-187.61036	335.70556	390.49408	0.04219	0.59689	0.12578	-0.05017	0.61206	2.62649	0.04279	
174.0	8	20.17979	9.2	0.46321	-16.92944	-759.9934	-0.45679	760.18207	28.80616	-0.66857	44.73662	53.21285	0.07	0.00122	0.05481	3e-05	0.05482	10.05271	0.94672	
175.0	1	24.13361	-3.93828	-2.05994	-18242.88923	4647.06666	1557.10269	18889.75397	-0.92735	105.82309	-326.68652	343.39986	0.01818	-0.98582	0.25112	0.08414	-1.02078	-1.59818	0.01749	
175.0	2	24.26374	3.9739	-2.04275	-9011.99007	-1899.32688	758.70175	9241.15988	65.71253	-184.43048	318.84316	374.15732	0.04049	0.52835	0.11135	-0.04448	0.54179	2.28314	0.04083	
175.0	8	20.17935	9.2	0.4677	-16.97308	-761.91354	-0.46176	762.10271	29.0332	-0.67389	44.74974	53.34716	0.07	0.00122	0.05497	3e-05	0.05499	8.59433	0.81876	
176.0	1	24.13325	-3.93873	-2.06277	-18222.78117	4642.42475	1557.56218	18869.23054	2.22737	107.43953	-294.1719	313.18576	0.0166	-0.81809	0.20842	0.06993	-0.84711	-1.31187	0.01594	
176.0	2	24.26338	3.97447	-2.04555	-8999.36142	-1896.98983	758.68051	9228.3624	62.83675	-183.99746	285.29701	345.2505	0.03741	0.45268	0.09542	-0.03816	0.46419	1.92572	0.03737	
176.0	8	20.17888	9.2	0.47197	-17.02299	-764.12626	-0.46673	764.316	29.36103	-0.68141	44.72071	53.50211	0.07	0.00123	0.05507	3e-05	0.05509	7.16814	0.68939	
177.0	1	24.13295	-3.93917	-2.06497	-18199.44715	4636.93104	1557.25872	18845.31934	16.39946	110.26904	-136.68179	176.3806	0.00936	-0.67688	0.17246	0.05792	-0.7009	-1.07837	0.00894	
177.0	2	24.26307	3.97504	-2.04773	-8989.52562	-1895.24031	758.66288	9218.40963	49.90906	-186.07697	126.53609	230.49281	0.025	0.32138	0.06776	-0.02712	0.32956	1.33943	0.02429	
177.0	8	20.17843	9.2	0.47494	-17.01106	-763.58929	-0.46892	763.77889	30.58353	-0.70826	43.84748	53.46452	0.07	0.0011	0.04939	3e-05	0.0494	5.35232	0.50133	
178.0	1	24.13271	-3.9396	-2.06654	-18176.44644	4631.47773	1556.49531	18821.70207	34.5557	107.30908	84.22782	140.72548	0.00748	-0.73689	0.18777	0.0631	-0.76305	-1.18242	0.00713	
178.0	2	24.26281	3.97562	-2.0493	-8982.34093	-1894.05011	758.64417	9211.15711	30.64128	-183.76939	-96.0108	209.59044	0.02275	0.23087	0.04868	-0.0195	0.23675	0.95586	0.02203	
178.0	8	20.17809	9.2	0.4751	-16.94294	-760.57343	-0.46719	760.76226	32.37426	-0.74715	42.27552	53.2529	0.07	0.00101	0.04547	3e-05	0.04549	4.73268	0.40368	
179.0	1	24.13253	-3.94	-2.06745	-18148.95951	4624.81223	1554.84146	18793.38052	53.6696	97.10634	337.62203	355.38528	0.01891	-0.53051	0.13519	0.04545	-0.54935	-0.8433	0.01821	
179.0	2	24.2626	3.97621	-2.05026	-8985.54239	-1895.04863	759.27221	9214.53611	6.26699	-165.60343	-339.15926	377.48215	0.04097	0.01547	0.00326	-0.00131	0.01586	0.06367	0.04138	
179.0	8	20.17782	9.2	0.47193	-16.9869	-762.64941	-0.46574	762.83871	42.71885	-0.97106	32.02483	53.39881	0.07	0.00049	0.02187	1e-05	0.02187	2.0067	0.1204	
180.0	1	24.1324	-3.9404	-2.06777	-18131.56012	4620.69593	1553.60691	18775.46265	68.60228	97.3204	511.18358	524.86778	0.02795	-0.28735	0.07323	0.02462	-0.29755	-0.45355	0.0273	
180.0	2	24.26244	3.97681	-2.05067	-8953.03806	-1888.51729	756.67946	9181.28269	2.70361	-193.20541	-450.21211	489.92509	0.05336	-0.15926	-0.03359	0.01346	-0.16332	-0.65857	0.05699	
180.0	8	20.17772	9.2	0.46579	-16.49067	-740.49725	-0.44712	740.68099	11.19602	-0.21877	-50.62391	51.84766	0.07	-0.00011	-0.0049	-0.0	-0.0049	-0.45448	0.14417	
181.0	1	24.13231	-3.94092	-2.06742	-18109.0201	4615.41748	1551.41286	18752.21505	75.94174	85.61563	631.7329	642.0153	0.03424	-0.27338	0.06968	0.02342	-0.28309	-0.43218	0.03391	
181.0	2	24.26233	3.97742	-2.05043	-8929.09703	-1883.79288	754.56783	9156.79103	-7.13816	-194.43963	-569.89086	602.19043	0.06576	-0.26028	-0.05491	0.022	-0.26692	-1.08673	0.07918	
181.0	8	20.17823	9.2	0.45687	-16.22988	-728.82183	-0.43285	729.00265	0.09863	0.02811	-51.03015	51.03025	0.07	-0.00034	-0.0153	-1e-05	-0.0153	-1.44935	0.25612	
182.0	1	24.13225	-3.94148	-2.06642	-18046.49586	4600.00276	1545.30944	18687.53647	83.40441	99.48114	677.88611	690.20459	0.03693	-0.49559	0.12632	0.04244	-0.51319	-0.66669	0.03684	
182.0	2	24.26227	3.97806	-2.04956	-8947.95522	-1888.10705	755.84286	9176.1729	-13.0937	-179.96868	-604.57269	630.92654	0.06876	-0.22127	-0.04669	0.01869	-0.22691	-0.81976	0.08891	
182.0	8	20.17896	9.2	0.44614	-17.16068	-770.63151	-0.44852	770.82269	-10.67381	0.26847	-52.88976	53.95674	0.07	-7e-05	-0.0032	-0.0	-0.0032	-0.3397	0.18654	
183.0	1	24.13225	-3.94207	-2.0648	-18062.00385	4604.48925	1545.41565	18703.62569	74.59931	71.29177	659.46711	667.49116	0.03569	0.20069	-0.05116	-0.01717	0.20782	0.31837	0.03548	
183.0	2	24.26225	3.97871	-2.04808	-8890.19551	-1876.25785	750.41959	9116.96492	-11.44445	-189.04631	-608.25043	637.05422	0.06988	-0.47746	-0.10077	0.0403	-0.48964	-2.08332	0.09654	
183.0	8	20.17976	9.2	0.4347	-16.09086	-722.59767	-0.4114	722.77692	-13.72969	0.33346	-48.69471	50.59437	0.07	-0.00104	-0.0465	-3e-05	-0.04651	-5.31383	0.58837	
184.0	1	24.1323	-3.94267	-2.06253	-18019.78232	4594.25211	1540.09565	18659.89287	71.79504	59.80224	661.63707	668.2024	0.03581	0.33945	-0.08654	-0.02901	0.3515	0.54115	0.03561	
184.0	2	24.26229	3.97939	-2.04596	-8876.6943	-1873.7537	748.50423	9103.12656	-14.9179	-174.11706	-612.78757	637.21888	0.07	-0.58827	-0.12418	0.0496	-0.60328	-2.65963	0.1224	
184.0	8	20.18058	9.2	0.42199	-16.28925	-731.5257	-0.40618	731.70715	-16.70426	0.39885	-48.41749	51.21957	0.07	-0.00117	-0.05261	-3e-05	-0.05262	-7.08062	0.77757	
185.0	1	24.13236	-3.94342	-2.05963	-17919.86239	4569.31599	1529.39635	18556.37815	73.57816	66.65656	662.96455	670.35725	0.03613	0.43759	-0.11158	-0.03735	0.45313	0.70386	0.03595	
185.0	2	24.26229	3.98048	-2.04327	-8877.03137	-1874.38991	747.54641	9103.50752	-16.56694	-166.74307	-614.82039	637.2455	0.07	-0.71649	-0.15129	0.06034	-0.73477	-3.44521	0.16824	
185.0	8	20.18061	9.2	0.40631	-17.16203	-770.96751	-0.41459	771.15862	-21.12662	0.497	-49.67293	53.9813	0.07	-0.00124	-0.05563	-3e-05	-0.05564	-9.17657	1.03794	
186.0	1	24.13248	-3.94416	-2.05611	-17840.60308	4549.48058	1520.01475	18474.18027	65.5127	33.80082	667.76319	671.81998	0.03637	0.61334	-0.15641	-0.05226	0.63512	0.9651	0.03622	
186.0	2	24.2623	3.98178	-2.03997	-8898.03812	-1879.49735	748.10946	9125.08962	-23.9197	-135.07436	-623.85293	638.75638	0.07	-0.834	-0.17616	0.07012	-0.85528	-4.54192	0.22026	
186.0	8	20.17981	9.2	0.38834	-17.72782	-796.88121	-0.41248	797.07848	-24.02883	0.56062	-50.35153	55.79404	0.07	-0.00128	-0.05759	-3e-05	-0.0576	-12.17742	1.38494	
187.0	1	24.13269	-3.94481	-2.05188	-17764.34999	4530.20896	1510.39963	18395.0056	72.82604	59.54806	677.92796	684.42379	0.03721	0.49972	-0.12744	-0.04249	0.51746	0.81239	0.03714	
187.0	2	24.26233	3.98322	-2.03603	-8942.10053	-1889.54749	750.36275	9170.31056	-20.56269	-150.37634	-623.72085	641.92177	0.07	-0.74823	-0.15811	0.06279	-0.76733	-3.57281	0.17215	
187.0	8	20.17832	9.2	0.36744	-18.79036	-845.41303	-0.41782	845.62192	-29.396	0.67875	-51.37342	59.19302	0.07	-0.00136	-0.06125	-3e-05	-0.06127	-9.69479	1.15345	
188.0	1	24.13297	-3.94535	-2.04704	-17677.72431	4508.06081	1499.49065	18304.9999	65.69976	28.76806	688.05641	691.78442	0.03779	0.64733	-0.16508	-0.05491	0.6703	1.06953	0.03779	
188.0	2	24.26239	3.98474	-2.03152	-8985.76878	-1899.56939	752.36214	9215.12091	-29.56084	-111.53243	-634.65509	645.05845	0.07	-0.85481	-0.18071	0.07157	-0.87663	-4.65379	0.2246	
188.0	8	20.17612	9.2	0.34387	-19.29906	-869.33953	-0.40665	869.55381	-30.85121	0.70943	-52.46652	60.86901	0.07	-0.0014	-0.06322	-3e-05	-0.06324	-12.65071	1.494	
189.0	1	24.13334	-3.94576	-2.04159	-17585.06849	4484.1394	1487.66732	18208.65986	56.9096	-6.97869	693.73885	696.10416	0.03823	0.74946	-0.19111	-0.0634	0.77603	1.2589	0.03828	
189.0	2	24.26249	3.98633	-2.02645	-9041.4887	-1912.17616	755.14479	9272.28015	-36.94477	-79.29509	-643.13742	649.0596	0.07	-0.88768	-0.18774	0.07414	-0.91034	-6.07234	0.31225	
189.0	8	20.17327	9.2	0.31739	-19.73128	-890.11379	-0.38995	890.33254	-31.22725	0.71585	-53.93122	62.32359	0.07	-0.00144	-0.06503	-3e-05	-0.06504	-16.20226	1.94913	
190.0	1	24.1338	-3.94607	-2.0354	-17508.80509	4464.19786	1476.73386	18129.20464	64.64309	20.57634	704.23421	707.49412	0.03903	0.68924	-0.17574	-0.05813	0.71366	1.15829	0.03917	
190.0	2	24.26264	3.98795	-2.0207	-9101.77141	-1925.77252	758.02829	9334.10143	-32.90365	-98.4117	-645.0947	653.38709	0.07	-0.85531	-0.18097	0.07123	-0.87714	-4.49385	0.20454	
190.0	8	20.16992	9.2	0.28722	-20.74868	-937.60379	-0.37912	937.83341	-37.31664	0.84763	-54.00445	65.64854	0.07	-0.00152	-0.06885	-3e-05	-0.06887	-12.48923	1.50361	
191.0	1	24.13433	-3.94629	-2.02866	-17410.34577	4438.43906	1463.57092	18026.70022	58.21552	-5.44083	709.02008	711.42682	0.03947	0.83395	-0.2126	-0.0701	0.86348	1.43	0.03967	
191.0	2	24.26283	3.9896	-2.01445	-9167.27792	-1940.49934	761.12237	9401.26743	-38.23759	-75.34451	-652.64221	658.08872	0.07	-0.90124	-0.19077	0.07483	-0.92425	-5.65723	0.26842	
191.0	8	20.16606	9.2	0.25421	-21.22967	-961.17304	-0.35327	961.40753	-37.08852	0.83982	-56.14991	67.29841	0.07	-0.00157	-0.071	-3e-05	-0.07101	-15.65819	1.88132	
192.0	1	24.13493	-3.94642	-2.02132	-17306.64064	4411.17033	1449.57096	17918.69107	53.22584	-26.43947	715.92871	718.39123	0.04009	0.89775	-0.22882	-0.07519	0.92949	1.56213	0.04038	
192.0	2	24.26305	3.99131	-2.00762	-9245.16153	-1957.88897	764.98415	9481.115	-42.09033	-59.00964	-659.70813	663.67805	0.07	-0.90975	-0.19266	0.07528	-0.93297	-6.78371	0.33922	
192.0	8	20.16154	9.2	0.21811	-21.77118	-987.81875	-0.32342	988.05868	-37.24867	0.84003	-58.271	69.16414	0.07	-0.00162	-0.07345	-2e-05	-0.07347	-18.43681	2.23773	
193.0	1	24.13561	-3.94648	-2.01341	-17197.78262	4382.41178	1434.78758	17805.27662	52.98753	-26.45873	715.93944	718.38501	0.04035	0.9558	-0.24356	-0.07974	0.98956	1.68814	0.04067	
193.0	2	24.2633	3.99309	-2.00028	-9334.01724	-1977.65454	769.49805	9572.20573	-42.69329	-57.71378	-666.19765	670.05441	0.07	-0.91955	-0.19483	0.07581	-0.94302	-6.76814	0.32884	
193.0	8	20.15627	9.2	0.17919	-22.73878	-1034.22587	-0.29402	1034.47585	-40.36497	0.90456	-60.11196	72.41269	0.07	-0.0017	-0.07748	-2e-05	-0.0775	-18.67855	2.26737	
194.0	1	24.13636	-3.94645	-2.00479	-17078.99871	4350.93899	1418.73694	17681.50676	46.56282	-54.72784	728.36886	731.90466	0.04139	1.08136	-0.27548	-0.08983	1.11951	1.95678	0.04187	
194.0	2	24.26353	3.99497	-1.99228	-9423.80334	-1997.69309	773.77146	9664.24179	-47.45296	-37.13585	-673.808	676.49692	0.07	-0.92968	-0.19708	0.07633	-0.9534	-9.20891	0.48409	
194.0	8	20.15011	9.2	0.13684	-23.16082	-1056.3	-0.25098	1056.55391	-38.5836	0.86099	-63.09146	73.95923	0.07	-0.00175	-0.07982	-2e-05	-0.07984	-24.66113	3.013	
195.0	1	24.13718	-3.94632	-1.99567	-16965.34079	4320.57789	1402.81946	17562.9748	44.25293	-63.75364	731.54009	735.64513	0.04189	1.15097	-0.29312	-0.09517	1.19152	2.14036	0.04244	
195.0	2	24.26378	3.99691	-1.98377	-9515.53651	-2018.20072	777.94586	9758.2667	-48.93357	-31.62836	-680.58919	683.07869	0.07	-0.94023	-0.19942	0.07687	-0.96421	-9.78498	0.51425	
195.0	8	20.14299	9.2	0.09241	-23.94934	-1095.56152	-0.20718	1095.82327	-40.01979	0.88722	-65.43246	76.70579	0.07	-0.00183	-0.08358	-2e-05	-0.0836	-26.33657	3.2125	
196.0	1	24.13806	-3.94608	-1.98581	-16847.56036	4289.02193	1386.12686	17440.10742	45.00513	-66.59991	753.0877	757.36523	0.04343	1.22538	-0.31196	-0.10082	1.26848	2.3309	0.04425	
196.0	2	24.26409	3.99884	-1.97456	-9612.49386	-2039.8243	782.20157	9857.6245	-50.27377	-26.7899	-687.67824	690.03371	0.07	-0.95148	-0.20191	0.07743	-0.97574	-9.54902	0.48277	
196.0	8	20.13522	9.2	0.04479	-24.81558	-1138.85269	-0.15647	1139.12303	-42.58533	0.9372	-67.40811	79.73858	0.07	-0.00191	-0.08777	-1e-05	-0.0878	-26.2342	3.17387	
197.0	1	24.13897	-3.94568	-1.97549	-16721.92728	4255.277	1368.5468	17309.04835	40.93961	-81.97112	755.10681	760.64552	0.04394	1.34237	-0.3416	-0.10986	1.3895	2.64042	0.04486	
197.0	2	24.26446	4.00066	-1.96489	-9726.79205	-2065.08584	787.59337	9974.73641	-52.7494	-16.99933	-696.0286	698.23154	0.07	-0.96469	-0.20481	0.07811	-0.98928	-9.55272	0.46079	
197.0	8	20.12669	9.2	-0.00327	-25.6709	-1182.13525	-0.10103	1182.41396	-45.05964	0.98444	-69.42134	82.76874	0.07	-0.002	-0.0921	-1e-05	-0.09213	-26.92468	3.21566	
198.0	1	24.13997	-3.94509	-1.96458	-16592.85371	4220.44891	1350.37699	17174.35592	33.73482	-109.73396	757.48001	766.13024	0.04461	1.52218	-0.38717	-0.12388	1.57552	3.15301	0.04566	
198.0	2	24.26491	4.00238	-1.95459	-9852.61492	-2092.75227	793.57866	10103.633	-55.52436	-5.94892	-705.04632	707.25431	0.07	-0.97936	-0.20802	0.07888	-1.00431	-11.82189	0.58434	
198.0	8	20.11738	9.2	-0.05185	-26.05373	-1204.10566	-0.04005	1204.3875	-43.33329	0.94003	-72.31187	84.30696	0.07	-0.00205	-0.0949	-0.0	-0.09493	-33.06786	3.9061	
199.0	1	24.14105	-3.94434	-1.95315	-16464.94552	4185.72056	1332.03915	17040.80444	29.75642	-125.11923	760.97763	771.76889	0.04529	1.61899	-0.41158	-0.13098	1.67561	3.5412	0.04648	
199.0	2	24.26542	4.004	-1.94373	-9990.25912	-2122.8986	800.17223	10244.6206	-57.81285	2.64485	-714.78439	717.12345	0.07	-0.99553	-0.21155	0.07974	-1.02087	-11.7095	0.54918	
199.0	8	20.10718	9.2	-0.09984	-27.09894	-1257.20988	0.02262	1257.5019	-46.14032	0.9932	-74.95596	88.0245	0.07	-0.00216	-0.10032	0.0	-0.10034	-33.67796	3.92074	
200.0	1	24.14225	-3.94339	-1.94095	-16336.25136	4150.56038	1313.25553	16906.35679	29.29998	-131.72674	780.80135	792.37691	0.04687	1.68406	-0.42787	-0.13538	1.74283	3.89	0.04842	
200.0	2	24.266	4.00556	-1.93209	-10130.65248	-2153.61012	806.54409	10388.39109	-60.85063	14.91857	-724.48335	727.18738	0.07	-1.01229	-0.2152	0.08059	-1.03804	-9.08152	0.33342	
200.0	8	20.09593	9.2	-0.14654	-28.7129	-1337.51331	0.09032	1337.82147	-54.76263	1.17048	-75.95701	93.64712	0.07	-0.00232	-0.10815	1e-05	-0.10817	-28.64584	3.22694	
201.0	1	24.14352	-3.94227	-1.92822	-16215.66394	4117.30755	1294.96436	16780.25361	23.22631	-155.95057	786.68299	802.32797	0.04781	1.77243	-0.45004	-0.14154	1.83414	6.41307	0.04961	
201.0	2	24.26665	4.00702	-1.91976	-10279.49199	-2186.07507	813.17439	10540.78424	-65.38008	34.34573	-734.14964	737.85491	0.07	-1.03011	-0.21907	0.08149	-1.0563	-10.59539	0.26408	
201.0	8	20.08344	9.2	-0.17488	-29.72463	-1390.38055	0.13508	1390.69826	-55.08566	1.16987	-80.2557	97.34873	0.07	-0.00244	-0.11407	1e-05	-0.1141	-37.56303	3.84267	
202.0	1	24.1449	-3.941	-1.9147	-16080.24983	4080.14842	1275.15756	16638.75214	9.60585	-211.18008	796.85096	824.4154	0.04955	1.75495	-0.44529	-0.13917	1.8159	9.77888	0.05183	
202.0	2	24.26741	4.00837	-1.90643	-10436.38891	-2220.20587	819.87389	10701.38873	-77.75313	97.33961	-726.14572	736.75515	0.06885	-1.04903	-0.22317	0.08241	-1.07566	-11.46042	0.08933	
202.0	8	20.06966	9.2	-0.18149	-31.44079	-1476.83851	0.15283	1477.17315	-58.74232	1.24178	-85.08715	103.40225	0.07	-0.00262	-0.12311	1e-05	-0.12314	-46.91083	4.35306	
203.0	1	24.14634	-3.93961	-1.90075	-15950.84496	4044.39272	1255.6861	16503.43343	0.25802	-246.77544	798.10742	835.38832	0.05062	1.73803	-0.44068	-0.13682	1.79824	7.73989	0.05324	
203.0	2	24.26825	4.00956	-1.89259	-10604.55126	-2256.64726	827.07845	10873.50096	-81.75797	117.53369	-727.59054	741.54335	0.0682	-1.06933	-0.22755	0.0834	-1.09645	-9.43983	0.08659	
203.0	8	20.05507	9.2	-0.18568	-32.42922	-1529.95944	0.16403	1530.30309	-65.30625	1.37514	-84.90071	107.12109	0.07	-0.00275	-0.12966	1e-05	-0.12969	-37.9524	3.68089	
204.0	1	24.14785	-3.93811	-1.88621	-15821.10238	4008.43742	1235.93171	16367.72367	-8.28475	-278.61558	797.56767	844.87246	0.05162	1.72119	-0.43608	-0.13446	1.78066	8.65314	0.05458	
204.0	2	24.26916	4.01056	-1.87822	-10782.13166	-2294.99983	834.54907	11055.21865	-85.31127	137.21294	-724.86288	742.65173	0.06718	-1.09095	-0.23221	0.08444	-1.11858	-10.28527	0.08312	
204.0	8	20.03968	9.2	-0.18988	-33.41595	-1583.78507	0.17568	1584.13756	-66.30427	1.38908	-88.87255	110.88966	0.07	-0.00288	-0.13654	2e-05	-0.13657	-41.84735	4.00565	
205.0	1	24.14941	-3.93656	-1.87114	-15688.3153	3971.64716	1215.71611	16228.83803	-15.19949	-304.3142	798.02699	854.21615	0.05264	1.70402	-0.43139	-0.13205	1.76273	9.01107	0.05598	
205.0	2	24.27012	4.01152	-1.86336	-10966.78012	-2334.84952	842.08592	11244.14947	-86.98464	147.95543	-722.59577	742.69898	0.06605	-1.11354	-0.23707	0.0855	-1.1417	-10.59723	0.07993	
205.0	8	20.02346	9.2	-0.19349	-34.39201	-1637.91073	0.18669	1638.27177	-68.35634	1.42482	-92.06863	114.67891	0.07	-0.00302	-0.14371	2e-05	-0.14374	-43.33861	4.14338	
206.0	1	24.15103	-3.93498	-1.85559	-15567.35622	3937.84047	1196.23671	16102.17841	-22.30349	-329.03933	792.90161	858.75334	0.05333	1.68814	-0.42702	-0.12972	1.74613	9.60827	0.05695	
206.0	2	24.27114	4.01239	-1.84805	-11147.4318	-2373.8006	848.8474	11428.94163	-87.36328	155.01482	-713.79365	735.63803	0.06437	-1.13589	-0.24188	0.08649	-1.16457	-11.12403	0.07584	
206.0	8	20.00671	9.2	-0.19657	-35.08145	-1679.00664	0.19557	1679.37311	-68.88672	1.42824	-95.24724	117.55618	0.07	-0.00313	-0.14995	2e-05	-0.14999	-45.8354	4.34476	
207.0	1	24.15268	-3.93339	-1.83946	-15444.76709	3903.63489	1176.41611	15973.82705	-28.11705	-349.38738	790.2132	864.46458	0.05412	1.67191	-0.42257	-0.12735	1.72918	9.74502	0.05807	
207.0	2	24.27221	4.01321	-1.83215	-11339.72148	-2415.20299	855.98234	11625.62663	-86.90589	156.5285	-709.64134	731.87747	0.06295	-1.1595	-0.24696	0.08752	-1.18873	-11.22247	0.07284	
207.0	8	19.98947	9.2	-0.19929	-35.90441	-1727.06613	0.20454	1727.43931	-70.72848	1.45878	-98.06722	120.92074	0.07	-0.00326	-0.157	2e-05	-0.15704	-46.36862	4.40007	
208.0	1	24.15439	-3.93176	-1.82283	-15320.80842	3869.04509	1156.31351	15844.04436	-34.61869	-372.02943	786.12971	870.40466	0.05494	1.6558	-0.41815	-0.12497	1.71235	10.10782	0.05925	
208.0	2	24.27335	4.01396	-1.81567	-11543.17468	-2458.95636	863.43922	11833.71773	-87.37222	161.51266	-708.09873	731.52174	0.06182	-1.18468	-0.25236	0.08862	-1.2145	-11.54718	0.07061	
208.0	8	19.9716	9.2	-0.20168	-36.79666	-1779.17255	0.21333	1779.55304	-72.3409	1.48399	-101.39972	124.5685	0.07	-0.00341	-0.16469	2e-05	-0.16473	-47.9036	4.53956	
209.0	1	24.1562	-3.92992	-1.8055	-15200.90487	3835.303	1136.2635	15718.40172	-44.26879	-409.96583	791.55722	892.52145	0.05678	1.64	-0.41379	-0.12259	1.69584	11.11333	0.06204	
209.0	2	24.27444	4.01461	-1.7985	-11732.25609	-2499.59906	869.22702	12027.02723	-91.77227	187.74981	-698.77782	729.35765	0.06064	-1.20862	-0.2575	0.08955	-1.23899	-12.50998	0.06844	
209.0	8	19.95296	9.2	-0.20358	-37.8316	-1839.04191	0.2223	1839.43101	-73.2678	1.49442	-105.87158	128.76022	0.07	-0.00357	-0.17339	2e-05	-0.17343	-52.27564	4.91088	
210.0	1	24.15801	-3.92773	-1.78767	-15056.40296	3795.11101	1114.31457	15567.26806	-64.30428	-487.11352	790.1348	930.44486	0.05977	1.62148	-0.40871	-0.12	1.67649	10.14326	0.06691	
210.0	2	24.27559	4.01508	-1.78081	-11944.6973	-2545.10372	876.26104	12244.23048	-102.88546	242.20969	-698.97768	746.87399	0.061	-1.23531	-0.26321	0.09062	-1.26629	-11.57489	0.06908	
210.0	8	19.93358	9.2	-0.2052	-38.86803	-1899.90728	0.23096	1900.30483	-78.55752	1.59407	-107.33425	133.02055	0.07	-0.00373	-0.18249	2e-05	-0.18252	-48.07953	4.61959	
211.0	1	24.15992	-3.92529	-1.76921	-14927.64171	3758.73053	1093.36536	15432.36826	-76.04916	-528.20635	777.55403	943.06717	0.06111	1.60497	-0.40413	-0.11755	1.65924	12.50926	0.06929	
211.0	2	24.27684	4.01532	-1.7625	-12133.74404	-2585.46114	880.9895	12437.38301	-105.59656	261.56896	-686.73373	742.40971	0.05969	-1.26005	-0.26849	0.09149	-1.29158	-13.84433	0.06677	
211.0	8	19.91376	9.2	-0.2067	-39.34576	-1934.09653	0.23621	1934.49671	-74.58122	1.50342	-113.01576	135.41484	0.07	-0.00385	-0.18926	2e-05	-0.1893	-58.36824	5.43486	
212.0	1	24.16189	-3.92279	-1.75012	-14800.7043	3722.81137	1072.32053	15299.34782	-88.34181	-578.25128	788.19664	981.54611	0.06416	1.58866	-0.3996	-0.1151	1.64219	12.08288	0.07538	
212.0	2	24.27815	4.01545	-1.74364	-12348.07265	-2631.11246	886.89664	12656.39114	-110.23515	287.95024	-680.53267	747.12238	0.05903	-1.28754	-0.27435	0.09248	-1.31968	-13.44727	0.06565	
212.0	8	19.89346	9.2	-0.20809	-40.10026	-1982.47346	0.2427	1982.879	-77.22663	1.54797	-115.32373	138.8017	0.07	-0.004	-0.19762	2e-05	-0.19766	-56.57231	5.31435	
213.0	1	24.1639	-3.9202	-1.73077	-14692.76345	3691.64873	1052.62443	15185.96676	-103.11841	-632.93341	780.40505	1010.08423	0.06651	1.57495	-0.39572	-0.11283	1.62782	10.80327	0.08118	
213.0	2	24.27951	4.01541	-1.72456	-12556.12032	-2675.29871	891.84011	12868.90669	-113.63007	308.58306	-674.113	750.04242	0.05828	-1.31491	-0.28016	0.0934	-1.34767	-12.19816	0.06442	
213.0	8	19.87281	9.2	-0.20945	-40.48192	-2012.9135	0.24691	2013.32054	-80.61581	1.6071	-115.58747	140.93245	0.07	-0.00411	-0.20443	3e-05	-0.20447	-50.99572	4.87923	
214.0	1	24.16594	-3.91761	-1.71102	-14558.44613	3653.90157	1030.93336	15045.33729	-102.8803	-624.62111	760.98689	989.86713	0.06579	1.55779	-0.39098	-0.11031	1.60989	12.70085	0.07925	
214.0	2	24.2809	4.0154	-1.70494	-12766.82104	-2720.08291	896.3747	13084.11472	-106.67362	281.67378	-664.57365	729.64204	0.05577	-1.34223	-0.28597	0.09424	-1.37559	-13.98655	0.06049	
214.0	8	19.85166	9.2	-0.21055	-41.26465	-2063.87956	0.25318	2064.29205	-78.09704	1.54654	-121.56839	144.50056	0.07	-0.00427	-0.21345	3e-05	-0.21349	-59.19819	5.53511	
215.0	1	24.168	-3.91509	-1.69059	-14405.9943	3611.70051	1007.79199	14885.98996	-94.88504	-591.96915	765.13993	972.04412	0.0653	1.53876	-0.38578	-0.10765	1.59003	12.7118	0.07802	
215.0	2	24.28233	4.01545	-1.68464	-12987.25797	-2766.99378	900.87651	13309.27131	-95.0492	230.95228	-660.89521	706.50958	0.05308	-1.37082	-0.29206	0.09509	-1.40481	-13.97233	0.0566	
215.0	8	19.82987	9.2	-0.21119	-42.30002	-2128.35533	0.26016	2128.77565	-80.2751	1.58008	-125.53349	149.01424	0.07	-0.00446	-0.2242	3e-05	-0.22425	-59.22094	5.55336	
216.0	1	24.17008	-3.91264	-1.66967	-14271.58745	3574.12914	985.90004	14745.3249	-90.73319	-570.07483	753.23496	948.98932	0.06436	1.52162	-0.38107	-0.10512	1.57213	13.02165	0.07583	
216.0	2	24.28376	4.0157	-1.66379	-13192.30516	-2810.77647	903.71055	13518.65646	-83.16609	181.74484	-648.77882	678.86798	0.05022	-1.39794	-0.29785	0.09576	-1.43253	-14.22149	0.05271	
216.0	8	19.80763	9.2	-0.2114	-42.74734	-2163.93269	0.26272	2164.35489	-79.81488	1.56107	-128.76685	151.50497	0.07	-0.00459	-0.23218	3e-05	-0.23222	-60.49047	5.64727	
217.0	1	24.17219	-3.91022	-1.64805	-14131.24457	3535.17515	963.53031	14598.55908	-83.47686	-537.72756	748.63149	925.50981	0.0634	1.50376	-0.37619	-0.10253	1.55349	13.18377	0.07375	
217.0	2	24.28521	4.0161	-1.64225	-13404.89618	-2856.28145	906.40739	13735.76207	-69.89155	124.05003	-642.72107	658.30358	0.04793	-1.42595	-0.30384	0.09642	-1.46115	-14.34372	0.04975	
217.0	8	19.78517	9.2	-0.21125	-43.3708	-2208.85938	0.26566	2209.28514	-80.17359	1.5583	-132.23619	154.65007	0.07	-0.00474	-0.24134	3e-05	-0.24138	-61.14976	5.70103	
218.0	1	24.17428	-3.90804	-1.6259	-14094.35848	3522.45112	948.08051	14558.75886	-82.75877	-527.98973	731.35794	905.8182	0.06222	1.49699	-0.37413	-0.1007	1.54631	13.65607	0.07138	
218.0	2	24.28663	4.01643	-1.62036	-13502.88299	-2877.32507	900.79752	13835.3997	-53.7152	55.36642	-628.33528	633.05291	0.04576	-1.44121	-0.30711	0.09615	-1.47671	-14.74828	0.04705	
218.0	8	19.76405	9.2	-0.2112	-41.57675	-2129.50136	0.25412	2129.90721	-71.4513	1.37941	-130.84985	149.09351	0.07	-0.00462	-0.23656	3e-05	-0.23661	-63.12407	5.77324	
219.0	1	24.1762	-3.90613	-1.60331	-14056.07843	3509.8804	932.31789	14517.63817	-96.22548	-570.54827	697.19055	906.01288	0.06241	1.49072	-0.37224	-0.09888	1.53967	13.97633	0.07175	
219.0	2	24.28803	4.01652	-1.598	-13571.6835	-2891.96528	892.81017	13905.077	-51.6802	45.64469	-637.74416	641.46075	0.04613	-1.45274	-0.30956	0.09557	-1.48843	-15.03243	0.04751	
219.0	8	19.746	9.2	-0.21194	-39.86867	-2051.79477	0.24471	2052.1821	-64.06462	1.22951	-128.57031	143.65274	0.07	-0.00449	-0.23112	3e-05	-0.23117	-64.49168	5.81893	
220.0	1	24.17806	-3.90445	-1.58022	-14027.14304	3500.05802	916.93421	14486.26647	-105.0771	-601.3041	687.80036	919.60707	0.06348	1.48606	-0.3708	-0.09714	1.5347	14.32428	0.07392	
220.0	2	24.28954	4.01629	-1.57507	-13635.02235	-2905.17381	884.04575	13969.08752	-47.35092	30.63415	-629.64305	632.16369	0.04525	-1.46314	-0.31175	0.09487	-1.49899	-15.35751	0.04644	
220.0	8	19.73094	9.2	-0.21351	-38.3875	-1983.42564	0.23816	1983.7971	-57.68466	1.10127	-126.31301	138.8658	0.07	-0.00437	-0.22598	3e-05	-0.22602	-66.01171	5.89139	
221.0	1	24.17991	-3.90294	-1.55671	-14005.53249	3492.3893	901.82329	14462.53811	-109.40506	-612.65339	673.46685	916.99032	0.0634	1.48265	-0.36971	-0.09547	1.53103	14.1416	0.07376	
221.0	2	24.29112	4.01585	-1.55163	-13695.40724	-2917.56262	874.72314	14030.02109	-41.19055	8.14768	-617.73829	619.16366	0.04413	-1.47282	-0.31376	0.09407	-1.5088	-15.14573	0.04508	
221.0	8	19.71932	9.2	-0.21557	-37.28786	-1932.98885	0.23484	1933.34848	-53.14353	1.01003	-124.45923	135.33423	0.07	-0.00429	-0.22215	3e-05	-0.22219	-65.15681	5.775	
222.0	1	24.18178	-3.90146	-1.53273	-13992.48614	3487.03629	886.99968	14447.6939	-108.95073	-606.36496	665.07925	906.5755	0.06275	1.4804	-0.36893	-0.09384	1.52857	14.33716	0.07242	
222.0	2	24.29276	4.01527	-1.52764	-13749.96684	-2928.57335	864.62471	14084.94607	-32.93822	-25.32071	-609.57425	610.9884	0.04338	-1.48157	-0.31556	0.09316	-1.51767	-15.30864	0.04419	
222.0	8	19.70997	9.2	-0.21801	-36.38229	-1891.22931	0.2333	1891.57924	-48.82287	0.92404	-123.07719	132.41043	0.07	-0.00421	-0.21886	3e-05	-0.2189	-65.97658	5.8042	
223.0	1	24.18365	-3.9001	-1.50832	-13986.7538	3483.72946	872.39411	14440.45444	-106.50535	-591.82503	655.77498	889.74214	0.06161	1.47919	-0.36843	-0.09226	1.52717	15.22783	0.07022	
223.0	2	24.29441	4.01479	-1.50313	-13802.10958	-2939.13651	854.00737	14137.40007	-24.38364	-60.31141	-601.64488	605.15171	0.04281	-1.48978	-0.31725	0.09218	-1.52597	-16.14436	0.04351	
223.0	8	19.70233	9.2	-0.22066	-35.68285	-1859.11007	0.23336	1859.45249	-44.79701	0.84447	-122.20741	130.16197	0.07	-0.00415	-0.21635	3e-05	-0.21639	-69.83915	6.09485	
224.0	1	24.18554	-3.89882	-1.4833	-13987.82408	3482.28452	857.95165	14440.27731	-100.89432	-564.59523	646.64388	864.347	0.05986	1.47869	-0.36812	-0.0907	1.52652	15.57831	0.06706	
224.0	2	24.29608	4.01431	-1.47831	-13850.81602	-2948.95487	842.81219	14186.3234	-14.03214	-104.2082	-595.22376	604.43988	0.04261	-1.49718	-0.31876	0.0911	-1.53345	-16.45432	0.04328	
224.0	8	19.69601	9.2	-0.22342	-35.11272	-1832.88426	0.23435	1833.22057	-41.6517	0.78241	-121.37523	128.32546	0.07	-0.0041	-0.21427	3e-05	-0.21431	-71.32872	6.19147	
225.0	1	24.18741	-3.89774	-1.45785	-13993.51224	3482.21431	843.5057	14444.91964	-92.45725	-527.59901	644.22933	837.81889	0.058	1.4788	-0.36799	-0.08914	1.5265	15.85181	0.06396	
225.0	2	24.29775	4.0139	-1.45311	-13900.78354	-2959.09424	831.31433	14236.5412	-2.7307	-152.9319	-590.02802	609.53153	0.04281	-1.50438	-0.32024	0.08997	-1.54071	-16.69937	0.04352	
225.0	8	19.69071	9.2	-0.2262	-34.6933	-1813.87035	0.23628	1814.20212	-39.04905	0.73114	-120.83969	126.99446	0.07	-0.00407	-0.21286	3e-05	-0.21289	-72.5001	6.26688	
226.0	1	24.1892	-3.89691	-1.43209	-14002.05543	3483.10737	829.02157	14452.57313	-92.00486	-518.72244	625.44674	817.75393	0.05658	1.47926	-0.36798	-0.08758	1.52685	15.19651	0.06173	
226.0	2	24.29932	4.01356	-1.42761	-13929.34246	-2964.73836	818.25921	14264.845	1.51962	-168.37909	-584.20694	607.98978	0.04262	-1.50892	-0.32116	0.08864	-1.54527	-16.02654	0.0433	
226.0	8	19.68615	9.2	-0.22895	-34.44889	-1803.53928	0.23933	1803.86826	-37.54421	0.70112	-120.55788	126.27059	0.07	-0.00406	-0.21233	3e-05	-0.21237	-69.55483	6.00351	
227.0	1	24.19085	-3.89612	-1.40577	-13991.28496	3479.29485	813.07689	14440.31307	-102.72258	-557.95875	619.96853	840.37544	0.0582	1.4779	-0.36752	-0.08589	1.52533	16.90808	0.06428	
227.0	2	24.30085	4.01313	-1.4015	-13953.39327	-2969.35004	804.56599	14288.51111	-4.84482	-133.7404	-577.60792	592.90882	0.0415	-1.51291	-0.32195	0.08724	-1.54925	-17.68661	0.04199	
227.0	8	19.68214	9.2	-0.23168	-34.17512	-1791.31741	0.2421	1791.6434	-35.50626	0.66114	-120.2821	125.41497	0.07	-0.00403	-0.21148	3e-05	-0.21152	-77.07952	6.62272	
228.0	1	24.19253	-3.89536	-1.37892	-13988.57585	3477.55543	797.35109	14436.39203	-108.38254	-578.28015	620.6599	855.20373	0.05924	1.47773	-0.36736	-0.08423	1.52504	16.74869	0.066	
228.0	2	24.30244	4.01261	-1.37481	-13979.88469	-2974.39473	790.69583	14314.65682	-6.8797	-119.79324	-572.26781	584.71206	0.04085	-1.51721	-0.3228	0.08581	-1.55354	-17.52907	0.04124	
228.0	8	19.6787	9.2	-0.23449	-33.939	-1780.69787	0.2452	1781.02129	-34.10407	0.63349	-119.9145	124.67147	0.07	-0.00402	-0.21074	3e-05	-0.21077	-76.38741	6.55336	
229.0	1	24.19423	-3.89457	-1.35161	-13991.16551	3477.15896	781.70383	14437.95026	-109.34891	-578.33991	615.40074	851.55876	0.05898	1.47818	-0.36737	-0.08259	1.52538	17.02017	0.06557	
229.0	2	24.30408	4.01201	-1.34751	-14009.18088	-2979.96053	776.69967	14343.65979	-5.21932	-123.23253	-566.94557	580.20753	0.04045	-1.52168	-0.32368	0.08437	-1.55801	-17.77897	0.04079	
229.0	8	19.67574	9.2	-0.2373	-33.76421	-1773.00322	0.2487	1773.32471	-32.64349	0.60485	-119.76218	124.13276	0.07	-0.004	-0.21026	3e-05	-0.21029	-77.56405	6.63977	
230.0	1	24.19598	-3.89371	-1.32401	-13998.54847	3477.92927	766.07596	14444.45304	-106.46741	-562.77445	609.47026	836.36379	0.0579	1.47914	-0.36749	-0.08095	1.52626	17.28832	0.0638	
230.0	2	24.30575	4.01136	-1.31983	-14041.16444	-2986.05904	762.54678	14375.40695	-0.46001	-141.30986	-561.82611	579.32484	0.0403	-1.52643	-0.32462	0.0829	-1.56276	-18.02078	0.04061	
230.0	8	19.67314	9.2	-0.24002	-33.62686	-1767.04027	0.25229	1767.36022	-31.21762	0.57698	-119.71041	123.71522	0.07	-0.004	-0.20993	3e-05	-0.20997	-78.71644	6.72385	
231.0	1	24.19774	-3.89286	-1.2959	-14004.02314	3478.26873	750.0939	14449.00198	-94.54815	-510.53479	602.22148	795.14517	0.05503	1.47974	-0.36753	-0.07926	1.52675	17.56221	0.0594	
231.0	2	24.30742	4.01076	-1.29199	-14068.99125	-2991.29569	747.86439	14402.90477	11.62214	-193.69052	-556.0819	588.96364	0.04089	-1.53046	-0.3254	0.08135	-1.56679	-18.26087	0.04129	
231.0	8	19.67086	9.2	-0.24259	-33.51688	-1762.32812	0.25581	1762.64683	-29.67582	0.54701	-119.76209	123.38521	0.07	-0.00399	-0.2097	3e-05	-0.20974	-79.87744	6.80679	
232.0	1	24.19949	-3.89215	-1.26748	-14026.10179	3482.84214	734.73776	14470.71389	-89.46274	-486.0881	596.34159	774.53761	0.05352	1.48211	-0.36803	-0.07764	1.52909	17.82555	0.05722	
232.0	2	24.30907	4.01036	-1.26386	-14113.9434	-3000.32626	733.77565	14447.96811	18.07994	-219.75724	-550.8008	593.29727	0.04106	-1.53625	-0.32657	0.07987	-1.57261	-18.49744	0.04149	
232.0	8	19.66883	9.2	-0.24498	-33.4597	-1760.2442	0.2594	1760.5622	-28.45318	0.52318	-119.90864	123.23935	0.07	-0.00399	-0.20975	3e-05	-0.20978	-81.00435	6.89023	
233.0	1	24.20112	-3.89164	-1.23868	-14030.31378	3483.1441	718.18527	14474.0384	-90.50142	-486.38289	590.90383	770.66605	0.05324	1.48256	-0.36806	-0.07589	1.52945	18.08805	0.05683	
233.0	2	24.31056	4.01002	-1.23535	-14126.34226	-3002.51137	717.69661	14459.72713	17.67682	-213.41774	-544.91057	585.48025	0.04049	-1.53834	-0.32697	0.07816	-1.57465	-18.73838	0.04083	
233.0	8	19.6669	9.2	-0.24717	-33.54244	-1765.46168	0.26373	1765.78031	-27.73228	0.5089	-120.4523	123.60459	0.07	-0.004	-0.21064	3e-05	-0.21068	-82.13663	6.97838	
234.0	1	24.20265	-3.89112	-1.20947	-14031.64088	3482.74865	701.25018	14474.39932	-103.71108	-536.16273	587.64099	802.21468	0.05542	1.48294	-0.36808	-0.07411	1.52973	18.3397	0.05997	
234.0	2	24.31204	4.00959	-1.20634	-14145.01032	-3005.94989	701.67021	14477.89325	7.8798	-163.25724	-540.54353	564.71437	0.03901	-1.54126	-0.32753	0.07646	-1.57753	-18.98072	0.03915	
234.0	8	19.6651	9.2	-0.24926	-33.50346	-1764.19933	0.26696	1764.51745	-26.99569	0.49443	-120.52904	123.51624	0.07	-0.004	-0.21075	3e-05	-0.21079	-83.24886	7.06633	
235.0	1	24.20422	-3.89056	-1.17975	-14032.77993	3482.28858	684.08746	14474.57156	-107.26975	-547.16857	584.87553	808.07155	0.05583	1.48349	-0.36813	-0.07232	1.5302	17.48609	0.06058	
235.0	2	24.31355	4.00911	-1.17679	-14167.56028	-3010.17043	685.57055	14500.03094	5.70878	-148.62233	-534.58983	554.89411	0.03827	-1.5447	-0.3282	0.07475	-1.58095	-18.14057	0.03832	
235.0	8	19.66345	9.2	-0.25127	-33.54809	-1767.23957	0.27072	1767.55799	-26.38035	0.48227	-120.88307	123.72903	0.07	-0.00401	-0.21135	3e-05	-0.21139	-79.48147	6.74577	
236.0	1	24.2058	-3.88997	-1.14978	-14040.15564	3483.3638	667.00285	14481.18388	-104.04265	-529.97809	577.70595	790.85133	0.05461	1.4846	-0.36833	-0.07053	1.53123	19.07945	0.05878	
236.0	2	24.31512	4.00855	-1.14663	-14189.27336	-3014.14062	669.15919	14521.3049	10.00428	-164.02822	-526.70671	551.7475	0.038	-1.54795	-0.32882	0.073	-1.58417	-19.67016	0.03802	
236.0	8	19.6619	9.2	-0.25309	-33.51762	-1766.27099	0.27354	1766.589	-25.1031	0.45762	-121.08567	123.66129	0.07	-0.00401	-0.21146	3e-05	-0.2115	-86.46129	7.31866	
237.0	1	24.20742	-3.8893	-1.11946	-14056.21129	3486.55266	650.14254	14496.75173	-99.86001	-508.48787	567.90064	768.79326	0.05303	1.48645	-0.3687	-0.06875	1.53303	19.74048	0.05653	
237.0	2	24.31668	4.00798	-1.11648	-14221.54134	-3020.34205	653.0184	14553.3892	14.86903	-183.45346	-524.68925	556.03513	0.03821	-1.55221	-0.32965	0.07127	-1.58843	-20.29407	0.03825	
237.0	8	19.66046	9.2	-0.25474	-33.52855	-1767.42274	0.27642	1767.74076	-24.03997	0.43706	-121.38347	123.7419	0.07	-0.00402	-0.2118	3e-05	-0.21184	-89.34223	7.55046	
238.0	1	24.20905	-3.88871	-1.08868	-14072.54454	3489.85199	632.95	14512.62217	-87.22825	-456.78951	579.19963	742.79044	0.05118	1.48822	-0.36906	-0.06694	1.53476	19.15656	0.05399	
238.0	2	24.31822	4.00761	-1.08593	-14255.29928	-3027.01242	636.55632	14587.03417	25.95466	-231.85747	-521.31119	571.13649	0.03915	-1.55648	-0.33051	0.0695	-1.5927	-19.72786	0.03931	
238.0	8	19.6591	9.2	-0.25615	-33.54964	-1769.05943	0.27898	1769.37756	-22.95633	0.41617	-121.70992	123.85665	0.07	-0.00402	-0.21219	3e-05	-0.21223	-86.78667	7.32859	
239.0	1	24.21054	-3.88834	-1.05794	-14086.72286	3492.79537	615.61322	14526.33333	-88.7701	-454.23891	545.93327	715.72079	0.04927	1.4898	-0.36939	-0.06511	1.53629	16.16815	0.05147	
239.0	2	24.31962	4.00737	-1.05544	-14275.91292	-3031.01849	619.42891	14607.27405	26.60923	-230.56054	-514.92944	564.81726	0.03867	-1.55929	-0.33106	0.06766	-1.59548	-16.77135	0.03877	
239.0	8	19.65779	9.2	-0.25742	-33.63631	-1774.13739	0.28185	1774.45625	-22.50537	0.40728	-122.15506	124.21158	0.07	-0.00404	-0.21299	3e-05	-0.21303	-73.52444	6.21747	
240.0	1	24.21189	-3.88796	-1.02658	-14078.97062	3490.32752	596.96894	14517.44371	-102.76242	-507.64937	544.53992	751.52626	0.05177	1.48927	-0.36921	-0.06315	1.53565	21.16043	0.05478	
240.0	2	24.32095	4.00702	-1.02426	-14287.32315	-3032.98914	601.51728	14618.08636	15.87028	-174.75218	-504.18779	533.84972	0.03652	-1.56126	-0.33143	0.06573	-1.5974	-21.62253	0.03639	
240.0	8	19.65651	9.2	-0.25849	-33.64772	-1775.22479	0.28375	1775.54367	-21.46731	0.38733	-122.41958	124.28817	0.07	-0.00404	-0.21331	3e-05	-0.21335	-95.50457	8.04283	
241.0	1	24.21327	-3.88749	-0.99478	-14080.82674	3490.17507	578.56769	14518.46219	-109.44027	-531.54681	543.03403	767.72725	0.05288	1.48991	-0.3693	-0.06122	1.53621	20.58234	0.05631	
241.0	2	24.32231	4.00659	-0.99264	-14305.22331	-3036.26587	583.66712	14635.53865	11.30573	-149.30051	-499.57433	521.52946	0.03563	-1.56401	-0.33196	0.06381	-1.60013	-21.05565	0.03542	
241.0	8	19.65534	9.2	-0.25947	-33.62374	-1774.3783	0.28521	1774.69687	-20.67387	0.37207	-122.49589	124.22878	0.07	-0.00404	-0.21338	3e-05	-0.21342	-92.95922	7.82575	
242.0	1	24.21468	-3.88694	-0.9628	-14087.18931	3491.09417	560.17056	14524.13275	-109.47662	-528.08303	537.99646	761.77228	0.05245	1.49099	-0.3695	-0.05929	1.53724	20.54498	0.05572	
242.0	2	24.32373	4.00599	-0.96051	-14330.52014	-3040.98005	565.88989	14660.54564	12.61944	-150.91041	-491.38964	514.19547	0.03507	-1.56754	-0.33264	0.0619	-1.60364	-21.00362	0.03481	
242.0	8	19.65427	9.2	-0.26032	-33.65425	-1776.34804	0.2869	1776.66684	-19.79976	0.35529	-122.77998	124.36672	0.07	-0.00405	-0.21377	3e-05	-0.21381	-92.77268	7.80327	
243.0	1	24.21613	-3.88629	-0.93034	-14100.81273	3493.74696	541.82307	14537.2886	-102.19849	-496.86807	544.18052	743.94546	0.05117	1.49262	-0.36983	-0.05735	1.53883	19.39842	0.05398	
243.0	2	24.32517	4.00537	-0.92823	-14358.14078	-3046.15819	547.91896	14687.93728	19.43294	-179.83044	-490.5306	522.81631	0.03559	-1.57113	-0.33332	0.05996	-1.60722	-19.88855	0.03538	
243.0	8	19.65328	9.2	-0.26098	-33.62841	-1775.29377	0.28781	1775.61227	-18.74835	0.33522	-122.87018	124.29278	0.07	-0.00405	-0.21378	3e-05	-0.21382	-87.7364	7.37875	
244.0	1	24.21758	-3.88565	-0.89786	-13911.91505	3446.13251	515.86177	14341.66389	-58.4499	-314.97919	527.8738	617.47796	0.04305	1.47252	-0.36476	-0.0546	1.51801	19.3199	0.04381	
244.0	2	24.32654	4.00501	-0.896	-14603.3827	-3097.7214	537.81954	14938.00234	2.6399	-95.24611	-476.9154	486.34051	0.03256	-1.59868	-0.33912	0.05888	-1.63531	-19.76235	0.03211	
244.0	8	19.65138	9.2	-0.26127	-39.01444	-2060.68432	0.33446	2061.05364	-29.4216	0.53411	-141.23968	144.27253	0.07	-0.0047	-0.24846	4e-05	-0.24851	-87.29128	7.39707	
245.0	1	24.219	-3.88471	-0.86497	-13822.7059	3422.44421	493.71238	14248.65168	-57.50788	-308.28783	526.99372	613.24621	0.04304	1.46177	-0.36193	-0.05221	1.50681	20.7034	0.04379	
245.0	2	24.32763	4.00533	-0.86334	-14731.95355	-3125.18008	522.64958	15068.85425	-12.91638	-16.69675	-463.91287	464.3929	0.03082	-1.61497	-0.34259	0.05729	-1.6519	-21.0936	0.03028	
245.0	8	19.64365	9.2	-0.26019	-40.45492	-2142.47089	0.34427	2142.85282	-30.82207	0.55841	-146.79782	149.9997	0.07	-0.0049	-0.25968	4e-05	-0.25972	-93.36987	7.92047	
246.0	1	24.22035	-3.88364	-0.83185	-13755.03748	3403.96914	472.43242	14177.84378	-67.91652	-346.78965	521.27443	629.76404	0.04442	1.45334	-0.35966	-0.04992	1.49802	20.87231	0.04543	
246.0	2	24.32866	4.00559	-0.83032	-14828.36521	-3145.77696	505.91163	15166.8149	-28.88145	62.83947	-455.78251	460.9996	0.0304	-1.62811	-0.3454	0.05555	-1.66527	-21.24694	0.02983	
246.0	8	19.63533	9.2	-0.25896	-40.95972	-2175.54709	0.34553	2175.93267	-30.64828	0.55333	-149.1989	152.31525	0.07	-0.00499	-0.26515	4e-05	-0.26519	-94.10768	7.98914	
247.0	1	24.22173	-3.88245	-0.79831	-13719.40582	3393.35245	452.24885	14140.06599	-73.39364	-365.40718	515.28769	635.94846	0.04497	1.44851	-0.35827	-0.04775	1.49292	21.06639	0.0461	
247.0	2	24.32972	4.00575	-0.7969	-14913.96867	-3163.99283	488.399	15253.7158	-35.19822	96.57063	-449.21534	460.82451	0.03021	-1.64021	-0.34797	0.05371	-1.67757	-21.42349	0.02964	
247.0	8	19.62722	9.2	-0.25767	-40.96668	-2182.182	0.34242	2182.56653	-29.06566	0.52212	-149.98843	152.77963	0.07	-0.00502	-0.26737	4e-05	-0.26742	-94.9564	8.05823	
248.0	1	24.22315	-3.8812	-0.76451	-13762.46956	3402.27985	434.51424	14183.43679	-84.53057	-406.96666	509.22407	657.32521	0.04634	1.45214	-0.35899	-0.04585	1.49655	21.17148	0.04777	
248.0	2	24.33085	4.00559	-0.76333	-14943.61104	-3170.04847	468.74915	15283.33877	-29.39596	72.30888	-448.12696	454.87413	0.02976	-1.64578	-0.34913	0.05162	-1.6832	-21.51779	0.02917	
248.0	8	19.62027	9.2	-0.25644	-39.43679	-2105.87075	0.32683	2106.24002	-24.04228	0.42767	-145.46269	147.4368	0.07	-0.00485	-0.25919	4e-05	-0.25923	-95.42557	8.07639	
249.0	1	24.22455	-3.88	-0.73055	-13760.32981	3400.17957	415.15418	14180.27681	-78.84528	-380.6832	504.52144	636.92869	0.04492	1.45117	-0.35858	-0.04378	1.49546	21.48813	0.04603	
249.0	2	24.33202	4.00529	-0.72954	-15031.05712	-3188.22953	450.5966	15372.06957	-25.64593	58.36458	-442.53714	447.10542	0.02909	-1.65733	-0.35154	0.04968	-1.69493	-21.81004	0.02847	
249.0	8	19.61457	9.2	-0.2553	-39.55472	-2116.41795	0.32528	2116.78757	-22.60906	0.40004	-146.43962	148.17521	0.07	-0.00489	-0.26144	4e-05	-0.26149	-96.81034	8.1901	
250.0	1	24.22591	-3.87902	-0.69659	-13771.53823	3401.58523	396.0847	14190.94536	-69.04067	-337.21784	495.54818	603.36596	0.04252	1.45173	-0.35858	-0.04175	1.49595	21.50109	0.04318	
250.0	2	24.33315	4.0051	-0.69559	-15115.07935	-3205.77471	431.9928	15457.3359	-18.33266	27.97573	-433.83984	435.12726	0.02815	-1.66837	-0.35385	0.04768	-1.70615	-21.7974	0.0275	
250.0	8	19.60946	9.2	-0.25406	-39.64826	-2125.25118	0.32333	2125.62101	-21.18017	0.37273	-147.27777	148.79341	0.07	-0.00491	-0.26339	4e-05	-0.26343	-96.83062	8.18896	
251.0	1	24.227	-3.87804	-0.6624	-13761.58964	3397.85054	376.26772	14179.85596	-93.11368	-431.33505	489.59743	659.1098	0.04648	1.45029	-0.35809	-0.03965	1.49437	21.66492	0.04794	
251.0	2	24.33403	4.00489	-0.66135	-15157.01439	-3214.41456	411.85838	15499.58623	-38.01973	124.62118	-426.55801	446.01309	0.02878	-1.67488	-0.3552	0.04551	-1.71274	-21.95138	0.02815	
251.0	8	19.60475	9.2	-0.25271	-39.50257	-2120.97088	0.31921	2121.33873	-19.94162	0.34926	-147.14808	148.4936	0.07	-0.00491	-0.26364	4e-05	-0.26369	-97.5597	8.24995	
252.0	1	24.22813	-3.87689	-0.62782	-13743.5865	3392.01517	356.15263	14160.46544	-104.24078	-473.12849	483.54805	684.49647	0.04834	1.44825	-0.35744	-0.03753	1.49218	21.7358	0.05027	
252.0	2	24.33496	4.00455	-0.62685	-15231.58189	-3229.84119	392.31656	15575.20059	-54.31976	205.29481	-418.81047	469.573	0.03015	-1.68527	-0.35736	0.04341	-1.72329	-22.01112	0.02958	
252.0	8	19.60011	9.2	-0.2513	-39.88129	-2144.82969	0.31921	2145.20046	-19.64	0.34303	-148.87349	150.16379	0.07	-0.00497	-0.26738	4e-05	-0.26743	-97.87388	8.28048	
253.0	1	24.2293	-3.87564	-0.59279	-13753.04344	3392.92296	336.6193	14169.38399	-108.20998	-486.33582	480.90945	692.46359	0.04887	1.44926	-0.35754	-0.03547	1.49314	21.89199	0.05095	
253.0	2	24.33594	4.00394	-0.59226	-15290.82644	-3241.77494	372.03283	15635.11709	-57.1318	221.64722	-416.79682	475.51143	0.03041	-1.69387	-0.35911	0.04121	-1.73201	-22.15781	0.02985	
253.0	8	19.59582	9.2	-0.24986	-39.78019	-2142.64455	0.31526	2143.01382	-18.05834	0.31336	-148.91976	150.01098	0.07	-0.00497	-0.26782	4e-05	-0.26787	-98.57757	8.33811	
254.0	1	24.23051	-3.87421	-0.55777	-13746.20506	3389.66701	316.62357	14161.5058	-101.04469	-453.80474	471.43036	662.11431	0.04675	1.44842	-0.35717	-0.03336	1.49218	21.92326	0.04828	
254.0	2	24.33695	4.00322	-0.55751	-15388.22347	-3261.6941	352.38649	15734.04736	-60.37495	240.93584	-406.38412	476.28066	0.03027	-1.70664	-0.36174	0.03908	-1.74499	-22.16226	0.0297	
254.0	8	19.59148	9.2	-0.24833	-40.36912	-2177.74254	0.31656	2178.1167	-17.79979	0.30795	-151.42526	152.46815	0.07	-0.00506	-0.27294	4e-05	-0.27299	-98.68722	8.35042	
255.0	1	24.23169	-3.87288	-0.52274	-13772.26457	3394.5812	297.22815	14187.55784	-94.57662	-424.6596	467.67853	638.75169	0.04502	1.45101	-0.35765	-0.03132	1.49477	22.14717	0.04616	
255.0	2	24.33795	4.00258	-0.52242	-15473.55055	-3279.10861	332.05572	15820.66942	-54.71872	217.41278	-402.86248	461.04298	0.02914	-1.71804	-0.36408	0.03687	-1.75658	-22.36573	0.02853	
255.0	8	19.58709	9.2	-0.24658	-40.31508	-2178.2799	0.31231	2178.65296	-16.0246	0.27483	-151.66123	152.50572	0.07	-0.00507	-0.27374	4e-05	-0.27379	-99.67239	8.43145	
256.0	1	24.23269	-3.87163	-0.4877	-13759.57288	3390.02749	276.91986	14173.73687	-103.13951	-456.07626	458.4557	654.84727	0.0462	1.44955	-0.35713	-0.02917	1.49318	22.22976	0.0476	
256.0	2	24.33873	4.00212	-0.48719	-15555.67707	-3296.03885	311.34919	15904.08437	-70.29054	294.70366	-392.0427	495.46794	0.03115	-1.72918	-0.36639	0.03461	-1.76791	-22.42924	0.03063	
256.0	8	19.5827	9.2	-0.24468	-40.80538	-2208.2964	0.3119	2208.67339	-15.84163	0.271	-153.79317	154.60714	0.07	-0.00514	-0.27826	4e-05	-0.27831	-100.02434	8.46569	
257.0	1	24.23363	-3.87027	-0.45228	-13766.86857	3390.36354	256.89667	14180.52295	-110.58661	-483.6754	457.00894	674.55798	0.04757	1.45047	-0.35721	-0.02707	1.49406	22.31843	0.0493	
257.0	2	24.33946	4.00154	-0.45175	-15601.33128	-3305.13416	289.58674	15950.21348	-83.04981	357.76164	-391.03078	536.46597	0.03363	-1.73647	-0.36787	0.03223	-1.7753	-22.51618	0.03326	
257.0	8	19.57862	9.2	-0.24277	-40.54982	-2197.73595	0.30577	2198.11002	-14.15393	0.23983	-153.21516	153.86772	0.07	-0.00512	-0.27761	4e-05	-0.27766	-100.44469	8.50165	
258.0	1	24.23457	-3.8689	-0.41651	-13791.96068	3395.13221	237.11012	14205.67926	-108.54219	-472.52715	452.45863	663.16071	0.04668	1.45352	-0.35781	-0.02499	1.49712	22.38664	0.04819	
258.0	2	24.34025	4.00071	-0.41647	-15653.70913	-3315.41508	267.75179	16003.19586	-93.96089	412.35089	-387.3815	573.52099	0.03584	-1.74441	-0.36946	0.02984	-1.78336	-22.57257	0.03564	
258.0	8	19.5751	9.2	-0.24085	-40.24679	-2184.1407	0.29936	2184.5115	-12.34298	0.20655	-152.41671	152.91581	0.07	-0.00509	-0.27648	4e-05	-0.27653	-100.7535	8.52708	
259.0	1	24.23556	-3.86736	-0.38054	-13828.67067	3402.67485	217.32034	14242.8072	-101.24241	-440.2879	451.44724	638.67681	0.04484	1.45778	-0.3587	-0.02291	1.50144	22.50341	0.04594	
259.0	2	24.34105	3.99981	-0.38099	-15711.36399	-3326.72634	245.71941	16061.58288	-94.92917	419.70411	-387.53976	579.09425	0.03605	-1.75276	-0.37113	0.02741	-1.79184	-22.67894	0.03588	
259.0	8	19.57216	9.2	-0.23886	-39.98681	-2172.40381	0.29325	2172.77181	-10.45526	0.17196	-151.73408	152.09396	0.07	-0.00507	-0.27548	4e-05	-0.27553	-101.28589	8.57125	
260.0	1	24.23651	-3.86596	-0.34477	-13881.26253	3414.25576	197.604	14296.35055	-90.51391	-393.98468	448.96427	604.14039	0.04226	1.46377	-0.36003	-0.02084	1.50754	22.58757	0.04287	
260.0	2	24.34186	3.99891	-0.34513	-15779.23608	-3340.194	223.612	16130.44294	-95.74547	426.45317	-386.17784	583.2348	0.03616	-1.76205	-0.373	0.02497	-1.80127	-22.74936	0.03599	
260.0	8	19.56968	9.2	-0.23682	-39.69878	-2158.77302	0.2869	2159.13803	-8.5615	0.13739	-150.89696	151.13971	0.07	-0.00504	-0.27416	4e-05	-0.2742	-101.66294	8.60224	
261.0	1	24.23729	-3.86474	-0.30898	-13918.29151	3422.20574	177.45689	14333.9395	-89.2498	-386.23387	448.37369	598.48232	0.04175	1.46825	-0.36101	-0.01872	1.5121	22.61925	0.04228	
261.0	2	24.34252	3.99813	-0.30908	-15829.65524	-3350.09036	200.99606	16181.51692	-105.1055	473.43788	-386.69482	620.26082	0.03833	-1.76932	-0.37445	0.02247	-1.80864	-22.77885	0.03839	
261.0	8	19.56769	9.2	-0.2347	-39.46222	-2147.54953	0.28084	2147.91209	-7.05937	0.11008	-150.188	150.35386	0.07	-0.00502	-0.27307	4e-05	-0.27311	-101.82609	8.61668	
262.0	1	24.23791	-3.86351	-0.27303	-13948.37588	3428.52535	157.10275	14364.42331	-92.67359	-397.36085	443.75821	602.83115	0.04197	1.47214	-0.36185	-0.01658	1.51605	22.76786	0.04253	
262.0	2	24.34307	3.99718	-0.27306	-15839.24592	-3351.20148	177.75171	16190.85725	-116.74167	531.4141	-383.81812	665.84226	0.04112	-1.77185	-0.37488	0.01988	-1.81118	-22.91833	0.04156	
262.0	8	19.56633	9.2	-0.2326	-38.86485	-2116.1772	0.27234	2116.53408	-5.09519	0.07452	-148.06964	148.1573	0.07	-0.00495	-0.26927	3e-05	-0.26931	-102.49928	8.67302	
263.0	1	24.23852	-3.86236	-0.23668	-13989.72226	3437.72774	136.69726	14406.56055	-89.93223	-383.59688	443.13032	592.95772	0.04116	1.47769	-0.36312	-0.01444	1.52172	22.74744	0.0416	
263.0	2	24.34364	3.9961	-0.23718	-15860.71386	-3354.69191	154.51353	16212.34333	-124.57004	571.30945	-383.1543	699.08469	0.04312	-1.77588	-0.37562	0.0173	-1.81525	-22.89615	0.04388	
263.0	8	19.56552	9.2	-0.23049	-38.37798	-2090.37646	0.26476	2090.72875	-3.34097	0.04281	-146.31264	146.35079	0.07	-0.00489	-0.26613	3e-05	-0.26618	-102.43091	8.66759	
264.0	1	24.23918	-3.86104	-0.2002	-14050.13562	3451.53357	116.27144	14468.34179	-77.35767	-329.81808	442.86409	557.5776	0.03854	1.48517	-0.36484	-0.01229	1.52938	22.7809	0.03862	
264.0	2	24.34423	3.99497	-0.20124	-15883.48562	-3358.39583	131.16064	16235.1822	-126.96569	585.37206	-386.90385	713.07456	0.04392	-1.77974	-0.37631	0.0147	-1.81915	-22.92632	0.04483	
264.0	8	19.5654	9.2	-0.22834	-37.83004	-2060.72516	0.25679	2061.07238	-1.42721	0.00822	-144.268	144.27506	0.07	-0.00482	-0.26238	3e-05	-0.26243	-102.60311	8.68228	
265.0	1	24.23981	-3.85989	-0.16395	-14126.00714	3469.30102	95.7389	14546.10921	-57.00613	-244.35971	443.79385	509.81795	0.03505	1.49431	-0.367	-0.01013	1.53875	22.7652	0.03478	
265.0	2	24.3448	3.99394	-0.16507	-15906.26453	-3362.18663	107.70557	16258.07955	-122.52204	567.112	-391.17314	699.74574	0.04304	-1.78336	-0.37696	0.01208	-1.82281	-22.90712	0.04379	
265.0	8	19.56589	9.2	-0.22615	-37.21335	-2026.89024	0.24845	2027.23184	0.63624	-0.02908	-141.90477	141.9062	0.07	-0.00474	-0.258	3e-05	-0.25805	-102.55056	8.67813	
266.0	1	24.24027	-3.85907	-0.12778	-14201.85566	3487.39769	74.9488	14623.96198	-42.91059	-184.3855	448.51368	486.83041	0.03329	1.50351	-0.3692	-0.00793	1.54819	22.82921	0.03289	
266.0	2	24.34528	3.99294	-0.12861	-15915.58743	-3363.17482	84.07794	16267.26582	-125.10138	582.09369	-397.00141	715.60712	0.04399	-1.78512	-0.37722	0.00943	-1.82457	-22.97555	0.04492	
266.0	8	19.56712	9.2	-0.22392	-36.51326	-1987.99591	0.23964	1988.33121	2.51638	-0.06299	-139.16045	139.18322	0.07	-0.00464	-0.25287	3e-05	-0.25291	-102.86832	8.70605	
267.0	1	24.24054	-3.85828	-0.09144	-14261.34361	3501.5972	53.82327	14685.02643	-47.35413	-199.82299	452.70577	497.10578	0.03385	1.51129	-0.37107	-0.0057	1.55619	22.83805	0.03349	
267.0	2	24.34562	3.99173	-0.09217	-15898.16337	-3358.34119	60.27082	16249.11342	-142.38655	666.80335	-403.70232	792.3864	0.04876	-1.78389	-0.37683	0.00676	-1.82327	-23.00032	0.05082	
267.0	8	19.56899	9.2	-0.22176	-35.89063	-1952.90226	0.23163	1953.23205	3.79244	-0.08591	-136.67362	136.72626	0.07	-0.00456	-0.24814	3e-05	-0.24818	-102.96488	8.71532	
268.0	1	24.24079	-3.85756	-0.05494	-14351.57878	3523.46739	32.63244	14777.8111	-43.28494	-180.52818	455.92477	492.27167	0.03331	1.52269	-0.37384	-0.00346	1.56791	22.75582	0.03291	
268.0	2	24.34599	3.99036	-0.05607	-15873.21437	-3351.75874	36.5474	16223.27208	-152.59172	718.16383	-410.67525	841.24769	0.05185	-1.78172	-0.37622	0.0041	-1.82101	-22.93226	0.0549	
268.0	8	19.57163	9.2	-0.2197	-34.90102	-1897.38018	0.22164	1897.70115	5.5447	-0.11749	-132.72325	132.83907	0.07	-0.00443	-0.24071	3e-05	-0.24075	-102.64885	8.69094	
269.0	1	24.24108	-3.85665	-0.01846	-14443.46181	3545.66307	11.16446	14872.30447	-22.71505	-94.00891	469.33773	479.19887	0.03222	1.53427	-0.37664	-0.00119	1.57982	22.76381	0.03175	
269.0	2	24.34636	3.98897	-0.02004	-15852.56288	-3346.06613	12.89475	16201.85405	-157.85867	746.23916	-426.44513	873.86938	0.05394	-1.77979	-0.37567	0.00145	-1.819	-22.96806	0.05781	
269.0	8	19.57505	9.2	-0.21775	-34.02045	-1847.38169	0.21276	1847.69493	7.17144	-0.14694	-129.13953	129.33858	0.07	-0.00431	-0.2339	3e-05	-0.23394	-102.77048	8.70443	
270.0	1	24.24134	-3.85581	0.01811	-14555.83654	3573.01802	-10.70619	14987.96016	-18.94369	-75.77154	467.78326	474.25876	0.03164	1.54808	-0.38001	0.00114	1.59403	23.32296	0.03114	
270.0	2	24.34671	3.98767	0.01634	-15839.72636	-3342.09545	-10.82198	16188.47276	-151.33902	718.64053	-424.74884	848.38628	0.05241	-1.77849	-0.37525	-0.00122	-1.81764	-23.50108	0.05566	
270.0	8	19.57921	9.2	-0.21575	-33.12353	-1796.14286	0.20393	1796.44827	8.71623	-0.17498	-125.44864	125.7512	0.07	-0.00418	-0.22684	3e-05	-0.22688	-105.24584	8.9124	
271.0	1	24.24147	-3.85524	0.05442	-14663.74405	3599.56129	-32.82383	15099.11615	2.51169	14.60225	479.25102	479.48	0.03176	1.56159	-0.38333	0.0035	1.60795	22.6976	0.03126	
271.0	2	24.34701	3.98635	0.05286	-15814.90157	-3335.58861	-34.3853	16162.87244	-155.07353	739.80547	-442.45765	875.85883	0.05419	-1.77554	-0.37449	-0.00386	-1.81461	-22.92091	0.05817	
271.0	8	19.58408	9.2	-0.21378	-32.17688	-1741.92036	0.19507	1742.21754	10.19455	-0.20192	-121.52815	121.95516	0.07	-0.00405	-0.21936	2e-05	-0.21939	-102.5529	8.69031	
272.0	1	24.24137	-3.85477	0.09073	-14757.88425	3622.92136	-55.15471	15196.17547	7.68232	38.94166	502.36529	503.9309	0.03316	1.57402	-0.38641	0.00588	1.62077	22.63491	0.03275	
272.0	2	24.34713	3.98479	0.08925	-15747.51449	-3319.93374	-57.65252	16093.77197	-176.1547	843.71189	-469.51761	981.49224	0.06099	-1.76779	-0.37269	-0.00647	-1.80666	-22.93139	0.06906	
272.0	8	19.58974	9.2	-0.21209	-31.09049	-1679.87483	0.18603	1680.16252	11.12442	-0.21885	-117.08388	117.61137	0.07	-0.0039	-0.21082	2e-05	-0.21085	-102.45213	8.6875	
273.0	1	24.24127	-3.85427	0.12723	-14872.21103	3651.28443	-77.93302	15314.06584	13.07856	64.26283	514.99145	519.15022	0.0339	1.589	-0.39012	0.00833	1.63621	22.5803	0.03354	
273.0	2	24.3473	3.98298	0.12539	-15690.94393	-3306.33012	-80.83419	16035.71247	-185.97701	894.47516	-485.87549	1034.76966	0.06453	-1.76123	-0.37112	-0.00907	-1.79993	-22.9254	0.07621	
273.0	8	19.59616	9.2	-0.21071	-30.04897	-1620.08288	0.17792	1620.36154	12.02855	-0.23549	-112.78546	113.42531	0.07	-0.00376	-0.20252	2e-05	-0.20255	-102.33531	8.68161	
274.0	1	24.24122	-3.8536	0.16348	-14997.71005	3682.33125	-101.07768	15443.4804	14.8227	74.84146	527.16384	532.65624	0.03449	1.60528	-0.39414	0.01082	1.65299	22.42599	0.03418	
274.0	2	24.34748	3.98114	0.16137	-15647.81135	-3295.53126	-103.87866	15991.41385	-186.64321	902.0157	-501.19201	1048.64744	0.06558	-1.75604	-0.36983	-0.01166	-1.7946	-22.80836	0.0787	
274.0	8	19.60327	9.2	-0.20966	-29.21019	-1571.09944	0.17162	1571.37097	12.84982	-0.25084	-109.24256	109.99599	0.07	-0.00364	-0.19553	2e-05	-0.19556	-101.74601	8.63357	
275.0	1	24.24118	-3.85283	0.19998	-15136.66014	3716.65257	-124.78367	15586.77508	10.76979	61.76023	533.1041	536.7777	0.03444	1.62296	-0.3985	0.01338	1.67123	23.55845	0.03412	
275.0	2	24.34766	3.97931	0.19759	-15618.72328	-3287.69786	-126.98385	15961.50366	-181.21749	880.25479	-501.05571	1028.9534	0.06446	-1.7523	-0.36885	-0.01425	-1.79076	-23.901	0.07607	
275.0	8	19.61073	9.2	-0.20861	-28.49421	-1528.74631	0.16613	1529.01185	13.42209	-0.26171	-106.18497	107.03022	0.07	-0.00353	-0.18937	2e-05	-0.1894	-106.77353	9.05138	
276.0	1	24.24106	-3.85232	0.23623	-15275.0379	3751.08252	-148.71091	15729.57462	11.37304	67.64631	538.11274	542.46722	0.03449	1.64076	-0.40292	0.01597	1.68958	22.40783	0.03418	
276.0	2	24.34785	3.97748	0.23382	-15600.95152	-3282.24007	-149.9168	15943.18862	-172.09867	841.59702	-516.42278	1002.29536	0.06287	-1.74965	-0.3681	-0.01681	-1.78804	-22.7892	0.07266	
276.0	8	19.61857	9.2	-0.20747	-27.80934	-1488.05787	0.16076	1488.31771	14.4022	-0.2803	-103.18159	104.18225	0.07	-0.00343	-0.18341	2e-05	-0.18344	-101.70217	8.62652	
277.0	1	24.24067	-3.85188	0.27267	-15394.42904	3780.9718	-172.90456	15852.88899	-14.64829	-35.19593	534.55624	535.9139	0.03381	1.6574	-0.40707	0.01862	1.70676	22.26429	0.03344	
277.0	2	24.34778	3.97552	0.27013	-15538.67964	-3267.35897	-172.36893	15879.41783	-184.82364	906.30251	-518.07647	1060.16379	0.06676	-1.74277	-0.36646	-0.01933	-1.78098	-22.67296	0.08189	
277.0	8	19.62661	9.2	-0.20641	-27.00599	-1441.16618	0.15486	1441.4192	14.5843	-0.28402	-99.83936	100.89936	0.07	-0.00331	-0.17677	2e-05	-0.1768	-101.13574	8.57684	
278.0	1	24.24031	-3.85134	0.30871	-15503.31484	3808.2552	-197.25039	15965.41533	-11.55928	-19.1667	538.48039	538.94536	0.03376	1.672	-0.41071	0.02127	1.72183	22.38136	0.03339	
278.0	2	24.34774	3.97345	0.30605	-15450.24951	-3246.89311	-194.23542	15788.92815	-171.77254	848.65764	-522.93237	1011.52551	0.06407	-1.73179	-0.36394	-0.02177	-1.76975	-22.77549	0.07518	
278.0	8	19.6351	9.2	-0.20529	-26.15963	-1392.01955	0.14882	1392.26534	15.36476	-0.29903	-96.23935	97.4586	0.07	-0.00319	-0.16975	2e-05	-0.16978	-101.6502	8.61967	
279.0	1	24.23994	-3.85094	0.34451	-15617.34778	3836.95636	-221.92122	16083.31542	-0.88114	27.71439	541.18285	541.89274	0.03369	1.68748	-0.41459	0.02398	1.73783	22.35062	0.03332	
279.0	2	24.34766	3.97156	0.34177	-15361.64012	-3226.55391	-215.76636	15698.31814	-152.42466	761.06408	-528.91281	939.25533	0.05983	-1.72102	-0.36148	-0.02417	-1.75874	-22.72858	0.06701	
279.0	8	19.64389	9.2	-0.204	-25.36054	-1345.51209	0.14292	1345.75108	16.1399	-0.31407	-92.80895	94.20242	0.07	-0.00307	-0.16312	2e-05	-0.16315	-101.49187	8.60807	
280.0	1	24.2395	-3.85085	0.38023	-15735.97159	3867.09359	-246.8988	16206.05361	18.21827	109.37307	551.94171	562.96894	0.03474	1.70305	-0.41852	0.02672	1.75392	22.21802	0.03445	
280.0	2	24.34754	3.96987	0.37741	-15282.47332	-3208.38983	-237.08172	15617.42501	-127.28495	646.17138	-539.64857	851.44553	0.05452	-1.71067	-0.35914	-0.02654	-1.74816	-22.59899	0.05865	
280.0	8	19.65303	9.2	-0.20253	-24.73877	-1308.50595	0.13789	1308.7398	16.87136	-0.32846	-90.04428	91.61181	0.07	-0.00298	-0.15764	2e-05	-0.15767	-100.91182	8.56143	
281.0	1	24.23899	-3.85105	0.41634	-15864.53998	3899.93815	-272.39318	16339.13536	39.01479	197.2715	552.12454	587.60505	0.03596	1.72004	-0.42283	0.02953	1.7715	22.11	0.03578	
281.0	2	24.34737	3.96841	0.41328	-15199.15271	-3189.57339	-258.08852	15532.36077	-99.46514	517.80217	-541.60561	755.87634	0.04866	-1.70004	-0.35676	-0.02887	-1.73731	-22.47892	0.05069	
281.0	8	19.66247	9.2	-0.20092	-23.96128	-1263.41744	0.13194	1263.64464	17.56076	-0.3421	-86.6938	88.45514	0.07	-0.00287	-0.15126	2e-05	-0.15129	-100.40254	8.52322	
282.0	1	24.23816	-3.85138	0.4522	-15949.48088	3922.28342	-297.29469	16427.37446	27.08028	152.89564	564.36778	585.33872	0.03563	1.73181	-0.42589	0.03228	1.7837	22.10727	0.03542	
282.0	2	24.34696	3.96706	0.44887	-15098.60035	-3167.29289	-278.38136	15429.74312	-100.66458	528.81306	-556.83159	774.49211	0.05019	-1.68686	-0.35386	-0.0311	-1.72386	-22.50689	0.05268	
282.0	8	19.6724	9.2	-0.19934	-23.31955	-1225.56398	0.12681	1225.78582	17.66346	-0.34478	-83.96656	85.80501	0.07	-0.00277	-0.14571	2e-05	-0.14573	-100.4593	8.52566	
283.0	1	24.23737	-3.85156	0.48777	-16045.24118	3947.16699	-322.68663	16526.76672	19.14588	123.49722	558.6347	572.44288	0.03464	1.74525	-0.42934	0.0351	1.79762	22.18251	0.03434	
283.0	2	24.3465	3.96571	0.48441	-14993.56813	-3144.08872	-298.31241	15322.57712	-98.90715	524.0663	-552.2394	767.72161	0.0501	-1.67383	-0.35099	-0.0333	-1.71056	-22.56976	0.05256	
283.0	8	19.68245	9.2	-0.19782	-22.67756	-1187.95008	0.12176	1188.16652	17.77708	-0.34769	-81.2486	83.17139	0.07	-0.00268	-0.14026	1e-05	-0.14029	-100.77217	8.54728	
284.0	1	24.23656	-3.85187	0.52288	-16154.31818	3975.50142	-348.45337	16639.95274	19.80052	130.0875	566.21394	581.30288	0.03493	1.76003	-0.43314	0.03796	1.81294	21.89772	0.03466	
284.0	2	24.34607	3.96423	0.5195	-14892.232	-3121.56159	-317.83686	15219.1899	-88.71236	480.38693	-561.39598	744.18205	0.0489	-1.66081	-0.34812	-0.03545	-1.69727	-22.30595	0.05099	
284.0	8	19.69307	9.2	-0.19628	-22.02319	-1149.76464	0.11669	1149.97555	18.03962	-0.3535	-78.44965	80.49783	0.07	-0.00258	-0.13473	1e-05	-0.13475	-99.53852	8.44494	
285.0	1	24.23569	-3.85244	0.55804	-16244.09492	3999.35001	-374.03068	16733.35947	32.36658	184.30594	565.02888	595.20913	0.03557	1.7727	-0.43645	0.04082	1.8261	22.66147	0.03535	
285.0	2	24.34564	3.96278	0.55459	-14822.78297	-3105.76063	-337.73612	15148.42268	-75.97479	423.27099	-557.89295	704.39693	0.0465	-1.65112	-0.34595	-0.03762	-1.68739	-23.03919	0.04796	
285.0	8	19.70399	9.2	-0.19468	-22.10323	-1149.99897	0.11557	1150.21137	18.13778	-0.3565	-78.4439	80.51429	0.07	-0.00257	-0.1337	1e-05	-0.13372	-102.90773	8.70979	
286.0	1	24.23475	-3.85326	0.59324	-16395.16632	4038.53912	-401.23648	16890.00497	41.61938	226.04497	574.56102	618.82862	0.03664	1.79196	-0.44141	0.04385	1.84605	21.83729	0.03652	
286.0	2	24.3452	3.96141	0.58953	-14703.25264	-3079.54841	-356.10157	15026.51207	-51.4551	312.03594	-573.91596	655.2813	0.04361	-1.63557	-0.34256	-0.03961	-1.67153	-22.25724	0.04446	
286.0	8	19.71539	9.2	-0.19304	-20.73796	-1075.23573	0.10697	1075.4357	18.54596	-0.36495	-72.95946	75.28059	0.07	-0.00239	-0.12396	1e-05	-0.12398	-99.28591	8.4285	
287.0	1	24.23366	-3.85395	0.62821	-16488.09939	4063.37384	-427.22504	16986.78751	31.95271	191.21575	585.50313	616.76442	0.03631	1.80478	-0.44477	0.04676	1.85936	21.56446	0.03615	
287.0	2	24.34458	3.96021	0.62414	-14600.46285	-3057.03425	-374.42193	14921.76818	-51.34506	317.01961	-586.1787	668.38852	0.04479	-1.622	-0.33961	-0.0416	-1.65769	-22.01703	0.04588	
287.0	8	19.72748	9.2	-0.19151	-20.24737	-1046.10701	0.10309	1046.30294	18.61133	-0.3672	-70.83613	73.24121	0.07	-0.00231	-0.11953	1e-05	-0.11955	-98.12408	8.32809	
288.0	1	24.23256	-3.85437	0.66291	-16592.09676	4090.75074	-453.71647	17094.96344	16.71353	132.78811	586.02797	601.1163	0.03516	1.81884	-0.44843	0.04974	1.87397	21.46943	0.03491	
288.0	2	24.34384	3.95894	0.65865	-14474.50824	-3029.63788	-391.76281	14793.36245	-55.84372	342.93815	-588.79507	683.67004	0.04621	-1.606	-0.33615	-0.04347	-1.64138	-21.93161	0.04761	
288.0	8	19.74063	9.2	-0.18995	-19.68504	-1013.45457	0.09894	1013.64574	18.57966	-0.36757	-68.47845	70.95517	0.07	-0.00223	-0.11465	1e-05	-0.11467	-97.71457	8.28782	
289.0	1	24.23146	-3.85487	0.69734	-16708.24983	4121.24336	-480.71634	17215.72965	11.18945	113.78064	586.54476	597.58347	0.03471	1.83448	-0.45249	0.05278	1.8902	21.3583	0.03442	
289.0	2	24.34312	3.95761	0.69309	-14355.37001	-3003.6343	-408.81923	14671.93239	-51.67986	327.48999	-591.40224	677.99492	0.04621	-1.59083	-0.33286	-0.0453	-1.62591	-21.82725	0.04761	
289.0	8	19.75441	9.2	-0.18847	-19.0832	-978.92626	0.09467	979.11225	18.62314	-0.36942	-65.95816	68.53785	0.07	-0.00214	-0.10959	1e-05	-0.10961	-97.22591	8.24483	
290.0	1	24.23028	-3.85563	0.73159	-16830.03173	4153.4203	-508.03852	17342.40385	11.94812	121.02728	593.63601	605.9654	0.03494	1.85088	-0.45677	0.05587	1.90723	21.16063	0.03467	
290.0	2	24.34244	3.95609	0.72733	-14241.00115	-2978.48282	-425.52992	14555.36153	-41.85087	285.81914	-599.97914	665.89718	0.04575	-1.57587	-0.32959	-0.04709	-1.61066	-21.65041	0.04704	
290.0	8	19.76849	9.2	-0.18703	-18.51358	-946.18089	0.09062	946.362	18.70803	-0.37214	-63.54773	66.24532	0.07	-0.00205	-0.10477	1e-05	-0.10479	-96.37862	8.1749	
291.0	1	24.22906	-3.85658	0.76574	-16944.38555	4183.96843	-535.3436	17461.51157	22.15171	165.72159	594.06112	617.14096	0.03534	1.86652	-0.46089	0.05897	1.92348	21.25616	0.0351	
291.0	2	24.34175	3.95464	0.76129	-14144.65808	-2957.17826	-442.37667	14457.24568	-27.73774	222.34899	-599.45471	639.96438	0.04427	-1.56284	-0.32674	-0.04888	-1.59738	-21.7417	0.04525	
291.0	8	19.78246	9.2	-0.18565	-18.29514	-931.55164	0.08842	931.73128	18.88353	-0.37679	-62.4265	65.22115	0.07	-0.002	-0.10202	1e-05	-0.10204	-96.79226	8.20167	
292.0	1	24.22779	-3.85744	0.79941	-17065.54727	4216.1788	-562.99544	17587.66701	25.02161	181.79165	602.95104	630.25728	0.03584	1.88266	-0.46513	0.06211	1.94026	20.85703	0.03564	
292.0	2	24.34101	3.95342	0.79478	-14039.75719	-2934.28703	-458.51051	14350.43743	-14.97652	167.10506	-610.8204	633.44294	0.04414	-1.54878	-0.32369	-0.05058	-1.58305	-21.37477	0.0451	
292.0	8	19.79653	9.2	-0.18425	-17.60743	-893.16578	0.08399	893.33932	18.91168	-0.37842	-59.60432	62.53375	0.07	-0.00191	-0.09672	1e-05	-0.09674	-95.0591	8.06515	
293.0	1	24.22643	-3.85809	0.83286	-17170.09319	4244.16986	-590.2425	17696.70772	6.93433	113.10863	611.59476	622.00466	0.03515	1.89701	-0.46891	0.06521	1.95519	20.68634	0.03489	
293.0	2	24.3401	3.95204	0.82801	-13906.77193	-2905.44183	-473.25819	14214.9172	-21.65231	204.87083	-621.49276	654.74738	0.04606	-1.53169	-0.32001	-0.05212	-1.56563	-21.23366	0.04742	
293.0	8	19.81071	9.2	-0.18293	-17.11551	-864.90563	0.08067	865.07496	18.72451	-0.37591	-57.58636	60.55525	0.07	-0.00183	-0.09259	1e-05	-0.09261	-94.35188	8.00102	
294.0	1	24.22508	-3.85869	0.86639	-17281.27311	4273.77506	-617.92404	17812.61866	-0.16782	86.73968	604.61481	610.8051	0.03429	1.9122	-0.4729	0.06837	1.97099	20.54709	0.03396	
294.0	2	24.33918	3.95069	0.86124	-13784.46202	-2878.8628	-487.94447	14090.32768	-20.61534	203.16877	-616.30707	649.25877	0.04608	-1.51594	-0.3166	-0.05366	-1.54958	-21.08915	0.04744	
294.0	8	19.82464	9.2	-0.18161	-16.64247	-837.83982	0.07749	838.0051	18.61173	-0.37484	-55.62822	58.66034	0.07	-0.00176	-0.08867	1e-05	-0.08869	-93.70831	7.94295	
295.0	1	24.22369	-3.85949	0.89962	-17405.41994	4306.84721	-646.14036	17941.99191	-1.61371	85.08741	610.61922	616.52113	0.03436	1.92914	-0.47735	0.07162	1.98861	20.36653	0.03404	
295.0	2	24.33828	3.94922	0.89448	-13663.45899	-2852.48295	-502.14509	13967.06555	-12.84213	171.35624	-623.96875	647.19772	0.04634	-1.5003	-0.31321	-0.05514	-1.53363	-20.92982	0.04776	
295.0	8	19.83889	9.2	-0.18023	-16.10241	-807.51377	0.07404	807.6743	18.48669	-0.37354	-53.42806	56.5372	0.07	-0.00168	-0.08445	1e-05	-0.08447	-92.93738	7.88097	
296.0	1	24.22227	-3.86046	0.93251	-17534.97553	4341.45871	-674.70351	18077.02562	4.18636	112.86187	617.42297	627.66746	0.03472	1.94656	-0.48195	0.0749	2.00673	20.17757	0.03443	
296.0	2	24.33739	3.94783	0.92727	-13549.68563	-2827.67624	-516.13801	13851.2141	0.55252	112.64551	-631.63642	641.60259	0.04632	-1.48525	-0.30996	-0.05658	-1.5183	-20.76247	0.04774	
296.0	8	19.85324	9.2	-0.17889	-15.64105	-781.29925	0.07106	781.4558	18.42793	-0.3736	-51.5031	54.7019	0.07	-0.00162	-0.08071	1e-05	-0.08073	-92.12731	7.81687	
297.0	1	24.22086	-3.86148	0.96491	-17657.95128	4374.50793	-703.20916	18205.33071	18.09623	171.69782	613.68805	637.51128	0.03502	1.96304	-0.48632	0.07818	2.0239	20.07554	0.03475	
297.0	2	24.33648	3.94661	0.95953	-13449.91434	-2805.94543	-530.26572	13749.71663	17.29986	35.38964	-626.06909	627.30712	0.04562	-1.47169	-0.30703	-0.05802	-1.5045	-20.65512	0.04689	
297.0	8	19.86729	9.2	-0.1776	-15.43444	-767.99852	0.06933	768.1536	18.53896	-0.37713	-50.47241	53.7708	0.07	-0.00158	-0.07838	1e-05	-0.07839	-91.64579	7.77373	
298.0	1	24.21926	-3.86254	0.99687	-17766.70523	4404.17763	-731.20671	18319.04087	7.23218	131.9275	618.89495	632.84132	0.03455	1.97793	-0.49031	0.0814	2.03942	19.82214	0.03424	
298.0	2	24.33548	3.94541	0.99134	-13328.00562	-2779.64042	-543.03493	13625.60169	18.7167	34.221	-634.54179	635.73947	0.04666	-1.45559	-0.30357	-0.05931	-1.48809	-20.42895	0.04816	
298.0	8	19.88153	9.2	-0.17624	-14.69161	-728.15177	0.06521	728.29998	18.11497	-0.36977	-47.65262	50.98099	0.07	-0.00148	-0.07339	1e-05	-0.0734	-90.55509	7.68995	
299.0	1	24.21761	-3.86355	1.02867	-17872.79653	4433.19614	-759.15703	18430.04078	-10.85923	63.08329	624.04138	627.31576	0.03404	1.99277	-0.49429	0.08464	2.0549	19.60219	0.03369	
299.0	2	24.33436	3.94406	1.02293	-13190.55863	-2750.01712	-554.66354	13485.58797	11.90041	72.37963	-641.86341	646.04107	0.04791	-1.43793	-0.29979	-0.06047	-1.4701	-20.23503	0.04972	
299.0	8	19.8958	9.2	-0.17492	-14.20266	-701.12098	0.06233	701.26482	17.76237	-0.36388	-45.76079	49.08853	0.07	-0.00141	-0.06976	1e-05	-0.06978	-89.61416	7.60826	
300.0	1	24.21597	-3.86453	1.06042	-17972.64618	4460.66827	-786.89294	18534.6371	-18.12906	36.73564	622.31178	623.65866	0.03365	2.00708	-0.49814	0.08788	2.06984	19.41527	0.03327	
300.0	2	24.3333	3.94247	1.05448	-13077.46595	-2725.31398	-566.82768	13370.44298	9.38351	88.07581	-639.95959	646.06012	0.04832	-1.42298	-0.29655	-0.06168	-1.45486	-20.05469	0.05025	
300.0	8	19.90994	9.2	-0.17373	-14.17238	-696.85737	0.0616	697.00148	17.79897	-0.366	-45.42616	48.7901	0.07	-0.00139	-0.06845	1e-05	-0.06847	-88.78117	7.5246	
301.0	1	24.21437	-3.8654	1.0919	-18100.90476	4495.11043	-815.93171	18668.54348	-21.51193	27.00494	626.00277	626.95414	0.03358	2.02447	-0.50275	0.09126	2.08795	19.19675	0.0332	
301.0	2	24.33224	3.94095	1.08567	-12948.40557	-2697.34899	-577.81555	13238.98672	16.41233	59.70281	-646.49153	649.44983	0.04906	-1.4064	-0.29297	-0.06276	-1.43796	-19.85933	0.05119	
301.0	8	19.92381	9.2	-0.17266	-13.52763	-662.55808	0.05826	662.69617	17.4074	-0.35919	-42.99729	46.38872	0.07	-0.00131	-0.06425	1e-05	-0.06426	-87.84407	7.45557	
302.0	1	24.21281	-3.86621	1.12275	-18229.19815	4529.53727	-845.05534	18802.5129	-18.1037	44.59412	629.55242	631.38944	0.03358	2.04183	-0.50735	0.09465	2.10605	18.9771	0.0332	
302.0	2	24.33118	3.93951	1.1165	-12830.82565	-2671.85318	-588.82459	13119.28355	27.26945	12.43017	-650.62012	651.30996	0.04965	-1.39117	-0.28969	-0.06384	-1.42244	-19.65915	0.05196	
302.0	8	19.93767	9.2	-0.17172	-13.0858	-638.40346	0.05589	638.53756	17.18566	-0.35588	-41.2602	44.69762	0.07	-0.00125	-0.0611	1e-05	-0.06112	-86.89356	7.38246	
303.0	1	24.21124	-3.86717	1.15322	-18357.22969	4564.07527	-874.24455	18936.28708	-8.13601	88.14678	631.01694	637.19576	0.03365	2.05899	-0.51192	0.09806	2.12393	18.75962	0.03328	
303.0	2	24.33012	3.93815	1.1469	-12720.82159	-2648.00947	-599.71918	13007.34097	42.34351	-55.8061	-651.75355	655.50742	0.0504	-1.37662	-0.28656	-0.0649	-1.40762	-19.45692	0.05294	
303.0	8	19.95138	9.2	-0.17085	-12.76794	-620.46294	0.05413	620.5943	17.08867	-0.35514	-39.93775	43.4416	0.07	-0.00121	-0.05861	1e-05	-0.05862	-85.94141	7.3087	
304.0	1	24.20946	-3.86823	1.18337	-18449.77828	4589.95865	-901.7564	19033.52841	-18.64275	49.25294	632.12591	634.31582	0.03333	2.07225	-0.51554	0.10128	2.13781	18.52331	0.03293	
304.0	2	24.32897	3.93686	1.17687	-12613.58572	-2624.82175	-610.28946	12898.24357	40.15873	-40.84368	-654.34229	656.84455	0.05093	-1.36231	-0.28349	-0.06591	-1.39306	-19.23827	0.05365	
304.0	8	19.9649	9.2	-0.17004	-12.40699	-600.58311	0.05226	600.71125	16.79923	-0.3504	-38.54669	42.04979	0.07	-0.00116	-0.05598	0.0	-0.056	-84.90809	7.22082	
305.0	1	24.20767	-3.86924	1.21325	-18565.19722	4621.51077	-930.37196	19154.38597	-44.89193	-52.60757	634.47857	638.23656	0.03332	2.08837	-0.51987	0.10466	2.15465	18.28356	0.03292	
305.0	2	24.32775	3.93535	1.20664	-12497.82581	-2599.73605	-619.98649	12780.40144	25.36356	35.38958	-659.68036	661.11566	0.05173	-1.34717	-0.28023	-0.06683	-1.37763	-19.0208	0.05473	
305.0	8	19.97822	9.2	-0.16934	-12.04387	-580.76873	0.05047	580.8936	16.39319	-0.34319	-37.21006	40.66255	0.07	-0.00111	-0.05342	0.0	-0.05344	-83.87244	7.12667	
306.0	1	24.20592	-3.87016	1.24282	-18681.07433	4653.12786	-959.0143	19275.73203	-52.56743	-79.75158	637.03086	644.15213	0.03342	2.10473	-0.52425	0.10805	2.17173	18.03714	0.03303	
306.0	2	24.32655	3.93374	1.23605	-12367.56073	-2571.57403	-628.47584	12647.70861	26.93107	32.73058	-663.89301	665.24469	0.0526	-1.33063	-0.27668	-0.06762	-1.36077	-18.79786	0.05592	
306.0	8	19.99147	9.2	-0.16875	-11.5912	-556.79777	0.04841	556.91841	16.01259	-0.33643	-35.54237	38.9843	0.07	-0.00105	-0.05053	0.0	-0.05055	-82.81161	7.04275	
307.0	1	24.20424	-3.87089	1.27185	-18800.8439	4685.56077	-987.85395	19401.08416	-53.08628	-78.18794	639.47975	646.42545	0.03332	2.12141	-0.5287	0.11147	2.18913	17.78569	0.03292	
307.0	2	24.32537	3.93212	1.26496	-12242.28625	-2544.45685	-636.72075	12520.11368	34.0697	2.99346	-667.02358	667.89982	0.05335	-1.31472	-0.27325	-0.06838	-1.34456	-18.56799	0.05697	
307.0	8	20.00463	9.2	-0.1684	-11.19456	-535.68165	0.04664	535.79861	15.71053	-0.33128	-34.05527	37.50589	0.07	-0.001	-0.04796	0.0	-0.04797	-81.726	6.95918	
308.0	1	24.20258	-3.87159	1.3006	-18919.81498	4717.78627	-1016.6396	19525.63603	-46.40051	-47.94158	641.04416	644.5068	0.03301	2.13781	-0.53308	0.11487	2.20627	17.52703	0.03259	
308.0	2	24.32421	3.93053	1.29348	-12121.37637	-2518.30288	-644.70661	12396.98597	46.27887	-51.635	-668.41423	672.00111	0.05421	-1.29926	-0.26993	-0.0691	-1.3288	-18.32922	0.0582	
308.0	8	20.01765	9.2	-0.16818	-10.89896	-519.54389	0.04536	519.6582	15.53788	-0.32882	-32.88899	36.37609	0.07	-0.00096	-0.04588	0.0	-0.04589	-80.60421	6.87318	
309.0	1	24.2009	-3.87248	1.32898	-19043.00946	4751.28362	-1045.63336	19654.62425	-36.24651	-3.71507	643.23814	644.26928	0.03278	2.15461	-0.53758	0.11831	2.22381	17.27278	0.03235	
309.0	2	24.32306	3.92903	1.32157	-11999.4355	-2492.01788	-652.15793	12272.81204	62.05267	-123.39962	-670.21022	684.29507	0.05576	-1.2837	-0.2666	-0.06977	-1.31294	-18.10057	0.06047	
309.0	8	20.03044	9.2	-0.16808	-10.52804	-499.96165	0.04385	500.07249	15.29296	-0.3248	-31.48611	35.00507	0.07	-0.00092	-0.04355	0.0	-0.04356	-79.51277	6.796	
310.0	1	24.19907	-3.87366	1.35702	-19147.49566	4780.46544	-1073.54512	19764.41092	-32.06684	17.01778	647.71617	648.73271	0.03282	2.16923	-0.54158	0.12162	2.23912	16.97746	0.03239	
310.0	2	24.32188	3.92768	1.3495	-11883.60993	-2467.12713	-659.46489	12154.90827	73.89266	-175.43091	-675.24624	701.56512	0.05772	-1.2686	-0.26337	-0.0704	-1.29756	-17.84317	0.06351	
310.0	8	20.04322	9.2	-0.1681	-10.02944	-474.46705	0.04187	474.57304	14.86002	-0.31674	-29.70952	33.22011	0.07	-0.00086	-0.04076	0.0	-0.04077	-78.26041	6.70945	
311.0	1	24.19713	-3.87495	1.38468	-19235.35568	4805.6617	-1100.43015	19857.09543	-43.76354	-27.33422	645.60963	647.66828	0.03262	2.18198	-0.54513	0.12483	2.25251	16.76242	0.03217	
311.0	2	24.32053	3.92631	1.37709	-11750.64502	-2438.71108	-665.34196	12019.46962	69.03765	-148.59662	-674.61959	694.23249	0.05776	-1.25163	-0.25976	-0.07087	-1.28026	-17.64	0.06357	
311.0	8	20.0558	9.2	-0.16828	-9.86317	-464.83745	0.04136	464.94208	14.67189	-0.3139	-29.04951	32.54592	0.07	-0.00084	-0.03937	0.0	-0.03938	-77.30938	6.62374	
312.0	1	24.19526	-3.87612	1.41172	-19329.07907	4832.19782	-1127.52163	19955.81966	-49.2377	-46.42596	645.11398	648.65381	0.0325	2.19545	-0.54885	0.12807	2.26664	16.44827	0.03205	
312.0	2	24.31922	3.92492	1.40402	-11617.39023	-2410.23331	-670.70084	11883.72079	69.85492	-148.893	-674.9134	694.66318	0.05846	-1.23479	-0.25618	-0.07129	-1.2631	-17.34783	0.0647	
312.0	8	20.0681	9.2	-0.16858	-9.66845	-453.96748	0.04079	454.07043	14.50611	-0.31149	-28.27999	31.78494	0.07	-0.00081	-0.03792	0.0	-0.03793	-75.9375	6.51107	
313.0	1	24.19344	-3.8772	1.43819	-19422.06282	4858.45749	-1154.44021	20053.77435	-46.83846	-34.14689	644.29342	646.89556	0.03226	2.20861	-0.55249	0.13128	2.28045	16.17073	0.03179	
313.0	2	24.31795	3.92352	1.43037	-11491.36307	-2383.27012	-675.98842	11755.35461	76.61022	-178.307	-673.68323	701.07888	0.05964	-1.21875	-0.25276	-0.07169	-1.24675	-17.09316	0.06668	
313.0	8	20.08008	9.2	-0.16905	-9.53446	-446.04391	0.04055	446.1458	14.44636	-0.31132	-27.6863	31.2302	0.07	-0.00079	-0.03674	0.0	-0.03675	-74.73349	6.41553	
314.0	1	24.19162	-3.8784	1.46425	-19521.25631	4886.38323	-1181.59622	20158.18342	-44.47664	-21.7895	644.69414	646.59376	0.03208	2.22261	-0.55634	0.13453	2.29513	15.88504	0.0316	
314.0	2	24.31669	3.92221	1.45629	-11367.89447	-2356.9101	-680.95326	11629.6065	84.21161	-211.48858	-673.83345	711.24576	0.06116	-1.20313	-0.24945	-0.07207	-1.23083	-16.83745	0.06938	
314.0	8	20.09175	9.2	-0.16971	-9.31294	-434.12195	0.04003	434.22183	14.28645	-0.30895	-26.82702	30.39551	0.07	-0.00076	-0.03527	0.0	-0.03528	-73.50775	6.32408	
315.0	1	24.18979	-3.87969	1.48999	-19623.9248	4915.28566	-1208.82492	20266.22105	-38.91512	3.55737	646.20848	647.38894	0.03194	2.23654	-0.5602	0.13777	2.30974	15.57081	0.03146	
315.0	2	24.31543	3.92098	1.48174	-11244.17927	-2330.56741	-685.43228	11503.60506	94.95662	-259.65072	-674.86725	729.30176	0.0634	-1.18727	-0.24608	-0.07237	-1.21467	-16.56782	0.07375	
315.0	8	20.10323	9.2	-0.17058	-9.05204	-420.46102	0.03943	420.55845	14.10126	-0.30601	-25.8403	29.43909	0.07	-0.00073	-0.03369	0.0	-0.0337	-72.18568	6.23142	
316.0	1	24.18795	-3.88108	1.51546	-19722.03487	4943.17991	-1235.6	20369.59486	-29.82276	43.85017	651.44444	653.59934	0.03209	2.24994	-0.56393	0.14096	2.32381	15.22835	0.03161	
316.0	2	24.31415	3.91999	1.50694	-11113.48271	-2302.93932	-688.99699	11370.47687	109.20352	-323.71985	-679.42856	760.48874	0.06688	-1.17059	-0.24257	-0.07257	-1.19766	-16.30902	0.08224	
316.0	8	20.11459	9.2	-0.1718	-8.77339	-406.06932	0.03888	406.16409	13.9201	-0.30313	-24.78901	28.4316	0.07	-0.00069	-0.03209	0.0	-0.0321	-70.82223	6.14711	
317.0	1	24.18599	-3.88265	1.54061	-19784.4245	4962.32547	-1259.97862	20436.13645	-24.84735	64.54357	644.35747	648.0585	0.03171	2.25904	-0.56661	0.14387	2.33346	14.94664	0.03122	
317.0	2	24.31283	3.91921	1.53188	-11005.31177	-2280.13457	-693.52685	11260.41209	116.29154	-356.92924	-671.89613	769.65357	0.06835	-1.15621	-0.23955	-0.07286	-1.18301	-16.07155	0.08719	
317.0	8	20.12556	9.2	-0.17346	-8.71034	-401.74801	0.03946	401.84243	13.96486	-0.30517	-24.41574	28.12896	0.07	-0.00068	-0.03132	0.0	-0.03132	-69.64039	6.0605	
318.0	1	24.18396	-3.88423	1.56512	-19831.26522	4977.64918	-1283.07728	20486.63855	-30.05439	45.9815	642.90458	645.24713	0.0315	2.26625	-0.56883	0.14663	2.34114	14.62105	0.03099	
318.0	2	24.3114	3.91843	1.55626	-10857.74023	-2249.18059	-695.09135	11110.01747	117.22175	-358.37769	-671.43282	770.06333	0.06931	-1.13769	-0.23567	-0.07283	-1.16413	-15.80981	0.0918	
318.0	8	20.13651	9.2	-0.17543	-8.46457	-389.0447	0.03932	389.13678	13.72474	-0.30099	-23.52734	27.23958	0.07	-0.00065	-0.02991	0.0	-0.02991	-68.30561	5.96585	
319.0	1	24.18197	-3.88578	1.58897	-19869.85056	4990.87059	-1305.34538	20528.60631	-34.16629	31.15339	639.18841	640.85856	0.03122	2.27237	-0.57077	0.14928	2.3477	14.2207	0.0307	
319.0	2	24.30996	3.91769	1.58007	-10696.25186	-2215.38416	-695.24615	10945.3688	117.27454	-356.61504	-667.90551	766.17581	0.07	-1.11779	-0.23151	-0.07266	-1.14382	-15.60522	0.10679	
319.0	8	20.14725	9.2	-0.17829	-8.41973	-385.63302	0.04042	385.72492	13.787	-0.30345	-23.2135	27.00074	0.07	-0.00064	-0.02923	0.0	-0.02924	-66.93193	5.88339	
320.0	1	24.17999	-3.88746	1.61233	-19900.70175	5002.25464	-1326.78254	20562.60765	-39.52946	10.81061	633.66936	634.99315	0.03088	2.27741	-0.57245	0.15184	2.35316	13.74221	0.03034	
320.0	2	24.3085	3.91716	1.60333	-10536.38201	-2182.06219	-694.97494	10782.3806	114.74089	-343.06084	-662.43224	754.76664	0.07	-1.09805	-0.2274	-0.07243	-1.12369	-15.47174	0.13299	
320.0	8	20.15756	9.2	-0.1831	-8.5385	-389.72936	0.04311	389.82288	14.0987	-0.31147	-23.36116	27.28762	0.07	-0.00064	-0.02914	0.0	-0.02915	-65.54087	5.81788	
321.0	1	24.178	-3.88935	1.63521	-19870.87047	4998.53842	-1343.76828	20533.93759	-37.763	20.37512	634.20873	635.65863	0.03096	2.27588	-0.5725	0.15391	2.35182	13.72275	0.03042	
321.0	2	24.30704	3.91685	1.62597	-10421.99324	-2158.30085	-697.21577	10665.94185	112.92915	-332.4604	-658.90259	746.61605	0.07	-1.08334	-0.22435	-0.07247	-1.1087	-15.49907	0.16059	
321.0	8	20.16713	9.2	-0.19041	-9.9838	-454.18911	0.0541	454.29883	16.08439	-0.35683	-27.43206	31.80177	0.07	-0.00074	-0.03354	0.0	-0.03354	-65.53778	5.82918	
322.0	1	24.17603	-3.89123	1.65758	-19877.92983	5003.80048	-1362.78469	20543.30294	-16.93694	97.33598	604.43963	612.46096	0.02981	2.27661	-0.57308	0.15608	2.35281	12.51829	0.02923	
322.0	2	24.30551	3.91702	1.64811	-10330.6122	-2139.6026	-700.57991	10573.09131	119.76918	-372.59426	-628.17284	740.11638	0.07	-1.07061	-0.22174	-0.0726	-1.09574	-14.30814	0.14113	
322.0	8	20.17476	9.2	-0.19739	-10.54341	-478.34536	0.06088	478.46155	17.16861	-0.38208	-28.75612	33.49361	0.07	-0.00077	-0.03494	0.0	-0.03495	-60.14472	5.33163	
323.0	1	24.17409	-3.89315	1.67954	-19843.06817	4998.31095	-1378.54008	20509.28666	-0.2909	161.0526	588.13181	609.78443	0.02973	2.27258	-0.57245	0.15788	2.34889	13.47165	0.02914	
323.0	2	24.30393	3.91756	1.66996	-10265.36258	-2126.54666	-705.38842	10507.01872	125.72197	-408.3012	-598.6915	735.49126	0.07	-1.06101	-0.2198	-0.07291	-1.08598	-15.13816	0.13438	
323.0	8	20.18083	9.2	-0.20473	-11.70481	-529.83969	0.07192	529.96896	18.49304	-0.4129	-32.15633	37.09707	0.07	-0.00085	-0.03837	1e-05	-0.03838	-64.11896	5.59496	
324.0	1	24.17219	-3.89509	1.701	-19787.46444	4987.36508	-1392.28853	20453.75337	12.50311	210.1871	575.22198	612.54817	0.02995	2.26593	-0.57112	0.15944	2.34223	13.63472	0.02937	
324.0	2	24.3023	3.91853	1.69117	-10198.87574	-2113.47785	-709.74713	10439.71245	125.73425	-407.44576	-593.47954	730.7798	0.07	-1.05166	-0.21793	-0.07319	-1.0765	-15.44033	0.15296	
324.0	8	20.1852	9.2	-0.21262	-13.0236	-588.50119	0.08518	588.64529	20.15138	-0.45115	-35.93748	41.20417	0.07	-0.00094	-0.04236	1e-05	-0.04237	-65.13542	5.67238	
325.0	1	24.17023	-3.8971	1.72212	-19730.71515	4976.04263	-1405.52392	20397.00022	23.11763	250.57926	562.61276	616.32582	0.03022	2.25828	-0.56953	0.16087	2.33454	11.63583	0.02965	
325.0	2	24.30062	3.91996	1.71186	-10126.93136	-2099.54449	-713.43175	10366.86118	128.95746	-427.67825	-571.9031	725.68028	0.07	-1.04172	-0.21597	-0.07339	-1.0664	-13.4702	0.15592	
325.0	8	20.18835	9.2	-0.22165	-13.64113	-615.51941	0.09539	615.67056	21.50853	-0.48246	-37.34296	43.09694	0.07	-0.00098	-0.0441	1e-05	-0.04411	-56.21848	4.95168	
326.0	1	24.16823	-3.89907	1.74256	-19643.54999	4956.9235	-1415.98799	20308.74611	30.37339	277.59794	550.42166	617.20918	0.03039	2.2468	-0.56697	0.16196	2.32289	12.02286	0.02983	
326.0	2	24.29882	3.92184	1.73187	-10052.48719	-2085.34673	-716.56982	10291.48395	130.22828	-435.80345	-558.65705	720.40387	0.07	-1.03158	-0.214	-0.07353	-1.0561	-13.82198	0.15659	
326.0	8	20.19079	9.2	-0.23128	-14.22842	-641.21828	0.10633	641.37614	22.2179	-0.49948	-39.01011	44.89625	0.07	-0.00102	-0.04578	1e-05	-0.04579	-57.844	5.07012	
327.0	1	24.16628	-3.90101	1.76238	-19563.44633	4939.40763	-1426.39113	20227.72285	38.19619	306.41494	537.20131	619.62433	0.03063	2.2359	-0.56452	0.16302	2.31182	11.51739	0.03008	
327.0	2	24.2969	3.92405	1.75137	-9980.07316	-2071.75335	-719.51622	10218.20561	131.61203	-444.95239	-544.34649	715.27439	0.07	-1.0218	-0.21211	-0.07367	-1.04618	-13.19071	0.14735	
327.0	8	20.19244	9.2	-0.24077	-14.8423	-668.21558	0.11794	668.38041	23.05133	-0.5192	-40.71064	46.78664	0.07	-0.00106	-0.04759	1e-05	-0.0476	-55.27081	4.83019	
328.0	1	24.16437	-3.903	1.78166	-19463.34835	4916.73855	-1434.77109	20125.97364	46.51382	337.09459	524.18898	624.9563	0.03105	2.22252	-0.56144	0.16384	2.29818	11.20188	0.03052	
328.0	2	24.29497	3.92652	1.7704	-9894.97495	-2055.65269	-721.21167	10131.94866	132.88023	-454.32532	-528.15493	709.23641	0.07	-1.01086	-0.21	-0.07368	-1.03507	-12.89746	0.15227	
328.0	8	20.19328	9.2	-0.25034	-15.48181	-696.47983	0.1304	696.65189	24.02218	-0.54193	-42.43498	48.76563	0.07	-0.0011	-0.04953	1e-05	-0.04955	-53.87956	4.71521	
329.0	1	24.16248	-3.90504	1.80039	-19384.30128	4899.32141	-1444.1222	20045.94661	51.82311	356.4787	513.77163	627.47429	0.0313	2.21122	-0.55888	0.16473	2.28669	10.90901	0.03078	
329.0	2	24.29307	3.92903	1.78892	-9829.09057	-2043.54494	-723.96991	10065.34797	133.76154	-460.48672	-516.22172	704.57436	0.07	-1.00194	-0.20831	-0.0738	-1.02602	-12.52482	0.14728	
329.0	8	20.19348	9.2	-0.25997	-15.89996	-714.88624	0.14154	715.06305	24.64556	-0.55677	-43.56295	50.05441	0.07	-0.00113	-0.05082	1e-05	-0.05083	-52.36288	4.57753	
330.0	1	24.16059	-3.90728	1.81857	-19249.03134	4867.78479	-1448.69061	19907.76835	61.3931	390.85709	497.58755	635.71357	0.03193	2.19324	-0.55464	0.16506	2.2683	10.45605	0.03145	
330.0	2	24.29112	3.93188	1.8071	-9721.63378	-2022.96699	-723.31635	9956.19131	134.65334	-469.25638	-497.37619	696.93339	0.07	-0.98875	-0.20575	-0.07357	-1.0126	-12.29312	0.17238	
330.0	8	20.19301	9.2	-0.2704	-16.62529	-747.19258	0.1566	747.37753	26.05572	-0.58926	-45.36255	52.31643	0.07	-0.00118	-0.05314	1e-05	-0.05315	-50.80238	4.48985	
331.0	1	24.15869	-3.90972	1.83618	-19151.57119	4845.89834	-1455.49812	19808.68205	66.49124	409.0599	487.01609	639.48085	0.03228	2.1793	-0.55143	0.16562	2.25407	10.06099	0.03182	
331.0	2	24.28917	3.93498	1.82476	-9648.05947	-2009.54346	-724.83202	9881.73557	135.24445	-474.43456	-484.87051	691.72149	0.07	-0.97898	-0.20391	-0.07355	-1.00269	-11.88773	0.17395	
331.0	8	20.19201	9.2	-0.28141	-17.00669	-764.11699	0.16948	764.30624	26.81621	-0.60711	-46.29175	53.50144	0.07	-0.00121	-0.05441	1e-05	-0.05442	-48.98312	4.34417	
332.0	1	24.15678	-3.91239	1.85319	-19023.76923	4816.48314	-1459.37364	19678.21326	72.58763	429.70727	471.97476	642.39978	0.03265	2.16158	-0.54727	0.16582	2.23594	10.53551	0.0322	
332.0	2	24.2872	3.93835	1.84177	-9550.00468	-1991.14612	-724.1526	9782.21086	135.2661	-477.00089	-472.29473	684.75476	0.07	-0.96665	-0.20154	-0.0733	-0.99015	-12.49438	0.19214	
332.0	8	20.19053	9.2	-0.29308	-17.51616	-786.85938	0.18471	787.05434	27.77715	-0.62951	-47.57452	55.09357	0.07	-0.00125	-0.05613	1e-05	-0.05615	-51.3599	4.57144	
333.0	1	24.15489	-3.91513	1.86974	-18928.13424	4795.19032	-1465.1229	19580.97804	74.25923	435.80746	466.98545	643.05364	0.03284	2.1476	-0.54407	0.16623	2.22167	9.45756	0.03241	
333.0	2	24.28523	3.94194	1.85814	-9480.70284	-1978.82841	-725.31963	9712.13554	134.8757	-474.85803	-467.45439	679.8494	0.07	-0.95737	-0.19982	-0.07324	-0.98074	-11.41886	0.19122	
333.0	8	20.18865	9.2	-0.30509	-17.73637	-796.67351	0.19759	796.87094	28.51423	-0.6467	-47.93758	55.78074	0.07	-0.00127	-0.05698	1e-05	-0.05699	-46.52346	4.15992	
334.0	1	24.15298	-3.91795	1.88597	-18819.02818	4770.52678	-1469.3432	19469.78985	81.93494	463.0232	453.89577	653.54815	0.03357	2.13131	-0.54028	0.16641	2.20501	9.99986	0.03319	
334.0	2	24.28327	3.94573	1.87394	-9410.50908	-1966.41019	-726.15144	9641.14859	136.76296	-491.2453	-442.08314	674.8804	0.07	-0.94767	-0.19802	-0.07313	-0.9709	-11.8159	0.1863	
334.0	8	20.18664	9.2	-0.3174	-18.03203	-809.88191	0.2119	810.08265	29.04153	-0.65935	-48.70008	56.70576	0.07	-0.00129	-0.05807	2e-05	-0.05808	-48.57949	4.34135	
335.0	1	24.15114	-3.9206	1.90148	-18757.77555	4757.77562	-1476.58948	19408.01095	78.56064	447.92998	445.30149	636.47974	0.03279	2.12086	-0.53794	0.16695	2.19438	7.94996	0.03236	
335.0	2	24.2814	3.94937	1.88892	-9374.26723	-1960.96764	-729.24353	9604.89856	135.9037	-483.41714	-447.08279	672.3429	0.07	-0.94169	-0.19699	-0.07326	-0.96486	-9.66415	0.16815	
335.0	8	20.18455	9.2	-0.32879	-17.83873	-801.18982	0.21971	801.38842	29.31053	-0.66572	-47.82679	56.0977	0.07	-0.00128	-0.0576	2e-05	-0.05761	-39.19496	3.55358	
336.0	1	24.14932	-3.92297	1.91652	-18687.02833	4742.37836	-1482.6664	19336.3254	74.11099	432.47903	449.23458	627.96677	0.03248	2.10989	-0.53545	0.1674	2.1832	7.66787	0.03202	
336.0	2	24.27966	3.95254	1.90348	-9344.98245	-1956.70285	-732.67596	9575.7087	135.64358	-480.25242	-447.50421	670.29962	0.07	-0.93668	-0.19613	-0.07344	-0.95981	-9.19489	0.14665	
336.0	8	20.18294	9.2	-0.33865	-17.476	-784.84534	0.2238	785.03992	28.93721	-0.65766	-46.71278	54.95342	0.07	-0.00126	-0.05654	2e-05	-0.05656	-37.49887	3.39284	
337.0	1	24.14761	-3.9251	1.93088	-18623.32921	4728.52652	-1488.73515	19271.8366	73.01566	426.72849	441.98751	618.69334	0.0321	2.10011	-0.53322	0.16788	2.17324	8.60008	0.03163	
337.0	2	24.27797	3.95531	1.91746	-9309.50272	-1950.90463	-735.34982	9540.1053	135.75744	-480.78317	-443.1525	667.80736	0.07	-0.93124	-0.19515	-0.07356	-0.95431	-9.88119	0.12476	
337.0	8	20.18172	9.2	-0.34727	-17.30039	-776.87031	0.22896	777.06296	28.33391	-0.64466	-46.42805	54.39476	0.07	-0.00125	-0.05605	2e-05	-0.05606	-41.07443	3.65612	
338.0	1	24.14604	-3.92685	1.94466	-18594.09757	4723.03247	-1497.10386	19242.89012	69.35113	413.32649	442.60977	609.55046	0.03168	2.09466	-0.53206	0.16865	2.16775	8.04591	0.03118	
338.0	2	24.27638	3.95764	1.93096	-9296.29714	-1949.52597	-739.56618	9527.26352	134.63451	-475.27586	-439.50063	661.19165	0.0694	-0.92836	-0.19469	-0.07386	-0.95142	-9.03637	0.09234	
338.0	8	20.18077	9.2	-0.35411	-17.08573	-767.1696	0.23192	767.35987	27.79405	-0.6329	-45.96103	53.71523	0.07	-0.00123	-0.05542	2e-05	-0.05543	-37.94697	3.34424	
339.0	1	24.14462	-3.92826	1.95779	-18562.95751	4716.71495	-1504.81171	19211.8518	56.79442	364.08505	440.59528	574.37595	0.0299	2.08941	-0.53091	0.16938	2.16245	8.7814	0.02931	
339.0	2	24.27491	3.95957	1.94396	-9272.18292	-1945.6185	-742.66617	9503.17634	125.3975	-431.17531	-436.00463	625.88874	0.06586	-0.92465	-0.19402	-0.07406	-0.94768	-9.66342	0.07943	
339.0	8	20.18006	9.2	-0.35983	-16.97835	-762.29482	0.23529	762.48391	27.32575	-0.62277	-45.84417	53.37389	0.07	-0.00123	-0.05511	2e-05	-0.05512	-40.95774	3.5764	
340.0	1	24.1433	-3.92946	1.97023	-18536.11986	4711.29047	-1512.33436	19185.18054	44.29844	316.44015	442.83881	546.0796	0.02846	2.08492	-0.52992	0.17011	2.15793	7.08508	0.02783	
340.0	2	24.27355	3.9612	1.95637	-9247.61412	-1941.44721	-745.4574	9478.57009	116.92576	-387.85819	-440.37142	598.35825	0.06313	-0.92104	-0.19336	-0.07425	-0.94405	-7.98835	0.07319	
340.0	8	20.17951	9.2	-0.3652	-16.89163	-758.33351	0.2386	758.52165	27.4451	-0.62563	-45.44892	53.09642	0.07	-0.00122	-0.05486	2e-05	-0.05487	-33.46037	2.94962	
341.0	1	24.14206	-3.93053	1.98209	-18506.27197	4704.95416	-1519.13279	19155.32459	37.43536	288.38256	437.11629	525.01101	0.02741	2.08028	-0.52888	0.17076	2.15324	7.44292	0.02674	
341.0	2	24.27227	3.96261	1.96822	-9220.70168	-1936.64635	-747.81262	9451.5164	111.42739	-360.74192	-439.69469	579.55347	0.06132	-0.91732	-0.19267	-0.0744	-0.94029	-8.31908	0.06967	
341.0	8	20.17904	9.2	-0.37046	-16.89886	-758.58308	0.24311	758.77132	27.34457	-0.62374	-45.52967	53.11371	0.07	-0.00122	-0.05491	2e-05	-0.05492	-34.97873	3.07241	
342.0	1	24.14089	-3.93149	1.99338	-18486.01796	4700.94339	-1526.26349	19135.33927	27.69152	250.10412	434.931	502.47773	0.02626	2.07693	-0.52816	0.17148	2.14988	6.84305	0.02557	
342.0	2	24.27108	3.96386	1.97952	-9201.60417	-1933.39617	-750.56761	9432.43827	103.78379	-324.51289	-436.42351	553.66522	0.0587	-0.91453	-0.19216	-0.0746	-0.93747	-7.70921	0.0651	
342.0	8	20.17857	9.2	-0.37567	-16.88442	-757.86833	0.24728	758.05643	27.34483	-0.62405	-45.47108	53.06362	0.07	-0.00122	-0.05488	2e-05	-0.0549	-32.28578	2.8427	
343.0	1	24.13979	-3.93238	2.00408	-18464.59771	4696.54757	-1532.81841	19114.09061	22.59675	229.30861	430.39596	488.19436	0.02554	2.07346	-0.52739	0.17213	2.14639	6.53353	0.02484	
343.0	2	24.26995	3.96499	1.99021	-9180.28269	-1929.60764	-752.89638	9411.04824	99.13595	-303.91372	-429.88887	535.72	0.05692	-0.91157	-0.1916	-0.07476	-0.93448	-7.38349	0.06226	
343.0	8	20.17809	9.2	-0.38088	-16.88033	-757.62319	0.25159	757.81126	27.40622	-0.62571	-45.41439	53.04676	0.07	-0.00122	-0.05489	2e-05	-0.05491	-30.86916	2.72272	
344.0	1	24.13876	-3.9332	2.01414	-18443.7856	4692.22585	-1538.90307	19093.41335	17.43856	209.58619	430.04182	478.71331	0.02507	2.07024	-0.52668	0.17274	2.14315	5.59483	0.02436	
344.0	2	24.2689	3.96604	2.00024	-9162.06878	-1926.41922	-755.21586	9392.81355	95.64595	-284.62828	-434.31473	528.00634	0.05621	-0.90903	-0.19113	-0.07493	-0.93192	-6.4735	0.06116	
344.0	8	20.17761	9.2	-0.38611	-16.9271	-759.66385	0.25669	759.85246	27.59823	-0.63032	-45.46537	53.18984	0.07	-0.00123	-0.05507	2e-05	-0.05509	-26.76286	2.37898	
345.0	1	24.13779	-3.93395	2.0237	-18442.74089	4692.85207	-1546.20227	19093.14782	2.82581	152.29973	428.53668	454.80422	0.02382	2.06924	-0.52653	0.17348	2.14221	5.98686	0.0231	
345.0	2	24.26791	3.96702	2.00972	-9156.50173	-1925.8484	-758.35882	9387.51959	84.66127	-231.68759	-433.83938	499.0624	0.05316	-0.90779	-0.19093	-0.07518	-0.93069	-6.8392	0.05671	
345.0	8	20.17713	9.2	-0.39138	-16.84601	-755.96952	0.25987	756.15724	27.25136	-0.62287	-45.37245	52.93094	0.07	-0.00122	-0.05483	2e-05	-0.05485	-28.43743	2.51319	
346.0	1	24.13687	-3.93467	2.03268	-18404.3318	4683.9249	-1549.8877	19054.15265	13.5609	192.37532	420.34806	462.47665	0.02427	2.064	-0.52529	0.17382	2.13687	5.31103	0.02355	
346.0	2	24.26698	3.96795	2.01858	-9126.19093	-1920.03961	-759.20984	9356.8324	91.47112	-266.9448	-424.43908	509.68129	0.05447	-0.90411	-0.19021	-0.07521	-0.92696	-6.16817	0.05858	
346.0	8	20.17663	9.2	-0.39669	-17.00332	-762.97715	0.26679	763.16664	27.81661	-0.63585	-45.60374	53.42162	0.07	-0.00123	-0.05537	2e-05	-0.05539	-25.44639	2.26701	
347.0	1	24.13601	-3.93535	2.04117	-18385.04349	4679.81577	-1554.75925	19034.9094	12.76601	187.52327	413.48576	454.20086	0.02386	1.99612	-0.5081	0.16881	2.06668	4.06163	0.02314	
347.0	2	24.2661	3.96885	2.02691	-9110.32968	-1917.24755	-761.04874	9340.93894	89.16576	-260.64861	-410.751	494.57519	0.05295	-0.89141	-0.1876	-0.07447	-0.91398	-4.91746	0.05641	
347.0	8	20.1761	9.2	-0.40199	-17.05689	-765.33592	0.27212	765.52602	28.1876	-0.64441	-45.56974	53.58692	0.07	-0.00124	-0.05558	2e-05	-0.05559	-19.90077	1.79844	
348.0	1	24.13521	-3.936	2.04892	-18367.73377	4676.17564	-1559.21387	19017.66048	11.83912	182.15474	406.82661	445.90179	0.02345	1.88399	-0.47964	0.15993	1.95065	3.58868	0.02272	
348.0	2	24.2653	3.96971	2.0345	-9094.12278	-1914.35066	-762.56766	9324.66176	87.76865	-255.89259	-404.30606	486.46453	0.05217	-0.85927	-0.18088	-0.07205	-0.88105	-4.43996	0.05533	
348.0	8	20.17556	9.2	-0.40732	-17.08096	-766.37461	0.27703	766.56499	28.41681	-0.64981	-45.51262	53.65945	0.07	-0.00124	-0.05569	2e-05	-0.0557	-17.79121	1.62057	
349.0	1	24.13446	-3.93666	2.05611	-18349.65509	4672.32421	-1563.16688	18999.57753	10.3689	178.46774	411.72401	448.85956	0.02362	1.96062	-0.49923	0.16702	2.03006	3.91086	0.0229	
349.0	2	24.26454	3.97053	2.04155	-9078.16336	-1911.48262	-763.88927	9308.61658	87.24806	-251.82275	-406.73084	486.26834	0.05224	-0.87919	-0.18512	-0.07398	-0.90151	-4.76318	0.05543	
349.0	8	20.17499	9.2	-0.41264	-17.11493	-767.86395	0.2821	768.05471	28.41008	-0.65	-45.63977	53.76378	0.07	-0.00124	-0.05583	2e-05	-0.05584	-19.21806	1.74233	
350.0	1	24.13376	-3.9373	2.06264	-18332.43018	4668.66384	-1566.67925	18982.33131	10.1805	174.60879	401.20305	437.67083	0.02306	1.91951	-0.48884	0.16404	1.98756	3.74532	0.02233	
350.0	2	24.26385	3.9713	2.04794	-9063.96175	-1908.95495	-765.10427	9294.34754	86.23577	-247.30669	-404.57285	481.95062	0.05185	-0.86624	-0.18244	-0.07312	-0.88826	-4.5902	0.0549	
350.0	8	20.17442	9.2	-0.4179	-17.15518	-769.63639	0.28725	769.82761	28.53138	-0.65302	-45.71037	53.88788	0.07	-0.00125	-0.056	2e-05	-0.05601	-18.46506	1.67846	
351.0	1	24.13311	-3.93795	2.06861	-18312.87244	4664.39317	-1569.55457	18962.63067	12.23725	177.28421	384.07332	423.19234	0.02232	1.73573	-0.4421	0.14877	1.79731	3.15697	0.02159	
351.0	2	24.26321	3.97206	2.05378	-9049.3697	-1906.33058	-766.06984	9279.65793	84.88213	-248.605	-384.04659	465.2969	0.05014	-0.80631	-0.16986	-0.06826	-0.82683	-3.96677	0.05261	
351.0	8	20.17382	9.2	-0.4231	-17.20375	-771.79016	0.29251	771.98194	28.85426	-0.6605	-45.6857	54.03877	0.07	-0.00125	-0.05619	2e-05	-0.0562	-15.77821	1.44762	
352.0	1	24.13251	-3.93859	2.07395	-18293.76821	4660.2235	-1571.98485	18943.35701	12.99434	176.16609	371.03284	410.93639	0.02169	1.58973	-0.40497	0.13661	1.64618	2.79304	0.02097	
352.0	2	24.26261	3.97281	2.05901	-9035.38368	-1903.82517	-766.84863	9265.56881	83.25256	-246.47757	-369.00196	451.49156	0.04873	-0.75456	-0.15899	-0.06404	-0.77378	-3.57546	0.05077	
352.0	8	20.17319	9.2	-0.42818	-17.2395	-773.37703	0.29747	773.56921	29.09122	-0.66604	-45.66687	54.14985	0.07	-0.00126	-0.05635	2e-05	-0.05636	-14.10322	1.30295	
353.0	1	24.13197	-3.93922	2.07866	-18275.68232	4656.29009	-1574.02328	18925.09316	13.32354	172.82899	356.56717	396.46882	0.02095	1.42153	-0.36218	0.12243	1.47205	2.42513	0.02023	
353.0	2	24.26208	3.97355	2.06362	-9022.48929	-1901.53864	-767.48489	9252.57776	81.05028	-242.30672	-352.47554	435.33975	0.04705	-0.69267	-0.14598	-0.05892	-0.71034	-3.17664	0.04865	
353.0	8	20.17256	9.2	-0.4331	-17.26665	-774.58439	0.30216	774.77688	29.33131	-0.67163	-45.6135	54.23438	0.07	-0.00126	-0.05648	2e-05	-0.05649	-12.40338	1.15532	
354.0	1	24.13147	-3.93985	2.08275	-18254.52617	4651.55536	-1575.31484	18903.60573	15.11424	174.47531	340.04524	382.49293	0.02023	1.2234	-0.31174	0.10558	1.2669	2.03463	0.01952	
354.0	2	24.26159	3.97429	2.06762	-9008.76484	-1899.07016	-767.81449	9238.71476	79.53717	-242.50772	-333.40406	419.87429	0.04545	-0.6177	-0.13021	-0.05265	-0.63347	-2.75133	0.04667	
354.0	8	20.17192	9.2	-0.43784	-17.30424	-776.26614	0.3069	776.45905	29.68446	-0.67971	-45.52499	54.35213	0.07	-0.00126	-0.05664	2e-05	-0.05665	-10.59542	0.9983	
355.0	1	24.13101	-3.94046	2.08621	-18230.91159	4646.16898	-1575.90974	18879.52635	13.08764	161.40101	324.4455	362.61061	0.01921	1.01423	-0.25848	0.08767	1.05031	1.65412	0.0185	
355.0	2	24.26116	3.975	2.07099	-8996.7831	-1896.95004	-768.05641	9226.61564	75.52809	-230.35383	-315.78426	398.10436	0.04315	-0.53725	-0.11328	-0.04586	-0.55097	-2.33764	0.04392	
355.0	8	20.17131	9.2	-0.44237	-17.26292	-774.40439	0.31006	774.59684	30.00958	-0.68705	-45.15478	54.22178	0.07	-0.00126	-0.05654	2e-05	-0.05656	-8.83591	0.84568	
356.0	1	24.13061	-3.94103	2.08904	-18208.86771	4641.14539	-1576.15854	18857.02441	13.30798	150.64184	289.83602	326.9174	0.01734	0.80317	-0.20472	0.06952	0.83176	1.2915	0.01667	
356.0	2	24.26079	3.97567	2.07373	-8986.39067	-1895.13656	-768.19993	9216.12126	70.22167	-219.82935	-279.13663	362.17853	0.0393	-0.44482	-0.09381	-0.03803	-0.45619	-1.89709	0.03948	
356.0	8	20.17077	9.2	-0.44665	-17.23966	-773.34609	0.31331	773.53829	30.49327	-0.69789	-44.73974	54.14768	0.07	-0.00126	-0.05639	2e-05	-0.05641	-7.05712	0.68614	
357.0	1	24.13028	-3.94159	2.09125	-18182.36657	4634.95212	-1575.54751	18829.85887	26.79201	149.68214	131.14644	200.80325	0.01066	0.67777	-0.17277	0.05873	0.70191	1.08421	0.01019	
357.0	2	24.26047	3.97633	2.07588	-8975.85366	-1893.28175	-768.10649	9205.45774	56.52007	-219.38162	-119.72911	256.23792	0.02784	-0.31856	-0.06719	-0.02726	-0.32671	-1.33283	0.02718	
357.0	8	20.17032	9.2	-0.44954	-17.17412	-770.40414	0.3146	770.5956	32.05557	-0.73231	-43.37751	53.94167	0.07	-0.00113	-0.05076	2e-05	-0.05077	-5.3486	0.50848	
358.0	1	24.13	-3.94212	2.09281	-18150.70679	4627.3927	-1573.99375	18797.29705	42.70404	134.74455	-96.31077	171.04237	0.0091	0.57331	-0.14616	0.04972	0.59373	0.91419	0.00869	
358.0	2	24.2602	3.97699	2.07743	-8968.00507	-1891.98848	-768.01519	9197.53134	34.03559	-204.31517	105.89712	232.63128	0.02529	-0.16259	-0.0343	-0.01392	-0.16675	-0.67051	0.02458	
358.0	8	20.17	9.2	-0.44961	-17.09161	-766.73494	0.31315	766.92548	35.51439	-0.80811	-40.25086	53.68479	0.07	-0.00083	-0.03727	2e-05	-0.03728	-3.50597	0.30607	
359.0	1	24.1298	-3.94262	2.09375	-18127.80967	4621.99606	-1572.72225	18773.75259	61.05653	128.49577	-326.13148	355.81007	0.01895	0.37834	-0.09646	0.03282	0.39182	0.61459	0.01825	
359.0	2	24.25998	3.97765	2.07839	-8971.54872	-1893.09855	-768.68305	9201.27069	13.08047	-188.09205	310.56324	363.317	0.03949	0.02894	0.00611	0.00248	0.02968	0.11609	0.03969	
359.0	8	20.16978	9.2	-0.44638	-17.14401	-769.17407	0.31135	769.36517	46.81944	-1.04595	-5.93018	47.2051	0.06136	-0.00027	-0.01221	0.0	-0.01222	-1.10226	0.06974	
360.0	1	24.12965	-3.9431	2.09406	-18103.27827	4616.13367	-1570.83926	18748.46421	76.51591	124.61713	-515.60938	535.94509	0.02859	0.38594	-0.09841	0.03349	0.39969	0.61279	0.02795	
360.0	2	24.25981	3.97832	2.07877	-8947.71736	-1888.43323	-766.78976	9176.91628	3.87015	-203.2884	455.4933	498.81389	0.05436	0.12534	0.02645	0.01074	0.12855	0.5219	0.05841	
360.0	8	20.16967	9.2	-0.44022	-16.81582	-754.57765	0.30025	754.76506	26.03	-0.56179	45.97295	52.83359	0.07	-5e-05	-0.00239	0.0	-0.00239	-0.20023	0.10792	
