Version	KoJaC2_v7r2	 	 INTERNAL 
Testrig	Axial Cycle Force Generation 
Modfile	016cccc.mod
comment	VShape GPPC ZUM
Analysis name	.a016cccc_t2600a120d
Applied torque	2600.0
Rpm	200.0
Articulation angle	12.0
Mode	Drive
Contact	cfo_ro_tu_1
Part	oroller_1
RefSystem	oroller_1.ro_ref


Angle_Rot_Spider.Last_Rot	Track	CPoint_x	CPoint_y	CPoint_z	Normal_Force_x	Normal_Force_y	Normal_Force_z	Normal_Force_mag	Friction_Force_x	Friction_Force_y	Friction_Force_z	Friction_Force_mag	Friction_Force_Mu	Friction_Torque_x	Friction_Torque_y	Friction_Torque_z	Friction_Torque_mag	Boring_Velocity	Slip_Velocity	Pos_Ball_x	Pos_Ball_y	Pos_Ball_z	
0.0	1	23.43589	-3.96582	6.09227	-19437.13555	5156.8987	-5052.53673	20734.60802	-236.72053	-1352.67727	-469.95217	1451.42256	0.07	2.21221	-0.58692	0.57505	2.35988	4.97526	0.50372	
0.0	2	23.58901	3.9704	6.0409	-6079.22309	-1316.8164	-1556.8602	6412.0802	-23.08318	-293.74568	338.58977	448.84562	0.07	0.50926	0.11031	0.13042	0.53714	4.67235	0.73663	
0.0	8	20.28583	9.2002	-1.77262	-7.69773	-328.69407	0.64442	328.78483	0.57506	0.03164	23.00775	23.01495	0.07	-4e-05	-0.00174	0.0	-0.00174	-0.66725	0.96628	
1.0	1	23.43607	-3.96624	6.09115	-19404.8485	5148.59223	-5043.18016	20699.99549	-244.80893	-1357.44575	-443.85773	1448.99967	0.07	2.20767	-0.58575	0.57376	2.35502	7.94546	1.06401	
1.0	2	23.58898	3.97051	6.04091	-6113.68086	-1324.31883	-1565.68847	6448.43348	-11.748	-320.86376	317.27222	451.39033	0.07	0.54813	0.11873	0.14037	0.57814	9.5021	1.41112	
1.0	8	20.29785	9.20018	-1.6839	-6.59152	-281.47588	0.52263	281.55353	-4.72407	0.14615	19.13351	19.70861	0.07	0.00017	0.00721	-1e-05	0.00722	3.42661	2.08153	
2.0	1	23.43672	-3.96677	6.08807	-19379.94566	5142.29084	-5034.00599	20672.84851	-248.97675	-1359.15744	-429.88168	1447.09938	0.07	2.20403	-0.58482	0.5725	2.35107	10.86434	1.6711	
2.0	2	23.58938	3.97017	6.03963	-6143.17736	-1330.55028	-1572.88124	6479.42494	-5.67331	-335.08533	305.61751	453.55972	0.07	0.55105	0.11935	0.14109	0.58121	14.47275	2.12519	
2.0	8	20.3148	9.2001	-1.53991	-5.9204	-252.73177	0.42706	252.80147	-5.46119	0.15637	16.8316	17.6961	0.07	0.00029	0.01221	-2e-05	0.01221	7.94391	3.2762	
3.0	1	23.43784	-3.96743	6.08305	-19358.83365	5137.10796	-5024.12208	20649.36127	-250.61139	-1358.98676	-423.89845	1445.45529	0.07	2.20085	-0.58402	0.57118	2.34757	13.56502	2.24255	
3.0	2	23.59023	3.96926	6.0371	-6167.75388	-1335.48097	-1578.45577	6505.09185	-3.73838	-340.30867	302.53184	455.35643	0.07	0.55361	0.11987	0.14168	0.58389	19.56282	2.81619	
3.0	8	20.33499	9.2001	-1.33983	-5.57255	-237.6861	0.34684	237.75167	-5.80937	0.15896	15.59495	16.64261	0.07	0.00029	0.01221	-2e-05	0.01221	13.20543	4.5339	
4.0	1	23.43942	-3.96822	6.0761	-19347.44079	5134.60332	-5015.06129	20635.85366	-247.85258	-1355.91548	-432.05354	1444.50959	0.07	2.19879	-0.58354	0.56995	2.34522	11.65741	2.06187	
4.0	2	23.59153	3.96784	6.03323	-6181.87048	-1337.93344	-1580.96804	6519.58959	-7.08287	-334.2937	310.59964	456.3711	0.07	0.55526	0.12017	0.142	0.5856	20.00581	2.63369	
4.0	8	20.35599	9.2001	-1.09191	-5.71095	-243.29625	0.28548	243.36343	-7.64166	0.19724	15.22401	17.03538	0.07	0.00029	0.01232	-1e-05	0.01233	18.38285	4.91642	
5.0	1	23.44137	-3.96866	6.06804	-19361.49327	5138.4093	-5011.58065	20649.13103	-243.22822	-1352.78234	-447.34146	1445.43917	0.07	2.17705	-0.57777	0.56351	2.32184	4.30839	1.14626	
5.0	2	23.5933	3.96695	6.02709	-6165.63216	-1333.98621	-1575.09608	6501.95869	-14.72178	-317.08532	326.17473	455.1371	0.07	0.55404	0.11987	0.14154	0.58426	14.87636	1.53137	
5.0	8	20.36877	9.2001	-0.93614	-6.26011	-266.5395	0.2648	266.61314	-11.96114	0.29516	14.32301	18.66292	0.07	0.00031	0.01335	-1e-05	0.01335	23.27127	4.3955	
6.0	1	23.44372	-3.96895	6.05859	-19275.03893	5115.20393	-4980.91496	20554.85225	-239.99071	-1344.67835	-452.22087	1438.83951	0.07	2.18962	-0.58108	0.56582	2.335	7.34344	1.68424	
6.0	2	23.59541	3.96635	6.0194	-6267.63803	-1355.70751	-1598.97796	6608.93031	-14.0577	-324.06133	329.86132	462.62496	0.07	0.56356	0.1219	0.14377	0.59425	20.72049	2.23127	
6.0	8	20.37899	9.2001	-0.79543	-6.65272	-283.18579	0.23518	283.26402	-12.28134	0.30144	15.56492	19.82899	0.07	0.00033	0.01404	-1e-05	0.01405	29.45893	5.8714	
7.0	1	23.44669	-3.96938	6.04656	-19152.23331	5082.10169	-4938.75086	20421.24037	-237.77597	-1335.18542	-451.85662	1429.4866	0.07	2.17437	-0.57698	0.5607	2.31845	19.40881	3.34191	
7.0	2	23.59777	3.96566	6.01077	-6411.99641	-1386.52732	-1633.31063	6760.46297	-10.2162	-340.14371	328.85647	473.23218	0.07	0.57757	0.12489	0.14712	0.60896	34.21747	4.31773	
7.0	8	20.39118	9.20004	-0.52588	-7.06473	-300.6646	0.15597	300.74763	-9.80373	0.24002	18.62885	21.05243	0.07	0.00035	0.01479	-1e-05	0.0148	32.61678	8.36402	
8.0	1	23.4503	-3.97005	6.03181	-18950.81189	5028.00868	-4874.18095	20203.26168	-226.14197	-1312.75589	-474.94627	1414.22847	0.07	2.14935	-0.57026	0.55282	2.2914	28.38758	4.37024	
8.0	2	23.60038	3.96454	6.00153	-6655.51134	-1438.58048	-1692.57211	7016.4197	-14.34565	-344.80544	349.47284	491.14952	0.07	0.60129	0.12997	0.15292	0.6339	45.34008	5.73857	
8.0	8	20.39895	9.2	-0.08639	-9.4402	-401.69818	0.00467	401.80909	-11.93368	0.28075	25.46795	28.12664	0.07	0.00046	0.01971	-0.0	0.01972	37.34794	10.63942	
9.0	1	23.45455	-3.97032	6.01491	-18619.00863	4937.98629	-4774.57883	19845.59886	-204.81121	-1272.77182	-517.64736	1389.19204	0.07	2.10829	-0.55914	0.54064	2.24718	31.72487	4.46883	
9.0	2	23.60295	3.96512	5.991	-7043.64948	-1522.54541	-1787.98086	7424.82445	-22.86908	-347.38885	385.90853	519.73782	0.07	0.63966	0.13827	0.16237	0.67428	50.87006	6.06419	
9.0	8	20.3896	9.2	0.42639	-14.09447	-600.91357	-0.34829	601.07894	-19.08903	0.426	37.4937	42.07553	0.07	0.0007	0.02984	2e-05	0.02985	42.18677	11.89194	
10.0	1	23.45948	-3.96997	5.99602	-18228.97367	4830.85725	-4658.91445	19425.1936	-178.7429	-1222.38817	-568.133	1359.76357	0.07	2.05926	-0.54572	0.5263	2.19439	34.76542	4.48058	
10.0	2	23.60543	3.9676	5.97919	-7506.6971	-1623.5608	-1901.55549	7912.16559	-32.84322	-349.70126	428.23119	553.8516	0.07	0.68684	0.14855	0.17399	0.72393	56.14062	6.28893	
10.0	8	20.35702	9.1999	0.98577	-19.84192	-849.95895	-1.03704	850.19115	-28.28109	0.59632	52.36092	59.51338	0.07	0.00102	0.0435	5e-05	0.04351	47.10884	13.05644	
11.0	1	23.46497	-3.96889	5.97567	-17763.41728	4702.11964	-4523.42027	18923.80124	-148.78336	-1160.18618	-621.74929	1324.66624	0.07	2.00055	-0.52956	0.50944	2.13124	35.40716	4.33567	
11.0	2	23.60784	3.97137	5.96652	-8058.69905	-1744.54968	-2036.80787	8493.21319	-47.19379	-344.7831	482.03456	594.52499	0.07	0.7445	0.16117	0.18817	0.78464	63.16285	6.42279	
11.0	8	20.29643	9.19988	1.59062	-27.68802	-1195.30795	-2.27959	1195.63076	-42.81251	0.85456	71.91086	83.69476	0.07	0.00149	0.06417	0.00012	0.06419	61.177	15.00119	
12.0	1	23.47123	-3.96707	5.95299	-17242.12013	4557.05968	-4372.746	18362.41834	-102.08244	-1066.98291	-709.43684	1285.3692	0.07	1.93433	-0.51124	0.49056	2.06001	38.91988	3.99996	
12.0	2	23.61052	3.97611	5.95198	-8681.23009	-1881.50962	-2188.49851	9148.40752	-65.28084	-331.5373	543.98421	640.38847	0.07	0.81144	0.17587	0.20456	0.8551	64.44014	6.25205	
12.0	8	20.20296	9.1998	2.23761	-37.14656	-1621.92511	-4.26353	1622.35603	-57.82906	1.06754	97.73244	113.56483	0.07	0.00213	0.09285	0.00024	0.09288	56.27231	14.89129	
13.0	1	23.478	-3.96353	5.93006	-16476.88833	4344.88376	-4161.47852	17540.91695	-47.24181	-937.39057	-791.65494	1227.86417	0.07	1.83883	-0.48489	0.46442	1.95758	7.9001	1.57893	
13.0	2	23.61339	3.98354	5.9339	-9552.16226	-2074.22471	-2400.47103	10065.21103	-87.17611	-318.70248	622.28657	704.56477	0.07	0.90588	0.19671	0.22765	0.95454	35.97075	2.44503	
13.0	8	20.1102	9.1998	2.62662	-52.06623	-2308.69353	-7.0129	2309.2912	-122.24155	2.43561	105.74464	161.65042	0.07	0.00324	0.1435	0.00044	0.14354	61.87297	10.7655	
14.0	1	23.48517	-3.95877	5.90651	-15967.87285	4198.89076	-4015.76928	16992.05843	-14.08021	-849.58361	-832.33808	1189.44408	0.07	1.5245	-0.40088	0.3834	1.62228	3.26585	1.39947	
14.0	2	23.61693	3.99137	5.91269	-10159.82582	-2210.62173	-2543.82494	10704.20265	-91.28581	-341.00532	660.92666	749.29418	0.07	0.97933	0.21309	0.24521	1.0318	33.73492	1.9342	
14.0	8	20.02501	9.19973	2.83893	-59.99271	-2708.19094	-8.75455	2708.8695	-147.64658	2.88621	118.94635	189.62088	0.07	0.00408	0.18416	0.0006	0.18421	67.17951	10.61632	
15.0	1	23.49252	-3.9542	5.88153	-15918.88156	4175.30419	-3985.24413	16932.98928	-22.44555	-861.91428	-813.36204	1185.30917	0.07	0.77785	-0.20402	0.19473	0.8274	1.4758	1.47985	
15.0	2	23.62134	3.99645	5.89039	-10241.44488	-2231.09022	-2554.0291	10788.32802	-77.16671	-384.53955	645.34937	755.18288	0.07	1.00075	0.21801	0.24957	1.05419	34.3847	1.87501	
15.0	8	19.94209	9.1997	3.04509	-56.88691	-2608.57725	-8.92632	2609.21273	-129.98819	2.39576	128.28303	182.64503	0.07	0.00417	0.1912	0.00065	0.19125	72.59821	10.24081	
16.0	1	23.50008	-3.95032	5.85504	-15871.90869	4154.10883	-3954.20164	16876.30932	-29.87464	-872.11866	-796.2943	1181.34164	0.07	0.0946	-0.02476	0.02357	0.10059	0.17589	1.52763	
16.0	2	23.62664	3.99926	5.86656	-10326.48284	-2250.85706	-2564.15374	10875.54549	-66.45699	-416.84237	633.55	761.28818	0.07	1.01976	0.22228	0.25321	1.07398	34.89216	1.85173	
16.0	8	19.86297	9.1997	3.2574	-54.38964	-2525.13915	-9.15088	2525.74141	-113.79917	1.96085	135.29533	176.80193	0.07	0.00423	0.19638	0.00071	0.19643	76.63077	9.99431	
17.0	1	23.50799	-3.94691	5.82662	-15821.59091	4133.37404	-3921.32437	16816.19174	-35.06955	-877.67782	-783.64204	1177.13342	0.07	-0.56537	0.1477	-0.14013	-0.60091	-1.07716	1.54873	
17.0	2	23.63267	4.00071	5.84096	-10404.58364	-2268.20575	-2571.63055	10955.06283	-59.32294	-438.20481	626.51656	766.85439	0.07	1.03611	0.22587	0.25609	1.09093	35.65549	1.8496	
17.0	8	19.78581	9.1997	3.47429	-52.45928	-2459.70607	-9.43726	2460.28351	-99.01053	1.57103	140.90466	172.21985	0.07	0.00428	0.20085	0.00077	0.2009	81.1298	9.96203	
18.0	1	23.516	-3.94478	5.79649	-15631.8173	4078.0011	-3853.12494	16608.14188	-35.06482	-866.25624	-774.55755	1162.56992	0.07	-1.25881	0.3284	-0.31029	-1.33744	-2.66471	1.49657	
18.0	2	23.63915	4.00207	5.81363	-10366.92344	-2260.21943	-2549.71568	10912.504	-58.66411	-435.65575	624.71435	763.87527	0.07	1.03877	0.22647	0.25548	1.09344	37.45484	1.90981	
18.0	8	19.70981	9.1997	3.69197	-50.93539	-2407.70271	-9.76077	2408.26121	-84.06682	1.1861	146.11642	168.5783	0.07	0.00434	0.20493	0.00083	0.20498	88.64414	10.35654	
19.0	1	23.52412	-3.94352	5.76501	-15568.80824	4056.96008	-3815.42549	16534.93836	-43.3372	-876.29136	-754.92772	1157.44569	0.07	-1.6982	0.44252	-0.41618	-1.80358	-6.78485	1.24452	
19.0	2	23.646	4.00336	5.7849	-10456.69565	-2279.93615	-2558.2836	11003.88149	-48.4127	-464.92713	612.22338	770.2717	0.07	1.05257	0.2295	0.25752	1.10765	34.17144	1.53279	
19.0	8	19.63603	9.19964	3.90075	-48.86707	-2325.47974	-9.91907	2326.01428	-75.42893	0.96958	144.29211	162.821	0.07	0.00431	0.2052	0.00088	0.20525	90.50909	9.72316	
20.0	1	23.53235	-3.94247	5.73277	-15459.19543	4024.13945	-3765.91844	16412.26868	-63.78661	-904.83839	-705.03551	1148.8587	0.07	-1.68232	0.43792	-0.40982	-1.78604	-15.03551	0.66327	
20.0	2	23.6532	4.00489	5.75409	-10599.24939	-2311.28801	-2578.46692	11150.544	-22.63674	-532.42489	570.30776	780.53804	0.07	1.07114	0.23358	0.26058	1.12686	27.43591	0.7436	
20.0	8	19.58491	9.19964	4.01087	-45.30222	-2168.26749	-9.47512	2168.76139	-73.36707	0.9521	132.90471	151.81336	0.07	0.00412	0.1971	0.00086	0.19714	93.85931	8.68023	
21.0	1	23.54082	-3.9408	5.69921	-15466.65282	4021.47616	-3744.23239	16413.68015	-77.7641	-926.96814	-674.37853	1148.95761	0.07	-1.68013	0.43685	-0.40673	-1.78301	-17.91454	0.57038	
21.0	2	23.66084	4.00588	5.72135	-10774.81951	-2349.46081	-2605.35738	11331.57485	-7.49405	-573.37845	548.05425	793.21023	0.07	1.09323	0.23838	0.26434	1.14972	26.97766	0.54692	
21.0	8	19.54753	9.1996	4.07074	-43.16196	-2076.28479	-9.17749	2076.75365	-67.9716	0.84501	128.50049	145.37272	0.07	0.00402	0.19347	0.00086	0.19351	99.23327	8.78141	
22.0	1	23.54992	-3.93832	5.66385	-15483.68641	4020.80422	-3723.75237	16424.91227	-84.4881	-937.18963	-660.64244	1149.74392	0.07	-1.68045	0.43638	-0.40414	-1.7826	-19.41522	0.52583	
22.0	2	23.66923	4.0056	5.68659	-10933.9946	-2383.16966	-2626.94517	11494.89349	2.51354	-601.12302	534.87796	804.64254	0.07	1.11423	0.24286	0.2677	1.17139	26.88169	0.4473	
22.0	8	19.51596	9.1996	4.1158	-41.72915	-2016.04695	-8.98386	2016.49878	-63.1223	0.74393	126.25247	141.15476	0.07	0.00397	0.19192	0.00086	0.19196	102.38702	8.86579	
23.0	1	23.55942	-3.93559	5.62707	-15512.61235	4023.11613	-3705.05942	16448.52791	-94.73084	-953.38089	-638.59682	1151.39696	0.07	-1.6823	0.4363	-0.4018	-1.7838	-22.27084	0.41213	
23.0	2	23.67819	4.00443	5.65025	-11109.39545	-2419.73935	-2651.12617	11674.85656	13.4118	-630.74004	519.48848	817.23996	0.07	1.13647	0.24753	0.27121	1.19432	27.22562	0.29666	
23.0	8	19.48937	9.1996	4.14874	-40.17995	-1948.57101	-8.73024	1949.00477	-58.89106	0.66298	123.06357	136.43035	0.07	0.00389	0.18887	0.00085	0.18891	109.52657	9.21186	
24.0	1	23.5692	-3.93321	5.58881	-15449.7336	4001.94588	-3663.46687	16374.70087	-101.22915	-958.58682	-620.2456	1146.22887	0.07	-1.67501	0.43388	-0.39718	-1.7753	-24.28136	0.25551	
24.0	2	23.6875	4.00323	5.61243	-11210.97275	-2440.1263	-2656.41002	11776.95379	21.50958	-650.13966	506.42769	824.38658	0.07	1.15124	0.25057	0.27278	1.20936	26.81942	0.16434	
24.0	8	19.46814	9.1996	4.167	-38.72014	-1884.4237	-8.45873	1884.84044	-54.81008	0.58749	120.01388	131.9387	0.07	0.00381	0.18558	0.00083	0.18562	113.13828	9.3016	
25.0	1	23.57911	-3.93132	5.54915	-15394.68318	3983.26204	-3622.895	16309.139	-104.1233	-958.49275	-611.3847	1141.63973	0.07	-1.6678	0.43153	-0.39249	-1.76687	-26.04313	0.16334	
25.0	2	23.69698	4.00272	5.57291	-11301.86386	-2458.60325	-2657.99348	11867.67821	25.39209	-656.32969	499.12703	824.94922	0.06951	1.16423	0.25327	0.2738	1.22251	27.27017	0.0931	
25.0	8	19.45194	9.1996	4.17129	-37.71571	-1841.83849	-8.25471	1842.2431	-51.27605	0.51969	118.32333	128.95702	0.07	0.00376	0.18386	0.00082	0.1839	118.08532	9.59105	
26.0	1	23.58925	-3.9292	5.50768	-15347.36303	3966.52325	-3583.26087	16251.60353	-106.47868	-957.92232	-604.32502	1137.61224	0.07	-1.66146	0.4294	-0.38791	-1.75935	-26.83929	0.16243	
26.0	2	23.70672	4.00212	5.53153	-11382.55256	-2474.76842	-2656.06934	11947.4552	26.20722	-650.39255	493.68662	816.96008	0.06838	1.17606	0.2557	0.27443	1.23442	27.98185	0.08731	
26.0	8	19.43789	9.1996	4.17239	-37.09163	-1817.02097	-8.12625	1817.41769	-48.21317	0.45768	117.72848	127.21916	0.07	0.00375	0.18359	0.00082	0.18363	121.47779	9.85051	
27.0	1	23.5997	-3.92726	5.46466	-15306.20233	3951.59796	-3544.16874	16200.49654	-110.6015	-960.27863	-593.01527	1134.03476	0.07	-1.65612	0.42756	-0.38348	-1.75288	-28.38312	0.14889	
27.0	2	23.71676	4.00154	5.48882	-11462.82904	-2490.78118	-2652.95809	12026.58002	27.69241	-637.61038	478.98028	797.95738	0.06635	1.18763	0.25806	0.27486	1.24603	29.31494	0.08072	
27.0	8	19.42523	9.1996	4.17263	-36.617	-1798.80498	-8.0281	1799.19555	-45.24711	0.3965	117.53443	125.94364	0.07	0.00374	0.18374	0.00082	0.18378	127.9044	10.34742	
28.0	1	23.61043	-3.92572	5.41996	-15291.72053	3943.92348	-3510.22168	16177.54324	-109.69409	-956.27888	-596.56614	1132.42803	0.07	-1.65387	0.42655	-0.37965	-1.74968	-29.2665	0.1369	
28.0	2	23.72718	4.00108	5.44434	-11550.0061	-2508.30848	-2650.26579	12112.72724	25.91071	-633.14309	486.30947	798.77309	0.06594	1.19942	0.26048	0.27522	1.25786	30.10124	0.07965	
28.0	8	19.41374	9.1996	4.17236	-36.11138	-1778.46014	-7.92156	1778.84436	-42.36947	0.33877	117.0885	124.51909	0.07	0.00372	0.18345	0.00082	0.18349	131.65077	10.64206	
29.0	1	23.62143	-3.92458	5.37359	-15289.61627	3939.79808	-3478.0938	16167.60685	-109.68895	-954.16187	-598.63341	1131.73252	0.07	-1.65297	0.42593	-0.37602	-1.74789	-30.44858	0.12284	
29.0	2	23.73792	4.00084	5.39803	-11645.73976	-2527.79937	-2648.37124	12207.6572	23.76184	-621.8202	489.02227	791.434	0.06483	1.21178	0.26303	0.27557	1.27025	31.14631	0.07691	
29.0	8	19.40338	9.1996	4.17132	-35.82416	-1768.37752	-7.86104	1768.75782	-39.98963	0.28923	117.17677	123.81296	0.07	0.00373	0.18404	0.00082	0.18408	136.62562	11.0362	
30.0	1	23.63253	-3.9228	5.32595	-15259.62216	3928.06002	-3438.93723	16127.98851	-132.41333	-984.32512	-536.76779	1128.9592	0.07	-1.64892	0.42446	-0.3716	-1.74276	-30.20449	0.12915	
30.0	2	23.74868	4.00019	5.35049	-11744.76838	-2547.70198	-2646.25167	12305.81235	21.98652	-559.81401	441.38383	713.22844	0.05796	1.22475	0.26568	0.27595	1.28326	30.74409	0.06389	
30.0	8	19.39351	9.1996	4.17011	-36.11418	-1786.5613	-7.92674	1786.94386	-39.63915	0.27489	118.6389	125.08607	0.07	0.00379	0.1875	0.00083	0.18754	135.24106	10.92684	
31.0	1	23.64406	-3.92099	5.27642	-15256.65071	3923.18357	-3404.55714	16116.69226	-128.74079	-977.11124	-549.03868	1128.16844	0.07	-1.64821	0.42383	-0.3678	-1.74112	-33.42485	0.13539	
31.0	2	23.75989	3.99923	5.30133	-11850.66964	-2568.79258	-2644.17833	12410.83177	19.51121	-542.43207	439.52201	698.42168	0.05628	1.23862	0.26849	0.27637	1.29716	33.92675	0.06126	
31.0	8	19.38391	9.1996	4.16781	-36.14949	-1792.14783	-7.93441	1792.52994	-37.69944	0.23058	119.6796	125.47711	0.07	0.00383	0.18965	0.00084	0.18969	149.51016	12.0777	
32.0	1	23.65587	-3.91946	5.22536	-15253.53447	3918.46273	-3369.18336	16105.15634	-131.19343	-978.58155	-544.15913	1127.36095	0.07	-1.64773	0.42328	-0.36395	-1.73973	-33.88339	0.11971	
32.0	2	23.77144	3.99841	5.25053	-11957.82109	-2590.19182	-2641.15438	12516.9595	17.45336	-516.91183	427.91766	671.27936	0.05363	1.25253	0.27131	0.27665	1.3111	34.24194	0.05737	
32.0	8	19.3748	9.1996	4.1648	-36.16827	-1796.79266	-7.93689	1797.17417	-36.06524	0.1936	120.52159	125.8022	0.07	0.00386	0.19165	0.00085	0.19169	151.28278	12.23368	
33.0	1	23.66788	-3.91793	5.1725	-15261.05636	3916.47426	-3335.14482	16104.71368	-133.94786	-980.99188	-539.06012	1127.32999	0.07	-1.6481	0.42296	-0.36018	-1.73921	-34.48137	0.12445	
33.0	2	23.78325	3.99762	5.19755	-12071.0895	-2612.89084	-2638.18958	12629.26936	13.44151	-487.17064	420.99703	644.01429	0.05099	1.26694	0.27424	0.2769	1.32553	34.82709	0.05374	
33.0	8	19.36622	9.1996	4.16074	-36.32185	-1808.07649	-7.96675	1808.45883	-34.8707	0.1643	121.6945	126.59204	0.07	0.0039	0.19432	0.00086	0.19436	153.9648	12.45354	
34.0	1	23.68012	-3.9158	5.11824	-15266.97791	3913.60608	-3299.68614	16102.32454	-139.01293	-986.62719	-527.00855	1127.16273	0.07	-1.64866	0.42263	-0.35633	-1.73887	-36.09307	0.13847	
34.0	2	23.79518	3.99626	5.14357	-12180.43368	-2634.27032	-2633.02982	12737.15788	9.4078	-451.27326	407.96525	608.41738	0.04777	1.28136	0.27712	0.27699	1.33992	36.43458	0.04955	
34.0	8	19.35767	9.1996	4.15696	-36.5422	-1822.59985	-8.01168	1822.98374	-33.6894	0.13442	123.08131	127.60879	0.07	0.00396	0.19735	0.00087	0.19739	161.19349	13.0519	
35.0	1	23.69266	-3.91382	5.06242	-15273.92883	3911.05167	-3263.34173	16100.88899	-139.8367	-986.17822	-527.41584	1127.06222	0.07	-1.6497	0.42242	-0.35247	-1.73902	-35.50486	0.13014	
35.0	2	23.80743	3.99498	5.08808	-12295.81817	-2656.92701	-2627.77687	12851.1329	6.35161	-422.60948	397.57724	580.2644	0.04515	1.29649	0.28015	0.27708	1.35505	35.7901	0.04631	
35.0	8	19.34932	9.1996	4.15283	-36.69111	-1833.53125	-8.04017	1833.91595	-32.40588	0.10378	124.21659	128.37412	0.07	0.004	0.19998	0.00088	0.20002	158.52725	12.85171	
36.0	1	23.70541	-3.91216	5.00479	-15284.59009	3909.68232	-3226.83928	16103.31649	-151.7692	-1001.51297	-494.56059	1127.23214	0.07	-1.65094	0.4223	-0.34854	-1.73937	-38.32285	0.1141	
36.0	2	23.81998	3.99401	5.03052	-12418.16211	-2681.24055	-2622.68841	12972.21244	3.2555	-380.92371	374.01347	533.85349	0.04115	1.31222	0.28333	0.27714	1.37077	38.35514	0.04159	
36.0	8	19.34135	9.1996	4.14757	-36.81425	-1843.22284	-8.06065	1843.60807	-30.49962	0.06079	125.39673	129.05259	0.07	0.00404	0.20247	0.00089	0.20251	170.56365	13.8274	
37.0	1	23.71827	-3.90987	4.94554	-15289.83854	3906.45116	-3188.03378	16099.78517	-148.89823	-995.85736	-506.15467	1126.98497	0.07	-1.65157	0.42197	-0.34436	-1.73906	-36.89895	0.13349	
37.0	2	23.83254	3.99255	4.97155	-12527.93391	-2702.44963	-2613.44906	13079.85008	-1.84723	-349.9958	370.76982	509.87325	0.03898	1.32677	0.2862	0.27678	1.38522	37.0853	0.03912	
37.0	8	19.33344	9.1996	4.14216	-37.13847	-1862.97472	-8.12475	1863.36257	-29.81586	0.04059	126.98188	130.43537	0.07	0.00411	0.20607	0.0009	0.20612	164.65502	13.38164	
38.0	1	23.73132	-3.90778	4.88512	-15291.87692	3902.48862	-3147.65911	16092.81439	-156.91346	-1005.12152	-483.84336	1126.497	0.07	-1.65218	0.42164	-0.34008	-1.73871	-39.20431	0.12131	
38.0	2	23.84533	3.99106	4.91141	-12636.86576	-2723.38706	-2602.74292	13186.41286	-7.82537	-304.15429	356.24648	468.48973	0.03553	1.34147	0.2891	0.27629	1.3998	39.20253	0.0353	
38.0	8	19.32553	9.1996	4.13626	-37.45169	-1882.2919	-8.18545	1882.68224	-28.21193	0.00151	128.7327	131.78779	0.07	0.00417	0.20968	0.00091	0.20972	174.58426	14.2014	
39.0	1	23.74461	-3.90606	4.82263	-15289.57869	3897.65829	-3105.34924	16081.23598	-160.69882	-1008.19979	-474.2143	1125.68651	0.07	-1.65203	0.42114	-0.33553	-1.73757	-41.01717	0.10135	
39.0	2	23.85838	3.99005	4.84915	-12747.79525	-2745.0487	-2590.99461	13294.91742	-12.41589	-267.86494	344.87817	436.86008	0.03286	1.35631	0.29206	0.27567	1.41452	40.8283	0.03243	
39.0	8	19.31783	9.1996	4.12896	-37.6155	-1894.31528	-8.21068	1894.7065	-26.32402	-0.04071	129.99085	132.62947	0.07	0.00422	0.2125	0.00092	0.21254	182.31469	14.8482	
40.0	1	23.75791	-3.90375	4.75885	-15290.65143	3893.24829	-3062.78367	16073.02235	-168.81195	-1017.19136	-450.22243	1125.11154	0.07	-1.65207	0.42064	-0.33092	-1.7366	-41.84715	0.11807	
40.0	2	23.87141	3.98857	4.78549	-12862.49776	-2767.16309	-2578.61119	13407.09797	-19.65642	-218.69632	332.73689	398.65811	0.02973	1.37138	0.29503	0.27493	1.42944	41.67393	0.02914	
40.0	8	19.31015	9.1996	4.12148	-38.01912	-1918.45631	-8.28773	1918.85089	-25.28187	-0.06886	131.91882	134.3196	0.07	0.00429	0.2167	0.00094	0.21674	186.14219	15.19051	
41.0	1	23.77141	-3.90173	4.69369	-15294.02418	3889.58597	-3019.6771	16067.18719	-177.11988	-1026.22668	-424.7875	1124.7031	0.07	-1.65282	0.42035	-0.32634	-1.73637	-42.92757	0.10418	
41.0	2	23.88471	3.98714	4.72046	-12982.96215	-2790.44749	-2565.89275	13525.07704	-28.01727	-174.60239	331.64516	375.84502	0.02779	1.38757	0.29823	0.27423	1.44551	42.6144	0.02713	
41.0	8	19.30248	9.1996	4.11345	-38.2571	-1934.37351	-8.32735	1934.76971	-23.58252	-0.10772	133.36487	135.43388	0.07	0.00435	0.22004	0.00095	0.22008	190.73912	15.59406	
42.0	1	23.78508	-3.89988	4.62644	-15301.6598	3887.12846	-2976.4039	16065.78789	-180.26824	-1027.93926	-415.71262	1123.3756	0.06992	-1.65361	0.42007	-0.32165	-1.73619	-43.93096	0.09729	
42.0	2	23.89811	3.98608	4.65369	-13108.22559	-2815.00288	-2552.58753	13647.91275	-32.44385	-140.91122	322.00533	352.98159	0.02586	1.40403	0.30152	0.27341	1.46183	43.53435	0.02516	
42.0	8	19.29562	9.1996	4.10454	-38.40726	-1945.96755	-8.34562	1946.36442	-21.76113	-0.14731	134.49637	136.24552	0.07	0.0044	0.22279	0.00096	0.22283	195.11029	15.98293	
43.0	1	23.79874	-3.89746	4.55823	-15303.23045	3882.69683	-2931.01427	16057.86541	-186.1584	-1034.46554	-398.39149	1124.05057	0.07	-1.65397	0.41964	-0.31678	-1.73553	-44.4928	0.10626	
43.0	2	23.91157	3.9844	4.58544	-13224.07241	-2837.03919	-2535.96715	13760.66902	-38.13924	-92.999	302.92107	319.16233	0.02319	1.41954	0.30454	0.27222	1.47715	44.07524	0.02247	
43.0	8	19.28926	9.1996	4.09568	-38.81493	-1970.59516	-8.41956	1970.99538	-20.43474	-0.18048	136.44801	137.96982	0.07	0.00447	0.22697	0.00097	0.22702	197.67845	16.22697	
44.0	1	23.81254	-3.8957	4.48847	-15267.17587	3869.19596	-2877.55866	16010.54903	-167.89495	-939.42789	-372.38124	1024.39312	0.06398	-1.65017	0.41821	-0.31102	-1.73051	-45.09132	0.075	
44.0	2	23.92516	3.98348	4.51554	-13307.93382	-2852.71783	-2511.78184	13840.09211	-23.25838	-141.68786	284.14746	318.36485	0.023	1.43172	0.30691	0.27023	1.48897	44.50534	0.02228	
44.0	8	19.2833	9.1996	4.08596	-39.08087	-1988.22655	-8.46046	1988.6286	-18.24817	-0.22855	138.00283	139.20427	0.07	0.00453	0.23033	0.00098	0.23038	200.0542	16.45485	
45.0	1	23.82626	-3.89404	4.41677	-15216.89456	3852.2255	-2820.81489	15948.37038	-161.80526	-902.83856	-360.09599	985.37685	0.06179	-1.64419	0.41623	-0.30479	-1.72323	-46.2047	0.07055	
45.0	2	23.93852	3.98294	4.44443	-13376.34676	-2865.38995	-2483.4551	13903.40467	-22.29884	-131.08006	271.34472	302.17077	0.02173	1.44163	0.30882	0.26765	1.49843	45.5546	0.02101	
45.0	8	19.27778	9.1996	4.07552	-39.32003	-2004.61137	-8.49362	2005.01495	-16.32956	-0.27033	139.39767	140.35112	0.07	0.00458	0.23352	0.00099	0.23357	204.95137	16.89602	
46.0	1	23.83997	-3.89259	4.34413	-15180.56596	3838.9635	-2765.99246	15900.87853	-146.56441	-829.43607	-346.79926	910.88696	0.05729	-1.63977	0.41468	-0.29878	-1.71758	-47.80723	0.06282	
46.0	2	23.95208	3.98232	4.37137	-13450.77907	-2879.25708	-2454.98021	13972.84892	-14.06707	-158.48579	262.94892	307.33982	0.022	1.45216	0.31085	0.26504	1.50852	47.08024	0.02127	
46.0	8	19.27258	9.1996	4.06462	-39.54113	-2020.1256	-8.52161	2020.53052	-14.18528	-0.31597	140.72364	141.43714	0.07	0.00463	0.23658	0.001	0.23663	212.00689	17.52194	
47.0	1	23.8538	-3.89151	4.26938	-15144.7382	3826.13783	-2710.65665	15854.02426	-122.65002	-708.95085	-315.43691	785.592	0.04955	-1.63522	0.41312	-0.29268	-1.7118	-51.18493	0.05183	
47.0	2	23.96561	3.98229	4.29733	-13548.28032	-2898.47716	-2429.43144	14066.24352	6.57994	-232.41368	240.59081	334.57936	0.02379	1.46505	0.31343	0.26271	1.52106	50.30432	0.02306	
47.0	8	19.26767	9.1996	4.0532	-39.83317	-2039.34194	-8.56344	2039.7489	-11.82961	-0.36644	142.29081	142.78217	0.07	0.00469	0.24007	0.00101	0.24012	226.80662	18.79395	
48.0	1	23.86746	-3.89007	4.19363	-15084.33681	3806.88736	-2650.25098	15781.42702	-124.70169	-715.99973	-318.72003	793.5922	0.05029	-1.62781	0.41082	-0.286	-1.70304	-48.86292	0.0528	
48.0	2	23.97901	3.98208	4.22145	-13604.69322	-2908.77869	-2395.13941	14116.84681	-2.05217	-177.12259	226.76322	287.74673	0.02038	1.47314	0.31497	0.25935	1.5286	48.03439	0.01967	
48.0	8	19.26315	9.1996	4.04127	-40.05948	-2055.1701	-8.58967	2055.57843	-10.1764	-0.40153	143.52972	143.89058	0.07	0.00474	0.24311	0.00102	0.24316	216.60221	17.99535	
49.0	1	23.88123	-3.88906	4.11657	-15061.90009	3797.56239	-2596.11762	15748.71871	-101.62927	-589.6102	-272.85035	657.58346	0.04175	-1.62463	0.40962	-0.28003	-1.69871	-48.87403	0.04229	
49.0	2	23.99255	3.98222	4.14437	-13698.91946	-2927.40304	-2366.40437	14206.6869	19.29384	-259.21351	208.9743	333.51784	0.02348	1.48557	0.31746	0.25662	1.54064	47.97772	0.02275	
49.0	8	19.2589	9.1996	4.02893	-40.31137	-2072.33392	-8.62013	2072.74388	-7.95698	-0.44784	144.87324	145.09229	0.07	0.00479	0.2463	0.00102	0.24635	216.54076	18.04186	
50.0	1	23.89487	-3.88798	4.03755	-15002.25877	3778.87053	-2534.90219	15677.16045	-108.84967	-605.86432	-258.98117	667.82563	0.0426	-1.61716	0.40734	-0.27325	-1.68991	-51.12192	0.04327	
50.0	2	24.00583	3.98226	4.0661	-13756.73426	-2938.20989	-2330.01415	14258.67388	9.54494	-195.11319	189.68825	272.2901	0.0191	1.4937	0.31903	0.25299	1.5482	50.13437	0.01839	
50.0	8	19.25495	9.1996	4.01609	-40.5798	-2090.36146	-8.65261	2090.77321	-5.90221	-0.49073	146.23451	146.3544	0.07	0.00484	0.24957	0.00103	0.24962	226.43159	18.91956	
51.0	1	23.90854	-3.88705	3.95775	-14971.45814	3767.54589	-2478.05235	15635.84677	-89.2402	-507.5299	-232.4754	565.32754	0.03616	-1.61291	0.40589	-0.26697	-1.68449	-52.63168	0.03599	
51.0	2	24.01935	3.98231	3.98564	-13837.49255	-2953.89053	-2296.29147	14334.38607	24.09627	-240.26619	163.8677	291.82374	0.02036	1.50443	0.32115	0.24966	1.55846	51.5498	0.01964	
51.0	8	19.25108	9.1996	4.00287	-41.04736	-2118.81388	-8.72609	2119.22941	-3.71775	-0.53873	148.29811	148.34568	0.07	0.00492	0.2541	0.00105	0.25415	233.01575	19.52921	
52.0	1	23.92213	-3.88633	3.87564	-14925.45734	3752.61825	-2418.12393	15578.79148	-84.9505	-476.69345	-215.42464	529.96322	0.03402	-1.60671	0.40396	-0.26031	-1.67704	-54.12066	0.03367	
52.0	2	24.03258	3.98277	3.90462	-13907.90327	-2967.68589	-2259.56477	14399.39463	24.86674	-228.60061	147.18345	273.01934	0.01896	1.51376	0.32301	0.24593	1.56725	52.96881	0.01826	
52.0	8	19.24742	9.19963	3.9892	-41.20102	-2131.14238	-8.73132	2131.55849	-1.35	-0.58518	149.20156	149.20881	0.07	0.00496	0.25669	0.00105	0.25674	239.54578	20.14508	
53.0	1	23.93552	-3.88558	3.79312	-14881.59026	3738.26199	-2358.09662	15524.0765	-81.41423	-447.35581	-195.39489	494.90874	0.03188	-1.60086	0.40214	-0.25367	-1.66998	-54.08935	0.03139	
53.0	2	24.04585	3.9831	3.82145	-13973.80813	-2980.40463	-2220.91961	14459.68911	24.29886	-209.79761	128.65581	247.30101	0.0171	1.52265	0.32476	0.242	1.5756	52.90233	0.01644	
53.0	8	19.24417	9.19966	3.97506	-41.5152	-2151.67428	-8.76907	2152.09261	0.85349	-0.63041	150.64275	150.64649	0.07	0.00502	0.26023	0.00106	0.26028	239.35696	20.19649	
54.0	1	23.94898	-3.885	3.70839	-14840.87651	3724.86761	-2298.0757	15472.79568	-64.46401	-365.37391	-175.91543	410.60924	0.02654	-1.59528	0.40039	-0.24703	-1.66321	-55.01524	0.02585	
54.0	2	24.05902	3.98357	3.73766	-14052.2628	-2995.91322	-2183.00921	14532.9665	35.96211	-251.45193	113.59512	278.25384	0.01915	1.53274	0.32678	0.23811	1.58517	53.77308	0.01844	
54.0	8	19.24118	9.19966	3.96046	-41.62219	-2161.45803	-8.76164	2161.8765	3.32361	-0.67728	151.29336	151.33138	0.07	0.00505	0.26244	0.00106	0.26249	243.3981	20.61459	
55.0	1	23.96215	-3.88412	3.62321	-14788.34791	3708.33839	-2235.8203	15409.27967	-75.98127	-397.12679	-156.1141	433.4218	0.02813	-1.58861	0.39836	-0.24018	-1.65531	-56.09347	0.02748	
55.0	2	24.07197	3.98398	3.65184	-14102.5773	-3005.40835	-2139.55962	14577.13556	22.81805	-168.72151	86.59897	191.01568	0.0131	1.53988	0.32816	0.23362	1.5917	54.77774	0.01255	
55.0	8	19.23841	9.19966	3.9454	-42.04756	-2187.81191	-8.81977	2188.23371	5.41447	-0.72117	153.07891	153.17633	0.07	0.00512	0.26665	0.00107	0.26671	248.08822	21.08075	
56.0	1	23.97544	-3.88338	3.53597	-14756.43626	3697.09816	-2176.27145	15367.40392	-56.36129	-302.97762	-132.5415	335.46875	0.02183	-1.584	0.39686	-0.23361	-1.64958	-57.07031	0.0211	
56.0	2	24.08494	3.98453	3.56524	-14185.19949	-3021.85815	-2099.83747	14654.72036	36.9349	-221.05172	68.60439	234.38134	0.01599	1.55039	0.33028	0.2295	1.60171	55.69078	0.01535	
56.0	8	19.2357	9.19967	3.92985	-42.23298	-2201.84312	-8.82601	2202.2658	7.94327	-0.76947	153.95189	154.1586	0.07	0.00517	0.26938	0.00108	0.26944	252.34245	21.52882	
57.0	1	23.9883	-3.88272	3.44801	-14696.57568	3679.00393	-2112.24052	15296.59984	-70.45743	-345.25296	-111.11619	369.4735	0.02415	-1.57653	0.39465	-0.22658	-1.6409	-58.17882	0.02343	
57.0	2	24.09757	3.98517	3.47706	-14232.07514	-3030.80579	-2053.66962	14695.41784	21.82826	-133.43016	45.64484	142.70084	0.00971	1.55713	0.3316	0.22469	1.60783	56.72865	0.00927	
57.0	8	19.23329	9.19967	3.91383	-42.49999	-2220.09125	-8.84779	2220.51564	10.1837	-0.81307	155.0999	155.436	0.07	0.00522	0.2726	0.00109	0.27265	257.16406	22.02099	
58.0	1	24.00132	-3.88201	3.35825	-14669.41479	3669.06748	-2052.50722	15259.96633	-39.09838	-211.46002	-98.56757	236.55779	0.0155	-1.57234	0.39327	-0.22	-1.63564	-56.81998	0.01487	
58.0	2	24.11037	3.98563	3.3878	-14326.56394	-3049.71341	-2013.13366	14785.25933	44.54455	-229.88807	31.25596	236.24071	0.01598	1.56883	0.33396	0.22045	1.61906	55.38537	0.01534	
58.0	8	19.23106	9.19967	3.89733	-42.59795	-2229.53521	-8.83292	2229.95961	12.76965	-0.86032	155.57091	156.09648	0.07	0.00525	0.27472	0.00109	0.27477	251.14392	21.6001	
59.0	1	24.01384	-3.88146	3.26774	-14613.55988	3652.18179	-1988.45721	15193.70022	-64.87829	-291.38295	-58.37726	304.17285	0.02002	-1.56535	0.39121	-0.213	-1.6275	-57.77911	0.01931	
59.0	2	24.12259	3.98628	3.29733	-14362.82384	-3056.46092	-1963.31504	14815.10269	21.72367	-103.45498	2.13559	105.73273	0.00714	1.57441	0.33504	0.21521	1.62399	56.25455	0.00681	
59.0	8	19.22912	9.19967	3.88041	-42.98019	-2253.82541	-8.87553	2254.25266	14.95469	-0.90378	157.0851	157.79794	0.07	0.00531	0.27866	0.0011	0.27871	255.24931	22.0332	
60.0	1	24.02649	-3.88068	3.17568	-14590.2908	3643.25639	-1928.41277	15161.42073	-38.03623	-173.46174	-39.93227	182.01735	0.01201	-1.56153	0.38992	-0.20639	-1.62266	-61.56934	0.01148	
60.0	2	24.13504	3.9866	3.20555	-14448.38145	-3073.40276	-1919.04369	14895.77993	41.13163	-184.93495	-13.4994	189.93415	0.01275	1.58506	0.33717	0.21053	1.63414	59.91248	0.0122	
60.0	8	19.2272	9.19967	3.86297	-43.05985	-2262.42095	-8.8541	2262.848	17.78774	-0.95452	157.3944	158.39922	0.07	0.00534	0.28065	0.0011	0.2807	271.95588	23.59445	
61.0	1	24.03857	-3.88017	3.08278	-14528.72013	3625.10119	-1863.01081	15089.59498	-61.09004	-255.62647	-20.99386	263.66196	0.01747	-1.55403	0.38775	-0.19927	-1.61403	-61.90029	0.0168	
61.0	2	24.14688	3.98724	3.11257	-14482.39198	-3079.71698	-1866.84045	14923.45226	18.18181	-59.28011	-43.25493	75.60224	0.00507	1.59044	0.33821	0.20501	1.63888	60.18952	0.00483	
61.0	8	19.2256	9.19967	3.84515	-43.34574	-2281.76874	-8.8736	2282.19766	20.05558	-0.99733	158.48619	159.75323	0.07	0.00539	0.28396	0.0011	0.28401	273.32865	23.80881	
62.0	1	24.05078	-3.87937	2.98835	-14502.61925	3615.57257	-1801.87705	15054.73649	-36.26951	-144.66356	1.64346	149.15001	0.00991	-1.54999	0.38642	-0.19258	-1.609	-61.72073	0.00946	
62.0	2	24.15892	3.98757	3.01845	-14569.39509	-3096.99136	-1820.36516	15005.74417	37.15261	-137.35279	-63.6744	155.88629	0.01039	1.60122	0.34037	0.20006	1.64918	59.97982	0.00993	
62.0	8	19.22412	9.19967	3.82684	-43.41455	-2289.77318	-8.84724	2290.20181	22.72693	-1.04406	158.69117	160.31373	0.07	0.00542	0.28584	0.0011	0.2859	272.49226	23.85593	
63.0	1	24.06243	-3.87891	2.89313	-14447.92652	3599.29457	-1736.9601	14990.4814	-53.41992	-205.58257	18.33941	213.19994	0.01422	-1.54322	0.38445	-0.18553	-1.60117	-61.86057	0.01363	
63.0	2	24.17032	3.98821	2.9232	-14600.18498	-3102.6804	-1765.84282	15030.31031	17.1835	-33.11219	-83.89522	91.81556	0.00611	1.60622	0.34134	0.19427	1.65354	60.08043	0.00582	
63.0	8	19.22295	9.19967	3.80804	-43.69322	-2308.75489	-8.86219	2309.18531	25.07976	-1.08758	159.68171	161.6429	0.07	0.00547	0.28907	0.00111	0.28912	273.04016	24.00674	
64.0	1	24.07414	-3.87809	2.79649	-14423.66714	3590.32877	-1675.4297	14957.93098	-33.51398	-114.12412	43.95967	126.80676	0.00848	-1.53947	0.3832	-0.17882	-1.5965	-62.4447	0.00809	
64.0	2	24.18186	3.98846	2.82694	-14681.80976	-3118.80848	-1716.41786	15107.23649	31.8272	-94.15835	-101.15193	141.81142	0.00939	1.61644	0.34338	0.18897	1.66328	60.613	0.00896	
64.0	8	19.22186	9.19967	3.78875	-43.71936	-2314.49046	-8.82455	2314.92016	27.75552	-1.13297	159.64572	162.04446	0.07	0.00549	0.29065	0.00111	0.2907	275.57808	24.35946	
65.0	1	24.08532	-3.87751	2.69911	-14374.91428	3575.56732	-1610.75476	14900.24742	-45.25222	-154.97544	59.83017	172.17665	0.01156	-1.53342	0.38142	-0.17182	-1.58946	-63.55405	0.01105	
65.0	2	24.19277	3.98917	2.7295	-14718.83212	-3125.90995	-1660.69073	15138.46841	17.42849	-13.30659	-129.42313	131.26753	0.00867	1.62209	0.34449	0.18302	1.66834	61.65095	0.00828	
65.0	8	19.22109	9.19967	3.76899	-43.99618	-2333.39675	-8.83598	2333.82822	30.2272	-1.17787	160.54283	163.3679	0.07	0.00554	0.29384	0.00111	0.29389	280.39843	24.90128	
66.0	1	24.09641	-3.87674	2.60036	-14352.1645	3567.16383	-1548.78782	14869.70166	-39.04086	-120.15604	85.03716	152.29242	0.01024	-1.52987	0.38024	-0.16509	-1.58504	-63.82186	0.00979	
66.0	2	24.20369	3.98953	2.63117	-14800.46032	-3142.17612	-1608.99609	15215.64211	20.5082	-22.67479	-144.36493	147.56681	0.0097	1.63217	0.34651	0.17744	1.67796	61.87795	0.00926	
66.0	8	19.22046	9.19967	3.74879	-43.95969	-2335.72541	-8.78315	2336.15555	32.77763	-1.21933	160.20762	163.53086	0.07	0.00555	0.29493	0.00111	0.29498	281.53857	25.13861	
67.0	1	24.10711	-3.87595	2.50095	-14333.44743	3559.82696	-1486.90372	14843.54964	-58.54475	-191.31769	106.32174	226.57065	0.01526	-1.52711	0.37927	-0.15842	-1.58146	-64.45986	0.01464	
67.0	2	24.21409	3.99006	2.53166	-14862.62406	-3154.51299	-1554.05082	15272.97025	-0.56687	86.5774	-170.31897	191.06155	0.01251	1.6407	0.34823	0.17155	1.686	62.45222	0.01197	
67.0	8	19.22004	9.19967	3.72815	-44.32815	-2359.54274	-8.80976	2359.97554	35.2421	-1.26466	161.39041	165.19827	0.07	0.00561	0.29872	0.00112	0.29877	284.27877	25.50169	
68.0	1	24.11754	-3.87514	2.40026	-14350.88159	3561.494	-1428.2425	14855.03008	-90.96276	-319.91269	116.24679	352.32325	0.02372	-1.52828	0.37928	-0.1521	-1.58197	-65.06093	0.02299	
68.0	2	24.22442	3.9902	2.43136	-14989.16807	-3180.16482	-1504.49684	15396.49696	-30.71749	232.54414	-185.50993	299.05564	0.01942	1.65613	0.35137	0.16623	1.70113	63.01454	0.01872	
68.0	8	19.2197	9.19967	3.70713	-44.33612	-2364.24657	-8.76339	2364.67849	37.5439	-1.30159	161.20823	165.52744	0.07	0.00563	0.30008	0.00111	0.30013	286.92611	25.87101	
69.0	1	24.1278	-3.87353	2.29903	-14397.15781	3569.77073	-1371.76215	14896.41392	-136.61291	-498.33763	136.96726	534.56852	0.03589	-1.53296	0.3801	-0.14606	-1.58612	-65.5899	0.03569	
69.0	2	24.23438	3.99008	2.33012	-15135.49575	-3209.81714	-1455.34087	15540.40458	-72.50232	438.79694	-213.76393	493.45148	0.03175	1.67459	0.35513	0.16102	1.71939	63.47508	0.03126	
69.0	8	19.21946	9.19967	3.68575	-44.75065	-2390.69044	-8.79603	2391.12542	39.89323	-1.34482	162.54962	167.37879	0.07	0.00569	0.3042	0.00112	0.30425	289.21765	26.19338	
70.0	1	24.13767	-3.87179	2.19684	-14453.68491	3580.52081	-1315.39519	14948.5585	-192.10737	-716.63957	160.19255	759.03832	0.05078	-1.53943	0.38135	-0.1401	-1.59214	-65.23619	0.05345	
70.0	2	24.24412	3.98939	2.22809	-15308.9871	-3244.73839	-1406.99307	15712.19408	-121.30356	673.33034	-232.94089	722.73768	0.046	1.69646	0.35957	0.15592	1.74115	63.07462	0.04735	
70.0	8	19.21925	9.19967	3.66397	-44.94606	-2405.5757	-8.78398	2406.01158	42.04914	-1.38115	163.08194	168.42137	0.07	0.00573	0.30686	0.00112	0.30692	287.62608	26.16653	
71.0	1	24.1477	-3.86879	2.09381	-14576.48888	3606.66647	-1263.77125	15069.14692	-225.59329	-850.89904	173.64619	897.25944	0.05954	-1.55339	0.38436	-0.13468	-1.60589	-67.01851	0.06652	
71.0	2	24.25371	3.98788	2.12517	-15517.49073	-3286.33765	-1359.67854	15919.83855	-154.395	838.23793	-263.96675	892.27747	0.05605	1.72322	0.36495	0.15099	1.7679	64.73589	0.06091	
71.0	8	19.2188	9.19967	3.64171	-45.66116	-2448.71008	-8.87145	2449.15183	44.69239	-1.43299	165.5063	171.44037	0.07	0.00584	0.31321	0.00113	0.31327	295.51923	27.00689	
72.0	1	24.15717	-3.86541	1.98997	-14785.09035	3653.74859	-1217.79728	15278.47523	-267.43739	-1016.6937	196.53748	1069.49325	0.07	-1.57757	0.38985	-0.12994	-1.63021	-67.01793	0.14015	
72.0	2	24.26296	3.98575	2.0213	-15838.35652	-3351.14213	-1319.54783	16242.6875	-191.39844	1016.96618	-285.37157	1073.44795	0.06609	1.76351	0.37313	0.14692	1.80853	64.48524	0.08002	
72.0	8	19.21825	9.1997	3.6186	-46.24193	-2484.96739	-8.92938	2485.41364	46.67884	-1.47086	167.59376	173.97916	0.07	0.00593	0.31872	0.00115	0.31878	295.16155	27.05501	
73.0	1	24.16696	-3.85997	1.88538	-15028.0965	3707.58393	-1172.30065	15523.02006	-270.83409	-1030.72684	212.07407	1086.6114	0.07	-1.6067	0.39639	-0.12533	-1.65961	-67.98827	0.18606	
73.0	2	24.2724	3.98181	1.91694	-16197.66758	-3422.26267	-1279.23652	16604.60066	-196.82926	1047.23557	-309.35662	1109.57002	0.06682	1.80986	0.38239	0.14294	1.85533	65.23601	0.08206	
73.0	8	19.21758	9.1997	3.59329	-46.93507	-2527.48099	-9.00215	2527.93277	49.30303	-1.52083	169.94117	176.95508	0.07	0.00604	0.32516	0.00116	0.32522	299.36939	27.56309	
74.0	1	24.17619	-3.85417	1.78023	-15148.342	3730.82054	-1115.28457	15640.8167	-272.02048	-1033.91133	236.10263	1094.85718	0.07	-1.62408	0.39999	-0.11957	-1.67688	-68.14939	0.19349	
74.0	2	24.2813	3.97731	1.81165	-16403.05031	-3460.23188	-1223.91711	16808.66554	-200.63562	1067.07379	-327.8707	1134.19589	0.06748	1.84036	0.38823	0.13732	1.88587	65.28372	0.08407	
74.0	8	19.21713	9.1997	3.56626	-47.25441	-2549.77884	-8.99743	2550.23255	51.98534	-1.56604	170.77212	178.51623	0.07	0.0061	0.32904	0.00116	0.3291	300.21417	27.79521	
75.0	1	24.18495	-3.84945	1.67391	-15100.67754	3713.55417	-1045.16094	15585.67638	-269.82598	-1028.66336	243.55873	1090.99735	0.07	-1.62191	0.39886	-0.11226	-1.674	-68.34316	0.10821	
75.0	2	24.28979	3.97407	1.70553	-16449.94514	-3465.93489	-1155.22253	16850.75484	-201.00996	1064.09174	-330.21329	1132.13827	0.06719	1.8516	0.39013	0.13003	1.89672	65.73791	0.08315	
75.0	8	19.2167	9.1997	3.54089	-46.69886	-2525.1331	-8.83049	2525.58032	54.94587	-1.60375	168.02765	176.79059	0.07	0.00604	0.32678	0.00114	0.32684	301.97129	28.22003	
76.0	1	24.19304	-3.84552	1.56753	-15094.42012	3707.22195	-977.8109	15573.73197	-249.39327	-941.04684	282.03545	1013.5631	0.06508	-1.62333	0.39869	-0.10516	-1.67487	-68.16984	0.0775	
76.0	2	24.29749	3.97156	1.59917	-16506.97285	-3474.56306	-1086.43158	16903.64087	-186.75997	1000.5538	-362.32884	1080.40241	0.06392	1.86297	0.39214	0.12261	1.90774	65.59002	0.07485	
76.0	8	19.2166	9.1997	3.51627	-46.83659	-2537.86351	-8.79688	2538.3109	57.9939	-1.65242	167.9431	177.68204	0.07	0.00608	0.32926	0.00114	0.32932	301.4905	28.38198	
77.0	1	24.20043	-3.84265	1.45984	-15082.33226	3700.39575	-909.7738	15556.26445	-218.08372	-815.8686	296.9688	895.20531	0.05755	-1.62345	0.39831	-0.09793	-1.67447	-68.45017	0.06323	
77.0	2	24.30467	3.97017	1.49151	-16574.29377	-3486.43331	-1017.34844	16967.54045	-162.44001	880.19478	-369.99319	968.51668	0.05708	1.87443	0.39429	0.11505	1.9189	65.8872	0.0625	
77.0	8	19.21685	9.1997	3.49179	-46.46657	-2522.82009	-8.66839	2523.26287	60.56667	-1.68562	165.91113	176.62861	0.07	0.00604	0.32806	0.00113	0.32811	302.96049	28.75106	
78.0	1	24.20788	-3.83807	1.35208	-13883.23422	3399.87031	-775.35054	14314.48493	119.43372	657.89533	746.28498	1002.01395	0.07	-1.49197	0.36537	-0.08332	-1.53831	-75.7369	0.65694	
78.0	2	24.31098	3.97042	1.38373	-17974.6259	-3780.49746	-1023.10953	18396.36079	-151.38879	951.12776	-854.8247	1287.74526	0.07	2.04119	0.42931	0.11618	2.08908	60.00609	0.72737	
78.0	8	19.20713	9.1997	3.45169	-67.34677	-3686.45147	-12.43104	3687.08755	71.36994	-2.14019	248.02294	258.09616	0.07	0.00884	0.48374	0.00163	0.48382	306.34792	27.23155	
79.0	1	24.21477	-3.83292	1.24382	-13675.36354	3340.79311	-702.41787	14095.02953	124.82044	662.42999	720.47808	986.65207	0.07	-1.46353	0.35753	-0.07517	-1.50844	-73.4275	0.54149	
79.0	2	24.31642	3.97274	1.27446	-18164.07876	-3822.36894	-952.16652	18586.30901	-166.64386	996.18738	-820.09136	1301.04163	0.07	2.07461	0.43657	0.10875	2.12283	60.72169	0.57822	
79.0	8	19.19512	9.1997	3.36643	-65.3811	-3632.66913	-11.78896	3633.27658	74.64123	-2.13239	243.12076	254.32964	0.07	0.0087	0.48338	0.00157	0.48347	302.98834	27.45667	
80.0	1	24.22123	-3.82875	1.13487	-13419.95771	3271.9022	-628.67824	13827.35858	130.31802	666.94446	689.24722	967.91499	0.07	-1.43078	0.34884	-0.06703	-1.47422	-74.96123	0.6624	
80.0	2	24.32159	3.97524	1.16496	-18393.58247	-3872.87847	-881.12494	18817.53025	-180.69666	1038.03915	-790.5128	1317.22704	0.07	2.10987	0.44425	0.10107	2.1585	61.14335	0.60657	
80.0	8	19.18208	9.1997	3.30951	-63.28617	-3557.90379	-11.23493	3558.48433	77.60399	-2.12778	236.68676	249.09341	0.07	0.00852	0.47886	0.00151	0.47893	307.56927	28.12295	
81.0	1	24.22693	-3.82508	1.02575	-13205.00962	3213.31367	-559.13179	13601.84885	163.63457	766.51488	540.58224	952.12945	0.07	-1.40166	0.34108	-0.05935	-1.44378	-76.59863	0.96972	
81.0	2	24.32575	3.97839	1.0551	-18466.64008	-3891.43812	-801.06206	18889.19762	-215.01217	1147.9455	-619.93523	1322.24384	0.07	2.12655	0.44812	0.09225	2.17521	60.89632	0.89569	
81.0	8	19.18077	9.1997	3.2066	-55.36401	-3154.87355	-9.53597	3155.3737	71.04571	-1.87888	209.12984	220.87624	0.07	0.00752	0.42842	0.00129	0.42849	310.83878	28.43069	
82.0	1	24.23187	-3.82269	0.91667	-13047.07037	3170.16389	-493.33639	13435.74951	184.32864	823.29904	415.62746	940.50228	0.07	-1.37891	0.33505	-0.05214	-1.41998	-76.08448	1.09714	
82.0	2	24.32952	3.9823	0.9447	-18525.24782	-3907.79113	-719.31382	18946.58414	-236.77167	1211.63926	-484.5999	1326.26075	0.07	2.13938	0.45129	0.08307	2.18804	62.01811	1.01999	
82.0	8	19.18651	9.1997	3.10287	-49.18398	-2837.49825	-8.20631	2837.93635	66.08407	-1.68726	187.33423	198.65565	0.07	0.00671	0.3873	0.00112	0.38736	312.25206	28.81759	
83.0	1	24.23628	-3.82091	0.80633	-12994.62529	3153.68448	-432.31477	13378.82313	202.81213	872.94434	271.84677	936.51762	0.07	-1.36849	0.33212	-0.04553	-1.40896	-74.88585	1.28236	
83.0	2	24.33273	3.98597	0.83366	-18472.72562	-3900.47336	-633.11681	18890.63581	-254.37927	1257.03101	-322.1168	1322.34451	0.07	2.1377	0.45137	0.07327	2.18607	63.57982	1.20978	
83.0	8	19.19676	9.1997	3.01309	-41.71961	-2433.47692	-6.76461	2433.84392	58.72327	-1.45131	159.92217	170.36909	0.07	0.0057	0.33271	0.00092	0.33276	313.08015	29.2218	
84.0	1	24.23993	-3.81957	0.69621	-12981.25177	3147.57489	-372.76379	13362.59998	207.01498	881.5397	234.46105	935.38197	0.07	-1.36297	0.33048	-0.03914	-1.40301	-73.63199	1.05642	
84.0	2	24.33547	3.98948	0.72324	-18462.55172	-3901.93953	-548.64439	18878.34629	-259.10246	1265.29924	-279.65029	1321.48422	0.07	2.13918	0.4521	0.06357	2.18735	64.96962	1.00755	
84.0	8	19.20867	9.1997	2.94147	-39.60202	-2331.4104	-6.27172	2331.75515	59.05828	-1.4125	152.15725	163.22286	0.07	0.00541	0.31856	0.00086	0.3186	313.36231	29.62971	
85.0	1	24.24316	-3.81883	0.58557	-12994.27998	3148.73067	-313.71597	13374.01341	208.53994	883.43521	229.10277	936.18094	0.07	-1.36157	0.32993	-0.03287	-1.40136	-72.67124	0.79075	
85.0	2	24.33813	3.99214	0.61193	-18452.30129	-3902.41474	-464.03215	18866.1493	-261.00327	1266.19551	-269.61276	1320.63046	0.07	2.13966	0.45251	0.05381	2.18765	65.89051	0.72972	
85.0	8	19.21946	9.1997	2.88146	-38.93767	-2307.78328	-6.04303	2308.11965	61.71435	-1.43224	149.31071	161.56856	0.07	0.00532	0.31503	0.00082	0.31507	313.24367	30.00389	
86.0	1	24.2456	-3.8184	0.47427	-13084.51941	3169.36376	-255.93906	13465.32657	211.03119	889.70341	228.77342	942.57286	0.07	-1.36912	0.33163	-0.02678	-1.40896	-72.40723	0.47196	
86.0	2	24.34013	3.99399	0.50064	-18363.84601	-3885.50807	-377.85415	18774.20536	-260.74561	1258.86702	-272.71303	1314.19437	0.07	2.13019	0.45071	0.04383	2.17779	67.4915	0.44551	
86.0	8	19.2293	9.1997	2.8316	-38.61441	-2298.29317	-5.89068	2298.62508	64.59073	-1.46291	147.36266	160.90325	0.07	0.00526	0.31332	0.0008	0.31336	316.23434	30.68659	
87.0	1	24.24748	-3.81846	0.36325	-13173.86135	3190.55851	-197.19609	13556.14889	213.08492	894.35165	234.94418	948.93036	0.07	-1.3776	0.33364	-0.02062	-1.41758	-70.95986	0.20692	
87.0	2	24.34201	3.99509	0.38947	-18276.34937	-3867.94372	-292.43178	18683.45394	-260.45571	1251.54945	-276.10996	1307.8417	0.07	2.11983	0.44863	0.03392	2.16705	67.69462	0.18789	
87.0	8	19.23855	9.19973	2.79035	-38.30331	-2283.89851	-5.75878	2284.22694	67.45739	-1.49685	144.96266	159.89657	0.07	0.00521	0.31086	0.00078	0.3109	313.3872	30.82204	
88.0	1	24.24891	-3.81855	0.2515	-13323.32972	3226.77793	-138.18605	13709.20516	214.97783	896.29852	202.16051	943.62884	0.06883	-1.3937	0.33754	-0.01446	-1.43407	-70.67773	0.08926	
88.0	2	24.34345	3.99536	0.27785	-18141.62096	-3839.49253	-207.25887	18544.62376	-246.41214	1176.88074	-233.08646	1224.78428	0.06605	2.10355	0.4452	0.02403	2.15028	68.20436	0.07991	
88.0	8	19.24804	9.19978	2.75564	-36.64347	-2184.23365	-5.4405	2184.54778	67.3636	-1.47204	137.27374	152.91861	0.07	0.00498	0.29664	0.00074	0.29669	313.88131	31.20045	
89.0	1	24.24959	-3.81909	0.13985	-13475.7426	3264.50514	-77.62953	13865.73686	193.91885	803.51726	127.3449	836.33799	0.06032	-1.41072	0.34175	-0.00813	-1.45155	-71.44193	0.06786	
89.0	2	24.34441	3.9954	0.1665	-17970.95309	-3803.2024	-122.84535	18369.39287	-235.99816	1120.0184	-150.96092	1154.52395	0.06285	2.0821	0.44064	0.01423	2.12826	69.15099	0.07263	
89.0	8	19.26113	9.19978	2.72008	-33.38522	-1986.14657	-4.89157	1986.43316	63.61921	-1.37387	123.63521	139.0502	0.07	0.00452	0.2687	0.00066	0.26873	317.70261	31.82828	
90.0	1	24.24988	-3.82007	0.02835	-13705.93742	3321.78022	-15.85227	14102.73716	191.3204	789.63757	49.01326	813.96148	0.05772	-1.43715	0.34831	-0.00166	-1.47876	-71.62089	0.06351	
90.0	2	24.34516	3.99494	0.05477	-17766.01574	-3759.13559	-40.05874	18159.40584	-197.60623	934.67797	-72.53865	958.0882	0.05276	2.05581	0.43499	0.00464	2.10133	69.492	0.05615	
90.0	8	19.27815	9.19978	2.68277	-29.35313	-1740.22775	-4.23987	1740.48045	58.08291	-1.24062	107.08962	121.83328	0.07	0.00395	0.23406	0.00057	0.23409	318.8255	32.22281	
91.0	1	24.24943	-3.82122	-0.08372	-13964.48953	3386.6385	48.18116	14369.36357	151.83634	626.75607	-47.3063	646.61838	0.045	-1.46749	0.35589	0.00506	-1.51004	-70.70521	0.04613	
91.0	2	24.34521	3.99401	-0.05676	-17468.53476	-3695.10929	40.66668	17855.11672	-188.5659	891.95368	46.63328	912.85987	0.05113	2.01799	0.42686	-0.0047	2.06264	68.79986	0.05392	
91.0	8	19.29953	9.19977	2.6433	-25.23685	-1488.55722	-3.58925	1488.77546	51.48781	-1.09138	90.6007	104.21455	0.07	0.00337	0.19862	0.00048	0.19865	315.13206	32.08567	
92.0	1	24.24843	-3.82263	-0.19493	-14252.88216	3459.46494	114.82077	14667.16507	123.07358	512.147	-153.29387	548.5806	0.0374	-1.50205	0.36458	0.0121	-1.54571	-70.4356	0.03736	
92.0	2	24.34501	3.99282	-0.16812	-17168.17413	-3630.24874	118.60894	17548.19013	-161.83127	770.82579	168.13211	805.37579	0.0459	1.97914	0.41849	-0.01367	2.02295	68.74338	0.04722	
92.0	8	19.32486	9.19979	2.60198	-20.58238	-1206.00691	-2.87884	1206.18597	43.24776	-0.91119	72.51319	84.43555	0.07	0.00272	0.1593	0.00038	0.15932	314.32163	32.25423	
93.0	1	24.24696	-3.8243	-0.30711	-14579.38168	3542.27162	184.68077	15004.67145	99.62546	423.45368	-257.25634	505.39002	0.03368	-1.54172	0.37458	0.01953	-1.5867	-71.88645	0.03331	
93.0	2	24.34431	3.99101	-0.28	-16828.18137	-3556.50243	193.42041	17200.9828	-134.25978	649.85597	268.15385	715.71291	0.04161	1.9351	0.40897	-0.02224	1.97797	70.32493	0.04212	
93.0	8	19.35371	9.1998	2.55909	-16.56946	-963.18033	-2.27674	963.32554	35.56469	-0.74722	57.28332	67.42985	0.07	0.00216	0.12566	0.0003	0.12568	321.09559	33.124	
94.0	1	24.24466	-3.82648	-0.41863	-14890.90523	3622.50899	257.15051	15327.35321	55.11647	252.12794	-360.10686	443.03868	0.02891	-1.58096	0.3846	0.0273	-1.6273	-70.62915	0.02828	
94.0	2	24.34322	3.9888	-0.39123	-16475.95449	-3479.87978	264.74098	16841.51797	-121.47216	604.56315	386.93379	727.99027	0.04323	1.88893	0.39896	-0.03035	1.93084	69.30155	0.04401	
94.0	8	19.38643	9.1998	2.51402	-12.37144	-712.46928	-1.66801	712.57863	27.08915	-0.56843	41.87975	49.88044	0.07	0.00159	0.09158	0.00021	0.0916	315.85386	32.76315	
95.0	1	24.24209	-3.82859	-0.52991	-15284.34546	3723.24417	334.22312	15734.84885	39.83914	206.69651	-480.71581	524.78404	0.03335	-1.62985	0.39703	0.03564	-1.67789	-70.28242	0.03296	
95.0	2	24.34179	3.98653	-0.50253	-16101.51961	-3398.5861	332.30205	16459.63991	-74.67295	404.53298	519.08272	662.32156	0.04024	1.83986	0.38834	-0.03797	1.88078	69.18861	0.04054	
95.0	3	19.42272	9.1998	2.46765	-7.67409	-437.29622	-1.01418	437.36472	17.13317	-0.35951	25.36996	30.61551	0.07	0.00097	0.05523	0.00013	0.05524	314.7187	32.84178	
96.0	1	24.23874	-3.83108	-0.64128	-15675.78154	3824.52132	414.80814	16140.91559	-11.32932	17.77303	-592.00708	592.38215	0.0367	-1.67989	0.40985	0.04445	-1.72973	-70.09833	0.03659	
96.0	2	24.3398	3.98338	-0.61349	-15656.51853	-3301.81336	394.58929	16005.75661	-59.26465	357.57383	640.57485	736.0078	0.04598	1.78198	0.3758	-0.04491	1.82172	69.23566	0.04733	
96.0	3	19.46235	9.1998	2.42044	-3.15602	-177.74838	-0.40844	177.77686	7.14706	-0.15031	10.18621	12.44436	0.07	0.00039	0.02199	5e-05	0.022	314.31568	32.94519	
97.0	1	24.23483	-3.83394	-0.75249	-16098.82803	3934.5948	499.839	16580.20323	-34.03629	-52.71044	-681.31967	684.20272	0.04127	-1.73434	0.42388	0.05385	-1.7862	-69.84393	0.04172	
97.0	2	24.3375	3.98038	-0.72451	-15222.62344	-3207.65985	452.99566	15563.50061	-30.08527	246.79009	736.52327	777.35255	0.04995	1.72512	0.36351	-0.05134	1.76375	69.18817	0.05235	
98.0	1	24.23053	-3.83672	-0.86296	-16609.92957	4067.0349	591.68905	17110.83367	-49.41237	-101.79844	-687.38484	696.63651	0.04071	-1.79975	0.44068	0.06411	-1.85403	-69.51541	0.04109	
98.0	2	24.33473	3.97646	-0.83462	-14690.58993	-3092.28813	503.89224	15020.97153	-25.70582	243.23778	743.2694	782.47991	0.05209	1.65674	0.34874	-0.05683	1.694	68.89542	0.05523	
99.0	1	24.22548	-3.83992	-0.97354	-17079.94441	4190.71308	686.46164	17599.93769	-71.56194	-178.20799	-692.61765	718.74781	0.04084	-1.86195	0.45685	0.07483	-1.91864	-69.20453	0.04123	
99.0	2	24.33156	3.97218	-0.94526	-14188.60962	-2983.23934	551.02496	14509.30696	-28.11308	271.04447	743.53268	791.89412	0.05458	1.59154	0.33463	-0.06181	1.62751	68.62863	0.05873	
100.0	1	24.22009	-3.84355	-1.08354	-17665.27847	4344.1193	790.37798	18208.73783	-60.15435	-116.325	-705.12308	717.18101	0.03939	-1.93833	0.47666	0.08672	-1.99796	-69.13486	0.03958	
100.0	2	24.32818	3.96734	-1.0548	-13623.66064	-2860.76813	590.62011	13933.30383	2.04409	147.49565	761.57043	775.72461	0.05567	1.51895	0.31896	-0.06585	1.55347	68.61385	0.06035	
101.0	1	24.21399	-3.84697	-1.1933	-18203.17484	4486.80579	897.164	18769.44069	-86.84889	-212.66438	-698.58095	735.38032	0.03918	-2.01057	0.49558	0.09909	-2.07312	-68.99657	0.03934	
101.0	2	24.32415	3.96226	-1.16429	-13045.01631	-2735.60633	624.35813	13343.38096	-3.00635	186.85877	755.90295	778.662	0.05836	1.44507	0.30304	-0.06916	1.47812	68.51208	0.06454	
102.0	1	24.20743	-3.85093	-1.30228	-18785.14868	4642.04476	1010.86104	19376.58975	-86.5201	-196.71786	-704.46853	736.51854	0.03801	-2.08923	0.51628	0.11243	-2.15501	-68.70663	0.03803	
102.0	2	24.32006	3.95627	-1.27318	-12466.29606	-2610.11293	652.62824	12753.3192	17.45222	106.88982	760.86042	768.53015	0.06026	1.37081	0.28701	-0.07176	1.40237	68.29205	0.06776	
103.0	1	24.20044	-3.85475	-1.41142	-19442.84766	4817.22114	1133.96067	20062.7967	-97.24105	-227.65969	-700.16169	742.63796	0.03702	-2.17791	0.53961	0.12702	-2.24735	-68.33479	0.03693	
103.0	2	24.3154	3.94967	-1.38195	-11794.48933	-2465.18778	670.22591	12067.98791	28.86133	67.65773	756.75022	760.31667	0.063	1.28672	0.26894	-0.07312	1.31656	67.98822	0.07294	
104.0	1	24.19289	-3.85864	-1.51938	-19433.67234	4826.98582	1220.58542	20061.33698	-99.82713	-224.52634	-701.48497	743.27565	0.03705	-2.19045	0.54407	0.13758	-2.2612	-68.73773	0.03697	
104.0	2	24.31027	3.9439	-1.48952	-11798.28267	-2462.35088	722.90622	12074.15584	35.25358	53.37379	757.16143	759.85855	0.06293	1.27765	0.26665	-0.07828	1.30753	68.39117	0.07279	
105.0	1	24.18552	-3.86085	-1.62696	-19452.03	4840.02563	1308.60783	20087.80161	-82.35701	-140.25249	-705.47144	723.97748	0.03604	-2.2019	0.54787	0.14813	-2.27386	-68.21636	0.03586	
105.0	2	24.30434	3.93957	-1.59686	-11806.82689	-2461.6321	775.70155	12085.63224	58.86757	-44.97687	753.2829	756.91706	0.06263	1.27167	0.26513	-0.08355	1.3017	67.87513	0.07218	
106.0	1	24.17749	-3.86288	-1.7336	-19453.26146	4847.5559	1395.0638	20096.62616	-100.3321	-199.43276	-706.07894	740.53186	0.03685	-2.20935	0.55055	0.15844	-2.28242	-67.00192	0.03675	
106.0	2	24.2977	3.93639	-1.70338	-11771.55814	-2452.68091	825.19048	12052.64138	54.0273	-2.29342	763.89689	765.80851	0.06354	1.26253	0.26306	-0.0885	1.29268	66.72932	0.07405	
107.0	1	24.16939	-3.86403	-1.84021	-19507.99874	4866.6023	1485.2148	20160.6472	-84.09686	-123.70661	-699.24601	715.06685	0.03547	-2.22074	0.554	0.16907	-2.29504	-67.25138	0.03524	
107.0	2	24.29067	3.93406	-1.80915	-11741.93827	-2445.57076	874.55284	12025.75459	73.52569	-83.02107	755.01465	763.11575	0.06346	1.25554	0.2615	-0.09351	1.28589	66.9604	0.07387	
107.0	3	20.06527	9.1998	1.89279	-0.42294	-20.44559	-0.04176	20.45001	0.96684	-0.02216	1.05529	1.4314	0.07	3e-05	0.00153	0.0	0.00154	301.70793	30.67454	
108.0	1	24.16087	-3.86511	-1.94524	-19583.36758	4890.5014	1577.00414	20246.28933	-88.50602	-141.93361	-658.91994	679.81906	0.03358	-2.23381	0.55784	0.17988	-2.30943	-66.33069	0.0332	
108.0	2	24.28289	3.93194	-1.91438	-11635.48494	-2422.71359	917.29519	11920.38092	59.80138	-18.78639	708.9365	711.70225	0.0597	1.24071	0.25834	-0.09781	1.27109	65.9364	0.0668	
108.0	3	20.08567	9.1998	1.8707	-2.35248	-113.14735	-0.22944	113.17203	5.40061	-0.12404	5.79454	7.92203	0.07	0.00017	0.00829	2e-05	0.00829	297.30891	30.27584	
109.0	1	24.15195	-3.866	-2.05034	-19652.34085	4912.37058	1668.30236	20325.57793	-80.69072	-106.2763	-637.59008	651.40368	0.03205	-2.24538	0.56126	0.19061	-2.3223	-65.97762	0.03157	
109.0	2	24.27489	3.93029	-2.01893	-11575.41156	-2409.85081	962.61218	11862.72127	66.22599	-43.58421	687.25666	691.81442	0.05832	1.23145	0.25637	-0.10241	1.26202	65.54753	0.06448	
109.0	3	20.10303	9.1998	1.85054	-3.33952	-159.93991	-0.32204	159.9751	7.72336	-0.17759	8.10673	11.19825	0.07	0.00024	0.01147	2e-05	0.01147	295.61565	30.2414	
110.0	1	24.14279	-3.86676	-2.15395	-19727.84408	4935.60217	1760.29642	20411.92408	-74.3517	-80.5767	-607.3433	617.16016	0.03024	-2.25743	0.56477	0.20143	-2.33571	-65.54302	0.02967	
110.0	2	24.26632	3.9287	-2.12217	-11488.48593	-2391.53067	1004.77682	11777.7037	66.79725	-46.3097	653.52637	658.56144	0.05592	1.21962	0.25389	-0.10667	1.25032	65.04492	0.06071	
110.0	3	20.11836	9.1998	1.83187	-4.71527	-224.99502	-0.44992	225.04487	10.97306	-0.25256	11.30001	15.75316	0.07	0.00033	0.01582	3e-05	0.01583	293.49084	30.13941	
111.0	1	24.13312	-3.86742	-2.25728	-19778.85443	4952.55483	1850.08312	20473.24326	-76.939	-83.40419	-599.27114	609.91948	0.02979	-2.26611	0.56742	0.21197	-2.34566	-65.03292	0.0292	
111.0	2	24.25736	3.92761	-2.22545	-11423.91764	-2378.21323	1047.91626	11715.79792	70.35874	-53.69787	645.15408	651.19705	0.05558	1.21045	0.25199	-0.11103	1.24138	64.54077	0.06021	
111.0	3	20.13192	9.1998	1.81451	-5.16495	-245.65787	-0.48798	245.71264	12.12308	-0.27912	12.19792	17.19989	0.07	0.00036	0.01698	3e-05	0.01698	291.18455	30.09146	
112.0	1	24.12334	-3.86815	-2.35959	-19872.90042	4980.16739	1943.89825	20579.43096	-58.50534	-9.00253	-575.04899	578.08759	0.02809	-2.27955	0.57126	0.22298	-2.36059	-65.01904	0.02744	
112.0	2	24.24802	3.9268	-2.32683	-11358.32049	-2364.90333	1090.05052	11653.00057	83.6601	-119.46448	612.55539	629.67839	0.05404	1.20142	0.25015	-0.1153	1.23259	64.46119	0.05795	
112.0	3	20.14375	9.1998	1.79859	-6.21095	-294.59175	-0.58147	294.65779	14.68663	-0.33822	14.47743	20.6254	0.07	0.00042	0.02004	4e-05	0.02005	290.94439	30.21153	
113.0	1	24.11295	-3.86859	-2.4608	-19900.14393	4990.86457	2031.01598	20616.72824	-81.979	-93.97648	-572.3096	585.7392	0.02841	-2.28486	0.57303	0.23319	-2.36714	-63.97881	0.02777	
113.0	2	24.23817	3.92604	-2.42839	-11279.13066	-2348.84941	1129.8818	11576.37745	74.75503	-62.3551	616.62116	624.25806	0.05393	1.19108	0.24804	-0.11932	1.22247	63.46036	0.05779	
113.0	3	20.1548	9.1998	1.78327	-6.20643	-293.62286	-0.57592	293.68901	14.80684	-0.34094	14.25764	20.55819	0.07	0.00042	0.01969	4e-05	0.01969	286.33349	29.96926	
114.0	1	24.10242	-3.86925	-2.56144	-19975.86859	5013.79029	2122.86226	20704.58798	-71.75586	-48.33405	-561.05804	567.68936	0.02742	-2.29579	0.57623	0.24398	-2.37955	-63.39858	0.02675	
114.0	2	24.22819	3.92522	-2.52805	-11216.34657	-2336.20372	1170.39265	11516.68777	88.20755	-121.52129	602.76176	621.18414	0.05394	1.18267	0.24633	-0.12341	1.21434	62.87413	0.05781	
114.0	3	20.16459	9.1998	1.76902	-6.68454	-315.53835	-0.61518	315.60975	16.08212	-0.37022	15.14314	22.09268	0.07	0.00044	0.02088	4e-05	0.02088	283.69077	29.90538	
115.0	1	24.09147	-3.86959	-2.66062	-20010.88195	5026.34446	2210.15454	20750.52573	-93.29407	-125.8374	-558.51047	580.06274	0.02795	-2.3017	0.57814	0.25422	-2.38677	-62.86335	0.0273	
115.0	2	24.21767	3.92451	-2.62752	-11135.6234	-2319.92609	1208.04702	11438.68625	80.66538	-73.01188	603.35167	613.08309	0.0536	1.17248	0.24427	-0.1272	1.20439	62.35872	0.05732	
115.0	3	20.17415	9.1998	1.75514	-6.6996	-315.55744	-0.61156	315.62914	16.25055	-0.37402	14.96414	22.09402	0.07	0.00044	0.0206	4e-05	0.02061	281.31152	29.8738	
116.0	1	24.08029	-3.87015	-2.7593	-20074.72755	5046.24043	2300.32098	20826.68253	-87.59454	-94.00962	-558.201	572.79924	0.0275	-2.31099	0.58092	0.26481	-2.39755	-62.2031	0.02684	
116.0	2	24.20707	3.92399	-2.72537	-11080.16573	-2309.03192	1247.48099	11386.74272	95.9843	-135.81995	601.13886	623.72107	0.05478	1.16498	0.24277	-0.13116	1.19721	61.72728	0.05902	
116.0	3	20.18273	9.1998	1.74217	-6.70846	-315.36516	-0.60769	315.43709	16.41754	-0.37768	14.76059	22.08061	0.07	0.00043	0.02035	4e-05	0.02035	278.38559	29.81467	
117.0	1	24.06878	-3.87051	-2.85654	-20115.62197	5060.3647	2387.5234	20879.31527	-106.70455	-162.39416	-554.82377	587.8666	0.02816	-2.31752	0.583	0.27507	-2.4055	-61.54485	0.02751	
117.0	2	24.19594	3.92336	-2.8227	-10995.18797	-2291.95712	1282.59604	11304.52469	90.21224	-96.62444	600.68911	615.06255	0.05441	1.1545	0.24066	-0.13467	1.18698	61.0885	0.05849	
117.0	3	20.19152	9.1998	1.72924	-6.77035	-317.63336	-0.60858	317.70609	16.69249	-0.38395	14.69032	22.23943	0.07	0.00043	0.02024	4e-05	0.02024	275.45309	29.71889	
118.0	1	24.05707	-3.87088	-2.95307	-20176.35144	5079.42045	2476.7081	20952.79821	-101.84233	-131.74232	-559.46523	583.72017	0.02786	-2.32626	0.58564	0.28556	-2.41578	-61.77423	0.0272	
118.0	2	24.18479	3.92302	-2.91854	-10942.92943	-2281.87076	1320.54366	11256.04167	107.69113	-169.10939	600.18516	632.78558	0.05622	1.14733	0.23925	-0.13845	1.18016	61.33474	0.06117	
118.0	3	20.19958	9.1998	1.71695	-6.51683	-305.17939	-0.58152	305.24952	16.20555	-0.37258	13.92027	21.36663	0.07	0.00041	0.01922	4e-05	0.01922	276.49827	30.09981	
119.0	1	24.04508	-3.8713	-3.04823	-20231.98461	5097.41457	2564.90615	21021.31252	-119.89341	-196.31771	-555.56377	601.30373	0.0286	-2.33452	0.58818	0.29596	-2.4256	-60.27229	0.02797	
119.0	2	24.17311	3.92247	-3.0135	-10853.95747	-2264.04972	1353.04552	11169.82749	102.52731	-132.22753	601.20477	624.0538	0.05587	1.13656	0.23708	-0.14168	1.16964	59.87336	0.06064	
119.0	3	20.20797	9.19981	1.70437	-6.68314	-312.35976	-0.59194	312.43181	16.72955	-0.38462	14.08105	21.87011	0.07	0.00042	0.01943	4e-05	0.01943	269.82114	29.58738	
120.0	1	24.03288	-3.87171	-3.14241	-20292.595	5116.63778	2653.36402	21095.25384	-118.43664	-176.86357	-564.73214	603.515	0.02861	-2.34314	0.59081	0.30638	-2.43582	-59.65591	0.02798	
120.0	2	24.16151	3.92186	-3.10728	-10799.16706	-2253.31824	1388.79168	11118.82164	119.70174	-197.18501	610.86088	652.96359	0.05873	1.12915	0.2356	-0.14521	1.16257	59.32333	0.06515	
120.0	3	20.21572	9.19982	1.69241	-6.36427	-296.92346	-0.55973	296.99219	16.06009	-0.36911	13.19625	20.78952	0.07	0.00039	0.01826	3e-05	0.01826	267.1857	29.57479	
121.0	1	24.02043	-3.87222	-3.2353	-20348.20038	5134.84191	2740.7703	21164.30207	-132.29109	-227.45053	-556.0346	615.1497	0.02907	-2.35138	0.59337	0.31672	-2.44569	-58.57143	0.02845	
121.0	2	24.14937	3.92131	-3.2	-10709.18059	-2235.32035	1418.98775	11031.62419	116.56829	-174.76218	604.44597	639.91009	0.05801	1.11834	0.23343	-0.14818	1.15201	58.25186	0.06397	
121.0	3	20.22374	9.19983	1.68042	-6.55082	-305.04806	-0.57203	305.11893	16.62788	-0.38221	13.39975	21.35851	0.07	0.0004	0.01853	3e-05	0.01853	262.32074	29.24072	
122.0	1	24.00778	-3.87265	-3.32706	-20403.87222	5152.99184	2827.72479	21233.63733	-133.7521	-215.88238	-571.70369	625.57169	0.02946	-2.35935	0.59585	0.32698	-2.4553	-57.30499	0.02886	
122.0	2	24.13734	3.9209	-3.29144	-10653.7046	-2224.59419	1452.72152	10980.01097	134.1463	-239.02301	617.75489	675.83159	0.06155	1.11078	0.23194	-0.15146	1.1448	57.09174	0.0701	
122.0	3	20.23129	9.19982	1.66902	-6.03654	-280.5947	-0.52353	280.66011	15.44224	-0.35487	12.14114	19.64678	0.07	0.00036	0.01684	3e-05	0.01685	256.84973	28.92145	
123.0	1	23.99488	-3.87324	-3.41769	-20457.22164	5170.89799	2913.85312	21300.86015	-152.1883	-284.37598	-563.81377	649.55134	0.03049	-2.36737	0.59839	0.3372	-2.465	-57.3286	0.02994	
123.0	2	24.1248	3.92032	-3.38177	-10556.21382	-2205.02376	1479.65687	10885.08908	127.81621	-200.07793	613.70897	658.03257	0.06045	1.09916	0.2296	-0.15407	1.1334	57.09887	0.0681	
123.0	3	20.23937	9.19982	1.65736	-6.23518	-289.25639	-0.53695	289.32409	16.02504	-0.36841	12.37872	20.25266	0.07	0.00037	0.01714	3e-05	0.01715	256.89318	29.11069	
124.0	1	23.98191	-3.87377	-3.50687	-20517.28405	5190.3831	3000.40071	21375.25265	-152.56984	-273.97595	-569.35013	649.99995	0.03041	-2.37589	0.60104	0.34745	-2.47525	-55.33474	0.02985	
124.0	2	24.11237	3.91984	-3.47072	-10490.54742	-2192.13827	1509.936	10822.98305	143.14817	-257.309	620.98378	687.25554	0.0635	1.09054	0.22788	-0.15697	1.1251	55.21651	0.07396	
124.0	3	20.24676	9.19983	1.64651	-5.94167	-275.13911	-0.5083	275.20373	15.37331	-0.35343	11.60487	19.26491	0.07	0.00035	0.01611	3e-05	0.01612	248.16914	28.38952	
125.0	1	23.96869	-3.87435	-3.5951	-20573.64397	5209.17451	3085.91391	21446.05302	-168.78076	-329.35251	-569.29023	679.00765	0.03166	-2.38428	0.60369	0.35763	-2.48538	-55.6399	0.03116	
125.0	2	24.09956	3.91941	-3.55848	-10399.33273	-2173.95643	1535.47395	10734.51853	141.13275	-237.1569	620.08066	678.72076	0.06323	1.07958	0.22568	-0.1594	1.11438	55.5166	0.0734	
125.0	3	20.25464	9.19984	1.63543	-5.98824	-276.74432	-0.50881	276.80956	15.5631	-0.35797	11.53748	19.37657	0.07	0.00035	0.016	3e-05	0.016	249.49945	28.73171	
126.0	1	23.95543	-3.87499	-3.68173	-20627.50127	5227.35708	3170.45191	21514.4332	-164.79432	-301.94439	-574.34209	669.47474	0.03112	-2.39202	0.60618	0.36765	-2.49488	-54.83358	0.03059	
126.0	2	24.08682	3.91902	-3.64499	-10326.4875	-2159.63799	1562.60842	10664.99533	158.62563	-308.25339	622.24792	712.3024	0.06679	1.07017	0.22381	-0.16194	1.10525	54.80831	0.08196	
126.0	3	20.26191	9.19985	1.62515	-5.79742	-267.42664	-0.48946	267.48992	15.15383	-0.34863	10.99268	18.72429	0.07	0.00033	0.01527	3e-05	0.01527	246.07145	28.59688	
127.0	1	23.9419	-3.87561	-3.76739	-20661.67381	5240.71114	3251.25781	21562.47888	-178.49664	-349.02362	-571.75025	693.23653	0.03215	-2.39758	0.60813	0.37728	-2.50211	-54.00627	0.03168	
127.0	2	24.07381	3.9185	-3.73002	-10225.01118	-2139.25956	1584.25916	10565.84886	158.60387	-297.64839	621.72856	707.31616	0.06694	1.05794	0.22134	-0.16392	1.0932	54.01615	0.08242	
127.0	3	20.26968	9.19986	1.61474	-5.80489	-267.22022	-0.48691	267.28371	15.23701	-0.35077	10.85215	18.70985	0.07	0.00033	0.01506	3e-05	0.01506	242.4096	28.37206	
128.0	1	23.92844	-3.87647	-3.85134	-20699.25451	5255.07807	3331.8145	21614.25388	-168.66568	-307.0458	-563.56806	663.57682	0.0307	-2.40332	0.61015	0.38685	-2.50956	-53.06939	0.03015	
128.0	2	24.06071	3.91834	-3.81401	-10122.61642	-2118.88526	1604.51743	10465.73046	173.56159	-367.68117	609.41886	732.60113	0.07	1.04547	0.21884	-0.16572	1.08091	53.30802	0.10374	
128.0	3	20.27647	9.19987	1.60562	-6.075	-279.13819	-0.50664	279.20475	16.01778	-0.36892	11.19265	19.54433	0.07	0.00034	0.01554	3e-05	0.01555	238.6789	28.1852	
129.0	1	23.91461	-3.87744	-3.93433	-20677.65807	5254.69979	3401.83623	21604.39545	-179.9714	-347.58994	-557.02454	680.79719	0.03151	-2.40151	0.61028	0.39509	-2.50914	-52.01719	0.031	
129.0	2	24.04755	3.91823	-3.89615	-9990.46673	-2092.30319	1618.69215	10334.76281	172.86675	-357.66895	604.60391	723.4334	0.07	1.02962	0.21563	-0.16682	1.0651	52.67274	0.13492	
129.0	3	20.28291	9.19987	1.59898	-6.2062	-284.58588	-0.51535	284.65401	16.42927	-0.37869	11.26821	19.92578	0.07	0.00034	0.01566	3e-05	0.01566	234.84655	28.01259	
130.0	1	23.90089	-3.87899	-4.0157	-20669.4611	5258.16276	3472.86984	21608.69553	-172.51726	-327.89985	-530.30721	646.92059	0.02994	-2.40105	0.61081	0.40342	-2.51016	-50.94303	0.02936	
130.0	2	24.03409	3.91878	-3.97749	-9841.5284	-2062.5788	1628.63037	10186.38058	175.46863	-382.97846	575.3032	713.04664	0.07	1.01202	0.2121	-0.16747	1.04748	52.13425	0.18375	
130.0	3	20.28783	9.19988	1.59543	-7.08085	-324.09758	-0.58656	324.17545	18.80639	-0.43385	12.69137	22.69228	0.07	0.00039	0.01767	3e-05	0.01767	231.15464	27.85291	
131.0	1	23.88671	-3.88062	-4.09582	-20596.45604	5245.38423	3531.69732	21545.323	-187.52781	-382.69908	-525.24448	676.39266	0.03139	-2.39217	0.60922	0.41019	-2.50237	-49.77841	0.03088	
131.0	2	24.02072	3.91972	-4.05681	-9691.68923	-2032.82382	1636.87868	10036.96093	173.88864	-367.77624	572.82826	702.58725	0.07	0.99378	0.20845	-0.16785	1.02919	51.46936	0.21993	
131.0	3	20.29196	9.19988	1.59543	-6.84441	-312.64505	-0.56682	312.72047	18.26042	-0.42163	12.06527	21.89045	0.07	0.00037	0.0169	3e-05	0.0169	226.96389	27.69369	
132.0	1	23.87263	-3.88282	-4.17462	-20532.86736	5235.44232	3590.51313	21491.86551	-178.55877	-360.65381	-495.23321	638.13035	0.02969	-2.3843	0.60795	0.41693	-2.49566	-48.85022	0.0291	
132.0	2	24.00696	3.92105	-4.13516	-9519.87723	-1998.66249	1639.77821	9864.66354	175.497	-392.73665	540.17174	690.52645	0.07	0.97339	0.20436	-0.16766	1.00865	50.73324	0.24466	
132.0	3	20.29508	9.19987	1.59732	-7.70182	-351.14793	-0.63839	351.23296	20.60581	-0.47632	13.40376	24.58631	0.07	0.00041	0.01885	3e-05	0.01886	223.12402	27.45825	
133.0	1	23.85836	-3.88535	-4.25168	-20380.00113	5202.95456	3631.94107	21344.93332	-177.21626	-363.54912	-473.61399	622.80316	0.02918	-2.36461	0.60368	0.4214	-2.47657	-49.76923	0.02857	
133.0	2	23.99325	3.92339	-4.21206	-9321.74437	-1959.44773	1636.40989	9664.99823	175.11378	-404.30216	513.4147	676.54987	0.07	0.94978	0.19965	-0.16673	0.98476	52.23684	0.30571	
133.0	3	20.29625	9.19987	1.60332	-8.04877	-366.32787	-0.66945	366.41689	21.62361	-0.50029	13.78468	25.64855	0.07	0.00043	0.0196	4e-05	0.01961	228.40706	28.47996	
134.0	1	23.84392	-3.88838	-4.32768	-20295.61226	5188.42442	3683.58389	21269.70651	-179.97794	-381.13455	-454.79476	620.0757	0.02915	-2.3526	0.60142	0.42699	-2.46551	-46.14597	0.02854	
134.0	2	23.97928	3.92599	-4.28704	-9160.57869	-1928.08527	1637.79878	9503.47828	174.33511	-405.50929	497.71315	665.24349	0.07	0.92977	0.1957	-0.16623	0.96458	48.49391	0.29093	
134.0	3	20.2969	9.19986	1.61079	-8.36909	-380.22514	-0.69909	380.31788	22.55186	-0.52238	14.13953	26.62303	0.07	0.00045	0.0203	4e-05	0.0203	211.75896	26.62991	
135.0	1	23.82978	-3.89101	-4.40171	-20333.17029	5204.54152	3756.02311	21322.11941	-203.11825	-459.27719	-463.17893	683.17441	0.03204	-2.35515	0.60283	0.43505	-2.46969	-46.1512	0.03156	
135.0	2	23.96538	3.92847	-4.36141	-9082.52956	-1914.07485	1652.75963	9428.02419	172.93845	-377.9933	512.60393	659.96169	0.07	0.91868	0.19361	-0.16717	0.95363	48.34399	0.26625	
135.0	3	20.29764	9.19986	1.6169	-7.93517	-359.92522	-0.66516	360.0133	21.44273	-0.49719	13.23061	25.20093	0.07	0.00042	0.01916	4e-05	0.01917	211.29606	26.75364	
136.0	1	23.81556	-3.89306	-4.47474	-20364.05252	5218.57948	3826.24558	21367.46036	-233.49825	-559.88808	-479.09895	773.00187	0.03618	-2.35774	0.60421	0.443	-2.47392	-45.26523	0.03601	
136.0	2	23.9519	3.93011	-4.43326	-9008.16134	-1900.33026	1667.37868	9356.1946	170.09722	-336.38431	535.58433	654.93362	0.07	0.90825	0.1916	-0.16811	0.94334	47.38809	0.24402	
136.0	3	20.29984	9.19985	1.62151	-7.2487	-328.14415	-0.60915	328.22477	19.63972	-0.45596	11.9146	22.97573	0.07	0.00038	0.01738	3e-05	0.01738	207.07144	26.42225	
137.0	1	23.8017	-3.89497	-4.54607	-20421.38583	5239.19017	3900.47609	21440.51833	-246.43235	-606.52125	-475.53425	809.15373	0.03774	-2.36421	0.60655	0.45156	-2.4822	-44.3894	0.03773	
137.0	2	23.93837	3.93106	-4.50444	-8923.43915	-1884.00955	1679.05646	9273.42918	169.54255	-326.23839	534.98284	649.14005	0.07	0.89699	0.18938	-0.16878	0.93217	46.36447	0.22834	
137.0	3	20.30251	9.19985	1.62456	-7.26831	-328.40519	-0.61176	328.48618	19.7314	-0.45868	11.79776	22.99404	0.07	0.00038	0.01728	3e-05	0.01729	202.7436	26.02613	
138.0	1	23.78784	-3.89644	-4.6157	-20447.42268	5251.43572	3967.73651	21480.63324	-273.65722	-698.14864	-486.24756	893.72059	0.04161	-2.36714	0.60795	0.45933	-2.48676	-43.25381	0.04211	
138.0	2	23.92514	3.93202	-4.5739	-8840.23679	-1867.96253	1689.96589	9192.11919	165.91087	-285.59109	552.21109	643.44834	0.07	0.8863	0.18728	-0.16943	0.92158	45.65771	0.24998	
138.0	3	20.30546	9.19985	1.62769	-6.80453	-306.82987	-0.57364	306.90585	18.5167	-0.43099	10.88499	21.48341	0.07	0.00036	0.01604	3e-05	0.01604	198.55442	25.77097	
139.0	1	23.77407	-3.89796	-4.6842	-20492.13576	5268.59974	4037.57044	21540.3748	-288.05573	-750.16374	-483.10354	937.60907	0.04353	-2.37304	0.61012	0.46756	-2.49443	-42.34759	0.04437	
139.0	2	23.91188	3.93249	-4.6416	-8751.89575	-1850.57022	1698.83567	9105.29143	164.63981	-271.1246	552.8347	637.3704	0.07	0.87504	0.18503	-0.16986	0.91038	44.48856	0.22443	
139.0	3	20.30881	9.19985	1.63115	-6.76237	-304.25707	-0.57108	304.33274	18.42574	-0.42958	10.68364	21.30335	0.07	0.00035	0.01578	3e-05	0.01579	193.85598	25.28068	
140.0	1	23.76066	-3.89937	-4.75076	-20492.38591	5274.06909	4097.52841	21553.26945	-281.2471	-732.88089	-463.24505	911.48796	0.04229	-2.37332	0.61081	0.47455	-2.49619	-41.53522	0.04291	
140.0	2	23.89881	3.93275	-4.70806	-8627.5496	-1825.40142	1699.5752	8980.82726	167.27881	-300.83843	526.04633	628.65785	0.07	0.86034	0.18203	-0.16948	0.89557	43.89412	0.24938	
140.0	3	20.31159	9.19984	1.63456	-7.36814	-330.85589	-0.62333	330.93851	20.10486	-0.4694	11.49784	23.16519	0.07	0.00038	0.01705	3e-05	0.01705	190.66331	25.07129	
141.0	1	23.7469	-3.90135	-4.81599	-20311.04623	5233.39739	4119.32161	21375.12241	-271.08972	-712.81572	-431.05836	876.0178	0.04098	-2.35155	0.60591	0.47692	-2.47474	-39.59839	0.0414	
141.0	2	23.88573	3.93474	-4.7727	-8423.42345	-1784.16473	1683.07577	8773.25768	167.20264	-321.95181	495.52346	614.12799	0.07	0.83734	0.17736	-0.16731	0.87211	42.95562	0.3378	
141.0	3	20.31262	9.19984	1.64272	-7.97801	-357.51309	-0.67804	357.60274	21.82028	-0.51017	12.25675	25.03223	0.07	0.00041	0.01835	3e-05	0.01836	184.14524	24.6243	
142.0	1	23.73317	-3.90433	-4.87983	-20127.36425	5192.89179	4138.34459	21194.40523	-247.48845	-652.82831	-384.50724	797.04527	0.03761	-2.32822	0.60069	0.4787	-2.45165	-38.75907	0.03759	
142.0	2	23.87224	3.93772	-4.83583	-8205.80299	-1740.49847	1662.17055	8551.45301	167.34736	-365.03377	443.92482	598.60174	0.07	0.81215	0.17226	-0.16451	0.84636	42.04735	0.35966	
142.0	3	20.31187	9.19983	1.65389	-9.09027	-406.59225	-0.77753	406.6946	24.90132	-0.58309	13.78584	28.46867	0.07	0.00047	0.02086	4e-05	0.02087	180.10835	24.27239	
143.0	1	23.71961	-3.90789	-4.94154	-19962.32529	5157.44337	4158.95786	21033.08307	-236.03009	-630.37158	-351.19461	759.22078	0.0361	-2.30579	0.59572	0.48039	-2.42947	-37.52227	0.03592	
143.0	2	23.85887	3.94206	-4.897	-8013.57612	-1702.7229	1644.77136	8355.95239	165.55343	-384.98933	408.04752	584.91666	0.07	0.78946	0.16774	-0.16203	0.82318	40.89851	0.38726	
143.0	3	20.30912	9.19982	1.66693	-9.77892	-436.73839	-0.84278	436.84867	26.84945	-0.6294	14.62281	30.57966	0.07	0.0005	0.0225	4e-05	0.0225	174.62175	23.77893	
144.0	1	23.70594	-3.91131	-5.00217	-19961.50636	5164.37334	4212.07656	21044.57358	-269.05541	-731.08359	-378.7117	866.19662	0.04116	-2.3023	0.59564	0.48581	-2.42722	-38.21935	0.0416	
144.0	2	23.84571	3.94632	-4.95701	-7943.58968	-1690.76886	1651.25706	8287.69969	164.19078	-345.23225	436.36832	580.13898	0.07	0.77883	0.16577	-0.1619	0.81257	41.6681	0.3665	
144.0	3	20.30688	9.19982	1.67975	-8.8915	-396.42297	-0.77194	396.52343	24.44498	-0.57386	13.13335	27.75556	0.07	0.00046	0.02047	4e-05	0.02048	177.71701	24.38062	
145.0	1	23.69271	-3.91439	-5.06114	-19982.12373	5176.4913	4268.38102	21078.43465	-282.40142	-782.68783	-372.83536	911.78781	0.04326	-2.30273	0.59654	0.49189	-2.42907	-36.05219	0.04405	
145.0	2	23.83269	3.94944	-5.01548	-7860.88724	-1675.5181	1654.16641	8205.92321	163.1526	-330.47026	440.59371	574.41464	0.07	0.76737	0.16356	-0.16148	0.80105	39.11643	0.32107	
145.0	3	20.30589	9.19982	1.69045	-8.74726	-389.27692	-0.76401	389.37594	24.06397	-0.56583	12.78731	27.25638	0.07	0.00045	0.02011	4e-05	0.02012	167.08737	23.01261	
146.0	1	23.67993	-3.9169	-5.11813	-20006.54458	5188.89651	4324.29833	21116.01357	-296.99817	-833.47736	-373.95186	960.58962	0.04549	-2.30396	0.59755	0.49799	-2.43172	-35.18605	0.04673	
146.0	2	23.82023	3.95208	-5.07177	-7781.49456	-1660.68039	1656.86064	8127.40451	161.97956	-314.36647	445.65054	568.91833	0.07	0.75672	0.1615	-0.16112	0.79036	38.20364	0.30904	
146.0	3	20.30511	9.19982	1.69994	-8.67033	-385.19163	-0.76132	385.28995	23.86977	-0.56208	12.54251	26.97029	0.07	0.00045	0.0199	4e-05	0.01991	163.02523	22.60037	
147.0	1	23.66718	-3.91899	-5.17391	-20006.19119	5194.60163	4373.59978	21127.23235	-321.20649	-913.64445	-384.14569	1041.8674	0.04931	-2.30264	0.59788	0.50339	-2.43167	-33.9954	0.05153	
147.0	2	23.80817	3.95387	-5.12702	-7702.90088	-1645.54365	1658.82465	8049.48415	159.33837	-279.64764	462.49328	563.46388	0.07	0.74629	0.15943	-0.16071	0.77987	37.39893	0.32381	
147.0	3	20.30502	9.19981	1.7093	-8.19942	-363.56069	-0.72369	363.65386	22.59315	-0.53287	11.71583	25.45575	0.07	0.00042	0.01875	4e-05	0.01876	158.50924	22.20783	
148.0	1	23.65473	-3.92118	-5.22817	-20012.04418	5201.99521	4422.96962	21144.86526	-326.73923	-937.51153	-375.71803	1061.53212	0.0502	-2.30276	0.59859	0.50895	-2.43311	-32.7763	0.05269	
148.0	2	23.79605	3.95533	-5.18099	-7608.50815	-1626.85623	1656.47574	7954.8708	158.94879	-282.11867	453.00794	556.84096	0.07	0.73453	0.15706	-0.15992	0.76797	35.78415	0.29219	
148.0	3	20.30543	9.1998	1.71805	-8.25452	-365.25147	-0.73203	365.34546	22.752	-0.53757	11.66632	25.57432	0.07	0.00042	0.0188	4e-05	0.0188	152.14062	21.39149	
149.0	1	23.64276	-3.92317	-5.28048	-20018.26479	5209.05458	4471.01778	21162.58904	-325.5271	-943.35162	-358.42345	1060.35256	0.05011	-2.30286	0.59924	0.51434	-2.4345	-32.22551	0.05256	
149.0	2	23.78438	3.95679	-5.23267	-7512.52227	-1607.77811	1652.80672	7858.41659	158.98031	-293.06503	437.53426	550.08916	0.07	0.72292	0.15471	-0.15905	0.75621	35.08905	0.28498	
149.0	3	20.30534	9.1998	1.72625	-8.62416	-380.92397	-0.76824	381.02236	23.77756	-0.56267	12.06953	26.67138	0.07	0.00044	0.01958	4e-05	0.01958	149.30613	21.08647	
150.0	1	23.63079	-3.92497	-5.33125	-19987.82751	5206.40235	4509.46689	21141.31419	-340.61778	-996.6444	-359.08405	1112.77217	0.05263	-2.29863	0.59874	0.5186	-2.43128	-31.02393	0.05597	
150.0	2	23.77307	3.958	-5.28299	-7422.32513	-1589.76597	1649.48566	7767.82268	156.98403	-273.02192	443.2567	543.74761	0.07	0.71189	0.15248	-0.15821	0.74503	34.1525	0.29681	
150.0	3	20.30509	9.1998	1.73469	-8.38706	-369.78955	-0.75055	369.88541	23.14017	-0.54838	11.60292	25.89201	0.07	0.00043	0.01899	4e-05	0.01899	144.50283	20.60141	
151.0	1	23.61906	-3.92688	-5.38062	-19966.75082	5206.34881	4548.58121	21129.76094	-348.86277	-1027.09838	-355.76448	1141.57991	0.05403	-2.29547	0.59855	0.52293	-2.42918	-30.48689	0.05794	
151.0	2	23.76197	3.95877	-5.33212	-7334.73618	-1572.07143	1645.85691	7679.75314	156.02172	-268.58387	438.76544	537.58272	0.07	0.70098	0.15024	-0.15729	0.73395	33.6092	0.29454	
151.0	3	20.30517	9.1998	1.74371	-8.35775	-367.75121	-0.75157	367.84693	23.06422	-0.54754	11.43508	25.74916	0.07	0.00043	0.01885	4e-05	0.01885	142.05221	20.37915	
152.0	1	23.6077	-3.92884	-5.42825	-19941.89308	5205.17521	4585.27839	21113.92257	-345.84611	-1027.63872	-337.55563	1135.60322	0.05378	-2.29221	0.59831	0.52705	-2.42693	-28.99338	0.05759	
152.0	2	23.75102	3.95979	-5.37924	-7233.56026	-1551.53471	1638.25408	7577.30364	155.74989	-279.36155	423.1255	530.41125	0.07	0.68917	0.14782	-0.15608	0.72192	31.91129	0.28124	
152.0	3	20.30493	9.1998	1.75228	-8.74452	-384.06128	-0.78999	384.16162	24.13022	-0.5738	11.85519	26.89131	0.07	0.00045	0.01966	4e-05	0.01967	134.92325	19.44164	
153.0	1	23.59679	-3.93069	-5.47391	-19922.40645	5205.06082	4621.71528	21103.44022	-343.9848	-1030.92724	-321.73467	1133.42389	0.05371	-2.28909	0.59806	0.53104	-2.42479	-28.03983	0.05748	
153.0	2	23.74048	3.96078	-5.42457	-7134.78213	-1531.4441	1630.28535	7477.18312	155.24157	-289.37236	407.57108	523.4028	0.07	0.67763	0.14545	-0.15484	0.71015	30.92297	0.28317	
153.0	3	20.30404	9.1998	1.76093	-9.06566	-397.51857	-0.82285	397.62279	25.02401	-0.59588	12.17179	27.83358	0.07	0.00046	0.02036	4e-05	0.02036	130.57149	18.92598	
154.0	1	23.58586	-3.93248	-5.51832	-19868.00546	5195.80687	4648.59113	21055.72249	-353.99583	-1063.95948	-323.7676	1167.11108	0.05543	-2.28187	0.59675	0.5339	-2.41828	-27.50045	0.05998	
154.0	2	23.73022	3.96174	-5.46873	-7046.6024	-1513.55985	1623.89828	7387.998	153.81227	-279.08398	407.31836	517.15987	0.07	0.66696	0.14326	-0.1537	0.69927	30.55703	0.29354	
154.0	3	20.30312	9.1998	1.76982	-8.9591	-392.1839	-0.81708	392.28707	24.73967	-0.58995	11.90162	27.45994	0.07	0.00046	0.02009	4e-05	0.0201	128.5178	18.77884	
155.0	1	23.57527	-3.93456	-5.56101	-19817.42655	5187.79527	4674.61331	21011.79727	-353.88127	-1080.92764	-300.64191	1176.44468	0.05599	-2.27544	0.59566	0.53674	-2.41258	-25.74774	0.06082	
155.0	2	23.72027	3.96285	-5.51086	-6950.19306	-1493.92945	1614.71381	7290.01437	152.53639	-276.01308	401.19389	510.30099	0.07	0.65561	0.14092	-0.15232	0.68767	28.94941	0.30284	
155.0	3	20.30222	9.1998	1.77913	-9.15108	-399.86841	-0.83875	399.97399	25.26996	-0.60357	12.04224	27.99912	0.07	0.00047	0.0205	4e-05	0.0205	121.02679	17.83376	
156.0	1	23.565	-3.93674	-5.60224	-19774.57194	5181.7082	4701.0582	20975.78946	-349.78792	-1068.31861	-293.80431	1161.8852	0.05539	-2.26921	0.59462	0.53946	-2.40705	-25.24526	0.05993	
156.0	2	23.71045	3.96402	-5.55147	-6860.26792	-1475.68567	1606.27224	7198.68284	152.23914	-295.56577	378.66502	503.90781	0.07	0.64489	0.13872	-0.15099	0.6767	28.05067	0.27962	
156.0	3	20.30093	9.1998	1.78808	-9.50697	-414.75374	-0.87556	414.8636	26.25059	-0.6279	12.40237	29.03974	0.07	0.00049	0.02128	4e-05	0.02128	117.87415	17.39298	
157.0	1	23.55526	-3.93877	-5.64142	-19740.06178	5177.40235	4727.82733	20948.21915	-343.35614	-1056.58624	-276.55395	1144.87991	0.05465	-2.26396	0.59379	0.54223	-2.40253	-23.69708	0.05884	
157.0	2	23.70099	3.96523	-5.59052	-6771.41137	-1457.63374	1597.24755	7108.29851	151.34459	-313.1821	355.80688	497.58089	0.07	0.63447	0.13658	-0.14966	0.66604	26.30724	0.27199	
157.0	3	20.29906	9.1998	1.79694	-9.89491	-431.08126	-0.91563	431.19577	27.33121	-0.65452	12.79187	30.18369	0.07	0.00051	0.02217	5e-05	0.02218	110.54836	16.39342	
158.0	1	23.54563	-3.94076	-5.67901	-19689.91339	5168.91355	4749.20911	20903.71602	-351.42607	-1091.68054	-268.8335	1177.93808	0.05635	-2.2567	0.59242	0.54432	-2.39582	-23.08105	0.06137	
158.0	2	23.69188	3.96647	-5.62809	-6691.97071	-1441.57539	1589.65023	7027.63114	150.08202	-298.95682	360.693	491.93418	0.07	0.62487	0.13461	-0.14843	0.65621	25.83003	0.27689	
158.0	3	20.29706	9.1998	1.80569	-9.78051	-425.52537	-0.9093	425.63873	27.02152	-0.64786	12.53552	29.79465	0.07	0.0005	0.02195	5e-05	0.02195	108.08621	16.14436	
159.0	1	23.53629	-3.94274	-5.71521	-19640.92958	5160.71881	4769.34143	20860.14744	-358.94551	-1118.67144	-267.72559	1204.96667	0.05776	-2.24972	0.59112	0.54629	-2.38938	-21.66923	0.06358	
159.0	2	23.68322	3.96771	-5.66372	-6617.77096	-1426.59857	1582.58449	6952.31254	148.9519	-291.28082	360.2896	486.66188	0.07	0.6158	0.13275	-0.14726	0.64693	24.54915	0.28256	
159.0	3	20.29547	9.1998	1.81421	-9.67791	-420.42812	-0.90384	420.54047	26.74614	-0.64208	12.28086	29.43787	0.07	0.0005	0.02172	5e-05	0.02173	102.0924	15.38556	
160.0	1	23.52735	-3.94485	-5.74963	-19595.39803	5153.47445	4788.69455	20819.93079	-358.7477	-1125.35988	-256.91566	1208.77642	0.05806	-2.24332	0.58998	0.54822	-2.3835	-20.67735	0.06405	
160.0	2	23.67486	3.96877	-5.69752	-6535.76981	-1409.8318	1572.91934	6868.62344	147.79728	-294.87406	349.82481	480.80364	0.07	0.60606	0.13073	-0.14586	0.63693	23.42021	0.27272	
160.0	3	20.29402	9.1998	1.82266	-9.84108	-426.84359	-0.92318	426.95802	27.18947	-0.65367	12.39121	29.88706	0.07	0.00051	0.02209	5e-05	0.0221	97.3669	14.73365	
161.0	1	23.5188	-3.94692	-5.78249	-19549.42605	5145.85188	4806.4668	20778.88288	-350.4287	-1106.45129	-240.72681	1185.32026	0.05704	-2.23685	0.58879	0.54996	-2.37753	-20.14762	0.06244	
161.0	2	23.66676	3.96969	-5.72988	-6461.57864	-1394.65998	1564.46858	6792.98439	146.62482	-312.92659	326.62951	475.50891	0.07	0.59725	0.12891	-0.14461	0.62789	22.51927	0.25141	
161.0	3	20.29218	9.1998	1.83062	-10.28189	-445.36678	-0.9686	445.4865	28.39365	-0.6835	12.87307	31.18305	0.07	0.00053	0.0231	5e-05	0.02311	94.1716	14.24204	
162.0	1	23.51077	-3.9489	-5.81332	-19490.78447	5134.54194	4819.41639	20723.92276	-339.75279	-1089.35776	-213.44811	1160.90154	0.05602	-2.22855	0.58708	0.55105	-2.36955	-18.78783	0.06087	
162.0	2	23.65899	3.97078	-5.76073	-6375.03678	-1376.84826	1552.29745	6704.21005	144.67407	-326.05593	304.94994	469.29471	0.07	0.58738	0.12686	-0.14302	0.61771	21.0322	0.25023	
162.0	3	20.28968	9.1998	1.83855	-10.77308	-466.14264	-1.01916	466.26822	29.75317	-0.71693	13.39946	32.6391	0.07	0.00056	0.02428	5e-05	0.02429	87.85457	13.34625	
163.0	1	23.50299	-3.95089	-5.84264	-19439.65906	5125.07472	4832.69586	20676.59751	-341.14614	-1098.31774	-207.50409	1168.649	0.05652	-2.22082	0.5855	0.5521	-2.36213	-17.78233	0.06163	
163.0	2	23.65147	3.97238	-5.79011	-6307.15201	-1363.22131	1544.01688	6634.94739	143.42406	-326.2602	297.81571	464.44631	0.07	0.57927	0.1252	-0.14181	0.60937	19.95259	0.24329	
163.0	3	20.28677	9.1998	1.84648	-10.84999	-469.03224	-1.03079	469.15885	29.97377	-0.72283	13.4012	32.84116	0.07	0.00057	0.02455	5e-05	0.02455	83.21756	12.7032	
164.0	1	23.49557	-3.95248	-5.87046	-19447.42875	5130.72953	4859.09161	20691.48718	-358.24782	-1149.7797	-219.75101	1224.18355	0.05916	-2.22023	0.58575	0.55474	-2.36226	-16.61258	0.06588	
164.0	2	23.6445	3.97355	-5.81759	-6277.21003	-1357.58521	1544.43142	6605.42745	143.78132	-306.07882	315.33771	462.37992	0.07	0.57485	0.12432	-0.14143	0.6049	18.77449	0.22509	
164.0	3	20.28464	9.1998	1.85337	-10.39309	-448.80352	-0.99096	448.92493	28.70974	-0.69301	12.75882	31.42478	0.07	0.00055	0.02356	5e-05	0.02357	78.01226	11.97131	
165.0	1	23.48864	-3.95384	-5.8966	-19459.18205	5137.19252	4885.0762	20710.25066	-370.39581	-1187.56472	-226.57802	1264.45269	0.06105	-2.22077	0.58628	0.55751	-2.36355	-15.53524	0.06919	
165.0	2	23.63813	3.97396	-5.84333	-6247.1873	-1351.60986	1544.30065	6575.64163	143.6429	-292.87099	324.75332	460.29493	0.07	0.57061	0.12345	-0.14105	0.60061	17.69831	0.21491	
165.0	3	20.28332	9.1998	1.85923	-10.1221	-436.57105	-0.96806	436.68945	27.95635	-0.67556	12.34542	30.56834	0.07	0.00053	0.02296	5e-05	0.02297	73.24694	11.30204	
166.0	1	23.48216	-3.95507	-5.92105	-19475.10141	5144.57529	4910.67808	20733.08923	-380.70421	-1220.02387	-231.68865	1298.87396	0.06265	-2.22418	0.58754	0.56083	-2.36785	-14.53427	0.07222	
166.0	2	23.63221	3.97384	-5.8674	-6221.59089	-1346.36759	1544.73979	6550.35265	143.4289	-282.03527	331.85703	458.52463	0.07	0.56736	0.12278	-0.14087	0.59734	16.58732	0.19523	
166.0	3	20.28247	9.1998	1.86451	-9.91747	-427.19028	-0.95106	427.30645	27.37218	-0.66227	12.04229	29.91139	0.07	0.00052	0.02251	5e-05	0.02251	68.58052	10.60613	
167.0	1	23.47617	-3.95609	-5.9438	-19503.90353	5155.02174	4938.08049	20769.23544	-381.03686	-1228.71664	-222.28176	1305.50482	0.06286	-2.22537	0.58818	0.56343	-2.36975	-13.46463	0.07264	
167.0	2	23.62665	3.9735	-5.88977	-6188.30262	-1339.3558	1542.74104	6516.82539	143.01127	-283.83046	327.2403	456.17778	0.07	0.56265	0.12178	-0.14027	0.59252	15.34261	0.18059	
167.0	3	20.28173	9.1998	1.86914	-10.08153	-433.73481	-0.96908	433.85304	27.80021	-0.67345	12.20736	30.3698	0.07	0.00053	0.02285	5e-05	0.02285	63.47307	9.82462	
168.0	1	23.47062	-3.95694	-5.96493	-19528.2457	5163.97314	4962.98589	20800.24585	-383.2826	-1237.11718	-220.91478	1313.83705	0.06316	-2.22826	0.58923	0.5663	-2.3734	-12.88712	0.07327	
168.0	2	23.62146	3.97305	-5.91079	-6161.01765	-1333.57935	1541.73854	6489.49383	142.68134	-286.59	322.28016	454.26456	0.07	0.55916	0.12103	-0.13992	0.58897	14.60875	0.16587	
168.0	3	20.28097	9.1998	1.87336	-10.16987	-437.05491	-0.97968	437.17431	28.02148	-0.67956	12.27966	30.60156	0.07	0.00054	0.02304	5e-05	0.02305	60.57877	9.35188	
169.0	1	23.46561	-3.95759	-5.98416	-19551.21778	5172.22177	4986.01497	20829.36244	-382.96056	-1247.20815	-207.88309	1321.13676	0.06343	-2.23099	0.5902	0.56895	-2.37683	-11.65515	0.07381	
169.0	2	23.61667	3.97268	-5.93013	-6129.90856	-1326.97942	1539.23932	6458.01138	142.24459	-285.03629	320.74874	452.0608	0.07	0.55544	0.12024	-0.13947	0.58517	13.35351	0.16248	
169.0	3	20.28011	9.1998	1.8774	-10.31835	-442.98589	-0.99604	443.10716	28.41159	-0.68972	12.42622	31.01782	0.07	0.00054	0.02338	5e-05	0.02339	55.0954	8.56067	
170.0	1	23.46098	-3.9582	-6.00188	-19571.45952	5179.58962	5007.03271	20855.22843	-382.91737	-1247.37298	-206.38406	1321.04483	0.06334	-2.23334	0.59105	0.57136	-2.37983	-9.67509	0.07364	
170.0	2	23.61225	3.97242	-5.94791	-6104.87708	-1321.7087	1537.8021	6432.82779	141.83928	-291.34324	312.68031	450.29795	0.07	0.55235	0.11958	-0.13913	0.58202	11.31639	0.15607	
170.0	3	20.27908	9.1998	1.88148	-10.4764	-449.34772	-1.01341	449.47097	28.83569	-0.70064	12.5682	31.46343	0.07	0.00055	0.02375	5e-05	0.02375	46.2422	7.2372	
171.0	1	23.4567	-3.95875	-6.01795	-19584.67164	5184.94905	5024.77546	20873.22276	-386.86705	-1260.15406	-207.53753	1334.43853	0.06393	-2.23494	0.59169	0.57341	-2.38199	-9.3329	0.07488	
171.0	2	23.60828	3.97215	-5.96391	-6085.83927	-1317.70443	1537.37898	6413.83806	141.62596	-290.51705	311.6325	448.96869	0.07	0.54987	0.11906	-0.13891	0.57951	10.90231	0.14808	
171.0	3	20.27802	9.1998	1.88547	-10.41841	-446.4529	-1.00986	446.57559	28.6663	-0.69711	12.44771	31.26001	0.07	0.00055	0.02363	5e-05	0.02364	44.57354	6.98698	
172.0	1	23.45286	-3.95917	-6.03236	-19596.14116	5189.64705	5040.55509	20888.95355	-389.87155	-1273.65516	-204.37375	1347.5778	0.06451	-2.23637	0.59226	0.57524	-2.38391	-7.46722	0.07617	
172.0	2	23.60479	3.97172	-5.97814	-6068.60271	-1314.00645	1536.91598	6396.61336	141.46926	-286.97445	313.24709	447.76291	0.07	0.54759	0.11857	-0.13868	0.57719	9.03184	0.14317	
172.0	3	20.2772	9.1998	1.88916	-10.37807	-444.29651	-1.00784	444.41884	28.5499	-0.69488	12.34155	31.11099	0.07	0.00055	0.02354	5e-05	0.02355	36.34256	5.7619	
173.0	1	23.44945	-3.95952	-6.04512	-19606.20686	5193.81034	5054.49272	20902.7967	-392.07353	-1284.83096	-200.59508	1358.21597	0.06498	-2.23788	0.59283	0.57693	-2.38588	-5.31596	0.07725	
173.0	2	23.60175	3.97114	-5.99072	-6051.50792	-1310.26285	1536.01231	6379.4099	141.28748	-282.75754	315.43731	446.5587	0.07	0.54543	0.1181	-0.13844	0.57499	6.93999	0.14235	
173.0	3	20.27644	9.1998	1.89266	-10.42576	-445.91205	-1.01427	446.03507	28.66862	-0.69838	12.3486	31.22284	0.07	0.00055	0.02365	5e-05	0.02366	26.99611	4.36978	
174.0	1	23.44647	-3.95986	-6.05627	-19616.48845	5197.9202	5067.07861	20916.50734	-392.40565	-1285.41572	-200.53618	1358.85633	0.06497	-2.23939	0.59339	0.57845	-2.3878	-5.50169	0.07722	
174.0	2	23.59912	3.97048	-6.00173	-6039.09365	-1307.47561	1535.84892	6367.02257	141.08152	-287.15502	310.28855	445.69158	0.07	0.54371	0.11771	-0.13828	0.57323	7.04454	0.13682	
174.0	3	20.27569	9.1998	1.89611	-10.48234	-447.90752	-1.02155	448.03132	28.80309	-0.70234	12.39086	31.36311	0.07	0.00056	0.02378	5e-05	0.02378	27.63573	4.45495	
175.0	1	23.44394	-3.96019	-6.0657	-19629.58378	5202.65586	5078.87447	20932.82478	-392.51167	-1286.16597	-199.52488	1359.44786	0.06494	-2.24114	0.59399	0.57986	-2.38993	-4.84353	0.07717	
175.0	2	23.59694	3.96979	-6.01102	-6026.55175	-1304.62968	1535.17765	6354.38077	140.83359	-290.49875	305.98911	444.80666	0.07	0.54199	0.11733	-0.13806	0.57147	6.34584	0.13316	
175.0	3	20.2749	9.1998	1.89954	-10.5524	-450.48361	-1.03016	450.60836	28.97778	-0.70724	12.43877	31.54259	0.07	0.00056	0.02394	5e-05	0.02394	24.64728	4.00031	
176.0	1	23.44187	-3.96051	-6.07338	-19643.20968	5207.4134	5089.2664	20949.30723	-388.09582	-1279.7838	-188.45234	1350.54775	0.06447	-2.13219	0.56524	0.55242	-2.27396	-3.8045	0.07607	
176.0	2	23.59518	3.96909	-6.01859	-6016.86609	-1302.37782	1534.75592	6344.6309	140.28139	-303.0429	292.80096	444.12416	0.07	0.52717	0.11411	-0.13447	0.55589	5.16886	0.12312	
176.0	3	20.27413	9.1998	1.9028	-10.53503	-449.33521	-1.03016	449.45988	28.94262	-0.70682	12.31643	31.46219	0.07	0.00056	0.0239	5e-05	0.02391	19.76629	3.24896	
177.0	1	23.44019	-3.96078	-6.07958	-19645.11377	5208.86174	5095.30624	20952.92059	-383.40586	-1266.34278	-183.66852	1335.79872	0.06375	-2.16765	0.57475	0.56222	-2.31195	-3.96447	0.0745	
177.0	2	23.59378	3.96848	-6.02469	-6015.85358	-1302.01312	1536.14946	6343.93314	139.98946	-310.07315	285.41284	444.07533	0.07	0.52862	0.11441	-0.13498	0.55745	5.2297	0.11781	
177.0	3	20.27343	9.1998	1.90518	-10.7786	-459.36901	-1.05524	459.49666	29.54869	-0.72247	12.68491	32.16448	0.07	0.00057	0.02446	6e-05	0.02447	20.25304	3.29376	
178.0	1	23.43902	-3.96096	-6.0839	-19643.87311	5209.20021	5098.85106	20952.70387	-294.13336	-1213.9264	107.0177	1253.62854	0.05983	-1.5934	0.42254	0.41359	-1.69956	-2.43648	0.06701	
178.0	2	23.59282	3.96798	-6.02896	-6047.80336	-1308.79991	1545.46965	6377.88046	79.99255	-383.98599	-12.15271	392.41781	0.06153	0.30764	0.06658	-0.07862	0.32443	2.37914	0.07006	
178.0	3	20.27315	9.1998	1.90538	-10.13972	-431.89017	-0.99279	432.01032	28.23483	-0.68773	10.80934	30.24103	0.07	0.00054	0.02301	5e-05	0.02302	10.60818	1.69104	
179.0	1	23.4383	-3.96116	-6.08647	-19575.86244	5191.60076	5083.49761	20880.82988	-238.24177	-1362.11205	473.6412	1461.65809	0.07	-1.85746	0.49261	0.48235	-1.98128	-3.00589	0.16167	
179.0	2	23.59216	3.96792	-6.03164	-6060.40484	-1311.54036	1549.42521	6391.35067	-31.95789	-271.0922	-354.47087	447.39455	0.07	-0.08787	-0.01902	0.02246	-0.09266	-0.64489	0.27141	
179.0	3	20.27513	9.1998	1.89477	-8.82203	-375.70741	-0.85907	375.81196	26.12984	-0.60673	-2.98567	26.30686	0.07	0.00033	0.01411	3e-05	0.01412	5.20112	0.71839	
180.0	1	23.43802	-3.96148	-6.08724	-19544.48014	5183.61011	5076.05187	20847.60946	-244.24357	-1365.30225	453.81352	1459.33268	0.07	-2.23183	0.59193	0.57965	-2.38064	-5.30269	0.58654	
180.0	2	23.59179	3.96807	-6.03295	-6083.65176	-1316.64401	1555.73365	6415.97049	-14.64008	-312.78223	-321.96255	449.11796	0.07	-0.51605	-0.11169	0.13197	-0.54424	-4.79156	0.80266	
180.0	3	20.28203	9.1998	1.85128	-7.48785	-318.90385	-0.71287	318.99254	3.28853	-0.02784	-22.08601	22.32951	0.07	7e-05	0.00281	1e-05	0.00281	1.12654	1.00224	
181.0	1	23.43823	-3.96194	-6.08598	-19520.48187	5177.62486	5068.72363	20821.8388	-252.40451	-1370.3114	427.70152	1457.52872	0.07	-2.22836	0.59105	0.57862	-2.37692	-7.89122	1.2076	
181.0	2	23.59185	3.96787	-6.03288	-6105.28402	-1321.24562	1561.24392	6438.76273	-4.60274	-334.99395	-301.49697	450.71338	0.07	-0.54756	-0.1185	0.14002	-0.57747	-10.26006	1.53605	
181.0	3	20.29483	9.1998	1.75674	-6.61049	-281.46214	-0.59814	281.54039	-5.49538	0.16929	-18.92562	19.70805	0.07	-0.00024	-0.0103	-2e-05	-0.01031	-5.21677	2.30861	
182.0	1	23.43893	-3.96255	-6.08268	-19498.055	5172.13973	5060.02028	20797.33116	-254.9807	-1370.80621	418.64923	1455.81318	0.07	-2.22513	0.59025	0.57745	-2.37341	-11.06147	1.83868	
182.0	2	23.59235	3.96718	-6.03152	-6129.30894	-1326.15529	1566.99799	6463.94606	-1.11296	-343.23165	-294.83135	452.47622	0.07	-0.54989	-0.11898	0.14058	-0.57992	-15.3171	2.28525	
182.0	3	20.3126	9.19987	1.60489	-6.16798	-262.42825	-0.51142	262.50122	-5.80043	0.17031	-17.43473	18.37509	0.07	-0.00032	-0.01341	-3e-05	-0.01342	-9.37289	3.50777	
183.0	1	23.44013	-3.96331	-6.0773	-19470.02711	5165.24281	5048.03626	20766.42383	-254.60202	-1368.64447	418.43456	1453.64966	0.07	-2.22119	0.58926	0.57589	-2.36908	-13.90059	2.4035	
183.0	2	23.59329	3.96603	-6.02879	-6161.63375	-1332.65915	1574.48151	6497.74598	-0.80004	-345.62694	-295.6735	454.84221	0.07	-0.55308	-0.11962	0.14133	-0.58325	-20.41417	2.97586	
183.0	3	20.33354	9.1999	1.39718	-5.9693	-253.68503	-0.43321	253.75562	-6.27279	0.17598	-16.6175	17.76289	0.07	-0.00031	-0.01297	-2e-05	-0.01297	-14.34771	4.75444	
184.0	1	23.44182	-3.96417	-6.06996	-19451.37738	5160.83128	5036.76303	20745.10167	-250.83097	-1364.38143	429.31034	1452.1571	0.07	-2.21806	0.58849	0.57435	-2.36558	-11.1977	2.06415	
184.0	2	23.59464	3.96457	-6.02469	-6179.95723	-1335.99575	1577.99271	6516.65689	-5.35004	-337.57622	-306.75897	456.16597	0.07	-0.55509	-0.12	0.14174	-0.58533	-19.91649	2.61739	
184.0	3	20.35498	9.1999	1.14265	-6.21285	-263.68114	-0.37255	263.75458	-8.62523	0.22629	-16.32268	18.46282	0.07	-0.00031	-0.01331	-2e-05	-0.01331	-19.20795	4.95893	
185.0	1	23.44392	-3.96522	-6.06084	-19438.05683	5158.04968	5025.33459	20729.14657	-251.77674	-1364.00819	426.15499	1451.0403	0.07	-2.21578	0.58798	0.57285	-2.36295	-19.553	3.35456	
185.0	2	23.59639	3.96249	-6.01958	-6198.14379	-1339.05005	1581.17202	6535.30003	-4.17331	-340.89102	-305.05024	457.47104	0.07	-0.55711	-0.12036	0.14212	-0.58742	-30.33791	4.22531	
185.0	3	20.37579	9.1999	0.82829	-5.76688	-244.31807	-0.25636	244.38626	-6.23475	0.16388	-15.9296	17.10705	0.07	-0.00029	-0.01218	-1e-05	-0.01218	-23.76395	7.12214	
186.0	1	23.44645	-3.96593	-6.05039	-19392.30017	5146.06864	5004.35117	20678.17349	-244.69545	-1355.30656	445.47092	1447.47231	0.07	-2.20985	0.58642	0.57027	-2.35638	-11.11412	2.1157	
186.0	2	23.59853	3.96127	-6.01211	-6250.49692	-1349.78269	1592.40103	6589.86844	-12.23536	-326.96074	-325.17123	461.29097	0.07	-0.56222	-0.12141	0.14323	-0.59274	-23.46253	2.78612	
186.0	3	20.38804	9.19992	0.59675	-6.84965	-289.94778	-0.22646	290.02876	-10.71193	0.26652	-17.24331	20.30143	0.07	-0.00034	-0.01431	-1e-05	-0.01432	-27.21136	6.09447	
187.0	1	23.44957	-3.96668	-6.03766	-19257.49018	5110.05847	4958.48947	20531.68876	-237.80333	-1341.16861	458.59829	1437.21817	0.07	-2.19308	0.58194	0.56468	-2.33818	-21.69839	3.54742	
187.0	2	23.60091	3.96035	-6.00344	-6410.52882	-1383.85106	1630.64314	6757.87841	-12.85919	-334.40305	-334.3455	473.05144	0.07	-0.57758	-0.12468	0.14692	-0.60887	-37.00069	4.66351	
187.0	3	20.39747	9.2	0.28284	-7.95866	-336.76556	-0.1401	336.85962	-10.4653	0.25611	-21.12905	23.58018	0.07	-0.00039	-0.01652	-1e-05	-0.01652	-33.72541	8.91959	
188.0	1	23.45332	-3.96748	-6.02242	-19029.16185	5048.65087	4886.592	20284.88742	-221.29753	-1312.58599	494.349	1419.94208	0.07	-2.1646	0.57429	0.55586	-2.30744	-29.31074	4.32728	
188.0	2	23.60338	3.95988	-5.99403	-6681.4676	-1442.00238	1696.71281	7042.74198	-17.7406	-338.73784	-357.74705	492.99189	0.07	-0.60397	-0.13035	0.15337	-0.63662	-46.81318	5.78767	
188.0	3	20.39789	9.2	-0.17266	-11.06238	-468.31103	0.05262	468.44167	-13.99708	0.32731	-29.65187	32.79114	0.07	-0.00054	-0.02301	0.0	-0.02302	-38.58158	10.94855	
189.0	1	23.45769	-3.96781	-6.00522	-18696.7111	4958.13552	4786.60378	19926.40684	-201.06306	-1273.07782	533.33733	1394.84845	0.07	-2.12284	0.56295	0.54348	-2.26246	-32.69601	4.36439	
189.0	2	23.60579	3.96109	-5.98346	-7076.33296	-1527.56703	1793.61914	7458.2182	-27.74261	-337.76996	-397.12009	522.07525	0.07	-0.6432	-0.13885	0.16303	-0.67791	-52.19046	6.09966	
189.0	3	20.37902	9.2001	-0.69495	-16.04709	-681.20558	0.48797	681.39474	-21.60225	0.47842	-42.52268	47.69764	0.07	-0.0008	-0.03407	2e-05	-0.03408	-42.97964	12.1753	
190.0	1	23.46269	-3.9673	-5.98594	-18278.2375	4842.92725	4663.41517	19475.50645	-172.85006	-1218.02929	587.43061	1363.28545	0.07	-2.06998	0.54845	0.52812	-2.20557	-35.69224	4.35972	
190.0	2	23.60821	3.96394	-5.97137	-7566.43616	-1634.46285	1913.7592	7974.01399	-38.49644	-339.02661	-441.75217	558.18097	0.07	-0.6933	-0.14976	0.17536	-0.73065	-57.51584	6.31026	
190.0	3	20.33569	9.2001	-1.2623	-22.40739	-956.63055	1.30927	956.89384	-31.80132	0.66421	-58.94829	66.98258	0.07	-0.00116	-0.04959	7e-05	-0.0496	-48.1238	13.35711	
191.0	1	23.46851	-3.96567	-5.96448	-17792.93699	4707.98034	4522.29957	18952.7011	-135.33593	-1143.84657	658.33399	1326.68927	0.07	-2.00849	0.53144	0.51048	-2.13941	-37.73009	4.15655	
191.0	2	23.61077	3.96802	-5.95765	-8143.83357	-1760.94469	2054.88388	8581.69558	-54.63908	-329.76136	-499.13432	600.71878	0.07	-0.75417	-0.16307	0.1903	-0.79472	-62.96536	6.37086	
191.0	3	20.26297	9.2002	-1.87568	-30.72385	-1323.44605	2.73056	1323.80545	-46.20107	0.90684	-80.32313	92.66697	0.07	-0.00168	-0.07235	0.00015	-0.07237	-55.66122	14.67191	
192.0	1	23.47495	-3.96289	-5.94178	-17121.70391	4521.81828	4333.94277	18231.36433	-86.03062	-1035.67976	740.70312	1276.1955	0.07	-1.92469	0.50831	0.48719	-2.04943	-16.80875	2.20687	
192.0	2	23.61342	3.97395	-5.9419	-8915.14627	-1930.6096	2243.3506	9393.59933	-75.61126	-315.45989	-571.96379	657.55196	0.07	-0.83645	-0.18114	0.21048	-0.88133	-43.08544	3.51959	
192.0	3	20.16623	9.2002	-2.44101	-43.26879	-1887.7784	5.07628	1888.28103	-88.54016	1.76552	-98.12739	132.17966	0.07	-0.00254	-0.11068	0.0003	-0.11071	-57.95441	11.49739	
193.0	1	23.48173	-3.95854	-5.91926	-16438.1457	4330.0723	4143.86656	17496.67941	-38.96883	-920.3632	807.136	1224.76754	0.07	-1.83817	0.4842	0.46338	-1.95654	-5.38092	1.44448	
193.0	2	23.61649	3.98188	-5.92278	-9708.44844	-2106.68515	2434.67105	10228.378	-89.99746	-318.81589	-634.7389	715.98644	0.07	-0.9251	-0.20074	0.232	-0.97464	-34.31213	2.16707	
193.0	3	20.08277	9.20023	-2.7055	-55.70515	-2469.75047	7.29377	2470.38937	-134.24769	2.70614	-108.96828	172.92731	0.07	-0.00356	-0.15782	0.00047	-0.15786	-63.81467	10.67037	
194.0	1	23.48903	-3.95354	-5.89533	-16081.60522	4223.93363	4036.20485	17109.95591	-16.95345	-860.46638	832.93943	1197.69692	0.07	-1.44048	0.37835	0.36154	-1.53259	-2.95519	1.42593	
194.0	2	23.6203	3.98904	-5.90138	-10145.34398	-2205.48933	2534.56569	10687.19846	-89.02965	-345.88243	-657.342	748.10389	0.07	-0.98235	-0.21355	0.24541	-1.03481	-34.23823	1.9436	
194.0	3	19.99645	9.2003	-2.91775	-60.32911	-2722.70107	8.56712	2723.38284	-144.2932	2.8053	-124.55518	190.6368	0.07	-0.00421	-0.18981	0.0006	-0.18986	-69.03425	10.55518	
195.0	1	23.49674	-3.94895	-5.86938	-16042.69341	4203.11445	4007.51537	17061.4877	-25.88867	-874.23493	813.26836	1194.30414	0.07	-0.82691	0.21665	0.20657	-0.87942	-1.55424	1.51141	
195.0	2	23.62522	3.99356	-5.87795	-10219.42998	-2223.91082	2542.52953	10763.22372	-74.77186	-389.06676	-640.84822	753.42566	0.07	-1.00223	-0.2181	0.24935	-1.05556	-35.0388	1.92934	
195.0	3	19.91373	9.2003	-3.13204	-57.16062	-2617.81255	8.76325	2618.4512	-125.34673	2.28937	-133.71149	183.29159	0.07	-0.00427	-0.19564	0.00065	-0.19569	-73.9364	10.2218	
196.0	1	23.50448	-3.9453	-5.84239	-15949.43162	4170.09174	3964.6229	16955.59697	-42.95578	-899.43008	773.23513	1186.89184	0.07	0.17302	-0.04524	-0.04301	0.18393	0.32081	1.23039	
196.0	2	23.63072	3.99621	-5.85369	-10330.86469	-2249.28282	2559.0435	10878.17733	-67.21564	-414.20591	-635.41784	761.47246	0.07	-1.02306	-0.22275	0.25342	-1.07726	-28.95434	1.55573	
196.0	3	19.83425	9.2003	-3.34937	-54.63531	-2531.44318	9.00488	2532.04871	-117.21348	2.0569	-132.93595	177.24333	0.07	-0.00432	-0.20007	0.00071	-0.20012	-64.67786	8.49363	
197.0	1	23.51246	-3.94233	-5.81326	-15929.22179	4157.54654	3938.45961	16927.39685	-35.26856	-882.94975	789.4213	1184.91777	0.07	0.73912	-0.19291	-0.18275	0.78544	1.40818	1.53916	
197.0	2	23.63683	3.9976	-5.82741	-10393.52047	-2263.21916	2562.24365	10941.32173	-59.96541	-435.02103	-627.49677	765.89251	0.07	-1.03725	-0.22586	0.25571	-1.09192	-36.26066	1.87234	
197.0	3	19.75586	9.2003	-3.5687	-53.24854	-2491.07461	9.40008	2491.66139	-96.48623	1.51421	-145.28993	174.41631	0.07	-0.00441	-0.20643	0.00078	-0.20648	-83.26801	10.08953	
198.0	1	23.52041	-3.9402	-5.7829	-15715.30783	4095.9132	3863.82067	16693.60702	-46.71235	-891.04136	754.57154	1168.55251	0.07	1.41581	-0.36901	-0.3481	1.50395	3.08315	1.16088	
198.0	2	23.64346	3.99828	-5.79965	-10387.82994	-2261.77976	2547.91187	10932.26936	-53.7013	-448.90421	-617.43204	765.25887	0.07	-1.04297	-0.22709	0.25582	-1.09763	-29.26081	1.46364	
198.0	3	19.67865	9.20036	-3.78763	-50.82947	-2396.58817	9.57338	2397.14625	-88.21091	1.3007	-142.73771	167.80021	0.07	-0.00439	-0.20681	0.00083	-0.20686	-71.52826	8.27461	
199.0	1	23.52867	-3.93863	-5.7507	-15623.99336	4067.12858	3818.74366	16590.16295	-57.67534	-903.94769	726.77108	1161.31136	0.07	1.70911	-0.4449	-0.41773	1.8148	10.83528	0.87384	
199.0	2	23.65059	3.99926	-5.76955	-10487.7571	-2283.47503	2558.41308	11034.16443	-37.1868	-493.56099	-592.96145	772.39148	0.07	-1.05802	-0.23036	0.2581	-1.11315	-28.56783	1.02158	
199.0	3	19.61198	9.20036	-3.95925	-48.16447	-2286.06755	9.52191	2286.5947	-79.32438	1.09222	-139.01852	160.06155	0.07	-0.0043	-0.20423	0.00085	-0.20428	-87.1558	8.65896	
200.0	1	23.53722	-3.9371	-5.71727	-15544.26717	4041.60145	3775.99778	16498.99825	-72.68319	-923.6987	689.46416	1154.92985	0.07	1.69666	-0.44114	-0.41215	1.80087	16.65055	0.59468	
200.0	2	23.65828	4.00017	-5.73723	-10623.17191	-2312.81608	2576.22618	11173.08556	-17.97201	-543.54971	-562.08196	782.11598	0.07	-1.0763	-0.23433	0.26101	-1.13201	-27.15498	0.63829	
200.0	3	19.56729	9.20036	-4.04087	-45.32452	-2163.63397	9.16858	2164.12807	-72.9159	0.96479	-132.78261	151.48888	0.07	-0.00417	-0.19885	0.00084	-0.19889	-96.91516	8.76481	
201.0	1	23.54608	-3.93557	-5.68256	-15551.07414	4038.78194	3753.37629	16499.56061	-81.03996	-936.15187	671.56998	1154.96928	0.07	1.69448	-0.44007	-0.40898	1.79783	18.99359	0.51807	
201.0	2	23.66642	4.00055	-5.7035	-10779.50637	-2346.31282	2597.82602	11333.65084	-5.46797	-577.33119	-544.12482	793.35555	0.07	-1.09637	-0.23864	0.26422	-1.15273	-27.19502	0.50816	
201.0	3	19.53202	9.2004	-4.0932	-43.57103	-2090.25827	8.94559	2090.73147	-66.6743	0.83226	-130.27853	146.35112	0.07	-0.0041	-0.19672	0.00084	-0.19677	-102.22032	8.94296	
202.0	1	23.55526	-3.93389	-5.64667	-15559.98764	4036.53763	3730.18867	16502.15619	-86.985	-944.54605	659.27232	1155.15091	0.07	1.69318	-0.43924	-0.40591	1.7957	20.95703	0.43	
202.0	2	23.675	4.00052	-5.66809	-10940.50974	-2380.49724	2619.23602	11498.77897	4.89104	-605.71174	-530.07239	804.91451	0.07	-1.11687	-0.24301	0.26739	-1.17386	-27.05745	0.38377	
202.0	3	19.50296	9.2004	-4.12909	-42.14009	-2030.44318	8.74157	2030.89924	-62.25409	0.7418	-127.80526	142.16296	0.07	-0.00405	-0.19502	0.00084	-0.19506	-106.30011	9.07122	
203.0	1	23.56474	-3.93132	-5.60919	-15604.52693	4042.93356	3714.40795	16542.17032	-94.33907	-956.90018	645.20843	1157.95153	0.07	1.69679	-0.43962	-0.40389	1.79875	21.78509	0.41124	
203.0	2	23.68399	3.99943	-5.6309	-11113.90467	-2416.60711	2642.27636	11676.49311	15.33963	-634.14063	-515.45915	817.35413	0.07	-1.1391	-0.24768	0.27081	-1.19676	-26.78139	0.29817	
203.0	3	19.47837	9.2004	-4.1547	-40.83137	-1974.98327	8.53397	1975.42373	-58.78712	0.67457	-125.15911	138.27937	0.07	-0.00399	-0.19307	0.00083	-0.19311	-107.58394	9.06394	
204.0	1	23.57473	-3.92843	-5.5699	-15538.36616	4020.45941	3671.28691	16464.60641	-101.33721	-962.75173	625.41816	1152.52245	0.07	1.68881	-0.43697	-0.39902	1.78948	25.25412	0.25151	
204.0	2	23.69348	3.99793	-5.59197	-11219.69329	-2437.64727	2647.97288	11782.84355	23.34509	-653.50046	-502.67845	824.79905	0.07	-1.15455	-0.25084	0.27249	-1.2125	-27.56385	0.14337	
204.0	3	19.45839	9.2004	-4.16899	-39.26436	-1905.90935	8.24331	1906.33158	-54.67135	0.59981	-121.72826	133.44319	0.07	-0.0039	-0.18918	0.00082	-0.18922	-117.07567	9.60485	
205.0	1	23.58496	-3.92612	-5.529	-15479.61469	4000.44687	3629.0624	16394.88152	-107.34377	-967.21307	608.3236	1147.64167	0.07	1.68162	-0.43459	-0.39424	1.78105	26.58732	0.17425	
205.0	2	23.70323	3.99694	-5.55148	-11306.98104	-2454.95226	2648.12096	11869.58953	25.6994	-651.22762	-493.99184	817.79326	0.0689	-1.16744	-0.25347	0.27342	-1.22553	-27.83322	0.08957	
205.0	3	19.44268	9.2004	-4.17236	-38.35417	-1867.98976	8.06499	1868.40088	-51.19711	0.53159	-120.34979	130.78799	0.07	-0.00386	-0.18788	0.00081	-0.18792	-120.69016	9.80963	
206.0	1	23.59537	-3.92457	-5.48652	-15433.25284	3984.33963	3588.82014	16338.29506	-110.56619	-967.91058	599.10737	1143.68065	0.07	1.67563	-0.43259	-0.38965	1.77389	27.68158	0.1372	
206.0	2	23.7133	3.99655	-5.5091	-11386.75621	-2470.9644	2645.37037	11948.29973	26.55045	-642.30137	-485.67123	805.68761	0.06743	-1.17892	-0.25583	0.27389	-1.23706	-28.58121	0.08392	
206.0	3	19.42893	9.2004	-4.17274	-37.76747	-1845.11507	7.94762	1845.51867	-47.66351	0.45843	-120.07117	129.18632	0.07	-0.00384	-0.18779	0.00081	-0.18784	-124.82072	10.11226	
207.0	1	23.6059	-3.92308	-5.44259	-15391.82173	3969.62752	3548.80411	16286.80845	-113.73288	-968.70554	590.29573	1140.0766	0.07	1.66985	-0.43066	-0.38501	1.76695	29.44413	0.12974	
207.0	2	23.7235	3.99636	-5.465	-11463.08728	-2486.35135	2640.71032	12023.21354	26.12929	-625.30108	-475.32508	785.88684	0.06536	-1.18972	-0.25805	0.27407	-1.24786	-30.19036	0.07818	
207.0	3	19.41659	9.2004	-4.17143	-37.41116	-1832.9415	7.87481	1833.34017	-44.9842	0.40178	-120.19079	128.33381	0.07	-0.00385	-0.18858	0.00081	-0.18862	-132.34234	10.705	
208.0	1	23.61682	-3.9212	-5.39675	-15366.90452	3958.94102	3511.65043	16252.58925	-118.87166	-973.25051	577.03692	1137.68125	0.07	1.66609	-0.42923	-0.38074	1.76212	28.65608	0.13407	
208.0	2	23.73402	3.99581	-5.41935	-11551.58975	-2504.08621	2637.7287	12110.627	26.04968	-605.07269	-460.33503	760.72326	0.06281	-1.20186	-0.26053	0.27444	-1.26003	-29.38782	0.07255	
208.0	3	19.40514	9.2004	-4.17031	-37.14278	-1824.50204	7.82039	1824.89683	-43.35196	0.3675	-120.16107	127.74275	0.07	-0.00386	-0.18957	0.00081	-0.18961	-128.86198	10.43193	
209.0	1	23.62804	-3.91962	-5.34926	-15353.19133	3951.39287	3476.00018	16230.11296	-121.38586	-974.37689	571.48602	1136.10788	0.07	1.66385	-0.42822	-0.3767	1.75889	32.50104	0.12692	
209.0	2	23.74485	3.99521	-5.37242	-11649.48802	-2523.74979	2635.6547	12207.6435	24.70249	-585.00248	-450.98037	739.06793	0.06054	-1.21479	-0.26317	0.27484	-1.273	-33.04584	0.06826	
209.0	3	19.39447	9.2004	-4.1685	-36.97535	-1820.67348	7.78553	1821.06554	-40.65939	0.3091	-120.81608	127.47473	0.07	-0.00388	-0.19091	0.00082	-0.19095	-145.57082	11.76419	
210.0	1	23.63951	-3.91855	-5.30014	-15341.7687	3944.8616	3439.85511	16210.00935	-122.83537	-973.95472	569.09512	1134.70066	0.07	1.66201	-0.42736	-0.37265	1.75607	33.65624	0.10604	
210.0	2	23.75613	3.99476	-5.32338	-11754.25426	-2544.93556	2633.89119	12311.6438	22.7172	-565.49987	-445.02104	719.96521	0.05848	-1.22822	-0.26592	0.27522	-1.28646	-34.00978	0.06474	
210.0	3	19.3846	9.2004	-4.16563	-36.85714	-1819.0187	7.75873	1819.40861	-38.58031	0.26402	-121.37427	127.35864	0.07	-0.0039	-0.19239	0.00082	-0.19243	-150.31931	12.14381	
211.0	1	23.65109	-3.91706	-5.24952	-15337.0058	3939.73224	3404.24392	16196.73158	-129.44959	-981.4617	552.64174	1133.77121	0.07	1.6606	-0.42657	-0.36859	1.75368	32.84796	0.12338	
211.0	2	23.76747	3.99436	-5.27259	-11854.5066	-2565.15821	2629.904	12410.71144	20.14238	-536.73153	-432.7243	689.73674	0.05558	-1.24118	-0.26858	0.27535	-1.29942	-33.27299	0.0602	
211.0	3	19.37536	9.2004	-4.162	-36.79355	-1819.85109	7.74178	1820.23946	-37.43408	0.23872	-121.7936	127.41683	0.07	-0.00392	-0.19405	0.00083	-0.19409	-146.93212	11.88835	
212.0	1	23.66302	-3.91519	-5.19725	-15340.0649	3936.32495	3369.29765	16191.49196	-129.93159	-980.34258	553.76168	1133.40451	0.07	1.66054	-0.4261	-0.36472	1.75271	34.60535	0.13516	
212.0	2	23.7791	3.99326	-5.22074	-11953.29136	-2584.49396	2624.31866	12507.91076	15.06817	-518.8981	-442.39092	682.04986	0.05453	-1.25424	-0.27119	0.27537	-1.31244	-35.03153	0.05866	
212.0	3	19.36643	9.2004	-4.1589	-36.63154	-1815.50187	7.70505	1815.88774	-35.47757	0.1978	-122.06093	127.11242	0.07	-0.00394	-0.19508	0.00083	-0.19512	-154.81131	12.53651	
213.0	1	23.67521	-3.91368	-5.14333	-15330.14016	3929.86718	3330.44054	16172.47315	-138.63635	-990.41191	530.52216	1132.07312	0.07	1.65953	-0.42542	-0.36053	1.75072	35.43061	0.12304	
213.0	2	23.79108	3.9922	-5.16726	-12076.38262	-2609.03651	2622.71543	12630.30977	13.4931	-476.23224	-411.61899	629.61052	0.04985	-1.26999	-0.27438	0.27581	-1.32825	-35.70929	0.05222	
213.0	3	19.3579	9.2004	-4.15531	-36.92069	-1833.38458	7.76216	1833.77273	-34.30484	0.16713	-123.69514	128.36408	0.07	-0.004	-0.19847	0.00084	-0.19851	-158.21338	12.8165	
214.0	1	23.68765	-3.91218	-5.08759	-15336.75071	3927.62764	3294.0932	16170.75234	-139.2768	-989.6448	531.52798	1131.95267	0.07	1.66007	-0.42513	-0.35656	1.75034	36.65244	0.12174	
214.0	2	23.80337	3.99136	-5.11133	-12183.52046	-2630.22894	2616.23577	12735.81426	9.18421	-450.80055	-410.44187	609.72782	0.04788	-1.28386	-0.27716	0.27569	-1.34206	-36.88382	0.04968	
214.0	3	19.34982	9.2004	-4.15075	-36.96144	-1838.91705	7.76497	1839.30486	-32.63164	0.12997	-124.54743	128.75133	0.07	-0.00403	-0.20049	0.00085	-0.20053	-163.60104	13.26542	
215.0	1	23.70034	-3.90989	-5.03028	-15345.53095	3925.32815	3257.15355	16171.04111	-141.45724	-991.20089	528.08448	1131.97287	0.07	1.66114	-0.42491	-0.35258	1.7505	33.12978	0.141	
215.0	2	23.81568	3.99011	-5.05442	-12302.6393	-2653.6699	2610.96943	12853.56212	8.47448	-413.82661	-380.66349	562.3424	0.04375	-1.29926	-0.28025	0.27574	-1.35744	-33.51892	0.04463	
215.0	3	19.34189	9.2004	-4.14702	-37.34912	-1861.49302	7.84217	1861.88418	-32.53753	0.12115	-126.20498	130.3319	0.07	-0.0041	-0.20434	0.00086	-0.20438	-148.349	12.05775	
216.0	1	23.71318	-3.90801	-4.97179	-15353.3791	3923.05946	3219.1258	16170.32518	-157.2887	-1011.67529	482.72402	1131.92275	0.07	1.66236	-0.42476	-0.34855	1.75081	38.19179	0.12815	
216.0	2	23.82829	3.98863	-4.99632	-12420.73233	-2676.65427	2604.20276	12970.00161	0.68488	-362.7315	-369.5565	517.82875	0.03993	-1.31483	-0.28334	0.27568	-1.37298	-38.27189	0.04019	
216.0	3	19.33388	9.2004	-4.1422	-37.56151	-1875.56152	7.88043	1875.95416	-30.35156	0.07104	-127.7611	131.31687	0.07	-0.00415	-0.20733	0.00087	-0.20737	-170.27521	13.8359	
217.0	1	23.72629	-3.90638	-4.91117	-15354.00803	3919.09574	3178.31456	16161.88595	-155.50729	-1007.34716	490.8985	1131.33203	0.07	1.66258	-0.42437	-0.34416	1.75006	39.91457	0.11457	
217.0	2	23.84126	3.98749	-4.93569	-12539.47	-2699.95826	2595.94536	13086.90241	-2.893	-333.6462	-360.98893	491.5701	0.03756	-1.33037	-0.28645	0.27542	-1.38845	-39.87487	0.03754	
217.0	3	19.32615	9.2004	-4.13621	-37.77635	-1889.87515	7.91664	1890.26924	-28.61459	0.03081	-129.18773	132.31881	0.07	-0.0042	-0.21035	0.00088	-0.2104	-177.75301	14.45593	
218.0	1	23.7395	-3.90397	-4.84918	-15354.52411	3914.47803	3136.55528	16153.09654	-159.53061	-1010.93529	480.70804	1130.71676	0.07	1.66282	-0.42392	-0.33967	1.7493	40.66657	0.13023	
218.0	2	23.85415	3.98606	-4.87392	-12648.21081	-2720.86402	2584.26219	13193.13264	-7.89917	-296.25362	-350.57443	459.0545	0.03479	-1.34485	-0.2893	0.27478	-1.40279	-40.65863	0.03451	
218.0	3	19.31855	9.2004	-4.13011	-37.98239	-1903.71264	7.95056	1904.10811	-27.29835	-0.0002	-130.46215	133.28756	0.07	-0.00426	-0.21333	0.00089	-0.21338	-181.26763	14.77366	
219.0	1	23.75289	-3.90198	-4.78582	-15347.99709	3908.38761	3092.41384	16136.8997	-165.22119	-1016.32422	464.48331	1129.58298	0.07	1.66259	-0.42338	-0.33499	1.74805	41.24272	0.11347	
219.0	2	23.86732	3.98467	-4.81077	-12763.58271	-2743.14926	2572.53208	13306.08254	-12.41031	-254.27968	-332.71776	418.94305	0.03149	-1.36027	-0.29235	0.27417	-1.41809	-41.08048	0.03098	
219.0	3	19.31107	9.2004	-4.12351	-38.25394	-1920.88712	7.99701	1921.28463	-25.71588	-0.03745	-132.00849	134.48996	0.07	-0.00432	-0.2167	0.0009	-0.21674	-183.57799	14.98257	
220.0	1	23.76642	-3.90018	-4.72057	-15345.39526	3903.40928	3048.10103	16124.78463	-175.99106	-1028.31628	430.85416	1128.73493	0.07	1.66241	-0.42287	-0.33021	1.74685	42.75673	0.10349	
220.0	2	23.8806	3.98381	-4.7457	-12886.65912	-2767.43486	2560.86292	13426.93926	-22.29137	-210.1961	-339.32518	399.77604	0.02977	-1.37634	-0.29557	0.27351	-1.43404	-42.46111	0.02918	
220.0	3	19.30389	9.2004	-4.11554	-38.39661	-1931.75777	8.01354	1932.15594	-23.88753	-0.07744	-133.12472	135.25091	0.07	-0.00436	-0.21937	0.00091	-0.21942	-190.10659	15.54175	
221.0	1	23.78005	-3.89775	-4.65389	-15354.94975	3901.02562	3005.16709	16125.24455	-177.7118	-1029.2335	428.03294	1128.76715	0.07	1.6637	-0.42267	-0.32561	1.74716	43.75768	0.11946	
221.0	2	23.89395	3.98234	-4.67916	-13002.29373	-2789.62707	2546.18477	13539.74588	-28.07266	-174.89915	-334.9766	378.9289	0.02799	-1.39166	-0.29858	0.27252	-1.44918	-43.49825	0.02733	
221.0	3	19.2971	9.2004	-4.10758	-38.60132	-1945.6846	8.04278	1946.08409	-22.37927	-0.11147	-134.37497	136.22583	0.07	-0.00441	-0.22234	0.00092	-0.22239	-194.75462	15.95672	
222.0	1	23.7938	-3.89588	-4.58591	-15356.58037	3897.0687	2959.83652	16117.45443	-189.3538	-1041.66441	389.07925	1127.96377	0.06998	1.66446	-0.42239	-0.32081	1.74693	43.74475	0.09876	
222.0	2	23.90749	3.98114	-4.61127	-13131.1184	-2814.76936	2532.68937	13666.15207	-32.59254	-122.99424	-305.67387	331.09874	0.02423	-1.40872	-0.30197	0.27171	-1.46611	-43.30255	0.02351	
222.0	3	19.291	9.2004	-4.09956	-39.00298	-1969.53574	8.11235	1969.93859	-20.82059	-0.14916	-136.31477	137.89574	0.07	-0.00448	-0.22636	0.00093	-0.22641	-194.37333	15.94929	
223.0	1	23.80767	-3.89373	-4.51586	-15363.65931	3894.22296	2914.40695	16115.23403	-191.11928	-1042.69536	385.7377	1128.06638	0.07	1.66536	-0.42212	-0.31591	1.74683	48.03351	0.10878	
223.0	2	23.92098	3.98005	-4.54172	-13251.87401	-2838.24347	2515.93126	13783.96535	-38.9406	-80.90471	-296.37662	309.67894	0.02247	-1.42463	-0.30512	0.27047	-1.48184	-47.50076	0.02174	
223.0	3	19.28524	9.2004	-4.09025	-39.37597	-1992.26274	8.17294	1992.66859	-18.95228	-0.19233	-138.19313	139.4868	0.07	-0.00455	-0.23026	0.00094	-0.23031	-213.42018	17.54819	
224.0	1	23.82156	-3.89154	-4.44474	-15311.17002	3876.24268	2856.88881	16050.51396	-184.78661	-1011.86261	382.55808	1097.43461	0.06837	1.65991	-0.42023	-0.30972	1.74007	45.08407	0.08728	
224.0	2	23.93458	3.97888	-4.47042	-13314.45646	-2849.15456	2486.77093	13841.11492	-38.86251	-60.15824	-276.99912	286.10806	0.02067	-1.4344	-0.30695	0.26791	-1.49114	-44.52311	0.01995	
224.0	3	19.27968	9.2004	-4.08051	-39.74566	-2014.95711	8.23162	2015.36588	-17.44405	-0.22782	-139.99287	141.07569	0.07	-0.00462	-0.23417	0.00096	-0.23422	-200.27233	16.50235	
225.0	1	23.8355	-3.89019	-4.37197	-15289.43546	3866.7077	2804.59183	16018.23961	-157.78151	-871.24256	341.03006	948.82038	0.05923	1.65741	-0.41916	-0.30402	1.73641	46.38817	0.06599	
225.0	2	23.94824	3.97842	-4.398	-13412.84164	-2868.23121	2463.14347	13935.49951	-14.84592	-155.29246	-261.67404	304.64644	0.02186	-1.44785	-0.30961	0.26588	-1.50426	-45.68724	0.02113	
225.0	3	19.27442	9.2004	-4.06989	-39.98985	-2031.51901	8.26201	2031.92936	-15.05992	-0.27876	-141.43533	142.23512	0.07	-0.00467	-0.23736	0.00097	-0.23741	-205.8505	17.00182	
226.0	1	23.84932	-3.88841	-4.29769	-15234.05797	3848.39215	2745.35441	15950.6619	-160.49073	-868.53563	326.93072	941.80418	0.05904	1.65076	-0.41701	-0.29749	1.72841	49.29533	0.06568	
226.0	2	23.9617	3.97782	-4.3239	-13471.8853	-2878.83425	2430.90484	13988.87695	-20.79206	-106.19106	-240.98628	264.16518	0.01888	-1.45659	-0.31126	0.26283	-1.51248	-48.47908	0.01819	
226.0	3	19.2695	9.2004	-4.0587	-40.34967	-2054.02161	8.31461	2054.43472	-13.09075	-0.32256	-143.213	143.81041	0.07	-0.00474	-0.24123	0.00098	-0.24128	-218.66649	18.1033	
227.0	1	23.86322	-3.88725	-4.22207	-15209.78971	3838.39828	2691.09585	15915.80979	-132.46397	-736.61644	301.98779	807.06078	0.05071	1.64762	-0.4158	-0.29152	1.7241	49.80733	0.05336	
227.0	2	23.97537	3.97768	-4.2481	-13563.09748	-2896.5991	2403.20401	14075.62749	0.75521	-188.74052	-223.22809	292.32574	0.02077	-1.46897	-0.31372	0.26028	-1.52448	-48.92092	0.02005	
227.0	3	19.26479	9.2004	-4.04702	-40.6888	-2075.60686	8.36139	2076.02248	-10.90534	-0.36998	-144.91128	145.32151	0.07	-0.0048	-0.24498	0.00099	-0.24503	-220.85213	18.33396	
228.0	1	23.87703	-3.88601	-4.14456	-15155.70651	3820.88295	2630.97854	15849.81497	-131.75091	-717.21793	282.64297	782.07858	0.04934	1.64087	-0.41368	-0.28485	1.71602	51.4575	0.05156	
228.0	2	23.98878	3.97774	-4.17143	-13631.92232	-2909.73878	2370.26083	14139.09553	-1.72334	-165.69646	-213.32077	270.11856	0.0191	-1.4785	-0.31559	0.25708	-1.53351	-50.49732	0.0184	
228.0	3	19.26041	9.2004	-4.03485	-40.79724	-2085.43425	8.35929	2085.85001	-8.67624	-0.4145	-145.75075	146.00935	0.07	-0.00484	-0.24733	0.00099	-0.24738	-228.1187	18.99148	
229.0	1	23.89078	-3.88485	-4.06619	-15111.36065	3805.91675	2571.97012	15794.08919	-119.85493	-657.42695	268.64277	720.23908	0.0456	1.63532	-0.41187	-0.27833	1.7092	51.41868	0.04686	
229.0	2	24.00237	3.97776	-4.09237	-13709.09203	-2924.60957	2337.4621	14211.13206	4.83408	-175.53404	-191.27487	259.65678	0.01827	-1.48894	-0.31764	0.25387	-1.54347	-50.42104	0.01758	
229.0	3	19.25635	9.2004	-4.02223	-41.13018	-2106.72472	8.4018	2107.14293	-6.62592	-0.45829	-147.35038	147.49999	0.07	-0.0049	-0.25101	0.001	-0.25106	-227.90917	19.02832	
230.0	1	23.90459	-3.884	-3.98575	-15075.59034	3793.39084	2513.90002	15747.47381	-101.57416	-565.90084	244.79596	624.8889	0.03968	1.63047	-0.41027	-0.27189	1.70314	52.47738	0.03991	
230.0	2	24.01583	3.97807	-4.01277	-13796.28817	-2941.83627	2305.09435	14293.54498	18.63074	-222.28805	-172.18384	281.79134	0.01971	-1.50029	-0.31991	0.25067	-1.55437	-51.40847	0.019	
230.0	3	19.25252	9.2004	-4.00906	-41.34994	-2122.27838	8.41968	2122.69787	-4.28247	-0.50581	-148.5262	148.58879	0.07	-0.00495	-0.25399	0.00101	-0.25404	-232.52141	19.4778	
231.0	1	23.91816	-3.8829	-3.90461	-15019.95026	3775.73515	2452.02819	15680.16339	-107.63973	-575.53425	226.88216	627.93431	0.04005	1.62344	-0.4081	-0.26503	1.6948	53.3392	0.04033	
231.0	2	24.02918	3.97821	-3.93124	-13857.75495	-2953.4576	2267.17862	14349.22935	10.00605	-165.17004	-154.00698	226.05179	0.01575	-1.50876	-0.32156	0.24684	-1.56227	-52.21177	0.01512	
231.0	3	19.24899	9.20038	-3.99538	-41.60884	-2139.84953	8.44408	2140.27068	-2.22344	-0.5479	-149.80148	149.81898	0.07	-0.005	-0.25718	0.00101	-0.25723	-236.29123	19.85075	
232.0	1	23.93187	-3.88218	-3.82145	-14992.72571	3765.51351	2394.24038	15642.6757	-77.79662	-445.57322	213.60788	500.21609	0.03198	1.61957	-0.40677	-0.25864	1.68978	54.04217	0.0315	
232.0	2	24.04265	3.97857	-3.84861	-13952.75391	-2972.35889	2233.42111	14439.61319	31.29935	-258.27399	-148.19009	299.40842	0.02074	-1.52097	-0.32401	0.24346	-1.57404	-52.8771	0.02002	
232.0	3	19.24566	9.20035	-3.9813	-41.60312	-2143.82373	8.41363	2144.24387	0.34157	-0.59569	-150.09549	150.09706	0.07	-0.00502	-0.25874	0.00102	-0.25879	-239.38443	20.1861	
233.0	1	23.94523	-3.88122	-3.73736	-14924.85069	3745.00855	2329.55952	15562.87585	-94.41382	-497.51575	194.92463	542.61543	0.03487	1.61119	-0.40429	-0.25148	1.68007	54.85948	0.03458	
233.0	2	24.0557	3.97895	-3.76461	-14001.2475	-2981.41401	2191.01993	14481.86208	14.3948	-158.83976	-124.15308	202.11696	0.01396	-1.52795	-0.32536	0.23911	-1.5804	-53.63285	0.01337	
233.0	3	19.24264	9.20034	-3.96683	-41.87184	-2161.87075	8.4375	2162.29267	2.37502	-0.63666	-151.34051	151.36049	0.07	-0.00507	-0.26195	0.00102	-0.262	-242.93838	20.55013	
234.0	1	23.95876	-3.88055	-3.65184	-14906.16895	3737.04084	2272.14358	15534.54163	-64.52754	-351.3373	154.52519	389.20398	0.02505	1.60817	-0.40318	-0.24513	1.67596	55.6606	0.02434	
234.0	2	24.069	3.97927	-3.67915	-14097.75263	-3000.61129	2154.92681	14573.74375	39.65117	-254.54636	-95.0391	274.58787	0.01884	-1.54018	-0.32782	0.23543	-1.59218	-54.34663	0.01814	
234.0	3	19.23974	9.20034	-3.95186	-42.31572	-2189.10126	8.49496	2189.52668	4.84027	-0.68802	-153.18883	153.26682	0.07	-0.00515	-0.26629	0.00103	-0.26634	-246.36088	20.91634	
235.0	1	23.97187	-3.8798	-3.5648	-14833.61189	3715.61951	2206.02139	15450.19095	-82.92515	-420.27092	150.26478	453.96446	0.02938	1.59921	-0.40058	-0.23783	1.66569	57.37389	0.02878	
235.0	2	24.08179	3.97985	-3.59264	-14142.29845	-3009.00537	2109.59159	14611.95043	18.21765	-140.4499	-78.2024	161.78279	0.01107	-1.54669	-0.32908	0.23072	-1.59805	-55.99493	0.01058	
235.0	3	19.23706	9.20034	-3.93634	-42.50702	-2203.32868	8.49992	2203.75506	7.05929	-0.73067	-154.0996	154.26294	0.07	-0.00519	-0.26904	0.00104	-0.26909	-253.91042	21.63496	
236.0	1	23.9851	-3.87903	-3.47676	-14811.36289	3706.77378	2147.07085	15418.38369	-61.50292	-316.96435	122.94568	345.4919	0.02241	1.59578	-0.39937	-0.23133	1.66119	57.33307	0.02168	
236.0	2	24.09481	3.98012	-3.50432	-14219.16461	-3023.99665	2067.99477	14683.52139	33.40464	-198.00924	-59.86145	209.53979	0.01427	-1.55676	-0.33108	0.22641	-1.60759	-55.91199	0.01368	
236.0	3	19.23448	9.20033	-3.92041	-42.80672	-2223.2836	8.52515	2223.712	9.55308	-0.77968	-155.36451	155.65989	0.07	-0.00525	-0.27249	0.00104	-0.27254	-253.66769	21.70184	
237.0	1	23.99795	-3.87836	-3.38713	-14748.01212	3687.83217	2081.76742	15343.98003	-72.96766	-351.26109	105.32588	373.90129	0.02437	1.58789	-0.39706	-0.22414	1.65206	58.12643	0.02365	
237.0	2	24.10741	3.98061	-3.41541	-14277.64761	-3035.29784	2022.52773	14736.17564	21.12251	-125.1217	-38.66543	132.65224	0.009	-1.56476	-0.33265	0.22166	-1.61501	-56.65151	0.00859	
237.0	3	19.23224	9.20033	-3.90407	-42.88375	-2231.57339	8.50466	2232.0016	11.90821	-0.82254	-155.78348	156.24012	0.07	-0.00527	-0.27448	0.00105	-0.27453	-257.12318	22.08532	
238.0	1	24.01086	-3.87764	-3.29665	-14725.13387	3678.9603	2021.78632	15311.82342	-44.69964	-222.52372	79.35937	240.44287	0.0157	1.58431	-0.39583	-0.21753	1.64743	60.51654	0.01507	
238.0	2	24.12016	3.98094	-3.32445	-14361.75902	-3051.88412	1979.45182	14815.27415	42.16658	-205.2404	-10.49967	209.7901	0.01416	-1.57547	-0.33479	0.21714	-1.62522	-58.92717	0.01357	
238.0	3	19.23016	9.20033	-3.88726	-43.28611	-2256.86521	8.54715	2257.29646	14.60635	-0.87598	-157.33044	158.00943	0.07	-0.00534	-0.27854	0.00105	-0.2786	-267.60836	23.08772	
239.0	1	24.02331	-3.87711	-3.20468	-14663.22838	3660.60351	1956.2037	15239.3247	-59.50403	-264.99289	49.84797	276.1282	0.01812	1.57645	-0.39355	-0.21031	1.63838	59.52522	0.01743	
239.0	2	24.13232	3.98172	-3.23306	-14409.26312	-3061.11763	1930.26686	14856.75721	27.5724	-123.1813	10.4781	126.66357	0.00853	-1.58213	-0.33611	0.21194	-1.63126	-57.91936	0.00814	
239.0	3	19.22823	9.20033	-3.86997	-43.42824	-2268.6684	8.53662	2269.10008	16.90043	-0.91779	-157.9327	158.83703	0.07	-0.00538	-0.28095	0.00106	-0.28101	-263.13856	22.79412	
240.0	1	24.03583	-3.87634	-3.11169	-14639.68288	3651.62393	1895.33494	15206.80659	-38.11422	-168.06881	29.41118	174.82802	0.0115	1.57268	-0.39228	-0.20361	1.63361	61.62426	0.01099	
240.0	2	24.14459	3.98217	-3.1398	-14479.58644	-3074.92142	1882.95496	14921.76546	41.01382	-174.0502	31.15981	181.51181	0.01216	-1.59127	-0.33793	0.20693	-1.63987	-59.92321	0.01164	
240.0	3	19.22643	9.20033	-3.85216	-43.77606	-2291.31002	8.56484	2291.74416	19.60642	-0.96973	-159.21586	160.42145	0.07	-0.00544	-0.2847	0.00106	-0.28475	-272.36155	23.70425	
241.0	1	24.04782	-3.87597	-3.01728	-14578.50381	3633.69835	1829.33148	15135.48779	-53.82038	-221.0431	10.15855	227.72765	0.01505	1.56497	-0.39007	-0.19637	1.62476	61.98547	0.01443	
241.0	2	24.15634	3.98299	-3.04605	-14529.56288	-3084.76153	1831.93257	14965.95898	24.97184	-85.09406	54.77005	104.23219	0.00696	-1.59816	-0.3393	0.2015	-1.64616	-60.23853	0.00664	
241.0	3	19.2249	9.20033	-3.83387	-43.85472	-2299.81979	8.53889	2300.25373	21.99829	-1.0117	-159.5046	161.01759	0.07	-0.00547	-0.28667	0.00106	-0.28672	-273.88006	23.94263	
242.0	1	24.05992	-3.87519	-2.92203	-14560.64636	3626.23608	1768.47011	15109.25203	-28.522	-107.66092	-14.07703	112.26103	0.00743	1.56178	-0.38895	-0.18969	1.62062	62.16841	0.00709	
242.0	2	24.16818	3.98343	-2.95057	-14604.30005	-3099.52777	1782.92677	15035.67359	42.00745	-152.91113	78.26293	176.83757	0.01176	-1.60771	-0.34121	0.19627	-1.65519	-60.37292	0.01125	
242.0	3	19.22345	9.20033	-3.81515	-44.23463	-2324.24993	8.57004	2324.68662	24.71322	-1.06338	-160.83673	162.72778	0.07	-0.00553	-0.29063	0.00107	-0.29068	-274.62246	24.12425	
243.0	1	24.0714	-3.87475	-2.82553	-14500.26476	3608.5819	1702.18162	15039.18095	-47.54152	-173.23856	-37.72753	183.56242	0.01221	1.55428	-0.3868	-0.18246	1.61205	62.77601	0.01168	
243.0	2	24.17947	3.98414	-2.85438	-14646.04865	-3107.59475	1728.8457	15071.58895	23.32421	-54.72171	99.23074	115.69453	0.00768	-1.61376	-0.34241	0.19049	-1.66065	-60.92598	0.00732	
243.0	3	19.22227	9.20033	-3.79603	-44.25998	-2329.99081	8.53093	2330.42676	27.13053	-1.10431	-160.85416	163.12984	0.07	-0.00555	-0.29222	0.00107	-0.29227	-277.23101	24.46941	
244.0	1	24.08303	-3.87399	-2.72798	-14492.82573	3603.83645	1641.77956	15024.14973	-17.1283	-40.2578	-62.83117	76.56256	0.0051	1.55221	-0.38598	-0.17584	1.60911	64.80777	0.00486	
244.0	2	24.19083	3.98448	-2.75685	-14723.17795	-3122.85422	1677.84592	15143.95438	45.077	-145.18822	125.32438	197.02222	0.01301	-1.62351	-0.34435	0.18501	-1.66991	-62.85561	0.01245	
244.0	3	19.22114	9.20033	-3.77647	-44.62123	-2353.56028	8.55508	2353.99878	30.0041	-1.15779	-162.02033	164.77916	0.07	-0.00561	-0.29605	0.00108	-0.29611	-286.1434	25.39166	
245.0	1	24.09388	-3.87372	-2.62954	-14428.06772	3585.36342	1574.70419	14950.03887	-37.22519	-114.74458	-79.81592	144.64652	0.00968	1.54421	-0.38374	-0.16854	1.60008	63.15735	0.00924	
245.0	2	24.20153	3.98536	-2.65853	-14762.75277	-3130.65916	1621.6036	15177.92787	23.82313	-36.40058	146.60621	152.92457	0.01008	-1.6293	-0.34552	0.17897	-1.67512	-61.21801	0.00963	
245.0	3	19.2203	9.20033	-3.75648	-44.70265	-2362.29177	8.52401	2362.73007	32.35329	-1.19748	-162.19141	165.39112	0.07	-0.00564	-0.29799	0.00108	-0.29805	-278.77003	24.85464	
246.0	1	24.10485	-3.873	-2.52986	-14423.57016	3581.51007	1513.93364	14938.49342	-23.0342	-47.73147	-106.53347	118.98843	0.00797	1.54245	-0.38301	-0.1619	1.59752	64.41732	0.0076	
246.0	2	24.21232	3.98571	-2.55916	-14855.4305	-3149.26834	1570.07296	15266.52663	33.93173	-78.66121	163.26959	184.37979	0.01208	-1.64062	-0.3478	0.1734	-1.68602	-62.40744	0.01155	
246.0	3	19.21957	9.20033	-3.73602	-44.69349	-2366.29434	8.47447	2366.73155	35.04514	-1.2418	-161.9174	165.67121	0.07	-0.00565	-0.29933	0.00107	-0.29938	-284.29249	25.49355	
247.0	1	24.1152	-3.8725	-2.42948	-14395.72435	3572.16903	1450.33554	14903.0448	-50.09175	-162.33284	-97.37514	195.81382	0.01314	1.53868	-0.38181	-0.15502	1.5929	65.04927	0.01258	
247.0	2	24.22241	3.98647	-2.45877	-14899.78166	-3158.05025	1512.33761	15305.68325	1.76389	68.5145	160.44949	174.47461	0.0114	-1.6471	-0.34911	0.16718	-1.69197	-63.03045	0.0109	
247.0	3	19.21918	9.20033	-3.71522	-44.83559	-2378.13756	8.45255	2378.57519	37.42226	-1.28216	-162.23522	166.50026	0.07	-0.00569	-0.30161	0.00107	-0.30166	-287.11261	25.87687	
248.0	1	24.1255	-3.87157	-2.32785	-14398.42821	3570.08285	1389.47275	14899.35773	-62.5265	-196.32018	-143.51052	251.09051	0.01685	1.53802	-0.38135	-0.14842	1.59153	65.55206	0.01619	
248.0	2	24.23258	3.98668	-2.35749	-15027.01416	-3183.90534	1461.82468	15430.01423	-6.45675	126.14131	208.36722	243.66005	0.01579	-1.66244	-0.35224	0.16172	-1.70703	-63.43828	0.01516	
248.0	3	19.21881	9.20033	-3.69391	-44.99139	-2390.86605	8.43169	2391.3042	39.96279	-1.32526	-162.54558	167.3913	0.07	-0.00572	-0.30401	0.00107	-0.30406	-289.1979	26.20158	
249.0	1	24.13539	-3.87026	-2.22571	-14425.22844	3573.77971	1330.34387	14920.75507	-120.32875	-425.04268	-162.93595	470.83799	0.03156	1.54065	-0.38169	-0.14208	1.59357	66.13502	0.03105	
249.0	2	24.24214	3.9868	-2.25529	-15139.20376	-3206.5648	1408.34761	15539.01513	-60.10695	387.25496	235.58583	457.25259	0.02943	-1.67718	-0.35524	0.15602	-1.72147	-63.9519	0.02882	
249.0	3	19.21861	9.20033	-3.67217	-45.46933	-2420.74626	8.46943	2421.18807	42.30552	-1.36881	-164.11261	169.48327	0.07	-0.0058	-0.3086	0.00108	-0.30866	-291.71227	26.54292	
250.0	1	24.14507	-3.86867	-2.12237	-14479.72637	3584.13357	1272.97432	14970.93694	-164.48853	-600.44956	-180.41013	648.18513	0.0433	1.54643	-0.38278	-0.13595	1.59889	66.42441	0.04409	
250.0	2	24.25169	3.98615	-2.15227	-15304.42247	-3239.78451	1358.14827	15702.42394	-99.68245	579.27763	258.55232	642.14365	0.04089	-1.6977	-0.35939	0.15066	-1.74185	-64.18591	0.04129	
250.0	3	19.21836	9.20033	-3.65007	-45.63926	-2434.45209	8.44818	2434.89452	44.63005	-1.40751	-164.48996	170.44287	0.07	-0.00583	-0.31112	0.00108	-0.31118	-292.98015	26.79168	
251.0	1	24.15466	-3.86613	-2.0186	-14579.00458	3604.83374	1218.4573	15067.40984	-207.15767	-770.71773	-198.48324	822.38416	0.05458	1.55757	-0.38513	-0.13018	1.60975	67.23462	0.05874	
251.0	2	24.26085	3.98513	-2.0485	-15489.91315	-3276.96428	1307.7931	15886.66822	-140.42222	777.67633	285.43473	840.22131	0.05289	-1.72164	-0.36422	0.14536	-1.76573	-64.9018	0.05633	
251.0	3	19.21795	9.2003	-3.62755	-46.23331	-2471.12487	8.50363	2471.57196	47.12656	-1.45454	-166.46145	173.00995	0.07	-0.00592	-0.31665	0.00109	-0.3167	-296.54435	27.23792	
252.0	1	24.16376	-3.86336	-1.9138	-14696.36587	3629.84736	1164.12656	15182.69253	-259.21494	-981.22206	-212.89028	1036.97222	0.0683	1.57136	-0.38811	-0.12447	1.62335	67.62469	0.08699	
252.0	2	24.26979	3.98354	-1.9437	-15730.00753	-3325.16574	1259.79545	16126.9014	-186.39395	997.24237	304.82564	1059.31757	0.06569	-1.75221	-0.3704	0.14033	-1.79642	-65.1726	0.07898	
252.0	3	19.21746	9.2003	-3.60455	-46.45045	-2487.9486	8.48762	2488.39665	49.26243	-1.4897	-167.07	174.1878	0.07	-0.00597	-0.31965	0.00109	-0.31971	-298.19688	27.51106	
253.0	1	24.17321	-3.85858	-1.8085	-14983.07119	3694.99081	1121.10224	15472.62904	-269.78814	-1020.96734	-240.64713	1083.08402	0.07	1.60458	-0.39571	-0.12006	1.657	68.04522	0.14894	
253.0	2	24.2787	3.98046	-1.8387	-16106.30778	-3400.67851	1219.64183	16506.52268	-198.81658	1061.36315	333.83069	1130.24895	0.06847	-1.79987	-0.38002	0.13629	-1.84459	-65.29372	0.08768	
253.0	3	19.21686	9.2003	-3.57975	-47.48684	-2548.99686	8.61538	2549.4537	51.85988	-1.54326	-170.75355	178.46177	0.07	-0.00612	-0.32848	0.00111	-0.32854	-299.70723	27.73959	
254.0	1	24.182	-3.85324	-1.70257	-15153.55255	3731.00688	1067.05887	15642.54397	-271.54825	-1027.40627	-263.96001	1094.97807	0.07	1.62684	-0.40055	-0.11456	1.67933	68.83043	0.1944	
254.0	2	24.28728	3.97635	-1.73263	-16385.96797	-3454.71661	1168.94813	16786.94293	-202.58969	1078.80651	348.46934	1151.64967	0.0686	-1.83822	-0.38756	0.13114	-1.8832	-65.83261	0.08824	
254.0	3	19.21641	9.2003	-3.5528	-47.82602	-2572.62436	8.60961	2573.08327	54.35272	-1.58509	-171.71214	180.11604	0.07	-0.00618	-0.33252	0.00111	-0.33258	-303.03354	28.18636	
255.0	1	24.19052	-3.84838	-1.59576	-15105.58566	3713.57057	996.67424	15587.26032	-269.14803	-1020.31955	-277.53297	1091.10824	0.07	1.62456	-0.39938	-0.10719	1.67637	69.02931	0.1	
255.0	2	24.29552	3.97305	-1.62607	-16444.18611	-3462.76822	1100.52606	16840.81881	-202.13775	1075.05351	362.25434	1152.31416	0.06842	-1.85092	-0.38976	0.12387	-1.89557	-66.33503	0.08748	
255.0	3	19.21589	9.2003	-3.5266	-47.32316	-2551.28576	8.45434	2551.73862	57.40008	-1.62519	-169.13949	178.62132	0.07	-0.00613	-0.33074	0.0011	-0.33079	-304.92308	28.63582	
256.0	1	24.19817	-3.84469	-1.48875	-15096.57183	3706.78515	928.77114	15572.71181	-249.57412	-940.6714	-302.38543	1019.11083	0.06544	1.6257	-0.39917	-0.10002	1.67698	68.88594	0.07837	
256.0	2	24.30287	3.97047	-1.51888	-16489.02001	-3468.82493	1030.39425	16881.41699	-189.84284	1015.73198	381.4793	1101.48909	0.06525	-1.861	-0.3915	0.11629	-1.90529	-66.22948	0.0779	
256.0	3	19.21579	9.2003	-3.50152	-47.3333	-2557.32874	8.39399	2557.78052	60.30825	-1.66955	-168.57447	179.04531	0.07	-0.00615	-0.33237	0.00109	-0.33243	-304.60201	28.82154	
257.0	1	24.20528	-3.84179	-1.38035	-15091.38825	3701.67288	860.81856	15562.56373	-214.39961	-800.28529	-317.36468	887.2114	0.05701	1.6265	-0.39895	-0.09278	1.67728	70.61242	0.06239	
257.0	2	24.30979	3.96893	-1.41065	-16566.82276	-3482.82228	961.40344	16956.23673	-162.22321	879.93964	392.29129	976.98649	0.05762	-1.87376	-0.39392	0.10874	-1.91781	-67.94236	0.06335	
257.0	3	19.21606	9.2003	-3.4766	-46.99101	-2543.98982	8.27182	2544.43722	62.99772	-1.70532	-166.588	178.11003	0.07	-0.00612	-0.33139	0.00108	-0.33145	-312.53523	29.82165	
258.0	1	24.21244	-3.83696	-1.27222	-13855.32528	3391.78461	728.11355	14283.01057	118.78337	646.8795	-753.03317	999.81074	0.07	1.49038	-0.36485	-0.07832	1.53639	77.11438	0.755	
258.0	2	24.31571	3.96931	-1.30233	-18000.17629	-3783.8945	963.87982	18418.82918	-152.99191	947.18249	861.26641	1289.31804	0.07	-2.04499	-0.42989	0.10951	-2.09255	-59.39926	0.80993	
258.0	3	19.20687	9.2003	-3.42634	-66.97865	-3659.59075	11.61807	3660.22207	73.29489	-2.12084	-245.49869	256.21524	0.07	-0.00881	-0.48135	0.00153	-0.48143	-308.16151	27.36223	
259.0	1	24.21903	-3.8319	-1.16363	-13783.63646	3366.14799	662.37837	14204.16599	125.82007	659.51463	-733.36597	994.29165	0.07	1.47654	-0.36059	-0.07096	1.52158	73.54217	0.3718	
259.0	2	24.32074	3.97188	-1.19269	-18070.30117	-3800.95043	886.09663	18486.97314	-163.73591	973.49469	836.75729	1294.08815	0.07	-2.0646	-0.43427	0.10124	-2.1122	-63.70381	0.43149	
259.0	3	19.19607	9.2003	-3.33751	-65.89497	-3654.07504	11.12703	3654.68609	79.51057	-2.17425	-243.14886	255.82811	0.07	-0.00879	-0.48717	0.00148	-0.48725	-310.04929	28.55793	
260.0	1	24.22522	-3.82751	-1.0543	-13411.50891	3268.5439	583.74016	13816.39254	135.70457	677.65421	-676.5673	967.14749	0.07	1.43111	-0.34878	-0.06229	1.47431	77.4069	0.83206	
260.0	2	24.32547	3.97436	-1.08268	-18376.71613	-3867.69588	817.82497	18797.11693	-186.91095	1050.79852	769.5529	1315.7982	0.07	-2.10901	-0.44388	0.09386	-2.15726	-60.9015	0.75144	
260.0	3	19.1839	9.2003	-3.27411	-61.77493	-3467.99458	10.22955	3468.55981	77.71876	-2.06287	-230.0151	242.79911	0.07	-0.00833	-0.46766	0.00138	-0.46774	-312.62323	28.49866	
261.0	1	24.23045	-3.82398	-0.94457	-13213.66406	3214.34904	515.3105	13608.76565	162.02085	755.38871	-557.32192	952.6125	0.07	1.40394	-0.34152	-0.05475	1.44592	77.06911	0.95033	
261.0	2	24.32934	3.97747	-0.97224	-18469.3226	-3890.35902	737.9265	18889.02607	-213.57253	1135.77926	642.40704	1322.23091	0.07	-2.12779	-0.4482	0.08501	-2.17614	-61.15397	0.87988	
261.0	3	19.18364	9.2003	-3.168	-56.01597	-3186.91517	8.96202	3187.42002	73.62258	-1.88632	-210.6125	223.11761	0.07	-0.00762	-0.43344	0.00122	-0.43351	-312.55532	28.6761	
262.0	1	24.23509	-3.82145	-0.83524	-13039.87792	3167.30234	449.35377	13426.54606	187.14343	827.77201	-403.86174	939.85822	0.07	1.37957	-0.33509	-0.04754	1.42048	76.51469	1.18417	
262.0	2	24.33279	3.98141	-0.86152	-18513.9422	-3903.81815	655.29151	18932.38651	-239.59061	1215.33432	471.05369	1325.26705	0.07	-2.13904	-0.45103	0.07571	-2.18739	-61.85211	1.09589	
262.0	3	19.19006	9.2003	-3.06059	-48.4717	-2791.9711	7.47773	2792.40184	66.45219	-1.646	-183.81831	195.46809	0.07	-0.00663	-0.38162	0.00102	-0.38168	-312.92461	28.92047	
263.0	1	24.23913	-3.81985	-0.72448	-13004.15254	3155.09087	388.87953	13387.07619	203.5229	872.64989	-274.24137	937.09537	0.07	1.37078	-0.33258	-0.04099	1.41115	75.21459	1.31192	
263.0	2	24.33563	3.98522	-0.75013	-18454.34063	-3895.21201	568.86641	18869.525	-254.86452	1254.8267	324.25779	1320.86679	0.07	-2.13607	-0.45087	0.06585	-2.18412	-63.59593	1.22743	
263.0	3	19.20131	9.2003	-2.96881	-41.65571	-2425.55743	6.22076	2425.92307	59.88312	-1.43594	-158.89945	169.81486	0.07	-0.0057	-0.33193	0.00085	-0.33198	-313.92243	29.37248	
264.0	1	24.24231	-3.81896	-0.61419	-12995.42064	3150.51401	329.31469	13375.91658	208.07316	882.63851	-233.11075	936.31501	0.07	1.36564	-0.33108	-0.03461	1.40562	73.27886	1.07278	
264.0	2	24.33801	3.9888	-0.63941	-18442.67265	-3896.50092	484.28198	18856.01821	-259.15879	1262.19914	286.15423	1319.92205	0.07	-2.13698	-0.45149	0.05611	-2.18488	-64.45581	1.01674	
264.0	3	19.21381	9.2003	-2.8961	-39.73279	-2334.48682	5.77732	2334.83206	60.3274	-1.40266	-151.8913	163.43907	0.07	-0.00543	-0.31919	0.00079	-0.31924	-311.44342	29.51104	
265.0	1	24.24513	-3.81839	-0.50334	-13031.75282	3157.53335	270.60553	13411.55568	209.47998	884.64274	-234.28082	938.8089	0.07	1.36669	-0.33114	-0.02838	1.40652	72.96386	0.7969	
265.0	2	24.3402	3.99137	-0.52794	-18402.66489	-3890.65559	399.09641	18813.67996	-260.73812	1261.41604	274.26723	1316.95759	0.07	-2.13384	-0.45113	0.04628	-2.1815	-66.0226	0.73348	
265.0	3	19.22505	9.2003	-2.83526	-39.15917	-2315.86671	5.56516	2316.20445	63.06236	-1.42525	-149.3608	162.13433	0.07	-0.00535	-0.31627	0.00076	-0.31631	-314.23994	30.16797	
266.0	1	24.24715	-3.818	-0.3917	-13106.96801	3174.62521	211.88537	13487.61473	211.37649	888.64117	-238.79748	944.13314	0.07	1.37265	-0.33247	-0.02219	1.41251	72.33209	0.50025	
266.0	2	24.34185	3.99317	-0.41636	-18329.00294	-3876.90133	313.384	18737.15353	-260.49806	1254.30935	281.32836	1311.60087	0.07	-2.12603	-0.44969	0.03635	-2.17338	-67.15227	0.47146	
266.0	3	19.23545	9.20026	-2.78388	-38.55555	-2289.68029	5.37249	2290.01118	65.31515	-1.4433	-146.38363	160.30071	0.07	-0.00526	-0.31222	0.00073	-0.31227	-315.33233	30.6516	
267.0	1	24.24867	-3.81815	-0.28072	-13204.34185	3197.86277	152.85908	13586.91783	214.90992	898.23955	-227.02425	951.08389	0.07	1.38199	-0.33469	-0.016	1.42203	72.46145	0.18997	
267.0	2	24.34335	3.99438	-0.30508	-18234.25196	-3857.97854	228.36655	18639.31582	-259.99434	1245.84749	287.47904	1304.75179	0.07	-2.11474	-0.44743	0.02649	-2.16171	-69.26698	0.1639	
267.0	3	19.24507	9.20022	-2.74135	-38.54294	-2293.20851	5.2824	2293.53848	68.79371	-1.49037	-145.04944	160.54325	0.07	-0.00525	-0.31215	0.00072	-0.31219	-320.36398	31.59863	
268.0	1	24.24968	-3.81849	-0.16867	-13373.89433	3239.18357	93.24749	13760.8886	217.06205	902.09459	-204.67133	950.14785	0.06905	1.40008	-0.3391	-0.00976	1.4406	71.28134	0.09032	
268.0	2	24.34436	3.99475	-0.19324	-18085.51288	-3826.74813	143.61824	18486.49246	-241.60384	1150.62092	234.00335	1198.77374	0.06485	-2.09668	-0.44364	0.01665	-2.14316	-68.78227	0.07694	
268.0	3	19.25465	9.20022	-2.70646	-36.34781	-2161.79287	4.91322	2162.104	67.64292	-1.44502	-135.38264	151.34765	0.07	-0.00494	-0.29361	0.00067	-0.29365	-316.56652	31.54489	
269.0	1	24.24995	-3.81923	-0.05735	-13541.78003	3280.88322	32.13256	13933.59371	198.13678	818.9018	-111.92748	849.933	0.061	1.41867	-0.34371	-0.00337	1.45972	70.55453	0.06908	
269.0	2	24.34499	3.99477	-0.08217	-17909.49536	-3789.37542	60.24679	18306.09242	-223.3754	1057.94527	139.60966	1090.24567	0.05956	-2.07437	-0.4389	0.00698	-2.12031	-68.31639	0.06654	
269.0	3	19.26799	9.20022	-2.67076	-32.73029	-1942.61191	4.36079	1942.89251	63.25346	-1.33599	-120.3906	136.00251	0.07	-0.00443	-0.26277	0.00059	-0.26281	-313.81876	31.54235	
270.0	1	24.2498	-3.82034	0.05426	-13768.07129	3337.44508	-30.72928	14166.83701	193.29551	797.09314	-34.22678	820.90932	0.05795	1.44479	-0.35022	0.00322	1.48664	70.91315	0.06387	
270.0	2	24.34533	3.99424	0.02964	-17697.29086	-3743.7878	-21.546	18088.96114	-189.28257	894.49162	46.49882	915.48091	0.05061	-2.04714	-0.43306	-0.00249	-2.09245	-68.84135	0.05323	
270.0	3	19.28556	9.20022	-2.63313	-28.93538	-1711.02495	3.79569	1711.27381	57.89809	-1.21174	-104.86032	119.78875	0.07	-0.00389	-0.23004	0.00051	-0.23007	-315.75796	32.00074	
271.0	1	24.24886	-3.8215	0.16619	-14007.32125	3397.75915	-95.74464	14413.84692	145.76962	602.82917	67.12074	623.82449	0.04328	1.47317	-0.35735	0.01007	1.51593	70.73874	0.04407	
271.0	2	24.34503	3.99321	0.14098	-17411.98007	-3682.32283	-100.93095	17797.3801	-185.97298	881.17403	-65.48521	902.96286	0.05074	-2.0107	-0.42523	-0.01166	-2.05521	-68.8689	0.05339	
271.0	3	19.3071	9.2002	-2.59365	-24.77181	-1457.18474	3.1958	1457.39879	51.00431	-1.06082	-88.34636	102.01786	0.07	-0.0033	-0.19433	0.00043	-0.19436	-315.36563	32.18638	
272.0	1	24.24749	-3.82303	0.27734	-14307.64376	3473.64802	-163.67146	14724.1872	124.43239	520.61325	171.64231	562.12335	0.03818	1.50903	-0.36637	0.01726	1.55296	68.72517	0.03822	
272.0	2	24.34453	3.9919	0.25237	-17116.65333	-3618.49451	-177.59396	17495.85275	-149.32448	715.93359	-195.20036	756.94246	0.04326	-1.97242	-0.41697	-0.02046	-2.01612	-67.12151	0.04405	
272.0	3	19.3325	9.2002	-2.55211	-19.90869	-1163.34672	2.5231	1163.51979	42.30832	-0.87497	-69.59112	81.44743	0.07	-0.00263	-0.15356	0.00033	-0.15358	-306.79792	31.58889	
273.0	1	24.2456	-3.82491	0.38919	-14623.83365	3554.24067	-234.52588	15051.38332	100.85477	433.19334	276.25964	523.591	0.03479	1.54764	-0.37615	0.02482	1.59289	70.45796	0.0345	
273.0	2	24.34342	3.99009	0.36379	-16784.48719	-3546.48047	-250.87826	17156.90747	-126.73417	620.75322	-296.24394	699.3973	0.04076	-1.92915	-0.40762	-0.02884	-1.97195	-68.9808	0.04115	
273.0	9	19.36164	9.2002	-2.50884	-16.43115	-952.43838	2.0433	952.58229	35.55189	-0.73434	-56.40792	66.6808	0.07	-0.00214	-0.12416	0.00027	-0.12418	-314.82824	32.55852	
274.0	1	24.24296	-3.82712	0.50044	-14953.02011	3638.892	-308.58312	15392.51665	60.51884	281.01301	381.21521	477.44725	0.03102	1.58868	-0.38661	0.03279	1.63538	70.33162	0.03049	
274.0	2	24.34191	3.98816	0.47493	-16422.00283	-3468.01976	-320.5445	16787.25965	-106.66487	543.08826	-411.14446	689.46503	0.04107	-1.88175	-0.39739	-0.03673	-1.9236	-69.05449	0.0415	
274.0	9	19.39408	9.2002	-2.46442	-11.91007	-683.98093	1.45166	684.08615	26.29119	-0.54274	-40.01927	47.88594	0.07	-0.00153	-0.08785	0.00019	-0.08786	-314.6064	32.72424	
275.0	1	24.24001	-3.82942	0.61173	-15393.98221	3751.45327	-388.37759	15849.25636	41.27125	222.41395	512.50806	560.21049	0.03535	1.64249	-0.40027	0.04144	1.69107	69.73804	0.03511	
275.0	2	24.34007	3.98583	0.58608	-15990.71735	-3374.76922	-385.10285	16347.4895	-53.51566	316.59696	-552.28842	638.84275	0.03908	-1.82602	-0.38537	-0.04398	-1.86676	-68.73588	0.03923	
275.0	9	19.43003	9.2002	-2.41839	-6.2724	-356.43873	0.74855	356.4947	14.16395	-0.29241	-20.55147	24.96129	0.07	-0.00079	-0.045	9e-05	-0.045	-312.44619	32.78534	
276.0	1	24.23614	-3.8322	0.72266	-15731.13959	3839.92121	-468.94819	16199.80432	-13.10734	20.55714	608.02286	608.51146	0.03756	1.68676	-0.41173	0.05028	1.73702	69.83705	0.03754	
276.0	2	24.3377	3.98263	0.69674	-15587.12786	-3286.77807	-446.32081	15936.14343	-51.02546	331.24351	-657.33788	737.84751	0.0463	-1.77277	-0.37382	-0.05076	-1.81247	-69.01933	0.04772	
276.0	9	19.46996	9.2002	-2.37086	-2.85265	-160.20123	0.33295	160.22697	6.50046	-0.13475	-9.13903	11.21589	0.07	-0.00035	-0.0198	4e-05	-0.0198	-313.20462	32.90959	
277.0	1	24.23193	-3.835	0.8336	-16167.16052	3953.25188	-555.91687	16652.75723	-29.95925	-27.43439	676.18199	677.40112	0.04068	1.74253	-0.42609	0.05992	1.79487	69.61835	0.04105	
277.0	2	24.33504	3.97956	0.80735	-15151.08033	-3192.20599	-502.6818	15491.87217	-21.12597	215.39491	-731.08606	762.44875	0.04922	-1.71574	-0.36149	-0.05692	-1.75433	-68.96077	0.0514	
278.0	1	24.22725	-3.83796	0.94354	-16677.92119	4085.92768	-649.49106	17183.41348	-44.04544	-68.71754	698.71848	703.4697	0.04094	1.80801	-0.44295	0.07041	1.86281	69.32937	0.04135	
278.0	2	24.33195	3.97555	0.91712	-14627.05819	-3078.52726	-551.48845	14957.68367	-13.39686	198.67997	-753.75109	779.61138	0.05212	-1.64824	-0.3469	-0.06214	-1.6855	-68.74141	0.05527	
279.0	1	24.22182	-3.84128	1.05382	-16984.07609	4169.6663	-738.69377	17504.01743	-57.25715	-111.08321	689.43292	700.66798	0.04003	1.85222	-0.45473	0.08056	1.90892	69.55519	0.04031	
279.0	2	24.32845	3.97151	1.0272	-14298.14442	-3006.0971	-603.67093	14623.1998	-12.16985	208.62558	-750.64477	779.19209	0.05328	-1.60221	-0.33686	-0.06765	-1.63864	-68.97069	0.05688	
280.0	1	24.21603	-3.84509	1.16334	-17731.1528	4363.1174	-851.67216	18279.93213	-51.56982	-72.34113	703.03991	708.63093	0.03877	1.94614	-0.47889	0.09348	2.00638	68.92003	0.03888	
280.0	2	24.32465	3.96677	1.1364	-13559.15933	-2847.1907	-633.55649	13869.34355	15.58734	94.38367	-757.75337	763.76791	0.05507	-1.51014	-0.3171	-0.07056	-1.54468	-68.40415	0.05945	
281.0	1	24.20959	-3.84836	1.27257	-18266.80245	4505.3574	-960.02981	18838.68292	-80.41889	-177.47834	697.26235	723.97551	0.03843	2.01809	-0.49775	0.10606	2.08127	68.98221	0.0385	
281.0	2	24.32031	3.96164	1.24522	-12968.14361	-2719.45777	-664.14735	13266.84932	8.71281	142.98286	-755.59251	769.0514	0.05797	-1.43474	-0.30087	-0.07348	-1.46779	-68.50665	0.06391	
282.0	1	24.20275	-3.8524	1.381	-18864.30619	4664.71719	-1076.41846	19462.27919	-74.28251	-138.74958	700.5273	717.98874	0.03689	2.09858	-0.51893	0.11975	2.1651	68.34672	0.0368	
282.0	2	24.31583	3.95586	1.35373	-12384.41984	-2593.12369	-689.59991	12671.76757	33.54247	40.77131	-755.69764	757.53965	0.05978	-1.35993	-0.28475	-0.07573	-1.39149	-67.93855	0.06693	
283.0	1	24.19535	-3.85655	1.48954	-19435.4841	4818.89624	-1196.2152	20059.67931	-86.70871	-176.33694	698.43315	725.54943	0.03617	2.17658	-0.53967	0.13396	2.24649	67.89066	0.036	
283.0	2	24.31079	3.94929	1.4617	-11790.96677	-2464.665	-709.02158	12066.65582	42.32589	14.29679	-753.57366	754.89677	0.06256	-1.28397	-0.26839	-0.07721	-1.31399	-67.55442	0.07205	
284.0	1	24.18753	-3.86033	1.59677	-19424.62385	4827.75209	-1282.15754	20056.59816	-87.16879	-164.72271	700.36683	724.73834	0.03613	2.18867	-0.54397	0.14447	2.25988	67.21625	0.03596	
284.0	2	24.30533	3.94387	1.56868	-11800.53226	-2463.3265	-761.76456	12078.94136	50.37867	-7.94317	-754.73259	756.45383	0.06263	-1.27644	-0.26645	-0.0824	-1.30655	-66.9145	0.07218	
285.0	1	24.17985	-3.86245	1.70358	-19434.84635	4838.47783	-1369.05792	20074.82105	-80.58693	-123.01517	709.23843	724.3246	0.03608	2.1988	-0.54741	0.15489	2.27121	67.13821	0.03591	
285.0	2	24.29902	3.93965	1.67527	-11802.61748	-2461.39051	-813.80929	12083.97734	66.09155	-64.45174	-763.5848	769.1449	0.06365	-1.26993	-0.26484	-0.08756	-1.30021	-66.86817	0.07428	
286.0	1	24.1715	-3.86455	1.80969	-19441.87801	4847.35136	-1455.40175	20089.83898	-94.4288	-166.5336	706.76451	732.23378	0.03645	2.20638	-0.55011	0.16517	2.27991	66.79472	0.03631	
286.0	2	24.29207	3.93665	1.78124	-11767.54764	-2452.65051	-862.89349	12051.35914	63.55136	-36.7867	-762.10886	765.63826	0.06353	-1.26104	-0.26283	-0.09247	-1.29146	-66.54045	0.07403	
287.0	1	24.16324	-3.86569	1.91523	-19522.64698	4872.80019	-1547.08515	20180.96626	-71.05555	-67.52056	683.98188	690.9697	0.03424	2.22034	-0.55419	0.17595	2.29521	66.63321	0.03391	
287.0	2	24.28472	3.93433	1.88597	-11718.89508	-2441.61693	-910.27462	12005.10703	80.69505	-112.15197	-738.04613	750.86739	0.06255	-1.25204	-0.26086	-0.09725	-1.28261	-66.32404	0.07202	
287.0	9	20.06394	9.2002	-1.84725	-1.26619	-61.1688	0.11123	61.18201	2.90479	-0.06585	-3.14648	4.28281	0.07	-0.0001	-0.00462	1e-05	-0.00463	-298.83085	30.45147	
288.0	1	24.15436	-3.86692	2.01963	-19587.22167	4894.13777	-1637.68975	20255.71191	-75.75208	-86.77413	646.69647	656.87476	0.03243	2.23191	-0.55767	0.18661	2.30809	63.91392	0.03197	
288.0	2	24.27663	3.93263	1.99063	-11619.73118	-2420.57314	-952.83243	11907.35977	68.08882	-57.37203	-684.59106	690.35683	0.05798	-1.23794	-0.25788	-0.10151	-1.26858	-63.54402	0.06392	
288.0	9	20.08369	9.2002	-1.82567	-2.87583	-138.24867	0.24934	138.27881	6.63684	-0.15077	-7.04593	9.68068	0.07	-0.00021	-0.01021	2e-05	-0.01021	-286.42829	29.27595	
289.0	1	24.14522	-3.86786	2.12377	-19666.4107	4918.57248	-1729.41025	20345.78395	-63.14263	-31.65605	628.00964	631.96931	0.03106	2.2445	-0.56135	0.19738	2.32204	65.43413	0.03053	
289.0	2	24.26841	3.93117	2.09394	-11564.79659	-2408.917	-997.92344	11855.09394	81.41821	-108.63499	-681.30709	694.70126	0.0586	-1.22929	-0.25606	-0.10608	-1.26015	-65.02135	0.06494	
289.0	9	20.10054	9.2002	-1.80585	-3.69307	-176.80613	0.31634	176.84498	8.58181	-0.19521	-8.91982	12.37937	0.07	-0.00027	-0.01279	2e-05	-0.01279	-293.13455	30.09507	
290.0	1	24.13575	-3.86868	2.22634	-19726.41267	4938.01745	-1819.62425	20416.32694	-73.20399	-71.65823	599.13605	607.83035	0.02977	2.25472	-0.56441	0.20798	2.33357	65.1712	0.02918	
290.0	2	24.25944	3.92983	2.19667	-11467.90817	-2388.69183	-1038.4983	11759.98492	68.13613	-46.7699	-644.83494	650.10927	0.05528	-1.21643	-0.25337	-0.11016	-1.24741	-64.67779	0.05976	
290.0	9	20.1157	9.2002	-1.78719	-5.01341	-239.1415	0.42454	239.19442	11.71443	-0.26682	-11.96014	16.74348	0.07	-0.00036	-0.01697	3e-05	-0.01698	-291.74445	30.05178	
291.0	1	24.12588	-3.86933	2.32901	-19782.40811	4956.16579	-1909.37227	20482.99178	-65.76407	-33.25704	595.03549	599.58167	0.02927	2.26364	-0.56712	0.21848	2.3438	62.0073	0.02866	
291.0	2	24.25033	3.92872	2.29881	-11410.26112	-2376.82078	-1081.62537	11705.26588	78.96727	-95.26749	-623.69417	635.85073	0.05432	-1.20788	-0.25161	-0.1145	-1.23911	-61.57365	0.05836	
291.0	9	20.12897	9.2002	-1.76983	-5.45506	-259.39009	0.45701	259.44784	12.87015	-0.29323	-12.81089	18.16165	0.07	-0.00038	-0.0181	3e-05	-0.01811	-277.63955	28.81122	
292.0	1	24.11584	-3.87006	2.42994	-19856.99652	4978.9624	-2000.69275	20569.2282	-63.81937	-27.70249	564.47018	568.74153	0.02765	2.27479	-0.57038	0.2292	2.35638	62.91979	0.02699	
292.0	2	24.24071	3.92755	2.39931	-11324.66523	-2359.16862	-1121.05306	11621.98258	79.103	-92.1504	-605.16017	617.2259	0.05311	-1.19678	-0.24932	-0.11847	-1.2282	-62.40974	0.05663	
292.0	9	20.14088	9.2002	-1.75355	-6.49914	-308.17787	0.53901	308.24687	15.4283	-0.35174	-15.08159	21.57801	0.07	-0.00045	-0.02118	4e-05	-0.02118	-281.54838	29.3468	
293.0	1	24.10528	-3.8706	2.53038	-19895.82486	4992.62091	-2088.24922	20618.70256	-78.2432	-75.42834	565.12792	575.48327	0.02791	2.28134	-0.57247	0.23945	2.36423	63.268	0.02726	
293.0	2	24.23077	3.92676	2.4997	-11261.19182	-2346.3785	-1161.68251	11561.55005	78.46355	-74.84203	-609.44823	619.01939	0.05354	-1.1881	-0.24755	-0.12256	-1.21979	-62.76938	0.05724	
293.0	9	20.15168	9.20018	-1.73819	-6.43673	-304.45898	0.52874	304.52747	15.41374	-0.35144	-14.72094	21.31696	0.07	-0.00044	-0.02063	4e-05	-0.02063	-283.11495	29.72449	
294.0	1	24.09462	-3.8713	2.62969	-19978.1062	5017.27168	-2180.25408	20713.55233	-70.76309	-42.05446	551.63929	557.74716	0.02693	2.29307	-0.57588	0.25025	2.37748	62.68593	0.02625	
294.0	2	24.22052	3.92595	2.59829	-11189.94413	-2331.98512	-1200.60152	11493.23489	86.37139	-113.04654	-585.43004	602.46815	0.05242	-1.17886	-0.24567	-0.12648	-1.21081	-62.15578	0.05568	
294.0	9	20.16158	9.20017	-1.72361	-7.13301	-336.63302	0.5806	336.70908	17.20783	-0.39239	-16.10094	23.56912	0.07	-0.00048	-0.0225	4e-05	-0.02251	-280.40647	29.62348	
295.0	1	24.08346	-3.8716	2.728	-20006.06203	5027.99232	-2265.97115	20752.29746	-91.76354	-115.62664	553.6069	572.9491	0.02761	2.29808	-0.57756	0.26029	2.3838	62.15919	0.02695	
295.0	2	24.20992	3.92526	2.69673	-11121.60951	-2318.3078	-1238.80217	11428.00858	83.19649	-79.38999	-598.34284	609.29351	0.05332	-1.16992	-0.24387	-0.13031	-1.20215	-61.67911	0.05693	
295.0	9	20.17102	9.20017	-1.70953	-6.85294	-322.72047	0.55287	322.7937	16.67797	-0.38026	-15.24005	22.59554	0.07	-0.00045	-0.0213	4e-05	-0.0213	-278.13636	29.62275	
296.0	1	24.07222	-3.87228	2.82547	-20086.78472	5052.2707	-2357.39076	20846.14235	-79.92459	-65.71615	540.17867	549.99959	0.02638	2.30945	-0.58088	0.27104	2.39675	61.35581	0.02569	
296.0	2	24.19909	3.92462	2.79326	-11054.17491	-2304.87012	-1276.15012	11363.79199	97.16819	-142.98926	-583.42864	608.50354	0.05355	-1.16125	-0.24213	-0.13406	-1.19378	-60.87062	0.05725	
296.0	9	20.17967	9.20017	-1.6962	-7.37323	-346.54684	0.58985	346.62578	18.07981	-0.41221	-16.17682	24.26394	0.07	-0.00048	-0.0226	4e-05	-0.02261	-274.49246	29.44169	
297.0	1	24.06053	-3.87245	2.92163	-20112.48079	5062.36336	-2442.03362	20883.07771	-105.50241	-155.51115	546.5368	577.94199	0.02768	2.314	-0.58244	0.28096	2.40266	62.06136	0.02701	
297.0	2	24.18785	3.92417	2.8897	-10979.77562	-2290.10739	-1311.70739	11292.50374	91.52508	-98.51664	-594.1197	609.14743	0.05394	-1.15181	-0.24024	-0.1376	-1.18462	-61.58917	0.05782	
297.0	9	20.18834	9.20017	-1.68296	-6.92958	-325.05155	0.5497	325.12587	17.12988	-0.39051	-14.97879	22.7585	0.07	-0.00045	-0.02094	4e-05	-0.02095	-277.67306	30.02493	
298.0	1	24.04875	-3.87312	3.01694	-20188.49572	5085.57412	-2532.3705	20972.63273	-94.75113	-104.11885	546.27816	564.12617	0.0269	2.32464	-0.58559	0.29159	2.41494	59.47939	0.02622	
298.0	2	24.17651	3.92367	2.9842	-10913.89259	-2277.10706	-1347.27136	11230.02262	108.21524	-174.35755	-581.93077	617.05309	0.05495	-1.14335	-0.23855	-0.14114	-1.17647	-59.06849	0.05927	
298.0	9	20.19638	9.20017	-1.67038	-7.20166	-337.19981	0.56669	337.27718	17.94118	-0.40896	-15.34097	23.60929	0.07	-0.00046	-0.02148	4e-05	-0.02148	-266.18879	29.02034	
299.0	1	24.03661	-3.87336	3.11076	-20223.1566	5098.09003	-2617.04967	21019.40851	-119.19265	-190.8401	549.29475	593.59208	0.02824	2.33014	-0.58741	0.30154	2.42189	59.01338	0.0276	
299.0	2	24.16479	3.92314	3.07812	-10832.61061	-2260.8997	-1379.86012	11151.73233	103.82429	-130.19485	-601.74983	624.36611	0.05599	-1.13327	-0.23653	-0.14436	-1.16666	-58.66041	0.06082	
299.0	9	20.20458	9.20017	-1.65798	-6.92586	-323.66984	0.54059	323.74438	17.37845	-0.39615	-14.54104	22.66295	0.07	-0.00044	-0.02037	3e-05	-0.02038	-264.21035	29.03692	
300.0	1	24.02434	-3.87406	3.20391	-20295.14244	5120.42562	-2706.28543	21105.34401	-108.953	-142.56665	547.32395	575.98569	0.02729	2.34026	-0.59044	0.31207	2.43368	59.6242	0.02662	
300.0	2	24.15295	3.9228	3.17055	-10768.57011	-2248.41233	-1413.70367	11091.25864	119.73921	-207.26469	-582.44427	629.7122	0.05678	-1.12504	-0.2349	-0.1477	-1.15875	-59.23737	0.06203	
300.0	9	20.21207	9.20017	-1.6464	-7.08808	-330.67973	0.54901	330.75614	17.90554	-0.40816	-14.67121	23.15209	0.07	-0.00044	-0.02058	3e-05	-0.02059	-266.84679	29.54957	
301.0	1	24.01178	-3.87425	3.29551	-20333.12274	5133.8588	-2790.38909	21156.05488	-132.60228	-224.80115	552.65452	611.18405	0.02889	2.34613	-0.59237	0.32197	2.44109	58.4941	0.02827	
301.0	2	24.14085	3.92228	3.26217	-10689.05554	-2232.60808	-1444.41617	11014.84385	117.68966	-173.92946	-602.0945	637.6677	0.05789	-1.11517	-0.23292	-0.15069	-1.14916	-58.18822	0.06379	
301.0	9	20.22002	9.20017	-1.63466	-6.65552	-309.91365	0.51146	309.98552	16.93011	-0.38597	-13.56679	21.69874	0.07	-0.00041	-0.01906	3e-05	-0.01906	-261.93937	29.25746	
302.0	1	23.99912	-3.87497	3.38606	-20402.97759	5155.85398	-2878.40746	21240.28141	-127.87055	-198.06468	551.60617	599.87487	0.02824	2.35607	-0.59538	0.33239	2.45276	57.3496	0.0276	
302.0	2	24.12866	3.92181	3.35223	-10622.90025	-2219.62157	-1475.91629	10952.21706	131.71684	-233.87241	-596.31203	653.93705	0.05971	-1.10671	-0.23124	-0.15376	-1.14102	-57.08559	0.0668	
302.0	9	20.2275	9.20017	-1.62351	-6.72452	-312.56868	0.51287	312.64143	17.21445	-0.39251	-13.50747	21.88477	0.07	-0.00041	-0.019	3e-05	-0.01901	-256.86759	28.92483	
303.0	1	23.98615	-3.87532	3.47527	-20434.26257	5167.92906	-2960.43129	21284.51857	-149.3101	-270.32445	558.71055	638.37786	0.02999	2.36108	-0.59713	0.34206	2.45933	56.39238	0.02941	
303.0	2	24.11625	3.92115	3.44122	-10538.24276	-2202.66693	-1503.78682	10870.49571	130.34245	-209.00512	-607.2747	655.32806	0.06029	-1.09618	-0.22912	-0.15642	-1.13074	-56.1929	0.06781	
303.0	9	20.23549	9.20017	-1.61216	-6.36114	-295.09736	0.4814	295.16631	16.38253	-0.37367	-12.58479	20.66166	0.07	-0.00038	-0.01772	3e-05	-0.01772	-252.69971	28.6914	
304.0	1	23.9732	-3.87618	3.56323	-20517.83854	5193.67844	-3049.50212	21383.53239	-145.06755	-249.19267	551.64612	622.45885	0.02911	2.37253	-0.60056	0.35262	2.47263	55.69344	0.02849	
304.0	2	24.10365	3.92069	3.5289	-10463.03394	-2187.81178	-1531.91334	10798.535	141.46495	-257.94023	-597.83267	666.29528	0.0617	-1.0868	-0.22725	-0.15912	-1.12164	-55.51062	0.07039	
304.0	9	20.24283	9.20016	-1.60155	-6.63602	-307.29356	0.49855	307.36561	17.17662	-0.39194	-12.95109	21.51559	0.07	-0.00039	-0.01824	3e-05	-0.01824	-249.56861	28.53719	
305.0	1	23.95994	-3.8764	3.65002	-20552.35281	5206.53127	-3130.70371	21431.48337	-171.89134	-340.85078	561.57383	679.03686	0.03168	2.37805	-0.60243	0.36224	2.47977	55.18842	0.03119	
305.0	2	24.09098	3.92004	3.6153	-10381.30623	-2171.47994	-1557.98945	10719.80295	138.70861	-220.61518	-616.76614	669.56075	0.06246	-1.07667	-0.22521	-0.16158	-1.11177	-55.0775	0.07185	
305.0	9	20.25047	9.20015	-1.5909	-6.09972	-281.9138	0.45489	281.98015	15.87703	-0.36244	-11.72218	19.73882	0.07	-0.00036	-0.01652	3e-05	-0.01653	-247.45136	28.53497	
306.0	1	23.94672	-3.87722	3.73552	-20623.96218	5229.34327	-3216.95397	21518.42559	-161.54161	-295.56793	555.18413	649.37317	0.03018	2.3882	-0.60554	0.37252	2.49178	53.92242	0.02961	
306.0	2	24.07811	3.9196	3.70056	-10298.8478	-2155.1135	-1582.85778	10640.31104	154.52914	-293.58316	-605.71904	690.62717	0.06491	-1.06659	-0.22319	-0.16393	-1.10196	-53.86071	0.07708	
306.0	9	20.25771	9.20014	-1.58078	-6.39229	-294.8898	0.47337	294.95945	16.71596	-0.3818	-12.11378	20.64734	0.07	-0.00037	-0.01708	3e-05	-0.01708	-241.85013	28.09583	
307.0	1	23.93319	-3.8776	3.81973	-20643.90047	5238.77049	-3294.47143	21551.5402	-178.42013	-343.45111	571.87498	690.53125	0.03204	2.39176	-0.60695	0.38169	2.49692	53.59089	0.03156	
307.0	2	24.06528	3.91915	3.78434	-10218.03642	-2139.07667	-1606.89037	10562.48143	160.80559	-302.38618	-620.01127	708.31477	0.06706	-1.05634	-0.22114	-0.16612	-1.09195	-53.63219	0.08276	
307.0	9	20.26517	9.20013	-1.57079	-5.77843	-266.0448	0.42492	266.10789	15.1934	-0.3472	-10.77124	18.62738	0.07	-0.00033	-0.01521	2e-05	-0.01522	-240.57253	28.20695	
308.0	1	23.91968	-3.87862	3.90265	-20672.37095	5250.99287	-3372.41589	21593.81939	-164.65102	-292.12593	554.43218	647.95259	0.03001	2.39666	-0.60878	0.39098	2.50349	52.21787	0.02943	
308.0	2	24.05209	3.91888	3.86694	-10101.43664	-2115.66411	-1624.04815	10447.61165	174.27445	-371.61446	-599.86577	726.84788	0.06957	-1.04266	-0.21838	-0.16763	-1.07839	-52.35279	0.09354	
308.0	9	20.27222	9.20012	-1.56145	-6.32633	-290.71412	0.46216	290.78331	16.6947	-0.3818	-11.63879	20.35486	0.07	-0.00036	-0.01642	3e-05	-0.01643	-234.58119	27.69619	
309.0	1	23.90595	-3.87954	3.98391	-20633.79049	5246.12503	-3438.35293	21566.11715	-179.33941	-342.40944	553.79104	675.34537	0.03132	2.39281	-0.60837	0.39873	2.50092	51.11902	0.0308	
309.0	2	24.03903	3.91907	3.94796	-9970.26	-2089.44127	-1637.48046	10317.6156	174.22324	-360.08292	-601.33782	722.23308	0.07	-1.02685	-0.21519	-0.16865	-1.06262	-51.98955	0.14934	
309.0	9	20.27827	9.20012	-1.55494	-6.17182	-283.07663	0.44879	283.14426	16.36764	-0.37457	-11.17117	19.82007	0.07	-0.00034	-0.01582	3e-05	-0.01582	-231.2511	27.66759	
310.0	1	23.89206	-3.88108	4.06416	-20599.8959	5243.13322	-3503.74524	21543.4999	-178.76892	-345.69885	533.73632	660.56073	0.03066	2.38953	-0.60819	0.40642	2.49899	50.20486	0.03011	
310.0	2	24.02556	3.91958	4.02754	-9820.21027	-2059.43827	-1646.31532	10167.99733	175.48616	-372.88382	-580.31397	711.75982	0.07	-1.00915	-0.21163	-0.16918	-1.04489	-51.2265	0.16388	
310.0	9	20.28387	9.20011	-1.55063	-6.68369	-305.93922	0.4845	306.01261	17.77831	-0.40731	-11.94235	21.42088	0.07	-0.00037	-0.01692	3e-05	-0.01692	-227.41487	27.41248	
311.0	1	23.87818	-3.88286	4.14253	-20531.19359	5231.45299	-3561.77177	21484.51136	-181.62224	-360.79746	516.9973	656.0851	0.03054	2.38122	-0.60675	0.4131	2.49179	48.97173	0.02998	
311.0	2	24.01207	3.92091	4.10609	-9659.83968	-2027.68639	-1651.83251	10007.62536	175.58599	-377.55563	-563.355	700.53377	0.07	-0.98987	-0.20778	-0.16927	-1.0255	-50.70904	0.22389	
311.0	9	20.28792	9.20011	-1.54999	-7.02999	-321.17996	0.50933	321.25729	18.77548	-0.43057	-12.36958	22.48801	0.07	-0.00039	-0.01762	3e-05	-0.01762	-223.3909	27.28423	
312.0	1	23.86403	-3.88506	4.22008	-20412.3232	5207.44961	-3609.37533	21373.06857	-173.764	-343.8062	486.66967	620.68027	0.02904	2.36645	-0.60371	0.41844	2.47784	48.07636	0.02842	
312.0	2	23.99846	3.92265	4.18243	-9464.44145	-1988.76024	-1649.64512	9810.81792	176.22941	-398.12345	-531.10868	686.75725	0.07	-0.96672	-0.20314	-0.1685	-1.0021	-50.17416	0.26294	
312.0	9	20.29115	9.20012	-1.55271	-7.7679	-354.16579	0.5638	354.25141	20.81028	-0.47788	-13.47681	24.79759	0.07	-0.00042	-0.0193	3e-05	-0.0193	-220.06541	27.15472	
313.0	1	23.84992	-3.88813	4.29585	-20293.49342	5184.06478	-3655.11666	21261.70926	-160.71534	-311.90389	449.92976	570.57011	0.02684	2.35067	-0.60049	0.42339	2.46282	46.9493	0.02615	
313.0	2	23.98439	3.92595	4.25846	-9265.43488	-1949.8628	-1645.02544	9610.22149	176.57918	-425.48433	-490.23364	672.7155	0.07	-0.94283	-0.19841	-0.16739	-0.97791	-49.38425	0.30815	
313.0	9	20.29216	9.20012	-1.55874	-8.71571	-396.70196	0.63521	396.7982	23.43189	-0.53867	-14.90491	27.77589	0.07	-0.00047	-0.02155	3e-05	-0.02155	-215.59784	26.90115	
314.0	1	23.83547	-3.89123	4.37039	-20214.08187	5170.83921	-3706.16397	21191.56284	-181.07364	-380.47184	456.77384	621.44092	0.02932	2.33871	-0.59825	0.42879	2.4518	46.02104	0.02872	
314.0	2	23.97053	3.92954	4.33199	-9137.70388	-1926.01187	-1651.47327	9483.38115	174.62864	-398.78356	-501.15431	663.83668	0.07	-0.92595	-0.19517	-0.16735	-0.96098	-48.61313	0.30815	
314.0	9	20.29259	9.20013	-1.5668	-8.35632	-379.65362	0.61239	379.74607	22.54106	-0.51885	-14.07998	26.58222	0.07	-0.00045	-0.02058	3e-05	-0.02058	-211.61375	26.67365	
315.0	1	23.8213	-3.8942	4.44357	-20263.16771	5190.26068	-3779.52446	21256.048	-196.29335	-434.34371	455.92192	659.58346	0.03103	2.34279	-0.60009	0.43698	2.45759	45.86647	0.0305	
315.0	2	23.95662	3.93211	4.40464	-9055.07981	-1911.07435	-1664.90799	9403.1162	174.30113	-388.79583	-501.70514	658.21815	0.07	-0.9142	-0.19294	-0.16809	-0.94933	-47.93661	0.25869	
315.0	9	20.29376	9.20013	-1.57266	-8.1064	-367.65286	0.59643	367.7427	21.9171	-0.50514	-13.49202	25.74197	0.07	-0.00044	-0.01986	3e-05	-0.01987	-209.60577	26.51984	
316.0	1	23.80734	-3.8963	4.51485	-20297.38114	5205.04466	-3849.07124	21304.73	-225.90039	-534.21456	468.83405	745.80262	0.03501	2.34545	-0.60147	0.44478	2.46186	44.66726	0.03474	
316.0	2	23.94306	3.93443	4.47579	-8981.53253	-1897.82919	-1678.95917	9332.12657	171.60912	-346.13642	-526.75797	653.24886	0.07	-0.90387	-0.19099	-0.16896	-0.93915	-46.90782	0.2555	
316.0	9	20.29563	9.20014	-1.57682	-7.4637	-337.89779	0.55068	337.98066	20.2389	-0.467	-12.24334	23.65862	0.07	-0.0004	-0.01817	3e-05	-0.01818	-204.50712	26.12516	
317.0	1	23.79343	-3.89816	4.58507	-20337.27469	5221.18581	-3918.74099	21359.35519	-246.10105	-601.53856	475.73443	805.4425	0.03771	2.34983	-0.60327	0.45278	2.46793	43.62157	0.0377	
317.0	2	23.92967	3.93573	4.54503	-8901.76589	-1882.71128	-1690.864	9254.46156	170.09778	-324.35991	-534.339	647.81229	0.07	-0.89306	-0.18888	-0.16963	-0.92844	-45.5777	0.2234	
317.0	9	20.29871	9.20014	-1.57978	-7.16651	-323.76988	0.52978	323.84962	19.46937	-0.44993	-11.60366	22.66945	0.07	-0.00038	-0.0173	3e-05	-0.0173	-199.11042	25.56675	
318.0	1	23.77991	-3.8998	4.65346	-20401.62057	5243.27206	-3992.16497	21439.57567	-254.80826	-635.11371	468.02361	829.06138	0.03867	2.3573	-0.60583	0.46127	2.47723	42.29833	0.03877	
318.0	2	23.91641	3.93649	4.61339	-8817.24298	-1866.26439	-1700.83513	9171.67142	170.13793	-321.91408	-528.78184	642.017	0.07	-0.88206	-0.1867	-0.17015	-0.91752	-44.23181	0.21978	
318.0	9	20.30183	9.20014	-1.5815	-7.3381	-330.88896	0.54306	330.97077	19.97015	-0.46214	-11.73603	23.16797	0.07	-0.00039	-0.01755	3e-05	-0.01756	-193.08374	24.95771	
319.0	1	23.76622	-3.90111	4.72042	-20421.197	5253.6778	-4055.81533	21472.68161	-286.10531	-740.59572	481.22544	928.39442	0.04324	2.35962	-0.60705	0.46864	2.48111	41.55115	0.04402	
319.0	2	23.90346	3.93736	4.6799	-8735.21235	-1850.35113	-1710.24959	9091.35236	165.41776	-271.24416	-551.41794	636.39467	0.07	-0.87156	-0.18462	-0.17064	-0.90709	-44.01704	0.24811	
319.0	9	20.30513	9.20014	-1.58417	-6.73188	-302.91287	0.49907	302.98807	18.35929	-0.4255	-10.61056	21.20916	0.07	-0.00035	-0.01595	3e-05	-0.01596	-190.87117	24.95703	
320.0	1	23.75276	-3.90261	4.78602	-20403.02948	5254.5529	-4110.70025	21466.06147	-280.27682	-728.62558	459.75004	905.99141	0.04221	2.35825	-0.60734	0.47513	2.48112	40.4281	0.04281	
320.0	2	23.89043	3.93758	4.74496	-8605.52117	-1823.99224	-1709.1871	8961.20878	167.42381	-295.9387	-527.13902	627.28461	0.07	-0.85621	-0.18148	-0.17006	-0.8916	-42.76345	0.24334	
320.0	9	20.30866	9.20014	-1.58686	-7.29046	-327.32974	0.54143	327.41137	19.90224	-0.46206	-11.35603	22.91881	0.07	-0.00038	-0.0171	3e-05	-0.0171	-185.51535	24.38574	
321.0	1	23.73944	-3.90477	4.84956	-20276.27762	5227.86271	-4142.02849	21345.1255	-259.61073	-673.35698	420.9825	835.48406	0.03914	2.34262	-0.604	0.47855	2.46611	39.62758	0.0393	
321.0	2	23.87738	3.93948	4.80826	-8416.37726	-1785.8146	-1694.87824	8769.10213	169.35778	-341.59703	-481.067	613.83715	0.07	-0.83463	-0.1771	-0.16808	-0.86961	-42.38867	0.29628	
321.0	9	20.30952	9.20015	-1.59371	-8.294	-371.71134	0.61879	371.80438	22.68298	-0.52735	-12.75017	26.02618	0.07	-0.00043	-0.01936	3e-05	-0.01937	-182.79581	24.29165	
322.0	1	23.72586	-3.90729	4.91197	-20139.06681	5198.86081	-4169.18801	21213.02181	-259.93064	-684.39914	402.15617	835.28181	0.03938	2.32485	-0.60015	0.48129	2.44882	38.20362	0.03957	
322.0	2	23.86441	3.94205	4.87005	-8247.25973	-1752.13282	-1683.07006	8597.67337	167.9097	-344.84227	-463.78665	601.83712	0.07	-0.81475	-0.17309	-0.16627	-0.84936	-41.43669	0.339	
322.0	9	20.30961	9.20016	-1.60303	-8.55483	-382.6599	0.64225	382.75605	23.44601	-0.54591	-12.95554	26.79289	0.07	-0.00044	-0.0199	3e-05	-0.0199	-177.38131	23.87648	
323.0	1	23.71232	-3.911	4.97285	-19877.39495	5138.62477	-4168.26748	20949.71952	-227.16382	-596.8848	347.4484	727.04556	0.0347	2.29169	-0.59244	0.48056	2.41532	36.57237	0.03441	
323.0	2	23.85113	3.94579	4.93031	-7996.08919	-1701.4874	-1652.88533	8340.53545	166.04649	-398.67747	-392.87534	583.83748	0.07	-0.78612	-0.16728	-0.1625	-0.81999	-39.69261	0.37191	
323.0	9	20.3078	9.20017	-1.61465	-9.96207	-444.86434	0.75373	444.9765	27.36365	-0.63796	-14.86818	31.14866	0.07	-0.00052	-0.02318	4e-05	-0.02318	-169.70635	23.05557	
324.0	1	23.69909	-3.9147	5.03159	-19895.51027	5150.48259	-4223.96517	20980.95997	-248.44594	-671.65148	351.24092	797.62853	0.03802	2.29027	-0.5929	0.48624	2.41522	37.13567	0.03804	
324.0	2	23.83819	3.95009	4.98842	-7917.98954	-1687.78524	-1657.05848	8263.71709	165.2675	-370.36789	-412.46875	578.46019	0.07	-0.77476	-0.16515	-0.16214	-0.80859	-40.20575	0.34839	
324.0	9	20.30534	9.20018	-1.62626	-9.53558	-425.19015	0.72705	425.29768	26.21706	-0.61205	-14.08976	29.76962	0.07	-0.0005	-0.02223	4e-05	-0.02223	-171.93397	23.48442	
325.0	1	23.68589	-3.91767	5.08933	-19897.616	5157.65742	-4275.1084	20995.07334	-279.31244	-770.3094	370.67125	899.32707	0.04284	2.28793	-0.59305	0.49157	2.41412	35.42726	0.04355	
325.0	2	23.82564	3.95318	5.0457	-7852.58221	-1676.13826	-1663.0496	8199.89151	163.69277	-330.51079	-439.81198	573.9924	0.07	-0.765	-0.16329	-0.16201	-0.79883	-38.70039	0.3378	
325.0	9	20.30456	9.20018	-1.63619	-8.68422	-386.5131	0.66648	386.61122	23.91081	-0.55907	-12.66379	27.06309	0.07	-0.00045	-0.0202	3e-05	-0.02021	-164.66287	22.71915	
326.0	1	23.67309	-3.92041	5.14548	-19910.86314	5167.47727	-4327.3802	21020.74004	-292.07705	-815.03787	370.62065	941.7831	0.0448	2.28806	-0.59382	0.49728	2.4156	34.56541	0.04589	
326.0	2	23.81317	3.95531	5.10147	-7769.28767	-1660.19253	-1664.38201	8117.15699	162.65977	-318.71507	-441.37836	568.20098	0.07	-0.75385	-0.16109	-0.16149	-0.78761	-37.42816	0.29581	
326.0	9	20.30475	9.20018	-1.64456	-8.60696	-382.326	0.66417	382.42344	23.70105	-0.55516	-12.43238	26.76961	0.07	-0.00045	-0.01995	3e-05	-0.01995	-159.82049	22.10121	
327.0	1	23.66075	-3.92274	5.1998	-19938.3901	5180.4466	-4381.5405	21061.20423	-300.41423	-846.25489	366.49164	969.90317	0.04605	2.29022	-0.59505	0.50328	2.41919	33.65159	0.04741	
327.0	2	23.80133	3.95657	5.15511	-7690.14457	-1644.6771	-1665.71581	8038.5257	162.14843	-316.55481	-436.03742	562.6968	0.07	-0.74362	-0.15904	-0.16107	-0.77731	-36.32522	0.27795	
327.0	9	20.30501	9.20018	-1.65177	-8.6588	-383.93983	0.6713	384.03804	23.85681	-0.55967	-12.37806	26.88265	0.07	-0.00045	-0.02	3e-05	-0.02	-155.26939	21.57111	
328.0	1	23.64846	-3.92461	5.25269	-19928.8843	5183.41557	-4426.23684	21062.28381	-322.93026	-921.78237	374.50747	1046.05092	0.04966	2.28803	-0.59511	0.50818	2.41816	32.71081	0.05198	
328.0	2	23.78986	3.95738	5.20752	-7608.79263	-1628.42508	-1665.67135	7957.38365	159.60824	-282.93461	-452.48312	557.01684	0.07	-0.73321	-0.15692	-0.16051	-0.7668	-35.71777	0.2912	
328.0	9	20.30567	9.20018	-1.65878	-8.22613	-364.05689	0.64065	364.15038	22.68003	-0.53292	-11.62173	25.48985	0.07	-0.00043	-0.01891	3e-05	-0.01892	-151.77589	21.28968	
329.0	1	23.63647	-3.92662	5.30403	-19910.75823	5184.26593	-4467.63256	21054.08861	-327.34466	-944.40176	362.97759	1063.39171	0.05051	2.28563	-0.59512	0.51286	2.41688	31.2287	0.05309	
329.0	2	23.77838	3.95808	5.25878	-7514.10363	-1609.24024	-1661.80106	7862.12377	158.86519	-282.43611	-444.8318	550.34865	0.07	-0.72167	-0.15455	-0.1596	-0.7551	-34.11676	0.27898	
329.0	9	20.30657	9.20018	-1.66611	-8.36675	-369.51563	0.65467	369.61092	23.07153	-0.54312	-11.69719	25.87305	0.07	-0.00043	-0.01913	3e-05	-0.01914	-144.8808	20.43131	
330.0	1	23.62486	-3.92864	5.35368	-19911.72885	5189.9091	-4511.89367	21065.83221	-326.90941	-953.85954	345.50617	1065.87631	0.0506	2.28537	-0.59567	0.51785	2.41784	30.22022	0.05321	
330.0	2	23.76723	3.95891	5.30781	-7419.73763	-1590.1517	-1657.07542	7767.04499	158.50642	-289.05663	-432.34734	543.69315	0.07	-0.71044	-0.15226	-0.15866	-0.74369	-32.96833	0.27025	
330.0	9	20.30704	9.20018	-1.67297	-8.70318	-383.6723	0.68399	383.77161	24.0025	-0.56597	-12.05769	26.86686	0.07	-0.00045	-0.01983	4e-05	-0.01983	-140.04291	19.83891	
331.0	1	23.61347	-3.93045	5.40169	-19881.84102	5187.18578	-4547.8995	21044.66413	-331.57497	-966.8182	346.80962	1079.33142	0.05129	2.2811	-0.59514	0.52179	2.41451	28.57787	0.05413	
331.0	2	23.75642	3.95971	5.35539	-7331.04591	-1572.20856	-1652.78283	7677.74479	158.25829	-298.72104	-417.8087	537.44214	0.07	-0.69971	-0.15006	-0.15775	-0.7328	-31.24745	0.26483	
331.0	9	20.30694	9.20018	-1.68023	-8.72859	-384.14325	0.68917	384.24302	24.09207	-0.56886	-11.94684	26.89755	0.07	-0.00045	-0.01983	4e-05	-0.01983	-132.54114	18.90635	
332.0	1	23.60226	-3.93219	5.44821	-19848.80936	5183.59436	-4581.51733	21019.87594	-342.10125	-1010.3909	338.93702	1119.28609	0.05325	2.27659	-0.59454	0.52548	2.4109	28.08592	0.05683	
332.0	2	23.74594	3.96028	5.4017	-7238.36436	-1553.2542	-1646.64774	7584.06	156.31872	-279.79674	-423.22131	530.8842	0.07	-0.68848	-0.14774	-0.15662	-0.72136	-31.18132	0.29331	
332.0	9	20.30705	9.20018	-1.68792	-8.6899	-381.7299	0.68948	381.82942	23.98956	-0.56737	-11.77139	26.72801	0.07	-0.00045	-0.01967	4e-05	-0.01968	-131.26092	18.90909	
333.0	1	23.59135	-3.93417	5.49315	-19820.87467	5181.47965	-4614.89256	21000.2866	-340.63656	-1013.50972	325.08549	1117.54901	0.05322	2.27273	-0.59413	0.52916	2.40797	27.28022	0.05679	
333.0	2	23.73549	3.96107	5.44618	-7143.86056	-1533.9851	-1639.25274	7488.32448	155.82536	-289.13958	-408.51472	524.18271	0.07	-0.67723	-0.14542	-0.1554	-0.70989	-30.07737	0.27269	
333.0	9	20.30692	9.20018	-1.69591	-8.99302	-394.32163	0.71715	394.42482	24.81999	-0.58802	-12.07935	27.60957	0.07	-0.00046	-0.0203	4e-05	-0.0203	-126.98224	18.33529	
334.0	1	23.58084	-3.93619	5.53638	-19787.25057	5177.68669	-4645.44059	20974.36156	-333.00957	-1001.53728	302.16672	1097.85109	0.05234	2.26808	-0.59348	0.53248	2.40415	26.50673	0.05557	
334.0	2	23.72529	3.96221	5.48907	-7044.0417	-1513.66878	-1629.77492	7386.87234	155.27309	-306.64567	-386.30498	517.08107	0.07	-0.66574	-0.14306	-0.15403	-0.69814	-29.12354	0.26693	
334.0	9	20.30618	9.20018	-1.70363	-9.46726	-414.46899	0.75865	414.5778	26.13097	-0.61996	-12.60854	29.02046	0.07	-0.00049	-0.02134	4e-05	-0.02134	-123.107	17.84082	
335.0	1	23.57057	-3.93814	5.57785	-19750.1145	5172.76328	-4673.64295	20944.38925	-336.79408	-1021.67796	292.45355	1114.80275	0.05323	2.26248	-0.59257	0.53539	2.39929	25.247	0.0568	
335.0	2	23.71539	3.9636	5.53044	-6956.07639	-1495.95241	-1622.20115	7297.69888	154.11223	-303.8946	-380.59683	510.83897	0.07	-0.65522	-0.14091	-0.1528	-0.6874	-27.90666	0.26913	
335.0	9	20.30483	9.20018	-1.71166	-9.54212	-417.16417	0.76853	417.27399	26.35003	-0.62592	-12.58931	29.2097	0.07	-0.00049	-0.02151	4e-05	-0.02152	-117.57569	17.15944	
336.0	1	23.56046	-3.94001	5.61806	-19684.56102	5160.31469	-4693.60034	20883.98129	-342.65763	-1043.26865	290.06955	1135.76586	0.05438	2.25363	-0.59079	0.53736	2.39095	25.34684	0.05845	
336.0	2	23.70588	3.96485	5.57028	-6864.95462	-1477.44694	-1613.1008	7205.03613	152.79094	-299.44069	-375.98094	504.35252	0.07	-0.64437	-0.13868	-0.15141	-0.67629	-28.13046	0.28062	
336.0	9	20.30367	9.20018	-1.71975	-9.51472	-415.33625	0.77022	415.44594	26.2839	-0.62517	-12.4267	29.08018	0.07	-0.00049	-0.02144	4e-05	-0.02144	-118.24272	17.37616	
337.0	1	23.5507	-3.9421	5.65657	-19637.70066	5152.90595	-4716.41468	20843.13542	-343.1292	-1050.62845	280.82324	1140.35936	0.05471	2.24705	-0.58962	0.53968	2.38498	23.5158	0.05893	
337.0	2	23.69669	3.966	5.60815	-6782.10059	-1460.64374	-1605.15457	7120.87703	151.80044	-304.7858	-364.04121	498.46139	0.07	-0.63438	-0.13663	-0.15014	-0.66607	-26.1836	0.27039	
337.0	9	20.30251	9.20018	-1.72802	-9.68194	-421.96699	0.78781	422.07879	26.74824	-0.63713	-12.53208	29.54534	0.07	-0.0005	-0.0218	4e-05	-0.02181	-109.84257	16.23207	
338.0	1	23.54131	-3.94426	5.69346	-19606.60465	5149.52062	-4741.46325	20818.6931	-340.01215	-1050.90607	264.64852	1135.80398	0.05456	2.2423	-0.58892	0.54226	2.38092	22.8423	0.0587	
338.0	2	23.68777	3.96701	5.64448	-6701.8969	-1444.31144	-1597.08524	7039.32801	150.73062	-313.60166	-348.91226	492.75297	0.07	-0.62486	-0.13466	-0.14891	-0.65633	-25.26237	0.25451	
338.0	9	20.30107	9.20018	-1.73587	-9.94524	-432.83599	0.8132	432.95099	27.46971	-0.65519	-12.78321	30.30552	0.07	-0.00051	-0.0224	4e-05	-0.02241	-106.27466	15.73566	
339.0	1	23.53241	-3.94634	5.72841	-19568.01287	5143.88666	-4763.13186	20785.91165	-334.56751	-1048.14662	242.54504	1126.66537	0.0542	2.23651	-0.58792	0.5444	2.37571	21.82077	0.05819	
339.0	2	23.67914	3.96816	5.6795	-6614.80102	-1426.51116	-1586.61969	6950.38767	149.29273	-319.71504	-334.96661	486.52714	0.07	-0.6148	-0.13258	-0.14747	-0.64599	-24.22194	0.2581	
339.0	9	20.29918	9.20018	-1.74364	-10.35796	-450.24852	0.85104	450.36845	28.61068	-0.68318	-13.22238	31.52569	0.07	-0.00054	-0.02337	4e-05	-0.02338	-101.67795	15.13134	
340.0	1	23.52366	-3.94833	5.76192	-19513.39417	5133.87913	-4779.44384	20735.77465	-339.17019	-1066.52326	239.14083	1144.41977	0.05519	2.22855	-0.58632	0.54584	2.36816	19.94384	0.05963	
340.0	2	23.67079	3.96961	5.71304	-6540.62733	-1411.57708	-1578.56962	6874.89911	148.16213	-316.31102	-331.04393	481.24294	0.07	-0.60589	-0.13076	-0.14623	-0.63686	-22.37244	0.25642	
340.0	9	20.2971	9.20019	-1.75138	-10.3286	-448.44891	0.8527	448.56864	28.54668	-0.68232	-13.06096	31.40012	0.07	-0.00054	-0.02335	4e-05	-0.02336	-93.40801	14.01679	
341.0	1	23.51522	-3.95028	5.79395	-19446.21051	5120.48192	-4791.11638	20671.94317	-341.56771	-1078.58687	233.62258	1155.24788	0.05588	2.21923	-0.58436	0.54677	2.35912	19.14369	0.06067	
341.0	2	23.66295	3.97092	5.7446	-6465.00658	-1396.22285	-1569.49315	6797.7244	146.91641	-315.43775	-324.55967	475.84071	0.07	-0.59688	-0.12891	-0.1449	-0.6276	-21.61594	0.26051	
341.0	9	20.29531	9.20019	-1.75883	-10.35216	-448.90142	0.85858	449.02159	28.62323	-0.68489	-12.96847	31.43151	0.07	-0.00054	-0.02343	4e-05	-0.02344	-89.93434	13.59129	
342.0	1	23.50717	-3.95242	5.82426	-19386.76299	5109.22939	-4803.07716	20616.02179	-340.54926	-1081.4354	224.19926	1155.74289	0.05606	2.21084	-0.58265	0.54774	2.35102	18.20928	0.06093	
342.0	2	23.65552	3.97208	5.77432	-6386.94901	-1380.24199	-1559.13795	6717.81934	145.43062	-319.37363	-313.02235	470.24735	0.07	-0.58763	-0.12699	-0.14345	-0.61807	-20.65015	0.26127	
342.0	9	20.29358	9.2002	-1.76625	-10.51038	-455.15652	0.87568	455.2787	29.06543	-0.69629	-13.05299	31.86949	0.07	-0.00055	-0.02382	5e-05	-0.02382	-85.70555	13.03014	
343.0	1	23.49948	-3.95464	5.85298	-19327.87161	5097.99632	-4813.65535	20560.33719	-332.33244	-1066.30515	205.09548	1135.56843	0.05523	2.20244	-0.58092	0.54852	2.34288	17.38205	0.05969	
343.0	2	23.64827	3.97321	5.80253	-6313.36815	-1365.19048	-1549.23758	6642.47691	143.52335	-331.50352	-292.75709	464.97338	0.07	-0.57892	-0.12519	-0.14206	-0.6091	-19.51578	0.2422	
343.0	9	20.29145	9.2002	-1.77346	-10.92156	-472.4238	0.91397	472.55091	30.18624	-0.72398	-13.50768	33.07855	0.07	-0.00057	-0.0248	5e-05	-0.02481	-81.34509	12.36222	
344.0	1	23.49226	-3.95662	5.88008	-19350.87099	5107.95217	-4843.16104	20591.34751	-340.06176	-1092.90085	206.065	1162.98627	0.05648	2.20365	-0.58169	0.55153	2.34491	16.40068	0.06157	
344.0	2	23.6414	3.97412	5.82941	-6280.71607	-1358.86903	-1548.79637	6610.0446	143.39966	-325.52912	-295.90794	462.70312	0.07	-0.57421	-0.12423	-0.1416	-0.60432	-18.31013	0.21314	
344.0	9	20.28932	9.2002	-1.77998	-10.82184	-467.65	0.90924	467.77608	29.89235	-0.71768	-13.34639	32.74437	0.07	-0.00057	-0.02463	5e-05	-0.02464	-76.49612	11.62476	
345.0	1	23.4856	-3.95813	5.90542	-19375.54025	5117.76041	-4871.7235	20623.69321	-345.41094	-1113.27121	204.25386	1183.38546	0.05738	2.20535	-0.58251	0.55451	2.34742	15.15605	0.06297	
345.0	2	23.63493	3.97475	5.85489	-6247.93829	-1352.37833	-1547.79893	6577.33544	143.09573	-322.2856	-296.03408	460.41349	0.07	-0.56973	-0.12332	-0.14114	-0.59977	-16.92497	0.19477	
345.0	9	20.28748	9.2002	-1.78566	-10.80476	-466.48076	0.91096	466.60677	29.83537	-0.71698	-13.27389	32.66282	0.07	-0.00057	-0.02464	5e-05	-0.02465	-70.68146	10.7642	
346.0	1	23.4793	-3.95931	5.92922	-19390.43008	5124.58255	-4896.45321	20645.22655	-355.38358	-1145.20279	208.79485	1217.12046	0.05895	2.20621	-0.58307	0.55711	2.34898	13.34492	0.06552	
346.0	2	23.62894	3.97514	5.87869	-6218.73901	-1346.54327	-1547.17156	6548.25423	143.14465	-311.69104	-304.08636	458.3778	0.07	-0.56582	-0.12252	-0.14077	-0.5958	-15.07732	0.18111	
346.0	9	20.2859	9.2002	-1.79074	-10.60036	-457.24061	0.89649	457.36434	29.2725	-0.70402	-12.94947	32.01661	0.07	-0.00056	-0.02421	5e-05	-0.02422	-62.60739	9.59357	
347.0	1	23.47337	-3.96019	5.95151	-19399.41827	5129.53826	-4918.31748	20660.0929	-366.43088	-1178.81147	215.88428	1253.18558	0.06066	2.20674	-0.5835	0.55947	2.35014	13.32335	0.06847	
347.0	2	23.62345	3.97514	5.9008	-6193.98323	-1341.49077	-1547.15247	6523.70343	143.17921	-300.17832	-312.93826	456.65924	0.07	-0.56248	-0.12182	-0.1405	-0.59242	-15.01482	0.17056	
347.0	9	20.28496	9.2002	-1.79495	-10.33726	-445.43852	0.87647	445.55932	28.53771	-0.687	-12.5653	31.1891	0.07	-0.00055	-0.02362	5e-05	-0.02362	-62.4138	9.58013	
348.0	1	23.46789	-3.96098	5.97212	-19414.06044	5135.85553	-4940.20263	20680.62757	-374.70078	-1205.74303	219.00755	1281.47619	0.06197	2.20828	-0.58419	0.56193	2.35235	12.19968	0.07089	
348.0	2	23.61846	3.97485	5.92115	-6169.76229	-1336.41763	-1546.76811	6499.57463	143.04094	-291.24913	-318.92185	454.97023	0.07	-0.55926	-0.12114	-0.14021	-0.58916	-13.90507	0.16532	
348.0	9	20.28445	9.2002	-1.79861	-10.18452	-438.37323	0.86542	438.49238	28.11063	-0.67738	-12.3079	30.69447	0.07	-0.00054	-0.02325	5e-05	-0.02326	-57.48939	8.87558	
349.0	1	23.46284	-3.96174	5.9911	-19427.06913	5141.644	-4960.28086	20699.07979	-379.6441	-1222.85334	219.32138	1299.07729	0.06276	2.20986	-0.58487	0.56424	2.35455	11.30073	0.07245	
349.0	2	23.61393	3.97436	5.93988	-6146.34079	-1331.4157	-1546.09738	6476.15549	142.79846	-287.37872	-320.20456	453.33088	0.07	-0.55614	-0.12047	-0.1399	-0.58599	-13.0183	0.16303	
349.0	9	20.28416	9.2002	-1.80204	-10.14204	-436.03922	0.86359	436.15801	27.98368	-0.67503	-12.19004	30.53095	0.07	-0.00054	-0.02313	5e-05	-0.02313	-53.55324	8.31235	
350.0	1	23.45821	-3.96246	6.00845	-19444.06846	5148.36506	-4979.97006	20721.42763	-381.60036	-1232.30425	215.96744	1307.98874	0.06312	2.21196	-0.58568	0.56652	2.35727	10.13566	0.07318	
350.0	2	23.60977	3.97371	5.95696	-6124.07827	-1326.58742	-1545.23378	6453.82958	142.51766	-287.44132	-318.05754	451.76807	0.07	-0.55316	-0.11983	-0.13957	-0.58295	-11.78347	0.15457	
350.0	9	20.28392	9.2002	-1.80536	-10.19758	-437.91605	0.87005	438.03563	28.11707	-0.67902	-12.21296	30.66247	0.07	-0.00054	-0.02323	5e-05	-0.02323	-48.2662	7.52032	
351.0	1	23.45403	-3.96306	6.0242	-19464.73551	5155.78471	-4999.197	20747.28934	-381.55759	-1236.02401	210.88265	1310.65367	0.06317	2.21464	-0.58661	0.56879	2.36057	9.10462	0.07328	
351.0	2	23.60596	3.97305	5.97244	-6103.78434	-1322.16635	-1544.39394	6433.46405	142.21272	-290.5244	-313.33599	450.34246	0.07	-0.55053	-0.11925	-0.1393	-0.58027	-10.60718	0.14052	
351.0	9	20.28358	9.2002	-1.80848	-10.31726	-442.58655	0.88191	442.70766	28.41626	-0.68702	-12.34469	30.98947	0.07	-0.00055	-0.02348	5e-05	-0.02348	-43.40447	6.76572	
352.0	1	23.45029	-3.96355	6.03832	-19481.90023	5162.03078	-5016.10356	20769.02244	-380.27308	-1236.23661	204.73078	1309.50497	0.06305	2.21696	-0.58742	0.57081	2.36343	8.02243	0.07303	
352.0	2	23.6025	3.97246	5.98642	-6082.26527	-1317.48217	-1542.77093	6411.69652	141.79706	-294.91459	-307.17626	448.81876	0.07	-0.54788	-0.11868	-0.13897	-0.57756	-9.43691	0.13226	
352.0	9	20.28306	9.2002	-1.81153	-10.46893	-448.66586	0.89651	448.78887	28.80805	-0.69719	-12.51106	31.41522	0.07	-0.00056	-0.02381	5e-05	-0.02382	-38.44396	6.00857	
353.0	1	23.44697	-3.96399	6.05083	-19498.09107	5167.83088	-5031.365	20789.34018	-378.00746	-1232.23411	199.23944	1304.21888	0.06273	2.21913	-0.58817	0.57263	2.36609	6.95632	0.0724	
353.0	2	23.59944	3.97191	5.99886	-6066.25963	-1313.9856	-1542.08929	6395.63159	141.37717	-301.41629	-299.31726	447.69421	0.07	-0.54581	-0.11822	-0.13875	-0.57544	-8.27983	0.12429	
353.0	9	20.28237	9.2002	-1.81461	-10.64324	-455.73789	0.91313	455.86307	29.25904	-0.70879	-12.71522	31.91035	0.07	-0.00057	-0.02421	5e-05	-0.02422	-33.54821	5.25778	
354.0	1	23.44411	-3.96435	6.06163	-19513.72059	5173.25834	-5045.009	20808.65226	-376.41986	-1231.25252	193.41185	1301.95346	0.06257	2.22124	-0.58887	0.57427	2.36865	6.2901	0.07206	
354.0	2	23.59679	3.97142	6.00962	-6049.96816	-1310.42471	-1540.86226	6379.15231	140.98257	-304.69937	-294.41598	446.54066	0.07	-0.54382	-0.11779	-0.1385	-0.57341	-7.56777	0.12025	
354.0	9	20.28146	9.2002	-1.81781	-10.80002	-462.0916	0.92836	462.21872	29.66128	-0.71917	-12.9049	32.35499	0.07	-0.00057	-0.02458	5e-05	-0.02459	-30.51319	4.79356	
355.0	1	23.44169	-3.96463	6.0708	-19528.57788	5178.27742	-5057.06301	20826.75676	-373.77989	-1227.60485	186.37523	1296.71154	0.06226	2.22316	-0.5895	0.5757	2.37095	4.88959	0.07146	
355.0	2	23.59455	3.97095	6.0188	-6038.55142	-1307.906	-1540.43544	6367.70467	140.57229	-309.7701	-288.03726	445.73932	0.07	-0.54233	-0.11746	-0.13835	-0.57189	-6.12038	0.11513	
355.0	9	20.28039	9.2002	-1.82109	-10.94848	-468.11033	0.94297	468.2393	30.04196	-0.729	-13.08692	32.7768	0.07	-0.00058	-0.02494	5e-05	-0.02495	-24.24253	3.8445	
356.0	1	23.4397	-3.96488	6.07833	-19543.68497	5183.20586	-5067.73345	20844.73957	-368.59248	-1218.34449	175.36933	1284.90393	0.06164	2.13249	-0.56556	0.55296	2.27445	3.89114	0.07027	
356.0	2	23.59272	3.97051	6.02632	-6032.25731	-1306.48156	-1540.8642	6361.54736	139.76116	-321.654	-274.41761	445.30832	0.07	-0.5215	-0.11295	-0.13321	-0.54997	-5.00058	0.106	
356.0	9	20.27921	9.2002	-1.82434	-11.02855	-471.22694	0.95173	471.35694	30.2451	-0.73445	-13.16678	32.99499	0.07	-0.00059	-0.02516	5e-05	-0.02516	-19.57853	3.12568	
357.0	1	23.43814	-3.9651	6.08421	-19553.57915	5186.59717	-5075.56891	20856.76503	-355.49036	-1197.46737	145.8611	1257.60763	0.0603	1.80029	-0.47753	0.46731	1.92027	2.9009	0.06783	
357.0	2	23.59131	3.9701	6.03216	-6026.48191	-1305.16237	-1540.97122	6355.82609	136.08168	-346.78018	-238.47905	442.31999	0.06959	-0.44601	-0.09659	-0.11404	-0.47038	-3.79061	0.09371	
357.0	9	20.2781	9.2002	-1.82694	-11.01688	-470.46	0.95221	470.58993	30.25053	-0.73473	-13.019	32.94129	0.07	-0.00059	-0.02516	5e-05	-0.02517	-14.73401	2.37379	
358.0	1	23.43697	-3.96526	6.0886	-19544.03748	5184.62639	-5077.01729	20847.68228	-272.85911	-1176.73368	-151.30063	1217.39317	0.05839	1.09585	-0.29071	0.28467	1.16895	1.60541	0.0646	
358.0	2	23.59026	3.96981	6.03653	-6048.63677	-1309.91121	-1547.82436	6379.46976	64.05749	-379.23661	70.61898	391.03812	0.0613	-0.18493	-0.04005	-0.04732	-0.19505	-1.3815	0.06963	
358.0	9	20.27737	9.2002	-1.82755	-10.62663	-453.60696	0.91885	453.73235	29.80536	-0.72043	-10.95197	31.76199	0.07	-0.00048	-0.02053	4e-05	-0.02053	-6.57694	1.03018	
359.0	1	23.43626	-3.96548	6.09116	-19468.91149	5165.05013	-5059.79144	20768.19075	-229.66916	-1348.32898	-492.66424	1453.77337	0.07	1.78696	-0.47408	0.46442	1.90622	2.88897	0.13549	
359.0	2	23.58953	3.96997	6.03922	-6057.93881	-1312.0258	-1550.94226	6389.48012	-42.76605	-243.29428	372.85883	447.26363	0.07	0.10181	0.02205	0.02607	0.10739	0.75033	0.26188	
359.0	9	20.27881	9.2002	-1.81752	-9.27643	-395.98258	0.79745	396.09202	27.30879	-0.63017	4.75287	27.72647	0.07	-0.00032	-0.01387	3e-05	-0.01387	-4.70909	0.59811	
360.0	1	23.43598	-3.96581	6.09194	-19437.52398	5156.97895	-5052.34537	20734.94549	-236.71589	-1352.68659	-470.00063	1451.44618	0.07	2.21223	-0.58693	0.57502	2.35989	4.97565	0.50341	
360.0	2	23.58911	3.97039	6.04052	-6078.99535	-1316.75945	-1556.69654	6411.81285	-23.14998	-293.56372	338.71819	448.8269	0.07	0.50939	0.11034	0.13044	0.53728	4.67525	0.73676	
360.0	9	20.28506	9.2002	-1.77687	-7.70519	-329.00559	0.64669	329.09644	0.54625	0.03247	23.03025	23.03675	0.07	-4e-05	-0.00173	0.0	-0.00173	-0.66172	0.96702	
