Version	KoJaC2_v7r2	 	 INTERNAL 
Testrig	Axial Cycle Force Generation 
Modfile	016cccc.mod
comment	VShape GPPC ZUM
Analysis name	.a016cccc_t2600a200d
Applied torque	2600.0
Rpm	200.0
Articulation angle	20.0
Mode	Drive
Contact	cfo_ro_tu_1
Part	tulip
RefSystem	tulip.tu_ref


Angle_Rot_Spider.Last_Rot	Track	CPoint_x	CPoint_y	CPoint_z	Normal_Force_x	Normal_Force_y	Normal_Force_z	Normal_Force_mag	Friction_Force_x	Friction_Force_y	Friction_Force_z	Friction_Force_mag	Friction_Force_Mu	Friction_Torque_x	Friction_Torque_y	Friction_Torque_z	Friction_Torque_mag	Boring_Velocity	Slip_Velocity	Pos_Ball_x	Pos_Ball_y	Pos_Ball_z	
0.0	1	24.34799	26.67902	38.06085	24504.70525	-5672.52786	-0.57481	25152.69672	374.25346	1616.67475	588.49122	1760.68873	0.07	2.89361	-0.66983	-7e-05	-2.97013	15.13577	1.51903	
0.0	2	24.3932	34.32016	38.0495	4364.97643	966.31378	-0.06991	4470.65785	-47.38313	214.02017	-223.35045	312.94603	0.07	0.34627	0.07666	-1e-05	-0.35466	13.65682	2.04971	
0.0	14	-23.48542	23.86137	38.06302	-2166.34694	-831.5436	-0.02425	2320.45767	22.0934	-57.56237	150.27491	162.43181	0.07	0.09508	0.0365	0.0	0.10184	-12.53978	4.41734	
0.0	17	19.62015	39.725	35.77719	1e-05	2661.71156	0.0	2661.71156	-51.34985	0.0	-179.10404	186.31979	0.07	-0.0	-0.21929	-0.0	0.21929	-3.41936	2.67324	
1.0	1	24.34808	26.67944	38.06005	24252.40993	-5613.61808	-0.56914	24893.61556	373.70265	1614.44598	538.88942	1742.5531	0.07	2.86199	-0.66246	-7e-05	-2.93766	20.27879	1.4734	
1.0	2	24.39265	34.32265	38.0496	4381.81382	970.5907	-0.07021	4488.02169	-35.41733	159.87512	-268.11009	314.16152	0.07	0.34793	0.07707	-1e-05	-0.35636	21.01608	2.78147	
1.0	14	-23.48577	23.86229	38.06207	-1994.3515	-765.40974	-0.02237	2136.18585	47.8706	-124.73358	67.15716	149.53309	0.07	0.08778	0.03369	0.0	0.09402	-20.33388	0.40821	
1.0	17	19.63145	39.725	35.95337	-0.0	2651.98235	0.0	2651.98235	-16.33537	-0.0	-184.91865	185.63877	0.07	-0.0	0.11438	0.0	-0.11438	1.56864	4.52091	
2.0	1	24.34812	26.6796	38.05776	24179.95437	-5596.66773	-0.56752	24819.20392	379.15582	1638.06799	437.42337	1737.34426	0.07	2.85036	-0.65974	-7e-05	-2.92571	25.76629	1.53198	
2.0	2	24.39175	34.32669	38.04851	4430.05499	982.17785	-0.07098	4537.62719	-29.30959	132.17841	-287.33448	317.63389	0.07	0.35216	0.07808	-1e-05	-0.36071	26.81948	3.55883	
2.0	14	-23.4857	23.86212	38.05959	-1978.28606	-759.26437	-0.02219	2118.98517	49.85069	-129.88597	-51.43934	148.3289	0.07	0.08704	0.03341	0.0	0.09323	-25.98833	0.51393	
2.0	17	19.64769	39.725	36.1881	0.0	2633.73017	1e-05	2633.73017	-11.89061	0.0	-183.97726	184.36111	0.07	0.0	0.16035	0.0	-0.16035	2.25802	5.963	
3.0	1	24.34839	26.68079	38.05242	24458.58047	-5659.69636	-0.57399	25104.8665	389.21703	1681.98205	328.16558	1757.34065	0.07	2.8826	-0.66703	-7e-05	-2.95877	28.47572	1.87121	
3.0	2	24.39137	34.3284	38.04466	4492.44378	996.40063	-0.07195	4601.61551	-28.44698	128.23688	-294.11377	322.11308	0.07	0.35775	0.07935	-1e-05	-0.36645	35.09852	4.39571	
3.0	14	-23.48605	23.86303	38.054	-2286.51692	-877.43137	-0.02572	2449.09073	15.72293	-40.96784	-165.72521	171.43634	0.07	0.10104	0.03878	0.0	0.10823	-35.80788	10.80674	
3.0	17	19.6665	39.725	36.47879	0.0	2673.71576	0.0	2673.71576	-8.04197	0.0	-186.98725	187.1601	0.07	0.0	0.2722	0.0	-0.2722	14.83545	8.3277	
4.0	1	24.34874	26.68234	38.0435	24492.81118	-5665.6934	-0.57485	25139.56805	389.45183	1683.56778	332.74012	1759.76964	0.07	2.88707	-0.66784	-7e-05	-2.9633	31.69704	1.73906	
4.0	2	24.39123	34.32901	38.0375	4505.5142	999.44365	-0.07203	4615.03475	-23.50287	105.92952	-304.28499	323.05232	0.07	0.35946	0.07974	-1e-05	-0.3682	40.97986	4.94716	
4.0	14	-23.48658	23.86441	38.04477	-2325.8941	-892.33949	-0.02634	2491.19513	10.93665	-28.50146	-171.69059	174.3835	0.07	0.10345	0.03969	0.0	0.1108	-42.33877	15.49136	
4.0	17	19.68457	39.725	36.82432	1e-05	2701.40299	0.00014	2701.40299	-5.46111	1e-05	-189.01932	189.09819	0.07	0.0	0.27671	0.0	-0.27671	20.83651	9.90207	
5.0	1	24.34896	26.68331	38.03391	24556.41487	-5679.20758	-0.57604	25204.58114	392.01914	1695.02795	293.3064	1764.32066	0.07	2.74245	-0.63425	-6e-05	-2.81484	3.65514	0.84283	
5.0	2	24.39136	34.32843	38.02863	4437.84874	984.30675	-0.07098	4545.697	-36.61026	165.04172	-269.5763	318.19878	0.07	0.35434	0.07859	-1e-05	-0.36295	16.84654	1.50559	
5.0	14	-23.48711	23.86581	38.03505	-2304.79519	-884.04405	-0.02615	2468.52481	4.65955	-12.14285	-172.30651	172.79668	0.07	0.10308	0.03954	0.0	0.11041	-20.61326	24.31797	
5.0	17	19.68758	39.725	36.96616	0.0	2635.5444	1e-05	2635.5444	4.87096	0.0	-184.4238	184.48812	0.07	0.0	0.2713	0.0	-0.2713	29.80632	4.73487	
6.0	1	24.34911	26.68397	38.02236	24287.55317	-5616.22217	-0.56925	24928.4414	386.78251	1672.62308	312.60886	1744.99082	0.07	2.42736	-0.5613	-6e-05	-2.49142	3.00043	1.07073	
6.0	2	24.3913	34.32871	38.01758	4516.56641	1001.83326	-0.07213	4626.34218	-44.88313	202.32877	-248.8442	323.84388	0.07	0.36087	0.08005	-1e-05	-0.36964	18.41427	1.67622	
6.0	14	-23.48743	23.86664	38.02342	-2004.04899	-768.58453	-0.02281	2146.37707	0.07065	-0.17976	-150.24641	150.24653	0.07	0.08994	0.03449	0.0	0.09632	-22.87051	28.37362	
6.0	17	19.68653	39.725	37.06608	-0.0	3102.44521	-0.0	3102.44521	13.80293	-0.0	-216.73209	217.17118	0.07	-0.0	0.32122	-0.0	-0.32122	34.83539	5.21667	
7.0	1	24.34912	26.68405	38.00795	23479.55886	-5429.30198	-0.55021	24099.10796	370.9059	1603.98232	368.00494	1686.93749	0.07	2.04455	-0.47277	-5e-05	-2.0985	2.49062	1.902	
7.0	2	24.38942	34.33716	38.00364	4778.68086	1062.01193	-0.07623	4895.26916	-63.03029	283.60113	-181.71263	342.66879	0.07	0.38303	0.08512	-1e-05	-0.39237	21.35088	2.33068	
7.0	14	-23.48587	23.86255	38.00895	-1188.94106	-456.27514	-0.01337	1273.48649	-3.54621	9.24315	-88.5926	89.14405	0.07	0.05279	0.02026	0.0	0.05654	-26.84314	34.78592	
7.0	17	19.66906	39.725	37.17793	0.0	4403.35004	0.0	4403.35004	37.45144	0.0	-305.95082	308.23451	0.07	0.0	0.46516	0.0	-0.46516	42.59426	5.96691	
8.0	1	24.34906	26.68378	37.99133	22862.24867	-5286.89293	-0.53565	23465.5844	358.56767	1550.52228	406.71215	1642.59091	0.07	1.31721	-0.30461	-3e-05	-1.35197	1.55433	2.46003	
8.0	2	24.38531	34.35562	37.98755	5040.67849	1124.97827	-0.08021	5164.68932	-72.09729	323.0352	-145.44043	361.52825	0.07	0.40672	0.09077	-1e-05	-0.41673	23.17974	2.75856	
8.0	14	-23.48158	23.85133	37.9922	-652.06705	-250.69095	-0.0071	698.59673	-2.42338	6.30478	-48.43306	48.90178	0.07	0.02815	0.01082	0.0	0.03016	-29.50717	39.87899	
8.0	17	19.63162	39.725	37.29723	-0.0	5276.80325	0.0	5276.80325	49.69052	0.0	-366.01865	369.37623	0.07	-0.0	0.57777	0.0	-0.57777	48.75259	6.43235	
9.0	1	24.34913	26.68409	37.97252	22781.03663	-5267.77127	-0.53346	23382.15226	356.76324	1542.81862	413.98473	1636.75064	0.07	0.51622	-0.11937	-1e-05	-0.52984	0.59506	2.36857	
9.0	2	24.38121	34.37408	37.96943	5164.21912	1157.43894	-0.08186	5292.33635	-72.51233	323.52121	-165.28527	370.46354	0.07	0.41981	0.09409	-1e-05	-0.43023	24.9821	2.65477	
9.0	14	-23.47705	23.83947	37.97309	-675.97085	-260.36876	-0.00718	724.38145	-1.70608	4.43072	-50.48388	50.70665	0.07	0.02835	0.01092	0.0	0.03038	-32.13903	44.79622	
9.0	17	19.59252	39.725	37.42044	0.0	5235.94669	-0.0	5235.94669	36.83239	-0.0	-364.66088	366.51627	0.07	0.0	0.59362	-0.0	-0.59362	54.88189	7.0644	
10.0	1	24.34932	26.6849	37.95196	22707.20439	-5249.78523	-0.50582	23306.16606	357.66741	1547.00374	374.7313	1631.43191	0.07	-0.19363	0.04477	0.0	0.19874	-0.20825	2.11743	
10.0	2	24.37785	34.38915	37.94978	5246.44961	1179.90704	-0.0775	5377.49144	-76.66503	340.88142	-140.06398	376.42474	0.07	0.42953	0.0966	-1e-05	-0.44026	19.28941	2.27351	
10.0	14	-23.4736	23.83043	37.95239	-661.10746	-254.9785	-0.00768	708.57399	-1.7054	4.42323	-49.37224	49.59931	0.07	0.02703	0.01042	0.0	0.02897	-25.0202	35.8018	
10.0	17	19.55916	39.725	37.54358	-4e-05	5176.64438	-0.00101	5176.64438	31.29882	-7e-05	-361.01031	362.36454	0.07	-0.0	0.60378	-0.0	-0.60378	43.81787	5.48663	
11.0	1	24.34958	26.68609	37.92897	22647.84362	-5234.70813	-0.52966	23244.93472	353.38126	1528.85229	430.50503	1627.14542	0.07	-1.41971	0.32814	3e-05	1.45714	-1.73542	2.01724	
11.0	2	24.3751	34.40151	37.92781	5316.72832	1199.03359	-0.08401	5450.25519	-70.74335	313.6742	-205.3284	381.51786	0.07	0.43813	0.09881	-1e-05	-0.44914	27.30347	2.34	
11.0	14	-23.4702	23.82154	37.92941	-660.6274	-255.12162	-0.007	708.17767	-0.91819	2.37897	-49.50674	49.57237	0.07	0.02638	0.01019	0.0	0.02828	-35.88038	53.33785	
11.0	17	19.5326	39.725	37.66823	1e-05	5189.27956	-0.0	5189.27956	18.28421	-0.0	-362.78911	363.24957	0.07	0.0	0.61842	-0.0	-0.61842	65.19208	8.03212	
12.0	1	24.34989	26.68746	37.90373	22584.15688	-5218.42101	-0.52801	23179.21612	351.42314	1520.83577	442.95957	1622.54518	0.07	-2.42159	0.55955	6e-05	2.48539	-3.52485	1.82071	
12.0	2	24.37279	34.41189	37.90345	5373.76664	1214.70252	-0.08497	5509.34389	-67.93177	300.5096	-231.96623	385.65409	0.07	0.44561	0.10073	-1e-05	-0.45685	29.28885	2.18622	
12.0	14	-23.46699	23.81312	37.90411	-642.92762	-248.59416	-0.0068	689.31486	-0.6298	1.63015	-48.22058	48.25224	0.07	0.02511	0.00971	0.0	0.02692	-39.03372	60.36164	
12.0	17	19.50953	39.725	37.79261	-2e-05	5172.96233	0.0	5172.96233	10.57826	0.0	-361.9528	362.10734	0.07	-0.0	0.62735	0.0	-0.62735	73.60507	8.82868	
13.0	1	24.35024	26.68899	37.87648	22509.53816	-5199.4316	-0.52445	23102.23793	353.8989	1532.07181	377.76615	1617.15668	0.07	-2.60936	0.60273	6e-05	2.67806	-8.93005	1.45623	
13.0	2	24.37079	34.42091	37.87681	5416.05973	1226.71756	-0.08531	5553.2458	-76.47985	337.65259	-176.77787	388.72722	0.07	0.45185	0.10234	-1e-05	-0.4633	23.73183	1.56876	
13.0	14	-23.46379	23.80475	37.87663	-587.16043	-227.3141	-0.00625	629.62614	-0.5601	1.44796	-44.04651	44.07386	0.07	0.02245	0.00869	0.0	0.02408	-33.66128	60.47315	
13.0	17	19.48931	39.725	37.89461	-1e-05	5073.10828	0.0	5073.10828	8.16604	0.0	-355.02368	355.11758	0.07	-0.0	0.62404	0.0	-0.62404	73.22246	7.6909	
14.0	1	24.35057	26.69047	37.84724	22430.52264	-5179.49541	-0.52348	23020.76278	354.50688	1535.20703	338.00333	1611.45339	0.07	-2.59762	0.59982	6e-05	2.66597	-15.39659	1.17151	
14.0	2	24.36888	34.4295	37.84789	5455.26777	1237.9778	-0.08611	5593.97313	-81.46226	358.96194	-133.58011	391.57811	0.07	0.45774	0.10388	-1e-05	-0.46938	24.37465	1.19336	
14.0	14	-23.46057	23.79631	37.84723	-531.50376	-206.02828	-0.00562	570.03851	-0.42177	1.08916	-39.88561	39.90271	0.07	0.01989	0.00771	0.0	0.02133	-36.65595	73.97961	
14.0	17	19.47225	39.725	37.95039	0.0	4998.71987	3e-05	4998.71987	4.4449	0.0	-349.88215	349.91038	0.07	0.0	0.62194	0.0	-0.62194	89.10459	8.48575	
15.0	1	24.35087	26.69176	37.81597	22354.66966	-5160.51056	-0.51745	22942.58322	354.31472	1534.81452	313.01708	1605.98077	0.07	-2.58638	0.59706	6e-05	2.6544	-16.3862	0.93282	
15.0	2	24.3672	34.43703	37.81698	5487.93308	1247.48746	-0.08557	5627.93341	-84.17674	370.30222	-104.83952	393.9553	0.07	0.4628	0.1052	-1e-05	-0.47461	22.09023	0.92826	
15.0	14	-23.45683	23.78658	37.81605	-480.43498	-186.50916	-0.00514	515.36728	-0.40417	1.04212	-36.0578	36.07513	0.07	0.01757	0.00682	0.0	0.01885	-34.03992	71.65042	
15.0	17	19.45788	39.725	37.98192	2e-05	4938.16542	1e-05	4938.16542	2.71935	0.0	-345.66091	345.6716	0.07	0.0	0.62008	0.0	-0.62008	86.15059	7.93524	
16.0	1	24.35112	26.69289	37.78242	22278.85084	-5141.74648	-0.5186	22864.48669	354.37135	1535.43959	280.16339	1600.51408	0.07	-2.57526	0.59435	6e-05	2.64296	-21.25722	0.7042	
16.0	2	24.36567	34.44391	37.78387	5523.83621	1257.57778	-0.08679	5665.18035	-86.38809	379.44935	-76.27065	396.56263	0.07	0.46789	0.10652	-1e-05	-0.47987	24.39111	0.69453	
16.0	14	-23.45342	23.77796	37.7825	-421.13941	-163.70119	-0.00445	451.83679	-0.32108	0.82687	-31.61626	31.6287	0.07	0.01506	0.00585	0.0	0.01615	-38.64903	85.13038	
16.0	17	19.44577	39.725	37.99847	-0.0	4877.68009	-1e-05	4877.68009	-0.79154	-0.0	-341.43669	341.43761	0.07	-0.0	0.61716	-0.0	-0.61716	102.15024	9.09438	
17.0	1	24.3513	26.69369	37.74621	22192.95886	-5121.03278	-0.51562	22776.13664	353.32247	1531.16225	269.42918	1594.32954	0.07	-2.56279	0.59136	6e-05	2.63013	-22.89706	0.4901	
17.0	2	24.36419	34.45056	37.74778	5557.58209	1267.13391	-0.08699	5700.20588	-87.7104	384.68906	-59.44492	399.0144	0.07	0.47259	0.10775	-1e-05	-0.48471	24.56098	0.49387	
17.0	14	-23.45074	23.7712	37.74626	-359.10083	-139.71483	-0.0038	385.32277	-0.2938	0.75587	-26.96032	26.97252	0.07	0.01256	0.00489	0.0	0.01347	-39.40875	88.53947	
17.0	17	19.43557	39.725	38.00489	1e-05	4824.89295	0.0	4824.89295	-2.40127	0.0	-337.73396	337.7425	0.07	0.0	0.61431	0.0	-0.61431	106.13596	9.32337	
18.0	1	24.35143	26.69426	37.70794	22108.67982	-5100.93048	-0.51611	22689.4957	351.24299	1522.3441	285.79994	1588.26471	0.07	-2.55078	0.58852	6e-05	2.61779	-25.76959	0.35842	
18.0	2	24.36279	34.45687	37.70945	5593.22677	1277.04892	-0.08815	5737.16303	-88.52393	387.71382	-55.90356	401.60142	0.07	0.47738	0.10899	-1e-05	-0.48966	26.74193	0.34653	
18.0	14	-23.44836	23.76519	37.70803	-302.54617	-117.79807	-0.00315	324.66994	-0.21886	0.56272	-22.71951	22.72754	0.07	0.01034	0.00403	0.0	0.0111	-43.17345	97.94498	
18.0	17	19.42705	39.725	38.00448	-1e-05	4775.92775	0.0	4775.92775	-4.75764	0.0	-334.28102	334.31488	0.07	-0.0	0.6112	0.0	-0.6112	117.36781	10.24948	
19.0	1	24.35149	26.69455	37.66765	21862.45136	-5043.79547	-0.50449	22436.72553	343.76504	1490.03474	230.06242	1546.38503	0.06892	-2.52007	0.58139	6e-05	2.58626	-24.17653	0.08969	
19.0	2	24.36141	34.46305	37.66943	5541.28735	1266.92165	-0.08584	5684.27269	-88.55467	387.32072	-21.55031	397.89909	0.07	0.47454	0.10849	-1e-05	-0.48678	23.87521	0.12839	
19.0	14	-23.44565	23.75835	37.66773	-227.28942	-88.57116	-0.00242	243.93714	-0.23121	0.59379	-17.06356	17.07546	0.07	0.00758	0.00295	0.0	0.00814	-38.92656	89.67457	
19.0	17	19.42001	39.725	37.99888	0.0	4708.01917	0.0	4708.01917	-3.15421	0.0	-329.54627	329.56136	0.07	0.0	0.60502	0.0	-0.60502	107.33432	9.28849	
20.0	1	24.35148	26.69449	37.62494	21851.15027	-5041.24817	-0.50307	22425.14106	337.89426	1464.57125	220.78412	1519.17316	0.06774	-2.51551	0.58035	6e-05	2.58159	-26.32374	0.08496	
20.0	2	24.35999	34.46945	37.62728	5621.34649	1287.03804	-0.08677	5766.80182	-88.19701	385.21428	-5.84273	395.22512	0.06853	0.48271	0.11052	-1e-05	-0.4952	25.87608	0.08794	
20.0	14	-23.44313	23.752	37.62489	-180.33887	-70.32646	-0.00194	193.56632	-0.15155	0.389	-13.54297	13.5494	0.07	0.00586	0.00229	0.0	0.00629	-42.21114	97.32752	
20.0	17	19.41376	39.725	37.98961	0.0	4703.99572	0.0	4703.99572	-6.10888	0.0	-329.22307	329.27974	0.07	0.0	0.60667	0.0	-0.60667	116.52169	10.08103	
21.0	1	24.35167	26.69532	37.57952	21907.89502	-5053.42771	-0.50491	22483.1714	347.87483	1508.105	209.09529	1561.76772	0.06946	-2.52048	0.58139	6e-05	2.58666	-29.92718	0.09277	
21.0	2	24.35877	34.4749	37.58206	5740.99736	1316.01234	-0.0887	5889.90146	-75.62582	329.9123	11.25747	338.65635	0.0575	0.4948	0.11342	-1e-05	-0.50764	29.34347	0.06316	
21.0	14	-23.4402	23.74461	37.5796	-130.98116	-51.12574	-0.00139	140.6055	-0.08652	0.22193	-9.83953	9.84241	0.07	0.00414	0.00162	0.0	0.00444	-47.88965	110.43728	
21.0	17	19.40832	39.725	37.97919	0.0	4706.62752	0.0	4706.62752	-10.09246	0.0	-329.3093	329.46392	0.07	0.0	0.60891	0.0	-0.60891	132.24153	11.44582	
22.0	1	24.35197	26.69668	37.53193	22050.06132	-5084.70141	-0.50672	22628.72937	352.34504	1527.9395	224.37668	1584.01106	0.07	-2.53654	0.58492	6e-05	2.60311	-34.53809	0.15585	
22.0	2	24.35772	34.47965	37.53415	5911.89728	1356.60626	-0.09086	6065.55109	-73.51324	320.36096	10.91078	328.86834	0.05422	0.51172	0.11743	-1e-05	-0.52502	33.98047	0.05821	
22.0	14	-23.43639	23.73497	37.53174	-90.52887	-35.38427	-0.00092	97.19836	-0.03905	0.10009	-6.80303	6.80388	0.07	0.00278	0.00108	0.0	0.00298	-55.44302	127.58226	
22.0	17	19.40334	39.725	37.96789	0.0	4702.4347	0.0	4702.4347	-13.96969	0.0	-328.87387	329.17043	0.07	0.0	0.61004	0.0	-0.61004	152.82093	13.24754	
23.0	1	24.35236	26.69837	37.48197	21962.77401	-5062.6801	-0.50176	22538.72605	352.841	1530.67012	147.38932	1577.71081	0.07	-2.52719	0.58255	6e-05	2.59346	-33.2314	0.11842	
23.0	2	24.35676	34.48392	37.48434	5948.15408	1366.2203	-0.09047	6103.0398	-52.62511	229.11999	67.37511	244.55015	0.04007	0.51727	0.11881	-1e-05	-0.53074	32.42046	0.04035	
23.0	14	-23.43156	23.72279	37.48174	-51.9527	-20.34442	-0.0005	55.79407	-0.02631	0.06727	-3.90449	3.90516	0.07	0.00154	0.0006	0.0	0.00165	-53.04384	122.22731	
23.0	17	19.3986	39.725	37.95556	1e-05	4744.8799	2e-05	4744.8799	-15.65486	0.0	-331.7725	332.14163	0.07	0.0	0.61711	0.0	-0.61711	146.38747	12.67852	
24.0	1	24.35274	26.70004	37.42921	21892.16355	-5044.53576	-0.49835	22465.84444	344.09398	1493.27822	133.27239	1538.19441	0.06847	-2.51878	0.58039	6e-05	2.58478	-34.38997	0.08767	
24.0	2	24.35579	34.4883	37.43215	5999.89983	1379.43053	-0.09069	6156.42969	-39.42234	171.47543	91.82671	198.46936	0.03224	0.52403	0.12048	-1e-05	-0.5377	33.4475	0.03177	
24.0	14	-23.42598	23.70863	37.42864	-18.39186	-7.21806	-0.00016	19.75756	-0.01001	0.02553	-1.3823	1.38257	0.07	0.00052	0.00021	0.0	0.00056	-54.82945	126.25274	
24.0	17	19.39363	39.725	37.94157	1e-05	4794.2683	-0.0	4794.2683	-18.85015	-0.0	-335.06905	335.59887	0.07	0.0	0.62512	-0.0	-0.62512	151.21848	13.10345	
25.0	1	24.35304	26.70138	37.37384	21841.70835	-5031.43991	-0.4953	22413.73711	314.39342	1364.78605	101.59263	1404.20983	0.06265	-2.51224	0.57872	6e-05	2.57803	-36.18462	0.07222	
25.0	2	24.35488	34.49237	37.37688	6094.29203	1402.33118	-0.09162	6253.55324	-41.79422	181.63922	132.62895	228.75752	0.03658	0.53447	0.12298	-1e-05	-0.54844	35.07219	0.03645	
25.0	17	19.38831	39.725	37.92613	-2e-05	4871.04313	1e-05	4871.04313	-21.92384	0.0	-340.26762	340.97317	0.07	-0.0	0.63688	0.0	-0.63688	158.79815	13.76663	
26.0	1	24.35329	26.70251	37.31586	21751.54543	-5009.41587	-0.49504	22320.93135	312.64788	1357.55097	75.33195	1395.12302	0.0625	-2.50113	0.57601	6e-05	2.5666	-38.48078	0.07193	
26.0	2	24.35391	34.49676	37.31888	6204.77557	1429.05542	-0.09367	6367.21598	-15.56422	67.58875	166.33544	180.21643	0.0283	0.54641	0.12585	-1e-05	-0.56072	37.23052	0.02766	
26.0	17	19.38248	39.725	37.90933	0.0	4946.56774	0.0	4946.56774	-23.59003	0.0	-345.45521	346.25972	0.07	0.0	0.64866	0.0	-0.64866	168.67214	14.63275	
27.0	1	24.35363	26.70403	37.25496	21682.16285	-4991.76829	-0.49147	22249.35812	298.70614	1297.45222	29.06599	1331.71035	0.05985	-2.49232	0.57379	6e-05	2.55752	-40.37275	0.06705	
27.0	2	24.35299	34.50087	37.25853	6331.50151	1459.42942	-0.09493	6497.52612	1.39895	-6.05526	212.9006	212.99129	0.03278	0.56019	0.12913	-1e-05	-0.57488	38.94355	0.03235	
27.0	17	19.37611	39.725	37.89111	-0.0	5039.34771	-0.0	5039.34771	-25.61931	-0.0	-351.82279	352.75434	0.07	-0.0	0.66293	-0.0	-0.66293	176.66315	15.33496	
28.0	1	24.35402	26.70572	37.19181	21649.80878	-4982.46863	-0.48941	22215.74249	272.9605	1186.06809	-8.97138	1217.10535	0.05479	-2.4874	0.57245	6e-05	2.55242	-41.79969	0.05904	
28.0	2	24.35215	34.50463	37.19557	6470.3888	1492.47583	-0.09666	6640.28729	4.3167	-18.69778	255.81755	256.53628	0.03863	0.57545	0.13273	-1e-05	-0.59056	40.21698	0.03873	
28.0	17	19.36921	39.725	37.87153	0.0	5124.19076	0.0	5124.19076	-28.82238	0.0	-357.53348	358.69335	0.07	0.0	0.6764	0.0	-0.6764	182.64976	15.87217	
29.0	1	24.35437	26.70729	37.12594	21561.08049	-4960.32196	-0.48482	22124.30759	279.78892	1216.16556	-43.78815	1248.70249	0.05644	-2.47637	0.56971	6e-05	2.54106	-43.2957	0.06151	
29.0	2	24.35132	34.50818	37.12978	6616.31864	1527.10405	-0.09797	6790.2665	36.19518	-156.80013	293.19044	334.4503	0.04925	0.59137	0.13649	-1e-05	-0.60692	41.55966	0.05145	
29.0	17	19.36198	39.725	37.85044	0.0	5182.83094	-1e-05	5182.83094	-31.42115	-0.0	-361.43498	362.7982	0.07	0.0	0.68654	-0.0	-0.68654	188.94562	16.43802	
30.0	1	24.35488	26.70956	37.05706	21566.94039	-4959.18688	-0.48339	22129.76395	287.63626	1250.90544	-82.11635	1286.17345	0.05812	-2.47645	0.56944	6e-05	2.54107	-45.32488	0.06415	
30.0	2	24.35058	34.51131	37.06124	6811.03305	1572.83914	-0.10032	6990.27855	66.04093	-285.96275	334.75007	445.18952	0.06369	0.61224	0.14138	-1e-05	-0.62835	43.35284	0.07436	
30.0	17	19.35449	39.725	37.82769	-2e-05	5251.82593	1e-05	5251.82593	-34.06086	0.0	-366.04641	367.62769	0.07	-0.0	0.69815	0.0	-0.69815	197.45611	17.19381	
31.0	1	24.35545	26.71206	36.98584	21549.80039	-4952.50808	-0.48192	22111.56334	267.34044	1163.28793	-123.837	1200.01888	0.05427	-2.47412	0.56859	6e-05	2.53862	-46.95364	0.05829	
31.0	2	24.34996	34.51395	36.99009	7006.88274	1618.65382	-0.10281	7191.41474	71.49884	-309.48234	381.38005	496.32867	0.06902	0.63372	0.1464	-1e-05	-0.65041	44.72221	0.09016	
31.0	17	19.3467	39.725	37.80309	-0.0	5323.59126	0.0	5323.59126	-37.89922	0.0	-370.71919	372.6514	0.07	-0.0	0.71028	0.0	-0.71028	204.14992	17.79687	
32.0	1	24.35606	26.71478	36.91161	21538.64703	-4946.97431	-0.48294	22099.45409	236.88768	1031.40252	-169.24267	1071.70426	0.04849	-2.47327	0.56806	6e-05	2.53767	-49.54944	0.05047	
32.0	2	24.34946	34.51605	36.91612	7223.34547	1669.00204	-0.1065	7413.65548	66.33235	-287.05537	427.21713	518.95591	0.07	0.65756	0.15193	-1e-05	-0.67489	46.04258	0.18244	
32.0	17	19.33889	39.725	37.77403	-0.0	5388.95263	-0.00014	5388.95263	-39.87573	-1e-05	-375.11308	377.22658	0.07	-0.0	0.72162	-0.0	-0.72162	212.90987	18.46215	
33.0	1	24.35686	26.7183	36.83464	21548.96041	-4945.50949	-0.47785	22109.17816	201.50857	878.04915	-209.69777	924.95901	0.04184	-2.47474	0.56796	5e-05	2.53908	-51.30711	0.04238	
33.0	2	24.34897	34.51814	36.83914	7443.38669	1720.15277	-0.10773	7639.56353	57.4722	-248.66233	469.93867	534.76945	0.07	0.68243	0.15771	-1e-05	-0.70041	46.85317	0.24199	
33.0	17	19.33101	39.725	37.7387	-1e-05	5467.88781	-9e-05	5467.88781	-43.18489	-1e-05	-380.30819	382.75221	0.07	-0.0	0.73491	-0.0	-0.73491	218.69108	18.90698	
34.0	1	24.35759	26.7216	36.75513	21541.73883	-4940.25478	-0.47812	22100.96444	170.37845	742.95101	-249.50444	802.03334	0.03629	-2.47462	0.56752	5e-05	2.53886	-54.95812	0.03613	
34.0	2	24.34869	34.5193	36.76006	7692.65996	1777.62676	-0.11147	7895.37676	47.94148	-207.43423	510.02336	552.67638	0.07	0.71044	0.16417	-1e-05	-0.72916	48.13907	0.40446	
34.0	17	19.3232	39.725	37.69593	1e-05	5516.65734	-2e-05	5516.65734	-45.77894	-0.0	-383.44281	386.16589	0.07	0.0	0.74423	-0.0	-0.74423	229.77622	19.65627	
35.0	1	24.35846	26.72568	36.67245	21556.78317	-4939.27163	-0.47804	22115.40877	136.04264	593.76672	-278.88775	669.95887	0.03029	-2.47736	0.56763	5e-05	2.54156	-59.28673	0.02973	
35.0	2	24.34854	34.51996	36.67727	7934.13117	1833.02691	-0.11468	8143.12134	39.81256	-172.29202	541.89626	570.01854	0.07	0.73851	0.17062	-1e-05	-0.75797	50.18398	0.55221	
35.0	17	19.31584	39.725	37.64017	1e-05	5591.94795	5e-05	5591.94795	-48.92853	0.0	-388.36621	391.43622	0.07	0.0	0.75721	0.0	-0.75721	244.10888	20.71304	
36.0	1	24.35929	26.7296	36.58767	21560.66378	-4935.89176	-0.46477	22118.43689	110.16655	481.25183	-307.69259	581.73423	0.0263	-2.47874	0.56746	5e-05	2.54286	-59.66369	0.02561	
36.0	2	24.34838	34.52061	36.59266	8195.534	1892.95361	-0.11394	8411.30495	37.83148	-163.75726	564.29373	588.7912	0.07	0.76883	0.17758	-1e-05	-0.78907	48.71226	0.67148	
36.0	17	19.30869	39.725	37.57325	-4e-05	5650.10949	-0.00089	5650.10949	-49.64236	-6e-05	-392.38025	395.50806	0.07	-0.0	0.76801	-0.0	-0.76801	241.79356	20.33768	
37.0	1	24.36023	26.73401	36.49931	21521.80384	-4922.21482	-0.47185	22077.50528	71.86732	314.26287	-328.3529	460.15398	0.02084	-2.47548	0.56616	5e-05	2.5394	-65.99528	0.02012	
37.0	2	24.3484	34.52052	36.50459	8415.64071	1942.91383	-0.11971	8637.0089	27.92092	-120.90169	591.72034	604.59057	0.07	0.79606	0.18379	-1e-05	-0.817	51.08712	0.93831	
37.0	17	19.30209	39.725	37.49327	-2e-05	5722.25947	-0.00035	5722.25947	-52.90045	-2e-05	-397.04941	400.55797	0.07	-0.0	0.78076	-0.0	-0.78076	261.39255	21.66161	
38.0	1	24.36103	26.73775	36.40885	21404.75943	-4891.41027	-0.46251	21956.53937	30.89087	135.21021	-339.45433	366.69509	0.0167	-2.46201	0.56262	5e-05	2.52548	-66.54728	0.01604	
38.0	2	24.34822	34.52131	36.41371	8571.8535	1978.47456	-0.11898	8797.2174	22.1409	-95.89014	607.89052	615.80519	0.07	0.81675	0.18851	-1e-05	-0.83822	50.80633	0.98956	
38.0	17	19.29564	39.725	37.39892	-1e-05	5806.02932	-0.0	5806.02932	-54.98784	-0.0	-402.68512	406.42215	0.07	-0.0	0.79531	-0.0	-0.79531	262.13113	21.66689	
39.0	1	24.36176	26.74114	36.31486	21287.93744	-4861.0795	-0.45943	21835.89647	-8.71511	-38.13324	-343.88141	346.099	0.01585	-2.44807	0.55901	5e-05	2.51108	-69.3013	0.01521	
39.0	2	24.3479	34.52265	36.32024	8734.3343	2015.71645	-0.12128	8963.91145	17.71626	-76.72918	622.51268	627.47372	0.07	0.83811	0.19342	-1e-05	-0.86014	51.4778	1.1296	
39.0	17	19.28941	39.725	37.2939	2e-05	5890.60578	-0.00046	5890.60578	-56.3651	-3e-05	-408.47175	412.34233	0.07	0.0	0.81013	-0.0	-0.81013	269.89306	22.14694	
40.0	1	24.36236	26.74395	36.21893	21163.99031	-4829.77687	-0.4549	21708.09136	-42.91665	-188.02626	-357.68642	406.36841	0.01872	-2.43242	0.5551	5e-05	2.49495	-70.77261	0.01802	
40.0	2	24.34757	34.52406	36.22333	8897.927	2053.23352	-0.1227	9131.75081	17.64478	-76.42781	634.39173	639.22251	0.07	0.85895	0.19821	-1e-05	-0.88152	54.04132	1.04403	
40.0	17	19.283	39.725	37.18555	-0.0	5966.73027	-0.00019	5966.73027	-57.75111	-1e-05	-413.65921	417.67108	0.07	-0.0	0.82389	-0.0	-0.82389	279.00705	23.13597	
41.0	1	24.36296	26.74677	36.11918	21036.31606	-4797.64868	-0.44993	21576.46928	-79.87571	-350.19803	-363.47964	511.01491	0.02368	-2.41627	0.55107	5e-05	2.47831	-73.49848	0.02296	
41.0	2	24.34722	34.52552	36.12449	9062.30942	2090.93554	-0.12401	9300.40125	15.83761	-68.60329	647.20966	651.0281	0.07	0.88013	0.20307	-1e-05	-0.90326	54.99815	1.16168	
41.0	17	19.27656	39.725	37.07401	-0.0	6048.6062	0.0	6048.6062	-58.09027	0.0	-419.39862	423.40251	0.07	-0.0	0.83851	0.0	-0.83851	287.33768	23.70575	
42.0	1	24.3635	26.74925	36.01742	20916.25443	-4767.64576	-0.44574	21452.74215	-109.57742	-480.69356	-387.15334	626.86619	0.02922	-2.4005	0.54717	5e-05	2.46207	-73.02766	0.02861	
42.0	2	24.34683	34.5272	36.02178	9215.79066	2126.21551	-0.12561	9457.88506	21.28785	-92.23055	655.25041	662.05192	0.07	0.90001	0.20764	-1e-05	-0.92365	58.78627	0.86121	
42.0	17	19.26955	39.725	36.96528	0.0	6133.84105	-1e-05	6133.84105	-58.47829	-0.0	-425.36789	429.36879	0.07	0.0	0.85379	-0.0	-0.85379	294.84367	24.91568	
43.0	1	24.36403	26.75172	35.91204	20800.2332	-4738.60041	-0.44075	21333.16749	-149.8753	-657.84289	-423.16288	796.42118	0.03733	-2.3851	0.54336	5e-05	2.44621	-76.24026	0.03728	
43.0	2	24.34653	34.52846	35.9172	9388.18698	2165.62321	-0.12716	9634.72774	16.12942	-69.88321	670.60667	674.43096	0.07	0.92188	0.21265	-1e-05	-0.94609	59.12345	1.05279	
43.0	17	19.26178	39.725	36.86514	-0.0	6216.86178	-0.0	6216.86178	-60.82692	-0.0	-430.9084	435.18038	0.07	-0.0	0.86887	-0.0	-0.86887	302.88475	25.35856	
44.0	1	24.36453	26.75407	35.80432	20654.75169	-4703.01229	-0.4258	21183.4155	-179.02433	-786.20133	-442.62915	919.82759	0.04342	-2.36579	0.53868	5e-05	2.42635	-78.68525	0.04424	
44.0	2	24.34618	34.52994	35.80882	9571.74485	2207.71455	-0.12322	9823.04958	16.74067	-72.54252	683.57155	687.61379	0.07	0.94463	0.21788	-1e-05	-0.96943	59.70982	1.17849	
44.0	17	19.25446	39.725	36.75209	0.00012	6267.14121	0.00175	6267.14121	-61.31521	0.00012	-434.39479	438.70079	0.07	0.0	0.87945	0.0	-0.87945	309.759	25.8015	
45.0	1	24.36498	26.75613	35.6936	20520.49939	-4670.30204	-0.42965	21045.25164	-214.53276	-942.57885	-445.4875	1064.39575	0.05058	-2.34792	0.53437	5e-05	2.40796	-79.75693	0.05318	
45.0	2	24.34583	34.53145	35.69797	9735.36792	2245.19654	-0.13012	9990.91068	17.04741	-73.87875	695.24162	699.36371	0.07	0.96579	0.22273	-1e-05	-0.99114	63.50552	0.9823	
45.0	17	19.2473	39.725	36.63139	-1e-05	6350.89201	-7e-05	6350.89201	-62.67323	-1e-05	-440.12248	444.5624	0.07	-0.0	0.89479	-0.0	-0.89479	320.74241	27.15895	
46.0	1	24.36546	26.75836	35.57972	20377.85983	-4635.53846	-0.42418	20898.4542	-245.91082	-1080.9833	-463.47648	1201.5854	0.0575	-2.32891	0.52978	5e-05	2.3884	-83.57229	0.06316	
46.0	2	24.34553	34.53269	35.58429	9916.81999	2286.63241	-0.13137	10177.03328	17.70902	-76.761	708.02337	712.39241	0.07	0.98841	0.22791	-1e-05	-1.01435	64.09917	1.23467	
46.0	17	19.24014	39.725	36.50954	5e-05	6415.83788	0.00042	6415.83788	-62.31839	3e-05	-444.76401	449.10868	0.07	0.0	0.90752	0.0	-0.90752	330.71701	27.66347	
47.0	1	24.3659	26.76041	35.46321	20239.36934	-4601.93639	-0.42035	20755.96034	-277.07292	-1218.52834	-455.18108	1329.95132	0.06408	-2.31008	0.52525	5e-05	2.36904	-84.66587	0.0752	
47.0	2	24.34516	34.53429	35.46775	10081.92517	2324.46091	-0.13379	10346.41646	20.44463	-88.63349	718.51442	724.24916	0.07	1.00969	0.23279	-1e-05	-1.03618	65.99786	1.1415	
47.0	17	19.23289	39.725	36.38229	-0.0	6489.11615	-2e-05	6489.11615	-62.20581	-0.0	-449.9585	454.23805	0.07	-0.0	0.92152	-0.0	-0.92152	337.50826	28.46603	
48.0	1	24.3663	26.76226	35.3439	20102.00326	-4568.8128	-0.41091	20614.66919	-302.59967	-1331.34535	-467.20386	1443.02683	0.07	-2.2918	0.52088	5e-05	2.35025	-84.52837	0.13218	
48.0	2	24.3448	34.53579	35.34818	10245.30508	2361.82576	-0.13297	10514.01432	25.47609	-110.47117	727.19677	735.98101	0.07	1.03087	0.23764	-1e-05	-1.05791	66.17801	1.10579	
48.0	17	19.22555	39.725	36.2554	-1e-05	6547.18139	3e-05	6547.18139	-62.23172	0.0	-454.05815	458.30295	0.07	-0.0	0.9334	0.0	-0.9334	337.69043	28.5759	
49.0	1	24.36676	26.76443	35.22167	19876.52174	-4515.39215	-0.40588	20382.95569	-299.33871	-1317.63224	-458.27907	1426.80696	0.07	-2.26261	0.514	5e-05	2.32026	-89.03741	0.32027	
49.0	2	24.34437	34.53761	35.22588	10445.17225	2407.72775	-0.1358	10719.08468	47.53276	-206.16536	719.88925	750.33596	0.07	1.05562	0.24333	-1e-05	-1.08331	67.93421	1.26951	
49.0	17	19.21877	39.725	36.12215	-3e-05	6526.12917	0.0	6526.12917	-59.05942	-0.0	-452.99535	456.82907	0.07	-0.0	0.93384	0.0	-0.93384	351.81895	29.6114	
50.0	1	24.36711	26.76601	35.09653	19649.18598	-4462.16568	-0.39736	20149.47722	-297.22199	-1308.78103	-433.77293	1410.46363	0.07	-2.23282	0.50705	5e-05	2.28967	-89.96333	0.50472	
50.0	2	24.34379	34.54009	35.10111	10641.70346	2453.16151	-0.13727	10920.79914	68.80124	-298.41748	700.43298	764.456	0.07	1.08034	0.24904	-1e-05	-1.10867	68.474	1.29895	
50.0	20	19.21299	39.725	35.97647	-0.00014	6505.33789	-0.0008	6505.33789	-55.21185	-6e-05	-452.01431	455.37379	0.07	-0.0	0.93406	-0.0	-0.93406	355.1537	29.92606	
51.0	1	24.3674	26.76737	34.96873	19415.84109	-4407.80966	-0.38792	19909.88878	-294.74911	-1298.29607	-412.22427	1393.69242	0.07	-2.20223	0.49995	4e-05	2.25827	-93.39268	0.75323	
51.0	2	24.34318	34.54266	34.97271	10852.14088	2501.79178	-0.13741	11136.78247	87.21296	-378.27068	676.04893	779.57485	0.07	1.10666	0.25512	-1e-05	-1.13569	69.71331	1.46522	
51.0	20	19.20808	39.725	35.82237	-0.00012	6466.85783	-0.00033	6466.85783	-51.14391	-2e-05	-449.78191	452.68032	0.07	-0.0	0.93144	-0.0	-0.93144	365.66225	30.69202	
52.0	1	24.36775	26.76898	34.83843	19187.37739	-4354.3798	-0.38273	19675.26556	-292.16733	-1287.3876	-392.60679	1377.26856	0.07	-2.17171	0.49285	4e-05	2.22693	-95.35664	0.89505	
52.0	2	24.34261	34.54506	34.84187	11068.22799	2551.56897	-0.14002	11358.52874	102.93752	-446.48801	649.79348	795.097	0.07	1.13392	0.2614	-1e-05	-1.16366	71.28457	1.54448	
52.0	20	19.20397	39.725	35.66266	0.0	6416.34565	1e-05	6416.34565	-46.2311	0.0	-446.75867	449.14432	0.07	0.0	0.92679	0.0	-0.92679	373.65334	31.39471	
53.0	1	24.36804	26.77029	34.70476	18947.05956	-4298.5799	-0.37649	19428.55772	-290.04484	-1278.41302	-362.12087	1359.99904	0.07	-2.13967	0.48543	4e-05	2.19405	-97.52246	1.03575	
53.0	2	24.34195	34.54788	34.70865	11284.82575	2601.66833	-0.14239	11580.84497	117.84621	-511.12816	618.08457	810.65915	0.07	1.16133	0.26774	-1e-05	-1.1918	73.76961	1.59324	
53.0	20	19.20034	39.725	35.49987	-0.0	6359.06787	-0.0	6359.06787	-42.29517	-0.0	-443.12083	445.13476	0.07	-0.0	0.92091	-0.0	-0.92091	384.12355	32.39981	
54.0	1	24.36831	26.77155	34.56843	18699.56354	-4241.20305	-0.36581	19174.50077	-287.63296	-1268.15179	-332.56588	1342.21523	0.07	-2.10683	0.47785	4e-05	2.16034	-98.62075	1.19035	
54.0	2	24.34124	34.55088	34.57221	11514.47952	2654.85873	-0.14233	11816.57791	131.15599	-568.80974	586.0445	827.16055	0.07	1.19011	0.2744	-1e-05	-1.22133	75.20161	1.65123	
54.0	20	19.19719	39.725	35.33632	-9e-05	6290.53559	-0.00017	6290.53559	-38.81937	-1e-05	-438.62325	440.33771	0.07	-0.0	0.9131	-0.0	-0.9131	389.8338	32.97425	
55.0	1	24.36862	26.77296	34.42987	18469.41509	-4187.67711	-0.35862	18938.21358	-285.53563	-1259.30637	-300.0518	1325.67501	0.07	-2.07591	0.47068	4e-05	2.1286	-100.30399	1.35318	
55.0	2	24.34055	34.55378	34.43312	11726.36381	2703.84997	-0.14366	12034.05222	143.06239	-620.41992	551.56373	842.38369	0.07	1.21745	0.28072	-1e-05	-1.2494	76.99195	1.75193	
55.0	20	19.19441	39.725	35.17358	-5e-05	6219.54689	-6e-05	6219.54689	-35.02799	-0.0	-433.95712	435.36852	0.07	-0.0	0.90471	-0.0	-0.90471	397.67377	33.7048	
56.0	1	24.36885	26.77399	34.28847	18206.26487	-4127.04806	-0.3532	18668.17095	-281.7661	-1242.97226	-288.58436	1306.77202	0.07	-2.04121	0.46271	4e-05	2.09299	-102.66782	1.51807	
56.0	2	24.33982	34.55689	34.29172	11978.15403	2762.11975	-0.14701	12292.49688	152.33717	-660.59417	529.9298	860.47479	0.07	1.24932	0.28809	-2e-05	-1.28211	78.51494	1.90441	
56.0	20	19.19209	39.725	35.00878	-0.0	6122.57467	-0.0	6122.57467	-30.82022	-0.0	-427.47054	428.58016	0.07	-0.0	0.8923	-0.0	-0.8923	406.42089	34.42078	
57.0	1	24.36907	26.77499	34.1439	17962.26331	-4070.81341	-0.34482	18417.7747	-279.31255	-1232.43122	-255.43759	1289.24419	0.07	-2.00842	0.45517	4e-05	2.05935	-103.51689	1.58568	
57.0	2	24.33911	34.5599	34.14703	12203.392	2814.15745	-0.14786	12523.66793	162.27592	-703.6718	497.03072	876.65673	0.07	1.27848	0.29482	-2e-05	-1.31203	80.90802	1.91038	
57.0	20	19.19023	39.725	34.84171	2e-05	6037.24993	2e-05	6037.24993	-28.64397	0.0	-421.63568	422.60753	0.07	0.0	0.88134	0.0	-0.88134	413.73241	35.24335	
58.0	1	24.36936	26.77631	33.99705	17713.47658	-4013.21876	-0.33822	18162.41112	-276.17728	-1218.96693	-232.86081	1271.36872	0.07	-1.97516	0.4475	4e-05	2.02522	-104.75724	1.69036	
58.0	2	24.33842	34.56283	33.99985	12438.4294	2868.41529	-0.15007	12764.88669	170.5448	-739.5159	471.64405	893.54205	0.07	1.3088	0.30182	-2e-05	-1.34315	82.77764	1.97105	
58.0	20	19.18852	39.725	34.67937	1e-05	5939.96089	0.0	5939.96089	-26.69904	0.0	-414.93927	415.79735	0.07	0.0	0.86845	0.0	-0.86845	420.76565	35.95179	
59.0	1	24.36963	26.77755	33.84765	17451.6964	-3952.79953	-0.327	17893.75119	-272.4229	-1202.73492	-219.38012	1252.56264	0.07	-1.94048	0.43952	4e-05	1.98963	-105.75102	1.81605	
59.0	2	24.33776	34.5656	33.85057	12682.93307	2924.66585	-0.14948	13015.77741	177.92337	-771.54893	450.74021	911.10439	0.07	1.34048	0.30911	-2e-05	-1.37566	83.98542	2.05226	
59.0	20	19.1873	39.725	34.51495	-1e-05	5834.93082	-0.00026	5834.93082	-24.6228	-2e-05	-407.70242	408.44528	0.07	-0.0	0.85419	-0.0	-0.85419	425.77105	36.43608	
60.0	1	24.36989	26.77872	33.69558	17197.90892	-3894.27915	-0.32264	17633.30602	-268.98131	-1187.85818	-200.53914	1234.33138	0.07	-1.907	0.43182	4e-05	1.95528	-107.61774	1.9234	
60.0	2	24.33713	34.56827	33.69876	12911.72989	2977.22529	-0.15297	13250.53355	184.68953	-800.94561	429.76902	927.53733	0.07	1.37066	0.31605	-2e-05	-1.40663	86.15837	2.14653	
60.0	20	19.18655	39.725	34.35237	0.0	5728.93109	1e-05	5728.93109	-22.93023	0.0	-400.36911	401.02521	0.07	0.0	0.83953	0.0	-0.83953	434.90527	37.29317	
61.0	1	24.37011	26.77973	33.54103	16942.19856	-3835.48537	-0.31485	17370.92514	-265.31454	-1171.93851	-186.38336	1215.96481	0.07	-1.87338	0.42411	3e-05	1.92078	-108.71877	1.96262	
61.0	2	24.33652	34.57088	33.54405	13129.07732	3027.12121	-0.15392	13473.53458	190.78616	-827.44725	410.43729	943.14743	0.07	1.39957	0.32269	-2e-05	-1.43629	88.13746	2.16417	
61.0	20	19.18616	39.725	34.19144	-0.0	5618.88019	-0.0	5618.88019	-22.29938	-0.0	-392.68889	393.32153	0.07	-0.0	0.82408	-0.0	-0.82408	441.88305	38.01644	
62.0	1	24.37032	26.78069	33.3842	16661.35544	-3771.07376	-0.30701	17082.79142	-261.41107	-1154.95268	-166.35869	1195.79541	0.07	-1.83685	0.41575	3e-05	1.88331	-109.64512	2.01538	
62.0	2	24.33578	34.57402	33.38705	13312.44649	3069.61931	-0.15451	13661.76395	196.73215	-853.17641	384.6311	956.32348	0.07	1.42469	0.32851	-2e-05	-1.46207	90.28301	2.17301	
62.0	20	19.18602	39.725	34.03284	-0.0	5501.93691	-0.0	5501.93691	-22.38116	-0.0	-384.4847	385.13556	0.07	-0.0	0.80745	-0.0	-0.80745	448.8111	38.76692	
63.0	1	24.3705	26.78146	33.22501	16417.20084	-3715.15301	-0.29933	16832.31551	-257.45999	-1137.6981	-166.31023	1178.26216	0.07	-1.80435	0.40832	3e-05	1.84997	-111.18955	2.06313	
63.0	2	24.33503	34.57714	33.22768	13545.89579	3123.68722	-0.15521	13901.39254	201.40748	-873.3864	378.87988	973.09749	0.07	1.45514	0.33555	-2e-05	-1.49333	91.78379	2.2166	
63.0	20	19.18616	39.725	33.87545	-1e-05	5389.29003	-1e-05	5389.29003	-22.10341	-0.0	-376.6021	377.25019	0.07	-0.0	0.79131	-0.0	-0.79131	455.66858	39.39139	
64.0	1	24.37065	26.78214	33.06337	16186.30019	-3662.3259	-0.29258	16595.44952	-253.77563	-1121.59336	-164.71222	1161.68148	0.07	-1.77352	0.40128	3e-05	1.81835	-112.53643	2.05722	
64.0	2	24.3343	34.58015	33.06614	13770.29216	3175.62039	-0.15616	14131.72003	206.21882	-894.19873	369.37716	989.22043	0.07	1.48479	0.34241	-2e-05	-1.52376	93.72104	2.19217	
64.0	20	19.18656	39.725	33.71819	0.0	5281.85849	0.0001	5281.85849	-22.83311	1e-05	-369.02435	369.73006	0.07	0.0	0.77577	0.0	-0.77577	463.06323	40.13177	
65.0	1	24.37079	26.78274	32.89938	15955.58401	-3609.62188	-0.2925	16358.79064	-250.31572	-1106.45603	-156.16147	1145.11542	0.07	-1.74295	0.39431	3e-05	1.787	-113.5062	2.06745	
65.0	2	24.33365	34.58283	32.90225	13993.06057	3226.98593	-0.16306	14360.33365	210.82598	-914.17873	360.97609	1005.2234	0.07	1.51432	0.34922	-2e-05	-1.55407	95.27917	2.18488	
65.0	20	19.18707	39.725	33.56256	-2e-05	5175.95249	-2e-05	5175.95249	-23.51176	-0.0	-361.55245	362.31613	0.07	-0.0	0.76038	-0.0	-0.76038	468.77054	40.71025	
66.0	1	24.37123	26.78477	32.73326	16210.14541	-3665.53864	-0.2867	16619.41599	-254.02296	-1123.35522	-164.16385	1163.3591	0.07	-1.767	0.39956	3e-05	1.81161	-113.71126	1.70379	
66.0	2	24.33333	34.58416	32.73602	14619.22777	3370.26889	-0.16155	15002.6842	221.08017	-958.96271	366.61786	1050.18787	0.07	1.58894	0.36631	-2e-05	-1.63062	97.33663	1.98687	
66.0	20	19.18711	39.725	33.41196	1e-05	5223.04784	1e-05	5223.04784	-23.42458	0.0	-364.86214	365.61331	0.07	0.0	0.76757	0.0	-0.76757	474.02981	41.35976	
67.0	1	24.37269	26.79162	32.56521	16755.51633	-3783.07605	-0.29417	17177.28127	-261.83725	-1159.68203	-179.91044	1202.40963	0.07	-1.82816	0.41276	3e-05	1.87418	-114.01733	1.29743	
67.0	2	24.33425	34.58037	32.56796	15539.63606	3576.63496	-0.17028	15945.92759	234.84473	-1020.32657	386.93331	1116.21492	0.07	1.70143	0.39161	-2e-05	-1.74592	99.09665	1.82584	
67.0	20	19.18509	39.725	33.27056	0.0	5360.83859	0.0	5360.83859	-22.41503	0.0	-374.58865	375.2587	0.07	0.0	0.78877	0.0	-0.78877	479.39068	41.9901	
68.0	1	24.37484	26.80172	32.39533	16809.66117	-3786.78128	-0.29081	17230.9147	-261.71908	-1161.76592	-191.40201	1206.16402	0.07	-1.83879	0.41423	3e-05	1.88487	-115.1379	1.3131	
68.0	2	24.33588	34.5736	32.39807	16019.21088	3678.22242	-0.17152	16436.07123	241.76157	-1052.88949	395.8318	1150.52499	0.07	1.76972	0.40635	-2e-05	-1.81578	99.98158	1.82881	
68.0	20	19.18144	39.725	33.13301	-0.0	5338.65594	-0.0	5338.65594	-24.86713	-0.0	-372.87766	373.70593	0.07	-0.0	0.78684	-0.0	-0.78684	484.96963	42.55547	
69.0	1	24.37655	26.80973	32.22323	16619.33214	-3737.23751	-0.28447	17034.35192	-258.81077	-1150.90697	-173.95077	1192.40461	0.07	-1.82041	0.40936	3e-05	1.86587	-115.84482	1.42826	
69.0	2	24.33694	34.5691	32.2262	16199.23741	3712.84598	-0.1707	16619.28151	246.12725	-1073.84199	373.72085	1163.3497	0.07	1.80317	0.41328	-2e-05	-1.84993	101.27578	1.81363	
69.0	20	19.17807	39.725	32.99381	1e-05	5244.97288	1e-05	5244.97288	-29.16838	0.0	-365.98763	367.14811	0.07	0.0	0.77423	0.0	-0.77423	490.31782	43.19697	
70.0	1	24.37782	26.81576	32.0494	16353.92765	-3672.61877	-0.28843	16761.23737	-253.23509	-1127.62315	-202.3355	1173.28668	0.07	-1.79148	0.40231	3e-05	1.8361	-118.65646	1.6885	
70.0	2	24.33753	34.56661	32.05253	16447.21184	3764.79417	-0.18231	16872.59472	247.114	-1079.54412	410.45484	1181.08171	0.07	1.84218	0.42168	-2e-05	-1.88983	101.17032	2.0068	
70.0	20	19.17556	39.725	32.84721	-4e-05	5118.15199	-5e-05	5118.15199	-30.74537	-0.0	-356.94822	358.26988	0.07	-0.0	0.75642	-0.0	-0.75642	497.04983	43.61107	
71.0	1	24.37878	26.8204	31.8735	16171.07181	-3627.78293	-0.2704	16573.00131	-249.56248	-1112.42454	-214.67568	1160.1101	0.07	-1.77006	0.39709	3e-05	1.81406	-119.27054	1.70026	
71.0	2	24.33776	34.56567	31.87667	16625.50869	3802.13833	-0.16953	17054.72941	250.54215	-1095.52101	402.85847	1193.83106	0.07	1.87197	0.42811	-2e-05	-1.9203	101.97542	1.9477	
71.0	20	19.17383	39.725	32.68944	-0.0	5024.49591	-0.0	5024.49591	-33.16925	-0.0	-350.14716	351.7147	0.07	-0.0	0.74332	-0.0	-0.74332	500.72306	44.048	
72.0	1	24.37965	26.82421	31.69592	15972.55373	-3580.17294	-0.26409	16368.87629	-246.04021	-1097.66567	-217.9475	1145.82146	0.07	-1.74627	0.39142	3e-05	1.7896	-120.2318	1.67605	
72.0	2	24.3378	34.5655	31.69902	16820.46261	3844.12917	-0.16905	17254.13839	253.80083	-1110.51929	401.35771	1207.78971	0.07	1.90238	0.43477	-2e-05	-1.95143	103.31012	1.87561	
72.0	20	19.17242	39.725	32.5315	-2e-05	4931.49104	-9e-05	4931.49104	-35.63022	-1e-05	-343.3605	345.20421	0.07	-0.0	0.73013	-0.0	-0.73013	506.28833	44.6609	
73.0	1	24.38031	26.82712	31.51619	15796.95669	-3538.48237	-0.26406	16188.41247	-243.09496	-1085.24017	-217.42846	1133.18865	0.07	-1.72445	0.38627	3e-05	1.76719	-120.60055	1.64858	
73.0	2	24.33772	34.56584	31.51934	16984.20089	3879.63659	-0.17397	17421.67214	256.30795	-1122.0421	403.17398	1219.51691	0.07	1.92812	0.44043	-2e-05	-1.97779	104.01488	1.8105	
73.0	20	19.17132	39.725	32.37468	0.00012	4843.75388	0.00021	4843.75388	-37.84764	2e-05	-336.94305	339.06203	0.07	0.0	0.71752	0.0	-0.71752	508.99836	45.00125	
74.0	1	24.38084	26.82945	31.33522	15636.81054	-3500.76363	-0.25195	16023.89434	-239.68894	-1070.59833	-233.49009	1121.6725	0.07	-1.70408	0.38151	3e-05	1.74626	-122.6972	1.59957	
74.0	2	24.33757	34.56648	31.33831	17150.05949	3916.02202	-0.16617	17591.46864	259.18076	-1135.05458	401.03493	1231.40269	0.07	1.95348	0.44605	-2e-05	-2.00375	106.30586	1.73406	
74.0	20	19.17043	39.725	32.21689	6e-05	4758.98345	0.00011	4758.98345	-40.06232	1e-05	-330.71084	333.12858	0.07	0.0	0.70524	0.0	-0.70524	519.16605	46.02579	
75.0	1	24.38127	26.83141	31.15235	15468.16393	-3461.46701	-0.24577	15850.73655	-237.22967	-1060.08575	-225.93162	1109.55163	0.07	-1.68272	0.37656	3e-05	1.72434	-123.37722	1.53887	
75.0	2	24.33734	34.56743	31.15547	17294.19997	3947.88366	-0.16466	17739.08504	261.61698	-1146.02934	400.10192	1241.73598	0.07	1.97573	0.45102	-2e-05	-2.02655	107.72533	1.64667	
75.0	20	19.1697	39.725	32.05998	-2e-05	4678.98501	-4e-05	4678.98501	-42.3409	-0.0	-324.78064	327.52896	0.07	-0.0	0.69356	-0.0	-0.69356	524.1034	46.60478	
76.0	1	24.38165	26.83312	30.96812	15316.62228	-3426.21665	-0.24097	15695.15462	-234.16652	-1046.80563	-237.52823	1098.66084	0.07	-1.66319	0.37204	3e-05	1.70429	-123.39008	1.49404	
76.0	2	24.3371	34.56848	30.97136	17439.97694	3980.32546	-0.16401	17888.42605	263.67414	-1155.28355	404.69155	1252.18983	0.07	1.99766	0.45593	-2e-05	-2.04903	107.87477	1.58074	
76.0	20	19.16911	39.725	31.90333	-1e-05	4600.60564	-2e-05	4600.60564	-44.19334	-0.0	-318.99567	322.04237	0.07	-0.0	0.68202	-0.0	-0.68202	524.62092	46.73383	
77.0	1	24.38198	26.83462	30.78244	15174.53415	-3393.26395	-0.23515	15549.29989	-231.73762	-1036.30438	-238.94885	1088.45103	0.07	-1.64473	0.36779	3e-05	1.68535	-123.04632	1.4373	
77.0	2	24.33679	34.56977	30.7858	17577.50109	4011.21726	-0.162	18029.37627	265.23135	-1162.25	414.26259	1262.05635	0.07	2.01809	0.46053	-2e-05	-2.06997	107.84981	1.51234	
77.0	20	19.16857	39.725	31.74847	-1e-05	4527.04981	-4e-05	4527.04981	-46.13996	-0.0	-313.5165	316.8935	0.07	-0.0	0.67111	-0.0	-0.67111	523.90068	46.75756	
78.0	1	24.3822	26.83566	30.59572	15049.81851	-3364.57051	-0.22347	15421.32847	-228.38484	-1021.55431	-263.7649	1079.49283	0.07	-1.62805	0.36397	2e-05	1.66824	-122.96758	1.36966	
78.0	2	24.33645	34.57121	30.5991	17705.54202	4040.1825	-0.15218	18160.65233	267.36271	-1171.66454	414.469	1271.24552	0.07	2.03696	0.46481	-2e-05	-2.08932	107.96962	1.42244	
78.0	20	19.16817	39.725	31.5926	7e-05	4459.13659	0.00015	4459.13659	-48.15632	1e-05	-308.40294	312.14004	0.07	0.0	0.66097	0.0	-0.66097	524.06884	46.87925	
79.0	1	24.38246	26.83689	30.40747	12659.49176	-2829.37999	-0.1902	12971.82033	-195.50328	-874.73032	-145.39244	908.02733	0.07	-1.3655	0.30519	2e-05	1.39919	-134.71667	7.05358	
79.0	2	24.33595	34.57336	30.41079	19852.70742	4530.00474	-0.17536	20362.97952	312.58277	-1369.88206	239.80081	1425.40846	0.07	2.29004	0.52254	-2e-05	-2.3489	97.94695	6.99616	
79.0	20	19.16818	39.725	31.4222	5e-05	3692.62068	-1e-05	3692.62068	0.82022	-0.0	-258.48206	258.48337	0.07	0.0	0.5474	-0.0	-0.5474	528.03918	44.95738	
80.0	1	24.38339	26.84095	30.21788	11628.73441	-2596.53599	-0.17272	11915.09392	-181.54443	-813.05441	-40.42936	834.05658	0.07	-1.23832	0.2765	2e-05	1.26881	-128.14202	7.74257	
80.0	2	24.33367	34.58281	30.22123	20754.40671	4736.44994	-0.18062	21288.00967	329.97869	-1445.91114	145.03068	1490.16068	0.07	2.41661	0.5515	-2e-05	-2.47874	108.40894	7.66848	
80.0	20	19.1688	39.725	31.2035	-0.0	3231.12145	-0.0	3231.12145	3.8313	-0.0	-226.14608	226.17853	0.07	-0.0	0.47995	-0.0	-0.47995	537.08331	46.97966	
81.0	1	24.38403	26.84377	30.02738	11406.32215	-2545.18148	-0.17434	11686.83591	-177.03928	-793.41418	91.67133	818.0786	0.07	-1.19954	0.26766	2e-05	1.22904	-115.53399	7.61834	
81.0	2	24.33162	34.59134	30.03105	20791.91116	4746.24689	-0.19114	21326.75384	332.20539	-1455.29491	-20.62542	1492.87277	0.07	2.4395	0.55687	-2e-05	-2.50226	125.68655	7.43987	
81.0	20	19.16703	39.725	31.16633	0.0	2294.27502	-4e-05	2294.27502	-8.13216	-0.0	-160.39208	160.59811	0.07	0.0	0.34043	-0.0	-0.34043	547.82527	50.2363	
82.0	1	24.38427	26.84489	29.83537	10824.83677	-2414.75624	-0.1559	11090.90343	-161.26349	-722.92483	232.62375	776.36333	0.07	-1.1255	0.25107	2e-05	1.15317	-89.99507	9.88757	
82.0	2	24.32979	34.59892	29.83998	21163.866	4833.19278	-0.1769	21708.73042	334.06665	-1462.83931	-240.24775	1519.61125	0.07	2.49721	0.57029	-2e-05	-2.5615	150.39572	9.3846	
82.0	20	19.15402	39.725	31.42345	-1e-05	1173.65008	1e-05	1173.65008	-9.5049	0.0	-81.604	82.15568	0.07	-0.0	0.17314	0.0	-0.17314	545.96703	54.16355	
83.0	1	24.38419	26.84467	29.6424	10624.18268	-2370.07776	-0.15095	10885.33537	-161.21889	-722.69614	179.78422	761.97349	0.07	-1.0932	0.24388	2e-05	1.12007	-100.9839	8.44671	
83.0	2	24.32817	34.60567	29.6485	21318.59747	4871.05068	-0.17549	21868.00707	338.46806	-1481.34301	-185.17555	1530.76051	0.07	2.52654	0.57729	-2e-05	-2.59166	140.20425	8.11658	
83.0	3	19.11209	39.725	31.91431	-0.0	1025.86083	0.0	1025.86083	-18.68649	0.0	-69.33631	71.81023	0.07	-0.0	0.14996	0.0	-0.14996	547.60614	54.74644	
84.0	1	24.38409	26.84434	29.44918	10525.91252	-2348.29518	-0.14723	10784.68009	-162.01453	-726.21599	127.58267	754.92762	0.07	-1.07362	0.23952	2e-05	1.10002	-110.29089	6.74256	
84.0	2	24.32685	34.61113	29.45631	21418.62202	4896.106	-0.17294	21971.09973	341.27874	-1492.97109	-141.20712	1537.97702	0.07	2.54684	0.58218	-2e-05	-2.61253	131.76568	6.53817	
84.0	3	19.07343	39.725	32.21304	-0.0	978.52363	0.0	978.52363	-25.10881	0.0	-63.72865	68.49666	0.07	-0.0	0.14173	0.0	-0.14173	549.42058	56.09606	
85.0	1	24.38392	26.84372	29.25529	10494.49934	-2341.59317	-0.14133	10752.56133	-162.64659	-728.95145	93.27873	752.67858	0.07	-1.06272	0.23712	1e-05	1.08885	-112.67081	5.3454	
85.0	2	24.32581	34.61543	29.26322	21421.52283	4898.89366	-0.16371	21974.5489	341.98746	-1495.42149	-113.4567	1538.21757	0.07	2.55303	0.58385	-2e-05	-2.61894	124.15451	5.19625	
85.0	3	19.04171	39.725	32.39286	4e-05	924.398	-4e-05	924.398	-28.46191	-0.0	-58.11264	64.70826	0.07	0.0	0.13261	-0.0	-0.13261	537.389	56.45887	
86.0	1	24.38366	26.84267	29.06121	10611.1421	-2368.16959	-0.14212	10872.19223	-165.12147	-739.8697	67.30437	761.05331	0.07	-1.06877	0.23853	1e-05	1.09506	-118.4324	3.92332	
86.0	2	24.32503	34.61868	29.06975	21293.09462	4871.54841	-0.16232	21843.25668	340.38422	-1487.79152	-92.41713	1529.02778	0.07	2.54123	0.5814	-2e-05	-2.60689	123.27725	3.81247	
86.0	3	19.01788	39.725	32.48711	1e-05	905.27092	-1e-05	905.27092	-31.63522	-0.0	-54.90804	63.36939	0.07	0.0	0.12858	-0.0	-0.12858	548.29341	59.40532	
87.0	1	24.38347	26.84156	28.86674	10772.8584	-2404.84917	-0.14433	11038.01511	-167.84158	-751.87339	59.3353	772.66103	0.07	-1.08142	0.24141	1e-05	1.10804	-120.77755	2.77853	
87.0	2	24.32447	34.621	28.87573	21132.48435	4836.68365	-0.16235	21678.9161	338.17849	-1477.57514	-72.70777	1517.52411	0.07	2.52335	0.57753	-2e-05	-2.58859	122.24687	2.68769	
87.0	3	19.00306	39.725	32.51079	0.0	905.48223	-0.0	905.48223	-34.2449	-0.0	-53.33593	63.38324	0.07	0.0	0.12727	-0.0	-0.12727	551.10476	61.33983	
88.0	1	24.3831	26.83957	28.67219	11064.03473	-2470.94888	-0.14422	11336.59794	-172.88582	-774.12293	24.17843	793.56186	0.07	-1.10919	0.24772	1e-05	1.13652	-122.46834	1.558	
88.0	2	24.32418	34.62222	28.68142	20837.50801	4770.78394	-0.15384	21376.67232	333.80538	-1457.97405	-44.72144	1496.36706	0.07	2.48722	0.56945	-2e-05	-2.55158	120.3722	1.49443	
88.0	3	18.99794	39.725	32.4731	-0.0	906.5606	0.0	906.5606	-36.38489	0.0	-51.99269	63.45944	0.07	-0.0	0.12604	0.0	-0.12604	550.47817	62.68459	
89.0	1	24.38259	26.83716	28.47739	11440.88777	-2556.51057	-0.14595	11723.03968	-178.9536	-800.85282	3.96145	820.61277	0.07	-1.1481	0.25655	1e-05	1.17642	-123.31165	0.4569	
89.0	2	24.32417	34.62228	28.48694	20463.47002	4686.43216	-0.14659	20993.243	328.0064	-1432.25218	-23.98107	1469.527	0.07	2.43957	0.5587	-2e-05	-2.50273	120.04121	0.42196	
89.0	3	19.00234	39.725	32.38195	-0.0	937.99513	0.0	937.99513	-39.24538	0.0	-52.64089	65.66021	0.07	-0.0	0.12893	0.0	-0.12893	551.42341	64.00328	
90.0	1	24.38195	26.83409	28.28257	11978.9117	-2678.60143	-0.15201	12274.73955	-165.43918	-739.86946	224.45747	790.6694	0.06441	-1.20592	0.26966	2e-05	1.2357	-123.32709	0.07595	
90.0	2	24.32443	34.62119	28.29242	19951.7474	4570.2671	-0.14268	20468.50179	263.36954	-1149.76185	-254.30709	1206.64325	0.05895	2.37322	0.54362	-2e-05	-2.43469	120.46452	0.06552	
90.0	3	19.01545	39.725	32.25701	-2e-05	538.93889	-0.0	538.93889	-23.1711	-0.0	-29.77136	37.72577	0.07	-0.0	0.0731	-0.0	-0.0731	552.17752	64.9911	
91.0	1	24.38114	26.83021	28.0877	12579.25782	-2815.31709	-0.15844	12890.45142	-116.74563	-521.66804	552.48484	768.76953	0.05964	-1.27338	0.28499	2e-05	1.30488	-123.46247	0.06668	
91.0	2	24.32497	34.61897	28.09783	19334.28087	4429.81131	-0.13756	19835.26266	204.65118	-893.23578	-600.47482	1095.5922	0.05523	2.2925	0.52525	-2e-05	-2.3519	121.2147	0.0597	
92.0	1	24.38012	26.82533	27.89286	13318.29438	-2984.02535	-0.16256	13648.49342	-92.39409	-412.40472	580.88789	718.36277	0.05263	-1.35835	0.30434	2e-05	1.39203	-122.87712	0.05597	
92.0	2	24.32578	34.6156	27.90331	18561.73782	4253.75584	-0.12588	19042.91337	210.14259	-916.99935	-632.83307	1133.81012	0.05954	2.1913	0.50218	-1e-05	-2.24811	120.68128	0.06651	
93.0	1	24.37892	26.81962	27.69833	14212.53075	-3188.52693	-0.16298	14565.80703	-65.20456	-290.67247	583.73743	655.35601	0.04499	-1.46336	0.3283	2e-05	1.49973	-120.93226	0.04612	
93.0	2	24.32688	34.61105	27.70888	17628.51175	4040.77529	-0.10743	18085.69301	216.51575	-944.60078	-642.06116	1162.49398	0.06428	2.06959	0.47439	-1e-05	-2.12326	118.80489	0.07564	
94.0	1	24.37759	26.81329	27.50417	15083.51334	-3388.80333	-0.17784	15459.5072	-43.54448	-193.84821	616.53101	647.75283	0.0419	-1.57045	0.35283	2e-05	1.6096	-122.64096	0.04246	
94.0	2	24.32828	34.60525	27.51486	16726.10748	3834.6926	-0.10822	17160.05649	215.37708	-939.44751	-667.03978	1172.13095	0.06831	1.95039	0.44715	-1e-05	-2.00099	120.57819	0.08701	
95.0	1	24.37617	26.80656	27.31022	16134.6684	-3630.51431	-0.18658	16538.08207	-33.04203	-146.87763	638.92652	656.42358	0.03969	-1.70128	0.38281	2e-05	1.74382	-122.14314	0.03992	
95.0	2	24.33004	34.59797	27.32113	15690.57523	3597.69588	-0.0987	16097.75036	199.16611	-868.63898	-689.61822	1126.84254	0.07	1.81497	0.41616	-1e-05	-1.86207	120.44487	0.12271	
96.0	1	24.37464	26.79932	27.11649	17253.45486	-3888.62827	-0.19602	17686.24139	-31.0739	-137.90505	659.71516	674.69065	0.03815	-1.84452	0.41572	2e-05	1.89079	-121.90406	0.03819	
96.0	2	24.33213	34.5893	27.12776	14583.45333	3343.93402	-0.08953	14961.91852	171.94112	-749.88288	-710.64832	1047.33429	0.07	1.67131	0.38323	-1e-05	-1.71469	120.56255	0.14859	
97.0	1	24.37311	26.79203	26.92303	18024.11155	-4069.01428	-0.20133	18477.70209	-27.45575	-121.65041	654.23868	666.01868	0.03604	-1.9544	0.44121	2e-05	2.00359	-121.55653	0.03587	
97.0	2	24.33456	34.5792	26.93477	13818.97472	3168.17566	-0.08285	14177.49623	155.77841	-679.49404	-706.34826	992.42477	0.07	1.56717	0.35929	-1e-05	-1.60783	120.36235	0.15684	
98.0	1	24.372	26.78672	26.73077	18015.21022	-4071.9058	-0.19799	18469.65663	-23.59185	-104.40875	658.89046	667.52857	0.03614	-1.97483	0.44636	2e-05	2.02464	-121.13805	0.03597	
98.0	2	24.33664	34.57052	26.74282	13811.84826	3165.69947	-0.0808	14169.99666	155.31317	-677.64459	-707.48915	991.89983	0.07	1.55298	0.35594	-1e-05	-1.59325	119.65844	0.1254	
99.0	1	24.37118	26.78283	26.53943	18046.38095	-4082.63062	-0.19385	18502.4252	-21.48719	-95.0109	662.3236	669.44852	0.03618	-1.99378	0.45105	2e-05	2.04417	-120.84796	0.03602	
99.0	2	24.33817	34.56405	26.55193	13786.47629	3159.19144	-0.07755	14143.81204	151.06968	-659.27457	-723.02644	990.06678	0.07	1.54013	0.35292	-1e-05	-1.58005	119.24047	0.10933	
100.0	1	24.37056	26.77985	26.34859	18083.77838	-4093.93449	-0.19217	18541.39531	-20.79392	-91.88251	668.22669	674.83456	0.0364	-2.0095	0.45493	2e-05	2.06035	-120.48066	0.03625	
100.0	2	24.33942	34.55877	26.36173	13732.55727	3146.00508	-0.07585	14088.30995	144.04327	-628.77743	-719.89782	966.62422	0.06861	1.52668	0.34975	-1e-05	-1.56622	118.69262	0.08827	
101.0	1	24.37007	26.77749	26.15887	18149.27549	-4111.04487	-0.18895	18609.054	-25.20142	-111.28937	677.86455	687.40147	0.03694	-2.02576	0.45886	2e-05	2.07708	-119.03887	0.03685	
101.0	2	24.34042	34.55455	26.17248	13674.9375	3132.08407	-0.07278	14029.03654	130.64788	-570.43619	-720.92958	928.55036	0.06619	1.51452	0.34688	-1e-05	-1.55373	117.25317	0.08029	
102.0	1	24.36965	26.77545	25.97023	18240.69198	-4133.73787	-0.18789	18703.2252	-32.175	-142.00762	681.33059	696.7157	0.03725	-2.04314	0.46302	2e-05	2.09495	-119.40011	0.03719	
102.0	2	24.34118	34.55131	25.98439	13602.51627	3115.02669	-0.07106	13954.63507	113.50002	-495.64197	-733.87208	892.81098	0.06398	1.50185	0.34393	-1e-05	-1.54073	117.59897	0.07499	
103.0	1	24.36928	26.77368	25.78263	18345.41339	-4159.20768	-0.18506	18810.98617	-34.23512	-151.03438	680.0317	697.44286	0.03708	-2.06077	0.46721	2e-05	2.11307	-118.20852	0.037	
103.0	2	24.34186	34.54846	25.79716	13512.25323	3093.8622	-0.06795	13861.92521	100.63795	-439.54606	-729.15457	857.31857	0.06185	1.48794	0.34069	-1e-05	-1.52645	116.41715	0.07066	
104.0	1	24.36896	26.77211	25.59636	18444.03091	-4183.12664	-0.18232	18912.45158	-35.1806	-155.14634	683.90166	702.16062	0.03713	-2.07689	0.47104	2e-05	2.12964	-116.87084	0.03705	
104.0	2	24.34241	34.54613	25.61131	13404.61896	3068.90339	-0.06488	13751.43547	87.7284	-383.20308	-730.67725	829.71688	0.06034	1.47268	0.33716	-1e-05	-1.51079	115.11343	0.0679	
105.0	1	24.36865	26.7706	25.4115	18556.55989	-4210.15221	-0.18004	19028.17114	-28.946	-127.61117	689.79442	702.09602	0.0369	-2.09413	0.47512	2e-05	2.14735	-115.46632	0.0368	
105.0	2	24.34291	34.54402	25.4268	13289.61296	3042.3067	-0.0621	13633.3944	81.38948	-355.54623	-739.83904	824.86312	0.0605	1.45693	0.33353	-1e-05	-1.49462	113.77304	0.06819	
106.0	1	24.36836	26.76919	25.22795	18686.02477	-4240.94541	-0.17771	19161.24056	-27.68636	-122.01765	687.32939	698.62475	0.03646	-2.11317	0.4796	2e-05	2.16691	-115.24046	0.03632	
106.0	2	24.34339	34.54199	25.24359	13167.14881	3014.00023	-0.05926	13507.70169	70.32057	-307.22139	-740.67087	804.93683	0.05959	1.44044	0.32972	-1e-05	-1.4777	113.55369	0.0666	
106.0	16	19.79144	39.725	30.21063	-0.0	7.34856	0.0	7.34856	-0.38218	-0.0	-0.34448	0.51452	0.07	-0.0	0.0003	0.0	-0.0003	514.76606	61.37717	
107.0	1	24.36806	26.7677	25.04598	18823.76307	-4273.71105	-0.17508	19302.81488	-29.81095	-131.33185	686.15621	699.24751	0.03623	-2.133	0.48427	2e-05	2.18728	-114.19848	0.03606	
107.0	2	24.34386	34.54	25.06195	13033.501	2983.14357	-0.05614	13370.53828	54.63086	-238.69892	-744.68016	783.90704	0.05863	1.42292	0.32568	-1e-05	-1.45972	112.54439	0.06499	
107.0	16	19.7818	39.725	30.13923	0.0	12.32856	0.0	12.32856	-0.64668	0.0	-0.57171	0.86316	0.07	0.0	0.00048	0.0	-0.00048	510.08744	61.61761	
108.0	1	24.36773	26.76619	24.86557	18957.92984	-4305.71223	-0.17414	19440.73716	-24.75375	-109.01803	691.0217	700.0062	0.03601	-2.15225	0.48882	2e-05	2.20707	-113.10345	0.03583	
108.0	2	24.34434	34.53798	24.88179	12903.49179	2953.10466	-0.05427	13237.10419	45.37234	-198.26652	-741.16969	768.5706	0.05806	1.40572	0.32171	-1e-05	-1.44206	111.48748	0.06406	
108.0	16	19.77119	39.725	30.0689	-0.0	14.92635	0.0	14.92635	-0.78922	0.0	-0.68481	1.0449	0.07	-0.0	0.00055	0.0	-0.00055	505.18385	61.82665	
109.0	1	24.36736	26.76455	24.6868	19106.0848	-4341.03851	-0.16726	19593.03681	-21.34609	-93.9767	695.22899	701.87651	0.03582	-2.173	0.49372	2e-05	2.22839	-111.62186	0.03562	
109.0	2	24.34473	34.53632	24.70335	12759.34922	2920.05123	-0.04834	13089.22044	33.62556	-146.94143	-750.18248	765.17725	0.05846	1.38701	0.31743	-1e-05	-1.42287	110.06977	0.0647	
109.0	16	19.75962	39.725	30.00008	-0.0	17.97481	-0.0	17.97481	-0.95794	-0.0	-0.81643	1.25865	0.07	-0.0	0.00062	-0.0	-0.00062	498.57636	61.81784	
110.0	1	24.367	26.76297	24.50961	19257.28059	-4377.01603	-0.17312	19748.44615	-20.89703	-91.96698	699.10582	705.43856	0.03572	-2.1941	0.4987	2e-05	2.25006	-112.8083	0.03551	
110.0	2	24.34518	34.53445	24.52666	12615.17738	2886.87872	-0.05096	12941.28159	17.20256	-75.18565	-754.37824	758.31085	0.0586	1.36832	0.31313	-1e-05	-1.40369	111.25099	0.06493	
110.0	16	19.74799	39.725	29.93051	0.0	15.52025	-0.0	15.52025	-0.83292	0.0	-0.69735	1.0863	0.07	0.0	0.0005	-0.0	-0.0005	503.8274	63.28925	
111.0	1	24.36664	26.76137	24.3342	19414.48518	-4414.40369	-0.17106	19910.0275	-16.75415	-73.71179	703.70965	707.75801	0.03555	-2.21591	0.50385	2e-05	2.27247	-111.07974	0.03532	
111.0	2	24.34562	34.53258	24.3517	12462.90633	2851.87216	-0.04827	12785.03848	4.54821	-19.88881	-753.93	754.206	0.05899	1.34872	0.30863	-1e-05	-1.38358	109.58516	0.06559	
111.0	16	19.73608	39.725	29.86171	-0.0	16.30186	-0.0	16.30186	-0.88096	-0.0	-0.7252	1.14105	0.07	-0.0	0.00049	-0.0	-0.00049	496.11979	63.12309	
112.0	1	24.36626	26.75964	24.16072	19575.52771	-4452.81992	-0.16983	20075.57946	-13.40693	-58.96665	707.67246	710.25145	0.03538	-2.23817	0.50911	2e-05	2.29534	-109.8564	0.03514	
112.0	2	24.34606	34.53073	24.1787	12303.36542	2815.22386	-0.04616	12621.34248	-10.06558	43.9771	-761.88352	763.21805	0.06047	1.32834	0.30395	-0.0	-1.36267	108.43522	0.06813	
112.0	16	19.72351	39.725	29.79447	0.0	14.65132	0.0	14.65132	-0.79713	0.0	-0.64516	1.0255	0.07	0.0	0.0004	0.0	-0.0004	490.70175	63.25948	
113.0	1	24.36587	26.75793	23.98909	19735.69887	-4491.05204	-0.16391	20240.24107	-3.46236	-15.24113	711.36815	711.53982	0.03515	-2.26052	0.5144	2e-05	2.31831	-106.92574	0.0349	
113.0	2	24.34654	34.52871	24.00747	12134.23538	2776.31615	-0.04116	12447.79497	-18.09004	79.05348	-760.62481	764.93582	0.06145	1.30689	0.29902	-0.0	-1.34066	105.60389	0.06992	
113.0	16	19.71069	39.725	29.7288	0.0	15.36271	-0.0	15.36271	-0.84116	0.0	-0.67011	1.07545	0.07	0.0	0.00038	-0.0	-0.00038	477.67568	62.3639	
114.0	1	24.36548	26.75622	23.81967	19906.73098	-4531.78785	-0.14627	20416.04858	10.57239	46.41807	717.69627	719.27348	0.03523	-2.28417	0.51999	2e-05	2.34261	-106.65532	0.03498	
114.0	2	24.34695	34.52695	23.83855	11954.04918	2735.05801	-0.02922	12262.94557	-23.07907	100.86275	-780.54307	787.37121	0.06421	1.28404	0.29379	-0.0	-1.31722	105.4178	0.07549	
114.0	16	19.69726	39.725	29.66572	-0.0	14.66354	0.0	14.66354	-0.80786	-0.0	-0.63398	1.02692	0.07	-0.0	0.00033	0.0	-0.00033	476.56176	62.99849	
115.0	1	24.36506	26.75435	23.65236	20083.71484	-4574.08025	-0.16271	20598.00504	17.87091	78.44126	723.53431	727.99334	0.03534	-2.30884	0.52584	2e-05	2.36797	-105.28721	0.0351	
115.0	2	24.34742	34.52497	23.67153	11781.24126	2695.41398	-0.03773	12085.64861	-35.37949	154.62743	-779.2591	795.23965	0.0658	1.26195	0.28872	-0.0	-1.29456	104.12997	0.07927	
115.0	16	19.68649	39.725	29.59617	0.0	13.11413	0.0	13.11413	-0.72617	0.0	-0.56159	0.91799	0.07	0.0	0.00025	0.0	-0.00025	470.50463	62.92871	
116.0	1	24.3646	26.75231	23.48729	20257.8469	-4615.94416	-0.16122	20777.08597	29.41323	129.05939	730.45291	742.34959	0.03573	-2.33331	0.53167	2e-05	2.39312	-103.89081	0.03552	
116.0	2	24.34792	34.52286	23.50662	11595.91992	2652.87725	-0.03548	11895.50825	-43.99274	192.28495	-786.55465	810.91127	0.06817	1.23836	0.28331	-0.0	-1.27036	102.86429	0.08649	
116.0	16	19.67643	39.725	29.52676	-0.0	11.38002	0.0	11.38002	-0.63335	-0.0	-0.48316	0.7966	0.07	-0.0	0.00019	0.0	-0.00019	464.42991	62.81502	
117.0	1	24.36412	26.75015	23.32431	20429.02229	-4657.28774	-0.15949	20953.16876	50.07908	219.64478	737.80064	771.42824	0.03682	-2.35749	0.53745	2e-05	2.41798	-102.26083	0.03671	
117.0	2	24.34841	34.52068	23.3438	11399.39676	2607.7663	-0.03318	11693.87411	-44.14218	192.94975	-794.27996	818.57119	0.07	1.2136	0.27763	-0.0	-1.24495	101.68118	0.11515	
117.0	16	19.66459	39.725	29.46286	0.0	8.75901	-0.0	8.75901	-0.48987	-0.0	-0.36873	0.61313	0.07	0.0	0.00011	-0.0	-0.00011	458.01447	62.72258	
118.0	1	24.3636	26.74786	23.16333	20584.15635	-4695.15415	-0.15798	21112.83887	99.81294	437.56771	742.61518	867.70124	0.0411	-2.37954	0.54276	2e-05	2.44066	-97.03234	0.04153	
118.0	2	24.34882	34.51883	23.18327	11172.23609	2555.86792	-0.03108	11460.86035	-15.08893	65.94715	-799.40274	802.26021	0.07	1.18537	0.27118	-0.0	-1.21599	103.9638	0.63384	
118.0	16	19.64143	39.725	29.42193	-0.0	9.37129	-0.0	9.37129	-0.52285	-0.0	-0.39617	0.65599	0.07	-0.0	0.0001	-0.0	-0.0001	451.28012	63.28963	
119.0	1	24.36302	26.74529	23.00427	20781.15548	-4742.89683	-0.15663	21315.52236	127.23017	557.43902	728.55957	926.13434	0.04345	-2.40644	0.54922	2e-05	2.46832	-83.75497	0.04427	
119.0	2	24.34922	34.51703	23.02515	10948.06027	2504.73633	-0.02896	11230.92728	-4.97154	21.72123	-785.84907	786.16492	0.07	1.15726	0.26476	-0.0	-1.18716	113.74975	2.23664	
119.0	16	19.54516	39.725	29.50574	-0.0	34.96516	0.0	34.96516	-1.91615	0.0	-1.5228	2.44756	0.07	-0.0	0.00045	0.0	-0.00045	443.30658	65.88385	
120.0	1	24.36243	26.74265	22.84744	20984.08387	-4792.12914	-0.15537	21524.31829	144.06765	630.82963	711.96866	962.08154	0.0447	-2.43438	0.55594	2e-05	2.49705	-84.03124	0.04576	
120.0	2	24.34971	34.51484	22.86978	10727.30174	2454.20187	-0.02695	11004.45861	-6.59614	28.82322	-769.74441	770.31211	0.07	1.12947	0.2584	-0.0	-1.15865	110.62111	1.99786	
120.0	16	19.43286	39.725	29.61189	0.0	56.09721	0.0	56.09721	-3.10704	0.0	-2.40127	3.9268	0.07	0.0	0.00092	0.0	-0.00092	436.77914	66.89057	
121.0	1	24.36183	26.73997	22.6933	21217.25963	-4848.36567	-0.15418	21764.16219	163.35023	714.82581	695.47747	1010.6177	0.04643	-2.46633	0.56358	2e-05	2.5299	-83.23001	0.04788	
121.0	2	24.35026	34.51234	22.71678	10502.47067	2402.6068	-0.02493	10773.78344	-6.32952	27.66029	-753.63087	754.16487	0.07	1.10136	0.25195	-0.0	-1.12981	108.35782	1.89402	
121.0	16	19.3228	39.725	29.7075	0.0	80.1481	0.0	80.1481	-4.46918	0.0	-3.39156	5.61037	0.07	0.0	0.00155	0.0	-0.00155	429.7893	67.75677	
122.0	1	24.36118	26.73712	22.54138	21458.14237	-4906.63565	-0.1565	22011.97282	182.38053	797.58128	681.02116	1064.51321	0.04836	-2.49978	0.5716	2e-05	2.5643	-83.14983	0.0503	
122.0	2	24.35084	34.50972	22.56574	10305.68151	2357.4128	-0.02457	10571.87148	-6.87774	30.05909	-739.38831	740.03103	0.07	1.07629	0.2462	-0.0	-1.10409	105.97013	1.73194	
122.0	16	19.22051	39.725	29.78269	0.0	100.08975	0.0	100.08975	-5.61703	0.0	-4.18756	7.00619	0.07	0.0	0.00217	0.0	-0.00217	424.13455	68.5207	
123.0	1	24.36058	26.73444	22.39177	21702.235	-4965.53361	-0.15261	22263.05298	202.73305	886.03953	663.0228	1125.06266	0.05053	-2.53393	0.57977	2e-05	2.59941	-81.64494	0.05313	
123.0	2	24.35147	34.50688	22.41707	10086.92708	2307.11325	-0.02138	10347.40883	-6.80545	29.7474	-723.6755	724.31861	0.07	1.04889	0.23991	-0.0	-1.07598	104.09881	1.70381	
123.0	16	19.1206	39.725	29.85025	0.0	121.39816	0.0	121.39816	-6.84142	0.0	-5.04071	8.49787	0.07	0.0	0.00288	0.0	-0.00288	416.46125	69.03718	
124.0	1	24.35998	26.73178	22.24469	21913.76664	-5017.01681	-0.15199	22480.739	223.28783	975.27643	652.67718	1194.57485	0.05314	-2.56426	0.58707	2e-05	2.6306	-80.68412	0.05668	
124.0	2	24.35223	34.50346	22.27124	9855.25166	2253.57377	-0.01991	10109.62809	-7.32803	32.04044	-706.91028	707.67396	0.07	1.02005	0.23325	-0.0	-1.04638	103.20369	1.70634	
124.0	16	19.01941	39.725	29.91476	0.0	137.85663	0.0	137.85663	-7.79661	0.0	-5.68633	9.64994	0.07	0.0	0.00356	0.0	-0.00356	412.2262	70.09383	
125.0	1	24.35937	26.72905	22.10053	22139.47078	-5071.8873	-0.14524	22712.99644	242.46607	1058.37914	624.44316	1252.55158	0.05515	-2.59629	0.59478	2e-05	2.66355	-77.48504	0.05957	
125.0	2	24.3529	34.50042	22.12774	9615.48258	2198.43356	-0.01571	9863.60053	-8.58415	37.54032	-689.37729	690.45203	0.07	0.99047	0.22646	-0.0	-1.01603	100.08082	1.70725	
125.0	16	18.92114	39.725	29.97056	-0.0	161.39866	-0.0	161.39866	-9.15555	-0.0	-6.62012	11.29823	0.07	-0.0	0.00447	-0.0	-0.00447	397.96066	69.39635	
126.0	1	24.35864	26.72582	21.95904	22185.543	-5086.1951	-0.14543	22761.10057	253.73673	1106.76066	594.04334	1281.47921	0.0563	-2.60687	0.59764	2e-05	2.6745	-78.38608	0.0613	
126.0	2	24.35351	34.49767	21.98673	9300.49695	2126.26061	-0.01509	9540.45217	-15.52169	67.88885	-664.19066	667.83161	0.07	0.95313	0.2179	-0.0	-0.97772	98.49903	1.54185	
126.0	16	18.82774	39.725	30.0146	-0.0	185.22663	-1e-05	185.22663	-10.55514	-0.0	-7.53049	12.96608	0.07	-0.0	0.00544	-0.0	-0.00544	396.30895	70.36975	
127.0	1	24.35754	26.72097	21.81938	21916.88613	-5030.09112	-0.14518	22486.70083	250.39559	1090.996	567.68368	1255.08366	0.05581	-2.57678	0.59139	2e-05	2.64378	-78.77781	0.06056	
127.0	2	24.35369	34.49688	21.84859	8879.10292	2030.65644	-0.01532	9108.3497	-33.45931	146.29712	-619.67042	637.58435	0.07	0.90393	0.20673	-0.0	-0.92726	94.2156	1.23903	
127.0	16	18.74011	39.725	30.0444	-0.0	201.32144	-1e-05	201.32144	-11.54344	-0.0	-8.08361	14.0924	0.07	-0.0	0.00621	-0.0	-0.00621	387.32198	69.81034	
128.0	1	24.35609	26.71453	21.68249	21805.09238	-5011.59288	-0.14005	22373.60313	262.49777	1142.09488	524.63706	1283.95087	0.05739	-2.56222	0.58889	2e-05	2.62902	-77.53648	0.06298	
128.0	2	24.35325	34.49886	21.71273	8513.34335	1948.95309	-0.01285	8733.58078	-36.8081	160.77989	-588.68041	611.35066	0.07	0.85998	0.19687	-0.0	-0.88223	92.58227	1.22046	
128.0	16	18.65722	39.725	30.06266	-0.0	224.01002	-0.0	224.01002	-12.87356	-0.0	-8.95313	15.68079	0.07	-0.0	0.00725	-0.0	-0.00725	380.44614	69.82277	
129.0	1	24.35476	26.70863	21.54858	22000.29789	-5063.06698	-0.13977	22575.37939	291.92467	1268.47176	516.26002	1400.2732	0.06203	-2.58456	0.5948	2e-05	2.65212	-75.71515	0.07101	
129.0	2	24.35302	34.49988	21.57918	8281.85992	1897.41503	-0.01203	8496.43381	-29.98072	130.85655	-579.40118	594.75037	0.07	0.8302	0.1902	-0.0	-0.85171	91.33639	1.24411	
129.0	16	18.57777	39.725	30.07606	-0.0	232.57051	0.0	232.57051	-13.3751	0.0	-9.28129	16.27992	0.07	-0.0	0.00782	0.0	-0.00782	373.21818	69.67662	
130.0	1	24.35359	26.70346	21.41741	22195.12386	-5113.7963	-0.13991	22776.62037	316.77077	1374.84872	501.30458	1497.28387	0.06574	-2.60837	0.60097	2e-05	2.67671	-74.06486	0.07911	
130.0	2	24.35305	34.49973	21.44869	8046.32564	1844.39516	-0.01123	8255.00756	-27.0397	117.95947	-565.03603	577.85058	0.07	0.80042	0.18347	-0.0	-0.82118	89.51242	1.22118	
130.0	16	18.50007	39.725	30.08811	0.0	245.93457	0.0	245.93457	-14.15682	0.0	-9.79539	17.21526	0.07	0.0	0.00853	0.0	-0.00853	365.16661	69.20664	
131.0	1	24.35253	26.69873	21.28858	22408.70046	-5168.45691	-0.13744	22997.01726	341.61686	1481.12362	482.72363	1594.82016	0.06935	-2.63561	0.60789	2e-05	2.70481	-72.20603	0.09202	
131.0	2	24.35328	34.49869	21.32072	7809.18371	1790.6286	-0.00941	8011.84754	-24.45851	106.66412	-550.04916	560.82932	0.07	0.77099	0.17679	-0.0	-0.791	88.14748	1.2509	
131.0	16	18.42347	39.725	30.09925	0.0	261.24502	0.0	261.24502	-15.04774	0.0	-10.3916	18.28715	0.07	0.0	0.00932	0.0	-0.00932	357.73322	68.89652	
132.0	1	24.35149	26.69415	21.16281	22629.05493	-5224.62928	-0.13662	23224.35959	351.30544	1521.57178	452.01889	1625.70516	0.07	-2.66451	0.61519	2e-05	2.73461	-70.36325	0.24093	
132.0	2	24.35372	34.49669	21.19607	7576.20983	1737.37854	-0.00817	7772.8656	-35.17678	153.39342	-520.84404	544.10059	0.07	0.74247	0.17026	-0.0	-0.76175	86.64613	1.2619	
132.0	16	18.34907	39.725	30.1059	0.0	286.92385	0.0	286.92385	-16.5523	0.0	-11.37609	20.08468	0.07	0.0	0.01051	0.0	-0.01051	350.08463	68.5214	
133.0	1	24.3506	26.6902	21.04001	22880.04157	-5287.26906	-0.13608	23483.00484	358.33001	1550.62084	411.44502	1643.81033	0.07	-2.69773	0.62341	2e-05	2.76883	-68.90845	0.40605	
133.0	2	24.35428	34.49416	21.0738	7337.69386	1682.66354	-0.00685	7528.15434	-47.84087	208.62065	-481.54637	526.97081	0.07	0.71367	0.16366	-0.0	-0.73219	84.55469	1.23229	
133.0	16	18.27757	39.725	30.1053	-0.0	321.21626	-0.0	321.21626	-18.55946	-0.0	-12.69363	22.48515	0.07	-0.0	0.01211	-0.0	-0.01211	342.03394	67.81345	
134.0	1	24.34982	26.68673	20.91954	23112.67849	-5345.22611	-0.13524	23722.71799	365.04986	1578.46099	364.36182	1660.59026	0.07	-2.72961	0.63127	2e-05	2.80166	-67.12422	0.57267	
134.0	2	24.35507	34.49063	20.95401	7101.49356	1628.10473	-0.0055	7285.73509	-59.45869	259.34639	-435.09263	510.00145	0.07	0.68532	0.15712	-0.0	-0.7031	82.48215	1.26365	
134.0	16	18.20912	39.725	30.09722	-0.0	360.88001	0.0	360.88001	-20.88165	0.0	-14.21646	25.26165	0.07	-0.0	0.01402	0.0	-0.01402	333.35046	66.99256	
135.0	1	24.34899	26.68303	20.80222	23362.67573	-5407.52808	-0.13498	23980.3248	372.1834	1607.97295	306.06667	1678.62274	0.07	-2.76429	0.63982	2e-05	2.83737	-65.62042	0.79618	
135.0	2	24.35587	34.48704	20.83747	6857.2774	1571.71275	-0.0042	7035.09305	-69.98428	305.33572	-379.9812	492.45651	0.07	0.65655	0.15048	-0.0	-0.67357	80.93866	1.36421	
135.0	16	18.14422	39.725	30.08114	0.0	407.96716	0.0	407.96716	-23.63887	0.0	-16.0233	28.5577	0.07	0.0	0.01635	0.0	-0.01635	326.46981	66.49483	
136.0	1	24.34826	26.67983	20.68731	23606.44716	-5467.84224	-0.1341	24231.41858	378.95289	1636.05662	238.33906	1696.1993	0.07	-2.79805	0.6481	2e-05	2.87213	-64.59052	1.00807	
136.0	2	24.3569	34.48239	20.72343	6603.60002	1512.81055	-0.00299	6774.66818	-79.42464	346.69747	-313.66165	474.22678	0.07	0.627	0.14364	-0.0	-0.64325	78.56194	1.44972	
136.0	16	18.08367	39.725	30.05571	-0.0	462.83707	0.0	462.83707	-26.86474	0.0	-18.10952	32.39859	0.07	-0.0	0.01917	0.0	-0.01917	318.84813	65.59939	
137.0	1	24.34755	26.67666	20.57563	23866.04733	-5531.8397	-0.13289	24498.76457	385.62483	1663.69962	155.96621	1714.91353	0.07	-2.83443	0.65698	2e-05	2.90957	-63.27006	1.42743	
137.0	2	24.3582	34.47655	20.61237	6345.46837	1452.54095	-0.00186	6509.5963	-87.3615	381.641	-233.14128	455.67174	0.07	0.59715	0.13669	-0.0	-0.61259	76.27953	1.75705	
137.0	16	18.02985	39.725	30.01671	-0.0	529.6678	-0.0	529.6678	-30.82752	-0.0	-20.59973	37.07675	0.07	-0.0	0.02271	-0.0	-0.02271	310.83345	64.76602	
138.0	1	24.34685	26.67358	20.46642	24142.35631	-5599.69862	-0.13233	24783.26033	391.81033	1689.23694	50.91247	1734.82819	0.07	-2.87266	0.6663	2e-05	2.94892	-63.56264	2.15282	
138.0	2	24.35967	34.46993	20.5039	6077.86162	1389.93371	-0.00093	6234.76684	-92.93367	406.37754	-129.209	436.43366	0.07	0.5667	0.1296	-0.0	-0.58133	72.69242	2.33376	
138.0	16	17.9874	39.725	29.95532	0.0	615.73506	0.0	615.73506	-36.02173	0.0	-23.66777	43.10137	0.07	0.0	0.02737	0.0	-0.02737	303.53705	63.77493	
139.0	1	24.34634	26.67132	20.36056	24448.77872	-5673.55528	-0.13076	25098.44637	396.41146	1708.23929	-106.97397	1756.89128	0.07	-2.91525	0.67651	2e-05	2.99272	-71.52891	5.32313	
139.0	2	24.36157	34.46137	20.39874	5782.51771	1320.52529	0.00013	5931.38247	-92.26738	404.03449	25.12438	415.19679	0.07	0.53365	0.12187	0.0	-0.54738	60.61126	5.40345	
139.0	16	17.982	39.725	29.82192	-0.0	750.72304	-0.0	750.72304	-45.05382	-0.0	-27.05035	52.55062	0.07	-0.0	0.03472	-0.0	-0.03472	294.51424	62.34435	
140.0	1	24.34685	26.67355	20.25991	24550.35243	-5694.32129	-0.12886	25202.08522	395.795	1706.42524	-208.97358	1764.14589	0.07	-2.93147	0.67994	2e-05	3.00929	-125.20134	19.35226	
140.0	2	24.36396	34.45062	20.2959	5483.25827	1249.70903	0.0009	5623.86823	-83.3556	365.73328	119.44714	393.67068	0.07	0.32343	0.07372	0.0	-0.33173	2.71763	20.24587	
140.0	16	18.26343	39.725	29.11799	0.0	914.9642	-0.0	914.9642	-60.80543	-0.0	-20.11857	64.0473	0.07	0.0	0.04418	-0.0	-0.04418	285.55056	59.26408	
141.0	1	24.34734	26.67575	20.16337	24286.67665	-5630.27007	-0.12251	24930.75618	391.07615	1686.94687	-216.39709	1745.15271	0.07	-2.89918	0.6721	1e-05	2.97607	-121.64087	16.22565	
141.0	2	24.36609	34.44106	20.19693	5191.04746	1180.96024	0.00184	5323.68677	-77.22968	339.47179	132.92194	372.65771	0.07	0.21461	0.04882	0.0	-0.2201	1.87716	17.44879	
141.0	21	18.62955	39.725	28.16927	3e-05	1020.16403	0.0	1020.16403	-67.91355	0.0	-22.07529	71.41127	0.07	0.0	0.05132	0.0	-0.05132	276.04039	51.38263	
142.0	1	24.3474	26.67599	20.06964	23875.82225	-5534.39274	-0.1159	24508.86352	384.15703	1657.28944	-221.73882	1715.6203	0.07	-2.84488	0.65944	1e-05	2.92031	-118.90786	13.84176	
142.0	2	24.36818	34.43164	20.1006	4887.25661	1109.68677	0.00224	5011.65461	-70.98458	312.62833	142.46513	350.81562	0.07	0.21362	0.0485	0.0	-0.21906	2.04889	15.36198	
142.0	24	18.91968	39.725	27.3054	-0.0	1111.02674	-1e-05	1111.02674	-73.93388	-0.0	-24.12953	77.7718	0.07	-0.0	0.05808	-0.0	-0.05808	270.58996	45.4358	
143.0	1	24.34714	26.67482	19.97872	24053.47519	-5576.72692	-0.10896	24691.48744	386.81131	1668.39469	-232.85219	1728.40504	0.07	-2.86142	0.66341	1e-05	2.93732	-113.80999	12.02849	
143.0	2	24.37076	34.42006	20.00666	4695.66752	1063.52479	0.00359	4814.60054	-66.884	295.30529	148.00596	337.02292	0.07	0.30306	0.06864	0.0	-0.31074	3.30723	13.55285	
143.0	24	19.15359	39.725	26.50701	-5e-05	1225.27686	8e-05	1225.27686	-81.25092	-0.0	-27.47564	85.77076	0.07	-0.0	0.06642	0.0	-0.06642	262.2957	40.02977	
144.0	1	24.34703	26.67434	19.89024	24226.14555	-5617.12055	-0.10929	24868.81926	390.00219	1682.04937	-221.47809	1740.81714	0.07	-2.87875	0.66747	1e-05	2.95512	-108.26067	10.54415	
144.0	2	24.37345	34.40796	19.91634	4494.10267	1015.19421	0.0033	4607.33959	-62.58612	277.05827	152.76346	322.51354	0.07	0.36117	0.08159	0.0	-0.37027	4.82069	12.11075	
144.0	24	19.33966	39.725	25.77473	1e-05	1338.85109	-2e-05	1338.85109	-88.40224	-0.0	-31.11883	93.71946	0.07	0.0	0.07513	-0.0	-0.07513	253.57359	35.40197	
145.0	1	24.34679	26.67328	19.80426	24396.06004	-5657.6572	-0.10724	25043.49876	393.26575	1695.78267	-206.95334	1753.04492	0.07	-2.89796	0.67206	1e-05	2.97487	-97.14129	8.34815	
145.0	2	24.37648	34.39404	19.82785	4287.57266	965.60093	0.0038	4394.95898	-59.11598	262.49299	149.16266	307.64715	0.07	0.36464	0.08212	0.0	-0.37377	13.65024	9.69567	
145.0	18	19.47308	39.725	25.15403	-0.0	1447.42269	-0.0	1447.42269	-92.97711	-0.0	-40.26023	101.31944	0.07	-0.0	0.08398	-0.0	-0.08398	248.75772	32.0715	
146.0	1	24.34644	26.67171	19.72034	24383.00593	-5656.46453	-0.1034	25030.51276	394.12348	1698.92916	-168.18609	1752.13589	0.07	-2.89541	0.67169	1e-05	2.9723	-67.94641	3.91831	
146.0	2	24.37952	34.37955	19.74274	4414.28183	990.89916	0.00457	4524.13143	-64.47822	287.23862	116.7415	316.68919	0.07	0.37011	0.08308	0.0	-0.37932	37.89234	4.3721	
146.0	9	-23.35296	23.52581	19.71638	-147.32789	-59.34899	-6e-05	158.83265	0.24562	-0.60972	-11.09883	11.11828	0.07	0.00126	0.00051	0.0	0.00135	-75.37876	199.74396	
146.0	18	19.55244	39.725	24.69344	0.0	1465.93198	0.0	1465.93198	-83.53616	0.0	-59.59529	102.61525	0.07	0.0	0.08773	0.0	-0.08773	237.88776	29.50183	
147.0	1	24.346	26.66976	19.63774	24299.35626	-5639.41537	-0.10357	24945.17429	392.81704	1692.5902	-172.95961	1746.16203	0.07	-2.88434	0.6694	1e-05	2.96099	-61.25316	2.64217	
147.0	2	24.38109	34.37202	19.66031	4639.59231	1039.68487	0.0046	4754.65682	-68.63838	306.29819	110.64909	332.82583	0.07	0.38577	0.08645	0.0	-0.39534	42.21642	2.90491	
147.0	9	-23.3732	23.57684	19.63544	-357.36334	-143.13869	-0.00056	384.96395	0.34634	-0.86457	-26.93145	26.94755	0.07	0.00492	0.00197	0.0	0.0053	-78.27565	194.82635	
147.0	18	19.55397	39.725	24.53625	1e-05	1479.93699	-2e-05	1479.93699	-80.28119	-0.0	-65.47376	103.5948	0.07	0.0	0.09101	-0.0	-0.09101	232.68618	28.2721	
148.0	1	24.34576	26.6687	19.558	24327.25548	-5647.17445	-0.09818	24974.10536	392.406	1690.43506	-211.20158	1748.18743	0.07	-2.8862	0.66998	1e-05	2.96294	-63.84132	3.12245	
148.0	2	24.38215	34.36695	19.57985	4664.5976	1044.06329	0.00562	4780.01453	-66.56869	297.41049	138.10672	334.60104	0.07	0.38559	0.08631	0.0	-0.39513	36.23468	3.49752	
148.0	9	-23.38702	23.61056	19.55528	-488.32067	-194.61863	-0.00103	525.67431	0.51852	-1.30083	-36.77055	36.79721	0.07	0.00826	0.00329	0.0	0.00889	-71.03933	188.98099	
148.0	18	19.55683	39.725	24.37764	-0.0	1554.21659	1e-05	1554.21659	-85.98866	0.0	-66.65097	108.79523	0.07	-0.0	0.0981	0.0	-0.0981	225.1732	26.66708	
149.0	1	24.34569	26.66838	19.48127	24336.18738	-5649.57536	-0.09873	24983.34882	391.90309	1688.17118	-234.33216	1748.83433	0.07	-2.88637	0.67006	1e-05	2.96313	-63.76356	3.2188	
149.0	2	24.38315	34.36215	19.50318	4711.99888	1053.5026	0.00546	4828.33317	-66.12301	295.74746	149.64582	337.98326	0.07	0.38758	0.08666	0.0	-0.39715	33.08632	3.62048	
149.0	9	-23.3962	23.63309	19.47772	-626.92818	-249.12039	-0.00128	674.61093	0.66555	-1.67467	-47.1885	47.2229	0.07	0.01225	0.00487	0.0	0.01318	-66.71982	183.1908	
149.0	18	19.56886	39.725	24.1831	1e-05	1613.801	-1e-05	1613.801	-89.4309	-0.0	-69.01657	112.96536	0.07	0.0	0.10444	-0.0	-0.10444	218.03119	25.17951	
150.0	1	24.3456	26.66802	19.40721	24278.9107	-5636.69794	-0.09481	24924.6438	390.4283	1681.69338	-252.06864	1744.72505	0.07	-2.87846	0.66828	1e-05	2.95501	-62.90467	3.08071	
150.0	2	24.3838	34.35904	19.42823	4722.45515	1055.07143	0.00609	4838.87987	-64.75622	289.84516	162.87641	338.72158	0.07	0.38713	0.08649	0.0	-0.39667	30.52152	3.55416	
150.0	9	-23.4054	23.65628	19.40404	-753.30605	-298.24831	-0.00154	810.19878	0.66941	-1.69049	-56.68484	56.71399	0.07	0.01633	0.00646	0.0	0.01756	-62.82313	176.86921	
150.0	18	19.58216	39.725	23.98368	0.0	1672.86291	-0.0	1672.86291	-92.34121	0.0	-72.01067	117.10011	0.07	0.0	0.11091	-0.0	-0.11091	210.39488	23.58355	
151.0	1	24.34559	26.66796	19.33595	24181.85045	-5614.16554	-0.09104	24825.00244	388.45038	1673.17352	-263.38605	1737.75013	0.07	-2.8648	0.6651	1e-05	2.94099	-61.01167	3.05379	
151.0	2	24.38418	34.35715	19.35664	4720.51644	1054.16123	0.00657	4836.78937	-64.15931	287.30327	167.25312	338.57524	0.07	0.38573	0.08614	0.0	-0.39523	27.75681	3.55314	
151.0	9	-23.41438	23.6789	19.33252	-871.67623	-343.82936	-0.00192	937.03686	0.80316	-2.0358	-65.55595	65.59247	0.07	0.02047	0.00808	0.0	0.02201	-58.28829	168.23065	
151.0	18	19.59653	39.725	23.78008	1e-05	1721.54296	-0.0	1721.54296	-95.03567	0.0	-74.09726	120.50802	0.07	0.0	0.11682	-0.0	-0.11682	199.95405	21.93051	
152.0	1	24.34555	26.66778	19.26755	24170.90727	-5611.78304	-0.08784	24813.80397	387.78061	1670.2416	-277.43663	1736.96629	0.07	-2.86179	0.66442	1e-05	2.9379	-60.60228	3.19563	
152.0	2	24.3845	34.35562	19.28809	4672.8273	1043.13916	0.00707	4787.84443	-62.4826	279.89476	173.43524	335.14912	0.07	0.38069	0.08498	0.0	-0.39006	23.95361	3.75734	
152.0	9	-23.42711	23.71098	19.26404	-965.45289	-378.55405	-0.00427	1037.01613	0.95608	-2.43753	-72.54379	72.59103	0.07	0.02461	0.00965	0.0	0.02644	-52.79919	160.53066	
152.0	18	19.6136	39.725	23.56344	-0.0	1786.46547	0.0	1786.46547	-99.44222	-0.0	-75.82518	125.05284	0.07	-0.0	0.12396	0.0	-0.12396	190.50565	20.25358	
153.0	1	24.34549	26.6675	19.20179	24108.84745	-5597.6649	-0.08891	24750.15914	386.76353	1665.77452	-277.85687	1732.51125	0.07	-2.8523	0.66225	1e-05	2.92817	-58.87976	2.96682	
153.0	2	24.38481	34.35413	19.22098	4644.08722	1036.34424	0.00661	4758.31435	-61.69986	276.48956	175.18662	333.08212	0.07	0.37728	0.08419	0.0	-0.38656	23.99219	3.53193	
153.0	9	-23.4338	23.72815	19.19839	-1064.79717	-416.30805	-0.00494	1143.28711	0.93411	-2.38823	-79.9895	80.0306	0.07	0.02879	0.01126	0.0	0.03091	-52.08153	157.29868	
153.0	18	19.63012	39.725	23.34627	-1e-05	1836.66946	2e-05	1836.66946	-100.59377	0.0	-80.06364	128.5663	0.07	-0.0	0.13026	0.0	-0.13026	186.73741	19.40404	
154.0	1	24.34546	26.66738	19.13858	24016.16727	-5576.21276	-0.09701	24655.02868	385.33088	1659.58472	-275.43207	1725.85172	0.07	-2.83905	0.65919	1e-05	2.91457	-56.41503	2.76515	
154.0	2	24.385	34.35319	19.15759	4639.67597	1035.12719	0.00475	4753.74393	-61.95749	277.70679	172.54176	332.76185	0.07	0.37585	0.08385	0.0	-0.38509	24.38326	3.27468	
154.0	9	-23.43846	23.74035	19.1355	-1169.78082	-456.50053	-0.0048	1255.69897	0.99298	-2.54359	-87.8584	87.90083	0.07	0.03315	0.01294	0.0	0.03558	-51.6239	153.30647	
154.0	18	19.64207	39.725	23.14917	2e-05	1873.90928	-6e-05	1873.90928	-100.68994	-0.0	-84.06663	131.17036	0.07	0.0	0.13573	-0.0	-0.13573	182.07886	18.65082	
155.0	1	24.34537	26.66698	19.07801	23930.29079	-5556.70702	-0.08174	24566.96583	383.61776	1652.07699	-284.26147	1719.68763	0.07	-2.82664	0.65636	1e-05	2.90185	-53.40126	2.64273	
155.0	2	24.38507	34.35283	19.09668	4585.28511	1022.90144	0.00758	4697.99605	-60.75871	272.35731	174.00752	328.85976	0.07	0.37045	0.08264	0.0	-0.37956	21.84393	3.16454	
155.0	9	-23.44206	23.74979	19.07517	-1250.64319	-487.4102	-0.00546	1342.26565	1.00868	-2.58711	-93.91776	93.9588	0.07	0.03684	0.01436	0.0	0.03954	-47.18207	142.84736	
155.0	18	19.65213	39.725	22.95993	-1e-05	1923.18268	-0.0	1923.18268	-102.91688	-0.0	-86.7838	134.62286	0.07	-0.0	0.14219	-0.0	-0.14219	169.56967	16.94887	
156.0	1	24.34521	26.66628	19.01995	23826.016	-5533.27913	-0.08446	24460.09436	381.78597	1643.9552	-288.61844	1712.20613	0.07	-2.81113	0.65285	1e-05	2.88594	-52.11968	2.47833	
156.0	2	24.38507	34.35284	19.03751	4525.28051	1009.48819	0.00653	4636.51055	-59.44035	266.45493	175.51269	324.55522	0.07	0.36462	0.08134	0.0	-0.37358	21.28926	3.02804	
156.0	9	-23.44503	23.75758	19.01715	-1325.70517	-516.18969	-0.00497	1422.65456	0.95101	-2.44147	-99.5525	99.58698	0.07	0.04032	0.0157	0.0	0.04327	-45.95999	138.97227	
156.0	18	19.66079	39.725	22.7766	1e-05	1968.14094	-0.00015	1968.14094	-104.05409	-1e-05	-90.29334	137.76843	0.07	0.0	0.14842	-0.0	-0.14842	165.42267	16.16825	
157.0	1	24.34508	26.66569	18.96443	23780.20087	-5523.28763	-0.07651	24413.20667	381.22534	1641.34798	-284.72265	1708.9245	0.07	-2.80272	0.65097	1e-05	2.87733	-47.86829	2.34639	
157.0	2	24.38505	34.35289	18.98175	4532.70616	1011.13708	0.00803	4644.11707	-60.58626	271.59358	168.07314	325.08822	0.07	0.36416	0.08123	0.0	-0.37311	20.39763	2.79541	
157.0	9	-23.44798	23.76529	18.96177	-1417.92044	-551.56706	-0.00537	1521.4219	1.14513	-2.94277	-106.45267	106.4995	0.07	0.04443	0.01728	0.0	0.04768	-43.26339	129.55873	
157.0	18	19.66716	39.725	22.6057	-0.0	1998.98319	0.0	1998.98319	-104.04728	0.0	-93.56439	139.92902	0.07	-0.0	0.15366	0.0	-0.15366	153.82248	14.95591	
158.0	1	24.34506	26.6656	18.91139	23866.05173	-5543.27888	-0.07643	24501.35437	382.66654	1647.53773	-284.14045	1715.09476	0.07	-2.81121	0.65295	1e-05	2.88604	-46.2187	2.34086	
158.0	2	24.38517	34.35231	18.92848	4543.8141	1013.47731	0.00806	4655.46806	-61.18113	274.29757	164.97659	325.88274	0.07	0.36424	0.08124	0.0	-0.37319	19.83126	2.71674	
158.0	9	-23.45055	23.77204	18.90854	-1506.9613	-585.7192	-0.00531	1616.78673	1.37936	-3.54784	-113.11087	113.1749	0.07	0.04857	0.01888	0.0	0.05211	-41.91582	125.38684	
158.0	18	19.67159	39.725	22.44595	1e-05	2044.72842	0.0	2044.72842	-105.08925	0.0	-97.17354	143.13087	0.07	0.0	0.16005	0.0	-0.16005	148.83785	14.28347	
159.0	1	24.3451	26.66578	18.86075	23955.01259	-5563.68653	-0.07449	24592.62565	384.11718	1653.859	-284.09677	1721.48383	0.07	-2.82113	0.65522	1e-05	2.89622	-43.83838	2.2918	
159.0	2	24.3854	34.35117	18.87709	4550.46293	1014.69448	0.00843	4662.2224	-61.79653	277.12919	160.89925	326.35559	0.07	0.36423	0.08122	0.0	-0.37317	18.85417	2.61777	
159.0	9	-23.45318	23.77869	18.85791	-1590.18774	-617.55036	-0.00543	1705.89141	1.58478	-4.07974	-119.33236	119.4126	0.07	0.05265	0.02045	0.0	0.05648	-39.78694	119.05707	
159.0	18	19.67479	39.725	22.29384	-1e-05	2089.46401	-0.0	2089.46401	-106.28749	-0.0	-100.47735	146.26253	0.07	-0.0	0.16644	-0.0	-0.16644	141.29274	13.41618	
160.0	1	24.34524	26.66639	18.8126	24023.96858	-5578.93239	-0.07334	24663.24295	385.32901	1659.30539	-280.67305	1726.427	0.07	-2.82896	0.65695	1e-05	2.90424	-41.32811	2.23938	
160.0	2	24.38573	34.34961	18.8285	4571.23992	1018.96416	0.00861	4683.43062	-62.98562	282.56249	153.8519	327.84014	0.07	0.36543	0.08146	0.0	-0.37439	18.27201	2.50206	
160.0	9	-23.4558	23.78532	18.80991	-1675.68447	-650.22431	-0.00557	1797.41762	1.87844	-4.83984	-125.71201	125.81917	0.07	0.05696	0.0221	0.0	0.0611	-38.13543	113.22175	
160.0	18	19.67669	39.725	22.14977	0.0	2125.55616	0.0	2125.55616	-106.77825	0.0	-103.61733	148.78894	0.07	0.0	0.1722	0.0	-0.1722	134.35321	12.70361	
161.0	1	24.34544	26.66729	18.76692	24096.45375	-5594.62458	-0.07158	24737.39896	386.51189	1664.73831	-278.84703	1731.61796	0.07	-2.83812	0.65895	1e-05	2.91362	-39.0011	2.20245	
161.0	2	24.38617	34.3475	18.78285	4584.42652	1021.4247	0.00899	4696.8367	-63.79244	286.31617	148.48883	328.77858	0.07	0.36605	0.08156	0.0	-0.37502	17.32356	2.41506	
161.0	9	-23.45865	23.79251	18.76429	-1754.64468	-680.2066	-0.00574	1881.87645	2.18053	-5.62373	-131.59326	131.73142	0.07	0.06127	0.02375	0.0	0.06571	-36.07126	107.06781	
161.0	18	19.67706	39.725	22.01696	-1e-05	2163.01421	0.0	2163.01421	-107.69131	-0.0	-106.43263	151.4111	0.07	-0.0	0.17806	0.0	-0.17806	127.00985	11.93334	
162.0	1	24.34566	26.66824	18.72368	24181.26958	-5613.12368	-0.06818	24824.20102	387.76077	1670.47217	-280.61555	1737.6941	0.07	-2.84929	0.6614	1e-05	2.92504	-36.91061	2.15955	
162.0	2	24.3867	34.34492	18.73936	4567.47912	1017.06332	0.00964	4679.34646	-63.78293	286.43821	145.5221	327.55426	0.07	0.36429	0.08112	0.0	-0.37321	16.02706	2.34961	
162.0	9	-23.46188	23.80068	18.7212	-1818.72828	-704.18149	-0.00616	1950.29335	2.39957	-6.1963	-136.35843	136.52023	0.07	0.06521	0.02525	0.0	0.06993	-33.63198	100.71559	
162.0	18	19.67687	39.725	21.88897	-0.0	2207.15942	0.0	2207.15942	-109.31679	-0.0	-109.18159	154.50171	0.07	-0.0	0.18453	0.0	-0.18453	119.4182	11.1026	
163.0	1	24.34584	26.66907	18.68278	24266.74789	-5631.93245	-0.06998	24911.71846	389.07675	1676.44893	-281.15385	1743.82029	0.07	-2.86064	0.66391	1e-05	2.93667	-34.97694	2.08469	
163.0	2	24.38726	34.34227	18.69796	4556.65365	1014.04632	0.00929	4668.12408	-63.83646	286.85014	142.89744	326.76869	0.07	0.3631	0.0808	0.0	-0.37198	15.09614	2.26196	
163.0	9	-23.46518	23.80901	18.68036	-1882.95377	-728.13172	-0.00618	2018.83399	2.53683	-6.55906	-141.14327	141.31836	0.07	0.06923	0.02677	0.0	0.07422	-31.72525	95.32235	
163.0	18	19.67591	39.725	21.76718	-0.0	2249.48602	0.0	2249.48602	-110.47932	-0.0	-112.20183	157.46406	0.07	-0.0	0.19091	0.0	-0.19091	112.99844	10.41299	
164.0	1	24.34603	26.66991	18.64429	24336.96496	-5647.17047	-0.0695	24983.56255	390.38024	1682.38046	-275.08812	1748.8494	0.07	-2.86992	0.66594	1e-05	2.94617	-32.852	1.98954	
164.0	2	24.38779	34.33972	18.65889	4545.02861	1010.87907	0.00934	4656.08866	-64.02881	287.87959	138.75718	325.92623	0.07	0.36185	0.08048	0.0	-0.37069	14.39545	2.1518	
164.0	9	-23.46827	23.8168	18.64193	-1941.68177	-749.96608	-0.00639	2081.48438	2.72066	-7.04262	-145.50819	145.70393	0.07	0.07309	0.02823	0.0	0.07835	-30.05727	89.97765	
164.0	18	19.67415	39.725	21.65264	-0.0	2286.03636	1e-05	2286.03636	-111.21495	0.0	-115.05841	160.02251	0.07	-0.0	0.19682	0.0	-0.19682	106.65977	9.79172	
165.0	1	24.34627	26.67094	18.6082	24382.99394	-5656.55181	-0.06808	25030.5208	391.1855	1686.23792	-271.21521	1752.13644	0.07	-2.87646	0.6673	1e-05	2.95285	-30.44711	1.90877	
165.0	2	24.38834	34.3371	18.62275	4565.03054	1014.73521	0.00966	4676.45073	-65.04243	292.60778	131.56445	327.35155	0.07	0.36306	0.0807	0.0	-0.37192	13.71954	2.03241	
165.0	9	-23.47097	23.82364	18.6058	-2009.31469	-775.30915	-0.00666	2153.70606	3.02304	-7.8333	-150.52533	150.75933	0.07	0.07734	0.02984	0.0	0.08289	-28.33347	84.15344	
165.0	18	19.67157	39.725	21.54758	0.0	2311.87265	0.0	2311.87265	-111.21304	0.0	-117.56263	161.83112	0.07	0.0	0.20176	0.0	-0.20176	99.74227	9.16059	
166.0	1	24.3465	26.67199	18.57442	24444.47489	-5669.48462	-0.06745	25093.33394	392.16106	1690.83963	-269.59325	1756.53336	0.07	-2.88522	0.66918	1e-05	2.9618	-28.54479	1.84304	
166.0	2	24.38892	34.33432	18.58886	4552.82365	1011.39076	0.00979	4663.80901	-65.08569	292.98507	128.46813	326.46662	0.07	0.36176	0.08036	0.0	-0.37058	12.76896	1.9459	
166.0	9	-23.47324	23.82954	18.57176	-2060.1243	-794.25735	-0.00671	2207.93045	3.21672	-8.34214	-154.29624	154.55506	0.07	0.08093	0.0312	0.0	0.08673	-26.43439	78.77299	
166.0	18	19.66837	39.725	21.45015	0.0	2345.4738	-0.0	2345.4738	-111.99165	0.0	-120.05823	164.18315	0.07	0.0	0.20735	-0.0	-0.20735	93.33786	8.51457	
167.0	1	24.34673	26.67298	18.54296	24505.14578	-5682.30582	-0.06662	25155.33281	393.13918	1695.42983	-267.64553	1760.87333	0.07	-2.89392	0.67105	1e-05	2.9707	-26.4993	1.75594	
167.0	2	24.3895	34.33151	18.5571	4545.23862	1009.06566	0.00995	4655.9003	-65.24634	293.89461	124.85263	325.91303	0.07	0.36082	0.0801	0.0	-0.3696	11.84936	1.84361	
167.0	9	-23.47665	23.83847	18.5402	-2110.30754	-812.39192	-0.00748	2261.27808	3.36526	-8.74031	-158.0123	158.28963	0.07	0.08464	0.03258	0.0	0.09069	-24.50881	73.16445	
167.0	18	19.66471	39.725	21.35907	-1e-05	2376.27401	-0.0	2376.27401	-112.55389	-0.0	-122.4759	166.33918	0.07	-0.0	0.21269	-0.0	-0.21269	86.67416	7.86762	
168.0	1	24.34692	26.67384	18.51375	24559.69586	-5693.88012	-0.06593	25211.08747	394.02343	1699.56389	-265.82496	1764.77613	0.07	-2.90185	0.67276	1e-05	2.97882	-24.41657	1.64804	
168.0	2	24.39004	34.32896	18.52762	4540.66596	1007.46934	0.01008	4651.09039	-65.44461	294.95776	121.31311	325.57633	0.07	0.36019	0.07992	0.0	-0.36895	10.98658	1.7261	
168.0	9	-23.47957	23.84612	18.51125	-2158.71727	-829.95856	-0.0083	2312.76706	3.45	-8.9718	-161.60812	161.89373	0.07	0.08819	0.03391	0.0	0.09449	-22.652	67.57268	
168.0	18	19.66056	39.725	21.27522	-0.0	2404.46853	0.0	2404.46853	-112.86641	-0.0	-124.86142	168.3128	0.07	-0.0	0.21777	0.0	-0.21777	80.04569	7.23917	
169.0	1	24.34709	26.67459	18.48689	24611.23704	-5704.87594	-0.06526	25263.78036	394.87694	1703.52996	-263.67592	1768.46462	0.07	-2.90913	0.67433	1e-05	2.98626	-22.39236	1.54571	
169.0	2	24.39051	34.32668	18.50045	4534.83217	1005.6546	0.01017	4645.00204	-65.63175	295.95427	117.58468	325.15014	0.07	0.35951	0.07972	0.0	-0.36824	10.09351	1.6188	
169.0	9	-23.48203	23.85257	18.48441	-2201.48659	-845.49734	-0.00904	2358.26397	3.5524	-9.2479	-164.78094	165.07847	0.07	0.09141	0.03511	0.0	0.09792	-20.78307	62.03182	
169.0	18	19.65602	39.725	21.19883	0.0	2430.33365	-0.0	2430.33365	-113.427	0.0	-126.79224	170.12335	0.07	0.0	0.2226	-0.0	-0.2226	73.4736	6.63111	
170.0	1	24.34725	26.67526	18.46241	24654.91421	-5714.14297	-0.06465	25308.42201	395.57426	1706.79427	-262.49535	1771.58954	0.07	-2.9152	0.67564	1e-05	2.99247	-20.56946	1.46378	
170.0	2	24.39091	34.32476	18.47556	4533.99732	1005.03721	0.01029	4644.05335	-65.95439	297.53709	113.1421	325.08373	0.07	0.35919	0.07962	0.0	-0.36791	9.2756	1.52857	
170.0	9	-23.48415	23.8581	18.4598	-2240.92445	-859.88799	-0.00948	2400.23952	3.73079	-9.72084	-167.69384	168.01677	0.07	0.09444	0.03624	0.0	0.10116	-19.08562	57.01902	
170.0	18	19.65118	39.725	21.12889	-0.0	2452.44232	-0.0	2452.44232	-114.02837	-0.0	-128.32945	171.67096	0.07	-0.0	0.22703	-0.0	-0.22703	67.51944	6.0923	
171.0	1	24.34741	26.67598	18.44011	24675.65646	-5718.03192	-0.06416	25329.50672	396.07886	1709.24584	-255.65859	1773.06546	0.07	-2.91854	0.67631	1e-05	2.99587	-18.43021	1.37912	
171.0	2	24.39132	34.32282	18.45315	4545.32958	1007.11284	0.01042	4655.56627	-66.63992	300.76004	106.33238	325.88963	0.07	0.35981	0.07972	0.0	-0.36854	8.40686	1.42597	
171.0	9	-23.48594	23.8628	18.43754	-2278.79294	-873.79026	-0.00969	2440.57507	4.06892	-10.60961	-170.46192	170.84023	0.07	0.09737	0.03734	0.0	0.10428	-17.21904	51.30369	
171.0	18	19.64616	39.725	21.06564	0.0	2465.85924	-0.0	2465.85924	-114.32693	0.0	-129.31978	172.61011	0.07	0.0	0.23058	-0.0	-0.23058	60.73116	5.50167	
172.0	1	24.34757	26.67672	18.42	24705.55618	-5724.01803	-0.06338	25359.98597	396.63476	1711.92653	-251.63459	1775.19902	0.07	-2.92303	0.67723	1e-05	3.00045	-16.42446	1.29977	
172.0	2	24.39172	34.3209	18.43307	4552.5949	1008.28925	0.01061	4662.91406	-67.16063	303.24045	100.37052	326.40399	0.07	0.36011	0.07976	0.0	-0.36884	7.46138	1.33172	
172.0	9	-23.48748	23.86683	18.41759	-2310.41258	-885.3881	-0.0098	2474.25108	4.41687	-11.52386	-172.75733	173.19759	0.07	0.09998	0.03832	0.0	0.10707	-15.30205	45.69952	
172.0	18	19.64102	39.725	21.00895	-0.0	2479.99557	0.0	2479.99557	-115.0295	-0.0	-130.01949	173.59969	0.07	-0.0	0.23409	0.0	-0.23409	54.068	4.91032	
173.0	1	24.34774	26.67745	18.40216	24737.30892	-5730.43627	-0.06289	25392.368	397.21043	1714.69191	-247.8711	1777.46576	0.07	-2.92782	0.67823	1e-05	3.00535	-14.55789	1.22068	
173.0	2	24.39211	34.31904	18.41519	4543.87024	1005.93933	0.01071	4653.8877	-67.32465	304.10728	95.46541	325.77214	0.07	0.35837	0.07934	0.0	-0.36705	6.49591	1.24203	
173.0	9	-23.4888	23.87028	18.39983	-2331.11802	-892.88368	-0.00978	2496.26771	4.71821	-12.31627	-174.2403	174.73876	0.07	0.10204	0.03908	0.0	0.10927	-13.40894	40.31809	
173.0	18	19.63587	39.725	20.95772	-0.0	2495.41983	0.0	2495.41983	-116.06464	-0.0	-130.54458	174.67939	0.07	-0.0	0.23764	0.0	-0.23764	47.6709	4.33065	
174.0	1	24.3479	26.67815	18.38658	24765.11378	-5735.99041	-0.06262	25420.70901	397.74653	1717.2716	-243.34539	1779.44964	0.07	-2.93208	0.67912	1e-05	3.0097	-12.91434	1.13505	
174.0	2	24.39248	34.31727	18.39946	4537.16587	1004.0564	0.01076	4646.93483	-67.54395	305.21903	89.9432	325.28544	0.07	0.34746	0.07689	0.0	-0.35587	5.77413	1.14885	
174.0	9	-23.48987	23.87308	18.38434	-2349.4072	-899.53101	-0.00973	2515.7246	4.91986	-12.84787	-175.56256	176.10079	0.07	0.10384	0.03976	0.0	0.11119	-11.90978	35.80965	
174.0	18	19.63068	39.725	20.91227	-0.0	2508.22225	-0.0	2508.22225	-116.47703	-0.0	-131.37683	175.57554	0.07	-0.0	0.24086	-0.0	-0.24086	42.32628	3.85432	
175.0	1	24.34804	26.67877	18.37321	24786.0383	-5740.04122	-0.0621	25442.00794	398.35856	1720.15229	-232.67111	1780.94056	0.07	-2.93537	0.67978	1e-05	3.01305	-10.62537	1.02819	
175.0	2	24.39283	34.31568	18.38596	4527.24339	1001.50015	0.01083	4636.69443	-67.98198	307.30909	79.27393	324.56861	0.07	0.31577	0.06985	0.0	-0.32341	4.78191	1.0335	
175.0	9	-23.49078	23.87547	18.37102	-2358.56974	-902.74646	-0.00973	2525.43113	5.32749	-13.91702	-176.15102	176.78022	0.07	0.10044	0.03844	0.0	0.10754	-9.83948	29.54974	
175.0	18	19.6254	39.725	20.87324	-0.0	2515.86373	-0.0	2515.86373	-117.51432	-0.0	-131.16889	176.11046	0.07	-0.0	0.24349	-0.0	-0.24349	34.90309	3.21332	
176.0	1	24.34816	26.67931	18.36206	24802.94593	-5743.26032	-0.06176	25459.20592	398.92025	1722.78645	-221.15215	1782.14443	0.07	-2.93818	0.68035	1e-05	3.01592	-8.61702	0.92506	
176.0	2	24.39314	34.31432	18.37476	4519.10331	999.39162	0.01087	4628.29108	-68.4177	309.37413	67.60142	323.98038	0.07	0.27739	0.06135	0.0	-0.2841	3.9639	0.92416	
176.0	9	-23.49151	23.87738	18.35987	-2364.00491	-904.61136	-0.00972	2531.17382	5.74714	-15.017	-176.45117	177.18227	0.07	0.09168	0.03508	0.0	0.09817	-8.09153	24.15031	
176.0	18	19.62002	39.725	20.8409	-0.0	2520.97556	-0.0	2520.97556	-118.32279	-0.0	-130.92277	176.46828	0.07	-0.0	0.24578	-0.0	-0.24578	28.50587	2.66421	
177.0	1	24.34826	26.67977	18.35315	24814.91881	-5745.44473	-0.06154	25471.36296	399.44101	1725.21179	-207.75895	1782.9954	0.07	-2.94	0.6807	1e-05	3.01778	-6.70009	0.82149	
177.0	2	24.39339	34.31323	18.36581	4513.24914	997.85114	0.01089	4622.24239	-68.8687	311.49036	54.03673	323.55696	0.07	0.23243	0.05139	0.0	-0.23804	3.18204	0.81702	
177.0	9	-23.49212	23.87897	18.35099	-2364.54505	-904.64636	-0.00969	2531.6908	6.29587	-16.45413	-176.34047	177.21834	0.07	0.07859	0.03007	0.0	0.08415	-6.4215	18.98962	
177.0	18	19.61457	39.725	20.81529	0.0	2522.84883	-0.0	2522.84883	-119.4501	-0.0	-130.07315	176.59941	0.07	0.0	0.24763	-0.0	-0.24763	22.39429	2.14062	
178.0	1	24.34836	26.68021	18.34649	24811.15699	-5744.01138	-0.0612	25467.37477	395.39574	1707.90845	-323.70992	1782.71624	0.07	-2.9401	0.68066	1e-05	3.01786	-7.55353	0.91276	
178.0	2	24.39356	34.3125	18.3591	4540.22323	1003.64845	0.011	4649.83195	-64.52204	291.87813	128.78919	325.48824	0.07	-0.04197	-0.00928	-0.0	0.04298	-0.53031	0.96341	
178.0	9	-23.49259	23.8802	18.34436	-2345.69526	-897.31166	-0.00961	2511.46461	7.71017	-20.15357	-174.47327	175.80255	0.07	0.02558	0.00979	0.0	0.02739	-1.89557	13.78514	
178.0	18	19.61004	39.725	20.78779	-0.0	2550.15199	0.0	2550.15199	-159.6762	-0.0	-79.80951	178.51064	0.07	-0.0	0.25193	0.0	-0.25193	15.93183	1.27125	
179.0	1	24.34851	26.68086	18.34229	24776.46998	-5735.13875	-0.06083	25431.58039	382.44991	1652.23409	-541.29886	1780.21063	0.07	-2.93606	0.67963	1e-05	3.0137	-10.6104	1.23841	
179.0	2	24.39355	34.31253	18.35462	4571.2276	1010.50713	0.01109	4681.58589	-58.47661	264.52839	184.39014	327.71101	0.07	-0.36051	-0.07969	-0.0	0.36921	-6.59252	1.41582	
179.0	9	-23.49288	23.88097	18.3402	-2365.6583	-904.88451	-0.0097	2532.81566	12.97803	-33.92686	-173.53617	177.29711	0.07	-0.0642	-0.02456	-0.0	-0.06874	4.92678	8.63307	
179.0	18	19.61006	39.725	20.72141	-0.0	2640.46492	0.0	2640.46492	-134.71602	-0.0	126.54906	184.83255	0.07	-0.0	0.26264	0.0	-0.26264	9.14693	1.25669	
180.0	1	24.34865	26.6815	18.34078	24665.7797	-5708.67643	-0.06037	25317.77389	374.83142	1619.56043	-614.30837	1772.24415	0.07	-2.92221	0.67632	1e-05	2.99945	-15.20726	1.53358	
180.0	2	24.39335	34.31342	18.35254	4588.89069	1014.61778	0.01111	4699.71988	-49.9632	225.96988	233.81484	328.98038	0.07	-0.36252	-0.08015	-0.0	0.37127	-13.97649	2.05919	
180.0	9	-23.49318	23.88176	18.33877	-2365.65893	-904.81934	-0.00969	2532.79297	25.28066	-66.09479	-162.56084	177.2954	0.07	-0.10854	-0.04152	-0.0	-0.11621	12.9381	3.98241	
180.0	18	19.61523	39.725	20.60297	0.0	2714.66703	-0.0	2714.66703	-49.62265	0.0	183.43318	190.02667	0.07	0.0	0.19789	-0.0	-0.19789	2.86205	2.73221	
181.0	1	24.34874	26.68186	18.34177	24460.78946	-5660.71621	-0.05938	25107.24854	372.69435	1610.4735	-596.91379	1757.50734	0.07	-2.89576	0.67014	1e-05	2.97229	-20.55594	1.56673	
181.0	2	24.39276	34.31601	18.35262	4618.10454	1021.67335	0.01115	4729.76807	-39.06278	176.56611	277.33541	331.08371	0.07	-0.36512	-0.08078	-0.0	0.37395	-21.1171	2.76967	
181.0	9	-23.49335	23.8822	18.33989	-2241.04493	-857.12296	-0.00918	2399.36286	45.02776	-117.72898	-111.00156	167.95523	0.07	-0.10305	-0.03941	-0.0	-0.11033	20.37646	0.90482	
181.0	18	19.6264	39.725	20.42416	1e-05	2722.78626	-2e-05	2722.78626	-19.81775	0.0	189.5619	190.59501	0.07	-0.0	-0.08952	0.0	0.08952	-1.16754	4.46135	
182.0	1	24.34877	26.682	18.3441	24376.22424	-5640.90156	-0.05876	25020.39325	383.98422	1659.32863	-408.26824	1751.42751	0.07	-2.88253	0.66705	1e-05	2.9587	-26.38276	1.57883	
182.0	2	24.39189	34.32005	18.35373	4656.69608	1031.14894	0.01119	4769.49541	-30.65141	138.41928	302.26844	333.86467	0.07	-0.36858	-0.08162	-0.0	0.37751	-27.63158	3.67892	
182.0	9	-23.49331	23.88209	18.34241	-2216.18427	-847.62742	-0.00909	2372.75051	47.8089	-125.00093	98.36561	166.09249	0.07	-0.10187	-0.03896	-0.0	-0.10906	26.839	0.9026	
182.0	18	19.64251	39.725	20.18644	0.0	2684.00334	-1e-05	2684.00334	-12.48285	0.0	187.46508	187.88022	0.07	-0.0	-0.19163	0.0	0.19163	-2.69615	6.18472	
183.0	1	24.34907	26.68337	18.35041	24646.40347	-5701.65539	-0.05925	25297.31366	392.13825	1695.08967	-329.65677	1770.81196	0.07	-2.91421	0.67417	1e-05	2.99118	-28.97768	1.90003	
183.0	2	24.39165	34.32123	18.3585	4713.81804	1044.07845	0.01131	4828.06175	-29.38474	132.66324	309.4461	337.96433	0.07	-0.37378	-0.08279	-0.0	0.38284	-36.62752	4.52565	
183.0	9	-23.49345	23.88247	18.34894	-2513.51972	-961.34875	-0.01036	2691.09138	15.14486	-39.59936	183.54347	188.37644	0.07	-0.11608	-0.0444	-0.0	-0.12428	37.62043	12.67388	
183.0	18	19.6614	39.725	19.88876	-0.0	2734.69179	-0.0	2734.69179	-7.07922	-0.0	191.29748	191.42843	0.07	0.0	-0.27997	0.0	0.27997	-17.16359	8.7538	
184.0	1	24.34942	26.68491	18.35998	24708.68026	-5714.0808	-0.05912	25360.78863	393.55674	1701.81117	-316.99043	1775.25522	0.07	-2.92211	0.67576	1e-05	2.99923	-14.98217	1.26503	
184.0	2	24.39154	34.32171	18.36631	4683.41536	1037.46284	0.01126	4796.94784	-31.11972	140.48038	303.39628	335.78636	0.07	-0.37205	-0.08242	-0.0	0.38107	-25.24344	2.80699	
184.0	9	-23.49365	23.88298	18.35876	-2534.57084	-969.39186	-0.01055	2713.62671	8.76377	-22.91579	188.36279	189.95388	0.07	-0.11773	-0.04503	-0.0	-0.12605	27.62814	18.25952	
184.0	18	19.67838	39.725	19.55042	-0.0	2729.42618	2e-05	2729.42618	-3.07501	-0.0	191.0351	191.05985	0.07	0.0	-0.28115	-0.0	0.28115	-23.14117	6.40321	
185.0	1	24.34962	26.6858	18.37024	24732.01243	-5718.34183	-0.05961	25384.48093	394.92202	1708.05346	-289.8484	1776.91365	0.07	-2.69781	0.62377	1e-05	2.76898	-3.4477	0.8386	
185.0	2	24.39169	34.32103	18.37598	4656.81089	1031.41202	0.0111	4769.66439	-38.6926	174.69353	281.88396	333.8765	0.07	-0.37016	-0.08198	-0.0	0.37913	-16.77579	1.49076	
185.0	9	-23.49392	23.8837	18.36906	-2522.47233	-964.71464	-0.01052	2700.65566	4.9066	-12.83152	188.54599	189.0458	0.07	-0.11773	-0.04503	-0.0	-0.12605	20.57983	24.61082	
185.0	18	19.67963	39.725	19.43914	-0.0	2683.64111	-0.0	2683.64111	5.28701	0.0	187.78046	187.85487	0.07	0.0	-0.27777	0.0	0.27777	-30.13864	4.73867	
186.0	1	24.34975	26.68636	18.38282	24267.89427	-5610.31005	-0.05835	24907.95598	385.81881	1668.89692	-325.44944	1743.55683	0.07	-2.40065	0.55499	1e-05	2.46397	-2.9332	1.30435	
186.0	2	24.39135	34.32263	18.38801	4794.29047	1062.24671	0.01139	4910.55895	-52.68832	237.7982	242.55413	343.73907	0.07	-0.38153	-0.08453	-0.0	0.39078	-19.74515	1.87532	
186.0	9	-23.4939	23.88365	18.38171	-2022.44591	-773.49545	-0.00849	2165.31353	-1.693	4.42499	151.49761	151.57168	0.07	-0.09449	-0.03614	-0.0	-0.10116	24.60306	30.9815	
186.0	18	19.67601	39.725	19.33485	1e-05	3482.78451	-1e-05	3482.78451	20.23501	0.0	242.95372	243.79493	0.07	-0.0	-0.36348	0.0	0.36348	-38.01995	5.59516	
187.0	1	24.34975	26.68636	18.3983	23420.11592	-5414.19035	-0.05606	24037.78873	369.10549	1596.64035	-381.8319	1682.6452	0.07	-1.93516	0.44736	0.0	1.9862	-2.31871	2.18233	
187.0	2	24.38911	34.33335	18.40294	5056.8202	1123.12239	0.01178	5180.04194	-69.08736	311.06166	173.05624	362.60292	0.07	-0.40411	-0.08975	-0.0	0.41396	-22.60015	2.57763	
187.0	9	-23.49256	23.88014	18.39736	-1172.66412	-448.66494	-0.00493	1255.56416	-4.00753	10.47342	87.17117	87.88951	0.07	-0.05407	-0.02069	-0.0	-0.05789	28.49156	37.48087	
187.0	18	19.65325	39.725	19.21836	-0.0	4839.97994	-0.0	4839.97994	45.25698	0.0	335.76227	338.7986	0.07	0.0	-0.51771	0.0	0.51771	-45.82406	6.3078	
188.0	1	24.34975	26.68635	18.41616	23036.70945	-5325.37491	-0.05449	23644.22974	361.31005	1562.97293	-407.32503	1655.09608	0.07	-1.21936	0.28188	0.0	1.25152	-1.41169	2.50362	
188.0	2	24.38535	34.35125	18.42012	5232.64303	1166.86489	0.01187	5361.16841	-74.10687	332.32032	157.82204	375.28179	0.07	-0.42115	-0.09392	-0.0	0.4315	-24.41809	2.80185	
188.0	9	-23.48977	23.87282	18.41541	-856.46666	-327.97551	-0.0036	917.11672	-2.7176	7.09597	63.74689	64.19816	0.07	-0.03849	-0.01474	-0.0	-0.04122	31.11472	42.39822	
188.0	18	19.61355	39.725	19.09452	0.0	5342.29919	-0.0	5342.29919	46.69217	0.0	371.03454	373.96095	0.07	-0.0	-0.59308	0.0	0.59308	-51.89498	6.82914	
189.0	1	24.34992	26.6871	18.43591	22963.11426	-5307.32886	-0.0532	23568.46105	359.56481	1555.72608	-415.02296	1649.79227	0.07	-0.21109	0.04879	0.0	0.21665	-0.23908	2.40618	
189.0	2	24.38166	34.36887	18.43907	5318.49835	1190.78604	0.01193	5450.17395	-73.84994	329.83983	176.92769	381.51217	0.07	-0.43144	-0.0966	-0.0	0.44212	-26.39313	2.69778	
189.0	9	-23.4866	23.86452	18.43533	-852.0518	-326.64998	-0.0036	912.51985	-1.84942	4.82342	63.66721	63.87644	0.07	-0.03735	-0.01432	-0.0	-0.04	34.02507	48.09829	
189.0	18	19.5753	39.725	18.96942	-0.0	5317.88898	-3e-05	5317.88898	35.60195	0.0	370.54585	372.25224	0.07	0.0	-0.61052	0.0	0.61052	-58.90122	7.53863	
190.0	1	24.3502	26.68834	18.458	22908.45376	-5293.10405	-0.05208	23512.00128	357.2092	1545.99892	-437.12507	1645.84003	0.07	0.74495	-0.17212	-0.0	-0.76458	0.85874	2.24056	
190.0	2	24.37855	34.3837	18.4602	5386.90669	1210.18526	0.01199	5521.16945	-71.81698	319.67745	204.98009	386.48181	0.07	-0.44031	-0.09892	-0.0	0.45128	-28.9438	2.57931	
190.0	9	-23.48305	23.85524	18.45745	-848.31269	-325.66213	-0.00361	908.67499	-1.29338	3.36839	63.50472	63.60714	0.07	-0.03632	-0.01394	-0.0	-0.0389	37.65957	54.78994	
190.0	18	19.54518	39.725	18.84212	2e-05	5304.41697	-8e-05	5304.41697	25.93071	1e-05	370.40266	371.30921	0.07	-0.0	-0.62469	0.0	0.62469	-67.03103	8.42363	
191.0	1	24.35057	26.69001	18.48249	22859.88416	-5279.83004	-0.05318	23461.69025	356.2185	1542.31043	-437.71719	1642.31831	0.07	1.76655	-0.40801	-0.0	-1.81306	2.19183	2.01477	
191.0	2	24.37585	34.39657	18.48363	5419.19666	1221.00715	0.01161	5555.04733	-70.03443	310.83174	222.9029	388.85331	0.07	-0.44623	-0.10054	-0.0	0.45742	-29.11856	2.35567	
191.0	9	-23.4791	23.84488	18.48183	-821.17143	-315.75572	-0.00333	879.78644	-0.97117	2.52504	61.52556	61.58501	0.07	-0.03435	-0.01321	-0.0	-0.0368	38.31358	57.60915	
191.0	18	19.52009	39.725	18.71301	0.0	5283.61455	0.0	5283.61455	19.08071	-0.0	369.36051	369.85302	0.07	-0.0	-0.63488	-0.0	0.63488	-70.34784	8.64532	
192.0	1	24.35103	26.69201	18.50935	22807.24927	-5265.25545	-0.05541	23407.12572	354.69968	1536.43994	-445.21766	1638.4988	0.07	2.65671	-0.61333	-1e-05	-2.72659	5.48574	1.7878	
192.0	2	24.37346	34.40782	18.50962	5452.29226	1231.61059	0.011	5589.66507	-67.87916	300.49624	241.22973	391.27657	0.07	-0.45223	-0.10215	-0.0	0.46362	-31.13409	2.14089	
192.0	9	-23.47455	23.83297	18.50893	-788.49462	-303.78871	-0.0028	844.99192	-0.66885	1.73548	59.11999	59.14924	0.07	-0.03223	-0.01242	-0.0	-0.03454	42.01141	67.57288	
192.0	18	19.49802	39.725	18.5866	-0.0	5264.62406	4e-05	5264.62406	11.31488	-0.0	368.34994	368.52369	0.07	0.0	-0.64308	-0.0	0.64308	-82.20858	9.58142	
193.0	1	24.35146	26.69393	18.53812	22724.0957	-5243.76247	-0.05201	23321.26863	357.39691	1548.8003	-372.16227	1632.4888	0.07	2.64422	-0.61017	-1e-05	-2.71371	13.06639	1.38551	
193.0	2	24.37124	34.4178	18.53806	5488.63544	1242.63163	0.01175	5627.54408	-78.51487	346.79425	169.55381	393.92808	0.07	-0.45835	-0.10377	-0.0	0.46995	-26.18037	1.45487	
193.0	9	-23.46981	23.82071	18.53793	-723.12045	-279.17231	-0.00239	775.13894	-0.60795	1.57425	54.23353	54.25978	0.07	-0.02889	-0.01115	-0.0	-0.03097	38.15661	72.93576	
193.0	18	19.4788	39.725	18.50143	1e-05	5148.61316	2e-05	5148.61316	9.18186	-0.0	360.28593	360.40291	0.07	-0.0	-0.63729	-0.0	0.63729	-88.04979	8.81114	
194.0	1	24.35183	26.69559	18.56908	22643.06561	-5223.09074	-0.05134	23237.66548	357.85088	1551.35311	-333.45606	1626.63661	0.07	2.63232	-0.6072	-1e-05	-2.70145	16.28894	1.09662	
194.0	2	24.36933	34.42638	18.56873	5526.36731	1253.58152	0.01175	5666.76295	-82.97732	365.80121	129.05052	396.67341	0.07	-0.46428	-0.10532	-0.0	0.47608	-24.19946	1.1023	
194.0	9	-23.46597	23.81101	18.56898	-669.59307	-258.89243	-0.0022	717.89983	-0.5722	1.4795	50.22826	50.25331	0.07	-0.02616	-0.01011	-0.0	-0.02805	36.67493	75.43481	
194.0	18	19.46258	39.725	18.4557	-1e-05	5075.13515	-1e-05	5075.13515	6.69268	0.0	355.19637	355.25942	0.07	0.0	-0.63493	0.0	0.63493	-90.77657	8.54889	
195.0	1	24.35214	26.69694	18.60223	22564.35082	-5203.33408	-0.0539	23156.52421	357.95796	1552.29415	-299.58237	1620.9567	0.07	2.62082	-0.60436	-1e-05	-2.6896	19.19559	0.84879	
195.0	2	24.36773	34.43359	18.60161	5559.97816	1263.21155	0.01089	5701.67173	-85.76288	377.48125	97.19587	399.11702	0.07	-0.46947	-0.10666	-0.0	0.48143	-23.86724	0.84035	
195.0	9	-23.46281	23.80303	18.60237	-611.74796	-236.80402	-0.00196	655.98149	-0.51448	1.32869	45.89658	45.91869	0.07	-0.02339	-0.00906	-0.0	-0.02509	37.21383	80.35853	
195.0	18	19.44892	39.725	18.43071	-0.0	5011.19188	0.0	5011.19188	3.50869	-0.0	350.76589	350.78343	0.07	0.0	-0.63241	-0.0	0.63241	-96.49442	8.75053	
196.0	1	24.35238	26.69801	18.63795	22479.33225	-5182.45428	-0.05414	23068.98808	357.32534	1549.93171	-278.75354	1614.82917	0.07	2.60833	-0.60133	-1e-05	-2.67675	21.73026	0.61733	
196.0	2	24.3663	34.44001	18.63705	5598.56666	1273.7647	0.01057	5741.63959	-87.60865	385.06489	74.73449	401.91477	0.07	-0.47477	-0.10802	-0.0	0.4869	-24.3417	0.61759	
196.0	9	-23.45947	23.79459	18.63813	-554.60863	-214.96021	-0.00177	594.80974	-0.47393	1.22242	41.61604	41.63669	0.07	-0.02075	-0.00804	-0.0	-0.02225	38.67705	86.0475	
196.0	18	19.43742	39.725	18.41884	-0.0	4952.39103	-0.0	4952.39103	0.7691	0.0	346.66652	346.66737	0.07	0.0	-0.62947	0.0	0.62947	-103.18323	9.15612	
197.0	1	24.35254	26.6987	18.67614	22387.04785	-5160.33701	-0.05171	22974.09387	356.12889	1544.99374	-269.1294	1608.18658	0.07	2.5949	-0.59814	-1e-05	-2.66294	24.10107	0.44817	
197.0	2	24.36488	34.44641	18.67507	5640.02324	1285.00941	0.01106	5784.55801	-88.9236	390.29324	61.01832	404.91908	0.07	-0.48014	-0.10939	-0.0	0.49244	-25.51429	0.43825	
197.0	9	-23.4558	23.78531	18.67622	-495.54243	-192.34161	-0.00163	531.56147	-0.39576	1.01931	37.19361	37.20968	0.07	-0.01811	-0.00703	-0.0	-0.01943	40.99138	92.67644	
197.0	18	19.42778	39.725	18.41583	-0.0	4895.90803	4e-05	4895.90803	-1.34799	-0.0	342.71088	342.71354	0.07	0.0	-0.62591	-0.0	0.62591	-111.05483	9.74503	
198.0	1	24.3527	26.69944	18.71659	22296.90768	-5138.6961	-0.05499	22881.39615	355.4562	1542.33435	-245.54282	1601.69773	0.07	2.58258	-0.5952	-1e-05	-2.65028	26.53576	0.287	
198.0	2	24.36354	34.45245	18.71543	5678.17657	1295.42893	0.01011	5824.07291	-90.2597	395.62966	39.21101	407.6851	0.07	-0.48536	-0.11073	-0.0	0.49783	-26.8704	0.26846	
198.0	9	-23.45219	23.77619	18.71673	-429.30865	-166.86404	-0.00136	460.59692	-0.32816	0.84403	32.22907	32.24179	0.07	-0.01532	-0.00595	-0.0	-0.01643	43.56608	99.75849	
198.0	18	19.41977	39.725	18.41861	0.0	4836.17919	-0.0	4836.17919	-2.98704	0.0	338.51936	338.53254	0.07	-0.0	-0.62128	0.0	0.62128	-119.47489	10.39519	
199.0	1	24.35284	26.70007	18.75938	22069.24366	-5085.48545	-0.05545	22647.59762	340.34466	1476.98028	-227.20513	1532.62109	0.06767	2.55414	-0.58856	-1e-05	-2.62108	27.66974	0.08472	
199.0	2	24.36227	34.45813	18.75778	5636.10773	1287.43525	0.00966	5781.28013	-90.04764	394.20862	16.26836	404.6896	0.07	-0.48354	-0.11045	-0.0	0.49599	-27.23221	0.12186	
199.0	9	-23.44932	23.76879	18.75971	-365.01684	-142.01931	-0.00117	391.67177	-0.32984	0.84752	27.40203	27.41712	0.07	-0.01271	-0.00494	-0.0	-0.01364	44.41153	102.56304	
199.0	18	19.41311	39.725	18.42596	-1e-05	4808.88014	0.0	4808.88014	-5.29822	-0.0	336.5799	336.6216	0.07	0.0	-0.62019	-0.0	0.62019	-122.75768	10.63321	
200.0	1	24.35284	26.70007	18.80482	22008.99676	-5071.55287	-0.05578	22585.76071	325.29555	1411.686	-204.55635	1463.05087	0.06478	2.54356	-0.58611	-1e-05	-2.61022	30.32126	0.07678	
200.0	2	24.3609	34.46429	18.80294	5680.1061	1299.24358	0.0095	5826.80351	-90.92275	397.50124	-9.4258	407.87624	0.07	-0.48849	-0.11173	-0.0	0.5011	-29.6887	0.10819	
200.0	9	-23.44696	23.76263	18.80522	-316.70016	-123.31504	-0.00104	339.86114	-0.24366	0.62557	23.78087	23.79035	0.07	-0.01076	-0.00419	-0.0	-0.01155	48.45266	112.01498	
200.0	18	19.40683	39.725	18.43635	-0.0	4826.48803	0.0	4826.48803	-10.04804	-0.0	337.70469	337.85414	0.07	0.0	-0.62463	-0.0	0.62463	-134.09362	11.61315	
201.0	1	24.35296	26.70059	18.85286	22110.62974	-5094.34623	-0.05765	22689.91651	350.10504	1519.53827	-193.24431	1571.27765	0.06925	2.55367	-0.58837	-1e-05	-2.62058	31.64159	0.09143	
201.0	2	24.35975	34.46949	18.85106	5819.13055	1332.5624	0.00924	5969.75736	-74.75699	326.45443	-20.89818	335.55601	0.05621	-0.50209	-0.11498	-0.0	0.51509	-30.96452	0.06116	
201.0	9	-23.44422	23.75544	18.8533	-253.8389	-98.92812	-0.00086	272.43524	-0.15049	0.38598	19.06588	19.07039	0.07	-0.00842	-0.00328	-0.0	-0.00903	50.53819	116.78403	
201.0	18	19.40138	39.725	18.44788	-0.0	4789.49417	-0.0	4789.49417	-12.19467	0.0	335.04275	335.2646	0.07	0.0	-0.62179	0.0	0.62179	-139.82741	12.11983	
202.0	1	24.35324	26.70182	18.9033	22232.40584	-5121.01206	-0.03554	22814.57065	356.07738	1545.87868	-184.23017	1597.01996	0.07	2.56761	-0.59142	-0.0	-2.63485	35.83449	0.15205	
202.0	2	24.35884	34.47357	18.90143	5951.27271	1364.02779	0.01538	6105.58914	-70.12184	305.94302	-37.94418	316.16129	0.05178	-0.51567	-0.11819	-0.0	0.52904	-35.10189	0.0548	
202.0	9	-23.44123	23.74761	18.90359	-196.56598	-76.68622	-0.00089	210.99516	-0.07748	0.19843	14.77249	14.77403	0.07	-0.00636	-0.00248	-0.0	-0.00682	57.29545	132.25756	
202.0	18	19.39661	39.725	18.46026	-0.0	4784.95991	0.0	4784.95991	-15.67464	-0.0	334.57955	334.94652	0.07	0.0	-0.62278	-0.0	0.62278	-158.3867	13.74319	
203.0	1	24.35364	26.70359	18.95623	22158.52605	-5101.98971	-0.05977	22738.30635	355.6755	1544.74114	-143.94313	1591.68146	0.07	2.55959	-0.58934	-1e-05	-2.62656	35.16934	0.1045	
203.0	2	24.358	34.47732	18.95379	5978.86514	1371.46327	0.00884	6134.1454	-50.93407	222.04646	-71.81419	238.86437	0.03894	-0.52047	-0.11939	-0.0	0.53399	-34.26255	0.03907	
203.0	9	-23.43837	23.74013	18.95697	-147.1457	-57.45848	-0.00055	157.96624	-0.06827	0.17472	11.0561	11.05769	0.07	-0.00463	-0.00181	-0.0	-0.00497	56.00432	129.43504	
203.0	18	19.39202	39.725	18.47378	-0.0	4826.4768	0.0	4826.4768	-18.40495	-0.0	337.35168	337.85337	0.07	0.0	-0.62968	-0.0	0.62968	-154.99691	13.44836	
204.0	1	24.35394	26.70495	19.01229	22100.18737	-5087.00868	-0.05995	22678.09382	330.11929	1434.18383	-123.39854	1476.85111	0.06512	2.5523	-0.58749	-1e-05	-2.61904	36.94825	0.07759	
204.0	2	24.35704	34.48168	19.00968	6031.45708	1384.85001	0.00889	6188.39915	-52.96305	230.67141	-105.4665	259.10918	0.04187	-0.52713	-0.12103	-0.0	0.54084	-35.87548	0.04242	
204.0	9	-23.43589	23.73361	19.01289	-97.27521	-38.01187	-0.00039	104.43835	-0.04846	0.12394	7.30956	7.31077	0.07	-0.00298	-0.00116	-0.0	-0.0032	58.6797	135.71988	
204.0	18	19.38714	39.725	18.48904	0.0	4884.54832	0.0	4884.54832	-22.38558	-0.0	341.18479	341.91837	0.07	-0.0	-0.63883	-0.0	0.63883	-162.51855	14.10919	
205.0	1	24.35414	26.70584	19.07037	22027.68185	-5069.31149	-0.07974	22603.46625	324.30786	1409.21646	-86.16301	1448.61682	0.06409	2.54329	-0.5853	-1e-05	-2.60977	37.66058	0.07523	
205.0	2	24.35616	34.48562	19.06784	6087.37911	1398.86358	0.00332	6246.03905	-39.91619	173.70203	-142.1109	227.95001	0.0365	-0.53395	-0.1227	-0.0	0.54786	-36.46552	0.03636	
205.0	9	-23.43307	23.72624	19.07123	-56.99891	-22.2923	-0.0002	61.20312	-0.02759	0.0705	4.28047	4.28114	0.07	-0.00169	-0.00066	-0.0	-0.00182	59.68878	138.10262	
205.0	18	19.38207	39.725	18.50555	-0.0	4915.96819	-4e-05	4915.96819	-25.26911	0.0	343.18941	344.11843	0.07	0.0	-0.64454	0.0	0.64454	-165.37469	14.36598	
206.0	1	24.35439	26.70694	19.13149	21971.00344	-5055.02649	-0.06294	22545.02795	309.15047	1343.68238	-63.97957	1380.27162	0.06122	2.53614	-0.58351	-1e-05	-2.60241	40.60789	0.0695	
206.0	2	24.35536	34.48924	19.12858	6149.05818	1414.09233	0.00794	6309.56208	-32.35416	140.69025	-174.39529	226.39403	0.03588	-0.54131	-0.12448	-0.0	0.55544	-39.25142	0.03569	
206.0	9	-23.42939	23.71672	19.13228	-7.73682	-3.02951	-3e-05	8.30881	-0.00373	0.00951	0.58154	0.58163	0.07	-0.00022	-9e-05	-0.0	-0.00024	64.30668	148.74025	
206.0	18	19.37684	39.725	18.52353	-0.0	4971.07972	0.0	4971.07972	-28.75648	-0.0	346.78534	347.97558	0.07	0.0	-0.65338	-0.0	0.65338	-178.12303	15.49049	
207.0	1	24.3547	26.7083	19.19518	21935.21678	-5045.24369	-0.06384	22507.95902	281.6069	1224.34316	-17.85386	1256.43837	0.05582	2.53092	-0.58213	-1e-05	-2.597	41.99348	0.06057	
207.0	2	24.35447	34.49323	19.19199	6265.26045	1441.99406	0.00784	6429.06178	-29.20037	126.87271	-222.89082	258.12723	0.04015	-0.55371	-0.12744	-0.0	0.56819	-40.46098	0.04044	
207.0	18	19.37112	39.725	18.54287	-2e-05	5065.9221	-0.0	5065.9221	-31.17329	0.0	353.24165	354.61449	0.07	0.0	-0.66764	0.0	0.66764	-183.86671	15.99851	
208.0	1	24.35494	26.70937	19.26173	21844.83851	-5023.2581	-0.06608	22414.95241	282.55671	1228.76517	17.16996	1260.95081	0.05625	2.51949	-0.57936	-1e-05	-2.58525	43.52503	0.06123	
208.0	2	24.35366	34.49685	19.25849	6394.26853	1472.70479	0.00717	6561.67123	0.78015	-3.38598	-266.78835	266.81097	0.04066	-0.56747	-0.1307	-0.0	0.58232	-41.84307	0.04103	
208.0	18	19.36473	39.725	18.56371	-0.0	5144.71278	-5e-05	5144.71278	-33.00991	0.0	358.61387	360.12993	0.07	0.0	-0.68005	0.0	0.68005	-190.32277	16.57395	
209.0	1	24.35531	26.71102	19.33094	21784.75503	-5007.59468	-0.0648	22352.88698	271.36827	1180.54424	64.18113	1213.03118	0.05427	2.51164	-0.57734	-1e-05	-2.57714	46.42781	0.05828	
209.0	2	24.35288	34.50036	19.32744	6537.47206	1506.64828	0.00762	6708.83969	20.11297	-87.27025	-314.1877	326.70253	0.0487	-0.58298	-0.13435	-0.0	0.59826	-44.53052	0.05073	
209.0	18	19.35784	39.725	18.58599	-0.0	5233.74893	-0.0	5233.74893	-36.07972	0.0	364.58142	366.36233	0.07	0.0	-0.69405	0.0	0.69405	-202.75968	17.67864	
210.0	1	24.35573	26.71287	19.4029	21763.94425	-5000.72951	-0.06702	22331.06726	263.15077	1145.27118	109.07274	1180.16578	0.05285	2.50813	-0.5763	-1e-05	-2.57349	47.67562	0.05627	
210.0	2	24.35207	34.50401	19.39915	6724.90541	1550.8454	0.00711	6901.41103	37.59346	-163.01424	-362.48595	399.22798	0.05785	-0.60285	-0.13902	-0.0	0.61867	-45.58881	0.06371	
210.0	18	19.35039	39.725	18.60988	0.0	5308.57383	-0.0	5308.57383	-39.23978	0.0	369.52247	371.60007	0.07	-0.0	-0.70636	0.0	0.70636	-207.87739	18.14665	
211.0	1	24.35617	26.71483	19.4779	21745.50394	-4994.33932	-0.07053	22311.66437	264.55111	1151.86137	151.84097	1191.56518	0.05341	2.50592	-0.57554	-1e-05	-2.57116	49.94182	0.05705	
211.0	2	24.35145	34.50679	19.47383	6933.19444	1599.53548	0.00621	7115.3144	64.24091	-278.45096	-407.93858	498.072	0.07	-0.62518	-0.14423	-0.0	0.6416	-47.09712	0.12834	
211.0	18	19.34274	39.725	18.63626	-0.0	5385.27677	-0.0	5385.27677	-40.72788	0.0	374.76281	376.96939	0.07	0.0	-0.71908	0.0	0.71908	-216.29211	18.83482	
212.0	1	24.35688	26.71796	19.55553	21746.64252	-4991.10656	-0.0745	22312.05068	230.31621	1003.50313	178.035	1044.87346	0.04683	2.50608	-0.57517	-1e-05	-2.57124	50.90733	0.04837	
212.0	2	24.35095	34.50907	19.55138	7133.55361	1646.17974	0.00492	7321.031	58.13278	-251.9112	-442.48055	512.47215	0.07	-0.64761	-0.14945	-0.0	0.66463	-47.31037	0.17458	
212.0	18	19.33493	39.725	18.66829	1e-05	5463.80899	-0.00013	5463.80899	-43.80785	1e-05	379.94959	382.46676	0.07	-0.0	-0.7322	0.0	0.7322	-218.96511	19.03306	
213.0	1	24.35752	26.72079	19.63572	21730.68412	-4984.33651	-0.07394	22294.98246	193.11979	841.95913	237.62294	895.9102	0.04018	2.50458	-0.57447	-1e-05	-2.56962	55.23134	0.04048	
213.0	2	24.35052	34.51101	19.63112	7377.59879	1702.75656	0.00537	7571.54831	43.82743	-189.89125	-492.87864	530.00838	0.07	-0.67444	-0.15566	-0.0	0.69217	-48.93763	0.36032	
213.0	18	19.32719	39.725	18.7083	-0.0	5517.24701	-5e-05	5517.24701	-46.5389	0.0	383.39304	386.20732	0.07	0.0	-0.74203	0.0	0.74203	-232.28343	19.9385	
214.0	1	24.35837	26.72457	19.71911	21734.42131	-4981.00301	-0.07603	22297.88019	157.78584	688.48861	263.67696	753.94859	0.03381	2.5058	-0.57427	-1e-05	-2.57077	58.09473	0.03345	
214.0	2	24.35018	34.51252	19.71454	7620.64079	1758.86072	0.00446	7820.98185	34.23442	-148.32663	-525.87954	547.46879	0.07	-0.7021	-0.16205	-0.0	0.72056	-48.62349	0.5615	
214.0	18	19.32	39.725	18.76371	5e-05	5581.73826	-0.00056	5581.73826	-48.61682	4e-05	387.68524	390.72169	0.07	-0.0	-0.75344	0.0	0.75344	-238.06055	20.141	
215.0	1	24.35922	26.72833	19.80493	21715.54328	-4972.5333	-0.07675	22277.58756	132.00089	576.45649	285.09265	656.50906	0.02947	2.50452	-0.5735	-1e-05	-2.56934	61.91161	0.02887	
215.0	2	24.34995	34.51356	19.80012	7879.7531	1818.42319	0.00454	8086.85179	31.12819	-134.88607	-548.89247	566.07964	0.07	-0.73167	-0.16885	-0.0	0.7509	-50.07739	0.73397	
215.0	9	-23.31896	23.4414	19.80866	-0.60876	-0.25042	-0.0	0.65825	-0.00045	0.0011	0.04606	0.04608	0.07	-0.0	-0.0	-0.0	-0.0	89.2714	208.58945	
215.0	18	19.31327	39.725	18.83299	0.0	5636.02477	-0.00017	5636.02477	-50.64335	1e-05	391.25774	394.5217	0.07	-0.0	-0.76355	0.0	0.76355	-249.93135	20.94005	
216.0	1	24.36021	26.73275	19.89398	21723.45726	-4969.47216	-0.08571	22284.61911	106.83204	466.99846	295.08058	562.64838	0.02525	2.50687	-0.57347	-1e-05	-2.57163	62.23494	0.02454	
216.0	2	24.34998	34.51343	19.88918	8123.04024	1873.73473	0.00053	8336.346	33.31744	-144.43808	-564.40375	583.54434	0.07	-0.76067	-0.17546	-0.0	0.78065	-49.27492	0.78123	
216.0	18	19.30709	39.725	18.91478	7e-05	5706.09155	-0.00117	5706.09155	-50.4871	8e-05	396.22325	399.42685	0.07	-0.0	-0.77587	0.0	0.77587	-249.02928	20.80496	
217.0	1	24.36117	26.73699	19.98527	21679.321	-4954.72362	-0.08456	22238.30581	75.37682	329.80483	314.48855	461.90469	0.02077	2.50282	-0.57201	-1e-05	-2.56735	64.90609	0.02005	
217.0	2	24.35007	34.51304	19.98056	8357.56423	1926.78862	0.0016	8576.79394	27.79735	-120.57225	-587.48653	600.37554	0.07	-0.78911	-0.18193	-0.0	0.80981	-50.00174	0.94191	
217.0	18	19.30087	39.725	19.00261	2e-05	5772.55814	0.00025	5772.55814	-52.49541	-2e-05	400.65476	404.07921	0.07	-0.0	-0.7878	-0.0	0.7878	-256.797	21.25375	
218.0	1	24.36207	26.741	20.07993	21562.49109	-4923.63851	-0.08293	22117.48715	33.568	147.00152	328.54854	361.49744	0.01634	2.48987	-0.56854	-1e-05	-2.55395	69.61575	0.01569	
218.0	2	24.35021	34.51242	20.07506	8524.83666	1964.13594	0.00156	8748.18096	22.04774	-95.69219	-604.44784	612.37267	0.07	-0.81139	-0.18695	-0.0	0.83265	-52.59172	1.07326	
218.0	18	19.29499	39.725	19.10339	-0.0	5857.74491	1e-05	5857.74491	-55.18655	-0.0	406.31146	410.04214	0.07	0.0	-0.80242	-0.0	0.80242	-273.30516	22.53192	
219.0	1	24.36283	26.74434	20.177	21417.87052	-4886.97242	-0.08426	21968.33351	-5.65672	-24.79718	336.54283	337.50256	0.01536	2.4727	-0.5642	-1e-05	-2.53625	71.64212	0.01474	
219.0	2	24.35016	34.51267	20.17255	8707.11434	2005.31265	0.00048	8935.05003	19.3079	-83.8352	-619.50864	625.45351	0.07	-0.83458	-0.19221	-0.0	0.85643	-54.05972	1.10356	
219.0	18	19.28888	39.725	19.21184	-0.0	5941.06974	-1e-05	5941.06974	-56.12306	0.0	412.07052	415.87488	0.07	0.0	-0.81704	0.0	0.81704	-281.27361	23.21546	
220.0	1	24.36359	26.74773	20.27715	21308.60205	-4858.36905	-0.09922	21855.44031	-40.826	-179.06839	356.80596	401.30131	0.01836	2.45911	-0.56068	-1e-05	-2.52222	72.78164	0.01767	
220.0	2	24.35005	34.51316	20.27227	8860.02255	2039.77901	-0.0064	9091.79289	17.76529	-77.16763	-631.47997	636.42549	0.07	-0.85511	-0.19687	0.0	0.87748	-54.77755	1.12757	
220.0	18	19.28253	39.725	19.32369	2e-05	6017.15616	-0.0002	6017.15616	-56.68405	1e-05	417.37014	421.20175	0.07	-0.0	-0.8308	0.0	0.8308	-285.58124	23.58511	
221.0	1	24.36422	26.75052	20.38004	21179.80285	-4825.99581	-0.08869	21722.66752	-73.96283	-324.60673	367.80027	496.10187	0.02284	2.44284	-0.55662	-1e-05	-2.50545	73.65686	0.02211	
221.0	2	24.34986	34.514	20.37605	9020.90165	2076.24773	-0.00247	9256.75274	21.12592	-91.78887	-641.09057	647.9727	0.07	-0.87608	-0.20164	0.0	0.89899	-58.36327	0.93427	
221.0	18	19.27578	39.725	19.43485	-0.0	6105.36526	-0.0	6105.36526	-57.41429	0.0	423.50151	427.37563	0.07	0.0	-0.84638	0.0	0.84638	-295.69572	24.84886	
222.0	1	24.36486	26.75337	20.48631	21057.61362	-4795.08626	-0.0964	21596.6651	-115.14277	-505.65759	413.23802	663.10867	0.0307	2.42701	-0.55266	-1e-05	-2.48914	76.83992	0.03016	
222.0	2	24.34975	34.5145	20.48159	9198.38218	2116.33219	-0.00661	9438.70207	16.62797	-72.27353	-656.53379	660.70914	0.07	-0.89869	-0.20677	0.0	0.92217	-59.49014	1.0667	
222.0	18	19.26812	39.725	19.53537	1e-05	6193.82479	-0.00011	6193.82479	-60.09222	1e-05	429.3836	433.56816	0.07	-0.0	-0.86216	0.0	0.86216	-305.49289	25.55004	
223.0	1	24.36541	26.75583	20.59534	20892.8964	-4754.96244	-0.092	21427.15071	-148.21671	-651.25963	421.56577	789.82593	0.03686	2.40598	-0.54757	-1e-05	-2.4675	79.83094	0.03676	
223.0	2	24.34942	34.51599	20.59096	9397.1608	2161.79714	-0.00518	9642.61365	17.29486	-75.18099	-670.55999	674.98295	0.07	-0.92327	-0.2124	0.0	0.94739	-60.17485	1.22383	
223.0	18	19.26105	39.725	19.65231	0.0	6259.28591	-1e-05	6259.28591	-60.08898	0.0	434.0101	438.15004	0.07	-0.0	-0.87483	0.0	0.87483	-313.82829	26.06476	
224.0	1	24.36599	26.75836	20.70657	20783.10074	-4727.27791	-0.09936	21313.94926	-179.88062	-790.83965	419.77575	913.23386	0.04285	2.39114	-0.54388	-1e-05	-2.45221	76.7422	0.04356	
224.0	2	24.34908	34.51753	20.70245	9538.99655	2194.17169	-0.00928	9788.09709	19.64977	-85.42876	-679.5362	685.16687	0.07	-0.94245	-0.21678	0.0	0.96707	-61.19045	0.93748	
224.0	18	19.25395	39.725	19.77274	4e-05	6337.08014	-0.00049	6337.08014	-60.57062	3e-05	439.44129	443.59604	0.07	-0.0	-0.88929	0.0	0.88929	-309.28366	26.17472	
225.0	1	24.36654	26.76081	20.82152	20644.12882	-4693.09072	-0.09646	21170.85627	-214.82607	-944.99344	443.81787	1065.89734	0.05035	2.37295	-0.53945	-1e-05	-2.4335	83.50074	0.05288	
225.0	2	24.34877	34.51894	20.81686	9725.27056	2236.69625	-0.00791	9979.16317	17.15627	-74.59881	-694.33473	698.54136	0.07	-0.96584	-0.22213	0.0	0.99106	-63.48612	1.23741	
225.0	18	19.24694	39.725	19.89611	-1e-05	6401.37698	0.00023	6401.37698	-61.55859	-2e-05	443.84786	448.0964	0.07	0.0	-0.90187	-0.0	0.90187	-329.69134	27.54045	
226.0	1	24.36705	26.76308	20.93878	20497.484	-4657.37878	-0.09679	21019.94357	-246.61915	-1085.39917	444.40113	1198.50104	0.05702	2.3534	-0.53473	-1e-05	-2.41338	85.26459	0.0624	
226.0	2	24.3484	34.52062	20.93451	9902.70267	2277.3246	-0.00867	10161.1873	19.22772	-83.61238	-706.08989	711.28311	0.07	-0.98838	-0.2273	0.0	1.01418	-65.74261	1.19906	
226.0	12	19.23973	39.725	20.02187	-0.0	6472.30911	0.0	6472.30911	-61.69917	-0.0	448.84078	453.06162	0.07	0.0	-0.91549	-0.0	0.91549	-338.80348	28.4618	
227.0	1	24.36754	26.76527	21.05916	20370.50467	-4626.24602	-0.09924	20889.22241	-282.92086	-1245.7802	454.23016	1355.85307	0.06491	2.33637	-0.5306	-1e-05	-2.39586	86.46766	0.07708	
227.0	2	24.34795	34.52262	21.05499	10072.46937	2316.33094	-0.01014	10335.37751	19.56314	-85.07263	-718.19083	723.47642	0.07	-1.01038	-0.23235	0.0	1.03675	-67.87489	1.12731	
227.0	12	19.23256	39.725	20.15314	0.0	6561.97686	-0.0	6561.97686	-62.27924	0.0	455.09674	459.33838	0.07	-0.0	-0.93186	0.0	0.93186	-346.37032	29.29998	
228.0	1	24.36806	26.76759	21.18219	20219.92649	-4589.67457	-0.10619	20734.28417	-304.27328	-1340.49436	465.89075	1451.39986	0.07	2.31647	-0.52581	-1e-05	-2.37539	86.78766	0.11851	
228.0	2	24.34761	34.52417	21.17807	10244.86824	2355.69687	-0.01471	10512.21351	26.4901	-115.20933	-726.29727	735.85504	0.07	-1.03249	-0.23741	0.0	1.05944	-67.19746	1.19315	
228.0	12	19.22532	39.725	20.28343	9e-05	6605.52217	-0.00088	6605.52217	-60.98054	6e-05	458.34812	462.38688	0.07	-0.0	-0.94169	0.0	0.94169	-345.6711	29.15508	
229.0	1	24.36854	26.76968	21.30796	19987.06515	-4534.67711	-0.10093	20495.02549	-300.70428	-1325.3959	459.48721	1434.65183	0.07	2.28648	-0.51876	-1e-05	-2.34458	92.93731	0.34686	
229.0	2	24.34714	34.52623	21.30363	10447.57813	2402.27256	-0.01175	10720.20533	49.49898	-215.27654	-717.16632	750.41433	0.07	-1.05789	-0.24325	0.0	1.08549	-70.71503	1.33482	
229.0	12	19.21875	39.725	20.42395	-3e-05	6583.86877	0.00044	6583.86877	-58.23335	-3e-05	457.17681	460.87066	0.07	0.0	-0.94206	-0.0	0.94206	-367.45533	30.92386	
230.0	1	24.36889	26.77125	21.43677	19754.71756	-4480.36529	-0.09187	20256.4197	-299.13184	-1318.93356	426.04567	1417.9494	0.07	2.25637	-0.51174	-1e-05	-2.31367	94.90863	0.55142	
230.0	2	24.34657	34.52861	21.43294	10651.23267	2449.16379	-0.00762	10929.18847	70.40883	-306.20499	-697.5473	765.04322	0.07	-1.08359	-0.24916	0.0	1.11187	-72.45734	1.35326	
230.0	12	19.21312	39.725	20.57411	-1e-05	6562.35734	0.00035	6562.35734	-55.20447	-2e-05	456.03507	459.36425	0.07	0.0	-0.94217	-0.0	0.94217	-375.85195	31.72531	
231.0	1	24.36932	26.77316	21.56825	19515.89969	-4424.31336	-0.10655	20011.11914	-295.98776	-1305.62891	412.19449	1400.77832	0.07	2.22494	-0.5044	-1e-05	-2.2814	96.1158	0.74724	
231.0	2	24.34592	34.53139	21.56481	10868.0093	2499.25184	-0.01651	11151.67637	87.81104	-381.8512	-675.16095	780.61734	0.07	-1.11075	-0.25543	0.0	1.13974	-72.00606	1.49503	
231.0	12	19.20805	39.725	20.72762	1e-05	6513.36176	-0.0	6513.36176	-49.92997	0.0	453.19323	455.93541	0.07	-0.0	-0.93808	0.0	0.93808	-377.60614	31.73695	
232.0	1	24.36969	26.77483	21.70257	19276.97717	-4368.52002	-0.10723	19765.77385	-294.27851	-1298.57262	376.12494	1383.60422	0.07	2.19305	-0.49698	-1e-05	-2.24865	97.30583	0.91386	
232.0	2	24.34516	34.53457	21.69889	11087.16412	2550.06036	-0.01759	11376.64345	103.57956	-450.34818	-648.57929	796.36505	0.07	-1.13845	-0.26184	0.0	1.16817	-72.78555	1.58463	
232.0	12	19.20379	39.725	20.88963	-2e-05	6462.44551	0.00014	6462.44551	-45.23665	-1e-05	450.10369	452.37118	0.07	0.0	-0.93343	-0.0	0.93343	-382.06668	32.11582	
233.0	1	24.36999	26.77612	21.8396	19032.80283	-4311.93127	-0.10818	19515.13092	-291.32104	-1285.89584	357.3815	1366.05915	0.07	2.16057	-0.48948	-1e-05	-2.21532	99.79068	1.08177	
233.0	2	24.34443	34.53768	21.83594	11315.67473	2602.95591	-0.01909	11611.19607	118.70528	-516.04489	-616.62315	812.78372	0.07	-1.16717	-0.26849	0.0	1.19765	-75.30942	1.64581	
233.0	12	19.20017	39.725	21.05516	0.0	6400.26798	-0.0	6400.26798	-41.6263	0.0	446.08078	448.01876	0.07	-0.0	-0.92685	0.0	0.92685	-393.34708	33.17862	
234.0	1	24.37028	26.77745	21.97922	18787.23834	-4255.01079	-0.1088	19263.05898	-289.27903	-1277.26799	321.13057	1348.41415	0.07	2.12786	-0.48193	-1e-05	-2.18175	101.48882	1.26516	
234.0	2	24.34368	34.54083	21.97593	11542.17117	2655.36084	-0.02044	11843.6758	132.49087	-575.90824	-581.47391	829.05732	0.07	-1.19599	-0.27515	0.0	1.22723	-77.23649	1.72576	
234.0	13	19.1971	39.725	21.22266	-1e-05	6335.31331	1e-05	6335.31331	-37.88203	-0.0	441.85096	443.47189	0.07	0.0	-0.91959	-0.0	0.91959	-401.52617	33.9628	
235.0	1	24.37059	26.77883	22.12141	18545.35971	-4198.9215	-0.11063	19014.76554	-286.57518	-1265.72324	295.75267	1331.03354	0.07	2.0955	-0.47445	-1e-05	-2.14854	102.81143	1.37214	
235.0	2	24.34293	34.54399	22.11835	11771.01927	2708.30239	-0.0226	12078.56765	143.929	-625.5592	-550.29984	845.49972	0.07	-1.22541	-0.28195	0.0	1.25743	-79.03509	1.79816	
235.0	13	19.19433	39.725	21.38765	0.0	6254.99852	-1e-05	6254.99852	-34.18472	0.0	436.51341	437.84992	0.07	-0.0	-0.90984	0.0	0.90984	-408.57736	34.65731	
236.0	1	24.37086	26.78011	22.26645	18282.3362	-4138.18741	-0.11295	18744.8236	-283.16627	-1251.02411	276.51546	1312.13767	0.07	2.06059	-0.46641	-1e-05	-2.11271	104.47597	1.53768	
236.0	2	24.34219	34.54713	22.26351	12022.23395	2766.3295	-0.02516	12336.39688	153.73461	-668.12237	-525.06471	863.54779	0.07	-1.25732	-0.28931	0.0	1.29018	-80.32503	1.93164	
236.0	13	19.19224	39.725	21.5572	-1e-05	6160.76294	6e-05	6160.76294	-30.15733	-0.0	430.1977	431.25344	0.07	0.0	-0.89776	-0.0	0.89776	-415.2547	35.22926	
237.0	1	24.37109	26.78128	22.41442	18043.11924	-4082.97237	-0.1139	18499.31932	-280.70462	-1240.47244	243.587	1294.95235	0.07	2.02838	-0.459	-1e-05	-2.07967	105.47212	1.64009	
237.0	2	24.34139	34.5505	22.41159	12242.28504	2817.30069	-0.02695	12562.27392	163.97153	-712.52579	-488.56206	879.35917	0.07	-1.28606	-0.29596	0.0	1.31968	-82.70097	1.96239	
237.0	13	19.19044	39.725	21.72408	0.0	6075.48966	-0.0	6075.48966	-28.07213	0.0	424.35677	425.28427	0.07	-0.0	-0.88677	0.0	0.88677	-422.86102	36.06503	
238.0	1	24.37138	26.78268	22.56439	17772.74532	-4020.51053	-0.1164	18221.82705	-276.48415	-1222.21046	238.17973	1275.52792	0.07	1.99234	-0.4507	-1e-05	-2.04268	107.11314	1.81209	
238.0	2	24.3406	34.55387	22.56169	12497.66735	2876.37442	-0.02991	12824.39936	171.89943	-746.89715	-467.41289	897.70795	0.07	-1.31877	-0.30352	0.0	1.35325	-83.92055	2.08734	
238.0	13	19.18917	39.725	21.89392	-1e-05	5967.68527	0.00012	5967.68527	-25.16119	-1e-05	416.9796	417.73804	0.07	0.0	-0.87227	-0.0	0.87227	-429.33143	36.62574	
239.0	1	24.37164	26.78395	22.71704	17514.3663	-3960.93394	-0.10437	17956.67075	-273.62961	-1209.93446	202.85802	1256.96696	0.07	1.95775	-0.44275	-1e-05	-2.0072	108.79497	1.91957	
239.0	2	24.33982	34.55714	22.7143	12727.79724	2929.54433	-0.02265	13060.59159	179.00957	-777.73447	-446.00692	914.24149	0.07	-1.34904	-0.31051	0.0	1.38431	-86.43582	2.15916	
239.0	13	19.18817	39.725	22.06135	-2e-05	5863.44283	-2e-05	5863.44283	-23.42698	0.0	409.77132	410.44044	0.07	0.0	-0.85807	0.0	0.85807	-438.80902	37.54445	
240.0	1	24.37186	26.78503	22.87217	17269.04929	-3904.49151	-0.11759	17704.94613	-270.04562	-1194.38182	191.06693	1239.34626	0.07	1.92487	-0.43521	-1e-05	-1.97346	109.31194	1.94983	
240.0	2	24.33902	34.56054	22.86942	12957.05995	2982.60501	-0.03364	13295.91423	186.28758	-809.27696	-420.23363	930.714	0.07	-1.37923	-0.31749	0.0	1.4153	-88.15209	2.16131	
240.0	13	19.18715	39.725	22.22311	-0.0	5758.80121	0.0	5758.80121	-22.44586	-0.0	402.49067	403.11606	0.07	0.0	-0.84369	-0.0	0.84369	-443.86036	38.14108	
241.0	1	24.37204	26.78589	23.02977	16994.29126	-3841.61263	-0.11872	17423.08593	-265.99243	-1176.68659	179.22001	1219.61597	0.07	1.88868	-0.42694	-1e-05	-1.93634	110.38394	1.99555	
241.0	2	24.33822	34.56393	23.02714	13186.27453	3035.66425	-0.03608	13531.18965	191.94656	-833.77951	-406.35495	947.18325	0.07	-1.40935	-0.32445	0.0	1.44621	-89.82709	2.18865	
241.0	13	19.18655	39.725	22.38528	1e-05	5640.3006	1e-05	5640.3006	-22.0965	-0.0	394.20228	394.82109	0.07	-0.0	-0.82707	-0.0	0.82707	-450.05636	38.76704	
242.0	1	24.37217	26.78656	23.18979	16725.70873	-3780.32937	-0.11914	17147.60107	-262.1754	-1159.9753	162.84475	1200.33206	0.07	1.85322	-0.41886	-1e-05	-1.89997	111.41366	2.03601	
242.0	2	24.33744	34.56722	23.18724	13373.10996	3079.01542	-0.03798	13722.98824	197.78167	-859.03127	-381.72982	960.60917	0.07	-1.43479	-0.33034	0.0	1.47233	-92.03656	2.19097	
242.0	13	19.18618	39.725	22.54084	1e-05	5523.51165	-1e-05	5523.51165	-22.75995	0.0	385.97532	386.64579	0.07	-0.0	-0.81046	0.0	0.81046	-457.34732	39.55423	
243.0	1	24.37229	26.78717	23.35186	16437.60957	-3714.68321	-0.12062	16852.11796	-257.46845	-1139.3127	165.06509	1179.64822	0.07	1.81536	-0.41025	-1e-05	-1.86113	111.8353	2.13452	
243.0	2	24.33663	34.57063	23.3495	13597.87526	3131.21942	-0.04103	13953.73594	201.42182	-874.71501	-385.18291	976.76147	0.07	-1.46427	-0.33718	0.0	1.50259	-91.6963	2.28707	
243.0	13	19.18634	39.725	22.7001	1e-05	5394.67364	5e-05	5394.67364	-21.82834	-0.0	376.99575	377.62716	0.07	-0.0	-0.79192	-0.0	0.79192	-457.52813	39.49546	
244.0	1	24.37242	26.78784	23.51618	16205.32634	-3661.63207	-0.12223	16613.85419	-253.66633	-1122.6595	166.69643	1162.96975	0.07	1.78403	-0.40311	-1e-05	-1.82901	114.40538	2.13301	
244.0	2	24.33581	34.57409	23.51381	13821.56872	3183.23095	-0.044	14183.39596	206.86576	-898.21491	-368.97585	992.83767	0.07	-1.49387	-0.34405	0.0	1.53297	-94.95465	2.26342	
244.0	13	19.18684	39.725	22.86082	2e-05	5287.70606	6e-05	5287.70606	-22.68164	-0.0	369.44385	370.13945	0.07	-0.0	-0.77645	-0.0	0.77645	-470.62936	40.77142	
245.0	1	24.37255	26.78847	23.68299	15976.49007	-3609.40939	-0.12207	16379.13524	-250.45736	-1108.61573	150.98043	1146.5395	0.07	1.75342	-0.39613	-1e-05	-1.79761	115.4308	2.11665	
245.0	2	24.33507	34.57716	23.68049	14035.71402	3232.81117	-0.04565	14403.20576	211.63789	-918.86132	-356.95911	1008.22444	0.07	-1.52253	-0.35068	0.0	1.56239	-97.08907	2.22495	
245.0	13	19.18754	39.725	23.01943	-2e-05	5182.65466	-2e-05	5182.65466	-23.82229	0.0	362.00287	362.78586	0.07	0.0	-0.76115	0.0	0.76115	-477.74748	41.52155	
246.0	1	24.37275	26.78949	23.8518	16019.34495	-3618.26298	-0.12607	16422.88767	-250.84601	-1110.59057	158.9025	1149.60216	0.07	1.75326	-0.39601	-1e-05	-1.79742	116.09166	1.93312	
246.0	2	24.3345	34.57954	23.84938	14487.42443	3336.59821	-0.04987	14866.68606	219.33038	-952.33226	-357.69739	1040.66804	0.07	-1.5774	-0.36329	1e-05	1.61869	-98.65191	2.13479	
246.0	13	19.18823	39.725	23.17574	-1e-05	5162.37233	-1e-05	5162.37233	-23.67144	0.0	360.58993	361.36607	0.07	0.0	-0.75825	0.0	0.75825	-482.81709	42.0669	
247.0	1	24.37383	26.79464	24.0226	16514.80891	-3725.90323	-0.13577	16929.89274	-258.12457	-1144.1255	169.6843	1185.09249	0.07	1.80691	-0.40766	-1e-05	-1.85233	114.54244	1.52178	
247.0	2	24.33498	34.57755	24.02005	15358.49345	3533.05004	-0.05726	15759.62448	232.39132	-1010.23257	-377.38125	1103.17369	0.07	-1.6828	-0.38711	1e-05	1.72675	-98.70978	1.9597	
247.0	13	19.18721	39.725	23.32428	0.0	5284.93836	5e-05	5284.93836	-22.28575	-0.0	369.27397	369.94583	0.07	-0.0	-0.77686	-0.0	0.77686	-479.99546	41.9526	
248.0	1	24.37576	26.80377	24.19525	16782.84568	-3778.7003	-0.13548	17202.97896	-262.01691	-1163.73656	164.87117	1204.20851	0.07	1.84012	-0.41431	-1e-05	-1.88618	116.2843	1.3284	
248.0	2	24.3364	34.57159	24.19267	15974.71649	3666.7829	-0.05605	16390.14532	242.87526	-1058.11668	-371.10825	1147.31018	0.07	-1.76528	-0.4052	1e-05	1.81118	-101.966	1.82824	
248.0	13	19.18409	39.725	23.46234	-1e-05	5333.68461	1e-05	5333.68461	-25.07229	-0.0	372.51497	373.35777	0.07	0.0	-0.78522	-0.0	0.78522	-492.23305	43.27139	
249.0	1	24.37744	26.81174	24.36964	16557.50507	-3721.36671	-0.13938	16970.54932	-257.51627	-1145.77581	179.11191	1187.93852	0.07	1.8179	-0.40858	-2e-05	-1.86324	117.62988	1.48935	
249.0	2	24.33748	34.56702	24.36694	16190.66154	3709.55645	-0.06124	16610.18754	245.54882	-1071.7241	-378.17337	1162.71315	0.07	-1.80268	-0.41302	1e-05	1.84939	-102.34605	1.87781	
249.0	13	19.18067	39.725	23.59998	-1e-05	5220.76775	1e-05	5220.76775	-28.77335	-0.0	364.31917	365.45364	0.07	0.0	-0.76977	-0.0	0.76977	-496.97447	43.71726	
250.0	1	24.37873	26.81784	24.5457	16312.29048	-3661.28324	-0.14117	16718.12835	-251.9833	-1122.6815	213.58898	1170.26902	0.07	1.79115	-0.40202	-2e-05	-1.83571	119.87914	1.65901	
250.0	2	24.33804	34.56465	24.54277	16420.91558	3757.43316	-0.06516	16845.31901	247.56129	-1081.91121	-398.28259	1179.17237	0.07	-1.84001	-0.42103	1e-05	1.88757	-102.64813	1.96333	
250.0	13	19.17827	39.725	23.75292	-1e-05	5103.11174	-0.00011	5103.11174	-30.91029	1e-05	355.87796	357.21782	0.07	0.0	-0.75338	0.0	0.75338	-503.37142	44.21226	
251.0	1	24.37971	26.82251	24.7238	16118.64931	-3614.04555	-0.14241	16518.8432	-248.71872	-1109.29425	211.37413	1156.31906	0.07	1.76862	-0.39655	-2e-05	-1.81253	120.5406	1.69342	
251.0	2	24.33826	34.56369	24.72072	16617.06589	3798.83102	-0.06782	17045.76181	250.60938	-1096.23714	-398.99032	1193.20333	0.07	-1.87188	-0.42793	1e-05	1.92018	-103.37778	1.93703	
251.0	13	19.17637	39.725	23.90905	-0.0	5006.90464	0.0	5006.90464	-33.34209	-0.0	348.89372	350.48327	0.07	0.0	-0.73992	-0.0	0.73992	-506.99066	44.61765	
252.0	1	24.38048	26.82621	24.90355	15920.3436	-3566.62976	-0.11979	16314.96823	-245.26988	-1094.81683	213.28631	1142.04739	0.07	1.74472	-0.39087	-1e-05	-1.78796	123.31165	1.71282	
252.0	2	24.33831	34.56349	24.90055	16801.50489	3838.3895	-0.04561	17234.37845	253.33861	-1108.92558	-401.8952	1206.40629	0.07	-1.90113	-0.43432	1e-05	1.95011	-106.10082	1.90202	
252.0	13	19.17478	39.725	24.06583	0.00015	4911.63913	6e-05	4911.63913	-36.005	-0.0	341.9223	343.81277	0.07	-0.0	-0.72641	-0.0	0.72641	-519.80245	45.85591	
253.0	1	24.38109	26.82911	25.08485	15744.82786	-3525.01867	-0.15154	16134.60136	-241.92364	-1080.58427	222.27191	1129.42207	0.07	1.72266	-0.38568	-2e-05	-1.7653	120.21846	1.68934	
253.0	2	24.33822	34.56388	25.08192	16970.45967	3875.08146	-0.08069	17407.26164	256.45244	-1123.11132	-397.00808	1218.50823	0.07	-1.92758	-0.44015	1e-05	1.9772	-103.43132	1.83592	
253.0	13	19.17362	39.725	24.22502	2e-05	4825.56151	0.00017	4825.56151	-37.56975	-1e-05	335.69396	337.78975	0.07	-0.0	-0.7141	-0.0	0.7141	-507.02008	44.79037	
254.0	1	24.38158	26.83148	25.26785	15580.28023	-3486.32016	-0.14438	15965.57423	-238.97768	-1067.99485	226.46084	1117.59019	0.07	1.70152	-0.38074	-2e-05	-1.7436	124.08347	1.64629	
254.0	2	24.33802	34.56471	25.2649	17138.2606	3912.05472	-0.07462	17579.0827	258.85228	-1134.00965	-401.5419	1230.53577	0.07	-1.95316	-0.44584	1e-05	2.0034	-107.45813	1.76553	
254.0	13	19.17276	39.725	24.3843	0.0	4740.30486	0.0001	4740.30486	-40.17218	-1e-05	329.38041	331.82112	0.07	-0.0	-0.70176	-0.0	0.70176	-525.13008	46.53343	
255.0	1	24.38195	26.83328	25.45218	15424.29389	-3450.01659	-0.14977	15805.42491	-235.87529	-1054.55882	237.37055	1106.37979	0.07	1.68117	-0.37603	-2e-05	-1.72271	123.70708	1.61491	
255.0	2	24.33775	34.56584	25.44931	17290.69963	3945.9292	-0.08223	17735.23755	261.71423	-1146.81601	-396.93594	1241.46664	0.07	-1.97626	-0.45101	1e-05	2.02707	-107.34414	1.7038	
255.0	13	19.1721	39.725	24.54338	-1e-05	4661.58312	4e-05	4661.58312	-41.93469	-0.0	323.60517	326.31093	0.07	0.0	-0.69026	-0.0	0.69026	-524.17693	46.54003	
256.0	1	24.38226	26.8348	25.63802	15273.05565	-3415.01113	-0.15406	15650.19265	-233.59207	-1044.71125	232.72945	1095.51351	0.07	1.66124	-0.37145	-2e-05	-1.70226	122.30991	1.56579	
256.0	2	24.33744	34.56715	25.63514	17433.24608	3977.81158	-0.08852	17881.30459	263.66838	-1155.5679	-402.33437	1251.6913	0.07	-1.99772	-0.45583	1e-05	2.04906	-106.45216	1.63727	
256.0	13	19.1716	39.725	24.70318	-1e-05	4587.01821	0.00012	4587.01821	-43.62611	-1e-05	318.11411	321.09162	0.07	0.0	-0.67931	-0.0	0.67931	-519.10881	46.16829	
257.0	1	24.38251	26.83602	25.82501	15137.52119	-3383.76588	-0.15058	15511.10632	-230.52319	-1031.27327	249.49355	1085.77739	0.07	1.64306	-0.36728	-2e-05	-1.68361	125.57718	1.49645	
257.0	2	24.33711	34.56853	25.8221	17570.30034	4008.63501	-0.08617	18021.78151	265.66072	-1164.42969	-406.16791	1261.52467	0.07	-2.01809	-0.46042	1e-05	2.06995	-109.85766	1.54811	
257.0	13	19.17121	39.725	24.8623	2e-05	4513.90725	1e-05	4513.90725	-45.96315	-0.0	312.61248	315.97338	0.07	-0.0	-0.66848	-0.0	0.66848	-534.34988	47.66741	
258.0	1	24.3827	26.83696	26.01328	15013.04323	-3355.22365	-0.15611	15383.39991	-228.19208	-1021.0638	254.82775	1076.838	0.07	1.62618	-0.36343	-2e-05	-1.66629	125.06695	1.38939	
258.0	2	24.33673	34.57015	26.01033	17698.49449	4037.79321	-0.09413	18153.24988	267.50105	-1172.52277	-410.34366	1270.7275	0.07	-2.0369	-0.46471	1e-05	2.08924	-110.08691	1.43356	
258.0	13	19.1709	39.725	25.0199	0.0	4448.78002	-8e-05	4448.78002	-48.05459	1e-05	307.68481	311.41481	0.07	-0.0	-0.65875	0.0	0.65875	-533.77219	47.74685	
259.0	1	24.38297	26.83829	26.20296	12623.70812	-2820.37244	-0.13172	12934.93361	-195.38914	-874.54854	129.68888	905.44534	0.07	1.3626	-0.30443	-1e-05	-1.3962	137.02033	6.95396	
259.0	2	24.33611	34.57279	26.20005	19843.16529	4527.05529	-0.10519	20353.02038	312.02912	-1367.704	-248.6488	1424.71142	0.07	-2.29062	-0.52259	1e-05	2.34947	-101.63694	6.91128	
259.0	13	19.17091	39.725	25.19705	0.0	3686.46286	0.0	3686.46286	-0.7877	-0.0	258.05117	258.05238	0.07	-0.0	-0.54601	-0.0	0.54601	-541.78159	46.21179	
260.0	1	24.38384	26.84244	26.39361	11513.9923	-2569.96347	-0.12232	11797.3188	-179.80813	-805.58054	25.9821	825.81235	0.07	1.22648	-0.27375	-1e-05	-1.25666	127.50234	8.03675	
260.0	2	24.33379	34.58244	26.39061	20806.41003	4747.49055	-0.11342	21341.16597	331.20129	-1451.52975	-122.67621	1493.88164	0.07	-2.42473	-0.55326	1e-05	2.48705	-110.85085	7.93622	
260.0	13	19.17088	39.725	25.40662	0.0	3076.53462	-1e-05	3076.53462	4.0731	0.0	215.31884	215.35736	0.07	-0.0	-0.45664	0.0	0.45664	-541.32029	47.58289	
261.0	1	24.3843	26.84465	26.58493	11530.97644	-2572.38426	-0.12309	11814.42247	-178.22328	-798.8985	-118.14248	827.01874	0.07	1.21215	-0.27041	-1e-05	-1.24195	112.91122	7.16966	
261.0	2	24.33159	34.59155	26.58122	20628.454	4708.54651	-0.11632	21159.00575	329.26841	-1442.54505	66.50468	1481.14036	0.07	-2.42205	-0.55284	1e-05	2.48434	-128.57492	6.95616	
261.0	13	19.16634	39.725	25.34883	-0.00149	2273.79868	-0.00087	2273.79868	-13.32951	5e-05	158.6159	159.17499	0.07	0.0	-0.33674	0.0	0.33674	-548.51992	50.8832	
262.0	1	24.38433	26.84488	26.77784	10997.58191	-2453.22513	-0.12129	11267.88008	-165.09463	-740.09326	-217.10561	788.75162	0.07	1.14349	-0.25508	-1e-05	-1.17159	97.38509	9.08246	
262.0	2	24.32975	34.59918	26.77306	20943.47941	4782.9893	-0.1212	21482.69807	330.92555	-1449.03202	228.4195	1503.78888	0.07	-2.47189	-0.56452	1e-05	2.53553	-148.5971	8.65005	
262.0	13	19.14934	39.725	25.04306	-0.0	1170.43342	-0.0	1170.43342	-13.34357	0.0	80.83643	81.93033	0.07	0.0	-0.17214	0.0	0.17214	-558.65391	55.14122	
263.0	1	24.38426	26.84457	26.97134	10648.30489	-2375.43884	-0.12021	10910.04613	-162.133	-726.77993	-169.55018	763.70376	0.07	1.09611	-0.24452	-1e-05	-1.12305	103.15394	8.14399	
263.0	2	24.32817	34.60572	26.96511	21244.93093	4854.41618	-0.12822	21792.48601	337.50521	-1477.05757	177.38132	1525.47467	0.07	-2.51769	-0.57529	2e-05	2.58258	-138.67147	7.82671	
263.0	8	19.10909	39.725	24.61005	-5e-05	1025.07368	-5e-05	1025.07368	-20.15286	0.0	68.86803	71.75614	0.07	0.0	-0.14939	0.0	0.14939	-549.04074	54.99198	
264.0	1	24.38416	26.84417	27.16517	10551.2691	-2353.98332	-0.12084	10810.66682	-162.33045	-727.60778	-130.00829	756.74726	0.07	1.07669	-0.24021	-1e-05	-1.10316	107.87066	6.54935	
264.0	2	24.32686	34.61113	27.15791	21336.77738	4877.6625	-0.13129	21887.20312	340.3385	-1488.7686	122.81395	1532.10492	0.07	-2.53681	-0.57992	2e-05	2.60225	-127.81906	6.32291	
264.0	8	19.0716	39.725	24.33723	-6e-05	977.249	-2e-05	977.249	-25.82612	0.0	63.34609	68.40844	0.07	0.0	-0.14111	0.0	0.14111	-534.95149	54.76874	
265.0	1	24.38402	26.84359	27.35946	10544.26392	-2352.71945	-0.11963	10803.55452	-163.50645	-732.78788	-90.55152	756.24865	0.07	1.06856	-0.23843	-1e-05	-1.09483	116.63264	5.01623	
265.0	2	24.32587	34.61524	27.35138	21323.89224	4876.77993	-0.12783	21874.44543	340.62417	-1489.38853	101.50949	1531.21102	0.07	-2.54089	-0.5811	2e-05	2.60649	-126.38815	4.86295	
265.0	8	19.04166	39.725	24.17906	1e-05	936.8793	1e-05	936.8793	-29.71801	-0.0	58.4602	65.58014	0.07	-0.0	-0.134	-0.0	0.134	-551.43126	58.17556	
266.0	1	24.38378	26.8425	27.5539	10582.94693	-2361.92766	-0.12597	10843.31444	-164.64248	-737.69995	-69.43475	759.03198	0.07	1.06696	-0.23813	-1e-05	-1.09321	118.49945	3.89979	
266.0	2	24.32509	34.61848	27.54539	21277.28923	4868.18825	-0.1386	21827.09999	340.24112	-1487.08235	85.3888	1527.89698	0.07	-2.53857	-0.58082	2e-05	2.60417	-123.20258	3.77393	
266.0	8	19.01971	39.725	24.10004	0.0	908.3765	0.0	908.3765	-32.00305	-0.0	54.94604	63.58665	0.07	-0.0	-0.12863	-0.0	0.12863	-548.25705	59.51381	
267.0	1	24.38347	26.84107	27.74833	10779.65414	-2406.60135	-0.12901	11045.02935	-168.1461	-753.15784	-47.37522	773.15215	0.07	1.08319	-0.24183	-1e-05	-1.10985	121.61746	2.63378	
267.0	2	24.32453	34.62079	27.73952	21080.14814	4824.9978	-0.13788	21625.29189	337.41064	-1474.12646	67.87114	1513.77054	0.07	-2.51621	-0.57593	2e-05	2.58128	-122.12511	2.54244	
267.0	8	19.00512	39.725	24.08073	-1e-05	900.78174	-0.0	900.78174	-34.38149	0.0	52.85609	63.05436	0.07	0.0	-0.12623	0.0	0.12623	-552.69075	61.65901	
268.0	1	24.38302	26.83902	27.94283	11085.30423	-2475.99324	-0.13539	11358.45555	-173.25205	-775.66797	-22.2276	795.09191	0.07	1.11266	-0.24852	-1e-05	-1.14007	122.89619	1.42853	
268.0	2	24.32427	34.62188	27.93393	20767.96869	4755.09635	-0.14002	21305.38582	332.73055	-1453.20546	41.10565	1491.37701	0.07	-2.47778	-0.56732	2e-05	2.5419	-120.59137	1.36221	
268.0	8	19.00129	39.725	24.12651	0.0	916.94229	-0.0	916.94229	-37.03022	0.0	52.42669	64.18563	0.07	-0.0	-0.12709	0.0	0.12709	-551.9008	62.9809	
269.0	1	24.38243	26.8363	28.13736	11513.70126	-2573.2698	-0.14368	11797.75548	-180.12496	-805.94121	-5.49943	825.84289	0.07	1.15699	-0.25858	-1e-05	-1.18553	123.74838	0.31752	
269.0	2	24.32426	34.62189	28.12824	20355.07569	4661.91014	-0.14169	20882.10987	326.2418	-1424.45296	34.73239	1461.74768	0.07	-2.42496	-0.55539	2e-05	2.48775	-120.46449	0.28012	
269.0	8	19.00701	39.725	24.22524	0.0	956.86253	-0.0	956.86253	-40.22034	0.0	53.56014	66.98033	0.07	-0.0	-0.13111	0.0	0.13111	-553.30541	64.33275	
270.0	1	24.38171	26.83297	28.33205	12044.73853	-2693.99719	-0.15404	12342.33961	-156.66913	-700.44358	-296.55622	776.60287	0.06292	1.21454	-0.27165	-2e-05	-1.24455	122.72391	0.07277	
270.0	2	24.32457	34.62061	28.32269	19840.05062	4544.9523	-0.14334	20353.97259	255.85292	-1116.86259	332.28924	1193.00415	0.05861	-2.35799	-0.54017	2e-05	2.41907	-120.00308	0.06496	
270.0	8	19.02166	39.725	24.35185	-0.0	488.48901	-0.0	488.48901	-21.0526	-0.0	26.94571	34.19478	0.07	0.0	-0.06601	0.0	0.06601	-549.68548	64.72668	
271.0	1	24.38087	26.82906	28.5268	12691.76806	-2841.25058	-0.16292	13005.90948	-110.44287	-493.31276	-553.43736	749.56522	0.05763	1.28695	-0.2881	-2e-05	-1.3188	123.0727	0.06337	
271.0	2	24.32515	34.6182	28.51713	19165.1556	4391.28017	-0.1385	19661.80385	206.91111	-903.0168	605.85061	1106.93564	0.0563	-2.27015	-0.52016	2e-05	2.32898	-120.84005	0.06129	
272.0	1	24.37975	26.82384	28.72102	13450.02206	-3014.59072	-0.18448	13783.71687	-91.26059	-407.13711	-570.1502	706.51283	0.05126	1.37414	-0.30799	-2e-05	-1.40823	121.88515	0.05409	
272.0	2	24.32595	34.6149	28.71102	18374.09665	4211.17915	-0.14802	18850.50285	208.42995	-909.39363	624.75394	1122.83449	0.05957	-2.16646	-0.49653	2e-05	2.22263	-119.69143	0.06656	
273.0	1	24.37849	26.81792	28.915	14295.56255	-3208.43132	-0.19215	14651.18221	-64.61452	-287.86275	-588.3479	658.17418	0.04492	1.47442	-0.33091	-2e-05	-1.51109	122.50109	0.04604	
273.0	2	24.32706	34.61029	28.90482	17485.14649	4008.40488	-0.13528	17938.7195	213.95232	-933.26421	641.59487	1152.56308	0.06425	-2.04975	-0.4699	2e-05	2.10292	-120.34113	0.07558	
274.0	1	24.37707	26.8113	29.10863	15225.29656	-3422.25488	-0.20633	15605.17491	-38.82191	-172.67629	-643.41429	667.31266	0.04276	1.58796	-0.35693	-2e-05	-1.62758	122.25028	0.04346	
274.0	2	24.32851	34.60426	29.09799	16537.05188	3791.7332	-0.12898	16966.18182	212.78856	-928.02049	693.223	1177.73474	0.06942	-1.92515	-0.44141	2e-05	1.97511	-120.29524	0.09245	
275.0	1	24.37562	26.80453	29.302	16315.29448	-3672.90212	-0.22947	16723.60739	-32.81967	-145.74781	-632.60841	650.00996	0.03887	1.72328	-0.38794	-2e-05	-1.76641	121.71791	0.03899	
275.0	2	24.33025	34.59704	29.29095	15457.34031	3544.70386	-0.12789	15858.57166	194.39248	-847.65966	689.9323	1110.09996	0.07	-1.78457	-0.40924	1e-05	1.83089	-119.98369	0.11616	
276.0	1	24.37402	26.79701	29.49468	17459.65742	-3937.2208	-0.2433	17898.08216	-31.10444	-137.89271	-652.48887	667.62536	0.0373	1.86976	-0.42164	-3e-05	-1.91671	121.91682	0.03725	
276.0	2	24.33238	34.5882	29.4835	14323.78044	3284.81042	-0.11623	14695.60021	166.64898	-726.6663	708.79579	1028.69202	0.07	-1.63774	-0.37558	1e-05	1.68026	-120.54755	0.14319	
277.0	1	24.37251	26.78999	29.68663	17965.67201	-4057.77297	-0.25393	18418.22175	-30.85491	-136.56691	-676.25793	690.59925	0.0375	1.95056	-0.44056	-3e-05	-1.99969	121.10235	0.03746	
277.0	2	24.33473	34.57846	29.67526	13821.49185	3169.28306	-0.1144	14180.19718	151.33462	-659.95593	725.83616	992.61379	0.07	-1.56392	-0.35861	1e-05	1.60451	-119.89089	0.14689	
278.0	1	24.37137	26.78467	29.87779	17981.96723	-4066.33238	-0.25962	18436.00295	-25.04282	-110.70072	-666.97755	676.56548	0.0367	1.97198	-0.44593	-3e-05	-2.02177	120.3649	0.03658	
278.0	2	24.33664	34.57044	29.86602	13799.91438	3163.64836	-0.1179	14157.90619	152.50676	-665.21157	718.6252	991.05343	0.07	-1.54888	-0.35508	1e-05	1.58906	-118.88054	0.11913	
279.0	1	24.37056	26.78091	30.06811	18019.08192	-4078.18897	-0.259	18474.81905	-23.34681	-103.11363	-660.7138	669.11899	0.03622	1.99038	-0.45047	-3e-05	-2.04072	123.29632	0.03606	
279.0	2	24.33806	34.56442	30.0558	13758.08228	3153.44664	-0.11612	14114.85224	147.57134	-643.8082	722.3683	978.81676	0.06935	-1.53476	-0.35178	1e-05	1.57456	-121.48169	0.092	
280.0	1	24.36993	26.77798	30.25764	18080.32195	-4094.76919	-0.269	18538.20856	-30.95015	-136.61559	-667.10925	681.65716	0.03677	2.00793	-0.45475	-3e-05	-2.05878	119.15338	0.03666	
280.0	2	24.33917	34.55971	30.24474	13709.1191	3141.66411	-0.12196	14064.4943	132.34249	-577.46822	719.17079	931.76752	0.06625	-1.52215	-0.34882	1e-05	1.5616	-117.36778	0.08045	
281.0	1	24.36942	26.77561	30.44576	18159.80975	-4115.00833	-0.29335	18620.20364	-34.79077	-153.48603	-673.33138	691.47922	0.03714	2.02506	-0.45888	-3e-05	-2.0764	117.21367	0.03706	
281.0	2	24.34006	34.55598	30.43232	13646.41957	3126.81455	-0.13816	14000.06201	119.53347	-521.64997	732.56348	907.22444	0.0648	-1.50954	-0.34588	2e-05	1.54866	-115.48745	0.07684	
282.0	1	24.36901	26.77373	30.63275	18237.70831	-4134.43965	-0.28031	18700.47046	-41.69099	-183.86042	-671.54689	697.50844	0.0373	2.04037	-0.46255	-3e-05	-2.09215	117.55669	0.03725	
282.0	2	24.34083	34.55271	30.61884	13576.43638	3110.23974	-0.12616	13928.14475	102.55819	-447.64508	722.83558	856.38518	0.06149	-1.49715	-0.34298	1e-05	1.53593	-115.79171	0.06998	
283.0	1	24.36862	26.77196	30.81834	18334.68756	-4158.11016	-0.28488	18800.28319	-41.33184	-182.20138	-677.22726	702.52574	0.03737	2.05682	-0.46647	-3e-05	-2.10905	116.78367	0.03732	
283.0	2	24.34149	34.54991	30.80403	13483.15723	3088.35972	-0.12691	13832.33512	91.87916	-401.09594	729.77869	837.79274	0.06057	-1.48309	-0.33971	1e-05	1.52149	-115.04981	0.06831	
284.0	1	24.36827	26.77037	31.00264	18443.04466	-4184.20133	-0.28764	18911.72751	-42.10612	-185.54769	-681.76696	707.81853	0.03743	2.0737	-0.47046	-3e-05	-2.1264	117.13009	0.03739	
284.0	2	24.34201	34.54771	30.98801	13379.67437	3064.3736	-0.1261	13726.10912	79.08316	-345.26278	735.62598	816.4595	0.05948	-1.46834	-0.3363	1e-05	1.50636	-115.39905	0.06641	
285.0	1	24.36796	26.76894	31.18558	18566.34202	-4213.55792	-0.30194	19038.4644	-41.39328	-182.34424	-675.14332	700.55787	0.0368	2.0918	-0.47472	-3e-05	-2.14499	113.77076	0.03669	
285.0	2	24.34248	34.5457	31.17049	13263.16374	3037.43589	-0.13324	13606.52525	68.94111	-301.00375	732.35078	794.79167	0.05841	-1.45243	-0.33263	1e-05	1.49003	-112.1182	0.06463	
285.0	24	19.78986	39.725	26.30184	0.0	10.05163	-0.0	10.05163	-0.51856	0.0	0.47677	0.70443	0.07	-0.0	-0.00045	0.0	0.00045	-508.12587	59.93627	
286.0	1	24.36764	26.76749	31.36689	18699.94346	-4245.26754	-0.3024	19175.7707	-41.17258	-181.31226	-680.49613	705.43909	0.03679	2.11086	-0.47921	-3e-05	-2.16457	114.04452	0.03668	
286.0	2	24.3429	34.54394	31.35154	13143.10311	3009.81216	-0.13023	13483.3278	56.83342	-248.14557	736.55623	779.30824	0.0578	-1.43634	-0.32893	1e-05	1.47352	-112.40042	0.06364	
286.0	24	19.78066	39.725	26.37307	-0.0	17.7571	-0.0	17.7571	-0.9231	-0.0	0.83272	1.24319	0.07	0.0	-0.00075	0.0	0.00075	-509.30803	60.83448	
287.0	1	24.36731	26.76596	31.54679	18828.96144	-4276.0458	-0.28932	19308.4012	-40.33968	-177.58385	-683.2557	707.10796	0.03662	2.1293	-0.48356	-3e-05	-2.18352	114.40158	0.0365	
287.0	2	24.3433	34.54221	31.53107	13015.85792	2980.54404	-0.11786	13352.76002	43.74848	-191.01831	725.28319	751.29064	0.05626	-1.41947	-0.32505	1e-05	1.45621	-112.74482	0.06124	
287.0	24	19.77042	39.725	26.44351	-0.0	19.48179	0.0	19.48179	-1.01996	-0.0	0.9028	1.36212	0.07	0.0	-0.00078	-0.0	0.00078	-510.81206	61.80266	
288.0	1	24.36694	26.7643	31.72471	18967.63952	-4309.16586	-0.31242	19450.97065	-34.29429	-150.90333	-685.6105	702.85821	0.03613	2.14886	-0.48819	-4e-05	-2.20362	112.37352	0.03596	
288.0	2	24.34372	34.54047	31.70864	12880.67037	2949.46261	-0.13031	13214.04551	34.93745	-152.54342	741.46405	757.79883	0.05735	-1.40172	-0.32097	1e-05	1.438	-110.80748	0.06292	
288.0	24	19.75993	39.725	26.51332	-0.0	19.45341	-0.0	19.45341	-1.028	-0.0	0.89303	1.36172	0.07	0.0	-0.00074	0.0	0.00074	-501.81506	61.51646	
289.0	1	24.36658	26.76262	31.90096	19109.05175	-4342.94378	-0.31982	19596.3522	-30.07455	-132.27823	-685.63667	698.9275	0.03567	2.16858	-0.49286	-4e-05	-2.22388	112.32097	0.03545	
289.0	2	24.34418	34.53849	31.8847	12739.11292	2916.7632	-0.13172	13068.76068	23.62732	-103.16005	741.53675	749.05073	0.05732	-1.38337	-0.31674	1e-05	1.41917	-110.7687	0.06287	
289.0	24	19.7486	39.725	26.58197	0.0	19.85915	0.0	19.85915	-1.05744	0.0	0.9025	1.39021	0.07	-0.0	-0.00071	-0.0	0.00071	-501.5428	62.27287	
290.0	1	24.3662	26.76092	32.07567	19263.46596	-4379.71792	-0.32592	19755.07656	-25.6429	-112.73434	-694.76511	704.31893	0.03565	2.18989	-0.49789	-4e-05	-2.24577	110.02893	0.03544	
290.0	2	24.34458	34.5368	32.05891	12597.93288	2884.36641	-0.13205	12923.91127	11.38925	-49.71007	749.56128	751.29417	0.05813	-1.36494	-0.31251	1e-05	1.40026	-108.57457	0.06417	
290.0	24	19.73677	39.725	26.64871	0.0	17.03918	0.0	17.03918	-0.91425	0.0	0.7661	1.1928	0.07	-0.0	-0.00057	-0.0	0.00057	-491.37374	61.84045	
291.0	1	24.36582	26.75916	32.24833	19416.65407	-4416.29898	-0.33134	19912.56267	-14.93618	-65.61561	-701.50888	704.72918	0.03539	2.2111	-0.50291	-4e-05	-2.26757	108.76223	0.03515	
291.0	2	24.34499	34.53508	32.23118	12442.16127	2848.63114	-0.13171	12764.09325	4.97387	-21.68981	754.86911	755.19703	0.05917	-1.34495	-0.30793	1e-05	1.37975	-107.37457	0.06588	
291.0	24	19.72462	39.725	26.71484	0.0	15.57002	-0.0	15.57002	-0.84124	0.0	0.69297	1.0899	0.07	-0.0	-0.00048	0.0	0.00048	-485.74359	61.92912	
292.0	1	24.36547	26.75756	32.41904	19579.57297	-4454.97756	-0.33511	20080.00256	-9.98035	-43.81027	-708.15302	709.57709	0.03534	2.23357	-0.50821	-4e-05	-2.29065	108.79893	0.0351	
292.0	2	24.34541	34.53327	32.40151	12283.99161	2812.31005	-0.13016	12601.80692	-8.00246	34.98974	766.69134	767.53106	0.06091	-1.32468	-0.30327	1e-05	1.35896	-107.46179	0.06892	
292.0	24	19.71283	39.725	26.7812	0.0	13.56111	-0.0	13.56111	-0.73749	0.0	0.59749	0.94915	0.07	-0.0	-0.00039	0.0	0.00039	-485.94712	62.74901	
293.0	1	24.3651	26.75584	32.58772	19741.19229	-4493.48662	-0.34755	20246.13778	-3.39398	-14.85576	-710.77399	710.93732	0.03511	2.25602	-0.51351	-4e-05	-2.31372	105.78045	0.03485	
293.0	2	24.34587	34.53134	32.56962	12118.27876	2774.21011	-0.13384	12431.77067	-19.13289	83.61315	768.0375	772.81229	0.06216	-1.30357	-0.29842	1e-05	1.33729	-104.54737	0.07127	
293.0	24	19.70113	39.725	26.84786	-0.0	15.09257	-0.0	15.09257	-0.82594	-0.0	0.65895	1.0566	0.07	0.0	-0.00039	0.0	0.00039	-472.54232	61.77853	
294.0	1	24.3647	26.75401	32.75432	19908.22902	-4533.38296	-0.35111	20417.86336	10.69829	47.03672	-716.14246	717.76523	0.03515	2.27915	-0.51899	-4e-05	-2.33749	104.84062	0.0349	
294.0	2	24.34637	34.5292	32.73581	11943.08678	2733.85249	-0.1318	12251.99051	-23.70871	103.61085	770.83478	778.12824	0.06351	-1.28128	-0.29329	1e-05	1.31442	-103.66994	0.07399	
294.0	24	19.69027	39.725	26.91601	-0.0	14.93408	-0.0	14.93408	-0.82171	-0.0	0.64624	1.04538	0.07	0.0	-0.00035	0.0	0.00035	-468.38816	61.92105	
295.0	1	24.36433	26.75229	32.91866	20078.967	-4574.03115	-0.35801	20593.36487	21.78335	95.68069	-724.20565	730.8236	0.03549	2.30303	-0.52464	-4e-05	-2.36203	103.27503	0.03526	
295.0	2	24.34687	34.52709	32.89982	11767.85775	2693.55176	-0.13165	12072.18692	-31.88011	139.31912	779.50433	792.49805	0.06565	-1.25895	-0.28816	1e-05	1.2915	-102.20932	0.07888	
295.0	24	19.67932	39.725	26.98212	-0.0	14.56519	0.0	14.56519	-0.80567	-0.0	0.62483	1.01957	0.07	0.0	-0.0003	-0.0	0.0003	-461.52112	61.71127	
296.0	1	24.36393	26.75045	33.08065	20254.06248	-4615.83367	-0.36562	20773.37159	34.42116	151.09626	-729.66001	745.93473	0.03591	2.32771	-0.53048	-4e-05	-2.38739	101.25451	0.03572	
296.0	2	24.34737	34.52497	33.06174	11579.8734	2650.36123	-0.13163	11879.3048	-39.2549	171.55014	782.93103	802.46583	0.06755	-1.23525	-0.28272	1e-05	1.26719	-100.3111	0.08431	
296.0	24	19.66769	39.725	27.04435	-0.0	12.65632	-0.0	12.65632	-0.70388	0.0	0.53803	0.88596	0.07	0.0	-0.00022	0.0	0.00022	-452.64377	61.25337	
297.0	1	24.36349	26.74843	33.24039	20428.55424	-4657.73204	-0.37621	20952.81118	51.63128	226.51124	-734.1602	770.04177	0.03675	2.35231	-0.53633	-4e-05	-2.41268	99.80775	0.03664	
297.0	2	24.34788	34.52281	33.22145	11387.6614	2606.20405	-0.13314	11682.08594	-42.66174	186.44848	791.04645	813.84123	0.06967	-1.21115	-0.27719	1e-05	1.24247	-99.04905	0.0943	
297.0	24	19.6568	39.725	27.10812	-0.0	9.74781	0.0	9.74781	-0.54499	-0.0	0.41066	0.68239	0.07	0.0	-0.00014	-0.0	0.00014	-446.47722	61.20427	
298.0	1	24.36299	26.74615	33.39814	20582.85952	-4695.31695	-0.38133	21111.61073	95.87221	420.33472	-735.49025	852.53661	0.04038	2.37412	-0.54158	-4e-05	-2.43511	95.55474	0.04071	
298.0	2	24.34838	34.52071	33.37872	11168.22694	2555.90192	-0.1314	11456.95979	-18.98109	82.98045	797.45682	801.98717	0.07	-1.18381	-0.27092	1e-05	1.21441	-99.48174	0.41623	
298.0	24	19.63999	39.725	27.16228	0.0	10.32971	0.0	10.32971	-0.57768	0.0	0.43492	0.7231	0.07	-0.0	-0.00012	-0.0	0.00012	-437.80096	61.11449	
299.0	1	24.36247	26.74375	33.55392	20771.2403	-4740.84728	-0.38139	21305.39971	127.44157	558.4227	-727.18469	925.67534	0.04345	2.40017	-0.54782	-4e-05	-2.46189	82.21187	0.04427	
299.0	2	24.34891	34.51844	33.53334	10941.01277	2503.7783	-0.12659	11223.84365	-4.66395	20.42022	785.38981	785.66907	0.07	-1.15552	-0.26443	1e-05	1.18539	-113.26835	2.30626	
299.0	24	19.56587	39.725	27.11062	-0.0	34.15546	-0.0	34.15546	-1.86587	0.0	1.4949	2.39086	0.07	0.0	-0.00043	0.0	0.00043	-438.69893	64.8688	
300.0	1	24.36195	26.7413	33.70737	20974.20528	-4789.80482	-0.39304	21514.17015	144.67842	633.59446	-709.52648	962.18585	0.04472	2.42833	-0.55455	-5e-05	-2.49085	81.24322	0.0458	
300.0	2	24.34942	34.51629	33.68537	10725.40369	2454.41291	-0.12766	11002.65546	-5.42075	23.72789	769.80121	770.18588	0.07	-1.12846	-0.25824	1e-05	1.15763	-109.70069	2.12202	
300.0	24	19.45064	39.725	26.9937	0.0	56.50227	-0.0	56.50227	-3.11643	0.0	2.4354	3.95516	0.07	-0.0	-0.00092	0.0	0.00092	-428.40756	65.37789	
301.0	1	24.36139	26.7387	33.85828	21186.63064	-4841.1443	-0.39813	21732.69418	162.93756	713.13208	-696.69143	1010.19055	0.04648	2.45805	-0.56166	-5e-05	-2.5214	81.49766	0.04794	
301.0	2	24.35001	34.51379	33.8352	10510.05839	2404.94147	-0.1253	10781.70074	-5.93865	25.99233	754.24794	754.71904	0.07	-1.10157	-0.25206	1e-05	1.13004	-106.44993	1.87595	
301.0	24	19.34154	39.725	26.89752	0.0	77.25648	-0.0	77.25648	-4.29843	0.0	3.2816	5.4079	0.07	-0.0	-0.00149	0.0	0.00149	-421.58263	66.0309	
302.0	1	24.36084	26.73619	34.00677	21437.14138	-4901.14627	-0.40802	21990.27661	182.66232	799.00407	-680.66154	1065.39812	0.04845	2.4927	-0.5699	-5e-05	-2.55702	80.91218	0.05041	
302.0	2	24.35068	34.51097	33.98288	10303.3204	2357.30961	-0.12486	10569.54682	-5.57287	24.39703	739.44491	739.86826	0.07	-1.07563	-0.24609	1e-05	1.10342	-104.9107	1.80789	
302.0	24	19.23541	39.725	26.81091	0.0	99.73548	-0.0	99.73548	-5.58062	0.0	4.19492	6.98146	0.07	-0.0	-0.00219	0.0	0.00219	-416.73156	67.0836	
303.0	1	24.36036	26.73397	34.15279	21654.21444	-4953.24792	-0.41616	22213.50194	202.15849	883.83645	-667.50229	1125.87488	0.05068	2.52352	-0.57724	-5e-05	-2.58869	78.85838	0.05333	
303.0	2	24.35138	34.50796	34.12789	10081.54669	2306.18739	-0.1236	10341.95745	-6.36017	27.84237	723.37339	723.93695	0.07	-1.04791	-0.23971	1e-05	1.07498	-101.53616	1.71077	
303.0	24	19.13331	39.725	26.73656	-0.0	116.85491	0.0	116.85491	-6.57427	-0.0	4.86706	8.17981	0.07	0.0	-0.00283	-0.0	0.00283	-404.49286	66.85383	
304.0	1	24.35984	26.73156	34.29599	21886.55883	-5009.1146	-0.42428	22452.45391	220.7012	964.37437	-640.78838	1178.70127	0.0525	2.55612	-0.58501	-5e-05	-2.62221	77.54974	0.05578	
304.0	2	24.35204	34.50499	34.27019	9847.8724	2252.39945	-0.12198	10102.17274	-7.15613	31.32606	706.4217	707.15214	0.07	-1.01907	-0.23308	1e-05	1.04539	-100.63208	1.73837	
304.0	24	19.03591	39.725	26.67488	0.0	143.81978	-0.0	143.81978	-8.11942	0.0	5.95204	10.06736	0.07	-0.0	-0.00376	0.0	0.00376	-399.45551	67.73949	
305.0	1	24.35924	26.72879	34.43649	22094.89003	-5059.94624	-0.4338	22666.87498	240.82948	1051.66583	-626.09097	1247.39319	0.05503	2.58623	-0.59227	-5e-05	-2.65318	76.1843	0.0594	
305.0	2	24.35272	34.50191	34.41012	9616.66454	2199.16346	-0.12091	9864.91545	-7.93186	34.72296	689.62496	690.54413	0.07	-0.99064	-0.22654	1e-05	1.01622	-97.26521	1.59525	
305.0	24	18.94483	39.725	26.62604	0.0	160.8094	0.0	160.8094	-9.11782	-0.0	6.60148	11.25674	0.07	-0.0	-0.00446	-0.0	0.00446	-388.76014	67.2504	
306.0	1	24.35847	26.7254	34.57479	21991.78217	-5040.15701	-0.43531	22561.95173	243.94072	1064.44116	-595.82658	1244.00618	0.05514	2.57882	-0.59102	-5e-05	-2.64568	76.67186	0.05955	
306.0	2	24.35328	34.49942	34.54711	9250.89794	2115.49204	-0.11726	9489.7007	-21.16707	92.59857	657.45275	664.27905	0.07	-0.94798	-0.21678	1e-05	0.97245	-94.34031	1.36834	
306.0	24	18.85584	39.725	26.58384	-0.0	180.89401	0.0	180.89401	-10.31568	-0.0	7.34369	12.66266	0.07	0.0	-0.00529	-0.0	0.00529	-383.16076	67.43601	
307.0	1	24.35726	26.72001	34.71084	21673.02943	-4973.02812	-0.43337	22236.25898	240.42738	1047.85787	-546.64551	1206.08157	0.05424	2.54204	-0.58329	-5e-05	-2.6081	76.88492	0.05824	
307.0	2	24.35295	34.50089	34.68183	8799.30071	2014.03899	-0.11258	9026.85139	-36.41397	159.12613	610.42996	631.87961	0.07	-0.89548	-0.20496	1e-05	0.91864	-92.32284	1.24257	
307.0	24	18.77204	39.725	26.55634	-0.0	207.23448	-0.0	207.23448	-11.87394	-0.0	8.33373	14.5066	0.07	0.0	-0.00636	0.0	0.00636	-378.7407	67.88648	
308.0	1	24.35575	26.71334	34.84381	21669.21945	-4979.49134	-0.43455	22233.99213	258.67005	1125.6986	-525.62277	1269.01018	0.05708	2.53893	-0.58344	-5e-05	-2.60511	75.47451	0.06249	
308.0	2	24.35213	34.50461	34.81471	8493.32692	1946.75456	-0.1083	8713.57881	-36.3453	158.60045	587.84735	609.95048	0.07	-0.85738	-0.19652	1e-05	0.87962	-90.52979	1.21343	
308.0	24	18.69203	39.725	26.53919	-0.0	220.24973	0.0	220.24973	-12.64577	-0.0	8.81944	15.41746	0.07	0.0	-0.00709	-0.0	0.00709	-371.06096	67.62587	
309.0	1	24.35439	26.70732	34.97402	21853.43628	-5028.51859	-0.44352	22424.51062	285.12143	1239.15464	-516.43652	1372.40852	0.0612	2.55977	-0.58901	-5e-05	-2.62666	73.49504	0.06946	
309.0	2	24.35169	34.50658	34.9443	8262.41561	1895.73972	-0.10666	8477.10686	-31.80427	138.64856	576.09515	593.39747	0.07	-0.82751	-0.18987	1e-05	0.84901	-88.30842	1.18351	
309.0	24	18.61492	39.725	26.52493	0.0	229.21831	-0.0	229.21831	-13.17491	0.0	9.15852	16.04546	0.07	-0.0	-0.00766	0.0	0.00766	-361.26865	66.86026	
310.0	1	24.35323	26.70219	35.10187	22058.9225	-5081.5432	-0.45502	22636.65486	311.74747	1353.33666	-495.61222	1474.56369	0.06514	2.58476	-0.59543	-5e-05	-2.65246	70.33232	0.07764	
310.0	2	24.35155	34.50722	35.07108	8030.83073	1843.94452	-0.10578	8239.80422	-26.57108	115.75594	564.42622	576.78628	0.07	-0.79825	-0.18329	1e-05	0.81903	-86.02593	1.23383	
310.0	24	18.53909	39.725	26.51114	-0.0	244.24506	0.0	244.24506	-14.04305	-0.0	9.75341	17.09785	0.07	0.0	-0.00842	-0.0	0.00842	-348.80228	65.68458	
311.0	1	24.35216	26.69743	35.22678	22262.97216	-5133.9291	-0.45431	22847.25711	337.22741	1462.40893	-482.85464	1576.55028	0.069	2.61078	-0.60206	-5e-05	-2.6793	70.02306	0.0901	
311.0	2	24.35166	34.50675	35.19493	7802.25685	1792.27382	-0.10053	8005.46422	-23.0444	100.34947	550.84242	560.3824	0.07	-0.76995	-0.17687	1e-05	0.79	-86.51447	1.28192	
311.0	24	18.46472	39.725	26.49936	-0.0	257.39508	0.0	257.39508	-14.80673	-0.0	10.26565	18.01729	0.07	0.0	-0.00913	-0.0	0.00913	-348.95241	66.74228	
312.0	1	24.3512	26.6932	35.34858	22476.67949	-5188.04947	-0.46466	23067.66088	348.38493	1509.38194	-455.81503	1614.73628	0.07	2.63848	-0.60901	-5e-05	-2.70785	68.29269	0.20238	
312.0	2	24.35193	34.50554	35.31637	7572.87337	1740.07613	-0.09908	7770.21725	-32.12297	139.8302	524.65168	543.91521	0.07	-0.74172	-0.17043	1e-05	0.76105	-84.0315	1.21762	
312.0	24	18.39183	39.725	26.49024	-0.0	280.58715	-0.0	280.58715	-16.16849	-0.0	11.15141	19.64113	0.07	0.0	-0.01022	0.0	0.01022	-339.36313	65.78584	
313.0	1	24.35037	26.68952	35.4682	22710.19634	-5246.2224	-0.47093	23308.27895	354.75209	1535.71229	-421.65209	1631.57953	0.07	2.6696	-0.6167	-6e-05	-2.7399	67.20845	0.36873	
313.0	2	24.35245	34.50321	35.43527	7344.12344	1687.56595	-0.09613	7535.51777	-44.99915	195.85972	487.70459	527.48623	0.07	-0.71398	-0.16406	1e-05	0.73259	-82.9506	1.22668	
313.0	24	18.32137	39.725	26.48755	-0.0	311.92946	0.0	311.92946	-18.00509	-0.0	12.35215	21.83481	0.07	0.0	-0.01169	-0.0	0.01169	-334.40411	65.77143	
314.0	1	24.34951	26.6857	35.58456	22950.45035	-5306.18896	-0.48075	23555.86578	361.7626	1564.73775	-373.67065	1648.9106	0.07	2.70229	-0.62477	-6e-05	-2.77357	64.86658	0.54632	
314.0	2	24.35317	34.49996	35.55046	7112.17047	1633.95184	-0.09425	7297.44938	-56.33035	245.2171	444.56049	510.82146	0.07	-0.68632	-0.15768	1e-05	0.7042	-80.73695	1.27558	
314.0	24	18.25358	39.725	26.49149	0.0	350.37273	-0.0	350.37273	-20.25112	0.0	13.83552	24.52609	0.07	-0.0	-0.01353	0.0	0.01353	-324.15746	64.6962	
315.0	1	24.34876	26.68239	35.69828	23188.83405	-5365.24822	-0.48872	23801.4267	368.50218	1592.71157	-321.50399	1666.09988	0.07	2.73478	-0.63275	-6e-05	-2.80703	63.63797	0.6955	
315.0	2	24.354	34.49623	35.66368	6875.56976	1579.12816	-0.0916	7054.58045	-66.98778	291.6895	392.79598	493.82063	0.07	-0.65834	-0.1512	1e-05	0.67548	-78.4585	1.28671	
315.0	24	18.18864	39.725	26.50229	-0.0	394.0315	0.0	394.0315	-22.80993	-0.0	15.50748	27.58214	0.07	0.0	-0.0157	-0.0	0.0157	-316.28248	63.82333	
316.0	1	24.348	26.67904	35.80922	23434.72035	-5426.14372	-0.49769	24054.71168	375.34114	1621.06711	-257.96	1683.82984	0.07	2.76888	-0.64112	-6e-05	-2.84214	61.7584	0.96216	
316.0	2	24.35509	34.49134	35.77391	6633.39668	1522.61655	-0.08923	6805.90278	-76.45391	333.09681	331.91998	476.41322	0.07	-0.62995	-0.1446	1e-05	0.64634	-76.67674	1.45369	
316.0	24	18.12798	39.725	26.52222	-0.0	445.78991	0.0	445.78991	-25.85068	-0.0	17.47909	31.20539	0.07	0.0	-0.01835	-0.0	0.01835	-308.10852	63.07362	
317.0	1	24.34727	26.67578	35.91746	23682.92025	-5487.57133	-0.5058	24310.37126	381.91311	1648.25373	-182.40977	1701.72598	0.07	2.80333	-0.64956	-6e-05	-2.8776	60.79392	1.26016	
317.0	2	24.3564	34.48547	35.8813	6382.50969	1463.81324	-0.08647	6548.21954	-84.68003	369.2366	258.07287	458.37537	0.07	-0.60113	-0.13787	1e-05	0.61674	-74.08825	1.61284	
317.0	24	18.07295	39.725	26.55354	0.0	507.19635	-0.0	507.19635	-29.47378	0.0	19.79428	35.50376	0.07	-0.0	-0.0216	0.0	0.0216	-300.21468	62.03358	
318.0	1	24.34665	26.67305	36.02261	23945.24009	-5551.7016	-0.51424	24580.39694	388.0945	1673.91235	-89.21975	1720.62781	0.07	2.8399	-0.65843	-6e-05	-2.91523	60.3106	1.8039	
318.0	2	24.35802	34.47818	35.98586	6126.99934	1403.60442	-0.08361	6285.71605	-90.94742	397.01264	166.46217	440.00014	0.07	-0.57189	-0.13101	1e-05	0.58671	-71.10352	2.03657	
318.0	24	18.0277	39.725	26.6042	-0.0	583.86293	-0.0	583.86293	-34.0691	-0.0	22.57618	40.87038	0.07	0.0	-0.02576	0.0	0.02576	-292.56976	61.06613	
319.0	1	24.34606	26.67043	36.12504	24309.66037	-5639.43974	-0.52513	24955.21726	394.66204	1701.24693	39.22743	1746.86521	0.07	2.88884	-0.67016	-6e-05	-2.96556	62.76903	3.39951	
319.0	2	24.35988	34.46984	36.08815	5872.53655	1343.40879	-0.08085	6024.23711	-93.60303	409.17587	40.51666	421.6966	0.07	-0.54304	-0.12423	1e-05	0.55707	-64.9308	3.46279	
319.0	24	18.00274	39.725	26.69441	0.0	694.16415	-0.0	694.16415	-41.01082	0.0	26.06235	48.59149	0.07	-0.0	-0.0318	0.0	0.0318	-284.41741	59.88805	
320.0	1	24.34597	26.67002	36.22346	24470.04187	-5677.10037	-0.53111	25119.96055	394.74631	1701.45856	202.91568	1758.39718	0.07	2.91299	-0.67582	-6e-05	-2.99036	113.22024	17.50498	
320.0	2	24.36226	34.45916	36.18656	5567.49682	1271.10824	-0.07733	5710.75625	-85.46741	374.34336	-111.19685	399.75288	0.07	-0.50951	-0.11633	1e-05	0.52262	-10.54996	18.15923	
320.0	24	18.12304	39.725	27.06882	0.0	862.9636	-0.0	862.9636	-56.69588	0.0	20.84808	60.40749	0.07	-0.0	-0.04119	0.0	0.04119	-276.00531	58.8029	
321.0	1	24.34658	26.67275	36.31656	24179.13007	-5606.04071	-0.52624	24820.51619	389.49843	1679.90606	211.8749	1737.43615	0.07	2.87824	-0.66733	-6e-05	-2.95459	117.35874	16.60423	
321.0	2	24.36436	34.44972	36.28257	5252.43205	1197.02097	-0.07361	5387.10512	-78.94946	346.41615	-126.35379	377.09739	0.07	-0.23419	-0.05337	0.0	0.2402	-2.01451	17.67177	
321.0	21	18.49891	39.725	27.99827	-0.0	971.04472	0.0	971.04472	-64.62927	-0.0	21.0578	67.97333	0.07	0.0	-0.04831	-0.0	0.04831	-266.52907	51.7879	
322.0	1	24.34663	26.67297	36.40679	23738.12165	-5503.31823	-0.51744	24367.70263	382.03817	1647.87037	219.35412	1705.73918	0.07	2.82153	-0.65413	-6e-05	-2.89636	114.626	13.99783	
322.0	2	24.3662	34.44142	36.37532	4938.42252	1123.61759	-0.06982	5064.63558	-72.49359	318.60874	-137.55277	354.52449	0.07	-0.18271	-0.04157	0.0	0.18738	-1.70253	15.39087	
322.0	16	18.80354	39.725	28.85678	-0.0	1061.9986	-0.0	1061.9986	-70.70425	-0.0	22.96368	74.3399	0.07	0.0	-0.0549	0.0	0.0549	-259.95231	45.48504	
323.0	1	24.34648	26.67232	36.49454	23839.60347	-5527.4311	-0.52251	24472.00826	383.75924	1655.11858	218.67633	1713.04057	0.07	2.82786	-0.65567	-6e-05	-2.90288	109.783	12.38335	
323.0	2	24.36848	34.43118	36.46523	4736.15628	1075.24567	-0.06796	4856.67886	-68.22977	300.52397	-143.55466	339.9675	0.07	-0.17552	-0.03985	0.0	0.17999	-1.75874	13.83214	
323.0	16	19.04992	39.725	29.64874	-0.0	1169.54132	0.0	1169.54132	-77.88745	-0.0	25.21851	81.86836	0.07	0.0	-0.0627	-0.0	0.0627	-249.51255	39.98277	
324.0	1	24.3463	26.67152	36.57922	24031.71338	-5572.7974	-0.52672	24669.40046	386.87461	1668.30812	221.61869	1726.85807	0.07	2.84748	-0.66031	-6e-05	-2.92304	106.21675	10.9458	
324.0	2	24.37139	34.41812	36.55295	4558.11083	1031.86087	-0.06569	4673.44746	-64.27828	283.93143	-149.24031	327.14129	0.07	-0.26957	-0.06102	0.0	0.27639	-3.05773	12.43345	
324.0	16	19.2506	39.725	30.38519	-1e-05	1280.56932	1e-05	1280.56932	-84.94859	-0.0	28.6187	89.63979	0.07	0.0	-0.07106	-0.0	0.07106	-244.76705	35.80135	
325.0	1	24.34616	26.67088	36.66174	24163.08603	-5603.91573	-0.53417	24804.40683	389.10321	1677.72268	220.48016	1736.30821	0.07	2.86086	-0.66349	-6e-05	-2.93679	99.44782	9.37772	
325.0	2	24.37449	34.40419	36.63692	4348.67937	981.39381	-0.06377	4458.04285	-60.16772	266.60095	-150.62174	312.0627	0.07	-0.36506	-0.08238	1e-05	0.37424	-5.54476	10.84048	
325.0	20	19.40863	39.725	31.05392	1e-05	1387.92627	3e-05	1387.92627	-91.28584	0.0	33.25793	97.15552	0.07	-0.0	-0.07962	-0.0	0.07962	-235.51566	31.65821	
326.0	1	24.34589	26.66968	36.74166	24326.83229	-5643.28446	-0.53513	24972.8138	392.34932	1691.30358	203.46025	1748.09664	0.07	2.87961	-0.668	-6e-05	-2.95607	89.27947	7.59887	
326.0	2	24.37778	34.3894	36.7193	4150.80025	933.64353	-0.06041	4254.50737	-57.11572	253.91618	-144.76971	297.81521	0.07	-0.34971	-0.07866	1e-05	0.35844	-13.19187	8.83274	
326.0	20	19.52018	39.725	31.61329	2e-05	1490.78397	4e-05	1490.78397	-95.3734	-0.0	42.35259	104.35433	0.07	-0.0	-0.08827	-0.0	0.08827	-230.1804	28.88374	
327.0	1	24.34549	26.66794	36.82009	24263.8787	-5630.76432	-0.53871	24908.65947	392.06106	1689.43766	179.58554	1743.60616	0.07	2.87093	-0.66624	-6e-05	-2.94722	65.02765	3.81093	
327.0	2	24.38026	34.37827	36.7984	4337.85109	973.28089	-0.06396	4445.69767	-62.42755	278.22745	-124.64724	311.19873	0.07	-0.36128	-0.08106	1e-05	0.37026	-33.35023	4.28988	
327.0	14	-23.36098	23.54478	36.82545	-176.36679	-71.01184	-0.0024	190.12608	0.28413	-0.70611	13.28705	13.30883	0.07	-0.00184	-0.00074	-0.0	-0.00198	68.27525	185.82914	
327.0	20	19.56704	39.725	31.94987	-0.0	1500.43171	1e-05	1500.43171	-85.72898	-0.0	60.6789	105.03041	0.07	0.0	-0.09148	-0.0	0.09148	-221.13852	26.78424	
328.0	1	24.34522	26.66674	36.89637	24212.96774	-5620.38345	-0.53553	24856.71976	391.25181	1685.52012	182.86805	1739.97034	0.07	2.86443	-0.6649	-6e-05	-2.94059	60.51405	3.03672	
328.0	2	24.38194	34.3707	36.87499	4472.11928	1001.66738	-0.0656	4582.92356	-64.58021	288.32145	-124.96295	320.80461	0.07	-0.3696	-0.08278	1e-05	0.37876	-35.70802	3.37941	
328.0	14	-23.3795	23.59096	36.90131	-345.02784	-138.00247	-0.00419	371.60313	0.41287	-1.03302	25.9885	26.0123	0.07	-0.00523	-0.00209	-0.0	-0.00563	69.34296	181.56236	
328.0	20	19.57723	39.725	32.13786	0.0	1531.84441	1e-05	1531.84441	-84.54536	-0.0	65.95466	107.22842	0.07	-0.0	-0.09593	-0.0	0.09593	-216.43252	25.65056	
329.0	1	24.34501	26.66582	36.96995	24212.44093	-5621.36562	-0.54087	24856.42869	390.67073	1682.68353	208.27523	1739.95001	0.07	2.86362	-0.66484	-6e-05	-2.93978	58.70009	2.85227	
329.0	2	24.38295	34.3662	36.94891	4533.28583	1014.32099	-0.0675	4645.377	-64.20722	286.95087	-138.83915	325.17639	0.07	-0.37285	-0.08343	1e-05	0.38207	-32.86472	3.20418	
329.0	14	-23.39169	23.62168	36.97477	-485.75673	-193.38204	-0.00507	522.83479	0.48284	-1.21381	36.57508	36.5984	0.07	-0.00879	-0.0035	-0.0	-0.00946	64.66621	172.93385	
329.0	20	19.58431	39.725	32.30957	-0.0	1587.84947	0.0	1587.84947	-87.02958	-0.0	69.13835	111.14972	0.07	0.0	-0.10196	-0.0	0.10196	-206.04275	23.75695	
330.0	1	24.34497	26.66563	37.04099	24152.73736	-5607.7033	-0.53612	24795.18216	388.96191	1675.26151	233.94991	1735.66271	0.07	2.85507	-0.66288	-6e-05	-2.93101	59.6169	2.89766	
330.0	2	24.38368	34.3629	37.02048	4563.86041	1020.3653	-0.06737	4676.53367	-63.51807	284.09189	-149.73342	327.35736	0.07	-0.37393	-0.0836	1e-05	0.38316	-31.06323	3.2928	
330.0	14	-23.39815	23.63794	37.04558	-616.24472	-244.80038	-0.00609	663.08731	0.58102	-1.46378	46.38975	46.41648	0.07	-0.01237	-0.00491	-0.0	-0.01331	62.52875	171.47468	
330.0	20	19.59267	39.725	32.48451	-0.0	1640.90684	1e-05	1640.90684	-89.87207	-0.0	71.52895	114.86243	0.07	0.0	-0.10793	-0.0	0.10793	-204.13023	22.99893	
331.0	1	24.34491	26.66538	37.10916	24049.91698	-5584.09455	-0.53996	24689.68649	386.83823	1666.03434	248.25592	1728.27812	0.07	2.8414	-0.65974	-6e-05	-2.91698	58.54122	2.95034	
331.0	2	24.38421	34.36055	37.08872	4536.37564	1013.65474	-0.06823	4648.24697	-61.61184	275.71855	-161.41156	325.37737	0.07	-0.37056	-0.0828	1e-05	0.37969	-26.68684	3.43683	
331.0	14	-23.40724	23.66085	37.11375	-722.28838	-285.81761	-0.00644	776.78324	0.65413	-1.65427	54.34567	54.37478	0.07	-0.01588	-0.00628	-0.0	-0.01708	56.16686	161.41811	
331.0	20	19.60418	39.725	32.67259	-0.0	1696.70995	-2e-05	1696.70995	-93.67691	0.0	73.01305	118.76982	0.07	0.0	-0.11422	0.0	0.11422	-191.9142	20.98144	
332.0	1	24.34483	26.66502	37.17486	24019.35222	-5577.41574	-0.54109	24658.40319	386.05637	1662.54139	257.4822	1726.0882	0.07	2.83586	-0.6585	-6e-05	-2.91131	56.9548	2.88888	
332.0	2	24.3844	34.3597	37.15542	4513.88702	1008.41851	-0.06823	4625.15772	-60.27036	269.77103	-168.55942	323.76103	0.07	-0.36782	-0.08217	1e-05	0.37688	-23.8501	3.43313	
332.0	14	-23.41475	23.67979	37.17889	-822.91523	-324.63776	-0.00689	884.63504	0.6943	-1.76128	61.89531	61.92425	0.07	-0.01939	-0.00765	-0.0	-0.02084	51.69529	153.17135	
332.0	20	19.61801	39.725	32.87207	1e-05	1753.98974	-0.0	1753.98974	-96.88243	0.0	75.42262	122.77939	0.07	-0.0	-0.1208	0.0	0.1208	-181.97213	19.33345	
333.0	1	24.34483	26.665	37.23789	23945.41787	-5560.23155	-0.53988	24582.49809	384.75214	1656.92926	260.03315	1720.77483	0.07	2.82475	-0.65592	-6e-05	-2.89991	55.4587	2.82876	
333.0	2	24.38453	34.3591	37.21887	4500.13424	1005.19645	-0.06812	4611.0333	-60.21446	269.56103	-167.01206	322.7723	0.07	-0.3657	-0.08169	1e-05	0.37471	-23.22352	3.34895	
333.0	14	-23.42029	23.69374	37.24173	-923.00259	-363.32364	-0.00742	991.93641	0.83572	-2.12452	69.398	69.43554	0.07	-0.02302	-0.00906	-0.0	-0.02474	50.21685	149.19031	
333.0	20	19.63174	39.725	33.07226	0.0	1796.48417	0.0	1796.48417	-98.40846	0.0	78.29289	125.75373	0.07	-0.0	-0.12648	-0.0	0.12648	-177.20466	18.52124	
334.0	1	24.34478	26.66479	37.29822	23882.03667	-5545.73287	-0.53943	24517.48007	383.58203	1651.82453	264.12885	1716.22362	0.07	2.81523	-0.65374	-6e-05	-2.89014	53.74284	2.72356	
334.0	2	24.38473	34.35819	37.27946	4461.70928	996.37681	-0.06782	4571.60984	-59.16393	264.92063	-169.48397	320.0127	0.07	-0.36172	-0.08078	1e-05	0.37063	-21.81855	3.25119	
334.0	14	-23.42561	23.70767	37.30218	-1010.4998	-396.88032	-0.00816	1085.64444	0.86974	-2.21601	75.958	75.99529	0.07	-0.02653	-0.01042	-0.0	-0.0285	47.6503	143.32757	
334.0	20	19.6439	39.725	33.26615	-0.0	1845.78392	-0.0	1845.78392	-100.34613	-0.0	81.39096	129.20462	0.07	0.0	-0.13272	0.0	0.13272	-170.19424	17.35929	
335.0	1	24.34464	26.66418	37.35616	23789.88884	-5525.04114	-0.53967	24423.04017	381.87686	1644.27047	270.77791	1709.61282	0.07	2.80186	-0.65071	-6e-05	-2.87643	51.87689	2.58387	
335.0	2	24.38475	34.35811	37.33847	4403.12578	983.25549	-0.06738	4511.57489	-57.86039	259.09342	-171.0523	315.81025	0.07	-0.35608	-0.07952	1e-05	0.36485	-20.39567	3.14504	
335.0	14	-23.43199	23.72388	37.36004	-1088.20169	-426.17853	-0.0096	1168.67919	0.85458	-2.18392	81.77393	81.80755	0.07	-0.02993	-0.01172	-0.0	-0.03214	44.97283	137.0849	
335.0	20	19.65463	39.725	33.45443	0.0	1893.72188	-0.0	1893.72188	-102.27679	0.0	84.33116	132.56049	0.07	-0.0	-0.13899	0.0	0.13899	-162.78174	16.22712	
336.0	1	24.34451	26.66362	37.41164	23665.49023	-5496.79955	-0.53829	24295.47763	379.92167	1635.65861	269.45229	1700.68342	0.07	2.78391	-0.64662	-6e-05	-2.85802	49.33407	2.45132	
336.0	2	24.38466	34.35852	37.39431	4365.55057	974.94813	-0.06708	4473.0924	-57.75887	258.61691	-166.80265	313.11646	0.07	-0.35197	-0.07861	1e-05	0.36064	-19.89661	2.97897	
336.0	14	-23.43755	23.73792	37.41524	-1168.84714	-456.66826	-0.01125	1254.89025	0.94275	-2.41515	87.80398	87.84225	0.07	-0.03351	-0.01309	-0.0	-0.03597	43.29541	131.32817	
336.0	20	19.66368	39.725	33.63521	0.0	1926.782	-0.0	1926.782	-102.77156	0.0	87.34529	134.87473	0.07	-0.0	-0.14424	0.0	0.14424	-155.91377	15.35662	
337.0	1	24.34432	26.66283	37.46452	23622.65859	-5487.75708	-0.53981	24251.7108	379.24888	1632.49225	270.28176	1697.61977	0.07	2.77577	-0.64484	-6e-05	-2.84969	46.89509	2.38232	
337.0	2	24.38474	34.35817	37.44733	4325.88401	965.97913	-0.06703	4432.42464	-57.34973	256.8143	-164.39201	310.26974	0.07	-0.34767	-0.07764	1e-05	0.35624	-18.5768	2.87237	
337.0	14	-23.44302	23.75173	37.46788	-1241.49183	-483.97742	-0.01293	1332.49245	1.06329	-2.73002	93.22827	93.2743	0.07	-0.037	-0.01443	-0.0	-0.03972	40.61234	124.23752	
337.0	20	19.67077	39.725	33.80657	-0.0	1968.32691	-0.0	1968.32691	-104.16545	0.0	90.18736	137.78317	0.07	0.0	-0.15019	0.0	0.15019	-147.4462	14.2732	
338.0	1	24.34422	26.66239	37.51504	23701.04548	-5506.5005	-0.54175	24332.30579	380.67392	1638.46801	267.59917	1703.2614	0.07	2.78304	-0.64659	-6e-05	-2.85717	44.61127	2.30243	
338.0	2	24.38496	34.35717	37.49872	4335.7965	967.9477	-0.06728	4442.52789	-58.07894	260.14596	-160.17984	310.97695	0.07	-0.3476	-0.0776	1e-05	0.35615	-18.38713	2.71172	
338.0	14	-23.44672	23.76106	37.51857	-1326.84957	-516.5451	-0.01452	1423.84993	1.22159	-3.1407	99.61245	99.66944	0.07	-0.04086	-0.01591	-0.0	-0.04384	39.51213	119.53757	
338.0	20	19.67613	39.725	33.96853	0.0	2011.64808	-0.0	2011.64808	-104.59338	0.0	94.28252	140.81537	0.07	-0.0	-0.15634	0.0	0.15634	-141.88409	13.58315	
339.0	1	24.34423	26.66243	37.56347	23775.56863	-5523.762	-0.54478	24408.8019	381.99264	1644.15989	264.93194	1708.61612	0.07	2.79056	-0.64833	-6e-05	-2.86488	42.02912	2.2328	
339.0	2	24.38517	34.35622	37.54775	4350.88287	971.10707	-0.06769	4457.94018	-59.08329	264.70203	-154.33998	312.05581	0.07	-0.34815	-0.07771	1e-05	0.35671	-17.87792	2.57096	
339.0	14	-23.4496	23.76835	37.5664	-1410.77428	-548.69406	-0.01559	1513.72033	1.42649	-3.67072	105.88714	105.96035	0.07	-0.04472	-0.01739	-0.0	-0.04798	37.91451	113.68381	
339.0	20	19.6794	39.725	34.11878	0.0	2050.60156	-0.0	2050.60156	-105.08425	0.0	97.78365	143.54212	0.07	-0.0	-0.16222	0.0	0.16222	-134.93444	12.82498	
340.0	1	24.34437	26.66303	37.60936	23837.96224	-5537.51436	-0.54726	24472.68905	383.09338	1649.11944	261.37283	1713.08822	0.07	2.79755	-0.64987	-6e-05	-2.87204	39.45686	2.17065	
340.0	2	24.38557	34.35444	37.59359	4382.03749	977.66507	-0.06836	4489.77522	-60.44885	270.93028	-147.36797	314.28426	0.07	-0.35012	-0.07811	1e-05	0.35873	-17.47536	2.42932	
340.0	14	-23.45195	23.77427	37.61232	-1497.81791	-582.16433	-0.01645	1606.97661	1.70561	-4.39145	112.38957	112.48827	0.07	-0.04879	-0.01896	-0.0	-0.05235	36.48287	108.06582	
340.0	20	19.68072	39.725	34.25583	0.0	2083.15605	-0.0	2083.15605	-105.14069	0.0	101.04048	145.82093	0.07	-0.0	-0.16758	0.0	0.16758	-128.26462	12.15042	
341.0	1	24.34457	26.66387	37.65285	23922.24127	-5556.04641	-0.55029	24558.97554	384.39728	1655.04384	261.66902	1719.12829	0.07	2.8082	-0.65222	-6e-05	-2.88295	37.64175	2.15431	
341.0	2	24.38615	34.35182	37.63729	4371.06011	974.62187	-0.06843	4478.39863	-60.48041	271.23707	-145.07666	313.4879	0.07	-0.34889	-0.07779	1e-05	0.35746	-16.28149	2.37914	
341.0	14	-23.45446	23.78061	37.65565	-1564.048	-607.44047	-0.01712	1677.86474	1.94148	-5.00226	117.3279	117.45054	0.07	-0.05235	-0.02033	-0.0	-0.05616	34.28854	102.44415	
341.0	20	19.68125	39.725	34.38631	-0.0	2127.00466	0.0	2127.00466	-106.76717	-0.0	103.77428	148.89033	0.07	0.0	-0.17388	-0.0	0.17388	-121.53285	11.37754	
342.0	1	24.34477	26.66474	37.69409	24001.61033	-5573.42559	-0.55325	24640.21858	385.65127	1660.75729	261.04791	1724.81526	0.07	2.81855	-0.6545	-6e-05	-2.89354	35.64684	2.08607	
342.0	2	24.38675	34.34915	37.67921	4356.20232	970.709	-0.06843	4463.04544	-60.49035	271.44947	-142.33092	312.41316	0.07	-0.3474	-0.07741	1e-05	0.35592	-15.31366	2.29165	
342.0	14	-23.45688	23.78671	37.69693	-1626.47174	-631.22952	-0.01771	1744.66645	2.09597	-5.40405	121.98878	122.12641	0.07	-0.05585	-0.02167	-0.0	-0.0599	32.3289	96.87507	
342.0	20	19.68116	39.725	34.51157	1e-05	2169.12325	-0.0	2169.12325	-108.01762	0.0	106.71065	151.83863	0.07	-0.0	-0.18009	0.0	0.18009	-114.89979	10.65565	
343.0	1	24.34495	26.66554	37.73316	24081.48935	-5591.00659	-0.5562	24722.00405	386.92971	1666.55126	260.11909	1730.54028	0.07	2.82895	-0.6568	-7e-05	-2.90419	33.64947	2.00687	
343.0	2	24.38719	34.34718	37.71881	4338.31978	966.3081	-0.06825	4444.63383	-60.46658	271.45985	-139.4694	311.12437	0.07	-0.34572	-0.077	1e-05	0.35419	-14.37111	2.20216	
343.0	14	-23.45918	23.79267	37.73596	-1683.87763	-652.99916	-0.01828	1806.05974	2.22719	-5.74676	126.27383	126.42415	0.07	-0.05922	-0.02296	-0.0	-0.06351	30.39417	91.32967	
343.0	20	19.68023	39.725	34.63003	0.0	2210.02959	-0.0	2210.02959	-109.28269	0.0	109.49897	154.70207	0.07	-0.0	-0.18625	0.0	0.18625	-108.30251	9.96418	
344.0	1	24.34518	26.66658	37.76991	24136.72097	-5602.55288	-0.55841	24778.41598	387.87593	1671.00788	256.39312	1734.48913	0.07	2.83623	-0.65834	-7e-05	-2.91164	31.37003	1.93278	
344.0	2	24.38766	34.34505	37.75563	4350.56217	968.57784	-0.06855	4457.07687	-61.329	275.46214	-133.04316	311.99538	0.07	-0.3464	-0.07712	1e-05	0.35488	-13.78068	2.08431	
344.0	14	-23.46187	23.79972	37.77268	-1749.9308	-677.91005	-0.019	1876.65123	2.4969	-6.44909	131.18346	131.36561	0.07	-0.06302	-0.02441	-0.0	-0.06758	28.81454	85.909	
344.0	20	19.67848	39.725	34.74072	-0.0	2239.08781	-0.0	2239.08781	-109.39467	-0.0	112.24538	156.73615	0.07	0.0	-0.19139	0.0	0.19139	-101.86261	9.35983	
345.0	1	24.34543	26.6677	37.80435	24197.97957	-5615.38743	-0.56066	24840.99015	388.87061	1675.70642	253.87818	1738.86931	0.07	2.84496	-0.6602	-7e-05	-2.92056	29.41962	1.88294	
345.0	2	24.38827	34.34234	37.79001	4345.65714	966.88972	-0.06861	4451.92225	-61.65598	277.10187	-128.56591	311.63456	0.07	-0.34578	-0.07693	1e-05	0.35423	-12.89265	2.00703	
345.0	14	-23.46466	23.80703	37.80726	-1805.36274	-698.62391	-0.01954	1935.82282	2.7289	-7.05572	135.29627	135.5076	0.07	-0.06653	-0.02574	-0.0	-0.07133	26.96659	80.56743	
345.0	20	19.67588	39.725	34.84296	-0.0	2271.20302	-0.0	2271.20302	-110.17954	-0.0	114.61434	158.98421	0.07	0.0	-0.19681	0.0	0.19681	-95.49817	8.7291	
346.0	1	24.34569	26.66882	37.83651	24264.05609	-5629.33952	-0.56307	24908.51023	389.91949	1680.63882	252.0753	1743.59571	0.07	2.85427	-0.6622	-7e-05	-2.93008	27.45124	1.80554	
346.0	2	24.38889	34.33954	37.82243	4329.8642	962.7618	-0.06852	4435.6098	-61.66109	277.3018	-125.32888	310.49268	0.07	-0.34432	-0.07656	1e-05	0.35273	-11.96348	1.91277	
346.0	14	-23.46736	23.81408	37.83937	-1853.53413	-716.51104	-0.02001	1987.20327	2.89221	-7.4857	138.87251	139.10418	0.07	-0.06977	-0.02697	-0.0	-0.0748	25.06256	75.10095	
346.0	20	19.6728	39.725	34.9394	0.0	2304.88695	-0.0	2304.88695	-111.03044	0.0	117.06198	161.34208	0.07	-0.0	-0.20237	0.0	0.20237	-88.99598	8.08424	
347.0	1	24.34591	26.6698	37.86651	24322.76917	-5641.74989	-0.56532	24968.50901	390.87365	1685.11339	249.80027	1747.79562	0.07	2.86267	-0.66401	-7e-05	-2.93867	25.41487	1.70606	
347.0	2	24.3895	34.33678	37.8529	4317.25615	959.34808	-0.0685	4422.56141	-61.73462	277.80931	-121.86124	309.57929	0.07	-0.34312	-0.07625	1e-05	0.35149	-11.11402	1.80225	
347.0	14	-23.46955	23.81984	37.86918	-1899.15461	-733.52592	-0.0205	2035.8901	2.98882	-7.74225	142.27038	142.51223	0.07	-0.07286	-0.02814	-0.0	-0.07811	23.24591	69.63606	
347.0	20	19.66919	39.725	35.02885	0.0	2335.55369	-0.0	2335.55369	-111.5645	0.0	119.50707	163.48876	0.07	-0.0	-0.20765	0.0	0.20765	-82.51318	7.46061	
348.0	1	24.34609	26.6706	37.89437	24376.86815	-5653.31668	-0.56731	25023.82246	391.74577	1689.16669	248.17415	1751.66756	0.07	2.87033	-0.66567	-7e-05	-2.94651	23.53288	1.60476	
348.0	2	24.38998	34.33466	37.88109	4307.64491	956.75681	-0.06842	4412.61694	-61.84322	278.43077	-118.57716	308.88318	0.07	-0.34218	-0.076	1e-05	0.35052	-10.35416	1.69452	
348.0	14	-23.47143	23.82476	37.89683	-1942.59529	-749.76696	-0.02094	2082.26487	3.04984	-7.90599	145.51196	145.75849	0.07	-0.07581	-0.02926	-0.0	-0.08126	21.59985	64.62054	
348.0	20	19.66504	39.725	35.11082	0.0	2363.721	-0.0	2363.721	-111.97704	0.0	121.81259	165.46046	0.07	-0.0	-0.21268	0.0	0.21268	-76.56903	6.89902	
349.0	1	24.34624	26.6713	37.92002	24427.93696	-5664.30504	-0.56925	25076.05344	392.60329	1693.12006	245.70036	1755.32377	0.07	2.87713	-0.66714	-7e-05	-2.95347	21.61093	1.50989	
349.0	2	24.39037	34.33289	37.90709	4294.40227	953.44478	-0.06826	4398.97122	-61.93258	278.94176	-114.7846	307.928	0.07	-0.34091	-0.07569	1e-05	0.34921	-9.49757	1.59698	
349.0	14	-23.47322	23.82943	37.92252	-1979.331	-763.43516	-0.02127	2121.4581	3.152	-8.17622	148.24348	148.50224	0.07	-0.07845	-0.03026	-0.0	-0.08409	19.81458	59.34587	
349.0	20	19.66051	39.725	35.18617	-1e-05	2389.77282	0.0	2389.77282	-112.79551	-0.0	123.536	167.2841	0.07	0.0	-0.21748	-0.0	0.21748	-70.30888	6.32557	
350.0	1	24.34642	26.67205	37.94354	24455.2294	-5669.69394	-0.5705	25103.85777	393.13461	1695.69288	240.9745	1757.27001	0.07	2.88115	-0.66796	-7e-05	-2.95756	19.61187	1.43811	
350.0	2	24.39078	34.33104	37.93074	4309.08902	956.30748	-0.06856	4413.92934	-62.70687	282.54725	-108.16874	308.97504	0.07	-0.34185	-0.07587	1e-05	0.35017	-8.75297	1.50045	
350.0	14	-23.47489	23.83381	37.94607	-2022.32023	-779.53199	-0.0217	2167.35997	3.45316	-8.96267	151.41065	151.71499	0.07	-0.08134	-0.03135	-0.0	-0.08717	18.15107	54.14216	
350.0	20	19.65569	39.725	35.25472	1e-05	2405.0871	-0.0	2405.0871	-112.85699	0.0	124.92828	168.3561	0.07	-0.0	-0.22124	0.0	0.22124	-64.12515	5.78549	
351.0	1	24.3466	26.67287	37.96491	24480.90364	-5674.63105	-0.57168	25129.9837	393.62403	1698.10806	236.46992	1759.09889	0.07	2.88522	-0.66879	-7e-05	-2.96172	17.62235	1.3535	
351.0	2	24.39124	34.329	37.95202	4325.76807	959.56454	-0.06892	4430.91791	-63.44001	285.9836	-101.93437	310.16426	0.07	-0.343	-0.07609	1e-05	0.35133	-7.97996	1.39682	
351.0	14	-23.47647	23.83794	37.96736	-2061.58536	-794.20437	-0.0221	2209.27472	3.73592	-9.70193	154.29953	154.64937	0.07	-0.08407	-0.03239	-0.0	-0.09009	16.45639	48.89716	
351.0	20	19.65059	39.725	35.31638	-1e-05	2418.49675	-0.0	2418.49675	-112.92511	-0.0	126.12945	169.29477	0.07	0.0	-0.22476	0.0	0.22476	-57.89709	5.24109	
352.0	1	24.34679	26.67371	37.98405	24521.92849	-5683.09472	-0.57314	25171.86014	394.29567	1701.31882	234.08453	1762.03018	0.07	2.89106	-0.67002	-7e-05	-2.96769	15.81789	1.28451	
352.0	2	24.39168	34.327	37.97114	4317.84004	957.37123	-0.06886	4422.70306	-63.56758	286.6891	-98.05098	309.5892	0.07	-0.34223	-0.07588	1e-05	0.35054	-6.99888	1.31297	
352.0	14	-23.47782	23.84148	37.98647	-2089.07873	-804.3915	-0.0224	2238.59233	4.03589	-10.48592	156.29795	156.70128	0.07	-0.08626	-0.03321	-0.0	-0.09243	14.55686	43.62098	
352.0	20	19.64544	39.725	35.37211	0.0	2436.76811	-0.0	2436.76811	-113.98023	0.0	126.90122	170.57377	0.07	-0.0	-0.22863	0.0	0.22863	-51.61406	4.66249	
353.0	1	24.34698	26.67454	38.0012	24553.74058	-5689.42877	-0.57346	25204.28092	394.7809	1703.72364	232.86716	1764.29967	0.07	2.89609	-0.67106	-7e-05	-2.97282	14.62382	1.20914	
353.0	2	24.39209	34.32515	37.98832	4310.92763	955.43498	-0.06866	4415.53542	-63.6334	287.10741	-95.15876	309.08747	0.07	-0.34108	-0.07559	1e-05	0.34936	-6.52699	1.22933	
353.0	14	-23.47901	23.84461	38.00357	-2110.81371	-812.39356	-0.02272	2261.75105	4.08845	-10.6273	157.91273	158.32273	0.07	-0.08813	-0.03392	-0.0	-0.09444	13.53055	40.44768	
353.0	20	19.64024	39.725	35.42246	-0.0	2453.41937	1e-05	2453.41937	-113.76667	-0.0	128.65264	171.73921	0.07	0.0	-0.23229	-0.0	0.23229	-47.85901	4.31433	
354.0	1	24.34716	26.67534	38.01619	24583.78262	-5695.3974	-0.5752	25234.89489	395.48527	1707.06181	223.2741	1766.44273	0.07	2.90073	-0.67202	-7e-05	-2.97756	12.14537	1.10558	
354.0	2	24.39248	34.3234	38.00346	4305.92228	953.94158	-0.06879	4410.32552	-64.13706	289.49704	-85.95178	308.72287	0.07	-0.32147	-0.07122	1e-05	0.32927	-5.37543	1.11299	
354.0	14	-23.48021	23.84773	38.01858	-2126.42358	-818.00567	-0.02293	2278.33503	4.50102	-11.70496	158.9899	159.48371	0.07	-0.08787	-0.0338	-0.0	-0.09415	11.17708	33.54121	
354.0	20	19.63498	39.725	35.46686	-1e-05	2463.06986	-3e-05	2463.06986	-114.98464	0.0	128.47346	172.4149	0.07	0.0	-0.23519	0.0	0.23519	-39.65622	3.60032	
355.0	1	24.34732	26.67605	38.02906	24601.87157	-5698.70643	-0.57399	25253.26395	395.91618	1709.187	216.31896	1767.72841	0.07	2.9038	-0.67263	-7e-05	-2.98069	10.63718	1.01104	
355.0	2	24.39282	34.3219	38.01652	4298.59224	951.99134	-0.06835	4402.74718	-64.37684	290.67946	-79.64628	308.19224	0.07	-0.30281	-0.06706	0.0	0.31015	-4.82009	1.01512	
355.0	14	-23.48133	23.85068	38.03151	-2141.04613	-823.24813	-0.02343	2293.86487	4.58389	-11.92603	160.06134	160.57046	0.07	-0.08553	-0.03289	-0.0	-0.09164	9.93339	29.59774	
355.0	20	19.62962	39.725	35.50483	1e-05	2472.45986	2e-05	2472.45986	-114.84884	-0.0	129.4743	173.07181	0.07	-0.0	-0.23797	-0.0	0.23797	-34.99355	3.19396	
356.0	1	24.34746	26.67667	38.03982	24619.26983	-5701.97011	-0.57698	25270.94993	396.4898	1711.89459	203.60562	1768.96651	0.07	2.9066	-0.67319	-7e-05	-2.98354	8.34764	0.9037	
356.0	2	24.39309	34.32065	38.02741	4293.52438	950.59637	-0.06873	4397.49759	-64.99688	293.56428	-65.96628	307.82484	0.07	-0.26039	-0.05765	0.0	0.2667	-3.86829	0.9002	
356.0	14	-23.4824	23.85347	38.04228	-2146.20445	-824.86165	-0.02345	2299.25864	5.1098	-13.29972	160.31631	160.94817	0.07	-0.07583	-0.02914	-0.0	-0.08123	7.90516	23.41728	
356.0	20	19.62418	39.725	35.53622	-0.0	2475.82723	-0.0	2475.82723	-116.07675	-0.0	128.69273	173.30791	0.07	0.0	-0.24006	0.0	0.24006	-27.66074	2.57441	
357.0	1	24.34757	26.67717	38.0485	24627.57733	-5703.2623	-0.57739	25279.33477	396.90642	1713.88458	190.74671	1769.55344	0.07	2.90819	-0.67348	-7e-05	-2.98516	6.47466	0.80214	
357.0	2	24.39332	34.31965	38.03617	4288.2469	949.21108	-0.06868	4392.04544	-65.458	295.7155	-52.8101	307.44318	0.07	-0.21763	-0.04817	0.0	0.2229	-3.10133	0.79631	
357.0	14	-23.48336	23.856	38.05094	-2147.50479	-825.02631	-0.02363	2300.53151	5.6188	-14.63006	160.27282	161.03722	0.07	-0.06437	-0.02473	-0.0	-0.06896	6.26141	18.37594	
357.0	20	19.61871	39.725	35.56123	-0.0	2477.17561	-0.0	2477.17561	-117.28907	-0.0	127.71698	173.40229	0.07	0.0	-0.24185	0.0	0.24185	-21.68621	2.06649	
358.0	1	24.34768	26.67766	38.05503	24626.82528	-5702.48372	-0.57737	25278.42646	392.87615	1696.64869	313.25042	1769.48984	0.07	2.90851	-0.67348	-7e-05	-2.98547	7.99907	0.9248	
358.0	2	24.39345	34.31906	38.0428	4318.29216	955.73397	-0.06915	4422.79036	-60.49271	273.31462	-132.24603	309.59532	0.07	0.04931	0.01091	-0.0	-0.05051	0.65063	0.98948	
358.0	14	-23.48418	23.85813	38.05742	-2134.77517	-819.85465	-0.02366	2286.79398	6.64318	-17.3024	158.99898	160.07555	0.07	-0.0214	-0.00822	-0.0	-0.02293	1.90857	14.39549	
358.0	20	19.61439	39.725	35.59038	0.0	2508.17233	0.0	2508.17233	-158.27467	0.0	75.99124	175.57203	0.07	-0.0	-0.24646	-0.0	0.24646	-16.65861	1.29274	
359.0	1	24.34784	26.67834	38.05924	24599.14239	-5695.22458	-0.57706	25249.8196	381.16187	1646.28384	518.14741	1767.48736	0.07	2.90529	-0.67264	-7e-05	-2.98213	10.76188	1.23159	
359.0	2	24.39341	34.31923	38.04731	4348.73502	962.51267	-0.06968	4453.97877	-55.04267	248.67565	-179.82371	311.77851	0.07	0.34438	0.07622	-1e-05	-0.35272	6.57094	1.42598	
359.0	14	-23.48478	23.8597	38.06153	-2156.73871	-828.07838	-0.02401	2310.24581	11.47812	-29.89947	158.51409	161.71716	0.07	0.05288	0.0203	0.0	0.05664	-4.83564	8.93629	
359.0	20	19.61474	39.725	35.65865	0.0	2591.33099	0.0	2591.33099	-132.95216	0.0	-123.39856	181.39317	0.07	-0.0	-0.25638	-0.0	0.25638	-9.53191	1.2645	
360.0	1	24.34799	26.67903	38.06086	24503.61943	-5672.2721	-0.57509	25151.58118	374.25898	1616.69982	588.18523	1760.61068	0.07	2.89354	-0.66982	-7e-05	-2.97006	15.10756	1.51675	
360.0	2	24.3932	34.32017	38.04951	4365.1359	966.35079	-0.06997	4470.82155	-47.35114	213.87528	-223.51205	312.95751	0.07	0.3463	0.07666	-1e-05	-0.35468	13.67489	2.04874	
360.0	14	-23.48541	23.86134	38.06303	-2164.73075	-830.92689	-0.0242	2318.72782	22.33991	-58.20431	149.86003	162.31094	0.07	0.095	0.03647	0.0	0.10176	-12.57294	4.33121	
360.0	20	19.62022	39.725	35.77735	-0.0	2661.49866	0.0	2661.49866	-50.79513	0.0	-179.24671	186.30494	0.07	0.0	-0.2146	-0.0	0.2146	-3.31454	2.67973	
