Version 	KoJaC2_v7r2	 ILP	 INTERNAL 
Modfile 	016cccc.mod
comment 	VShape GPPC ZUM
Analysis name 	.a016cccc_t2600a160d
Applied torque 	2600.0
Rpm 	200.0
Articulation angle 	16.0
Powerflow 	Drive






Angle_Rot_Spider.LastRot	Angle_Rot_Tulip.LastRot	Torque_1.Tulip	Torque_1.Spider	Disp_Spider_Tulip.x	Disp_Spider_Tulip.Y	Disp_Spider_Tulip.Z	Force_Roller_Tulip_Total_JointRef.x	Force_Roller_Tulip_Total_JointRef.y	Force_Roller_Tulip_Total_JointRef.z	Force_Roller_Tulip_Total_JointRef.mag	Force_Roller_Tulip_Total_TulipRef.x	Force_Roller_Tulip_Total_TulipRef.y	Force_Roller_Tulip_Total_TulipRef.z	Force_Roller_Tulip_Total_TulipRef.mag	Force_IRoller1_Circlip.y_top	Force_IRoller1_Circlip.y_bot	Force_IRoller1_Circlip.y_total	Angle_Rot_ORoller1.y_Trunnion	Angle_Rot_ORoller1.y_IRoller	Angle_Rot_IRoller1.y_Trunnion	Angle_Tilt_ORoller1.x_Trunnion	Angle_Tilt_ORoller1.z_Trunnion	Angle_Tilt_ORoller1.x_Track	Angle_Tilt_ORoller1.z_Track	Angle_Pressure_TulipTrack1.postop	Angle_Pressure_TulipTrack1.posbot	Angle_Pressure_TulipTrack1.negtop	Angle_Pressure_TulipTrack1.negbot	Force_Roller1_TulipTrack_postop.x	Force_Roller1_TulipTrack_postop.y	Force_Roller1_TulipTrack_postop.z	Force_Roller1_TulipTrack_postop.mag	Force_Roller1_TulipTrack_posbot.x	Force_Roller1_TulipTrack_posbot.y	Force_Roller1_TulipTrack_posbot.z	Force_Roller1_TulipTrack_posbot.mag	Force_Roller1_TulipTrack_possho.x	Force_Roller1_TulipTrack_possho.y	Force_Roller1_TulipTrack_possho.z	Force_Roller1_TulipTrack_possho.mag	Force_Roller1_TulipTrack_negtop.x	Force_Roller1_TulipTrack_negtop.y	Force_Roller1_TulipTrack_negtop.z	Force_Roller1_TulipTrack_negtop.mag	Force_Roller1_TulipTrack_negbot.x	Force_Roller1_TulipTrack_negbot.y	Force_Roller1_TulipTrack_negbot.z	Force_Roller1_TulipTrack_negbot.mag	Force_Roller1_TulipTrack_negsho.x	Force_Roller1_TulipTrack_negsho.y	Force_Roller1_TulipTrack_negsho.z	Force_Roller1_TulipTrack_negsho.mag	Force_Roller1_TulipTrack_midsho.x_front	Force_Roller1_TulipTrack_midsho.y_front	Force_Roller1_TulipTrack_midsho.z_front	Force_Roller1_TulipTrack_midsho.mag_front	Force_Roller1_TulipTrack_midsho.x_back	Force_Roller1_TulipTrack_midsho.y_back	Force_Roller1_TulipTrack_midsho.z_back	Force_Roller1_TulipTrack_midsho.mag_back	Force_Roller1_TulipTrack_pos.x	Force_Roller1_TulipTrack_pos.y	Force_Roller1_TulipTrack_pos.z	Force_Roller1_TulipTrack_pos.mag	Force_Roller1_TulipTrack_neg.x	Force_Roller1_TulipTrack_neg.y	Force_Roller1_TulipTrack_neg.z	Force_Roller1_TulipTrack_neg.mag	Force_Roller1_TulipTrack_sho.x	Force_Roller1_TulipTrack_sho.y	Force_Roller1_TulipTrack_sho.z	Force_Roller1_TulipTrack_sho.mag	Force_Roller1_TulipTrack_tot.x	Force_Roller1_TulipTrack_tot.y	Force_Roller1_TulipTrack_tot.z	Force_Roller1_TulipTrack_tot.mag	Force_Roller1_Trunnion.x	Force_Roller1_Trunnion.y	Force_Roller1_Trunnion.z	Force_Roller1_Trunnion.mag	Force_Tulip_Roller1_postop.x	Force_Tulip_Roller1_postop.y	Force_Tulip_Roller1_postop.z	Force_Tulip_Roller1_postop.mag	Force_Tulip_Roller1_posbot.x	Force_Tulip_Roller1_posbot.y	Force_Tulip_Roller1_posbot.z	Force_Tulip_Roller1_posbot.mag	Force_Tulip_Roller1_possho.x	Force_Tulip_Roller1_possho.y	Force_Tulip_Roller1_possho.z	Force_Tulip_Roller1_possho.mag	Force_Tulip_Roller1_negtop.x	Force_Tulip_Roller1_negtop.y	Force_Tulip_Roller1_negtop.z	Force_Tulip_Roller1_negtop.mag	Force_Tulip_Roller1_negbot.x	Force_Tulip_Roller1_negbot.y	Force_Tulip_Roller1_negbot.z	Force_Tulip_Roller1_negbot.mag	Force_Tulip_Roller1_negsho.x	Force_Tulip_Roller1_negsho.y	Force_Tulip_Roller1_negsho.z	Force_Tulip_Roller1_negsho.mag	Force_Tulip_Roller1_midsho.x	Force_Tulip_Roller1_midsho.y	Force_Tulip_Roller1_midsho.z	Force_Tulip_Roller1_midsho.mag	Force_Trunnion1_Roller.x	Force_Trunnion1_Roller.y	Force_Trunnion1_Roller.z	Force_Trunnion1_Roller.mag	Force_Trunnion1_Roller_pos.x	Force_Trunnion1_Roller_pos.y	Force_Trunnion1_Roller_pos.z	Force_Trunnion1_Roller_pos.mag	Force_Trunnion1_Roller_neg.x	Force_Trunnion1_Roller_neg.y	Force_Trunnion1_Roller_neg.z	Force_Trunnion1_Roller_neg.mag	Force_Trunnion1_Roller_fro.x	Force_Trunnion1_Roller_fro.y	Force_Trunnion1_Roller_fro.z	Force_Trunnion1_Roller_fro.mag	Force_Trunnion1_Roller_bck.x	Force_Trunnion1_Roller_bck.y	Force_Trunnion1_Roller_bck.z	Force_Trunnion1_Roller_bck.mag	Stress_Roller1_Tulip_postop.Contact_Stress	Stress_Roller1_Tulip_postop.Longer_Semi_Axis	Stress_Roller1_Tulip_postop.Shorter_Semi_Axis	Stress_Roller1_Tulip_posbot.Contact_Stress	Stress_Roller1_Tulip_posbot.Longer_Semi_Axis	Stress_Roller1_Tulip_posbot.Shorter_Semi_Axis	Stress_Roller1_Tulip_negtop.Contact_Stress	Stress_Roller1_Tulip_negtop.Longer_Semi_Axis	Stress_Roller1_Tulip_negtop.Shorter_Semi_Axis	Stress_Roller1_Tulip_negbot.Contact_Stress	Stress_Roller1_Tulip_negbot.Longer_Semi_Axis	Stress_Roller1_Tulip_negbot.Shorter_Semi_Axis	Stress_Trunnion1_Roller.Contact_Stress	Stress_Trunnion1_Roller.Longer_Semi_Axis	Stress_Trunnion1_Roller.Shorter_Semi_Axis	Stress_Trunnion1_Roller_pos.Contact_Stress	Stress_Trunnion1_Roller_pos.Longer_Semi_Axis	Stress_Trunnion1_Roller_pos.Shorter_Semi_Axis	Stress_Trunnion1_Roller_neg.Contact_Stress	Stress_Trunnion1_Roller_neg.Longer_Semi_Axis	Stress_Trunnion1_Roller_neg.Shorter_Semi_Axis	Stress_Trunnion1_Roller_fro.Contact_Stress	Stress_Trunnion1_Roller_fro.Longer_Semi_Axis	Stress_Trunnion1_Roller_fro.Shorter_Semi_Axis	Stress_Trunnion1_Roller_bck.Contact_Stress	Stress_Trunnion1_Roller_bck.Longer_Semi_Axis	Stress_Trunnion1_Roller_bck.Shorter_Semi_Axis	ConPos_Roller1_TulipTrack_postop.x	ConPos_Roller1_TulipTrack_postop.y	ConPos_Roller1_TulipTrack_postop.z	ConPos_Roller1_TulipTrack_posbot.x	ConPos_Roller1_TulipTrack_posbot.y	ConPos_Roller1_TulipTrack_posbot.z	ConPos_Roller1_TulipTrack_possho.x	ConPos_Roller1_TulipTrack_possho.y	ConPos_Roller1_TulipTrack_possho.z	ConPos_Roller1_TulipTrack_negtop.x	ConPos_Roller1_TulipTrack_negtop.y	ConPos_Roller1_TulipTrack_negtop.z	ConPos_Roller1_TulipTrack_negbot.x	ConPos_Roller1_TulipTrack_negbot.y	ConPos_Roller1_TulipTrack_negbot.z	ConPos_Roller1_TulipTrack_negsho.x	ConPos_Roller1_TulipTrack_negsho.y	ConPos_Roller1_TulipTrack_negsho.z	ConPos_Roller1_TulipTrack_midsho.x_front	ConPos_Roller1_TulipTrack_midsho.y_front	ConPos_Roller1_TulipTrack_midsho.z_front	ConPos_Roller1_TulipTrack_midsho.x_back	ConPos_Roller1_TulipTrack_midsho.y_back	ConPos_Roller1_TulipTrack_midsho.z_back	ConPos_Roller1_Shoulder_pos.x	ConPos_Roller1_Shoulder_pos.y	ConPos_Roller1_Shoulder_pos.z	ConPos_Roller1_Shoulder_neg.x	ConPos_Roller1_Shoulder_neg.y	ConPos_Roller1_Shoulder_neg.z	ConPos_Roller1_Shoulder_mid.x_front	ConPos_Roller1_Shoulder_mid.y_front	ConPos_Roller1_Shoulder_mid.z_front	ConPos_Roller1_Shoulder_mid.x_back	ConPos_Roller1_Shoulder_mid.y_back	ConPos_Roller1_Shoulder_mid.z_back	ConPos_Trunnion1_Roller.x	ConPos_Trunnion1_Roller.y	ConPos_Trunnion1_Roller.z	ConPos_Trunnion1_Roller.x_Tulip	ConPos_Trunnion1_Roller.y_Tulip	ConPos_Trunnion1_Roller.z_Tulip	ConPos_Roller1_Spider.x	ConPos_Roller1_Spider.y	ConPos_Roller1_Spider.z	ConPos_Trunnion1_Roller_pos.x	ConPos_Trunnion1_Roller_pos.y	ConPos_Trunnion1_Roller_pos.z	ConPos_Trunnion1_Roller_neg.x	ConPos_Trunnion1_Roller_neg.y	ConPos_Trunnion1_Roller_neg.z	ConPos_Trunnion1_Roller_fro.x	ConPos_Trunnion1_Roller_fro.y	ConPos_Trunnion1_Roller_fro.z	ConPos_Trunnion1_Roller_bck.x	ConPos_Trunnion1_Roller_bck.y	ConPos_Trunnion1_Roller_bck.z	Disp_Trunnion1.PCR	Disp_Trunnion1.PCR_Offset	Disp_Roller1_TulipTrack.x	Disp_Roller1_TulipTrack.y	Disp_Roller1_TulipTrack.z	Disp_IRoller1_ORoller.y	Disp_Trunnion1_Roller.x	Disp_Trunnion1_Roller.y	Disp_Trunnion1_Roller.z	
0.0	0.4602	2600.0	2586.5632217293246	0.026817940119910733	-0.5690057707765752	28.08727235170153	-96.98230396835424	-88.82755180233652	183.59512410588178	225.83859465924147	-97.6925565100373	-88.0458156003988	183.59512410588187	225.83859465923985	0.0	0.0	0.0	19.687545411110282	19.451503387479516	-0.5007017287394044	-15.5745761611317	1.9696340111892245	0.34786190065499034	1.5090097616056326	-0.0	-0.0	-0.0	-0.0	-0.0	-0.0	-0.0	-0.0	-0.0	-0.0	-0.0	-0.0	-0.0	-0.0	-0.0	-0.0	-0.0	-0.0	-0.0	-0.0	-0.0	-0.0	-0.0	-0.0	-0.0	-0.0	-0.0	-0.0	-0.0	-0.0	-0.0	-0.0	-0.0	-0.0	-0.0	-0.0	-0.0	-0.0	-0.0	-0.0	-0.0	-0.0	-0.0	-0.0	-0.0	-0.0	-0.0	-0.0	26817.0545064314	-1168.6910419089843	90.25430829601171	26842.660020804888	-26825.560153113303	892.6256949520134	-346.3933926209997	26842.642316695277	-0.0	-0.0	-0.0	-0.0	-0.0	-0.0	-0.0	-0.0	-0.0	-0.0	-0.0	-0.0	-0.0	-0.0	-0.0	-0.0	-0.0	-0.0	-0.0	-0.0	-0.0	-0.0	-0.0	-0.0	-0.0	-0.0	-0.0	-0.0	26776.8018099325	-1874.2964828555357	-131.69687919930954	26842.642316695277	-0.0	-0.0	-0.0	-0.0	-0.0	-0.0	-0.0	-0.0	-0.0	-0.0	-0.0	-0.0	-0.0	-0.0	-0.0	-0.0	-0.0	-0.0	-0.0	-0.0	-0.0	-0.0	-0.0	-0.0	-0.0	-0.0	-0.0	-0.0	-0.0	-0.0	-0.0	-0.0	-0.0	-0.0	-0.0	-0.0	-0.0	-0.0	-0.0	-0.0	-0.0	-0.0	-0.0	-0.0	-0.0	-0.0	-0.0	-0.0	-0.0	-0.0	-0.0	-0.0	-0.0	-0.0	-0.0	-0.0	-0.0	-0.0	-0.0	-0.0	-0.0	-0.0	-0.0	-0.0	-0.0	-0.0	-0.0	-0.0	-0.0	-0.0	-0.0	-0.0	-0.0	-0.0	-0.0	-0.0	-0.0	-0.0	-0.0	-0.0	-0.0	-0.0	-0.0	-0.0	-0.0	-0.0	-0.0	-0.0	-0.0	-0.0	-0.0	-0.0	-0.0	-0.0	-0.0	-0.0	-0.0	-0.0	-0.0	-0.0	28.037291567045838	-2.5627084329541674	0.11858857900817545	-0.6047982497059026	36.26460473074826	0.27621118477697476	0.04400507866219152	-2.2370994145206344	0.00040036533270116856
1.0	1.4602	2600.0	2586.568213330421	0.047082536537391216	-0.5676187810097029	28.087999608023217	-97.37172530164753	-58.645263393169444	97.8000847322526	149.95124667807707	-98.83455173917356	-56.14491240700954	97.80008473225264	149.95124667807852	0.0	0.0	0.0	19.97587985311013	19.727212862132827	-0.4986306828668779	-15.574512894792909	2.0110329602535266	0.3356368634936506	1.5131067009891113	0.0	0.0	0.0	0.0	0.0	0.0	0.0	0.0	0.0	0.0	0.0	0.0	0.0	0.0	0.0	0.0	0.0	0.0	0.0	0.0	0.0	0.0	0.0	0.0	0.0	0.0	0.0	0.0	0.0	0.0	0.0	0.0	0.0	0.0	0.0	0.0	0.0	0.0	0.0	0.0	0.0	0.0	0.0	0.0	0.0	0.0	0.0	0.0	26818.3143127143	-1166.1135881885707	16.97437523649526	26843.660175272475	-26827.247394338356	928.1377540862411	-146.4830965064224	26843.697579602493	0.0	0.0	0.0	0.0	0.0	0.0	0.0	0.0	0.0	0.0	0.0	0.0	0.0	0.0	0.0	0.0	0.0	0.0	0.0	0.0	0.0	0.0	0.0	0.0	0.0	0.0	0.0	0.0	26776.12017461116	-1874.2146321993223	-332.8778340291811	26843.697579602493	0.0	0.0	0.0	0.0	0.0	0.0	0.0	0.0	0.0	0.0	0.0	0.0	0.0	0.0	0.0	0.0	0.0	0.0	0.0	0.0	0.0	0.0	0.0	0.0	0.0	0.0	0.0	0.0	0.0	0.0	0.0	0.0	0.0	0.0	0.0	0.0	0.0	0.0	0.0	0.0	0.0	0.0	0.0	0.0	0.0	0.0	0.0	0.0	0.0	0.0	0.0	0.0	0.0	0.0	0.0	0.0	0.0	0.0	0.0	0.0	0.0	0.0	0.0	0.0	0.0	0.0	0.0	0.0	0.0	0.0	0.0	0.0	0.0	0.0	0.0	0.0	0.0	0.0	0.0	0.0	0.0	0.0	0.0	0.0	0.0	0.0	0.0	0.0	0.0	0.0	0.0	0.0	0.0	0.0	0.0	0.0	0.0	0.0	0.0	0.0	28.03916334550075	-2.560836654499255	0.11864132533622611	-0.6049519269559952	36.264002634281454	0.27615823029694386	0.04397156382360141	-2.235028488266949	4.7313393264932994e-05
2.0	2.4603	2600.0	2586.885412318859	0.06734182281474553	-0.5655191502590118	28.089182719640913	-95.06292444334761	-50.34749235790878	61.841797976592765	124.08157626105901	-97.13657834908736	-46.22028490914818	61.84179797659282	124.08157626105876	0.0	0.0	0.0	20.259012530451656	19.998176824452248	-0.4968336896155461	-15.573959020467948	2.0535848366408613	0.31893512843292815	1.5182573077556982	0.0	0.0	0.0	0.0	0.0	0.0	0.0	0.0	0.0	0.0	0.0	0.0	0.0	0.0	0.0	0.0	0.0	0.0	0.0	0.0	0.0	0.0	0.0	0.0	0.0	0.0	0.0	0.0	0.0	0.0	0.0	0.0	0.0	0.0	0.0	0.0	0.0	0.0	0.0	0.0	0.0	0.0	0.0	0.0	0.0	0.0	0.0	0.0	26824.975761076632	-1163.9555414482645	-27.087442749133686	26850.229995558173	-26833.219865555435	956.1714028241336	27.54891036489649	26850.264636447817	0.0	0.0	0.0	0.0	0.0	0.0	0.0	0.0	0.0	0.0	0.0	0.0	0.0	0.0	0.0	0.0	0.0	0.0	0.0	0.0	0.0	0.0	0.0	0.0	0.0	0.0	0.0	0.0	26779.942942068235	-1874.576813853024	-507.27589713539027	26850.264636447817	0.0	0.0	0.0	0.0	0.0	0.0	0.0	0.0	0.0	0.0	0.0	0.0	0.0	0.0	0.0	0.0	0.0	0.0	0.0	0.0	0.0	0.0	0.0	0.0	0.0	0.0	0.0	0.0	0.0	0.0	0.0	0.0	0.0	0.0	0.0	0.0	0.0	0.0	0.0	0.0	0.0	0.0	0.0	0.0	0.0	0.0	0.0	0.0	0.0	0.0	0.0	0.0	0.0	0.0	0.0	0.0	0.0	0.0	0.0	0.0	0.0	0.0	0.0	0.0	0.0	0.0	0.0	0.0	0.0	0.0	0.0	0.0	0.0	0.0	0.0	0.0	0.0	0.0	0.0	0.0	0.0	0.0	0.0	0.0	0.0	0.0	0.0	0.0	0.0	0.0	0.0	0.0	0.0	0.0	0.0	0.0	0.0	0.0	0.0	0.0	28.04243374207426	-2.557566257925736	0.11872376496734095	-0.6051850721554782	36.26113617384246	0.2761053711438669	0.043949185510522765	-2.2314804733307616	-0.00025381517679923607
3.0	3.4604	2600.0	2587.0184728123277	0.08754243774306386	-0.5627374207510932	28.090810779799433	-93.94341180369702	-48.53355417995408	55.15519533122305	119.26007745546245	-96.70157295701756	-42.77471554898149	55.155195331223084	119.26007745546302	0.0	0.0	0.0	20.53680303749662	20.264291193715238	-0.4953405140244735	-15.57293115069216	2.097040776372135	0.2977310326794783	1.5241983033276205	0.0	0.0	0.0	0.0	0.0	0.0	0.0	0.0	0.0	0.0	0.0	0.0	0.0	0.0	0.0	0.0	0.0	0.0	0.0	0.0	0.0	0.0	0.0	0.0	0.0	0.0	0.0	0.0	0.0	0.0	0.0	0.0	0.0	0.0	0.0	0.0	0.0	0.0	0.0	0.0	0.0	0.0	0.0	0.0	0.0	0.0	0.0	0.0	26829.391510891473	-1161.1891900656808	-34.34389344652595	26854.53013334692	-26836.399221950713	974.3290042265345	167.74860779018732	26854.604443257216	0.0	0.0	0.0	0.0	0.0	0.0	0.0	0.0	0.0	0.0	0.0	0.0	0.0	0.0	0.0	0.0	0.0	0.0	0.0	0.0	0.0	0.0	0.0	0.0	0.0	0.0	0.0	0.0	26781.27529503311	-1874.848984511428	-646.5405329410247	26854.604443257216	0.0	0.0	0.0	0.0	0.0	0.0	0.0	0.0	0.0	0.0	0.0	0.0	0.0	0.0	0.0	0.0	0.0	0.0	0.0	0.0	0.0	0.0	0.0	0.0	0.0	0.0	0.0	0.0	0.0	0.0	0.0	0.0	0.0	0.0	0.0	0.0	0.0	0.0	0.0	0.0	0.0	0.0	0.0	0.0	0.0	0.0	0.0	0.0	0.0	0.0	0.0	0.0	0.0	0.0	0.0	0.0	0.0	0.0	0.0	0.0	0.0	0.0	0.0	0.0	0.0	0.0	0.0	0.0	0.0	0.0	0.0	0.0	0.0	0.0	0.0	0.0	0.0	0.0	0.0	0.0	0.0	0.0	0.0	0.0	0.0	0.0	0.0	0.0	0.0	0.0	0.0	0.0	0.0	0.0	0.0	0.0	0.0	0.0	0.0	0.0	28.04707135770978	-2.5529286422902224	0.11883020847889386	-0.6054607538641659	36.25599892232024	0.27605252129105357	0.04392136845345971	-2.226522764203225	-0.0005013100086059454
4.0	4.4606	2600.0	2587.2154249829496	0.10764430146200853	-0.5592740762272443	28.09288020436587	-92.13038736179259	-49.527576631164266	45.35210718744684	114.00790651850187	-95.70325323035833	-42.21227835020909	45.35210718744685	114.0079065185011	0.0	0.0	0.0	20.80938346001809	20.52553564449859	-0.49398572081648173	-15.571378636995352	2.141069146542552	0.2720788393264028	1.5305712885004943	0.0	0.0	0.0	0.0	0.0	0.0	0.0	0.0	0.0	0.0	0.0	0.0	0.0	0.0	0.0	0.0	0.0	0.0	0.0	0.0	0.0	0.0	0.0	0.0	0.0	0.0	0.0	0.0	0.0	0.0	0.0	0.0	0.0	0.0	0.0	0.0	0.0	0.0	0.0	0.0	0.0	0.0	0.0	0.0	0.0	0.0	0.0	0.0	26833.981752227464	-1158.3429828327457	-43.40309589631458	26859.00629162382	-26839.01755965887	991.813973446251	306.007313189575	26859.080382643904	0.0	0.0	0.0	0.0	0.0	0.0	0.0	0.0	0.0	0.0	0.0	0.0	0.0	0.0	0.0	0.0	0.0	0.0	0.0	0.0	0.0	0.0	0.0	0.0	0.0	0.0	0.0	0.0	26782.069918787773	-1875.254158077209	-783.8059129038785	26859.080382643904	0.0	0.0	0.0	0.0	0.0	0.0	0.0	0.0	0.0	0.0	0.0	0.0	0.0	0.0	0.0	0.0	0.0	0.0	0.0	0.0	0.0	0.0	0.0	0.0	0.0	0.0	0.0	0.0	0.0	0.0	0.0	0.0	0.0	0.0	0.0	0.0	0.0	0.0	0.0	0.0	0.0	0.0	0.0	0.0	0.0	0.0	0.0	0.0	0.0	0.0	0.0	0.0	0.0	0.0	0.0	0.0	0.0	0.0	0.0	0.0	0.0	0.0	0.0	0.0	0.0	0.0	0.0	0.0	0.0	0.0	0.0	0.0	0.0	0.0	0.0	0.0	0.0	0.0	0.0	0.0	0.0	0.0	0.0	0.0	0.0	0.0	0.0	0.0	0.0	0.0	0.0	0.0	0.0	0.0	0.0	0.0	0.0	0.0	0.0	0.0	28.053073472217847	-2.5469265277821553	0.11894815453634561	-0.6057195607649832	36.24868165194048	0.2759996564909856	0.043900938490258626	-2.2202176705519387	-0.0007299651073418847
5.0	5.4607	2600.0	2587.591938648062	0.12762129854020196	-0.5551317819958302	28.09538583153212	-89.38348122948445	-42.200524340205455	32.405072120396476	104.02105397667324	-92.99377410471605	-33.50296925723159	32.405072120396504	104.02105397667371	0.0	0.0	0.0	21.076441882989958	20.782003969203828	-0.4931685115088843	-15.569282983215244	2.185293920302522	0.24201020205761736	1.5370353627878448	0.0	0.0	0.0	0.0	0.0	0.0	0.0	0.0	0.0	0.0	0.0	0.0	0.0	0.0	0.0	0.0	0.0	0.0	0.0	0.0	0.0	0.0	0.0	0.0	0.0	0.0	0.0	0.0	0.0	0.0	0.0	0.0	0.0	0.0	0.0	0.0	0.0	0.0	0.0	0.0	0.0	0.0	0.0	0.0	0.0	0.0	0.0	0.0	26840.636470311263	-1149.122027725031	-47.439207538368365	26865.26564254331	-26843.02855798929	1002.0605707002436	442.7653117588069	26865.374530679404	0.0	0.0	0.0	0.0	0.0	0.0	0.0	0.0	0.0	0.0	0.0	0.0	0.0	0.0	0.0	0.0	0.0	0.0	0.0	0.0	0.0	0.0	0.0	0.0	0.0	0.0	0.0	0.0	26784.540963060794	-1869.255608409946	-917.9311206317833	26865.374530679404	0.0	0.0	0.0	0.0	0.0	0.0	0.0	0.0	0.0	0.0	0.0	0.0	0.0	0.0	0.0	0.0	0.0	0.0	0.0	0.0	0.0	0.0	0.0	0.0	0.0	0.0	0.0	0.0	0.0	0.0	0.0	0.0	0.0	0.0	0.0	0.0	0.0	0.0	0.0	0.0	0.0	0.0	0.0	0.0	0.0	0.0	0.0	0.0	0.0	0.0	0.0	0.0	0.0	0.0	0.0	0.0	0.0	0.0	0.0	0.0	0.0	0.0	0.0	0.0	0.0	0.0	0.0	0.0	0.0	0.0	0.0	0.0	0.0	0.0	0.0	0.0	0.0	0.0	0.0	0.0	0.0	0.0	0.0	0.0	0.0	0.0	0.0	0.0	0.0	0.0	0.0	0.0	0.0	0.0	0.0	0.0	0.0	0.0	0.0	0.0	28.0604345484831	-2.539565451516893	0.11906930613405413	-0.6059285427732088	36.239083989326126	0.2759469524653882	0.04388235056380023	-2.212602614669085	-0.0008546221327250522
6.0	6.4609	2600.0	2587.614486363974	0.1474250917115894	-0.5503110752370234	28.098321412340812	-89.10038726196943	-45.740477900566475	36.93593682180189	106.74892860216104	-93.68142649447509	-35.4240124599819	36.93593682180191	106.74892860215897	1.1356447839563346e-15	0.0	1.1356447839563346e-15	21.338098808833692	21.033555594076045	-0.4926129625534073	-15.566620152308188	2.229453348801204	0.20756721289337673	1.5433034211935424	0.0	0.0	0.0	0.0	0.0	0.0	0.0	0.0	0.0	0.0	0.0	0.0	0.0	0.0	0.0	0.0	0.0	0.0	0.0	0.0	0.0	0.0	0.0	0.0	0.0	0.0	0.0	0.0	0.0	0.0	0.0	0.0	0.0	0.0	0.0	0.0	0.0	0.0	0.0	0.0	0.0	0.0	0.0	0.0	0.0	0.0	0.0	0.0	26844.798523809153	-1137.4359192716727	-50.08224251505705	26868.93143549573	-26843.825742698147	1009.4419968212943	578.6952446057568	26869.03127832151	0.0	0.0	0.0	0.0	0.0	0.0	0.0	0.0	0.0	0.0	0.0	0.0	0.0	0.0	0.0	0.0	0.0	0.0	0.0	0.0	0.0	0.0	0.0	0.0	0.0	0.0	0.0	0.0	26783.938164820578	-1860.5882714169122	-1050.5757958154622	26869.03127832151	0.0	0.0	0.0	0.0	0.0	0.0	0.0	0.0	0.0	0.0	0.0	0.0	0.0	0.0	0.0	0.0	0.0	0.0	0.0	0.0	0.0	0.0	0.0	0.0	0.0	0.0	0.0	0.0	0.0	0.0	0.0	0.0	0.0	0.0	0.0	0.0	0.0	0.0	0.0	0.0	0.0	0.0	0.0	0.0	0.0	0.0	0.0	0.0	0.0	0.0	0.0	0.0	0.0	0.0	0.0	0.0	0.0	0.0	0.0	0.0	0.0	0.0	0.0	0.0	0.0	0.0	0.0	0.0	0.0	0.0	0.0	0.0	0.0	0.0	0.0	0.0	0.0	0.0	0.0	0.0	0.0	0.0	0.0	0.0	0.0	0.0	0.0	0.0	0.0	0.0	0.0	0.0	0.0	0.0	0.0	0.0	0.0	0.0	0.0	0.0	28.069150130204456	-2.5308498697955453	0.11919107007347936	-0.6060769355936558	36.227279011162345	0.2758947326063518	0.04385863770389888	-2.2036929692077343	-0.0009354522641071404
7.0	7.461	2600.0	2587.6082039987855	0.16698376027386708	-0.5449175113446011	28.101648663246305	-89.36020670747713	-44.60385505149679	73.22066330858044	123.8386690965567	-94.3955094485118	-32.62266427216309	73.22066330858047	123.83866909655822	0.0	0.0	0.0	21.594728725595257	21.279038093927824	-0.4907347532073797	-15.563468033367892	2.2726716237646336	0.16871218242144995	1.5484559829603128	0.0	0.0	0.0	0.0	0.0	0.0	0.0	0.0	0.0	0.0	0.0	0.0	0.0	0.0	0.0	0.0	0.0	0.0	0.0	0.0	0.0	0.0	0.0	0.0	0.0	0.0	0.0	0.0	0.0	0.0	0.0	0.0	0.0	0.0	0.0	0.0	0.0	0.0	0.0	0.0	0.0	0.0	0.0	0.0	0.0	0.0	0.0	0.0	26955.758914571426	-329.01726410874113	-9.870812375438403	26957.76861043056	-26942.515110877954	234.64074360913284	882.1466716005597	26957.973950737924	0.0	0.0	0.0	0.0	0.0	0.0	0.0	0.0	0.0	0.0	0.0	0.0	0.0	0.0	0.0	0.0	0.0	0.0	0.0	0.0	0.0	0.0	0.0	0.0	0.0	0.0	0.0	0.0	26913.29791659577	-1057.5717187342045	-1135.031647558606	26957.973950737924	0.0	0.0	0.0	0.0	0.0	0.0	0.0	0.0	0.0	0.0	0.0	0.0	0.0	0.0	0.0	0.0	0.0	0.0	0.0	0.0	0.0	0.0	0.0	0.0	0.0	0.0	0.0	0.0	0.0	0.0	0.0	0.0	0.0	0.0	0.0	0.0	0.0	0.0	0.0	0.0	0.0	0.0	0.0	0.0	0.0	0.0	0.0	0.0	0.0	0.0	0.0	0.0	0.0	0.0	0.0	0.0	0.0	0.0	0.0	0.0	0.0	0.0	0.0	0.0	0.0	0.0	0.0	0.0	0.0	0.0	0.0	0.0	0.0	0.0	0.0	0.0	0.0	0.0	0.0	0.0	0.0	0.0	0.0	0.0	0.0	0.0	0.0	0.0	0.0	0.0	0.0	0.0	0.0	0.0	0.0	0.0	0.0	0.0	0.0	0.0	28.079111684473883	-2.5208883155261184	0.11928445321022371	-0.6057735343047878	36.213496565312276	0.2758538883379415	0.04382122103272	-2.193998820512998	-0.0013142123827907999
8.0	8.4612	2600.0	2587.534160238937	0.18618171479470078	-0.5391923567527667	28.10528749877626	-89.72153019958022	-27.880852478017914	94.02819869833267	132.92327511278194	-92.84735432870367	-14.375802948547065	94.02819869833267	132.92327511278236	-2.2773946879804625e-15	0.0	-2.2773946879804625e-15	21.844821148743254	21.519064565694972	-0.4896301133740011	-15.559955984370601	2.3122569963674278	0.12545001212693668	1.5497656833257918	0.0	0.0	0.0	0.0	0.0	0.0	0.0	0.0	0.0	0.0	0.0	0.0	0.0	0.0	0.0	0.0	0.0	0.0	0.0	0.0	0.0	0.0	0.0	0.0	0.0	0.0	0.0	0.0	0.0	0.0	0.0	0.0	0.0	0.0	0.0	0.0	0.0	0.0	0.0	0.0	0.0	0.0	0.0	0.0	0.0	0.0	0.0	0.0	27085.0939154067	611.9592415432794	8.02930049621927	27092.007511245414	-27054.946827463646	-657.980879596167	1258.1612152769785	27092.177031726824	0.0	0.0	0.0	0.0	0.0	0.0	0.0	0.0	0.0	0.0	0.0	0.0	0.0	0.0	0.0	0.0	0.0	0.0	0.0	0.0	0.0	0.0	0.0	0.0	0.0	0.0	0.0	0.0	27062.668660692703	-120.73915567715422	-1258.349449188773	27092.177031726824	0.0	0.0	0.0	0.0	0.0	0.0	0.0	0.0	0.0	0.0	0.0	0.0	0.0	0.0	0.0	0.0	0.0	0.0	0.0	0.0	0.0	0.0	0.0	0.0	0.0	0.0	0.0	0.0	0.0	0.0	0.0	0.0	0.0	0.0	0.0	0.0	0.0	0.0	0.0	0.0	0.0	0.0	0.0	0.0	0.0	0.0	0.0	0.0	0.0	0.0	0.0	0.0	0.0	0.0	0.0	0.0	0.0	0.0	0.0	0.0	0.0	0.0	0.0	0.0	0.0	0.0	0.0	0.0	0.0	0.0	0.0	0.0	0.0	0.0	0.0	0.0	0.0	0.0	0.0	0.0	0.0	0.0	0.0	0.0	0.0	0.0	0.0	0.0	0.0	0.0	0.0	0.0	0.0	0.0	0.0	0.0	0.0	0.0	0.0	0.0	28.090076470891628	-2.5099235291083772	0.11928361332055137	-0.6037627987472035	36.19732182402696	0.27584173445953675	0.043806137485436554	-2.185029797854475	-0.00152162975527007
9.0	9.4613	2600.0	2587.451121013382	0.20490929908456576	-0.533032703650444	28.10925284982919	-91.63470337871331	0.5841051433599205	80.79168710248958	122.16610310143258	-90.29217404455265	15.639160732967865	80.79168710248955	122.16610310143308	8.173203950720027e-15	0.0	8.173203950720027e-15	22.086870262450535	21.75254653608085	-0.48727938447047775	-15.535383036721832	2.3397962077592793	0.09900782607472874	1.539868352225407	0.0	0.0	0.0	0.0	0.0	0.0	0.0	0.0	0.0	0.0	0.0	0.0	0.0	0.0	0.0	0.0	0.0	0.0	0.0	0.0	0.0	0.0	0.0	0.0	0.0	0.0	0.0	0.0	0.0	0.0	0.0	0.0	0.0	0.0	0.0	0.0	0.0	0.0	0.0	0.0	0.0	0.0	0.0	0.0	0.0	0.0	0.0	0.0	27223.772838097382	1630.795355385597	-12.57274872859176	27272.577052883848	-27171.900785114263	-1611.9629351075923	1701.633434029537	27272.810143512175	0.0	0.0	0.0	0.0	0.0	0.0	0.0	0.0	0.0	0.0	0.0	0.0	0.0	0.0	0.0	0.0	0.0	0.0	0.0	0.0	0.0	0.0	0.0	0.0	0.0	0.0	0.0	0.0	27220.453944421773	898.1150760342781	-1430.54167848188	27272.810143512175	0.0	0.0	0.0	0.0	0.0	0.0	0.0	0.0	0.0	0.0	0.0	0.0	0.0	0.0	0.0	0.0	0.0	0.0	0.0	0.0	0.0	0.0	0.0	0.0	0.0	0.0	0.0	0.0	0.0	0.0	0.0	0.0	0.0	0.0	0.0	0.0	0.0	0.0	0.0	0.0	0.0	0.0	0.0	0.0	0.0	0.0	0.0	0.0	0.0	0.0	0.0	0.0	0.0	0.0	0.0	0.0	0.0	0.0	0.0	0.0	0.0	0.0	0.0	0.0	0.0	0.0	0.0	0.0	0.0	0.0	0.0	0.0	0.0	0.0	0.0	0.0	0.0	0.0	0.0	0.0	0.0	0.0	0.0	0.0	0.0	0.0	0.0	0.0	0.0	0.0	0.0	0.0	0.0	0.0	0.0	0.0	0.0	0.0	0.0	0.0	28.102139487369172	-2.4978605126308224	0.11924797909937786	-0.598165602257229	36.179726702714476	0.2758504689651266	0.04378537612030921	-2.1785464369753798	-0.00179607245067873
10.0	10.4613	2600.0	2587.0224048234645	0.22326062178064157	-0.5264094043957591	28.11354713150457	-94.58406694252061	32.18320537469116	51.59879558785536	112.44705480222262	-87.1682974173982	48.8220478158073	51.59879558785534	112.44705480222346	-1.6292154362359355e-15	0.0	-1.6292154362359355e-15	22.32076620476366	21.97949563173959	-0.48425265434053527	-15.49390383978503	2.3582651830526546	0.08524010473833926	1.5217378405397457	0.0	0.0	0.0	0.0	0.0	0.0	0.0	0.0	0.0	0.0	0.0	0.0	0.0	0.0	0.0	0.0	0.0	0.0	0.0	0.0	0.0	0.0	0.0	0.0	0.0	0.0	0.0	0.0	0.0	0.0	0.0	0.0	0.0	0.0	0.0	0.0	0.0	0.0	0.0	0.0	0.0	0.0	0.0	0.0	0.0	0.0	0.0	0.0	27356.785807629854	2604.4347826262574	-29.051594081030345	27480.49588811327	-27282.48098856162	-2529.7298223776197	2112.189259752761	27480.80503432291	0.0	0.0	0.0	0.0	0.0	0.0	0.0	0.0	0.0	0.0	0.0	0.0	0.0	0.0	0.0	0.0	0.0	0.0	0.0	0.0	0.0	0.0	0.0	0.0	0.0	0.0	0.0	0.0	27370.927668311695	1877.198670017959	-1582.1153762604818	27480.80503432291	0.0	0.0	0.0	0.0	0.0	0.0	0.0	0.0	0.0	0.0	0.0	0.0	0.0	0.0	0.0	0.0	0.0	0.0	0.0	0.0	0.0	0.0	0.0	0.0	0.0	0.0	0.0	0.0	0.0	0.0	0.0	0.0	0.0	0.0	0.0	0.0	0.0	0.0	0.0	0.0	0.0	0.0	0.0	0.0	0.0	0.0	0.0	0.0	0.0	0.0	0.0	0.0	0.0	0.0	0.0	0.0	0.0	0.0	0.0	0.0	0.0	0.0	0.0	0.0	0.0	0.0	0.0	0.0	0.0	0.0	0.0	0.0	0.0	0.0	0.0	0.0	0.0	0.0	0.0	0.0	0.0	0.0	0.0	0.0	0.0	0.0	0.0	0.0	0.0	0.0	0.0	0.0	0.0	0.0	0.0	0.0	0.0	0.0	0.0	0.0	28.11532205195267	-2.4846779480473318	0.11924497905587754	-0.589648399678069	36.16041020784414	0.27588373218462986	0.04377410124418713	-2.1738705715668756	-0.0020517378368717395
11.0	11.4614	2600.0	2586.793200611661	0.24139216038360514	-0.5191175133399925	28.118227040494084	-95.21672769875023	31.632178775966167	45.92559422329154	110.34482394990293	-87.03240296011246	49.92174679196978	45.9255942232915	110.34482394990427	3.1500241749374022e-15	0.0	3.1500241749374022e-15	22.547900178282646	22.200519479515126	-0.48128728447092756	-15.447967756796645	2.376033451967271	0.07133262800503358	1.5032081529224774	0.0	0.0	0.0	0.0	0.0	0.0	0.0	0.0	0.0	0.0	0.0	0.0	0.0	0.0	0.0	0.0	0.0	0.0	0.0	0.0	0.0	0.0	0.0	0.0	0.0	0.0	0.0	0.0	0.0	0.0	0.0	0.0	0.0	0.0	0.0	0.0	0.0	0.0	0.0	0.0	0.0	0.0	0.0	0.0	0.0	0.0	0.0	0.0	27364.408228780445	2634.7967384094754	-39.47214004887743	27490.990335270217	-27280.24799439535	-2538.4340245291623	2259.0822594932997	27491.071834102	0.0	0.0	0.0	0.0	0.0	0.0	0.0	0.0	0.0	0.0	0.0	0.0	0.0	0.0	0.0	0.0	0.0	0.0	0.0	0.0	0.0	0.0	0.0	0.0	0.0	0.0	0.0	0.0	27370.131690189897	1915.2224575260295	-1722.453130743133	27491.071834102	0.0	0.0	0.0	0.0	0.0	0.0	0.0	0.0	0.0	0.0	0.0	0.0	0.0	0.0	0.0	0.0	0.0	0.0	0.0	0.0	0.0	0.0	0.0	0.0	0.0	0.0	0.0	0.0	0.0	0.0	0.0	0.0	0.0	0.0	0.0	0.0	0.0	0.0	0.0	0.0	0.0	0.0	0.0	0.0	0.0	0.0	0.0	0.0	0.0	0.0	0.0	0.0	0.0	0.0	0.0	0.0	0.0	0.0	0.0	0.0	0.0	0.0	0.0	0.0	0.0	0.0	0.0	0.0	0.0	0.0	0.0	0.0	0.0	0.0	0.0	0.0	0.0	0.0	0.0	0.0	0.0	0.0	0.0	0.0	0.0	0.0	0.0	0.0	0.0	0.0	0.0	0.0	0.0	0.0	0.0	0.0	0.0	0.0	0.0	0.0	28.12981766362608	-2.4701823363739237	0.11934000740496443	-0.5809000486578769	36.13897225465016	0.2759365089078348	0.043759679349110854	-2.1681310290988036	-0.00223045486016296
12.0	12.4616	2600.0	2586.9399850938394	0.2593625916122382	-0.510994051533717	28.123333233958924	-94.20222115513843	27.22830779081778	43.81861038064135	107.40349077848248	-86.10746000336076	46.91422542771759	43.81861038064131	107.40349077848225	0.0	0.0	0.0	22.768763512592294	22.41521466858426	-0.47757731194648145	-15.397379865377452	2.398101816869632	0.057174826170316974	1.4893556675799327	0.0	0.0	0.0	0.0	0.0	0.0	0.0	0.0	0.0	0.0	0.0	0.0	0.0	0.0	0.0	0.0	0.0	0.0	0.0	0.0	0.0	0.0	0.0	0.0	0.0	0.0	0.0	0.0	0.0	0.0	0.0	0.0	0.0	0.0	0.0	0.0	0.0	0.0	0.0	0.0	0.0	0.0	0.0	0.0	0.0	0.0	0.0	0.0	27369.268503280855	2632.8362544639986	-41.7248460964243	27495.643766063797	-27276.53611641507	-2523.773478609792	2374.1713085289816	27495.736841984664	0.0	0.0	0.0	0.0	0.0	0.0	0.0	0.0	0.0	0.0	0.0	0.0	0.0	0.0	0.0	0.0	0.0	0.0	0.0	0.0	0.0	0.0	0.0	0.0	0.0	0.0	0.0	0.0	27366.95053074016	1919.9475452534202	-1838.3048047504928	27495.736841984664	0.0	0.0	0.0	0.0	0.0	0.0	0.0	0.0	0.0	0.0	0.0	0.0	0.0	0.0	0.0	0.0	0.0	0.0	0.0	0.0	0.0	0.0	0.0	0.0	0.0	0.0	0.0	0.0	0.0	0.0	0.0	0.0	0.0	0.0	0.0	0.0	0.0	0.0	0.0	0.0	0.0	0.0	0.0	0.0	0.0	0.0	0.0	0.0	0.0	0.0	0.0	0.0	0.0	0.0	0.0	0.0	0.0	0.0	0.0	0.0	0.0	0.0	0.0	0.0	0.0	0.0	0.0	0.0	0.0	0.0	0.0	0.0	0.0	0.0	0.0	0.0	0.0	0.0	0.0	0.0	0.0	0.0	0.0	0.0	0.0	0.0	0.0	0.0	0.0	0.0	0.0	0.0	0.0	0.0	0.0	0.0	0.0	0.0	0.0	0.0	28.145777929907865	-2.4542220700921327	0.1194927885195825	-0.5740302093261811	36.1156002787681	0.2759891217380469	0.04373896655589176	-2.1590581570012795	-0.00248734753242456
13.0	13.4617	2600.0	2586.8167818295346	0.27710250859986674	-0.5021036645441157	28.128834521262743	-95.49933625240371	44.02577776455291	18.050880477313395	106.69689132505093	-82.62659209659247	65.04797161270106	18.05088047731337	106.6968913250508	-2.2385231409661394e-14	0.0	-2.2385231409661394e-14	22.983420629117468	22.623832024459038	-0.47326745272169063	-15.341998860343518	2.4230087607505904	0.042960365130982135	1.4788032676839897	0.0	0.0	0.0	0.0	0.0	0.0	0.0	0.0	0.0	0.0	0.0	0.0	0.0	0.0	0.0	0.0	0.0	0.0	0.0	0.0	0.0	0.0	0.0	0.0	0.0	0.0	0.0	0.0	0.0	0.0	0.0	0.0	0.0	0.0	0.0	0.0	0.0	0.0	0.0	0.0	0.0	0.0	0.0	0.0	0.0	0.0	0.0	0.0	27375.19214213567	2626.8642253418398	-61.478726153061956	27501.006165429604	-27269.469207568447	-2487.6510727911236	2550.056321014066	27501.184446543873	0.0	0.0	0.0	0.0	0.0	0.0	0.0	0.0	0.0	0.0	0.0	0.0	0.0	0.0	0.0	0.0	0.0	0.0	0.0	0.0	0.0	0.0	0.0	0.0	0.0	0.0	0.0	0.0	27359.829962063137	1918.520046541127	-2018.4477305192654	27501.184446543873	0.0	0.0	0.0	0.0	0.0	0.0	0.0	0.0	0.0	0.0	0.0	0.0	0.0	0.0	0.0	0.0	0.0	0.0	0.0	0.0	0.0	0.0	0.0	0.0	0.0	0.0	0.0	0.0	0.0	0.0	0.0	0.0	0.0	0.0	0.0	0.0	0.0	0.0	0.0	0.0	0.0	0.0	0.0	0.0	0.0	0.0	0.0	0.0	0.0	0.0	0.0	0.0	0.0	0.0	0.0	0.0	0.0	0.0	0.0	0.0	0.0	0.0	0.0	0.0	0.0	0.0	0.0	0.0	0.0	0.0	0.0	0.0	0.0	0.0	0.0	0.0	0.0	0.0	0.0	0.0	0.0	0.0	0.0	0.0	0.0	0.0	0.0	0.0	0.0	0.0	0.0	0.0	0.0	0.0	0.0	0.0	0.0	0.0	0.0	0.0	28.16312984252236	-2.436870157477635	0.11966082007628283	-0.5685227263695691	36.09033778321436	0.2760420082780214	0.04372038422687168	-2.147238702812592	-0.00279204453706745
14.0	14.4618	2600.0	2586.7794677836387	0.2945386497218246	-0.4924858772691373	28.13470485453771	-94.71281939450729	40.6837717894632	17.730921734944328	104.59480403081406	-81.55166714622645	63.04770440186619	17.730921734944303	104.59480403081567	-1.0897850922370925e-14	0.0	-1.0897850922370925e-14	23.191230114562465	22.826316887052997	-0.4689316076743364	-15.28190955688707	2.44988439034356	0.02864262341001193	1.4707283024334363	0.0	0.0	0.0	0.0	0.0	0.0	0.0	0.0	0.0	0.0	0.0	0.0	0.0	0.0	0.0	0.0	0.0	0.0	0.0	0.0	0.0	0.0	0.0	0.0	0.0	0.0	0.0	0.0	0.0	0.0	0.0	0.0	0.0	0.0	0.0	0.0	0.0	0.0	0.0	0.0	0.0	0.0	0.0	0.0	0.0	0.0	0.0	0.0	27378.923402570737	2624.718428779734	-69.56799712861284	27504.534775568118	-27262.687426142056	-2470.714653795303	2673.6490168735068	27504.671524332574	0.0	0.0	0.0	0.0	0.0	0.0	0.0	0.0	0.0	0.0	0.0	0.0	0.0	0.0	0.0	0.0	0.0	0.0	0.0	0.0	0.0	0.0	0.0	0.0	0.0	0.0	0.0	0.0	27353.706168594887	1920.3426253552652	-2143.3615431954786	27504.671524332574	0.0	0.0	0.0	0.0	0.0	0.0	0.0	0.0	0.0	0.0	0.0	0.0	0.0	0.0	0.0	0.0	0.0	0.0	0.0	0.0	0.0	0.0	0.0	0.0	0.0	0.0	0.0	0.0	0.0	0.0	0.0	0.0	0.0	0.0	0.0	0.0	0.0	0.0	0.0	0.0	0.0	0.0	0.0	0.0	0.0	0.0	0.0	0.0	0.0	0.0	0.0	0.0	0.0	0.0	0.0	0.0	0.0	0.0	0.0	0.0	0.0	0.0	0.0	0.0	0.0	0.0	0.0	0.0	0.0	0.0	0.0	0.0	0.0	0.0	0.0	0.0	0.0	0.0	0.0	0.0	0.0	0.0	0.0	0.0	0.0	0.0	0.0	0.0	0.0	0.0	0.0	0.0	0.0	0.0	0.0	0.0	0.0	0.0	0.0	0.0	28.18182430731007	-2.418175692689936	0.11982005085513196	-0.5640660674011001	36.062938688476315	0.27609485668787076	0.043698310125634014	-2.1330305967637844	-0.0030199308766681
15.0	15.4619	2600.0	2587.0339718405703	0.31163576075715177	-0.4821897435374156	28.140916849498108	-92.79157246889099	39.55982140062041	13.056922054569185	101.71400397210569	-78.88673385403487	62.86603703384752	13.056922054569156	101.71400397210564	-3.576393208070677e-15	0.0	-3.576393208070677e-15	23.39200892983402	23.022474617845308	-0.46423370372518996	-15.214537691835558	2.477246562742461	0.01689538308824279	1.4638656037460966	0.0	0.0	0.0	0.0	0.0	0.0	0.0	0.0	0.0	0.0	0.0	0.0	0.0	0.0	0.0	0.0	0.0	0.0	0.0	0.0	0.0	0.0	0.0	0.0	0.0	0.0	0.0	0.0	0.0	0.0	0.0	0.0	0.0	0.0	0.0	0.0	0.0	0.0	0.0	0.0	0.0	0.0	0.0	0.0	0.0	0.0	0.0	0.0	27384.736624355595	2621.914367234844	-67.6651827233997	27510.049318592435	-27258.210391279372	-2455.646599274548	2788.6405265509707	27510.30261451339	0.0	0.0	0.0	0.0	0.0	0.0	0.0	0.0	0.0	0.0	0.0	0.0	0.0	0.0	0.0	0.0	0.0	0.0	0.0	0.0	0.0	0.0	0.0	0.0	0.0	0.0	0.0	0.0	27349.963195819542	1920.8600606800649	-2259.7698459584853	27510.30261451339	0.0	0.0	0.0	0.0	0.0	0.0	0.0	0.0	0.0	0.0	0.0	0.0	0.0	0.0	0.0	0.0	0.0	0.0	0.0	0.0	0.0	0.0	0.0	0.0	0.0	0.0	0.0	0.0	0.0	0.0	0.0	0.0	0.0	0.0	0.0	0.0	0.0	0.0	0.0	0.0	0.0	0.0	0.0	0.0	0.0	0.0	0.0	0.0	0.0	0.0	0.0	0.0	0.0	0.0	0.0	0.0	0.0	0.0	0.0	0.0	0.0	0.0	0.0	0.0	0.0	0.0	0.0	0.0	0.0	0.0	0.0	0.0	0.0	0.0	0.0	0.0	0.0	0.0	0.0	0.0	0.0	0.0	0.0	0.0	0.0	0.0	0.0	0.0	0.0	0.0	0.0	0.0	0.0	0.0	0.0	0.0	0.0	0.0	0.0	0.0	28.201802111193786	-2.3981978888062163	0.1199807041841537	-0.5602540583780372	36.033542933262076	0.27614774485720145	0.04368204559869227	-2.116896934202615	-0.0032196857208802994
16.0	16.462	2600.0	2586.633406371818	0.32834635353253316	-0.471239410336359	28.147448048949602	-95.74785607876584	23.398038917719532	28.189668065967027	102.51720613899198	-85.19246798885797	49.57180213430547	28.189668065966995	102.51720613899269	0.0	0.0	0.0	23.585496758743407	23.21230872981468	-0.45918783976787886	-15.137927727863955	2.5037316475783804	0.009793701358573093	1.457097163170236	0.0	0.0	0.0	0.0	0.0	0.0	0.0	0.0	0.0	0.0	0.0	0.0	0.0	0.0	0.0	0.0	0.0	0.0	0.0	0.0	0.0	0.0	0.0	0.0	0.0	0.0	0.0	0.0	0.0	0.0	0.0	0.0	0.0	0.0	0.0	0.0	0.0	0.0	0.0	0.0	0.0	0.0	0.0	0.0	0.0	0.0	0.0	0.0	27382.95534684928	2614.6881821844436	-66.6490155082705	27507.58586115592	-27244.975565850626	-2434.1316406628657	2909.8125407895236	27507.829784452464	0.0	0.0	0.0	0.0	0.0	0.0	0.0	0.0	0.0	0.0	0.0	0.0	0.0	0.0	0.0	0.0	0.0	0.0	0.0	0.0	0.0	0.0	0.0	0.0	0.0	0.0	0.0	0.0	27337.187765176706	1916.9568227891366	-2384.1436788592982	27507.829784452464	0.0	0.0	0.0	0.0	0.0	0.0	0.0	0.0	0.0	0.0	0.0	0.0	0.0	0.0	0.0	0.0	0.0	0.0	0.0	0.0	0.0	0.0	0.0	0.0	0.0	0.0	0.0	0.0	0.0	0.0	0.0	0.0	0.0	0.0	0.0	0.0	0.0	0.0	0.0	0.0	0.0	0.0	0.0	0.0	0.0	0.0	0.0	0.0	0.0	0.0	0.0	0.0	0.0	0.0	0.0	0.0	0.0	0.0	0.0	0.0	0.0	0.0	0.0	0.0	0.0	0.0	0.0	0.0	0.0	0.0	0.0	0.0	0.0	0.0	0.0	0.0	0.0	0.0	0.0	0.0	0.0	0.0	0.0	0.0	0.0	0.0	0.0	0.0	0.0	0.0	0.0	0.0	0.0	0.0	0.0	0.0	0.0	0.0	0.0	0.0	28.223027785118084	-2.37697221488192	0.12013587188650662	-0.5567332444538421	36.00220487403137	0.2762005827984653	0.04367393010217758	-2.0992240757589022	-0.0033722179234750393
17.0	17.462	2600.0	2587.1525920574345	0.3446520001370925	-0.4596689305471619	28.154274612799615	-93.53762557218033	21.74082267402263	10.000084228296092	96.55025868840393	-82.70322220103117	48.807046681718916	10.000084228296062	96.55025868840353	-9.263786255963441e-15	0.0	-9.263786255963441e-15	23.772116251505864	23.395439381268393	-0.45328813487668357	-15.054832293120073	2.529701609730801	0.004581170938004928	1.4506941327560419	0.0	0.0	0.0	0.0	0.0	0.0	0.0	0.0	0.0	0.0	0.0	0.0	0.0	0.0	0.0	0.0	0.0	0.0	0.0	0.0	0.0	0.0	0.0	0.0	0.0	0.0	0.0	0.0	0.0	0.0	0.0	0.0	0.0	0.0	0.0	0.0	0.0	0.0	0.0	0.0	0.0	0.0	0.0	0.0	0.0	0.0	0.0	0.0	27391.3377831199	2616.0990358995937	-60.231425671459405	27516.049635426312	-27242.434029635027	-2424.8082365388973	3020.587136992366	27516.42879254443	0.0	0.0	0.0	0.0	0.0	0.0	0.0	0.0	0.0	0.0	0.0	0.0	0.0	0.0	0.0	0.0	0.0	0.0	0.0	0.0	0.0	0.0	0.0	0.0	0.0	0.0	0.0	0.0	27335.608504654414	1921.3065399807351	-2495.384209868304	27516.42879254443	0.0	0.0	0.0	0.0	0.0	0.0	0.0	0.0	0.0	0.0	0.0	0.0	0.0	0.0	0.0	0.0	0.0	0.0	0.0	0.0	0.0	0.0	0.0	0.0	0.0	0.0	0.0	0.0	0.0	0.0	0.0	0.0	0.0	0.0	0.0	0.0	0.0	0.0	0.0	0.0	0.0	0.0	0.0	0.0	0.0	0.0	0.0	0.0	0.0	0.0	0.0	0.0	0.0	0.0	0.0	0.0	0.0	0.0	0.0	0.0	0.0	0.0	0.0	0.0	0.0	0.0	0.0	0.0	0.0	0.0	0.0	0.0	0.0	0.0	0.0	0.0	0.0	0.0	0.0	0.0	0.0	0.0	0.0	0.0	0.0	0.0	0.0	0.0	0.0	0.0	0.0	0.0	0.0	0.0	0.0	0.0	0.0	0.0	0.0	0.0	28.245455347620588	-2.3545446523794142	0.1202754021305411	-0.5535178585262662	35.96893742417481	0.2762533502519613	0.04365002642488223	-2.0800440775917326	-0.00361735306530444
18.0	18.462	2600.0	2586.863795985801	0.3605267924556284	-0.44750033847256365	28.16137482953822	-94.87460693838328	19.669896083814823	15.924106655317104	98.19202119536351	-83.7628123602426	48.70202376867019	15.924106655317075	98.19202119536618	0.0	0.0	0.0	23.951678906973633	23.572073425991732	-0.44698684968239033	-14.965724990103286	2.5548824033830564	0.0008336498093549359	1.4444107255866767	0.0	0.0	0.0	0.0	0.0	0.0	0.0	0.0	0.0	0.0	0.0	0.0	0.0	0.0	0.0	0.0	0.0	0.0	0.0	0.0	0.0	0.0	0.0	0.0	0.0	0.0	0.0	0.0	0.0	0.0	0.0	0.0	0.0	0.0	0.0	0.0	0.0	0.0	0.0	0.0	0.0	0.0	0.0	0.0	0.0	0.0	0.0	0.0	27393.138149001687	2613.249643655679	-64.54637866733043	27517.580881780967	-27230.613713929	-2404.8863405754337	3153.537469971464	27517.89599738356	0.0	0.0	0.0	0.0	0.0	0.0	0.0	0.0	0.0	0.0	0.0	0.0	0.0	0.0	0.0	0.0	0.0	0.0	0.0	0.0	0.0	0.0	0.0	0.0	0.0	0.0	0.0	0.0	27324.370380662054	1921.3715048962697	-2630.915233029964	27517.89599738356	0.0	0.0	0.0	0.0	0.0	0.0	0.0	0.0	0.0	0.0	0.0	0.0	0.0	0.0	0.0	0.0	0.0	0.0	0.0	0.0	0.0	0.0	0.0	0.0	0.0	0.0	0.0	0.0	0.0	0.0	0.0	0.0	0.0	0.0	0.0	0.0	0.0	0.0	0.0	0.0	0.0	0.0	0.0	0.0	0.0	0.0	0.0	0.0	0.0	0.0	0.0	0.0	0.0	0.0	0.0	0.0	0.0	0.0	0.0	0.0	0.0	0.0	0.0	0.0	0.0	0.0	0.0	0.0	0.0	0.0	0.0	0.0	0.0	0.0	0.0	0.0	0.0	0.0	0.0	0.0	0.0	0.0	0.0	0.0	0.0	0.0	0.0	0.0	0.0	0.0	0.0	0.0	0.0	0.0	0.0	0.0	0.0	0.0	0.0	0.0	28.26904994729499	-2.3309500527050027	0.12038629468122168	-0.5505011785615382	35.933663132432	0.2763062421264058	0.04362987553108531	-2.0594984470535342	-0.00384703091828985
19.0	19.4618	2600.0	2586.5348582518595	0.37591742001868494	-0.43467642307500437	28.16874472117853	-97.38003161980531	21.272439116739402	-0.03511204548968294	99.67641876143728	-84.7285734885427	52.501962428530526	-0.03511204548971136	99.67641876143999	0.0	0.0	0.0	24.123837980917912	23.74233702373949	-0.44080835247950484	-14.871059408524625	2.5789070450202005	-0.0018276450500738022	1.4380232404901432	0.0	0.0	0.0	0.0	0.0	0.0	0.0	0.0	0.0	0.0	0.0	0.0	0.0	0.0	0.0	0.0	0.0	0.0	0.0	0.0	0.0	0.0	0.0	0.0	0.0	0.0	0.0	0.0	0.0	0.0	0.0	0.0	0.0	0.0	0.0	0.0	0.0	0.0	0.0	0.0	0.0	0.0	0.0	0.0	0.0	0.0	0.0	0.0	27166.522603442056	2587.9352122362116	-64.36679667102871	27289.58596444024	-26992.341895193083	-2367.588122678161	3247.7762091311074	27289.925701808723	0.0	0.0	0.0	0.0	0.0	0.0	0.0	0.0	0.0	0.0	0.0	0.0	0.0	0.0	0.0	0.0	0.0	0.0	0.0	0.0	0.0	0.0	0.0	0.0	0.0	0.0	0.0	0.0	27085.914582268415	1904.8045736432257	-2732.214411155874	27289.925701808723	0.0	0.0	0.0	0.0	0.0	0.0	0.0	0.0	0.0	0.0	0.0	0.0	0.0	0.0	0.0	0.0	0.0	0.0	0.0	0.0	0.0	0.0	0.0	0.0	0.0	0.0	0.0	0.0	0.0	0.0	0.0	0.0	0.0	0.0	0.0	0.0	0.0	0.0	0.0	0.0	0.0	0.0	0.0	0.0	0.0	0.0	0.0	0.0	0.0	0.0	0.0	0.0	0.0	0.0	0.0	0.0	0.0	0.0	0.0	0.0	0.0	0.0	0.0	0.0	0.0	0.0	0.0	0.0	0.0	0.0	0.0	0.0	0.0	0.0	0.0	0.0	0.0	0.0	0.0	0.0	0.0	0.0	0.0	0.0	0.0	0.0	0.0	0.0	0.0	0.0	0.0	0.0	0.0	0.0	0.0	0.0	0.0	0.0	0.0	0.0	28.293853768770717	-2.3061462312292873	0.12040254635185628	-0.5475851364891441	35.89624195094143	0.2763590672615565	0.04361963052754029	-2.037641816192598	-0.00397623009424599
20.0	20.4615	2600.0	2586.5040074389667	0.39085206775252235	-0.4212221406087227	28.176365180762232	-98.1929347806017	17.67840014003741	-2.2154737228757995	99.79622536025866	-85.81768729525356	50.889122802753256	-2.215473722875828	99.79622536026291	1.2645521634961805e-15	0.0	1.2645521634961805e-15	24.289198356751257	23.905497329641012	-0.4335002907880089	-14.77162671795591	2.602354732427443	-0.004220441211246977	1.4320670344332376	0.0	0.0	0.0	0.0	0.0	0.0	0.0	0.0	0.0	0.0	0.0	0.0	0.0	0.0	0.0	0.0	0.0	0.0	0.0	0.0	0.0	0.0	0.0	0.0	0.0	0.0	0.0	0.0	0.0	0.0	0.0	0.0	0.0	0.0	0.0	0.0	0.0	0.0	0.0	0.0	0.0	0.0	0.0	0.0	0.0	0.0	0.0	0.0	27150.561168269178	2584.266311884896	-61.84120408304897	27273.342817799065	-26963.88208539323	-2353.0443055442815	3356.766082967197	27273.71689290999	0.0	0.0	0.0	0.0	0.0	0.0	0.0	0.0	0.0	0.0	0.0	0.0	0.0	0.0	0.0	0.0	0.0	0.0	0.0	0.0	0.0	0.0	0.0	0.0	0.0	0.0	0.0	0.0	27058.176309419337	1904.36105677384	-2843.2616707620577	27273.71689290999	0.0	0.0	0.0	0.0	0.0	0.0	0.0	0.0	0.0	0.0	0.0	0.0	0.0	0.0	0.0	0.0	0.0	0.0	0.0	0.0	0.0	0.0	0.0	0.0	0.0	0.0	0.0	0.0	0.0	0.0	0.0	0.0	0.0	0.0	0.0	0.0	0.0	0.0	0.0	0.0	0.0	0.0	0.0	0.0	0.0	0.0	0.0	0.0	0.0	0.0	0.0	0.0	0.0	0.0	0.0	0.0	0.0	0.0	0.0	0.0	0.0	0.0	0.0	0.0	0.0	0.0	0.0	0.0	0.0	0.0	0.0	0.0	0.0	0.0	0.0	0.0	0.0	0.0	0.0	0.0	0.0	0.0	0.0	0.0	0.0	0.0	0.0	0.0	0.0	0.0	0.0	0.0	0.0	0.0	0.0	0.0	0.0	0.0	0.0	0.0	28.319827675289094	-2.280172324710908	0.1203681427702416	-0.5449054240724538	35.85691081312331	0.27641195221616954	0.043582553732797236	-2.01437891518983	-0.004266437143475941
21.0	21.4612	2600.0	2586.54188100797	0.4053527546493967	-0.4072401318277772	28.184196573089025	-97.40898474639948	16.432129278888166	-3.058187751067209	98.8325740547273	-84.64312654931749	50.93197728263112	-3.058187751067266	98.83257405472649	2.2738322819005912e-15	0.0	2.2738322819005912e-15	24.447101927955483	24.06196492400283	-0.4261997349909195	-14.667718577206454	2.6256270519272373	-0.006663075229772189	1.4267929552418388	0.0	0.0	0.0	0.0	0.0	0.0	0.0	0.0	0.0	0.0	0.0	0.0	0.0	0.0	0.0	0.0	0.0	0.0	0.0	0.0	0.0	0.0	0.0	0.0	0.0	0.0	0.0	0.0	0.0	0.0	0.0	0.0	0.0	0.0	0.0	0.0	0.0	0.0	0.0	0.0	0.0	0.0	0.0	0.0	0.0	0.0	0.0	0.0	27169.342480209336	2583.753751692839	-64.7163190663607	27291.997773307976	-26967.726618769106	-2337.3182814796596	3485.9003386418035	27292.358580828986	0.0	0.0	0.0	0.0	0.0	0.0	0.0	0.0	0.0	0.0	0.0	0.0	0.0	0.0	0.0	0.0	0.0	0.0	0.0	0.0	0.0	0.0	0.0	0.0	0.0	0.0	0.0	0.0	27062.741894951283	1905.898781745951	-2974.6239872523943	27292.358580828986	0.0	0.0	0.0	0.0	0.0	0.0	0.0	0.0	0.0	0.0	0.0	0.0	0.0	0.0	0.0	0.0	0.0	0.0	0.0	0.0	0.0	0.0	0.0	0.0	0.0	0.0	0.0	0.0	0.0	0.0	0.0	0.0	0.0	0.0	0.0	0.0	0.0	0.0	0.0	0.0	0.0	0.0	0.0	0.0	0.0	0.0	0.0	0.0	0.0	0.0	0.0	0.0	0.0	0.0	0.0	0.0	0.0	0.0	0.0	0.0	0.0	0.0	0.0	0.0	0.0	0.0	0.0	0.0	0.0	0.0	0.0	0.0	0.0	0.0	0.0	0.0	0.0	0.0	0.0	0.0	0.0	0.0	0.0	0.0	0.0	0.0	0.0	0.0	0.0	0.0	0.0	0.0	0.0	0.0	0.0	0.0	0.0	0.0	0.0	0.0	28.34685580821591	-2.253144191784095	0.12036608685884459	-0.5425306421959075	35.81541680597028	0.2764648383928412	0.04355511482967953	-1.9897582688736528	-0.0044779318683661196
22.0	22.4608	2600.0	2586.4961687963446	0.4196090033921074	-0.3928224812739294	28.192220528204512	-96.46408730776373	32.12233812308842	-32.49400022410312	106.7381131422975	-76.87410318672299	66.53974004946939	-32.49400022410319	106.73811314229756	0.0	0.0	0.0	24.59762566932752	24.21142550263242	-0.418527263820495	-14.559467913235693	2.6485782191579155	-0.009257412088033354	1.4222654790582505	0.0	0.0	0.0	0.0	0.0	0.0	0.0	0.0	0.0	0.0	0.0	0.0	0.0	0.0	0.0	0.0	0.0	0.0	0.0	0.0	0.0	0.0	0.0	0.0	0.0	0.0	0.0	0.0	0.0	0.0	0.0	0.0	0.0	0.0	0.0	0.0	0.0	0.0	0.0	0.0	0.0	0.0	0.0	0.0	0.0	0.0	0.0	0.0	27520.426040545743	2614.4217293506717	-65.45445354304343	27644.40874241187	-27301.045755681607	-2351.102167272565	3654.2414979092596	27644.678722673132	0.0	0.0	0.0	0.0	0.0	0.0	0.0	0.0	0.0	0.0	0.0	0.0	0.0	0.0	0.0	0.0	0.0	0.0	0.0	0.0	0.0	0.0	0.0	0.0	0.0	0.0	0.0	0.0	27397.993606785858	1930.0473647816873	-3138.968807114326	27644.678722673132	0.0	0.0	0.0	0.0	0.0	0.0	0.0	0.0	0.0	0.0	0.0	0.0	0.0	0.0	0.0	0.0	0.0	0.0	0.0	0.0	0.0	0.0	0.0	0.0	0.0	0.0	0.0	0.0	0.0	0.0	0.0	0.0	0.0	0.0	0.0	0.0	0.0	0.0	0.0	0.0	0.0	0.0	0.0	0.0	0.0	0.0	0.0	0.0	0.0	0.0	0.0	0.0	0.0	0.0	0.0	0.0	0.0	0.0	0.0	0.0	0.0	0.0	0.0	0.0	0.0	0.0	0.0	0.0	0.0	0.0	0.0	0.0	0.0	0.0	0.0	0.0	0.0	0.0	0.0	0.0	0.0	0.0	0.0	0.0	0.0	0.0	0.0	0.0	0.0	0.0	0.0	0.0	0.0	0.0	0.0	0.0	0.0	0.0	0.0	0.0	28.374831158892803	-2.2251688411072092	0.12046341403694649	-0.5404700133097131	35.77181279588155	0.2765177724416586	0.043535751325609544	-1.9638788713853492	-0.00470311111431004
23.0	23.4601	2600.0	2586.8920208126315	0.4335991581508935	-0.3780108076983322	28.200412074844664	-94.42250874778617	44.47384742877329	-56.56141510419437	118.71279182098512	-68.91179369320345	78.38812380284071	-56.56141510419445	118.71279182098746	6.0960184894318074e-15	0.0	6.0960184894318074e-15	24.740584539655412	24.353809655661674	-0.41061135222067274	-14.446923096101338	2.6710771850325177	-0.01201267010204923	1.4183889500240252	0.0	0.0	0.0	0.0	0.0	0.0	0.0	0.0	0.0	0.0	0.0	0.0	0.0	0.0	0.0	0.0	0.0	0.0	0.0	0.0	0.0	0.0	0.0	0.0	0.0	0.0	0.0	0.0	0.0	0.0	0.0	0.0	0.0	0.0	0.0	0.0	0.0	0.0	0.0	0.0	0.0	0.0	0.0	0.0	0.0	0.0	0.0	0.0	27831.604271949767	2642.2412522907052	-66.5120294968157	27956.824909774492	-27595.030549081497	-2364.4505579308784	3811.6964285611016	27957.205996113902	0.0	0.0	0.0	0.0	0.0	0.0	0.0	0.0	0.0	0.0	0.0	0.0	0.0	0.0	0.0	0.0	0.0	0.0	0.0	0.0	0.0	0.0	0.0	0.0	0.0	0.0	0.0	0.0	27693.90200637423	1951.9960560484176	-3292.8513734542266	27957.205996113902	0.0	0.0	0.0	0.0	0.0	0.0	0.0	0.0	0.0	0.0	0.0	0.0	0.0	0.0	0.0	0.0	0.0	0.0	0.0	0.0	0.0	0.0	0.0	0.0	0.0	0.0	0.0	0.0	0.0	0.0	0.0	0.0	0.0	0.0	0.0	0.0	0.0	0.0	0.0	0.0	0.0	0.0	0.0	0.0	0.0	0.0	0.0	0.0	0.0	0.0	0.0	0.0	0.0	0.0	0.0	0.0	0.0	0.0	0.0	0.0	0.0	0.0	0.0	0.0	0.0	0.0	0.0	0.0	0.0	0.0	0.0	0.0	0.0	0.0	0.0	0.0	0.0	0.0	0.0	0.0	0.0	0.0	0.0	0.0	0.0	0.0	0.0	0.0	0.0	0.0	0.0	0.0	0.0	0.0	0.0	0.0	0.0	0.0	0.0	0.0	28.403696159863305	-2.1963038401366894	0.12065527975952287	-0.5386801765018887	35.72604988525615	0.27657066084110976	0.04352201775612285	-1.9368413461321694	-0.0048951150526972
24.0	24.4595	2600.0	2586.7927403649805	0.4470676786962137	-0.36274321791194347	28.208745410651687	-94.63809716129752	35.895669802383054	-47.687868870963264	111.88834337109068	-71.28216603284089	71.85903805743507	-47.687868870963335	111.88834337109293	0.0	0.0	0.0	24.87595349773636	24.48901249511811	-0.40236863957233987	-14.330024398594826	2.6928270253631106	-0.014793764312805536	1.4147435937393475	0.0	0.0	0.0	0.0	0.0	0.0	0.0	0.0	0.0	0.0	0.0	0.0	0.0	0.0	0.0	0.0	0.0	0.0	0.0	0.0	0.0	0.0	0.0	0.0	0.0	0.0	0.0	0.0	0.0	0.0	0.0	0.0	0.0	0.0	0.0	0.0	0.0	0.0	0.0	0.0	0.0	0.0	0.0	0.0	0.0	0.0	0.0	0.0	27834.22983428378	2640.7121949737975	-66.32365771934033	27959.293807104463	-27582.244073763693	-2351.4320932019014	3928.8028373684156	27959.701585827526	0.0	0.0	0.0	0.0	0.0	0.0	0.0	0.0	0.0	0.0	0.0	0.0	0.0	0.0	0.0	0.0	0.0	0.0	0.0	0.0	0.0	0.0	0.0	0.0	0.0	0.0	0.0	0.0	27681.949560557558	1952.142929439609	-3412.289448202144	27959.701585827526	0.0	0.0	0.0	0.0	0.0	0.0	0.0	0.0	0.0	0.0	0.0	0.0	0.0	0.0	0.0	0.0	0.0	0.0	0.0	0.0	0.0	0.0	0.0	0.0	0.0	0.0	0.0	0.0	0.0	0.0	0.0	0.0	0.0	0.0	0.0	0.0	0.0	0.0	0.0	0.0	0.0	0.0	0.0	0.0	0.0	0.0	0.0	0.0	0.0	0.0	0.0	0.0	0.0	0.0	0.0	0.0	0.0	0.0	0.0	0.0	0.0	0.0	0.0	0.0	0.0	0.0	0.0	0.0	0.0	0.0	0.0	0.0	0.0	0.0	0.0	0.0	0.0	0.0	0.0	0.0	0.0	0.0	0.0	0.0	0.0	0.0	0.0	0.0	0.0	0.0	0.0	0.0	0.0	0.0	0.0	0.0	0.0	0.0	0.0	0.0	28.433495168819444	-2.1665048311805606	0.12083348365680302	-0.5370039450620473	35.67815174677813	0.2766235485085187	0.043510573959371794	-1.9087568248841358	-0.00508383264008112
25.0	25.4589	2600.0	2586.7616405247186	0.45991260494934655	-0.34698956528364383	28.217200155086154	-94.84093954332343	37.00008090172196	-56.428003789796	116.39557299096701	-69.72627251302764	74.1758499892894	-56.42800378979606	116.39557299096816	0.0	0.0	0.0	25.003732716075465	24.616943043072332	-0.393723996145287	-14.208807050217448	2.713805703507186	-0.017593381098296123	1.4112177770737986	0.0	0.0	0.0	0.0	0.0	0.0	0.0	0.0	0.0	0.0	0.0	0.0	0.0	0.0	0.0	0.0	0.0	0.0	0.0	0.0	0.0	0.0	0.0	0.0	0.0	0.0	0.0	0.0	0.0	0.0	0.0	0.0	0.0	0.0	0.0	0.0	0.0	0.0	0.0	0.0	0.0	0.0	0.0	0.0	0.0	0.0	0.0	0.0	27854.948665905828	2641.0055051183153	-68.93516169270202	27979.954026317333	-27586.26337286327	-2339.1354503091616	4053.3368268908794	27980.40423160646	0.0	0.0	0.0	0.0	0.0	0.0	0.0	0.0	0.0	0.0	0.0	0.0	0.0	0.0	0.0	0.0	0.0	0.0	0.0	0.0	0.0	0.0	0.0	0.0	0.0	0.0	0.0	0.0	27686.854240237382	1953.656393938141	-3538.9758318437475	27980.40423160646	0.0	0.0	0.0	0.0	0.0	0.0	0.0	0.0	0.0	0.0	0.0	0.0	0.0	0.0	0.0	0.0	0.0	0.0	0.0	0.0	0.0	0.0	0.0	0.0	0.0	0.0	0.0	0.0	0.0	0.0	0.0	0.0	0.0	0.0	0.0	0.0	0.0	0.0	0.0	0.0	0.0	0.0	0.0	0.0	0.0	0.0	0.0	0.0	0.0	0.0	0.0	0.0	0.0	0.0	0.0	0.0	0.0	0.0	0.0	0.0	0.0	0.0	0.0	0.0	0.0	0.0	0.0	0.0	0.0	0.0	0.0	0.0	0.0	0.0	0.0	0.0	0.0	0.0	0.0	0.0	0.0	0.0	0.0	0.0	0.0	0.0	0.0	0.0	0.0	0.0	0.0	0.0	0.0	0.0	0.0	0.0	0.0	0.0	0.0	0.0	28.46424070563769	-2.135759294362309	0.12099360241102815	-0.5353946609883556	35.62814797634376	0.2766764307581151	0.043506031655083446	-1.879658787746232	-0.0052850864921296994
26.0	26.4585	2600.0	2586.7411375831825	0.4721177904947472	-0.33078064353040404	28.225748743544084	-95.18452381756093	46.0074801489318	-72.59863765094207	128.24719877175855	-64.71602807653106	83.59795161382499	-72.59863765094212	128.24719877175704	-1.5398867725315409e-15	0.0	-1.5398867725315409e-15	25.123748557492217	24.73749053079857	-0.38475664264802834	-14.083326247597606	2.733889048270367	-0.02041637430565387	1.4077335246421325	0.0	0.0	0.0	0.0	0.0	0.0	0.0	0.0	0.0	0.0	0.0	0.0	0.0	0.0	0.0	0.0	0.0	0.0	0.0	0.0	0.0	0.0	0.0	0.0	0.0	0.0	0.0	0.0	0.0	0.0	0.0	0.0	0.0	0.0	0.0	0.0	0.0	0.0	0.0	0.0	0.0	0.0	0.0	0.0	0.0	0.0	0.0	0.0	27894.603512718517	2642.9999939111876	-68.57272913918702	28019.619132293083	-27609.0528519045	-2329.7431272485396	4175.894044645113	28020.092674549112	0.0	0.0	0.0	0.0	0.0	0.0	0.0	0.0	0.0	0.0	0.0	0.0	0.0	0.0	0.0	0.0	0.0	0.0	0.0	0.0	0.0	0.0	0.0	0.0	0.0	0.0	0.0	0.0	27710.62704821896	1956.23944335172	-3663.3139812349023	28020.092674549112	0.0	0.0	0.0	0.0	0.0	0.0	0.0	0.0	0.0	0.0	0.0	0.0	0.0	0.0	0.0	0.0	0.0	0.0	0.0	0.0	0.0	0.0	0.0	0.0	0.0	0.0	0.0	0.0	0.0	0.0	0.0	0.0	0.0	0.0	0.0	0.0	0.0	0.0	0.0	0.0	0.0	0.0	0.0	0.0	0.0	0.0	0.0	0.0	0.0	0.0	0.0	0.0	0.0	0.0	0.0	0.0	0.0	0.0	0.0	0.0	0.0	0.0	0.0	0.0	0.0	0.0	0.0	0.0	0.0	0.0	0.0	0.0	0.0	0.0	0.0	0.0	0.0	0.0	0.0	0.0	0.0	0.0	0.0	0.0	0.0	0.0	0.0	0.0	0.0	0.0	0.0	0.0	0.0	0.0	0.0	0.0	0.0	0.0	0.0	0.0	28.495884296145704	-2.104115703854294	0.12113441136498888	-0.5338186054037777	35.57599281871451	0.2767293551768533	0.04349816345846339	-1.849629156198224	-0.005483208075956031
27.0	27.4581	2600.0	2586.533511922032	0.4836709141200245	-0.31414821468299975	28.23436365930164	-96.35889137314733	30.86070368040964	-57.243260220612804	116.2506336283672	-71.27399807183791	71.81529208440405	-57.24326022061283	116.25063362836963	0.0	0.0	0.0	25.235942253622547	24.850569956262586	-0.37545719743943934	-13.953626817114635	2.7529420039327417	-0.02325271994815177	1.404228975774269	0.0	0.0	0.0	0.0	0.0	0.0	0.0	0.0	0.0	0.0	0.0	0.0	0.0	0.0	0.0	0.0	0.0	0.0	0.0	0.0	0.0	0.0	0.0	0.0	0.0	0.0	0.0	0.0	0.0	0.0	0.0	0.0	0.0	0.0	0.0	0.0	0.0	0.0	0.0	0.0	0.0	0.0	0.0	0.0	0.0	0.0	0.0	0.0	27935.363281954225	2645.134261982139	-68.58717844938688	28060.398449767526	-27633.696614476325	-2323.67260284996	4288.514264378609	28060.862380581522	0.0	0.0	0.0	0.0	0.0	0.0	0.0	0.0	0.0	0.0	0.0	0.0	0.0	0.0	0.0	0.0	0.0	0.0	0.0	0.0	0.0	0.0	0.0	0.0	0.0	0.0	0.0	0.0	27736.346112536878	1959.2274545008668	-3777.370732272081	28060.862380581522	0.0	0.0	0.0	0.0	0.0	0.0	0.0	0.0	0.0	0.0	0.0	0.0	0.0	0.0	0.0	0.0	0.0	0.0	0.0	0.0	0.0	0.0	0.0	0.0	0.0	0.0	0.0	0.0	0.0	0.0	0.0	0.0	0.0	0.0	0.0	0.0	0.0	0.0	0.0	0.0	0.0	0.0	0.0	0.0	0.0	0.0	0.0	0.0	0.0	0.0	0.0	0.0	0.0	0.0	0.0	0.0	0.0	0.0	0.0	0.0	0.0	0.0	0.0	0.0	0.0	0.0	0.0	0.0	0.0	0.0	0.0	0.0	0.0	0.0	0.0	0.0	0.0	0.0	0.0	0.0	0.0	0.0	0.0	0.0	0.0	0.0	0.0	0.0	0.0	0.0	0.0	0.0	0.0	0.0	0.0	0.0	0.0	0.0	0.0	0.0	28.52837583202014	-2.071624167979859	0.12123546646653684	-0.532252064764043	35.521686296849914	0.2767822485891375	0.043484866356007075	-1.818741594817666	-0.0056785457405731194
28.0	28.4578	2600.0	2586.9943471078705	0.49460774044262407	-0.29713277112552045	28.24302186393857	-92.6677835395993	40.74394360683073	-77.44118205085908	127.45400630899344	-62.05564848751418	79.9780190900783	-77.44118205085914	127.45400630899428	-3.2481742196559652e-15	0.0	-3.2481742196559652e-15	25.3403374440536	24.95616748096067	-0.3658143121874028	-13.81977948316778	2.7709557400424596	-0.02613373909447265	1.4007375024558766	0.0	0.0	0.0	0.0	0.0	0.0	0.0	0.0	0.0	0.0	0.0	0.0	0.0	0.0	0.0	0.0	0.0	0.0	0.0	0.0	0.0	0.0	0.0	0.0	0.0	0.0	0.0	0.0	0.0	0.0	0.0	0.0	0.0	0.0	0.0	0.0	0.0	0.0	0.0	0.0	0.0	0.0	0.0	0.0	0.0	0.0	0.0	0.0	27995.902924036993	2649.1677480144044	-75.10413041808316	28121.06525222024	-27676.260144676104	-2317.131213013291	4413.7557192208205	28121.623569827218	0.0	0.0	0.0	0.0	0.0	0.0	0.0	0.0	0.0	0.0	0.0	0.0	0.0	0.0	0.0	0.0	0.0	0.0	0.0	0.0	0.0	0.0	0.0	0.0	0.0	0.0	0.0	0.0	27779.99892079268	1963.6066433764895	-3904.0518841208564	28121.623569827218	0.0	0.0	0.0	0.0	0.0	0.0	0.0	0.0	0.0	0.0	0.0	0.0	0.0	0.0	0.0	0.0	0.0	0.0	0.0	0.0	0.0	0.0	0.0	0.0	0.0	0.0	0.0	0.0	0.0	0.0	0.0	0.0	0.0	0.0	0.0	0.0	0.0	0.0	0.0	0.0	0.0	0.0	0.0	0.0	0.0	0.0	0.0	0.0	0.0	0.0	0.0	0.0	0.0	0.0	0.0	0.0	0.0	0.0	0.0	0.0	0.0	0.0	0.0	0.0	0.0	0.0	0.0	0.0	0.0	0.0	0.0	0.0	0.0	0.0	0.0	0.0	0.0	0.0	0.0	0.0	0.0	0.0	0.0	0.0	0.0	0.0	0.0	0.0	0.0	0.0	0.0	0.0	0.0	0.0	0.0	0.0	0.0	0.0	0.0	0.0	28.56165612923398	-2.038343870766021	0.12132146625590838	-0.5307019134109136	35.46526085956753	0.27683517302857386	0.043475013703703665	-1.7870488774462934	-0.005888890915649371
29.0	29.4575	2600.0	2586.8488053498068	0.5049180371105798	-0.279742519053063	28.251702969613092	-94.3247945526716	25.343625796238488	-61.38708458463813	115.35961333891942	-69.66709181751501	68.45409084629864	-61.38708458463818	115.35961333891903	2.999010306641642e-15	0.0	2.999010306641642e-15	25.436602254327987	25.054086762568446	-0.35598638040698954	-13.681842612233796	2.787995440519485	-0.029084190963393125	1.3973035723745921	0.0	0.0	0.0	0.0	0.0	0.0	0.0	0.0	0.0	0.0	0.0	0.0	0.0	0.0	0.0	0.0	0.0	0.0	0.0	0.0	0.0	0.0	0.0	0.0	0.0	0.0	0.0	0.0	0.0	0.0	0.0	0.0	0.0	0.0	0.0	0.0	0.0	0.0	0.0	0.0	0.0	0.0	0.0	0.0	0.0	0.0	0.0	0.0	28046.93627092326	2652.437574671891	-68.47581552482472	28172.162647018664	-27711.70330174123	-2315.235510516037	4517.059213797955	28172.728644805553	0.0	0.0	0.0	0.0	0.0	0.0	0.0	0.0	0.0	0.0	0.0	0.0	0.0	0.0	0.0	0.0	0.0	0.0	0.0	0.0	0.0	0.0	0.0	0.0	0.0	0.0	0.0	0.0	27816.624330509483	1967.2281421613814	-4008.4989192768235	28172.728644805553	0.0	0.0	0.0	0.0	0.0	0.0	0.0	0.0	0.0	0.0	0.0	0.0	0.0	0.0	0.0	0.0	0.0	0.0	0.0	0.0	0.0	0.0	0.0	0.0	0.0	0.0	0.0	0.0	0.0	0.0	0.0	0.0	0.0	0.0	0.0	0.0	0.0	0.0	0.0	0.0	0.0	0.0	0.0	0.0	0.0	0.0	0.0	0.0	0.0	0.0	0.0	0.0	0.0	0.0	0.0	0.0	0.0	0.0	0.0	0.0	0.0	0.0	0.0	0.0	0.0	0.0	0.0	0.0	0.0	0.0	0.0	0.0	0.0	0.0	0.0	0.0	0.0	0.0	0.0	0.0	0.0	0.0	0.0	0.0	0.0	0.0	0.0	0.0	0.0	0.0	0.0	0.0	0.0	0.0	0.0	0.0	0.0	0.0	0.0	0.0	28.59569756870327	-2.0043024312967286	0.1214261486037146	-0.5291838247103584	35.4066026233509	0.27688805420846974	0.043463623966742825	-1.7545627931875145	-0.00606761316645153
30.0	30.4573	2600.0	2587.1445999732014	0.5145850126383764	-0.26202987576182935	28.2603743818388	-92.25124125648867	35.36198832448645	-78.63129260586312	126.26813496877534	-61.596362690677786	77.24409255665886	-78.6312926058632	126.26813496877223	0.0	0.0	0.0	25.524841117228576	25.14435116953532	-0.34591567256478006	-13.53986243150556	2.803928574305343	-0.03209232029399388	1.3938501439542814	0.0	0.0	0.0	0.0	0.0	0.0	0.0	0.0	0.0	0.0	0.0	0.0	0.0	0.0	0.0	0.0	0.0	0.0	0.0	0.0	0.0	0.0	0.0	0.0	0.0	0.0	0.0	0.0	0.0	0.0	0.0	0.0	0.0	0.0	0.0	0.0	0.0	0.0	0.0	0.0	0.0	0.0	0.0	0.0	0.0	0.0	0.0	0.0	28154.063439408896	2660.7928654316247	-66.71072480611033	28279.596127664146	-27799.576438295997	-2313.6013293375468	4647.4003841708445	28280.161449160176	0.0	0.0	0.0	0.0	0.0	0.0	0.0	0.0	0.0	0.0	0.0	0.0	0.0	0.0	0.0	0.0	0.0	0.0	0.0	0.0	0.0	0.0	0.0	0.0	0.0	0.0	0.0	0.0	27905.763015328834	1974.6019336685713	-4139.670195368663	28280.161449160176	0.0	0.0	0.0	0.0	0.0	0.0	0.0	0.0	0.0	0.0	0.0	0.0	0.0	0.0	0.0	0.0	0.0	0.0	0.0	0.0	0.0	0.0	0.0	0.0	0.0	0.0	0.0	0.0	0.0	0.0	0.0	0.0	0.0	0.0	0.0	0.0	0.0	0.0	0.0	0.0	0.0	0.0	0.0	0.0	0.0	0.0	0.0	0.0	0.0	0.0	0.0	0.0	0.0	0.0	0.0	0.0	0.0	0.0	0.0	0.0	0.0	0.0	0.0	0.0	0.0	0.0	0.0	0.0	0.0	0.0	0.0	0.0	0.0	0.0	0.0	0.0	0.0	0.0	0.0	0.0	0.0	0.0	0.0	0.0	0.0	0.0	0.0	0.0	0.0	0.0	0.0	0.0	0.0	0.0	0.0	0.0	0.0	0.0	0.0	0.0	28.63042818563803	-1.9695718143619734	0.1215253234298737	-0.5276656443650884	35.345777314393175	0.27694093811802534	0.04345040995646299	-1.7213874606369275	-0.006234530907983599
31.0	31.4571	2600.0	2586.955071228111	0.5236432348284983	-0.2440445051511332	28.269012174997926	-93.79435322027214	39.31233744194105	-93.27865117912002	137.99908455114533	-59.49393077428977	82.48219669833271	-93.2786511791201	137.99908455114615	4.4672193047566555e-15	0.0	4.4672193047566555e-15	25.605252823682992	25.226797604745435	-0.3352625631362163	-13.393879575699229	2.818763395047	-0.03515908324845201	1.3904301344086363	0.0	0.0	0.0	0.0	0.0	0.0	0.0	0.0	0.0	0.0	0.0	0.0	0.0	0.0	0.0	0.0	0.0	0.0	0.0	0.0	0.0	0.0	0.0	0.0	0.0	0.0	0.0	0.0	0.0	0.0	0.0	0.0	0.0	0.0	0.0	0.0	0.0	0.0	0.0	0.0	0.0	0.0	0.0	0.0	0.0	0.0	0.0	0.0	28311.05653739857	2673.9733948197813	-80.0668102306517	28437.16699451764	-27933.831346023064	-2312.8459448396156	4802.008101172867	28437.782470445058	0.0	0.0	0.0	0.0	0.0	0.0	0.0	0.0	0.0	0.0	0.0	0.0	0.0	0.0	0.0	0.0	0.0	0.0	0.0	0.0	0.0	0.0	0.0	0.0	0.0	0.0	0.0	0.0	28041.41971654598	1985.71952311984	-4294.5512096561115	28437.782470445058	0.0	0.0	0.0	0.0	0.0	0.0	0.0	0.0	0.0	0.0	0.0	0.0	0.0	0.0	0.0	0.0	0.0	0.0	0.0	0.0	0.0	0.0	0.0	0.0	0.0	0.0	0.0	0.0	0.0	0.0	0.0	0.0	0.0	0.0	0.0	0.0	0.0	0.0	0.0	0.0	0.0	0.0	0.0	0.0	0.0	0.0	0.0	0.0	0.0	0.0	0.0	0.0	0.0	0.0	0.0	0.0	0.0	0.0	0.0	0.0	0.0	0.0	0.0	0.0	0.0	0.0	0.0	0.0	0.0	0.0	0.0	0.0	0.0	0.0	0.0	0.0	0.0	0.0	0.0	0.0	0.0	0.0	0.0	0.0	0.0	0.0	0.0	0.0	0.0	0.0	0.0	0.0	0.0	0.0	0.0	0.0	0.0	0.0	0.0	0.0	28.665778259147455	-1.9342217408525426	0.12163215550582483	-0.5261695761003818	35.282886278066826	0.27699382477821394	0.043435614283554615	-1.68757094469097	-0.006460099015393691
32.0	32.457	2600.0	2586.932815789262	0.5321019658537727	-0.2257831268740326	28.277602573280344	-93.96715876583315	43.760345046132	-101.51336983438799	145.0853506740534	-55.80426170819009	87.35375836381353	-101.51336983438807	145.08535067405302	-7.669332246926911e-15	0.0	-7.669332246926911e-15	25.677283965941015	25.301330704335072	-0.3245133953607547	-13.24396064109961	2.832506635663623	-0.03830365766888076	1.3870399559632394	0.0	0.0	0.0	0.0	0.0	0.0	0.0	0.0	0.0	0.0	0.0	0.0	0.0	0.0	0.0	0.0	0.0	0.0	0.0	0.0	0.0	0.0	0.0	0.0	0.0	0.0	0.0	0.0	0.0	0.0	0.0	0.0	0.0	0.0	0.0	0.0	0.0	0.0	0.0	0.0	0.0	0.0	0.0	0.0	0.0	0.0	0.0	0.0	28477.738119300542	2687.7373534251055	-75.41887661822871	28604.391069893623	-28079.61729818538	-2317.5090947705926	4940.043213518883	28604.890892438845	0.0	0.0	0.0	0.0	0.0	0.0	0.0	0.0	0.0	0.0	0.0	0.0	0.0	0.0	0.0	0.0	0.0	0.0	0.0	0.0	0.0	0.0	0.0	0.0	0.0	0.0	0.0	0.0	28188.7395570499	1997.1208778552175	-4432.409429686684	28604.890892438845	0.0	0.0	0.0	0.0	0.0	0.0	0.0	0.0	0.0	0.0	0.0	0.0	0.0	0.0	0.0	0.0	0.0	0.0	0.0	0.0	0.0	0.0	0.0	0.0	0.0	0.0	0.0	0.0	0.0	0.0	0.0	0.0	0.0	0.0	0.0	0.0	0.0	0.0	0.0	0.0	0.0	0.0	0.0	0.0	0.0	0.0	0.0	0.0	0.0	0.0	0.0	0.0	0.0	0.0	0.0	0.0	0.0	0.0	0.0	0.0	0.0	0.0	0.0	0.0	0.0	0.0	0.0	0.0	0.0	0.0	0.0	0.0	0.0	0.0	0.0	0.0	0.0	0.0	0.0	0.0	0.0	0.0	0.0	0.0	0.0	0.0	0.0	0.0	0.0	0.0	0.0	0.0	0.0	0.0	0.0	0.0	0.0	0.0	0.0	0.0	28.701730042796655	-1.898269957203347	0.12178267559256667	-0.5246923174590866	35.2177210834183	0.2770467069084919	0.04343275747991638	-1.6531343802799077	-0.00664321534320011
33.0	33.4569	2600.0	2586.7703231193655	0.5399291800699022	-0.2072777132171284	28.28611678573959	-95.14024353624382	49.438834526292325	-114.4748987163036	156.84504051949452	-52.11950947478181	93.69856472519677	-114.4748987163037	156.84504051949415	-1.4931055139107832e-15	0.0	-1.4931055139107832e-15	25.74123733711722	25.367963230394654	-0.31340416713777863	-13.090155781929282	2.845012934147762	-0.04150741742452248	1.3835975508170242	0.0	0.0	0.0	0.0	0.0	0.0	0.0	0.0	0.0	0.0	0.0	0.0	0.0	0.0	0.0	0.0	0.0	0.0	0.0	0.0	0.0	0.0	0.0	0.0	0.0	0.0	0.0	0.0	0.0	0.0	0.0	0.0	0.0	0.0	0.0	0.0	0.0	0.0	0.0	0.0	0.0	0.0	0.0	0.0	0.0	0.0	0.0	0.0	28654.89372087167	2702.5792551581453	-78.2858965572358	28782.16457229132	-28234.10517958696	-2321.7224611832385	5087.948466952096	28782.673782696118	0.0	0.0	0.0	0.0	0.0	0.0	0.0	0.0	0.0	0.0	0.0	0.0	0.0	0.0	0.0	0.0	0.0	0.0	0.0	0.0	0.0	0.0	0.0	0.0	0.0	0.0	0.0	0.0	28344.778060166373	2009.4088886693235	-4580.190249230952	28782.673782696118	0.0	0.0	0.0	0.0	0.0	0.0	0.0	0.0	0.0	0.0	0.0	0.0	0.0	0.0	0.0	0.0	0.0	0.0	0.0	0.0	0.0	0.0	0.0	0.0	0.0	0.0	0.0	0.0	0.0	0.0	0.0	0.0	0.0	0.0	0.0	0.0	0.0	0.0	0.0	0.0	0.0	0.0	0.0	0.0	0.0	0.0	0.0	0.0	0.0	0.0	0.0	0.0	0.0	0.0	0.0	0.0	0.0	0.0	0.0	0.0	0.0	0.0	0.0	0.0	0.0	0.0	0.0	0.0	0.0	0.0	0.0	0.0	0.0	0.0	0.0	0.0	0.0	0.0	0.0	0.0	0.0	0.0	0.0	0.0	0.0	0.0	0.0	0.0	0.0	0.0	0.0	0.0	0.0	0.0	0.0	0.0	0.0	0.0	0.0	0.0	28.738230310805545	-1.8617696891944528	0.12194421479658706	-0.5232002149147625	35.15042808129498	0.27709959143009083	0.04342223168827087	-1.618164184061817	-0.006848195785168261
34.0	34.4568	2600.0	2586.488829337059	0.5471081259865466	-0.18854078290573958	28.294533186278453	-96.80155011874922	67.0810269764588	-139.9801297642147	182.9339799337878	-41.86458435274471	110.08070159015914	-139.9801297642148	182.93397993378966	-2.191720422600115e-14	0.0	-2.191720422600115e-14	25.797026239393706	25.426732647172827	-0.30209049245948233	-12.932511330547074	2.856308608817319	-0.044770874523257995	1.3801228602397033	0.0	0.0	0.0	0.0	0.0	0.0	0.0	0.0	0.0	0.0	0.0	0.0	0.0	0.0	0.0	0.0	0.0	0.0	0.0	0.0	0.0	0.0	0.0	0.0	0.0	0.0	0.0	0.0	0.0	0.0	0.0	0.0	0.0	0.0	0.0	0.0	0.0	0.0	0.0	0.0	0.0	0.0	0.0	0.0	0.0	0.0	0.0	0.0	28830.128611967113	2717.159496161421	-93.1431096586442	28958.037695068735	-28381.08964157561	-2318.7448564397278	5266.922395046808	28958.648077350943	0.0	0.0	0.0	0.0	0.0	0.0	0.0	0.0	0.0	0.0	0.0	0.0	0.0	0.0	0.0	0.0	0.0	0.0	0.0	0.0	0.0	0.0	0.0	0.0	0.0	0.0	0.0	0.0	28493.13642738931	2021.4588389456464	-4760.060835797243	28958.648077350943	0.0	0.0	0.0	0.0	0.0	0.0	0.0	0.0	0.0	0.0	0.0	0.0	0.0	0.0	0.0	0.0	0.0	0.0	0.0	0.0	0.0	0.0	0.0	0.0	0.0	0.0	0.0	0.0	0.0	0.0	0.0	0.0	0.0	0.0	0.0	0.0	0.0	0.0	0.0	0.0	0.0	0.0	0.0	0.0	0.0	0.0	0.0	0.0	0.0	0.0	0.0	0.0	0.0	0.0	0.0	0.0	0.0	0.0	0.0	0.0	0.0	0.0	0.0	0.0	0.0	0.0	0.0	0.0	0.0	0.0	0.0	0.0	0.0	0.0	0.0	0.0	0.0	0.0	0.0	0.0	0.0	0.0	0.0	0.0	0.0	0.0	0.0	0.0	0.0	0.0	0.0	0.0	0.0	0.0	0.0	0.0	0.0	0.0	0.0	0.0	28.77524494985989	-1.824755050140112	0.12211794988921874	-0.5217022921922003	35.080991025161595	0.2771524713931762	0.043414976217149445	-1.5826855866818865	-0.00704255464058048
35.0	35.4569	2600.0	2586.555183899203	0.5535867114463656	-0.16951593467550924	28.302840469547153	-96.22344797339018	54.783256163966136	-125.8494081962088	167.62526849836945	-46.59983622106847	100.44208460592564	-125.8494081962089	167.62526849836914	0.0	0.0	0.0	25.84421537386286	25.477396507188658	-0.29079205388742024	-12.771089835538953	2.866421138275234	-0.04810193082737403	1.3765615458641276	0.0	0.0	0.0	0.0	0.0	0.0	0.0	0.0	0.0	0.0	0.0	0.0	0.0	0.0	0.0	0.0	0.0	0.0	0.0	0.0	0.0	0.0	0.0	0.0	0.0	0.0	0.0	0.0	0.0	0.0	0.0	0.0	0.0	0.0	0.0	0.0	0.0	0.0	0.0	0.0	0.0	0.0	0.0	0.0	0.0	0.0	0.0	0.0	28971.497840005744	2728.941698619874	-79.80298389901226	29099.84842579362	-28505.899210025404	-2330.9780174579046	5368.2957901563195	29100.48707462832	0.0	0.0	0.0	0.0	0.0	0.0	0.0	0.0	0.0	0.0	0.0	0.0	0.0	0.0	0.0	0.0	0.0	0.0	0.0	0.0	0.0	0.0	0.0	0.0	0.0	0.0	0.0	0.0	28619.58785752708	2031.5056091070694	-4861.123718448677	29100.48707462832	0.0	0.0	0.0	0.0	0.0	0.0	0.0	0.0	0.0	0.0	0.0	0.0	0.0	0.0	0.0	0.0	0.0	0.0	0.0	0.0	0.0	0.0	0.0	0.0	0.0	0.0	0.0	0.0	0.0	0.0	0.0	0.0	0.0	0.0	0.0	0.0	0.0	0.0	0.0	0.0	0.0	0.0	0.0	0.0	0.0	0.0	0.0	0.0	0.0	0.0	0.0	0.0	0.0	0.0	0.0	0.0	0.0	0.0	0.0	0.0	0.0	0.0	0.0	0.0	0.0	0.0	0.0	0.0	0.0	0.0	0.0	0.0	0.0	0.0	0.0	0.0	0.0	0.0	0.0	0.0	0.0	0.0	0.0	0.0	0.0	0.0	0.0	0.0	0.0	0.0	0.0	0.0	0.0	0.0	0.0	0.0	0.0	0.0	0.0	0.0	28.812807870224912	-1.7871921297750863	0.12231027199938237	-0.5201750001357645	35.00925035642522	0.2772053535808466	0.04342435442544307	-1.546688302435683	-0.007189626483424732
36.0	36.4571	2600.0	2586.3580487705995	0.5592870517547615	-0.15015849571733675	28.311018642523972	-98.1441947615472	57.991437991582636	-130.24559282777443	173.08727364188994	-44.47786361712132	104.96194307357656	-130.24559282777452	173.0872736418897	4.1808598080475644e-15	0.0	4.1808598080475644e-15	25.883378824441852	25.52004770578633	-0.27905984823918045	-12.605932705173235	2.8753178964830313	-0.051477948328188465	1.3728642456762394	0.0	0.0	0.0	0.0	0.0	0.0	0.0	0.0	0.0	0.0	0.0	0.0	0.0	0.0	0.0	0.0	0.0	0.0	0.0	0.0	0.0	0.0	0.0	0.0	0.0	0.0	0.0	0.0	0.0	0.0	0.0	0.0	0.0	0.0	0.0	0.0	0.0	0.0	0.0	0.0	0.0	0.0	0.0	0.0	0.0	0.0	0.0	0.0	29130.297175400054	2741.876788756706	-84.52925470860765	29259.1737246072	-28641.02605910537	-2335.7610487069605	5511.260259176315	29259.838397355954	0.0	0.0	0.0	0.0	0.0	0.0	0.0	0.0	0.0	0.0	0.0	0.0	0.0	0.0	0.0	0.0	0.0	0.0	0.0	0.0	0.0	0.0	0.0	0.0	0.0	0.0	0.0	0.0	28756.225686262103	2042.5320766405907	-5004.5669179300785	29259.838397355954	0.0	0.0	0.0	0.0	0.0	0.0	0.0	0.0	0.0	0.0	0.0	0.0	0.0	0.0	0.0	0.0	0.0	0.0	0.0	0.0	0.0	0.0	0.0	0.0	0.0	0.0	0.0	0.0	0.0	0.0	0.0	0.0	0.0	0.0	0.0	0.0	0.0	0.0	0.0	0.0	0.0	0.0	0.0	0.0	0.0	0.0	0.0	0.0	0.0	0.0	0.0	0.0	0.0	0.0	0.0	0.0	0.0	0.0	0.0	0.0	0.0	0.0	0.0	0.0	0.0	0.0	0.0	0.0	0.0	0.0	0.0	0.0	0.0	0.0	0.0	0.0	0.0	0.0	0.0	0.0	0.0	0.0	0.0	0.0	0.0	0.0	0.0	0.0	0.0	0.0	0.0	0.0	0.0	0.0	0.0	0.0	0.0	0.0	0.0	0.0	28.85094084705015	-1.749059152949851	0.12248181598604814	-0.5185996490816753	34.93546453042428	0.2772582276223288	0.0434261804364997	-1.510168681648549	-0.00737911923720104
37.0	37.4574	2600.0	2586.161340744784	0.5642962190050217	-0.1305987947648549	28.319034867989252	-99.1457705440166	60.4176288867311	-133.43714234356364	176.87748486983304	-41.95820188939249	108.25748468937311	-133.43714234356378	176.87748486983116	-1.1374596072661659e-15	0.0	-1.1374596072661659e-15	25.9141199942925	25.554512053543366	-0.26714429905238574	-12.437104354081807	2.8829303575773664	-0.05491186789350338	1.3690724640462852	0.0	0.0	0.0	0.0	0.0	0.0	0.0	0.0	0.0	0.0	0.0	0.0	0.0	0.0	0.0	0.0	0.0	0.0	0.0	0.0	0.0	0.0	0.0	0.0	0.0	0.0	0.0	0.0	0.0	0.0	0.0	0.0	0.0	0.0	0.0	0.0	0.0	0.0	0.0	0.0	0.0	0.0	0.0	0.0	0.0	0.0	0.0	0.0	29303.997149530936	2755.816061823507	-86.49785976274534	29433.420681022882	-28792.893057160298	-2345.4243380911203	5641.9659100818135	29434.05315713936	0.0	0.0	0.0	0.0	0.0	0.0	0.0	0.0	0.0	0.0	0.0	0.0	0.0	0.0	0.0	0.0	0.0	0.0	0.0	0.0	0.0	0.0	0.0	0.0	0.0	0.0	0.0	0.0	28909.721701478073	2054.292058417176	-5135.305301451642	29434.05315713936	0.0	0.0	0.0	0.0	0.0	0.0	0.0	0.0	0.0	0.0	0.0	0.0	0.0	0.0	0.0	0.0	0.0	0.0	0.0	0.0	0.0	0.0	0.0	0.0	0.0	0.0	0.0	0.0	0.0	0.0	0.0	0.0	0.0	0.0	0.0	0.0	0.0	0.0	0.0	0.0	0.0	0.0	0.0	0.0	0.0	0.0	0.0	0.0	0.0	0.0	0.0	0.0	0.0	0.0	0.0	0.0	0.0	0.0	0.0	0.0	0.0	0.0	0.0	0.0	0.0	0.0	0.0	0.0	0.0	0.0	0.0	0.0	0.0	0.0	0.0	0.0	0.0	0.0	0.0	0.0	0.0	0.0	0.0	0.0	0.0	0.0	0.0	0.0	0.0	0.0	0.0	0.0	0.0	0.0	0.0	0.0	0.0	0.0	0.0	0.0	28.889491983239775	-1.7105080167602265	0.12267838033061035	-0.5169926461892952	34.85948413160004	0.2773111086606506	0.04342485998388938	-1.4732623363841097	-0.00754843632162915
38.0	38.4577	2600.0	2586.1653406140786	0.5686533642470584	-0.11092965151927521	28.32685925123054	-99.81377885818888	51.41554384557458	-124.32291040886517	167.51875910302806	-46.18374676305756	102.3396801529743	-124.32291040886524	167.51875910302715	0.0	0.0	0.0	25.936348738708563	25.58070254331942	-0.2550782107096532	-12.264681100531021	2.8890822017536464	-0.058402193266660574	1.3651206288321178	0.0	0.0	0.0	0.0	0.0	0.0	0.0	0.0	0.0	0.0	0.0	0.0	0.0	0.0	0.0	0.0	0.0	0.0	0.0	0.0	0.0	0.0	0.0	0.0	0.0	0.0	0.0	0.0	0.0	0.0	0.0	0.0	0.0	0.0	0.0	0.0	0.0	0.0	0.0	0.0	0.0	0.0	0.0	0.0	0.0	0.0	0.0	0.0	29478.632216114936	2771.3780006333604	-79.76853180303397	29608.726017409634	-28948.03196156258	-2360.4492180888383	5758.196587253139	29609.409026461148	0.0	0.0	0.0	0.0	0.0	0.0	0.0	0.0	0.0	0.0	0.0	0.0	0.0	0.0	0.0	0.0	0.0	0.0	0.0	0.0	0.0	0.0	0.0	0.0	0.0	0.0	0.0	0.0	29066.623229774013	2067.6512143159093	-5251.031838655991	29609.409026461148	0.0	0.0	0.0	0.0	0.0	0.0	0.0	0.0	0.0	0.0	0.0	0.0	0.0	0.0	0.0	0.0	0.0	0.0	0.0	0.0	0.0	0.0	0.0	0.0	0.0	0.0	0.0	0.0	0.0	0.0	0.0	0.0	0.0	0.0	0.0	0.0	0.0	0.0	0.0	0.0	0.0	0.0	0.0	0.0	0.0	0.0	0.0	0.0	0.0	0.0	0.0	0.0	0.0	0.0	0.0	0.0	0.0	0.0	0.0	0.0	0.0	0.0	0.0	0.0	0.0	0.0	0.0	0.0	0.0	0.0	0.0	0.0	0.0	0.0	0.0	0.0	0.0	0.0	0.0	0.0	0.0	0.0	0.0	0.0	0.0	0.0	0.0	0.0	0.0	0.0	0.0	0.0	0.0	0.0	0.0	0.0	0.0	0.0	0.0	0.0	28.928345995276093	-1.6716540047239055	0.12287941801220821	-0.5153262729855779	34.781287315510966	0.27736392662635234	0.043431882831200565	-1.4361124537427201	-0.0077075171901027995
39.0	39.458	2600.0	2585.8227596690467	0.5723287932484586	-0.09114506580549746	28.334473435353065	-102.74423064904843	60.1618933110476	-138.83812987753515	182.89848727183622	-41.094301856766826	111.74564283827567	-138.83812987753527	182.89848727183582	1.447362002546152e-15	0.0	1.447362002546152e-15	25.950392991617313	25.598642519401178	-0.24259127357508506	-12.088697733710774	2.893840275210882	-0.06193617413385977	1.3610623009748004	0.0	0.0	0.0	0.0	0.0	0.0	0.0	0.0	0.0	0.0	0.0	0.0	0.0	0.0	0.0	0.0	0.0	0.0	0.0	0.0	0.0	0.0	0.0	0.0	0.0	0.0	0.0	0.0	0.0	0.0	0.0	0.0	0.0	0.0	0.0	0.0	0.0	0.0	0.0	0.0	0.0	0.0	0.0	0.0	0.0	0.0	0.0	0.0	29555.282151311956	2775.685745604767	-92.27183615743076	29685.478747929268	-28997.375926658755	-2354.6980526097154	5905.746293402477	29686.19633487877	0.0	0.0	0.0	0.0	0.0	0.0	0.0	0.0	0.0	0.0	0.0	0.0	0.0	0.0	0.0	0.0	0.0	0.0	0.0	0.0	0.0	0.0	0.0	0.0	0.0	0.0	0.0	0.0	29117.0139126801	2072.2765638558967	-5401.427911641243	29686.19633487877	0.0	0.0	0.0	0.0	0.0	0.0	0.0	0.0	0.0	0.0	0.0	0.0	0.0	0.0	0.0	0.0	0.0	0.0	0.0	0.0	0.0	0.0	0.0	0.0	0.0	0.0	0.0	0.0	0.0	0.0	0.0	0.0	0.0	0.0	0.0	0.0	0.0	0.0	0.0	0.0	0.0	0.0	0.0	0.0	0.0	0.0	0.0	0.0	0.0	0.0	0.0	0.0	0.0	0.0	0.0	0.0	0.0	0.0	0.0	0.0	0.0	0.0	0.0	0.0	0.0	0.0	0.0	0.0	0.0	0.0	0.0	0.0	0.0	0.0	0.0	0.0	0.0	0.0	0.0	0.0	0.0	0.0	0.0	0.0	0.0	0.0	0.0	0.0	0.0	0.0	0.0	0.0	0.0	0.0	0.0	0.0	0.0	0.0	0.0	0.0	28.967485530985257	-1.632514469014737	0.12307568282343963	-0.5136246167086699	34.701027203150396	0.27741680694246795	0.043441500459578064	-1.3987123450782537	-0.007904059701166824
40.0	40.4582	2600.0	2585.9233989350423	0.575260981935108	-0.07121971486748503	28.34185695175953	-101.88415564230856	51.7230354317835	-133.21743660882154	175.50652119465263	-43.958763957754854	105.4669646691764	-133.21743660882163	175.5065211946505	0.0	0.0	0.0	25.955704522846627	25.60824680507783	-0.23018053862868007	-11.909231094824584	2.897182038118541	-0.06552332521327131	1.3568780886616645	0.0	0.0	0.0	0.0	0.0	0.0	0.0	0.0	0.0	0.0	0.0	0.0	0.0	0.0	0.0	0.0	0.0	0.0	0.0	0.0	0.0	0.0	0.0	0.0	0.0	0.0	0.0	0.0	0.0	0.0	0.0	0.0	0.0	0.0	0.0	0.0	0.0	0.0	0.0	0.0	0.0	0.0	0.0	0.0	0.0	0.0	0.0	0.0	29551.248618523266	2772.709774093277	-86.9896560546932	29681.168804570116	-28976.482664121908	-2354.5936736262775	5986.0036131401785	29681.861434360304	0.0	0.0	0.0	0.0	0.0	0.0	0.0	0.0	0.0	0.0	0.0	0.0	0.0	0.0	0.0	0.0	0.0	0.0	0.0	0.0	0.0	0.0	0.0	0.0	0.0	0.0	0.0	0.0	29097.04141607502	2071.537530359204	-5484.871128850132	29681.861434360304	0.0	0.0	0.0	0.0	0.0	0.0	0.0	0.0	0.0	0.0	0.0	0.0	0.0	0.0	0.0	0.0	0.0	0.0	0.0	0.0	0.0	0.0	0.0	0.0	0.0	0.0	0.0	0.0	0.0	0.0	0.0	0.0	0.0	0.0	0.0	0.0	0.0	0.0	0.0	0.0	0.0	0.0	0.0	0.0	0.0	0.0	0.0	0.0	0.0	0.0	0.0	0.0	0.0	0.0	0.0	0.0	0.0	0.0	0.0	0.0	0.0	0.0	0.0	0.0	0.0	0.0	0.0	0.0	0.0	0.0	0.0	0.0	0.0	0.0	0.0	0.0	0.0	0.0	0.0	0.0	0.0	0.0	0.0	0.0	0.0	0.0	0.0	0.0	0.0	0.0	0.0	0.0	0.0	0.0	0.0	0.0	0.0	0.0	0.0	0.0	29.006911993304826	-1.593088006695176	0.12324889161304804	-0.5118790975621508	34.61849523204293	0.27746966522923455	0.0434542121933801	-1.3610684528067192	-0.00804664154728602
41.0	41.4585	2600.0	2585.999338115079	0.5774413777187521	-0.051202217592351496	28.348982463700803	-101.16116540018083	61.34998818131861	-162.4559161242846	200.97096088428114	-35.195327060864656	112.95437746298192	-162.45591612428467	200.9709608842821	0.0	0.0	0.0	25.952646858442982	25.61001754734001	-0.2180289833252868	-11.726329676080162	2.899104733176215	-0.06915645839872005	1.352610924642875	0.0	0.0	0.0	0.0	0.0	0.0	0.0	0.0	0.0	0.0	0.0	0.0	0.0	0.0	0.0	0.0	0.0	0.0	0.0	0.0	0.0	0.0	0.0	0.0	0.0	0.0	0.0	0.0	0.0	0.0	0.0	0.0	0.0	0.0	0.0	0.0	0.0	0.0	0.0	0.0	0.0	0.0	0.0	0.0	0.0	0.0	0.0	0.0	29554.614054043675	2771.9521766243074	-110.15923671549486	29684.52569623443	-28955.23882711871	-2348.309220058202	6107.037521682379	29685.287922129537	0.0	0.0	0.0	0.0	0.0	0.0	0.0	0.0	0.0	0.0	0.0	0.0	0.0	0.0	0.0	0.0	0.0	0.0	0.0	0.0	0.0	0.0	0.0	0.0	0.0	0.0	0.0	0.0	29076.596306397256	2072.9280389376217	-5609.887307238973	29685.287922129537	0.0	0.0	0.0	0.0	0.0	0.0	0.0	0.0	0.0	0.0	0.0	0.0	0.0	0.0	0.0	0.0	0.0	0.0	0.0	0.0	0.0	0.0	0.0	0.0	0.0	0.0	0.0	0.0	0.0	0.0	0.0	0.0	0.0	0.0	0.0	0.0	0.0	0.0	0.0	0.0	0.0	0.0	0.0	0.0	0.0	0.0	0.0	0.0	0.0	0.0	0.0	0.0	0.0	0.0	0.0	0.0	0.0	0.0	0.0	0.0	0.0	0.0	0.0	0.0	0.0	0.0	0.0	0.0	0.0	0.0	0.0	0.0	0.0	0.0	0.0	0.0	0.0	0.0	0.0	0.0	0.0	0.0	0.0	0.0	0.0	0.0	0.0	0.0	0.0	0.0	0.0	0.0	0.0	0.0	0.0	0.0	0.0	0.0	0.0	0.0	29.046553381438684	-1.5534466185613167	0.12337216307629388	-0.5101068521422671	34.53385743201644	0.2775225330137223	0.0434613564152522	-1.3232356505449456	-0.008188342875225279
42.0	42.4588	2600.0	2585.9811390771197	0.5788996561502506	-0.031100529066502524	28.355839661970997	-101.87332519772369	65.71854014245763	-182.7034291094924	219.26614858127166	-30.79449699887482	117.25527646925548	-182.7034291094925	219.2661485812678	0.0	0.0	0.0	25.94081818550218	25.607936622241823	-0.2106322621726444	-11.540057566688466	2.899637500210861	-0.07284409801198019	1.3482530002708488	0.0	0.0	0.0	0.0	0.0	0.0	0.0	0.0	0.0	0.0	0.0	0.0	0.0	0.0	0.0	0.0	0.0	0.0	0.0	0.0	0.0	0.0	0.0	0.0	0.0	0.0	0.0	0.0	0.0	0.0	0.0	0.0	0.0	0.0	0.0	0.0	0.0	0.0	0.0	0.0	0.0	0.0	0.0	0.0	0.0	0.0	0.0	0.0	29558.434379620907	2762.426213071047	-132.8173819744964	29687.534118110445	-28934.69246194996	-2334.457796411524	6223.649691508984	29688.38049731696	0.0	0.0	0.0	0.0	0.0	0.0	0.0	0.0	0.0	0.0	0.0	0.0	0.0	0.0	0.0	0.0	0.0	0.0	0.0	0.0	0.0	0.0	0.0	0.0	0.0	0.0	0.0	0.0	29055.916621057044	2065.5676882599996	-5734.725450173491	29688.38049731696	0.0	0.0	0.0	0.0	0.0	0.0	0.0	0.0	0.0	0.0	0.0	0.0	0.0	0.0	0.0	0.0	0.0	0.0	0.0	0.0	0.0	0.0	0.0	0.0	0.0	0.0	0.0	0.0	0.0	0.0	0.0	0.0	0.0	0.0	0.0	0.0	0.0	0.0	0.0	0.0	0.0	0.0	0.0	0.0	0.0	0.0	0.0	0.0	0.0	0.0	0.0	0.0	0.0	0.0	0.0	0.0	0.0	0.0	0.0	0.0	0.0	0.0	0.0	0.0	0.0	0.0	0.0	0.0	0.0	0.0	0.0	0.0	0.0	0.0	0.0	0.0	0.0	0.0	0.0	0.0	0.0	0.0	0.0	0.0	0.0	0.0	0.0	0.0	0.0	0.0	0.0	0.0	0.0	0.0	0.0	0.0	0.0	0.0	0.0	0.0	29.086378109084077	-1.5136218909159278	0.12348664336428376	-0.5083061926691472	34.446959907372246	0.2775753007134085	0.04349134582894423	-1.2852475950107485	-0.008219806769900683
43.0	43.459	2600.0	2585.6326535362123	0.5796117697144646	-0.010927765270201038	28.36240721135251	-102.82459767394994	58.29346095427536	-181.3492138031828	216.46838758550828	-34.54063053314166	113.03968470944892	-181.34921380318286	216.4683875855114	0.0	0.0	0.0	25.920388141601713	25.59774413200735	-0.20350915465415634	-11.350472665507112	2.898854373998558	-0.07659765871258103	1.3438994510841555	0.0	0.0	0.0	0.0	0.0	0.0	0.0	0.0	0.0	0.0	0.0	0.0	0.0	0.0	0.0	0.0	0.0	0.0	0.0	0.0	0.0	0.0	0.0	0.0	0.0	0.0	0.0	0.0	0.0	0.0	0.0	0.0	0.0	0.0	0.0	0.0	0.0	0.0	0.0	0.0	0.0	0.0	0.0	0.0	0.0	0.0	0.0	0.0	29553.953348673014	2750.0246860970196	-134.00978744190215	29681.926368293785	-28909.53902044305	-2322.8316617211667	6316.795687065045	29682.63635621569	0.0	0.0	0.0	0.0	0.0	0.0	0.0	0.0	0.0	0.0	0.0	0.0	0.0	0.0	0.0	0.0	0.0	0.0	0.0	0.0	0.0	0.0	0.0	0.0	0.0	0.0	0.0	0.0	29030.49347502062	2055.535895625268	-5836.447706775028	29682.63635621569	0.0	0.0	0.0	0.0	0.0	0.0	0.0	0.0	0.0	0.0	0.0	0.0	0.0	0.0	0.0	0.0	0.0	0.0	0.0	0.0	0.0	0.0	0.0	0.0	0.0	0.0	0.0	0.0	0.0	0.0	0.0	0.0	0.0	0.0	0.0	0.0	0.0	0.0	0.0	0.0	0.0	0.0	0.0	0.0	0.0	0.0	0.0	0.0	0.0	0.0	0.0	0.0	0.0	0.0	0.0	0.0	0.0	0.0	0.0	0.0	0.0	0.0	0.0	0.0	0.0	0.0	0.0	0.0	0.0	0.0	0.0	0.0	0.0	0.0	0.0	0.0	0.0	0.0	0.0	0.0	0.0	0.0	0.0	0.0	0.0	0.0	0.0	0.0	0.0	0.0	0.0	0.0	0.0	0.0	0.0	0.0	0.0	0.0	0.0	0.0	29.126349039314228	-1.4736509606857668	0.12356388293459136	-0.5065173271107344	34.35788804084053	0.27762750503410305	0.04351996300010389	-1.2471007816730513	-0.00824280049365153
44.0	44.4592	2600.0	2585.9112182198855	0.5796353390264419	0.009237783906985372	28.36866707180527	-101.97235505204478	65.75934845210938	-199.35878502589975	233.38075814151674	-26.7247183757172	118.35726649194477	-199.3587850258998	233.38075814151762	0.0	0.0	0.0	25.891605548330936	25.57892553775144	-0.19592042137876803	-11.157621058922562	2.8967172412463382	-0.08040187012192923	1.3395444238427106	0.0	0.0	0.0	0.0	0.0	0.0	0.0	0.0	0.0	0.0	0.0	0.0	0.0	0.0	0.0	0.0	0.0	0.0	0.0	0.0	0.0	0.0	0.0	0.0	0.0	0.0	0.0	0.0	0.0	0.0	0.0	0.0	0.0	0.0	0.0	0.0	0.0	0.0	0.0	0.0	0.0	0.0	0.0	0.0	0.0	0.0	0.0	0.0	29562.258628364227	2743.054114239135	-135.4667767264033	29689.557631118994	-28897.074165715967	-2317.0156824503074	6411.791669818213	29690.411405515424	0.0	0.0	0.0	0.0	0.0	0.0	0.0	0.0	0.0	0.0	0.0	0.0	0.0	0.0	0.0	0.0	0.0	0.0	0.0	0.0	0.0	0.0	0.0	0.0	0.0	0.0	0.0	0.0	29018.020725026785	2050.6063409798458	-5938.8564778928085	29690.411405515424	0.0	0.0	0.0	0.0	0.0	0.0	0.0	0.0	0.0	0.0	0.0	0.0	0.0	0.0	0.0	0.0	0.0	0.0	0.0	0.0	0.0	0.0	0.0	0.0	0.0	0.0	0.0	0.0	0.0	0.0	0.0	0.0	0.0	0.0	0.0	0.0	0.0	0.0	0.0	0.0	0.0	0.0	0.0	0.0	0.0	0.0	0.0	0.0	0.0	0.0	0.0	0.0	0.0	0.0	0.0	0.0	0.0	0.0	0.0	0.0	0.0	0.0	0.0	0.0	0.0	0.0	0.0	0.0	0.0	0.0	0.0	0.0	0.0	0.0	0.0	0.0	0.0	0.0	0.0	0.0	0.0	0.0	0.0	0.0	0.0	0.0	0.0	0.0	0.0	0.0	0.0	0.0	0.0	0.0	0.0	0.0	0.0	0.0	0.0	0.0	29.16636447791177	-1.433635522088231	0.12364040674855699	-0.5047397064982276	34.266757891083465	0.2776793444691329	0.04353644455044764	-1.2088976848522093	-0.00833476874574508
45.0	45.4594	2600.0	2585.5509965959336	0.5789661512553496	0.029331455499925146	28.374593442361913	-104.39895258944307	63.097891230281675	-203.3631453298994	237.14353049988733	-28.25377769256738	118.66848455078431	-203.36314532989948	237.1435304998864	0.0	0.0	0.0	25.855300542872875	25.550744468617534	-0.18631895144446686	-10.961558849936901	2.892943821242673	-0.08419791789511728	1.33496704339399	0.0	0.0	0.0	0.0	0.0	0.0	0.0	0.0	0.0	0.0	0.0	0.0	0.0	0.0	0.0	0.0	0.0	0.0	0.0	0.0	0.0	0.0	0.0	0.0	0.0	0.0	0.0	0.0	0.0	0.0	0.0	0.0	0.0	0.0	0.0	0.0	0.0	0.0	0.0	0.0	0.0	0.0	0.0	0.0	0.0	0.0	0.0	0.0	29563.686996513767	2763.281846280959	-141.20639320587756	29692.8822217599	-28873.90264070924	-2335.6263705895444	6523.697866689903	29693.70367778334	0.0	0.0	0.0	0.0	0.0	0.0	0.0	0.0	0.0	0.0	0.0	0.0	0.0	0.0	0.0	0.0	0.0	0.0	0.0	0.0	0.0	0.0	0.0	0.0	0.0	0.0	0.0	0.0	28996.316137654416	2073.2000829473563	-6052.39869516816	29693.70367778334	0.0	0.0	0.0	0.0	0.0	0.0	0.0	0.0	0.0	0.0	0.0	0.0	0.0	0.0	0.0	0.0	0.0	0.0	0.0	0.0	0.0	0.0	0.0	0.0	0.0	0.0	0.0	0.0	0.0	0.0	0.0	0.0	0.0	0.0	0.0	0.0	0.0	0.0	0.0	0.0	0.0	0.0	0.0	0.0	0.0	0.0	0.0	0.0	0.0	0.0	0.0	0.0	0.0	0.0	0.0	0.0	0.0	0.0	0.0	0.0	0.0	0.0	0.0	0.0	0.0	0.0	0.0	0.0	0.0	0.0	0.0	0.0	0.0	0.0	0.0	0.0	0.0	0.0	0.0	0.0	0.0	0.0	0.0	0.0	0.0	0.0	0.0	0.0	0.0	0.0	0.0	0.0	0.0	0.0	0.0	0.0	0.0	0.0	0.0	0.0	29.206335927937918	-1.3936640720620799	0.12368635222997693	-0.5028750688917121	34.1739305353989	0.2777318398946989	0.04346736128870546	-1.1708251440695858	-0.00883372525646333
46.0	46.4595	2600.0	2585.5692565635372	0.5776022792571738	0.04938557614115757	28.38018166972269	-104.32955682089778	45.59100357841816	-186.9770988839344	218.91466725823744	-38.82088303886485	107.03333627340177	-186.97709888393445	218.91466725823764	0.0	0.0	0.0	25.809369515563198	25.514751867059573	-0.17842554645839556	-10.7623543446089	2.887778227178921	-0.08803287640605258	1.3303200789239875	0.0	0.0	0.0	0.0	0.0	0.0	0.0	0.0	0.0	0.0	0.0	0.0	0.0	0.0	0.0	0.0	0.0	0.0	0.0	0.0	0.0	0.0	0.0	0.0	0.0	0.0	0.0	0.0	0.0	0.0	0.0	0.0	0.0	0.0	0.0	0.0	0.0	0.0	0.0	0.0	0.0	0.0	0.0	0.0	0.0	0.0	0.0	0.0	29557.09661214025	2760.2941295881847	-129.51983017164662	29685.98927453217	-28853.46741683585	-2341.836822552949	6579.81835223668	29686.710683844776	0.0	0.0	0.0	0.0	0.0	0.0	0.0	0.0	0.0	0.0	0.0	0.0	0.0	0.0	0.0	0.0	0.0	0.0	0.0	0.0	0.0	0.0	0.0	0.0	0.0	0.0	0.0	0.0	28976.11350001793	2072.67038164773	-6114.709735500307	29686.710683844776	0.0	0.0	0.0	0.0	0.0	0.0	0.0	0.0	0.0	0.0	0.0	0.0	0.0	0.0	0.0	0.0	0.0	0.0	0.0	0.0	0.0	0.0	0.0	0.0	0.0	0.0	0.0	0.0	0.0	0.0	0.0	0.0	0.0	0.0	0.0	0.0	0.0	0.0	0.0	0.0	0.0	0.0	0.0	0.0	0.0	0.0	0.0	0.0	0.0	0.0	0.0	0.0	0.0	0.0	0.0	0.0	0.0	0.0	0.0	0.0	0.0	0.0	0.0	0.0	0.0	0.0	0.0	0.0	0.0	0.0	0.0	0.0	0.0	0.0	0.0	0.0	0.0	0.0	0.0	0.0	0.0	0.0	0.0	0.0	0.0	0.0	0.0	0.0	0.0	0.0	0.0	0.0	0.0	0.0	0.0	0.0	0.0	0.0	0.0	0.0	29.246271489995166	-1.3537285100048349	0.12373480266692025	-0.5009934607008381	34.07854332657105	0.2777847126970883	0.04348074622474807	-1.1328064721774025	-0.008940421588178649
47.0	47.4596	2600.0	2585.574107588804	0.5755258261004788	0.06938192931788587	28.385413586327687	-104.51116240960893	54.83328280434215	-204.20079181993017	235.85426718886194	-30.25985001700247	114.07722580891642	-204.2007918199303	235.85426718886498	-7.913339281374353e-15	0.0	-7.913339281374353e-15	25.755213240872887	25.470246929272406	-0.1701629091992357	-10.560051489590315	2.881265564462773	-0.09189587953036961	1.3256649541854608	0.0	0.0	0.0	0.0	0.0	0.0	0.0	0.0	0.0	0.0	0.0	0.0	0.0	0.0	0.0	0.0	0.0	0.0	0.0	0.0	0.0	0.0	0.0	0.0	0.0	0.0	0.0	0.0	0.0	0.0	0.0	0.0	0.0	0.0	0.0	0.0	0.0	0.0	0.0	0.0	0.0	0.0	0.0	0.0	0.0	0.0	0.0	0.0	29562.4780179979	2756.8449688447854	-140.0713913045346	29691.07476568532	-28834.550533793918	-2338.1566001519545	6686.716502992663	29691.92581096996	0.0	0.0	0.0	0.0	0.0	0.0	0.0	0.0	0.0	0.0	0.0	0.0	0.0	0.0	0.0	0.0	0.0	0.0	0.0	0.0	0.0	0.0	0.0	0.0	0.0	0.0	0.0	0.0	28957.226418720205	2071.588482260447	-6228.805476115178	29691.92581096996	0.0	0.0	0.0	0.0	0.0	0.0	0.0	0.0	0.0	0.0	0.0	0.0	0.0	0.0	0.0	0.0	0.0	0.0	0.0	0.0	0.0	0.0	0.0	0.0	0.0	0.0	0.0	0.0	0.0	0.0	0.0	0.0	0.0	0.0	0.0	0.0	0.0	0.0	0.0	0.0	0.0	0.0	0.0	0.0	0.0	0.0	0.0	0.0	0.0	0.0	0.0	0.0	0.0	0.0	0.0	0.0	0.0	0.0	0.0	0.0	0.0	0.0	0.0	0.0	0.0	0.0	0.0	0.0	0.0	0.0	0.0	0.0	0.0	0.0	0.0	0.0	0.0	0.0	0.0	0.0	0.0	0.0	0.0	0.0	0.0	0.0	0.0	0.0	0.0	0.0	0.0	0.0	0.0	0.0	0.0	0.0	0.0	0.0	0.0	0.0	29.28612873656316	-1.3138712634368375	0.12375925300853385	-0.49911958888596075	33.981191094984005	0.2778375689592694	0.043486575231672535	-1.0948582527018835	-0.009093876009152001
48.0	48.4597	2600.0	2585.6089057117233	0.5727459571350005	0.08932166233130898	28.390281072423747	-103.98199894724166	51.75211155808938	-217.56029560041355	246.62323365312605	-30.219366580608035	112.14868273524915	-217.56029560041358	246.62323365312537	2.6588177212365845e-15	0.0	2.6588177212365845e-15	25.692438995939217	25.41713313097777	-0.161861572449303	-10.354711743028634	2.8734423454704094	-0.09578862812296587	1.320989931503819	0.0	0.0	0.0	0.0	0.0	0.0	0.0	0.0	0.0	0.0	0.0	0.0	0.0	0.0	0.0	0.0	0.0	0.0	0.0	0.0	0.0	0.0	0.0	0.0	0.0	0.0	0.0	0.0	0.0	0.0	0.0	0.0	0.0	0.0	0.0	0.0	0.0	0.0	0.0	0.0	0.0	0.0	0.0	0.0	0.0	0.0	0.0	0.0	29563.466961626757	2752.8258174200782	-141.768094321885	29691.694578868657	-28814.990233725886	-2338.0555387629915	6773.170585033107	29692.524406759625	0.0	0.0	0.0	0.0	0.0	0.0	0.0	0.0	0.0	0.0	0.0	0.0	0.0	0.0	0.0	0.0	0.0	0.0	0.0	0.0	0.0	0.0	0.0	0.0	0.0	0.0	0.0	0.0	28937.68071377147	2069.9143355781744	-6322.34886709065	29692.524406759625	0.0	0.0	0.0	0.0	0.0	0.0	0.0	0.0	0.0	0.0	0.0	0.0	0.0	0.0	0.0	0.0	0.0	0.0	0.0	0.0	0.0	0.0	0.0	0.0	0.0	0.0	0.0	0.0	0.0	0.0	0.0	0.0	0.0	0.0	0.0	0.0	0.0	0.0	0.0	0.0	0.0	0.0	0.0	0.0	0.0	0.0	0.0	0.0	0.0	0.0	0.0	0.0	0.0	0.0	0.0	0.0	0.0	0.0	0.0	0.0	0.0	0.0	0.0	0.0	0.0	0.0	0.0	0.0	0.0	0.0	0.0	0.0	0.0	0.0	0.0	0.0	0.0	0.0	0.0	0.0	0.0	0.0	0.0	0.0	0.0	0.0	0.0	0.0	0.0	0.0	0.0	0.0	0.0	0.0	0.0	0.0	0.0	0.0	0.0	0.0	29.325884747369386	-1.2741152526306152	0.12379348905665159	-0.4972509464445088	33.88172316128674	0.2778903148456661	0.043493539969051205	-1.0570059805887382	-0.009226572728465464
49.0	49.4599	2600.0	2585.525802768651	0.5692453728868437	0.1091685140077014	28.39476361619323	-104.6053190163311	47.646293054756825	-218.26933711096078	246.68592487457894	-31.782603782696235	110.46405797887566	-218.26933711096083	246.68592487457917	0.0	0.0	0.0	25.621286604169537	25.355265812071934	-0.153170235704265	-10.146395303880968	2.8642679911446813	-0.0996986375992278	1.3162771686697063	0.0	0.0	0.0	0.0	0.0	0.0	0.0	0.0	0.0	0.0	0.0	0.0	0.0	0.0	0.0	0.0	0.0	0.0	0.0	0.0	0.0	0.0	0.0	0.0	0.0	0.0	0.0	0.0	0.0	0.0	0.0	0.0	0.0	0.0	0.0	0.0	0.0	0.0	0.0	0.0	0.0	0.0	0.0	0.0	0.0	0.0	0.0	0.0	29562.71526841826	2753.352605566515	-143.1569347206358	29691.00164225028	-28793.855908786056	-2343.2595060320214	6857.793411709861	29691.856352983967	0.0	0.0	0.0	0.0	0.0	0.0	0.0	0.0	0.0	0.0	0.0	0.0	0.0	0.0	0.0	0.0	0.0	0.0	0.0	0.0	0.0	0.0	0.0	0.0	0.0	0.0	0.0	0.0	28916.78854311971	2072.9028860529447	-6413.169860819867	29691.856352983967	0.0	0.0	0.0	0.0	0.0	0.0	0.0	0.0	0.0	0.0	0.0	0.0	0.0	0.0	0.0	0.0	0.0	0.0	0.0	0.0	0.0	0.0	0.0	0.0	0.0	0.0	0.0	0.0	0.0	0.0	0.0	0.0	0.0	0.0	0.0	0.0	0.0	0.0	0.0	0.0	0.0	0.0	0.0	0.0	0.0	0.0	0.0	0.0	0.0	0.0	0.0	0.0	0.0	0.0	0.0	0.0	0.0	0.0	0.0	0.0	0.0	0.0	0.0	0.0	0.0	0.0	0.0	0.0	0.0	0.0	0.0	0.0	0.0	0.0	0.0	0.0	0.0	0.0	0.0	0.0	0.0	0.0	0.0	0.0	0.0	0.0	0.0	0.0	0.0	0.0	0.0	0.0	0.0	0.0	0.0	0.0	0.0	0.0	0.0	0.0	29.36547925327206	-1.2345207467279378	0.1238097861908242	-0.4953782080288563	33.780252002212066	0.27794318055703976	0.04347974711321365	-1.0193191556893857	-0.009407878501917122
50.0	50.46	2600.0	2585.764030815169	0.5650647324524374	0.1288729695431732	28.398851959199906	-102.83048818341373	53.98511390524072	-235.82874791243228	262.8758265138629	-23.831382271699113	113.66867221192294	-235.8287479124324	262.8758265138638	-1.2086120045245496e-14	0.0	-1.2086120045245496e-14	25.54144368889311	25.284995104533525	-0.14479169303412331	-9.93515993698174	2.8537804673327276	-0.10362845339658215	1.311559304611545	0.0	0.0	0.0	0.0	0.0	0.0	0.0	0.0	0.0	0.0	0.0	0.0	0.0	0.0	0.0	0.0	0.0	0.0	0.0	0.0	0.0	0.0	0.0	0.0	0.0	0.0	0.0	0.0	0.0	0.0	0.0	0.0	0.0	0.0	0.0	0.0	0.0	0.0	0.0	0.0	0.0	0.0	0.0	0.0	0.0	0.0	0.0	0.0	29568.28004239464	2747.982539925564	-144.68436664300154	29696.052368474153	-28779.162012680557	-2343.19930505454	6941.0340094574485	29696.94769257893	0.0	0.0	0.0	0.0	0.0	0.0	0.0	0.0	0.0	0.0	0.0	0.0	0.0	0.0	0.0	0.0	0.0	0.0	0.0	0.0	0.0	0.0	0.0	0.0	0.0	0.0	0.0	0.0	28901.956701271087	2069.8350805453347	-6503.951401491562	29696.94769257893	0.0	0.0	0.0	0.0	0.0	0.0	0.0	0.0	0.0	0.0	0.0	0.0	0.0	0.0	0.0	0.0	0.0	0.0	0.0	0.0	0.0	0.0	0.0	0.0	0.0	0.0	0.0	0.0	0.0	0.0	0.0	0.0	0.0	0.0	0.0	0.0	0.0	0.0	0.0	0.0	0.0	0.0	0.0	0.0	0.0	0.0	0.0	0.0	0.0	0.0	0.0	0.0	0.0	0.0	0.0	0.0	0.0	0.0	0.0	0.0	0.0	0.0	0.0	0.0	0.0	0.0	0.0	0.0	0.0	0.0	0.0	0.0	0.0	0.0	0.0	0.0	0.0	0.0	0.0	0.0	0.0	0.0	0.0	0.0	0.0	0.0	0.0	0.0	0.0	0.0	0.0	0.0	0.0	0.0	0.0	0.0	0.0	0.0	0.0	0.0	29.40483906689986	-1.1951609331001443	0.12383129488763943	-0.4935178108655149	33.67665779984773	0.277996017834151	0.04348613564818735	-0.9818549745641586	-0.009502837024801463
51.0	51.4601	2600.0	2585.828631589054	0.5602008287072432	0.14841563732053772	28.40253404341527	-102.55364497537995	37.24281767676075	-216.37527933076305	242.32733867994844	-34.766635831187166	103.41933377866737	-216.37527933076308	242.32733867995074	3.705103834138786e-15	0.0	3.705103834138786e-15	25.45315817661709	25.205889336022036	-0.13607628878560368	-9.721064090756226	2.842060935823629	-0.10758689543997114	1.3069248368639672	0.0	0.0	0.0	0.0	0.0	0.0	0.0	0.0	0.0	0.0	0.0	0.0	0.0	0.0	0.0	0.0	0.0	0.0	0.0	0.0	0.0	0.0	0.0	0.0	0.0	0.0	0.0	0.0	0.0	0.0	0.0	0.0	0.0	0.0	0.0	0.0	0.0	0.0	0.0	0.0	0.0	0.0	0.0	0.0	0.0	0.0	0.0	0.0	29562.37333402938	2748.535473660859	-133.72558362532672	29690.170880650378	-28759.206776273077	-2354.5943726112423	6994.094395816928	29690.965721538294	0.0	0.0	0.0	0.0	0.0	0.0	0.0	0.0	0.0	0.0	0.0	0.0	0.0	0.0	0.0	0.0	0.0	0.0	0.0	0.0	0.0	0.0	0.0	0.0	0.0	0.0	0.0	0.0	28882.225708998238	2072.8453044123876	-6563.0629980230015	29690.965721538294	0.0	0.0	0.0	0.0	0.0	0.0	0.0	0.0	0.0	0.0	0.0	0.0	0.0	0.0	0.0	0.0	0.0	0.0	0.0	0.0	0.0	0.0	0.0	0.0	0.0	0.0	0.0	0.0	0.0	0.0	0.0	0.0	0.0	0.0	0.0	0.0	0.0	0.0	0.0	0.0	0.0	0.0	0.0	0.0	0.0	0.0	0.0	0.0	0.0	0.0	0.0	0.0	0.0	0.0	0.0	0.0	0.0	0.0	0.0	0.0	0.0	0.0	0.0	0.0	0.0	0.0	0.0	0.0	0.0	0.0	0.0	0.0	0.0	0.0	0.0	0.0	0.0	0.0	0.0	0.0	0.0	0.0	0.0	0.0	0.0	0.0	0.0	0.0	0.0	0.0	0.0	0.0	0.0	0.0	0.0	0.0	0.0	0.0	0.0	0.0	29.443920802332638	-1.1560791976673561	0.12384191220358637	-0.4917071216698698	33.57105434429109	0.27804863364279697	0.043482959809468605	-0.9446192609387924	-0.009644374183295319
52.0	52.4602	2600.0	2585.8380275039963	0.5546656678196876	0.16777735596128895	28.405802074278412	-102.74259423587137	39.09998245520545	-227.49747324022644	252.6656874785372	-31.59875542239024	105.29182282622787	-227.4974732402265	252.66568747853628	1.1629347789760848e-14	0.0	1.1629347789760848e-14	25.35668033072761	25.118255484330476	-0.1271181216447433	-9.504178338256	2.8289067737022817	-0.11153018868652094	1.3021586711684392	0.0	0.0	0.0	0.0	0.0	0.0	0.0	0.0	0.0	0.0	0.0	0.0	0.0	0.0	0.0	0.0	0.0	0.0	0.0	0.0	0.0	0.0	0.0	0.0	0.0	0.0	0.0	0.0	0.0	0.0	0.0	0.0	0.0	0.0	0.0	0.0	0.0	0.0	0.0	0.0	0.0	0.0	0.0	0.0	0.0	0.0	0.0	0.0	29564.63344867836	2746.2210173536223	-142.59918620810004	29692.248405244998	-28739.867581905237	-2357.399763813113	7080.801160832773	29693.01378019962	0.0	0.0	0.0	0.0	0.0	0.0	0.0	0.0	0.0	0.0	0.0	0.0	0.0	0.0	0.0	0.0	0.0	0.0	0.0	0.0	0.0	0.0	0.0	0.0	0.0	0.0	0.0	0.0	28862.848531058255	2072.8885713974737	-6656.889288164752	29693.01378019962	0.0	0.0	0.0	0.0	0.0	0.0	0.0	0.0	0.0	0.0	0.0	0.0	0.0	0.0	0.0	0.0	0.0	0.0	0.0	0.0	0.0	0.0	0.0	0.0	0.0	0.0	0.0	0.0	0.0	0.0	0.0	0.0	0.0	0.0	0.0	0.0	0.0	0.0	0.0	0.0	0.0	0.0	0.0	0.0	0.0	0.0	0.0	0.0	0.0	0.0	0.0	0.0	0.0	0.0	0.0	0.0	0.0	0.0	0.0	0.0	0.0	0.0	0.0	0.0	0.0	0.0	0.0	0.0	0.0	0.0	0.0	0.0	0.0	0.0	0.0	0.0	0.0	0.0	0.0	0.0	0.0	0.0	0.0	0.0	0.0	0.0	0.0	0.0	0.0	0.0	0.0	0.0	0.0	0.0	0.0	0.0	0.0	0.0	0.0	0.0	29.48268156082632	-1.1173184391736726	0.1238499794630021	-0.4898537225824744	33.463558730728536	0.27810150313329407	0.04347575803776065	-0.9077473116700578	-0.009815352217704262
53.0	53.4603	2600.0	2585.8182826890907	0.5484651826153055	0.18692587049942758	28.40864550350216	-102.58574253749063	44.9458030591013	-242.31304333448003	266.94488336473785	-24.96599957148646	109.18176885355929	-242.31304333448014	266.94488336473734	0.0	0.0	0.0	25.251778695764038	25.02205062222308	-0.11813894468572853	-9.284539077242664	2.8144925431660623	-0.11546602639468895	1.2974344925289316	0.0	0.0	0.0	0.0	0.0	0.0	0.0	0.0	0.0	0.0	0.0	0.0	0.0	0.0	0.0	0.0	0.0	0.0	0.0	0.0	0.0	0.0	0.0	0.0	0.0	0.0	0.0	0.0	0.0	0.0	0.0	0.0	0.0	0.0	0.0	0.0	0.0	0.0	0.0	0.0	0.0	0.0	0.0	0.0	0.0	0.0	0.0	0.0	29569.0788675701	2743.972538244669	-151.79003985138718	29696.51243131792	-28720.149276298987	-2359.040689080233	7178.194981306638	29697.449900880205	0.0	0.0	0.0	0.0	0.0	0.0	0.0	0.0	0.0	0.0	0.0	0.0	0.0	0.0	0.0	0.0	0.0	0.0	0.0	0.0	0.0	0.0	0.0	0.0	0.0	0.0	0.0	0.0	28843.037919185368	2073.1358126350074	-6761.6419684936445	29697.449900880205	0.0	0.0	0.0	0.0	0.0	0.0	0.0	0.0	0.0	0.0	0.0	0.0	0.0	0.0	0.0	0.0	0.0	0.0	0.0	0.0	0.0	0.0	0.0	0.0	0.0	0.0	0.0	0.0	0.0	0.0	0.0	0.0	0.0	0.0	0.0	0.0	0.0	0.0	0.0	0.0	0.0	0.0	0.0	0.0	0.0	0.0	0.0	0.0	0.0	0.0	0.0	0.0	0.0	0.0	0.0	0.0	0.0	0.0	0.0	0.0	0.0	0.0	0.0	0.0	0.0	0.0	0.0	0.0	0.0	0.0	0.0	0.0	0.0	0.0	0.0	0.0	0.0	0.0	0.0	0.0	0.0	0.0	0.0	0.0	0.0	0.0	0.0	0.0	0.0	0.0	0.0	0.0	0.0	0.0	0.0	0.0	0.0	0.0	0.0	0.0	29.521065555670436	-1.0789344443295688	0.12385853188342341	-0.4880338666082767	33.3540850464078	0.27815435546545486	0.04346456874416961	-0.871218706577163	-0.00997528843852191
54.0	54.4604	2600.0	2585.907254015099	0.5415998236866466	0.20583434666871592	28.411054463637612	-102.00446698772976	41.22350206399642	-240.9526475954201	264.8819865357286	-25.747599108279243	106.96424425026636	-240.95264759542025	264.8819865357289	0.0	0.0	0.0	25.138262600551215	24.917247979806906	-0.10933601309305332	-9.062236467001844	2.798693119433659	-0.11938536319911976	1.292622756099659	0.0	0.0	0.0	0.0	0.0	0.0	0.0	0.0	0.0	0.0	0.0	0.0	0.0	0.0	0.0	0.0	0.0	0.0	0.0	0.0	0.0	0.0	0.0	0.0	0.0	0.0	0.0	0.0	0.0	0.0	0.0	0.0	0.0	0.0	0.0	0.0	0.0	0.0	0.0	0.0	0.0	0.0	0.0	0.0	0.0	0.0	0.0	0.0	29567.71991311833	2741.54926237629	-148.90909177491977	29694.92089796273	-28700.276390613715	-2365.218566500728	7248.690758729366	29695.852260553616	0.0	0.0	0.0	0.0	0.0	0.0	0.0	0.0	0.0	0.0	0.0	0.0	0.0	0.0	0.0	0.0	0.0	0.0	0.0	0.0	0.0	0.0	0.0	0.0	0.0	0.0	0.0	0.0	28823.04664033301	2073.211867566548	-6839.401757609811	29695.852260553616	0.0	0.0	0.0	0.0	0.0	0.0	0.0	0.0	0.0	0.0	0.0	0.0	0.0	0.0	0.0	0.0	0.0	0.0	0.0	0.0	0.0	0.0	0.0	0.0	0.0	0.0	0.0	0.0	0.0	0.0	0.0	0.0	0.0	0.0	0.0	0.0	0.0	0.0	0.0	0.0	0.0	0.0	0.0	0.0	0.0	0.0	0.0	0.0	0.0	0.0	0.0	0.0	0.0	0.0	0.0	0.0	0.0	0.0	0.0	0.0	0.0	0.0	0.0	0.0	0.0	0.0	0.0	0.0	0.0	0.0	0.0	0.0	0.0	0.0	0.0	0.0	0.0	0.0	0.0	0.0	0.0	0.0	0.0	0.0	0.0	0.0	0.0	0.0	0.0	0.0	0.0	0.0	0.0	0.0	0.0	0.0	0.0	0.0	0.0	0.0	29.559022536116828	-1.0409774638831664	0.12385373963880934	-0.4861910214157797	33.242564351547145	0.2782072232836079	0.04346300737185166	-0.8351402933889149	-0.010073515708516943
55.0	55.4604	2600.0	2585.924915681352	0.5341090353507493	0.22449020658605112	28.413031623264466	-101.39376074378015	47.45631923180554	-254.57115731937324	278.09939067125447	-18.39631629911309	110.4281327353674	-254.57115731937336	278.0993906712527	1.8890928382623173e-15	0.0	1.8890928382623173e-15	25.01658163554278	24.803739712841555	-0.10016327468194294	-8.837038208762673	2.7814105478016344	-0.12296748531410294	1.2876504889176943	0.0	0.0	0.0	0.0	0.0	0.0	0.0	0.0	0.0	0.0	0.0	0.0	0.0	0.0	0.0	0.0	0.0	0.0	0.0	0.0	0.0	0.0	0.0	0.0	0.0	0.0	0.0	0.0	0.0	0.0	0.0	0.0	0.0	0.0	0.0	0.0	0.0	0.0	0.0	0.0	0.0	0.0	0.0	0.0	0.0	0.0	0.0	0.0	29574.006011003166	2739.6524211667634	-153.1486570666462	29701.026605806368	-28684.50332735594	-2370.024856955875	7333.927169731654	29701.92311434751	0.0	0.0	0.0	0.0	0.0	0.0	0.0	0.0	0.0	0.0	0.0	0.0	0.0	0.0	0.0	0.0	0.0	0.0	0.0	0.0	0.0	0.0	0.0	0.0	0.0	0.0	0.0	0.0	28807.141474909415	2073.8013814191418	-6931.968303850531	29701.92311434751	0.0	0.0	0.0	0.0	0.0	0.0	0.0	0.0	0.0	0.0	0.0	0.0	0.0	0.0	0.0	0.0	0.0	0.0	0.0	0.0	0.0	0.0	0.0	0.0	0.0	0.0	0.0	0.0	0.0	0.0	0.0	0.0	0.0	0.0	0.0	0.0	0.0	0.0	0.0	0.0	0.0	0.0	0.0	0.0	0.0	0.0	0.0	0.0	0.0	0.0	0.0	0.0	0.0	0.0	0.0	0.0	0.0	0.0	0.0	0.0	0.0	0.0	0.0	0.0	0.0	0.0	0.0	0.0	0.0	0.0	0.0	0.0	0.0	0.0	0.0	0.0	0.0	0.0	0.0	0.0	0.0	0.0	0.0	0.0	0.0	0.0	0.0	0.0	0.0	0.0	0.0	0.0	0.0	0.0	0.0	0.0	0.0	0.0	0.0	0.0	29.596516798586823	-1.003483201413182	0.12387644258637118	-0.4843027671310867	33.129216974846344	0.2782601037098382	0.043450964217196394	-0.7995698594886522	-0.01022630816456977
56.0	56.4605	2600.0	2586.003235491993	0.5259824698756023	0.24286295751045883	28.414565939678106	-101.47920223668733	30.104933924820216	-241.06952812910336	263.2847373578667	-30.97585522309601	101.21675714233423	-241.0695281291034	263.2847373578671	-6.4929403279911106e-15	0.0	-6.4929403279911106e-15	24.886377523309513	24.681709521042254	-0.09120182530731064	-8.609046971217351	2.762756867563629	-0.12626844951250665	1.2826336303863206	0.0	0.0	0.0	0.0	0.0	0.0	0.0	0.0	0.0	0.0	0.0	0.0	0.0	0.0	0.0	0.0	0.0	0.0	0.0	0.0	0.0	0.0	0.0	0.0	0.0	0.0	0.0	0.0	0.0	0.0	0.0	0.0	0.0	0.0	0.0	0.0	0.0	0.0	0.0	0.0	0.0	0.0	0.0	0.0	0.0	0.0	0.0	0.0	29567.056062171498	2733.398732795951	-152.32969462914957	29693.525845744705	-28662.203352886543	-2375.2513362290692	7389.183046647279	29694.507001284575	0.0	0.0	0.0	0.0	0.0	0.0	0.0	0.0	0.0	0.0	0.0	0.0	0.0	0.0	0.0	0.0	0.0	0.0	0.0	0.0	0.0	0.0	0.0	0.0	0.0	0.0	0.0	0.0	28784.474468521727	2070.261027464194	-6995.126510544491	29694.507001284575	0.0	0.0	0.0	0.0	0.0	0.0	0.0	0.0	0.0	0.0	0.0	0.0	0.0	0.0	0.0	0.0	0.0	0.0	0.0	0.0	0.0	0.0	0.0	0.0	0.0	0.0	0.0	0.0	0.0	0.0	0.0	0.0	0.0	0.0	0.0	0.0	0.0	0.0	0.0	0.0	0.0	0.0	0.0	0.0	0.0	0.0	0.0	0.0	0.0	0.0	0.0	0.0	0.0	0.0	0.0	0.0	0.0	0.0	0.0	0.0	0.0	0.0	0.0	0.0	0.0	0.0	0.0	0.0	0.0	0.0	0.0	0.0	0.0	0.0	0.0	0.0	0.0	0.0	0.0	0.0	0.0	0.0	0.0	0.0	0.0	0.0	0.0	0.0	0.0	0.0	0.0	0.0	0.0	0.0	0.0	0.0	0.0	0.0	0.0	0.0	29.633494825308436	-0.9665051746915694	0.12389168422657573	-0.4824137066057805	33.01389836985503	0.2783129574073784	0.04345853391167304	-0.7645168669565021	-0.010309922766851103
57.0	57.4605	2600.0	2586.3355621987653	0.5172274782370135	0.26092222730462783	28.41565159645058	-98.95279373399897	28.918026065202866	-236.88726646600367	258.34760427185415	-28.84626341447802	98.9737374574324	-236.8872664660038	258.3476042718525	2.371017179495114e-14	0.0	2.371017179495114e-14	24.747924276215368	24.550831830702105	-0.08185783447749845	-8.377974391270254	2.742520604786821	-0.12888665261655388	1.2774182483852046	0.0	0.0	0.0	0.0	0.0	0.0	0.0	0.0	0.0	0.0	0.0	0.0	0.0	0.0	0.0	0.0	0.0	0.0	0.0	0.0	0.0	0.0	0.0	0.0	0.0	0.0	0.0	0.0	0.0	0.0	0.0	0.0	0.0	0.0	0.0	0.0	0.0	0.0	0.0	0.0	0.0	0.0	0.0	0.0	0.0	0.0	0.0	0.0	29568.863457033134	2733.8528580218135	-144.67533725115078	29695.329069454547	-28649.340335095018	-2388.175602917556	7441.2452195901915	29696.131309726974	0.0	0.0	0.0	0.0	0.0	0.0	0.0	0.0	0.0	0.0	0.0	0.0	0.0	0.0	0.0	0.0	0.0	0.0	0.0	0.0	0.0	0.0	0.0	0.0	0.0	0.0	0.0	0.0	28771.556671558934	2073.328676019088	-7054.00947412294	29696.131309726974	0.0	0.0	0.0	0.0	0.0	0.0	0.0	0.0	0.0	0.0	0.0	0.0	0.0	0.0	0.0	0.0	0.0	0.0	0.0	0.0	0.0	0.0	0.0	0.0	0.0	0.0	0.0	0.0	0.0	0.0	0.0	0.0	0.0	0.0	0.0	0.0	0.0	0.0	0.0	0.0	0.0	0.0	0.0	0.0	0.0	0.0	0.0	0.0	0.0	0.0	0.0	0.0	0.0	0.0	0.0	0.0	0.0	0.0	0.0	0.0	0.0	0.0	0.0	0.0	0.0	0.0	0.0	0.0	0.0	0.0	0.0	0.0	0.0	0.0	0.0	0.0	0.0	0.0	0.0	0.0	0.0	0.0	0.0	0.0	0.0	0.0	0.0	0.0	0.0	0.0	0.0	0.0	0.0	0.0	0.0	0.0	0.0	0.0	0.0	0.0	29.66990371344645	-0.9300962865535569	0.12391097671730228	-0.48046062986960136	32.89676086304007	0.27836577254581374	0.04345036515470721	-0.7300967847929758	-0.010448426030483298
58.0	58.4606	2600.0	2586.5152862824348	0.5078516309080264	0.27865385238116547	28.416286350337437	-97.67696995934057	27.05540895452941	-236.22062521127484	257.0466288231386	-28.034560581840196	97.40045701698544	-236.22062521127495	257.0466288231382	3.639772631967758e-15	0.0	3.639772631967758e-15	24.601098827822828	24.411440116545073	-0.07260118244168676	-8.14350473556565	2.720589266555389	-0.1304139666995546	1.2719635029896712	0.0	0.0	0.0	0.0	0.0	0.0	0.0	0.0	0.0	0.0	0.0	0.0	0.0	0.0	0.0	0.0	0.0	0.0	0.0	0.0	0.0	0.0	0.0	0.0	0.0	0.0	0.0	0.0	0.0	0.0	0.0	0.0	0.0	0.0	0.0	0.0	0.0	0.0	0.0	0.0	0.0	0.0	0.0	0.0	0.0	0.0	0.0	0.0	29569.885835608355	2730.8637782538626	-145.9125573200573	29696.078121204395	-28632.82781435722	-2396.0589887737005	7505.375959276374	29696.97957056231	0.0	0.0	0.0	0.0	0.0	0.0	0.0	0.0	0.0	0.0	0.0	0.0	0.0	0.0	0.0	0.0	0.0	0.0	0.0	0.0	0.0	0.0	0.0	0.0	0.0	0.0	0.0	0.0	28754.730322264477	2073.25966917707	-7125.8454973710495	29696.97957056231	0.0	0.0	0.0	0.0	0.0	0.0	0.0	0.0	0.0	0.0	0.0	0.0	0.0	0.0	0.0	0.0	0.0	0.0	0.0	0.0	0.0	0.0	0.0	0.0	0.0	0.0	0.0	0.0	0.0	0.0	0.0	0.0	0.0	0.0	0.0	0.0	0.0	0.0	0.0	0.0	0.0	0.0	0.0	0.0	0.0	0.0	0.0	0.0	0.0	0.0	0.0	0.0	0.0	0.0	0.0	0.0	0.0	0.0	0.0	0.0	0.0	0.0	0.0	0.0	0.0	0.0	0.0	0.0	0.0	0.0	0.0	0.0	0.0	0.0	0.0	0.0	0.0	0.0	0.0	0.0	0.0	0.0	0.0	0.0	0.0	0.0	0.0	0.0	0.0	0.0	0.0	0.0	0.0	0.0	0.0	0.0	0.0	0.0	0.0	0.0	29.705706864899806	-0.8942931351001918	0.123938599430723	-0.47843098013558316	32.77778538640214	0.27841864927548365	0.04344876514004685	-0.6963588687102127	-0.01053733064466439
59.0	59.4606	2600.0	2586.257350990159	0.49783103809801466	0.2960631600180375	28.416463826806915	-100.20103398835637	40.14805601624175	-235.16169872861482	258.75304474179006	-16.33646623168533	106.7016095721192	-235.16169872861485	258.75304474179194	8.042069137778419e-15	0.0	8.042069137778419e-15	24.446292763181795	24.263511509340873	-0.06304916781696814	-7.905643786239353	2.696705695990523	-0.13071622227623056	1.2660393512578858	0.0	0.0	0.0	0.0	0.0	0.0	0.0	0.0	0.0	0.0	0.0	0.0	0.0	0.0	0.0	0.0	0.0	0.0	0.0	0.0	0.0	0.0	0.0	0.0	0.0	0.0	0.0	0.0	0.0	0.0	0.0	0.0	0.0	0.0	0.0	0.0	0.0	0.0	0.0	0.0	0.0	0.0	0.0	0.0	0.0	0.0	0.0	0.0	29575.904842430748	2724.4777657612904	-162.97388000555335	29701.57381066213	-28610.486986204894	-2392.9399737043946	7612.887399101053	29702.561873632105	0.0	0.0	0.0	0.0	0.0	0.0	0.0	0.0	0.0	0.0	0.0	0.0	0.0	0.0	0.0	0.0	0.0	0.0	0.0	0.0	0.0	0.0	0.0	0.0	0.0	0.0	0.0	0.0	28731.750320868792	2068.51914175838	-7242.2326610223345	29702.561873632105	0.0	0.0	0.0	0.0	0.0	0.0	0.0	0.0	0.0	0.0	0.0	0.0	0.0	0.0	0.0	0.0	0.0	0.0	0.0	0.0	0.0	0.0	0.0	0.0	0.0	0.0	0.0	0.0	0.0	0.0	0.0	0.0	0.0	0.0	0.0	0.0	0.0	0.0	0.0	0.0	0.0	0.0	0.0	0.0	0.0	0.0	0.0	0.0	0.0	0.0	0.0	0.0	0.0	0.0	0.0	0.0	0.0	0.0	0.0	0.0	0.0	0.0	0.0	0.0	0.0	0.0	0.0	0.0	0.0	0.0	0.0	0.0	0.0	0.0	0.0	0.0	0.0	0.0	0.0	0.0	0.0	0.0	0.0	0.0	0.0	0.0	0.0	0.0	0.0	0.0	0.0	0.0	0.0	0.0	0.0	0.0	0.0	0.0	0.0	0.0	29.740887215785943	-0.859112784214055	0.12393070042331053	-0.47625321527065995	32.65711535541116	0.27847151876365533	0.04343427442351055	-0.6633910566420219	-0.01066247292503258
60.0	60.4607	2600.0	2586.5350431627444	0.487188929786903	0.3131391783960189	28.41618732467028	-97.35108348828362	26.38725570263705	-198.98812976271245	223.09145323458986	-25.038718695741405	97.70661843465494	-198.98812976271256	223.0914532345913	-5.532806936388737e-15	0.0	-5.532806936388737e-15	24.28332605019826	24.106863642699714	-0.05326280949649421	-7.664921778602255	2.671152551331457	-0.13030021980331985	1.259766113083402	0.0	0.0	0.0	0.0	0.0	0.0	0.0	0.0	0.0	0.0	0.0	0.0	0.0	0.0	0.0	0.0	0.0	0.0	0.0	0.0	0.0	0.0	0.0	0.0	0.0	0.0	0.0	0.0	0.0	0.0	0.0	0.0	0.0	0.0	0.0	0.0	0.0	0.0	0.0	0.0	0.0	0.0	0.0	0.0	0.0	0.0	0.0	0.0	29572.50157759973	2725.119869374479	-157.96819560585502	29698.216811964012	-28593.724798613952	-2408.8221770279647	7657.605112958635	29699.19928559392	0.0	0.0	0.0	0.0	0.0	0.0	0.0	0.0	0.0	0.0	0.0	0.0	0.0	0.0	0.0	0.0	0.0	0.0	0.0	0.0	0.0	0.0	0.0	0.0	0.0	0.0	0.0	0.0	28714.84728401519	2073.457481557521	-7293.884954760469	29699.19928559392	0.0	0.0	0.0	0.0	0.0	0.0	0.0	0.0	0.0	0.0	0.0	0.0	0.0	0.0	0.0	0.0	0.0	0.0	0.0	0.0	0.0	0.0	0.0	0.0	0.0	0.0	0.0	0.0	0.0	0.0	0.0	0.0	0.0	0.0	0.0	0.0	0.0	0.0	0.0	0.0	0.0	0.0	0.0	0.0	0.0	0.0	0.0	0.0	0.0	0.0	0.0	0.0	0.0	0.0	0.0	0.0	0.0	0.0	0.0	0.0	0.0	0.0	0.0	0.0	0.0	0.0	0.0	0.0	0.0	0.0	0.0	0.0	0.0	0.0	0.0	0.0	0.0	0.0	0.0	0.0	0.0	0.0	0.0	0.0	0.0	0.0	0.0	0.0	0.0	0.0	0.0	0.0	0.0	0.0	0.0	0.0	0.0	0.0	0.0	0.0	29.775412130724206	-0.8245878692757884	0.12390910494044087	-0.473975994951686	32.53464913788904	0.27852432855133236	0.043412095380408945	-0.6311779120651473	-0.01081971342346804
61.0	61.4608	2600.0	2587.3295102587244	0.47595041739636584	0.32984792139331726	28.415458374354735	-92.63829865736261	-17.646864785561775	-71.98603845297411	118.63918386032366	-59.761512267989026	72.95085925698731	-71.9860384529742	118.63918386032019	4.107656944761829e-15	0.0	4.107656944761829e-15	24.111848960638948	23.94201052218265	-0.04416779390119857	-7.421840506201442	2.6443865681327408	-0.12969171127744752	1.253465188145481	0.0	0.0	0.0	0.0	0.0	0.0	0.0	0.0	0.0	0.0	0.0	0.0	0.0	0.0	0.0	0.0	0.0	0.0	0.0	0.0	0.0	0.0	0.0	0.0	0.0	0.0	0.0	0.0	0.0	0.0	0.0	0.0	0.0	0.0	0.0	0.0	0.0	0.0	0.0	0.0	0.0	0.0	0.0	0.0	0.0	0.0	0.0	0.0	29551.58422680457	2719.7965890083137	-133.07210541882694	29676.777655007405	-28574.326727960815	-2425.789139728924	7641.180183718899	29677.67233976986	0.0	0.0	0.0	0.0	0.0	0.0	0.0	0.0	0.0	0.0	0.0	0.0	0.0	0.0	0.0	0.0	0.0	0.0	0.0	0.0	0.0	0.0	0.0	0.0	0.0	0.0	0.0	0.0	28694.898340595715	2071.5696625274063	-7285.30327871901	29677.67233976986	0.0	0.0	0.0	0.0	0.0	0.0	0.0	0.0	0.0	0.0	0.0	0.0	0.0	0.0	0.0	0.0	0.0	0.0	0.0	0.0	0.0	0.0	0.0	0.0	0.0	0.0	0.0	0.0	0.0	0.0	0.0	0.0	0.0	0.0	0.0	0.0	0.0	0.0	0.0	0.0	0.0	0.0	0.0	0.0	0.0	0.0	0.0	0.0	0.0	0.0	0.0	0.0	0.0	0.0	0.0	0.0	0.0	0.0	0.0	0.0	0.0	0.0	0.0	0.0	0.0	0.0	0.0	0.0	0.0	0.0	0.0	0.0	0.0	0.0	0.0	0.0	0.0	0.0	0.0	0.0	0.0	0.0	0.0	0.0	0.0	0.0	0.0	0.0	0.0	0.0	0.0	0.0	0.0	0.0	0.0	0.0	0.0	0.0	0.0	0.0	29.809226369059715	-0.7907736309402865	0.12388042890027143	-0.4717210779549402	32.41022499274344	0.2785772023436523	0.0434364595569541	-0.5996541250901035	-0.01081486835720858
62.0	62.4609	2600.0	2587.231476394586	0.4640939931313883	0.34619503080213504	28.414273222160833	-92.6090695431176	-14.043976327338894	-57.342730548442525	109.82650763579858	-55.27091292513797	75.62274272430656	-57.34273054844258	109.82650763579865	2.7658436025099496e-15	0.0	2.7658436025099496e-15	23.93321349711828	23.768797160639238	-0.03428653738018507	-7.17649428549009	2.6163669795262487	-0.12889431858787573	1.2470504886668723	0.0	0.0	0.0	0.0	0.0	0.0	0.0	0.0	0.0	0.0	0.0	0.0	0.0	0.0	0.0	0.0	0.0	0.0	0.0	0.0	0.0	0.0	0.0	0.0	0.0	0.0	0.0	0.0	0.0	0.0	0.0	0.0	0.0	0.0	0.0	0.0	0.0	0.0	0.0	0.0	0.0	0.0	0.0	0.0	0.0	0.0	0.0	0.0	29556.347946284688	2716.8173850438893	-146.13896330734727	29681.309897343144	-28553.056673139556	-2430.6790473158208	7736.727831534563	29682.35508765808	0.0	0.0	0.0	0.0	0.0	0.0	0.0	0.0	0.0	0.0	0.0	0.0	0.0	0.0	0.0	0.0	0.0	0.0	0.0	0.0	0.0	0.0	0.0	0.0	0.0	0.0	0.0	0.0	28673.157126648268	2072.203489136351	-7389.061959408113	29682.35508765808	0.0	0.0	0.0	0.0	0.0	0.0	0.0	0.0	0.0	0.0	0.0	0.0	0.0	0.0	0.0	0.0	0.0	0.0	0.0	0.0	0.0	0.0	0.0	0.0	0.0	0.0	0.0	0.0	0.0	0.0	0.0	0.0	0.0	0.0	0.0	0.0	0.0	0.0	0.0	0.0	0.0	0.0	0.0	0.0	0.0	0.0	0.0	0.0	0.0	0.0	0.0	0.0	0.0	0.0	0.0	0.0	0.0	0.0	0.0	0.0	0.0	0.0	0.0	0.0	0.0	0.0	0.0	0.0	0.0	0.0	0.0	0.0	0.0	0.0	0.0	0.0	0.0	0.0	0.0	0.0	0.0	0.0	0.0	0.0	0.0	0.0	0.0	0.0	0.0	0.0	0.0	0.0	0.0	0.0	0.0	0.0	0.0	0.0	0.0	0.0	29.84231448413953	-0.7576855158604695	0.12382689934444277	-0.4694505971613801	32.284414846291476	0.2786300833826364	0.043418549139110044	-0.5688714279808659	-0.01097589953805028
63.0	63.461	2600.0	2587.234716206553	0.45165386921792444	0.36214474411174746	28.412637344841638	-93.06401281800571	-12.683776940488315	-41.101639045229184	102.52381875188956	-52.92888952323482	77.59072968533295	-41.10163904522926	102.5238187518857	9.045086544131673e-15	0.0	9.045086544131673e-15	23.7463950854037	23.58749399652847	-0.024946907748012517	-6.92909494212412	2.587202198542026	-0.1280667837646923	1.2405695760564763	0.0	0.0	0.0	0.0	0.0	0.0	0.0	0.0	0.0	0.0	0.0	0.0	0.0	0.0	0.0	0.0	0.0	0.0	0.0	0.0	0.0	0.0	0.0	0.0	0.0	0.0	0.0	0.0	0.0	0.0	0.0	0.0	0.0	0.0	0.0	0.0	0.0	0.0	0.0	0.0	0.0	0.0	0.0	0.0	0.0	0.0	0.0	0.0	29557.89128570686	2707.5810486002288	-148.6119360541952	29682.015057942783	-28537.918487968866	-2434.4850526415107	7793.663650609495	29683.00359121904	0.0	0.0	0.0	0.0	0.0	0.0	0.0	0.0	0.0	0.0	0.0	0.0	0.0	0.0	0.0	0.0	0.0	0.0	0.0	0.0	0.0	0.0	0.0	0.0	0.0	0.0	0.0	0.0	28657.179720801432	2066.241799208565	-7455.024981394218	29683.00359121904	0.0	0.0	0.0	0.0	0.0	0.0	0.0	0.0	0.0	0.0	0.0	0.0	0.0	0.0	0.0	0.0	0.0	0.0	0.0	0.0	0.0	0.0	0.0	0.0	0.0	0.0	0.0	0.0	0.0	0.0	0.0	0.0	0.0	0.0	0.0	0.0	0.0	0.0	0.0	0.0	0.0	0.0	0.0	0.0	0.0	0.0	0.0	0.0	0.0	0.0	0.0	0.0	0.0	0.0	0.0	0.0	0.0	0.0	0.0	0.0	0.0	0.0	0.0	0.0	0.0	0.0	0.0	0.0	0.0	0.0	0.0	0.0	0.0	0.0	0.0	0.0	0.0	0.0	0.0	0.0	0.0	0.0	0.0	0.0	0.0	0.0	0.0	0.0	0.0	0.0	0.0	0.0	0.0	0.0	0.0	0.0	0.0	0.0	0.0	0.0	29.8746202909479	-0.7253797090520956	0.12376446648038351	-0.46718044121481606	32.15679705975087	0.27868279271899465	0.043430480156600546	-0.5388711253863544	-0.011016948972192539
64.0	64.4612	2600.0	2587.5170974644143	0.43866550799824744	0.37766999340858676	28.41055909184978	-90.98935053305465	-28.423754576982894	-21.12283278108799	97.63782975556892	-64.8741009889127	69.84499091244652	-21.122832781088064	97.63782975556752	-1.1889426903764466e-14	0.0	-1.1889426903764466e-14	23.551925673032603	23.397700300933383	-0.01522540981281221	-6.679474244565746	2.5568256379133025	-0.1269540556756439	1.2340084308140153	0.0	0.0	0.0	0.0	0.0	0.0	0.0	0.0	0.0	0.0	0.0	0.0	0.0	0.0	0.0	0.0	0.0	0.0	0.0	0.0	0.0	0.0	0.0	0.0	0.0	0.0	0.0	0.0	0.0	0.0	0.0	0.0	0.0	0.0	0.0	0.0	0.0	0.0	0.0	0.0	0.0	0.0	0.0	0.0	0.0	0.0	0.0	0.0	29555.303017475147	2707.575869736674	-140.17031218267977	29679.396073060074	-28525.14621674278	-2451.145634437938	7825.630637344922	29680.50835952664	0.0	0.0	0.0	0.0	0.0	0.0	0.0	0.0	0.0	0.0	0.0	0.0	0.0	0.0	0.0	0.0	0.0	0.0	0.0	0.0	0.0	0.0	0.0	0.0	0.0	0.0	0.0	0.0	28644.018368585956	2069.7760802526363	-7494.585722883893	29680.50835952664	0.0	0.0	0.0	0.0	0.0	0.0	0.0	0.0	0.0	0.0	0.0	0.0	0.0	0.0	0.0	0.0	0.0	0.0	0.0	0.0	0.0	0.0	0.0	0.0	0.0	0.0	0.0	0.0	0.0	0.0	0.0	0.0	0.0	0.0	0.0	0.0	0.0	0.0	0.0	0.0	0.0	0.0	0.0	0.0	0.0	0.0	0.0	0.0	0.0	0.0	0.0	0.0	0.0	0.0	0.0	0.0	0.0	0.0	0.0	0.0	0.0	0.0	0.0	0.0	0.0	0.0	0.0	0.0	0.0	0.0	0.0	0.0	0.0	0.0	0.0	0.0	0.0	0.0	0.0	0.0	0.0	0.0	0.0	0.0	0.0	0.0	0.0	0.0	0.0	0.0	0.0	0.0	0.0	0.0	0.0	0.0	0.0	0.0	0.0	0.0	29.90609661330734	-0.6939033866926535	0.12370617960043902	-0.4649087658450369	32.02761570191103	0.2787355970048211	0.0434218594759026	-0.509701997054703	-0.011127409756020161
65.0	65.4614	2600.0	2587.6006086888015	0.4251335536031748	0.3927492779308604	28.408040718068058	-90.17735817490026	-30.512423360702087	-19.89680849450305	97.25660334915005	-65.20785515737951	69.36064829946189	-19.896808494503105	97.25660334915243	-2.577947002174038e-15	0.0	-2.577947002174038e-15	23.349890331577928	23.19986267813876	-0.00552316212447921	-6.427981075032886	2.5253874855680807	-0.12585568112632056	1.2274388388185726	0.0	0.0	0.0	0.0	0.0	0.0	0.0	0.0	0.0	0.0	0.0	0.0	0.0	0.0	0.0	0.0	0.0	0.0	0.0	0.0	0.0	0.0	0.0	0.0	0.0	0.0	0.0	0.0	0.0	0.0	0.0	0.0	0.0	0.0	0.0	0.0	0.0	0.0	0.0	0.0	0.0	0.0	0.0	0.0	0.0	0.0	0.0	0.0	29554.584375642255	2706.514900723934	-140.9774929978672	29678.587486238794	-28509.47664235669	-2464.41866412425	7874.712686410004	29679.5336497505	0.0	0.0	0.0	0.0	0.0	0.0	0.0	0.0	0.0	0.0	0.0	0.0	0.0	0.0	0.0	0.0	0.0	0.0	0.0	0.0	0.0	0.0	0.0	0.0	0.0	0.0	0.0	0.0	28627.85074865804	2071.9384300232027	-7551.685263662978	29679.5336497505	0.0	0.0	0.0	0.0	0.0	0.0	0.0	0.0	0.0	0.0	0.0	0.0	0.0	0.0	0.0	0.0	0.0	0.0	0.0	0.0	0.0	0.0	0.0	0.0	0.0	0.0	0.0	0.0	0.0	0.0	0.0	0.0	0.0	0.0	0.0	0.0	0.0	0.0	0.0	0.0	0.0	0.0	0.0	0.0	0.0	0.0	0.0	0.0	0.0	0.0	0.0	0.0	0.0	0.0	0.0	0.0	0.0	0.0	0.0	0.0	0.0	0.0	0.0	0.0	0.0	0.0	0.0	0.0	0.0	0.0	0.0	0.0	0.0	0.0	0.0	0.0	0.0	0.0	0.0	0.0	0.0	0.0	0.0	0.0	0.0	0.0	0.0	0.0	0.0	0.0	0.0	0.0	0.0	0.0	0.0	0.0	0.0	0.0	0.0	0.0	29.936702273538074	-0.6632977264619236	0.12363464953575445	-0.4626538584582297	31.89690343169136	0.2787884668781236	0.043406277460339114	-0.48138692844866465	-0.011234448234397218
66.0	66.4615	2600.0	2587.7353595029576	0.4110955638103742	0.40733949176401757	28.405091576333692	-89.25677571266714	-30.471759243187986	-16.88869703803563	95.8150729772656	-63.58229102580662	69.66055117428913	-16.888697038035694	95.81507297726532	-8.075059049672291e-15	0.0	-8.075059049672291e-15	23.14031229968042	22.99390826509084	0.004238308268976642	-6.174659866755016	2.492852598256486	-0.12473117320053737	1.2208003036552486	0.0	0.0	0.0	0.0	0.0	0.0	0.0	0.0	0.0	0.0	0.0	0.0	0.0	0.0	0.0	0.0	0.0	0.0	0.0	0.0	0.0	0.0	0.0	0.0	0.0	0.0	0.0	0.0	0.0	0.0	0.0	0.0	0.0	0.0	0.0	0.0	0.0	0.0	0.0	0.0	0.0	0.0	0.0	0.0	0.0	0.0	0.0	0.0	29556.435386881127	2702.9863055437722	-141.3573560163634	29680.111011398454	-28496.828093722048	-2475.55660399921	7922.753902621849	29681.09872131185	0.0	0.0	0.0	0.0	0.0	0.0	0.0	0.0	0.0	0.0	0.0	0.0	0.0	0.0	0.0	0.0	0.0	0.0	0.0	0.0	0.0	0.0	0.0	0.0	0.0	0.0	0.0	0.0	28614.568273305555	2071.5446154219057	-7608.075101029889	29681.09872131185	0.0	0.0	0.0	0.0	0.0	0.0	0.0	0.0	0.0	0.0	0.0	0.0	0.0	0.0	0.0	0.0	0.0	0.0	0.0	0.0	0.0	0.0	0.0	0.0	0.0	0.0	0.0	0.0	0.0	0.0	0.0	0.0	0.0	0.0	0.0	0.0	0.0	0.0	0.0	0.0	0.0	0.0	0.0	0.0	0.0	0.0	0.0	0.0	0.0	0.0	0.0	0.0	0.0	0.0	0.0	0.0	0.0	0.0	0.0	0.0	0.0	0.0	0.0	0.0	0.0	0.0	0.0	0.0	0.0	0.0	0.0	0.0	0.0	0.0	0.0	0.0	0.0	0.0	0.0	0.0	0.0	0.0	0.0	0.0	0.0	0.0	0.0	0.0	0.0	0.0	0.0	0.0	0.0	0.0	0.0	0.0	0.0	0.0	0.0	0.0	29.966375240387308	-0.6336247596126868	0.12356954530592326	-0.46038892569086987	31.76468557984649	0.2788413419990316	0.043382431595071644	-0.4540147029659139	-0.01135209211107293
67.0	67.4617	2600.0	2587.825584806601	0.3967956456136844	0.4214497997724296	28.401783246986714	-89.05810608461978	4.490714064122585	-69.57343765969553	113.10161802544049	-29.98832944605237	83.9774545292894	-69.57343765969559	113.10161802543493	-6.6581028310487544e-15	0.0	-6.6581028310487544e-15	22.92321686585159	22.780171378565832	0.013701324993602732	-5.920240364866919	2.4598866311388465	-0.12437747692826803	1.2145110770927536	0.0	0.0	0.0	0.0	0.0	0.0	0.0	0.0	0.0	0.0	0.0	0.0	0.0	0.0	0.0	0.0	0.0	0.0	0.0	0.0	0.0	0.0	0.0	0.0	0.0	0.0	0.0	0.0	0.0	0.0	0.0	0.0	0.0	0.0	0.0	0.0	0.0	0.0	0.0	0.0	0.0	0.0	0.0	0.0	0.0	0.0	0.0	0.0	30373.189634476177	2774.6770273684797	-145.6383120365644	30500.01133927642	-29272.717757748298	-2557.893398548818	8177.507007849842	30500.92530443242	0.0	0.0	0.0	0.0	0.0	0.0	0.0	0.0	0.0	0.0	0.0	0.0	0.0	0.0	0.0	0.0	0.0	0.0	0.0	0.0	0.0	0.0	0.0	0.0	0.0	0.0	0.0	0.0	29393.048770337315	2128.958068740646	-7862.7390871554135	30500.92530443242	0.0	0.0	0.0	0.0	0.0	0.0	0.0	0.0	0.0	0.0	0.0	0.0	0.0	0.0	0.0	0.0	0.0	0.0	0.0	0.0	0.0	0.0	0.0	0.0	0.0	0.0	0.0	0.0	0.0	0.0	0.0	0.0	0.0	0.0	0.0	0.0	0.0	0.0	0.0	0.0	0.0	0.0	0.0	0.0	0.0	0.0	0.0	0.0	0.0	0.0	0.0	0.0	0.0	0.0	0.0	0.0	0.0	0.0	0.0	0.0	0.0	0.0	0.0	0.0	0.0	0.0	0.0	0.0	0.0	0.0	0.0	0.0	0.0	0.0	0.0	0.0	0.0	0.0	0.0	0.0	0.0	0.0	0.0	0.0	0.0	0.0	0.0	0.0	0.0	0.0	0.0	0.0	0.0	0.0	0.0	0.0	0.0	0.0	0.0	0.0	29.99510596317598	-0.6048940368240178	0.12367123064376138	-0.4582384836002253	31.630993653967383	0.2788941967761476	0.043392680037182295	-0.4274728649368869	-0.011407109094610039
68.0	68.4619	2600.0	2587.592047140707	0.38240804898287506	0.43506906165634646	28.39816858314792	-90.42078962088998	37.22681983425719	-87.44294998726305	131.17936123153086	1.4321492455346738	97.77374013085861	-87.44294998726312	131.17936123153348	3.807269806201002e-15	0.0	3.807269806201002e-15	22.69906120412147	22.558591956988806	0.023366009647743772	-5.66493785737637	2.4264684758725226	-0.12491992243123956	1.2084701907009132	0.0	0.0	0.0	0.0	0.0	0.0	0.0	0.0	0.0	0.0	0.0	0.0	0.0	0.0	0.0	0.0	0.0	0.0	0.0	0.0	0.0	0.0	0.0	0.0	0.0	0.0	0.0	0.0	0.0	0.0	0.0	0.0	0.0	0.0	0.0	0.0	0.0	0.0	0.0	0.0	0.0	0.0	0.0	0.0	0.0	0.0	0.0	0.0	31064.48317901033	2835.0672459304105	-149.07612089224176	31193.940840454638	-29922.137765605596	-2629.308935736636	8418.935283357498	31194.9685886809	0.0	0.0	0.0	0.0	0.0	0.0	0.0	0.0	0.0	0.0	0.0	0.0	0.0	0.0	0.0	0.0	0.0	0.0	0.0	0.0	0.0	0.0	0.0	0.0	0.0	0.0	0.0	0.0	30044.592270587556	2178.318926169026	-8105.76752681887	31194.9685886809	0.0	0.0	0.0	0.0	0.0	0.0	0.0	0.0	0.0	0.0	0.0	0.0	0.0	0.0	0.0	0.0	0.0	0.0	0.0	0.0	0.0	0.0	0.0	0.0	0.0	0.0	0.0	0.0	0.0	0.0	0.0	0.0	0.0	0.0	0.0	0.0	0.0	0.0	0.0	0.0	0.0	0.0	0.0	0.0	0.0	0.0	0.0	0.0	0.0	0.0	0.0	0.0	0.0	0.0	0.0	0.0	0.0	0.0	0.0	0.0	0.0	0.0	0.0	0.0	0.0	0.0	0.0	0.0	0.0	0.0	0.0	0.0	0.0	0.0	0.0	0.0	0.0	0.0	0.0	0.0	0.0	0.0	0.0	0.0	0.0	0.0	0.0	0.0	0.0	0.0	0.0	0.0	0.0	0.0	0.0	0.0	0.0	0.0	0.0	0.0	30.02286522343631	-0.5771347765636927	0.12403941300649171	-0.4561394044518162	31.49604471638479	0.27894704107484236	0.0434145029071398	-0.4018545767105106	-0.011522034322447567
69.0	69.462	2600.0	2587.3432790251345	0.3678963736598134	0.4480536815539982	28.39423226987513	-92.3758227949911	53.61010252444611	-68.05943696196658	126.64684239772077	17.79452479176689	105.31234788555591	-68.05943696196668	126.6468423977206	1.8217173050868962e-15	0.0	1.8217173050868962e-15	22.46766739740255	22.329327857696594	0.03291156829377974	-5.408214084934823	2.391767740108286	-0.12555773898443195	1.2021534425940983	0.0	0.0	0.0	0.0	0.0	0.0	0.0	0.0	0.0	0.0	0.0	0.0	0.0	0.0	0.0	0.0	0.0	0.0	0.0	0.0	0.0	0.0	0.0	0.0	0.0	0.0	0.0	0.0	0.0	0.0	0.0	0.0	0.0	0.0	0.0	0.0	0.0	0.0	0.0	0.0	0.0	0.0	0.0	0.0	0.0	0.0	0.0	0.0	31842.314764922732	2902.25433399479	-151.6484900980946	31974.663204983986	-30660.22552412444	-2709.921716134182	8663.399939144423	31975.73460302851	0.0	0.0	0.0	0.0	0.0	0.0	0.0	0.0	0.0	0.0	0.0	0.0	0.0	0.0	0.0	0.0	0.0	0.0	0.0	0.0	0.0	0.0	0.0	0.0	0.0	0.0	0.0	0.0	30784.992315676274	2232.5059174384583	-8351.512968059726	31975.73460302851	0.0	0.0	0.0	0.0	0.0	0.0	0.0	0.0	0.0	0.0	0.0	0.0	0.0	0.0	0.0	0.0	0.0	0.0	0.0	0.0	0.0	0.0	0.0	0.0	0.0	0.0	0.0	0.0	0.0	0.0	0.0	0.0	0.0	0.0	0.0	0.0	0.0	0.0	0.0	0.0	0.0	0.0	0.0	0.0	0.0	0.0	0.0	0.0	0.0	0.0	0.0	0.0	0.0	0.0	0.0	0.0	0.0	0.0	0.0	0.0	0.0	0.0	0.0	0.0	0.0	0.0	0.0	0.0	0.0	0.0	0.0	0.0	0.0	0.0	0.0	0.0	0.0	0.0	0.0	0.0	0.0	0.0	0.0	0.0	0.0	0.0	0.0	0.0	0.0	0.0	0.0	0.0	0.0	0.0	0.0	0.0	0.0	0.0	0.0	0.0	30.049492297760896	-0.5505077022390986	0.12457371326885903	-0.4539145302119529	31.359768079455513	0.2789999239946813	0.043464870376789984	-0.3774963099039329	-0.011613779467956168
70.0	70.462	2600.0	2586.9558755341955	0.35314819095137895	0.4604918965930549	28.389963211022977	-94.61036257880185	83.27059905739951	-77.55910392898613	147.98826972749504	46.8352182747567	117.01100676357964	-77.55910392898623	147.98826972749524	2.0686663999770513e-14	0.0	2.0686663999770513e-14	22.229411057809564	22.092378338965315	0.042703367147303654	-5.150109596319672	2.355986264621526	-0.12628960224201133	1.1956257412639595	0.0	0.0	0.0	0.0	0.0	0.0	0.0	0.0	0.0	0.0	0.0	0.0	0.0	0.0	0.0	0.0	0.0	0.0	0.0	0.0	0.0	0.0	0.0	0.0	0.0	0.0	0.0	0.0	0.0	0.0	0.0	0.0	0.0	0.0	0.0	0.0	0.0	0.0	0.0	0.0	0.0	0.0	0.0	0.0	0.0	0.0	0.0	0.0	32395.12166097557	2948.5615952014555	-166.0815410314436	32529.455974368484	-31173.432009717908	-2769.051379851495	8875.938144795466	32530.490109418857	0.0	0.0	0.0	0.0	0.0	0.0	0.0	0.0	0.0	0.0	0.0	0.0	0.0	0.0	0.0	0.0	0.0	0.0	0.0	0.0	0.0	0.0	0.0	0.0	0.0	0.0	0.0	0.0	31299.606159541858	2270.792811059129	-8568.018500552453	32530.490109418857	0.0	0.0	0.0	0.0	0.0	0.0	0.0	0.0	0.0	0.0	0.0	0.0	0.0	0.0	0.0	0.0	0.0	0.0	0.0	0.0	0.0	0.0	0.0	0.0	0.0	0.0	0.0	0.0	0.0	0.0	0.0	0.0	0.0	0.0	0.0	0.0	0.0	0.0	0.0	0.0	0.0	0.0	0.0	0.0	0.0	0.0	0.0	0.0	0.0	0.0	0.0	0.0	0.0	0.0	0.0	0.0	0.0	0.0	0.0	0.0	0.0	0.0	0.0	0.0	0.0	0.0	0.0	0.0	0.0	0.0	0.0	0.0	0.0	0.0	0.0	0.0	0.0	0.0	0.0	0.0	0.0	0.0	0.0	0.0	0.0	0.0	0.0	0.0	0.0	0.0	0.0	0.0	0.0	0.0	0.0	0.0	0.0	0.0	0.0	0.0	30.07505821285726	-0.5249417871427404	0.12522463388039587	-0.4515954711139565	31.22232448189704	0.2790527980610841	0.043519726406339075	-0.3542946414655742	-0.01176028607684059
71.0	71.4621	2600.0	2586.8949468036894	0.3378121936709569	0.47241368278266155	28.38527772422825	-95.58125025629488	72.76602024944442	-62.257388721289196	135.30207520172308	38.60221506926245	113.75648594803717	-62.25738872128928	135.30207520172516	0.0	0.0	0.0	21.98348883778189	21.847937763017324	0.05174744801301865	-4.89033365706454	2.319175041922118	-0.12676165386975063	1.1889235919514467	0.0	0.0	0.0	0.0	0.0	0.0	0.0	0.0	0.0	0.0	0.0	0.0	0.0	0.0	0.0	0.0	0.0	0.0	0.0	0.0	0.0	0.0	0.0	0.0	0.0	0.0	0.0	0.0	0.0	0.0	0.0	0.0	0.0	0.0	0.0	0.0	0.0	0.0	0.0	0.0	0.0	0.0	0.0	0.0	0.0	0.0	0.0	0.0	32384.519687266467	2938.779196835284	-158.53972276176052	32517.974619991248	-31153.301563956833	-2779.378789856519	8901.198627030708	32518.98648159554	0.0	0.0	0.0	0.0	0.0	0.0	0.0	0.0	0.0	0.0	0.0	0.0	0.0	0.0	0.0	0.0	0.0	0.0	0.0	0.0	0.0	0.0	0.0	0.0	0.0	0.0	0.0	0.0	31278.33750068551	2265.1374991695066	-8603.443327718247	32518.98648159554	0.0	0.0	0.0	0.0	0.0	0.0	0.0	0.0	0.0	0.0	0.0	0.0	0.0	0.0	0.0	0.0	0.0	0.0	0.0	0.0	0.0	0.0	0.0	0.0	0.0	0.0	0.0	0.0	0.0	0.0	0.0	0.0	0.0	0.0	0.0	0.0	0.0	0.0	0.0	0.0	0.0	0.0	0.0	0.0	0.0	0.0	0.0	0.0	0.0	0.0	0.0	0.0	0.0	0.0	0.0	0.0	0.0	0.0	0.0	0.0	0.0	0.0	0.0	0.0	0.0	0.0	0.0	0.0	0.0	0.0	0.0	0.0	0.0	0.0	0.0	0.0	0.0	0.0	0.0	0.0	0.0	0.0	0.0	0.0	0.0	0.0	0.0	0.0	0.0	0.0	0.0	0.0	0.0	0.0	0.0	0.0	0.0	0.0	0.0	0.0	30.099576617419043	-0.5004233825809584	0.12576622131709017	-0.4492355139381325	31.083353734164096	0.27910561301046405	0.04361942194523667	-0.33218117050430523	-0.011747555911006492
72.0	72.4623	2600.0	2586.829378406486	0.3218393595999342	0.48376832509442536	28.38016577769643	-95.95937611057886	63.01609862975965	-37.748807791048186	120.84785078640263	31.171195273393092	110.48795018134116	-37.74880779104827	120.84785078640014	-5.914147286330927e-15	0.0	-5.914147286330927e-15	21.73094595921948	21.59559229026093	0.061497346885567294	-4.628795515022905	2.2813069233824494	-0.1268021891569053	1.1820829479477237	0.0	0.0	0.0	0.0	0.0	0.0	0.0	0.0	0.0	0.0	0.0	0.0	0.0	0.0	0.0	0.0	0.0	0.0	0.0	0.0	0.0	0.0	0.0	0.0	0.0	0.0	0.0	0.0	0.0	0.0	0.0	0.0	0.0	0.0	0.0	0.0	0.0	0.0	0.0	0.0	0.0	0.0	0.0	0.0	0.0	0.0	0.0	0.0	32375.739740852485	2939.101811540896	-157.14799720274132	32509.25312459582	-31133.576571522473	-2799.471497691712	8931.86069090615	32510.225563705277	0.0	0.0	0.0	0.0	0.0	0.0	0.0	0.0	0.0	0.0	0.0	0.0	0.0	0.0	0.0	0.0	0.0	0.0	0.0	0.0	0.0	0.0	0.0	0.0	0.0	0.0	0.0	0.0	31257.95898350325	2269.6180115909638	-8643.124462258258	32510.225563705277	0.0	0.0	0.0	0.0	0.0	0.0	0.0	0.0	0.0	0.0	0.0	0.0	0.0	0.0	0.0	0.0	0.0	0.0	0.0	0.0	0.0	0.0	0.0	0.0	0.0	0.0	0.0	0.0	0.0	0.0	0.0	0.0	0.0	0.0	0.0	0.0	0.0	0.0	0.0	0.0	0.0	0.0	0.0	0.0	0.0	0.0	0.0	0.0	0.0	0.0	0.0	0.0	0.0	0.0	0.0	0.0	0.0	0.0	0.0	0.0	0.0	0.0	0.0	0.0	0.0	0.0	0.0	0.0	0.0	0.0	0.0	0.0	0.0	0.0	0.0	0.0	0.0	0.0	0.0	0.0	0.0	0.0	0.0	0.0	0.0	0.0	0.0	0.0	0.0	0.0	0.0	0.0	0.0	0.0	0.0	0.0	0.0	0.0	0.0	0.0	30.122981234853263	-0.47701876514674185	0.12613456538282397	-0.44686000610549426	30.94329655834407	0.2791584348306537	0.043669381365456755	-0.3111953823138387	-0.01189231491227447
73.0	73.4624	2600.0	2586.9782224251007	0.3053120872350266	0.4945136845811716	28.374655380929887	-94.99509534581742	48.40184801100621	-20.08923093539664	108.49140164186831	19.359692711755994	104.84278386588265	-20.089230935396724	108.4914016418698	0.0	0.0	0.0	21.471231610530296	21.335774694709553	0.07095396107458261	-4.365772416862983	2.2426454451639324	-0.12667080723843463	1.175274798485268	0.0	0.0	0.0	0.0	0.0	0.0	0.0	0.0	0.0	0.0	0.0	0.0	0.0	0.0	0.0	0.0	0.0	0.0	0.0	0.0	0.0	0.0	0.0	0.0	0.0	0.0	0.0	0.0	0.0	0.0	0.0	0.0	0.0	0.0	0.0	0.0	0.0	0.0	0.0	0.0	0.0	0.0	0.0	0.0	0.0	0.0	0.0	0.0	32364.577771102562	2935.304625360219	-147.02991043087363	32497.74646556233	-31118.17365566796	-2817.491607603645	8938.01304100055	32498.724094098234	0.0	0.0	0.0	0.0	0.0	0.0	0.0	0.0	0.0	0.0	0.0	0.0	0.0	0.0	0.0	0.0	0.0	0.0	0.0	0.0	0.0	0.0	0.0	0.0	0.0	0.0	0.0	0.0	31241.640583892873	2269.841489256456	-8658.797894906005	32498.724094098234	0.0	0.0	0.0	0.0	0.0	0.0	0.0	0.0	0.0	0.0	0.0	0.0	0.0	0.0	0.0	0.0	0.0	0.0	0.0	0.0	0.0	0.0	0.0	0.0	0.0	0.0	0.0	0.0	0.0	0.0	0.0	0.0	0.0	0.0	0.0	0.0	0.0	0.0	0.0	0.0	0.0	0.0	0.0	0.0	0.0	0.0	0.0	0.0	0.0	0.0	0.0	0.0	0.0	0.0	0.0	0.0	0.0	0.0	0.0	0.0	0.0	0.0	0.0	0.0	0.0	0.0	0.0	0.0	0.0	0.0	0.0	0.0	0.0	0.0	0.0	0.0	0.0	0.0	0.0	0.0	0.0	0.0	0.0	0.0	0.0	0.0	0.0	0.0	0.0	0.0	0.0	0.0	0.0	0.0	0.0	0.0	0.0	0.0	0.0	0.0	30.145215060718968	-0.4547849392810335	0.12637699179381243	-0.4445244630952581	30.801936941049117	0.27921130621639134	0.043730439102251	-0.29133996696521475	-0.011970693291930451
74.0	74.4624	2600.0	2586.766165882502	0.2882984215748052	0.5046676825667131	28.36877699642625	-96.33403145125703	46.39497128126822	-17.92066742486547	108.41535544743707	18.894478228972734	105.24133060873282	-17.920667424865552	108.41535544743819	1.896669610283687e-15	0.0	1.896669610283687e-15	21.204839207782083	21.06871665240701	0.0803683752052445	-4.101487006869732	2.203419177217528	-0.12655856042136324	1.1686385889049271	0.0	0.0	0.0	0.0	0.0	0.0	0.0	0.0	0.0	0.0	0.0	0.0	0.0	0.0	0.0	0.0	0.0	0.0	0.0	0.0	0.0	0.0	0.0	0.0	0.0	0.0	0.0	0.0	0.0	0.0	0.0	0.0	0.0	0.0	0.0	0.0	0.0	0.0	0.0	0.0	0.0	0.0	0.0	0.0	0.0	0.0	0.0	0.0	32360.685348346873	2930.1365651607293	-154.09435723767726	32493.43628451963	-31100.238162442936	-2831.2365323158047	8980.550113523104	32494.476367593492	0.0	0.0	0.0	0.0	0.0	0.0	0.0	0.0	0.0	0.0	0.0	0.0	0.0	0.0	0.0	0.0	0.0	0.0	0.0	0.0	0.0	0.0	0.0	0.0	0.0	0.0	0.0	0.0	31222.759090361433	2268.481090095615	-8711.159666383266	32494.476367593492	0.0	0.0	0.0	0.0	0.0	0.0	0.0	0.0	0.0	0.0	0.0	0.0	0.0	0.0	0.0	0.0	0.0	0.0	0.0	0.0	0.0	0.0	0.0	0.0	0.0	0.0	0.0	0.0	0.0	0.0	0.0	0.0	0.0	0.0	0.0	0.0	0.0	0.0	0.0	0.0	0.0	0.0	0.0	0.0	0.0	0.0	0.0	0.0	0.0	0.0	0.0	0.0	0.0	0.0	0.0	0.0	0.0	0.0	0.0	0.0	0.0	0.0	0.0	0.0	0.0	0.0	0.0	0.0	0.0	0.0	0.0	0.0	0.0	0.0	0.0	0.0	0.0	0.0	0.0	0.0	0.0	0.0	0.0	0.0	0.0	0.0	0.0	0.0	0.0	0.0	0.0	0.0	0.0	0.0	0.0	0.0	0.0	0.0	0.0	0.0	30.166281538647606	-0.43371846135239533	0.12653586545892095	-0.4422745820059393	30.65949972356235	0.27926419086303017	0.04378514419145424	-0.2725658094212228	-0.012047036993707062
75.0	75.4625	2600.0	2586.8510223225267	0.2708689822462601	0.5141683105936039	28.3625564953259	-96.18422949742671	47.10058657597983	-15.280829317630873	108.18213810259797	21.4490626880106	104.92763682471923	-15.28082931763096	108.18213810259503	-4.584191618081666e-15	0.0	-4.584191618081666e-15	20.931704617531924	20.79431328348352	0.08978029402879457	-3.8359791844733087	2.1637388570666936	-0.12645807503201414	1.1622743948718188	0.0	0.0	0.0	0.0	0.0	0.0	0.0	0.0	0.0	0.0	0.0	0.0	0.0	0.0	0.0	0.0	0.0	0.0	0.0	0.0	0.0	0.0	0.0	0.0	0.0	0.0	0.0	0.0	0.0	0.0	0.0	0.0	0.0	0.0	0.0	0.0	0.0	0.0	0.0	0.0	0.0	0.0	0.0	0.0	0.0	0.0	0.0	0.0	32359.410450535564	2926.4112968959316	-153.29169313409938	32491.827066633457	-31090.092360168288	-2848.2092508431524	9004.443970414733	32492.86306432109	0.0	0.0	0.0	0.0	0.0	0.0	0.0	0.0	0.0	0.0	0.0	0.0	0.0	0.0	0.0	0.0	0.0	0.0	0.0	0.0	0.0	0.0	0.0	0.0	0.0	0.0	0.0	0.0	31211.699415786003	2268.3758228339466	-8744.737893254875	32492.86306432109	0.0	0.0	0.0	0.0	0.0	0.0	0.0	0.0	0.0	0.0	0.0	0.0	0.0	0.0	0.0	0.0	0.0	0.0	0.0	0.0	0.0	0.0	0.0	0.0	0.0	0.0	0.0	0.0	0.0	0.0	0.0	0.0	0.0	0.0	0.0	0.0	0.0	0.0	0.0	0.0	0.0	0.0	0.0	0.0	0.0	0.0	0.0	0.0	0.0	0.0	0.0	0.0	0.0	0.0	0.0	0.0	0.0	0.0	0.0	0.0	0.0	0.0	0.0	0.0	0.0	0.0	0.0	0.0	0.0	0.0	0.0	0.0	0.0	0.0	0.0	0.0	0.0	0.0	0.0	0.0	0.0	0.0	0.0	0.0	0.0	0.0	0.0	0.0	0.0	0.0	0.0	0.0	0.0	0.0	0.0	0.0	0.0	0.0	0.0	0.0	30.186105225140007	-0.41389477485999404	0.1266392654565326	-0.4401531295153768	30.515973777831576	0.279317074602983	0.04383416537482557	-0.2549061026673403	-0.012126536055416502
76.0	76.4625	2600.0	2586.8687080436007	0.2530676708863921	0.5229967760335821	28.356017173192047	-96.05363933574336	40.832110417315555	-16.202846805382244	105.62241767433463	17.213336036569665	102.9430130376277	-16.20284680538233	105.62241767433531	0.0	0.0	0.0	20.651961263518288	20.512794189341985	0.09908676598690382	-3.5695655055988262	2.123785978017549	-0.12664253716569585	1.1562628387572498	0.0	0.0	0.0	0.0	0.0	0.0	0.0	0.0	0.0	0.0	0.0	0.0	0.0	0.0	0.0	0.0	0.0	0.0	0.0	0.0	0.0	0.0	0.0	0.0	0.0	0.0	0.0	0.0	0.0	0.0	0.0	0.0	0.0	0.0	0.0	0.0	0.0	0.0	0.0	0.0	0.0	0.0	0.0	0.0	0.0	0.0	0.0	0.0	32354.181654963046	2922.532909966016	-152.5050002375762	32486.266743768505	-31077.052345431417	-2865.2924816682457	9024.22772851156	32487.378619738254	0.0	0.0	0.0	0.0	0.0	0.0	0.0	0.0	0.0	0.0	0.0	0.0	0.0	0.0	0.0	0.0	0.0	0.0	0.0	0.0	0.0	0.0	0.0	0.0	0.0	0.0	0.0	0.0	31197.720065377187	2267.942320544551	-8774.307376384213	32487.378619738254	0.0	0.0	0.0	0.0	0.0	0.0	0.0	0.0	0.0	0.0	0.0	0.0	0.0	0.0	0.0	0.0	0.0	0.0	0.0	0.0	0.0	0.0	0.0	0.0	0.0	0.0	0.0	0.0	0.0	0.0	0.0	0.0	0.0	0.0	0.0	0.0	0.0	0.0	0.0	0.0	0.0	0.0	0.0	0.0	0.0	0.0	0.0	0.0	0.0	0.0	0.0	0.0	0.0	0.0	0.0	0.0	0.0	0.0	0.0	0.0	0.0	0.0	0.0	0.0	0.0	0.0	0.0	0.0	0.0	0.0	0.0	0.0	0.0	0.0	0.0	0.0	0.0	0.0	0.0	0.0	0.0	0.0	0.0	0.0	0.0	0.0	0.0	0.0	0.0	0.0	0.0	0.0	0.0	0.0	0.0	0.0	0.0	0.0	0.0	0.0	30.20465440978586	-0.39534559021414145	0.1266968115253717	-0.4381760349891705	30.371426585743784	0.27936993901401447	0.043885305197861886	-0.2383768943765431	-0.01218936094184035
77.0	77.4625	2600.0	2587.0234226946895	0.23492121426474685	0.5311496295111082	28.34917937278213	-94.33746340503788	33.940470860045025	-8.671559820021272	100.63154830176582	12.652566749276959	99.45564397536147	-8.671559820021374	100.63154830176751	6.255660523702786e-15	0.0	6.255660523702786e-15	20.36556094628967	20.224305805705352	0.10809934619441532	-3.302103538017611	2.083272617313868	-0.12681378048731637	1.1503292060310226	0.0	0.0	0.0	0.0	0.0	0.0	0.0	0.0	0.0	0.0	0.0	0.0	0.0	0.0	0.0	0.0	0.0	0.0	0.0	0.0	0.0	0.0	0.0	0.0	0.0	0.0	0.0	0.0	0.0	0.0	0.0	0.0	0.0	0.0	0.0	0.0	0.0	0.0	0.0	0.0	0.0	0.0	0.0	0.0	0.0	0.0	0.0	0.0	32348.787671787333	2918.560404298684	-141.4205472203448	32480.487349162366	-31068.10762601606	-2883.783946801399	9028.264140316178	32481.580544992976	0.0	0.0	0.0	0.0	0.0	0.0	0.0	0.0	0.0	0.0	0.0	0.0	0.0	0.0	0.0	0.0	0.0	0.0	0.0	0.0	0.0	0.0	0.0	0.0	0.0	0.0	0.0	0.0	31187.76624252071	2267.734487306885	-8788.27012544736	32481.580544992976	0.0	0.0	0.0	0.0	0.0	0.0	0.0	0.0	0.0	0.0	0.0	0.0	0.0	0.0	0.0	0.0	0.0	0.0	0.0	0.0	0.0	0.0	0.0	0.0	0.0	0.0	0.0	0.0	0.0	0.0	0.0	0.0	0.0	0.0	0.0	0.0	0.0	0.0	0.0	0.0	0.0	0.0	0.0	0.0	0.0	0.0	0.0	0.0	0.0	0.0	0.0	0.0	0.0	0.0	0.0	0.0	0.0	0.0	0.0	0.0	0.0	0.0	0.0	0.0	0.0	0.0	0.0	0.0	0.0	0.0	0.0	0.0	0.0	0.0	0.0	0.0	0.0	0.0	0.0	0.0	0.0	0.0	0.0	0.0	0.0	0.0	0.0	0.0	0.0	0.0	0.0	0.0	0.0	0.0	0.0	0.0	0.0	0.0	0.0	0.0	30.22191340675168	-0.3780865932483267	0.12671280872917334	-0.43624079448745035	30.225851091422673	0.2794228205781527	0.04395005678439407	-0.22309628435206638	-0.01220230837412027
78.0	78.4625	2600.0	2586.8933184653847	0.21648433834643668	0.5386162422027031	28.342071507913047	-95.42486815794108	34.907214926421155	-13.264187230637674	102.47125343123902	15.116036037803498	100.47847815021666	-13.264187230637747	102.47125343123878	2.33614203420997e-15	0.0	2.33614203420997e-15	20.07321972674481	19.92886340398901	0.11751987650231134	-3.0337710966869187	2.04241509598551	-0.12711875639402667	1.1446314317299517	0.0	0.0	0.0	0.0	0.0	0.0	0.0	0.0	0.0	0.0	0.0	0.0	0.0	0.0	0.0	0.0	0.0	0.0	0.0	0.0	0.0	0.0	0.0	0.0	0.0	0.0	0.0	0.0	0.0	0.0	0.0	0.0	0.0	0.0	0.0	0.0	0.0	0.0	0.0	0.0	0.0	0.0	0.0	0.0	0.0	0.0	0.0	0.0	32347.281299041722	2915.404867294787	-148.00384806083997	32478.733012828896	-31054.915268225905	-2900.751605935859	9062.150384549619	32479.912127162897	0.0	0.0	0.0	0.0	0.0	0.0	0.0	0.0	0.0	0.0	0.0	0.0	0.0	0.0	0.0	0.0	0.0	0.0	0.0	0.0	0.0	0.0	0.0	0.0	0.0	0.0	0.0	0.0	31173.692964656097	2267.6751072588463	-8831.942501029576	32479.912127162897	0.0	0.0	0.0	0.0	0.0	0.0	0.0	0.0	0.0	0.0	0.0	0.0	0.0	0.0	0.0	0.0	0.0	0.0	0.0	0.0	0.0	0.0	0.0	0.0	0.0	0.0	0.0	0.0	0.0	0.0	0.0	0.0	0.0	0.0	0.0	0.0	0.0	0.0	0.0	0.0	0.0	0.0	0.0	0.0	0.0	0.0	0.0	0.0	0.0	0.0	0.0	0.0	0.0	0.0	0.0	0.0	0.0	0.0	0.0	0.0	0.0	0.0	0.0	0.0	0.0	0.0	0.0	0.0	0.0	0.0	0.0	0.0	0.0	0.0	0.0	0.0	0.0	0.0	0.0	0.0	0.0	0.0	0.0	0.0	0.0	0.0	0.0	0.0	0.0	0.0	0.0	0.0	0.0	0.0	0.0	0.0	0.0	0.0	0.0	0.0	30.237860106648974	-0.3621398933510349	0.12670959555978706	-0.4344043681247881	30.07956329084359	0.2794756956374244	0.04398603305159992	-0.20902913499733486	-0.01231306002780833
79.0	79.4624	2600.0	2586.4711676793177	0.197735992010745	0.5453534777770135	28.334699693028526	-98.69689289089	26.282393565223167	-3.14017464211618	102.18464451480021	7.789338165941445	101.83892717802154	-3.1401746421162646	102.18464451480348	1.7570435608105383e-14	0.0	1.7570435608105383e-14	19.774640110737113	19.626765021301768	0.1268152425352252	-2.7577154182667742	1.9871495956186995	-0.11704704396392464	1.1275289188779616	0.0	0.0	0.0	0.0	0.0	0.0	0.0	0.0	0.0	0.0	0.0	0.0	0.0	0.0	0.0	0.0	0.0	0.0	0.0	0.0	0.0	0.0	0.0	0.0	0.0	0.0	0.0	0.0	0.0	0.0	0.0	0.0	0.0	0.0	0.0	0.0	0.0	0.0	0.0	0.0	0.0	0.0	0.0	0.0	0.0	0.0	0.0	0.0	32228.243989548617	3122.6790215005312	-140.19462699091406	32379.47636164972	-30933.787377340046	-3129.6616798690598	9044.453087634276	32380.48973365506	0.0	0.0	0.0	0.0	0.0	0.0	0.0	0.0	0.0	0.0	0.0	0.0	0.0	0.0	0.0	0.0	0.0	0.0	0.0	0.0	0.0	0.0	0.0	0.0	0.0	0.0	0.0	0.0	31058.25391374682	2486.6655253798967	-8814.617052683458	32380.48973365506	0.0	0.0	0.0	0.0	0.0	0.0	0.0	0.0	0.0	0.0	0.0	0.0	0.0	0.0	0.0	0.0	0.0	0.0	0.0	0.0	0.0	0.0	0.0	0.0	0.0	0.0	0.0	0.0	0.0	0.0	0.0	0.0	0.0	0.0	0.0	0.0	0.0	0.0	0.0	0.0	0.0	0.0	0.0	0.0	0.0	0.0	0.0	0.0	0.0	0.0	0.0	0.0	0.0	0.0	0.0	0.0	0.0	0.0	0.0	0.0	0.0	0.0	0.0	0.0	0.0	0.0	0.0	0.0	0.0	0.0	0.0	0.0	0.0	0.0	0.0	0.0	0.0	0.0	0.0	0.0	0.0	0.0	0.0	0.0	0.0	0.0	0.0	0.0	0.0	0.0	0.0	0.0	0.0	0.0	0.0	0.0	0.0	0.0	0.0	0.0	30.252440789666924	-0.34755921033307047	0.12655841022668313	-0.4285505735261249	29.932276983229567	0.28013493929575795	0.04401731394432591	-0.20093415818433824	-0.012292749242043589
80.0	80.4621	2600.0	2586.537937551896	0.17862767727682752	0.5514027895315555	28.32706751208478	-97.28517251556693	18.430612402538824	2.191080179961503	99.03985610485942	2.05564415601475	98.99427555176953	2.1910801799614035	99.03985610485735	-3.885800188384726e-14	0.0	-3.885800188384726e-14	19.47026822051027	19.318174291553667	0.13616031524170152	-2.4756489931805166	1.911124836015782	-0.09639943608756156	1.092518681683021	0.0	0.0	0.0	0.0	0.0	0.0	0.0	0.0	0.0	0.0	0.0	0.0	0.0	0.0	0.0	0.0	0.0	0.0	0.0	0.0	0.0	0.0	0.0	0.0	0.0	0.0	0.0	0.0	0.0	0.0	0.0	0.0	0.0	0.0	0.0	0.0	0.0	0.0	0.0	0.0	0.0	0.0	0.0	0.0	0.0	0.0	0.0	0.0	32177.09330131451	3096.4632734910942	-134.28156439816055	32326.018153557292	-30882.035624917306	-3126.305914260041	9031.097970433708	32326.99558511077	0.0	0.0	0.0	0.0	0.0	0.0	0.0	0.0	0.0	0.0	0.0	0.0	0.0	0.0	0.0	0.0	0.0	0.0	0.0	0.0	0.0	0.0	0.0	0.0	0.0	0.0	0.0	0.0	31003.062203623005	2481.8514544904006	-8813.920292123024	32326.99558511077	0.0	0.0	0.0	0.0	0.0	0.0	0.0	0.0	0.0	0.0	0.0	0.0	0.0	0.0	0.0	0.0	0.0	0.0	0.0	0.0	0.0	0.0	0.0	0.0	0.0	0.0	0.0	0.0	0.0	0.0	0.0	0.0	0.0	0.0	0.0	0.0	0.0	0.0	0.0	0.0	0.0	0.0	0.0	0.0	0.0	0.0	0.0	0.0	0.0	0.0	0.0	0.0	0.0	0.0	0.0	0.0	0.0	0.0	0.0	0.0	0.0	0.0	0.0	0.0	0.0	0.0	0.0	0.0	0.0	0.0	0.0	0.0	0.0	0.0	0.0	0.0	0.0	0.0	0.0	0.0	0.0	0.0	0.0	0.0	0.0	0.0	0.0	0.0	0.0	0.0	0.0	0.0	0.0	0.0	0.0	0.0	0.0	0.0	0.0	0.0	30.265686890297516	-0.3343131097024818	0.12615879582244494	-0.4166217975065606	29.78415177009225	0.28059438296970307	0.043969768193099334	-0.2000201475912013	-0.012226242849563102
81.0	81.4617	2600.0	2586.3910277880946	0.15925892186957882	0.5568018571941642	28.319219247751008	-98.75422873934805	19.504314328572942	-2.146430922458052	100.68477112769402	4.626139799835072	100.55553093631167	-2.146430922458123	100.68477112769355	0.0	0.0	0.0	19.158897385462275	19.003909400502053	0.14346487560390783	-2.1998306138320087	1.8402747176681848	-0.08395481838739906	1.0610688140325868	0.0	0.0	0.0	0.0	0.0	0.0	0.0	0.0	0.0	0.0	0.0	0.0	0.0	0.0	0.0	0.0	0.0	0.0	0.0	0.0	0.0	0.0	0.0	0.0	0.0	0.0	0.0	0.0	0.0	0.0	0.0	0.0	0.0	0.0	0.0	0.0	0.0	0.0	0.0	0.0	0.0	0.0	0.0	0.0	0.0	0.0	0.0	0.0	32157.004828410656	3076.8979691112672	-140.06933746406474	32304.177439861312	-30854.569028152087	-3127.8029369155474	9046.70782827445	32305.270524410436	0.0	0.0	0.0	0.0	0.0	0.0	0.0	0.0	0.0	0.0	0.0	0.0	0.0	0.0	0.0	0.0	0.0	0.0	0.0	0.0	0.0	0.0	0.0	0.0	0.0	0.0	0.0	0.0	30972.41552044538	2480.2970192695702	-8842.403925427625	32305.270524410436	0.0	0.0	0.0	0.0	0.0	0.0	0.0	0.0	0.0	0.0	0.0	0.0	0.0	0.0	0.0	0.0	0.0	0.0	0.0	0.0	0.0	0.0	0.0	0.0	0.0	0.0	0.0	0.0	0.0	0.0	0.0	0.0	0.0	0.0	0.0	0.0	0.0	0.0	0.0	0.0	0.0	0.0	0.0	0.0	0.0	0.0	0.0	0.0	0.0	0.0	0.0	0.0	0.0	0.0	0.0	0.0	0.0	0.0	0.0	0.0	0.0	0.0	0.0	0.0	0.0	0.0	0.0	0.0	0.0	0.0	0.0	0.0	0.0	0.0	0.0	0.0	0.0	0.0	0.0	0.0	0.0	0.0	0.0	0.0	0.0	0.0	0.0	0.0	0.0	0.0	0.0	0.0	0.0	0.0	0.0	0.0	0.0	0.0	0.0	0.0	30.277626809882516	-0.3223731901174852	0.12576060602838537	-0.4061431835744565	29.63505051000268	0.28071311919069036	0.043984883008222536	-0.19862673429296918	-0.01183087435749213
82.0	82.4613	2600.0	2586.548619571469	0.13969668984689543	0.561651571624088	28.31119266656459	-99.36936018946288	24.154808579311066	19.209626119301458	104.05159420984248	10.909218860671897	101.67946432694951	19.20962611930137	104.05159420983799	1.6168520354393405e-14	0.0	1.6168520354393405e-14	18.842597595528115	18.682150362980305	0.15269026181234932	-1.9295145766568347	1.7754410382597243	-0.07914072943804576	1.0342112475994487	0.0	0.0	0.0	0.0	0.0	0.0	0.0	0.0	0.0	0.0	0.0	0.0	0.0	0.0	0.0	0.0	0.0	0.0	0.0	0.0	0.0	0.0	0.0	0.0	0.0	0.0	0.0	0.0	0.0	0.0	0.0	0.0	0.0	0.0	0.0	0.0	0.0	0.0	0.0	0.0	0.0	0.0	0.0	0.0	0.0	0.0	0.0	0.0	31950.94011092033	2170.8032069321007	-117.76397558287334	32024.815829115858	-30670.435292369268	-2242.706996722703	8941.588495443171	32025.885475945877	0.0	0.0	0.0	0.0	0.0	0.0	0.0	0.0	0.0	0.0	0.0	0.0	0.0	0.0	0.0	0.0	0.0	0.0	0.0	0.0	0.0	0.0	0.0	0.0	0.0	0.0	0.0	0.0	30757.991127079655	1591.1799298417159	-8779.035754327422	32025.885475945877	0.0	0.0	0.0	0.0	0.0	0.0	0.0	0.0	0.0	0.0	0.0	0.0	0.0	0.0	0.0	0.0	0.0	0.0	0.0	0.0	0.0	0.0	0.0	0.0	0.0	0.0	0.0	0.0	0.0	0.0	0.0	0.0	0.0	0.0	0.0	0.0	0.0	0.0	0.0	0.0	0.0	0.0	0.0	0.0	0.0	0.0	0.0	0.0	0.0	0.0	0.0	0.0	0.0	0.0	0.0	0.0	0.0	0.0	0.0	0.0	0.0	0.0	0.0	0.0	0.0	0.0	0.0	0.0	0.0	0.0	0.0	0.0	0.0	0.0	0.0	0.0	0.0	0.0	0.0	0.0	0.0	0.0	0.0	0.0	0.0	0.0	0.0	0.0	0.0	0.0	0.0	0.0	0.0	0.0	0.0	0.0	0.0	0.0	0.0	0.0	30.288352944531542	-0.31164705546845184	0.12538100597824195	-0.397568983289733	29.485859189678827	0.2809241706600946	0.04383451476507361	-0.1966408449418231	-0.011955828243934328
83.0	83.4606	2600.0	2586.635633546528	0.11991048747722552	0.5661583067230229	28.30299997961582	-97.42121988012515	7.6965203342006125	54.15661939491675	111.72765965718752	-3.448435184578557	97.66390737096299	54.15661939491665	111.72765965718668	-5.788072215505684e-14	0.0	-5.788072215505684e-14	18.519531779904572	18.354722845309176	0.16015644180746827	-1.668073486302561	1.711516001578316	-0.08369906890610954	1.0062317361911437	0.0	0.0	0.0	0.0	0.0	0.0	0.0	0.0	0.0	0.0	0.0	0.0	0.0	0.0	0.0	0.0	0.0	0.0	0.0	0.0	0.0	0.0	0.0	0.0	0.0	0.0	0.0	0.0	0.0	0.0	0.0	0.0	0.0	0.0	0.0	0.0	0.0	0.0	0.0	0.0	0.0	0.0	0.0	0.0	0.0	0.0	0.0	0.0	31775.750663899664	1391.78951169689	-93.4420881531906	31806.353763407515	-30516.838745937614	-1487.2323647599233	8844.473746023763	31807.452318544038	0.0	0.0	0.0	0.0	0.0	0.0	0.0	0.0	0.0	0.0	0.0	0.0	0.0	0.0	0.0	0.0	0.0	0.0	0.0	0.0	0.0	0.0	0.0	0.0	0.0	0.0	0.0	0.0	30579.790048092753	831.9435486698819	-8711.964964509816	31807.452318544038	0.0	0.0	0.0	0.0	0.0	0.0	0.0	0.0	0.0	0.0	0.0	0.0	0.0	0.0	0.0	0.0	0.0	0.0	0.0	0.0	0.0	0.0	0.0	0.0	0.0	0.0	0.0	0.0	0.0	0.0	0.0	0.0	0.0	0.0	0.0	0.0	0.0	0.0	0.0	0.0	0.0	0.0	0.0	0.0	0.0	0.0	0.0	0.0	0.0	0.0	0.0	0.0	0.0	0.0	0.0	0.0	0.0	0.0	0.0	0.0	0.0	0.0	0.0	0.0	0.0	0.0	0.0	0.0	0.0	0.0	0.0	0.0	0.0	0.0	0.0	0.0	0.0	0.0	0.0	0.0	0.0	0.0	0.0	0.0	0.0	0.0	0.0	0.0	0.0	0.0	0.0	0.0	0.0	0.0	0.0	0.0	0.0	0.0	0.0	0.0	30.298064128225484	-0.30193587177452136	0.12491947556196123	-0.3895769139878399	29.335860722604995	0.280946983235043	0.04369609171373722	-0.19489669538909454	-0.011797195758151227
84.0	84.46	2600.0	2586.7170349025546	0.09997239324850446	0.5700482175703114	28.294663757510513	-97.44686158158584	13.521827739172295	57.087506495295955	113.74407261637441	4.051020647159021	98.29710010587588	57.08750649529587	113.74407261637303	5.931278409355159e-13	0.0	5.931278409355159e-13	18.19094938483998	18.020716422704382	0.16817178449710624	-1.408959743765735	1.6514847556917025	-0.09210259297141732	0.9815055380414452	0.0	0.0	0.0	0.0	0.0	0.0	0.0	0.0	0.0	0.0	0.0	0.0	0.0	0.0	0.0	0.0	0.0	0.0	0.0	0.0	0.0	0.0	0.0	0.0	0.0	0.0	0.0	0.0	0.0	0.0	0.0	0.0	0.0	0.0	0.0	0.0	0.0	0.0	0.0	0.0	0.0	0.0	0.0	0.0	0.0	0.0	0.0	0.0	31760.775167009495	1311.1470980032113	-92.77677479399755	31787.962398553806	-30499.802027422775	-1427.7991814059403	8847.642158695602	31789.264005049474	0.0	0.0	0.0	0.0	0.0	0.0	0.0	0.0	0.0	0.0	0.0	0.0	0.0	0.0	0.0	0.0	0.0	0.0	0.0	0.0	0.0	0.0	0.0	0.0	0.0	0.0	0.0	0.0	30560.271450711258	765.3246748474322	-8720.171614346023	31789.264005049474	0.0	0.0	0.0	0.0	0.0	0.0	0.0	0.0	0.0	0.0	0.0	0.0	0.0	0.0	0.0	0.0	0.0	0.0	0.0	0.0	0.0	0.0	0.0	0.0	0.0	0.0	0.0	0.0	0.0	0.0	0.0	0.0	0.0	0.0	0.0	0.0	0.0	0.0	0.0	0.0	0.0	0.0	0.0	0.0	0.0	0.0	0.0	0.0	0.0	0.0	0.0	0.0	0.0	0.0	0.0	0.0	0.0	0.0	0.0	0.0	0.0	0.0	0.0	0.0	0.0	0.0	0.0	0.0	0.0	0.0	0.0	0.0	0.0	0.0	0.0	0.0	0.0	0.0	0.0	0.0	0.0	0.0	0.0	0.0	0.0	0.0	0.0	0.0	0.0	0.0	0.0	0.0	0.0	0.0	0.0	0.0	0.0	0.0	0.0	0.0	30.306480279488504	-0.29351972051149744	0.12450137242220506	-0.38298418736773443	29.185473240214858	0.28096121375864064	0.043526136079375125	-0.19304439930895861	-0.01167151443728132
85.0	85.4594	2600.0	2586.777096762866	0.07994601354559827	0.5731218126559477	28.28621200618798	-96.92418265233937	6.8012575871907766	54.91739201266166	111.60857598349563	-0.8931537760399807	97.15840964076779	54.91739201266159	111.60857598349347	-1.708429595475634e-14	0.0	-1.708429595475634e-14	17.857577434824286	17.678390854451816	0.17928954557702365	-1.1458924325789686	1.595646523025767	-0.09833937063180881	0.961904031639357	0.0	0.0	0.0	0.0	0.0	0.0	0.0	0.0	0.0	0.0	0.0	0.0	0.0	0.0	0.0	0.0	0.0	0.0	0.0	0.0	0.0	0.0	0.0	0.0	0.0	0.0	0.0	0.0	0.0	0.0	0.0	0.0	0.0	0.0	0.0	0.0	0.0	0.0	0.0	0.0	0.0	0.0	0.0	0.0	0.0	0.0	0.0	0.0	31751.165336796817	1266.0978821739366	-88.87777031638825	31776.52283290149	-30490.53749772751	-1404.3053015968621	8841.612486852964	31777.65034813139	0.0	0.0	0.0	0.0	0.0	0.0	0.0	0.0	0.0	0.0	0.0	0.0	0.0	0.0	0.0	0.0	0.0	0.0	0.0	0.0	0.0	0.0	0.0	0.0	0.0	0.0	0.0	0.0	30550.165060685315	731.2667724902179	-8716.176072133288	31777.65034813139	0.0	0.0	0.0	0.0	0.0	0.0	0.0	0.0	0.0	0.0	0.0	0.0	0.0	0.0	0.0	0.0	0.0	0.0	0.0	0.0	0.0	0.0	0.0	0.0	0.0	0.0	0.0	0.0	0.0	0.0	0.0	0.0	0.0	0.0	0.0	0.0	0.0	0.0	0.0	0.0	0.0	0.0	0.0	0.0	0.0	0.0	0.0	0.0	0.0	0.0	0.0	0.0	0.0	0.0	0.0	0.0	0.0	0.0	0.0	0.0	0.0	0.0	0.0	0.0	0.0	0.0	0.0	0.0	0.0	0.0	0.0	0.0	0.0	0.0	0.0	0.0	0.0	0.0	0.0	0.0	0.0	0.0	0.0	0.0	0.0	0.0	0.0	0.0	0.0	0.0	0.0	0.0	0.0	0.0	0.0	0.0	0.0	0.0	0.0	0.0	30.313396057550012	-0.28660394244998955	0.12418345206618989	-0.37789797023803556	29.034885223872035	0.2809751283580221	0.04330043150496471	-0.19119377711361524	-0.01177453160631339
86.0	86.4589	2600.0	2586.474934653866	0.059844974934397506	0.5754010768493595	28.27766723738864	-99.05206478125547	14.841500864993575	40.20706742573937	107.92678053353386	8.695244156942865	99.77962925571047	40.207067425739275	107.92678053353495	2.7204277753881683e-14	0.0	2.7204277753881683e-14	17.519140350473013	17.32858046100372	0.19239701218645536	-0.8797772905312959	1.5441755989391837	-0.10324796974694517	0.9473677165360328	0.0	0.0	0.0	0.0	0.0	0.0	0.0	0.0	0.0	0.0	0.0	0.0	0.0	0.0	0.0	0.0	0.0	0.0	0.0	0.0	0.0	0.0	0.0	0.0	0.0	0.0	0.0	0.0	0.0	0.0	0.0	0.0	0.0	0.0	0.0	0.0	0.0	0.0	0.0	0.0	0.0	0.0	0.0	0.0	0.0	0.0	0.0	0.0	31749.886016431872	1204.9297625923875	-102.29668808089451	31772.906420432955	-30479.310656321384	-1363.755192813766	8874.046962511475	31774.154840110732	0.0	0.0	0.0	0.0	0.0	0.0	0.0	0.0	0.0	0.0	0.0	0.0	0.0	0.0	0.0	0.0	0.0	0.0	0.0	0.0	0.0	0.0	0.0	0.0	0.0	0.0	0.0	0.0	30538.220723460207	678.007951784268	-8749.531191205331	31774.154840110732	0.0	0.0	0.0	0.0	0.0	0.0	0.0	0.0	0.0	0.0	0.0	0.0	0.0	0.0	0.0	0.0	0.0	0.0	0.0	0.0	0.0	0.0	0.0	0.0	0.0	0.0	0.0	0.0	0.0	0.0	0.0	0.0	0.0	0.0	0.0	0.0	0.0	0.0	0.0	0.0	0.0	0.0	0.0	0.0	0.0	0.0	0.0	0.0	0.0	0.0	0.0	0.0	0.0	0.0	0.0	0.0	0.0	0.0	0.0	0.0	0.0	0.0	0.0	0.0	0.0	0.0	0.0	0.0	0.0	0.0	0.0	0.0	0.0	0.0	0.0	0.0	0.0	0.0	0.0	0.0	0.0	0.0	0.0	0.0	0.0	0.0	0.0	0.0	0.0	0.0	0.0	0.0	0.0	0.0	0.0	0.0	0.0	0.0	0.0	0.0	30.31882819744482	-0.2811718025551854	0.12394148733598301	-0.37432969811231265	28.884012689171264	0.28098825354290957	0.04307536224222299	-0.18931611607296112	-0.01189041148781649
87.0	87.4584	2600.0	2586.7748963715703	0.03967569712409487	0.5769161065737004	28.269049611609876	-96.1800557216229	3.715048026726435	62.05365717279449	114.52100710775328	-0.5536023879030837	96.2501855834671	62.053657172794416	114.52100710775488	2.397010398301051e-13	0.0	2.397010398301051e-13	17.17507613693474	16.971439026652746	0.20678350088906117	-0.6113171291268727	1.4971433035563333	-0.10743980781247471	0.9377597266651188	0.0	0.0	0.0	0.0	0.0	0.0	0.0	0.0	0.0	0.0	0.0	0.0	0.0	0.0	0.0	0.0	0.0	0.0	0.0	0.0	0.0	0.0	0.0	0.0	0.0	0.0	0.0	0.0	0.0	0.0	0.0	0.0	0.0	0.0	0.0	0.0	0.0	0.0	0.0	0.0	0.0	0.0	0.0	0.0	0.0	0.0	0.0	0.0	31735.90264454121	1124.34599799923	-87.45615753782822	31755.933605650866	-30474.498943939256	-1305.556606900446	8838.38410019047	31757.15033564057	0.0	0.0	0.0	0.0	0.0	0.0	0.0	0.0	0.0	0.0	0.0	0.0	0.0	0.0	0.0	0.0	0.0	0.0	0.0	0.0	0.0	0.0	0.0	0.0	0.0	0.0	0.0	0.0	30532.325211116444	603.1254298991308	-8713.779567954909	31757.15033564057	0.0	0.0	0.0	0.0	0.0	0.0	0.0	0.0	0.0	0.0	0.0	0.0	0.0	0.0	0.0	0.0	0.0	0.0	0.0	0.0	0.0	0.0	0.0	0.0	0.0	0.0	0.0	0.0	0.0	0.0	0.0	0.0	0.0	0.0	0.0	0.0	0.0	0.0	0.0	0.0	0.0	0.0	0.0	0.0	0.0	0.0	0.0	0.0	0.0	0.0	0.0	0.0	0.0	0.0	0.0	0.0	0.0	0.0	0.0	0.0	0.0	0.0	0.0	0.0	0.0	0.0	0.0	0.0	0.0	0.0	0.0	0.0	0.0	0.0	0.0	0.0	0.0	0.0	0.0	0.0	0.0	0.0	0.0	0.0	0.0	0.0	0.0	0.0	0.0	0.0	0.0	0.0	0.0	0.0	0.0	0.0	0.0	0.0	0.0	0.0	30.322802361008016	-0.27719763899198924	0.123758568141403	-0.3722635410109767	28.732645138035874	0.281000175624372	0.042881193596405576	-0.18740131958095071	-0.011897274697703289
88.0	88.4581	2600.0	2586.817993036424	0.019470220216677846	0.5776886583389217	28.260385958731433	-96.51403339895842	0.5560864745930304	65.01580159108035	116.37148418591737	-2.041118277618807	96.49405013407886	65.01580159108026	116.37148418591244	2.2457768757514814e-13	0.0	2.2457768757514814e-13	16.826226806028025	16.60758018694969	0.2226869737039557	-0.3410121981039253	1.4543176956311323	-0.11124635332383395	0.9326728567061418	0.0	0.0	0.0	0.0	0.0	0.0	0.0	0.0	0.0	0.0	0.0	0.0	0.0	0.0	0.0	0.0	0.0	0.0	0.0	0.0	0.0	0.0	0.0	0.0	0.0	0.0	0.0	0.0	0.0	0.0	0.0	0.0	0.0	0.0	0.0	0.0	0.0	0.0	0.0	0.0	0.0	0.0	0.0	0.0	0.0	0.0	0.0	0.0	31729.553472615607	1035.5310624634164	-89.83570043946257	31746.5739664294	-30467.341812872386	-1238.2560375573414	8839.017302962857	31747.762472952745	0.0	0.0	0.0	0.0	0.0	0.0	0.0	0.0	0.0	0.0	0.0	0.0	0.0	0.0	0.0	0.0	0.0	0.0	0.0	0.0	0.0	0.0	0.0	0.0	0.0	0.0	0.0	0.0	30524.39405555304	517.1845636486298	-8712.881825634275	31747.762472952745	0.0	0.0	0.0	0.0	0.0	0.0	0.0	0.0	0.0	0.0	0.0	0.0	0.0	0.0	0.0	0.0	0.0	0.0	0.0	0.0	0.0	0.0	0.0	0.0	0.0	0.0	0.0	0.0	0.0	0.0	0.0	0.0	0.0	0.0	0.0	0.0	0.0	0.0	0.0	0.0	0.0	0.0	0.0	0.0	0.0	0.0	0.0	0.0	0.0	0.0	0.0	0.0	0.0	0.0	0.0	0.0	0.0	0.0	0.0	0.0	0.0	0.0	0.0	0.0	0.0	0.0	0.0	0.0	0.0	0.0	0.0	0.0	0.0	0.0	0.0	0.0	0.0	0.0	0.0	0.0	0.0	0.0	0.0	0.0	0.0	0.0	0.0	0.0	0.0	0.0	0.0	0.0	0.0	0.0	0.0	0.0	0.0	0.0	0.0	0.0	30.325336654038615	-0.27466334596138253	0.12364297392497098	-0.3715876211383443	28.581158863190716	0.2810105740070982	0.0426878615168486	-0.1855417860332696	-0.011947620968443677
89.0	89.4578	2600.0	2586.7419877940665	-0.0007182125697103692	0.5777449923036073	28.25170905606481	-96.69775080574254	-2.993149675286986	59.62463155344825	113.64202850949384	-3.908096810819188	96.66509574394148	59.62463155344817	113.6420285094936	-3.960531519356572e-14	0.0	-3.960531519356572e-14	16.472271577536198	16.23776703209032	0.23903924962557183	-0.06921433309397514	1.4156399486792184	-0.11490122864069574	0.9319783065812383	0.0	0.0	0.0	0.0	0.0	0.0	0.0	0.0	0.0	0.0	0.0	0.0	0.0	0.0	0.0	0.0	0.0	0.0	0.0	0.0	0.0	0.0	0.0	0.0	0.0	0.0	0.0	0.0	0.0	0.0	0.0	0.0	0.0	0.0	0.0	0.0	0.0	0.0	0.0	0.0	0.0	0.0	0.0	0.0	0.0	0.0	0.0	0.0	31723.3167154695	935.7576111551905	-88.60410727722467	31737.238638934035	-30463.099991952622	-1160.055590553415	8830.361145875171	31738.328060240674	0.0	0.0	0.0	0.0	0.0	0.0	0.0	0.0	0.0	0.0	0.0	0.0	0.0	0.0	0.0	0.0	0.0	0.0	0.0	0.0	0.0	0.0	0.0	0.0	0.0	0.0	0.0	0.0	30519.30523179676	417.77506243779067	-8701.663072372334	31738.328060240674	0.0	0.0	0.0	0.0	0.0	0.0	0.0	0.0	0.0	0.0	0.0	0.0	0.0	0.0	0.0	0.0	0.0	0.0	0.0	0.0	0.0	0.0	0.0	0.0	0.0	0.0	0.0	0.0	0.0	0.0	0.0	0.0	0.0	0.0	0.0	0.0	0.0	0.0	0.0	0.0	0.0	0.0	0.0	0.0	0.0	0.0	0.0	0.0	0.0	0.0	0.0	0.0	0.0	0.0	0.0	0.0	0.0	0.0	0.0	0.0	0.0	0.0	0.0	0.0	0.0	0.0	0.0	0.0	0.0	0.0	0.0	0.0	0.0	0.0	0.0	0.0	0.0	0.0	0.0	0.0	0.0	0.0	0.0	0.0	0.0	0.0	0.0	0.0	0.0	0.0	0.0	0.0	0.0	0.0	0.0	0.0	0.0	0.0	0.0	0.0	30.326454790231846	-0.27354520976815877	0.12359989966947225	-0.3722775895748684	28.42943233385653	0.2810191358091651	0.04253083661247719	-0.18373795466273604	-0.01191590633423687
90.0	90.4575	2600.0	2586.9152776251844	-0.020872638526490243	0.5770824658055708	28.243040628734647	-95.82359978203749	-6.428337800747612	73.83327737934641	121.13974843396413	-5.6629501102961495	95.87187699276907	73.83327737934631	121.13974843396299	3.785163245027464e-14	0.0	3.785163245027464e-14	16.11410623226089	15.861602326931717	0.25715079577324484	0.2036648416415448	1.3809139830351544	-0.11865876153227209	0.9353325770688187	0.0	0.0	0.0	0.0	0.0	0.0	0.0	0.0	0.0	0.0	0.0	0.0	0.0	0.0	0.0	0.0	0.0	0.0	0.0	0.0	0.0	0.0	0.0	0.0	0.0	0.0	0.0	0.0	0.0	0.0	0.0	0.0	0.0	0.0	0.0	0.0	0.0	0.0	0.0	0.0	0.0	0.0	0.0	0.0	0.0	0.0	0.0	0.0	31717.635402900352	769.4649166497054	-83.05221831283285	31727.076283203904	-30462.26545598369	-1015.6219550294401	8815.041419581554	31728.316373474547	0.0	0.0	0.0	0.0	0.0	0.0	0.0	0.0	0.0	0.0	0.0	0.0	0.0	0.0	0.0	0.0	0.0	0.0	0.0	0.0	0.0	0.0	0.0	0.0	0.0	0.0	0.0	0.0	30516.421524309535	249.8714156600821	-8681.684256040795	31728.316373474547	0.0	0.0	0.0	0.0	0.0	0.0	0.0	0.0	0.0	0.0	0.0	0.0	0.0	0.0	0.0	0.0	0.0	0.0	0.0	0.0	0.0	0.0	0.0	0.0	0.0	0.0	0.0	0.0	0.0	0.0	0.0	0.0	0.0	0.0	0.0	0.0	0.0	0.0	0.0	0.0	0.0	0.0	0.0	0.0	0.0	0.0	0.0	0.0	0.0	0.0	0.0	0.0	0.0	0.0	0.0	0.0	0.0	0.0	0.0	0.0	0.0	0.0	0.0	0.0	0.0	0.0	0.0	0.0	0.0	0.0	0.0	0.0	0.0	0.0	0.0	0.0	0.0	0.0	0.0	0.0	0.0	0.0	0.0	0.0	0.0	0.0	0.0	0.0	0.0	0.0	0.0	0.0	0.0	0.0	0.0	0.0	0.0	0.0	0.0	0.0	30.326152261968787	-0.27384773803121476	0.12361981553389795	-0.3742574431057669	28.277861729611498	0.28102541475337134	0.04233235528629653	-0.18206882653711623	-0.012118548330965791
91.0	91.4573	2600.0	2586.9044200989224	-0.040990344638660525	0.575751245314687	28.234398126050152	-95.94301701315271	-9.065925646147663	83.3138264505086	127.39092275053608	-6.622934306573368	96.14255177900485	83.31382645050851	127.39092275053692	0.0	0.0	0.0	15.75120766442311	15.480805496565115	0.2747958795998781	0.47719007226406407	1.3492531045487537	-0.12259782723015585	0.9417525860831506	0.0	0.0	0.0	0.0	0.0	0.0	0.0	0.0	0.0	0.0	0.0	0.0	0.0	0.0	0.0	0.0	0.0	0.0	0.0	0.0	0.0	0.0	0.0	0.0	0.0	0.0	0.0	0.0	0.0	0.0	0.0	0.0	0.0	0.0	0.0	0.0	0.0	0.0	0.0	0.0	0.0	0.0	0.0	0.0	0.0	0.0	0.0	0.0	31715.68443258986	512.5846933365502	-75.52746711559537	31719.916243485797	-30465.252095909746	-780.357518933652	8802.860056017193	31721.142606950852	0.0	0.0	0.0	0.0	0.0	0.0	0.0	0.0	0.0	0.0	0.0	0.0	0.0	0.0	0.0	0.0	0.0	0.0	0.0	0.0	0.0	0.0	0.0	0.0	0.0	0.0	0.0	0.0	30515.36118612957	-10.55716993348858	-8662.765639028461	31721.142606950852	0.0	0.0	0.0	0.0	0.0	0.0	0.0	0.0	0.0	0.0	0.0	0.0	0.0	0.0	0.0	0.0	0.0	0.0	0.0	0.0	0.0	0.0	0.0	0.0	0.0	0.0	0.0	0.0	0.0	0.0	0.0	0.0	0.0	0.0	0.0	0.0	0.0	0.0	0.0	0.0	0.0	0.0	0.0	0.0	0.0	0.0	0.0	0.0	0.0	0.0	0.0	0.0	0.0	0.0	0.0	0.0	0.0	0.0	0.0	0.0	0.0	0.0	0.0	0.0	0.0	0.0	0.0	0.0	0.0	0.0	0.0	0.0	0.0	0.0	0.0	0.0	0.0	0.0	0.0	0.0	0.0	0.0	0.0	0.0	0.0	0.0	0.0	0.0	0.0	0.0	0.0	0.0	0.0	0.0	0.0	0.0	0.0	0.0	0.0	0.0	30.324478343145138	-0.27552165685485985	0.12367427214796071	-0.3774695569117423	28.12623876585317	0.28102758356056695	0.04216931466118725	-0.18053989787649108	-0.01228236897838196
92.0	92.4571	2600.0	2586.793262622151	-0.06101782462390524	0.5737645593735652	28.22581302311296	-96.61572360351418	-7.929328047439411	93.13896798403513	134.43340227728257	-3.7799573574975516	96.8668375301422	93.13896798403506	134.4334022772859	-6.290913160941153e-14	0.0	-6.290913160941153e-14	15.383739966921546	15.096103681359507	0.291433685975872	0.7511444658031596	1.3202793093849743	-0.1267307368630344	0.9508399436029185	0.0	0.0	0.0	0.0	0.0	0.0	0.0	0.0	0.0	0.0	0.0	0.0	0.0	0.0	0.0	0.0	0.0	0.0	0.0	0.0	0.0	0.0	0.0	0.0	0.0	0.0	0.0	0.0	0.0	0.0	0.0	0.0	0.0	0.0	0.0	0.0	0.0	0.0	0.0	0.0	0.0	0.0	0.0	0.0	0.0	0.0	0.0	0.0	31715.320626445973	243.84505265342358	-68.57859050076044	31716.332162957435	-30469.608498386155	-533.4049088946686	8792.956956503738	31717.46608543449	0.0	0.0	0.0	0.0	0.0	0.0	0.0	0.0	0.0	0.0	0.0	0.0	0.0	0.0	0.0	0.0	0.0	0.0	0.0	0.0	0.0	0.0	0.0	0.0	0.0	0.0	0.0	0.0	30515.522344366254	-284.11021066468385	-8644.063414816344	31717.46608543449	0.0	0.0	0.0	0.0	0.0	0.0	0.0	0.0	0.0	0.0	0.0	0.0	0.0	0.0	0.0	0.0	0.0	0.0	0.0	0.0	0.0	0.0	0.0	0.0	0.0	0.0	0.0	0.0	0.0	0.0	0.0	0.0	0.0	0.0	0.0	0.0	0.0	0.0	0.0	0.0	0.0	0.0	0.0	0.0	0.0	0.0	0.0	0.0	0.0	0.0	0.0	0.0	0.0	0.0	0.0	0.0	0.0	0.0	0.0	0.0	0.0	0.0	0.0	0.0	0.0	0.0	0.0	0.0	0.0	0.0	0.0	0.0	0.0	0.0	0.0	0.0	0.0	0.0	0.0	0.0	0.0	0.0	0.0	0.0	0.0	0.0	0.0	0.0	0.0	0.0	0.0	0.0	0.0	0.0	0.0	0.0	0.0	0.0	0.0	0.0	30.321446449221625	-0.2785535507783763	0.123764445786247	-0.38184871467302334	27.974640352013953	0.2810248224885671	0.042042670846625226	-0.17920156320294822	-0.012411770724389327
93.0	93.457	2600.0	2585.750816946071	-0.08094174644163105	0.5711127750750761	28.217305058166808	-76.40837047500098	-4.301743086918578	101.2462015293539	126.91547343154576	0.3134055134869414	76.52872564739664	101.24620152935383	126.91547343154387	-5.108509090289182e-14	0.0	-5.108509090289182e-14	15.011726210422161	14.708274144394153	0.3063353153613121	1.0253775268677776	1.2938758113900963	-0.13107943431335115	0.9623807412377973	0.0	0.0	0.0	0.0	0.0	0.0	0.0	0.0	0.0	0.0	0.0	0.0	0.0	0.0	0.0	0.0	0.0	0.0	0.0	0.0	0.0	0.0	0.0	0.0	0.0	0.0	0.0	0.0	0.0	0.0	0.0	0.0	0.0	0.0	0.0	0.0	0.0	0.0	0.0	0.0	0.0	0.0	0.0	0.0	0.0	0.0	0.0	0.0	31702.433801445746	118.41266387277157	-77.20045875179058	31702.74894082289	-30441.402285259283	-460.5108748737696	8841.596856676588	31702.75821336149	0.0	0.0	0.0	0.0	0.0	0.0	0.0	0.0	0.0	0.0	0.0	0.0	0.0	0.0	0.0	0.0	0.0	0.0	0.0	0.0	0.0	0.0	0.0	0.0	0.0	0.0	0.0	0.0	30487.341653707917	-385.2842503449291	-8685.530108829347	31702.75821336149	0.0	0.0	0.0	0.0	0.0	0.0	0.0	0.0	0.0	0.0	0.0	0.0	0.0	0.0	0.0	0.0	0.0	0.0	0.0	0.0	0.0	0.0	0.0	0.0	0.0	0.0	0.0	0.0	0.0	0.0	0.0	0.0	0.0	0.0	0.0	0.0	0.0	0.0	0.0	0.0	0.0	0.0	0.0	0.0	0.0	0.0	0.0	0.0	0.0	0.0	0.0	0.0	0.0	0.0	0.0	0.0	0.0	0.0	0.0	0.0	0.0	0.0	0.0	0.0	0.0	0.0	0.0	0.0	0.0	0.0	0.0	0.0	0.0	0.0	0.0	0.0	0.0	0.0	0.0	0.0	0.0	0.0	0.0	0.0	0.0	0.0	0.0	0.0	0.0	0.0	0.0	0.0	0.0	0.0	0.0	0.0	0.0	0.0	0.0	0.0	30.317047617528566	-0.2829523824714393	0.12388595315281349	-0.3873047708430059	27.82308503725331	0.2810168122996082	0.041985142268827845	-0.17815258312249324	-0.01243407312972987
94.0	94.4568	2600.0	2586.7139105765696	-0.10075922502468626	0.5677975637010787	28.20889089161906	-97.44172659638934	-25.099875710171546	127.9668099589874	162.78942930617805	-17.45195212906583	99.0975439132344	127.96680995898731	162.78942930617518	-6.167587735420722e-14	0.0	-6.167587735420722e-14	14.634813399817054	14.317542268970437	0.31894985748702137	1.2998051205842682	1.2701596702641165	-0.13566395093728156	0.9764223811136946	0.0	0.0	0.0	0.0	0.0	0.0	0.0	0.0	0.0	0.0	0.0	0.0	0.0	0.0	0.0	0.0	0.0	0.0	0.0	0.0	0.0	0.0	0.0	0.0	0.0	0.0	0.0	0.0	0.0	0.0	0.0	0.0	0.0	0.0	0.0	0.0	0.0	0.0	0.0	0.0	0.0	0.0	0.0	0.0	0.0	0.0	0.0	0.0	31697.056830551162	-355.2410080646423	-50.84514499829553	31699.088206473236	-30466.317082737183	23.342654563409845	8758.684493300687	31700.34030603759	0.0	0.0	0.0	0.0	0.0	0.0	0.0	0.0	0.0	0.0	0.0	0.0	0.0	0.0	0.0	0.0	0.0	0.0	0.0	0.0	0.0	0.0	0.0	0.0	0.0	0.0	0.0	0.0	30502.17786344607	-897.3485905869511	-8586.238210780282	31700.34030603759	0.0	0.0	0.0	0.0	0.0	0.0	0.0	0.0	0.0	0.0	0.0	0.0	0.0	0.0	0.0	0.0	0.0	0.0	0.0	0.0	0.0	0.0	0.0	0.0	0.0	0.0	0.0	0.0	0.0	0.0	0.0	0.0	0.0	0.0	0.0	0.0	0.0	0.0	0.0	0.0	0.0	0.0	0.0	0.0	0.0	0.0	0.0	0.0	0.0	0.0	0.0	0.0	0.0	0.0	0.0	0.0	0.0	0.0	0.0	0.0	0.0	0.0	0.0	0.0	0.0	0.0	0.0	0.0	0.0	0.0	0.0	0.0	0.0	0.0	0.0	0.0	0.0	0.0	0.0	0.0	0.0	0.0	0.0	0.0	0.0	0.0	0.0	0.0	0.0	0.0	0.0	0.0	0.0	0.0	0.0	0.0	0.0	0.0	0.0	0.0	30.311285089754364	-0.28871491024564133	0.12403713674715298	-0.39386072894841534	27.671432200938074	0.2810027916396951	0.04200779226303133	-0.17736637159988425	-0.01227621168469011
95.0	95.4568	2600.0	2586.4972779862073	-0.1204304303454514	0.5637723616559092	28.200598988100495	-98.07140987741512	-21.514900176765877	120.7151628448479	157.01287496768632	-12.091337372372434	99.67292473639826	120.71516284484782	157.01287496768654	-4.8388274062879955e-14	0.0	-4.8388274062879955e-14	14.254416994496243	13.923631861694094	0.330997843654314	1.5744651141411896	1.2493679366812562	-0.14042418000775556	0.9932137832012824	0.0	0.0	0.0	0.0	0.0	0.0	0.0	0.0	0.0	0.0	0.0	0.0	0.0	0.0	0.0	0.0	0.0	0.0	0.0	0.0	0.0	0.0	0.0	0.0	0.0	0.0	0.0	0.0	0.0	0.0	0.0	0.0	0.0	0.0	0.0	0.0	0.0	0.0	0.0	0.0	0.0	0.0	0.0	0.0	0.0	0.0	0.0	0.0	31696.629785981248	-586.9563559613216	-52.4892206669641	31702.107385340227	-30469.59182482691	233.35545768935435	8755.0681512924	31703.338926286087	0.0	0.0	0.0	0.0	0.0	0.0	0.0	0.0	0.0	0.0	0.0	0.0	0.0	0.0	0.0	0.0	0.0	0.0	0.0	0.0	0.0	0.0	0.0	0.0	0.0	0.0	0.0	0.0	30502.022511721163	-1138.1219489859895	-8569.305701085628	31703.338926286087	0.0	0.0	0.0	0.0	0.0	0.0	0.0	0.0	0.0	0.0	0.0	0.0	0.0	0.0	0.0	0.0	0.0	0.0	0.0	0.0	0.0	0.0	0.0	0.0	0.0	0.0	0.0	0.0	0.0	0.0	0.0	0.0	0.0	0.0	0.0	0.0	0.0	0.0	0.0	0.0	0.0	0.0	0.0	0.0	0.0	0.0	0.0	0.0	0.0	0.0	0.0	0.0	0.0	0.0	0.0	0.0	0.0	0.0	0.0	0.0	0.0	0.0	0.0	0.0	0.0	0.0	0.0	0.0	0.0	0.0	0.0	0.0	0.0	0.0	0.0	0.0	0.0	0.0	0.0	0.0	0.0	0.0	0.0	0.0	0.0	0.0	0.0	0.0	0.0	0.0	0.0	0.0	0.0	0.0	0.0	0.0	0.0	0.0	0.0	0.0	30.304114936339015	-0.29588506366098255	0.124222547021052	-0.40163112692907904	27.520287021494994	0.2809834582297711	0.042003242045213864	-0.17677208713698203	-0.012305031240708829
96.0	96.4568	2600.0	2586.459755910236	-0.13997096909566703	0.5590214055823897	28.19244145629189	-99.68228268638266	-20.82178053346615	127.64813799837911	163.2916138710282	-9.480029204774837	101.3914842204649	127.64813799837904	163.29161387102948	-2.5575547160272634e-14	0.0	-2.5575547160272634e-14	13.869706625105056	13.527160772193767	0.34105856360512254	1.8492512454380512	1.2314536184893985	-0.14535573872936564	1.0125660079963539	0.0	0.0	0.0	0.0	0.0	0.0	0.0	0.0	0.0	0.0	0.0	0.0	0.0	0.0	0.0	0.0	0.0	0.0	0.0	0.0	0.0	0.0	0.0	0.0	0.0	0.0	0.0	0.0	0.0	0.0	0.0	0.0	0.0	0.0	0.0	0.0	0.0	0.0	0.0	0.0	0.0	0.0	0.0	0.0	0.0	0.0	0.0	0.0	31691.08091495982	-848.8861995863376	-50.399449029924924	31702.488190090713	-30471.0343141201	474.8341053537557	8742.031946130792	31703.825039686657	0.0	0.0	0.0	0.0	0.0	0.0	0.0	0.0	0.0	0.0	0.0	0.0	0.0	0.0	0.0	0.0	0.0	0.0	0.0	0.0	0.0	0.0	0.0	0.0	0.0	0.0	0.0	0.0	30499.098098290684	-1411.4428373069259	-8540.805960500427	31703.825039686657	0.0	0.0	0.0	0.0	0.0	0.0	0.0	0.0	0.0	0.0	0.0	0.0	0.0	0.0	0.0	0.0	0.0	0.0	0.0	0.0	0.0	0.0	0.0	0.0	0.0	0.0	0.0	0.0	0.0	0.0	0.0	0.0	0.0	0.0	0.0	0.0	0.0	0.0	0.0	0.0	0.0	0.0	0.0	0.0	0.0	0.0	0.0	0.0	0.0	0.0	0.0	0.0	0.0	0.0	0.0	0.0	0.0	0.0	0.0	0.0	0.0	0.0	0.0	0.0	0.0	0.0	0.0	0.0	0.0	0.0	0.0	0.0	0.0	0.0	0.0	0.0	0.0	0.0	0.0	0.0	0.0	0.0	0.0	0.0	0.0	0.0	0.0	0.0	0.0	0.0	0.0	0.0	0.0	0.0	0.0	0.0	0.0	0.0	0.0	0.0	30.295524147727544	-0.3044758522724537	0.12444477431506917	-0.41053756149910525	27.369306479805918	0.2809588358467087	0.04206200043734639	-0.1764619211300187	-0.012211977697898809
97.0	97.457	2600.0	2586.5104083808724	-0.15939635525788073	0.5534604017931708	28.184433185216886	-99.26697532830804	-10.279444986152157	115.73296886796257	152.81923786960542	2.690610949308393	99.76151558979838	115.73296886796248	152.81923786960496	1.275541573266455e-13	0.0	1.275541573266455e-13	13.481199610592359	13.128339013758833	0.34946969355076146	2.124163261141522	1.2167635033060484	-0.15046646138721692	1.0347190466078562	0.0	0.0	0.0	0.0	0.0	0.0	0.0	0.0	0.0	0.0	0.0	0.0	0.0	0.0	0.0	0.0	0.0	0.0	0.0	0.0	0.0	0.0	0.0	0.0	0.0	0.0	0.0	0.0	0.0	0.0	0.0	0.0	0.0	0.0	0.0	0.0	0.0	0.0	0.0	0.0	0.0	0.0	0.0	0.0	0.0	0.0	0.0	0.0	31694.76047490925	-1146.2484063750649	-52.479646013345715	31715.524291492216	-30478.96207087392	749.7649939989044	8742.845605442639	31716.976932624042	0.0	0.0	0.0	0.0	0.0	0.0	0.0	0.0	0.0	0.0	0.0	0.0	0.0	0.0	0.0	0.0	0.0	0.0	0.0	0.0	0.0	0.0	0.0	0.0	0.0	0.0	0.0	0.0	30501.825759917112	-1720.354227079309	-8523.24072108916	31716.976932624042	0.0	0.0	0.0	0.0	0.0	0.0	0.0	0.0	0.0	0.0	0.0	0.0	0.0	0.0	0.0	0.0	0.0	0.0	0.0	0.0	0.0	0.0	0.0	0.0	0.0	0.0	0.0	0.0	0.0	0.0	0.0	0.0	0.0	0.0	0.0	0.0	0.0	0.0	0.0	0.0	0.0	0.0	0.0	0.0	0.0	0.0	0.0	0.0	0.0	0.0	0.0	0.0	0.0	0.0	0.0	0.0	0.0	0.0	0.0	0.0	0.0	0.0	0.0	0.0	0.0	0.0	0.0	0.0	0.0	0.0	0.0	0.0	0.0	0.0	0.0	0.0	0.0	0.0	0.0	0.0	0.0	0.0	0.0	0.0	0.0	0.0	0.0	0.0	0.0	0.0	0.0	0.0	0.0	0.0	0.0	0.0	0.0	0.0	0.0	0.0	30.28543188430891	-0.3145681156910847	0.12469846545049772	-0.4206852341908586	27.218718337584846	0.28092741657468007	0.042148652258865264	-0.17641004799390492	-0.01214086511234724
98.0	98.4573	2600.0	2585.9349665632894	-0.17861697162312978	0.547220566482826	28.17661214735033	-104.27164879339762	-20.107477640778598	128.03747397192998	166.34446831884947	-4.5533725297609635	106.09502437802438	128.03747397192984	166.3444683188503	-1.0906874661340269e-14	0.0	-1.0906874661340269e-14	13.0887386851383	12.727987496693434	0.3552794287012653	2.398899335747152	1.2047570585296945	-0.15578658212054386	1.059199543007728	0.0	0.0	0.0	0.0	0.0	0.0	0.0	0.0	0.0	0.0	0.0	0.0	0.0	0.0	0.0	0.0	0.0	0.0	0.0	0.0	0.0	0.0	0.0	0.0	0.0	0.0	0.0	0.0	0.0	0.0	0.0	0.0	0.0	0.0	0.0	0.0	0.0	0.0	0.0	0.0	0.0	0.0	0.0	0.0	0.0	0.0	0.0	0.0	31680.60331551186	-1430.0394685541648	-53.983000159042895	31712.908310035993	-30470.886273030406	1014.3099613895033	8735.116715341608	31714.44464266035	0.0	0.0	0.0	0.0	0.0	0.0	0.0	0.0	0.0	0.0	0.0	0.0	0.0	0.0	0.0	0.0	0.0	0.0	0.0	0.0	0.0	0.0	0.0	0.0	0.0	0.0	0.0	0.0	30488.387924953306	-2019.481126174893	-8496.22838152036	31714.44464266035	0.0	0.0	0.0	0.0	0.0	0.0	0.0	0.0	0.0	0.0	0.0	0.0	0.0	0.0	0.0	0.0	0.0	0.0	0.0	0.0	0.0	0.0	0.0	0.0	0.0	0.0	0.0	0.0	0.0	0.0	0.0	0.0	0.0	0.0	0.0	0.0	0.0	0.0	0.0	0.0	0.0	0.0	0.0	0.0	0.0	0.0	0.0	0.0	0.0	0.0	0.0	0.0	0.0	0.0	0.0	0.0	0.0	0.0	0.0	0.0	0.0	0.0	0.0	0.0	0.0	0.0	0.0	0.0	0.0	0.0	0.0	0.0	0.0	0.0	0.0	0.0	0.0	0.0	0.0	0.0	0.0	0.0	0.0	0.0	0.0	0.0	0.0	0.0	0.0	0.0	0.0	0.0	0.0	0.0	0.0	0.0	0.0	0.0	0.0	0.0	30.273975458591618	-0.3260245414083869	0.12497322110140636	-0.4318667341043738	27.06845864002042	0.2808876421361679	0.04229504559625754	-0.17668467282688147	-0.01196005607816386
99.0	99.4575	2600.0	2585.795634306955	-0.19759348937141044	0.5403659216873679	28.16900188983156	-102.2213061954826	-18.589376527326746	124.80111795187209	162.38866771429102	-1.5400554436491802	103.88642158250148	124.80111795187197	162.3886677142953	4.1436892149470584e-14	0.0	4.1436892149470584e-14	12.692824544781248	12.325921992410775	0.35919876558901603	2.673059869994917	1.1944382198509886	-0.16132546694956088	1.0849834796996596	0.0	0.0	0.0	0.0	0.0	0.0	0.0	0.0	0.0	0.0	0.0	0.0	0.0	0.0	0.0	0.0	0.0	0.0	0.0	0.0	0.0	0.0	0.0	0.0	0.0	0.0	0.0	0.0	0.0	0.0	0.0	0.0	0.0	0.0	0.0	0.0	0.0	0.0	0.0	0.0	0.0	0.0	0.0	0.0	0.0	0.0	0.0	0.0	31675.381459507902	-1613.8063922504932	-54.371155235471484	31716.511754912884	-30472.02219249336	1173.8824297151443	8723.209781270853	31717.763561554297	0.0	0.0	0.0	0.0	0.0	0.0	0.0	0.0	0.0	0.0	0.0	0.0	0.0	0.0	0.0	0.0	0.0	0.0	0.0	0.0	0.0	0.0	0.0	0.0	0.0	0.0	0.0	0.0	30486.11579797161	-2214.3727225217986	-8468.165228966527	31717.763561554297	0.0	0.0	0.0	0.0	0.0	0.0	0.0	0.0	0.0	0.0	0.0	0.0	0.0	0.0	0.0	0.0	0.0	0.0	0.0	0.0	0.0	0.0	0.0	0.0	0.0	0.0	0.0	0.0	0.0	0.0	0.0	0.0	0.0	0.0	0.0	0.0	0.0	0.0	0.0	0.0	0.0	0.0	0.0	0.0	0.0	0.0	0.0	0.0	0.0	0.0	0.0	0.0	0.0	0.0	0.0	0.0	0.0	0.0	0.0	0.0	0.0	0.0	0.0	0.0	0.0	0.0	0.0	0.0	0.0	0.0	0.0	0.0	0.0	0.0	0.0	0.0	0.0	0.0	0.0	0.0	0.0	0.0	0.0	0.0	0.0	0.0	0.0	0.0	0.0	0.0	0.0	0.0	0.0	0.0	0.0	0.0	0.0	0.0	0.0	0.0	30.261225390744325	-0.3387746092556727	0.12525786150532292	-0.4436322456534244	26.918744325847552	0.2808372617178499	0.042446940647270906	-0.17766071340588155	-0.01180805952063811
100.0	100.4578	2600.0	2585.8743491187315	-0.2163169942400272	0.5327955398399533	28.161623959516426	-101.79395460423258	-30.43426467440804	131.07423179250983	168.72672550677052	-11.45202544588392	105.62719712946999	131.07423179250975	168.72672550677223	7.641109144983268e-14	0.0	7.641109144983268e-14	12.293948773292147	11.920553764785678	0.36331352718256743	2.944628283538422	1.178751589458879	-0.16703505784471842	1.1046927090025818	0.0	0.0	0.0	0.0	0.0	0.0	0.0	0.0	0.0	0.0	0.0	0.0	0.0	0.0	0.0	0.0	0.0	0.0	0.0	0.0	0.0	0.0	0.0	0.0	0.0	0.0	0.0	0.0	0.0	0.0	0.0	0.0	0.0	0.0	0.0	0.0	0.0	0.0	0.0	0.0	0.0	0.0	0.0	0.0	0.0	0.0	0.0	0.0	31663.143994230206	-1601.4713282624004	-55.30605312493863	31703.666298617816	-30472.735915155077	1141.738869459009	8678.513236564111	31705.012124237302	0.0	0.0	0.0	0.0	0.0	0.0	0.0	0.0	0.0	0.0	0.0	0.0	0.0	0.0	0.0	0.0	0.0	0.0	0.0	0.0	0.0	0.0	0.0	0.0	0.0	0.0	0.0	0.0	30487.572511628387	-2212.6862398299445	-8415.446259724002	31705.012124237302	0.0	0.0	0.0	0.0	0.0	0.0	0.0	0.0	0.0	0.0	0.0	0.0	0.0	0.0	0.0	0.0	0.0	0.0	0.0	0.0	0.0	0.0	0.0	0.0	0.0	0.0	0.0	0.0	0.0	0.0	0.0	0.0	0.0	0.0	0.0	0.0	0.0	0.0	0.0	0.0	0.0	0.0	0.0	0.0	0.0	0.0	0.0	0.0	0.0	0.0	0.0	0.0	0.0	0.0	0.0	0.0	0.0	0.0	0.0	0.0	0.0	0.0	0.0	0.0	0.0	0.0	0.0	0.0	0.0	0.0	0.0	0.0	0.0	0.0	0.0	0.0	0.0	0.0	0.0	0.0	0.0	0.0	0.0	0.0	0.0	0.0	0.0	0.0	0.0	0.0	0.0	0.0	0.0	0.0	0.0	0.0	0.0	0.0	0.0	0.0	30.247087158562483	-0.3529128414375258	0.1254840278662471	-0.4527435172280255	26.769788124903638	0.28078441679246074	0.0425474544372987	-0.18266766170190052	-0.011832257858984663
101.0	101.458	2600.0	2585.942841606205	-0.23478437498915597	0.5245133794175115	28.1544940829577	-102.12395589707374	-46.2349017011602	188.5460901657464	219.35495576843755	-25.026522038489926	109.27324328508259	188.54609016574634	219.3549557684385	-1.5905854759049962e-14	0.0	-1.5905854759049962e-14	11.89147008718007	11.512080512530423	0.3668241078607265	3.2136861410623947	1.15809260372409	-0.17286922423727083	1.1186734198802153	0.0	0.0	0.0	0.0	0.0	0.0	0.0	0.0	0.0	0.0	0.0	0.0	0.0	0.0	0.0	0.0	0.0	0.0	0.0	0.0	0.0	0.0	0.0	0.0	0.0	0.0	0.0	0.0	0.0	0.0	0.0	0.0	0.0	0.0	0.0	0.0	0.0	0.0	0.0	0.0	0.0	0.0	0.0	0.0	0.0	0.0	0.0	0.0	31648.494084457536	-1593.5404754019983	-38.941917661270395	31688.61097513804	-30468.990502023247	1114.438795837451	8639.611718497808	31689.812979701455	0.0	0.0	0.0	0.0	0.0	0.0	0.0	0.0	0.0	0.0	0.0	0.0	0.0	0.0	0.0	0.0	0.0	0.0	0.0	0.0	0.0	0.0	0.0	0.0	0.0	0.0	0.0	0.0	30484.616249180788	-2212.6082763168597	-8368.798207879745	31689.812979701455	0.0	0.0	0.0	0.0	0.0	0.0	0.0	0.0	0.0	0.0	0.0	0.0	0.0	0.0	0.0	0.0	0.0	0.0	0.0	0.0	0.0	0.0	0.0	0.0	0.0	0.0	0.0	0.0	0.0	0.0	0.0	0.0	0.0	0.0	0.0	0.0	0.0	0.0	0.0	0.0	0.0	0.0	0.0	0.0	0.0	0.0	0.0	0.0	0.0	0.0	0.0	0.0	0.0	0.0	0.0	0.0	0.0	0.0	0.0	0.0	0.0	0.0	0.0	0.0	0.0	0.0	0.0	0.0	0.0	0.0	0.0	0.0	0.0	0.0	0.0	0.0	0.0	0.0	0.0	0.0	0.0	0.0	0.0	0.0	0.0	0.0	0.0	0.0	0.0	0.0	0.0	0.0	0.0	0.0	0.0	0.0	0.0	0.0	0.0	0.0	30.231571980850564	-0.3684280191494446	0.12565401388316028	-0.45935351276610115	26.621326407991717	0.2807315768970846	0.04266465290122749	-0.19154521146807815	-0.01177974673374468
102.0	102.4583	2600.0	2585.398840364705	-0.252951181366836	0.5155393731277955	28.147638410139425	-106.70785643336787	-36.7483150480166	169.91875400865794	203.98379408013605	-12.863065753810588	112.12290944710911	169.91875400865783	203.9837940801334	-1.3422981526978746e-14	0.0	-1.3422981526978746e-14	11.486398386636631	11.100861737421358	0.3704246519939881	3.480672122624783	1.1341047437874443	-0.17877206866321957	1.1286573629377394	0.0	0.0	0.0	0.0	0.0	0.0	0.0	0.0	0.0	0.0	0.0	0.0	0.0	0.0	0.0	0.0	0.0	0.0	0.0	0.0	0.0	0.0	0.0	0.0	0.0	0.0	0.0	0.0	0.0	0.0	0.0	0.0	0.0	0.0	0.0	0.0	0.0	0.0	0.0	0.0	0.0	0.0	0.0	0.0	0.0	0.0	0.0	0.0	31652.030556040812	-1588.2493998978277	-60.87865994486682	31691.911912790216	-30465.132738485954	1085.7882763059529	8669.44344408253	31693.256358169925	0.0	0.0	0.0	0.0	0.0	0.0	0.0	0.0	0.0	0.0	0.0	0.0	0.0	0.0	0.0	0.0	0.0	0.0	0.0	0.0	0.0	0.0	0.0	0.0	0.0	0.0	0.0	0.0	30482.08838116653	-2212.893300832263	-8390.940933325805	31693.256358169925	0.0	0.0	0.0	0.0	0.0	0.0	0.0	0.0	0.0	0.0	0.0	0.0	0.0	0.0	0.0	0.0	0.0	0.0	0.0	0.0	0.0	0.0	0.0	0.0	0.0	0.0	0.0	0.0	0.0	0.0	0.0	0.0	0.0	0.0	0.0	0.0	0.0	0.0	0.0	0.0	0.0	0.0	0.0	0.0	0.0	0.0	0.0	0.0	0.0	0.0	0.0	0.0	0.0	0.0	0.0	0.0	0.0	0.0	0.0	0.0	0.0	0.0	0.0	0.0	0.0	0.0	0.0	0.0	0.0	0.0	0.0	0.0	0.0	0.0	0.0	0.0	0.0	0.0	0.0	0.0	0.0	0.0	0.0	0.0	0.0	0.0	0.0	0.0	0.0	0.0	0.0	0.0	0.0	0.0	0.0	0.0	0.0	0.0	0.0	0.0	30.214708573550016	-0.38529142644998515	0.12577909915044966	-0.4642208146931052	26.473791210148754	0.2806787280037438	0.04275414582752462	-0.2035075162713492	-0.01182067781700579
103.0	103.4585	2600.0	2585.3027469501812	-0.2708067039852262	0.5059208141303759	28.141070850362443	-107.02144407358354	-34.95346263145255	164.01930985097485	198.9413683614185	-9.085249959203797	112.21761125020568	164.01930985097476	198.94136836141837	-2.622058346449246e-15	0.0	-2.622058346449246e-15	11.078100335142658	10.68689137195079	0.37352853111960516	3.7458686538686785	1.108043726521503	-0.18472664804100555	1.1358895557801856	0.0	0.0	0.0	0.0	0.0	0.0	0.0	0.0	0.0	0.0	0.0	0.0	0.0	0.0	0.0	0.0	0.0	0.0	0.0	0.0	0.0	0.0	0.0	0.0	0.0	0.0	0.0	0.0	0.0	0.0	0.0	0.0	0.0	0.0	0.0	0.0	0.0	0.0	0.0	0.0	0.0	0.0	0.0	0.0	0.0	0.0	0.0	0.0	31647.33527011946	-1583.8504490577086	-66.19846483091928	31687.013020811435	-30467.061855669865	1060.8094470677524	8647.748330324064	31688.33738120106	0.0	0.0	0.0	0.0	0.0	0.0	0.0	0.0	0.0	0.0	0.0	0.0	0.0	0.0	0.0	0.0	0.0	0.0	0.0	0.0	0.0	0.0	0.0	0.0	0.0	0.0	0.0	0.0	30485.019548712335	-2212.478095181213	-8361.773124032583	31688.33738120106	0.0	0.0	0.0	0.0	0.0	0.0	0.0	0.0	0.0	0.0	0.0	0.0	0.0	0.0	0.0	0.0	0.0	0.0	0.0	0.0	0.0	0.0	0.0	0.0	0.0	0.0	0.0	0.0	0.0	0.0	0.0	0.0	0.0	0.0	0.0	0.0	0.0	0.0	0.0	0.0	0.0	0.0	0.0	0.0	0.0	0.0	0.0	0.0	0.0	0.0	0.0	0.0	0.0	0.0	0.0	0.0	0.0	0.0	0.0	0.0	0.0	0.0	0.0	0.0	0.0	0.0	0.0	0.0	0.0	0.0	0.0	0.0	0.0	0.0	0.0	0.0	0.0	0.0	0.0	0.0	0.0	0.0	0.0	0.0	0.0	0.0	0.0	0.0	0.0	0.0	0.0	0.0	0.0	0.0	0.0	0.0	0.0	0.0	0.0	0.0	30.19655338813534	-0.40344661186466285	0.12586961387689388	-0.4678927056202023	26.32691988630204	0.2806258793594398	0.04285612051145251	-0.2179536713360021	-0.01181945679463573
104.0	104.4588	2600.0	2585.599813463915	-0.28831290675253823	0.49567308204943034	28.13481395782979	-105.05915042445848	-50.580065492828	185.71396357744874	219.28393552837775	-22.746580843977423	114.36066269953518	185.71396357744865	219.28393552837926	2.1469152860093597e-14	0.0	2.1469152860093597e-14	10.666603605907266	10.27021709285232	0.3761542415872533	4.00948024632135	1.080863426222799	-0.19071053305531285	1.1413569024621486	0.0	0.0	0.0	0.0	0.0	0.0	0.0	0.0	0.0	0.0	0.0	0.0	0.0	0.0	0.0	0.0	0.0	0.0	0.0	0.0	0.0	0.0	0.0	0.0	0.0	0.0	0.0	0.0	0.0	0.0	0.0	0.0	0.0	0.0	0.0	0.0	0.0	0.0	0.0	0.0	0.0	0.0	0.0	0.0	0.0	0.0	0.0	0.0	31632.498483628835	-1578.813087893227	-45.73986350048205	31671.907161053565	-30473.146195350706	1039.8368614661006	8573.71364345505	31673.3715505888	0.0	0.0	0.0	0.0	0.0	0.0	0.0	0.0	0.0	0.0	0.0	0.0	0.0	0.0	0.0	0.0	0.0	0.0	0.0	0.0	0.0	0.0	0.0	0.0	0.0	0.0	0.0	0.0	30491.739684971297	-2211.4239638937443	-8280.451703712215	31673.3715505888	0.0	0.0	0.0	0.0	0.0	0.0	0.0	0.0	0.0	0.0	0.0	0.0	0.0	0.0	0.0	0.0	0.0	0.0	0.0	0.0	0.0	0.0	0.0	0.0	0.0	0.0	0.0	0.0	0.0	0.0	0.0	0.0	0.0	0.0	0.0	0.0	0.0	0.0	0.0	0.0	0.0	0.0	0.0	0.0	0.0	0.0	0.0	0.0	0.0	0.0	0.0	0.0	0.0	0.0	0.0	0.0	0.0	0.0	0.0	0.0	0.0	0.0	0.0	0.0	0.0	0.0	0.0	0.0	0.0	0.0	0.0	0.0	0.0	0.0	0.0	0.0	0.0	0.0	0.0	0.0	0.0	0.0	0.0	0.0	0.0	0.0	0.0	0.0	0.0	0.0	0.0	0.0	0.0	0.0	0.0	0.0	0.0	0.0	0.0	0.0	30.17713211308934	-0.42286788691066246	0.1259383243561587	-0.47080282557962205	26.180727345721657	0.28057303830551195	0.04297407224200138	-0.2344259372597074	-0.011756537112882501
105.0	105.459	2600.0	2585.244853410461	-0.3054519608034054	0.48483920857508056	28.12888170227685	-107.69280197930857	-44.96090831293806	176.77692573401595	211.82375774791836	-14.628965489788241	115.78089757459018	176.77692573401583	211.82375774791862	8.160378492760811e-14	0.0	8.160378492760811e-14	10.252837887688417	9.85118456545603	0.3789224709236935	4.2717144450224716	1.0534723679655966	-0.19667970716563302	1.1459600754188113	0.0	0.0	0.0	0.0	0.0	0.0	0.0	0.0	0.0	0.0	0.0	0.0	0.0	0.0	0.0	0.0	0.0	0.0	0.0	0.0	0.0	0.0	0.0	0.0	0.0	0.0	0.0	0.0	0.0	0.0	0.0	0.0	0.0	0.0	0.0	0.0	0.0	0.0	0.0	0.0	0.0	0.0	0.0	0.0	0.0	0.0	0.0	0.0	31636.361092128376	-1577.7051742508147	-61.56362096617887	31675.73656361945	-30475.328300956233	1015.3563891142744	8582.628893105153	31677.091128522876	0.0	0.0	0.0	0.0	0.0	0.0	0.0	0.0	0.0	0.0	0.0	0.0	0.0	0.0	0.0	0.0	0.0	0.0	0.0	0.0	0.0	0.0	0.0	0.0	0.0	0.0	0.0	0.0	30495.09965715037	-2211.9579757829697	-8282.164039584046	31677.091128522876	0.0	0.0	0.0	0.0	0.0	0.0	0.0	0.0	0.0	0.0	0.0	0.0	0.0	0.0	0.0	0.0	0.0	0.0	0.0	0.0	0.0	0.0	0.0	0.0	0.0	0.0	0.0	0.0	0.0	0.0	0.0	0.0	0.0	0.0	0.0	0.0	0.0	0.0	0.0	0.0	0.0	0.0	0.0	0.0	0.0	0.0	0.0	0.0	0.0	0.0	0.0	0.0	0.0	0.0	0.0	0.0	0.0	0.0	0.0	0.0	0.0	0.0	0.0	0.0	0.0	0.0	0.0	0.0	0.0	0.0	0.0	0.0	0.0	0.0	0.0	0.0	0.0	0.0	0.0	0.0	0.0	0.0	0.0	0.0	0.0	0.0	0.0	0.0	0.0	0.0	0.0	0.0	0.0	0.0	0.0	0.0	0.0	0.0	0.0	0.0	30.156498632747677	-0.4435013672523241	0.12599951960350167	-0.47334612135314774	26.03561024824977	0.2805202011666406	0.04307255485334427	-0.2524756419152849	-0.011757890057877828
106.0	106.4591	2600.0	2585.4530470920845	-0.3221936427243814	0.47342527899912	28.123293225830793	-105.94350394222785	-54.79973669818084	186.63355662426318	221.492938099545	-22.53704391943029	117.12864218934556	186.6335566242631	221.49293809954327	0.0	0.0	0.0	9.836308312169427	9.429860581314948	0.38130572294877807	4.532540282190126	1.0260876721050556	-0.2026387122071561	1.1499204745054832	0.0	0.0	0.0	0.0	0.0	0.0	0.0	0.0	0.0	0.0	0.0	0.0	0.0	0.0	0.0	0.0	0.0	0.0	0.0	0.0	0.0	0.0	0.0	0.0	0.0	0.0	0.0	0.0	0.0	0.0	0.0	0.0	0.0	0.0	0.0	0.0	0.0	0.0	0.0	0.0	0.0	0.0	0.0	0.0	0.0	0.0	0.0	0.0	31624.592997264677	-1573.6538025265813	-56.7523366654395	31663.77250677128	-30482.532459682912	994.2820518408381	8514.824794992443	31665.053659257454	0.0	0.0	0.0	0.0	0.0	0.0	0.0	0.0	0.0	0.0	0.0	0.0	0.0	0.0	0.0	0.0	0.0	0.0	0.0	0.0	0.0	0.0	0.0	0.0	0.0	0.0	0.0	0.0	30502.973083152705	-2209.7694690915328	-8207.385407399	31665.053659257454	0.0	0.0	0.0	0.0	0.0	0.0	0.0	0.0	0.0	0.0	0.0	0.0	0.0	0.0	0.0	0.0	0.0	0.0	0.0	0.0	0.0	0.0	0.0	0.0	0.0	0.0	0.0	0.0	0.0	0.0	0.0	0.0	0.0	0.0	0.0	0.0	0.0	0.0	0.0	0.0	0.0	0.0	0.0	0.0	0.0	0.0	0.0	0.0	0.0	0.0	0.0	0.0	0.0	0.0	0.0	0.0	0.0	0.0	0.0	0.0	0.0	0.0	0.0	0.0	0.0	0.0	0.0	0.0	0.0	0.0	0.0	0.0	0.0	0.0	0.0	0.0	0.0	0.0	0.0	0.0	0.0	0.0	0.0	0.0	0.0	0.0	0.0	0.0	0.0	0.0	0.0	0.0	0.0	0.0	0.0	0.0	0.0	0.0	0.0	0.0	30.134670982964725	-0.4653290170352769	0.12604786818146135	-0.47561950935937203	25.891361099306753	0.28046736670180095	0.04317097038443844	-0.27198899342993005	-0.011744353265510528
107.0	107.4593	2600.0	2585.5436865757065	-0.33853670777519335	0.4614435955704582	28.11805843708493	-105.89513568375331	-60.05797400078062	193.8264278147807	228.8873612106998	-25.519654209549117	119.03565537931719	193.82642781478057	228.88736121069869	2.0679733625885656e-15	0.0	2.0679733625885656e-15	9.417538382228317	9.006295838427192	0.38381090950969876	4.791908044461619	0.9988282784356531	-0.20858343329483414	1.1532922965784735	0.0	0.0	0.0	0.0	0.0	0.0	0.0	0.0	0.0	0.0	0.0	0.0	0.0	0.0	0.0	0.0	0.0	0.0	0.0	0.0	0.0	0.0	0.0	0.0	0.0	0.0	0.0	0.0	0.0	0.0	0.0	0.0	0.0	0.0	0.0	0.0	0.0	0.0	0.0	0.0	0.0	0.0	0.0	0.0	0.0	0.0	0.0	0.0	31623.694372418755	-1566.457102053843	-56.554779502806795	31662.517778215446	-30492.919250501607	968.3583115391409	8476.241922188685	31663.89930758066	0.0	0.0	0.0	0.0	0.0	0.0	0.0	0.0	0.0	0.0	0.0	0.0	0.0	0.0	0.0	0.0	0.0	0.0	0.0	0.0	0.0	0.0	0.0	0.0	0.0	0.0	0.0	0.0	30514.293118410842	-2204.4579678991286	-8162.15657238197	31663.89930758066	0.0	0.0	0.0	0.0	0.0	0.0	0.0	0.0	0.0	0.0	0.0	0.0	0.0	0.0	0.0	0.0	0.0	0.0	0.0	0.0	0.0	0.0	0.0	0.0	0.0	0.0	0.0	0.0	0.0	0.0	0.0	0.0	0.0	0.0	0.0	0.0	0.0	0.0	0.0	0.0	0.0	0.0	0.0	0.0	0.0	0.0	0.0	0.0	0.0	0.0	0.0	0.0	0.0	0.0	0.0	0.0	0.0	0.0	0.0	0.0	0.0	0.0	0.0	0.0	0.0	0.0	0.0	0.0	0.0	0.0	0.0	0.0	0.0	0.0	0.0	0.0	0.0	0.0	0.0	0.0	0.0	0.0	0.0	0.0	0.0	0.0	0.0	0.0	0.0	0.0	0.0	0.0	0.0	0.0	0.0	0.0	0.0	0.0	0.0	0.0	30.111673578084194	-0.48832642191580816	0.1260821639408254	-0.4776454685494758	25.74820301905603	0.28041473780786136	0.043246567518247986	-0.29291874897230213	-0.01179812471684818
108.0	108.4594	2600.0	2585.595540135045	-0.3544423724121978	0.4489122783248834	28.11319636123204	-104.71780087681327	-59.258937512591736	187.13469735455323	222.47884045359777	-23.052960604294643	118.0931856754396	187.1346973545531	222.47884045359734	-9.063382022384608e-15	0.0	-9.063382022384608e-15	8.996185857394051	8.580994934652587	0.3856227433741176	5.049772292108382	0.9718512730891111	-0.21451518826446414	1.1562198432565851	0.0	0.0	0.0	0.0	0.0	0.0	0.0	0.0	0.0	0.0	0.0	0.0	0.0	0.0	0.0	0.0	0.0	0.0	0.0	0.0	0.0	0.0	0.0	0.0	0.0	0.0	0.0	0.0	0.0	0.0	0.0	0.0	0.0	0.0	0.0	0.0	0.0	0.0	0.0	0.0	0.0	0.0	0.0	0.0	0.0	0.0	0.0	0.0	31621.59467569143	-1568.2445234121415	-57.26217028894407	31660.510414001146	-30502.356984458198	951.7229985509308	8436.09394578455	31661.763048437457	0.0	0.0	0.0	0.0	0.0	0.0	0.0	0.0	0.0	0.0	0.0	0.0	0.0	0.0	0.0	0.0	0.0	0.0	0.0	0.0	0.0	0.0	0.0	0.0	0.0	0.0	0.0	0.0	30524.392730868876	-2207.8020827172513	-8115.066094039389	31661.763048437457	0.0	0.0	0.0	0.0	0.0	0.0	0.0	0.0	0.0	0.0	0.0	0.0	0.0	0.0	0.0	0.0	0.0	0.0	0.0	0.0	0.0	0.0	0.0	0.0	0.0	0.0	0.0	0.0	0.0	0.0	0.0	0.0	0.0	0.0	0.0	0.0	0.0	0.0	0.0	0.0	0.0	0.0	0.0	0.0	0.0	0.0	0.0	0.0	0.0	0.0	0.0	0.0	0.0	0.0	0.0	0.0	0.0	0.0	0.0	0.0	0.0	0.0	0.0	0.0	0.0	0.0	0.0	0.0	0.0	0.0	0.0	0.0	0.0	0.0	0.0	0.0	0.0	0.0	0.0	0.0	0.0	0.0	0.0	0.0	0.0	0.0	0.0	0.0	0.0	0.0	0.0	0.0	0.0	0.0	0.0	0.0	0.0	0.0	0.0	0.0	30.087537896411384	-0.5124621035886107	0.12611160357795714	-0.4794877684574024	25.605990958255635	0.280362152632874	0.043348881863040326	-0.31517046561457523	-0.011733103996309528
109.0	109.4595	2600.0	2585.3951463045555	-0.3699193776283091	0.4358374220455955	28.10871324721564	-106.1136116704256	-74.42897511073622	212.4018941425652	248.8259141510907	-34.826712319780206	124.84739094899123	212.4018941425651	248.8259141510876	4.1285273420971376e-15	0.0	4.1285273420971376e-15	8.57260767871784	8.153935799669386	0.38715299594011293	5.306124572586143	0.9454004761924903	-0.22042314153934486	1.15887649315901	0.0	0.0	0.0	0.0	0.0	0.0	0.0	0.0	0.0	0.0	0.0	0.0	0.0	0.0	0.0	0.0	0.0	0.0	0.0	0.0	0.0	0.0	0.0	0.0	0.0	0.0	0.0	0.0	0.0	0.0	0.0	0.0	0.0	0.0	0.0	0.0	0.0	0.0	0.0	0.0	0.0	0.0	0.0	0.0	0.0	0.0	0.0	0.0	31611.65242717099	-1567.626661496377	-57.504341342810676	31650.550220736655	-30505.215229170608	933.3388012681513	8390.285431055048	31651.795638013173	0.0	0.0	0.0	0.0	0.0	0.0	0.0	0.0	0.0	0.0	0.0	0.0	0.0	0.0	0.0	0.0	0.0	0.0	0.0	0.0	0.0	0.0	0.0	0.0	0.0	0.0	0.0	0.0	30527.870974095847	-2208.4442216038356	-8062.756043659673	31651.795638013173	0.0	0.0	0.0	0.0	0.0	0.0	0.0	0.0	0.0	0.0	0.0	0.0	0.0	0.0	0.0	0.0	0.0	0.0	0.0	0.0	0.0	0.0	0.0	0.0	0.0	0.0	0.0	0.0	0.0	0.0	0.0	0.0	0.0	0.0	0.0	0.0	0.0	0.0	0.0	0.0	0.0	0.0	0.0	0.0	0.0	0.0	0.0	0.0	0.0	0.0	0.0	0.0	0.0	0.0	0.0	0.0	0.0	0.0	0.0	0.0	0.0	0.0	0.0	0.0	0.0	0.0	0.0	0.0	0.0	0.0	0.0	0.0	0.0	0.0	0.0	0.0	0.0	0.0	0.0	0.0	0.0	0.0	0.0	0.0	0.0	0.0	0.0	0.0	0.0	0.0	0.0	0.0	0.0	0.0	0.0	0.0	0.0	0.0	0.0	0.0	30.062283413356965	-0.5377165866430326	0.12614003345462854	-0.48122135502317903	25.4648768006484	0.2803093529498339	0.04344353470755851	-0.3386492025429559	-0.011651804818314
110.0	110.4596	2600.0	2585.702231881665	-0.38493267956439503	0.42223082783088484	28.104626123084206	-103.98945326092144	-84.79386871201676	225.99481179465735	262.8259148538414	-43.0958740575661	127.0690843591401	225.9948117946572	262.8259148538409	5.614325895522158e-15	0.0	5.614325895522158e-15	8.146904566993731	7.72521379648431	0.38843868249984137	5.56090043586784	0.9196114607374871	-0.22632141903956085	1.1613751175138578	0.0	0.0	0.0	0.0	0.0	0.0	0.0	0.0	0.0	0.0	0.0	0.0	0.0	0.0	0.0	0.0	0.0	0.0	0.0	0.0	0.0	0.0	0.0	0.0	0.0	0.0	0.0	0.0	0.0	0.0	0.0	0.0	0.0	0.0	0.0	0.0	0.0	0.0	0.0	0.0	0.0	0.0	0.0	0.0	0.0	0.0	0.0	0.0	31604.095574591178	-1567.0411531316222	-47.188951390925645	31642.956591643506	-30518.968909362728	918.3520961020128	8312.928837084093	31644.203572115508	0.0	0.0	0.0	0.0	0.0	0.0	0.0	0.0	0.0	0.0	0.0	0.0	0.0	0.0	0.0	0.0	0.0	0.0	0.0	0.0	0.0	0.0	0.0	0.0	0.0	0.0	0.0	0.0	30541.978693158428	-2209.280959887061	-7978.861752181534	31644.203572115508	0.0	0.0	0.0	0.0	0.0	0.0	0.0	0.0	0.0	0.0	0.0	0.0	0.0	0.0	0.0	0.0	0.0	0.0	0.0	0.0	0.0	0.0	0.0	0.0	0.0	0.0	0.0	0.0	0.0	0.0	0.0	0.0	0.0	0.0	0.0	0.0	0.0	0.0	0.0	0.0	0.0	0.0	0.0	0.0	0.0	0.0	0.0	0.0	0.0	0.0	0.0	0.0	0.0	0.0	0.0	0.0	0.0	0.0	0.0	0.0	0.0	0.0	0.0	0.0	0.0	0.0	0.0	0.0	0.0	0.0	0.0	0.0	0.0	0.0	0.0	0.0	0.0	0.0	0.0	0.0	0.0	0.0	0.0	0.0	0.0	0.0	0.0	0.0	0.0	0.0	0.0	0.0	0.0	0.0	0.0	0.0	0.0	0.0	0.0	0.0	30.035936601683744	-0.5640633983162535	0.12616986921488055	-0.4828952220562996	25.324900769125104	0.28025660552322357	0.043534420327455414	-0.36328016532401847	-0.01157090065561283
111.0	111.4596	2600.0	2585.4652176644486	-0.3994610141169892	0.4081123965193008	28.100946597360036	-105.68330905207766	-73.66339150180464	204.09806695449845	241.3530152998052	-29.892928300045238	125.30630430027668	204.09806695449836	241.3530152998053	6.275601453916768e-15	0.0	6.275601453916768e-15	7.719762324756606	7.2950174310916545	0.3900073984265982	5.8140601468871935	0.894592386880697	-0.2321921708697298	1.1638061126713175	0.0	0.0	0.0	0.0	0.0	0.0	0.0	0.0	0.0	0.0	0.0	0.0	0.0	0.0	0.0	0.0	0.0	0.0	0.0	0.0	0.0	0.0	0.0	0.0	0.0	0.0	0.0	0.0	0.0	0.0	0.0	0.0	0.0	0.0	0.0	0.0	0.0	0.0	0.0	0.0	0.0	0.0	0.0	0.0	0.0	0.0	0.0	0.0	31610.297189514666	-1566.2281097651614	-69.90329148661235	31649.152364185316	-30526.51820669175	895.6987027439839	8311.831511876675	31650.547121201664	0.0	0.0	0.0	0.0	0.0	0.0	0.0	0.0	0.0	0.0	0.0	0.0	0.0	0.0	0.0	0.0	0.0	0.0	0.0	0.0	0.0	0.0	0.0	0.0	0.0	0.0	0.0	0.0	30550.427390241504	-2209.5824661363167	-7971.591100296804	31650.547121201664	0.0	0.0	0.0	0.0	0.0	0.0	0.0	0.0	0.0	0.0	0.0	0.0	0.0	0.0	0.0	0.0	0.0	0.0	0.0	0.0	0.0	0.0	0.0	0.0	0.0	0.0	0.0	0.0	0.0	0.0	0.0	0.0	0.0	0.0	0.0	0.0	0.0	0.0	0.0	0.0	0.0	0.0	0.0	0.0	0.0	0.0	0.0	0.0	0.0	0.0	0.0	0.0	0.0	0.0	0.0	0.0	0.0	0.0	0.0	0.0	0.0	0.0	0.0	0.0	0.0	0.0	0.0	0.0	0.0	0.0	0.0	0.0	0.0	0.0	0.0	0.0	0.0	0.0	0.0	0.0	0.0	0.0	0.0	0.0	0.0	0.0	0.0	0.0	0.0	0.0	0.0	0.0	0.0	0.0	0.0	0.0	0.0	0.0	0.0	0.0	30.00853275045014	-0.5914672495498579	0.1261923623535464	-0.4845468750489261	25.18634936734328	0.28020376089751414	0.04360755655518741	-0.3889897619875279	-0.011576331819873763
112.0	112.4597	2600.0	2585.80912353102	-0.41349970190590174	0.39350785016373846	28.09768025844933	-103.4648722851307	-82.7361109920439	225.76289980785484	261.76159150784076	-36.933380144826515	127.22487685253869	225.76289980785475	261.76159150784014	-1.6859012404784992e-14	0.0	-1.6859012404784992e-14	7.290298917213832	6.863319380141749	0.3910343478872836	6.065478968306158	0.8702595661465862	-0.23805043401014336	1.1660304061300202	0.0	0.0	0.0	0.0	0.0	0.0	0.0	0.0	0.0	0.0	0.0	0.0	0.0	0.0	0.0	0.0	0.0	0.0	0.0	0.0	0.0	0.0	0.0	0.0	0.0	0.0	0.0	0.0	0.0	0.0	0.0	0.0	0.0	0.0	0.0	0.0	0.0	0.0	0.0	0.0	0.0	0.0	0.0	0.0	0.0	0.0	0.0	0.0	31604.000495540768	-1564.7351167365211	-53.675242462688686	31642.75784977256	-30540.18587536404	880.2243259339194	8238.087637939376	31644.017382376096	0.0	0.0	0.0	0.0	0.0	0.0	0.0	0.0	0.0	0.0	0.0	0.0	0.0	0.0	0.0	0.0	0.0	0.0	0.0	0.0	0.0	0.0	0.0	0.0	0.0	0.0	0.0	0.0	30564.414393767078	-2209.5255559661464	-7891.666850528934	31644.017382376096	0.0	0.0	0.0	0.0	0.0	0.0	0.0	0.0	0.0	0.0	0.0	0.0	0.0	0.0	0.0	0.0	0.0	0.0	0.0	0.0	0.0	0.0	0.0	0.0	0.0	0.0	0.0	0.0	0.0	0.0	0.0	0.0	0.0	0.0	0.0	0.0	0.0	0.0	0.0	0.0	0.0	0.0	0.0	0.0	0.0	0.0	0.0	0.0	0.0	0.0	0.0	0.0	0.0	0.0	0.0	0.0	0.0	0.0	0.0	0.0	0.0	0.0	0.0	0.0	0.0	0.0	0.0	0.0	0.0	0.0	0.0	0.0	0.0	0.0	0.0	0.0	0.0	0.0	0.0	0.0	0.0	0.0	0.0	0.0	0.0	0.0	0.0	0.0	0.0	0.0	0.0	0.0	0.0	0.0	0.0	0.0	0.0	0.0	0.0	0.0	29.980113441168584	-0.6198865588314142	0.12620530735957697	-0.48611658550794556	25.048848040815503	0.2801509806955389	0.04370347939793791	-0.4157976792935016	-0.011490571323752499
113.0	113.4598	2600.0	2585.6436566942207	-0.4270252283666544	0.3784373546119533	28.094837312968753	-104.61582319332229	-88.39506278654426	225.5144499032048	263.84640361884533	-39.44022196335754	131.15878346087263	225.51444990320465	263.8464036188479	-2.7411415063899815e-15	0.0	-2.7411415063899815e-15	6.859418408617145	6.430598687931862	0.3919715126575681	6.315119126899197	0.8467307294033168	-0.2438799552312974	1.1681463091366466	0.0	0.0	0.0	0.0	0.0	0.0	0.0	0.0	0.0	0.0	0.0	0.0	0.0	0.0	0.0	0.0	0.0	0.0	0.0	0.0	0.0	0.0	0.0	0.0	0.0	0.0	0.0	0.0	0.0	0.0	0.0	0.0	0.0	0.0	0.0	0.0	0.0	0.0	0.0	0.0	0.0	0.0	0.0	0.0	0.0	0.0	0.0	0.0	31600.73010691751	-1563.100047028545	-58.4046939129105	31639.419023672577	-30549.22463971842	861.7462382183624	8193.871415597954	31640.75317438597	0.0	0.0	0.0	0.0	0.0	0.0	0.0	0.0	0.0	0.0	0.0	0.0	0.0	0.0	0.0	0.0	0.0	0.0	0.0	0.0	0.0	0.0	0.0	0.0	0.0	0.0	0.0	0.0	30573.944204321844	-2209.1677036933593	-7841.605402619378	31640.75317438597	0.0	0.0	0.0	0.0	0.0	0.0	0.0	0.0	0.0	0.0	0.0	0.0	0.0	0.0	0.0	0.0	0.0	0.0	0.0	0.0	0.0	0.0	0.0	0.0	0.0	0.0	0.0	0.0	0.0	0.0	0.0	0.0	0.0	0.0	0.0	0.0	0.0	0.0	0.0	0.0	0.0	0.0	0.0	0.0	0.0	0.0	0.0	0.0	0.0	0.0	0.0	0.0	0.0	0.0	0.0	0.0	0.0	0.0	0.0	0.0	0.0	0.0	0.0	0.0	0.0	0.0	0.0	0.0	0.0	0.0	0.0	0.0	0.0	0.0	0.0	0.0	0.0	0.0	0.0	0.0	0.0	0.0	0.0	0.0	0.0	0.0	0.0	0.0	0.0	0.0	0.0	0.0	0.0	0.0	0.0	0.0	0.0	0.0	0.0	0.0	29.95071553424996	-0.6492844657500392	0.12621434364923917	-0.4876454711946525	24.91277333865067	0.2800981309588358	0.0437900716245666	-0.44362460690985583	-0.01143504641593428
114.0	114.4599	2600.0	2585.8090321256295	-0.4400319487555146	0.3629225579157739	28.092422091311608	-103.07128601421209	-97.75499207239545	230.54872093641853	270.79963294125076	-46.30440950741284	134.2967986806325	230.5487209364184	270.79963294124866	0.0	0.0	0.0	6.426954226424972	5.996739056005518	0.39279739055039015	6.562934621166219	0.8242172538433973	-0.24969546959112554	1.1703062843079437	0.0	0.0	0.0	0.0	0.0	0.0	0.0	0.0	0.0	0.0	0.0	0.0	0.0	0.0	0.0	0.0	0.0	0.0	0.0	0.0	0.0	0.0	0.0	0.0	0.0	0.0	0.0	0.0	0.0	0.0	0.0	0.0	0.0	0.0	0.0	0.0	0.0	0.0	0.0	0.0	0.0	0.0	0.0	0.0	0.0	0.0	0.0	0.0	31594.399379995175	-1561.6879961265422	-56.29293807221783	31633.022468217656	-30562.506179593332	846.4461469394481	8120.543525637648	31634.261208523978	0.0	0.0	0.0	0.0	0.0	0.0	0.0	0.0	0.0	0.0	0.0	0.0	0.0	0.0	0.0	0.0	0.0	0.0	0.0	0.0	0.0	0.0	0.0	0.0	0.0	0.0	0.0	0.0	30587.477816512517	-2208.5804275088008	-7762.400113927724	31634.261208523978	0.0	0.0	0.0	0.0	0.0	0.0	0.0	0.0	0.0	0.0	0.0	0.0	0.0	0.0	0.0	0.0	0.0	0.0	0.0	0.0	0.0	0.0	0.0	0.0	0.0	0.0	0.0	0.0	0.0	0.0	0.0	0.0	0.0	0.0	0.0	0.0	0.0	0.0	0.0	0.0	0.0	0.0	0.0	0.0	0.0	0.0	0.0	0.0	0.0	0.0	0.0	0.0	0.0	0.0	0.0	0.0	0.0	0.0	0.0	0.0	0.0	0.0	0.0	0.0	0.0	0.0	0.0	0.0	0.0	0.0	0.0	0.0	0.0	0.0	0.0	0.0	0.0	0.0	0.0	0.0	0.0	0.0	0.0	0.0	0.0	0.0	0.0	0.0	0.0	0.0	0.0	0.0	0.0	0.0	0.0	0.0	0.0	0.0	0.0	0.0	29.920377619720846	-0.6796223802791524	0.1262257103964657	-0.48920051426655814	24.778050297288395	0.2800452750743766	0.043873441346285874	-0.47236574490247507	-0.011381995047078498
115.0	115.4599	2600.0	2586.0021814854995	-0.4525047003960481	0.346960499280173	28.090443525693203	-101.59980403796361	-91.868796926155	227.99332294608155	265.9762232554029	-39.27137058851076	131.22559003986674	227.99332294608143	265.9762232554021	-3.844669237324768e-15	0.0	-3.844669237324768e-15	5.993162306145998	5.561958258146667	0.393575780881077	6.808834908734856	0.8026506744160445	-0.2554875860663858	1.1724341867033277	0.0	0.0	0.0	0.0	0.0	0.0	0.0	0.0	0.0	0.0	0.0	0.0	0.0	0.0	0.0	0.0	0.0	0.0	0.0	0.0	0.0	0.0	0.0	0.0	0.0	0.0	0.0	0.0	0.0	0.0	0.0	0.0	0.0	0.0	0.0	0.0	0.0	0.0	0.0	0.0	0.0	0.0	0.0	0.0	0.0	0.0	0.0	0.0	31597.47587215041	-1560.8325976820745	-57.66754909370486	31636.055465802507	-30578.626237745288	829.4049890426926	8073.299895151644	31637.295497887124	0.0	0.0	0.0	0.0	0.0	0.0	0.0	0.0	0.0	0.0	0.0	0.0	0.0	0.0	0.0	0.0	0.0	0.0	0.0	0.0	0.0	0.0	0.0	0.0	0.0	0.0	0.0	0.0	30603.98097299702	-2208.979111388755	-7709.424512278032	31637.295497887124	0.0	0.0	0.0	0.0	0.0	0.0	0.0	0.0	0.0	0.0	0.0	0.0	0.0	0.0	0.0	0.0	0.0	0.0	0.0	0.0	0.0	0.0	0.0	0.0	0.0	0.0	0.0	0.0	0.0	0.0	0.0	0.0	0.0	0.0	0.0	0.0	0.0	0.0	0.0	0.0	0.0	0.0	0.0	0.0	0.0	0.0	0.0	0.0	0.0	0.0	0.0	0.0	0.0	0.0	0.0	0.0	0.0	0.0	0.0	0.0	0.0	0.0	0.0	0.0	0.0	0.0	0.0	0.0	0.0	0.0	0.0	0.0	0.0	0.0	0.0	0.0	0.0	0.0	0.0	0.0	0.0	0.0	0.0	0.0	0.0	0.0	0.0	0.0	0.0	0.0	0.0	0.0	0.0	0.0	0.0	0.0	0.0	0.0	0.0	0.0	29.889114720182206	-0.710885279817795	0.1262301829454044	-0.49074712472209847	24.64478013613349	0.27999242127372714	0.043945437255825316	-0.5020402357581518	-0.01134699486274966
116.0	116.46	2600.0	2585.9560611906118	-0.46442417952021564	0.33058515990773185	28.08890634297145	-102.13655282145916	-100.17696003903755	231.4126141105134	272.0645083695686	-44.173744592986615	136.073432504465	231.41261411051326	272.06450836956833	-4.080253570804198e-15	0.0	-4.080253570804198e-15	5.557966756417151	5.126583758343885	0.3939268200196359	7.052735506419081	0.7820524310950653	-0.26126026587486	1.1745375998158505	0.0	0.0	0.0	0.0	0.0	0.0	0.0	0.0	0.0	0.0	0.0	0.0	0.0	0.0	0.0	0.0	0.0	0.0	0.0	0.0	0.0	0.0	0.0	0.0	0.0	0.0	0.0	0.0	0.0	0.0	0.0	0.0	0.0	0.0	0.0	0.0	0.0	0.0	0.0	0.0	0.0	0.0	0.0	0.0	0.0	0.0	0.0	0.0	31592.54077325272	-1559.431805438031	-58.86592308945715	31631.059502684195	-30589.510020772097	813.3717338192937	8013.930241392049	31632.30587235447	0.0	0.0	0.0	0.0	0.0	0.0	0.0	0.0	0.0	0.0	0.0	0.0	0.0	0.0	0.0	0.0	0.0	0.0	0.0	0.0	0.0	0.0	0.0	0.0	0.0	0.0	0.0	0.0	30615.091088208537	-2208.629354143527	-7644.6666924660985	31632.30587235447	0.0	0.0	0.0	0.0	0.0	0.0	0.0	0.0	0.0	0.0	0.0	0.0	0.0	0.0	0.0	0.0	0.0	0.0	0.0	0.0	0.0	0.0	0.0	0.0	0.0	0.0	0.0	0.0	0.0	0.0	0.0	0.0	0.0	0.0	0.0	0.0	0.0	0.0	0.0	0.0	0.0	0.0	0.0	0.0	0.0	0.0	0.0	0.0	0.0	0.0	0.0	0.0	0.0	0.0	0.0	0.0	0.0	0.0	0.0	0.0	0.0	0.0	0.0	0.0	0.0	0.0	0.0	0.0	0.0	0.0	0.0	0.0	0.0	0.0	0.0	0.0	0.0	0.0	0.0	0.0	0.0	0.0	0.0	0.0	0.0	0.0	0.0	0.0	0.0	0.0	0.0	0.0	0.0	0.0	0.0	0.0	0.0	0.0	0.0	0.0	29.85697958891964	-0.7430204110803659	0.1262265972095815	-0.4922882068508136	24.512923157522668	0.2799395708257207	0.044020672349140415	-0.532592746238044	-0.011259243188005079
117.0	117.46	2600.0	2586.134470373116	-0.47576702548601546	0.3138254955699785	28.087815665018844	-100.76107875006345	-104.31399658039437	238.3286510188213	278.9888004381217	-46.09727185334122	137.51089557242082	238.32865101882115	278.9888004381199	1.8755325506879924e-14	0.0	1.8755325506879924e-14	5.121628422275332	4.690489196987949	0.3942631573711256	7.2945734103122355	0.762491232910028	-0.2670094694553043	1.176639283045864	0.0	0.0	0.0	0.0	0.0	0.0	0.0	0.0	0.0	0.0	0.0	0.0	0.0	0.0	0.0	0.0	0.0	0.0	0.0	0.0	0.0	0.0	0.0	0.0	0.0	0.0	0.0	0.0	0.0	0.0	0.0	0.0	0.0	0.0	0.0	0.0	0.0	0.0	0.0	0.0	0.0	0.0	0.0	0.0	0.0	0.0	0.0	0.0	31588.895986011063	-1558.0975538811838	-54.90170526209871	31627.346265529097	-30603.71617575878	798.8979489805417	7945.820345685062	31628.495738260903	0.0	0.0	0.0	0.0	0.0	0.0	0.0	0.0	0.0	0.0	0.0	0.0	0.0	0.0	0.0	0.0	0.0	0.0	0.0	0.0	0.0	0.0	0.0	0.0	0.0	0.0	0.0	0.0	30629.42903055993	-2208.5085101033296	-7571.149852425392	31628.495738260903	0.0	0.0	0.0	0.0	0.0	0.0	0.0	0.0	0.0	0.0	0.0	0.0	0.0	0.0	0.0	0.0	0.0	0.0	0.0	0.0	0.0	0.0	0.0	0.0	0.0	0.0	0.0	0.0	0.0	0.0	0.0	0.0	0.0	0.0	0.0	0.0	0.0	0.0	0.0	0.0	0.0	0.0	0.0	0.0	0.0	0.0	0.0	0.0	0.0	0.0	0.0	0.0	0.0	0.0	0.0	0.0	0.0	0.0	0.0	0.0	0.0	0.0	0.0	0.0	0.0	0.0	0.0	0.0	0.0	0.0	0.0	0.0	0.0	0.0	0.0	0.0	0.0	0.0	0.0	0.0	0.0	0.0	0.0	0.0	0.0	0.0	0.0	0.0	0.0	0.0	0.0	0.0	0.0	0.0	0.0	0.0	0.0	0.0	0.0	0.0	29.824020064525296	-0.7759799354747018	0.12622720240935695	-0.49383364462576956	24.382580306530574	0.27988672234043666	0.04408916969649338	-0.5639654932640138	-0.011189425945635859
118.0	118.4601	2600.0	2586.350171183114	-0.48651364834757377	0.2966696843271839	28.087180004117293	-99.6317686185648	-104.46007016423664	235.87475246686952	276.5416685204736	-44.35684973066599	137.37126867999905	235.87475246686938	276.541668520475	-1.5786011342575543e-14	0.0	-1.5786011342575543e-14	4.684295304148384	4.253932382055436	0.3944962649745877	7.534293782881392	0.7441020206489912	-0.27274409565527735	1.1788676743597666	0.0	0.0	0.0	0.0	0.0	0.0	0.0	0.0	0.0	0.0	0.0	0.0	0.0	0.0	0.0	0.0	0.0	0.0	0.0	0.0	0.0	0.0	0.0	0.0	0.0	0.0	0.0	0.0	0.0	0.0	0.0	0.0	0.0	0.0	0.0	0.0	0.0	0.0	0.0	0.0	0.0	0.0	0.0	0.0	0.0	0.0	0.0	0.0	31588.54868504733	-1556.6009709157368	-53.8784678773756	31626.92393356588	-30620.78154862271	784.3279967951893	7880.227489661194	31628.237673696614	0.0	0.0	0.0	0.0	0.0	0.0	0.0	0.0	0.0	0.0	0.0	0.0	0.0	0.0	0.0	0.0	0.0	0.0	0.0	0.0	0.0	0.0	0.0	0.0	0.0	0.0	0.0	0.0	30646.596009278324	-2208.4038443565732	-7500.301583813707	31628.237673696614	0.0	0.0	0.0	0.0	0.0	0.0	0.0	0.0	0.0	0.0	0.0	0.0	0.0	0.0	0.0	0.0	0.0	0.0	0.0	0.0	0.0	0.0	0.0	0.0	0.0	0.0	0.0	0.0	0.0	0.0	0.0	0.0	0.0	0.0	0.0	0.0	0.0	0.0	0.0	0.0	0.0	0.0	0.0	0.0	0.0	0.0	0.0	0.0	0.0	0.0	0.0	0.0	0.0	0.0	0.0	0.0	0.0	0.0	0.0	0.0	0.0	0.0	0.0	0.0	0.0	0.0	0.0	0.0	0.0	0.0	0.0	0.0	0.0	0.0	0.0	0.0	0.0	0.0	0.0	0.0	0.0	0.0	0.0	0.0	0.0	0.0	0.0	0.0	0.0	0.0	0.0	0.0	0.0	0.0	0.0	0.0	0.0	0.0	0.0	0.0	29.790243912925078	-0.8097560870749199	0.1262235518287656	-0.4954382549828162	24.253803290194167	0.2798338765033285	0.04416124420121199	-0.596096177808891	-0.011116481168569576
119.0	119.4601	2600.0	2586.5469178082103	-0.49666726263707095	0.2791288304002842	28.086998497589267	-97.06826615281898	-88.91545283907908	194.86552317449085	235.16117487706396	-29.67863786040834	128.24735670665174	194.86552317449076	235.16117487706262	0.0	0.0	0.0	4.246193084464571	3.8171225501447856	0.3946626148602063	7.771803258659706	0.7268363652853447	-0.27846363077939695	1.1811259785273651	0.0	0.0	0.0	0.0	0.0	0.0	0.0	0.0	0.0	0.0	0.0	0.0	0.0	0.0	0.0	0.0	0.0	0.0	0.0	0.0	0.0	0.0	0.0	0.0	0.0	0.0	0.0	0.0	0.0	0.0	0.0	0.0	0.0	0.0	0.0	0.0	0.0	0.0	0.0	0.0	0.0	0.0	0.0	0.0	0.0	0.0	0.0	0.0	31597.70692490948	-1556.163619504439	-63.87732026364614	31636.06815701322	-30645.595556297074	769.6281467679224	7820.904029738448	31637.183729384193	0.0	0.0	0.0	0.0	0.0	0.0	0.0	0.0	0.0	0.0	0.0	0.0	0.0	0.0	0.0	0.0	0.0	0.0	0.0	0.0	0.0	0.0	0.0	0.0	0.0	0.0	0.0	0.0	30671.50644509106	-2208.851341639402	-7435.796021011273	31637.183729384193	0.0	0.0	0.0	0.0	0.0	0.0	0.0	0.0	0.0	0.0	0.0	0.0	0.0	0.0	0.0	0.0	0.0	0.0	0.0	0.0	0.0	0.0	0.0	0.0	0.0	0.0	0.0	0.0	0.0	0.0	0.0	0.0	0.0	0.0	0.0	0.0	0.0	0.0	0.0	0.0	0.0	0.0	0.0	0.0	0.0	0.0	0.0	0.0	0.0	0.0	0.0	0.0	0.0	0.0	0.0	0.0	0.0	0.0	0.0	0.0	0.0	0.0	0.0	0.0	0.0	0.0	0.0	0.0	0.0	0.0	0.0	0.0	0.0	0.0	0.0	0.0	0.0	0.0	0.0	0.0	0.0	0.0	0.0	0.0	0.0	0.0	0.0	0.0	0.0	0.0	0.0	0.0	0.0	0.0	0.0	0.0	0.0	0.0	0.0	0.0	29.755682024773844	-0.8443179752261506	0.12621241357221388	-0.49705859266655167	24.126676654764513	0.27978105644335516	0.044228548132878284	-0.6289969333896815	-0.01105908147177346
120.0	120.4602	2600.0	2586.518853437063	-0.5062189077480157	0.261221299216248	28.08727157066623	-97.7477251063392	-86.13007104692062	180.56910485951167	222.6616458480836	-24.69034674214708	127.91948123630209	180.56910485951158	222.66164584808357	0.0	0.0	0.0	3.8071161328752585	3.3801562144821755	0.3944792949865667	8.007037955758376	0.710769368486401	-0.2841686701229106	1.1834442897796198	0.0	0.0	0.0	0.0	0.0	0.0	0.0	0.0	0.0	0.0	0.0	0.0	0.0	0.0	0.0	0.0	0.0	0.0	0.0	0.0	0.0	0.0	0.0	0.0	0.0	0.0	0.0	0.0	0.0	0.0	0.0	0.0	0.0	0.0	0.0	0.0	0.0	0.0	0.0	0.0	0.0	0.0	0.0	0.0	0.0	0.0	0.0	0.0	31595.589534258306	-1554.5550715257489	-59.8194121735942	31633.86631206834	-30661.692277200407	756.3985765419942	7749.8538680437405	31634.976641122386	0.0	0.0	0.0	0.0	0.0	0.0	0.0	0.0	0.0	0.0	0.0	0.0	0.0	0.0	0.0	0.0	0.0	0.0	0.0	0.0	0.0	0.0	0.0	0.0	0.0	0.0	0.0	0.0	30687.544734174106	-2208.8362107161743	-7359.8497176675555	31634.976641122386	0.0	0.0	0.0	0.0	0.0	0.0	0.0	0.0	0.0	0.0	0.0	0.0	0.0	0.0	0.0	0.0	0.0	0.0	0.0	0.0	0.0	0.0	0.0	0.0	0.0	0.0	0.0	0.0	0.0	0.0	0.0	0.0	0.0	0.0	0.0	0.0	0.0	0.0	0.0	0.0	0.0	0.0	0.0	0.0	0.0	0.0	0.0	0.0	0.0	0.0	0.0	0.0	0.0	0.0	0.0	0.0	0.0	0.0	0.0	0.0	0.0	0.0	0.0	0.0	0.0	0.0	0.0	0.0	0.0	0.0	0.0	0.0	0.0	0.0	0.0	0.0	0.0	0.0	0.0	0.0	0.0	0.0	0.0	0.0	0.0	0.0	0.0	0.0	0.0	0.0	0.0	0.0	0.0	0.0	0.0	0.0	0.0	0.0	0.0	0.0	29.72037307018465	-0.8796269298153483	0.12620421658928146	-0.4987086317419681	24.00110270856718	0.2797281939006743	0.044301482676650086	-0.6626157116960545	-0.01096424295064683
121.0	121.4603	2600.0	2586.714287401558	-0.5151470553429982	0.24296692939588926	28.088001569626822	-96.2137173345836	-57.817459495589375	90.82730134504051	144.3936864806979	0.8961692237826354	112.2458681047319	90.82730134504041	144.39368648069527	0.0	0.0	0.0	3.367555319372839	2.942966798215543	0.39452349737478776	8.239932278534706	0.6960697709668342	-0.28988332351292123	1.1860013382831	0.0	0.0	0.0	0.0	0.0	0.0	0.0	0.0	0.0	0.0	0.0	0.0	0.0	0.0	0.0	0.0	0.0	0.0	0.0	0.0	0.0	0.0	0.0	0.0	0.0	0.0	0.0	0.0	0.0	0.0	0.0	0.0	0.0	0.0	0.0	0.0	0.0	0.0	0.0	0.0	0.0	0.0	0.0	0.0	0.0	0.0	0.0	0.0	31610.89308386316	-1551.771839566647	-59.65096894768663	31649.014449735958	-30695.395748655574	741.895414196493	7679.563860375605	31650.172670267937	0.0	0.0	0.0	0.0	0.0	0.0	0.0	0.0	0.0	0.0	0.0	0.0	0.0	0.0	0.0	0.0	0.0	0.0	0.0	0.0	0.0	0.0	0.0	0.0	0.0	0.0	0.0	0.0	30721.19916061554	-2207.7067567509475	-7284.736307359859	31650.172670267937	0.0	0.0	0.0	0.0	0.0	0.0	0.0	0.0	0.0	0.0	0.0	0.0	0.0	0.0	0.0	0.0	0.0	0.0	0.0	0.0	0.0	0.0	0.0	0.0	0.0	0.0	0.0	0.0	0.0	0.0	0.0	0.0	0.0	0.0	0.0	0.0	0.0	0.0	0.0	0.0	0.0	0.0	0.0	0.0	0.0	0.0	0.0	0.0	0.0	0.0	0.0	0.0	0.0	0.0	0.0	0.0	0.0	0.0	0.0	0.0	0.0	0.0	0.0	0.0	0.0	0.0	0.0	0.0	0.0	0.0	0.0	0.0	0.0	0.0	0.0	0.0	0.0	0.0	0.0	0.0	0.0	0.0	0.0	0.0	0.0	0.0	0.0	0.0	0.0	0.0	0.0	0.0	0.0	0.0	0.0	0.0	0.0	0.0	0.0	0.0	29.684358402470792	-0.9156415975292129	0.12619615905380588	-0.5004645461912776	23.87727234811993	0.2796753630170517	0.04435447252489546	-0.6968345256887718	-0.01091775185590148
122.0	122.4603	2600.0	2586.7904478315168	-0.5234631547331549	0.224377035823625	28.08918314458075	-94.27043153033809	-48.17677032780678	62.22269979933261	122.79894067316816	9.946625186075831	105.39914661676083	62.22269979933251	122.79894067316535	-1.14352201831614e-15	0.0	-1.14352201831614e-15	2.9273311634819064	2.5060219947515856	0.394161586493388	8.470237900799921	0.6827780531025419	-0.29577988301954233	1.1887437996685117	0.0	0.0	0.0	0.0	0.0	0.0	0.0	0.0	0.0	0.0	0.0	0.0	0.0	0.0	0.0	0.0	0.0	0.0	0.0	0.0	0.0	0.0	0.0	0.0	0.0	0.0	0.0	0.0	0.0	0.0	0.0	0.0	0.0	0.0	0.0	0.0	0.0	0.0	0.0	0.0	0.0	0.0	0.0	0.0	0.0	0.0	0.0	0.0	31613.10252460384	-1552.5796217159477	-60.315305466975055	31651.262101991364	-30715.867100256284	731.5790702621442	7606.979478428065	31652.26431776845	0.0	0.0	0.0	0.0	0.0	0.0	0.0	0.0	0.0	0.0	0.0	0.0	0.0	0.0	0.0	0.0	0.0	0.0	0.0	0.0	0.0	0.0	0.0	0.0	0.0	0.0	0.0	0.0	30741.466389339137	-2210.0457303485837	-7207.203240146469	31652.26431776845	0.0	0.0	0.0	0.0	0.0	0.0	0.0	0.0	0.0	0.0	0.0	0.0	0.0	0.0	0.0	0.0	0.0	0.0	0.0	0.0	0.0	0.0	0.0	0.0	0.0	0.0	0.0	0.0	0.0	0.0	0.0	0.0	0.0	0.0	0.0	0.0	0.0	0.0	0.0	0.0	0.0	0.0	0.0	0.0	0.0	0.0	0.0	0.0	0.0	0.0	0.0	0.0	0.0	0.0	0.0	0.0	0.0	0.0	0.0	0.0	0.0	0.0	0.0	0.0	0.0	0.0	0.0	0.0	0.0	0.0	0.0	0.0	0.0	0.0	0.0	0.0	0.0	0.0	0.0	0.0	0.0	0.0	0.0	0.0	0.0	0.0	0.0	0.0	0.0	0.0	0.0	0.0	0.0	0.0	0.0	0.0	0.0	0.0	0.0	0.0	29.64767038389097	-0.9523296161090332	0.12618075685973826	-0.5023007099849535	23.755086931748956	0.27962254836922895	0.044415506988501635	-0.7316472124232982	-0.01080267109469245
123.0	123.4605	2600.0	2587.2354128771217	-0.5311599884039505	0.20549487567254784	28.09080979315329	-92.4168565828768	-42.2308681387994	47.17916292649975	112.02765292043695	15.723293754341283	100.38475799607839	47.17916292649965	112.02765292043625	0.0	0.0	0.0	2.486723066272862	2.0693515283119766	0.3936582209729395	8.697809660565719	0.6709479330004877	-0.30193051483375766	1.1916693920945816	0.0	0.0	0.0	0.0	0.0	0.0	0.0	0.0	0.0	0.0	0.0	0.0	0.0	0.0	0.0	0.0	0.0	0.0	0.0	0.0	0.0	0.0	0.0	0.0	0.0	0.0	0.0	0.0	0.0	0.0	0.0	0.0	0.0	0.0	0.0	0.0	0.0	0.0	0.0	0.0	0.0	0.0	0.0	0.0	0.0	0.0	0.0	0.0	31615.00911048347	-1550.8660503381343	-60.40360311998392	31653.08255379426	-30737.238282801463	719.8995640394603	7529.752000882291	31654.276769984994	0.0	0.0	0.0	0.0	0.0	0.0	0.0	0.0	0.0	0.0	0.0	0.0	0.0	0.0	0.0	0.0	0.0	0.0	0.0	0.0	0.0	0.0	0.0	0.0	0.0	0.0	0.0	0.0	30762.569710401716	-2210.175004658048	-7125.49430511813	31654.276769984994	0.0	0.0	0.0	0.0	0.0	0.0	0.0	0.0	0.0	0.0	0.0	0.0	0.0	0.0	0.0	0.0	0.0	0.0	0.0	0.0	0.0	0.0	0.0	0.0	0.0	0.0	0.0	0.0	0.0	0.0	0.0	0.0	0.0	0.0	0.0	0.0	0.0	0.0	0.0	0.0	0.0	0.0	0.0	0.0	0.0	0.0	0.0	0.0	0.0	0.0	0.0	0.0	0.0	0.0	0.0	0.0	0.0	0.0	0.0	0.0	0.0	0.0	0.0	0.0	0.0	0.0	0.0	0.0	0.0	0.0	0.0	0.0	0.0	0.0	0.0	0.0	0.0	0.0	0.0	0.0	0.0	0.0	0.0	0.0	0.0	0.0	0.0	0.0	0.0	0.0	0.0	0.0	0.0	0.0	0.0	0.0	0.0	0.0	0.0	0.0	29.61037415183831	-0.9896258481616941	0.1261584273853906	-0.504215345437657	23.634643622248976	0.27956969857666947	0.0444774688015532	-0.7669901913881173	-0.010689993380106061
124.0	124.4606	2600.0	2587.153328858734	-0.5382060429407642	0.18635112138724588	28.092881432298874	-92.4859009895008	-45.883643417625294	46.24727062078168	113.12718795668594	14.500402728865085	102.21882867562452	46.24727062078159	113.12718795668776	1.0816659218135135e-14	0.0	1.0816659218135135e-14	2.0459618149251364	1.6330797474418632	0.39313245445335165	8.922372503903226	0.6608042325481853	-0.30857447945500927	1.1949682596297497	0.0	0.0	0.0	0.0	0.0	0.0	0.0	0.0	0.0	0.0	0.0	0.0	0.0	0.0	0.0	0.0	0.0	0.0	0.0	0.0	0.0	0.0	0.0	0.0	0.0	0.0	0.0	0.0	0.0	0.0	0.0	0.0	0.0	0.0	0.0	0.0	0.0	0.0	0.0	0.0	0.0	0.0	0.0	0.0	0.0	0.0	0.0	0.0	31611.88830049947	-1549.0384089592444	-61.471052607564715	31649.87805041269	-30753.467906897764	708.3789888844827	7450.26109175753	31650.971224084737	0.0	0.0	0.0	0.0	0.0	0.0	0.0	0.0	0.0	0.0	0.0	0.0	0.0	0.0	0.0	0.0	0.0	0.0	0.0	0.0	0.0	0.0	0.0	0.0	0.0	0.0	0.0	0.0	30778.466927640373	-2209.944591650049	-7041.739693699609	31650.971224084737	0.0	0.0	0.0	0.0	0.0	0.0	0.0	0.0	0.0	0.0	0.0	0.0	0.0	0.0	0.0	0.0	0.0	0.0	0.0	0.0	0.0	0.0	0.0	0.0	0.0	0.0	0.0	0.0	0.0	0.0	0.0	0.0	0.0	0.0	0.0	0.0	0.0	0.0	0.0	0.0	0.0	0.0	0.0	0.0	0.0	0.0	0.0	0.0	0.0	0.0	0.0	0.0	0.0	0.0	0.0	0.0	0.0	0.0	0.0	0.0	0.0	0.0	0.0	0.0	0.0	0.0	0.0	0.0	0.0	0.0	0.0	0.0	0.0	0.0	0.0	0.0	0.0	0.0	0.0	0.0	0.0	0.0	0.0	0.0	0.0	0.0	0.0	0.0	0.0	0.0	0.0	0.0	0.0	0.0	0.0	0.0	0.0	0.0	0.0	0.0	29.57252326526173	-1.027476734738265	0.12613240930805242	-0.5062917083709151	23.51600671489706	0.2795168492193875	0.04453796706466303	-0.8027269171678868	-0.010602158131662879
125.0	125.4607	2600.0	2587.196889666148	-0.5446012129380942	0.16697432394888637	28.09538967161161	-92.20788409502347	-48.90348579890815	42.86275810621004	112.83200275204177	13.66142024128567	103.47565128839415	42.86275810620996	112.83200275204644	0.0	0.0	0.0	1.6050701057503058	1.1972316110480041	0.3925918487863098	9.143931523249451	0.6519580984263152	-0.31554032201633103	1.1982816741910163	0.0	0.0	0.0	0.0	0.0	0.0	0.0	0.0	0.0	0.0	0.0	0.0	0.0	0.0	0.0	0.0	0.0	0.0	0.0	0.0	0.0	0.0	0.0	0.0	0.0	0.0	0.0	0.0	0.0	0.0	0.0	0.0	0.0	0.0	0.0	0.0	0.0	0.0	0.0	0.0	0.0	0.0	0.0	0.0	0.0	0.0	0.0	0.0	31609.30264795	-1547.0862809239243	-61.965439948258414	31647.20097522165	-30770.612336000064	697.5544685272396	7368.6980883669885	31648.29975348542	0.0	0.0	0.0	0.0	0.0	0.0	0.0	0.0	0.0	0.0	0.0	0.0	0.0	0.0	0.0	0.0	0.0	0.0	0.0	0.0	0.0	0.0	0.0	0.0	0.0	0.0	0.0	0.0	30795.22384694614	-2209.767482897847	-6956.004109722198	31648.29975348542	0.0	0.0	0.0	0.0	0.0	0.0	0.0	0.0	0.0	0.0	0.0	0.0	0.0	0.0	0.0	0.0	0.0	0.0	0.0	0.0	0.0	0.0	0.0	0.0	0.0	0.0	0.0	0.0	0.0	0.0	0.0	0.0	0.0	0.0	0.0	0.0	0.0	0.0	0.0	0.0	0.0	0.0	0.0	0.0	0.0	0.0	0.0	0.0	0.0	0.0	0.0	0.0	0.0	0.0	0.0	0.0	0.0	0.0	0.0	0.0	0.0	0.0	0.0	0.0	0.0	0.0	0.0	0.0	0.0	0.0	0.0	0.0	0.0	0.0	0.0	0.0	0.0	0.0	0.0	0.0	0.0	0.0	0.0	0.0	0.0	0.0	0.0	0.0	0.0	0.0	0.0	0.0	0.0	0.0	0.0	0.0	0.0	0.0	0.0	0.0	29.53416930614475	-1.0658306938552504	0.1260925601785845	-0.5083729318257506	23.399177183741312	0.279464000014068	0.04459663289220811	-0.8389620939764542	-0.010513520055250991
126.0	126.4609	2600.0	2587.728320439548	-0.550325313432321	0.14741517410461236	28.098326011435024	-89.1569460000719	-37.20267368287364	15.68790872007143	97.87293001245749	23.06292783329263	93.8141850093598	15.68790872007133	97.87293001245713	-2.0776113418874984e-15	0.0	-2.0776113418874984e-15	1.164107329346356	0.7619905999348564	0.3919192313841294	9.362418414990021	0.6444675460823104	-0.32282903979917965	1.2016559034748195	0.0	0.0	0.0	0.0	0.0	0.0	0.0	0.0	0.0	0.0	0.0	0.0	0.0	0.0	0.0	0.0	0.0	0.0	0.0	0.0	0.0	0.0	0.0	0.0	0.0	0.0	0.0	0.0	0.0	0.0	0.0	0.0	0.0	0.0	0.0	0.0	0.0	0.0	0.0	0.0	0.0	0.0	0.0	0.0	0.0	0.0	0.0	0.0	31612.978083369304	-1545.247690884442	-63.21909018585552	31650.784672407968	-30794.032013732445	687.3972071413924	7287.187873310923	31651.9830292526	0.0	0.0	0.0	0.0	0.0	0.0	0.0	0.0	0.0	0.0	0.0	0.0	0.0	0.0	0.0	0.0	0.0	0.0	0.0	0.0	0.0	0.0	0.0	0.0	0.0	0.0	0.0	0.0	30818.19511277442	-2210.0338909141506	-6870.417008891974	31651.9830292526	0.0	0.0	0.0	0.0	0.0	0.0	0.0	0.0	0.0	0.0	0.0	0.0	0.0	0.0	0.0	0.0	0.0	0.0	0.0	0.0	0.0	0.0	0.0	0.0	0.0	0.0	0.0	0.0	0.0	0.0	0.0	0.0	0.0	0.0	0.0	0.0	0.0	0.0	0.0	0.0	0.0	0.0	0.0	0.0	0.0	0.0	0.0	0.0	0.0	0.0	0.0	0.0	0.0	0.0	0.0	0.0	0.0	0.0	0.0	0.0	0.0	0.0	0.0	0.0	0.0	0.0	0.0	0.0	0.0	0.0	0.0	0.0	0.0	0.0	0.0	0.0	0.0	0.0	0.0	0.0	0.0	0.0	0.0	0.0	0.0	0.0	0.0	0.0	0.0	0.0	0.0	0.0	0.0	0.0	0.0	0.0	0.0	0.0	0.0	0.0	29.49538637324906	-1.1046136267509326	0.12605572915141663	-0.5104829599944674	23.284160143679603	0.27941114978380455	0.04465580670121932	-0.8755978107593868	-0.010396086114188702
127.0	127.461	2600.0	2587.496323453907	-0.5554346680411004	0.12778438411995466	28.101652635073698	-90.48637775680615	-43.20857154050464	72.0720208452754	123.48741394506628	20.738223227890558	98.10551111670063	72.07202084527533	123.48741394506851	-7.2433914158897e-15	0.0	-7.2433914158897e-15	0.7232098450560778	0.3274110757208179	0.39120341214094856	9.577609207478268	0.6384862398515356	-0.3306072511153521	1.205204848698658	0.0	0.0	0.0	0.0	0.0	0.0	0.0	0.0	0.0	0.0	0.0	0.0	0.0	0.0	0.0	0.0	0.0	0.0	0.0	0.0	0.0	0.0	0.0	0.0	0.0	0.0	0.0	0.0	0.0	0.0	0.0	0.0	0.0	0.0	0.0	0.0	0.0	0.0	0.0	0.0	0.0	0.0	0.0	0.0	0.0	0.0	0.0	0.0	31312.65140833955	-1528.821551218383	-63.29156747441826	31350.014982104436	-30521.688857558358	671.6514637568936	7132.0312746756435	31351.084136107962	0.0	0.0	0.0	0.0	0.0	0.0	0.0	0.0	0.0	0.0	0.0	0.0	0.0	0.0	0.0	0.0	0.0	0.0	0.0	0.0	0.0	0.0	0.0	0.0	0.0	0.0	0.0	0.0	30545.09650067687	-2189.015932004821	-6715.3380795822195	31351.084136107962	0.0	0.0	0.0	0.0	0.0	0.0	0.0	0.0	0.0	0.0	0.0	0.0	0.0	0.0	0.0	0.0	0.0	0.0	0.0	0.0	0.0	0.0	0.0	0.0	0.0	0.0	0.0	0.0	0.0	0.0	0.0	0.0	0.0	0.0	0.0	0.0	0.0	0.0	0.0	0.0	0.0	0.0	0.0	0.0	0.0	0.0	0.0	0.0	0.0	0.0	0.0	0.0	0.0	0.0	0.0	0.0	0.0	0.0	0.0	0.0	0.0	0.0	0.0	0.0	0.0	0.0	0.0	0.0	0.0	0.0	0.0	0.0	0.0	0.0	0.0	0.0	0.0	0.0	0.0	0.0	0.0	0.0	0.0	0.0	0.0	0.0	0.0	0.0	0.0	0.0	0.0	0.0	0.0	0.0	0.0	0.0	0.0	0.0	0.0	0.0	29.45630963976598	-1.1436903602340107	0.12597420997979705	-0.5126621289040726	23.17098446606217	0.2793582926142461	0.04470671487514632	-0.9124582115539148	-0.010279427854124591
128.0	128.4612	2600.0	2587.479830730941	-0.5600664627895068	0.10830192406099534	28.1052927303605	-91.11932028699448	-27.176892603954002	92.28260789134663	132.50431593121323	35.39448400470063	88.25273096743692	92.28260789134654	132.50431593120965	3.1586562882531742e-15	0.0	3.1586562882531742e-15	0.282309563391015	-0.10664608040436012	0.3905226350109575	9.78977352482316	0.6332156985621338	-0.3383421905044118	1.2081804000394616	0.0	0.0	0.0	0.0	0.0	0.0	0.0	0.0	0.0	0.0	0.0	0.0	0.0	0.0	0.0	0.0	0.0	0.0	0.0	0.0	0.0	0.0	0.0	0.0	0.0	0.0	0.0	0.0	0.0	0.0	0.0	0.0	0.0	0.0	0.0	0.0	0.0	0.0	0.0	0.0	0.0	0.0	0.0	0.0	0.0	0.0	0.0	0.0	30952.55399341219	-1509.4298895939392	-63.964888605769744	30989.402524309353	-30190.566613423125	655.4977077419538	6965.044702514064	30990.51205437582	0.0	0.0	0.0	0.0	0.0	0.0	0.0	0.0	0.0	0.0	0.0	0.0	0.0	0.0	0.0	0.0	0.0	0.0	0.0	0.0	0.0	0.0	0.0	0.0	0.0	0.0	0.0	0.0	30213.169387927595	-2163.8538884053546	-6549.348767506619	30990.51205437582	0.0	0.0	0.0	0.0	0.0	0.0	0.0	0.0	0.0	0.0	0.0	0.0	0.0	0.0	0.0	0.0	0.0	0.0	0.0	0.0	0.0	0.0	0.0	0.0	0.0	0.0	0.0	0.0	0.0	0.0	0.0	0.0	0.0	0.0	0.0	0.0	0.0	0.0	0.0	0.0	0.0	0.0	0.0	0.0	0.0	0.0	0.0	0.0	0.0	0.0	0.0	0.0	0.0	0.0	0.0	0.0	0.0	0.0	0.0	0.0	0.0	0.0	0.0	0.0	0.0	0.0	0.0	0.0	0.0	0.0	0.0	0.0	0.0	0.0	0.0	0.0	0.0	0.0	0.0	0.0	0.0	0.0	0.0	0.0	0.0	0.0	0.0	0.0	0.0	0.0	0.0	0.0	0.0	0.0	0.0	0.0	0.0	0.0	0.0	0.0	29.417184458779563	-1.1828155412204426	0.12576219816686088	-0.5145683335590694	23.059638693400228	0.27930544330289764	0.044751429045183325	-0.9496378688678402	-0.01017111447612495
129.0	129.4613	2600.0	2587.4216341853826	-0.5640897045293042	0.089004759179892	28.109259496122068	-89.9880713628663	7.308694731559627	79.07663482995609	120.01826603612332	62.835212358379074	64.83059535562641	79.07663482995605	120.01826603612378	7.218536445485661e-15	0.0	7.218536445485661e-15	-0.15841194562073857	-0.5400529467051941	0.38993351305299856	9.998676861017993	0.6290725639182292	-0.34628228254833754	1.2110631003886165	0.0	0.0	0.0	0.0	0.0	0.0	0.0	0.0	0.0	0.0	0.0	0.0	0.0	0.0	0.0	0.0	0.0	0.0	0.0	0.0	0.0	0.0	0.0	0.0	0.0	0.0	0.0	0.0	0.0	0.0	0.0	0.0	0.0	0.0	0.0	0.0	0.0	0.0	0.0	0.0	0.0	0.0	0.0	0.0	0.0	0.0	0.0	0.0	30568.476019541144	-1487.245039669162	-59.558599905067474	30604.69198002334	-29837.170209130374	639.2266889029618	6785.623953251149	30605.718898326162	0.0	0.0	0.0	0.0	0.0	0.0	0.0	0.0	0.0	0.0	0.0	0.0	0.0	0.0	0.0	0.0	0.0	0.0	0.0	0.0	0.0	0.0	0.0	0.0	0.0	0.0	0.0	0.0	29858.901658957428	-2135.223024087406	-6371.565242660186	30605.718898326162	0.0	0.0	0.0	0.0	0.0	0.0	0.0	0.0	0.0	0.0	0.0	0.0	0.0	0.0	0.0	0.0	0.0	0.0	0.0	0.0	0.0	0.0	0.0	0.0	0.0	0.0	0.0	0.0	0.0	0.0	0.0	0.0	0.0	0.0	0.0	0.0	0.0	0.0	0.0	0.0	0.0	0.0	0.0	0.0	0.0	0.0	0.0	0.0	0.0	0.0	0.0	0.0	0.0	0.0	0.0	0.0	0.0	0.0	0.0	0.0	0.0	0.0	0.0	0.0	0.0	0.0	0.0	0.0	0.0	0.0	0.0	0.0	0.0	0.0	0.0	0.0	0.0	0.0	0.0	0.0	0.0	0.0	0.0	0.0	0.0	0.0	0.0	0.0	0.0	0.0	0.0	0.0	0.0	0.0	0.0	0.0	0.0	0.0	0.0	0.0	29.378073787509827	-1.221926212490174	0.1254711283501162	-0.5164197578266263	22.950155976639426	0.27925260687009884	0.04478687960203313	-0.9868568723923032	-0.010076316102989523
130.0	130.4613	2600.0	2587.259474584274	-0.5675309813830373	0.06981454608430743	28.11355107143666	-90.97346028245738	46.229534880590116	47.26970255626587	112.46228323663625	94.20929903341857	39.216684544615404	47.269702556265834	112.46228323663807	-1.5155062053796216e-14	0.0	-1.5155062053796216e-14	-0.5988443098705496	-0.9724114782116128	0.3891453430756449	10.204477630241879	0.6257141941452287	-0.35414326074760943	1.213498482418306	0.0	0.0	0.0	0.0	0.0	0.0	0.0	0.0	0.0	0.0	0.0	0.0	0.0	0.0	0.0	0.0	0.0	0.0	0.0	0.0	0.0	0.0	0.0	0.0	0.0	0.0	0.0	0.0	0.0	0.0	0.0	0.0	0.0	0.0	0.0	0.0	0.0	0.0	0.0	0.0	0.0	0.0	0.0	0.0	0.0	0.0	0.0	0.0	30212.139024754404	-1470.6506072880275	-67.55189050396446	30247.987055632566	-29506.37816965845	624.7948785628485	6632.230147181281	30249.019786703087	0.0	0.0	0.0	0.0	0.0	0.0	0.0	0.0	0.0	0.0	0.0	0.0	0.0	0.0	0.0	0.0	0.0	0.0	0.0	0.0	0.0	0.0	0.0	0.0	0.0	0.0	0.0	0.0	29527.306672048293	-2112.0767828961752	-6219.364148714743	30249.019786703087	0.0	0.0	0.0	0.0	0.0	0.0	0.0	0.0	0.0	0.0	0.0	0.0	0.0	0.0	0.0	0.0	0.0	0.0	0.0	0.0	0.0	0.0	0.0	0.0	0.0	0.0	0.0	0.0	0.0	0.0	0.0	0.0	0.0	0.0	0.0	0.0	0.0	0.0	0.0	0.0	0.0	0.0	0.0	0.0	0.0	0.0	0.0	0.0	0.0	0.0	0.0	0.0	0.0	0.0	0.0	0.0	0.0	0.0	0.0	0.0	0.0	0.0	0.0	0.0	0.0	0.0	0.0	0.0	0.0	0.0	0.0	0.0	0.0	0.0	0.0	0.0	0.0	0.0	0.0	0.0	0.0	0.0	0.0	0.0	0.0	0.0	0.0	0.0	0.0	0.0	0.0	0.0	0.0	0.0	0.0	0.0	0.0	0.0	0.0	0.0	29.33892181775772	-1.2610781822422827	0.12510060426555528	-0.5180610115911458	22.84257702712849	0.2791997990920693	0.04481714996132335	-1.0243257358719897	-0.009944370505189211
131.0	131.4614	2600.0	2586.5639298075566	-0.570287205786732	0.0504623358148602	28.118230776629687	-97.5649140990463	24.004359044824014	56.32874333014653	115.18701767760389	82.5881722667909	57.22163505124625	56.328743330146466	115.18701767760405	-3.3421951391079445e-15	0.0	-3.3421951391079445e-15	-1.0388896340423497	-1.4036472009638752	0.3881820252963343	10.40724667775731	0.6235982100572305	-0.36191823950004653	1.215870193463313	0.0	0.0	0.0	0.0	0.0	0.0	0.0	0.0	0.0	0.0	0.0	0.0	0.0	0.0	0.0	0.0	0.0	0.0	0.0	0.0	0.0	0.0	0.0	0.0	0.0	0.0	0.0	0.0	0.0	0.0	0.0	0.0	0.0	0.0	0.0	0.0	0.0	0.0	0.0	0.0	0.0	0.0	0.0	0.0	0.0	0.0	0.0	0.0	30200.555703997306	-1468.5645423679105	-66.02737746270701	30236.312709388334	-29516.235830619404	619.6944151289434	6535.282872572662	30237.429140081076	0.0	0.0	0.0	0.0	0.0	0.0	0.0	0.0	0.0	0.0	0.0	0.0	0.0	0.0	0.0	0.0	0.0	0.0	0.0	0.0	0.0	0.0	0.0	0.0	0.0	0.0	0.0	0.0	29536.438296940018	-2111.2626417248766	-6119.109722021342	30237.429140081076	0.0	0.0	0.0	0.0	0.0	0.0	0.0	0.0	0.0	0.0	0.0	0.0	0.0	0.0	0.0	0.0	0.0	0.0	0.0	0.0	0.0	0.0	0.0	0.0	0.0	0.0	0.0	0.0	0.0	0.0	0.0	0.0	0.0	0.0	0.0	0.0	0.0	0.0	0.0	0.0	0.0	0.0	0.0	0.0	0.0	0.0	0.0	0.0	0.0	0.0	0.0	0.0	0.0	0.0	0.0	0.0	0.0	0.0	0.0	0.0	0.0	0.0	0.0	0.0	0.0	0.0	0.0	0.0	0.0	0.0	0.0	0.0	0.0	0.0	0.0	0.0	0.0	0.0	0.0	0.0	0.0	0.0	0.0	0.0	0.0	0.0	0.0	0.0	0.0	0.0	0.0	0.0	0.0	0.0	0.0	0.0	0.0	0.0	0.0	0.0	29.299479755913293	-1.3005202440867052	0.12475638889732223	-0.5196803942888577	22.736915660598825	0.27914695142494794	0.044839284218093974	-1.062106707573736	-0.009786018700765292
132.0	132.4616	2600.0	2586.915820442591	-0.572245470063301	0.030833034721205892	28.123336399485776	-94.58126182686829	30.694871292454994	36.95060649541416	106.08080661836021	86.49591421629155	49.053511967147635	36.95060649541413	106.08080661836101	-4.7632445486926465e-15	0.0	-4.7632445486926465e-15	-1.4780534994111902	-1.8336748848576736	0.38744986351887656	10.606709953066584	0.6232460121194886	-0.36992786887979895	1.2186853495563477	0.0	0.0	0.0	0.0	0.0	0.0	0.0	0.0	0.0	0.0	0.0	0.0	0.0	0.0	0.0	0.0	0.0	0.0	0.0	0.0	0.0	0.0	0.0	0.0	0.0	0.0	0.0	0.0	0.0	0.0	0.0	0.0	0.0	0.0	0.0	0.0	0.0	0.0	0.0	0.0	0.0	0.0	0.0	0.0	0.0	0.0	0.0	0.0	30204.1681968657	-1467.4573850716881	-64.438171719833	30239.863754976297	-29541.08323593808	615.5211911094437	6438.963453294802	30240.944354338415	0.0	0.0	0.0	0.0	0.0	0.0	0.0	0.0	0.0	0.0	0.0	0.0	0.0	0.0	0.0	0.0	0.0	0.0	0.0	0.0	0.0	0.0	0.0	0.0	0.0	0.0	0.0	0.0	29560.526010166486	-2111.4969994799744	-6019.268881321865	30240.944354338415	0.0	0.0	0.0	0.0	0.0	0.0	0.0	0.0	0.0	0.0	0.0	0.0	0.0	0.0	0.0	0.0	0.0	0.0	0.0	0.0	0.0	0.0	0.0	0.0	0.0	0.0	0.0	0.0	0.0	0.0	0.0	0.0	0.0	0.0	0.0	0.0	0.0	0.0	0.0	0.0	0.0	0.0	0.0	0.0	0.0	0.0	0.0	0.0	0.0	0.0	0.0	0.0	0.0	0.0	0.0	0.0	0.0	0.0	0.0	0.0	0.0	0.0	0.0	0.0	0.0	0.0	0.0	0.0	0.0	0.0	0.0	0.0	0.0	0.0	0.0	0.0	0.0	0.0	0.0	0.0	0.0	0.0	0.0	0.0	0.0	0.0	0.0	0.0	0.0	0.0	0.0	0.0	0.0	0.0	0.0	0.0	0.0	0.0	0.0	0.0	29.25965610868306	-1.340343891316941	0.12448223395235768	-0.521504872218129	22.633326648245518	0.27909409617279746	0.044853536473167234	-1.1000655622714515	-0.009662190462333839
133.0	133.4617	2600.0	2586.6316373896702	-0.5734163047826376	0.011024582639809941	28.128837960887385	-96.17622627354285	30.329939047082007	32.50340138641378	105.9539654968409	88.17119308385554	48.94499374797306	32.503401386413735	105.95396549684197	0.0	0.0	0.0	-1.9163199626261227	-2.262104716570519	0.3865662758668104	10.802910557070206	0.6242178035666012	-0.3779607943200731	1.2215468229941788	0.0	0.0	0.0	0.0	0.0	0.0	0.0	0.0	0.0	0.0	0.0	0.0	0.0	0.0	0.0	0.0	0.0	0.0	0.0	0.0	0.0	0.0	0.0	0.0	0.0	0.0	0.0	0.0	0.0	0.0	0.0	0.0	0.0	0.0	0.0	0.0	0.0	0.0	0.0	0.0	0.0	0.0	0.0	0.0	0.0	0.0	0.0	0.0	30205.290399347006	-1465.8218413197735	-66.74368719369765	30240.910312012023	-29561.345401636634	610.1161840034024	6350.346315536001	30241.896138306012	0.0	0.0	0.0	0.0	0.0	0.0	0.0	0.0	0.0	0.0	0.0	0.0	0.0	0.0	0.0	0.0	0.0	0.0	0.0	0.0	0.0	0.0	0.0	0.0	0.0	0.0	0.0	0.0	29580.02958059647	-2111.574110199838	-5927.511014604681	30241.896138306012	0.0	0.0	0.0	0.0	0.0	0.0	0.0	0.0	0.0	0.0	0.0	0.0	0.0	0.0	0.0	0.0	0.0	0.0	0.0	0.0	0.0	0.0	0.0	0.0	0.0	0.0	0.0	0.0	0.0	0.0	0.0	0.0	0.0	0.0	0.0	0.0	0.0	0.0	0.0	0.0	0.0	0.0	0.0	0.0	0.0	0.0	0.0	0.0	0.0	0.0	0.0	0.0	0.0	0.0	0.0	0.0	0.0	0.0	0.0	0.0	0.0	0.0	0.0	0.0	0.0	0.0	0.0	0.0	0.0	0.0	0.0	0.0	0.0	0.0	0.0	0.0	0.0	0.0	0.0	0.0	0.0	0.0	0.0	0.0	0.0	0.0	0.0	0.0	0.0	0.0	0.0	0.0	0.0	0.0	0.0	0.0	0.0	0.0	0.0	0.0	29.219574452995676	-1.3804255470043285	0.12426077043700359	-0.5233583977908548	22.531802331537882	0.27904124988249307	0.044873900614355276	-1.1382541902603966	-0.00954448809341243
134.0	134.4618	2600.0	2587.1062680278283	-0.5738116427182487	-0.008889378756344723	28.134708294497393	-93.1015237976135	42.02765386250758	6.858787095892978	102.378026856602	95.2073126772757	37.01060706604038	6.858787095892937	102.37802685660708	-1.050433277743128e-15	0.0	-1.050433277743128e-15	-2.353664918724511	-2.6889085832047677	0.38551885847680223	10.995422548572103	0.6270923098190163	-0.38647341778109756	1.2249552191921118	0.0	0.0	0.0	0.0	0.0	0.0	0.0	0.0	0.0	0.0	0.0	0.0	0.0	0.0	0.0	0.0	0.0	0.0	0.0	0.0	0.0	0.0	0.0	0.0	0.0	0.0	0.0	0.0	0.0	0.0	0.0	0.0	0.0	0.0	0.0	0.0	0.0	0.0	0.0	0.0	0.0	0.0	0.0	0.0	0.0	0.0	0.0	0.0	30211.68603946	-1464.4883790342956	-68.52970645068064	30247.237822318504	-29587.692290257586	605.7748545381077	6257.970412851447	30248.317175100558	0.0	0.0	0.0	0.0	0.0	0.0	0.0	0.0	0.0	0.0	0.0	0.0	0.0	0.0	0.0	0.0	0.0	0.0	0.0	0.0	0.0	0.0	0.0	0.0	0.0	0.0	0.0	0.0	29605.517507611945	-2112.0292705898296	-5832.09716929835	30248.317175100558	0.0	0.0	0.0	0.0	0.0	0.0	0.0	0.0	0.0	0.0	0.0	0.0	0.0	0.0	0.0	0.0	0.0	0.0	0.0	0.0	0.0	0.0	0.0	0.0	0.0	0.0	0.0	0.0	0.0	0.0	0.0	0.0	0.0	0.0	0.0	0.0	0.0	0.0	0.0	0.0	0.0	0.0	0.0	0.0	0.0	0.0	0.0	0.0	0.0	0.0	0.0	0.0	0.0	0.0	0.0	0.0	0.0	0.0	0.0	0.0	0.0	0.0	0.0	0.0	0.0	0.0	0.0	0.0	0.0	0.0	0.0	0.0	0.0	0.0	0.0	0.0	0.0	0.0	0.0	0.0	0.0	0.0	0.0	0.0	0.0	0.0	0.0	0.0	0.0	0.0	0.0	0.0	0.0	0.0	0.0	0.0	0.0	0.0	0.0	0.0	29.179333862463817	-1.4206661375361802	0.12408216141382888	-0.5254562609440652	22.43229645262051	0.2789884037766997	0.04490325205516859	-1.1763593141115332	-0.009398058273611088
135.0	135.4619	2600.0	2586.699944691982	-0.5734424373101253	-0.02884055083217766	28.14092011010231	-96.30235343428647	27.057384982021176	16.43662682171852	101.37261987501346	87.62039124621695	48.25880641818003	16.436626821718463	101.37261987501331	1.1756917031308807e-15	0.0	1.1756917031308807e-15	-2.789997891818611	-3.114167514725413	0.3844770460503295	11.184540903633197	0.6310826264901555	-0.3949479467283412	1.2282463548334288	0.0	0.0	0.0	0.0	0.0	0.0	0.0	0.0	0.0	0.0	0.0	0.0	0.0	0.0	0.0	0.0	0.0	0.0	0.0	0.0	0.0	0.0	0.0	0.0	0.0	0.0	0.0	0.0	0.0	0.0	0.0	0.0	0.0	0.0	0.0	0.0	0.0	0.0	0.0	0.0	0.0	0.0	0.0	0.0	0.0	0.0	0.0	0.0	30210.792941450334	-1462.5554608946204	-68.87538154934067	30246.25303150064	-29607.286927398585	602.5028480609724	6159.872071903481	30247.2886855243	0.0	0.0	0.0	0.0	0.0	0.0	0.0	0.0	0.0	0.0	0.0	0.0	0.0	0.0	0.0	0.0	0.0	0.0	0.0	0.0	0.0	0.0	0.0	0.0	0.0	0.0	0.0	0.0	29624.19189296624	-2111.952900953954	-5731.089116242258	30247.2886855243	0.0	0.0	0.0	0.0	0.0	0.0	0.0	0.0	0.0	0.0	0.0	0.0	0.0	0.0	0.0	0.0	0.0	0.0	0.0	0.0	0.0	0.0	0.0	0.0	0.0	0.0	0.0	0.0	0.0	0.0	0.0	0.0	0.0	0.0	0.0	0.0	0.0	0.0	0.0	0.0	0.0	0.0	0.0	0.0	0.0	0.0	0.0	0.0	0.0	0.0	0.0	0.0	0.0	0.0	0.0	0.0	0.0	0.0	0.0	0.0	0.0	0.0	0.0	0.0	0.0	0.0	0.0	0.0	0.0	0.0	0.0	0.0	0.0	0.0	0.0	0.0	0.0	0.0	0.0	0.0	0.0	0.0	0.0	0.0	0.0	0.0	0.0	0.0	0.0	0.0	0.0	0.0	0.0	0.0	0.0	0.0	0.0	0.0	0.0	0.0	29.139028529696258	-1.4609714703037504	0.12393810635345386	-0.5275075541138184	22.334849653841157	0.2789355574987886	0.04492550168029701	-1.2145759106085026	-0.009246715785353382
136.0	136.462	2600.0	2586.8222262242853	-0.5723084605093586	-0.04877720958997779	28.147450603629295	-94.83200855183165	22.063882716529406	27.218383308501853	101.09779995841637	83.94374229988534	49.329229622948326	27.218383308501803	101.09779995841478	1.9566870423306615e-15	0.0	1.9566870423306615e-15	-3.2250876803490702	-3.537741299266173	0.3835166040545504	11.369806071526403	0.6369021107020432	-0.4039023690628474	1.232042225623252	0.0	0.0	0.0	0.0	0.0	0.0	0.0	0.0	0.0	0.0	0.0	0.0	0.0	0.0	0.0	0.0	0.0	0.0	0.0	0.0	0.0	0.0	0.0	0.0	0.0	0.0	0.0	0.0	0.0	0.0	0.0	0.0	0.0	0.0	0.0	0.0	0.0	0.0	0.0	0.0	0.0	0.0	0.0	0.0	0.0	0.0	0.0	0.0	30202.979342353177	-1460.3087602819014	-70.59581980450791	30238.34397912265	-29619.754980135014	599.2112425812129	6060.3228972925735	30239.319648694433	0.0	0.0	0.0	0.0	0.0	0.0	0.0	0.0	0.0	0.0	0.0	0.0	0.0	0.0	0.0	0.0	0.0	0.0	0.0	0.0	0.0	0.0	0.0	0.0	0.0	0.0	0.0	0.0	29635.692557580267	-2111.398103775857	-5628.870001685088	30239.319648694433	0.0	0.0	0.0	0.0	0.0	0.0	0.0	0.0	0.0	0.0	0.0	0.0	0.0	0.0	0.0	0.0	0.0	0.0	0.0	0.0	0.0	0.0	0.0	0.0	0.0	0.0	0.0	0.0	0.0	0.0	0.0	0.0	0.0	0.0	0.0	0.0	0.0	0.0	0.0	0.0	0.0	0.0	0.0	0.0	0.0	0.0	0.0	0.0	0.0	0.0	0.0	0.0	0.0	0.0	0.0	0.0	0.0	0.0	0.0	0.0	0.0	0.0	0.0	0.0	0.0	0.0	0.0	0.0	0.0	0.0	0.0	0.0	0.0	0.0	0.0	0.0	0.0	0.0	0.0	0.0	0.0	0.0	0.0	0.0	0.0	0.0	0.0	0.0	0.0	0.0	0.0	0.0	0.0	0.0	0.0	0.0	0.0	0.0	0.0	0.0	29.09873541904377	-1.5012645809562315	0.12382196418486335	-0.5297806819553186	22.239494770733266	0.2788827114827434	0.04494622707170108	-1.2525597296652442	-0.00911363525444449
137.0	137.462	2600.0	2586.890540351653	-0.5704382749756396	-0.06868465747537685	28.154278169077134	-94.4188177691831	24.78981089778426	12.514542492919531	98.41779131379239	86.33039663439011	45.56874466371663	12.514542492919473	98.41779131379246	0.0	0.0	0.0	-3.6589614572124445	-3.959599537733947	0.38257515207764853	11.551626688168318	0.6437552178604248	-0.4127196023352145	1.2356450508984478	0.0	0.0	0.0	0.0	0.0	0.0	0.0	0.0	0.0	0.0	0.0	0.0	0.0	0.0	0.0	0.0	0.0	0.0	0.0	0.0	0.0	0.0	0.0	0.0	0.0	0.0	0.0	0.0	0.0	0.0	0.0	0.0	0.0	0.0	0.0	0.0	0.0	0.0	0.0	0.0	0.0	0.0	0.0	0.0	0.0	0.0	0.0	0.0	30205.636190939866	-1458.6681604102541	-71.0884110412139	30240.919696064062	-29642.84172700734	597.484666169969	5959.548685111896	30241.879473818004	0.0	0.0	0.0	0.0	0.0	0.0	0.0	0.0	0.0	0.0	0.0	0.0	0.0	0.0	0.0	0.0	0.0	0.0	0.0	0.0	0.0	0.0	0.0	0.0	0.0	0.0	0.0	0.0	29657.767585585705	-2111.7979650516177	-5525.251605413128	30241.879473818004	0.0	0.0	0.0	0.0	0.0	0.0	0.0	0.0	0.0	0.0	0.0	0.0	0.0	0.0	0.0	0.0	0.0	0.0	0.0	0.0	0.0	0.0	0.0	0.0	0.0	0.0	0.0	0.0	0.0	0.0	0.0	0.0	0.0	0.0	0.0	0.0	0.0	0.0	0.0	0.0	0.0	0.0	0.0	0.0	0.0	0.0	0.0	0.0	0.0	0.0	0.0	0.0	0.0	0.0	0.0	0.0	0.0	0.0	0.0	0.0	0.0	0.0	0.0	0.0	0.0	0.0	0.0	0.0	0.0	0.0	0.0	0.0	0.0	0.0	0.0	0.0	0.0	0.0	0.0	0.0	0.0	0.0	0.0	0.0	0.0	0.0	0.0	0.0	0.0	0.0	0.0	0.0	0.0	0.0	0.0	0.0	0.0	0.0	0.0	0.0	29.058493950094586	-1.5415060499054183	0.12371609107828416	-0.531967879307378	22.14622957285931	0.27882986358056167	0.04497181809323747	-1.2905779491234108	-0.008984786782920771
138.0	138.462	2600.0	2586.6858577784324	-0.5678334413020305	-0.08851536049746869	28.1613790721163	-95.73939111548314	10.38739682760752	26.52241326858819	99.88677304632193	78.55053312854942	55.71124454935124	26.52241326858813	99.88677304631851	0.0	0.0	0.0	-4.091524317460787	-4.379636722263256	0.3816237554701908	11.729572424737416	0.6522893833638359	-0.4218757446058736	1.2396376141641436	0.0	0.0	0.0	0.0	0.0	0.0	0.0	0.0	0.0	0.0	0.0	0.0	0.0	0.0	0.0	0.0	0.0	0.0	0.0	0.0	0.0	0.0	0.0	0.0	0.0	0.0	0.0	0.0	0.0	0.0	0.0	0.0	0.0	0.0	0.0	0.0	0.0	0.0	0.0	0.0	0.0	0.0	0.0	0.0	0.0	0.0	0.0	0.0	30199.613340039512	-1456.510772767568	-72.8246296303998	30234.804000452223	-29657.084220114637	595.7121103934821	5856.66435695729	30235.707941893732	0.0	0.0	0.0	0.0	0.0	0.0	0.0	0.0	0.0	0.0	0.0	0.0	0.0	0.0	0.0	0.0	0.0	0.0	0.0	0.0	0.0	0.0	0.0	0.0	0.0	0.0	0.0	0.0	29670.94595628391	-2111.4766985961137	-5419.840122924384	30235.707941893732	0.0	0.0	0.0	0.0	0.0	0.0	0.0	0.0	0.0	0.0	0.0	0.0	0.0	0.0	0.0	0.0	0.0	0.0	0.0	0.0	0.0	0.0	0.0	0.0	0.0	0.0	0.0	0.0	0.0	0.0	0.0	0.0	0.0	0.0	0.0	0.0	0.0	0.0	0.0	0.0	0.0	0.0	0.0	0.0	0.0	0.0	0.0	0.0	0.0	0.0	0.0	0.0	0.0	0.0	0.0	0.0	0.0	0.0	0.0	0.0	0.0	0.0	0.0	0.0	0.0	0.0	0.0	0.0	0.0	0.0	0.0	0.0	0.0	0.0	0.0	0.0	0.0	0.0	0.0	0.0	0.0	0.0	0.0	0.0	0.0	0.0	0.0	0.0	0.0	0.0	0.0	0.0	0.0	0.0	0.0	0.0	0.0	0.0	0.0	0.0	29.01837708369729	-1.5816229163027167	0.12362182208483152	-0.5343220401961915	22.055031283112612	0.27877699751225643	0.045000170062415384	-1.3283057986208726	-0.00882890015035176
139.0	139.4619	2600.0	2586.5405752980623	-0.5644391027083885	-0.10825211805520413	28.168745388864384	-97.08190543296223	19.09295243537963	1.4677547529073673	98.95247091007364	86.18921133194088	48.58865140311535	1.4677547529073247	98.9524709100794	0.0	0.0	0.0	-4.52267855772775	-4.797705250333459	0.380603281157928	11.904017677651428	0.6616070023736889	-0.43077773012472814	1.2433607857798525	0.0	0.0	0.0	0.0	0.0	0.0	0.0	0.0	0.0	0.0	0.0	0.0	0.0	0.0	0.0	0.0	0.0	0.0	0.0	0.0	0.0	0.0	0.0	0.0	0.0	0.0	0.0	0.0	0.0	0.0	0.0	0.0	0.0	0.0	0.0	0.0	0.0	0.0	0.0	0.0	0.0	0.0	0.0	0.0	0.0	0.0	0.0	0.0	30230.461201259728	-1455.6433375072154	-73.62588878309121	30265.576200336873	-29707.79702113382	595.4401139533379	5758.050680135585	30266.531027080095	0.0	0.0	0.0	0.0	0.0	0.0	0.0	0.0	0.0	0.0	0.0	0.0	0.0	0.0	0.0	0.0	0.0	0.0	0.0	0.0	0.0	0.0	0.0	0.0	0.0	0.0	0.0	0.0	29720.572163852336	-2113.3584156844076	-5318.289844800029	30266.531027080095	0.0	0.0	0.0	0.0	0.0	0.0	0.0	0.0	0.0	0.0	0.0	0.0	0.0	0.0	0.0	0.0	0.0	0.0	0.0	0.0	0.0	0.0	0.0	0.0	0.0	0.0	0.0	0.0	0.0	0.0	0.0	0.0	0.0	0.0	0.0	0.0	0.0	0.0	0.0	0.0	0.0	0.0	0.0	0.0	0.0	0.0	0.0	0.0	0.0	0.0	0.0	0.0	0.0	0.0	0.0	0.0	0.0	0.0	0.0	0.0	0.0	0.0	0.0	0.0	0.0	0.0	0.0	0.0	0.0	0.0	0.0	0.0	0.0	0.0	0.0	0.0	0.0	0.0	0.0	0.0	0.0	0.0	0.0	0.0	0.0	0.0	0.0	0.0	0.0	0.0	0.0	0.0	0.0	0.0	0.0	0.0	0.0	0.0	0.0	0.0	28.97842879834357	-1.6215712016564259	0.12353770645067604	-0.5365539194232516	21.965942376810847	0.27872414719151595	0.045021368351543044	-1.3659871485119843	-0.008659282832563581
140.0	140.4615	2600.0	2586.409421784152	-0.5602630041255986	-0.12791318408266733	28.176364636585976	-97.91546591767838	25.238221549570877	-16.59591632106125	102.46868171005677	91.57871074560897	42.868940166903485	-16.59591632106129	102.46868171005781	-3.730944101773035e-15	0.0	-3.730944101773035e-15	-4.952046959706027	-5.213737250703322	0.3798014975035346	12.074541670974131	0.6725125412119938	-0.43992778129637666	1.2475502482465222	0.0	0.0	0.0	0.0	0.0	0.0	0.0	0.0	0.0	0.0	0.0	0.0	0.0	0.0	0.0	0.0	0.0	0.0	0.0	0.0	0.0	0.0	0.0	0.0	0.0	0.0	0.0	0.0	0.0	0.0	0.0	0.0	0.0	0.0	0.0	0.0	0.0	0.0	0.0	0.0	0.0	0.0	0.0	0.0	0.0	0.0	0.0	0.0	30183.062713503157	-1451.4172832189906	-83.27348423247518	30218.054559657994	-29677.560218392173	589.8968457257785	5664.181494997814	30219.009097142258	0.0	0.0	0.0	0.0	0.0	0.0	0.0	0.0	0.0	0.0	0.0	0.0	0.0	0.0	0.0	0.0	0.0	0.0	0.0	0.0	0.0	0.0	0.0	0.0	0.0	0.0	0.0	0.0	29689.32052518632	-2109.995275565302	-5223.0907998051225	30219.009097142258	0.0	0.0	0.0	0.0	0.0	0.0	0.0	0.0	0.0	0.0	0.0	0.0	0.0	0.0	0.0	0.0	0.0	0.0	0.0	0.0	0.0	0.0	0.0	0.0	0.0	0.0	0.0	0.0	0.0	0.0	0.0	0.0	0.0	0.0	0.0	0.0	0.0	0.0	0.0	0.0	0.0	0.0	0.0	0.0	0.0	0.0	0.0	0.0	0.0	0.0	0.0	0.0	0.0	0.0	0.0	0.0	0.0	0.0	0.0	0.0	0.0	0.0	0.0	0.0	0.0	0.0	0.0	0.0	0.0	0.0	0.0	0.0	0.0	0.0	0.0	0.0	0.0	0.0	0.0	0.0	0.0	0.0	0.0	0.0	0.0	0.0	0.0	0.0	0.0	0.0	0.0	0.0	0.0	0.0	0.0	0.0	0.0	0.0	0.0	0.0	28.93865517925449	-1.6613448207455195	0.12345176552735096	-0.5389660469110256	21.87905761114657	0.2786712912496674	0.04503889832355752	-1.4033141475034066	-0.008534017182368632
141.0	141.4612	2600.0	2586.386219927889	-0.5553957810690979	-0.14745764580156653	28.18419684899883	-98.08023926133684	11.024416612366624	-0.20556690559715213	98.69809194182419	83.585767823095	52.48514563786375	-0.20556690559719476	98.69809194182423	0.0	0.0	0.0	-5.380150594885418	-5.627679823159147	0.3786383330787549	12.241624212220193	0.6844028721313856	-0.4486849767218651	1.2515472210257221	0.0	0.0	0.0	0.0	0.0	0.0	0.0	0.0	0.0	0.0	0.0	0.0	0.0	0.0	0.0	0.0	0.0	0.0	0.0	0.0	0.0	0.0	0.0	0.0	0.0	0.0	0.0	0.0	0.0	0.0	0.0	0.0	0.0	0.0	0.0	0.0	0.0	0.0	0.0	0.0	0.0	0.0	0.0	0.0	0.0	0.0	0.0	0.0	30123.6669677289	-1446.3662333988684	-73.7880773632096	30158.4603642845	-29644.485594468544	595.7165282786393	5516.422257805049	30159.265887437057	0.0	0.0	0.0	0.0	0.0	0.0	0.0	0.0	0.0	0.0	0.0	0.0	0.0	0.0	0.0	0.0	0.0	0.0	0.0	0.0	0.0	0.0	0.0	0.0	0.0	0.0	0.0	0.0	29654.829414137097	-2105.898704172622	-5073.224017852686	30159.265887437057	0.0	0.0	0.0	0.0	0.0	0.0	0.0	0.0	0.0	0.0	0.0	0.0	0.0	0.0	0.0	0.0	0.0	0.0	0.0	0.0	0.0	0.0	0.0	0.0	0.0	0.0	0.0	0.0	0.0	0.0	0.0	0.0	0.0	0.0	0.0	0.0	0.0	0.0	0.0	0.0	0.0	0.0	0.0	0.0	0.0	0.0	0.0	0.0	0.0	0.0	0.0	0.0	0.0	0.0	0.0	0.0	0.0	0.0	0.0	0.0	0.0	0.0	0.0	0.0	0.0	0.0	0.0	0.0	0.0	0.0	0.0	0.0	0.0	0.0	0.0	0.0	0.0	0.0	0.0	0.0	0.0	0.0	0.0	0.0	0.0	0.0	0.0	0.0	0.0	0.0	0.0	0.0	0.0	0.0	0.0	0.0	0.0	0.0	0.0	0.0	28.899119723621148	-1.700880276378854	0.12336614961155057	-0.5412546283385	21.7941791616161	0.27861844798826385	0.04507274033450649	-1.4405273902127584	-0.0083470884936889
142.0	142.4608	2600.0	2586.9646001647593	-0.5500091576302266	-0.16699736297166143	28.19222255013347	-93.52417438548946	36.993467686983415	-41.87752395279622	108.94500841439387	96.69900643987057	27.651220579515208	-41.87752395279624	108.94500841439299	0.0	0.0	0.0	-5.806328150273738	-6.03950747780079	0.37773617242174196	12.405329076769503	0.6965117436585967	-0.45681743734992564	1.2547819781694376	0.0	0.0	0.0	0.0	0.0	0.0	0.0	0.0	0.0	0.0	0.0	0.0	0.0	0.0	0.0	0.0	0.0	0.0	0.0	0.0	0.0	0.0	0.0	0.0	0.0	0.0	0.0	0.0	0.0	0.0	0.0	0.0	0.0	0.0	0.0	0.0	0.0	0.0	0.0	0.0	0.0	0.0	0.0	0.0	0.0	0.0	0.0	0.0	29372.73944195562	-1408.703622913059	-74.9043405411088	29406.595839750917	-28922.745264215195	579.8279310567214	5285.867905635201	29407.512536155453	0.0	0.0	0.0	0.0	0.0	0.0	0.0	0.0	0.0	0.0	0.0	0.0	0.0	0.0	0.0	0.0	0.0	0.0	0.0	0.0	0.0	0.0	0.0	0.0	0.0	0.0	0.0	0.0	28931.760862534487	-2053.3776271779616	-4851.664382195395	29407.512536155453	0.0	0.0	0.0	0.0	0.0	0.0	0.0	0.0	0.0	0.0	0.0	0.0	0.0	0.0	0.0	0.0	0.0	0.0	0.0	0.0	0.0	0.0	0.0	0.0	0.0	0.0	0.0	0.0	0.0	0.0	0.0	0.0	0.0	0.0	0.0	0.0	0.0	0.0	0.0	0.0	0.0	0.0	0.0	0.0	0.0	0.0	0.0	0.0	0.0	0.0	0.0	0.0	0.0	0.0	0.0	0.0	0.0	0.0	0.0	0.0	0.0	0.0	0.0	0.0	0.0	0.0	0.0	0.0	0.0	0.0	0.0	0.0	0.0	0.0	0.0	0.0	0.0	0.0	0.0	0.0	0.0	0.0	0.0	0.0	0.0	0.0	0.0	0.0	0.0	0.0	0.0	0.0	0.0	0.0	0.0	0.0	0.0	0.0	0.0	0.0	28.859735642393193	-1.7402643576068044	0.12312102236966413	-0.5432052263901429	21.711546196796274	0.2785656033987424	0.045079633672413036	-1.47792331730751	-0.00822472730714499
143.0	143.4601	2600.0	2586.6198328022733	-0.5442137027595605	-0.18654832710088795	28.200414681568446	-94.602536155744	41.00136035422655	-57.83503140180222	118.21862059440318	100.41919174060787	23.382414934294502	-57.83503140180225	118.21862059440527	1.701216568236787e-15	0.0	1.701216568236787e-15	-6.230841047980947	-6.449163521802389	0.3767672611416711	12.565943139760149	0.7079433281342289	-0.463854258950553	1.2564713856917196	0.0	0.0	0.0	0.0	0.0	0.0	0.0	0.0	0.0	0.0	0.0	0.0	0.0	0.0	0.0	0.0	0.0	0.0	0.0	0.0	0.0	0.0	0.0	0.0	0.0	0.0	0.0	0.0	0.0	0.0	0.0	0.0	0.0	0.0	0.0	0.0	0.0	0.0	0.0	0.0	0.0	0.0	0.0	0.0	0.0	0.0	0.0	0.0	28734.643815438343	-1377.0461965474785	-85.11536450135014	28767.74680180582	-28312.439926895073	569.249540870437	5070.63944773095	28768.553736027632	0.0	0.0	0.0	0.0	0.0	0.0	0.0	0.0	0.0	0.0	0.0	0.0	0.0	0.0	0.0	0.0	0.0	0.0	0.0	0.0	0.0	0.0	0.0	0.0	0.0	0.0	0.0	0.0	28320.172338455144	-2008.5714340476238	-4643.615356296962	28768.553736027632	0.0	0.0	0.0	0.0	0.0	0.0	0.0	0.0	0.0	0.0	0.0	0.0	0.0	0.0	0.0	0.0	0.0	0.0	0.0	0.0	0.0	0.0	0.0	0.0	0.0	0.0	0.0	0.0	0.0	0.0	0.0	0.0	0.0	0.0	0.0	0.0	0.0	0.0	0.0	0.0	0.0	0.0	0.0	0.0	0.0	0.0	0.0	0.0	0.0	0.0	0.0	0.0	0.0	0.0	0.0	0.0	0.0	0.0	0.0	0.0	0.0	0.0	0.0	0.0	0.0	0.0	0.0	0.0	0.0	0.0	0.0	0.0	0.0	0.0	0.0	0.0	0.0	0.0	0.0	0.0	0.0	0.0	0.0	0.0	0.0	0.0	0.0	0.0	0.0	0.0	0.0	0.0	0.0	0.0	0.0	0.0	0.0	0.0	0.0	0.0	28.820511310025864	-1.7794886899741338	0.12264556159594692	-0.5444479203124206	21.631054175731744	0.2785127622165509	0.04506600926827953	-1.5158617343627214	-0.008064043854695929
144.0	144.4595	2600.0	2586.7578188037037	-0.5377370651394826	-0.20584749185627277	28.208746816013697	-94.61606753994784	40.39820683123252	-57.53074343939465	117.87282041502384	100.47214644452832	22.126073775805708	-57.53074343939467	117.87282041502439	2.6545920768603798e-15	0.0	2.6545920768603798e-15	-6.653705878101875	-6.856506303553878	0.37553790598042497	12.722729714865359	0.7207309485511527	-0.4707817008385881	1.2583083937097954	0.0	0.0	0.0	0.0	0.0	0.0	0.0	0.0	0.0	0.0	0.0	0.0	0.0	0.0	0.0	0.0	0.0	0.0	0.0	0.0	0.0	0.0	0.0	0.0	0.0	0.0	0.0	0.0	0.0	0.0	0.0	0.0	0.0	0.0	0.0	0.0	0.0	0.0	0.0	0.0	0.0	0.0	0.0	0.0	0.0	0.0	0.0	0.0	28721.44594418196	-1375.9561497182567	-80.33615537576472	28754.498193297943	-28318.563488442047	573.9629592306793	4959.868822154554	28755.360722141406	0.0	0.0	0.0	0.0	0.0	0.0	0.0	0.0	0.0	0.0	0.0	0.0	0.0	0.0	0.0	0.0	0.0	0.0	0.0	0.0	0.0	0.0	0.0	0.0	0.0	0.0	0.0	0.0	28325.087227115924	-2008.3652127410753	-4530.63715265285	28755.360722141406	0.0	0.0	0.0	0.0	0.0	0.0	0.0	0.0	0.0	0.0	0.0	0.0	0.0	0.0	0.0	0.0	0.0	0.0	0.0	0.0	0.0	0.0	0.0	0.0	0.0	0.0	0.0	0.0	0.0	0.0	0.0	0.0	0.0	0.0	0.0	0.0	0.0	0.0	0.0	0.0	0.0	0.0	0.0	0.0	0.0	0.0	0.0	0.0	0.0	0.0	0.0	0.0	0.0	0.0	0.0	0.0	0.0	0.0	0.0	0.0	0.0	0.0	0.0	0.0	0.0	0.0	0.0	0.0	0.0	0.0	0.0	0.0	0.0	0.0	0.0	0.0	0.0	0.0	0.0	0.0	0.0	0.0	0.0	0.0	0.0	0.0	0.0	0.0	0.0	0.0	0.0	0.0	0.0	0.0	0.0	0.0	0.0	0.0	0.0	0.0	28.78173424875496	-1.8182657512450326	0.12219212078588623	-0.5457448022475743	21.55259375550363	0.2784599135529635	0.04506361586754754	-1.5532999280084832	-0.00784063230504024
145.0	145.459	2600.0	2586.8156715525083	-0.5304997872442346	-0.22482678659702598	28.21719951968286	-94.43552465058019	32.198172314374474	-53.39090502917299	113.1608561131041	96.0446996875544	27.02232925460338	-53.39090502917301	113.16085611310507	0.0	0.0	0.0	-7.074174478612032	-7.261646488674199	0.37488326114432124	12.875347467468677	0.7358926034441924	-0.4780318839370434	1.261182911039167	0.0	0.0	0.0	0.0	0.0	0.0	0.0	0.0	0.0	0.0	0.0	0.0	0.0	0.0	0.0	0.0	0.0	0.0	0.0	0.0	0.0	0.0	0.0	0.0	0.0	0.0	0.0	0.0	0.0	0.0	0.0	0.0	0.0	0.0	0.0	0.0	0.0	0.0	0.0	0.0	0.0	0.0	0.0	0.0	0.0	0.0	0.0	0.0	28685.241637086932	-1373.9520667839533	-79.28485118582142	28718.236682420345	-28302.07839605485	579.1970867896754	4841.636949053905	28719.062643969148	0.0	0.0	0.0	0.0	0.0	0.0	0.0	0.0	0.0	0.0	0.0	0.0	0.0	0.0	0.0	0.0	0.0	0.0	0.0	0.0	0.0	0.0	0.0	0.0	0.0	0.0	0.0	0.0	28307.34432061423	-2006.945504344509	-4410.327244661629	28719.062643969148	0.0	0.0	0.0	0.0	0.0	0.0	0.0	0.0	0.0	0.0	0.0	0.0	0.0	0.0	0.0	0.0	0.0	0.0	0.0	0.0	0.0	0.0	0.0	0.0	0.0	0.0	0.0	0.0	0.0	0.0	0.0	0.0	0.0	0.0	0.0	0.0	0.0	0.0	0.0	0.0	0.0	0.0	0.0	0.0	0.0	0.0	0.0	0.0	0.0	0.0	0.0	0.0	0.0	0.0	0.0	0.0	0.0	0.0	0.0	0.0	0.0	0.0	0.0	0.0	0.0	0.0	0.0	0.0	0.0	0.0	0.0	0.0	0.0	0.0	0.0	0.0	0.0	0.0	0.0	0.0	0.0	0.0	0.0	0.0	0.0	0.0	0.0	0.0	0.0	0.0	0.0	0.0	0.0	0.0	0.0	0.0	0.0	0.0	0.0	0.0	28.743496041043354	-1.8565039589566406	0.12184578163020977	-0.5474324390658254	21.47641851578668	0.27840703411797835	0.0450456005120744	-1.589810259594961	-0.0077369306182374295
146.0	146.4585	2600.0	2586.706850621276	-0.5225644364794924	-0.24350509408034343	28.225749330891702	-95.87215252876557	42.414419729837384	-63.93465621981937	122.79288618427452	103.34378120270229	17.621450514790926	-63.93465621981938	122.7928861842726	-2.9994573001732584e-15	0.0	-2.9994573001732584e-15	-7.492815475986062	-7.6639964385075485	0.3736162295636787	13.023972051107947	0.7528172978548348	-0.48527635586921486	1.2645623877469514	0.0	0.0	0.0	0.0	0.0	0.0	0.0	0.0	0.0	0.0	0.0	0.0	0.0	0.0	0.0	0.0	0.0	0.0	0.0	0.0	0.0	0.0	0.0	0.0	0.0	0.0	0.0	0.0	0.0	0.0	0.0	0.0	0.0	0.0	0.0	0.0	0.0	0.0	0.0	0.0	0.0	0.0	0.0	0.0	0.0	0.0	0.0	0.0	28652.51803015533	-1368.8894895001922	-79.54935084326978	28685.309410952148	-28287.66227282139	580.5300495002848	4729.796391786539	28686.230597750782	0.0	0.0	0.0	0.0	0.0	0.0	0.0	0.0	0.0	0.0	0.0	0.0	0.0	0.0	0.0	0.0	0.0	0.0	0.0	0.0	0.0	0.0	0.0	0.0	0.0	0.0	0.0	0.0	28291.66020937729	-2003.1106348074397	-4297.596571246762	28686.230597750782	0.0	0.0	0.0	0.0	0.0	0.0	0.0	0.0	0.0	0.0	0.0	0.0	0.0	0.0	0.0	0.0	0.0	0.0	0.0	0.0	0.0	0.0	0.0	0.0	0.0	0.0	0.0	0.0	0.0	0.0	0.0	0.0	0.0	0.0	0.0	0.0	0.0	0.0	0.0	0.0	0.0	0.0	0.0	0.0	0.0	0.0	0.0	0.0	0.0	0.0	0.0	0.0	0.0	0.0	0.0	0.0	0.0	0.0	0.0	0.0	0.0	0.0	0.0	0.0	0.0	0.0	0.0	0.0	0.0	0.0	0.0	0.0	0.0	0.0	0.0	0.0	0.0	0.0	0.0	0.0	0.0	0.0	0.0	0.0	0.0	0.0	0.0	0.0	0.0	0.0	0.0	0.0	0.0	0.0	0.0	0.0	0.0	0.0	0.0	0.0	28.705801308346143	-1.894198691653859	0.12156640857970713	-0.5492618378802454	21.40227808681494	0.2783541418627127	0.045041102056197595	-1.625637801313613	-0.00750445583344282
147.0	147.4581	2600.0	2586.6513480223243	-0.5139385704331773	-0.26183858141275884	28.234367157563884	-95.79152970874931	50.719220267812474	-81.87552884238428	135.83835500968493	108.03479340459126	8.77153820851163	-81.87552884238431	135.8383550096813	0.0	0.0	0.0	-7.909062124766537	-8.063828637281015	0.3725578547806971	13.168422117461766	0.7720350864114436	-0.49270920035524507	1.2689854366785214	0.0	0.0	0.0	0.0	0.0	0.0	0.0	0.0	0.0	0.0	0.0	0.0	0.0	0.0	0.0	0.0	0.0	0.0	0.0	0.0	0.0	0.0	0.0	0.0	0.0	0.0	0.0	0.0	0.0	0.0	0.0	0.0	0.0	0.0	0.0	0.0	0.0	0.0	0.0	0.0	0.0	0.0	0.0	0.0	0.0	0.0	0.0	0.0	28599.841627182064	-1364.1376773831362	-80.07179601163583	28632.46800740846	-28254.903809884785	585.5616840663125	4601.9909933621775	28633.21136189015	0.0	0.0	0.0	0.0	0.0	0.0	0.0	0.0	0.0	0.0	0.0	0.0	0.0	0.0	0.0	0.0	0.0	0.0	0.0	0.0	0.0	0.0	0.0	0.0	0.0	0.0	0.0	0.0	28257.49157695948	-1999.219397288241	-4168.702972657731	28633.21136189015	0.0	0.0	0.0	0.0	0.0	0.0	0.0	0.0	0.0	0.0	0.0	0.0	0.0	0.0	0.0	0.0	0.0	0.0	0.0	0.0	0.0	0.0	0.0	0.0	0.0	0.0	0.0	0.0	0.0	0.0	0.0	0.0	0.0	0.0	0.0	0.0	0.0	0.0	0.0	0.0	0.0	0.0	0.0	0.0	0.0	0.0	0.0	0.0	0.0	0.0	0.0	0.0	0.0	0.0	0.0	0.0	0.0	0.0	0.0	0.0	0.0	0.0	0.0	0.0	0.0	0.0	0.0	0.0	0.0	0.0	0.0	0.0	0.0	0.0	0.0	0.0	0.0	0.0	0.0	0.0	0.0	0.0	0.0	0.0	0.0	0.0	0.0	0.0	0.0	0.0	0.0	0.0	0.0	0.0	0.0	0.0	0.0	0.0	0.0	0.0	28.66871794126783	-1.931282058732165	0.12134264903816662	-0.5514377363425824	21.33035613356272	0.27830130338859616	0.04502591243774624	-1.6605094797665534	-0.00733273271815534
148.0	148.4578	2600.0	2586.8558359632702	-0.5046617994091996	-0.2798094980114893	28.243025012195872	-94.83960356395256	37.03209576658446	-68.33407300383426	122.61921568141969	100.20000233868811	18.052314321397716	-68.33407300383428	122.61921568141351	2.9835418357591276e-15	0.0	2.9835418357591276e-15	-8.32290540031535	-8.461068647377786	0.37162700556138695	13.308997082912686	0.7924270112507853	-0.4998103903433757	1.2734560780645756	0.0	0.0	0.0	0.0	0.0	0.0	0.0	0.0	0.0	0.0	0.0	0.0	0.0	0.0	0.0	0.0	0.0	0.0	0.0	0.0	0.0	0.0	0.0	0.0	0.0	0.0	0.0	0.0	0.0	0.0	0.0	0.0	0.0	0.0	0.0	0.0	0.0	0.0	0.0	0.0	0.0	0.0	0.0	0.0	0.0	0.0	0.0	0.0	28534.04650122942	-1358.6833734877782	-87.35151381067375	28566.509421535553	-28205.174309088892	585.0239050955685	4497.367869952102	28567.47151102629	0.0	0.0	0.0	0.0	0.0	0.0	0.0	0.0	0.0	0.0	0.0	0.0	0.0	0.0	0.0	0.0	0.0	0.0	0.0	0.0	0.0	0.0	0.0	0.0	0.0	0.0	0.0	0.0	28206.499232612958	-1994.6379375162417	-4063.8957998605206	28567.47151102629	0.0	0.0	0.0	0.0	0.0	0.0	0.0	0.0	0.0	0.0	0.0	0.0	0.0	0.0	0.0	0.0	0.0	0.0	0.0	0.0	0.0	0.0	0.0	0.0	0.0	0.0	0.0	0.0	0.0	0.0	0.0	0.0	0.0	0.0	0.0	0.0	0.0	0.0	0.0	0.0	0.0	0.0	0.0	0.0	0.0	0.0	0.0	0.0	0.0	0.0	0.0	0.0	0.0	0.0	0.0	0.0	0.0	0.0	0.0	0.0	0.0	0.0	0.0	0.0	0.0	0.0	0.0	0.0	0.0	0.0	0.0	0.0	0.0	0.0	0.0	0.0	0.0	0.0	0.0	0.0	0.0	0.0	0.0	0.0	0.0	0.0	0.0	0.0	0.0	0.0	0.0	0.0	0.0	0.0	0.0	0.0	0.0	0.0	0.0	0.0	28.632287386656078	-1.967712613343927	0.12114337023135817	-0.5535690765549148	21.260638752949202	0.278248460328904	0.04500789158576299	-1.6947728718683002	-0.00717869951650943
149.0	149.4575	2600.0	2586.8665624226	-0.49476146652421227	-0.2974313833992601	28.251705090266828	-93.28986360587808	36.65650898937747	-73.19679634908289	124.11474247107294	98.97414145798575	15.83722278512141	-73.19679634908292	124.11474247107014	8.29917662097232e-15	0.0	8.29917662097232e-15	-8.734447359746136	-8.855585851741639	0.37056336515981986	13.445578642655056	0.8144930094014706	-0.5067186714649828	1.27843567672198	0.0	0.0	0.0	0.0	0.0	0.0	0.0	0.0	0.0	0.0	0.0	0.0	0.0	0.0	0.0	0.0	0.0	0.0	0.0	0.0	0.0	0.0	0.0	0.0	0.0	0.0	0.0	0.0	0.0	0.0	0.0	0.0	0.0	0.0	0.0	0.0	0.0	0.0	0.0	0.0	0.0	0.0	0.0	0.0	0.0	0.0	0.0	0.0	28464.5314005299	-1353.227229322847	-89.38560168882515	28496.820201063183	-28154.55327706517	590.0913401091434	4367.785187664572	28497.449455457514	0.0	0.0	0.0	0.0	0.0	0.0	0.0	0.0	0.0	0.0	0.0	0.0	0.0	0.0	0.0	0.0	0.0	0.0	0.0	0.0	0.0	0.0	0.0	0.0	0.0	0.0	0.0	0.0	28154.416377861013	-1989.6810182693896	-3933.7810480408716	28497.449455457514	0.0	0.0	0.0	0.0	0.0	0.0	0.0	0.0	0.0	0.0	0.0	0.0	0.0	0.0	0.0	0.0	0.0	0.0	0.0	0.0	0.0	0.0	0.0	0.0	0.0	0.0	0.0	0.0	0.0	0.0	0.0	0.0	0.0	0.0	0.0	0.0	0.0	0.0	0.0	0.0	0.0	0.0	0.0	0.0	0.0	0.0	0.0	0.0	0.0	0.0	0.0	0.0	0.0	0.0	0.0	0.0	0.0	0.0	0.0	0.0	0.0	0.0	0.0	0.0	0.0	0.0	0.0	0.0	0.0	0.0	0.0	0.0	0.0	0.0	0.0	0.0	0.0	0.0	0.0	0.0	0.0	0.0	0.0	0.0	0.0	0.0	0.0	0.0	0.0	0.0	0.0	0.0	0.0	0.0	0.0	0.0	0.0	0.0	0.0	0.0	28.59651793797526	-2.0034820620247342	0.12097012116019412	-0.5558232118102007	21.19303860297903	0.2781956136718798	0.044992710891596864	-1.728253957372676	-0.00699396379246591
150.0	150.4573	2600.0	2586.965071468275	-0.48426136828105737	-0.3146672936622658	28.260377867141422	-94.07759975036606	34.59310662502321	-78.04798098310503	127.03843960116728	98.90333169328731	16.29137135810015	-78.04798098310505	127.03843960116586	0.0	0.0	0.0	-9.14357579715634	-9.247410822271048	0.36948869170768206	13.578159496254054	0.8382980975428913	-0.5133916003232766	1.2840345121082781	0.0	0.0	0.0	0.0	0.0	0.0	0.0	0.0	0.0	0.0	0.0	0.0	0.0	0.0	0.0	0.0	0.0	0.0	0.0	0.0	0.0	0.0	0.0	0.0	0.0	0.0	0.0	0.0	0.0	0.0	0.0	0.0	0.0	0.0	0.0	0.0	0.0	0.0	0.0	0.0	0.0	0.0	0.0	0.0	0.0	0.0	0.0	0.0	28346.500554400962	-1344.73059415661	-87.71463212962608	28378.514547245148	-28055.738628628795	594.0611087170979	4232.425433892492	28379.40809200016	0.0	0.0	0.0	0.0	0.0	0.0	0.0	0.0	0.0	0.0	0.0	0.0	0.0	0.0	0.0	0.0	0.0	0.0	0.0	0.0	0.0	0.0	0.0	0.0	0.0	0.0	0.0	0.0	28054.1152711355	-1981.5158991242931	-3798.8175459796694	28379.40809200016	0.0	0.0	0.0	0.0	0.0	0.0	0.0	0.0	0.0	0.0	0.0	0.0	0.0	0.0	0.0	0.0	0.0	0.0	0.0	0.0	0.0	0.0	0.0	0.0	0.0	0.0	0.0	0.0	0.0	0.0	0.0	0.0	0.0	0.0	0.0	0.0	0.0	0.0	0.0	0.0	0.0	0.0	0.0	0.0	0.0	0.0	0.0	0.0	0.0	0.0	0.0	0.0	0.0	0.0	0.0	0.0	0.0	0.0	0.0	0.0	0.0	0.0	0.0	0.0	0.0	0.0	0.0	0.0	0.0	0.0	0.0	0.0	0.0	0.0	0.0	0.0	0.0	0.0	0.0	0.0	0.0	0.0	0.0	0.0	0.0	0.0	0.0	0.0	0.0	0.0	0.0	0.0	0.0	0.0	0.0	0.0	0.0	0.0	0.0	0.0	28.561469535284697	-2.0385304647153006	0.12080533796266874	-0.558228844972876	21.127562780367686	0.2781427766072959	0.04497740565131992	-1.760864109522389	-0.00678165908303837
151.0	151.4571	2600.0	2587.3705944937606	-0.4732094409635408	-0.3315032312028559	28.269016278704438	-90.56320499215872	47.79673528111744	-101.88566177104792	144.45383372035977	102.39419263967284	1.2850352739478694	-101.88566177104792	144.45383372036233	0.0	0.0	0.0	-9.549888609460666	-9.636602489641822	0.3688501676412071	13.707005553909237	0.8626754410740713	-0.5193593974341134	1.2892094228807471	0.0	0.0	0.0	0.0	0.0	0.0	0.0	0.0	0.0	0.0	0.0	0.0	0.0	0.0	0.0	0.0	0.0	0.0	0.0	0.0	0.0	0.0	0.0	0.0	0.0	0.0	0.0	0.0	0.0	0.0	0.0	0.0	0.0	0.0	0.0	0.0	0.0	0.0	0.0	0.0	0.0	0.0	0.0	0.0	0.0	0.0	0.0	0.0	28203.306720696673	-1336.7740919526805	-89.86210099059936	28235.11200884112	-27930.32131035753	598.1995251053586	4099.021160423877	28235.8400910129	0.0	0.0	0.0	0.0	0.0	0.0	0.0	0.0	0.0	0.0	0.0	0.0	0.0	0.0	0.0	0.0	0.0	0.0	0.0	0.0	0.0	0.0	0.0	0.0	0.0	0.0	0.0	0.0	27927.256892138008	-1972.9023389911	-3665.8756780044955	28235.8400910129	0.0	0.0	0.0	0.0	0.0	0.0	0.0	0.0	0.0	0.0	0.0	0.0	0.0	0.0	0.0	0.0	0.0	0.0	0.0	0.0	0.0	0.0	0.0	0.0	0.0	0.0	0.0	0.0	0.0	0.0	0.0	0.0	0.0	0.0	0.0	0.0	0.0	0.0	0.0	0.0	0.0	0.0	0.0	0.0	0.0	0.0	0.0	0.0	0.0	0.0	0.0	0.0	0.0	0.0	0.0	0.0	0.0	0.0	0.0	0.0	0.0	0.0	0.0	0.0	0.0	0.0	0.0	0.0	0.0	0.0	0.0	0.0	0.0	0.0	0.0	0.0	0.0	0.0	0.0	0.0	0.0	0.0	0.0	0.0	0.0	0.0	0.0	0.0	0.0	0.0	0.0	0.0	0.0	0.0	0.0	0.0	0.0	0.0	0.0	0.0	28.527178833877233	-2.0728211661227642	0.12060922981269667	-0.5603838183827163	21.064355477030137	0.278089898195361	0.044952873745363345	-1.7929652309934658	-0.00665373229202399
152.0	152.457	2600.0	2586.8285606939685	-0.4616219091552417	-0.3479564611965754	28.277606431914947	-94.58329178089843	35.812408469308124	-87.58056589225986	133.78670788419757	100.42376922687617	11.983082189093695	-87.58056589225986	133.78670788419876	0.0	0.0	0.0	-9.95378550646084	-10.022634230918214	0.3676870306706272	13.832104774355152	0.8884904835731919	-0.5247056235553883	1.2947911205150677	0.0	0.0	0.0	0.0	0.0	0.0	0.0	0.0	0.0	0.0	0.0	0.0	0.0	0.0	0.0	0.0	0.0	0.0	0.0	0.0	0.0	0.0	0.0	0.0	0.0	0.0	0.0	0.0	0.0	0.0	0.0	0.0	0.0	0.0	0.0	0.0	0.0	0.0	0.0	0.0	0.0	0.0	0.0	0.0	0.0	0.0	0.0	0.0	28021.452584948485	-1323.939890780019	-91.04188230463258	28052.85922021583	-27766.53620793007	599.542820462579	3957.286133936848	28053.52202711291	0.0	0.0	0.0	0.0	0.0	0.0	0.0	0.0	0.0	0.0	0.0	0.0	0.0	0.0	0.0	0.0	0.0	0.0	0.0	0.0	0.0	0.0	0.0	0.0	0.0	0.0	0.0	0.0	27762.01286905046	-1958.7412746625505	-3526.1979812992704	28053.52202711291	0.0	0.0	0.0	0.0	0.0	0.0	0.0	0.0	0.0	0.0	0.0	0.0	0.0	0.0	0.0	0.0	0.0	0.0	0.0	0.0	0.0	0.0	0.0	0.0	0.0	0.0	0.0	0.0	0.0	0.0	0.0	0.0	0.0	0.0	0.0	0.0	0.0	0.0	0.0	0.0	0.0	0.0	0.0	0.0	0.0	0.0	0.0	0.0	0.0	0.0	0.0	0.0	0.0	0.0	0.0	0.0	0.0	0.0	0.0	0.0	0.0	0.0	0.0	0.0	0.0	0.0	0.0	0.0	0.0	0.0	0.0	0.0	0.0	0.0	0.0	0.0	0.0	0.0	0.0	0.0	0.0	0.0	0.0	0.0	0.0	0.0	0.0	0.0	0.0	0.0	0.0	0.0	0.0	0.0	0.0	0.0	0.0	0.0	0.0	0.0	28.4936490390926	-2.1063509609073994	0.12039817217338801	-0.5625696508339232	21.003211376375113	0.2780370542664846	0.044937765110626804	-1.8242760637102133	-0.00641461368585355
153.0	153.4569	2600.0	2586.9440511755656	-0.44951113166142975	-0.3639954631856152	28.286122669847426	-94.08376745245548	50.00746627521584	-113.6243744880938	155.76585138959422	106.5140750642604	-2.6932869360753102	-113.6243744880938	155.76585138959538	-4.377371928356928e-15	0.0	-4.377371928356928e-15	-10.354786832709532	-10.405808073936763	0.36678262801941497	13.953741556273247	0.9160090632456496	-0.5291277659992691	1.301127735058895	0.0	0.0	0.0	0.0	0.0	0.0	0.0	0.0	0.0	0.0	0.0	0.0	0.0	0.0	0.0	0.0	0.0	0.0	0.0	0.0	0.0	0.0	0.0	0.0	0.0	0.0	0.0	0.0	0.0	0.0	0.0	0.0	0.0	0.0	0.0	0.0	0.0	0.0	0.0	0.0	0.0	0.0	0.0	0.0	0.0	0.0	0.0	0.0	27840.72661546235	-1312.2888394946985	-91.1856209850711	27871.786367089037	-27602.847594833525	601.3602369266943	3820.8335729218716	27872.524081434225	0.0	0.0	0.0	0.0	0.0	0.0	0.0	0.0	0.0	0.0	0.0	0.0	0.0	0.0	0.0	0.0	0.0	0.0	0.0	0.0	0.0	0.0	0.0	0.0	0.0	0.0	0.0	0.0	27596.86548446897	-1946.1634342662062	-3391.616427218894	27872.524081434225	0.0	0.0	0.0	0.0	0.0	0.0	0.0	0.0	0.0	0.0	0.0	0.0	0.0	0.0	0.0	0.0	0.0	0.0	0.0	0.0	0.0	0.0	0.0	0.0	0.0	0.0	0.0	0.0	0.0	0.0	0.0	0.0	0.0	0.0	0.0	0.0	0.0	0.0	0.0	0.0	0.0	0.0	0.0	0.0	0.0	0.0	0.0	0.0	0.0	0.0	0.0	0.0	0.0	0.0	0.0	0.0	0.0	0.0	0.0	0.0	0.0	0.0	0.0	0.0	0.0	0.0	0.0	0.0	0.0	0.0	0.0	0.0	0.0	0.0	0.0	0.0	0.0	0.0	0.0	0.0	0.0	0.0	0.0	0.0	0.0	0.0	0.0	0.0	0.0	0.0	0.0	0.0	0.0	0.0	0.0	0.0	0.0	0.0	0.0	0.0	28.46093334262422	-2.1390666573757815	0.12016293400622023	-0.5648557221388417	20.94430264888701	0.2779842169391171	0.04490188930670786	-1.8546729543095237	-0.0062274835592172105
154.0	154.4568	2600.0	2586.79175969292	-0.4368761125695371	-0.37957654040615985	28.29453786775305	-94.65170594055597	49.78741865943084	-120.03280054973983	160.7656857107279	106.86840073255732	-4.108213613257249	-120.03280054973982	160.76568571072693	0.0	0.0	0.0	-10.75293134432142	-10.785944592336405	0.3659289070972661	14.072691441948184	0.9448395436512622	-0.5317538502890591	1.3079541228923037	0.0	0.0	0.0	0.0	0.0	0.0	0.0	0.0	0.0	0.0	0.0	0.0	0.0	0.0	0.0	0.0	0.0	0.0	0.0	0.0	0.0	0.0	0.0	0.0	0.0	0.0	0.0	0.0	0.0	0.0	0.0	0.0	0.0	0.0	0.0	0.0	0.0	0.0	0.0	0.0	0.0	0.0	0.0	0.0	0.0	0.0	0.0	0.0	27660.03383774575	-1300.4534892303852	-95.60371913274996	27690.752811254584	-27439.41525508424	604.8786511507932	3678.036059783194	27691.4307499745	0.0	0.0	0.0	0.0	0.0	0.0	0.0	0.0	0.0	0.0	0.0	0.0	0.0	0.0	0.0	0.0	0.0	0.0	0.0	0.0	0.0	0.0	0.0	0.0	0.0	0.0	0.0	0.0	27431.927335342316	-1933.4355679824905	-3250.619410757341	27691.4307499745	0.0	0.0	0.0	0.0	0.0	0.0	0.0	0.0	0.0	0.0	0.0	0.0	0.0	0.0	0.0	0.0	0.0	0.0	0.0	0.0	0.0	0.0	0.0	0.0	0.0	0.0	0.0	0.0	0.0	0.0	0.0	0.0	0.0	0.0	0.0	0.0	0.0	0.0	0.0	0.0	0.0	0.0	0.0	0.0	0.0	0.0	0.0	0.0	0.0	0.0	0.0	0.0	0.0	0.0	0.0	0.0	0.0	0.0	0.0	0.0	0.0	0.0	0.0	0.0	0.0	0.0	0.0	0.0	0.0	0.0	0.0	0.0	0.0	0.0	0.0	0.0	0.0	0.0	0.0	0.0	0.0	0.0	0.0	0.0	0.0	0.0	0.0	0.0	0.0	0.0	0.0	0.0	0.0	0.0	0.0	0.0	0.0	0.0	0.0	0.0	28.42909662404759	-2.1709033759524066	0.11990192387027901	-0.5670308327026905	20.88761631445083	0.27793138319546856	0.04486791061851205	-1.8843021232692414	-0.006042261431196121
155.0	155.4569	2600.0	2586.5801811629512	-0.4236409878406237	-0.39469459875667257	28.302843900209865	-95.11713187795974	54.97032136264533	-131.84633467969678	171.6171931243262	109.35666018377742	-10.494087899929585	-131.84633467969675	171.61719312432598	1.0106842945524403e-15	0.0	1.0106842945524403e-15	-11.148384279259082	-11.163044278254546	0.3651335310323078	14.192343045781628	0.9779219141703326	-0.5294982274093089	1.3184819296907695	0.0	0.0	0.0	0.0	0.0	0.0	0.0	0.0	0.0	0.0	0.0	0.0	0.0	0.0	0.0	0.0	0.0	0.0	0.0	0.0	0.0	0.0	0.0	0.0	0.0	0.0	0.0	0.0	0.0	0.0	0.0	0.0	0.0	0.0	0.0	0.0	0.0	0.0	0.0	0.0	0.0	0.0	0.0	0.0	0.0	0.0	0.0	0.0	27499.922047486016	-1287.7773397494839	-96.86174703365337	27530.228209962563	-27295.515378825497	606.8115990867012	3541.076310570482	27530.93898779643	0.0	0.0	0.0	0.0	0.0	0.0	0.0	0.0	0.0	0.0	0.0	0.0	0.0	0.0	0.0	0.0	0.0	0.0	0.0	0.0	0.0	0.0	0.0	0.0	0.0	0.0	0.0	0.0	27286.452711780104	-1922.2488711818703	-3115.615386211461	27530.93898779643	0.0	0.0	0.0	0.0	0.0	0.0	0.0	0.0	0.0	0.0	0.0	0.0	0.0	0.0	0.0	0.0	0.0	0.0	0.0	0.0	0.0	0.0	0.0	0.0	0.0	0.0	0.0	0.0	0.0	0.0	0.0	0.0	0.0	0.0	0.0	0.0	0.0	0.0	0.0	0.0	0.0	0.0	0.0	0.0	0.0	0.0	0.0	0.0	0.0	0.0	0.0	0.0	0.0	0.0	0.0	0.0	0.0	0.0	0.0	0.0	0.0	0.0	0.0	0.0	0.0	0.0	0.0	0.0	0.0	0.0	0.0	0.0	0.0	0.0	0.0	0.0	0.0	0.0	0.0	0.0	0.0	0.0	0.0	0.0	0.0	0.0	0.0	0.0	0.0	0.0	0.0	0.0	0.0	0.0	0.0	0.0	0.0	0.0	0.0	0.0	28.398162606949565	-2.201837393050433	0.11967823516377218	-0.5697357835213799	20.833219541066423	0.2778785493903697	0.044839736861615416	-1.9125057097211393	-0.0058436937629813114
156.0	156.4571	2600.0	2586.637687480044	-0.40973493844083275	-0.40931394878770466	28.311022500914728	-96.52669065967348	47.67477358385804	-122.1468047611835	162.81931076916854	107.53493294954207	-5.150169076630846	-122.1468047611835	162.81931076916845	2.359014151442017e-15	0.0	2.359014151442017e-15	-11.541369215860783	-11.537150091969863	0.36458022203517815	14.319043234765278	1.0183201388474692	-0.5162856025057533	1.336392115445638	0.0	0.0	0.0	0.0	0.0	0.0	0.0	0.0	0.0	0.0	0.0	0.0	0.0	0.0	0.0	0.0	0.0	0.0	0.0	0.0	0.0	0.0	0.0	0.0	0.0	0.0	0.0	0.0	0.0	0.0	0.0	0.0	0.0	0.0	0.0	0.0	0.0	0.0	0.0	0.0	0.0	0.0	0.0	0.0	0.0	0.0	0.0	0.0	27337.503215152396	-1271.8187010386173	-99.59869791174961	27367.252780419974	-27147.116687340233	602.1706371052932	3417.172059375807	27367.96701977766	0.0	0.0	0.0	0.0	0.0	0.0	0.0	0.0	0.0	0.0	0.0	0.0	0.0	0.0	0.0	0.0	0.0	0.0	0.0	0.0	0.0	0.0	0.0	0.0	0.0	0.0	0.0	0.0	27136.420674062825	-1910.9652121483816	-2994.7460249396663	27367.96701977766	0.0	0.0	0.0	0.0	0.0	0.0	0.0	0.0	0.0	0.0	0.0	0.0	0.0	0.0	0.0	0.0	0.0	0.0	0.0	0.0	0.0	0.0	0.0	0.0	0.0	0.0	0.0	0.0	0.0	0.0	0.0	0.0	0.0	0.0	0.0	0.0	0.0	0.0	0.0	0.0	0.0	0.0	0.0	0.0	0.0	0.0	0.0	0.0	0.0	0.0	0.0	0.0	0.0	0.0	0.0	0.0	0.0	0.0	0.0	0.0	0.0	0.0	0.0	0.0	0.0	0.0	0.0	0.0	0.0	0.0	0.0	0.0	0.0	0.0	0.0	0.0	0.0	0.0	0.0	0.0	0.0	0.0	0.0	0.0	0.0	0.0	0.0	0.0	0.0	0.0	0.0	0.0	0.0	0.0	0.0	0.0	0.0	0.0	0.0	0.0	28.368186462964722	-2.231813537035275	0.1195152905144432	-0.5734311513712684	20.781333203794926	0.27782571480617607	0.04480304223812263	-1.9387739701931566	-0.0056404725887169984
157.0	157.4574	2600.0	2586.3446747009884	-0.39529249645001224	-0.42343607562940494	28.319041002905163	-97.37782908211376	42.195095987251996	-118.67590188692071	159.20690126622276	106.113995724505	-1.6394003470195455	-118.67590188692071	159.20690126622057	2.0231785235687906e-14	0.0	2.0231785235687906e-14	-11.93150167763542	-11.908222092709199	0.36429222357282626	14.446508519548566	1.0612312129980246	-0.497731353494142	1.356233857183361	0.0	0.0	0.0	0.0	0.0	0.0	0.0	0.0	0.0	0.0	0.0	0.0	0.0	0.0	0.0	0.0	0.0	0.0	0.0	0.0	0.0	0.0	0.0	0.0	0.0	0.0	0.0	0.0	0.0	0.0	0.0	0.0	0.0	0.0	0.0	0.0	0.0	0.0	0.0	0.0	0.0	0.0	0.0	0.0	0.0	0.0	0.0	0.0	27160.758825745786	-1254.0106697307476	-96.31662836228966	27189.86281030166	-26989.5824325663	608.8221478760406	3241.8550039860065	27190.399926424492	0.0	0.0	0.0	0.0	0.0	0.0	0.0	0.0	0.0	0.0	0.0	0.0	0.0	0.0	0.0	0.0	0.0	0.0	0.0	0.0	0.0	0.0	0.0	0.0	0.0	0.0	0.0	0.0	26976.9378740154	-1898.1009520062769	-2821.3266164007814	27190.399926424492	0.0	0.0	0.0	0.0	0.0	0.0	0.0	0.0	0.0	0.0	0.0	0.0	0.0	0.0	0.0	0.0	0.0	0.0	0.0	0.0	0.0	0.0	0.0	0.0	0.0	0.0	0.0	0.0	0.0	0.0	0.0	0.0	0.0	0.0	0.0	0.0	0.0	0.0	0.0	0.0	0.0	0.0	0.0	0.0	0.0	0.0	0.0	0.0	0.0	0.0	0.0	0.0	0.0	0.0	0.0	0.0	0.0	0.0	0.0	0.0	0.0	0.0	0.0	0.0	0.0	0.0	0.0	0.0	0.0	0.0	0.0	0.0	0.0	0.0	0.0	0.0	0.0	0.0	0.0	0.0	0.0	0.0	0.0	0.0	0.0	0.0	0.0	0.0	0.0	0.0	0.0	0.0	0.0	0.0	0.0	0.0	0.0	0.0	0.0	0.0	28.33918687045145	-2.260813129548552	0.11936060219090085	-0.5771842784854634	20.731782918515023	0.27777284560694837	0.044763330053291396	-1.9640109202655411	-0.005463536844805901
158.0	158.4577	2600.0	2586.1642638315293	-0.3804347685416001	-0.43704835816719434	28.326867062871024	-100.90055598837354	47.24046134314995	-119.53694053828049	163.40643665391204	111.19845740745583	-6.891041784743722	-119.53694053828049	163.40643665391298	-1.6298128778777437e-15	0.0	-1.6298128778777437e-15	-12.318577242403077	-12.2758202232911	0.3636312836619339	14.568218001638558	1.1030934265676218	-0.4799080107197168	1.3738546750474407	0.0	0.0	0.0	0.0	0.0	0.0	0.0	0.0	0.0	0.0	0.0	0.0	0.0	0.0	0.0	0.0	0.0	0.0	0.0	0.0	0.0	0.0	0.0	0.0	0.0	0.0	0.0	0.0	0.0	0.0	0.0	0.0	0.0	0.0	0.0	0.0	0.0	0.0	0.0	0.0	0.0	0.0	0.0	0.0	0.0	0.0	0.0	0.0	26982.996434663266	-1237.349448380595	-87.070840600741	27011.49221316255	-26827.325202873417	611.0084179796645	3093.9885638076416	27012.061640321754	0.0	0.0	0.0	0.0	0.0	0.0	0.0	0.0	0.0	0.0	0.0	0.0	0.0	0.0	0.0	0.0	0.0	0.0	0.0	0.0	0.0	0.0	0.0	0.0	0.0	0.0	0.0	0.0	26812.931114007722	-1885.9497496561644	-2676.07785346206	27012.061640321754	0.0	0.0	0.0	0.0	0.0	0.0	0.0	0.0	0.0	0.0	0.0	0.0	0.0	0.0	0.0	0.0	0.0	0.0	0.0	0.0	0.0	0.0	0.0	0.0	0.0	0.0	0.0	0.0	0.0	0.0	0.0	0.0	0.0	0.0	0.0	0.0	0.0	0.0	0.0	0.0	0.0	0.0	0.0	0.0	0.0	0.0	0.0	0.0	0.0	0.0	0.0	0.0	0.0	0.0	0.0	0.0	0.0	0.0	0.0	0.0	0.0	0.0	0.0	0.0	0.0	0.0	0.0	0.0	0.0	0.0	0.0	0.0	0.0	0.0	0.0	0.0	0.0	0.0	0.0	0.0	0.0	0.0	0.0	0.0	0.0	0.0	0.0	0.0	0.0	0.0	0.0	0.0	0.0	0.0	0.0	0.0	0.0	0.0	0.0	0.0	28.31119600763673	-2.288803992363274	0.1191683389707341	-0.5804265666126226	20.684275464931343	0.27772000707521033	0.044733409651090336	-1.988746333663938	-0.005212770064826779
159.0	159.4579	2600.0	2585.9784392214797	-0.36513485452460964	-0.4501154615218817	28.33447963703178	-101.512404557674	45.82529190958666	-122.0429597640658	165.22472480126294	111.13758359154237	-7.291307915089419	-122.04295976406578	165.22472480126294	1.0405899289026026e-15	0.0	1.0405899289026026e-15	-12.70193619582908	-12.640058828673002	0.3633261250837433	14.68386759008147	1.1449023056056318	-0.46320133713714984	1.3902543855668525	0.0	0.0	0.0	0.0	0.0	0.0	0.0	0.0	0.0	0.0	0.0	0.0	0.0	0.0	0.0	0.0	0.0	0.0	0.0	0.0	0.0	0.0	0.0	0.0	0.0	0.0	0.0	0.0	0.0	0.0	0.0	0.0	0.0	0.0	0.0	0.0	0.0	0.0	0.0	0.0	0.0	0.0	0.0	0.0	0.0	0.0	0.0	0.0	26911.580303372222	-1226.3031853168393	-90.53810184010311	26939.657961359764	-26768.311402574363	611.6791601835788	2976.5003831064564	26940.233875577782	0.0	0.0	0.0	0.0	0.0	0.0	0.0	0.0	0.0	0.0	0.0	0.0	0.0	0.0	0.0	0.0	0.0	0.0	0.0	0.0	0.0	0.0	0.0	0.0	0.0	0.0	0.0	0.0	26752.276800529122	-1880.932145298791	-2560.0745152205295	26940.233875577782	0.0	0.0	0.0	0.0	0.0	0.0	0.0	0.0	0.0	0.0	0.0	0.0	0.0	0.0	0.0	0.0	0.0	0.0	0.0	0.0	0.0	0.0	0.0	0.0	0.0	0.0	0.0	0.0	0.0	0.0	0.0	0.0	0.0	0.0	0.0	0.0	0.0	0.0	0.0	0.0	0.0	0.0	0.0	0.0	0.0	0.0	0.0	0.0	0.0	0.0	0.0	0.0	0.0	0.0	0.0	0.0	0.0	0.0	0.0	0.0	0.0	0.0	0.0	0.0	0.0	0.0	0.0	0.0	0.0	0.0	0.0	0.0	0.0	0.0	0.0	0.0	0.0	0.0	0.0	0.0	0.0	0.0	0.0	0.0	0.0	0.0	0.0	0.0	0.0	0.0	0.0	0.0	0.0	0.0	0.0	0.0	0.0	0.0	0.0	0.0	28.284267269013238	-2.3157327309867592	0.11897843620059226	-0.5835150907279373	20.63900773996689	0.27766717555520526	0.04468716373278593	-2.0125698592699184	-0.005032157140395089
160.0	160.4582	2600.0	2585.894989061512	-0.3493383047065346	-0.4626163953782863	28.341863756831305	-101.92684268332232	33.65374581138895	-108.1737525488467	152.3916553064092	107.31261676413487	2.3786865623660565	-108.17375254884669	152.39165530640838	0.0	0.0	0.0	-13.081689571582508	-13.000726620194406	0.3630116303798582	14.793420916125196	1.1874284544045222	-0.4476957166374334	1.4062095014943394	0.0	0.0	0.0	0.0	0.0	0.0	0.0	0.0	0.0	0.0	0.0	0.0	0.0	0.0	0.0	0.0	0.0	0.0	0.0	0.0	0.0	0.0	0.0	0.0	0.0	0.0	0.0	0.0	0.0	0.0	0.0	0.0	0.0	0.0	0.0	0.0	0.0	0.0	0.0	0.0	0.0	0.0	0.0	0.0	0.0	0.0	0.0	0.0	26909.071684729464	-1218.7636030446338	-96.33896956673182	26936.829896093423	-26776.66408597226	612.5065546860657	2874.0138625310137	26937.42488684749	0.0	0.0	0.0	0.0	0.0	0.0	0.0	0.0	0.0	0.0	0.0	0.0	0.0	0.0	0.0	0.0	0.0	0.0	0.0	0.0	0.0	0.0	0.0	0.0	0.0	0.0	0.0	0.0	26758.996299446542	-1880.7973806131197	-2458.368929561887	26937.42488684749	0.0	0.0	0.0	0.0	0.0	0.0	0.0	0.0	0.0	0.0	0.0	0.0	0.0	0.0	0.0	0.0	0.0	0.0	0.0	0.0	0.0	0.0	0.0	0.0	0.0	0.0	0.0	0.0	0.0	0.0	0.0	0.0	0.0	0.0	0.0	0.0	0.0	0.0	0.0	0.0	0.0	0.0	0.0	0.0	0.0	0.0	0.0	0.0	0.0	0.0	0.0	0.0	0.0	0.0	0.0	0.0	0.0	0.0	0.0	0.0	0.0	0.0	0.0	0.0	0.0	0.0	0.0	0.0	0.0	0.0	0.0	0.0	0.0	0.0	0.0	0.0	0.0	0.0	0.0	0.0	0.0	0.0	0.0	0.0	0.0	0.0	0.0	0.0	0.0	0.0	0.0	0.0	0.0	0.0	0.0	0.0	0.0	0.0	0.0	0.0	28.258438519208607	-2.341561480791395	0.1188362535927473	-0.5866796834017499	20.59587598850124	0.2776143395321008	0.04464337216858019	-2.0352171363146394	-0.00485560592790207
161.0	161.4585	2600.0	2585.7903354680716	-0.33307688131619045	-0.4745184341880004	28.34899232420959	-102.44551418418632	49.908269021896544	-151.18578727325377	189.32263722718915	112.9983358216723	-14.740922452670926	-151.18578727325377	189.32263722718588	0.0	0.0	0.0	-13.457899080331762	-13.357862574906678	0.3625936848710412	14.896487283678447	1.2297232005711711	-0.43367005928339597	1.420841102398562	0.0	0.0	0.0	0.0	0.0	0.0	0.0	0.0	0.0	0.0	0.0	0.0	0.0	0.0	0.0	0.0	0.0	0.0	0.0	0.0	0.0	0.0	0.0	0.0	0.0	0.0	0.0	0.0	0.0	0.0	0.0	0.0	0.0	0.0	0.0	0.0	0.0	0.0	0.0	0.0	0.0	0.0	0.0	0.0	0.0	0.0	0.0	0.0	26919.135843234606	-1212.3779439730042	-95.95334541086021	26946.594253635198	-26799.0232457796	619.7212594087365	2752.5125140336722	26947.13392008713	0.0	0.0	0.0	0.0	0.0	0.0	0.0	0.0	0.0	0.0	0.0	0.0	0.0	0.0	0.0	0.0	0.0	0.0	0.0	0.0	0.0	0.0	0.0	0.0	0.0	0.0	0.0	0.0	26779.605116461134	-1881.4797646213171	-2336.8376513655016	26947.13392008713	0.0	0.0	0.0	0.0	0.0	0.0	0.0	0.0	0.0	0.0	0.0	0.0	0.0	0.0	0.0	0.0	0.0	0.0	0.0	0.0	0.0	0.0	0.0	0.0	0.0	0.0	0.0	0.0	0.0	0.0	0.0	0.0	0.0	0.0	0.0	0.0	0.0	0.0	0.0	0.0	0.0	0.0	0.0	0.0	0.0	0.0	0.0	0.0	0.0	0.0	0.0	0.0	0.0	0.0	0.0	0.0	0.0	0.0	0.0	0.0	0.0	0.0	0.0	0.0	0.0	0.0	0.0	0.0	0.0	0.0	0.0	0.0	0.0	0.0	0.0	0.0	0.0	0.0	0.0	0.0	0.0	0.0	0.0	0.0	0.0	0.0	0.0	0.0	0.0	0.0	0.0	0.0	0.0	0.0	0.0	0.0	0.0	0.0	0.0	0.0	28.233759854046216	-2.3662401459537845	0.1187275084013573	-0.5896346451023688	20.55478542127412	0.27756150479018604	0.04460873065077452	-2.0569224416604883	-0.004641936570060459
162.0	162.4588	2600.0	2585.6167650049238	-0.316403279776077	-0.48583369941241666	28.35584954095169	-103.87813400580487	57.59101260826719	-174.8828203869443	211.4033876839862	116.40531101329906	-23.604978832237975	-174.8828203869443	211.40338768398558	0.0	0.0	0.0	-13.830329760622796	-13.711390351972048	0.36219365245679896	14.99321120178155	1.271657658621844	-0.42095926982904824	1.4340919502511988	0.0	0.0	0.0	0.0	0.0	0.0	0.0	0.0	0.0	0.0	0.0	0.0	0.0	0.0	0.0	0.0	0.0	0.0	0.0	0.0	0.0	0.0	0.0	0.0	0.0	0.0	0.0	0.0	0.0	0.0	0.0	0.0	0.0	0.0	0.0	0.0	0.0	0.0	0.0	0.0	0.0	0.0	0.0	0.0	0.0	0.0	0.0	0.0	26925.442439159306	-1206.2544930664887	-95.83679802757877	26952.61926303972	-26817.396412487262	628.4899053573677	2627.602408523928	26953.145351199764	0.0	0.0	0.0	0.0	0.0	0.0	0.0	0.0	0.0	0.0	0.0	0.0	0.0	0.0	0.0	0.0	0.0	0.0	0.0	0.0	0.0	0.0	0.0	0.0	0.0	0.0	0.0	0.0	26796.23836203057	-1881.8593392705507	-2211.8452466984922	26953.145351199764	0.0	0.0	0.0	0.0	0.0	0.0	0.0	0.0	0.0	0.0	0.0	0.0	0.0	0.0	0.0	0.0	0.0	0.0	0.0	0.0	0.0	0.0	0.0	0.0	0.0	0.0	0.0	0.0	0.0	0.0	0.0	0.0	0.0	0.0	0.0	0.0	0.0	0.0	0.0	0.0	0.0	0.0	0.0	0.0	0.0	0.0	0.0	0.0	0.0	0.0	0.0	0.0	0.0	0.0	0.0	0.0	0.0	0.0	0.0	0.0	0.0	0.0	0.0	0.0	0.0	0.0	0.0	0.0	0.0	0.0	0.0	0.0	0.0	0.0	0.0	0.0	0.0	0.0	0.0	0.0	0.0	0.0	0.0	0.0	0.0	0.0	0.0	0.0	0.0	0.0	0.0	0.0	0.0	0.0	0.0	0.0	0.0	0.0	0.0	0.0	28.210234613472668	-2.389765386527334	0.11863350170706245	-0.5923345201624777	20.515793455048094	0.2775086699176704	0.04457141185995002	-2.077726910975584	-0.00442344798460704
163.0	163.459	2600.0	2585.8433797487237	-0.2993097703762994	-0.4965384776660387	28.362416015483284	-102.25793645332668	61.455711673039325	-181.77129336644992	217.42652358220778	115.5226496312953	-29.799454476502433	-181.77129336644987	217.4265235822073	0.0	0.0	0.0	-14.19872486118156	-14.061361282936527	0.36210826103423	15.08390389643559	1.3139599750144448	-0.4092945488750589	1.4467626189818625	0.0	0.0	0.0	0.0	0.0	0.0	0.0	0.0	0.0	0.0	0.0	0.0	0.0	0.0	0.0	0.0	0.0	0.0	0.0	0.0	0.0	0.0	0.0	0.0	0.0	0.0	0.0	0.0	0.0	0.0	0.0	0.0	0.0	0.0	0.0	0.0	0.0	0.0	0.0	0.0	0.0	0.0	0.0	0.0	0.0	0.0	0.0	0.0	26929.431289767697	-1201.6954387500598	-95.70746582842658	26956.400008844786	-26832.421920671	637.5161358675005	2508.1491488249458	26956.93055793164	0.0	0.0	0.0	0.0	0.0	0.0	0.0	0.0	0.0	0.0	0.0	0.0	0.0	0.0	0.0	0.0	0.0	0.0	0.0	0.0	0.0	0.0	0.0	0.0	0.0	0.0	0.0	0.0	26809.550133541325	-1883.373304286227	-2092.135688473564	26956.93055793164	0.0	0.0	0.0	0.0	0.0	0.0	0.0	0.0	0.0	0.0	0.0	0.0	0.0	0.0	0.0	0.0	0.0	0.0	0.0	0.0	0.0	0.0	0.0	0.0	0.0	0.0	0.0	0.0	0.0	0.0	0.0	0.0	0.0	0.0	0.0	0.0	0.0	0.0	0.0	0.0	0.0	0.0	0.0	0.0	0.0	0.0	0.0	0.0	0.0	0.0	0.0	0.0	0.0	0.0	0.0	0.0	0.0	0.0	0.0	0.0	0.0	0.0	0.0	0.0	0.0	0.0	0.0	0.0	0.0	0.0	0.0	0.0	0.0	0.0	0.0	0.0	0.0	0.0	0.0	0.0	0.0	0.0	0.0	0.0	0.0	0.0	0.0	0.0	0.0	0.0	0.0	0.0	0.0	0.0	0.0	0.0	0.0	0.0	0.0	0.0	28.187901766276994	-2.41209823372301	0.11856636477790876	-0.5949971774208912	20.47897216146313	0.27745580868996117	0.04453324924700077	-2.0973749227439473	-0.004269026584884231
164.0	164.4592	2600.0	2585.622041672914	-0.28185652290430463	-0.5066398727303847	28.368675742448033	-104.0151809670424	53.72052215498844	-187.22057176660863	220.8089555811246	114.60541238087535	-23.88831984925491	-187.2205717666086	220.8089555811237	0.0	0.0	0.0	-14.563199833967744	-14.407218220905275	0.36146611715652877	15.166724377591898	1.3554781863192336	-0.40041372281058496	1.4576196734315883	0.0	0.0	0.0	0.0	0.0	0.0	0.0	0.0	0.0	0.0	0.0	0.0	0.0	0.0	0.0	0.0	0.0	0.0	0.0	0.0	0.0	0.0	0.0	0.0	0.0	0.0	0.0	0.0	0.0	0.0	0.0	0.0	0.0	0.0	0.0	0.0	0.0	0.0	0.0	0.0	0.0	0.0	0.0	0.0	0.0	0.0	0.0	0.0	26933.01882571337	-1196.1820148587808	-103.84092935793554	26959.76886802838	-26846.60561361542	646.0438362224442	2386.615293149889	26960.221404299064	0.0	0.0	0.0	0.0	0.0	0.0	0.0	0.0	0.0	0.0	0.0	0.0	0.0	0.0	0.0	0.0	0.0	0.0	0.0	0.0	0.0	0.0	0.0	0.0	0.0	0.0	0.0	0.0	26822.07147025408	-1882.8268030853753	-1971.0361343695809	26960.221404299064	0.0	0.0	0.0	0.0	0.0	0.0	0.0	0.0	0.0	0.0	0.0	0.0	0.0	0.0	0.0	0.0	0.0	0.0	0.0	0.0	0.0	0.0	0.0	0.0	0.0	0.0	0.0	0.0	0.0	0.0	0.0	0.0	0.0	0.0	0.0	0.0	0.0	0.0	0.0	0.0	0.0	0.0	0.0	0.0	0.0	0.0	0.0	0.0	0.0	0.0	0.0	0.0	0.0	0.0	0.0	0.0	0.0	0.0	0.0	0.0	0.0	0.0	0.0	0.0	0.0	0.0	0.0	0.0	0.0	0.0	0.0	0.0	0.0	0.0	0.0	0.0	0.0	0.0	0.0	0.0	0.0	0.0	0.0	0.0	0.0	0.0	0.0	0.0	0.0	0.0	0.0	0.0	0.0	0.0	0.0	0.0	0.0	0.0	0.0	0.0	28.16676834951922	-2.4332316504807814	0.11851996450701192	-0.5973624640029032	20.444105683830934	0.277402952376414	0.044509226896868447	-2.116118267141379	-0.00401541491355553
165.0	165.4594	2600.0	2585.5661883905564	-0.2641230789422601	-0.5161102283012705	28.37460302155466	-104.28579407006326	61.74214410034255	-199.53486829024857	233.456169047935	116.44689587540415	-33.58183502898464	-199.53486829024854	233.45616904793508	0.0	0.0	0.0	-14.922992594455867	-14.749208431604542	0.36103023724926847	15.239251943817617	1.3934720300842474	-0.39655264774131427	1.4639174175284262	0.0	0.0	0.0	0.0	0.0	0.0	0.0	0.0	0.0	0.0	0.0	0.0	0.0	0.0	0.0	0.0	0.0	0.0	0.0	0.0	0.0	0.0	0.0	0.0	0.0	0.0	0.0	0.0	0.0	0.0	0.0	0.0	0.0	0.0	0.0	0.0	0.0	0.0	0.0	0.0	0.0	0.0	0.0	0.0	0.0	0.0	0.0	0.0	26936.21036860628	-1192.7628774407915	-114.83241315440023	26962.85034611	-26858.756536375196	653.0559067592742	2280.966801237416	26963.34723742544	0.0	0.0	0.0	0.0	0.0	0.0	0.0	0.0	0.0	0.0	0.0	0.0	0.0	0.0	0.0	0.0	0.0	0.0	0.0	0.0	0.0	0.0	0.0	0.0	0.0	0.0	0.0	0.0	26832.7500546735	-1882.6034345164267	-1865.8571911441659	26963.34723742544	0.0	0.0	0.0	0.0	0.0	0.0	0.0	0.0	0.0	0.0	0.0	0.0	0.0	0.0	0.0	0.0	0.0	0.0	0.0	0.0	0.0	0.0	0.0	0.0	0.0	0.0	0.0	0.0	0.0	0.0	0.0	0.0	0.0	0.0	0.0	0.0	0.0	0.0	0.0	0.0	0.0	0.0	0.0	0.0	0.0	0.0	0.0	0.0	0.0	0.0	0.0	0.0	0.0	0.0	0.0	0.0	0.0	0.0	0.0	0.0	0.0	0.0	0.0	0.0	0.0	0.0	0.0	0.0	0.0	0.0	0.0	0.0	0.0	0.0	0.0	0.0	0.0	0.0	0.0	0.0	0.0	0.0	0.0	0.0	0.0	0.0	0.0	0.0	0.0	0.0	0.0	0.0	0.0	0.0	0.0	0.0	0.0	0.0	0.0	0.0	28.14687673816721	-2.4531232618327876	0.11848328736756515	-0.5987062124919247	20.411286735143516	0.2773501151880749	0.04447352314711211	-2.13463122166538	-0.00384718088829845
166.0	166.4595	2600.0	2585.707174553759	-0.2460649372576489	-0.5249551167408516	28.38019179888391	-103.64411594211926	54.38232724804765	-204.35605891306653	235.50146305451673	113.49598346964561	-28.60423085130969	-204.35605891306648	235.50146305451642	0.0	0.0	0.0	-15.27866658191519	-15.087217376963691	0.36039575153022335	15.305769643741266	1.430656432428735	-0.39364254537860405	1.4686853320244404	0.0	0.0	0.0	0.0	0.0	0.0	0.0	0.0	0.0	0.0	0.0	0.0	0.0	0.0	0.0	0.0	0.0	0.0	0.0	0.0	0.0	0.0	0.0	0.0	0.0	0.0	0.0	0.0	0.0	0.0	0.0	0.0	0.0	0.0	0.0	0.0	0.0	0.0	0.0	0.0	0.0	0.0	0.0	0.0	0.0	0.0	0.0	0.0	26937.132965487293	-1190.6411400087025	-121.09746154374847	26963.705667430353	-26869.13889101267	664.7861663794963	2162.429067430119	26964.210814767157	0.0	0.0	0.0	0.0	0.0	0.0	0.0	0.0	0.0	0.0	0.0	0.0	0.0	0.0	0.0	0.0	0.0	0.0	0.0	0.0	0.0	0.0	0.0	0.0	0.0	0.0	0.0	0.0	26841.596793054785	-1882.652381614963	-1747.2740117900407	26964.210814767157	0.0	0.0	0.0	0.0	0.0	0.0	0.0	0.0	0.0	0.0	0.0	0.0	0.0	0.0	0.0	0.0	0.0	0.0	0.0	0.0	0.0	0.0	0.0	0.0	0.0	0.0	0.0	0.0	0.0	0.0	0.0	0.0	0.0	0.0	0.0	0.0	0.0	0.0	0.0	0.0	0.0	0.0	0.0	0.0	0.0	0.0	0.0	0.0	0.0	0.0	0.0	0.0	0.0	0.0	0.0	0.0	0.0	0.0	0.0	0.0	0.0	0.0	0.0	0.0	0.0	0.0	0.0	0.0	0.0	0.0	0.0	0.0	0.0	0.0	0.0	0.0	0.0	0.0	0.0	0.0	0.0	0.0	0.0	0.0	0.0	0.0	0.0	0.0	0.0	0.0	0.0	0.0	0.0	0.0	0.0	0.0	0.0	0.0	0.0	0.0	28.128233289565706	-2.4717667104342875	0.11847519849754463	-0.599640519355959	20.3805139936523	0.27729728155543676	0.04444284216217673	-2.152302411973856	-0.00364778464043504
167.0	167.4596	2600.0	2585.4255051087707	-0.22769032935013445	-0.5331554416186428	28.38542522636175	-105.35331415443576	53.10681763095636	-211.3308383636611	242.03383673713628	114.37089850122537	-28.964676042276547	-211.33083836366106	242.03383673713776	0.0	0.0	0.0	-15.630075716207566	-15.421276906047966	0.3598042247791892	15.367429866215604	1.4681129570548956	-0.39059045510412493	1.4731244364514091	0.0	0.0	0.0	0.0	0.0	0.0	0.0	0.0	0.0	0.0	0.0	0.0	0.0	0.0	0.0	0.0	0.0	0.0	0.0	0.0	0.0	0.0	0.0	0.0	0.0	0.0	0.0	0.0	0.0	0.0	0.0	0.0	0.0	0.0	0.0	0.0	0.0	0.0	0.0	0.0	0.0	0.0	0.0	0.0	0.0	0.0	0.0	0.0	26939.812589801124	-1189.3132603982503	-125.84798921122307	26966.34580586245	-26880.77626225921	677.9673375329953	2042.6284349732523	26966.796307603196	0.0	0.0	0.0	0.0	0.0	0.0	0.0	0.0	0.0	0.0	0.0	0.0	0.0	0.0	0.0	0.0	0.0	0.0	0.0	0.0	0.0	0.0	0.0	0.0	0.0	0.0	0.0	0.0	26851.679629227987	-1883.511208108581	-1627.2030340413066	26966.796307603196	0.0	0.0	0.0	0.0	0.0	0.0	0.0	0.0	0.0	0.0	0.0	0.0	0.0	0.0	0.0	0.0	0.0	0.0	0.0	0.0	0.0	0.0	0.0	0.0	0.0	0.0	0.0	0.0	0.0	0.0	0.0	0.0	0.0	0.0	0.0	0.0	0.0	0.0	0.0	0.0	0.0	0.0	0.0	0.0	0.0	0.0	0.0	0.0	0.0	0.0	0.0	0.0	0.0	0.0	0.0	0.0	0.0	0.0	0.0	0.0	0.0	0.0	0.0	0.0	0.0	0.0	0.0	0.0	0.0	0.0	0.0	0.0	0.0	0.0	0.0	0.0	0.0	0.0	0.0	0.0	0.0	0.0	0.0	0.0	0.0	0.0	0.0	0.0	0.0	0.0	0.0	0.0	0.0	0.0	0.0	0.0	0.0	0.0	0.0	0.0	28.110869373753015	-2.4891306262469866	0.11848340029163268	-0.6004608687602517	20.351880303321696	0.2772444382208365	0.04441465311468757	-2.1688069898654736	-0.0034673732526193206
168.0	168.4597	2600.0	2585.6039023705794	-0.20903988396943646	-0.5407178129174427	28.39029234927867	-104.45967800281868	53.05478185502942	-219.217032040325	248.56134321874393	112.961929794752	-31.084346915813512	-219.21703204032497	248.56134321874347	0.0	0.0	0.0	-15.977338756058568	-15.751164568916161	0.35888717647003954	15.424327884317126	1.506045484790595	-0.38729702681819556	1.4774664790265495	0.0	0.0	0.0	0.0	0.0	0.0	0.0	0.0	0.0	0.0	0.0	0.0	0.0	0.0	0.0	0.0	0.0	0.0	0.0	0.0	0.0	0.0	0.0	0.0	0.0	0.0	0.0	0.0	0.0	0.0	0.0	0.0	0.0	0.0	0.0	0.0	0.0	0.0	0.0	0.0	0.0	0.0	0.0	0.0	0.0	0.0	0.0	0.0	26941.513529180014	-1186.7141527434962	-130.10550518816117	26967.950778021528	-26891.020183188626	690.5520757758859	1920.1246093617317	26968.327852825674	0.0	0.0	0.0	0.0	0.0	0.0	0.0	0.0	0.0	0.0	0.0	0.0	0.0	0.0	0.0	0.0	0.0	0.0	0.0	0.0	0.0	0.0	0.0	0.0	0.0	0.0	0.0	0.0	26860.389456151872	-1882.8807405571615	-1504.9736071364284	26968.327852825674	0.0	0.0	0.0	0.0	0.0	0.0	0.0	0.0	0.0	0.0	0.0	0.0	0.0	0.0	0.0	0.0	0.0	0.0	0.0	0.0	0.0	0.0	0.0	0.0	0.0	0.0	0.0	0.0	0.0	0.0	0.0	0.0	0.0	0.0	0.0	0.0	0.0	0.0	0.0	0.0	0.0	0.0	0.0	0.0	0.0	0.0	0.0	0.0	0.0	0.0	0.0	0.0	0.0	0.0	0.0	0.0	0.0	0.0	0.0	0.0	0.0	0.0	0.0	0.0	0.0	0.0	0.0	0.0	0.0	0.0	0.0	0.0	0.0	0.0	0.0	0.0	0.0	0.0	0.0	0.0	0.0	0.0	0.0	0.0	0.0	0.0	0.0	0.0	0.0	0.0	0.0	0.0	0.0	0.0	0.0	0.0	0.0	0.0	0.0	0.0	28.094789359296286	-2.505210640703716	0.11849646908247688	-0.6012356113488153	20.325303042042417	0.2771915618968388	0.044391150018525935	-2.184073195482303	-0.0032203449131690503
169.0	169.4598	2600.0	2585.878649163495	-0.19012033399658168	-0.5476131236366715	28.39477504866319	-101.90781276594136	52.21218427007625	-219.59473123331813	247.65532595610338	109.73921685470485	-32.68973498066407	-219.5947312333181	247.6553259561022	-1.0760884436147103e-15	0.0	-1.0760884436147103e-15	-16.320073665058544	-16.077007895174564	0.35811322249488753	15.476205622907395	1.5445691907405044	-0.38400466765155017	1.4818598835948011	0.0	0.0	0.0	0.0	0.0	0.0	0.0	0.0	0.0	0.0	0.0	0.0	0.0	0.0	0.0	0.0	0.0	0.0	0.0	0.0	0.0	0.0	0.0	0.0	0.0	0.0	0.0	0.0	0.0	0.0	0.0	0.0	0.0	0.0	0.0	0.0	0.0	0.0	0.0	0.0	0.0	0.0	0.0	0.0	0.0	0.0	0.0	0.0	26941.62410622044	-1184.5859019192824	-132.96770895121733	26967.981638445388	-26899.189272101852	704.1503642463618	1797.0113573632366	26968.341829825582	0.0	0.0	0.0	0.0	0.0	0.0	0.0	0.0	0.0	0.0	0.0	0.0	0.0	0.0	0.0	0.0	0.0	0.0	0.0	0.0	0.0	0.0	0.0	0.0	0.0	0.0	0.0	0.0	26867.010054404276	-1882.9201841430481	-1381.9708271184222	26968.341829825582	0.0	0.0	0.0	0.0	0.0	0.0	0.0	0.0	0.0	0.0	0.0	0.0	0.0	0.0	0.0	0.0	0.0	0.0	0.0	0.0	0.0	0.0	0.0	0.0	0.0	0.0	0.0	0.0	0.0	0.0	0.0	0.0	0.0	0.0	0.0	0.0	0.0	0.0	0.0	0.0	0.0	0.0	0.0	0.0	0.0	0.0	0.0	0.0	0.0	0.0	0.0	0.0	0.0	0.0	0.0	0.0	0.0	0.0	0.0	0.0	0.0	0.0	0.0	0.0	0.0	0.0	0.0	0.0	0.0	0.0	0.0	0.0	0.0	0.0	0.0	0.0	0.0	0.0	0.0	0.0	0.0	0.0	0.0	0.0	0.0	0.0	0.0	0.0	0.0	0.0	0.0	0.0	0.0	0.0	0.0	0.0	0.0	0.0	0.0	0.0	28.08003335282182	-2.519966647178176	0.11852688436843309	-0.6020404937322438	20.300877673765854	0.2771387296936216	0.04436544924708549	-2.1979848236648447	-0.003018706184965791
170.0	170.46	2600.0	2585.6251651699827	-0.17096246851199676	-0.5538463385811783	28.398864216995104	-103.96442803282842	52.05863843610132	-228.45792965111949	256.34299239981146	111.15462911000941	-34.10795448908538	-228.45792965111946	256.3429923998102	0.0	0.0	0.0	-16.658291887719308	-16.39863129023322	0.35723898075438365	15.522823635788555	1.5835108066125874	-0.380928716285908	1.4861554732249314	0.0	0.0	0.0	0.0	0.0	0.0	0.0	0.0	0.0	0.0	0.0	0.0	0.0	0.0	0.0	0.0	0.0	0.0	0.0	0.0	0.0	0.0	0.0	0.0	0.0	0.0	0.0	0.0	0.0	0.0	0.0	0.0	0.0	0.0	0.0	0.0	0.0	0.0	0.0	0.0	0.0	0.0	0.0	0.0	0.0	0.0	0.0	0.0	26945.608197635316	-1182.8694918653937	-138.17544330807394	26971.912683908624	-26910.426865333804	717.0505475617696	1677.5797714144762	26972.198824932624	0.0	0.0	0.0	0.0	0.0	0.0	0.0	0.0	0.0	0.0	0.0	0.0	0.0	0.0	0.0	0.0	0.0	0.0	0.0	0.0	0.0	0.0	0.0	0.0	0.0	0.0	0.0	0.0	26876.72231168464	-1883.2103989721465	-1262.8641358011762	26972.198824932624	0.0	0.0	0.0	0.0	0.0	0.0	0.0	0.0	0.0	0.0	0.0	0.0	0.0	0.0	0.0	0.0	0.0	0.0	0.0	0.0	0.0	0.0	0.0	0.0	0.0	0.0	0.0	0.0	0.0	0.0	0.0	0.0	0.0	0.0	0.0	0.0	0.0	0.0	0.0	0.0	0.0	0.0	0.0	0.0	0.0	0.0	0.0	0.0	0.0	0.0	0.0	0.0	0.0	0.0	0.0	0.0	0.0	0.0	0.0	0.0	0.0	0.0	0.0	0.0	0.0	0.0	0.0	0.0	0.0	0.0	0.0	0.0	0.0	0.0	0.0	0.0	0.0	0.0	0.0	0.0	0.0	0.0	0.0	0.0	0.0	0.0	0.0	0.0	0.0	0.0	0.0	0.0	0.0	0.0	0.0	0.0	0.0	0.0	0.0	0.0	28.06660589526786	-2.5333941047321433	0.11857010671953426	-0.6028510020734977	20.2785415374768	0.2770858973542904	0.044347385864074856	-2.2105620080018302	-0.00279888404389032
171.0	171.4601	2600.0	2585.914543172906	-0.15160062933441407	-0.5594007975219376	28.402545436606815	-101.92202877611635	54.75398997585944	-239.99535961170344	266.42798652406407	108.9228650550922	-39.01165000748732	-239.9953596117034	266.427986524065	0.0	0.0	0.0	-16.99182338055899	-16.71602941075806	0.35637254146369546	15.563918956658659	1.6224650580299478	-0.37830195277360257	1.4900253044180196	0.0	0.0	0.0	0.0	0.0	0.0	0.0	0.0	0.0	0.0	0.0	0.0	0.0	0.0	0.0	0.0	0.0	0.0	0.0	0.0	0.0	0.0	0.0	0.0	0.0	0.0	0.0	0.0	0.0	0.0	0.0	0.0	0.0	0.0	0.0	0.0	0.0	0.0	0.0	0.0	0.0	0.0	0.0	0.0	0.0	0.0	0.0	0.0	26949.041834158845	-1181.2398514587483	-142.18532585220552	26975.29239939403	-26920.83735372061	731.2563555504287	1554.698327261142	26975.60576839379	0.0	0.0	0.0	0.0	0.0	0.0	0.0	0.0	0.0	0.0	0.0	0.0	0.0	0.0	0.0	0.0	0.0	0.0	0.0	0.0	0.0	0.0	0.0	0.0	0.0	0.0	0.0	0.0	26885.602046517903	-1883.5093385439295	-1140.2200400318038	26975.60576839379	0.0	0.0	0.0	0.0	0.0	0.0	0.0	0.0	0.0	0.0	0.0	0.0	0.0	0.0	0.0	0.0	0.0	0.0	0.0	0.0	0.0	0.0	0.0	0.0	0.0	0.0	0.0	0.0	0.0	0.0	0.0	0.0	0.0	0.0	0.0	0.0	0.0	0.0	0.0	0.0	0.0	0.0	0.0	0.0	0.0	0.0	0.0	0.0	0.0	0.0	0.0	0.0	0.0	0.0	0.0	0.0	0.0	0.0	0.0	0.0	0.0	0.0	0.0	0.0	0.0	0.0	0.0	0.0	0.0	0.0	0.0	0.0	0.0	0.0	0.0	0.0	0.0	0.0	0.0	0.0	0.0	0.0	0.0	0.0	0.0	0.0	0.0	0.0	0.0	0.0	0.0	0.0	0.0	0.0	0.0	0.0	0.0	0.0	0.0	0.0	28.054533065448293	-2.5454669345517114	0.11861693879101458	-0.6035755616085254	20.25830270443403	0.27703306175580955	0.04432284084832201	-2.2218690398149583	-0.0025924427013648793
172.0	172.4602	2600.0	2585.5361763171336	-0.13206643974286048	-0.5642854544563078	28.405812870176117	-104.69218280684979	36.742788591309356	-225.09529533910015	250.95493148795714	108.60821408347874	-22.687915019359934	-225.09529533910012	250.95493148795697	0.0	0.0	0.0	-17.32063496369844	-17.029057633882662	0.3553793030390665	15.59963280949524	1.6614510008474892	-0.37597817828568886	1.4935221773578984	0.0	0.0	0.0	0.0	0.0	0.0	0.0	0.0	0.0	0.0	0.0	0.0	0.0	0.0	0.0	0.0	0.0	0.0	0.0	0.0	0.0	0.0	0.0	0.0	0.0	0.0	0.0	0.0	0.0	0.0	0.0	0.0	0.0	0.0	0.0	0.0	0.0	0.0	0.0	0.0	0.0	0.0	0.0	0.0	0.0	0.0	0.0	0.0	26953.07054695176	-1179.7086155800457	-144.4902272338194	26979.262438999303	-26931.301060919304	746.2160232736956	1429.7476624585581	26979.54769015911	0.0	0.0	0.0	0.0	0.0	0.0	0.0	0.0	0.0	0.0	0.0	0.0	0.0	0.0	0.0	0.0	0.0	0.0	0.0	0.0	0.0	0.0	0.0	0.0	0.0	0.0	0.0	0.0	26894.538875375718	-1883.7203485528146	-1015.5638310422617	26979.54769015911	0.0	0.0	0.0	0.0	0.0	0.0	0.0	0.0	0.0	0.0	0.0	0.0	0.0	0.0	0.0	0.0	0.0	0.0	0.0	0.0	0.0	0.0	0.0	0.0	0.0	0.0	0.0	0.0	0.0	0.0	0.0	0.0	0.0	0.0	0.0	0.0	0.0	0.0	0.0	0.0	0.0	0.0	0.0	0.0	0.0	0.0	0.0	0.0	0.0	0.0	0.0	0.0	0.0	0.0	0.0	0.0	0.0	0.0	0.0	0.0	0.0	0.0	0.0	0.0	0.0	0.0	0.0	0.0	0.0	0.0	0.0	0.0	0.0	0.0	0.0	0.0	0.0	0.0	0.0	0.0	0.0	0.0	0.0	0.0	0.0	0.0	0.0	0.0	0.0	0.0	0.0	0.0	0.0	0.0	0.0	0.0	0.0	0.0	0.0	0.0	28.043813577679522	-2.5561864223204798	0.11866585389229252	-0.6042141836766748	20.24014194342864	0.2769802104370003	0.0442966422131068	-2.2319075131613872	-0.00237543022167352
173.0	173.4603	2600.0	2585.570023404889	-0.11237773968281738	-0.5684862209911307	28.408655611497238	-104.23214236906279	26.773104485360815	-225.1401096413118	249.5379882822063	106.6031579871742	-14.727706331588706	-225.14010964131177	249.53798828220494	-6.473664480360218e-15	0.0	-6.473664480360218e-15	-17.64459124640634	-17.337673496612076	0.35432890691189267	15.630047566338165	1.7004225951700334	-0.37386618616124584	1.496654665893698	0.0	0.0	0.0	0.0	0.0	0.0	0.0	0.0	0.0	0.0	0.0	0.0	0.0	0.0	0.0	0.0	0.0	0.0	0.0	0.0	0.0	0.0	0.0	0.0	0.0	0.0	0.0	0.0	0.0	0.0	0.0	0.0	0.0	0.0	0.0	0.0	0.0	0.0	0.0	0.0	0.0	0.0	0.0	0.0	0.0	0.0	0.0	0.0	26949.128646291458	-1178.079364254173	-147.82434222766602	26975.27122790433	-26933.124853340574	760.5296436325236	1307.1951025543642	26975.551500212518	0.0	0.0	0.0	0.0	0.0	0.0	0.0	0.0	0.0	0.0	0.0	0.0	0.0	0.0	0.0	0.0	0.0	0.0	0.0	0.0	0.0	0.0	0.0	0.0	0.0	0.0	0.0	0.0	26894.878414167128	-1883.4526745741803	-893.5881883866463	26975.551500212518	0.0	0.0	0.0	0.0	0.0	0.0	0.0	0.0	0.0	0.0	0.0	0.0	0.0	0.0	0.0	0.0	0.0	0.0	0.0	0.0	0.0	0.0	0.0	0.0	0.0	0.0	0.0	0.0	0.0	0.0	0.0	0.0	0.0	0.0	0.0	0.0	0.0	0.0	0.0	0.0	0.0	0.0	0.0	0.0	0.0	0.0	0.0	0.0	0.0	0.0	0.0	0.0	0.0	0.0	0.0	0.0	0.0	0.0	0.0	0.0	0.0	0.0	0.0	0.0	0.0	0.0	0.0	0.0	0.0	0.0	0.0	0.0	0.0	0.0	0.0	0.0	0.0	0.0	0.0	0.0	0.0	0.0	0.0	0.0	0.0	0.0	0.0	0.0	0.0	0.0	0.0	0.0	0.0	0.0	0.0	0.0	0.0	0.0	0.0	0.0	28.03446893254227	-2.565531067457731	0.11871421365350682	-0.6047628033306798	20.22407764117893	0.27692737850464344	0.044277516234980406	-2.240660094623268	-0.0021579803607174
174.0	174.4604	2600.0	2585.805888240506	-0.09256238380675665	-0.5719999145681828	28.411066388038943	-102.91599748153023	40.176557477101596	-238.20674311500144	262.5801035375404	106.31375976374329	-30.053997957449614	-238.20674311500142	262.58010353754065	0.0	0.0	0.0	-17.96352541686694	-17.641874650400545	0.3533558059191788	15.65512368732029	1.739381858672758	-0.372000696544322	1.499488642592507	0.0	0.0	0.0	0.0	0.0	0.0	0.0	0.0	0.0	0.0	0.0	0.0	0.0	0.0	0.0	0.0	0.0	0.0	0.0	0.0	0.0	0.0	0.0	0.0	0.0	0.0	0.0	0.0	0.0	0.0	0.0	0.0	0.0	0.0	0.0	0.0	0.0	0.0	0.0	0.0	0.0	0.0	0.0	0.0	0.0	0.0	0.0	0.0	26951.743560717918	-1177.5860162149738	-149.31912906524633	26977.870301241157	-26941.111358960363	777.6801549382377	1178.9673291046984	26978.106524409464	0.0	0.0	0.0	0.0	0.0	0.0	0.0	0.0	0.0	0.0	0.0	0.0	0.0	0.0	0.0	0.0	0.0	0.0	0.0	0.0	0.0	0.0	0.0	0.0	0.0	0.0	0.0	0.0	26901.33045856874	-1884.3497776854633	-765.4261013337862	26978.106524409464	0.0	0.0	0.0	0.0	0.0	0.0	0.0	0.0	0.0	0.0	0.0	0.0	0.0	0.0	0.0	0.0	0.0	0.0	0.0	0.0	0.0	0.0	0.0	0.0	0.0	0.0	0.0	0.0	0.0	0.0	0.0	0.0	0.0	0.0	0.0	0.0	0.0	0.0	0.0	0.0	0.0	0.0	0.0	0.0	0.0	0.0	0.0	0.0	0.0	0.0	0.0	0.0	0.0	0.0	0.0	0.0	0.0	0.0	0.0	0.0	0.0	0.0	0.0	0.0	0.0	0.0	0.0	0.0	0.0	0.0	0.0	0.0	0.0	0.0	0.0	0.0	0.0	0.0	0.0	0.0	0.0	0.0	0.0	0.0	0.0	0.0	0.0	0.0	0.0	0.0	0.0	0.0	0.0	0.0	0.0	0.0	0.0	0.0	0.0	0.0	28.026508777369465	-2.573491222630534	0.11876010306528959	-0.6052447862519172	20.21013320728693	0.2768745349935215	0.044252849014512076	-2.2480934203591425	-0.0019770590100154
175.0	175.4604	2600.0	2586.023829174	-0.07265289447353297	-0.5748372881162139	28.413042880964408	-101.34647828253219	42.651114945747395	-244.9293459234026	268.47832456429865	104.40427147728587	-34.4960050394875	-244.92934592340256	268.47832456429865	0.0	0.0	0.0	-18.277591698760006	-17.94137367429329	0.35197611181527777	15.67481325405461	1.778281437871149	-0.3704266857697458	1.5020079990762876	0.0	0.0	0.0	0.0	0.0	0.0	0.0	0.0	0.0	0.0	0.0	0.0	0.0	0.0	0.0	0.0	0.0	0.0	0.0	0.0	0.0	0.0	0.0	0.0	0.0	0.0	0.0	0.0	0.0	0.0	0.0	0.0	0.0	0.0	0.0	0.0	0.0	0.0	0.0	0.0	0.0	0.0	0.0	0.0	0.0	0.0	0.0	0.0	26954.0568277584	-1175.762006712138	-148.0310998878178	26980.09468065283	-26948.216126082705	794.2275274348093	1048.2488790394352	26980.288646636214	0.0	0.0	0.0	0.0	0.0	0.0	0.0	0.0	0.0	0.0	0.0	0.0	0.0	0.0	0.0	0.0	0.0	0.0	0.0	0.0	0.0	0.0	0.0	0.0	0.0	0.0	0.0	0.0	26906.946698750155	-1883.76028113517	-635.3282691987421	26980.288646636214	0.0	0.0	0.0	0.0	0.0	0.0	0.0	0.0	0.0	0.0	0.0	0.0	0.0	0.0	0.0	0.0	0.0	0.0	0.0	0.0	0.0	0.0	0.0	0.0	0.0	0.0	0.0	0.0	0.0	0.0	0.0	0.0	0.0	0.0	0.0	0.0	0.0	0.0	0.0	0.0	0.0	0.0	0.0	0.0	0.0	0.0	0.0	0.0	0.0	0.0	0.0	0.0	0.0	0.0	0.0	0.0	0.0	0.0	0.0	0.0	0.0	0.0	0.0	0.0	0.0	0.0	0.0	0.0	0.0	0.0	0.0	0.0	0.0	0.0	0.0	0.0	0.0	0.0	0.0	0.0	0.0	0.0	0.0	0.0	0.0	0.0	0.0	0.0	0.0	0.0	0.0	0.0	0.0	0.0	0.0	0.0	0.0	0.0	0.0	0.0	28.01992751500638	-2.5800724849936243	0.11880087545626972	-0.6056588480297428	20.198201043404566	0.27682168885946673	0.044228435555391334	-2.254215128750708	-0.00172730746910073
176.0	176.4605	2600.0	2586.2166913838755	-0.052664475642320886	-0.5769732565177408	28.414573901261605	-100.49179017423921	40.793707183263905	-255.1238077216619	277.2199193863542	102.81856614101889	-34.51186600115759	-255.12380772166182	277.21991938635375	3.462801011578748e-15	0.0	3.462801011578748e-15	-18.586372215503623	-18.23624763358707	0.3506606848660435	15.689096664619655	1.8170688979275802	-0.3691584807403247	1.5042192150633567	0.0	0.0	0.0	0.0	0.0	0.0	0.0	0.0	0.0	0.0	0.0	0.0	0.0	0.0	0.0	0.0	0.0	0.0	0.0	0.0	0.0	0.0	0.0	0.0	0.0	0.0	0.0	0.0	0.0	0.0	0.0	0.0	0.0	0.0	0.0	0.0	0.0	0.0	0.0	0.0	0.0	0.0	0.0	0.0	0.0	0.0	0.0	0.0	26957.113684741427	-1174.861215935215	-151.7195455910379	26983.129839017867	-26955.355970921602	809.3041460873835	926.412991705361	26983.41026911116	0.0	0.0	0.0	0.0	0.0	0.0	0.0	0.0	0.0	0.0	0.0	0.0	0.0	0.0	0.0	0.0	0.0	0.0	0.0	0.0	0.0	0.0	0.0	0.0	0.0	0.0	0.0	0.0	26912.648655050096	-1883.9618411085905	-514.2566501767593	26983.41026911116	0.0	0.0	0.0	0.0	0.0	0.0	0.0	0.0	0.0	0.0	0.0	0.0	0.0	0.0	0.0	0.0	0.0	0.0	0.0	0.0	0.0	0.0	0.0	0.0	0.0	0.0	0.0	0.0	0.0	0.0	0.0	0.0	0.0	0.0	0.0	0.0	0.0	0.0	0.0	0.0	0.0	0.0	0.0	0.0	0.0	0.0	0.0	0.0	0.0	0.0	0.0	0.0	0.0	0.0	0.0	0.0	0.0	0.0	0.0	0.0	0.0	0.0	0.0	0.0	0.0	0.0	0.0	0.0	0.0	0.0	0.0	0.0	0.0	0.0	0.0	0.0	0.0	0.0	0.0	0.0	0.0	0.0	0.0	0.0	0.0	0.0	0.0	0.0	0.0	0.0	0.0	0.0	0.0	0.0	0.0	0.0	0.0	0.0	0.0	0.0	28.01475529916193	-2.5852447008380683	0.11883556379449003	-0.6060093268253228	20.18840807384747	0.27676885869524326	0.04420868267428601	-2.2589900556238836	-0.0015161649764954502
177.0	177.4606	2600.0	2586.466807213007	-0.03263965946879656	-0.5784219523345758	28.41565997452842	-98.59857507793639	28.874340429130825	-241.462853092222	262.4113487752631	99.78108593438628	-24.477365715527416	-241.462853092222	262.41134877526355	-1.2022008925722107e-15	0.0	-1.2022008925722107e-15	-18.889868304684537	-18.526481257447312	0.3493700538509699	15.697996622256028	1.8557259373271904	-0.36817487462839915	1.5061431749978575	0.0	0.0	0.0	0.0	0.0	0.0	0.0	0.0	0.0	0.0	0.0	0.0	0.0	0.0	0.0	0.0	0.0	0.0	0.0	0.0	0.0	0.0	0.0	0.0	0.0	0.0	0.0	0.0	0.0	0.0	0.0	0.0	0.0	0.0	0.0	0.0	0.0	0.0	0.0	0.0	0.0	0.0	0.0	0.0	0.0	0.0	0.0	0.0	26956.104481703107	-1174.9163168308417	-152.07323484997883	26982.125999424272	-26957.809491307624	827.0391593656266	798.9696187933382	26982.32456243372	0.0	0.0	0.0	0.0	0.0	0.0	0.0	0.0	0.0	0.0	0.0	0.0	0.0	0.0	0.0	0.0	0.0	0.0	0.0	0.0	0.0	0.0	0.0	0.0	0.0	0.0	0.0	0.0	26913.623485177526	-1884.886784457004	-387.18406526433756	26982.32456243372	0.0	0.0	0.0	0.0	0.0	0.0	0.0	0.0	0.0	0.0	0.0	0.0	0.0	0.0	0.0	0.0	0.0	0.0	0.0	0.0	0.0	0.0	0.0	0.0	0.0	0.0	0.0	0.0	0.0	0.0	0.0	0.0	0.0	0.0	0.0	0.0	0.0	0.0	0.0	0.0	0.0	0.0	0.0	0.0	0.0	0.0	0.0	0.0	0.0	0.0	0.0	0.0	0.0	0.0	0.0	0.0	0.0	0.0	0.0	0.0	0.0	0.0	0.0	0.0	0.0	0.0	0.0	0.0	0.0	0.0	0.0	0.0	0.0	0.0	0.0	0.0	0.0	0.0	0.0	0.0	0.0	0.0	0.0	0.0	0.0	0.0	0.0	0.0	0.0	0.0	0.0	0.0	0.0	0.0	0.0	0.0	0.0	0.0	0.0	0.0	28.010981411201087	-2.589018588798922	0.11886362833743389	-0.6063022357604504	20.180715040816295	0.276716015043242	0.04418183631130448	-2.262422866299547	-0.0013281487650881499
178.0	178.4606	2600.0	2586.5101927567553	-0.01258884843351797	-0.5791712193652229	28.41629565258486	-97.92124281267932	33.40701175762295	-245.01489793296656	265.9640923840203	98.78335926073487	-30.76436512783039	-245.01489793296653	265.9640923840207	0.0	0.0	0.0	-19.188221935857893	-18.811785690445966	0.3476650656578014	15.701786402066379	1.8942664306481294	-0.3672023738078386	1.50785948680569	0.0	0.0	0.0	0.0	0.0	0.0	0.0	0.0	0.0	0.0	0.0	0.0	0.0	0.0	0.0	0.0	0.0	0.0	0.0	0.0	0.0	0.0	0.0	0.0	0.0	0.0	0.0	0.0	0.0	0.0	0.0	0.0	0.0	0.0	0.0	0.0	0.0	0.0	0.0	0.0	0.0	0.0	0.0	0.0	0.0	0.0	0.0	0.0	26959.13822421444	-1173.217171573054	-150.78749442156393	26985.075675129166	-26963.71293738551	842.8080041740737	672.4205657542946	26985.260608689332	0.0	0.0	0.0	0.0	0.0	0.0	0.0	0.0	0.0	0.0	0.0	0.0	0.0	0.0	0.0	0.0	0.0	0.0	0.0	0.0	0.0	0.0	0.0	0.0	0.0	0.0	0.0	0.0	26918.130765240003	-1884.1461941042328	-261.76199793469846	26985.260608689332	0.0	0.0	0.0	0.0	0.0	0.0	0.0	0.0	0.0	0.0	0.0	0.0	0.0	0.0	0.0	0.0	0.0	0.0	0.0	0.0	0.0	0.0	0.0	0.0	0.0	0.0	0.0	0.0	0.0	0.0	0.0	0.0	0.0	0.0	0.0	0.0	0.0	0.0	0.0	0.0	0.0	0.0	0.0	0.0	0.0	0.0	0.0	0.0	0.0	0.0	0.0	0.0	0.0	0.0	0.0	0.0	0.0	0.0	0.0	0.0	0.0	0.0	0.0	0.0	0.0	0.0	0.0	0.0	0.0	0.0	0.0	0.0	0.0	0.0	0.0	0.0	0.0	0.0	0.0	0.0	0.0	0.0	0.0	0.0	0.0	0.0	0.0	0.0	0.0	0.0	0.0	0.0	0.0	0.0	0.0	0.0	0.0	0.0	0.0	0.0	28.00862112809283	-2.5913788719071746	0.11888750095807789	-0.6065403379119705	20.175040845011374	0.2766631725329212	0.04415204051495239	-2.2644963193428804	-0.0010676117269077896
179.0	179.4606	2600.0	2586.530457161929	0.007499824187396099	-0.579195737690935	28.416472465777638	-97.76545446441015	31.598059881911464	-229.32883303642507	251.29312592425205	98.05856576542828	-30.676361501344218	-229.32883303642504	251.29312592425296	0.0	0.0	0.0	-19.481415309392183	-19.09230087643085	0.3459593602152992	15.703180833108194	1.9334242232716028	-0.36352147829745607	1.5101456001962492	0.0	0.0	0.0	0.0	0.0	0.0	0.0	0.0	0.0	0.0	0.0	0.0	0.0	0.0	0.0	0.0	0.0	0.0	0.0	0.0	0.0	0.0	0.0	0.0	0.0	0.0	0.0	0.0	0.0	0.0	0.0	0.0	0.0	0.0	0.0	0.0	0.0	0.0	0.0	0.0	0.0	0.0	0.0	0.0	0.0	0.0	0.0	0.0	26960.554430176842	-1171.9997473583405	-130.84060137178045	26986.33353853953	-26967.512706720256	866.2355837373311	520.7310802770432	26986.44597815017	0.0	0.0	0.0	0.0	0.0	0.0	0.0	0.0	0.0	0.0	0.0	0.0	0.0	0.0	0.0	0.0	0.0	0.0	0.0	0.0	0.0	0.0	0.0	0.0	0.0	0.0	0.0	0.0	26920.36511626236	-1884.1661847907442	-110.11960240248227	26986.44597815017	0.0	0.0	0.0	0.0	0.0	0.0	0.0	0.0	0.0	0.0	0.0	0.0	0.0	0.0	0.0	0.0	0.0	0.0	0.0	0.0	0.0	0.0	0.0	0.0	0.0	0.0	0.0	0.0	0.0	0.0	0.0	0.0	0.0	0.0	0.0	0.0	0.0	0.0	0.0	0.0	0.0	0.0	0.0	0.0	0.0	0.0	0.0	0.0	0.0	0.0	0.0	0.0	0.0	0.0	0.0	0.0	0.0	0.0	0.0	0.0	0.0	0.0	0.0	0.0	0.0	0.0	0.0	0.0	0.0	0.0	0.0	0.0	0.0	0.0	0.0	0.0	0.0	0.0	0.0	0.0	0.0	0.0	0.0	0.0	0.0	0.0	0.0	0.0	0.0	0.0	0.0	0.0	0.0	0.0	0.0	0.0	0.0	0.0	0.0	0.0	28.007702097342833	-2.5922979026571653	0.11892594117641672	-0.606741973293185	20.17152531973279	0.2766103405598304	0.044119001841960055	-2.265165440324669	-0.0008133329390785127
180.0	180.4607	2600.0	2586.57349532081	0.02759998832508591	-0.578515988727309	28.41619548595064	-97.71257423635325	27.337161439627383	-197.22907672735113	221.79805289089998	97.48960244033334	-28.121966067414185	-197.2290767273511	221.7980528908998	0.0	0.0	0.0	-19.769239815089364	-19.36809326034307	0.3446692275194591	15.703604963159382	1.9736618578433214	-0.3556968008822635	1.5134599214717996	0.0	0.0	0.0	0.0	0.0	0.0	0.0	0.0	0.0	0.0	0.0	0.0	0.0	0.0	0.0	0.0	0.0	0.0	0.0	0.0	0.0	0.0	0.0	0.0	0.0	0.0	0.0	0.0	0.0	0.0	0.0	0.0	0.0	0.0	0.0	0.0	0.0	0.0	0.0	0.0	0.0	0.0	0.0	0.0	0.0	0.0	0.0	0.0	26965.363316955543	-1173.337500902177	-92.9809596335008	26991.038978988734	-26973.903503354308	895.9806641592221	356.2974087297087	26991.131865897816	0.0	0.0	0.0	0.0	0.0	0.0	0.0	0.0	0.0	0.0	0.0	0.0	0.0	0.0	0.0	0.0	0.0	0.0	0.0	0.0	0.0	0.0	0.0	0.0	0.0	0.0	0.0	0.0	26925.003251322516	-1887.4051533443626	55.68757209404995	26991.131865897816	0.0	0.0	0.0	0.0	0.0	0.0	0.0	0.0	0.0	0.0	0.0	0.0	0.0	0.0	0.0	0.0	0.0	0.0	0.0	0.0	0.0	0.0	0.0	0.0	0.0	0.0	0.0	0.0	0.0	0.0	0.0	0.0	0.0	0.0	0.0	0.0	0.0	0.0	0.0	0.0	0.0	0.0	0.0	0.0	0.0	0.0	0.0	0.0	0.0	0.0	0.0	0.0	0.0	0.0	0.0	0.0	0.0	0.0	0.0	0.0	0.0	0.0	0.0	0.0	0.0	0.0	0.0	0.0	0.0	0.0	0.0	0.0	0.0	0.0	0.0	0.0	0.0	0.0	0.0	0.0	0.0	0.0	0.0	0.0	0.0	0.0	0.0	0.0	0.0	0.0	0.0	0.0	0.0	0.0	0.0	0.0	0.0	0.0	0.0	0.0	28.008204542113283	-2.591795457886711	0.11897197536197751	-0.6069493882666984	20.170302272916043	0.27655745020933087	0.04407930699524075	-2.264407910891423	-0.0006404111608939601
181.0	181.4608	2600.0	2586.971452293603	0.04770135513331381	-0.5771299138656346	28.415464216081556	-94.4251936249275	0.623119936342846	-92.31205085781116	132.05309615126498	94.3786213945277	-3.0300648884840484	-92.31205085781116	132.05309615126464	0.0	0.0	0.0	-20.052938071787583	-19.63850608586458	0.3419030195570686	15.703504466062892	2.014670137015823	-0.3432733761655451	1.517485852061031	0.0	0.0	0.0	0.0	0.0	0.0	0.0	0.0	0.0	0.0	0.0	0.0	0.0	0.0	0.0	0.0	0.0	0.0	0.0	0.0	0.0	0.0	0.0	0.0	0.0	0.0	0.0	0.0	0.0	0.0	0.0	0.0	0.0	0.0	0.0	0.0	0.0	0.0	0.0	0.0	0.0	0.0	0.0	0.0	0.0	0.0	0.0	0.0	26965.94460992916	-1167.8155716314343	2.259849020555349	26991.22018401595	-26974.785930096154	935.235743656225	134.73779147251062	26991.33001804795	0.0	0.0	0.0	0.0	0.0	0.0	0.0	0.0	0.0	0.0	0.0	0.0	0.0	0.0	0.0	0.0	0.0	0.0	0.0	0.0	0.0	0.0	0.0	0.0	0.0	0.0	0.0	0.0	26924.023806323876	-1884.5046511819253	278.3530839701738	26991.33001804795	0.0	0.0	0.0	0.0	0.0	0.0	0.0	0.0	0.0	0.0	0.0	0.0	0.0	0.0	0.0	0.0	0.0	0.0	0.0	0.0	0.0	0.0	0.0	0.0	0.0	0.0	0.0	0.0	0.0	0.0	0.0	0.0	0.0	0.0	0.0	0.0	0.0	0.0	0.0	0.0	0.0	0.0	0.0	0.0	0.0	0.0	0.0	0.0	0.0	0.0	0.0	0.0	0.0	0.0	0.0	0.0	0.0	0.0	0.0	0.0	0.0	0.0	0.0	0.0	0.0	0.0	0.0	0.0	0.0	0.0	0.0	0.0	0.0	0.0	0.0	0.0	0.0	0.0	0.0	0.0	0.0	0.0	0.0	0.0	0.0	0.0	0.0	0.0	0.0	0.0	0.0	0.0	0.0	0.0	0.0	0.0	0.0	0.0	0.0	0.0	28.01013081878719	-2.589869181212812	0.11902045402109275	-0.6070672867819048	20.170910264466254	0.2765046043931853	0.04405438898472008	-2.2623195381832604	-0.00013787972708679402
182.0	182.4609	2600.0	2587.048973806084	0.06778884681705215	-0.5750283254380943	28.41427686665258	-93.81851273103712	-10.887431956405639	-58.2111497367162	110.94587626108297	94.19946868810621	6.849058661409798	-58.2111497367162	110.94587626108206	0.0	0.0	0.0	-20.330613007614364	-19.904340762551765	0.34041597883196495	15.702963315527533	2.0570755347882836	-0.326146333718664	1.5227922520537471	0.0	0.0	0.0	0.0	0.0	0.0	0.0	0.0	0.0	0.0	0.0	0.0	0.0	0.0	0.0	0.0	0.0	0.0	0.0	0.0	0.0	0.0	0.0	0.0	0.0	0.0	0.0	0.0	0.0	0.0	0.0	0.0	0.0	0.0	0.0	0.0	0.0	0.0	0.0	0.0	0.0	0.0	0.0	0.0	0.0	0.0	0.0	0.0	26969.165365033863	-1163.1350345662718	36.73174525284368	26994.260738465997	-26977.28670878337	958.3651922232797	-28.791006081470375	26994.319604901993	0.0	0.0	0.0	0.0	0.0	0.0	0.0	0.0	0.0	0.0	0.0	0.0	0.0	0.0	0.0	0.0	0.0	0.0	0.0	0.0	0.0	0.0	0.0	0.0	0.0	0.0	0.0	0.0	26924.981425442747	-1882.5134629532583	441.371989323311	26994.319604901993	0.0	0.0	0.0	0.0	0.0	0.0	0.0	0.0	0.0	0.0	0.0	0.0	0.0	0.0	0.0	0.0	0.0	0.0	0.0	0.0	0.0	0.0	0.0	0.0	0.0	0.0	0.0	0.0	0.0	0.0	0.0	0.0	0.0	0.0	0.0	0.0	0.0	0.0	0.0	0.0	0.0	0.0	0.0	0.0	0.0	0.0	0.0	0.0	0.0	0.0	0.0	0.0	0.0	0.0	0.0	0.0	0.0	0.0	0.0	0.0	0.0	0.0	0.0	0.0	0.0	0.0	0.0	0.0	0.0	0.0	0.0	0.0	0.0	0.0	0.0	0.0	0.0	0.0	0.0	0.0	0.0	0.0	0.0	0.0	0.0	0.0	0.0	0.0	0.0	0.0	0.0	0.0	0.0	0.0	0.0	0.0	0.0	0.0	0.0	0.0	28.013489495110974	-2.586510504889027	0.11910846839214412	-0.6073250488836184	20.174133729201184	0.27645178946195026	0.044027674998642866	-2.2586583308090624	0.00010030243624406343
183.0	183.461	2600.0	2587.296205845223	0.08782520107865162	-0.5722339082345775	28.41264201674213	-92.87351765407584	-22.06411920791652	-41.73196779979642	104.18192153299117	94.03613335003682	16.41710274188881	-41.73196779979642	104.18192153299385	0.0	0.0	0.0	-20.603003743925033	-20.164963293313168	0.3387973731014422	15.701933620334863	2.1004973547213375	-0.3043605292186714	1.5289838801465825	0.0	0.0	0.0	0.0	0.0	0.0	0.0	0.0	0.0	0.0	0.0	0.0	0.0	0.0	0.0	0.0	0.0	0.0	0.0	0.0	0.0	0.0	0.0	0.0	0.0	0.0	0.0	0.0	0.0	0.0	0.0	0.0	0.0	0.0	0.0	0.0	0.0	0.0	0.0	0.0	0.0	0.0	0.0	0.0	0.0	0.0	0.0	0.0	26972.746363599712	-1162.562899526342	46.450038381920784	26997.828736705887	-26979.637141342097	978.5468096797356	-167.27703513040916	26997.895394709987	0.0	0.0	0.0	0.0	0.0	0.0	0.0	0.0	0.0	0.0	0.0	0.0	0.0	0.0	0.0	0.0	0.0	0.0	0.0	0.0	0.0	0.0	0.0	0.0	0.0	0.0	0.0	0.0	26925.779757567703	-1884.9443133613916	579.4179201460776	26997.895394709987	0.0	0.0	0.0	0.0	0.0	0.0	0.0	0.0	0.0	0.0	0.0	0.0	0.0	0.0	0.0	0.0	0.0	0.0	0.0	0.0	0.0	0.0	0.0	0.0	0.0	0.0	0.0	0.0	0.0	0.0	0.0	0.0	0.0	0.0	0.0	0.0	0.0	0.0	0.0	0.0	0.0	0.0	0.0	0.0	0.0	0.0	0.0	0.0	0.0	0.0	0.0	0.0	0.0	0.0	0.0	0.0	0.0	0.0	0.0	0.0	0.0	0.0	0.0	0.0	0.0	0.0	0.0	0.0	0.0	0.0	0.0	0.0	0.0	0.0	0.0	0.0	0.0	0.0	0.0	0.0	0.0	0.0	0.0	0.0	0.0	0.0	0.0	0.0	0.0	0.0	0.0	0.0	0.0	0.0	0.0	0.0	0.0	0.0	0.0	0.0	28.01825601870371	-2.5817439812962912	0.1192243595336662	-0.6076520492229676	20.179613049843443	0.2763989661823394	0.044004382888798675	-2.2535210952812355	0.0003769479968269759
184.0	184.4612	2600.0	2587.4237820854037	0.10777073963681286	-0.5687501909100849	28.410564043104344	-91.84335599775476	-17.775772554923595	-36.65359081656969	100.47221432119039	92.94776548463962	10.577949813960005	-36.65359081656968	100.47221432118803	0.0	0.0	0.0	-20.869921156059892	-20.420602222803378	0.3374591820394808	15.700374248949666	2.1444410368240012	-0.277964385561289	1.5355784067421965	0.0	0.0	0.0	0.0	0.0	0.0	0.0	0.0	0.0	0.0	0.0	0.0	0.0	0.0	0.0	0.0	0.0	0.0	0.0	0.0	0.0	0.0	0.0	0.0	0.0	0.0	0.0	0.0	0.0	0.0	0.0	0.0	0.0	0.0	0.0	0.0	0.0	0.0	0.0	0.0	0.0	0.0	0.0	0.0	0.0	0.0	0.0	0.0	26975.857963654333	-1158.9387551715838	53.96957304421827	27000.795629542215	-26980.77525788191	995.1126035761101	-304.1985041521604	27000.833678611805	0.0	0.0	0.0	0.0	0.0	0.0	0.0	0.0	0.0	0.0	0.0	0.0	0.0	0.0	0.0	0.0	0.0	0.0	0.0	0.0	0.0	0.0	0.0	0.0	0.0	0.0	0.0	0.0	26925.49355426132	-1884.5315801883737	715.0922477292914	27000.833678611805	0.0	0.0	0.0	0.0	0.0	0.0	0.0	0.0	0.0	0.0	0.0	0.0	0.0	0.0	0.0	0.0	0.0	0.0	0.0	0.0	0.0	0.0	0.0	0.0	0.0	0.0	0.0	0.0	0.0	0.0	0.0	0.0	0.0	0.0	0.0	0.0	0.0	0.0	0.0	0.0	0.0	0.0	0.0	0.0	0.0	0.0	0.0	0.0	0.0	0.0	0.0	0.0	0.0	0.0	0.0	0.0	0.0	0.0	0.0	0.0	0.0	0.0	0.0	0.0	0.0	0.0	0.0	0.0	0.0	0.0	0.0	0.0	0.0	0.0	0.0	0.0	0.0	0.0	0.0	0.0	0.0	0.0	0.0	0.0	0.0	0.0	0.0	0.0	0.0	0.0	0.0	0.0	0.0	0.0	0.0	0.0	0.0	0.0	0.0	0.0	28.024424502238602	-2.575575497761399	0.11935577339879595	-0.6079651716674924	20.187395688975258	0.276346139813832	0.043982389293523	-2.2469955371943393	0.0006073775698602885
185.0	185.4614	2600.0	2587.5286205278344	0.12758204630720812	-0.5645749422153601	28.408047055669368	-90.17136919352558	-16.16157988988925	-38.49904094769851	99.36925400074682	91.30021752866742	7.506181851680593	-38.49904094769851	99.36925400074742	0.0	0.0	0.0	-21.13109942378882	-20.671377399482378	0.33678195088037904	15.698264048544287	2.1885704495094447	-0.2469916349573693	1.5422360788212623	0.0	0.0	0.0	0.0	0.0	0.0	0.0	0.0	0.0	0.0	0.0	0.0	0.0	0.0	0.0	0.0	0.0	0.0	0.0	0.0	0.0	0.0	0.0	0.0	0.0	0.0	0.0	0.0	0.0	0.0	0.0	0.0	0.0	0.0	0.0	0.0	0.0	0.0	0.0	0.0	0.0	0.0	0.0	0.0	0.0	0.0	0.0	0.0	26978.88773391213	-1148.7009836239408	58.32460972282874	27003.394213856012	-26981.035723456287	1004.3560420863762	-439.9136285690944	27003.30616369597	0.0	0.0	0.0	0.0	0.0	0.0	0.0	0.0	0.0	0.0	0.0	0.0	0.0	0.0	0.0	0.0	0.0	0.0	0.0	0.0	0.0	0.0	0.0	0.0	0.0	0.0	0.0	0.0	26924.611410084373	-1877.4690117358277	847.9117266712831	27003.30616369597	0.0	0.0	0.0	0.0	0.0	0.0	0.0	0.0	0.0	0.0	0.0	0.0	0.0	0.0	0.0	0.0	0.0	0.0	0.0	0.0	0.0	0.0	0.0	0.0	0.0	0.0	0.0	0.0	0.0	0.0	0.0	0.0	0.0	0.0	0.0	0.0	0.0	0.0	0.0	0.0	0.0	0.0	0.0	0.0	0.0	0.0	0.0	0.0	0.0	0.0	0.0	0.0	0.0	0.0	0.0	0.0	0.0	0.0	0.0	0.0	0.0	0.0	0.0	0.0	0.0	0.0	0.0	0.0	0.0	0.0	0.0	0.0	0.0	0.0	0.0	0.0	0.0	0.0	0.0	0.0	0.0	0.0	0.0	0.0	0.0	0.0	0.0	0.0	0.0	0.0	0.0	0.0	0.0	0.0	0.0	0.0	0.0	0.0	0.0	0.0	28.031993960169874	-2.5680060398301268	0.11949443620253061	-0.6082210550406647	20.197565024936562	0.27629354013574076	0.04395760000156043	-2.23912514229929	0.0007062595340910586
186.0	186.4615	2600.0	2587.6588171854805	0.14723333101744066	-0.5597295084865794	28.40510269534366	-89.94140167184199	-26.767301572697757	-22.13690139195865	96.41569670658748	92.38234967326389	16.475607334068624	-22.13690139195868	96.41569670658879	2.888355734941075e-15	0.0	2.888355734941075e-15	-21.38733287750233	-20.91649375499917	0.3351280469092794	15.695507369155806	2.2326483329247915	-0.21155771684833571	1.5487012703366483	0.0	0.0	0.0	0.0	0.0	0.0	0.0	0.0	0.0	0.0	0.0	0.0	0.0	0.0	0.0	0.0	0.0	0.0	0.0	0.0	0.0	0.0	0.0	0.0	0.0	0.0	0.0	0.0	0.0	0.0	0.0	0.0	0.0	0.0	0.0	0.0	0.0	0.0	0.0	0.0	0.0	0.0	0.0	0.0	0.0	0.0	0.0	0.0	26984.681708666478	-1146.0687182757847	57.607854387548876	27009.069570978118	-26984.068268181454	1016.704359149889	-559.8706398294852	27009.018552867386	0.0	0.0	0.0	0.0	0.0	0.0	0.0	0.0	0.0	0.0	0.0	0.0	0.0	0.0	0.0	0.0	0.0	0.0	0.0	0.0	0.0	0.0	0.0	0.0	0.0	0.0	0.0	0.0	26926.34428505245	-1877.7576099654134	965.9673856684624	27009.018552867386	0.0	0.0	0.0	0.0	0.0	0.0	0.0	0.0	0.0	0.0	0.0	0.0	0.0	0.0	0.0	0.0	0.0	0.0	0.0	0.0	0.0	0.0	0.0	0.0	0.0	0.0	0.0	0.0	0.0	0.0	0.0	0.0	0.0	0.0	0.0	0.0	0.0	0.0	0.0	0.0	0.0	0.0	0.0	0.0	0.0	0.0	0.0	0.0	0.0	0.0	0.0	0.0	0.0	0.0	0.0	0.0	0.0	0.0	0.0	0.0	0.0	0.0	0.0	0.0	0.0	0.0	0.0	0.0	0.0	0.0	0.0	0.0	0.0	0.0	0.0	0.0	0.0	0.0	0.0	0.0	0.0	0.0	0.0	0.0	0.0	0.0	0.0	0.0	0.0	0.0	0.0	0.0	0.0	0.0	0.0	0.0	0.0	0.0	0.0	0.0	28.04093850306426	-2.559061496935737	0.11963375306930872	-0.6084329354652375	20.209774587273184	0.27624083767400726	0.043935200795267366	-2.2299238216692796	0.0010319462602717301
187.0	187.4617	2600.0	2587.7626021833485	0.1666006904426014	-0.5544003963651908	28.401794307615052	-89.18627617009949	12.257105901186149	-77.60476192581537	118.85675233542531	86.83928188635218	-23.735366515491478	-77.60476192581535	118.85675233542483	1.2772328405471825e-15	0.0	1.2772328405471825e-15	-21.637213331725835	-21.156288713253794	0.3342513369899816	15.692367214541319	2.2752817005786707	-0.17149676226649438	1.5535331932454193	0.0	0.0	0.0	0.0	0.0	0.0	0.0	0.0	0.0	0.0	0.0	0.0	0.0	0.0	0.0	0.0	0.0	0.0	0.0	0.0	0.0	0.0	0.0	0.0	0.0	0.0	0.0	0.0	0.0	0.0	0.0	0.0	0.0	0.0	0.0	0.0	0.0	0.0	0.0	0.0	0.0	0.0	0.0	0.0	0.0	0.0	0.0	0.0	27124.177718714724	-80.2367594082966	11.637686028380845	27124.298890288705	-27107.539162109864	-1.5547795745747732	-948.2130179803714	27124.118230278513	0.0	0.0	0.0	0.0	0.0	0.0	0.0	0.0	0.0	0.0	0.0	0.0	0.0	0.0	0.0	0.0	0.0	0.0	0.0	0.0	0.0	0.0	0.0	0.0	0.0	0.0	0.0	0.0	27090.860940432907	-818.228025941103	1064.6812545632597	27124.118230278513	0.0	0.0	0.0	0.0	0.0	0.0	0.0	0.0	0.0	0.0	0.0	0.0	0.0	0.0	0.0	0.0	0.0	0.0	0.0	0.0	0.0	0.0	0.0	0.0	0.0	0.0	0.0	0.0	0.0	0.0	0.0	0.0	0.0	0.0	0.0	0.0	0.0	0.0	0.0	0.0	0.0	0.0	0.0	0.0	0.0	0.0	0.0	0.0	0.0	0.0	0.0	0.0	0.0	0.0	0.0	0.0	0.0	0.0	0.0	0.0	0.0	0.0	0.0	0.0	0.0	0.0	0.0	0.0	0.0	0.0	0.0	0.0	0.0	0.0	0.0	0.0	0.0	0.0	0.0	0.0	0.0	0.0	0.0	0.0	0.0	0.0	0.0	0.0	0.0	0.0	0.0	0.0	0.0	0.0	0.0	0.0	0.0	0.0	0.0	0.0	28.05106337451453	-2.5489366254854713	0.11970476786617644	-0.6079017275248711	20.224489630285873	0.2762069762845614	0.04391949385531255	-2.2202999205451186	0.00119494317377782
188.0	188.4619	2600.0	2587.735622259326	0.18557587244636192	-0.5487422123883262	28.398177909366915	-89.8305286561681	33.62238204409368	-83.50342103098258	127.17236247252454	83.90503276807067	-46.475089339939586	-83.50342103098251	127.17236247252745	0.0	0.0	0.0	-21.880940257735148	-21.390154194615224	0.33324910641803335	15.688837155505617	2.313678906746902	-0.1270066860409483	1.5539335030910657	0.0	0.0	0.0	0.0	0.0	0.0	0.0	0.0	0.0	0.0	0.0	0.0	0.0	0.0	0.0	0.0	0.0	0.0	0.0	0.0	0.0	0.0	0.0	0.0	0.0	0.0	0.0	0.0	0.0	0.0	0.0	0.0	0.0	0.0	0.0	0.0	0.0	0.0	0.0	0.0	0.0	0.0	0.0	0.0	0.0	0.0	0.0	0.0	27248.515179730017	860.6993354359676	-3.2641943236317292	27262.105448790295	-27214.909178075697	-893.3959737983728	-1326.13147248367	27261.842612325752	0.0	0.0	0.0	0.0	0.0	0.0	0.0	0.0	0.0	0.0	0.0	0.0	0.0	0.0	0.0	0.0	0.0	0.0	0.0	0.0	0.0	0.0	0.0	0.0	0.0	0.0	0.0	0.0	27235.705409408674	119.28336514880435	1187.5120841177938	27261.842612325752	0.0	0.0	0.0	0.0	0.0	0.0	0.0	0.0	0.0	0.0	0.0	0.0	0.0	0.0	0.0	0.0	0.0	0.0	0.0	0.0	0.0	0.0	0.0	0.0	0.0	0.0	0.0	0.0	0.0	0.0	0.0	0.0	0.0	0.0	0.0	0.0	0.0	0.0	0.0	0.0	0.0	0.0	0.0	0.0	0.0	0.0	0.0	0.0	0.0	0.0	0.0	0.0	0.0	0.0	0.0	0.0	0.0	0.0	0.0	0.0	0.0	0.0	0.0	0.0	0.0	0.0	0.0	0.0	0.0	0.0	0.0	0.0	0.0	0.0	0.0	0.0	0.0	0.0	0.0	0.0	0.0	0.0	0.0	0.0	0.0	0.0	0.0	0.0	0.0	0.0	0.0	0.0	0.0	0.0	0.0	0.0	0.0	0.0	0.0	0.0	28.062205501300713	-2.5377944986992844	0.119666912468778	-0.6054561329603929	20.241464833906207	0.27620063221212526	0.043902060230970485	-2.211591846418861	0.0013811015878652595
189.0	189.462	2600.0	2587.1692273767453	0.2040674249504418	-0.5426635783469754	28.394241047934013	-93.15496456262008	67.24868311527462	-84.91165023821291	142.8643452705336	80.83238138950219	-81.64777352936653	-84.91165023821284	142.86434527053018	-2.1472923683764696e-15	0.0	-2.1472923683764696e-15	-22.11595764027437	-21.61720766182005	0.3307230254645645	15.658394332657334	2.3387107527148245	-0.10514974482189808	1.5420434052808119	0.0	0.0	0.0	0.0	0.0	0.0	0.0	0.0	0.0	0.0	0.0	0.0	0.0	0.0	0.0	0.0	0.0	0.0	0.0	0.0	0.0	0.0	0.0	0.0	0.0	0.0	0.0	0.0	0.0	0.0	0.0	0.0	0.0	0.0	0.0	0.0	0.0	0.0	0.0	0.0	0.0	0.0	0.0	0.0	0.0	0.0	0.0	0.0	27388.220169408185	1920.8948896566042	14.528133026887538	27455.503133101305	-27332.78055887348	-1890.626715232899	-1767.7681238901778	27455.060855800835	0.0	0.0	0.0	0.0	0.0	0.0	0.0	0.0	0.0	0.0	0.0	0.0	0.0	0.0	0.0	0.0	0.0	0.0	0.0	0.0	0.0	0.0	0.0	0.0	0.0	0.0	0.0	0.0	27396.731475738223	1180.5839511285233	1343.7606097661833	27455.060855800835	0.0	0.0	0.0	0.0	0.0	0.0	0.0	0.0	0.0	0.0	0.0	0.0	0.0	0.0	0.0	0.0	0.0	0.0	0.0	0.0	0.0	0.0	0.0	0.0	0.0	0.0	0.0	0.0	0.0	0.0	0.0	0.0	0.0	0.0	0.0	0.0	0.0	0.0	0.0	0.0	0.0	0.0	0.0	0.0	0.0	0.0	0.0	0.0	0.0	0.0	0.0	0.0	0.0	0.0	0.0	0.0	0.0	0.0	0.0	0.0	0.0	0.0	0.0	0.0	0.0	0.0	0.0	0.0	0.0	0.0	0.0	0.0	0.0	0.0	0.0	0.0	0.0	0.0	0.0	0.0	0.0	0.0	0.0	0.0	0.0	0.0	0.0	0.0	0.0	0.0	0.0	0.0	0.0	0.0	0.0	0.0	0.0	0.0	0.0	0.0	28.07445123838772	-2.5255487616122814	0.11958998560734317	-0.5991720159367925	20.259713501825214	0.27621571679172596	0.04389129998445909	-2.205614684164885	0.00164279412140959
190.0	190.462	2600.0	2586.8548509938505	0.22220222271051177	-0.5361044431248406	28.389970900429628	-95.52974976131738	74.61874894666468	-64.29313719038298	137.21333125322295	80.39205559354741	-90.72490386475329	-64.29313719038288	137.21333125322096	0.0	0.0	0.0	-22.343313514699055	-21.837904502486342	0.32772280691224803	15.615680188807929	2.356182668116348	-0.09114299075336177	1.523208361981417	0.0	0.0	0.0	0.0	0.0	0.0	0.0	0.0	0.0	0.0	0.0	0.0	0.0	0.0	0.0	0.0	0.0	0.0	0.0	0.0	0.0	0.0	0.0	0.0	0.0	0.0	0.0	0.0	0.0	0.0	0.0	0.0	0.0	0.0	0.0	0.0	0.0	0.0	0.0	0.0	0.0	0.0	0.0	0.0	0.0	0.0	0.0	0.0	27488.30015487057	2663.2817514059357	29.35763263042204	27617.03418113942	-27413.90863662162	-2583.9312437786293	-2113.7984330318454	27616.430457702176	0.0	0.0	0.0	0.0	0.0	0.0	0.0	0.0	0.0	0.0	0.0	0.0	0.0	0.0	0.0	0.0	0.0	0.0	0.0	0.0	0.0	0.0	0.0	0.0	0.0	0.0	0.0	0.0	27508.642429767333	1928.258257025929	1491.1884490285006	27616.430457702176	0.0	0.0	0.0	0.0	0.0	0.0	0.0	0.0	0.0	0.0	0.0	0.0	0.0	0.0	0.0	0.0	0.0	0.0	0.0	0.0	0.0	0.0	0.0	0.0	0.0	0.0	0.0	0.0	0.0	0.0	0.0	0.0	0.0	0.0	0.0	0.0	0.0	0.0	0.0	0.0	0.0	0.0	0.0	0.0	0.0	0.0	0.0	0.0	0.0	0.0	0.0	0.0	0.0	0.0	0.0	0.0	0.0	0.0	0.0	0.0	0.0	0.0	0.0	0.0	0.0	0.0	0.0	0.0	0.0	0.0	0.0	0.0	0.0	0.0	0.0	0.0	0.0	0.0	0.0	0.0	0.0	0.0	0.0	0.0	0.0	0.0	0.0	0.0	0.0	0.0	0.0	0.0	0.0	0.0	0.0	0.0	0.0	0.0	0.0	0.0	28.087853928340646	-2.512146071659359	0.11955591450302483	-0.5903046422306684	20.279885511416595	0.27625732361617245	0.04388046361722372	-2.2010751572410854	0.0018866992532565897
191.0	191.4621	2600.0	2587.0137907160074	0.2401800155441396	-0.5287846518105204	28.385286552982656	-95.65924056844779	67.5560564240295	-40.19345394513779	123.81447736730439	80.3267050869017	-85.21814076579903	-40.19345394513768	123.8144773672995	1.470250710805894e-14	0.0	1.470250710805894e-14	-22.564131356475613	-22.05245839620527	0.324360176452537	15.568239368700008	2.375246914549451	-0.07695055470457178	1.5062925296622898	0.0	0.0	0.0	0.0	0.0	0.0	0.0	0.0	0.0	0.0	0.0	0.0	0.0	0.0	0.0	0.0	0.0	0.0	0.0	0.0	0.0	0.0	0.0	0.0	0.0	0.0	0.0	0.0	0.0	0.0	0.0	0.0	0.0	0.0	0.0	0.0	0.0	0.0	0.0	0.0	0.0	0.0	0.0	0.0	0.0	0.0	0.0	0.0	27492.832679976913	2655.4676419045068	48.99393289906037	27620.821087937806	-27409.39965890022	-2555.944905889214	-2253.7008850289335	27620.412953148276	0.0	0.0	0.0	0.0	0.0	0.0	0.0	0.0	0.0	0.0	0.0	0.0	0.0	0.0	0.0	0.0	0.0	0.0	0.0	0.0	0.0	0.0	0.0	0.0	0.0	0.0	0.0	0.0	27504.463843521153	1928.797537426571	1634.4480543891175	27620.412953148276	0.0	0.0	0.0	0.0	0.0	0.0	0.0	0.0	0.0	0.0	0.0	0.0	0.0	0.0	0.0	0.0	0.0	0.0	0.0	0.0	0.0	0.0	0.0	0.0	0.0	0.0	0.0	0.0	0.0	0.0	0.0	0.0	0.0	0.0	0.0	0.0	0.0	0.0	0.0	0.0	0.0	0.0	0.0	0.0	0.0	0.0	0.0	0.0	0.0	0.0	0.0	0.0	0.0	0.0	0.0	0.0	0.0	0.0	0.0	0.0	0.0	0.0	0.0	0.0	0.0	0.0	0.0	0.0	0.0	0.0	0.0	0.0	0.0	0.0	0.0	0.0	0.0	0.0	0.0	0.0	0.0	0.0	0.0	0.0	0.0	0.0	0.0	0.0	0.0	0.0	0.0	0.0	0.0	0.0	0.0	0.0	0.0	0.0	0.0	0.0	28.102690072051562	-2.497309927948436	0.11963070967543242	-0.5821698761067595	20.302110516759427	0.2763100683839271	0.043860145246449794	-2.194384553246308	0.002135132766087669
192.0	192.4622	2600.0	2586.8810329600074	0.2579969578598143	-0.5206259128202033	28.380174031001683	-95.12939977282801	61.41739436635543	-37.54842491808191	119.29619962815163	79.63438046649024	-80.4988476911858	-37.54842491808186	119.29619962814945	0.0	0.0	0.0	-22.77810520269657	-22.260662357980113	0.32077045013561484	15.515992169287625	2.397904978137264	-0.06249608827850172	1.493347291519082	0.0	0.0	0.0	0.0	0.0	0.0	0.0	0.0	0.0	0.0	0.0	0.0	0.0	0.0	0.0	0.0	0.0	0.0	0.0	0.0	0.0	0.0	0.0	0.0	0.0	0.0	0.0	0.0	0.0	0.0	0.0	0.0	0.0	0.0	0.0	0.0	0.0	0.0	0.0	0.0	0.0	0.0	0.0	0.0	0.0	0.0	0.0	0.0	27493.939075474034	2649.537665636546	52.63988448111018	27621.359609638024	-27401.17288986501	-2533.1640755671274	-2379.830031783821	27620.73110824906	0.0	0.0	0.0	0.0	0.0	0.0	0.0	0.0	0.0	0.0	0.0	0.0	0.0	0.0	0.0	0.0	0.0	0.0	0.0	0.0	0.0	0.0	0.0	0.0	0.0	0.0	0.0	0.0	27496.83532673465	1928.7238867766143	1763.195433640868	27620.73110824906	0.0	0.0	0.0	0.0	0.0	0.0	0.0	0.0	0.0	0.0	0.0	0.0	0.0	0.0	0.0	0.0	0.0	0.0	0.0	0.0	0.0	0.0	0.0	0.0	0.0	0.0	0.0	0.0	0.0	0.0	0.0	0.0	0.0	0.0	0.0	0.0	0.0	0.0	0.0	0.0	0.0	0.0	0.0	0.0	0.0	0.0	0.0	0.0	0.0	0.0	0.0	0.0	0.0	0.0	0.0	0.0	0.0	0.0	0.0	0.0	0.0	0.0	0.0	0.0	0.0	0.0	0.0	0.0	0.0	0.0	0.0	0.0	0.0	0.0	0.0	0.0	0.0	0.0	0.0	0.0	0.0	0.0	0.0	0.0	0.0	0.0	0.0	0.0	0.0	0.0	0.0	0.0	0.0	0.0	0.0	0.0	0.0	0.0	0.0	0.0	28.1190300579038	-2.480969942096202	0.11977242954583342	-0.5756430910788791	20.326524189291963	0.2763629884036059	0.04384941106226124	-2.1845908095040016	0.0023489925136480003
193.0	193.4624	2600.0	2586.7342581179723	0.27558644505414237	-0.5116931027058665	28.374664537530567	-97.0822739464547	61.09011991993612	-41.899571052050106	122.11693052477389	80.19258504143727	-82.01292563259993	-41.89957105205005	122.11693052477328	0.0	0.0	0.0	-22.9855128452721	-22.462542368353734	0.3166846870321078	15.458940584253623	2.4234117109655995	-0.04780287885887984	1.4836818548680721	0.0	0.0	0.0	0.0	0.0	0.0	0.0	0.0	0.0	0.0	0.0	0.0	0.0	0.0	0.0	0.0	0.0	0.0	0.0	0.0	0.0	0.0	0.0	0.0	0.0	0.0	0.0	0.0	0.0	0.0	0.0	0.0	0.0	0.0	0.0	0.0	0.0	0.0	0.0	0.0	0.0	0.0	0.0	0.0	0.0	0.0	0.0	0.0	27497.419380907268	2644.6010133844516	55.9469804644889	27624.357317304446	-27394.7484067067	-2512.0428392789404	-2507.4379508351803	27623.718876545572	0.0	0.0	0.0	0.0	0.0	0.0	0.0	0.0	0.0	0.0	0.0	0.0	0.0	0.0	0.0	0.0	0.0	0.0	0.0	0.0	0.0	0.0	0.0	0.0	0.0	0.0	0.0	0.0	27491.19998357991	1928.8253936337	1892.9872250256208	27623.718876545572	0.0	0.0	0.0	0.0	0.0	0.0	0.0	0.0	0.0	0.0	0.0	0.0	0.0	0.0	0.0	0.0	0.0	0.0	0.0	0.0	0.0	0.0	0.0	0.0	0.0	0.0	0.0	0.0	0.0	0.0	0.0	0.0	0.0	0.0	0.0	0.0	0.0	0.0	0.0	0.0	0.0	0.0	0.0	0.0	0.0	0.0	0.0	0.0	0.0	0.0	0.0	0.0	0.0	0.0	0.0	0.0	0.0	0.0	0.0	0.0	0.0	0.0	0.0	0.0	0.0	0.0	0.0	0.0	0.0	0.0	0.0	0.0	0.0	0.0	0.0	0.0	0.0	0.0	0.0	0.0	0.0	0.0	0.0	0.0	0.0	0.0	0.0	0.0	0.0	0.0	0.0	0.0	0.0	0.0	0.0	0.0	0.0	0.0	0.0	0.0	28.136797861121888	-2.463202138878106	0.11995629246822649	-0.57046392975172	20.352997559176732	0.2764158966931919	0.043830576195488226	-2.172028416291257	0.0025883506690755507
194.0	194.4625	2600.0	2586.71949114767	0.2928906933424976	-0.5020460414154055	28.368788753536858	-96.7616116967629	51.59934047949718	-14.023477835983073	110.55297086324954	80.8086689038846	-74.13002405271254	-14.02347783598299	110.55297086324586	2.1930987251532875e-14	0.0	2.1930987251532875e-14	-23.186286888064032	-22.65812935447552	0.31214654137565623	15.396804438257822	2.450740153228845	-0.033212517408311645	1.47635339099732	0.0	0.0	0.0	0.0	0.0	0.0	0.0	0.0	0.0	0.0	0.0	0.0	0.0	0.0	0.0	0.0	0.0	0.0	0.0	0.0	0.0	0.0	0.0	0.0	0.0	0.0	0.0	0.0	0.0	0.0	0.0	0.0	0.0	0.0	0.0	0.0	0.0	0.0	0.0	0.0	0.0	0.0	0.0	0.0	0.0	0.0	0.0	0.0	27501.659174002256	2641.4963890959943	69.49795707785206	27628.31139361629	-27387.41278735571	-2487.7589241778055	-2651.731303233385	27627.721631621924	0.0	0.0	0.0	0.0	0.0	0.0	0.0	0.0	0.0	0.0	0.0	0.0	0.0	0.0	0.0	0.0	0.0	0.0	0.0	0.0	0.0	0.0	0.0	0.0	0.0	0.0	0.0	0.0	27484.704535937733	1929.0565592581681	2039.7940871020473	27627.721631621924	0.0	0.0	0.0	0.0	0.0	0.0	0.0	0.0	0.0	0.0	0.0	0.0	0.0	0.0	0.0	0.0	0.0	0.0	0.0	0.0	0.0	0.0	0.0	0.0	0.0	0.0	0.0	0.0	0.0	0.0	0.0	0.0	0.0	0.0	0.0	0.0	0.0	0.0	0.0	0.0	0.0	0.0	0.0	0.0	0.0	0.0	0.0	0.0	0.0	0.0	0.0	0.0	0.0	0.0	0.0	0.0	0.0	0.0	0.0	0.0	0.0	0.0	0.0	0.0	0.0	0.0	0.0	0.0	0.0	0.0	0.0	0.0	0.0	0.0	0.0	0.0	0.0	0.0	0.0	0.0	0.0	0.0	0.0	0.0	0.0	0.0	0.0	0.0	0.0	0.0	0.0	0.0	0.0	0.0	0.0	0.0	0.0	0.0	0.0	0.0	28.155921786613437	-2.4440782133865677	0.12015274781569661	-0.5662905789247445	20.3815232741583	0.2764687944670701	0.043805657538335305	-2.1571088093383803	0.0028413000748854795
195.0	195.4625	2600.0	2586.568932039649	0.3098346769445262	-0.491709241444219	28.362570151575973	-97.90059417822975	55.50818977710151	-26.45657267885789	115.60984262030996	79.55814442640437	-79.60017040313686	-26.456572678857807	115.60984262030951	2.6188201346357563e-15	0.0	2.6188201346357563e-15	-23.379692222115253	-22.847251971397203	0.30722324061131767	15.325574507235073	2.4777660891164395	-0.02289323812599208	1.4695967675100217	0.0	0.0	0.0	0.0	0.0	0.0	0.0	0.0	0.0	0.0	0.0	0.0	0.0	0.0	0.0	0.0	0.0	0.0	0.0	0.0	0.0	0.0	0.0	0.0	0.0	0.0	0.0	0.0	0.0	0.0	0.0	0.0	0.0	0.0	0.0	0.0	0.0	0.0	0.0	0.0	0.0	0.0	0.0	0.0	0.0	0.0	0.0	0.0	27504.19337243472	2638.357869529256	67.62105204957517	27630.529454258918	-27379.30245590144	-2470.4079519475135	-2772.014544621972	27629.9327370946	0.0	0.0	0.0	0.0	0.0	0.0	0.0	0.0	0.0	0.0	0.0	0.0	0.0	0.0	0.0	0.0	0.0	0.0	0.0	0.0	0.0	0.0	0.0	0.0	0.0	0.0	0.0	0.0	27477.58058979652	1929.163785642896	2161.960932989648	27629.9327370946	0.0	0.0	0.0	0.0	0.0	0.0	0.0	0.0	0.0	0.0	0.0	0.0	0.0	0.0	0.0	0.0	0.0	0.0	0.0	0.0	0.0	0.0	0.0	0.0	0.0	0.0	0.0	0.0	0.0	0.0	0.0	0.0	0.0	0.0	0.0	0.0	0.0	0.0	0.0	0.0	0.0	0.0	0.0	0.0	0.0	0.0	0.0	0.0	0.0	0.0	0.0	0.0	0.0	0.0	0.0	0.0	0.0	0.0	0.0	0.0	0.0	0.0	0.0	0.0	0.0	0.0	0.0	0.0	0.0	0.0	0.0	0.0	0.0	0.0	0.0	0.0	0.0	0.0	0.0	0.0	0.0	0.0	0.0	0.0	0.0	0.0	0.0	0.0	0.0	0.0	0.0	0.0	0.0	0.0	0.0	0.0	0.0	0.0	0.0	0.0	28.176365224581367	-2.423634775418638	0.12032886414515677	-0.562575035265112	20.412096122705982	0.2765217157856824	0.04378737180915308	-2.140412867864481	0.0030554326467126195
196.0	196.4626	2600.0	2586.681209017796	0.32637637827643423	-0.48071134099924767	28.356032393971574	-97.4089913333946	45.13680159932118	-19.08089567277309	109.04092365199905	80.62446821732736	-70.89102606027885	-19.080895672773035	109.04092365199965	0.0	0.0	0.0	-23.56589511872366	-23.02987797715939	0.30175324028354567	15.24576866565982	2.5038730315153077	-0.016403166115141827	1.4628759951978678	0.0	0.0	0.0	0.0	0.0	0.0	0.0	0.0	0.0	0.0	0.0	0.0	0.0	0.0	0.0	0.0	0.0	0.0	0.0	0.0	0.0	0.0	0.0	0.0	0.0	0.0	0.0	0.0	0.0	0.0	0.0	0.0	0.0	0.0	0.0	0.0	0.0	0.0	0.0	0.0	0.0	0.0	0.0	0.0	0.0	0.0	0.0	0.0	27508.42942412518	2635.3832212575353	67.59080995012441	27634.462227851498	-27371.81533933316	-2451.804921763961	-2898.236239439821	27633.808923934877	0.0	0.0	0.0	0.0	0.0	0.0	0.0	0.0	0.0	0.0	0.0	0.0	0.0	0.0	0.0	0.0	0.0	0.0	0.0	0.0	0.0	0.0	0.0	0.0	0.0	0.0	0.0	0.0	27471.050069804354	1929.421433875468	2290.444637476878	27633.808923934877	0.0	0.0	0.0	0.0	0.0	0.0	0.0	0.0	0.0	0.0	0.0	0.0	0.0	0.0	0.0	0.0	0.0	0.0	0.0	0.0	0.0	0.0	0.0	0.0	0.0	0.0	0.0	0.0	0.0	0.0	0.0	0.0	0.0	0.0	0.0	0.0	0.0	0.0	0.0	0.0	0.0	0.0	0.0	0.0	0.0	0.0	0.0	0.0	0.0	0.0	0.0	0.0	0.0	0.0	0.0	0.0	0.0	0.0	0.0	0.0	0.0	0.0	0.0	0.0	0.0	0.0	0.0	0.0	0.0	0.0	0.0	0.0	0.0	0.0	0.0	0.0	0.0	0.0	0.0	0.0	0.0	0.0	0.0	0.0	0.0	0.0	0.0	0.0	0.0	0.0	0.0	0.0	0.0	0.0	0.0	0.0	0.0	0.0	0.0	0.0	28.198086592932402	-2.4019134070675965	0.12047310891653498	-0.5591055166840309	20.444663685378426	0.2765745918215097	0.043765689773840794	-2.1221925391401952	0.0032716073019191205
197.0	197.4625	2600.0	2586.927695011071	0.3424917333381889	-0.46907633949440114	28.349197284854117	-95.45886388689631	39.91078050456053	-18.701014550811976	105.1427269966396	79.08297046996086	-66.7169309598976	-18.701014550811887	105.14272699664069	0.0	0.0	0.0	-23.744819899351317	-23.205949234880226	0.2959825637797076	15.1594169482532	2.5292979654087895	-0.011726621962523559	1.4563416754353233	0.0	0.0	0.0	0.0	0.0	0.0	0.0	0.0	0.0	0.0	0.0	0.0	0.0	0.0	0.0	0.0	0.0	0.0	0.0	0.0	0.0	0.0	0.0	0.0	0.0	0.0	0.0	0.0	0.0	0.0	0.0	0.0	0.0	0.0	0.0	0.0	0.0	0.0	0.0	0.0	0.0	0.0	0.0	0.0	0.0	0.0	0.0	0.0	27508.55864184514	2632.9244250569604	61.99792531508496	27634.343366952613	-27361.46591944275	-2439.261482174141	-3002.9871217584396	27633.634315679374	0.0	0.0	0.0	0.0	0.0	0.0	0.0	0.0	0.0	0.0	0.0	0.0	0.0	0.0	0.0	0.0	0.0	0.0	0.0	0.0	0.0	0.0	0.0	0.0	0.0	0.0	0.0	0.0	27461.770615569247	1929.7476657571722	2396.8675593480702	27633.634315679374	0.0	0.0	0.0	0.0	0.0	0.0	0.0	0.0	0.0	0.0	0.0	0.0	0.0	0.0	0.0	0.0	0.0	0.0	0.0	0.0	0.0	0.0	0.0	0.0	0.0	0.0	0.0	0.0	0.0	0.0	0.0	0.0	0.0	0.0	0.0	0.0	0.0	0.0	0.0	0.0	0.0	0.0	0.0	0.0	0.0	0.0	0.0	0.0	0.0	0.0	0.0	0.0	0.0	0.0	0.0	0.0	0.0	0.0	0.0	0.0	0.0	0.0	0.0	0.0	0.0	0.0	0.0	0.0	0.0	0.0	0.0	0.0	0.0	0.0	0.0	0.0	0.0	0.0	0.0	0.0	0.0	0.0	0.0	0.0	0.0	0.0	0.0	0.0	0.0	0.0	0.0	0.0	0.0	0.0	0.0	0.0	0.0	0.0	0.0	0.0	28.221048316869567	-2.3789516831304347	0.12058047735773192	-0.5558736717284206	20.479367263584713	0.27662751987360634	0.043747345103960014	-2.1024942717062385	0.0034507792140882603
198.0	198.4625	2600.0	2586.924889987156	0.3581774047830669	-0.4568426648939257	28.342089371708816	-95.50007492842222	32.226351269728184	-6.653771943156528	101.01027031230888	80.3792223184191	-60.81104050236899	-6.653771943156498	101.01027031231105	0.0	0.0	0.0	-23.91679577283647	-23.375340751125677	0.289540912191871	15.067260664992663	2.554112782281234	-0.008148918260796424	1.4500569624766377	0.0	0.0	0.0	0.0	0.0	0.0	0.0	0.0	0.0	0.0	0.0	0.0	0.0	0.0	0.0	0.0	0.0	0.0	0.0	0.0	0.0	0.0	0.0	0.0	0.0	0.0	0.0	0.0	0.0	0.0	0.0	0.0	0.0	0.0	0.0	0.0	0.0	0.0	0.0	0.0	0.0	0.0	0.0	0.0	0.0	0.0	0.0	0.0	27512.43096452116	2629.717740435889	67.51518755835886	27637.905696207472	-27351.718136573254	-2418.266665168579	-3138.7852973965655	27637.229814682385	0.0	0.0	0.0	0.0	0.0	0.0	0.0	0.0	0.0	0.0	0.0	0.0	0.0	0.0	0.0	0.0	0.0	0.0	0.0	0.0	0.0	0.0	0.0	0.0	0.0	0.0	0.0	0.0	27452.93849819586	1929.705584439165	2535.5228260121853	27637.229814682385	0.0	0.0	0.0	0.0	0.0	0.0	0.0	0.0	0.0	0.0	0.0	0.0	0.0	0.0	0.0	0.0	0.0	0.0	0.0	0.0	0.0	0.0	0.0	0.0	0.0	0.0	0.0	0.0	0.0	0.0	0.0	0.0	0.0	0.0	0.0	0.0	0.0	0.0	0.0	0.0	0.0	0.0	0.0	0.0	0.0	0.0	0.0	0.0	0.0	0.0	0.0	0.0	0.0	0.0	0.0	0.0	0.0	0.0	0.0	0.0	0.0	0.0	0.0	0.0	0.0	0.0	0.0	0.0	0.0	0.0	0.0	0.0	0.0	0.0	0.0	0.0	0.0	0.0	0.0	0.0	0.0	0.0	0.0	0.0	0.0	0.0	0.0	0.0	0.0	0.0	0.0	0.0	0.0	0.0	0.0	0.0	0.0	0.0	0.0	0.0	28.245197441697492	-2.354802558302514	0.12066302084653373	-0.5528754977487673	20.516087431969577	0.2766803962011195	0.04373162171361854	-2.0813753004490234	0.0036866689408347896
199.0	199.4624	2600.0	2586.5629933530104	0.37341114236002687	-0.44397653952621985	28.334715677024903	-98.2497718068366	31.394996492610524	-8.385700675199049	103.48421831700007	82.17536620045935	-62.336768080214824	-8.385700675199022	103.48421831699808	0.0	0.0	0.0	-24.08143095487681	-23.53801073489429	0.2828112054386267	14.969577052781148	2.5781323238893163	-0.005435611203989319	1.4439105199161795	0.0	0.0	0.0	0.0	0.0	0.0	0.0	0.0	0.0	0.0	0.0	0.0	0.0	0.0	0.0	0.0	0.0	0.0	0.0	0.0	0.0	0.0	0.0	0.0	0.0	0.0	0.0	0.0	0.0	0.0	0.0	0.0	0.0	0.0	0.0	0.0	0.0	0.0	0.0	0.0	0.0	0.0	0.0	0.0	0.0	0.0	0.0	0.0	27298.54524813484	2606.2513285873347	67.05849105658487	27422.757255488574	-27126.28610352931	-2383.0160934301043	-3233.437614635493	27422.058315885293	0.0	0.0	0.0	0.0	0.0	0.0	0.0	0.0	0.0	0.0	0.0	0.0	0.0	0.0	0.0	0.0	0.0	0.0	0.0	0.0	0.0	0.0	0.0	0.0	0.0	0.0	0.0	0.0	27227.7053429396	1914.6769317984615	2637.300946936302	27422.058315885293	0.0	0.0	0.0	0.0	0.0	0.0	0.0	0.0	0.0	0.0	0.0	0.0	0.0	0.0	0.0	0.0	0.0	0.0	0.0	0.0	0.0	0.0	0.0	0.0	0.0	0.0	0.0	0.0	0.0	0.0	0.0	0.0	0.0	0.0	0.0	0.0	0.0	0.0	0.0	0.0	0.0	0.0	0.0	0.0	0.0	0.0	0.0	0.0	0.0	0.0	0.0	0.0	0.0	0.0	0.0	0.0	0.0	0.0	0.0	0.0	0.0	0.0	0.0	0.0	0.0	0.0	0.0	0.0	0.0	0.0	0.0	0.0	0.0	0.0	0.0	0.0	0.0	0.0	0.0	0.0	0.0	0.0	0.0	0.0	0.0	0.0	0.0	0.0	0.0	0.0	0.0	0.0	0.0	0.0	0.0	0.0	0.0	0.0	0.0	0.0	28.270553565900688	-2.3294464340993093	0.12072526067283813	-0.5500560839958799	20.554970407977592	0.2767333153056295	0.04371211537527164	-2.058870111034814	0.0038969603136561094
200.0	200.4621	2600.0	2586.305302672531	0.38820431294126057	-0.4304547864912651	28.32708391008444	-99.89429575554459	14.738845004434548	6.734138270181119	101.20006173319696	88.4387926761119	-48.73072774495087	6.734138270181204	101.20006173319632	-1.2292791446484472e-15	0.0	-1.2292791446484472e-15	-24.23877939192995	-23.69391360530812	0.27577724954296634	14.867013171014955	2.601515146741393	-0.0029537451358442835	1.438174070547011	0.0	0.0	0.0	0.0	0.0	0.0	0.0	0.0	0.0	0.0	0.0	0.0	0.0	0.0	0.0	0.0	0.0	0.0	0.0	0.0	0.0	0.0	0.0	0.0	0.0	0.0	0.0	0.0	0.0	0.0	0.0	0.0	0.0	0.0	0.0	0.0	0.0	0.0	0.0	0.0	0.0	0.0	0.0	0.0	0.0	0.0	0.0	0.0	27277.23796325608	2601.6473905478415	65.56000261653203	27401.10541862839	-27092.316137058977	-2366.5820944955885	-3344.878995827932	27400.410945404896	0.0	0.0	0.0	0.0	0.0	0.0	0.0	0.0	0.0	0.0	0.0	0.0	0.0	0.0	0.0	0.0	0.0	0.0	0.0	0.0	0.0	0.0	0.0	0.0	0.0	0.0	0.0	0.0	27194.684062926164	1913.347481407707	2751.5050627037936	27400.410945404896	0.0	0.0	0.0	0.0	0.0	0.0	0.0	0.0	0.0	0.0	0.0	0.0	0.0	0.0	0.0	0.0	0.0	0.0	0.0	0.0	0.0	0.0	0.0	0.0	0.0	0.0	0.0	0.0	0.0	0.0	0.0	0.0	0.0	0.0	0.0	0.0	0.0	0.0	0.0	0.0	0.0	0.0	0.0	0.0	0.0	0.0	0.0	0.0	0.0	0.0	0.0	0.0	0.0	0.0	0.0	0.0	0.0	0.0	0.0	0.0	0.0	0.0	0.0	0.0	0.0	0.0	0.0	0.0	0.0	0.0	0.0	0.0	0.0	0.0	0.0	0.0	0.0	0.0	0.0	0.0	0.0	0.0	0.0	0.0	0.0	0.0	0.0	0.0	0.0	0.0	0.0	0.0	0.0	0.0	0.0	0.0	0.0	0.0	0.0	0.0	28.297124557446825	-2.302875442553176	0.12073707808265795	-0.5474638061551625	20.596001058642777	0.2767862360665533	0.04368603871516283	-2.0349228513939517	0.0040959103932456
201.0	201.4618	2600.0	2586.603295853894	0.4025415673264248	-0.4163814348480248	28.319238156663904	-97.8791116696118	19.37759359487245	0.1255446952083901	99.77889253860693	84.0024387285284	-53.84609477408957	0.12554469520844688	99.7788925386071	0.0	0.0	0.0	-24.388764385127292	-23.842900008526012	0.26841055287642995	14.759843641833708	2.624537792708819	-0.00044194905511389307	1.4329741678718686	0.0	0.0	0.0	0.0	0.0	0.0	0.0	0.0	0.0	0.0	0.0	0.0	0.0	0.0	0.0	0.0	0.0	0.0	0.0	0.0	0.0	0.0	0.0	0.0	0.0	0.0	0.0	0.0	0.0	0.0	0.0	0.0	0.0	0.0	0.0	0.0	0.0	0.0	0.0	0.0	0.0	0.0	0.0	0.0	0.0	0.0	0.0	0.0	27274.8265593152	2598.6813053048954	62.80592265043185	27398.416978927577	-27077.12277742608	-2353.2334439824285	-3453.4771342547197	27397.715048202546	0.0	0.0	0.0	0.0	0.0	0.0	0.0	0.0	0.0	0.0	0.0	0.0	0.0	0.0	0.0	0.0	0.0	0.0	0.0	0.0	0.0	0.0	0.0	0.0	0.0	0.0	0.0	0.0	27180.543333068417	1912.98155219252	2862.403808456389	27397.715048202546	0.0	0.0	0.0	0.0	0.0	0.0	0.0	0.0	0.0	0.0	0.0	0.0	0.0	0.0	0.0	0.0	0.0	0.0	0.0	0.0	0.0	0.0	0.0	0.0	0.0	0.0	0.0	0.0	0.0	0.0	0.0	0.0	0.0	0.0	0.0	0.0	0.0	0.0	0.0	0.0	0.0	0.0	0.0	0.0	0.0	0.0	0.0	0.0	0.0	0.0	0.0	0.0	0.0	0.0	0.0	0.0	0.0	0.0	0.0	0.0	0.0	0.0	0.0	0.0	0.0	0.0	0.0	0.0	0.0	0.0	0.0	0.0	0.0	0.0	0.0	0.0	0.0	0.0	0.0	0.0	0.0	0.0	0.0	0.0	0.0	0.0	0.0	0.0	0.0	0.0	0.0	0.0	0.0	0.0	0.0	0.0	0.0	0.0	0.0	0.0	28.324789017541153	-2.2752109824588476	0.12074230193207706	-0.5451169784623254	20.639193797798875	0.2768391991388805	0.04366376607661834	-2.0096378569533324	0.004301286653407031
202.0	202.4614	2600.0	2586.5923217391546	0.4165336292634781	-0.4018654521942972	28.311210649345323	-97.93687866804704	15.141333780349667	29.642289026994202	103.43866535608231	84.72223233576004	-51.41046138611272	29.642289026994245	103.43866535608122	0.0	0.0	0.0	-24.531338606904114	-23.984797836649708	0.26060272298038745	14.648179931864796	2.6470897569886964	0.002157065030058472	1.4283583515803295	0.0	0.0	0.0	0.0	0.0	0.0	0.0	0.0	0.0	0.0	0.0	0.0	0.0	0.0	0.0	0.0	0.0	0.0	0.0	0.0	0.0	0.0	0.0	0.0	0.0	0.0	0.0	0.0	0.0	0.0	0.0	0.0	0.0	0.0	0.0	0.0	0.0	0.0	0.0	0.0	0.0	0.0	0.0	0.0	0.0	0.0	0.0	0.0	27620.334644147722	2629.3336325537502	66.5906391452528	27745.282761565206	-27405.104875023084	-2366.347990006753	-3622.379038080576	27744.56714234966	0.0	0.0	0.0	0.0	0.0	0.0	0.0	0.0	0.0	0.0	0.0	0.0	0.0	0.0	0.0	0.0	0.0	0.0	0.0	0.0	0.0	0.0	0.0	0.0	0.0	0.0	0.0	0.0	27510.875786611556	1937.1851453906045	3026.5546554550406	27744.56714234966	0.0	0.0	0.0	0.0	0.0	0.0	0.0	0.0	0.0	0.0	0.0	0.0	0.0	0.0	0.0	0.0	0.0	0.0	0.0	0.0	0.0	0.0	0.0	0.0	0.0	0.0	0.0	0.0	0.0	0.0	0.0	0.0	0.0	0.0	0.0	0.0	0.0	0.0	0.0	0.0	0.0	0.0	0.0	0.0	0.0	0.0	0.0	0.0	0.0	0.0	0.0	0.0	0.0	0.0	0.0	0.0	0.0	0.0	0.0	0.0	0.0	0.0	0.0	0.0	0.0	0.0	0.0	0.0	0.0	0.0	0.0	0.0	0.0	0.0	0.0	0.0	0.0	0.0	0.0	0.0	0.0	0.0	0.0	0.0	0.0	0.0	0.0	0.0	0.0	0.0	0.0	0.0	0.0	0.0	0.0	0.0	0.0	0.0	0.0	0.0	28.353419226647723	-2.246580773352279	0.12078314855008503	-0.5430256869054646	20.68453468597718	0.2768921229316344	0.043641175906648524	-1.9831332838001432	0.004512825401426661
203.0	203.4607	2600.0	2586.81366082679	0.4303419920166669	-0.38698833340328137	28.303017829757586	-97.32714101443024	18.47201797069283	44.814476218885204	108.72959626856627	81.92737233261684	-55.692849528692015	44.81447621888525	108.72959626856802	0.0	0.0	0.0	-24.66625863871534	-24.119535183476593	0.2525557105549338	14.532171829190718	2.6692422334472474	0.004960408225434341	1.4244903558967092	0.0	0.0	0.0	0.0	0.0	0.0	0.0	0.0	0.0	0.0	0.0	0.0	0.0	0.0	0.0	0.0	0.0	0.0	0.0	0.0	0.0	0.0	0.0	0.0	0.0	0.0	0.0	0.0	0.0	0.0	0.0	0.0	0.0	0.0	0.0	0.0	0.0	0.0	0.0	0.0	0.0	0.0	0.0	0.0	0.0	0.0	0.0	0.0	27925.180852585494	2656.4097971067417	65.44685278630169	28051.31943332277	-27694.159823782284	-2381.695712405932	-3768.2430254002925	28050.643812757095	0.0	0.0	0.0	0.0	0.0	0.0	0.0	0.0	0.0	0.0	0.0	0.0	0.0	0.0	0.0	0.0	0.0	0.0	0.0	0.0	0.0	0.0	0.0	0.0	0.0	0.0	0.0	0.0	27802.275768160758	1958.6463318537735	3167.9307075794177	28050.643812757095	0.0	0.0	0.0	0.0	0.0	0.0	0.0	0.0	0.0	0.0	0.0	0.0	0.0	0.0	0.0	0.0	0.0	0.0	0.0	0.0	0.0	0.0	0.0	0.0	0.0	0.0	0.0	0.0	0.0	0.0	0.0	0.0	0.0	0.0	0.0	0.0	0.0	0.0	0.0	0.0	0.0	0.0	0.0	0.0	0.0	0.0	0.0	0.0	0.0	0.0	0.0	0.0	0.0	0.0	0.0	0.0	0.0	0.0	0.0	0.0	0.0	0.0	0.0	0.0	0.0	0.0	0.0	0.0	0.0	0.0	0.0	0.0	0.0	0.0	0.0	0.0	0.0	0.0	0.0	0.0	0.0	0.0	0.0	0.0	0.0	0.0	0.0	0.0	0.0	0.0	0.0	0.0	0.0	0.0	0.0	0.0	0.0	0.0	0.0	0.0	28.38291485068171	-2.217085149318286	0.12096684127130299	-0.5412382010164354	20.73208706252727	0.2769450402578518	0.04362643230471284	-1.955462398525142	0.00470474128241823
204.0	204.46	2600.0	2586.8468266628265	0.44367891104632234	-0.37166339735129633	28.29468078300718	-96.57949339119841	18.336127597394807	44.23761734175041	107.79971663712118	80.31929812543785	-56.680000596381426	44.237617341750465	107.7997166371225	2.39436349448836e-15	0.0	2.39436349448836e-15	-24.7935441723712	-24.247045357570777	0.2441812166798959	14.411744239124989	2.6907417585209332	0.00784233010250925	1.4209215566526945	0.0	0.0	0.0	0.0	0.0	0.0	0.0	0.0	0.0	0.0	0.0	0.0	0.0	0.0	0.0	0.0	0.0	0.0	0.0	0.0	0.0	0.0	0.0	0.0	0.0	0.0	0.0	0.0	0.0	0.0	0.0	0.0	0.0	0.0	0.0	0.0	0.0	0.0	0.0	0.0	0.0	0.0	0.0	0.0	0.0	0.0	0.0	0.0	27945.801428863604	2656.658088259064	60.526508751486176	28071.85980938293	-27701.116673745473	-2374.285925641445	-3872.0398236423057	28071.01335942524	0.0	0.0	0.0	0.0	0.0	0.0	0.0	0.0	0.0	0.0	0.0	0.0	0.0	0.0	0.0	0.0	0.0	0.0	0.0	0.0	0.0	0.0	0.0	0.0	0.0	0.0	0.0	0.0	27810.52413030982	1960.1451887896353	3273.281146090357	28071.01335942524	0.0	0.0	0.0	0.0	0.0	0.0	0.0	0.0	0.0	0.0	0.0	0.0	0.0	0.0	0.0	0.0	0.0	0.0	0.0	0.0	0.0	0.0	0.0	0.0	0.0	0.0	0.0	0.0	0.0	0.0	0.0	0.0	0.0	0.0	0.0	0.0	0.0	0.0	0.0	0.0	0.0	0.0	0.0	0.0	0.0	0.0	0.0	0.0	0.0	0.0	0.0	0.0	0.0	0.0	0.0	0.0	0.0	0.0	0.0	0.0	0.0	0.0	0.0	0.0	0.0	0.0	0.0	0.0	0.0	0.0	0.0	0.0	0.0	0.0	0.0	0.0	0.0	0.0	0.0	0.0	0.0	0.0	0.0	0.0	0.0	0.0	0.0	0.0	0.0	0.0	0.0	0.0	0.0	0.0	0.0	0.0	0.0	0.0	0.0	0.0	28.4133467015244	-2.186653298475598	0.12118369588701862	-0.5395836155564637	20.781835170255743	0.27699795786783665	0.04362451708812967	-1.9267234649253695	0.00489320787623783
205.0	205.4594	2600.0	2586.7585820277436	0.45635587472940886	-0.35585914801182034	28.286229333887345	-97.0867254407608	17.016876902878725	49.49934246714259	110.29773914735	80.34353450882008	-57.09923658831394	49.49934246714262	110.29773914735371	-2.320114339052828e-15	0.0	-2.320114339052828e-15	-24.913334936111955	-24.367347691305692	0.2353641669343324	14.286862884507372	2.71129191988907	0.010699984594150192	1.4173297903476856	0.0	0.0	0.0	0.0	0.0	0.0	0.0	0.0	0.0	0.0	0.0	0.0	0.0	0.0	0.0	0.0	0.0	0.0	0.0	0.0	0.0	0.0	0.0	0.0	0.0	0.0	0.0	0.0	0.0	0.0	0.0	0.0	0.0	0.0	0.0	0.0	0.0	0.0	0.0	0.0	0.0	0.0	0.0	0.0	0.0	0.0	0.0	0.0	27966.846540610746	2657.032445591789	71.9055930795369	28092.872712795233	-27702.454201985434	-2354.693790535497	-4023.860413202641	28092.027415002052	0.0	0.0	0.0	0.0	0.0	0.0	0.0	0.0	0.0	0.0	0.0	0.0	0.0	0.0	0.0	0.0	0.0	0.0	0.0	0.0	0.0	0.0	0.0	0.0	0.0	0.0	0.0	0.0	27812.95860764622	1961.72614187089	3428.2602466681137	28092.027415002052	0.0	0.0	0.0	0.0	0.0	0.0	0.0	0.0	0.0	0.0	0.0	0.0	0.0	0.0	0.0	0.0	0.0	0.0	0.0	0.0	0.0	0.0	0.0	0.0	0.0	0.0	0.0	0.0	0.0	0.0	0.0	0.0	0.0	0.0	0.0	0.0	0.0	0.0	0.0	0.0	0.0	0.0	0.0	0.0	0.0	0.0	0.0	0.0	0.0	0.0	0.0	0.0	0.0	0.0	0.0	0.0	0.0	0.0	0.0	0.0	0.0	0.0	0.0	0.0	0.0	0.0	0.0	0.0	0.0	0.0	0.0	0.0	0.0	0.0	0.0	0.0	0.0	0.0	0.0	0.0	0.0	0.0	0.0	0.0	0.0	0.0	0.0	0.0	0.0	0.0	0.0	0.0	0.0	0.0	0.0	0.0	0.0	0.0	0.0	0.0	28.444728520582682	-2.155271479417319	0.12133995984056115	-0.5379435754080908	20.833708496816215	0.2770508826143291	0.043618588849779386	-1.897019400976969	0.00509064993814499
206.0	206.4589	2600.0	2586.946394339714	0.4683657736491114	-0.33958714331473805	28.27768538579644	-92.88736931634878	2.978993607313896	54.94639327807812	107.96315999308939	81.83047282339793	-44.053507226122754	54.94639327807821	107.96315999308356	-1.4948210012486656e-15	0.0	-1.4948210012486656e-15	-25.025229311353726	-24.480208650641526	0.22629051687277635	14.157597605567382	2.7308545598715908	0.01355658403786631	1.4137105982305194	0.0	0.0	0.0	0.0	0.0	0.0	0.0	0.0	0.0	0.0	0.0	0.0	0.0	0.0	0.0	0.0	0.0	0.0	0.0	0.0	0.0	0.0	0.0	0.0	0.0	0.0	0.0	0.0	0.0	0.0	0.0	0.0	0.0	0.0	0.0	0.0	0.0	0.0	0.0	0.0	0.0	0.0	0.0	0.0	0.0	0.0	0.0	0.0	27993.504604375557	2657.4428528678764	66.74711084549276	28119.43736507295	-27714.45583410303	-2348.0753320779763	-4128.229613255275	28118.442341020927	0.0	0.0	0.0	0.0	0.0	0.0	0.0	0.0	0.0	0.0	0.0	0.0	0.0	0.0	0.0	0.0	0.0	0.0	0.0	0.0	0.0	0.0	0.0	0.0	0.0	0.0	0.0	0.0	27826.266056477296	1963.2918135996126	3534.28950343775	28118.442341020927	0.0	0.0	0.0	0.0	0.0	0.0	0.0	0.0	0.0	0.0	0.0	0.0	0.0	0.0	0.0	0.0	0.0	0.0	0.0	0.0	0.0	0.0	0.0	0.0	0.0	0.0	0.0	0.0	0.0	0.0	0.0	0.0	0.0	0.0	0.0	0.0	0.0	0.0	0.0	0.0	0.0	0.0	0.0	0.0	0.0	0.0	0.0	0.0	0.0	0.0	0.0	0.0	0.0	0.0	0.0	0.0	0.0	0.0	0.0	0.0	0.0	0.0	0.0	0.0	0.0	0.0	0.0	0.0	0.0	0.0	0.0	0.0	0.0	0.0	0.0	0.0	0.0	0.0	0.0	0.0	0.0	0.0	0.0	0.0	0.0	0.0	0.0	0.0	0.0	0.0	0.0	0.0	0.0	0.0	0.0	0.0	0.0	0.0	0.0	0.0	28.477029552146586	-2.1229704478534153	0.1214394351557496	-0.536314364565833	20.887848778407697	0.2771038096051917	0.04360785297929377	-1.866384733821889	0.00527315216955207
207.0	207.4585	2600.0	2586.7155464633825	0.47977120875043605	-0.3228780299804899	28.26906664609156	-97.14309444910579	-1.9855039818685327	65.9087160984175	117.40818490612865	87.11496060031098	-43.03146133722111	65.9087160984175	117.40818490613115	0.0	0.0	0.0	-25.12941970942378	-24.58579994274579	0.21697640186870734	14.02403972454375	2.74954282982023	0.016473253739560136	1.4101882617098362	0.0	0.0	0.0	0.0	0.0	0.0	0.0	0.0	0.0	0.0	0.0	0.0	0.0	0.0	0.0	0.0	0.0	0.0	0.0	0.0	0.0	0.0	0.0	0.0	0.0	0.0	0.0	0.0	0.0	0.0	0.0	0.0	0.0	0.0	0.0	0.0	0.0	0.0	0.0	0.0	0.0	0.0	0.0	0.0	0.0	0.0	0.0	0.0	28041.815350913963	2661.7533981772176	75.35799129421277	28167.960844802277	-27743.605365605545	-2337.064847248906	-4268.396823760088	28167.156800568097	0.0	0.0	0.0	0.0	0.0	0.0	0.0	0.0	0.0	0.0	0.0	0.0	0.0	0.0	0.0	0.0	0.0	0.0	0.0	0.0	0.0	0.0	0.0	0.0	0.0	0.0	0.0	0.0	27856.76751896524	1968.1244706076907	3676.372082679792	28167.156800568097	0.0	0.0	0.0	0.0	0.0	0.0	0.0	0.0	0.0	0.0	0.0	0.0	0.0	0.0	0.0	0.0	0.0	0.0	0.0	0.0	0.0	0.0	0.0	0.0	0.0	0.0	0.0	0.0	0.0	0.0	0.0	0.0	0.0	0.0	0.0	0.0	0.0	0.0	0.0	0.0	0.0	0.0	0.0	0.0	0.0	0.0	0.0	0.0	0.0	0.0	0.0	0.0	0.0	0.0	0.0	0.0	0.0	0.0	0.0	0.0	0.0	0.0	0.0	0.0	0.0	0.0	0.0	0.0	0.0	0.0	0.0	0.0	0.0	0.0	0.0	0.0	0.0	0.0	0.0	0.0	0.0	0.0	0.0	0.0	0.0	0.0	0.0	0.0	0.0	0.0	0.0	0.0	0.0	0.0	0.0	0.0	0.0	0.0	0.0	0.0	28.510199194086397	-2.089800805913604	0.12154878393982002	-0.5347354821954937	20.94414904841146	0.27715672895012694	0.04360429406654737	-1.834831165063632	0.005440537591763759
208.0	208.4582	2600.0	2586.723219485697	0.4905505105487034	-0.30577294357330914	28.260403696394974	-97.76564670083323	-2.935439911892899	64.25071034401702	117.0251778978321	87.35095330190597	-44.00624318839982	64.25071034401707	117.02517789783153	-2.2485776051671726e-15	0.0	-2.2485776051671726e-15	-25.22588716628716	-24.683626700110015	0.20695427817096282	13.886248033454946	2.767223797601239	0.01944392244879092	1.4066775561940088	0.0	0.0	0.0	0.0	0.0	0.0	0.0	0.0	0.0	0.0	0.0	0.0	0.0	0.0	0.0	0.0	0.0	0.0	0.0	0.0	0.0	0.0	0.0	0.0	0.0	0.0	0.0	0.0	0.0	0.0	0.0	0.0	0.0	0.0	0.0	0.0	0.0	0.0	0.0	0.0	0.0	0.0	0.0	0.0	0.0	0.0	0.0	0.0	28093.690590645852	2663.477098538565	72.47864504035088	28219.759290457627	-27778.643071970244	-2329.8504127210085	-4385.006376692208	28218.956302266186	0.0	0.0	0.0	0.0	0.0	0.0	0.0	0.0	0.0	0.0	0.0	0.0	0.0	0.0	0.0	0.0	0.0	0.0	0.0	0.0	0.0	0.0	0.0	0.0	0.0	0.0	0.0	0.0	27893.15451323898	1970.2313684231929	3794.6823904860757	28218.956302266186	0.0	0.0	0.0	0.0	0.0	0.0	0.0	0.0	0.0	0.0	0.0	0.0	0.0	0.0	0.0	0.0	0.0	0.0	0.0	0.0	0.0	0.0	0.0	0.0	0.0	0.0	0.0	0.0	0.0	0.0	0.0	0.0	0.0	0.0	0.0	0.0	0.0	0.0	0.0	0.0	0.0	0.0	0.0	0.0	0.0	0.0	0.0	0.0	0.0	0.0	0.0	0.0	0.0	0.0	0.0	0.0	0.0	0.0	0.0	0.0	0.0	0.0	0.0	0.0	0.0	0.0	0.0	0.0	0.0	0.0	0.0	0.0	0.0	0.0	0.0	0.0	0.0	0.0	0.0	0.0	0.0	0.0	0.0	0.0	0.0	0.0	0.0	0.0	0.0	0.0	0.0	0.0	0.0	0.0	0.0	0.0	0.0	0.0	0.0	0.0	28.54417552957077	-2.0558244704292363	0.12165306604886393	-0.5331711579845057	21.002595746816404	0.2772096882370248	0.04358767051596544	-1.8024561858472878	0.00570090342691656
209.0	209.4578	2600.0	2586.9064258327107	0.5006794293368699	-0.2883120987046204	28.251727307758728	-97.07172533104301	5.319919840680085	59.6812960187401	114.07488111031806	81.90582888215974	-52.37037904181125	59.68129601874018	114.07488111031766	5.375841960574719e-15	0.0	5.375841960574719e-15	-25.314253287124345	-24.77398660093738	0.19693597165914614	13.744284159989995	2.7838457730298125	0.022473894055110466	1.4031751580513667	0.0	0.0	0.0	0.0	0.0	0.0	0.0	0.0	0.0	0.0	0.0	0.0	0.0	0.0	0.0	0.0	0.0	0.0	0.0	0.0	0.0	0.0	0.0	0.0	0.0	0.0	0.0	0.0	0.0	0.0	0.0	0.0	0.0	0.0	0.0	0.0	0.0	0.0	0.0	0.0	0.0	0.0	0.0	0.0	0.0	0.0	0.0	0.0	28148.587758594986	2667.060583548559	69.36424585690848	28274.741667400696	-27820.016380376674	-2331.97637282194	-4474.801094207085	28273.932694985033	0.0	0.0	0.0	0.0	0.0	0.0	0.0	0.0	0.0	0.0	0.0	0.0	0.0	0.0	0.0	0.0	0.0	0.0	0.0	0.0	0.0	0.0	0.0	0.0	0.0	0.0	0.0	0.0	27936.060871033766	1974.3652455319798	3885.055331353045	28273.932694985033	0.0	0.0	0.0	0.0	0.0	0.0	0.0	0.0	0.0	0.0	0.0	0.0	0.0	0.0	0.0	0.0	0.0	0.0	0.0	0.0	0.0	0.0	0.0	0.0	0.0	0.0	0.0	0.0	0.0	0.0	0.0	0.0	0.0	0.0	0.0	0.0	0.0	0.0	0.0	0.0	0.0	0.0	0.0	0.0	0.0	0.0	0.0	0.0	0.0	0.0	0.0	0.0	0.0	0.0	0.0	0.0	0.0	0.0	0.0	0.0	0.0	0.0	0.0	0.0	0.0	0.0	0.0	0.0	0.0	0.0	0.0	0.0	0.0	0.0	0.0	0.0	0.0	0.0	0.0	0.0	0.0	0.0	0.0	0.0	0.0	0.0	0.0	0.0	0.0	0.0	0.0	0.0	0.0	0.0	0.0	0.0	0.0	0.0	0.0	0.0	28.578897060385284	-2.02110293961472	0.12173342010030666	-0.5316195488837115	21.06332462237376	0.27726259873130754	0.04357214932997261	-1.7693229724617847	0.005889908929729331
210.0	210.4576	2600.0	2587.289271580307	0.5101958334873723	-0.27053053077061545	28.24305793605311	-97.30567663019599	-14.449573564612363	81.63202836789519	127.83181503880895	91.20243842954368	-36.86868732631046	81.63202836789523	127.83181503881109	3.024804038770398e-15	0.0	3.024804038770398e-15	-25.39465935994979	-24.856773358867628	0.1866993255655115	13.598201603914188	2.799439942528806	0.025571435507021217	1.3997199540495613	0.0	0.0	0.0	0.0	0.0	0.0	0.0	0.0	0.0	0.0	0.0	0.0	0.0	0.0	0.0	0.0	0.0	0.0	0.0	0.0	0.0	0.0	0.0	0.0	0.0	0.0	0.0	0.0	0.0	0.0	0.0	0.0	0.0	0.0	0.0	0.0	0.0	0.0	0.0	0.0	0.0	0.0	0.0	0.0	0.0	0.0	0.0	0.0	28272.413365588836	2677.1765203086998	71.59242814747779	28398.974578519315	-27923.476962582485	-2329.4738687974104	-4616.953265144726	28398.296984816105	0.0	0.0	0.0	0.0	0.0	0.0	0.0	0.0	0.0	0.0	0.0	0.0	0.0	0.0	0.0	0.0	0.0	0.0	0.0	0.0	0.0	0.0	0.0	0.0	0.0	0.0	0.0	0.0	28041.1765842362	1983.0312037970123	4027.8126389227764	28398.296984816105	0.0	0.0	0.0	0.0	0.0	0.0	0.0	0.0	0.0	0.0	0.0	0.0	0.0	0.0	0.0	0.0	0.0	0.0	0.0	0.0	0.0	0.0	0.0	0.0	0.0	0.0	0.0	0.0	0.0	0.0	0.0	0.0	0.0	0.0	0.0	0.0	0.0	0.0	0.0	0.0	0.0	0.0	0.0	0.0	0.0	0.0	0.0	0.0	0.0	0.0	0.0	0.0	0.0	0.0	0.0	0.0	0.0	0.0	0.0	0.0	0.0	0.0	0.0	0.0	0.0	0.0	0.0	0.0	0.0	0.0	0.0	0.0	0.0	0.0	0.0	0.0	0.0	0.0	0.0	0.0	0.0	0.0	0.0	0.0	0.0	0.0	0.0	0.0	0.0	0.0	0.0	0.0	0.0	0.0	0.0	0.0	0.0	0.0	0.0	0.0	28.614307272394075	-1.9856927276059257	0.121832385213214	-0.5300960014355586	21.126254462238794	0.277315511804509	0.043563360798656706	-1.7354731834262471	0.00606652488080921
211.0	211.4574	2600.0	2586.6089878899597	0.519104681788588	-0.25244551523895925	28.234415624482153	-95.51270069717793	-3.303181406114163	80.18097234605295	124.75005141573652	83.19887744591688	-47.026947525962896	80.18097234605303	124.75005141573645	0.0	0.0	0.0	-25.46707324422813	-24.931823895207636	0.17613665931703917	13.44805970264921	2.813939934560912	0.02873727443590769	1.396274566634558	0.0	0.0	0.0	0.0	0.0	0.0	0.0	0.0	0.0	0.0	0.0	0.0	0.0	0.0	0.0	0.0	0.0	0.0	0.0	0.0	0.0	0.0	0.0	0.0	0.0	0.0	0.0	0.0	0.0	0.0	0.0	0.0	0.0	0.0	0.0	0.0	0.0	0.0	0.0	0.0	0.0	0.0	0.0	0.0	0.0	0.0	0.0	0.0	28384.13042476219	2685.7923840889434	76.08878412093836	28511.01769848648	-28014.299846637907	-2327.0542016534723	-4754.382343795534	28510.004009571177	0.0	0.0	0.0	0.0	0.0	0.0	0.0	0.0	0.0	0.0	0.0	0.0	0.0	0.0	0.0	0.0	0.0	0.0	0.0	0.0	0.0	0.0	0.0	0.0	0.0	0.0	0.0	0.0	28133.624961986192	1990.7613520252755	4166.094617666996	28510.004009571177	0.0	0.0	0.0	0.0	0.0	0.0	0.0	0.0	0.0	0.0	0.0	0.0	0.0	0.0	0.0	0.0	0.0	0.0	0.0	0.0	0.0	0.0	0.0	0.0	0.0	0.0	0.0	0.0	0.0	0.0	0.0	0.0	0.0	0.0	0.0	0.0	0.0	0.0	0.0	0.0	0.0	0.0	0.0	0.0	0.0	0.0	0.0	0.0	0.0	0.0	0.0	0.0	0.0	0.0	0.0	0.0	0.0	0.0	0.0	0.0	0.0	0.0	0.0	0.0	0.0	0.0	0.0	0.0	0.0	0.0	0.0	0.0	0.0	0.0	0.0	0.0	0.0	0.0	0.0	0.0	0.0	0.0	0.0	0.0	0.0	0.0	0.0	0.0	0.0	0.0	0.0	0.0	0.0	0.0	0.0	0.0	0.0	0.0	0.0	0.0	28.650367128751657	-1.9496328712483475	0.1219538927845856	-0.5285838614247439	21.19137799517488	0.2773684242488203	0.04356043335780903	-1.7009626771994555	0.006246322910390019
212.0	212.4572	2600.0	2586.963015961511	0.5273875040477943	-0.23410257139774385	28.225830641163398	-95.67893123120324	-16.732828240390518	101.89211470074036	140.7709077212211	89.71317970248309	-37.228897514403805	101.89211470074042	140.77090772122216	0.0	0.0	0.0	-25.531122434002654	-24.999262116923248	0.1657767021433799	13.293929636155147	2.8272344890499563	0.03197135051685082	1.3927856234047196	0.0	0.0	0.0	0.0	0.0	0.0	0.0	0.0	0.0	0.0	0.0	0.0	0.0	0.0	0.0	0.0	0.0	0.0	0.0	0.0	0.0	0.0	0.0	0.0	0.0	0.0	0.0	0.0	0.0	0.0	0.0	0.0	0.0	0.0	0.0	0.0	0.0	0.0	0.0	0.0	0.0	0.0	0.0	0.0	0.0	0.0	0.0	0.0	28559.02241134428	2702.0892485021377	73.83620087395812	28686.660648864217	-28168.842558286662	-2334.3246368041564	-4892.6205053363765	28685.71940866694	0.0	0.0	0.0	0.0	0.0	0.0	0.0	0.0	0.0	0.0	0.0	0.0	0.0	0.0	0.0	0.0	0.0	0.0	0.0	0.0	0.0	0.0	0.0	0.0	0.0	0.0	0.0	0.0	28290.141937242435	2004.479362059348	4303.536876863723	28685.71940866694	0.0	0.0	0.0	0.0	0.0	0.0	0.0	0.0	0.0	0.0	0.0	0.0	0.0	0.0	0.0	0.0	0.0	0.0	0.0	0.0	0.0	0.0	0.0	0.0	0.0	0.0	0.0	0.0	0.0	0.0	0.0	0.0	0.0	0.0	0.0	0.0	0.0	0.0	0.0	0.0	0.0	0.0	0.0	0.0	0.0	0.0	0.0	0.0	0.0	0.0	0.0	0.0	0.0	0.0	0.0	0.0	0.0	0.0	0.0	0.0	0.0	0.0	0.0	0.0	0.0	0.0	0.0	0.0	0.0	0.0	0.0	0.0	0.0	0.0	0.0	0.0	0.0	0.0	0.0	0.0	0.0	0.0	0.0	0.0	0.0	0.0	0.0	0.0	0.0	0.0	0.0	0.0	0.0	0.0	0.0	0.0	0.0	0.0	0.0	0.0	28.68700835651213	-1.9129916434878707	0.12207476054399723	-0.5270609919660876	21.25883043553079	0.27742137885526935	0.043571658295054	-1.665881792945838	0.006332131506420651
213.0	213.457	2600.0	2586.8093768207923	0.535064444588996	-0.21552999431563444	28.217322672846343	-96.6659723252296	-11.17430867609073	102.84175760700354	141.5824935776606	86.80890898769937	-43.970316127306425	102.84175760700357	141.5824935776582	2.269853690905393e-15	0.0	2.269853690905393e-15	-25.587548430169416	-25.05852805742499	0.1543333191293886	13.135853238915304	2.839361408899394	0.03526775554012605	1.3892964986952672	0.0	0.0	0.0	0.0	0.0	0.0	0.0	0.0	0.0	0.0	0.0	0.0	0.0	0.0	0.0	0.0	0.0	0.0	0.0	0.0	0.0	0.0	0.0	0.0	0.0	0.0	0.0	0.0	0.0	0.0	0.0	0.0	0.0	0.0	0.0	0.0	0.0	0.0	0.0	0.0	0.0	0.0	0.0	0.0	0.0	0.0	0.0	0.0	28731.055230798556	2715.010050852676	75.40246981827597	28859.149325367904	-28320.253665779797	-2339.194217837825	-5028.587888843788	28858.192830437358	0.0	0.0	0.0	0.0	0.0	0.0	0.0	0.0	0.0	0.0	0.0	0.0	0.0	0.0	0.0	0.0	0.0	0.0	0.0	0.0	0.0	0.0	0.0	0.0	0.0	0.0	0.0	0.0	28443.439707400274	2014.968393082198	4439.136563012149	28858.192830437358	0.0	0.0	0.0	0.0	0.0	0.0	0.0	0.0	0.0	0.0	0.0	0.0	0.0	0.0	0.0	0.0	0.0	0.0	0.0	0.0	0.0	0.0	0.0	0.0	0.0	0.0	0.0	0.0	0.0	0.0	0.0	0.0	0.0	0.0	0.0	0.0	0.0	0.0	0.0	0.0	0.0	0.0	0.0	0.0	0.0	0.0	0.0	0.0	0.0	0.0	0.0	0.0	0.0	0.0	0.0	0.0	0.0	0.0	0.0	0.0	0.0	0.0	0.0	0.0	0.0	0.0	0.0	0.0	0.0	0.0	0.0	0.0	0.0	0.0	0.0	0.0	0.0	0.0	0.0	0.0	0.0	0.0	0.0	0.0	0.0	0.0	0.0	0.0	0.0	0.0	0.0	0.0	0.0	0.0	0.0	0.0	0.0	0.0	0.0	0.0	28.7241800479655	-1.875819952034497	0.12223489876862852	-0.5255449295573407	21.328285530721768	0.2774743402526729	0.043553399122943655	-1.6302637251918888	0.006602509042664889
214.0	214.4569	2600.0	2586.6600630034013	0.5420973755374505	-0.19672088118496744	28.208911706509003	-97.59205959905285	-22.326505783552424	123.07028600412238	158.64733926046338	93.10175820763287	-36.80686859725027	123.07028600412241	158.64733926046245	0.0	0.0	0.0	-25.6357585646163	-25.109926274727638	0.1427433437793097	12.973889199044919	2.8502826392115153	0.03862855530690134	1.3857644124011352	0.0	0.0	0.0	0.0	0.0	0.0	0.0	0.0	0.0	0.0	0.0	0.0	0.0	0.0	0.0	0.0	0.0	0.0	0.0	0.0	0.0	0.0	0.0	0.0	0.0	0.0	0.0	0.0	0.0	0.0	0.0	0.0	0.0	0.0	0.0	0.0	0.0	0.0	0.0	0.0	0.0	0.0	0.0	0.0	0.0	0.0	0.0	0.0	28904.614183615035	2728.9566101389482	82.91980491182927	29033.27058699565	-28468.816701317985	-2340.050077241848	-5188.631483536528	29032.245097635634	0.0	0.0	0.0	0.0	0.0	0.0	0.0	0.0	0.0	0.0	0.0	0.0	0.0	0.0	0.0	0.0	0.0	0.0	0.0	0.0	0.0	0.0	0.0	0.0	0.0	0.0	0.0	0.0	28593.883707639816	2026.578650390464	4599.3530954842045	29032.245097635634	0.0	0.0	0.0	0.0	0.0	0.0	0.0	0.0	0.0	0.0	0.0	0.0	0.0	0.0	0.0	0.0	0.0	0.0	0.0	0.0	0.0	0.0	0.0	0.0	0.0	0.0	0.0	0.0	0.0	0.0	0.0	0.0	0.0	0.0	0.0	0.0	0.0	0.0	0.0	0.0	0.0	0.0	0.0	0.0	0.0	0.0	0.0	0.0	0.0	0.0	0.0	0.0	0.0	0.0	0.0	0.0	0.0	0.0	0.0	0.0	0.0	0.0	0.0	0.0	0.0	0.0	0.0	0.0	0.0	0.0	0.0	0.0	0.0	0.0	0.0	0.0	0.0	0.0	0.0	0.0	0.0	0.0	0.0	0.0	0.0	0.0	0.0	0.0	0.0	0.0	0.0	0.0	0.0	0.0	0.0	0.0	0.0	0.0	0.0	0.0	28.761866668466425	-1.8381333315335802	0.12241150058607021	-0.5240180686937884	21.399971923932828	0.27752724569779524	0.043547220241032594	-1.594141739391854	0.006824590551542641
215.0	215.4568	2600.0	2586.713759573538	0.5484448906480852	-0.1776705599676429	28.200619440779835	-96.24712886906038	-17.852435188880918	116.2096378666232	151.94373692522643	88.75437128282282	-41.29020266239604	116.20963786662325	151.9437369252271	-2.6019431304442644e-15	0.0	-2.6019431304442644e-15	-25.675511450892504	-25.1534873974664	0.13131121118395236	12.80809612090232	2.859959882100802	0.042053777867824195	1.3821600743385265	0.0	0.0	0.0	0.0	0.0	0.0	0.0	0.0	0.0	0.0	0.0	0.0	0.0	0.0	0.0	0.0	0.0	0.0	0.0	0.0	0.0	0.0	0.0	0.0	0.0	0.0	0.0	0.0	0.0	0.0	0.0	0.0	0.0	0.0	0.0	0.0	0.0	0.0	0.0	0.0	0.0	0.0	0.0	0.0	0.0	0.0	0.0	0.0	29041.11161581073	2740.4934509287887	77.98184237199666	29170.233962111106	-28587.33455802497	-2349.4284476917987	-5300.2779312717585	29169.306767765313	0.0	0.0	0.0	0.0	0.0	0.0	0.0	0.0	0.0	0.0	0.0	0.0	0.0	0.0	0.0	0.0	0.0	0.0	0.0	0.0	0.0	0.0	0.0	0.0	0.0	0.0	0.0	0.0	28714.2598299856	2036.6031520305708	4710.837221685079	29169.306767765313	0.0	0.0	0.0	0.0	0.0	0.0	0.0	0.0	0.0	0.0	0.0	0.0	0.0	0.0	0.0	0.0	0.0	0.0	0.0	0.0	0.0	0.0	0.0	0.0	0.0	0.0	0.0	0.0	0.0	0.0	0.0	0.0	0.0	0.0	0.0	0.0	0.0	0.0	0.0	0.0	0.0	0.0	0.0	0.0	0.0	0.0	0.0	0.0	0.0	0.0	0.0	0.0	0.0	0.0	0.0	0.0	0.0	0.0	0.0	0.0	0.0	0.0	0.0	0.0	0.0	0.0	0.0	0.0	0.0	0.0	0.0	0.0	0.0	0.0	0.0	0.0	0.0	0.0	0.0	0.0	0.0	0.0	0.0	0.0	0.0	0.0	0.0	0.0	0.0	0.0	0.0	0.0	0.0	0.0	0.0	0.0	0.0	0.0	0.0	0.0	28.800050000812817	-1.7999499991871915	0.12258552219948342	-0.5224697574389879	21.47397381316924	0.2775801410001598	0.043554006362747484	-1.5575445343304213	0.00697274199641087
216.0	216.4569	2600.0	2586.366335439659	0.554094409477871	-0.15836674454228108	28.19246143101801	-99.52692813271639	-23.607509259549257	126.2789628530345	162.50938550192316	94.07792853073987	-40.15304820731398	126.27896285303453	162.50938550192095	-1.7084000221375919e-15	0.0	-1.7084000221375919e-15	-25.707253526979507	-25.188948759526173	0.1193531796513875	12.638518038120154	2.8683928845841273	0.04553491964281596	1.3784512609010515	0.0	0.0	0.0	0.0	0.0	0.0	0.0	0.0	0.0	0.0	0.0	0.0	0.0	0.0	0.0	0.0	0.0	0.0	0.0	0.0	0.0	0.0	0.0	0.0	0.0	0.0	0.0	0.0	0.0	0.0	0.0	0.0	0.0	0.0	0.0	0.0	0.0	0.0	0.0	0.0	0.0	0.0	0.0	0.0	0.0	0.0	0.0	0.0	29200.009471259666	2753.3454324080562	82.04896167550494	29329.647052495	-28722.114578168264	-2353.079000674656	-5447.090121122865	29328.614652118787	0.0	0.0	0.0	0.0	0.0	0.0	0.0	0.0	0.0	0.0	0.0	0.0	0.0	0.0	0.0	0.0	0.0	0.0	0.0	0.0	0.0	0.0	0.0	0.0	0.0	0.0	0.0	0.0	28850.910475771976	2047.5497430898733	4857.997754326384	29328.614652118787	0.0	0.0	0.0	0.0	0.0	0.0	0.0	0.0	0.0	0.0	0.0	0.0	0.0	0.0	0.0	0.0	0.0	0.0	0.0	0.0	0.0	0.0	0.0	0.0	0.0	0.0	0.0	0.0	0.0	0.0	0.0	0.0	0.0	0.0	0.0	0.0	0.0	0.0	0.0	0.0	0.0	0.0	0.0	0.0	0.0	0.0	0.0	0.0	0.0	0.0	0.0	0.0	0.0	0.0	0.0	0.0	0.0	0.0	0.0	0.0	0.0	0.0	0.0	0.0	0.0	0.0	0.0	0.0	0.0	0.0	0.0	0.0	0.0	0.0	0.0	0.0	0.0	0.0	0.0	0.0	0.0	0.0	0.0	0.0	0.0	0.0	0.0	0.0	0.0	0.0	0.0	0.0	0.0	0.0	0.0	0.0	0.0	0.0	0.0	0.0	28.83871946803728	-1.7612805319627263	0.12278453661360833	-0.520884822009796	21.550089496104977	0.27763305086593487	0.04355026864207413	-1.5204975350555863	0.00716535961619833
217.0	217.4571	2600.0	2586.243338573616	0.5589912580812728	-0.13878472826192054	28.184457939041227	-92.28456332399357	-9.6796877296365	120.51255107736574	152.0967190626351	79.14319628317389	-48.44059727673084	120.5125510773658	152.09671906263503	-5.661190468755968e-15	0.0	-5.661190468755968e-15	-25.73065873318267	-25.216409268111835	0.10732975860818929	12.46520961824977	2.875560742639099	0.04907080444278154	1.3745921119778834	0.0	0.0	0.0	0.0	0.0	0.0	0.0	0.0	0.0	0.0	0.0	0.0	0.0	0.0	0.0	0.0	0.0	0.0	0.0	0.0	0.0	0.0	0.0	0.0	0.0	0.0	0.0	0.0	0.0	0.0	0.0	0.0	0.0	0.0	0.0	0.0	0.0	0.0	0.0	0.0	0.0	0.0	0.0	0.0	0.0	0.0	0.0	0.0	29331.309582663554	2763.9741455429703	81.426649229927	29461.362921808042	-28834.539200355175	-2362.788011366742	-5557.337300160493	29460.098709122365	0.0	0.0	0.0	0.0	0.0	0.0	0.0	0.0	0.0	0.0	0.0	0.0	0.0	0.0	0.0	0.0	0.0	0.0	0.0	0.0	0.0	0.0	0.0	0.0	0.0	0.0	0.0	0.0	28965.167172358175	2057.0363350616617	4968.411028167174	29460.098709122365	0.0	0.0	0.0	0.0	0.0	0.0	0.0	0.0	0.0	0.0	0.0	0.0	0.0	0.0	0.0	0.0	0.0	0.0	0.0	0.0	0.0	0.0	0.0	0.0	0.0	0.0	0.0	0.0	0.0	0.0	0.0	0.0	0.0	0.0	0.0	0.0	0.0	0.0	0.0	0.0	0.0	0.0	0.0	0.0	0.0	0.0	0.0	0.0	0.0	0.0	0.0	0.0	0.0	0.0	0.0	0.0	0.0	0.0	0.0	0.0	0.0	0.0	0.0	0.0	0.0	0.0	0.0	0.0	0.0	0.0	0.0	0.0	0.0	0.0	0.0	0.0	0.0	0.0	0.0	0.0	0.0	0.0	0.0	0.0	0.0	0.0	0.0	0.0	0.0	0.0	0.0	0.0	0.0	0.0	0.0	0.0	0.0	0.0	0.0	0.0	28.877876734906497	-1.722123265093508	0.12297187507700498	-0.5192450174429096	21.628440332125155	0.2776859592242135	0.04355623588540104	-1.483017547782475	0.00732579369596457
218.0	218.4573	2600.0	2586.2107108178657	0.5632085371464409	-0.11901618656187156	28.176634049674117	-102.5965498092228	-20.39983902779568	127.6967767762546	165.0717185473057	93.02772746484698	-47.83353831614659	127.69677677625465	165.07171854730515	0.0	0.0	0.0	-25.745839450082197	-25.235705226993606	0.09499620980958193	12.288236236130166	2.8814627546205576	0.05265924744407747	1.3706621675471684	0.0	0.0	0.0	0.0	0.0	0.0	0.0	0.0	0.0	0.0	0.0	0.0	0.0	0.0	0.0	0.0	0.0	0.0	0.0	0.0	0.0	0.0	0.0	0.0	0.0	0.0	0.0	0.0	0.0	0.0	0.0	0.0	0.0	0.0	0.0	0.0	0.0	0.0	0.0	0.0	0.0	0.0	0.0	0.0	0.0	0.0	0.0	0.0	29535.635190861147	2781.3630132758854	80.71764179418223	29666.41605716726	-29015.559515274294	-2374.628263282132	-5699.688440328412	29665.265913017134	0.0	0.0	0.0	0.0	0.0	0.0	0.0	0.0	0.0	0.0	0.0	0.0	0.0	0.0	0.0	0.0	0.0	0.0	0.0	0.0	0.0	0.0	0.0	0.0	0.0	0.0	0.0	0.0	29148.312186996434	2071.6076491225726	5110.023491874374	29665.265913017134	0.0	0.0	0.0	0.0	0.0	0.0	0.0	0.0	0.0	0.0	0.0	0.0	0.0	0.0	0.0	0.0	0.0	0.0	0.0	0.0	0.0	0.0	0.0	0.0	0.0	0.0	0.0	0.0	0.0	0.0	0.0	0.0	0.0	0.0	0.0	0.0	0.0	0.0	0.0	0.0	0.0	0.0	0.0	0.0	0.0	0.0	0.0	0.0	0.0	0.0	0.0	0.0	0.0	0.0	0.0	0.0	0.0	0.0	0.0	0.0	0.0	0.0	0.0	0.0	0.0	0.0	0.0	0.0	0.0	0.0	0.0	0.0	0.0	0.0	0.0	0.0	0.0	0.0	0.0	0.0	0.0	0.0	0.0	0.0	0.0	0.0	0.0	0.0	0.0	0.0	0.0	0.0	0.0	0.0	0.0	0.0	0.0	0.0	0.0	0.0	28.917404674145864	-1.682595325854134	0.12318667155489252	-0.5175850414712405	21.70895983537987	0.27773887028122657	0.043567269420232806	-1.4451872286402734	0.007498146007852301
219.0	219.4576	2600.0	2586.0848122442712	0.5667490993444614	-0.09914744655650085	28.169023969223545	-101.3199481185438	-11.093594500380279	116.79720521331811	155.01737603031864	85.27869462431774	-55.824223853585856	116.79720521331814	155.01737603031745	1.7364036863275168e-14	0.0	1.7364036863275168e-14	-25.75258478213713	-25.24689789130993	0.08266134963250174	12.107693435222712	2.8859537054868505	0.05630091575354488	1.366626183733172	0.0	0.0	0.0	0.0	0.0	0.0	0.0	0.0	0.0	0.0	0.0	0.0	0.0	0.0	0.0	0.0	0.0	0.0	0.0	0.0	0.0	0.0	0.0	0.0	0.0	0.0	0.0	0.0	0.0	0.0	0.0	0.0	0.0	0.0	0.0	0.0	0.0	0.0	0.0	0.0	0.0	0.0	0.0	0.0	0.0	0.0	0.0	0.0	29636.296305354717	2788.681634704879	74.43873283839997	29767.303288733903	-29099.964466488967	-2385.257458338322	-5790.500282981633	29766.21035034002	0.0	0.0	0.0	0.0	0.0	0.0	0.0	0.0	0.0	0.0	0.0	0.0	0.0	0.0	0.0	0.0	0.0	0.0	0.0	0.0	0.0	0.0	0.0	0.0	0.0	0.0	0.0	0.0	29234.38350002468	2078.532245997876	5201.711612202401	29766.21035034002	0.0	0.0	0.0	0.0	0.0	0.0	0.0	0.0	0.0	0.0	0.0	0.0	0.0	0.0	0.0	0.0	0.0	0.0	0.0	0.0	0.0	0.0	0.0	0.0	0.0	0.0	0.0	0.0	0.0	0.0	0.0	0.0	0.0	0.0	0.0	0.0	0.0	0.0	0.0	0.0	0.0	0.0	0.0	0.0	0.0	0.0	0.0	0.0	0.0	0.0	0.0	0.0	0.0	0.0	0.0	0.0	0.0	0.0	0.0	0.0	0.0	0.0	0.0	0.0	0.0	0.0	0.0	0.0	0.0	0.0	0.0	0.0	0.0	0.0	0.0	0.0	0.0	0.0	0.0	0.0	0.0	0.0	0.0	0.0	0.0	0.0	0.0	0.0	0.0	0.0	0.0	0.0	0.0	0.0	0.0	0.0	0.0	0.0	0.0	0.0	28.957191170374685	-1.6428088296253203	0.1233944997994828	-0.5158897412596499	21.791719856333454	0.2777917711149066	0.04358426375413849	-1.4071336007047088	0.007631130966147529
220.0	220.4578	2600.0	2585.6876292876377	0.5695414128357339	-0.07913858182439726	28.161646365594986	-104.84587253124755	-23.417713933999035	134.7067939439573	172.29906165557895	94.97098285246098	-50.21512450220689	134.70679394395736	172.29906165558293	0.0	0.0	0.0	-25.75128911810519	-25.25014040546495	0.07012197955122833	11.923613285480936	2.889127714197721	0.05999050052304525	1.3625588289563806	0.0	0.0	0.0	0.0	0.0	0.0	0.0	0.0	0.0	0.0	0.0	0.0	0.0	0.0	0.0	0.0	0.0	0.0	0.0	0.0	0.0	0.0	0.0	0.0	0.0	0.0	0.0	0.0	0.0	0.0	0.0	0.0	0.0	0.0	0.0	0.0	0.0	0.0	0.0	0.0	0.0	0.0	0.0	0.0	0.0	0.0	0.0	0.0	29639.743752841227	2784.510021269334	93.57532108482516	29770.399092611373	-29074.083625170006	-2368.4568139336716	-5941.685695339348	29769.372771777504	0.0	0.0	0.0	0.0	0.0	0.0	0.0	0.0	0.0	0.0	0.0	0.0	0.0	0.0	0.0	0.0	0.0	0.0	0.0	0.0	0.0	0.0	0.0	0.0	0.0	0.0	0.0	0.0	29209.47540399118	2076.4409528284737	5358.217503806573	29769.372771777504	0.0	0.0	0.0	0.0	0.0	0.0	0.0	0.0	0.0	0.0	0.0	0.0	0.0	0.0	0.0	0.0	0.0	0.0	0.0	0.0	0.0	0.0	0.0	0.0	0.0	0.0	0.0	0.0	0.0	0.0	0.0	0.0	0.0	0.0	0.0	0.0	0.0	0.0	0.0	0.0	0.0	0.0	0.0	0.0	0.0	0.0	0.0	0.0	0.0	0.0	0.0	0.0	0.0	0.0	0.0	0.0	0.0	0.0	0.0	0.0	0.0	0.0	0.0	0.0	0.0	0.0	0.0	0.0	0.0	0.0	0.0	0.0	0.0	0.0	0.0	0.0	0.0	0.0	0.0	0.0	0.0	0.0	0.0	0.0	0.0	0.0	0.0	0.0	0.0	0.0	0.0	0.0	0.0	0.0	0.0	0.0	0.0	0.0	0.0	0.0	28.99725260551933	-1.602747394480666	0.12357313187360286	-0.5141916157823457	21.876545488470562	0.27784459828117397	0.04358593097662377	-1.3688070014763185	0.0077985703283089385
221.0	221.4581	2600.0	2585.784386615386	0.5716009420771146	-0.05902288250400315	28.154520721407053	-103.67668065540873	-40.10273561894065	178.27005791220276	210.08878376502247	104.25037231406893	-38.5868292066625	178.2700579122028	210.0887837650222	0.0	0.0	0.0	-25.741652523231494	-25.249136515596206	0.061490964127939585	11.736088201014809	2.890818934388216	0.06372432775010545	1.3583188735973386	0.0	0.0	0.0	0.0	0.0	0.0	0.0	0.0	0.0	0.0	0.0	0.0	0.0	0.0	0.0	0.0	0.0	0.0	0.0	0.0	0.0	0.0	0.0	0.0	0.0	0.0	0.0	0.0	0.0	0.0	0.0	0.0	0.0	0.0	0.0	0.0	0.0	0.0	0.0	0.0	0.0	0.0	0.0	0.0	0.0	0.0	0.0	0.0	29643.50960687275	2784.470618621454	132.9783330190391	29774.294646150327	-29050.353931300622	-2359.5871976593053	-6078.942768584209	29773.213808067718	0.0	0.0	0.0	0.0	0.0	0.0	0.0	0.0	0.0	0.0	0.0	0.0	0.0	0.0	0.0	0.0	0.0	0.0	0.0	0.0	0.0	0.0	0.0	0.0	0.0	0.0	0.0	0.0	29186.559411491042	2078.580580648313	5501.682738051081	29773.213808067718	0.0	0.0	0.0	0.0	0.0	0.0	0.0	0.0	0.0	0.0	0.0	0.0	0.0	0.0	0.0	0.0	0.0	0.0	0.0	0.0	0.0	0.0	0.0	0.0	0.0	0.0	0.0	0.0	0.0	0.0	0.0	0.0	0.0	0.0	0.0	0.0	0.0	0.0	0.0	0.0	0.0	0.0	0.0	0.0	0.0	0.0	0.0	0.0	0.0	0.0	0.0	0.0	0.0	0.0	0.0	0.0	0.0	0.0	0.0	0.0	0.0	0.0	0.0	0.0	0.0	0.0	0.0	0.0	0.0	0.0	0.0	0.0	0.0	0.0	0.0	0.0	0.0	0.0	0.0	0.0	0.0	0.0	0.0	0.0	0.0	0.0	0.0	0.0	0.0	0.0	0.0	0.0	0.0	0.0	0.0	0.0	0.0	0.0	0.0	0.0	29.037530741938728	-1.56246925806127	0.12371890929117262	-0.5124281578671963	21.963545567917826	0.2778975064582535	0.04359441173847197	-1.3303285278868688	0.00795132067994049
222.0	222.4583	2600.0	2585.6251005523472	0.5729233747746003	-0.03881400655117146	28.147665142425605	-104.7712260918579	-43.757295601444625	180.87324738211194	213.5575855681414	106.83543830629057	-38.4434631250333	180.87324738211197	213.55758556814055	0.0	0.0	0.0	-25.723294828709744	-25.241262041824385	0.05450293565112938	11.545166823299022	2.891192297590511	0.06751871321276283	1.3540662126909948	0.0	0.0	0.0	0.0	0.0	0.0	0.0	0.0	0.0	0.0	0.0	0.0	0.0	0.0	0.0	0.0	0.0	0.0	0.0	0.0	0.0	0.0	0.0	0.0	0.0	0.0	0.0	0.0	0.0	0.0	0.0	0.0	0.0	0.0	0.0	0.0	0.0	0.0	0.0	0.0	0.0	0.0	0.0	0.0	0.0	0.0	0.0	0.0	29644.485796061104	2772.482683520571	137.13212088595185	29774.16671481955	-29029.65324396837	-2346.463453042663	-6181.280562128608	29773.05640321896	0.0	0.0	0.0	0.0	0.0	0.0	0.0	0.0	0.0	0.0	0.0	0.0	0.0	0.0	0.0	0.0	0.0	0.0	0.0	0.0	0.0	0.0	0.0	0.0	0.0	0.0	0.0	0.0	29165.909807105836	2068.824522048953	5612.8921074606105	29773.05640321896	0.0	0.0	0.0	0.0	0.0	0.0	0.0	0.0	0.0	0.0	0.0	0.0	0.0	0.0	0.0	0.0	0.0	0.0	0.0	0.0	0.0	0.0	0.0	0.0	0.0	0.0	0.0	0.0	0.0	0.0	0.0	0.0	0.0	0.0	0.0	0.0	0.0	0.0	0.0	0.0	0.0	0.0	0.0	0.0	0.0	0.0	0.0	0.0	0.0	0.0	0.0	0.0	0.0	0.0	0.0	0.0	0.0	0.0	0.0	0.0	0.0	0.0	0.0	0.0	0.0	0.0	0.0	0.0	0.0	0.0	0.0	0.0	0.0	0.0	0.0	0.0	0.0	0.0	0.0	0.0	0.0	0.0	0.0	0.0	0.0	0.0	0.0	0.0	0.0	0.0	0.0	0.0	0.0	0.0	0.0	0.0	0.0	0.0	0.0	0.0	29.077987279798975	-1.5220127202010263	0.12383506573123472	-0.510669616503865	22.052864364195514	0.2779502302823489	0.043624211172124165	-1.2916664436327718	0.007988545055372092
223.0	223.4586	2600.0	2585.552864302246	0.573522622124498	-0.018537027667726125	28.14109612079503	-106.01680443901752	-47.336691111235254	178.1126961130704	212.61339954360434	109.51420526309815	-38.56117210892262	178.11269611307043	212.61339954360568	5.3711984290739945e-15	0.0	5.3711984290739945e-15	-25.697356897415233	-25.224339402429305	0.045830469385904536	11.350893714274163	2.8901956232538053	0.0713431602925014	1.3497454251623537	0.0	0.0	0.0	0.0	0.0	0.0	0.0	0.0	0.0	0.0	0.0	0.0	0.0	0.0	0.0	0.0	0.0	0.0	0.0	0.0	0.0	0.0	0.0	0.0	0.0	0.0	0.0	0.0	0.0	0.0	0.0	0.0	0.0	0.0	0.0	0.0	0.0	0.0	0.0	0.0	0.0	0.0	0.0	0.0	0.0	0.0	0.0	0.0	29648.728920226236	2782.795764538372	134.74056955741364	29779.342401625945	-29012.78035688263	-2356.850026203001	-6281.383749251961	29778.38054508832	0.0	0.0	0.0	0.0	0.0	0.0	0.0	0.0	0.0	0.0	0.0	0.0	0.0	0.0	0.0	0.0	0.0	0.0	0.0	0.0	0.0	0.0	0.0	0.0	0.0	0.0	0.0	0.0	29150.318432379045	2081.0929905730372	5716.636698582943	29778.38054508832	0.0	0.0	0.0	0.0	0.0	0.0	0.0	0.0	0.0	0.0	0.0	0.0	0.0	0.0	0.0	0.0	0.0	0.0	0.0	0.0	0.0	0.0	0.0	0.0	0.0	0.0	0.0	0.0	0.0	0.0	0.0	0.0	0.0	0.0	0.0	0.0	0.0	0.0	0.0	0.0	0.0	0.0	0.0	0.0	0.0	0.0	0.0	0.0	0.0	0.0	0.0	0.0	0.0	0.0	0.0	0.0	0.0	0.0	0.0	0.0	0.0	0.0	0.0	0.0	0.0	0.0	0.0	0.0	0.0	0.0	0.0	0.0	0.0	0.0	0.0	0.0	0.0	0.0	0.0	0.0	0.0	0.0	0.0	0.0	0.0	0.0	0.0	0.0	0.0	0.0	0.0	0.0	0.0	0.0	0.0	0.0	0.0	0.0	0.0	0.0	29.118572282889865	-1.4814277171101362	0.1239444061723155	-0.508892430557039	22.144012371250486	0.2780028098559203	0.04358831835112555	-1.2528936315606725	0.008352738908501847
224.0	224.4588	2600.0	2585.4581784150523	0.5733937513849295	0.0017592476349609799	28.13483799470423	-106.11286045870202	-45.75320288616058	178.34703208699617	212.51107873075736	107.78386764239985	-41.664524539650294	178.3470320869962	212.51107873075588	-3.426903741977075e-15	0.0	-3.426903741977075e-15	-25.66249069698282	-25.199683017450408	0.03819782233464992	11.153358492992643	2.887768575895915	0.07520531025503516	1.3453262324341826	0.0	0.0	0.0	0.0	0.0	0.0	0.0	0.0	0.0	0.0	0.0	0.0	0.0	0.0	0.0	0.0	0.0	0.0	0.0	0.0	0.0	0.0	0.0	0.0	0.0	0.0	0.0	0.0	0.0	0.0	0.0	0.0	0.0	0.0	0.0	0.0	0.0	0.0	0.0	0.0	0.0	0.0	0.0	0.0	0.0	0.0	0.0	0.0	29648.72164428824	2778.072683716056	139.8650637745529	29778.91779787439	-28992.307072866643	-2354.109356238156	-6373.764902537793	29777.853839747142	0.0	0.0	0.0	0.0	0.0	0.0	0.0	0.0	0.0	0.0	0.0	0.0	0.0	0.0	0.0	0.0	0.0	0.0	0.0	0.0	0.0	0.0	0.0	0.0	0.0	0.0	0.0	0.0	29130.234536648753	2078.889379131035	5816.204440226975	29777.853839747142	0.0	0.0	0.0	0.0	0.0	0.0	0.0	0.0	0.0	0.0	0.0	0.0	0.0	0.0	0.0	0.0	0.0	0.0	0.0	0.0	0.0	0.0	0.0	0.0	0.0	0.0	0.0	0.0	0.0	0.0	0.0	0.0	0.0	0.0	0.0	0.0	0.0	0.0	0.0	0.0	0.0	0.0	0.0	0.0	0.0	0.0	0.0	0.0	0.0	0.0	0.0	0.0	0.0	0.0	0.0	0.0	0.0	0.0	0.0	0.0	0.0	0.0	0.0	0.0	0.0	0.0	0.0	0.0	0.0	0.0	0.0	0.0	0.0	0.0	0.0	0.0	0.0	0.0	0.0	0.0	0.0	0.0	0.0	0.0	0.0	0.0	0.0	0.0	0.0	0.0	0.0	0.0	0.0	0.0	0.0	0.0	0.0	0.0	0.0	0.0	29.15921147801046	-1.4407885219895467	0.12403023057235739	-0.5070834379455038	22.237536131111664	0.27805572773574855	0.04359307009060417	-1.2140985638828559	0.008449624445363499
225.0	225.459	2600.0	2585.599789948887	0.5725651591135243	0.022038102291967343	28.128904877126196	-105.79148030226405	-50.380464106678104	177.44668476429803	212.6437264581036	110.11279786237718	-40.064949957130004	177.44668476429808	212.64372645810235	2.491912911669047e-15	0.0	2.491912911669047e-15	-25.61929637896016	-25.166531019914704	0.030265708382115827	10.952625330230063	2.8839111349714748	0.07909971191817938	1.3408118443489818	0.0	0.0	0.0	0.0	0.0	0.0	0.0	0.0	0.0	0.0	0.0	0.0	0.0	0.0	0.0	0.0	0.0	0.0	0.0	0.0	0.0	0.0	0.0	0.0	0.0	0.0	0.0	0.0	0.0	0.0	0.0	0.0	0.0	0.0	0.0	0.0	0.0	0.0	0.0	0.0	0.0	0.0	0.0	0.0	0.0	0.0	0.0	0.0	29651.320470251143	2776.1258962218635	133.77503745647667	29781.29574719432	-28976.538525043645	-2356.663283493341	-6454.831791607001	29780.16957948769	0.0	0.0	0.0	0.0	0.0	0.0	0.0	0.0	0.0	0.0	0.0	0.0	0.0	0.0	0.0	0.0	0.0	0.0	0.0	0.0	0.0	0.0	0.0	0.0	0.0	0.0	0.0	0.0	29114.964650930935	2079.2142027739906	5903.744731699475	29780.16957948769	0.0	0.0	0.0	0.0	0.0	0.0	0.0	0.0	0.0	0.0	0.0	0.0	0.0	0.0	0.0	0.0	0.0	0.0	0.0	0.0	0.0	0.0	0.0	0.0	0.0	0.0	0.0	0.0	0.0	0.0	0.0	0.0	0.0	0.0	0.0	0.0	0.0	0.0	0.0	0.0	0.0	0.0	0.0	0.0	0.0	0.0	0.0	0.0	0.0	0.0	0.0	0.0	0.0	0.0	0.0	0.0	0.0	0.0	0.0	0.0	0.0	0.0	0.0	0.0	0.0	0.0	0.0	0.0	0.0	0.0	0.0	0.0	0.0	0.0	0.0	0.0	0.0	0.0	0.0	0.0	0.0	0.0	0.0	0.0	0.0	0.0	0.0	0.0	0.0	0.0	0.0	0.0	0.0	0.0	0.0	0.0	0.0	0.0	0.0	0.0	29.199843000564908	-1.4001569994350902	0.12410752134011703	-0.505244866633211	22.33317203289209	0.2781085831170389	0.04359099032487779	-1.1753405078193164	0.008585706640698059
226.0	226.4592	2600.0	2585.4914851397543	0.5710595839153325	0.04224800552575089	28.123313761765964	-105.58762745219428	-52.93490477624435	188.33198172394714	222.30561521185777	111.10793148886658	-40.073417310224606	188.33198172394717	222.3056152118593	-1.077784426588694e-14	0.0	-1.077784426588694e-14	-25.568022468509703	-25.125029265388754	0.021971133859455344	10.748757311011254	2.8786333547866905	0.0830191999574896	1.3362556606188345	0.0	0.0	0.0	0.0	0.0	0.0	0.0	0.0	0.0	0.0	0.0	0.0	0.0	0.0	0.0	0.0	0.0	0.0	0.0	0.0	0.0	0.0	0.0	0.0	0.0	0.0	0.0	0.0	0.0	0.0	0.0	0.0	0.0	0.0	0.0	0.0	0.0	0.0	0.0	0.0	0.0	0.0	0.0	0.0	0.0	0.0	0.0	0.0	29651.73673548339	2773.199040454728	144.41484838555624	29781.4872025698	-28955.460163530308	-2355.818577487643	-6549.653234872601	29780.304094298703	0.0	0.0	0.0	0.0	0.0	0.0	0.0	0.0	0.0	0.0	0.0	0.0	0.0	0.0	0.0	0.0	0.0	0.0	0.0	0.0	0.0	0.0	0.0	0.0	0.0	0.0	0.0	0.0	29094.312165504944	2078.829218843583	6005.495869945889	29780.304094298703	0.0	0.0	0.0	0.0	0.0	0.0	0.0	0.0	0.0	0.0	0.0	0.0	0.0	0.0	0.0	0.0	0.0	0.0	0.0	0.0	0.0	0.0	0.0	0.0	0.0	0.0	0.0	0.0	0.0	0.0	0.0	0.0	0.0	0.0	0.0	0.0	0.0	0.0	0.0	0.0	0.0	0.0	0.0	0.0	0.0	0.0	0.0	0.0	0.0	0.0	0.0	0.0	0.0	0.0	0.0	0.0	0.0	0.0	0.0	0.0	0.0	0.0	0.0	0.0	0.0	0.0	0.0	0.0	0.0	0.0	0.0	0.0	0.0	0.0	0.0	0.0	0.0	0.0	0.0	0.0	0.0	0.0	0.0	0.0	0.0	0.0	0.0	0.0	0.0	0.0	0.0	0.0	0.0	0.0	0.0	0.0	0.0	0.0	0.0	0.0	29.240389765741654	-1.3596102342583443	0.12416515469468965	-0.5033994575374694	22.430803186491683	0.2781614833099249	0.04358981491000555	-1.13667412655196	0.008766892108590139
227.0	227.4593	2600.0	2585.4536034620337	0.5688692206134541	0.06238044347238961	28.1180781625167	-105.9079190074417	-64.41146210764055	198.0904434158184	233.67744335302544	119.0640019041057	-34.483143851884954	198.09044341581844	233.6774433530251	0.0	0.0	0.0	-25.507980596996116	-25.07529592765456	0.014159583716380516	10.541838958583137	2.8719307399444163	0.08697883949938476	1.3316317457545084	0.0	0.0	0.0	0.0	0.0	0.0	0.0	0.0	0.0	0.0	0.0	0.0	0.0	0.0	0.0	0.0	0.0	0.0	0.0	0.0	0.0	0.0	0.0	0.0	0.0	0.0	0.0	0.0	0.0	0.0	0.0	0.0	0.0	0.0	0.0	0.0	0.0	0.0	0.0	0.0	0.0	0.0	0.0	0.0	0.0	0.0	0.0	0.0	29656.728967130402	2764.5121272155197	142.3428976208732	29785.640195098316	-28939.37258273406	-2349.8330837221547	-6641.215402105115	29784.471508167026	0.0	0.0	0.0	0.0	0.0	0.0	0.0	0.0	0.0	0.0	0.0	0.0	0.0	0.0	0.0	0.0	0.0	0.0	0.0	0.0	0.0	0.0	0.0	0.0	0.0	0.0	0.0	0.0	29078.2382542976	2072.234475151124	6105.46045168684	29784.471508167026	0.0	0.0	0.0	0.0	0.0	0.0	0.0	0.0	0.0	0.0	0.0	0.0	0.0	0.0	0.0	0.0	0.0	0.0	0.0	0.0	0.0	0.0	0.0	0.0	0.0	0.0	0.0	0.0	0.0	0.0	0.0	0.0	0.0	0.0	0.0	0.0	0.0	0.0	0.0	0.0	0.0	0.0	0.0	0.0	0.0	0.0	0.0	0.0	0.0	0.0	0.0	0.0	0.0	0.0	0.0	0.0	0.0	0.0	0.0	0.0	0.0	0.0	0.0	0.0	0.0	0.0	0.0	0.0	0.0	0.0	0.0	0.0	0.0	0.0	0.0	0.0	0.0	0.0	0.0	0.0	0.0	0.0	0.0	0.0	0.0	0.0	0.0	0.0	0.0	0.0	0.0	0.0	0.0	0.0	0.0	0.0	0.0	0.0	0.0	0.0	29.280818609648524	-1.319181390351481	0.12421183782110361	-0.5015373068187091	22.53070429810041	0.27821416873306015	0.04361673799179023	-1.0981423895736535	0.00880271720158489
228.0	228.4594	2600.0	2585.4589344451774	0.5659779908653044	0.0824227631660649	28.113213715722313	-106.02190647455245	-64.2341963406143	199.58961529061435	234.95252959668002	118.38690653580487	-36.758903586833185	199.58961529061438	234.95252959668036	0.0	0.0	0.0	-25.440192994397332	-25.01673964718865	0.005244075379313151	10.331888000388425	2.863956808128138	0.0909603995257313	1.327064865029095	0.0	0.0	0.0	0.0	0.0	0.0	0.0	0.0	0.0	0.0	0.0	0.0	0.0	0.0	0.0	0.0	0.0	0.0	0.0	0.0	0.0	0.0	0.0	0.0	0.0	0.0	0.0	0.0	0.0	0.0	0.0	0.0	0.0	0.0	0.0	0.0	0.0	0.0	0.0	0.0	0.0	0.0	0.0	0.0	0.0	0.0	0.0	0.0	29657.396943127787	2769.1960761997448	143.43496616823475	29786.745608411224	-28920.50800747484	-2359.599609446582	-6724.387491229069	29785.581761307174	0.0	0.0	0.0	0.0	0.0	0.0	0.0	0.0	0.0	0.0	0.0	0.0	0.0	0.0	0.0	0.0	0.0	0.0	0.0	0.0	0.0	0.0	0.0	0.0	0.0	0.0	0.0	0.0	29060.14135208007	2079.357670395615	6193.975874606491	29785.581761307174	0.0	0.0	0.0	0.0	0.0	0.0	0.0	0.0	0.0	0.0	0.0	0.0	0.0	0.0	0.0	0.0	0.0	0.0	0.0	0.0	0.0	0.0	0.0	0.0	0.0	0.0	0.0	0.0	0.0	0.0	0.0	0.0	0.0	0.0	0.0	0.0	0.0	0.0	0.0	0.0	0.0	0.0	0.0	0.0	0.0	0.0	0.0	0.0	0.0	0.0	0.0	0.0	0.0	0.0	0.0	0.0	0.0	0.0	0.0	0.0	0.0	0.0	0.0	0.0	0.0	0.0	0.0	0.0	0.0	0.0	0.0	0.0	0.0	0.0	0.0	0.0	0.0	0.0	0.0	0.0	0.0	0.0	0.0	0.0	0.0	0.0	0.0	0.0	0.0	0.0	0.0	0.0	0.0	0.0	0.0	0.0	0.0	0.0	0.0	0.0	29.321092329445875	-1.278907670554126	0.12424917274353334	-0.4997124259398942	22.6324388171562	0.2782667022866671	0.04359352192654556	-1.059728052099058	0.00905050623066558
229.0	229.4595	2600.0	2585.5894013937336	0.5623804796011218	0.10236099933281233	28.108733634081023	-104.89830547488235	-73.03992182806178	213.3672712788923	248.72490250304958	123.68883041895239	-32.24217582210259	213.36727127889236	248.72490250305088	-1.4504224567013891e-15	0.0	-1.4504224567013891e-15	-25.363859327814268	-24.94999253484004	-0.0032988759347882682	10.118997713402864	2.854505012097611	0.09494270593257802	1.322318667709492	0.0	0.0	0.0	0.0	0.0	0.0	0.0	0.0	0.0	0.0	0.0	0.0	0.0	0.0	0.0	0.0	0.0	0.0	0.0	0.0	0.0	0.0	0.0	0.0	0.0	0.0	0.0	0.0	0.0	0.0	0.0	0.0	0.0	0.0	0.0	0.0	0.0	0.0	0.0	0.0	0.0	0.0	0.0	0.0	0.0	0.0	0.0	0.0	29659.803902548712	2766.487330290855	143.58726455122527	29788.89116749472	-28902.709589350103	-2361.801685979894	-6808.999047413863	29787.702107377987	0.0	0.0	0.0	0.0	0.0	0.0	0.0	0.0	0.0	0.0	0.0	0.0	0.0	0.0	0.0	0.0	0.0	0.0	0.0	0.0	0.0	0.0	0.0	0.0	0.0	0.0	0.0	0.0	29042.637026415447	2079.0293006387583	6285.703505325293	29787.702107377987	0.0	0.0	0.0	0.0	0.0	0.0	0.0	0.0	0.0	0.0	0.0	0.0	0.0	0.0	0.0	0.0	0.0	0.0	0.0	0.0	0.0	0.0	0.0	0.0	0.0	0.0	0.0	0.0	0.0	0.0	0.0	0.0	0.0	0.0	0.0	0.0	0.0	0.0	0.0	0.0	0.0	0.0	0.0	0.0	0.0	0.0	0.0	0.0	0.0	0.0	0.0	0.0	0.0	0.0	0.0	0.0	0.0	0.0	0.0	0.0	0.0	0.0	0.0	0.0	0.0	0.0	0.0	0.0	0.0	0.0	0.0	0.0	0.0	0.0	0.0	0.0	0.0	0.0	0.0	0.0	0.0	0.0	0.0	0.0	0.0	0.0	0.0	0.0	0.0	0.0	0.0	0.0	0.0	0.0	0.0	0.0	0.0	0.0	0.0	0.0	29.36117243846668	-1.2388275615333202	0.12427750508927943	-0.4978229246751831	22.736327018455924	0.2783195969422999	0.0435893927323371	-1.0215722203701418	0.009190581759365962
230.0	230.4596	2600.0	2585.639514334796	0.5581034417325996	0.12216544463269248	28.10464640943064	-104.38324243498208	-67.06645729104277	203.57781194539666	238.4065781627822	118.1727330624453	-37.801800953980994	203.57781194539666	238.40657816278403	0.0	0.0	0.0	-25.27919492861947	-24.874887067588908	-0.011818399320653619	9.903207347541722	2.8437714983856046	0.09893447274065342	1.3175894703904272	0.0	0.0	0.0	0.0	0.0	0.0	0.0	0.0	0.0	0.0	0.0	0.0	0.0	0.0	0.0	0.0	0.0	0.0	0.0	0.0	0.0	0.0	0.0	0.0	0.0	0.0	0.0	0.0	0.0	0.0	0.0	0.0	0.0	0.0	0.0	0.0	0.0	0.0	0.0	0.0	0.0	0.0	0.0	0.0	0.0	0.0	0.0	0.0	29657.386966041275	2763.9474521991433	140.9494354231644	29786.23631671815	-28884.217240658127	-2368.2332704477635	-6873.109783882999	29784.99911918912	0.0	0.0	0.0	0.0	0.0	0.0	0.0	0.0	0.0	0.0	0.0	0.0	0.0	0.0	0.0	0.0	0.0	0.0	0.0	0.0	0.0	0.0	0.0	0.0	0.0	0.0	0.0	0.0	29024.398478380554	2079.025000939939	6356.738200031798	29784.99911918912	0.0	0.0	0.0	0.0	0.0	0.0	0.0	0.0	0.0	0.0	0.0	0.0	0.0	0.0	0.0	0.0	0.0	0.0	0.0	0.0	0.0	0.0	0.0	0.0	0.0	0.0	0.0	0.0	0.0	0.0	0.0	0.0	0.0	0.0	0.0	0.0	0.0	0.0	0.0	0.0	0.0	0.0	0.0	0.0	0.0	0.0	0.0	0.0	0.0	0.0	0.0	0.0	0.0	0.0	0.0	0.0	0.0	0.0	0.0	0.0	0.0	0.0	0.0	0.0	0.0	0.0	0.0	0.0	0.0	0.0	0.0	0.0	0.0	0.0	0.0	0.0	0.0	0.0	0.0	0.0	0.0	0.0	0.0	0.0	0.0	0.0	0.0	0.0	0.0	0.0	0.0	0.0	0.0	0.0	0.0	0.0	0.0	0.0	0.0	0.0	29.4010044863074	-1.198995513692605	0.12430975539658874	-0.49595534569134303	22.842266830077524	0.2783724238811308	0.04359362707912032	-0.9836427740529652	0.009306209803126754
231.0	231.4597	2600.0	2585.5600598877545	0.5531387406077207	0.14181619692485314	28.100965350730846	-104.90477805599402	-71.8907140512747	217.23632400363925	251.72387191602155	121.59327870215202	-37.260727317661804	217.23632400363928	251.72387191602328	-7.08692844545368e-15	0.0	-7.08692844545368e-15	-25.18654117908296	-24.79128943821947	-0.020755963358170926	9.684595249121319	2.831686876556966	0.1029263171186915	1.312824285063527	0.0	0.0	0.0	0.0	0.0	0.0	0.0	0.0	0.0	0.0	0.0	0.0	0.0	0.0	0.0	0.0	0.0	0.0	0.0	0.0	0.0	0.0	0.0	0.0	0.0	0.0	0.0	0.0	0.0	0.0	0.0	0.0	0.0	0.0	0.0	0.0	0.0	0.0	0.0	0.0	0.0	0.0	0.0	0.0	0.0	0.0	0.0	0.0	29659.671587403904	2761.5723065357656	146.75526515050325	29788.3188076254	-28865.382220873085	-2371.1261086549357	-6959.381186354221	29787.0024721727	0.0	0.0	0.0	0.0	0.0	0.0	0.0	0.0	0.0	0.0	0.0	0.0	0.0	0.0	0.0	0.0	0.0	0.0	0.0	0.0	0.0	0.0	0.0	0.0	0.0	0.0	0.0	0.0	29005.817485255804	2079.1231115756204	6450.218242521983	29787.0024721727	0.0	0.0	0.0	0.0	0.0	0.0	0.0	0.0	0.0	0.0	0.0	0.0	0.0	0.0	0.0	0.0	0.0	0.0	0.0	0.0	0.0	0.0	0.0	0.0	0.0	0.0	0.0	0.0	0.0	0.0	0.0	0.0	0.0	0.0	0.0	0.0	0.0	0.0	0.0	0.0	0.0	0.0	0.0	0.0	0.0	0.0	0.0	0.0	0.0	0.0	0.0	0.0	0.0	0.0	0.0	0.0	0.0	0.0	0.0	0.0	0.0	0.0	0.0	0.0	0.0	0.0	0.0	0.0	0.0	0.0	0.0	0.0	0.0	0.0	0.0	0.0	0.0	0.0	0.0	0.0	0.0	0.0	0.0	0.0	0.0	0.0	0.0	0.0	0.0	0.0	0.0	0.0	0.0	0.0	0.0	0.0	0.0	0.0	0.0	0.0	29.44054397296658	-1.1594560270334109	0.12432374570028504	-0.49408520301478337	22.950105762225498	0.27842531631849105	0.043583368888425254	-0.9460084441523573	0.009486054359253331
232.0	232.4598	2600.0	2585.401438305045	0.5475050749606465	0.161292738317213	28.09769708908718	-106.34946384885552	-92.03657518305043	229.43527660331742	269.11240362050415	137.77884916224502	-28.247625668234832	229.4352766033175	269.11240362050626	-1.7786708904912756e-14	0.0	-1.7786708904912756e-14	-25.085702067783046	-24.699308112424628	-0.029773181254841928	9.463188481348805	2.818341987543268	0.10689291762822417	1.3080910301635067	0.0	0.0	0.0	0.0	0.0	0.0	0.0	0.0	0.0	0.0	0.0	0.0	0.0	0.0	0.0	0.0	0.0	0.0	0.0	0.0	0.0	0.0	0.0	0.0	0.0	0.0	0.0	0.0	0.0	0.0	0.0	0.0	0.0	0.0	0.0	0.0	0.0	0.0	0.0	0.0	0.0	0.0	0.0	0.0	0.0	0.0	0.0	0.0	29671.188279360937	2759.976985208726	155.03813964649396	29799.679926014516	-28846.64589393322	-2368.1964807584573	-7086.604019764691	29798.612223296503	0.0	0.0	0.0	0.0	0.0	0.0	0.0	0.0	0.0	0.0	0.0	0.0	0.0	0.0	0.0	0.0	0.0	0.0	0.0	0.0	0.0	0.0	0.0	0.0	0.0	0.0	0.0	0.0	28987.350664396887	2079.8253835000846	6585.21968257962	29798.612223296503	0.0	0.0	0.0	0.0	0.0	0.0	0.0	0.0	0.0	0.0	0.0	0.0	0.0	0.0	0.0	0.0	0.0	0.0	0.0	0.0	0.0	0.0	0.0	0.0	0.0	0.0	0.0	0.0	0.0	0.0	0.0	0.0	0.0	0.0	0.0	0.0	0.0	0.0	0.0	0.0	0.0	0.0	0.0	0.0	0.0	0.0	0.0	0.0	0.0	0.0	0.0	0.0	0.0	0.0	0.0	0.0	0.0	0.0	0.0	0.0	0.0	0.0	0.0	0.0	0.0	0.0	0.0	0.0	0.0	0.0	0.0	0.0	0.0	0.0	0.0	0.0	0.0	0.0	0.0	0.0	0.0	0.0	0.0	0.0	0.0	0.0	0.0	0.0	0.0	0.0	0.0	0.0	0.0	0.0	0.0	0.0	0.0	0.0	0.0	0.0	29.479746228721144	-1.1202537712788472	0.12434924282232293	-0.4922453243242363	23.05991079284039	0.27847820744268587	0.043567393839051914	-0.9086811470852029	0.009657037044755462
233.0	233.4598	2600.0	2585.6443035086663	0.5412004672448363	0.180562798180919	28.09485403365186	-104.71199669123783	-90.22289091243871	229.83295004611068	268.1938799125767	134.8327258632926	-30.41230560049371	229.83295004611074	268.19387991257673	0.0	0.0	0.0	-24.976056915866376	-24.599328132064418	-0.037824374561766246	9.239086508270242	2.803762809546374	0.11086361864691344	1.3034216397251648	0.0	0.0	0.0	0.0	0.0	0.0	0.0	0.0	0.0	0.0	0.0	0.0	0.0	0.0	0.0	0.0	0.0	0.0	0.0	0.0	0.0	0.0	0.0	0.0	0.0	0.0	0.0	0.0	0.0	0.0	0.0	0.0	0.0	0.0	0.0	0.0	0.0	0.0	0.0	0.0	0.0	0.0	0.0	0.0	0.0	0.0	0.0	0.0	29667.668695676788	2745.990785681762	151.6162738213486	29794.865643697354	-28829.55158412402	-2366.4742282189272	-7135.69063351659	29793.64572575415	0.0	0.0	0.0	0.0	0.0	0.0	0.0	0.0	0.0	0.0	0.0	0.0	0.0	0.0	0.0	0.0	0.0	0.0	0.0	0.0	0.0	0.0	0.0	0.0	0.0	0.0	0.0	0.0	28969.74016117509	2068.36341996725	6643.594914554055	29793.64572575415	0.0	0.0	0.0	0.0	0.0	0.0	0.0	0.0	0.0	0.0	0.0	0.0	0.0	0.0	0.0	0.0	0.0	0.0	0.0	0.0	0.0	0.0	0.0	0.0	0.0	0.0	0.0	0.0	0.0	0.0	0.0	0.0	0.0	0.0	0.0	0.0	0.0	0.0	0.0	0.0	0.0	0.0	0.0	0.0	0.0	0.0	0.0	0.0	0.0	0.0	0.0	0.0	0.0	0.0	0.0	0.0	0.0	0.0	0.0	0.0	0.0	0.0	0.0	0.0	0.0	0.0	0.0	0.0	0.0	0.0	0.0	0.0	0.0	0.0	0.0	0.0	0.0	0.0	0.0	0.0	0.0	0.0	0.0	0.0	0.0	0.0	0.0	0.0	0.0	0.0	0.0	0.0	0.0	0.0	0.0	0.0	0.0	0.0	0.0	0.0	29.518554669361528	-1.0814453306384735	0.1243636197486452	-0.49044856574536244	23.171932179433213	0.2785308151563141	0.04359665981483911	-0.8717049633100012	0.009598309314687851
234.0	234.4599	2600.0	2585.839831370982	0.53426097813147	0.1996001251299684	28.09243775541069	-102.69731861575745	-88.4942742713829	217.82994401838295	256.569406478514	131.70371450144373	-32.12642862517897	217.82994401838303	256.56940647851684	3.668776444314447e-15	0.0	3.668776444314447e-15	-24.858972363170746	-24.49017058147485	-0.047459217563280094	9.012041940087204	2.787563253202317	0.11443490217480003	1.2984816502958862	0.0	0.0	0.0	0.0	0.0	0.0	0.0	0.0	0.0	0.0	0.0	0.0	0.0	0.0	0.0	0.0	0.0	0.0	0.0	0.0	0.0	0.0	0.0	0.0	0.0	0.0	0.0	0.0	0.0	0.0	0.0	0.0	0.0	0.0	0.0	0.0	0.0	0.0	0.0	0.0	0.0	0.0	0.0	0.0	0.0	0.0	0.0	0.0	29667.266832751375	2755.0084377130547	139.75507808582893	29795.2399604264	-28814.123139367617	-2387.0737211567857	-7192.761578816142	29794.087204856118	0.0	0.0	0.0	0.0	0.0	0.0	0.0	0.0	0.0	0.0	0.0	0.0	0.0	0.0	0.0	0.0	0.0	0.0	0.0	0.0	0.0	0.0	0.0	0.0	0.0	0.0	0.0	0.0	28955.042885748328	2080.119045250381	6705.686289458611	29794.087204856118	0.0	0.0	0.0	0.0	0.0	0.0	0.0	0.0	0.0	0.0	0.0	0.0	0.0	0.0	0.0	0.0	0.0	0.0	0.0	0.0	0.0	0.0	0.0	0.0	0.0	0.0	0.0	0.0	0.0	0.0	0.0	0.0	0.0	0.0	0.0	0.0	0.0	0.0	0.0	0.0	0.0	0.0	0.0	0.0	0.0	0.0	0.0	0.0	0.0	0.0	0.0	0.0	0.0	0.0	0.0	0.0	0.0	0.0	0.0	0.0	0.0	0.0	0.0	0.0	0.0	0.0	0.0	0.0	0.0	0.0	0.0	0.0	0.0	0.0	0.0	0.0	0.0	0.0	0.0	0.0	0.0	0.0	0.0	0.0	0.0	0.0	0.0	0.0	0.0	0.0	0.0	0.0	0.0	0.0	0.0	0.0	0.0	0.0	0.0	0.0	29.556919282192574	-1.0430807178074308	0.12439166140037412	-0.4885569522734423	23.28555912430568	0.2785836672328863	0.04356083899255365	-0.835267057444509	0.00986164136121147
235.0	235.46	2600.0	2585.8916100672004	0.5266901329446495	0.21838332721895412	28.090455376131107	-103.290463771511	-98.06377397158211	230.75923645527868	271.1738351705537	139.3419178974764	-29.483106829771707	230.7592364552787	271.1738351705526	1.9163215549774216e-14	0.0	1.9163215549774216e-14	-24.73366749818478	-24.372964530800793	-0.056733300982856734	8.781916141908345	2.769862019602262	0.11742289817358131	1.2934185834061174	0.0	0.0	0.0	0.0	0.0	0.0	0.0	0.0	0.0	0.0	0.0	0.0	0.0	0.0	0.0	0.0	0.0	0.0	0.0	0.0	0.0	0.0	0.0	0.0	0.0	0.0	0.0	0.0	0.0	0.0	0.0	0.0	0.0	0.0	0.0	0.0	0.0	0.0	0.0	0.0	0.0	0.0	0.0	0.0	0.0	0.0	0.0	0.0	29673.269408249987	2752.812341440236	149.95244198759946	29801.063385332887	-28796.81463250554	-2390.9505289659496	-7284.204157102081	29799.879322124634	0.0	0.0	0.0	0.0	0.0	0.0	0.0	0.0	0.0	0.0	0.0	0.0	0.0	0.0	0.0	0.0	0.0	0.0	0.0	0.0	0.0	0.0	0.0	0.0	0.0	0.0	0.0	0.0	28937.839881103	2080.6136480690393	6804.7981216421895	29799.879322124634	0.0	0.0	0.0	0.0	0.0	0.0	0.0	0.0	0.0	0.0	0.0	0.0	0.0	0.0	0.0	0.0	0.0	0.0	0.0	0.0	0.0	0.0	0.0	0.0	0.0	0.0	0.0	0.0	0.0	0.0	0.0	0.0	0.0	0.0	0.0	0.0	0.0	0.0	0.0	0.0	0.0	0.0	0.0	0.0	0.0	0.0	0.0	0.0	0.0	0.0	0.0	0.0	0.0	0.0	0.0	0.0	0.0	0.0	0.0	0.0	0.0	0.0	0.0	0.0	0.0	0.0	0.0	0.0	0.0	0.0	0.0	0.0	0.0	0.0	0.0	0.0	0.0	0.0	0.0	0.0	0.0	0.0	0.0	0.0	0.0	0.0	0.0	0.0	0.0	0.0	0.0	0.0	0.0	0.0	0.0	0.0	0.0	0.0	0.0	0.0	29.594795158562214	-1.0052048414377914	0.1244351830466221	-0.48663469620314886	23.40109299628997	0.27863656909666945	0.04355107798899985	-0.7993487159980371	0.01002087229892081
236.0	236.46	2600.0	2585.86768423884	0.5184772342218803	0.2368813688171255	28.088918069475266	-102.97482618552385	-97.9116979259052	231.82054188452787	271.9030692329689	138.50496533883415	-31.731529984557707	231.82054188452796	271.90306923296896	1.1920421361148255e-15	0.0	1.1920421361148255e-15	-24.6001549834397	-24.247338386089123	-0.06600142011483932	8.548759904058326	2.7506273533128636	0.11979266517515992	1.288220781531093	0.0	0.0	0.0	0.0	0.0	0.0	0.0	0.0	0.0	0.0	0.0	0.0	0.0	0.0	0.0	0.0	0.0	0.0	0.0	0.0	0.0	0.0	0.0	0.0	0.0	0.0	0.0	0.0	0.0	0.0	0.0	0.0	0.0	0.0	0.0	0.0	0.0	0.0	0.0	0.0	0.0	0.0	0.0	0.0	0.0	0.0	0.0	0.0	29672.58872091954	2750.0767321670846	154.9395853288001	29800.158551738445	-28776.798152849264	-2397.117917654593	-7357.116195950803	29798.950400336103	0.0	0.0	0.0	0.0	0.0	0.0	0.0	0.0	0.0	0.0	0.0	0.0	0.0	0.0	0.0	0.0	0.0	0.0	0.0	0.0	0.0	0.0	0.0	0.0	0.0	0.0	0.0	0.0	28917.812245240115	2080.3636388457817	6885.467815689819	29798.950400336103	0.0	0.0	0.0	0.0	0.0	0.0	0.0	0.0	0.0	0.0	0.0	0.0	0.0	0.0	0.0	0.0	0.0	0.0	0.0	0.0	0.0	0.0	0.0	0.0	0.0	0.0	0.0	0.0	0.0	0.0	0.0	0.0	0.0	0.0	0.0	0.0	0.0	0.0	0.0	0.0	0.0	0.0	0.0	0.0	0.0	0.0	0.0	0.0	0.0	0.0	0.0	0.0	0.0	0.0	0.0	0.0	0.0	0.0	0.0	0.0	0.0	0.0	0.0	0.0	0.0	0.0	0.0	0.0	0.0	0.0	0.0	0.0	0.0	0.0	0.0	0.0	0.0	0.0	0.0	0.0	0.0	0.0	0.0	0.0	0.0	0.0	0.0	0.0	0.0	0.0	0.0	0.0	0.0	0.0	0.0	0.0	0.0	0.0	0.0	0.0	29.632127799088025	-0.9678722009119801	0.1244643411792901	-0.4846704963027004	23.518518919146118	0.2786894180092439	0.043546008146744634	-0.7640155879368111	0.01015424021352641
237.0	237.4601	2600.0	2586.012617629559	0.5096381837241967	0.2550709355437592	28.08782850723241	-101.21869843189052	-99.21184369175538	230.8967723966274	270.9271753518706	138.0814958230112	-31.96428244528579	230.8967723966274	270.9271753518687	-5.1319375672814086e-15	0.0	-5.1319375672814086e-15	-24.458369588803663	-24.11321032497917	-0.07528986275474966	8.311991166211744	2.7295381593591244	0.12082464803647096	1.282694403822128	0.0	0.0	0.0	0.0	0.0	0.0	0.0	0.0	0.0	0.0	0.0	0.0	0.0	0.0	0.0	0.0	0.0	0.0	0.0	0.0	0.0	0.0	0.0	0.0	0.0	0.0	0.0	0.0	0.0	0.0	0.0	0.0	0.0	0.0	0.0	0.0	0.0	0.0	0.0	0.0	0.0	0.0	0.0	0.0	0.0	0.0	0.0	0.0	29672.49577635786	2747.325719880721	154.01894489310067	29799.807483345918	-28759.3659421238	-2405.1545788213716	-7420.740585341259	29798.545078173647	0.0	0.0	0.0	0.0	0.0	0.0	0.0	0.0	0.0	0.0	0.0	0.0	0.0	0.0	0.0	0.0	0.0	0.0	0.0	0.0	0.0	0.0	0.0	0.0	0.0	0.0	0.0	0.0	28900.293041878296	2080.337130868584	6956.906517370853	29798.545078173647	0.0	0.0	0.0	0.0	0.0	0.0	0.0	0.0	0.0	0.0	0.0	0.0	0.0	0.0	0.0	0.0	0.0	0.0	0.0	0.0	0.0	0.0	0.0	0.0	0.0	0.0	0.0	0.0	0.0	0.0	0.0	0.0	0.0	0.0	0.0	0.0	0.0	0.0	0.0	0.0	0.0	0.0	0.0	0.0	0.0	0.0	0.0	0.0	0.0	0.0	0.0	0.0	0.0	0.0	0.0	0.0	0.0	0.0	0.0	0.0	0.0	0.0	0.0	0.0	0.0	0.0	0.0	0.0	0.0	0.0	0.0	0.0	0.0	0.0	0.0	0.0	0.0	0.0	0.0	0.0	0.0	0.0	0.0	0.0	0.0	0.0	0.0	0.0	0.0	0.0	0.0	0.0	0.0	0.0	0.0	0.0	0.0	0.0	0.0	0.0	29.668871085395498	-0.9311289146045038	0.12449921516389055	-0.48258676058555744	23.6378045510361	0.278742311765889	0.04354272515431389	-0.7293911087710321	0.01025855611020599
238.0	238.4601	2600.0	2586.2481044725614	0.5001614315382517	0.27294292493093025	28.08719287051149	-99.69274084248715	-100.21144953666952	222.75691366173632	263.8211890258817	137.5563204057544	-32.54590467873276	222.75691366173638	263.82118902588167	2.0566803799846373e-14	0.0	2.0566803799846373e-14	-24.30856413586586	-23.97070681632903	-0.08465226206561055	8.072187178041196	2.7068081257725884	0.12105420791846987	1.276944204923786	0.0	0.0	0.0	0.0	0.0	0.0	0.0	0.0	0.0	0.0	0.0	0.0	0.0	0.0	0.0	0.0	0.0	0.0	0.0	0.0	0.0	0.0	0.0	0.0	0.0	0.0	0.0	0.0	0.0	0.0	0.0	0.0	0.0	0.0	0.0	0.0	0.0	0.0	0.0	0.0	0.0	0.0	0.0	0.0	0.0	0.0	0.0	0.0	29672.36750394933	2744.1174511717	147.57971786912552	29799.351564226694	-28743.643975915355	-2414.5199503526524	-7476.6249405441895	29798.102223235514	0.0	0.0	0.0	0.0	0.0	0.0	0.0	0.0	0.0	0.0	0.0	0.0	0.0	0.0	0.0	0.0	0.0	0.0	0.0	0.0	0.0	0.0	0.0	0.0	0.0	0.0	0.0	0.0	28884.41541775743	2080.325514193974	7020.661495600233	29798.102223235514	0.0	0.0	0.0	0.0	0.0	0.0	0.0	0.0	0.0	0.0	0.0	0.0	0.0	0.0	0.0	0.0	0.0	0.0	0.0	0.0	0.0	0.0	0.0	0.0	0.0	0.0	0.0	0.0	0.0	0.0	0.0	0.0	0.0	0.0	0.0	0.0	0.0	0.0	0.0	0.0	0.0	0.0	0.0	0.0	0.0	0.0	0.0	0.0	0.0	0.0	0.0	0.0	0.0	0.0	0.0	0.0	0.0	0.0	0.0	0.0	0.0	0.0	0.0	0.0	0.0	0.0	0.0	0.0	0.0	0.0	0.0	0.0	0.0	0.0	0.0	0.0	0.0	0.0	0.0	0.0	0.0	0.0	0.0	0.0	0.0	0.0	0.0	0.0	0.0	0.0	0.0	0.0	0.0	0.0	0.0	0.0	0.0	0.0	0.0	0.0	29.70499336615226	-0.8950066338477426	0.12450760167557488	-0.4804437944272135	23.75890098573615	0.2787952124497881	0.04353484117725729	-0.6954466991335988	0.010355255644195028
239.0	239.4601	2600.0	2586.544697103964	0.49005012064768205	0.2904958544523903	28.087012074915876	-97.49935486918913	-89.55400970823759	201.13279237398928	240.79128934180625	126.67381666397341	-38.468026028291206	201.1327923739894	240.7912893418064	0.0	0.0	0.0	-24.15095448413715	-23.819934361813143	-0.09416693220527711	7.829374299056708	2.6821597268991186	0.12036349270106456	1.270677914353877	0.0	0.0	0.0	0.0	0.0	0.0	0.0	0.0	0.0	0.0	0.0	0.0	0.0	0.0	0.0	0.0	0.0	0.0	0.0	0.0	0.0	0.0	0.0	0.0	0.0	0.0	0.0	0.0	0.0	0.0	0.0	0.0	0.0	0.0	0.0	0.0	0.0	0.0	0.0	0.0	0.0	0.0	0.0	0.0	0.0	0.0	0.0	0.0	29665.259575029217	2740.295656157954	143.44446402939954	29791.901957600516	-28723.408317427322	-2424.5794188214154	-7520.654318632392	29790.485261374808	0.0	0.0	0.0	0.0	0.0	0.0	0.0	0.0	0.0	0.0	0.0	0.0	0.0	0.0	0.0	0.0	0.0	0.0	0.0	0.0	0.0	0.0	0.0	0.0	0.0	0.0	0.0	0.0	28863.901306935608	2079.662390951644	7072.709367090607	29790.485261374808	0.0	0.0	0.0	0.0	0.0	0.0	0.0	0.0	0.0	0.0	0.0	0.0	0.0	0.0	0.0	0.0	0.0	0.0	0.0	0.0	0.0	0.0	0.0	0.0	0.0	0.0	0.0	0.0	0.0	0.0	0.0	0.0	0.0	0.0	0.0	0.0	0.0	0.0	0.0	0.0	0.0	0.0	0.0	0.0	0.0	0.0	0.0	0.0	0.0	0.0	0.0	0.0	0.0	0.0	0.0	0.0	0.0	0.0	0.0	0.0	0.0	0.0	0.0	0.0	0.0	0.0	0.0	0.0	0.0	0.0	0.0	0.0	0.0	0.0	0.0	0.0	0.0	0.0	0.0	0.0	0.0	0.0	0.0	0.0	0.0	0.0	0.0	0.0	0.0	0.0	0.0	0.0	0.0	0.0	0.0	0.0	0.0	0.0	0.0	0.0	29.740471268823367	-0.8595287311766313	0.12448274901094401	-0.478137021507393	23.881725194394882	0.27884807833298536	0.043526604731379676	-0.6623098955264628	0.010466056172059101
240.0	240.4602	2600.0	2586.5697276955616	0.4793214210003131	0.30771362649318457	28.08728505862533	-96.98075544848142	-87.25312742003736	181.6072893982702	223.60586471405992	123.72564703358145	-41.35625029010771	181.6072893982702	223.60586471406216	0.0	0.0	0.0	-23.9857100125834	-23.66099274576403	-0.10385215550081602	7.583892462243328	2.6558507194573493	0.11906502818318555	1.264034778631052	0.0	0.0	0.0	0.0	0.0	0.0	0.0	0.0	0.0	0.0	0.0	0.0	0.0	0.0	0.0	0.0	0.0	0.0	0.0	0.0	0.0	0.0	0.0	0.0	0.0	0.0	0.0	0.0	0.0	0.0	0.0	0.0	0.0	0.0	0.0	0.0	0.0	0.0	0.0	0.0	0.0	0.0	0.0	0.0	0.0	0.0	0.0	0.0	29664.364336906427	2736.838793995841	150.89968272867387	29790.72957836538	-28701.05934140778	-2430.495640226951	-7599.552360025275	29789.449683553055	0.0	0.0	0.0	0.0	0.0	0.0	0.0	0.0	0.0	0.0	0.0	0.0	0.0	0.0	0.0	0.0	0.0	0.0	0.0	0.0	0.0	0.0	0.0	0.0	0.0	0.0	0.0	0.0	28841.313678084432	2079.6596596207037	7159.954851214112	29789.449683553055	0.0	0.0	0.0	0.0	0.0	0.0	0.0	0.0	0.0	0.0	0.0	0.0	0.0	0.0	0.0	0.0	0.0	0.0	0.0	0.0	0.0	0.0	0.0	0.0	0.0	0.0	0.0	0.0	0.0	0.0	0.0	0.0	0.0	0.0	0.0	0.0	0.0	0.0	0.0	0.0	0.0	0.0	0.0	0.0	0.0	0.0	0.0	0.0	0.0	0.0	0.0	0.0	0.0	0.0	0.0	0.0	0.0	0.0	0.0	0.0	0.0	0.0	0.0	0.0	0.0	0.0	0.0	0.0	0.0	0.0	0.0	0.0	0.0	0.0	0.0	0.0	0.0	0.0	0.0	0.0	0.0	0.0	0.0	0.0	0.0	0.0	0.0	0.0	0.0	0.0	0.0	0.0	0.0	0.0	0.0	0.0	0.0	0.0	0.0	0.0	29.775267124320568	-0.824732875679434	0.12444598209491602	-0.4757183857692508	24.006209918805084	0.2789009740861353	0.04351761103716313	-0.6299666787391427	0.010594514764678611
241.0	241.4602	2600.0	2586.877219322395	0.46798817365549905	0.324567529449543	28.088012611902073	-95.92781803135402	-60.52803788496021	98.3135766384361	150.10446027317573	99.00431990954532	-55.352816384616744	98.31357663843616	150.10446027317886	9.612374137594504e-15	0.0	9.612374137594504e-15	-23.812722611551283	-23.49393675057223	-0.1134727246058599	7.336528650706796	2.628564338556876	0.11800944708584657	1.2575017172229457	0.0	0.0	0.0	0.0	0.0	0.0	0.0	0.0	0.0	0.0	0.0	0.0	0.0	0.0	0.0	0.0	0.0	0.0	0.0	0.0	0.0	0.0	0.0	0.0	0.0	0.0	0.0	0.0	0.0	0.0	0.0	0.0	0.0	0.0	0.0	0.0	0.0	0.0	0.0	0.0	0.0	0.0	0.0	0.0	0.0	0.0	0.0	0.0	29647.639556938833	2731.7641430244	150.2879270135433	29773.606652407507	-28668.304330759904	-2438.5300081868263	-7653.533260003593	29772.381046262934	0.0	0.0	0.0	0.0	0.0	0.0	0.0	0.0	0.0	0.0	0.0	0.0	0.0	0.0	0.0	0.0	0.0	0.0	0.0	0.0	0.0	0.0	0.0	0.0	0.0	0.0	0.0	0.0	28808.18191193972	2078.554891399664	7222.391408384322	29772.381046262934	0.0	0.0	0.0	0.0	0.0	0.0	0.0	0.0	0.0	0.0	0.0	0.0	0.0	0.0	0.0	0.0	0.0	0.0	0.0	0.0	0.0	0.0	0.0	0.0	0.0	0.0	0.0	0.0	0.0	0.0	0.0	0.0	0.0	0.0	0.0	0.0	0.0	0.0	0.0	0.0	0.0	0.0	0.0	0.0	0.0	0.0	0.0	0.0	0.0	0.0	0.0	0.0	0.0	0.0	0.0	0.0	0.0	0.0	0.0	0.0	0.0	0.0	0.0	0.0	0.0	0.0	0.0	0.0	0.0	0.0	0.0	0.0	0.0	0.0	0.0	0.0	0.0	0.0	0.0	0.0	0.0	0.0	0.0	0.0	0.0	0.0	0.0	0.0	0.0	0.0	0.0	0.0	0.0	0.0	0.0	0.0	0.0	0.0	0.0	0.0	29.809330749662504	-0.7906692503374978	0.12439190184367546	-0.4733716238026067	24.132428591189722	0.278953866386359	0.04351654650920479	-0.5982844507778826	0.010699614352964583
242.0	242.4603	2600.0	2586.8853201937336	0.45604711319595037	0.34105573303128195	28.089194929323625	-95.2200618612369	-52.36991279289941	66.4461327905161	127.37565116461062	90.46213425039969	-60.21685987874297	66.44613279051617	127.37565116460996	0.0	0.0	0.0	-23.632204833560507	-23.318831972587773	-0.1231574409216716	7.087261147583033	2.60020398920368	0.11707580775667299	1.2509660554155941	0.0	0.0	0.0	0.0	0.0	0.0	0.0	0.0	0.0	0.0	0.0	0.0	0.0	0.0	0.0	0.0	0.0	0.0	0.0	0.0	0.0	0.0	0.0	0.0	0.0	0.0	0.0	0.0	0.0	0.0	0.0	0.0	0.0	0.0	0.0	0.0	0.0	0.0	0.0	0.0	0.0	0.0	0.0	0.0	0.0	0.0	0.0	0.0	29651.53721541449	2728.615791066368	151.72737111414713	29777.206460101526	-28654.840925125227	-2448.150108480226	-7714.451433863932	29775.931695302654	0.0	0.0	0.0	0.0	0.0	0.0	0.0	0.0	0.0	0.0	0.0	0.0	0.0	0.0	0.0	0.0	0.0	0.0	0.0	0.0	0.0	0.0	0.0	0.0	0.0	0.0	0.0	0.0	28794.411667650027	2078.7491394292038	7291.554501788421	29775.931695302654	0.0	0.0	0.0	0.0	0.0	0.0	0.0	0.0	0.0	0.0	0.0	0.0	0.0	0.0	0.0	0.0	0.0	0.0	0.0	0.0	0.0	0.0	0.0	0.0	0.0	0.0	0.0	0.0	0.0	0.0	0.0	0.0	0.0	0.0	0.0	0.0	0.0	0.0	0.0	0.0	0.0	0.0	0.0	0.0	0.0	0.0	0.0	0.0	0.0	0.0	0.0	0.0	0.0	0.0	0.0	0.0	0.0	0.0	0.0	0.0	0.0	0.0	0.0	0.0	0.0	0.0	0.0	0.0	0.0	0.0	0.0	0.0	0.0	0.0	0.0	0.0	0.0	0.0	0.0	0.0	0.0	0.0	0.0	0.0	0.0	0.0	0.0	0.0	0.0	0.0	0.0	0.0	0.0	0.0	0.0	0.0	0.0	0.0	0.0	0.0	29.842639660892843	-0.7573603391071552	0.12431702056865744	-0.47104846979906817	24.260272950811824	0.2790067108027204	0.0435104472061033	-0.5673334806572244	0.010814497985710922
243.0	243.4605	2600.0	2587.0918169955876	0.4435420722909897	0.35715540134514256	28.090822343738168	-93.4199383447758	-50.67984994046492	50.3215597940311	117.59248041619837	87.08099086851871	-60.93138025423831	50.32155979403115	117.59248041619786	0.0	0.0	0.0	-23.44407541885092	-23.13565624185498	-0.13283963717063926	6.835895859493755	2.570569061330792	0.11594611666520703	1.2442658091466534	0.0	0.0	0.0	0.0	0.0	0.0	0.0	0.0	0.0	0.0	0.0	0.0	0.0	0.0	0.0	0.0	0.0	0.0	0.0	0.0	0.0	0.0	0.0	0.0	0.0	0.0	0.0	0.0	0.0	0.0	0.0	0.0	0.0	0.0	0.0	0.0	0.0	0.0	0.0	0.0	0.0	0.0	0.0	0.0	0.0	0.0	0.0	0.0	29644.547922491263	2724.680623326965	148.65951433869162	29769.870770280777	-28633.89190935923	-2458.781127040933	-7760.127047706208	29768.5226758753	0.0	0.0	0.0	0.0	0.0	0.0	0.0	0.0	0.0	0.0	0.0	0.0	0.0	0.0	0.0	0.0	0.0	0.0	0.0	0.0	0.0	0.0	0.0	0.0	0.0	0.0	0.0	0.0	28773.039397858203	2078.2416655128964	7345.61486147539	29768.5226758753	0.0	0.0	0.0	0.0	0.0	0.0	0.0	0.0	0.0	0.0	0.0	0.0	0.0	0.0	0.0	0.0	0.0	0.0	0.0	0.0	0.0	0.0	0.0	0.0	0.0	0.0	0.0	0.0	0.0	0.0	0.0	0.0	0.0	0.0	0.0	0.0	0.0	0.0	0.0	0.0	0.0	0.0	0.0	0.0	0.0	0.0	0.0	0.0	0.0	0.0	0.0	0.0	0.0	0.0	0.0	0.0	0.0	0.0	0.0	0.0	0.0	0.0	0.0	0.0	0.0	0.0	0.0	0.0	0.0	0.0	0.0	0.0	0.0	0.0	0.0	0.0	0.0	0.0	0.0	0.0	0.0	0.0	0.0	0.0	0.0	0.0	0.0	0.0	0.0	0.0	0.0	0.0	0.0	0.0	0.0	0.0	0.0	0.0	0.0	0.0	29.875150637508604	-0.7248493624913978	0.12425116549091532	-0.46868336370726615	24.389742435345873	0.2790596040732419	0.04350571663192789	-0.5372225625725084	0.010912763616500249
244.0	244.4606	2600.0	2587.240045734295	0.43048592911309913	0.37283849831980687	28.092892481129383	-92.78861251988927	-39.16839547433484	35.651471271877895	106.8406159718746	75.34532631335604	-66.83540693474788	35.65147127187796	106.84061597187183	1.4386751552586207e-14	0.0	1.4386751552586207e-14	-23.248467089264647	-22.944593222199018	-0.142428060033398	6.582822881242137	2.5400904568930227	0.11502524422218889	1.2377338181462476	0.0	0.0	0.0	0.0	0.0	0.0	0.0	0.0	0.0	0.0	0.0	0.0	0.0	0.0	0.0	0.0	0.0	0.0	0.0	0.0	0.0	0.0	0.0	0.0	0.0	0.0	0.0	0.0	0.0	0.0	0.0	0.0	0.0	0.0	0.0	0.0	0.0	0.0	0.0	0.0	0.0	0.0	0.0	0.0	0.0	0.0	0.0	0.0	29638.752929475482	2720.8324167202522	145.68107247209062	29763.733422224515	-28616.414629749583	-2471.052678880964	-7797.012549278508	29762.37040790194	0.0	0.0	0.0	0.0	0.0	0.0	0.0	0.0	0.0	0.0	0.0	0.0	0.0	0.0	0.0	0.0	0.0	0.0	0.0	0.0	0.0	0.0	0.0	0.0	0.0	0.0	0.0	0.0	28755.096950885072	2077.927441395882	7390.893666577172	29762.37040790194	0.0	0.0	0.0	0.0	0.0	0.0	0.0	0.0	0.0	0.0	0.0	0.0	0.0	0.0	0.0	0.0	0.0	0.0	0.0	0.0	0.0	0.0	0.0	0.0	0.0	0.0	0.0	0.0	0.0	0.0	0.0	0.0	0.0	0.0	0.0	0.0	0.0	0.0	0.0	0.0	0.0	0.0	0.0	0.0	0.0	0.0	0.0	0.0	0.0	0.0	0.0	0.0	0.0	0.0	0.0	0.0	0.0	0.0	0.0	0.0	0.0	0.0	0.0	0.0	0.0	0.0	0.0	0.0	0.0	0.0	0.0	0.0	0.0	0.0	0.0	0.0	0.0	0.0	0.0	0.0	0.0	0.0	0.0	0.0	0.0	0.0	0.0	0.0	0.0	0.0	0.0	0.0	0.0	0.0	0.0	0.0	0.0	0.0	0.0	0.0	29.90681562739312	-0.6931843726068828	0.12418757249439293	-0.46640394821534137	24.52078446678987	0.2791124932603129	0.04350077932794947	-0.5078724658453351	0.010989601076462402
245.0	245.4607	2600.0	2587.377330638103	0.41689089930261786	0.3880798060742713	28.095401689934253	-91.72752119268986	-46.50397600161158	39.58731459005665	110.19851815957394	80.39955394425853	-64.12854008691282	39.58731459005671	110.19851815957706	5.113356429036226e-15	0.0	5.113356429036226e-15	-23.04550717700718	-22.74576911313462	-0.1519067582604445	6.328078338423138	2.5086718746325087	0.11424352683800763	1.2312704945435535	0.0	0.0	0.0	0.0	0.0	0.0	0.0	0.0	0.0	0.0	0.0	0.0	0.0	0.0	0.0	0.0	0.0	0.0	0.0	0.0	0.0	0.0	0.0	0.0	0.0	0.0	0.0	0.0	0.0	0.0	0.0	0.0	0.0	0.0	0.0	0.0	0.0	0.0	0.0	0.0	0.0	0.0	0.0	0.0	0.0	0.0	0.0	0.0	29643.211665752315	2713.468122804527	147.74616198971603	29767.511418364364	-28602.985123040264	-2477.2549543490395	-7858.83859982178	29766.237488062852	0.0	0.0	0.0	0.0	0.0	0.0	0.0	0.0	0.0	0.0	0.0	0.0	0.0	0.0	0.0	0.0	0.0	0.0	0.0	0.0	0.0	0.0	0.0	0.0	0.0	0.0	0.0	0.0	28741.07323257856	2074.0149206215574	7461.7736326126105	29766.237488062852	0.0	0.0	0.0	0.0	0.0	0.0	0.0	0.0	0.0	0.0	0.0	0.0	0.0	0.0	0.0	0.0	0.0	0.0	0.0	0.0	0.0	0.0	0.0	0.0	0.0	0.0	0.0	0.0	0.0	0.0	0.0	0.0	0.0	0.0	0.0	0.0	0.0	0.0	0.0	0.0	0.0	0.0	0.0	0.0	0.0	0.0	0.0	0.0	0.0	0.0	0.0	0.0	0.0	0.0	0.0	0.0	0.0	0.0	0.0	0.0	0.0	0.0	0.0	0.0	0.0	0.0	0.0	0.0	0.0	0.0	0.0	0.0	0.0	0.0	0.0	0.0	0.0	0.0	0.0	0.0	0.0	0.0	0.0	0.0	0.0	0.0	0.0	0.0	0.0	0.0	0.0	0.0	0.0	0.0	0.0	0.0	0.0	0.0	0.0	0.0	29.937590000393236	-0.6624099996067622	0.12410859643104663	-0.46416998548740923	24.653333734008573	0.27916532982307385	0.043501454083432825	-0.47936796398319587	0.011050142129276509
246.0	246.4609	2600.0	2587.431648321099	0.40279526211292777	0.4028366340304142	28.09834043623811	-90.96410948565975	-42.79636590468726	29.359477784040326	104.72811029001967	75.56395279368735	-66.30299531212219	29.359477784040365	104.72811029001465	0.0	0.0	0.0	-22.835277458130925	-22.539064985487	-0.16145783988294518	6.071784497425304	2.476365736705826	0.11364922552784701	1.224880926478642	0.0	0.0	0.0	0.0	0.0	0.0	0.0	0.0	0.0	0.0	0.0	0.0	0.0	0.0	0.0	0.0	0.0	0.0	0.0	0.0	0.0	0.0	0.0	0.0	0.0	0.0	0.0	0.0	0.0	0.0	0.0	0.0	0.0	0.0	0.0	0.0	0.0	0.0	0.0	0.0	0.0	0.0	0.0	0.0	0.0	0.0	0.0	0.0	29644.909200886992	2709.32451880144	146.82722656111318	29768.819914660253	-28590.68372569163	-2488.719181537535	-7904.602141323931	29767.493244808233	0.0	0.0	0.0	0.0	0.0	0.0	0.0	0.0	0.0	0.0	0.0	0.0	0.0	0.0	0.0	0.0	0.0	0.0	0.0	0.0	0.0	0.0	0.0	0.0	0.0	0.0	0.0	0.0	28728.263331335656	2073.1993867254323	7516.141586480393	29767.493244808233	0.0	0.0	0.0	0.0	0.0	0.0	0.0	0.0	0.0	0.0	0.0	0.0	0.0	0.0	0.0	0.0	0.0	0.0	0.0	0.0	0.0	0.0	0.0	0.0	0.0	0.0	0.0	0.0	0.0	0.0	0.0	0.0	0.0	0.0	0.0	0.0	0.0	0.0	0.0	0.0	0.0	0.0	0.0	0.0	0.0	0.0	0.0	0.0	0.0	0.0	0.0	0.0	0.0	0.0	0.0	0.0	0.0	0.0	0.0	0.0	0.0	0.0	0.0	0.0	0.0	0.0	0.0	0.0	0.0	0.0	0.0	0.0	0.0	0.0	0.0	0.0	0.0	0.0	0.0	0.0	0.0	0.0	0.0	0.0	0.0	0.0	0.0	0.0	0.0	0.0	0.0	0.0	0.0	0.0	0.0	0.0	0.0	0.0	0.0	0.0	29.967412175772136	-0.6325878242278585	0.124038226607158	-0.46197925978514615	24.787336470014328	0.27921793826440927	0.04349967137722961	-0.451772678168274	0.011122955789469828
247.0	247.4611	2600.0	2587.5015948761447	0.388343447855324	0.4170983888966965	28.101666093667593	-90.9707981395222	-44.782848889626614	73.43704048435166	125.19659972983749	76.23241522854369	-66.85662672641774	73.4370404843517	125.19659972983676	2.3534929677805718e-14	0.0	2.3534929677805718e-14	-22.61810207892606	-22.324463595640463	-0.1714174213745259	5.813772937452005	2.442951129000464	0.11294212964762507	1.2183773646840999	0.0	0.0	0.0	0.0	0.0	0.0	0.0	0.0	0.0	0.0	0.0	0.0	0.0	0.0	0.0	0.0	0.0	0.0	0.0	0.0	0.0	0.0	0.0	0.0	0.0	0.0	0.0	0.0	0.0	0.0	0.0	0.0	0.0	0.0	0.0	0.0	0.0	0.0	0.0	0.0	0.0	0.0	0.0	0.0	0.0	0.0	0.0	0.0	30229.7174632177	2764.1729905893158	152.330680250962	30356.213117976655	-29136.701616176688	-2554.1122207929056	-8121.304345898249	30355.007076019978	0.0	0.0	0.0	0.0	0.0	0.0	0.0	0.0	0.0	0.0	0.0	0.0	0.0	0.0	0.0	0.0	0.0	0.0	0.0	0.0	0.0	0.0	0.0	0.0	0.0	0.0	0.0	0.0	29276.792939819577	2119.351792270478	7733.317381612727	30355.007076019978	0.0	0.0	0.0	0.0	0.0	0.0	0.0	0.0	0.0	0.0	0.0	0.0	0.0	0.0	0.0	0.0	0.0	0.0	0.0	0.0	0.0	0.0	0.0	0.0	0.0	0.0	0.0	0.0	0.0	0.0	0.0	0.0	0.0	0.0	0.0	0.0	0.0	0.0	0.0	0.0	0.0	0.0	0.0	0.0	0.0	0.0	0.0	0.0	0.0	0.0	0.0	0.0	0.0	0.0	0.0	0.0	0.0	0.0	0.0	0.0	0.0	0.0	0.0	0.0	0.0	0.0	0.0	0.0	0.0	0.0	0.0	0.0	0.0	0.0	0.0	0.0	0.0	0.0	0.0	0.0	0.0	0.0	0.0	0.0	0.0	0.0	0.0	0.0	0.0	0.0	0.0	0.0	0.0	0.0	0.0	0.0	0.0	0.0	0.0	0.0	29.996253493395212	-0.6037465066047896	0.12406178577766003	-0.45975089195805197	24.922610435612015	0.2792706886045786	0.043487644675215306	-0.42519698013096235	0.01128407179434495
248.0	248.4613	2600.0	2587.3145383941405	0.3737883587816567	0.4308636180666765	28.105304484059424	-92.23820291682567	-31.608677546551913	98.23975476589948	138.41258609689896	63.264855498615354	-74.19267236262019	98.23975476589956	138.4125860969004	9.478842662045534e-14	0.0	9.478842662045534e-14	-22.393584711313956	-22.102548680786665	-0.18075909335103893	5.5548586028128915	2.4089912113467347	0.11297513097740579	1.212074254456558	0.0	0.0	0.0	0.0	0.0	0.0	0.0	0.0	0.0	0.0	0.0	0.0	0.0	0.0	0.0	0.0	0.0	0.0	0.0	0.0	0.0	0.0	0.0	0.0	0.0	0.0	0.0	0.0	0.0	0.0	0.0	0.0	0.0	0.0	0.0	0.0	0.0	0.0	0.0	0.0	0.0	0.0	0.0	0.0	0.0	0.0	0.0	0.0	30910.295236079117	2822.922613161999	157.1296988933217	31039.328816901816	-29777.409375535	-2624.7683823208918	-8353.194834651671	31038.031221787936	0.0	0.0	0.0	0.0	0.0	0.0	0.0	0.0	0.0	0.0	0.0	0.0	0.0	0.0	0.0	0.0	0.0	0.0	0.0	0.0	0.0	0.0	0.0	0.0	0.0	0.0	0.0	0.0	29920.09803233132	2167.073503662628	7965.607841846693	31038.031221787936	0.0	0.0	0.0	0.0	0.0	0.0	0.0	0.0	0.0	0.0	0.0	0.0	0.0	0.0	0.0	0.0	0.0	0.0	0.0	0.0	0.0	0.0	0.0	0.0	0.0	0.0	0.0	0.0	0.0	0.0	0.0	0.0	0.0	0.0	0.0	0.0	0.0	0.0	0.0	0.0	0.0	0.0	0.0	0.0	0.0	0.0	0.0	0.0	0.0	0.0	0.0	0.0	0.0	0.0	0.0	0.0	0.0	0.0	0.0	0.0	0.0	0.0	0.0	0.0	0.0	0.0	0.0	0.0	0.0	0.0	0.0	0.0	0.0	0.0	0.0	0.0	0.0	0.0	0.0	0.0	0.0	0.0	0.0	0.0	0.0	0.0	0.0	0.0	0.0	0.0	0.0	0.0	0.0	0.0	0.0	0.0	0.0	0.0	0.0	0.0	30.024095104389133	-0.5759048956108687	0.12434053663535252	-0.4575598091873192	25.059278284104764	0.2793235725315468	0.04352944605063867	-0.3995874529007896	0.011324742904444827
249.0	249.4613	2600.0	2587.1637921008673	0.3590952089959754	0.4440029816048358	28.109268708034847	-92.32427585316326	2.992238567949243	83.49983120873952	124.51886288971043	29.58893440522661	-87.50554476272372	83.49983120873965	124.51886288970785	3.348882322645798e-15	0.0	3.348882322645798e-15	-22.16232237439868	-21.872939266374246	-0.19046318685963903	5.294856859382584	2.3740470315291846	0.11336086676650159	1.2057119274167318	0.0	0.0	0.0	0.0	0.0	0.0	0.0	0.0	0.0	0.0	0.0	0.0	0.0	0.0	0.0	0.0	0.0	0.0	0.0	0.0	0.0	0.0	0.0	0.0	0.0	0.0	0.0	0.0	0.0	0.0	0.0	0.0	0.0	0.0	0.0	0.0	0.0	0.0	0.0	0.0	0.0	0.0	0.0	0.0	0.0	0.0	0.0	0.0	31637.216820648788	2885.6749663749342	159.41702817232905	31768.94744805337	-30468.781457821446	-2702.139228271844	-8575.69719742197	31767.76325703968	0.0	0.0	0.0	0.0	0.0	0.0	0.0	0.0	0.0	0.0	0.0	0.0	0.0	0.0	0.0	0.0	0.0	0.0	0.0	0.0	0.0	0.0	0.0	0.0	0.0	0.0	0.0	0.0	30614.185342086188	2217.5448041150735	8188.097046167531	31767.76325703968	0.0	0.0	0.0	0.0	0.0	0.0	0.0	0.0	0.0	0.0	0.0	0.0	0.0	0.0	0.0	0.0	0.0	0.0	0.0	0.0	0.0	0.0	0.0	0.0	0.0	0.0	0.0	0.0	0.0	0.0	0.0	0.0	0.0	0.0	0.0	0.0	0.0	0.0	0.0	0.0	0.0	0.0	0.0	0.0	0.0	0.0	0.0	0.0	0.0	0.0	0.0	0.0	0.0	0.0	0.0	0.0	0.0	0.0	0.0	0.0	0.0	0.0	0.0	0.0	0.0	0.0	0.0	0.0	0.0	0.0	0.0	0.0	0.0	0.0	0.0	0.0	0.0	0.0	0.0	0.0	0.0	0.0	0.0	0.0	0.0	0.0	0.0	0.0	0.0	0.0	0.0	0.0	0.0	0.0	0.0	0.0	0.0	0.0	0.0	0.0	30.05078973088784	-0.5492102691121622	0.1247868705284933	-0.45532191930399124	25.197093024488122	0.27937645273339706	0.04356498867579384	-0.37517368397620576	0.011452388996243327
250.0	250.4614	2600.0	2586.9114251297888	0.3441991738933602	0.4565783504586597	28.113559586054155	-94.98148641261285	29.770893434866593	56.30202395626538	114.35780147690592	3.709228280600655	-99.46874123372615	56.302023956265494	114.35780147690615	3.3436363403611495e-15	0.0	3.3436363403611495e-15	-21.924048137964594	-21.63590347609832	-0.19998990778240683	5.033726513314598	2.338130049809006	0.1139878441455426	1.199228460012354	0.0	0.0	0.0	0.0	0.0	0.0	0.0	0.0	0.0	0.0	0.0	0.0	0.0	0.0	0.0	0.0	0.0	0.0	0.0	0.0	0.0	0.0	0.0	0.0	0.0	0.0	0.0	0.0	0.0	0.0	0.0	0.0	0.0	0.0	0.0	0.0	0.0	0.0	0.0	0.0	0.0	0.0	0.0	0.0	0.0	0.0	0.0	0.0	32318.458476369695	2944.348668342329	152.45478790900736	32452.660751192	-31113.204925465827	-2776.397604596634	-8795.099775757595	32451.40496894352	0.0	0.0	0.0	0.0	0.0	0.0	0.0	0.0	0.0	0.0	0.0	0.0	0.0	0.0	0.0	0.0	0.0	0.0	0.0	0.0	0.0	0.0	0.0	0.0	0.0	0.0	0.0	0.0	31261.091468497896	2265.7526048224236	8408.579534637256	32451.40496894352	0.0	0.0	0.0	0.0	0.0	0.0	0.0	0.0	0.0	0.0	0.0	0.0	0.0	0.0	0.0	0.0	0.0	0.0	0.0	0.0	0.0	0.0	0.0	0.0	0.0	0.0	0.0	0.0	0.0	0.0	0.0	0.0	0.0	0.0	0.0	0.0	0.0	0.0	0.0	0.0	0.0	0.0	0.0	0.0	0.0	0.0	0.0	0.0	0.0	0.0	0.0	0.0	0.0	0.0	0.0	0.0	0.0	0.0	0.0	0.0	0.0	0.0	0.0	0.0	0.0	0.0	0.0	0.0	0.0	0.0	0.0	0.0	0.0	0.0	0.0	0.0	0.0	0.0	0.0	0.0	0.0	0.0	0.0	0.0	0.0	0.0	0.0	0.0	0.0	0.0	0.0	0.0	0.0	0.0	0.0	0.0	0.0	0.0	0.0	0.0	30.076383741357915	-0.523616258642086	0.12536725508830038	-0.45301932362667635	25.336165447521918	0.27942930933788845	0.043624837342868664	-0.3519270322662202	0.011542656711134571
251.0	251.4615	2600.0	2586.9781193927206	0.3288248372336904	0.4686230780558413	28.118239011941846	-94.59812688583042	31.054864923084104	50.61280310245528	111.69094002463483	0.6332934488327737	-99.5630914802605	50.61280310245538	111.69094002463659	-2.2481639588385747e-14	0.0	-2.2481639588385747e-14	-21.679057530499662	-21.391565171208295	-0.20952107353272564	4.770991052521628	2.301037080525157	0.1142643725443198	1.1924302456645346	0.0	0.0	0.0	0.0	0.0	0.0	0.0	0.0	0.0	0.0	0.0	0.0	0.0	0.0	0.0	0.0	0.0	0.0	0.0	0.0	0.0	0.0	0.0	0.0	0.0	0.0	0.0	0.0	0.0	0.0	0.0	0.0	0.0	0.0	0.0	0.0	0.0	0.0	0.0	0.0	0.0	0.0	0.0	0.0	0.0	0.0	0.0	0.0	32342.774442832204	2942.901076471853	155.4492100633699	32476.759226602768	-31125.139173000087	-2794.240759570454	-8835.779545638616	32475.422555221598	0.0	0.0	0.0	0.0	0.0	0.0	0.0	0.0	0.0	0.0	0.0	0.0	0.0	0.0	0.0	0.0	0.0	0.0	0.0	0.0	0.0	0.0	0.0	0.0	0.0	0.0	0.0	0.0	31272.427537439813	2267.528512354962	8458.525905938255	32475.422555221598	0.0	0.0	0.0	0.0	0.0	0.0	0.0	0.0	0.0	0.0	0.0	0.0	0.0	0.0	0.0	0.0	0.0	0.0	0.0	0.0	0.0	0.0	0.0	0.0	0.0	0.0	0.0	0.0	0.0	0.0	0.0	0.0	0.0	0.0	0.0	0.0	0.0	0.0	0.0	0.0	0.0	0.0	0.0	0.0	0.0	0.0	0.0	0.0	0.0	0.0	0.0	0.0	0.0	0.0	0.0	0.0	0.0	0.0	0.0	0.0	0.0	0.0	0.0	0.0	0.0	0.0	0.0	0.0	0.0	0.0	0.0	0.0	0.0	0.0	0.0	0.0	0.0	0.0	0.0	0.0	0.0	0.0	0.0	0.0	0.0	0.0	0.0	0.0	0.0	0.0	0.0	0.0	0.0	0.0	0.0	0.0	0.0	0.0	0.0	0.0	30.10089541056495	-0.4991045894350528	0.12591489640326783	-0.45061262884264797	25.476404487675072	0.27948220045309685	0.04368716120898406	-0.3298665591904047	0.011634231379289732
252.0	252.4616	2600.0	2586.844642601474	0.31280787200782145	0.4801106421812709	28.123345536574433	-95.11917418901795	30.909482569142707	31.238043324800174	104.78009716475243	-0.8089552707206167	-100.01199429299596	31.238043324800287	104.78009716474965	4.054583124861607e-14	0.0	4.054583124861607e-14	-21.427213748334903	-21.139891004778935	-0.2189471720994845	4.506649786326365	2.262895622768531	0.11413776377655943	1.1854799117943435	0.0	0.0	0.0	0.0	0.0	0.0	0.0	0.0	0.0	0.0	0.0	0.0	0.0	0.0	0.0	0.0	0.0	0.0	0.0	0.0	0.0	0.0	0.0	0.0	0.0	0.0	0.0	0.0	0.0	0.0	0.0	0.0	0.0	0.0	0.0	0.0	0.0	0.0	0.0	0.0	0.0	0.0	0.0	0.0	0.0	0.0	0.0	0.0	32337.055102144102	2938.1183864421755	148.78495916090574	32470.599152093357	-31107.758682942655	-2809.254318206936	-8869.60353639295	32469.28436219918	0.0	0.0	0.0	0.0	0.0	0.0	0.0	0.0	0.0	0.0	0.0	0.0	0.0	0.0	0.0	0.0	0.0	0.0	0.0	0.0	0.0	0.0	0.0	0.0	0.0	0.0	0.0	0.0	31254.259601073507	2267.017602054146	8502.135906584506	32469.28436219918	0.0	0.0	0.0	0.0	0.0	0.0	0.0	0.0	0.0	0.0	0.0	0.0	0.0	0.0	0.0	0.0	0.0	0.0	0.0	0.0	0.0	0.0	0.0	0.0	0.0	0.0	0.0	0.0	0.0	0.0	0.0	0.0	0.0	0.0	0.0	0.0	0.0	0.0	0.0	0.0	0.0	0.0	0.0	0.0	0.0	0.0	0.0	0.0	0.0	0.0	0.0	0.0	0.0	0.0	0.0	0.0	0.0	0.0	0.0	0.0	0.0	0.0	0.0	0.0	0.0	0.0	0.0	0.0	0.0	0.0	0.0	0.0	0.0	0.0	0.0	0.0	0.0	0.0	0.0	0.0	0.0	0.0	0.0	0.0	0.0	0.0	0.0	0.0	0.0	0.0	0.0	0.0	0.0	0.0	0.0	0.0	0.0	0.0	0.0	0.0	30.12428309450917	-0.47571690549083107	0.12628268388856795	-0.4481846983385351	25.61789872924349	0.27953508760693946	0.04374665757495914	-0.30895010744136464	0.011705373212667519
253.0	253.4617	2600.0	2587.249024103504	0.296241267471552	0.49100587863845785	28.128847967291573	-92.43813190815854	46.96784179061795	18.05652966204751	105.24649474721258	-18.71165301644942	-101.98362826714585	18.056529662047623	105.24649474721615	-2.756395411409868e-14	0.0	-2.756395411409868e-14	-21.168802834904408	-20.880995673367977	-0.22842393629584462	4.24106493911536	2.2240692905187958	0.11396730559655355	1.1786232534524008	0.0	0.0	0.0	0.0	0.0	0.0	0.0	0.0	0.0	0.0	0.0	0.0	0.0	0.0	0.0	0.0	0.0	0.0	0.0	0.0	0.0	0.0	0.0	0.0	0.0	0.0	0.0	0.0	0.0	0.0	0.0	0.0	0.0	0.0	0.0	0.0	0.0	0.0	0.0	0.0	0.0	0.0	0.0	0.0	0.0	0.0	0.0	0.0	32322.007533367596	2934.7011952102703	143.93865506103006	32455.282473407333	-31095.45537727497	-2829.521920699288	-8849.543635980193	32453.781936546842	0.0	0.0	0.0	0.0	0.0	0.0	0.0	0.0	0.0	0.0	0.0	0.0	0.0	0.0	0.0	0.0	0.0	0.0	0.0	0.0	0.0	0.0	0.0	0.0	0.0	0.0	0.0	0.0	31240.987208126244	2267.3471373800576	8491.632187350173	32453.781936546842	0.0	0.0	0.0	0.0	0.0	0.0	0.0	0.0	0.0	0.0	0.0	0.0	0.0	0.0	0.0	0.0	0.0	0.0	0.0	0.0	0.0	0.0	0.0	0.0	0.0	0.0	0.0	0.0	0.0	0.0	0.0	0.0	0.0	0.0	0.0	0.0	0.0	0.0	0.0	0.0	0.0	0.0	0.0	0.0	0.0	0.0	0.0	0.0	0.0	0.0	0.0	0.0	0.0	0.0	0.0	0.0	0.0	0.0	0.0	0.0	0.0	0.0	0.0	0.0	0.0	0.0	0.0	0.0	0.0	0.0	0.0	0.0	0.0	0.0	0.0	0.0	0.0	0.0	0.0	0.0	0.0	0.0	0.0	0.0	0.0	0.0	0.0	0.0	0.0	0.0	0.0	0.0	0.0	0.0	0.0	0.0	0.0	0.0	0.0	0.0	30.146497326287026	-0.45350267371297553	0.12652258819054335	-0.445815605759022	25.760501723376507	0.2795879679751069	0.043802439397204206	-0.2891477332019752	0.011793374784510497
254.0	254.4618	2600.0	2586.8185263387213	0.27918781763576384	0.501312612647718	28.134718779486207	-94.42947317618017	31.0755291957721	18.65119769493991	101.14584071816273	-4.6439284811986	-99.30280885951649	18.651197694940027	101.14584071816249	-1.2011941994838156e-14	0.0	-1.2011941994838156e-14	-20.903975774119253	-20.615125465069845	-0.23784891706897876	3.974452032311425	2.184746161511294	0.11392921176703742	1.1719619450462504	0.0	0.0	0.0	0.0	0.0	0.0	0.0	0.0	0.0	0.0	0.0	0.0	0.0	0.0	0.0	0.0	0.0	0.0	0.0	0.0	0.0	0.0	0.0	0.0	0.0	0.0	0.0	0.0	0.0	0.0	0.0	0.0	0.0	0.0	0.0	0.0	0.0	0.0	0.0	0.0	0.0	0.0	0.0	0.0	0.0	0.0	0.0	0.0	32326.995060413385	2929.4548700517075	152.99137867746023	32459.817033273775	-31077.193794472965	-2840.872014572049	-8926.661020627316	32458.40114545994	0.0	0.0	0.0	0.0	0.0	0.0	0.0	0.0	0.0	0.0	0.0	0.0	0.0	0.0	0.0	0.0	0.0	0.0	0.0	0.0	0.0	0.0	0.0	0.0	0.0	0.0	0.0	0.0	31222.06637699161	2265.9737643667786	8578.79589275361	32458.40114545994	0.0	0.0	0.0	0.0	0.0	0.0	0.0	0.0	0.0	0.0	0.0	0.0	0.0	0.0	0.0	0.0	0.0	0.0	0.0	0.0	0.0	0.0	0.0	0.0	0.0	0.0	0.0	0.0	0.0	0.0	0.0	0.0	0.0	0.0	0.0	0.0	0.0	0.0	0.0	0.0	0.0	0.0	0.0	0.0	0.0	0.0	0.0	0.0	0.0	0.0	0.0	0.0	0.0	0.0	0.0	0.0	0.0	0.0	0.0	0.0	0.0	0.0	0.0	0.0	0.0	0.0	0.0	0.0	0.0	0.0	0.0	0.0	0.0	0.0	0.0	0.0	0.0	0.0	0.0	0.0	0.0	0.0	0.0	0.0	0.0	0.0	0.0	0.0	0.0	0.0	0.0	0.0	0.0	0.0	0.0	0.0	0.0	0.0	0.0	0.0	30.167528559578678	-0.43247144042132385	0.12667463214979607	-0.44353484843453705	25.904125257130172	0.27964086112182623	0.0438573112018376	-0.27043976480870835	0.011878120716388251
255.0	255.4619	2600.0	2586.7796131049136	0.2617142851978872	0.5109811241654534	28.14093240360781	-95.06328740021127	27.526859011937628	24.3706138424237	101.92489096121122	-2.7823331548443098	-98.92934448693268	24.3706138424238	101.9248909612136	6.325471371557447e-15	0.0	6.325471371557447e-15	-20.63267768729048	-20.342189527942406	-0.24725932541339024	3.7068621079068267	2.145075068640986	0.1140244849184746	1.1656119962116607	0.0	0.0	0.0	0.0	0.0	0.0	0.0	0.0	0.0	0.0	0.0	0.0	0.0	0.0	0.0	0.0	0.0	0.0	0.0	0.0	0.0	0.0	0.0	0.0	0.0	0.0	0.0	0.0	0.0	0.0	0.0	0.0	0.0	0.0	0.0	0.0	0.0	0.0	0.0	0.0	0.0	0.0	0.0	0.0	0.0	0.0	0.0	0.0	32326.87303466568	2926.0821937120363	153.06839335390882	32459.39166307338	-31067.276581800746	-2857.8372684716383	-8954.492391314447	32458.062820342166	0.0	0.0	0.0	0.0	0.0	0.0	0.0	0.0	0.0	0.0	0.0	0.0	0.0	0.0	0.0	0.0	0.0	0.0	0.0	0.0	0.0	0.0	0.0	0.0	0.0	0.0	0.0	0.0	31211.35652601642	2265.9314453514203	8616.415759475512	32458.062820342166	0.0	0.0	0.0	0.0	0.0	0.0	0.0	0.0	0.0	0.0	0.0	0.0	0.0	0.0	0.0	0.0	0.0	0.0	0.0	0.0	0.0	0.0	0.0	0.0	0.0	0.0	0.0	0.0	0.0	0.0	0.0	0.0	0.0	0.0	0.0	0.0	0.0	0.0	0.0	0.0	0.0	0.0	0.0	0.0	0.0	0.0	0.0	0.0	0.0	0.0	0.0	0.0	0.0	0.0	0.0	0.0	0.0	0.0	0.0	0.0	0.0	0.0	0.0	0.0	0.0	0.0	0.0	0.0	0.0	0.0	0.0	0.0	0.0	0.0	0.0	0.0	0.0	0.0	0.0	0.0	0.0	0.0	0.0	0.0	0.0	0.0	0.0	0.0	0.0	0.0	0.0	0.0	0.0	0.0	0.0	0.0	0.0	0.0	0.0	0.0	30.187314178222017	-0.41268582177798413	0.12677620411539378	-0.4413904019766314	26.048766944534265	0.27969374294859833	0.043909191308539854	-0.2528412829195589	0.01196408992682581
256.0	256.462	2600.0	2586.4679774226597	0.2438755838149309	0.5199798690661551	28.147463571331485	-96.8385321217829	19.042684735664803	33.52062391086865	104.23030928102153	4.155413573163968	-98.60556618913324	33.52062391086877	104.2303092810219	-3.4964869182368098e-15	0.0	-3.4964869182368098e-15	-20.35526760032834	-20.062501830792776	-0.25670119590753276	3.4383430533457164	2.104966576398721	0.11418907248321734	1.159489569083183	0.0	0.0	0.0	0.0	0.0	0.0	0.0	0.0	0.0	0.0	0.0	0.0	0.0	0.0	0.0	0.0	0.0	0.0	0.0	0.0	0.0	0.0	0.0	0.0	0.0	0.0	0.0	0.0	0.0	0.0	0.0	0.0	0.0	0.0	0.0	0.0	0.0	0.0	0.0	0.0	0.0	0.0	0.0	0.0	0.0	0.0	0.0	0.0	32327.511687733222	2922.0963797998347	170.44827072738462	32459.755263808773	-31049.09971733294	-2872.736192661954	-9013.749182538806	32458.386910246085	0.0	0.0	0.0	0.0	0.0	0.0	0.0	0.0	0.0	0.0	0.0	0.0	0.0	0.0	0.0	0.0	0.0	0.0	0.0	0.0	0.0	0.0	0.0	0.0	0.0	0.0	0.0	0.0	31192.525988981026	2265.773410554941	8685.590025668913	32458.386910246085	0.0	0.0	0.0	0.0	0.0	0.0	0.0	0.0	0.0	0.0	0.0	0.0	0.0	0.0	0.0	0.0	0.0	0.0	0.0	0.0	0.0	0.0	0.0	0.0	0.0	0.0	0.0	0.0	0.0	0.0	0.0	0.0	0.0	0.0	0.0	0.0	0.0	0.0	0.0	0.0	0.0	0.0	0.0	0.0	0.0	0.0	0.0	0.0	0.0	0.0	0.0	0.0	0.0	0.0	0.0	0.0	0.0	0.0	0.0	0.0	0.0	0.0	0.0	0.0	0.0	0.0	0.0	0.0	0.0	0.0	0.0	0.0	0.0	0.0	0.0	0.0	0.0	0.0	0.0	0.0	0.0	0.0	0.0	0.0	0.0	0.0	0.0	0.0	0.0	0.0	0.0	0.0	0.0	0.0	0.0	0.0	0.0	0.0	0.0	0.0	30.20581059441456	-0.39418940558543986	0.1268356952352622	-0.4393477347837459	26.19425694483516	0.2797466233424563	0.043954969623958506	-0.23643023762980844	0.0120677158746263
257.0	257.462	2600.0	2586.8945829950026	0.2256999666187087	0.5283181950541076	28.154290761720656	-94.70701851041302	25.367403211675985	16.373716286455227	99.40333538601608	-4.2028035826588175	-97.95540282639192	16.373716286455327	99.40333538601436	-1.273582274429102e-14	0.0	-1.273582274429102e-14	-20.0711948914471	-19.776030974191613	-0.26565889821181105	3.168975963332012	2.064379122725047	0.11440766512435199	1.1535162407509432	0.0	0.0	0.0	0.0	0.0	0.0	0.0	0.0	0.0	0.0	0.0	0.0	0.0	0.0	0.0	0.0	0.0	0.0	0.0	0.0	0.0	0.0	0.0	0.0	0.0	0.0	0.0	0.0	0.0	0.0	0.0	0.0	0.0	0.0	0.0	0.0	0.0	0.0	0.0	0.0	0.0	0.0	0.0	0.0	0.0	0.0	0.0	0.0	32315.391946861033	2917.6522972334815	153.61300579310176	32447.200935710185	-31039.056136192958	-2891.9681377871516	-8996.683155786555	32445.751545330662	0.0	0.0	0.0	0.0	0.0	0.0	0.0	0.0	0.0	0.0	0.0	0.0	0.0	0.0	0.0	0.0	0.0	0.0	0.0	0.0	0.0	0.0	0.0	0.0	0.0	0.0	0.0	0.0	31181.39243308785	2264.908675946099	8678.579835706043	32445.751545330662	0.0	0.0	0.0	0.0	0.0	0.0	0.0	0.0	0.0	0.0	0.0	0.0	0.0	0.0	0.0	0.0	0.0	0.0	0.0	0.0	0.0	0.0	0.0	0.0	0.0	0.0	0.0	0.0	0.0	0.0	0.0	0.0	0.0	0.0	0.0	0.0	0.0	0.0	0.0	0.0	0.0	0.0	0.0	0.0	0.0	0.0	0.0	0.0	0.0	0.0	0.0	0.0	0.0	0.0	0.0	0.0	0.0	0.0	0.0	0.0	0.0	0.0	0.0	0.0	0.0	0.0	0.0	0.0	0.0	0.0	0.0	0.0	0.0	0.0	0.0	0.0	0.0	0.0	0.0	0.0	0.0	0.0	0.0	0.0	0.0	0.0	0.0	0.0	0.0	0.0	0.0	0.0	0.0	0.0	0.0	0.0	0.0	0.0	0.0	0.0	30.223016093570767	-0.37698390642923135	0.12685428904707494	-0.43737370609636317	26.34081318700679	0.2797995094424951	0.04402376955229626	-0.22124201004661492	0.01207895756192221
258.0	258.462	2600.0	2586.7226884514266	0.20722773642645428	0.5359741050820398	28.16139053788813	-93.55630176982959	0.5946425122710935	56.56483444981294	109.32847614825498	18.130280917759592	-91.78468344123395	56.56483444981305	109.32847614825315	0.0	0.0	0.0	-19.781276090311017	-19.482973568086628	-0.27475635238917717	2.8988569732488325	2.023401129385081	0.11471036093251677	1.1477380826505348	0.0	0.0	0.0	0.0	0.0	0.0	0.0	0.0	0.0	0.0	0.0	0.0	0.0	0.0	0.0	0.0	0.0	0.0	0.0	0.0	0.0	0.0	0.0	0.0	0.0	0.0	0.0	0.0	0.0	0.0	0.0	0.0	0.0	0.0	0.0	0.0	0.0	0.0	0.0	0.0	0.0	0.0	0.0	0.0	0.0	0.0	0.0	0.0	32331.218887016017	2912.55462401009	152.5436405356444	32462.500808167126	-31045.554305287962	-2907.2908754351097	-9024.193700152327	32460.974327565105	0.0	0.0	0.0	0.0	0.0	0.0	0.0	0.0	0.0	0.0	0.0	0.0	0.0	0.0	0.0	0.0	0.0	0.0	0.0	0.0	0.0	0.0	0.0	0.0	0.0	0.0	0.0	0.0	31186.96659229318	2261.9900108814873	8716.155704018965	32460.974327565105	0.0	0.0	0.0	0.0	0.0	0.0	0.0	0.0	0.0	0.0	0.0	0.0	0.0	0.0	0.0	0.0	0.0	0.0	0.0	0.0	0.0	0.0	0.0	0.0	0.0	0.0	0.0	0.0	0.0	0.0	0.0	0.0	0.0	0.0	0.0	0.0	0.0	0.0	0.0	0.0	0.0	0.0	0.0	0.0	0.0	0.0	0.0	0.0	0.0	0.0	0.0	0.0	0.0	0.0	0.0	0.0	0.0	0.0	0.0	0.0	0.0	0.0	0.0	0.0	0.0	0.0	0.0	0.0	0.0	0.0	0.0	0.0	0.0	0.0	0.0	0.0	0.0	0.0	0.0	0.0	0.0	0.0	0.0	0.0	0.0	0.0	0.0	0.0	0.0	0.0	0.0	0.0	0.0	0.0	0.0	0.0	0.0	0.0	0.0	0.0	30.23889827072399	-0.3611017292760082	0.12684499701668456	-0.4354841245147543	26.488073236740107	0.27985236928894985	0.04407922219638721	-0.20729269011127766	0.012126664321980021
259.0	259.4619	2600.0	2586.584311071316	0.1884471749996067	0.5428792904683386	28.16875528811324	-96.81942803862329	16.669748352960593	4.233926583384915	98.3351833790464	1.3187363011766138	-98.2351418304315	4.233926583384999	98.33518337904565	1.6420923764046925e-14	0.0	1.6420923764046925e-14	-19.48576971599292	-19.183362868959897	-0.28427885876641057	2.619381576710373	1.9633526694072883	0.1016433801300887	1.1266006859834559	0.0	0.0	0.0	0.0	0.0	0.0	0.0	0.0	0.0	0.0	0.0	0.0	0.0	0.0	0.0	0.0	0.0	0.0	0.0	0.0	0.0	0.0	0.0	0.0	0.0	0.0	0.0	0.0	0.0	0.0	0.0	0.0	0.0	0.0	0.0	0.0	0.0	0.0	0.0	0.0	0.0	0.0	0.0	0.0	0.0	0.0	0.0	0.0	32202.328918152056	3119.627531650561	137.799228638904	32353.377757453673	-30915.76887906078	-3137.1950800450354	-9000.949827276565	32351.875620231225	0.0	0.0	0.0	0.0	0.0	0.0	0.0	0.0	0.0	0.0	0.0	0.0	0.0	0.0	0.0	0.0	0.0	0.0	0.0	0.0	0.0	0.0	0.0	0.0	0.0	0.0	0.0	0.0	31062.588113479735	2484.2428354930144	8694.136723880096	32351.875620231225	0.0	0.0	0.0	0.0	0.0	0.0	0.0	0.0	0.0	0.0	0.0	0.0	0.0	0.0	0.0	0.0	0.0	0.0	0.0	0.0	0.0	0.0	0.0	0.0	0.0	0.0	0.0	0.0	0.0	0.0	0.0	0.0	0.0	0.0	0.0	0.0	0.0	0.0	0.0	0.0	0.0	0.0	0.0	0.0	0.0	0.0	0.0	0.0	0.0	0.0	0.0	0.0	0.0	0.0	0.0	0.0	0.0	0.0	0.0	0.0	0.0	0.0	0.0	0.0	0.0	0.0	0.0	0.0	0.0	0.0	0.0	0.0	0.0	0.0	0.0	0.0	0.0	0.0	0.0	0.0	0.0	0.0	0.0	0.0	0.0	0.0	0.0	0.0	0.0	0.0	0.0	0.0	0.0	0.0	0.0	0.0	0.0	0.0	0.0	0.0	30.25337913109833	-0.3466208689016669	0.12663653746802653	-0.42821572653877904	26.63613941061661	0.28065051706096933	0.044086801264053344	-0.2008447035276886	0.012141461320621017
260.0	260.4616	2600.0	2586.42729137239	0.16933135896053028	0.5491047618471562	28.176373998498114	-95.37389371062817	16.478870784012546	1.1646335266261763	96.7940553706359	-0.4467220923725108	-96.78601770510797	1.1646335266262757	96.7940553706302	2.607203198914239e-14	0.0	2.607203198914239e-14	-19.184287644922694	-18.87787814380698	-0.2930259193892944	2.3374085393213004	1.8892778380763886	0.08307354367085866	1.0930704946651786	0.0	0.0	0.0	0.0	0.0	0.0	0.0	0.0	0.0	0.0	0.0	0.0	0.0	0.0	0.0	0.0	0.0	0.0	0.0	0.0	0.0	0.0	0.0	0.0	0.0	0.0	0.0	0.0	0.0	0.0	0.0	0.0	0.0	0.0	0.0	0.0	0.0	0.0	0.0	0.0	0.0	0.0	0.0	0.0	0.0	0.0	0.0	0.0	32160.751858049203	3098.04971150901	136.66042491186747	32309.914084716067	-30869.43188149792	-3134.5089298992048	-9004.572949478183	32308.34729478642	0.0	0.0	0.0	0.0	0.0	0.0	0.0	0.0	0.0	0.0	0.0	0.0	0.0	0.0	0.0	0.0	0.0	0.0	0.0	0.0	0.0	0.0	0.0	0.0	0.0	0.0	0.0	0.0	31012.95903780476	2479.731706456092	8710.717955712527	32308.34729478642	0.0	0.0	0.0	0.0	0.0	0.0	0.0	0.0	0.0	0.0	0.0	0.0	0.0	0.0	0.0	0.0	0.0	0.0	0.0	0.0	0.0	0.0	0.0	0.0	0.0	0.0	0.0	0.0	0.0	0.0	0.0	0.0	0.0	0.0	0.0	0.0	0.0	0.0	0.0	0.0	0.0	0.0	0.0	0.0	0.0	0.0	0.0	0.0	0.0	0.0	0.0	0.0	0.0	0.0	0.0	0.0	0.0	0.0	0.0	0.0	0.0	0.0	0.0	0.0	0.0	0.0	0.0	0.0	0.0	0.0	0.0	0.0	0.0	0.0	0.0	0.0	0.0	0.0	0.0	0.0	0.0	0.0	0.0	0.0	0.0	0.0	0.0	0.0	0.0	0.0	0.0	0.0	0.0	0.0	0.0	0.0	0.0	0.0	0.0	0.0	30.26652128081494	-0.33347871918505606	0.12624934882132485	-0.4168216697185479	26.785051912855483	0.28121891478082167	0.04406976320747075	-0.19961136304760513	0.011978011511697067
261.0	261.4613	2600.0	2586.592613943224	0.14996750897118685	0.5546835736344299	28.18420628575037	-97.04063506269085	25.513116903857732	-19.61011006593145	102.2367859643397	-10.821933841527425	-99.75314398779302	-19.610110065931334	102.23678596433724	-1.1585932568254726e-13	0.0	-1.1585932568254726e-13	-18.876594118610566	-18.566220100138963	-0.3010547642090537	2.0616060937525496	1.8215868917635534	0.07281499269965419	1.064307081590864	0.0	0.0	0.0	0.0	0.0	0.0	0.0	0.0	0.0	0.0	0.0	0.0	0.0	0.0	0.0	0.0	0.0	0.0	0.0	0.0	0.0	0.0	0.0	0.0	0.0	0.0	0.0	0.0	0.0	0.0	0.0	0.0	0.0	0.0	0.0	0.0	0.0	0.0	0.0	0.0	0.0	0.0	0.0	0.0	0.0	0.0	0.0	0.0	32094.20197378692	2917.217252228561	124.56573281971473	32226.750898170314	-30808.55556067427	-2978.970870015545	-8968.206614747722	32225.3020631981	0.0	0.0	0.0	0.0	0.0	0.0	0.0	0.0	0.0	0.0	0.0	0.0	0.0	0.0	0.0	0.0	0.0	0.0	0.0	0.0	0.0	0.0	0.0	0.0	0.0	0.0	0.0	0.0	30943.9743787485	2318.837165826854	8692.728967941928	32225.3020631981	0.0	0.0	0.0	0.0	0.0	0.0	0.0	0.0	0.0	0.0	0.0	0.0	0.0	0.0	0.0	0.0	0.0	0.0	0.0	0.0	0.0	0.0	0.0	0.0	0.0	0.0	0.0	0.0	0.0	0.0	0.0	0.0	0.0	0.0	0.0	0.0	0.0	0.0	0.0	0.0	0.0	0.0	0.0	0.0	0.0	0.0	0.0	0.0	0.0	0.0	0.0	0.0	0.0	0.0	0.0	0.0	0.0	0.0	0.0	0.0	0.0	0.0	0.0	0.0	0.0	0.0	0.0	0.0	0.0	0.0	0.0	0.0	0.0	0.0	0.0	0.0	0.0	0.0	0.0	0.0	0.0	0.0	0.0	0.0	0.0	0.0	0.0	0.0	0.0	0.0	0.0	0.0	0.0	0.0	0.0	0.0	0.0	0.0	0.0	0.0	30.278349874525812	-0.32165012547417865	0.12588586567187232	-0.4072202268105951	26.934629175410254	0.2817143126719007	0.04403917952093345	-0.19783280393064806	0.011769350349513168
262.0	262.4608	2600.0	2586.6703825142326	0.13035209670613923	0.5598321950877366	28.192230218665664	-96.05876090237507	34.69257222415401	-36.32851955164157	108.40028342417658	-21.78928381756122	-99.78019454954848	-36.32851955164145	108.40028342417736	-3.982204807736281e-13	0.0	-3.982204807736281e-13	-18.563502322304778	-18.248134614350988	-0.3094570697951963	1.791828356294531	1.7546337931177884	0.0691350774904723	1.035053074632459	0.0	0.0	0.0	0.0	0.0	0.0	0.0	0.0	0.0	0.0	0.0	0.0	0.0	0.0	0.0	0.0	0.0	0.0	0.0	0.0	0.0	0.0	0.0	0.0	0.0	0.0	0.0	0.0	0.0	0.0	0.0	0.0	0.0	0.0	0.0	0.0	0.0	0.0	0.0	0.0	0.0	0.0	0.0	0.0	0.0	0.0	0.0	0.0	31905.369476386775	2103.510876349838	109.96920278821948	31974.82529517929	-30635.821013587418	-2187.190780089463	-8885.989281450078	31973.39735147203	0.0	0.0	0.0	0.0	0.0	0.0	0.0	0.0	0.0	0.0	0.0	0.0	0.0	0.0	0.0	0.0	0.0	0.0	0.0	0.0	0.0	0.0	0.0	0.0	0.0	0.0	0.0	0.0	30744.056972257848	1524.895288955974	8647.29977735257	31973.39735147203	0.0	0.0	0.0	0.0	0.0	0.0	0.0	0.0	0.0	0.0	0.0	0.0	0.0	0.0	0.0	0.0	0.0	0.0	0.0	0.0	0.0	0.0	0.0	0.0	0.0	0.0	0.0	0.0	0.0	0.0	0.0	0.0	0.0	0.0	0.0	0.0	0.0	0.0	0.0	0.0	0.0	0.0	0.0	0.0	0.0	0.0	0.0	0.0	0.0	0.0	0.0	0.0	0.0	0.0	0.0	0.0	0.0	0.0	0.0	0.0	0.0	0.0	0.0	0.0	0.0	0.0	0.0	0.0	0.0	0.0	0.0	0.0	0.0	0.0	0.0	0.0	0.0	0.0	0.0	0.0	0.0	0.0	0.0	0.0	0.0	0.0	0.0	0.0	0.0	0.0	0.0	0.0	0.0	0.0	0.0	0.0	0.0	0.0	0.0	0.0	30.28907493874616	-0.3109250612538405	0.12545024364380586	-0.39808583851482887	27.084536814456147	0.28175457547147215	0.04390084035914522	-0.19623318053637337	0.011733487266676697
263.0	263.4601	2600.0	2586.824726683335	0.11052936040953268	0.5645467869981413	28.2004218302748	-94.58358352063806	39.228670259253704	-50.77799330974015	114.29500184381985	-28.200810740394445	-98.43605597289934	-50.777993309740054	114.2950018438222	3.540849193824389e-15	0.0	3.540849193824389e-15	-18.244390989376708	-17.9240421733046	-0.3172363665312743	1.5302916168526133	1.6912280721675665	0.0748534160961163	1.0073370413255884	0.0	0.0	0.0	0.0	0.0	0.0	0.0	0.0	0.0	0.0	0.0	0.0	0.0	0.0	0.0	0.0	0.0	0.0	0.0	0.0	0.0	0.0	0.0	0.0	0.0	0.0	0.0	0.0	0.0	0.0	0.0	0.0	0.0	0.0	0.0	0.0	0.0	0.0	0.0	0.0	0.0	0.0	0.0	0.0	0.0	0.0	0.0	0.0	31735.73560922499	1304.1976322541298	90.51038347092616	31762.651625015882	-30482.831959782598	-1409.7084320824695	-8808.278870324995	31761.235788445672	0.0	0.0	0.0	0.0	0.0	0.0	0.0	0.0	0.0	0.0	0.0	0.0	0.0	0.0	0.0	0.0	0.0	0.0	0.0	0.0	0.0	0.0	0.0	0.0	0.0	0.0	0.0	0.0	30566.168311738747	744.1741344805257	8598.35207497751	31761.235788445672	0.0	0.0	0.0	0.0	0.0	0.0	0.0	0.0	0.0	0.0	0.0	0.0	0.0	0.0	0.0	0.0	0.0	0.0	0.0	0.0	0.0	0.0	0.0	0.0	0.0	0.0	0.0	0.0	0.0	0.0	0.0	0.0	0.0	0.0	0.0	0.0	0.0	0.0	0.0	0.0	0.0	0.0	0.0	0.0	0.0	0.0	0.0	0.0	0.0	0.0	0.0	0.0	0.0	0.0	0.0	0.0	0.0	0.0	0.0	0.0	0.0	0.0	0.0	0.0	0.0	0.0	0.0	0.0	0.0	0.0	0.0	0.0	0.0	0.0	0.0	0.0	0.0	0.0	0.0	0.0	0.0	0.0	0.0	0.0	0.0	0.0	0.0	0.0	0.0	0.0	0.0	0.0	0.0	0.0	0.0	0.0	0.0	0.0	0.0	0.0	30.298686202242916	-0.3013137977570822	0.12498479678357964	-0.3902484067632212	27.234956606276878	0.28177519514901594	0.04372311880663973	-0.1944321170544777	0.011661333931511449
264.0	264.4595	2600.0	2586.9622159365313	0.0905713700765217	0.5685924404373931	28.20875541527767	-93.75430929320282	34.754821164220616	-54.499669221369295	113.87704795278616	-25.54047831663229	-96.67187839573305	-54.499669221369196	113.87704795278292	6.02085054568159e-14	0.0	6.02085054568159e-14	-17.920046481900805	-17.59314563240528	-0.32610506399280936	1.2697700628789468	1.631726345826017	0.08301233613970431	0.9832553163505364	0.0	0.0	0.0	0.0	0.0	0.0	0.0	0.0	0.0	0.0	0.0	0.0	0.0	0.0	0.0	0.0	0.0	0.0	0.0	0.0	0.0	0.0	0.0	0.0	0.0	0.0	0.0	0.0	0.0	0.0	0.0	0.0	0.0	0.0	0.0	0.0	0.0	0.0	0.0	0.0	0.0	0.0	0.0	0.0	0.0	0.0	0.0	0.0	31731.57549116619	1292.8405856140878	86.26496945023179	31758.01885471359	-30477.478102944202	-1420.110210495493	-8808.694605785875	31756.676230099994	0.0	0.0	0.0	0.0	0.0	0.0	0.0	0.0	0.0	0.0	0.0	0.0	0.0	0.0	0.0	0.0	0.0	0.0	0.0	0.0	0.0	0.0	0.0	0.0	0.0	0.0	0.0	0.0	30560.565312543215	746.5341915603215	8601.221986555745	31756.676230099994	0.0	0.0	0.0	0.0	0.0	0.0	0.0	0.0	0.0	0.0	0.0	0.0	0.0	0.0	0.0	0.0	0.0	0.0	0.0	0.0	0.0	0.0	0.0	0.0	0.0	0.0	0.0	0.0	0.0	0.0	0.0	0.0	0.0	0.0	0.0	0.0	0.0	0.0	0.0	0.0	0.0	0.0	0.0	0.0	0.0	0.0	0.0	0.0	0.0	0.0	0.0	0.0	0.0	0.0	0.0	0.0	0.0	0.0	0.0	0.0	0.0	0.0	0.0	0.0	0.0	0.0	0.0	0.0	0.0	0.0	0.0	0.0	0.0	0.0	0.0	0.0	0.0	0.0	0.0	0.0	0.0	0.0	0.0	0.0	0.0	0.0	0.0	0.0	0.0	0.0	0.0	0.0	0.0	0.0	0.0	0.0	0.0	0.0	0.0	0.0	30.306942396775053	-0.29305760322494495	0.12457686403743856	-0.38382882992327416	27.38568775032563	0.281788966447172	0.04351576167137996	-0.19256699034665548	0.011655684550337827
265.0	265.4589	2600.0	2586.8364167554414	0.07050051107541672	0.5718344271972745	28.217212079978403	-94.34682130503643	37.19405457976973	-51.69480543152926	113.82914079905474	-29.607531000749077	-96.9954354311958	-51.69480543152916	113.8291407990557	-9.61887250978269e-15	0.0	-9.61887250978269e-15	-17.59059980573079	-17.25483235307352	-0.3368705372729106	1.0054736672631601	1.5765795260657038	0.08903774958257152	0.9644340694377089	0.0	0.0	0.0	0.0	0.0	0.0	0.0	0.0	0.0	0.0	0.0	0.0	0.0	0.0	0.0	0.0	0.0	0.0	0.0	0.0	0.0	0.0	0.0	0.0	0.0	0.0	0.0	0.0	0.0	0.0	0.0	0.0	0.0	0.0	0.0	0.0	0.0	0.0	0.0	0.0	0.0	0.0	0.0	0.0	0.0	0.0	0.0	0.0	31721.82459421055	1244.5690559263353	87.1817328850851	31746.349528337567	-30463.94932883134	-1392.5673347620861	-8817.42502902699	31744.89622969276	0.0	0.0	0.0	0.0	0.0	0.0	0.0	0.0	0.0	0.0	0.0	0.0	0.0	0.0	0.0	0.0	0.0	0.0	0.0	0.0	0.0	0.0	0.0	0.0	0.0	0.0	0.0	0.0	30546.1577041745	708.3975889433584	8612.134404527238	31744.89622969276	0.0	0.0	0.0	0.0	0.0	0.0	0.0	0.0	0.0	0.0	0.0	0.0	0.0	0.0	0.0	0.0	0.0	0.0	0.0	0.0	0.0	0.0	0.0	0.0	0.0	0.0	0.0	0.0	0.0	0.0	0.0	0.0	0.0	0.0	0.0	0.0	0.0	0.0	0.0	0.0	0.0	0.0	0.0	0.0	0.0	0.0	0.0	0.0	0.0	0.0	0.0	0.0	0.0	0.0	0.0	0.0	0.0	0.0	0.0	0.0	0.0	0.0	0.0	0.0	0.0	0.0	0.0	0.0	0.0	0.0	0.0	0.0	0.0	0.0	0.0	0.0	0.0	0.0	0.0	0.0	0.0	0.0	0.0	0.0	0.0	0.0	0.0	0.0	0.0	0.0	0.0	0.0	0.0	0.0	0.0	0.0	0.0	0.0	0.0	0.0	30.31370364170634	-0.286296358293658	0.12425501630024761	-0.3789571894021028	27.536758081159924	0.28180235972571466	0.043315086624472504	-0.1906570585491629	0.011628812227757577
266.0	266.4585	2600.0	2586.6934675734083	0.0503625980396115	0.5742957867043831	28.22576035270777	-95.19664536198978	34.04648446786085	-55.4638983427667	115.3161238169819	-28.101017982193294	-97.11795498856372	-55.4638983427666	115.31612381697968	-5.053922545451529e-14	0.0	-5.053922545451529e-14	-17.25644366561906	-16.908848768625333	-0.35017450990110927	0.7386164192830742	1.5256611479382467	0.09398825600249032	0.9504443526041335	0.0	0.0	0.0	0.0	0.0	0.0	0.0	0.0	0.0	0.0	0.0	0.0	0.0	0.0	0.0	0.0	0.0	0.0	0.0	0.0	0.0	0.0	0.0	0.0	0.0	0.0	0.0	0.0	0.0	0.0	0.0	0.0	0.0	0.0	0.0	0.0	0.0	0.0	0.0	0.0	0.0	0.0	0.0	0.0	0.0	0.0	0.0	0.0	31716.01975365269	1177.333582294793	92.64452466238598	31737.99940743015	-30452.791685173095	-1346.4898335535463	-8833.27678147695	31736.608750630403	0.0	0.0	0.0	0.0	0.0	0.0	0.0	0.0	0.0	0.0	0.0	0.0	0.0	0.0	0.0	0.0	0.0	0.0	0.0	0.0	0.0	0.0	0.0	0.0	0.0	0.0	0.0	0.0	30534.19616379942	648.9744094133209	8628.674975749987	31736.608750630403	0.0	0.0	0.0	0.0	0.0	0.0	0.0	0.0	0.0	0.0	0.0	0.0	0.0	0.0	0.0	0.0	0.0	0.0	0.0	0.0	0.0	0.0	0.0	0.0	0.0	0.0	0.0	0.0	0.0	0.0	0.0	0.0	0.0	0.0	0.0	0.0	0.0	0.0	0.0	0.0	0.0	0.0	0.0	0.0	0.0	0.0	0.0	0.0	0.0	0.0	0.0	0.0	0.0	0.0	0.0	0.0	0.0	0.0	0.0	0.0	0.0	0.0	0.0	0.0	0.0	0.0	0.0	0.0	0.0	0.0	0.0	0.0	0.0	0.0	0.0	0.0	0.0	0.0	0.0	0.0	0.0	0.0	0.0	0.0	0.0	0.0	0.0	0.0	0.0	0.0	0.0	0.0	0.0	0.0	0.0	0.0	0.0	0.0	0.0	0.0	30.318989255388253	-0.28101074461174846	0.12400674877447766	-0.37553256681915465	27.68795801815851	0.2818150646839922	0.043095930176643725	-0.18878282671399876	0.011714674661421946
267.0	267.4581	2600.0	2586.676466532659	0.030183881127934	0.5759742281361404	28.234375030009065	-95.79617669828804	40.20068211523176	-71.40501601180195	126.06220140940435	-35.91259034987707	-97.48480992904298	-71.40501601180185	126.06220140940502	-2.5151896828845436e-14	0.0	-2.5151896828845436e-14	-16.917270267871064	-16.555904485270325	-0.3650103810884256	0.46947955302258065	1.4791134609572572	0.09809367708775	0.9413354117755282	0.0	0.0	0.0	0.0	0.0	0.0	0.0	0.0	0.0	0.0	0.0	0.0	0.0	0.0	0.0	0.0	0.0	0.0	0.0	0.0	0.0	0.0	0.0	0.0	0.0	0.0	0.0	0.0	0.0	0.0	0.0	0.0	0.0	0.0	0.0	0.0	0.0	0.0	0.0	0.0	0.0	0.0	0.0	0.0	0.0	0.0	0.0	0.0	31704.0865034644	1096.9512744402614	91.04760099801621	31723.188565831413	-30441.114847142704	-1288.28077939302	-8829.267012155638	31721.870948533684	0.0	0.0	0.0	0.0	0.0	0.0	0.0	0.0	0.0	0.0	0.0	0.0	0.0	0.0	0.0	0.0	0.0	0.0	0.0	0.0	0.0	0.0	0.0	0.0	0.0	0.0	0.0	0.0	30521.669265831642	574.3918794326692	8624.08694711825	31721.870948533684	0.0	0.0	0.0	0.0	0.0	0.0	0.0	0.0	0.0	0.0	0.0	0.0	0.0	0.0	0.0	0.0	0.0	0.0	0.0	0.0	0.0	0.0	0.0	0.0	0.0	0.0	0.0	0.0	0.0	0.0	0.0	0.0	0.0	0.0	0.0	0.0	0.0	0.0	0.0	0.0	0.0	0.0	0.0	0.0	0.0	0.0	0.0	0.0	0.0	0.0	0.0	0.0	0.0	0.0	0.0	0.0	0.0	0.0	0.0	0.0	0.0	0.0	0.0	0.0	0.0	0.0	0.0	0.0	0.0	0.0	0.0	0.0	0.0	0.0	0.0	0.0	0.0	0.0	0.0	0.0	0.0	0.0	0.0	0.0	0.0	0.0	0.0	0.0	0.0	0.0	0.0	0.0	0.0	0.0	0.0	0.0	0.0	0.0	0.0	0.0	30.32279397531423	-0.27720602468576416	0.12383104123819552	-0.37359441891505224	27.839398542504707	0.2818264284884376	0.04289655790232313	-0.18690970931313827	0.0117777956556287
268.0	268.4578	2600.0	2586.5923130823157	0.009976269298218272	0.5769300284107036	28.24303448645028	-96.26187827598551	31.23919580147594	-58.302345166304356	116.79640412030886	-28.637158346509754	-97.0677584235891	-58.30234516630426	116.79640412030763	5.4280103580762393e-14	0.0	5.4280103580762393e-14	-16.57358623398279	-16.19637480653033	-0.38151948458896934	0.1987689898854856	1.4366894512205843	0.1018895792049429	0.9366531260006656	0.0	0.0	0.0	0.0	0.0	0.0	0.0	0.0	0.0	0.0	0.0	0.0	0.0	0.0	0.0	0.0	0.0	0.0	0.0	0.0	0.0	0.0	0.0	0.0	0.0	0.0	0.0	0.0	0.0	0.0	0.0	0.0	0.0	0.0	0.0	0.0	0.0	0.0	0.0	0.0	0.0	0.0	0.0	0.0	0.0	0.0	0.0	0.0	31704.10002580093	1008.6681321662285	97.4393672354354	31720.291049691295	-30436.523745891955	-1221.4037694182891	-8844.612058163608	31719.09468067472	0.0	0.0	0.0	0.0	0.0	0.0	0.0	0.0	0.0	0.0	0.0	0.0	0.0	0.0	0.0	0.0	0.0	0.0	0.0	0.0	0.0	0.0	0.0	0.0	0.0	0.0	0.0	0.0	30516.55620699104	488.58120776040556	8637.24800098889	31719.09468067472	0.0	0.0	0.0	0.0	0.0	0.0	0.0	0.0	0.0	0.0	0.0	0.0	0.0	0.0	0.0	0.0	0.0	0.0	0.0	0.0	0.0	0.0	0.0	0.0	0.0	0.0	0.0	0.0	0.0	0.0	0.0	0.0	0.0	0.0	0.0	0.0	0.0	0.0	0.0	0.0	0.0	0.0	0.0	0.0	0.0	0.0	0.0	0.0	0.0	0.0	0.0	0.0	0.0	0.0	0.0	0.0	0.0	0.0	0.0	0.0	0.0	0.0	0.0	0.0	0.0	0.0	0.0	0.0	0.0	0.0	0.0	0.0	0.0	0.0	0.0	0.0	0.0	0.0	0.0	0.0	0.0	0.0	0.0	0.0	0.0	0.0	0.0	0.0	0.0	0.0	0.0	0.0	0.0	0.0	0.0	0.0	0.0	0.0	0.0	0.0	30.325175963587103	-0.2748240364129018	0.12371783206268233	-0.37301803711269876	27.990837695323517	0.28183628678775535	0.04267973791987179	-0.18510297067059348	0.011943804983039888
269.0	269.4575	2600.0	2586.8408104264613	-0.01022977798815645	0.5771703291621807	28.251712948420032	-94.98556533737428	34.65383073109842	-67.50598186979775	121.57385901173689	-33.752976454647055	-95.30940240738346	-67.50598186979765	121.57385901173802	2.1489279696538933e-13	0.0	2.1489279696538933e-13	-16.224518836611804	-15.831319090901792	-0.3977876374354841	-0.07320924242267908	1.3983915122533448	0.10558713790649613	0.9363118455743785	0.0	0.0	0.0	0.0	0.0	0.0	0.0	0.0	0.0	0.0	0.0	0.0	0.0	0.0	0.0	0.0	0.0	0.0	0.0	0.0	0.0	0.0	0.0	0.0	0.0	0.0	0.0	0.0	0.0	0.0	0.0	0.0	0.0	0.0	0.0	0.0	0.0	0.0	0.0	0.0	0.0	0.0	0.0	0.0	0.0	0.0	0.0	0.0	31695.39192341635	899.8710043517032	89.64918221826808	31708.29030363056	-30433.462633424104	-1134.53357144042	-8823.55335777973	31707.064010127655	0.0	0.0	0.0	0.0	0.0	0.0	0.0	0.0	0.0	0.0	0.0	0.0	0.0	0.0	0.0	0.0	0.0	0.0	0.0	0.0	0.0	0.0	0.0	0.0	0.0	0.0	0.0	0.0	30512.363559588473	380.21886377127356	8613.304346501518	31707.064010127655	0.0	0.0	0.0	0.0	0.0	0.0	0.0	0.0	0.0	0.0	0.0	0.0	0.0	0.0	0.0	0.0	0.0	0.0	0.0	0.0	0.0	0.0	0.0	0.0	0.0	0.0	0.0	0.0	0.0	0.0	0.0	0.0	0.0	0.0	0.0	0.0	0.0	0.0	0.0	0.0	0.0	0.0	0.0	0.0	0.0	0.0	0.0	0.0	0.0	0.0	0.0	0.0	0.0	0.0	0.0	0.0	0.0	0.0	0.0	0.0	0.0	0.0	0.0	0.0	0.0	0.0	0.0	0.0	0.0	0.0	0.0	0.0	0.0	0.0	0.0	0.0	0.0	0.0	0.0	0.0	0.0	0.0	0.0	0.0	0.0	0.0	0.0	0.0	0.0	0.0	0.0	0.0	0.0	0.0	0.0	0.0	0.0	0.0	0.0	0.0	30.32614109203879	-0.27385890796121626	0.12366325044102705	-0.3737920660737279	28.142626596681133	0.2818442704753814	0.042539819300545886	-0.18336829807555768	0.01187897205414995
270.0	270.4573	2600.0	2586.593897779391	-0.03040397033037168	0.576679378309382	28.260384789310827	-96.45574876598765	26.644970380641098	-62.511599051993954	117.98883816967528	-27.413990137254594	-96.24000759220507	-62.511599051993855	117.98883816967782	-5.120697146641555e-15	0.0	-5.120697146641555e-15	-15.871785797045717	-15.460274915173748	-0.4160146819260547	-0.3461421854024233	1.3641704159932624	0.10938510457155295	0.9401482384449299	0.0	0.0	0.0	0.0	0.0	0.0	0.0	0.0	0.0	0.0	0.0	0.0	0.0	0.0	0.0	0.0	0.0	0.0	0.0	0.0	0.0	0.0	0.0	0.0	0.0	0.0	0.0	0.0	0.0	0.0	0.0	0.0	0.0	0.0	0.0	0.0	0.0	0.0	0.0	0.0	0.0	0.0	0.0	0.0	0.0	0.0	0.0	0.0	31695.610672273124	714.225095322573	97.28673823770747	31703.806050449835	-30428.29413900681	-971.0088083784775	-8844.665504040906	31702.55589371678	0.0	0.0	0.0	0.0	0.0	0.0	0.0	0.0	0.0	0.0	0.0	0.0	0.0	0.0	0.0	0.0	0.0	0.0	0.0	0.0	0.0	0.0	0.0	0.0	0.0	0.0	0.0	0.0	30504.988589107037	192.87585493699538	8629.050948816344	31702.55589371678	0.0	0.0	0.0	0.0	0.0	0.0	0.0	0.0	0.0	0.0	0.0	0.0	0.0	0.0	0.0	0.0	0.0	0.0	0.0	0.0	0.0	0.0	0.0	0.0	0.0	0.0	0.0	0.0	0.0	0.0	0.0	0.0	0.0	0.0	0.0	0.0	0.0	0.0	0.0	0.0	0.0	0.0	0.0	0.0	0.0	0.0	0.0	0.0	0.0	0.0	0.0	0.0	0.0	0.0	0.0	0.0	0.0	0.0	0.0	0.0	0.0	0.0	0.0	0.0	0.0	0.0	0.0	0.0	0.0	0.0	0.0	0.0	0.0	0.0	0.0	0.0	0.0	0.0	0.0	0.0	0.0	0.0	0.0	0.0	0.0	0.0	0.0	0.0	0.0	0.0	0.0	0.0	0.0	0.0	0.0	0.0	0.0	0.0	0.0	0.0	30.32567310240316	-0.27432689759683637	0.12367345712973533	-0.3759263681097841	28.294019226869214	0.2818497239868909	0.04232850930525775	-0.18170995669664577	0.0121317748358525
271.0	271.4571	2600.0	2586.8001877681572	-0.05051183886715855	0.5755332481364143	28.269023580898875	-98.65218498831749	30.469108649853293	-86.21959766529848	134.51557235670415	-32.967896422365804	-97.84548017342964	-86.21959766529838	134.51557235670066	7.68109704261123e-14	0.0	7.68109704261123e-14	-15.514003602784662	-15.084639824243233	-0.43343518179393625	-0.619514059830927	1.3328450798864082	0.11337375569911548	0.9468772370614568	0.0	0.0	0.0	0.0	0.0	0.0	0.0	0.0	0.0	0.0	0.0	0.0	0.0	0.0	0.0	0.0	0.0	0.0	0.0	0.0	0.0	0.0	0.0	0.0	0.0	0.0	0.0	0.0	0.0	0.0	0.0	0.0	0.0	0.0	0.0	0.0	0.0	0.0	0.0	0.0	0.0	0.0	0.0	0.0	0.0	0.0	0.0	0.0	31688.152964134755	479.1995545494128	77.75029416577073	31691.871443632448	-30428.958830286847	-763.2176848449602	-8819.352808504394	31690.45630297276	0.0	0.0	0.0	0.0	0.0	0.0	0.0	0.0	0.0	0.0	0.0	0.0	0.0	0.0	0.0	0.0	0.0	0.0	0.0	0.0	0.0	0.0	0.0	0.0	0.0	0.0	0.0	0.0	30502.17722695038	-40.18224347225054	8596.54526502622	31690.45630297276	0.0	0.0	0.0	0.0	0.0	0.0	0.0	0.0	0.0	0.0	0.0	0.0	0.0	0.0	0.0	0.0	0.0	0.0	0.0	0.0	0.0	0.0	0.0	0.0	0.0	0.0	0.0	0.0	0.0	0.0	0.0	0.0	0.0	0.0	0.0	0.0	0.0	0.0	0.0	0.0	0.0	0.0	0.0	0.0	0.0	0.0	0.0	0.0	0.0	0.0	0.0	0.0	0.0	0.0	0.0	0.0	0.0	0.0	0.0	0.0	0.0	0.0	0.0	0.0	0.0	0.0	0.0	0.0	0.0	0.0	0.0	0.0	0.0	0.0	0.0	0.0	0.0	0.0	0.0	0.0	0.0	0.0	0.0	0.0	0.0	0.0	0.0	0.0	0.0	0.0	0.0	0.0	0.0	0.0	0.0	0.0	0.0	0.0	0.0	0.0	30.323848493095234	-0.2761515069047676	0.12373364859863122	-0.3792466026601745	28.44558575249788	0.28185110193161406	0.04219085350217887	-0.18022364173560723	0.012232652536070213
272.0	272.457	2600.0	2586.8636461674546	-0.07054465657985096	0.5737376396044281	28.277610918306152	-94.16375391569453	40.08129468875995	-99.87126017053663	142.99507454270486	-44.08120245588724	-92.35892120128845	-99.87126017053653	142.99507454270488	-3.350265029998606e-14	0.0	-3.350265029998606e-14	-15.151943247966715	-14.705384414121504	-0.44987314714328924	-0.893153637611771	1.3041391069554007	0.11755210525860744	0.9561696560519667	0.0	0.0	0.0	0.0	0.0	0.0	0.0	0.0	0.0	0.0	0.0	0.0	0.0	0.0	0.0	0.0	0.0	0.0	0.0	0.0	0.0	0.0	0.0	0.0	0.0	0.0	0.0	0.0	0.0	0.0	0.0	0.0	0.0	0.0	0.0	0.0	0.0	0.0	0.0	0.0	0.0	0.0	0.0	0.0	0.0	0.0	0.0	0.0	31679.664110983114	188.6528083810575	69.83650377902933	31680.302795334544	-30429.718413467705	-488.4026763217074	-8795.355200134796	31679.087313142605	0.0	0.0	0.0	0.0	0.0	0.0	0.0	0.0	0.0	0.0	0.0	0.0	0.0	0.0	0.0	0.0	0.0	0.0	0.0	0.0	0.0	0.0	0.0	0.0	0.0	0.0	0.0	0.0	30498.010660763248	-341.45066303246756	8562.670738408573	31679.087313142605	0.0	0.0	0.0	0.0	0.0	0.0	0.0	0.0	0.0	0.0	0.0	0.0	0.0	0.0	0.0	0.0	0.0	0.0	0.0	0.0	0.0	0.0	0.0	0.0	0.0	0.0	0.0	0.0	0.0	0.0	0.0	0.0	0.0	0.0	0.0	0.0	0.0	0.0	0.0	0.0	0.0	0.0	0.0	0.0	0.0	0.0	0.0	0.0	0.0	0.0	0.0	0.0	0.0	0.0	0.0	0.0	0.0	0.0	0.0	0.0	0.0	0.0	0.0	0.0	0.0	0.0	0.0	0.0	0.0	0.0	0.0	0.0	0.0	0.0	0.0	0.0	0.0	0.0	0.0	0.0	0.0	0.0	0.0	0.0	0.0	0.0	0.0	0.0	0.0	0.0	0.0	0.0	0.0	0.0	0.0	0.0	0.0	0.0	0.0	0.0	30.320674181918076	-0.27932581808192936	0.1238224915187251	-0.38368923473756206	28.59698919747869	0.2818476115814269	0.042088329218496215	-0.17896416796194262	0.012326747661603358
273.0	273.4569	2600.0	2586.8896220959778	-0.09048438046052336	0.5712496361490218	28.28612504919732	-94.06730602848619	48.69036866009446	-116.18835611523377	157.22323034613294	-54.27380055599132	-90.96023657028125	-116.18835611523369	157.22323034613376	2.586884531498822e-14	0.0	2.586884531498822e-14	-14.785254088891419	-14.323198014826085	-0.46431506143069373	-1.16693964112751	1.2780811202096916	0.12194839073750162	0.9679899624200613	0.0	0.0	0.0	0.0	0.0	0.0	0.0	0.0	0.0	0.0	0.0	0.0	0.0	0.0	0.0	0.0	0.0	0.0	0.0	0.0	0.0	0.0	0.0	0.0	0.0	0.0	0.0	0.0	0.0	0.0	0.0	0.0	0.0	0.0	0.0	0.0	0.0	0.0	0.0	0.0	0.0	0.0	0.0	0.0	0.0	0.0	0.0	0.0	31670.53748019346	-106.34238296136773	56.95663720993159	31670.767231711878	-30429.343788677306	-214.45992895476581	-8773.162840979976	31669.533351550883	0.0	0.0	0.0	0.0	0.0	0.0	0.0	0.0	0.0	0.0	0.0	0.0	0.0	0.0	0.0	0.0	0.0	0.0	0.0	0.0	0.0	0.0	0.0	0.0	0.0	0.0	0.0	0.0	30492.689958754658	-643.0307058618824	8528.875265565515	31669.533351550883	0.0	0.0	0.0	0.0	0.0	0.0	0.0	0.0	0.0	0.0	0.0	0.0	0.0	0.0	0.0	0.0	0.0	0.0	0.0	0.0	0.0	0.0	0.0	0.0	0.0	0.0	0.0	0.0	0.0	0.0	0.0	0.0	0.0	0.0	0.0	0.0	0.0	0.0	0.0	0.0	0.0	0.0	0.0	0.0	0.0	0.0	0.0	0.0	0.0	0.0	0.0	0.0	0.0	0.0	0.0	0.0	0.0	0.0	0.0	0.0	0.0	0.0	0.0	0.0	0.0	0.0	0.0	0.0	0.0	0.0	0.0	0.0	0.0	0.0	0.0	0.0	0.0	0.0	0.0	0.0	0.0	0.0	0.0	0.0	0.0	0.0	0.0	0.0	0.0	0.0	0.0	0.0	0.0	0.0	0.0	0.0	0.0	0.0	0.0	0.0	30.316109299107872	-0.28389070089212615	0.12393606220222449	-0.38924156170364316	28.748367086445594	0.2818386355111977	0.04206030007223625	-0.17798487717276473	0.012273912831343731
274.0	274.4568	2600.0	2586.7914274428203	-0.11030908357556445	0.5681005994437576	28.294544110341185	-94.89185430481302	49.74873195904729	-123.96444531040785	163.84927233911077	-56.972166096000365	-90.73903589563268	-123.96444531040778	163.84927233911125	-7.255524659327515e-15	0.0	-7.255524659327515e-15	-14.414689647908563	-13.938125512499386	-0.4774969252871169	-1.4407785684918957	1.2547089594625762	0.1265739734692321	0.9823116571248418	0.0	0.0	0.0	0.0	0.0	0.0	0.0	0.0	0.0	0.0	0.0	0.0	0.0	0.0	0.0	0.0	0.0	0.0	0.0	0.0	0.0	0.0	0.0	0.0	0.0	0.0	0.0	0.0	0.0	0.0	0.0	0.0	0.0	0.0	0.0	0.0	0.0	0.0	0.0	0.0	0.0	0.0	0.0	0.0	0.0	0.0	0.0	0.0	31666.320989388587	-396.35877582247343	51.777074393629505	31668.84377661421	-30429.781699523675	54.07109178004153	-8767.394263290005	31667.676582465014	0.0	0.0	0.0	0.0	0.0	0.0	0.0	0.0	0.0	0.0	0.0	0.0	0.0	0.0	0.0	0.0	0.0	0.0	0.0	0.0	0.0	0.0	0.0	0.0	0.0	0.0	0.0	0.0	30488.443582667904	-940.8081016640584	8509.490475576215	31667.676582465014	0.0	0.0	0.0	0.0	0.0	0.0	0.0	0.0	0.0	0.0	0.0	0.0	0.0	0.0	0.0	0.0	0.0	0.0	0.0	0.0	0.0	0.0	0.0	0.0	0.0	0.0	0.0	0.0	0.0	0.0	0.0	0.0	0.0	0.0	0.0	0.0	0.0	0.0	0.0	0.0	0.0	0.0	0.0	0.0	0.0	0.0	0.0	0.0	0.0	0.0	0.0	0.0	0.0	0.0	0.0	0.0	0.0	0.0	0.0	0.0	0.0	0.0	0.0	0.0	0.0	0.0	0.0	0.0	0.0	0.0	0.0	0.0	0.0	0.0	0.0	0.0	0.0	0.0	0.0	0.0	0.0	0.0	0.0	0.0	0.0	0.0	0.0	0.0	0.0	0.0	0.0	0.0	0.0	0.0	0.0	0.0	0.0	0.0	0.0	0.0	30.310188010484822	-0.289811989515183	0.1240788435458425	-0.3958929829043996	28.89939004824961	0.28182368077356135	0.042047346030878965	-0.17726114895172798	0.012293354092588662
275.0	275.4569	2600.0	2586.530535673004	-0.1300063877775075	0.5642061480758648	28.302846480612626	-96.63820827264497	53.1455740094807	-128.2043759201912	169.11462781211455	-62.09467859710094	-91.14629024194075	-128.20437592019115	169.1146278121176	-2.2030148554238652e-14	0.0	-2.2030148554238652e-14	-14.040056393906537	-13.5504109769885	-0.48900979058309574	-1.7146824194533423	1.234258985256827	0.13137878194872765	0.9993116623460084	0.0	0.0	0.0	0.0	0.0	0.0	0.0	0.0	0.0	0.0	0.0	0.0	0.0	0.0	0.0	0.0	0.0	0.0	0.0	0.0	0.0	0.0	0.0	0.0	0.0	0.0	0.0	0.0	0.0	0.0	0.0	0.0	0.0	0.0	0.0	0.0	0.0	0.0	0.0	0.0	0.0	0.0	0.0	0.0	0.0	0.0	0.0	0.0	31658.15127998358	-642.8235057298963	53.39160566663737	31664.72193450309	-30424.92920013033	278.99296417794073	-8765.28660607488	31663.613236547084	0.0	0.0	0.0	0.0	0.0	0.0	0.0	0.0	0.0	0.0	0.0	0.0	0.0	0.0	0.0	0.0	0.0	0.0	0.0	0.0	0.0	0.0	0.0	0.0	0.0	0.0	0.0	0.0	30479.794222848042	-1196.4411538350357	8493.23706791992	31663.613236547084	0.0	0.0	0.0	0.0	0.0	0.0	0.0	0.0	0.0	0.0	0.0	0.0	0.0	0.0	0.0	0.0	0.0	0.0	0.0	0.0	0.0	0.0	0.0	0.0	0.0	0.0	0.0	0.0	0.0	0.0	0.0	0.0	0.0	0.0	0.0	0.0	0.0	0.0	0.0	0.0	0.0	0.0	0.0	0.0	0.0	0.0	0.0	0.0	0.0	0.0	0.0	0.0	0.0	0.0	0.0	0.0	0.0	0.0	0.0	0.0	0.0	0.0	0.0	0.0	0.0	0.0	0.0	0.0	0.0	0.0	0.0	0.0	0.0	0.0	0.0	0.0	0.0	0.0	0.0	0.0	0.0	0.0	0.0	0.0	0.0	0.0	0.0	0.0	0.0	0.0	0.0	0.0	0.0	0.0	0.0	0.0	0.0	0.0	0.0	0.0	30.30282960411079	-0.2971703958892073	0.12426162178608463	-0.4037286504038453	29.050131508415202	0.28180338169896446	0.042078272386319636	-0.17678967076068738	0.012257652235819172
276.0	276.4571	2600.0	2586.549840157605	-0.14962203774237143	0.5594654377693803	28.311025258045337	-96.60274396007298	46.753204867929526	-119.53639324266474	160.6452663961904	-57.3205126851135	-90.73208435583365	-119.53639324266466	160.6452663961915	-4.798127977996654e-14	0.0	-4.798127977996654e-14	-13.661550830876694	-13.160223496674089	-0.4989110374403911	-1.9886730790064142	1.2171384574990705	0.1363466341556035	1.0192502006938389	0.0	0.0	0.0	0.0	0.0	0.0	0.0	0.0	0.0	0.0	0.0	0.0	0.0	0.0	0.0	0.0	0.0	0.0	0.0	0.0	0.0	0.0	0.0	0.0	0.0	0.0	0.0	0.0	0.0	0.0	0.0	0.0	0.0	0.0	0.0	0.0	0.0	0.0	0.0	0.0	0.0	0.0	0.0	0.0	0.0	0.0	0.0	0.0	31655.80543737552	-918.411749583768	52.00384277653055	31669.168009760084	-30428.048640236353	533.1676733235316	-8758.704512348904	31668.04882772395	0.0	0.0	0.0	0.0	0.0	0.0	0.0	0.0	0.0	0.0	0.0	0.0	0.0	0.0	0.0	0.0	0.0	0.0	0.0	0.0	0.0	0.0	0.0	0.0	0.0	0.0	0.0	0.0	30478.28679820247	-1483.006743391553	8469.949315118769	31668.04882772395	0.0	0.0	0.0	0.0	0.0	0.0	0.0	0.0	0.0	0.0	0.0	0.0	0.0	0.0	0.0	0.0	0.0	0.0	0.0	0.0	0.0	0.0	0.0	0.0	0.0	0.0	0.0	0.0	0.0	0.0	0.0	0.0	0.0	0.0	0.0	0.0	0.0	0.0	0.0	0.0	0.0	0.0	0.0	0.0	0.0	0.0	0.0	0.0	0.0	0.0	0.0	0.0	0.0	0.0	0.0	0.0	0.0	0.0	0.0	0.0	0.0	0.0	0.0	0.0	0.0	0.0	0.0	0.0	0.0	0.0	0.0	0.0	0.0	0.0	0.0	0.0	0.0	0.0	0.0	0.0	0.0	0.0	0.0	0.0	0.0	0.0	0.0	0.0	0.0	0.0	0.0	0.0	0.0	0.0	0.0	0.0	0.0	0.0	0.0	0.0	30.2939373007435	-0.30606269925650065	0.12447876533656708	-0.41286536465476964	29.200502459906996	0.28177726845622997	0.0421361616325409	-0.17655024441689404	0.01221521791700189
277.0	277.4574	2600.0	2586.376484957965	-0.16907978841762722	0.5540296634287296	28.319045841783833	-98.00347859432075	50.39721563750754	-128.21998586067696	169.07077197053644	-62.69075435912783	-90.63349534517691	-128.2199858606769	169.07077197053576	-1.1989421669558585e-15	0.0	-1.1989421669558585e-15	-13.279176679227167	-12.768121911095722	-0.5066714279981035	-2.262511239853597	1.2028740655718084	0.14149847412482686	1.0417122104532068	0.0	0.0	0.0	0.0	0.0	0.0	0.0	0.0	0.0	0.0	0.0	0.0	0.0	0.0	0.0	0.0	0.0	0.0	0.0	0.0	0.0	0.0	0.0	0.0	0.0	0.0	0.0	0.0	0.0	0.0	0.0	0.0	0.0	0.0	0.0	0.0	0.0	0.0	0.0	0.0	0.0	0.0	0.0	0.0	0.0	0.0	0.0	0.0	31646.138932356822	-1197.1855650854025	51.51273258751103	31668.817726036094	-30423.82267789112	790.5122899488675	-8752.67181635289	31667.698999786848	0.0	0.0	0.0	0.0	0.0	0.0	0.0	0.0	0.0	0.0	0.0	0.0	0.0	0.0	0.0	0.0	0.0	0.0	0.0	0.0	0.0	0.0	0.0	0.0	0.0	0.0	0.0	0.0	30469.114551505783	-1773.934003489897	8445.672059675368	31667.698999786848	0.0	0.0	0.0	0.0	0.0	0.0	0.0	0.0	0.0	0.0	0.0	0.0	0.0	0.0	0.0	0.0	0.0	0.0	0.0	0.0	0.0	0.0	0.0	0.0	0.0	0.0	0.0	0.0	0.0	0.0	0.0	0.0	0.0	0.0	0.0	0.0	0.0	0.0	0.0	0.0	0.0	0.0	0.0	0.0	0.0	0.0	0.0	0.0	0.0	0.0	0.0	0.0	0.0	0.0	0.0	0.0	0.0	0.0	0.0	0.0	0.0	0.0	0.0	0.0	0.0	0.0	0.0	0.0	0.0	0.0	0.0	0.0	0.0	0.0	0.0	0.0	0.0	0.0	0.0	0.0	0.0	0.0	0.0	0.0	0.0	0.0	0.0	0.0	0.0	0.0	0.0	0.0	0.0	0.0	0.0	0.0	0.0	0.0	0.0	0.0	30.28366825208112	-0.3163317479188806	0.12471957339116944	-0.42312133472438457	29.350489496326734	0.2817443768020966	0.04223512633699699	-0.17656599889436894	0.012098629059416601
278.0	278.4577	2600.0	2586.057390400284	-0.1882921982460114	0.5479607053730526	28.326869975617196	-101.03144372104728	53.93528957947273	-128.48335863497763	172.11723193365916	-68.20834798876058	-91.99994210337536	-128.48335863497755	172.1172319336578	-3.672023847927499e-15	0.0	-3.672023847927499e-15	-12.893019536205566	-12.374674586820172	-0.5118354655964737	-2.535979802366773	1.191120976855582	0.14685867830043095	1.0664007988231001	0.0	0.0	0.0	0.0	0.0	0.0	0.0	0.0	0.0	0.0	0.0	0.0	0.0	0.0	0.0	0.0	0.0	0.0	0.0	0.0	0.0	0.0	0.0	0.0	0.0	0.0	0.0	0.0	0.0	0.0	0.0	0.0	0.0	0.0	0.0	0.0	0.0	0.0	0.0	0.0	0.0	0.0	0.0	0.0	0.0	0.0	0.0	0.0	31628.092244142746	-1490.6247571399394	52.66930740026437	31663.24296762009	-30411.20637025339	1062.4986364333934	-8747.944278544845	31662.23152822758	0.0	0.0	0.0	0.0	0.0	0.0	0.0	0.0	0.0	0.0	0.0	0.0	0.0	0.0	0.0	0.0	0.0	0.0	0.0	0.0	0.0	0.0	0.0	0.0	0.0	0.0	0.0	0.0	30450.902863154995	-2080.468834416757	8420.871071023961	31662.23152822758	0.0	0.0	0.0	0.0	0.0	0.0	0.0	0.0	0.0	0.0	0.0	0.0	0.0	0.0	0.0	0.0	0.0	0.0	0.0	0.0	0.0	0.0	0.0	0.0	0.0	0.0	0.0	0.0	0.0	0.0	0.0	0.0	0.0	0.0	0.0	0.0	0.0	0.0	0.0	0.0	0.0	0.0	0.0	0.0	0.0	0.0	0.0	0.0	0.0	0.0	0.0	0.0	0.0	0.0	0.0	0.0	0.0	0.0	0.0	0.0	0.0	0.0	0.0	0.0	0.0	0.0	0.0	0.0	0.0	0.0	0.0	0.0	0.0	0.0	0.0	0.0	0.0	0.0	0.0	0.0	0.0	0.0	0.0	0.0	0.0	0.0	0.0	0.0	0.0	0.0	0.0	0.0	0.0	0.0	0.0	0.0	0.0	0.0	0.0	0.0	30.272091258794692	-0.32790874120530605	0.12498197577949241	-0.43436657736017875	29.500044591632687	0.28170286937210864	0.04238696077731901	-0.1768960300029606	0.011879760504200289
279.0	279.458	2600.0	2586.006528628577	-0.20726229469995536	0.5412561688895876	28.3344840453253	-102.0471068919469	48.916525182339676	-122.33057769753802	166.64695827030351	-65.02037448268672	-92.62175426465909	-122.33057769753792	166.6469582703059	-3.0410797094405554e-15	0.0	-3.0410797094405554e-15	-12.50364550593991	-11.979237304412475	-0.5156364400885026	-2.8084612959699378	1.1800279085225265	0.15242049310176536	1.0912964421517994	0.0	0.0	0.0	0.0	0.0	0.0	0.0	0.0	0.0	0.0	0.0	0.0	0.0	0.0	0.0	0.0	0.0	0.0	0.0	0.0	0.0	0.0	0.0	0.0	0.0	0.0	0.0	0.0	0.0	0.0	0.0	0.0	0.0	0.0	0.0	0.0	0.0	0.0	0.0	0.0	0.0	0.0	0.0	0.0	0.0	0.0	0.0	0.0	31617.724771955523	-1607.7412113357427	51.80840082157839	31658.617083949717	-30407.125831533	1157.8332761680858	-8732.99297571948	31657.527470477693	0.0	0.0	0.0	0.0	0.0	0.0	0.0	0.0	0.0	0.0	0.0	0.0	0.0	0.0	0.0	0.0	0.0	0.0	0.0	0.0	0.0	0.0	0.0	0.0	0.0	0.0	0.0	0.0	30444.730698191557	-2210.291394823292	8392.379293657561	31657.527470477693	0.0	0.0	0.0	0.0	0.0	0.0	0.0	0.0	0.0	0.0	0.0	0.0	0.0	0.0	0.0	0.0	0.0	0.0	0.0	0.0	0.0	0.0	0.0	0.0	0.0	0.0	0.0	0.0	0.0	0.0	0.0	0.0	0.0	0.0	0.0	0.0	0.0	0.0	0.0	0.0	0.0	0.0	0.0	0.0	0.0	0.0	0.0	0.0	0.0	0.0	0.0	0.0	0.0	0.0	0.0	0.0	0.0	0.0	0.0	0.0	0.0	0.0	0.0	0.0	0.0	0.0	0.0	0.0	0.0	0.0	0.0	0.0	0.0	0.0	0.0	0.0	0.0	0.0	0.0	0.0	0.0	0.0	0.0	0.0	0.0	0.0	0.0	0.0	0.0	0.0	0.0	0.0	0.0	0.0	0.0	0.0	0.0	0.0	0.0	0.0	30.259210723504903	-0.34078927649509794	0.1252441477186803	-0.44571423129979315	29.64892150289184	0.28165120299538754	0.04253799856307249	-0.1784178748287399	0.011753647710405749
280.0	280.4583	2600.0	2586.2421334384344	-0.22598752567728514	0.5338097012068771	28.341867392972734	-100.23336496222691	29.813654976986076	-115.14944235255416	155.54734182505965	-47.51264947415255	-93.1564791878918	-115.14944235255403	155.5473418250598	1.4786353523861183e-14	0.0	1.4786353523861183e-14	-12.111494621105543	-11.580495450864925	-0.5198382306152696	-3.0780374577995615	1.162979288758847	0.15813253190080814	1.1094872637229958	0.0	0.0	0.0	0.0	0.0	0.0	0.0	0.0	0.0	0.0	0.0	0.0	0.0	0.0	0.0	0.0	0.0	0.0	0.0	0.0	0.0	0.0	0.0	0.0	0.0	0.0	0.0	0.0	0.0	0.0	0.0	0.0	0.0	0.0	0.0	0.0	0.0	0.0	0.0	0.0	0.0	0.0	0.0	0.0	0.0	0.0	0.0	0.0	31636.708564697732	-1597.3456473083	58.69074857143823	31677.062466847543	-30427.164282334612	1125.697195425959	-8735.47138486169	31676.299985252488	0.0	0.0	0.0	0.0	0.0	0.0	0.0	0.0	0.0	0.0	0.0	0.0	0.0	0.0	0.0	0.0	0.0	0.0	0.0	0.0	0.0	0.0	0.0	0.0	0.0	0.0	0.0	0.0	30465.807434693525	-2210.463905816919	8386.680358101166	31676.299985252488	0.0	0.0	0.0	0.0	0.0	0.0	0.0	0.0	0.0	0.0	0.0	0.0	0.0	0.0	0.0	0.0	0.0	0.0	0.0	0.0	0.0	0.0	0.0	0.0	0.0	0.0	0.0	0.0	0.0	0.0	0.0	0.0	0.0	0.0	0.0	0.0	0.0	0.0	0.0	0.0	0.0	0.0	0.0	0.0	0.0	0.0	0.0	0.0	0.0	0.0	0.0	0.0	0.0	0.0	0.0	0.0	0.0	0.0	0.0	0.0	0.0	0.0	0.0	0.0	0.0	0.0	0.0	0.0	0.0	0.0	0.0	0.0	0.0	0.0	0.0	0.0	0.0	0.0	0.0	0.0	0.0	0.0	0.0	0.0	0.0	0.0	0.0	0.0	0.0	0.0	0.0	0.0	0.0	0.0	0.0	0.0	0.0	0.0	0.0	0.0	30.244928509070096	-0.35507149092990536	0.12543821293322854	-0.45413064428605077	29.79692721977534	0.2815984144634922	0.04263492531707994	-0.1842615011659919	0.011807628063301108
281.0	281.4585	2600.0	2585.9782820014966	-0.24442818118108053	0.5256756695951406	28.348996361089938	-101.8035111154313	57.85692086440758	-156.7563426782337	195.6627944633212	-76.92791952833798	-88.28065113251796	-156.7563426782336	195.6627944633204	6.409888697505528e-15	0.0	6.409888697505528e-15	-11.715758068197378	-11.178936425802204	-0.5231869294955732	-3.3450646357424443	1.141394219086564	0.1639675290942295	1.1224304612880815	0.0	0.0	0.0	0.0	0.0	0.0	0.0	0.0	0.0	0.0	0.0	0.0	0.0	0.0	0.0	0.0	0.0	0.0	0.0	0.0	0.0	0.0	0.0	0.0	0.0	0.0	0.0	0.0	0.0	0.0	0.0	0.0	0.0	0.0	0.0	0.0	0.0	0.0	0.0	0.0	0.0	0.0	0.0	0.0	0.0	0.0	0.0	0.0	31611.907175969052	-1590.4375886491591	48.571431937917026	31651.927685521343	-30417.701733083388	1099.9371762037733	-8678.772006686897	31650.711272552337	0.0	0.0	0.0	0.0	0.0	0.0	0.0	0.0	0.0	0.0	0.0	0.0	0.0	0.0	0.0	0.0	0.0	0.0	0.0	0.0	0.0	0.0	0.0	0.0	0.0	0.0	0.0	0.0	30456.850023443298	-2210.15780253498	8322.440338977929	31650.711272552337	0.0	0.0	0.0	0.0	0.0	0.0	0.0	0.0	0.0	0.0	0.0	0.0	0.0	0.0	0.0	0.0	0.0	0.0	0.0	0.0	0.0	0.0	0.0	0.0	0.0	0.0	0.0	0.0	0.0	0.0	0.0	0.0	0.0	0.0	0.0	0.0	0.0	0.0	0.0	0.0	0.0	0.0	0.0	0.0	0.0	0.0	0.0	0.0	0.0	0.0	0.0	0.0	0.0	0.0	0.0	0.0	0.0	0.0	0.0	0.0	0.0	0.0	0.0	0.0	0.0	0.0	0.0	0.0	0.0	0.0	0.0	0.0	0.0	0.0	0.0	0.0	0.0	0.0	0.0	0.0	0.0	0.0	0.0	0.0	0.0	0.0	0.0	0.0	0.0	0.0	0.0	0.0	0.0	0.0	0.0	0.0	0.0	0.0	0.0	0.0	30.22930773976552	-0.37069226023447766	0.12558823101999914	-0.4602573519416218	29.944394572800146	0.28154566559077465	0.04275757262451179	-0.19372658435529422	0.011738191325002367
282.0	282.4588	2600.0	2585.5589125412166	-0.26256821080680925	0.5168732770610881	28.35585322206867	-104.63822245597476	53.68086076933285	-167.93556599780288	205.01986913146973	-74.99114078906679	-90.5931631793319	-167.93556599780277	205.01986913146996	-7.532269994859906e-15	0.0	-7.532269994859906e-15	-11.317483723587223	-10.77459552754249	-0.5267373684495634	-3.609970683571008	1.1168252640269885	0.16985891322839136	1.1317308408018194	0.0	0.0	0.0	0.0	0.0	0.0	0.0	0.0	0.0	0.0	0.0	0.0	0.0	0.0	0.0	0.0	0.0	0.0	0.0	0.0	0.0	0.0	0.0	0.0	0.0	0.0	0.0	0.0	0.0	0.0	0.0	0.0	0.0	0.0	0.0	0.0	0.0	0.0	0.0	0.0	0.0	0.0	0.0	0.0	0.0	0.0	0.0	0.0	31608.38831469022	-1584.8359802624561	61.89382968992052	31648.15551944114	-30411.351090412085	1071.9488236042569	-8691.059497915456	31647.01983790956	0.0	0.0	0.0	0.0	0.0	0.0	0.0	0.0	0.0	0.0	0.0	0.0	0.0	0.0	0.0	0.0	0.0	0.0	0.0	0.0	0.0	0.0	0.0	0.0	0.0	0.0	0.0	0.0	30451.753026346934	-2209.592357590196	8327.202642946197	31647.01983790956	0.0	0.0	0.0	0.0	0.0	0.0	0.0	0.0	0.0	0.0	0.0	0.0	0.0	0.0	0.0	0.0	0.0	0.0	0.0	0.0	0.0	0.0	0.0	0.0	0.0	0.0	0.0	0.0	0.0	0.0	0.0	0.0	0.0	0.0	0.0	0.0	0.0	0.0	0.0	0.0	0.0	0.0	0.0	0.0	0.0	0.0	0.0	0.0	0.0	0.0	0.0	0.0	0.0	0.0	0.0	0.0	0.0	0.0	0.0	0.0	0.0	0.0	0.0	0.0	0.0	0.0	0.0	0.0	0.0	0.0	0.0	0.0	0.0	0.0	0.0	0.0	0.0	0.0	0.0	0.0	0.0	0.0	0.0	0.0	0.0	0.0	0.0	0.0	0.0	0.0	0.0	0.0	0.0	0.0	0.0	0.0	0.0	0.0	0.0	0.0	30.212377244664925	-0.3876227553350696	0.12569642164233616	-0.4647965963586346	30.09087273497589	0.2814928120343124	0.042842681460035524	-0.2060831332370026	0.011792638180935188
283.0	283.459	2600.0	2585.715580864147	-0.28038797260332576	0.5074230050453484	28.362420098410055	-103.11609862725889	61.39091766732599	-182.44248687311423	218.37361467125422	-83.70518917636764	-85.99544100178535	-182.44248687311418	218.3736146712543	5.438169981659983e-15	0.0	5.438169981659983e-15	-10.915868023280128	-10.36761390039354	-0.5295831673153281	-3.872971187389331	1.0902947251420922	0.17579843901382222	1.1384183564863108	0.0	0.0	0.0	0.0	0.0	0.0	0.0	0.0	0.0	0.0	0.0	0.0	0.0	0.0	0.0	0.0	0.0	0.0	0.0	0.0	0.0	0.0	0.0	0.0	0.0	0.0	0.0	0.0	0.0	0.0	0.0	0.0	0.0	0.0	0.0	0.0	0.0	0.0	0.0	0.0	0.0	0.0	0.0	0.0	0.0	0.0	0.0	0.0	31594.71597793068	-1580.2236355281648	51.149890662400054	31634.250438025316	-30412.996055747237	1049.193118248161	-8637.208639791028	31633.09198250397	0.0	0.0	0.0	0.0	0.0	0.0	0.0	0.0	0.0	0.0	0.0	0.0	0.0	0.0	0.0	0.0	0.0	0.0	0.0	0.0	0.0	0.0	0.0	0.0	0.0	0.0	0.0	0.0	30454.005729016695	-2208.704783716321	8266.055081413631	31633.09198250397	0.0	0.0	0.0	0.0	0.0	0.0	0.0	0.0	0.0	0.0	0.0	0.0	0.0	0.0	0.0	0.0	0.0	0.0	0.0	0.0	0.0	0.0	0.0	0.0	0.0	0.0	0.0	0.0	0.0	0.0	0.0	0.0	0.0	0.0	0.0	0.0	0.0	0.0	0.0	0.0	0.0	0.0	0.0	0.0	0.0	0.0	0.0	0.0	0.0	0.0	0.0	0.0	0.0	0.0	0.0	0.0	0.0	0.0	0.0	0.0	0.0	0.0	0.0	0.0	0.0	0.0	0.0	0.0	0.0	0.0	0.0	0.0	0.0	0.0	0.0	0.0	0.0	0.0	0.0	0.0	0.0	0.0	0.0	0.0	0.0	0.0	0.0	0.0	0.0	0.0	0.0	0.0	0.0	0.0	0.0	0.0	0.0	0.0	0.0	0.0	30.19416784437588	-0.4058321556241218	0.12576794270714614	-0.4682011904427189	30.236695153585504	0.2814399910952762	0.04295081638925186	-0.22085026946227926	0.011743266149169278
284.0	284.4592	2600.0	2585.5548169723434	-0.29785992911320996	0.49737052903523554	28.368679558916774	-104.68095441352486	53.39070932438699	-182.04456257834116	216.67693191345327	-77.8374877294991	-88.0340591080967	-182.04456257834107	216.67693191345347	-1.3086129108386245e-15	0.0	-1.3086129108386245e-15	-10.511833175979136	-9.958017755069644	-0.532658296474	-4.134372626288527	1.0629891683435126	0.18173421380544852	1.1437052696726027	0.0	0.0	0.0	0.0	0.0	0.0	0.0	0.0	0.0	0.0	0.0	0.0	0.0	0.0	0.0	0.0	0.0	0.0	0.0	0.0	0.0	0.0	0.0	0.0	0.0	0.0	0.0	0.0	0.0	0.0	0.0	0.0	0.0	0.0	0.0	0.0	0.0	0.0	0.0	0.0	0.0	0.0	0.0	0.0	0.0	0.0	0.0	0.0	31591.614584164174	-1577.2616892891465	59.713524804669454	31631.02009382433	-30413.804531258458	1025.18515676961	-8625.748302920285	31629.95486017314	0.0	0.0	0.0	0.0	0.0	0.0	0.0	0.0	0.0	0.0	0.0	0.0	0.0	0.0	0.0	0.0	0.0	0.0	0.0	0.0	0.0	0.0	0.0	0.0	0.0	0.0	0.0	0.0	30455.857421871122	-2208.4453961869363	8247.276040445617	31629.95486017314	0.0	0.0	0.0	0.0	0.0	0.0	0.0	0.0	0.0	0.0	0.0	0.0	0.0	0.0	0.0	0.0	0.0	0.0	0.0	0.0	0.0	0.0	0.0	0.0	0.0	0.0	0.0	0.0	0.0	0.0	0.0	0.0	0.0	0.0	0.0	0.0	0.0	0.0	0.0	0.0	0.0	0.0	0.0	0.0	0.0	0.0	0.0	0.0	0.0	0.0	0.0	0.0	0.0	0.0	0.0	0.0	0.0	0.0	0.0	0.0	0.0	0.0	0.0	0.0	0.0	0.0	0.0	0.0	0.0	0.0	0.0	0.0	0.0	0.0	0.0	0.0	0.0	0.0	0.0	0.0	0.0	0.0	0.0	0.0	0.0	0.0	0.0	0.0	0.0	0.0	0.0	0.0	0.0	0.0	0.0	0.0	0.0	0.0	0.0	0.0	30.17473620015234	-0.4252637998476595	0.12582058954681688	-0.471003022044271	30.38146565966463	0.28138713270617327	0.04303036721602006	-0.2374400710058785	0.011779401583277107
285.0	285.4594	2600.0	2585.5419583280204	-0.3149315365555393	0.4867468223127302	28.374607397110616	-104.33980263282135	72.87086853749129	-215.04027311955358	249.87852440375235	-98.04665698167449	-81.14068615424911	-215.0402731195535	249.87852440375235	-2.464593244948012e-15	0.0	-2.464593244948012e-15	-10.104710555570714	-9.546209341797516	-0.5349255863891885	-4.394254732534741	1.0354811100877435	0.18766357762333155	1.1481870778743917	0.0	0.0	0.0	0.0	0.0	0.0	0.0	0.0	0.0	0.0	0.0	0.0	0.0	0.0	0.0	0.0	0.0	0.0	0.0	0.0	0.0	0.0	0.0	0.0	0.0	0.0	0.0	0.0	0.0	0.0	0.0	0.0	0.0	0.0	0.0	0.0	0.0	0.0	0.0	0.0	0.0	0.0	0.0	0.0	0.0	0.0	0.0	0.0	31582.116058219864	-1573.8626660372229	48.65909065604274	31621.345102849726	-30421.797811045206	1004.8156107844887	-8564.123291173657	31620.241052436868	0.0	0.0	0.0	0.0	0.0	0.0	0.0	0.0	0.0	0.0	0.0	0.0	0.0	0.0	0.0	0.0	0.0	0.0	0.0	0.0	0.0	0.0	0.0	0.0	0.0	0.0	0.0	0.0	30464.33046219389	-2207.6419834482167	8178.663128982397	31620.241052436868	0.0	0.0	0.0	0.0	0.0	0.0	0.0	0.0	0.0	0.0	0.0	0.0	0.0	0.0	0.0	0.0	0.0	0.0	0.0	0.0	0.0	0.0	0.0	0.0	0.0	0.0	0.0	0.0	0.0	0.0	0.0	0.0	0.0	0.0	0.0	0.0	0.0	0.0	0.0	0.0	0.0	0.0	0.0	0.0	0.0	0.0	0.0	0.0	0.0	0.0	0.0	0.0	0.0	0.0	0.0	0.0	0.0	0.0	0.0	0.0	0.0	0.0	0.0	0.0	0.0	0.0	0.0	0.0	0.0	0.0	0.0	0.0	0.0	0.0	0.0	0.0	0.0	0.0	0.0	0.0	0.0	0.0	0.0	0.0	0.0	0.0	0.0	0.0	0.0	0.0	0.0	0.0	0.0	0.0	0.0	0.0	0.0	0.0	0.0	0.0	30.154125376064165	-0.4458746239358363	0.12586828795571875	-0.47346499919102436	30.525460294014593	0.2813342762981083	0.0431381801274963	-0.2555485815739927	0.011694813591086041
286.0	286.4595	2600.0	2585.5075260109056	-0.3316211260071239	0.47552456107168295	28.380195617133843	-104.46234259331321	34.89444542917954	-191.86596051022383	221.22963215718525	-63.062558598139745	-90.29461249127418	-191.86596051022374	221.22963215718616	4.293488562969102e-14	0.0	4.293488562969102e-14	-9.695481307465784	-9.132299546587317	-0.5372889269174879	-4.652618601006773	1.008039385723329	0.19357098781127383	1.1520318397421534	0.0	0.0	0.0	0.0	0.0	0.0	0.0	0.0	0.0	0.0	0.0	0.0	0.0	0.0	0.0	0.0	0.0	0.0	0.0	0.0	0.0	0.0	0.0	0.0	0.0	0.0	0.0	0.0	0.0	0.0	0.0	0.0	0.0	0.0	0.0	0.0	0.0	0.0	0.0	0.0	0.0	0.0	0.0	0.0	0.0	0.0	0.0	0.0	31600.156154720476	-1573.2459632181235	64.92402627702003	31639.36135563877	-30435.2356008585	980.7908475669835	-8585.631699487114	31638.245660050026	0.0	0.0	0.0	0.0	0.0	0.0	0.0	0.0	0.0	0.0	0.0	0.0	0.0	0.0	0.0	0.0	0.0	0.0	0.0	0.0	0.0	0.0	0.0	0.0	0.0	0.0	0.0	0.0	30478.995397862982	-2209.2620927684056	8193.20382928303	31638.245660050026	0.0	0.0	0.0	0.0	0.0	0.0	0.0	0.0	0.0	0.0	0.0	0.0	0.0	0.0	0.0	0.0	0.0	0.0	0.0	0.0	0.0	0.0	0.0	0.0	0.0	0.0	0.0	0.0	0.0	0.0	0.0	0.0	0.0	0.0	0.0	0.0	0.0	0.0	0.0	0.0	0.0	0.0	0.0	0.0	0.0	0.0	0.0	0.0	0.0	0.0	0.0	0.0	0.0	0.0	0.0	0.0	0.0	0.0	0.0	0.0	0.0	0.0	0.0	0.0	0.0	0.0	0.0	0.0	0.0	0.0	0.0	0.0	0.0	0.0	0.0	0.0	0.0	0.0	0.0	0.0	0.0	0.0	0.0	0.0	0.0	0.0	0.0	0.0	0.0	0.0	0.0	0.0	0.0	0.0	0.0	0.0	0.0	0.0	0.0	0.0	30.132320072131265	-0.46767992786873336	0.12590723612779503	-0.47565861131849224	30.66826286765099	0.28128142548654644	0.04322472378473368	-0.27511876454845313	0.011692844159293198
287.0	287.4596	2600.0	2585.650537086063	-0.347907918869423	0.4637094508672702	28.385427969124784	-103.75435266139176	63.267960239076274	-216.10723816942266	247.93172221039677	-91.48289681316598	-79.99175007254235	-216.1072381694226	247.93172221039404	-3.760319971439746e-15	0.0	-3.760319971439746e-15	-9.283592532245475	-8.71608685719439	-0.5394300892380556	-4.90941237708158	0.9808183635032974	0.1994650020017742	1.1553593596211695	0.0	0.0	0.0	0.0	0.0	0.0	0.0	0.0	0.0	0.0	0.0	0.0	0.0	0.0	0.0	0.0	0.0	0.0	0.0	0.0	0.0	0.0	0.0	0.0	0.0	0.0	0.0	0.0	0.0	0.0	0.0	0.0	0.0	0.0	0.0	0.0	0.0	0.0	0.0	0.0	0.0	0.0	0.0	0.0	0.0	0.0	0.0	0.0	31580.079173928232	-1569.9391444674338	53.75369323156663	31619.123944354356	-30441.251949867652	963.2260564764533	-8490.866616550635	31617.91328679442	0.0	0.0	0.0	0.0	0.0	0.0	0.0	0.0	0.0	0.0	0.0	0.0	0.0	0.0	0.0	0.0	0.0	0.0	0.0	0.0	0.0	0.0	0.0	0.0	0.0	0.0	0.0	0.0	30485.177944194897	-2207.287438351056	8091.615937902762	31617.91328679442	0.0	0.0	0.0	0.0	0.0	0.0	0.0	0.0	0.0	0.0	0.0	0.0	0.0	0.0	0.0	0.0	0.0	0.0	0.0	0.0	0.0	0.0	0.0	0.0	0.0	0.0	0.0	0.0	0.0	0.0	0.0	0.0	0.0	0.0	0.0	0.0	0.0	0.0	0.0	0.0	0.0	0.0	0.0	0.0	0.0	0.0	0.0	0.0	0.0	0.0	0.0	0.0	0.0	0.0	0.0	0.0	0.0	0.0	0.0	0.0	0.0	0.0	0.0	0.0	0.0	0.0	0.0	0.0	0.0	0.0	0.0	0.0	0.0	0.0	0.0	0.0	0.0	0.0	0.0	0.0	0.0	0.0	0.0	0.0	0.0	0.0	0.0	0.0	0.0	0.0	0.0	0.0	0.0	0.0	0.0	0.0	0.0	0.0	0.0	0.0	30.109339272155683	-0.49066072784431486	0.12593812131396317	-0.4776366381568949	30.810104101049514	0.28122856864044476	0.04331793092431771	-0.296079960945934	0.011667443447881027
288.0	288.4597	2600.0	2585.5980404797	-0.36377900496238474	0.4513315497087718	28.39029322721515	-104.30071248750755	56.60139626915952	-218.4192827343623	248.574616071741	-86.71464735590781	-81.01189183670428	-218.41928273436216	248.57461607174332	-1.9765398116659593e-14	0.0	-1.9765398116659593e-14	-8.86956627883802	-8.298016422482215	-0.5414568157179733	-5.164600941770096	0.953951945777161	0.20533549974366347	1.1582644318261328	0.0	0.0	0.0	0.0	0.0	0.0	0.0	0.0	0.0	0.0	0.0	0.0	0.0	0.0	0.0	0.0	0.0	0.0	0.0	0.0	0.0	0.0	0.0	0.0	0.0	0.0	0.0	0.0	0.0	0.0	0.0	0.0	0.0	0.0	0.0	0.0	0.0	0.0	0.0	0.0	0.0	0.0	0.0	0.0	0.0	0.0	0.0	0.0	31581.003641801843	-1568.5253461653429	56.381064941379925	31619.981682625126	-30450.1062221299	942.5350515386735	-8464.88384525634	31618.848805357462	0.0	0.0	0.0	0.0	0.0	0.0	0.0	0.0	0.0	0.0	0.0	0.0	0.0	0.0	0.0	0.0	0.0	0.0	0.0	0.0	0.0	0.0	0.0	0.0	0.0	0.0	0.0	0.0	30494.780543581775	-2207.521901365515	8058.958147914171	31618.848805357462	0.0	0.0	0.0	0.0	0.0	0.0	0.0	0.0	0.0	0.0	0.0	0.0	0.0	0.0	0.0	0.0	0.0	0.0	0.0	0.0	0.0	0.0	0.0	0.0	0.0	0.0	0.0	0.0	0.0	0.0	0.0	0.0	0.0	0.0	0.0	0.0	0.0	0.0	0.0	0.0	0.0	0.0	0.0	0.0	0.0	0.0	0.0	0.0	0.0	0.0	0.0	0.0	0.0	0.0	0.0	0.0	0.0	0.0	0.0	0.0	0.0	0.0	0.0	0.0	0.0	0.0	0.0	0.0	0.0	0.0	0.0	0.0	0.0	0.0	0.0	0.0	0.0	0.0	0.0	0.0	0.0	0.0	0.0	0.0	0.0	0.0	0.0	0.0	0.0	0.0	0.0	0.0	0.0	0.0	0.0	0.0	0.0	0.0	0.0	0.0	30.085226790738876	-0.5147732092611221	0.12596125610010642	-0.47943932931722133	30.950762011133826	0.28117571336381614	0.04340749583906725	-0.31834763484302986	0.011654032522579199
289.0	289.4599	2600.0	2585.6808834288845	-0.3792057148815824	0.43840326899981086	28.39477521454199	-103.58528191145157	44.20440281629817	-214.30455417494483	242.09581119288768	-76.18831194346784	-82.94143102350061	-214.3045541749447	242.09581119288933	1.3503285207701312e-14	0.0	1.3503285207701312e-14	-8.453337352818332	-7.87835196511255	-0.5430703544737979	-5.418128269995936	0.927550687166523	0.21118441608699487	1.1608350082177246	0.0	0.0	0.0	0.0	0.0	0.0	0.0	0.0	0.0	0.0	0.0	0.0	0.0	0.0	0.0	0.0	0.0	0.0	0.0	0.0	0.0	0.0	0.0	0.0	0.0	0.0	0.0	0.0	0.0	0.0	0.0	0.0	0.0	0.0	0.0	0.0	0.0	0.0	0.0	0.0	0.0	0.0	0.0	0.0	0.0	0.0	0.0	0.0	31585.445993947196	-1567.3487410384657	59.66496803135485	31624.366248527414	-30462.919552959833	922.3652861655553	-8437.47686319305	31623.270565015002	0.0	0.0	0.0	0.0	0.0	0.0	0.0	0.0	0.0	0.0	0.0	0.0	0.0	0.0	0.0	0.0	0.0	0.0	0.0	0.0	0.0	0.0	0.0	0.0	0.0	0.0	0.0	0.0	30508.258015032898	-2207.9542920086683	8025.108844166914	31623.270565015002	0.0	0.0	0.0	0.0	0.0	0.0	0.0	0.0	0.0	0.0	0.0	0.0	0.0	0.0	0.0	0.0	0.0	0.0	0.0	0.0	0.0	0.0	0.0	0.0	0.0	0.0	0.0	0.0	0.0	0.0	0.0	0.0	0.0	0.0	0.0	0.0	0.0	0.0	0.0	0.0	0.0	0.0	0.0	0.0	0.0	0.0	0.0	0.0	0.0	0.0	0.0	0.0	0.0	0.0	0.0	0.0	0.0	0.0	0.0	0.0	0.0	0.0	0.0	0.0	0.0	0.0	0.0	0.0	0.0	0.0	0.0	0.0	0.0	0.0	0.0	0.0	0.0	0.0	0.0	0.0	0.0	0.0	0.0	0.0	0.0	0.0	0.0	0.0	0.0	0.0	0.0	0.0	0.0	0.0	0.0	0.0	0.0	0.0	0.0	0.0	30.060009759229214	-0.5399902407707843	0.12598228152976929	-0.4811051612355176	31.09026261811821	0.28112285793116015	0.04350209235669718	-0.3418565538750147	0.011613924807993517
290.0	290.46	2600.0	2585.7489608214028	-0.39416722945762306	0.4249385131571272	28.398860879843912	-103.26033154357718	42.156653443493255	-218.40445732139497	245.23536954912785	-75.59224626119612	-82.01031523674828	-218.4044573213949	245.2353695491275	-7.755266185606247e-15	0.0	-7.755266185606247e-15	-8.035055059531153	-7.4570249717958985	-0.5445194267174613	-5.669962539288038	0.9018220608231576	0.21701568210393496	1.1632539792831216	0.0	0.0	0.0	0.0	0.0	0.0	0.0	0.0	0.0	0.0	0.0	0.0	0.0	0.0	0.0	0.0	0.0	0.0	0.0	0.0	0.0	0.0	0.0	0.0	0.0	0.0	0.0	0.0	0.0	0.0	0.0	0.0	0.0	0.0	0.0	0.0	0.0	0.0	0.0	0.0	0.0	0.0	0.0	0.0	0.0	0.0	0.0	0.0	31583.65876991913	-1566.0423262767142	57.95136606604459	31622.51331287898	-30475.077425424843	903.9721443268699	-8388.467750342636	31621.415226423625	0.0	0.0	0.0	0.0	0.0	0.0	0.0	0.0	0.0	0.0	0.0	0.0	0.0	0.0	0.0	0.0	0.0	0.0	0.0	0.0	0.0	0.0	0.0	0.0	0.0	0.0	0.0	0.0	30520.84475233563	-2207.8521385321174	7969.775747165168	31621.415226423625	0.0	0.0	0.0	0.0	0.0	0.0	0.0	0.0	0.0	0.0	0.0	0.0	0.0	0.0	0.0	0.0	0.0	0.0	0.0	0.0	0.0	0.0	0.0	0.0	0.0	0.0	0.0	0.0	0.0	0.0	0.0	0.0	0.0	0.0	0.0	0.0	0.0	0.0	0.0	0.0	0.0	0.0	0.0	0.0	0.0	0.0	0.0	0.0	0.0	0.0	0.0	0.0	0.0	0.0	0.0	0.0	0.0	0.0	0.0	0.0	0.0	0.0	0.0	0.0	0.0	0.0	0.0	0.0	0.0	0.0	0.0	0.0	0.0	0.0	0.0	0.0	0.0	0.0	0.0	0.0	0.0	0.0	0.0	0.0	0.0	0.0	0.0	0.0	0.0	0.0	0.0	0.0	0.0	0.0	0.0	0.0	0.0	0.0	0.0	0.0	30.033717410075145	-0.566282589924853	0.12600243180658685	-0.48271346190809744	31.228542877085832	0.28107000146794886	0.04359352679059911	-0.3664983800207057	0.01157396926526989
291.0	291.4601	2600.0	2585.5586689511574	-0.40865809897126565	0.41095826971652877	28.40254289767796	-104.1329064901947	50.349771758264055	-230.84226800067503	258.1993695304084	-84.95651382017606	-78.49300917742221	-230.84226800067498	258.1993695304078	2.992503770556108e-14	0.0	2.992503770556108e-14	-7.614918282436281	-7.034181793917983	-0.5458855391666376	-5.9200431488355765	0.8768303936577808	0.22282457224543123	1.165548759787627	0.0	0.0	0.0	0.0	0.0	0.0	0.0	0.0	0.0	0.0	0.0	0.0	0.0	0.0	0.0	0.0	0.0	0.0	0.0	0.0	0.0	0.0	0.0	0.0	0.0	0.0	0.0	0.0	0.0	0.0	0.0	0.0	0.0	0.0	0.0	0.0	0.0	0.0	0.0	0.0	0.0	0.0	0.0	0.0	0.0	0.0	0.0	0.0	31573.55272306364	-1564.076509659726	59.609019229487814	31612.325446245202	-30478.463671732297	885.2292925744356	-8339.411941679211	31611.17160471214	0.0	0.0	0.0	0.0	0.0	0.0	0.0	0.0	0.0	0.0	0.0	0.0	0.0	0.0	0.0	0.0	0.0	0.0	0.0	0.0	0.0	0.0	0.0	0.0	0.0	0.0	0.0	0.0	30524.640745103847	-2206.9463789579954	7914.661413181812	31611.17160471214	0.0	0.0	0.0	0.0	0.0	0.0	0.0	0.0	0.0	0.0	0.0	0.0	0.0	0.0	0.0	0.0	0.0	0.0	0.0	0.0	0.0	0.0	0.0	0.0	0.0	0.0	0.0	0.0	0.0	0.0	0.0	0.0	0.0	0.0	0.0	0.0	0.0	0.0	0.0	0.0	0.0	0.0	0.0	0.0	0.0	0.0	0.0	0.0	0.0	0.0	0.0	0.0	0.0	0.0	0.0	0.0	0.0	0.0	0.0	0.0	0.0	0.0	0.0	0.0	0.0	0.0	0.0	0.0	0.0	0.0	0.0	0.0	0.0	0.0	0.0	0.0	0.0	0.0	0.0	0.0	0.0	0.0	0.0	0.0	0.0	0.0	0.0	0.0	0.0	0.0	0.0	0.0	0.0	0.0	0.0	0.0	0.0	0.0	0.0	0.0	30.006386551736366	-0.5936134482636355	0.12601404772358188	-0.48427511408743484	31.365520847645612	0.2810171362975246	0.04367862200308464	-0.3922252698194134	0.011539424797206162
292.0	292.4602	2600.0	2586.0800567033516	-0.42265891358810426	0.39647715461248356	28.405810393436994	-100.901103046981	55.20302233838176	-247.4493676274148	272.87285649290374	-89.56402505105689	-72.1574091001239	-247.44936762741474	272.872856492903	7.168975209933806e-15	0.0	7.168975209933806e-15	-7.19266657146108	-6.6101116836625895	-0.546646001379342	-6.16828604685643	0.8525763371084343	0.22861236311598265	1.1676921500926651	0.0	0.0	0.0	0.0	0.0	0.0	0.0	0.0	0.0	0.0	0.0	0.0	0.0	0.0	0.0	0.0	0.0	0.0	0.0	0.0	0.0	0.0	0.0	0.0	0.0	0.0	0.0	0.0	0.0	0.0	0.0	0.0	0.0	0.0	0.0	0.0	0.0	0.0	0.0	0.0	0.0	0.0	0.0	0.0	0.0	0.0	0.0	0.0	31572.13703042978	-1562.6390719503124	44.798172129630686	31610.815940333574	-30499.59229044152	870.9460852464697	-8258.082062886831	31609.802218994333	0.0	0.0	0.0	0.0	0.0	0.0	0.0	0.0	0.0	0.0	0.0	0.0	0.0	0.0	0.0	0.0	0.0	0.0	0.0	0.0	0.0	0.0	0.0	0.0	0.0	0.0	0.0	0.0	30545.75507064246	-2206.9552684184646	7827.246765719075	31609.802218994333	0.0	0.0	0.0	0.0	0.0	0.0	0.0	0.0	0.0	0.0	0.0	0.0	0.0	0.0	0.0	0.0	0.0	0.0	0.0	0.0	0.0	0.0	0.0	0.0	0.0	0.0	0.0	0.0	0.0	0.0	0.0	0.0	0.0	0.0	0.0	0.0	0.0	0.0	0.0	0.0	0.0	0.0	0.0	0.0	0.0	0.0	0.0	0.0	0.0	0.0	0.0	0.0	0.0	0.0	0.0	0.0	0.0	0.0	0.0	0.0	0.0	0.0	0.0	0.0	0.0	0.0	0.0	0.0	0.0	0.0	0.0	0.0	0.0	0.0	0.0	0.0	0.0	0.0	0.0	0.0	0.0	0.0	0.0	0.0	0.0	0.0	0.0	0.0	0.0	0.0	0.0	0.0	0.0	0.0	0.0	0.0	0.0	0.0	0.0	0.0	29.978048410468034	-0.6219515895319637	0.12601727187246153	-0.4857782992404523	31.501308216473497	0.2809642740087423	0.043778293544058114	-0.41901837113465545	0.01141824385623502
293.0	293.4603	2600.0	2585.740467605361	-0.4361495242153657	0.38153360590730534	28.40865593158605	-103.31352797612999	37.455693521962516	-233.81197684967728	258.34986850865596	-75.48997585867072	-79.86161521621763	-233.81197684967722	258.34986850865613	-6.442545943289979e-14	0.0	-6.442545943289979e-14	-6.769386279846525	-6.184784419542341	-0.5479456374099363	-6.414662847514359	0.8292148906242225	0.23436912368437687	1.1698047367513624	0.0	0.0	0.0	0.0	0.0	0.0	0.0	0.0	0.0	0.0	0.0	0.0	0.0	0.0	0.0	0.0	0.0	0.0	0.0	0.0	0.0	0.0	0.0	0.0	0.0	0.0	0.0	0.0	0.0	0.0	0.0	0.0	0.0	0.0	0.0	0.0	0.0	0.0	0.0	0.0	0.0	0.0	0.0	0.0	0.0	0.0	0.0	0.0	31580.084125623627	-1561.297441263812	61.12345069924868	31618.714381799065	-30508.401061314686	847.8696089449435	-8258.391594760695	31617.75529546988	0.0	0.0	0.0	0.0	0.0	0.0	0.0	0.0	0.0	0.0	0.0	0.0	0.0	0.0	0.0	0.0	0.0	0.0	0.0	0.0	0.0	0.0	0.0	0.0	0.0	0.0	0.0	0.0	30555.38221614992	-2206.6447250371157	7821.878713369848	31617.75529546988	0.0	0.0	0.0	0.0	0.0	0.0	0.0	0.0	0.0	0.0	0.0	0.0	0.0	0.0	0.0	0.0	0.0	0.0	0.0	0.0	0.0	0.0	0.0	0.0	0.0	0.0	0.0	0.0	0.0	0.0	0.0	0.0	0.0	0.0	0.0	0.0	0.0	0.0	0.0	0.0	0.0	0.0	0.0	0.0	0.0	0.0	0.0	0.0	0.0	0.0	0.0	0.0	0.0	0.0	0.0	0.0	0.0	0.0	0.0	0.0	0.0	0.0	0.0	0.0	0.0	0.0	0.0	0.0	0.0	0.0	0.0	0.0	0.0	0.0	0.0	0.0	0.0	0.0	0.0	0.0	0.0	0.0	0.0	0.0	0.0	0.0	0.0	0.0	0.0	0.0	0.0	0.0	0.0	0.0	0.0	0.0	0.0	0.0	0.0	0.0	29.948758302650013	-0.6512416973499919	0.12602143012460296	-0.4872738734035607	31.635450542449455	0.2809114355686892	0.043830566517528334	-0.446770073828802	0.011452031674992709
294.0	294.4604	2600.0	2585.9407653222106	-0.4490994747816175	0.36612945158246585	28.411066311122052	-102.33190482167267	37.46205013285409	-237.11766676117685	260.9597896896242	-76.47169882660636	-77.63570842828265	-237.11766676117676	260.9597896896244	0.0	0.0	0.0	-6.344205644565251	-5.758386265216609	-0.5487517416185355	-6.659104948223219	0.8068919920235391	0.24011690932297367	1.172009976732958	0.0	0.0	0.0	0.0	0.0	0.0	0.0	0.0	0.0	0.0	0.0	0.0	0.0	0.0	0.0	0.0	0.0	0.0	0.0	0.0	0.0	0.0	0.0	0.0	0.0	0.0	0.0	0.0	0.0	0.0	0.0	0.0	0.0	0.0	0.0	0.0	0.0	0.0	0.0	0.0	0.0	0.0	0.0	0.0	0.0	0.0	0.0	0.0	31574.471647983224	-1560.9427372205464	58.25465146301512	31613.08582980465	-30521.31630902949	833.4936153528133	-8189.939668088624	31612.032086052222	0.0	0.0	0.0	0.0	0.0	0.0	0.0	0.0	0.0	0.0	0.0	0.0	0.0	0.0	0.0	0.0	0.0	0.0	0.0	0.0	0.0	0.0	0.0	0.0	0.0	0.0	0.0	0.0	30568.347985580458	-2207.322868328373	7747.541532448165	31612.032086052222	0.0	0.0	0.0	0.0	0.0	0.0	0.0	0.0	0.0	0.0	0.0	0.0	0.0	0.0	0.0	0.0	0.0	0.0	0.0	0.0	0.0	0.0	0.0	0.0	0.0	0.0	0.0	0.0	0.0	0.0	0.0	0.0	0.0	0.0	0.0	0.0	0.0	0.0	0.0	0.0	0.0	0.0	0.0	0.0	0.0	0.0	0.0	0.0	0.0	0.0	0.0	0.0	0.0	0.0	0.0	0.0	0.0	0.0	0.0	0.0	0.0	0.0	0.0	0.0	0.0	0.0	0.0	0.0	0.0	0.0	0.0	0.0	0.0	0.0	0.0	0.0	0.0	0.0	0.0	0.0	0.0	0.0	0.0	0.0	0.0	0.0	0.0	0.0	0.0	0.0	0.0	0.0	0.0	0.0	0.0	0.0	0.0	0.0	0.0	0.0	29.91853597719449	-0.681464022805507	0.12602625514798188	-0.488816917139449	31.768318606391407	0.28085858373106887	0.04390741738707753	-0.47540757421159174	0.011394295892623961
295.0	295.4605	2600.0	2585.6986438727167	-0.46150839010915234	0.3502973691596076	28.413040764497136	-103.41293295051945	35.0104921241391	-236.12934729563258	260.1481076511311	-76.06634522925924	-78.31909335319868	-236.12934729563247	260.14810765113265	-1.2434046824575598e-14	0.0	-1.2434046824575598e-14	-5.917732710359823	-5.331121055139863	-0.549492722744936	-6.901519944357453	0.7854901764465054	0.2458385290253653	1.1741439786638501	0.0	0.0	0.0	0.0	0.0	0.0	0.0	0.0	0.0	0.0	0.0	0.0	0.0	0.0	0.0	0.0	0.0	0.0	0.0	0.0	0.0	0.0	0.0	0.0	0.0	0.0	0.0	0.0	0.0	0.0	0.0	0.0	0.0	0.0	0.0	0.0	0.0	0.0	0.0	0.0	0.0	0.0	0.0	0.0	0.0	0.0	0.0	0.0	31574.742548507456	-1559.6253207875288	70.79875150176626	31613.316982072327	-30531.8554944789	814.694408281063	-8153.67703134336	31612.34531074976	0.0	0.0	0.0	0.0	0.0	0.0	0.0	0.0	0.0	0.0	0.0	0.0	0.0	0.0	0.0	0.0	0.0	0.0	0.0	0.0	0.0	0.0	0.0	0.0	0.0	0.0	0.0	0.0	30579.226133328408	-2207.045856009632	7705.858402690651	31612.34531074976	0.0	0.0	0.0	0.0	0.0	0.0	0.0	0.0	0.0	0.0	0.0	0.0	0.0	0.0	0.0	0.0	0.0	0.0	0.0	0.0	0.0	0.0	0.0	0.0	0.0	0.0	0.0	0.0	0.0	0.0	0.0	0.0	0.0	0.0	0.0	0.0	0.0	0.0	0.0	0.0	0.0	0.0	0.0	0.0	0.0	0.0	0.0	0.0	0.0	0.0	0.0	0.0	0.0	0.0	0.0	0.0	0.0	0.0	0.0	0.0	0.0	0.0	0.0	0.0	0.0	0.0	0.0	0.0	0.0	0.0	0.0	0.0	0.0	0.0	0.0	0.0	0.0	0.0	0.0	0.0	0.0	0.0	0.0	0.0	0.0	0.0	0.0	0.0	0.0	0.0	0.0	0.0	0.0	0.0	0.0	0.0	0.0	0.0	0.0	0.0	29.88743207445203	-0.7125679255479687	0.1260251904661103	-0.4903340388118956	31.899662858505227	0.28080575067959734	0.04398392250932419	-0.504952509356763	0.011338068200689727
296.0	296.4605	2600.0	2586.338624083584	-0.4733534427248101	0.33406357682718335	28.414572967985052	-99.10110313435507	34.31045565338672	-239.04262101663508	261.0356501937843	-74.87374119443845	-73.43132090013025	-239.042621016635	261.03565019378533	-1.2612903968959433e-15	0.0	-1.2612903968959433e-15	-5.489633572960896	-4.903040227840476	-0.5498070492805683	-7.141845755482414	0.7651080842700788	0.2515418139336711	1.1762885790030917	0.0	0.0	0.0	0.0	0.0	0.0	0.0	0.0	0.0	0.0	0.0	0.0	0.0	0.0	0.0	0.0	0.0	0.0	0.0	0.0	0.0	0.0	0.0	0.0	0.0	0.0	0.0	0.0	0.0	0.0	0.0	0.0	0.0	0.0	0.0	0.0	0.0	0.0	0.0	0.0	0.0	0.0	0.0	0.0	0.0	0.0	0.0	0.0	31575.387163101896	-1558.5366425091613	55.61521120377166	31613.876763496446	-30556.888237616502	803.1316531860431	-8062.684510166137	31612.898012188136	0.0	0.0	0.0	0.0	0.0	0.0	0.0	0.0	0.0	0.0	0.0	0.0	0.0	0.0	0.0	0.0	0.0	0.0	0.0	0.0	0.0	0.0	0.0	0.0	0.0	0.0	0.0	0.0	30603.98084590749	-2207.265176454921	7609.182449721254	31612.898012188136	0.0	0.0	0.0	0.0	0.0	0.0	0.0	0.0	0.0	0.0	0.0	0.0	0.0	0.0	0.0	0.0	0.0	0.0	0.0	0.0	0.0	0.0	0.0	0.0	0.0	0.0	0.0	0.0	0.0	0.0	0.0	0.0	0.0	0.0	0.0	0.0	0.0	0.0	0.0	0.0	0.0	0.0	0.0	0.0	0.0	0.0	0.0	0.0	0.0	0.0	0.0	0.0	0.0	0.0	0.0	0.0	0.0	0.0	0.0	0.0	0.0	0.0	0.0	0.0	0.0	0.0	0.0	0.0	0.0	0.0	0.0	0.0	0.0	0.0	0.0	0.0	0.0	0.0	0.0	0.0	0.0	0.0	0.0	0.0	0.0	0.0	0.0	0.0	0.0	0.0	0.0	0.0	0.0	0.0	0.0	0.0	0.0	0.0	0.0	0.0	29.85549166957778	-0.7445083304222209	0.1260214400804416	-0.49186135446126417	32.029629903153904	0.2807528896256824	0.0440700531134914	-0.5353245628895095	0.011235840477063922
297.0	297.4606	2600.0	2586.1601814470964	-0.48461715391494986	0.31743603909259316	28.415656708323084	-100.5203672218813	31.58917601031089	-242.15219482516585	264.0831416923037	-74.38376976495418	-74.62757575445355	-242.1521948251658	264.0831416923039	1.7371121160810027e-15	0.0	1.7371121160810027e-15	-5.060731908662138	-4.474330275457166	-0.5503537693805787	-7.380033994991421	0.7458426779079546	0.25721885649783094	1.1785230803897306	0.0	0.0	0.0	0.0	0.0	0.0	0.0	0.0	0.0	0.0	0.0	0.0	0.0	0.0	0.0	0.0	0.0	0.0	0.0	0.0	0.0	0.0	0.0	0.0	0.0	0.0	0.0	0.0	0.0	0.0	0.0	0.0	0.0	0.0	0.0	0.0	0.0	0.0	0.0	0.0	0.0	0.0	0.0	0.0	0.0	0.0	0.0	0.0	31570.590899557297	-1557.293575367021	64.48503707726346	31609.04192390361	-30563.534964351387	785.5529158675787	-8019.886383808891	31607.994882781823	0.0	0.0	0.0	0.0	0.0	0.0	0.0	0.0	0.0	0.0	0.0	0.0	0.0	0.0	0.0	0.0	0.0	0.0	0.0	0.0	0.0	0.0	0.0	0.0	0.0	0.0	0.0	0.0	30610.81692670238	-2206.979668494446	7561.247802626512	31607.994882781823	0.0	0.0	0.0	0.0	0.0	0.0	0.0	0.0	0.0	0.0	0.0	0.0	0.0	0.0	0.0	0.0	0.0	0.0	0.0	0.0	0.0	0.0	0.0	0.0	0.0	0.0	0.0	0.0	0.0	0.0	0.0	0.0	0.0	0.0	0.0	0.0	0.0	0.0	0.0	0.0	0.0	0.0	0.0	0.0	0.0	0.0	0.0	0.0	0.0	0.0	0.0	0.0	0.0	0.0	0.0	0.0	0.0	0.0	0.0	0.0	0.0	0.0	0.0	0.0	0.0	0.0	0.0	0.0	0.0	0.0	0.0	0.0	0.0	0.0	0.0	0.0	0.0	0.0	0.0	0.0	0.0	0.0	0.0	0.0	0.0	0.0	0.0	0.0	0.0	0.0	0.0	0.0	0.0	0.0	0.0	0.0	0.0	0.0	0.0	0.0	29.822742171500533	-0.7772578284994617	0.12601938737888768	-0.49343180930641084	32.15788104520097	0.2807000235527143	0.044132498366032204	-0.5664621553876136	0.011206563692715972
298.0	298.4606	2600.0	2586.3990111180246	-0.4952983722992948	0.30043915944270577	28.416292972280743	-98.66400328748931	31.73057806514453	-243.73691341338105	264.85675012984666	-74.91459633608247	-71.6185617341216	-243.736913413381	264.85675012984734	-1.1262280807752096e-15	0.0	-1.1262280807752096e-15	-4.630556742496059	-4.045152911896393	-0.5505204130705302	-7.616010139323346	0.7277690088634942	0.2628837034151725	1.180877185935644	0.0	0.0	0.0	0.0	0.0	0.0	0.0	0.0	0.0	0.0	0.0	0.0	0.0	0.0	0.0	0.0	0.0	0.0	0.0	0.0	0.0	0.0	0.0	0.0	0.0	0.0	0.0	0.0	0.0	0.0	0.0	0.0	0.0	0.0	0.0	0.0	0.0	0.0	0.0	0.0	0.0	0.0	0.0	0.0	0.0	0.0	0.0	0.0	31568.502980735262	-1555.81528403425	59.42066695511968	31606.873816598614	-30580.857742165215	772.1374791707792	-7946.38618376132	31605.855626999863	0.0	0.0	0.0	0.0	0.0	0.0	0.0	0.0	0.0	0.0	0.0	0.0	0.0	0.0	0.0	0.0	0.0	0.0	0.0	0.0	0.0	0.0	0.0	0.0	0.0	0.0	0.0	0.0	30627.948162934437	-2206.851074891397	7482.560362376723	31605.855626999863	0.0	0.0	0.0	0.0	0.0	0.0	0.0	0.0	0.0	0.0	0.0	0.0	0.0	0.0	0.0	0.0	0.0	0.0	0.0	0.0	0.0	0.0	0.0	0.0	0.0	0.0	0.0	0.0	0.0	0.0	0.0	0.0	0.0	0.0	0.0	0.0	0.0	0.0	0.0	0.0	0.0	0.0	0.0	0.0	0.0	0.0	0.0	0.0	0.0	0.0	0.0	0.0	0.0	0.0	0.0	0.0	0.0	0.0	0.0	0.0	0.0	0.0	0.0	0.0	0.0	0.0	0.0	0.0	0.0	0.0	0.0	0.0	0.0	0.0	0.0	0.0	0.0	0.0	0.0	0.0	0.0	0.0	0.0	0.0	0.0	0.0	0.0	0.0	0.0	0.0	0.0	0.0	0.0	0.0	0.0	0.0	0.0	0.0	0.0	0.0	29.789227517527813	-0.8107724824721817	0.1260167117446207	-0.49505884721111826	32.2846241173273	0.2806471536618858	0.04419880092869237	-0.5983089937453605	0.011131726709255038
299.0	299.4607	2600.0	2586.334877979014	-0.5053785446607902	0.2830543942901982	28.41647323040805	-99.03411539398076	34.64640625340552	-231.3046613105811	253.98814110534167	-78.87399023857687	-69.18831651362413	-231.30466131058103	253.98814110534207	-1.5164091931636329e-15	0.0	-1.5164091931636329e-15	-4.199457504692572	-3.615649995598494	-0.5505336638825945	-7.849682421237964	0.7108131908974924	0.2685265013833978	1.1832541126436513	0.0	0.0	0.0	0.0	0.0	0.0	0.0	0.0	0.0	0.0	0.0	0.0	0.0	0.0	0.0	0.0	0.0	0.0	0.0	0.0	0.0	0.0	0.0	0.0	0.0	0.0	0.0	0.0	0.0	0.0	0.0	0.0	0.0	0.0	0.0	0.0	0.0	0.0	0.0	0.0	0.0	0.0	0.0	0.0	0.0	0.0	0.0	0.0	31568.093801344916	-1554.540622806242	60.77860562593622	31606.404997047157	-30597.59764904222	758.0163331762635	-7880.931037180657	31605.326207252372	0.0	0.0	0.0	0.0	0.0	0.0	0.0	0.0	0.0	0.0	0.0	0.0	0.0	0.0	0.0	0.0	0.0	0.0	0.0	0.0	0.0	0.0	0.0	0.0	0.0	0.0	0.0	0.0	30644.520977058663	-2206.774832610162	7412.1605211708165	31605.326207252372	0.0	0.0	0.0	0.0	0.0	0.0	0.0	0.0	0.0	0.0	0.0	0.0	0.0	0.0	0.0	0.0	0.0	0.0	0.0	0.0	0.0	0.0	0.0	0.0	0.0	0.0	0.0	0.0	0.0	0.0	0.0	0.0	0.0	0.0	0.0	0.0	0.0	0.0	0.0	0.0	0.0	0.0	0.0	0.0	0.0	0.0	0.0	0.0	0.0	0.0	0.0	0.0	0.0	0.0	0.0	0.0	0.0	0.0	0.0	0.0	0.0	0.0	0.0	0.0	0.0	0.0	0.0	0.0	0.0	0.0	0.0	0.0	0.0	0.0	0.0	0.0	0.0	0.0	0.0	0.0	0.0	0.0	0.0	0.0	0.0	0.0	0.0	0.0	0.0	0.0	0.0	0.0	0.0	0.0	0.0	0.0	0.0	0.0	0.0	0.0	29.754949760163974	-0.8450502398360271	0.12601531869991925	-0.49669915385117375	32.40972210981675	0.28059429030447447	0.044262350042535606	-0.6309058097957888	0.011035067919850471
300.0	300.4608	2600.0	2586.8080978202593	-0.5148456648491977	0.2652915023595836	28.41619507709404	-95.7672282838248	21.922015170994086	-188.50733695429957	212.5722297195128	-67.4452886455947	-71.43577396399995	-188.5073369542995	212.5722297195122	1.0552964867934908e-14	0.0	1.0552964867934908e-14	-3.7675437965173986	-3.185864477013289	-0.5504786175680247	-8.08098705422373	0.6950353957392625	0.2741470423095009	1.185675320360022	0.0	0.0	0.0	0.0	0.0	0.0	0.0	0.0	0.0	0.0	0.0	0.0	0.0	0.0	0.0	0.0	0.0	0.0	0.0	0.0	0.0	0.0	0.0	0.0	0.0	0.0	0.0	0.0	0.0	0.0	0.0	0.0	0.0	0.0	0.0	0.0	0.0	0.0	0.0	0.0	0.0	0.0	0.0	0.0	0.0	0.0	0.0	0.0	31572.51219107945	-1553.2372280313227	58.064657770617124	31610.748859318173	-30623.418239935163	746.6685887310675	-7798.762135831701	31609.68126271876	0.0	0.0	0.0	0.0	0.0	0.0	0.0	0.0	0.0	0.0	0.0	0.0	0.0	0.0	0.0	0.0	0.0	0.0	0.0	0.0	0.0	0.0	0.0	0.0	0.0	0.0	0.0	0.0	30669.967736490144	-2206.965015000195	7324.911876322634	31609.68126271876	0.0	0.0	0.0	0.0	0.0	0.0	0.0	0.0	0.0	0.0	0.0	0.0	0.0	0.0	0.0	0.0	0.0	0.0	0.0	0.0	0.0	0.0	0.0	0.0	0.0	0.0	0.0	0.0	0.0	0.0	0.0	0.0	0.0	0.0	0.0	0.0	0.0	0.0	0.0	0.0	0.0	0.0	0.0	0.0	0.0	0.0	0.0	0.0	0.0	0.0	0.0	0.0	0.0	0.0	0.0	0.0	0.0	0.0	0.0	0.0	0.0	0.0	0.0	0.0	0.0	0.0	0.0	0.0	0.0	0.0	0.0	0.0	0.0	0.0	0.0	0.0	0.0	0.0	0.0	0.0	0.0	0.0	0.0	0.0	0.0	0.0	0.0	0.0	0.0	0.0	0.0	0.0	0.0	0.0	0.0	0.0	0.0	0.0	0.0	0.0	29.71993924759911	-0.8800607524008869	0.12601565030187836	-0.4983614744734139	32.533140565030756	0.28054142496627454	0.044323338706849534	-0.6642137057640132	0.01094666835309262
301.0	301.4608	2600.0	2586.9087778801754	-0.5236901908928585	0.24719820700171324	28.415463215776924	-94.4512214658462	-7.463308527544826	-86.02454212356903	127.97248164405248	-42.929404316615546	-84.46182839359244	-86.02454212356893	127.9724816440542	2.8119814921597605e-15	0.0	2.8119814921597605e-15	-3.3350275287945377	-2.755922157664416	-0.5504576648451247	-8.309866353224193	0.6805883167749316	0.27976574774430385	1.1882671250288075	0.0	0.0	0.0	0.0	0.0	0.0	0.0	0.0	0.0	0.0	0.0	0.0	0.0	0.0	0.0	0.0	0.0	0.0	0.0	0.0	0.0	0.0	0.0	0.0	0.0	0.0	0.0	0.0	0.0	0.0	0.0	0.0	0.0	0.0	0.0	0.0	0.0	0.0	0.0	0.0	0.0	0.0	0.0	0.0	0.0	0.0	0.0	0.0	31585.148638753126	-1552.7221875284577	59.292345298949066	31623.347013021616	-30652.155506200514	733.3576468617887	-7738.116519655294	31622.316453515414	0.0	0.0	0.0	0.0	0.0	0.0	0.0	0.0	0.0	0.0	0.0	0.0	0.0	0.0	0.0	0.0	0.0	0.0	0.0	0.0	0.0	0.0	0.0	0.0	0.0	0.0	0.0	0.0	30698.49109002408	-2208.0626943693374	7259.338938203579	31622.316453515414	0.0	0.0	0.0	0.0	0.0	0.0	0.0	0.0	0.0	0.0	0.0	0.0	0.0	0.0	0.0	0.0	0.0	0.0	0.0	0.0	0.0	0.0	0.0	0.0	0.0	0.0	0.0	0.0	0.0	0.0	0.0	0.0	0.0	0.0	0.0	0.0	0.0	0.0	0.0	0.0	0.0	0.0	0.0	0.0	0.0	0.0	0.0	0.0	0.0	0.0	0.0	0.0	0.0	0.0	0.0	0.0	0.0	0.0	0.0	0.0	0.0	0.0	0.0	0.0	0.0	0.0	0.0	0.0	0.0	0.0	0.0	0.0	0.0	0.0	0.0	0.0	0.0	0.0	0.0	0.0	0.0	0.0	0.0	0.0	0.0	0.0	0.0	0.0	0.0	0.0	0.0	0.0	0.0	0.0	0.0	0.0	0.0	0.0	0.0	0.0	29.684264542513354	-0.9157354574866441	0.12601371149434748	-0.5000997182826946	32.65480438726331	0.2804885444262515	0.04438200935711575	-0.6981102700057535	0.01088245514788186
302.0	302.461	2600.0	2586.9600209586847	-0.531917399737152	0.22875177256863136	28.414276483604716	-94.44992520143572	-13.250546006519977	-51.00888925275453	108.15855085395452	-39.51338871457301	-86.80470869900091	-51.00888925275443	108.15855085395289	2.373280140592811e-14	0.0	2.373280140592811e-14	-2.901867840747845	-2.326103417499434	-0.5501627291356243	-8.53617587333035	0.6673705027018114	0.2854193992247226	1.1908683411406455	0.0	0.0	0.0	0.0	0.0	0.0	0.0	0.0	0.0	0.0	0.0	0.0	0.0	0.0	0.0	0.0	0.0	0.0	0.0	0.0	0.0	0.0	0.0	0.0	0.0	0.0	0.0	0.0	0.0	0.0	0.0	0.0	0.0	0.0	0.0	0.0	0.0	0.0	0.0	0.0	0.0	0.0	0.0	0.0	0.0	0.0	0.0	0.0	31585.436672971562	-1551.2044172756175	59.4684204511113	31623.560543675398	-30670.692572705044	720.7644461486038	-7666.45491585294	31622.545995745226	0.0	0.0	0.0	0.0	0.0	0.0	0.0	0.0	0.0	0.0	0.0	0.0	0.0	0.0	0.0	0.0	0.0	0.0	0.0	0.0	0.0	0.0	0.0	0.0	0.0	0.0	0.0	0.0	30716.6539102934	-2207.930324212681	7183.149134725055	31622.545995745226	0.0	0.0	0.0	0.0	0.0	0.0	0.0	0.0	0.0	0.0	0.0	0.0	0.0	0.0	0.0	0.0	0.0	0.0	0.0	0.0	0.0	0.0	0.0	0.0	0.0	0.0	0.0	0.0	0.0	0.0	0.0	0.0	0.0	0.0	0.0	0.0	0.0	0.0	0.0	0.0	0.0	0.0	0.0	0.0	0.0	0.0	0.0	0.0	0.0	0.0	0.0	0.0	0.0	0.0	0.0	0.0	0.0	0.0	0.0	0.0	0.0	0.0	0.0	0.0	0.0	0.0	0.0	0.0	0.0	0.0	0.0	0.0	0.0	0.0	0.0	0.0	0.0	0.0	0.0	0.0	0.0	0.0	0.0	0.0	0.0	0.0	0.0	0.0	0.0	0.0	0.0	0.0	0.0	0.0	0.0	0.0	0.0	0.0	0.0	0.0	29.647924447521934	-0.9520755524780642	0.1260099018944567	-0.5018427154685984	32.77474776004263	0.28043567791849383	0.04444592319205326	-0.732667893220787	0.010787748868758539
303.0	303.4611	2600.0	2587.3422221219967	-0.5395109169840168	0.2099930780053851	28.412638686098678	-92.20475477434957	-24.936359917012457	-36.76414458773423	102.34813714072449	-30.03561545033335	-90.67193972464155	-36.76414458773413	102.34813714072746	1.1121461445295668e-15	0.0	1.1121461445295668e-15	-2.468233248767145	-1.896478030103335	-0.5497061938643226	-8.759782193134344	0.6556054551495607	0.2912184076176507	1.1936784429017462	0.0	0.0	0.0	0.0	0.0	0.0	0.0	0.0	0.0	0.0	0.0	0.0	0.0	0.0	0.0	0.0	0.0	0.0	0.0	0.0	0.0	0.0	0.0	0.0	0.0	0.0	0.0	0.0	0.0	0.0	0.0	0.0	0.0	0.0	0.0	0.0	0.0	0.0	0.0	0.0	0.0	0.0	0.0	0.0	0.0	0.0	0.0	0.0	31588.724166939974	-1549.8533204150058	60.128204368559125	31626.77908372555	-30692.959908913446	709.2153000113142	-7591.37682055073	31625.777086793198	0.0	0.0	0.0	0.0	0.0	0.0	0.0	0.0	0.0	0.0	0.0	0.0	0.0	0.0	0.0	0.0	0.0	0.0	0.0	0.0	0.0	0.0	0.0	0.0	0.0	0.0	0.0	0.0	30738.44612183405	-2208.198357515407	7103.630506473781	31625.777086793198	0.0	0.0	0.0	0.0	0.0	0.0	0.0	0.0	0.0	0.0	0.0	0.0	0.0	0.0	0.0	0.0	0.0	0.0	0.0	0.0	0.0	0.0	0.0	0.0	0.0	0.0	0.0	0.0	0.0	0.0	0.0	0.0	0.0	0.0	0.0	0.0	0.0	0.0	0.0	0.0	0.0	0.0	0.0	0.0	0.0	0.0	0.0	0.0	0.0	0.0	0.0	0.0	0.0	0.0	0.0	0.0	0.0	0.0	0.0	0.0	0.0	0.0	0.0	0.0	0.0	0.0	0.0	0.0	0.0	0.0	0.0	0.0	0.0	0.0	0.0	0.0	0.0	0.0	0.0	0.0	0.0	0.0	0.0	0.0	0.0	0.0	0.0	0.0	0.0	0.0	0.0	0.0	0.0	0.0	0.0	0.0	0.0	0.0	0.0	0.0	29.6109817344938	-0.9890182655062035	0.1260066927531824	-0.5036764741233082	32.8929212864911	0.2803828182952149	0.044509431281253085	-0.7677379546799323	0.010676221473816873
304.0	304.4613	2600.0	2587.3414242934437	-0.5464700661927892	0.1909830156018109	28.41056199477862	-92.2029371377175	-28.59802896111421	-25.20223955048271	99.77164805515908	-28.593627648771864	-92.20430215106897	-25.202239550482613	99.77164805515716	-4.8129619401082905e-15	0.0	-4.8129619401082905e-15	-2.0344047078140304	-1.4670344643251436	-0.5493940610194301	-8.980339435261335	0.6454928579867841	0.2974757051583966	1.1968287914138371	0.0	0.0	0.0	0.0	0.0	0.0	0.0	0.0	0.0	0.0	0.0	0.0	0.0	0.0	0.0	0.0	0.0	0.0	0.0	0.0	0.0	0.0	0.0	0.0	0.0	0.0	0.0	0.0	0.0	0.0	0.0	0.0	0.0	0.0	0.0	0.0	0.0	0.0	0.0	0.0	0.0	0.0	0.0	0.0	0.0	0.0	0.0	0.0	31586.913384435808	-1548.1048782335415	64.25604748309517	31624.892959652818	-30709.59189623429	697.2737742748922	-7517.025306010745	31623.8975238783	0.0	0.0	0.0	0.0	0.0	0.0	0.0	0.0	0.0	0.0	0.0	0.0	0.0	0.0	0.0	0.0	0.0	0.0	0.0	0.0	0.0	0.0	0.0	0.0	0.0	0.0	0.0	0.0	30754.583673138703	-2208.022079654437	7025.03495994328	31623.8975238783	0.0	0.0	0.0	0.0	0.0	0.0	0.0	0.0	0.0	0.0	0.0	0.0	0.0	0.0	0.0	0.0	0.0	0.0	0.0	0.0	0.0	0.0	0.0	0.0	0.0	0.0	0.0	0.0	0.0	0.0	0.0	0.0	0.0	0.0	0.0	0.0	0.0	0.0	0.0	0.0	0.0	0.0	0.0	0.0	0.0	0.0	0.0	0.0	0.0	0.0	0.0	0.0	0.0	0.0	0.0	0.0	0.0	0.0	0.0	0.0	0.0	0.0	0.0	0.0	0.0	0.0	0.0	0.0	0.0	0.0	0.0	0.0	0.0	0.0	0.0	0.0	0.0	0.0	0.0	0.0	0.0	0.0	0.0	0.0	0.0	0.0	0.0	0.0	0.0	0.0	0.0	0.0	0.0	0.0	0.0	0.0	0.0	0.0	0.0	0.0	29.573519346375466	-1.0264806536245317	0.12598955536828338	-0.5056546173467994	33.00924368662168	0.2803299483518896	0.04455945837646959	-0.8031837319629178	0.010596976688655549
305.0	305.4614	2600.0	2587.6642325278485	-0.5527728472336898	0.17173943429984023	28.408047900035776	-89.90615192390032	-28.30787171430598	-21.324005045733564	96.63935505759297	-29.102565682662316	-89.65206314103125	-21.324005045733465	96.63935505759333	0.0	0.0	0.0	-1.6002303795727366	-1.0379378828293389	-0.5489163152926723	-9.19792047853867	0.6366250509322695	0.3039539999336971	1.1999467430211646	0.0	0.0	0.0	0.0	0.0	0.0	0.0	0.0	0.0	0.0	0.0	0.0	0.0	0.0	0.0	0.0	0.0	0.0	0.0	0.0	0.0	0.0	0.0	0.0	0.0	0.0	0.0	0.0	0.0	0.0	0.0	0.0	0.0	0.0	0.0	0.0	0.0	0.0	0.0	0.0	0.0	0.0	0.0	0.0	0.0	0.0	0.0	0.0	31584.67132077283	-1546.136155323113	59.671926856286184	31622.548287430953	-30729.322427313837	688.1657988455615	-7427.09735683504	31621.616090206717	0.0	0.0	0.0	0.0	0.0	0.0	0.0	0.0	0.0	0.0	0.0	0.0	0.0	0.0	0.0	0.0	0.0	0.0	0.0	0.0	0.0	0.0	0.0	0.0	0.0	0.0	0.0	0.0	30773.613004615752	-2207.894148157591	6930.84051389841	31621.616090206717	0.0	0.0	0.0	0.0	0.0	0.0	0.0	0.0	0.0	0.0	0.0	0.0	0.0	0.0	0.0	0.0	0.0	0.0	0.0	0.0	0.0	0.0	0.0	0.0	0.0	0.0	0.0	0.0	0.0	0.0	0.0	0.0	0.0	0.0	0.0	0.0	0.0	0.0	0.0	0.0	0.0	0.0	0.0	0.0	0.0	0.0	0.0	0.0	0.0	0.0	0.0	0.0	0.0	0.0	0.0	0.0	0.0	0.0	0.0	0.0	0.0	0.0	0.0	0.0	0.0	0.0	0.0	0.0	0.0	0.0	0.0	0.0	0.0	0.0	0.0	0.0	0.0	0.0	0.0	0.0	0.0	0.0	0.0	0.0	0.0	0.0	0.0	0.0	0.0	0.0	0.0	0.0	0.0	0.0	0.0	0.0	0.0	0.0	0.0	0.0	29.53557771421025	-1.0644222857897567	0.12596757746809611	-0.507618186048274	33.12378182548033	0.28027709648044524	0.04461046821030313	-0.8391237063320618	0.01049229853246426
306.0	306.4616	2600.0	2587.505999648691	-0.5583858728444825	0.1523019194368305	28.4051000096088	-90.84344801794576	-23.000693099012096	-20.658147466616906	95.96000722997395	-35.48836352514262	-86.73027144620573	-20.658147466616807	95.96000722997937	-9.229661933291639e-15	0.0	-9.229661933291639e-15	-1.1660312612250285	-0.6095046043187944	-0.5482823404725926	-9.412256017846985	0.6294097840830656	0.3109382984539006	1.2033874483729434	0.0	0.0	0.0	0.0	0.0	0.0	0.0	0.0	0.0	0.0	0.0	0.0	0.0	0.0	0.0	0.0	0.0	0.0	0.0	0.0	0.0	0.0	0.0	0.0	0.0	0.0	0.0	0.0	0.0	0.0	0.0	0.0	0.0	0.0	0.0	0.0	0.0	0.0	0.0	0.0	0.0	0.0	0.0	0.0	0.0	0.0	0.0	0.0	31578.501272974572	-1544.1173450024269	62.85883249176254	31616.293145389714	-30741.67919658177	676.9469173933762	-7349.936745036755	31615.35492621518	0.0	0.0	0.0	0.0	0.0	0.0	0.0	0.0	0.0	0.0	0.0	0.0	0.0	0.0	0.0	0.0	0.0	0.0	0.0	0.0	0.0	0.0	0.0	0.0	0.0	0.0	0.0	0.0	30785.326189810476	-2207.4774256865	6849.919847166996	31615.35492621518	0.0	0.0	0.0	0.0	0.0	0.0	0.0	0.0	0.0	0.0	0.0	0.0	0.0	0.0	0.0	0.0	0.0	0.0	0.0	0.0	0.0	0.0	0.0	0.0	0.0	0.0	0.0	0.0	0.0	0.0	0.0	0.0	0.0	0.0	0.0	0.0	0.0	0.0	0.0	0.0	0.0	0.0	0.0	0.0	0.0	0.0	0.0	0.0	0.0	0.0	0.0	0.0	0.0	0.0	0.0	0.0	0.0	0.0	0.0	0.0	0.0	0.0	0.0	0.0	0.0	0.0	0.0	0.0	0.0	0.0	0.0	0.0	0.0	0.0	0.0	0.0	0.0	0.0	0.0	0.0	0.0	0.0	0.0	0.0	0.0	0.0	0.0	0.0	0.0	0.0	0.0	0.0	0.0	0.0	0.0	0.0	0.0	0.0	0.0	0.0	29.497219229819173	-1.1027807701808288	0.1259486995614683	-0.5097229514647796	33.236436468819164	0.2802242186345822	0.044668372108807725	-0.8753401174624938	0.010381447134672567
307.0	307.4618	2600.0	2587.7582657002345	-0.5634437371253017	0.13286919176450854	28.40178966660779	-89.38793932112821	17.918808212230033	-79.35193717151759	120.86363107526125	-68.59180753596775	-60.05373695927119	-79.35193717151755	120.86363107526203	6.696915915392776e-15	0.0	6.696915915392776e-15	-0.7316415148599203	-0.1814192388572542	-0.5476515610206706	-9.623417475892198	0.6233742573982779	0.31820426005628843	1.2066943097909948	0.0	0.0	0.0	0.0	0.0	0.0	0.0	0.0	0.0	0.0	0.0	0.0	0.0	0.0	0.0	0.0	0.0	0.0	0.0	0.0	0.0	0.0	0.0	0.0	0.0	0.0	0.0	0.0	0.0	0.0	0.0	0.0	0.0	0.0	0.0	0.0	0.0	0.0	0.0	0.0	0.0	0.0	0.0	0.0	0.0	0.0	0.0	0.0	31144.69862185724	-1521.041210258641	57.110160407507045	31181.87101794956	-30344.04973518632	661.7457316612243	-7144.782569750719	31180.878430760207	0.0	0.0	0.0	0.0	0.0	0.0	0.0	0.0	0.0	0.0	0.0	0.0	0.0	0.0	0.0	0.0	0.0	0.0	0.0	0.0	0.0	0.0	0.0	0.0	0.0	0.0	0.0	0.0	30386.158239714066	-2176.9341074683853	6647.52021709186	31180.878430760207	0.0	0.0	0.0	0.0	0.0	0.0	0.0	0.0	0.0	0.0	0.0	0.0	0.0	0.0	0.0	0.0	0.0	0.0	0.0	0.0	0.0	0.0	0.0	0.0	0.0	0.0	0.0	0.0	0.0	0.0	0.0	0.0	0.0	0.0	0.0	0.0	0.0	0.0	0.0	0.0	0.0	0.0	0.0	0.0	0.0	0.0	0.0	0.0	0.0	0.0	0.0	0.0	0.0	0.0	0.0	0.0	0.0	0.0	0.0	0.0	0.0	0.0	0.0	0.0	0.0	0.0	0.0	0.0	0.0	0.0	0.0	0.0	0.0	0.0	0.0	0.0	0.0	0.0	0.0	0.0	0.0	0.0	0.0	0.0	0.0	0.0	0.0	0.0	0.0	0.0	0.0	0.0	0.0	0.0	0.0	0.0	0.0	0.0	0.0	0.0	29.45866358570695	-1.1413364142930433	0.12584393632619653	-0.5117543560492268	33.347292149211704	0.280171354509136	0.04472316976817369	-0.911826446480283	0.010276662878471291
308.0	308.4619	2600.0	2587.4478109353277	-0.5680310758754189	0.11361295277587606	28.39817402468139	-91.47105533783177	41.437079985911616	-95.82954602636542	138.80665493410177	-89.34063665474606	-45.85014944905196	-95.82954602636538	138.80665493410257	0.0	0.0	0.0	-0.2972048121390842	0.2461924158111062	-0.5470452781039953	-9.831403421021434	0.6183702027641443	0.3256716789056806	1.20970381190098	0.0	0.0	0.0	0.0	0.0	0.0	0.0	0.0	0.0	0.0	0.0	0.0	0.0	0.0	0.0	0.0	0.0	0.0	0.0	0.0	0.0	0.0	0.0	0.0	0.0	0.0	0.0	0.0	0.0	0.0	0.0	0.0	0.0	0.0	0.0	0.0	0.0	0.0	0.0	0.0	0.0	0.0	0.0	0.0	0.0	0.0	0.0	0.0	30771.805641024697	-1501.266431596359	64.76186642135691	30808.47314306536	-29995.363855551022	641.9252622937644	-6998.007565087148	30807.5645053335	0.0	0.0	0.0	0.0	0.0	0.0	0.0	0.0	0.0	0.0	0.0	0.0	0.0	0.0	0.0	0.0	0.0	0.0	0.0	0.0	0.0	0.0	0.0	0.0	0.0	0.0	0.0	0.0	30036.407250378452	-2151.0886352622915	6503.313610994187	30807.5645053335	0.0	0.0	0.0	0.0	0.0	0.0	0.0	0.0	0.0	0.0	0.0	0.0	0.0	0.0	0.0	0.0	0.0	0.0	0.0	0.0	0.0	0.0	0.0	0.0	0.0	0.0	0.0	0.0	0.0	0.0	0.0	0.0	0.0	0.0	0.0	0.0	0.0	0.0	0.0	0.0	0.0	0.0	0.0	0.0	0.0	0.0	0.0	0.0	0.0	0.0	0.0	0.0	0.0	0.0	0.0	0.0	0.0	0.0	0.0	0.0	0.0	0.0	0.0	0.0	0.0	0.0	0.0	0.0	0.0	0.0	0.0	0.0	0.0	0.0	0.0	0.0	0.0	0.0	0.0	0.0	0.0	0.0	0.0	0.0	0.0	0.0	0.0	0.0	0.0	0.0	0.0	0.0	0.0	0.0	0.0	0.0	0.0	0.0	0.0	0.0	29.420103703343177	-1.179896296656821	0.12561844244021825	-0.5136344054269867	33.45630992007562	0.28011848890326135	0.044762739019813	-0.9484662052385929	0.01017434072300594
309.0	309.462	2600.0	2587.19067513202	-0.5720120169857059	0.09456838738727615	28.39423843793205	-93.33134565605722	61.419029244385456	-79.37637687719808	137.05344374164446	-106.73659281679281	-33.02025119764585	-79.37637687719806	137.05344374164574	0.0	0.0	0.0	0.13734495627225574	0.673253823118215	-0.5463233502001895	-10.036140309905809	0.6145023402472443	0.33337081554899894	1.2126767521231663	0.0	0.0	0.0	0.0	0.0	0.0	0.0	0.0	0.0	0.0	0.0	0.0	0.0	0.0	0.0	0.0	0.0	0.0	0.0	0.0	0.0	0.0	0.0	0.0	0.0	0.0	0.0	0.0	0.0	0.0	0.0	0.0	0.0	0.0	0.0	0.0	0.0	0.0	0.0	0.0	0.0	0.0	0.0	0.0	0.0	0.0	0.0	0.0	30358.131487736184	-1479.577582984879	63.98001564064096	30394.232852519115	-29612.014965480343	625.9657231166477	-6818.470817771515	30393.334922235015	0.0	0.0	0.0	0.0	0.0	0.0	0.0	0.0	0.0	0.0	0.0	0.0	0.0	0.0	0.0	0.0	0.0	0.0	0.0	0.0	0.0	0.0	0.0	0.0	0.0	0.0	0.0	0.0	29651.671995446628	-2122.1863865016257	6326.885530064822	30393.334922235015	0.0	0.0	0.0	0.0	0.0	0.0	0.0	0.0	0.0	0.0	0.0	0.0	0.0	0.0	0.0	0.0	0.0	0.0	0.0	0.0	0.0	0.0	0.0	0.0	0.0	0.0	0.0	0.0	0.0	0.0	0.0	0.0	0.0	0.0	0.0	0.0	0.0	0.0	0.0	0.0	0.0	0.0	0.0	0.0	0.0	0.0	0.0	0.0	0.0	0.0	0.0	0.0	0.0	0.0	0.0	0.0	0.0	0.0	0.0	0.0	0.0	0.0	0.0	0.0	0.0	0.0	0.0	0.0	0.0	0.0	0.0	0.0	0.0	0.0	0.0	0.0	0.0	0.0	0.0	0.0	0.0	0.0	0.0	0.0	0.0	0.0	0.0	0.0	0.0	0.0	0.0	0.0	0.0	0.0	0.0	0.0	0.0	0.0	0.0	0.0	29.38160019731993	-1.2183998026800713	0.12530197939346016	-0.5154813863845088	33.563534269656145	0.28006562286122755	0.044787777913019876	-0.9850817283803748	0.010053093977051538
310.0	310.462	2600.0	2586.9015391338653	-0.5753930228754485	0.07559076015089651	28.38996813805662	-94.94176087604137	52.17537005160102	-42.9637642930589	116.54223372020313	-101.30879856505996	-38.37622351884783	-42.963764293058865	116.54223372020117	0.0	0.0	0.0	0.5716443804687928	1.0995763454763585	-0.5456603905480342	-10.237814757672238	0.6114335599029043	0.3409640235370583	1.2152108770511123	0.0	0.0	0.0	0.0	0.0	0.0	0.0	0.0	0.0	0.0	0.0	0.0	0.0	0.0	0.0	0.0	0.0	0.0	0.0	0.0	0.0	0.0	0.0	0.0	0.0	0.0	0.0	0.0	0.0	0.0	0.0	0.0	0.0	0.0	0.0	0.0	0.0	0.0	0.0	0.0	0.0	0.0	0.0	0.0	0.0	0.0	0.0	0.0	30077.885680041305	-1464.64076287673	72.07974691226283	30113.61112579872	-29353.241278363606	609.7068702179118	-6692.487632814122	30112.68680687245	0.0	0.0	0.0	0.0	0.0	0.0	0.0	0.0	0.0	0.0	0.0	0.0	0.0	0.0	0.0	0.0	0.0	0.0	0.0	0.0	0.0	0.0	0.0	0.0	0.0	0.0	0.0	0.0	29391.895475191697	-2102.68652574759	6202.346046346968	30112.68680687245	0.0	0.0	0.0	0.0	0.0	0.0	0.0	0.0	0.0	0.0	0.0	0.0	0.0	0.0	0.0	0.0	0.0	0.0	0.0	0.0	0.0	0.0	0.0	0.0	0.0	0.0	0.0	0.0	0.0	0.0	0.0	0.0	0.0	0.0	0.0	0.0	0.0	0.0	0.0	0.0	0.0	0.0	0.0	0.0	0.0	0.0	0.0	0.0	0.0	0.0	0.0	0.0	0.0	0.0	0.0	0.0	0.0	0.0	0.0	0.0	0.0	0.0	0.0	0.0	0.0	0.0	0.0	0.0	0.0	0.0	0.0	0.0	0.0	0.0	0.0	0.0	0.0	0.0	0.0	0.0	0.0	0.0	0.0	0.0	0.0	0.0	0.0	0.0	0.0	0.0	0.0	0.0	0.0	0.0	0.0	0.0	0.0	0.0	0.0	0.0	29.34303184593253	-1.256968154067472	0.12491915727182856	-0.5171244883189298	33.6688171363231	0.2800127562051335	0.04480493605277367	-1.021964350957355	0.00994725957052738
311.0	311.4621	2600.0	2586.76939583572	-0.5780343949997871	0.05635761293975516	28.38528105186925	-96.43395862070611	70.31615016426714	-53.28156504018652	130.70116496158496	-116.5457915458701	-25.708905502386187	-53.28156504018649	130.7011649615857	2.117919218745808e-15	0.0	2.117919218745808e-15	1.0056824105600704	1.5248212434230113	-0.5447234157012572	-10.436252029124379	0.6100589382511509	0.3487056307440404	1.2180784638749018	0.0	0.0	0.0	0.0	0.0	0.0	0.0	0.0	0.0	0.0	0.0	0.0	0.0	0.0	0.0	0.0	0.0	0.0	0.0	0.0	0.0	0.0	0.0	0.0	0.0	0.0	0.0	0.0	0.0	0.0	0.0	0.0	0.0	0.0	0.0	0.0	0.0	0.0	0.0	0.0	0.0	0.0	0.0	0.0	0.0	0.0	0.0	0.0	30069.88315774245	-1462.7336956103209	64.67276856418017	30105.5085582614	-29371.76303050332	608.4756873705787	-6574.386868442498	30104.705095351994	0.0	0.0	0.0	0.0	0.0	0.0	0.0	0.0	0.0	0.0	0.0	0.0	0.0	0.0	0.0	0.0	0.0	0.0	0.0	0.0	0.0	0.0	0.0	0.0	0.0	0.0	0.0	0.0	29409.18898391605	-2101.9995146523556	6080.663633751228	30104.705095351994	0.0	0.0	0.0	0.0	0.0	0.0	0.0	0.0	0.0	0.0	0.0	0.0	0.0	0.0	0.0	0.0	0.0	0.0	0.0	0.0	0.0	0.0	0.0	0.0	0.0	0.0	0.0	0.0	0.0	0.0	0.0	0.0	0.0	0.0	0.0	0.0	0.0	0.0	0.0	0.0	0.0	0.0	0.0	0.0	0.0	0.0	0.0	0.0	0.0	0.0	0.0	0.0	0.0	0.0	0.0	0.0	0.0	0.0	0.0	0.0	0.0	0.0	0.0	0.0	0.0	0.0	0.0	0.0	0.0	0.0	0.0	0.0	0.0	0.0	0.0	0.0	0.0	0.0	0.0	0.0	0.0	0.0	0.0	0.0	0.0	0.0	0.0	0.0	0.0	0.0	0.0	0.0	0.0	0.0	0.0	0.0	0.0	0.0	0.0	0.0	29.30410261228011	-1.2958973877198896	0.12457999572208926	-0.5189213165197739	33.77218495215561	0.279959888589932	0.04483516980244436	-1.0590560011673453	0.009784815621098812
312.0	312.4623	2600.0	2586.885430212803	-0.5798868968416844	0.036846651171148555	28.380170116821493	-95.84554086384378	59.452442770560076	-36.39469976246949	118.51385921346821	-108.56513315033952	-30.570778840556155	-36.394699762469465	118.51385921346686	0.0	0.0	0.0	1.4388260569007403	1.948828671909222	-0.543982099483237	-10.631520599542208	0.6099298963296839	0.35636339304818776	1.2208966695500736	0.0	0.0	0.0	0.0	0.0	0.0	0.0	0.0	0.0	0.0	0.0	0.0	0.0	0.0	0.0	0.0	0.0	0.0	0.0	0.0	0.0	0.0	0.0	0.0	0.0	0.0	0.0	0.0	0.0	0.0	0.0	0.0	0.0	0.0	0.0	0.0	0.0	0.0	0.0	0.0	0.0	0.0	0.0	0.0	0.0	0.0	0.0	0.0	30077.053437633513	-1461.6712110298408	69.07101226660372	30112.628530637285	-29398.68422322984	603.191780924975	-6486.354413456425	30111.779554830755	0.0	0.0	0.0	0.0	0.0	0.0	0.0	0.0	0.0	0.0	0.0	0.0	0.0	0.0	0.0	0.0	0.0	0.0	0.0	0.0	0.0	0.0	0.0	0.0	0.0	0.0	0.0	0.0	29435.14102014667	-2102.435048550205	5989.2827575119645	30111.779554830755	0.0	0.0	0.0	0.0	0.0	0.0	0.0	0.0	0.0	0.0	0.0	0.0	0.0	0.0	0.0	0.0	0.0	0.0	0.0	0.0	0.0	0.0	0.0	0.0	0.0	0.0	0.0	0.0	0.0	0.0	0.0	0.0	0.0	0.0	0.0	0.0	0.0	0.0	0.0	0.0	0.0	0.0	0.0	0.0	0.0	0.0	0.0	0.0	0.0	0.0	0.0	0.0	0.0	0.0	0.0	0.0	0.0	0.0	0.0	0.0	0.0	0.0	0.0	0.0	0.0	0.0	0.0	0.0	0.0	0.0	0.0	0.0	0.0	0.0	0.0	0.0	0.0	0.0	0.0	0.0	0.0	0.0	0.0	0.0	0.0	0.0	0.0	0.0	0.0	0.0	0.0	0.0	0.0	0.0	0.0	0.0	0.0	0.0	0.0	0.0	29.264815139619156	-1.3351848603808458	0.12430474269522758	-0.520707270310774	33.873384994860245	0.27990701841103655	0.044853764286915856	-1.096516905708342	0.009677657210026022
313.0	313.4624	2600.0	2586.68582949944	-0.58095133772896	0.017145045552655863	28.374661209757633	-96.66616754391362	50.914637843499804	-22.079084256545087	111.46360058768217	-103.44972086914278	-35.139771576654304	-22.079084256545055	111.46360058768339	1.4278392856516664e-15	0.0	1.4278392856516664e-15	1.8712604677480944	2.3715514116802687	-0.5431980778099542	-10.823274682632153	0.6115544211410362	0.3643222008213485	1.2241332774989884	0.0	0.0	0.0	0.0	0.0	0.0	0.0	0.0	0.0	0.0	0.0	0.0	0.0	0.0	0.0	0.0	0.0	0.0	0.0	0.0	0.0	0.0	0.0	0.0	0.0	0.0	0.0	0.0	0.0	0.0	0.0	0.0	0.0	0.0	0.0	0.0	0.0	0.0	0.0	0.0	0.0	0.0	0.0	0.0	0.0	0.0	0.0	0.0	30079.508312232476	-1460.5346096617943	69.10053920834191	30115.025428118126	-29420.343030807308	598.0695698638254	-6399.1203672176425	30114.166313130918	0.0	0.0	0.0	0.0	0.0	0.0	0.0	0.0	0.0	0.0	0.0	0.0	0.0	0.0	0.0	0.0	0.0	0.0	0.0	0.0	0.0	0.0	0.0	0.0	0.0	0.0	0.0	0.0	29455.781961389883	-2103.0408851581583	5898.910137756017	30114.166313130918	0.0	0.0	0.0	0.0	0.0	0.0	0.0	0.0	0.0	0.0	0.0	0.0	0.0	0.0	0.0	0.0	0.0	0.0	0.0	0.0	0.0	0.0	0.0	0.0	0.0	0.0	0.0	0.0	0.0	0.0	0.0	0.0	0.0	0.0	0.0	0.0	0.0	0.0	0.0	0.0	0.0	0.0	0.0	0.0	0.0	0.0	0.0	0.0	0.0	0.0	0.0	0.0	0.0	0.0	0.0	0.0	0.0	0.0	0.0	0.0	0.0	0.0	0.0	0.0	0.0	0.0	0.0	0.0	0.0	0.0	0.0	0.0	0.0	0.0	0.0	0.0	0.0	0.0	0.0	0.0	0.0	0.0	0.0	0.0	0.0	0.0	0.0	0.0	0.0	0.0	0.0	0.0	0.0	0.0	0.0	0.0	0.0	0.0	0.0	0.0	29.225280393656245	-1.3747196063437528	0.12408919131249833	-0.5226852244347759	33.97254556731581	0.27985414379657725	0.044865266010989224	-1.1340345023655338	0.00955611646039998
314.0	314.4625	2600.0	2586.782236025241	-0.5812507799758188	-0.0026716360880824196	28.368784180414057	-96.40815469383597	48.533871671481386	-17.17749236882156	109.29380236305876	-102.1674009982271	-34.812227222086214	-17.177492368821532	109.29380236305997	0.0	0.0	0.0	2.3029887706749137	2.7929195292880324	-0.5422926560335505	-11.011574622137148	0.6145094883237833	0.37237905447879954	1.227412760098508	0.0	0.0	0.0	0.0	0.0	0.0	0.0	0.0	0.0	0.0	0.0	0.0	0.0	0.0	0.0	0.0	0.0	0.0	0.0	0.0	0.0	0.0	0.0	0.0	0.0	0.0	0.0	0.0	0.0	0.0	0.0	0.0	0.0	0.0	0.0	0.0	0.0	0.0	0.0	0.0	0.0	0.0	0.0	0.0	0.0	0.0	0.0	0.0	30079.937658105417	-1458.5089269671735	66.44610058377228	30115.350120658302	-29442.6958368498	595.3581702032463	-6296.994386902441	30114.4305574713	0.0	0.0	0.0	0.0	0.0	0.0	0.0	0.0	0.0	0.0	0.0	0.0	0.0	0.0	0.0	0.0	0.0	0.0	0.0	0.0	0.0	0.0	0.0	0.0	0.0	0.0	0.0	0.0	29476.936483241112	-2102.9069397636504	5793.697072373146	30114.4305574713	0.0	0.0	0.0	0.0	0.0	0.0	0.0	0.0	0.0	0.0	0.0	0.0	0.0	0.0	0.0	0.0	0.0	0.0	0.0	0.0	0.0	0.0	0.0	0.0	0.0	0.0	0.0	0.0	0.0	0.0	0.0	0.0	0.0	0.0	0.0	0.0	0.0	0.0	0.0	0.0	0.0	0.0	0.0	0.0	0.0	0.0	0.0	0.0	0.0	0.0	0.0	0.0	0.0	0.0	0.0	0.0	0.0	0.0	0.0	0.0	0.0	0.0	0.0	0.0	0.0	0.0	0.0	0.0	0.0	0.0	0.0	0.0	0.0	0.0	0.0	0.0	0.0	0.0	0.0	0.0	0.0	0.0	0.0	0.0	0.0	0.0	0.0	0.0	0.0	0.0	0.0	0.0	0.0	0.0	0.0	0.0	0.0	0.0	0.0	0.0	29.1855976093026	-1.4144023906973968	0.12390182737455432	-0.5246849985550953	34.06968611925191	0.27980124367244175	0.04488333450256145	-1.1716792394918645	0.009395288677520798
315.0	315.4626	2600.0	2586.6414352040224	-0.5807592251554675	-0.022512876626888598	28.3625632177617	-97.51252971847862	46.27200068352613	-24.08063692016271	110.58783194291368	-101.96020924313237	-35.41055252957813	-24.080636920162686	110.58783194291334	6.005305631003761e-15	0.0	6.005305631003761e-15	2.733782682436994	3.2127022516005765	-0.5412504007366177	-11.196202717806932	0.6190867458677171	0.38075010754965793	1.2310046153202614	0.0	0.0	0.0	0.0	0.0	0.0	0.0	0.0	0.0	0.0	0.0	0.0	0.0	0.0	0.0	0.0	0.0	0.0	0.0	0.0	0.0	0.0	0.0	0.0	0.0	0.0	0.0	0.0	0.0	0.0	0.0	0.0	0.0	0.0	0.0	0.0	0.0	0.0	0.0	0.0	0.0	0.0	0.0	0.0	0.0	0.0	0.0	0.0	30078.920831548305	-1456.507241285835	68.06602178073472	30114.241227661532	-29462.033259151864	591.5309630706915	-6200.9863262686895	30113.344949743027	0.0	0.0	0.0	0.0	0.0	0.0	0.0	0.0	0.0	0.0	0.0	0.0	0.0	0.0	0.0	0.0	0.0	0.0	0.0	0.0	0.0	0.0	0.0	0.0	0.0	0.0	0.0	0.0	29495.077727491098	-2102.6132525222356	5694.9935401008115	30113.344949743027	0.0	0.0	0.0	0.0	0.0	0.0	0.0	0.0	0.0	0.0	0.0	0.0	0.0	0.0	0.0	0.0	0.0	0.0	0.0	0.0	0.0	0.0	0.0	0.0	0.0	0.0	0.0	0.0	0.0	0.0	0.0	0.0	0.0	0.0	0.0	0.0	0.0	0.0	0.0	0.0	0.0	0.0	0.0	0.0	0.0	0.0	0.0	0.0	0.0	0.0	0.0	0.0	0.0	0.0	0.0	0.0	0.0	0.0	0.0	0.0	0.0	0.0	0.0	0.0	0.0	0.0	0.0	0.0	0.0	0.0	0.0	0.0	0.0	0.0	0.0	0.0	0.0	0.0	0.0	0.0	0.0	0.0	0.0	0.0	0.0	0.0	0.0	0.0	0.0	0.0	0.0	0.0	0.0	0.0	0.0	0.0	0.0	0.0	0.0	0.0	29.145880778993938	-1.45411922100606	0.12375231343468704	-0.5268255579810054	34.164753668298644	0.27974836938340236	0.04491423101138272	-1.2092185640343232	0.00922877975479921
316.0	316.4626	2600.0	2586.96658999086	-0.5795044023661032	-0.042325044940899635	28.35602759462386	-94.8144500313356	41.57469237951591	-15.638930609604287	104.70344374378537	-97.37114895365809	-35.17235182128934	-15.638930609604245	104.70344374378547	-2.5251068958275177e-15	0.0	-2.5251068958275177e-15	3.1636222857752205	3.631150333445124	-0.5403410394246002	-11.377348763392334	0.6247828660923697	0.3890936874115173	1.234489569511103	0.0	0.0	0.0	0.0	0.0	0.0	0.0	0.0	0.0	0.0	0.0	0.0	0.0	0.0	0.0	0.0	0.0	0.0	0.0	0.0	0.0	0.0	0.0	0.0	0.0	0.0	0.0	0.0	0.0	0.0	0.0	0.0	0.0	0.0	0.0	0.0	0.0	0.0	0.0	0.0	0.0	0.0	0.0	0.0	0.0	0.0	0.0	0.0	30081.579956938665	-1454.5051885122593	64.8428514431494	30116.7933659028	-29487.70980809406	591.2412442911727	-6091.103553586525	30116.0445350287	0.0	0.0	0.0	0.0	0.0	0.0	0.0	0.0	0.0	0.0	0.0	0.0	0.0	0.0	0.0	0.0	0.0	0.0	0.0	0.0	0.0	0.0	0.0	0.0	0.0	0.0	0.0	0.0	29519.40651603643	-2102.7206353431693	5582.0554732570945	30116.0445350287	0.0	0.0	0.0	0.0	0.0	0.0	0.0	0.0	0.0	0.0	0.0	0.0	0.0	0.0	0.0	0.0	0.0	0.0	0.0	0.0	0.0	0.0	0.0	0.0	0.0	0.0	0.0	0.0	0.0	0.0	0.0	0.0	0.0	0.0	0.0	0.0	0.0	0.0	0.0	0.0	0.0	0.0	0.0	0.0	0.0	0.0	0.0	0.0	0.0	0.0	0.0	0.0	0.0	0.0	0.0	0.0	0.0	0.0	0.0	0.0	0.0	0.0	0.0	0.0	0.0	0.0	0.0	0.0	0.0	0.0	0.0	0.0	0.0	0.0	0.0	0.0	0.0	0.0	0.0	0.0	0.0	0.0	0.0	0.0	0.0	0.0	0.0	0.0	0.0	0.0	0.0	0.0	0.0	0.0	0.0	0.0	0.0	0.0	0.0	0.0	29.1062075004155	-1.4937924995845042	0.12362192043975377	-0.5289196659436973	34.257750861775094	0.27969547703868447	0.044941521732247997	-1.2467609753340598	0.009076302033332883
317.0	317.4626	2600.0	2586.787821304838	-0.5774872494115753	-0.06209527597923958	28.349193382221465	-96.47151299859252	34.966606367750494	-6.880586786818185	102.84337049924876	-94.72359342893469	-39.457030159715934	-6.880586786818141	102.84337049924896	0.0	0.0	0.0	3.5922210946309363	4.047810094840944	-0.5393758759856111	-11.554742433205012	0.6320099396827091	0.3976935300782538	1.2382215999592763	0.0	0.0	0.0	0.0	0.0	0.0	0.0	0.0	0.0	0.0	0.0	0.0	0.0	0.0	0.0	0.0	0.0	0.0	0.0	0.0	0.0	0.0	0.0	0.0	0.0	0.0	0.0	0.0	0.0	0.0	0.0	0.0	0.0	0.0	0.0	0.0	0.0	0.0	0.0	0.0	0.0	0.0	0.0	0.0	0.0	0.0	0.0	0.0	30083.78899608727	-1454.5791467798097	77.76309842435148	30119.033981102795	-29506.649598542877	587.029612937696	-6009.81399204522	30118.181195361703	0.0	0.0	0.0	0.0	0.0	0.0	0.0	0.0	0.0	0.0	0.0	0.0	0.0	0.0	0.0	0.0	0.0	0.0	0.0	0.0	0.0	0.0	0.0	0.0	0.0	0.0	0.0	0.0	29537.201742669396	-2104.35771148354	5498.202465497872	30118.181195361703	0.0	0.0	0.0	0.0	0.0	0.0	0.0	0.0	0.0	0.0	0.0	0.0	0.0	0.0	0.0	0.0	0.0	0.0	0.0	0.0	0.0	0.0	0.0	0.0	0.0	0.0	0.0	0.0	0.0	0.0	0.0	0.0	0.0	0.0	0.0	0.0	0.0	0.0	0.0	0.0	0.0	0.0	0.0	0.0	0.0	0.0	0.0	0.0	0.0	0.0	0.0	0.0	0.0	0.0	0.0	0.0	0.0	0.0	0.0	0.0	0.0	0.0	0.0	0.0	0.0	0.0	0.0	0.0	0.0	0.0	0.0	0.0	0.0	0.0	0.0	0.0	0.0	0.0	0.0	0.0	0.0	0.0	0.0	0.0	0.0	0.0	0.0	0.0	0.0	0.0	0.0	0.0	0.0	0.0	0.0	0.0	0.0	0.0	0.0	0.0	29.066614547011532	-1.5333854529884687	0.1235216462527393	-0.5311228187533996	34.348608282918285	0.27964260895687665	0.0449636271925305	-1.2841143819277743	0.008928767434537419
318.0	318.4625	2600.0	2586.9357942415977	-0.5747422792487066	-0.08180824719874516	28.342084079325158	-94.87572524397909	39.443166228093105	-20.075518319838288	104.69094057499989	-97.17173549623475	-33.38892665716775	-20.075518319838235	104.69094057499959	3.387766800455701e-15	0.0	3.387766800455701e-15	4.019743573046069	4.46303040537637	-0.5385384588811951	-11.728566600249392	0.6403922321673713	0.40623989498401786	1.2418586105127687	0.0	0.0	0.0	0.0	0.0	0.0	0.0	0.0	0.0	0.0	0.0	0.0	0.0	0.0	0.0	0.0	0.0	0.0	0.0	0.0	0.0	0.0	0.0	0.0	0.0	0.0	0.0	0.0	0.0	0.0	0.0	0.0	0.0	0.0	0.0	0.0	0.0	0.0	0.0	0.0	0.0	0.0	0.0	0.0	0.0	0.0	0.0	0.0	30081.132914304024	-1450.9174385399433	71.60901991030364	30116.189112721702	-29526.768113475096	586.4556472606026	-5895.985637360234	30115.388293845583	0.0	0.0	0.0	0.0	0.0	0.0	0.0	0.0	0.0	0.0	0.0	0.0	0.0	0.0	0.0	0.0	0.0	0.0	0.0	0.0	0.0	0.0	0.0	0.0	0.0	0.0	0.0	0.0	29555.894390596284	-2102.695779288947	5381.857422932288	30115.388293845583	0.0	0.0	0.0	0.0	0.0	0.0	0.0	0.0	0.0	0.0	0.0	0.0	0.0	0.0	0.0	0.0	0.0	0.0	0.0	0.0	0.0	0.0	0.0	0.0	0.0	0.0	0.0	0.0	0.0	0.0	0.0	0.0	0.0	0.0	0.0	0.0	0.0	0.0	0.0	0.0	0.0	0.0	0.0	0.0	0.0	0.0	0.0	0.0	0.0	0.0	0.0	0.0	0.0	0.0	0.0	0.0	0.0	0.0	0.0	0.0	0.0	0.0	0.0	0.0	0.0	0.0	0.0	0.0	0.0	0.0	0.0	0.0	0.0	0.0	0.0	0.0	0.0	0.0	0.0	0.0	0.0	0.0	0.0	0.0	0.0	0.0	0.0	0.0	0.0	0.0	0.0	0.0	0.0	0.0	0.0	0.0	0.0	0.0	0.0	0.0	29.027140898182957	-1.572859101817045	0.12343208681976733	-0.5332813748884215	34.43740841567132	0.2795897411482813	0.04498085707119687	-1.3213934552526663	0.00880987263559184
319.0	319.4624	2600.0	2586.5372829431362	-0.5712150807296735	-0.10144038449568954	28.334708493253434	-98.30124129378237	23.791650253466287	0.6592187978439057	101.14154058103483	-90.17028085942727	-45.809356155856214	0.6592187978439341	101.1415405810368	0.0	0.0	0.0	4.445996558549933	4.876381955515382	-0.5375652668128978	-11.898416087853747	0.650474875413633	0.41517316172269103	1.2459289128300879	0.0	0.0	0.0	0.0	0.0	0.0	0.0	0.0	0.0	0.0	0.0	0.0	0.0	0.0	0.0	0.0	0.0	0.0	0.0	0.0	0.0	0.0	0.0	0.0	0.0	0.0	0.0	0.0	0.0	0.0	0.0	0.0	0.0	0.0	0.0	0.0	0.0	0.0	0.0	0.0	0.0	0.0	0.0	0.0	0.0	0.0	0.0	0.0	30124.27709030144	-1451.0270192511507	72.88883097773206	30159.291477180595	-29588.912336259717	585.7565194210655	-5804.259610967176	30158.519087886452	0.0	0.0	0.0	0.0	0.0	0.0	0.0	0.0	0.0	0.0	0.0	0.0	0.0	0.0	0.0	0.0	0.0	0.0	0.0	0.0	0.0	0.0	0.0	0.0	0.0	0.0	0.0	0.0	29616.702501031006	-2105.751979479654	5287.061106205677	30158.519087886452	0.0	0.0	0.0	0.0	0.0	0.0	0.0	0.0	0.0	0.0	0.0	0.0	0.0	0.0	0.0	0.0	0.0	0.0	0.0	0.0	0.0	0.0	0.0	0.0	0.0	0.0	0.0	0.0	0.0	0.0	0.0	0.0	0.0	0.0	0.0	0.0	0.0	0.0	0.0	0.0	0.0	0.0	0.0	0.0	0.0	0.0	0.0	0.0	0.0	0.0	0.0	0.0	0.0	0.0	0.0	0.0	0.0	0.0	0.0	0.0	0.0	0.0	0.0	0.0	0.0	0.0	0.0	0.0	0.0	0.0	0.0	0.0	0.0	0.0	0.0	0.0	0.0	0.0	0.0	0.0	0.0	0.0	0.0	0.0	0.0	0.0	0.0	0.0	0.0	0.0	0.0	0.0	0.0	0.0	0.0	0.0	0.0	0.0	0.0	0.0	28.98783466259753	-1.612165337402473	0.12337379625806973	-0.5356274621364797	34.52412965674334	0.2795368714619838	0.04501135755193546	-1.358319089805374	0.008644321834184423
320.0	320.4622	2600.0	2586.5243355001003	-0.5669002662603009	-0.12101509755145232	28.327075744773516	-98.88156269137109	19.66378543619976	5.6387182270698295	100.97535858422457	-88.77560513066962	-47.78200321932673	5.638718227069886	100.97535858422397	0.0	0.0	0.0	4.8708248812147925	5.287941291514097	-0.5366844414133176	-12.06476257170841	0.6612819538396075	0.4237922367046713	1.249717618500522	0.0	0.0	0.0	0.0	0.0	0.0	0.0	0.0	0.0	0.0	0.0	0.0	0.0	0.0	0.0	0.0	0.0	0.0	0.0	0.0	0.0	0.0	0.0	0.0	0.0	0.0	0.0	0.0	0.0	0.0	0.0	0.0	0.0	0.0	0.0	0.0	0.0	0.0	0.0	0.0	0.0	0.0	0.0	0.0	0.0	0.0	0.0	0.0	30071.126029943898	-1446.6107566839419	74.90108257208153	30105.994644958897	-29557.19312496844	584.8481095603674	-5688.444205708684	30105.28375915761	0.0	0.0	0.0	0.0	0.0	0.0	0.0	0.0	0.0	0.0	0.0	0.0	0.0	0.0	0.0	0.0	0.0	0.0	0.0	0.0	0.0	0.0	0.0	0.0	0.0	0.0	0.0	0.0	29583.50013277521	-2102.0008584604216	5169.74104811061	30105.28375915761	0.0	0.0	0.0	0.0	0.0	0.0	0.0	0.0	0.0	0.0	0.0	0.0	0.0	0.0	0.0	0.0	0.0	0.0	0.0	0.0	0.0	0.0	0.0	0.0	0.0	0.0	0.0	0.0	0.0	0.0	0.0	0.0	0.0	0.0	0.0	0.0	0.0	0.0	0.0	0.0	0.0	0.0	0.0	0.0	0.0	0.0	0.0	0.0	0.0	0.0	0.0	0.0	0.0	0.0	0.0	0.0	0.0	0.0	0.0	0.0	0.0	0.0	0.0	0.0	0.0	0.0	0.0	0.0	0.0	0.0	0.0	0.0	0.0	0.0	0.0	0.0	0.0	0.0	0.0	0.0	0.0	0.0	0.0	0.0	0.0	0.0	0.0	0.0	0.0	0.0	0.0	0.0	0.0	0.0	0.0	0.0	0.0	0.0	0.0	0.0	28.94869867433897	-1.651301325661024	0.12330711455182174	-0.5378363309371286	34.608695649092624	0.27948400060434897	0.045037283326638956	-1.3952111255137825	0.008493392315876102
321.0	321.4618	2600.0	2586.3535902451117	-0.5618867448231537	-0.14045014224577854	28.31923487988535	-100.46110570841849	19.321427699971533	1.7657184188813206	102.31749161339928	-90.61795041100959	-47.477767342519655	1.7657184188813775	102.31749161339617	0.0	0.0	0.0	5.294195441352159	5.697630271748352	-0.5358300266406625	-12.227298969678408	0.6737621357200052	0.432520752465055	1.2539444814728216	0.0	0.0	0.0	0.0	0.0	0.0	0.0	0.0	0.0	0.0	0.0	0.0	0.0	0.0	0.0	0.0	0.0	0.0	0.0	0.0	0.0	0.0	0.0	0.0	0.0	0.0	0.0	0.0	0.0	0.0	0.0	0.0	0.0	0.0	0.0	0.0	0.0	0.0	0.0	0.0	0.0	0.0	0.0	0.0	0.0	0.0	0.0	0.0	30047.96447374229	-1443.6804699936347	75.88557269270459	30082.721634434318	-29554.456538234866	585.2243189720567	-5578.271023329952	30081.979595492918	0.0	0.0	0.0	0.0	0.0	0.0	0.0	0.0	0.0	0.0	0.0	0.0	0.0	0.0	0.0	0.0	0.0	0.0	0.0	0.0	0.0	0.0	0.0	0.0	0.0	0.0	0.0	0.0	29579.259017385153	-2100.8655059881617	5057.597897405443	30081.979595492918	0.0	0.0	0.0	0.0	0.0	0.0	0.0	0.0	0.0	0.0	0.0	0.0	0.0	0.0	0.0	0.0	0.0	0.0	0.0	0.0	0.0	0.0	0.0	0.0	0.0	0.0	0.0	0.0	0.0	0.0	0.0	0.0	0.0	0.0	0.0	0.0	0.0	0.0	0.0	0.0	0.0	0.0	0.0	0.0	0.0	0.0	0.0	0.0	0.0	0.0	0.0	0.0	0.0	0.0	0.0	0.0	0.0	0.0	0.0	0.0	0.0	0.0	0.0	0.0	0.0	0.0	0.0	0.0	0.0	0.0	0.0	0.0	0.0	0.0	0.0	0.0	0.0	0.0	0.0	0.0	0.0	0.0	0.0	0.0	0.0	0.0	0.0	0.0	0.0	0.0	0.0	0.0	0.0	0.0	0.0	0.0	0.0	0.0	0.0	0.0	28.909835484518467	-1.690164515481538	0.1232434268798426	-0.5401906533833377	34.691148084120435	0.2794311053864002	0.0450510115762284	-1.4316855505319774	0.008354340719903753
322.0	322.4614	2600.0	2586.5218669344163	-0.5563009702587913	-0.1598092969934787	28.311209031968694	-99.05591833044306	10.157389347386925	36.421379552781254	106.02718709448804	-84.73454457994741	-52.30013833128032	36.42137955278131	106.0271870944896	-1.4334131535781117e-15	0.0	-1.4334131535781117e-15	5.71605873706322	6.105353416292983	-0.5349529963243522	-12.386690505255535	0.6860233112069143	0.44031735564863717	1.2569991131586673	0.0	0.0	0.0	0.0	0.0	0.0	0.0	0.0	0.0	0.0	0.0	0.0	0.0	0.0	0.0	0.0	0.0	0.0	0.0	0.0	0.0	0.0	0.0	0.0	0.0	0.0	0.0	0.0	0.0	0.0	0.0	0.0	0.0	0.0	0.0	0.0	0.0	0.0	0.0	0.0	0.0	0.0	0.0	0.0	0.0	0.0	0.0	0.0	29262.229310791772	-1404.011208942251	79.73483983754996	29296.000910651284	-28799.646646850488	569.2975064624154	-5336.264000298104	29295.382914636717	0.0	0.0	0.0	0.0	0.0	0.0	0.0	0.0	0.0	0.0	0.0	0.0	0.0	0.0	0.0	0.0	0.0	0.0	0.0	0.0	0.0	0.0	0.0	0.0	0.0	0.0	0.0	0.0	28822.44198086363	-2045.497849593046	4827.239057913836	29295.382914636717	0.0	0.0	0.0	0.0	0.0	0.0	0.0	0.0	0.0	0.0	0.0	0.0	0.0	0.0	0.0	0.0	0.0	0.0	0.0	0.0	0.0	0.0	0.0	0.0	0.0	0.0	0.0	0.0	0.0	0.0	0.0	0.0	0.0	0.0	0.0	0.0	0.0	0.0	0.0	0.0	0.0	0.0	0.0	0.0	0.0	0.0	0.0	0.0	0.0	0.0	0.0	0.0	0.0	0.0	0.0	0.0	0.0	0.0	0.0	0.0	0.0	0.0	0.0	0.0	0.0	0.0	0.0	0.0	0.0	0.0	0.0	0.0	0.0	0.0	0.0	0.0	0.0	0.0	0.0	0.0	0.0	0.0	0.0	0.0	0.0	0.0	0.0	0.0	0.0	0.0	0.0	0.0	0.0	0.0	0.0	0.0	0.0	0.0	0.0	0.0	28.871207446412367	-1.7287925535876383	0.12305517851568824	-0.5420265942867448	34.771461775517345	0.2793782026243754	0.04506233255891078	-1.4684398634946543	0.00820751718586923
323.0	323.4607	2600.0	2586.535831402805	-0.5503249251958304	-0.1792222337693609	28.30301307452594	-98.65167850120268	7.548203584148724	54.9145376246654	113.1580111657288	-83.75558562391961	-52.67001922581039	54.91453762466546	113.15801116573127	0.0	0.0	0.0	6.136278377244753	6.510897527152571	-0.5339533826816597	-12.54276382411381	0.6980671547315528	0.4472996889546354	1.2589452396426957	0.0	0.0	0.0	0.0	0.0	0.0	0.0	0.0	0.0	0.0	0.0	0.0	0.0	0.0	0.0	0.0	0.0	0.0	0.0	0.0	0.0	0.0	0.0	0.0	0.0	0.0	0.0	0.0	0.0	0.0	0.0	0.0	0.0	0.0	0.0	0.0	0.0	0.0	0.0	0.0	0.0	0.0	0.0	0.0	0.0	0.0	0.0	0.0	28647.16062083322	-1373.7281371331574	83.81147549552901	28680.201620525502	-28211.66255389823	558.3767183201165	-5128.6880776526705	28679.48970976371	0.0	0.0	0.0	0.0	0.0	0.0	0.0	0.0	0.0	0.0	0.0	0.0	0.0	0.0	0.0	0.0	0.0	0.0	0.0	0.0	0.0	0.0	0.0	0.0	0.0	0.0	0.0	0.0	28232.632769862586	-2002.506538181421	4628.341437174196	28679.48970976371	0.0	0.0	0.0	0.0	0.0	0.0	0.0	0.0	0.0	0.0	0.0	0.0	0.0	0.0	0.0	0.0	0.0	0.0	0.0	0.0	0.0	0.0	0.0	0.0	0.0	0.0	0.0	0.0	0.0	0.0	0.0	0.0	0.0	0.0	0.0	0.0	0.0	0.0	0.0	0.0	0.0	0.0	0.0	0.0	0.0	0.0	0.0	0.0	0.0	0.0	0.0	0.0	0.0	0.0	0.0	0.0	0.0	0.0	0.0	0.0	0.0	0.0	0.0	0.0	0.0	0.0	0.0	0.0	0.0	0.0	0.0	0.0	0.0	0.0	0.0	0.0	0.0	0.0	0.0	0.0	0.0	0.0	0.0	0.0	0.0	0.0	0.0	0.0	0.0	0.0	0.0	0.0	0.0	0.0	0.0	0.0	0.0	0.0	0.0	0.0	28.832711166460186	-1.7672888335398158	0.122606697196029	-0.5433443746209565	34.84963399099186	0.2793253291364847	0.04505461059671595	-1.50557574036729	0.008052335234656762
324.0	324.46	2600.0	2586.744628831231	-0.5437289037780514	-0.1984408690045668	28.294675761111375	-97.43859376322509	9.218886444665259	57.85187805287911	113.69303943548887	-84.64545956388247	-49.136682804743025	57.851878052879165	113.69303943549046	-3.0562931358532296e-15	0.0	-3.0562931358532296e-15	6.5549198955028105	6.914394297425206	-0.5328772605578405	-12.695186035935253	0.7110294734786586	0.4539685699972936	1.260657921654177	0.0	0.0	0.0	0.0	0.0	0.0	0.0	0.0	0.0	0.0	0.0	0.0	0.0	0.0	0.0	0.0	0.0	0.0	0.0	0.0	0.0	0.0	0.0	0.0	0.0	0.0	0.0	0.0	0.0	0.0	0.0	0.0	0.0	0.0	0.0	0.0	0.0	0.0	0.0	0.0	0.0	0.0	0.0	0.0	0.0	0.0	0.0	0.0	28597.43081864397	-1370.4485260748643	82.18214689716515	28630.367313309438	-28185.00784726932	565.3876314029258	-4994.599720917954	28629.711086501906	0.0	0.0	0.0	0.0	0.0	0.0	0.0	0.0	0.0	0.0	0.0	0.0	0.0	0.0	0.0	0.0	0.0	0.0	0.0	0.0	0.0	0.0	0.0	0.0	0.0	0.0	0.0	0.0	28204.296158479352	-1998.9168751022821	4492.478873382533	28629.711086501906	0.0	0.0	0.0	0.0	0.0	0.0	0.0	0.0	0.0	0.0	0.0	0.0	0.0	0.0	0.0	0.0	0.0	0.0	0.0	0.0	0.0	0.0	0.0	0.0	0.0	0.0	0.0	0.0	0.0	0.0	0.0	0.0	0.0	0.0	0.0	0.0	0.0	0.0	0.0	0.0	0.0	0.0	0.0	0.0	0.0	0.0	0.0	0.0	0.0	0.0	0.0	0.0	0.0	0.0	0.0	0.0	0.0	0.0	0.0	0.0	0.0	0.0	0.0	0.0	0.0	0.0	0.0	0.0	0.0	0.0	0.0	0.0	0.0	0.0	0.0	0.0	0.0	0.0	0.0	0.0	0.0	0.0	0.0	0.0	0.0	0.0	0.0	0.0	0.0	0.0	0.0	0.0	0.0	0.0	0.0	0.0	0.0	0.0	0.0	0.0	28.79461193656272	-1.8053880634372779	0.12213376962983809	-0.5445453145561677	34.92573853317087	0.27927246194627137	0.045040038374867225	-1.5424307765049523	0.007859018502732552
325.0	325.4594	2600.0	2586.556860259417	-0.5363782754821417	-0.2173104909198658	28.28622641888083	-98.92103777045484	15.06490259579732	45.952818039318196	110.10896643579623	-90.0253815993619	-43.677839595075056	45.952818039318224	110.10896643579275	2.0872604512223106e-15	0.0	2.0872604512223106e-15	6.971841724529603	7.315685044622608	-0.5316770034837416	-12.84358072450757	0.7260686383786257	0.46084502322910964	1.2631395615366665	0.0	0.0	0.0	0.0	0.0	0.0	0.0	0.0	0.0	0.0	0.0	0.0	0.0	0.0	0.0	0.0	0.0	0.0	0.0	0.0	0.0	0.0	0.0	0.0	0.0	0.0	0.0	0.0	0.0	0.0	0.0	0.0	0.0	0.0	0.0	0.0	0.0	0.0	0.0	0.0	0.0	0.0	0.0	0.0	0.0	0.0	0.0	0.0	28557.808895524555	-1367.3707953935245	78.55090059119351	28590.63346708812	-28164.71313213593	569.2545802923833	-4880.141316283627	28590.048895718828	0.0	0.0	0.0	0.0	0.0	0.0	0.0	0.0	0.0	0.0	0.0	0.0	0.0	0.0	0.0	0.0	0.0	0.0	0.0	0.0	0.0	0.0	0.0	0.0	0.0	0.0	0.0	0.0	28182.425257591203	-1996.6744676424341	4376.653233938346	28590.048895718828	0.0	0.0	0.0	0.0	0.0	0.0	0.0	0.0	0.0	0.0	0.0	0.0	0.0	0.0	0.0	0.0	0.0	0.0	0.0	0.0	0.0	0.0	0.0	0.0	0.0	0.0	0.0	0.0	0.0	0.0	0.0	0.0	0.0	0.0	0.0	0.0	0.0	0.0	0.0	0.0	0.0	0.0	0.0	0.0	0.0	0.0	0.0	0.0	0.0	0.0	0.0	0.0	0.0	0.0	0.0	0.0	0.0	0.0	0.0	0.0	0.0	0.0	0.0	0.0	0.0	0.0	0.0	0.0	0.0	0.0	0.0	0.0	0.0	0.0	0.0	0.0	0.0	0.0	0.0	0.0	0.0	0.0	0.0	0.0	0.0	0.0	0.0	0.0	0.0	0.0	0.0	0.0	0.0	0.0	0.0	0.0	0.0	0.0	0.0	0.0	28.757083990639018	-1.8429160093609838	0.12175843638745046	-0.5460575605808317	34.99977228797842	0.279219594817036	0.045029004782079926	-1.578405741981501	0.00763720965868699
326.0	326.459	2600.0	2586.6809388912666	-0.5282954847471225	-0.23585564049285526	28.277681002694848	-97.55818976927186	2.7941910192530486	57.14387674136359	113.09655407456714	-82.85768079238369	-51.57531025807112	57.14387674136365	113.096554074565	0.0	0.0	0.0	7.386626284491811	7.714855011625848	-0.5308354957911129	-12.987835336021439	0.7435018789517247	0.46802431117528687	1.2666995696846557	0.0	0.0	0.0	0.0	0.0	0.0	0.0	0.0	0.0	0.0	0.0	0.0	0.0	0.0	0.0	0.0	0.0	0.0	0.0	0.0	0.0	0.0	0.0	0.0	0.0	0.0	0.0	0.0	0.0	0.0	0.0	0.0	0.0	0.0	0.0	0.0	0.0	0.0	0.0	0.0	0.0	0.0	0.0	0.0	0.0	0.0	0.0	0.0	28519.566124125784	-1363.5802653259232	81.21962469636713	28552.260850514187	-28144.705473885067	571.1708172208067	-4769.337205496311	28551.659491068334	0.0	0.0	0.0	0.0	0.0	0.0	0.0	0.0	0.0	0.0	0.0	0.0	0.0	0.0	0.0	0.0	0.0	0.0	0.0	0.0	0.0	0.0	0.0	0.0	0.0	0.0	0.0	0.0	28160.857460802006	-1993.6015185504184	4264.846978677872	28551.659491068334	0.0	0.0	0.0	0.0	0.0	0.0	0.0	0.0	0.0	0.0	0.0	0.0	0.0	0.0	0.0	0.0	0.0	0.0	0.0	0.0	0.0	0.0	0.0	0.0	0.0	0.0	0.0	0.0	0.0	0.0	0.0	0.0	0.0	0.0	0.0	0.0	0.0	0.0	0.0	0.0	0.0	0.0	0.0	0.0	0.0	0.0	0.0	0.0	0.0	0.0	0.0	0.0	0.0	0.0	0.0	0.0	0.0	0.0	0.0	0.0	0.0	0.0	0.0	0.0	0.0	0.0	0.0	0.0	0.0	0.0	0.0	0.0	0.0	0.0	0.0	0.0	0.0	0.0	0.0	0.0	0.0	0.0	0.0	0.0	0.0	0.0	0.0	0.0	0.0	0.0	0.0	0.0	0.0	0.0	0.0	0.0	0.0	0.0	0.0	0.0	28.720125616783736	-1.8798743832162614	0.12146778527829558	-0.5479487248526276	35.07159768688785	0.27916672466758835	0.045013659394332814	-1.6134343428838562	0.007486448089530771
327.0	327.4585	2600.0	2586.515527922688	-0.5195377769723596	-0.25408821624134564	28.269063497017797	-98.20254725407722	-2.6878105352079738	67.73486069420828	119.32718033175107	-81.33918043804078	-55.08994770672871	67.73486069420834	119.32718033175033	0.0	0.0	0.0	7.799435930987516	8.11180244348447	-0.5300744165854816	-13.128271839636529	0.7622645892120535	0.47496502638213867	1.2703873423731882	0.0	0.0	0.0	0.0	0.0	0.0	0.0	0.0	0.0	0.0	0.0	0.0	0.0	0.0	0.0	0.0	0.0	0.0	0.0	0.0	0.0	0.0	0.0	0.0	0.0	0.0	0.0	0.0	0.0	0.0	0.0	0.0	0.0	0.0	0.0	0.0	0.0	0.0	0.0	0.0	0.0	0.0	0.0	0.0	0.0	0.0	0.0	0.0	28477.480442016385	-1360.5652682692617	80.14904206792025	28510.07635983444	-28122.723884359177	577.8222112904124	-4643.800562044578	28509.408286455408	0.0	0.0	0.0	0.0	0.0	0.0	0.0	0.0	0.0	0.0	0.0	0.0	0.0	0.0	0.0	0.0	0.0	0.0	0.0	0.0	0.0	0.0	0.0	0.0	0.0	0.0	0.0	0.0	28137.142008594416	-1991.557314860046	4137.789251959418	28509.408286455408	0.0	0.0	0.0	0.0	0.0	0.0	0.0	0.0	0.0	0.0	0.0	0.0	0.0	0.0	0.0	0.0	0.0	0.0	0.0	0.0	0.0	0.0	0.0	0.0	0.0	0.0	0.0	0.0	0.0	0.0	0.0	0.0	0.0	0.0	0.0	0.0	0.0	0.0	0.0	0.0	0.0	0.0	0.0	0.0	0.0	0.0	0.0	0.0	0.0	0.0	0.0	0.0	0.0	0.0	0.0	0.0	0.0	0.0	0.0	0.0	0.0	0.0	0.0	0.0	0.0	0.0	0.0	0.0	0.0	0.0	0.0	0.0	0.0	0.0	0.0	0.0	0.0	0.0	0.0	0.0	0.0	0.0	0.0	0.0	0.0	0.0	0.0	0.0	0.0	0.0	0.0	0.0	0.0	0.0	0.0	0.0	0.0	0.0	0.0	0.0	28.683747790107955	-1.91625220989204	0.12122871588091573	-0.5498356219496776	35.14129990942514	0.2791138141759977	0.044995798083555624	-1.6478872732852017	0.0073438023808235185
328.0	328.4582	2600.0	2586.6406086104544	-0.510110903781509	-0.27196778027058677	28.260401858008013	-97.31944610187566	-5.638047198348431	67.40850378478326	118.51906407110137	-79.9919450616544	-55.714907260447944	67.40850378478333	118.51906407110295	-1.576328495835806e-15	0.0	-1.576328495835806e-15	8.210191162575644	8.50626492689778	-0.5291772989310248	-13.264647551814107	0.7830534575633373	0.4819611342206432	1.274900159449179	0.0	0.0	0.0	0.0	0.0	0.0	0.0	0.0	0.0	0.0	0.0	0.0	0.0	0.0	0.0	0.0	0.0	0.0	0.0	0.0	0.0	0.0	0.0	0.0	0.0	0.0	0.0	0.0	0.0	0.0	0.0	0.0	0.0	0.0	0.0	0.0	0.0	0.0	0.0	0.0	0.0	0.0	0.0	0.0	0.0	0.0	0.0	0.0	28415.459575452016	-1355.8884610770747	82.13464841236417	28447.90893024476	-28079.434662003663	581.768098869974	-4522.641215802941	28447.27383468362	0.0	0.0	0.0	0.0	0.0	0.0	0.0	0.0	0.0	0.0	0.0	0.0	0.0	0.0	0.0	0.0	0.0	0.0	0.0	0.0	0.0	0.0	0.0	0.0	0.0	0.0	0.0	0.0	28092.13199673688	-1987.653384407291	4016.060573104043	28447.27383468362	0.0	0.0	0.0	0.0	0.0	0.0	0.0	0.0	0.0	0.0	0.0	0.0	0.0	0.0	0.0	0.0	0.0	0.0	0.0	0.0	0.0	0.0	0.0	0.0	0.0	0.0	0.0	0.0	0.0	0.0	0.0	0.0	0.0	0.0	0.0	0.0	0.0	0.0	0.0	0.0	0.0	0.0	0.0	0.0	0.0	0.0	0.0	0.0	0.0	0.0	0.0	0.0	0.0	0.0	0.0	0.0	0.0	0.0	0.0	0.0	0.0	0.0	0.0	0.0	0.0	0.0	0.0	0.0	0.0	0.0	0.0	0.0	0.0	0.0	0.0	0.0	0.0	0.0	0.0	0.0	0.0	0.0	0.0	0.0	0.0	0.0	0.0	0.0	0.0	0.0	0.0	0.0	0.0	0.0	0.0	0.0	0.0	0.0	0.0	0.0	28.648012704495233	-1.9519872955047641	0.12103829021668767	-0.5519845084643662	35.20890101615673	0.27906087716096467	0.04497391347873463	-1.681437345039381	0.0071738289620512504
329.0	329.4579	2600.0	2586.6757479114144	-0.5000532364655979	-0.2894740434945417	28.251724231363724	-97.43078096805039	-2.3636098962124383	65.86766674430154	117.63032455163952	-82.71168585113266	-51.547267196710884	65.86766674430162	117.63032455163905	0.0	0.0	0.0	8.61880204889003	8.898368929934628	-0.5283473108760959	-13.39713828981255	0.8051395583987936	0.4886809047289102	1.2795840376991716	0.0	0.0	0.0	0.0	0.0	0.0	0.0	0.0	0.0	0.0	0.0	0.0	0.0	0.0	0.0	0.0	0.0	0.0	0.0	0.0	0.0	0.0	0.0	0.0	0.0	0.0	0.0	0.0	0.0	0.0	0.0	0.0	0.0	0.0	0.0	0.0	0.0	0.0	0.0	0.0	0.0	0.0	0.0	0.0	0.0	0.0	0.0	0.0	28341.33844658871	-1350.4422027962319	83.81832359940462	28373.61775661594	-28023.918424768293	585.9474546375462	-4398.181105623519	28373.00363612438	0.0	0.0	0.0	0.0	0.0	0.0	0.0	0.0	0.0	0.0	0.0	0.0	0.0	0.0	0.0	0.0	0.0	0.0	0.0	0.0	0.0	0.0	0.0	0.0	0.0	0.0	0.0	0.0	28034.860169237796	-1982.786981483903	3891.3373553149186	28373.00363612438	0.0	0.0	0.0	0.0	0.0	0.0	0.0	0.0	0.0	0.0	0.0	0.0	0.0	0.0	0.0	0.0	0.0	0.0	0.0	0.0	0.0	0.0	0.0	0.0	0.0	0.0	0.0	0.0	0.0	0.0	0.0	0.0	0.0	0.0	0.0	0.0	0.0	0.0	0.0	0.0	0.0	0.0	0.0	0.0	0.0	0.0	0.0	0.0	0.0	0.0	0.0	0.0	0.0	0.0	0.0	0.0	0.0	0.0	0.0	0.0	0.0	0.0	0.0	0.0	0.0	0.0	0.0	0.0	0.0	0.0	0.0	0.0	0.0	0.0	0.0	0.0	0.0	0.0	0.0	0.0	0.0	0.0	0.0	0.0	0.0	0.0	0.0	0.0	0.0	0.0	0.0	0.0	0.0	0.0	0.0	0.0	0.0	0.0	0.0	0.0	28.61296223226607	-1.9870377677339308	0.12086833146678296	-0.5541378234554954	35.27439395069246	0.2790079196387936	0.0449527595137773	-1.7142989402713276	0.006994734098181659
330.0	330.4576	2600.0	2586.698905220406	-0.4894112506144447	-0.30661289784730483	28.24305287539155	-96.21868530372011	-4.768576162907266	75.49055665553868	122.39117151314821	-81.35816853349931	-51.5909210333848	75.49055665553873	122.3911715131501	-5.973674983019892e-15	0.0	-5.973674983019892e-15	9.025008539662354	9.288114521377006	-0.5278247782575056	-13.525789162478178	0.8283447020460517	0.49500629090810355	1.284275388821835	0.0	0.0	0.0	0.0	0.0	0.0	0.0	0.0	0.0	0.0	0.0	0.0	0.0	0.0	0.0	0.0	0.0	0.0	0.0	0.0	0.0	0.0	0.0	0.0	0.0	0.0	0.0	0.0	0.0	0.0	0.0	0.0	0.0	0.0	0.0	0.0	0.0	0.0	0.0	0.0	0.0	0.0	0.0	0.0	0.0	0.0	0.0	0.0	28236.23131816402	-1344.8722414865624	85.4603307691956	28268.370024939937	-27937.347675217796	591.4125690202536	-4268.660301807154	28267.766532307014	0.0	0.0	0.0	0.0	0.0	0.0	0.0	0.0	0.0	0.0	0.0	0.0	0.0	0.0	0.0	0.0	0.0	0.0	0.0	0.0	0.0	0.0	0.0	0.0	0.0	0.0	0.0	0.0	27946.49866096874	-1977.1988713711044	3761.7179506892526	28267.766532307014	0.0	0.0	0.0	0.0	0.0	0.0	0.0	0.0	0.0	0.0	0.0	0.0	0.0	0.0	0.0	0.0	0.0	0.0	0.0	0.0	0.0	0.0	0.0	0.0	0.0	0.0	0.0	0.0	0.0	0.0	0.0	0.0	0.0	0.0	0.0	0.0	0.0	0.0	0.0	0.0	0.0	0.0	0.0	0.0	0.0	0.0	0.0	0.0	0.0	0.0	0.0	0.0	0.0	0.0	0.0	0.0	0.0	0.0	0.0	0.0	0.0	0.0	0.0	0.0	0.0	0.0	0.0	0.0	0.0	0.0	0.0	0.0	0.0	0.0	0.0	0.0	0.0	0.0	0.0	0.0	0.0	0.0	0.0	0.0	0.0	0.0	0.0	0.0	0.0	0.0	0.0	0.0	0.0	0.0	0.0	0.0	0.0	0.0	0.0	0.0	28.578611635220216	-2.021388364779781	0.12069868111642866	-0.5562249676846667	35.33771087002001	0.27895490732979134	0.04492684310296449	-1.7465264136620018	0.006869065435572572
331.0	331.4574	2600.0	2586.935629178047	-0.47820308584495014	-0.32336073322133524	28.234412817447357	-96.96343258426715	-18.5755467223571	96.56158159114247	138.0981434847734	-76.30306647491489	-62.6482261607016	96.56158159114253	138.0981434847716	0.0	0.0	0.0	9.429220455101545	9.674785034324074	-0.5264382337774851	-13.650490635258953	0.8531002598791958	0.5010596205670527	1.2894408105309985	0.0	0.0	0.0	0.0	0.0	0.0	0.0	0.0	0.0	0.0	0.0	0.0	0.0	0.0	0.0	0.0	0.0	0.0	0.0	0.0	0.0	0.0	0.0	0.0	0.0	0.0	0.0	0.0	0.0	0.0	0.0	0.0	0.0	0.0	0.0	0.0	0.0	0.0	0.0	0.0	0.0	0.0	0.0	0.0	0.0	0.0	0.0	0.0	28070.22078085759	-1331.5701164314848	90.72249499617541	28101.932393203162	-27788.89081710713	588.6654528406132	-4137.256448889249	28101.349981528376	0.0	0.0	0.0	0.0	0.0	0.0	0.0	0.0	0.0	0.0	0.0	0.0	0.0	0.0	0.0	0.0	0.0	0.0	0.0	0.0	0.0	0.0	0.0	0.0	0.0	0.0	0.0	0.0	27796.307659854174	-1962.1018539533577	3633.360369931655	28101.349981528376	0.0	0.0	0.0	0.0	0.0	0.0	0.0	0.0	0.0	0.0	0.0	0.0	0.0	0.0	0.0	0.0	0.0	0.0	0.0	0.0	0.0	0.0	0.0	0.0	0.0	0.0	0.0	0.0	0.0	0.0	0.0	0.0	0.0	0.0	0.0	0.0	0.0	0.0	0.0	0.0	0.0	0.0	0.0	0.0	0.0	0.0	0.0	0.0	0.0	0.0	0.0	0.0	0.0	0.0	0.0	0.0	0.0	0.0	0.0	0.0	0.0	0.0	0.0	0.0	0.0	0.0	0.0	0.0	0.0	0.0	0.0	0.0	0.0	0.0	0.0	0.0	0.0	0.0	0.0	0.0	0.0	0.0	0.0	0.0	0.0	0.0	0.0	0.0	0.0	0.0	0.0	0.0	0.0	0.0	0.0	0.0	0.0	0.0	0.0	0.0	28.54500546014517	-2.0549945398548317	0.1205183062330435	-0.5584154860763979	35.3990677799536	0.2789020020286336	0.044917827300414125	-1.7779082474710926	0.00657448272234257
332.0	332.4572	2600.0	2587.12546792273	-0.46646477459879976	-0.33969808709290894	28.22583028861819	-94.16569822346354	-0.16660152587428453	73.23187396602431	119.29004083558904	-83.41643905924685	-43.691007915316725	73.23187396602435	119.29004083559107	0.0	0.0	0.0	9.830824562399119	10.058997091478131	-0.5254182541841012	-13.771434384198821	0.8786745901595105	0.5065107183527504	1.294432856977001	0.0	0.0	0.0	0.0	0.0	0.0	0.0	0.0	0.0	0.0	0.0	0.0	0.0	0.0	0.0	0.0	0.0	0.0	0.0	0.0	0.0	0.0	0.0	0.0	0.0	0.0	0.0	0.0	0.0	0.0	0.0	0.0	0.0	0.0	0.0	0.0	0.0	0.0	0.0	0.0	0.0	0.0	0.0	0.0	0.0	0.0	0.0	0.0	27904.3980241916	-1320.7119275400273	88.11408373269336	27935.7740751855	-27642.684404139323	594.329024815431	-3988.263997927731	27935.237206326914	0.0	0.0	0.0	0.0	0.0	0.0	0.0	0.0	0.0	0.0	0.0	0.0	0.0	0.0	0.0	0.0	0.0	0.0	0.0	0.0	0.0	0.0	0.0	0.0	0.0	0.0	0.0	0.0	27648.170033164657	-1950.4803022311357	3485.9429400918707	27935.237206326914	0.0	0.0	0.0	0.0	0.0	0.0	0.0	0.0	0.0	0.0	0.0	0.0	0.0	0.0	0.0	0.0	0.0	0.0	0.0	0.0	0.0	0.0	0.0	0.0	0.0	0.0	0.0	0.0	0.0	0.0	0.0	0.0	0.0	0.0	0.0	0.0	0.0	0.0	0.0	0.0	0.0	0.0	0.0	0.0	0.0	0.0	0.0	0.0	0.0	0.0	0.0	0.0	0.0	0.0	0.0	0.0	0.0	0.0	0.0	0.0	0.0	0.0	0.0	0.0	0.0	0.0	0.0	0.0	0.0	0.0	0.0	0.0	0.0	0.0	0.0	0.0	0.0	0.0	0.0	0.0	0.0	0.0	0.0	0.0	0.0	0.0	0.0	0.0	0.0	0.0	0.0	0.0	0.0	0.0	0.0	0.0	0.0	0.0	0.0	0.0	28.512183669424807	-2.087816330575194	0.12030551648418127	-0.5604522568513123	35.45824213418367	0.2788491240426958	0.04489368531138049	-1.808658170639694	0.00636985493354676
333.0	333.457	2600.0	2586.575735882238	-0.4542174882330053	-0.3556364793118357	28.21732099704938	-97.78590107424316	-18.229487592634538	104.76239816722547	144.46299434990254	-79.33301432039478	-60.00557895422026	104.76239816722554	144.46299434990067	-5.535552971924553e-15	0.0	-5.535552971924553e-15	10.229781060271733	10.440466602517189	-0.524495470294154	-13.888725149029547	0.9051447881265693	0.5112240345863177	1.2993360187790417	0.0	0.0	0.0	0.0	0.0	0.0	0.0	0.0	0.0	0.0	0.0	0.0	0.0	0.0	0.0	0.0	0.0	0.0	0.0	0.0	0.0	0.0	0.0	0.0	0.0	0.0	0.0	0.0	0.0	0.0	0.0	0.0	0.0	0.0	0.0	0.0	0.0	0.0	0.0	0.0	0.0	0.0	0.0	0.0	0.0	0.0	0.0	0.0	27720.335215333693	-1309.647124762152	90.32263680009964	27751.402094679568	-27476.275874481773	597.4568851663433	-3848.17359526313	27750.87621462685	0.0	0.0	0.0	0.0	0.0	0.0	0.0	0.0	0.0	0.0	0.0	0.0	0.0	0.0	0.0	0.0	0.0	0.0	0.0	0.0	0.0	0.0	0.0	0.0	0.0	0.0	0.0	0.0	27479.934208212027	-1937.6622596089467	3348.105667324089	27750.87621462685	0.0	0.0	0.0	0.0	0.0	0.0	0.0	0.0	0.0	0.0	0.0	0.0	0.0	0.0	0.0	0.0	0.0	0.0	0.0	0.0	0.0	0.0	0.0	0.0	0.0	0.0	0.0	0.0	0.0	0.0	0.0	0.0	0.0	0.0	0.0	0.0	0.0	0.0	0.0	0.0	0.0	0.0	0.0	0.0	0.0	0.0	0.0	0.0	0.0	0.0	0.0	0.0	0.0	0.0	0.0	0.0	0.0	0.0	0.0	0.0	0.0	0.0	0.0	0.0	0.0	0.0	0.0	0.0	0.0	0.0	0.0	0.0	0.0	0.0	0.0	0.0	0.0	0.0	0.0	0.0	0.0	0.0	0.0	0.0	0.0	0.0	0.0	0.0	0.0	0.0	0.0	0.0	0.0	0.0	0.0	0.0	0.0	0.0	0.0	0.0	28.480154565514827	-2.119845434485174	0.12006403495863079	-0.5623402621614811	35.51525286369388	0.2787962555695655	0.044865683855159155	-1.8387633003818626	0.006181777869845841
334.0	334.4569	2600.0	2586.735166356893	-0.44143873666647493	-0.37112909896819957	28.208909776846152	-97.04129025857766	-19.41492833338998	120.49004218828078	155.92242213284743	-79.18506752486971	-59.36056383089817	120.49004218828085	155.9224221328479	0.0	0.0	0.0	10.62611216091822	10.819188718924616	-0.5236394869585469	-14.002628070676572	0.9335949568733171	0.5150294013718979	1.3052802982308118	0.0	0.0	0.0	0.0	0.0	0.0	0.0	0.0	0.0	0.0	0.0	0.0	0.0	0.0	0.0	0.0	0.0	0.0	0.0	0.0	0.0	0.0	0.0	0.0	0.0	0.0	0.0	0.0	0.0	0.0	0.0	0.0	0.0	0.0	0.0	0.0	0.0	0.0	0.0	0.0	0.0	0.0	0.0	0.0	0.0	0.0	0.0	0.0	27539.025522829066	-1298.202768986099	92.05290571284222	27569.761168967067	-27312.25514541872	600.7928235280737	-3707.31959122462	27569.266433779703	0.0	0.0	0.0	0.0	0.0	0.0	0.0	0.0	0.0	0.0	0.0	0.0	0.0	0.0	0.0	0.0	0.0	0.0	0.0	0.0	0.0	0.0	0.0	0.0	0.0	0.0	0.0	0.0	27314.05356822515	-1924.919170828639	3209.61299141114	27569.266433779703	0.0	0.0	0.0	0.0	0.0	0.0	0.0	0.0	0.0	0.0	0.0	0.0	0.0	0.0	0.0	0.0	0.0	0.0	0.0	0.0	0.0	0.0	0.0	0.0	0.0	0.0	0.0	0.0	0.0	0.0	0.0	0.0	0.0	0.0	0.0	0.0	0.0	0.0	0.0	0.0	0.0	0.0	0.0	0.0	0.0	0.0	0.0	0.0	0.0	0.0	0.0	0.0	0.0	0.0	0.0	0.0	0.0	0.0	0.0	0.0	0.0	0.0	0.0	0.0	0.0	0.0	0.0	0.0	0.0	0.0	0.0	0.0	0.0	0.0	0.0	0.0	0.0	0.0	0.0	0.0	0.0	0.0	0.0	0.0	0.0	0.0	0.0	0.0	0.0	0.0	0.0	0.0	0.0	0.0	0.0	0.0	0.0	0.0	0.0	0.0	28.448983786455152	-2.1510162135448456	0.11981559996700843	-0.5644196406178574	35.57013571535886	0.2787433792928507	0.04483163695212677	-1.867820310555268	0.0059912751510259295
335.0	335.4568	2600.0	2586.569528626315	-0.4281213067013269	-0.3861573806499867	28.200616643735525	-99.75299826555782	-14.383078633080004	108.15662871504925	147.83568564098036	-84.76574742668159	-54.518819476674246	108.15662871504932	147.83568564098184	-6.646589735771593e-15	0.0	-6.646589735771593e-15	11.019894428341397	11.195031740260003	-0.5226712979980737	-14.114140568001837	0.9643625502119406	0.5169226125096918	1.3127325775087164	0.0	0.0	0.0	0.0	0.0	0.0	0.0	0.0	0.0	0.0	0.0	0.0	0.0	0.0	0.0	0.0	0.0	0.0	0.0	0.0	0.0	0.0	0.0	0.0	0.0	0.0	0.0	0.0	0.0	0.0	0.0	0.0	0.0	0.0	0.0	0.0	0.0	0.0	0.0	0.0	0.0	0.0	0.0	0.0	0.0	0.0	0.0	0.0	27385.71060422299	-1287.3992966906915	88.65098716575385	27416.097483866964	-27175.41182409231	604.747046807098	-3569.8351581979905	27415.551241154073	0.0	0.0	0.0	0.0	0.0	0.0	0.0	0.0	0.0	0.0	0.0	0.0	0.0	0.0	0.0	0.0	0.0	0.0	0.0	0.0	0.0	0.0	0.0	0.0	0.0	0.0	0.0	0.0	27175.303939848432	-1914.2983905659898	3074.210029435015	27415.551241154073	0.0	0.0	0.0	0.0	0.0	0.0	0.0	0.0	0.0	0.0	0.0	0.0	0.0	0.0	0.0	0.0	0.0	0.0	0.0	0.0	0.0	0.0	0.0	0.0	0.0	0.0	0.0	0.0	0.0	0.0	0.0	0.0	0.0	0.0	0.0	0.0	0.0	0.0	0.0	0.0	0.0	0.0	0.0	0.0	0.0	0.0	0.0	0.0	0.0	0.0	0.0	0.0	0.0	0.0	0.0	0.0	0.0	0.0	0.0	0.0	0.0	0.0	0.0	0.0	0.0	0.0	0.0	0.0	0.0	0.0	0.0	0.0	0.0	0.0	0.0	0.0	0.0	0.0	0.0	0.0	0.0	0.0	0.0	0.0	0.0	0.0	0.0	0.0	0.0	0.0	0.0	0.0	0.0	0.0	0.0	0.0	0.0	0.0	0.0	0.0	28.41870857293655	-2.181291427063446	0.1195641226820376	-0.5666992666945457	35.62290870639627	0.2786905103589028	0.0447962312051835	-1.8957844919943094	0.00576988769015478
336.0	336.4569	2600.0	2586.354179587418	-0.41424067774431833	-0.4007028851065257	28.19245960870205	-99.91321192461693	-24.26032587629743	131.0096006212689	166.53746960867983	-81.90587653541841	-62.150146562038564	131.00960062126896	166.53746960868145	0.0	0.0	0.0	11.410786285985418	11.56805872697253	-0.5221693373596914	-14.22663574204461	0.9986540414803715	0.513625585242584	1.3232248395965471	0.0	0.0	0.0	0.0	0.0	0.0	0.0	0.0	0.0	0.0	0.0	0.0	0.0	0.0	0.0	0.0	0.0	0.0	0.0	0.0	0.0	0.0	0.0	0.0	0.0	0.0	0.0	0.0	0.0	0.0	0.0	0.0	0.0	0.0	0.0	0.0	0.0	0.0	0.0	0.0	0.0	0.0	0.0	0.0	0.0	0.0	0.0	0.0	27230.655520853892	-1275.283327087989	101.33461567600817	27260.68994658964	-27035.05599604946	604.3695451674029	-3444.046755338518	27260.245290708852	0.0	0.0	0.0	0.0	0.0	0.0	0.0	0.0	0.0	0.0	0.0	0.0	0.0	0.0	0.0	0.0	0.0	0.0	0.0	0.0	0.0	0.0	0.0	0.0	0.0	0.0	0.0	0.0	27033.114911643446	-1903.3335129769148	2951.10030698266	27260.245290708852	0.0	0.0	0.0	0.0	0.0	0.0	0.0	0.0	0.0	0.0	0.0	0.0	0.0	0.0	0.0	0.0	0.0	0.0	0.0	0.0	0.0	0.0	0.0	0.0	0.0	0.0	0.0	0.0	0.0	0.0	0.0	0.0	0.0	0.0	0.0	0.0	0.0	0.0	0.0	0.0	0.0	0.0	0.0	0.0	0.0	0.0	0.0	0.0	0.0	0.0	0.0	0.0	0.0	0.0	0.0	0.0	0.0	0.0	0.0	0.0	0.0	0.0	0.0	0.0	0.0	0.0	0.0	0.0	0.0	0.0	0.0	0.0	0.0	0.0	0.0	0.0	0.0	0.0	0.0	0.0	0.0	0.0	0.0	0.0	0.0	0.0	0.0	0.0	0.0	0.0	0.0	0.0	0.0	0.0	0.0	0.0	0.0	0.0	0.0	0.0	28.389364947623733	-2.210635052376265	0.11932582156306705	-0.5692534901864231	35.67328489475685	0.27863764539684355	0.044756490159907444	-1.9225465422695434	0.00562884829354262
337.0	337.4571	2600.0	2586.146306517946	-0.39972360595981304	-0.41473693349342133	28.184454462712704	-102.39165905796837	-24.485599865009124	125.79337154899459	164.03526685154011	-85.18099975687072	-61.86916619620023	125.79337154899464	164.03526685154162	8.83388111621332e-15	0.0	8.83388111621332e-15	11.799746408494887	11.938242842426664	-0.5214462862593606	-14.345081131951476	1.0392178531712564	0.5004078902818219	1.3399392585839363	0.0	0.0	0.0	0.0	0.0	0.0	0.0	0.0	0.0	0.0	0.0	0.0	0.0	0.0	0.0	0.0	0.0	0.0	0.0	0.0	0.0	0.0	0.0	0.0	0.0	0.0	0.0	0.0	0.0	0.0	0.0	0.0	0.0	0.0	0.0	0.0	0.0	0.0	0.0	0.0	0.0	0.0	0.0	0.0	0.0	0.0	0.0	0.0	27044.48247175396	-1258.7012058623623	95.9450347811486	27073.927796689302	-26865.738803559863	606.6419176387892	-3291.136146683091	27073.372767598466	0.0	0.0	0.0	0.0	0.0	0.0	0.0	0.0	0.0	0.0	0.0	0.0	0.0	0.0	0.0	0.0	0.0	0.0	0.0	0.0	0.0	0.0	0.0	0.0	0.0	0.0	0.0	0.0	26861.618386535094	-1890.298853187359	2801.381965234378	27073.372767598466	0.0	0.0	0.0	0.0	0.0	0.0	0.0	0.0	0.0	0.0	0.0	0.0	0.0	0.0	0.0	0.0	0.0	0.0	0.0	0.0	0.0	0.0	0.0	0.0	0.0	0.0	0.0	0.0	0.0	0.0	0.0	0.0	0.0	0.0	0.0	0.0	0.0	0.0	0.0	0.0	0.0	0.0	0.0	0.0	0.0	0.0	0.0	0.0	0.0	0.0	0.0	0.0	0.0	0.0	0.0	0.0	0.0	0.0	0.0	0.0	0.0	0.0	0.0	0.0	0.0	0.0	0.0	0.0	0.0	0.0	0.0	0.0	0.0	0.0	0.0	0.0	0.0	0.0	0.0	0.0	0.0	0.0	0.0	0.0	0.0	0.0	0.0	0.0	0.0	0.0	0.0	0.0	0.0	0.0	0.0	0.0	0.0	0.0	0.0	0.0	28.360998541195286	-2.2390014588047187	0.11914507414390532	-0.5725838617532881	35.72140786747809	0.27858477427589246	0.044720791300538194	-1.947567476805296	0.0053936330085637306
338.0	338.4573	2600.0	2586.005984483732	-0.3847117211837226	-0.42827141403994856	28.176630852616185	-100.3148415291871	-13.239965621578449	118.67891409070587	155.95848412457605	-88.4456611465848	-49.15006759945025	118.67891409070593	155.9584841245778	0.0	0.0	0.0	12.185826148762477	12.305502505557943	-0.5210136992366031	-14.462895357956869	1.0820821464448593	0.4832959301112805	1.3582448669807163	0.0	0.0	0.0	0.0	0.0	0.0	0.0	0.0	0.0	0.0	0.0	0.0	0.0	0.0	0.0	0.0	0.0	0.0	0.0	0.0	0.0	0.0	0.0	0.0	0.0	0.0	0.0	0.0	0.0	0.0	0.0	0.0	0.0	0.0	0.0	0.0	0.0	0.0	0.0	0.0	0.0	0.0	0.0	0.0	0.0	0.0	0.0	0.0	26854.469425326686	-1241.1401559242604	94.88690883021974	26883.302634310403	-26691.148132511447	606.3645226388585	-3146.7172132710557	26882.836453512133	0.0	0.0	0.0	0.0	0.0	0.0	0.0	0.0	0.0	0.0	0.0	0.0	0.0	0.0	0.0	0.0	0.0	0.0	0.0	0.0	0.0	0.0	0.0	0.0	0.0	0.0	0.0	0.0	26684.922525805367	-1876.995196173361	2660.5816303184724	26882.836453512133	0.0	0.0	0.0	0.0	0.0	0.0	0.0	0.0	0.0	0.0	0.0	0.0	0.0	0.0	0.0	0.0	0.0	0.0	0.0	0.0	0.0	0.0	0.0	0.0	0.0	0.0	0.0	0.0	0.0	0.0	0.0	0.0	0.0	0.0	0.0	0.0	0.0	0.0	0.0	0.0	0.0	0.0	0.0	0.0	0.0	0.0	0.0	0.0	0.0	0.0	0.0	0.0	0.0	0.0	0.0	0.0	0.0	0.0	0.0	0.0	0.0	0.0	0.0	0.0	0.0	0.0	0.0	0.0	0.0	0.0	0.0	0.0	0.0	0.0	0.0	0.0	0.0	0.0	0.0	0.0	0.0	0.0	0.0	0.0	0.0	0.0	0.0	0.0	0.0	0.0	0.0	0.0	0.0	0.0	0.0	0.0	0.0	0.0	0.0	0.0	28.333616245613953	-2.2663837543860486	0.11896364344325243	-0.5760549479188607	35.76726308652986	0.27853190526603955	0.044676719185958974	-1.971465625915529	0.005184437971446041
339.0	339.4576	2600.0	2585.793083149683	-0.36926920931835183	-0.44126502376526333	28.169021837475434	-103.6259854997297	-15.294329817359538	122.83066362939381	161.42996414231666	-91.66989428599481	-50.684236967190365	122.83066362939388	161.42996414231484	-1.3928340361091525e-15	0.0	-1.3928340361091525e-15	12.568774957082974	12.669621198521925	-0.5205948088162767	-14.57529159207212	1.1243511637574068	0.4667261364332411	1.3748594640859095	0.0	0.0	0.0	0.0	0.0	0.0	0.0	0.0	0.0	0.0	0.0	0.0	0.0	0.0	0.0	0.0	0.0	0.0	0.0	0.0	0.0	0.0	0.0	0.0	0.0	0.0	0.0	0.0	0.0	0.0	0.0	0.0	0.0	0.0	0.0	0.0	0.0	0.0	0.0	0.0	0.0	0.0	0.0	0.0	0.0	0.0	0.0	0.0	26755.121992392968	-1228.8015315283571	93.85155206625986	26783.489581186797	-26606.173410481962	609.5520300464675	-3012.648233463189	26783.13026150156	0.0	0.0	0.0	0.0	0.0	0.0	0.0	0.0	0.0	0.0	0.0	0.0	0.0	0.0	0.0	0.0	0.0	0.0	0.0	0.0	0.0	0.0	0.0	0.0	0.0	0.0	0.0	0.0	26597.863027307583	-1870.0292215129405	2528.3867773409474	26783.13026150156	0.0	0.0	0.0	0.0	0.0	0.0	0.0	0.0	0.0	0.0	0.0	0.0	0.0	0.0	0.0	0.0	0.0	0.0	0.0	0.0	0.0	0.0	0.0	0.0	0.0	0.0	0.0	0.0	0.0	0.0	0.0	0.0	0.0	0.0	0.0	0.0	0.0	0.0	0.0	0.0	0.0	0.0	0.0	0.0	0.0	0.0	0.0	0.0	0.0	0.0	0.0	0.0	0.0	0.0	0.0	0.0	0.0	0.0	0.0	0.0	0.0	0.0	0.0	0.0	0.0	0.0	0.0	0.0	0.0	0.0	0.0	0.0	0.0	0.0	0.0	0.0	0.0	0.0	0.0	0.0	0.0	0.0	0.0	0.0	0.0	0.0	0.0	0.0	0.0	0.0	0.0	0.0	0.0	0.0	0.0	0.0	0.0	0.0	0.0	0.0	28.307276532563424	-2.2927234674365775	0.11876123234983664	-0.5791440105153242	35.811048057916835	0.27847903403668717	0.0446379729795478	-1.9946998848441435	0.00497411643932619
340.0	340.4578	2600.0	2585.7662195213097	-0.35335051223572805	-0.45369928310258084	28.161642231136018	-103.41054093584172	-25.85186104613968	134.0859293923016	171.29242586054292	-88.806172328339	-58.953561831163825	134.0859293923017	171.29242586054062	0.0	0.0	0.0	12.94843072050123	13.030526682105501	-0.5202210941027522	-14.681867056523155	1.1665542542844982	0.4511389438111859	1.3902763631362935	0.0	0.0	0.0	0.0	0.0	0.0	0.0	0.0	0.0	0.0	0.0	0.0	0.0	0.0	0.0	0.0	0.0	0.0	0.0	0.0	0.0	0.0	0.0	0.0	0.0	0.0	0.0	0.0	0.0	0.0	0.0	0.0	0.0	0.0	0.0	0.0	0.0	0.0	0.0	0.0	0.0	0.0	0.0	0.0	0.0	0.0	0.0	0.0	26764.207752435308	-1221.9483559649361	94.24353184025411	26792.253661150968	-26628.059098514186	615.5114068967658	-2893.0473073902826	26791.82913443541	0.0	0.0	0.0	0.0	0.0	0.0	0.0	0.0	0.0	0.0	0.0	0.0	0.0	0.0	0.0	0.0	0.0	0.0	0.0	0.0	0.0	0.0	0.0	0.0	0.0	0.0	0.0	0.0	26617.675652177844	-1870.645427207024	2408.762530825776	26791.82913443541	0.0	0.0	0.0	0.0	0.0	0.0	0.0	0.0	0.0	0.0	0.0	0.0	0.0	0.0	0.0	0.0	0.0	0.0	0.0	0.0	0.0	0.0	0.0	0.0	0.0	0.0	0.0	0.0	0.0	0.0	0.0	0.0	0.0	0.0	0.0	0.0	0.0	0.0	0.0	0.0	0.0	0.0	0.0	0.0	0.0	0.0	0.0	0.0	0.0	0.0	0.0	0.0	0.0	0.0	0.0	0.0	0.0	0.0	0.0	0.0	0.0	0.0	0.0	0.0	0.0	0.0	0.0	0.0	0.0	0.0	0.0	0.0	0.0	0.0	0.0	0.0	0.0	0.0	0.0	0.0	0.0	0.0	0.0	0.0	0.0	0.0	0.0	0.0	0.0	0.0	0.0	0.0	0.0	0.0	0.0	0.0	0.0	0.0	0.0	0.0	28.28201332330681	-2.3179866766931876	0.11859751548174076	-0.5820410915705585	35.852769326177935	0.2784261650450814	0.04459768349169946	-2.0170477036772834	0.004762701770072041
341.0	341.4581	2600.0	2585.8808206498447	-0.3369512089697178	-0.46554117603575657	28.154515432643123	-103.02547699250495	-43.807818577221035	181.30162761135	213.08133201327732	-83.7467293970767	-74.29575488088811	181.3016276113501	213.08133201327817	0.0	0.0	0.0	13.324659241983351	13.388103089917575	-0.5198641223827171	-14.782474054811349	1.2091582825523282	0.43670920297367444	1.4050117850549575	0.0	0.0	0.0	0.0	0.0	0.0	0.0	0.0	0.0	0.0	0.0	0.0	0.0	0.0	0.0	0.0	0.0	0.0	0.0	0.0	0.0	0.0	0.0	0.0	0.0	0.0	0.0	0.0	0.0	0.0	0.0	0.0	0.0	0.0	0.0	0.0	0.0	0.0	0.0	0.0	0.0	0.0	0.0	0.0	0.0	0.0	0.0	0.0	26773.6955849612	-1215.4390184901513	94.35547887573061	26801.43597347412	-26650.139969478456	622.3659476374087	-2772.0232413209847	26801.14573327036	0.0	0.0	0.0	0.0	0.0	0.0	0.0	0.0	0.0	0.0	0.0	0.0	0.0	0.0	0.0	0.0	0.0	0.0	0.0	0.0	0.0	0.0	0.0	0.0	0.0	0.0	0.0	0.0	26637.67956019205	-1871.2822753358816	2287.737509098513	26801.14573327036	0.0	0.0	0.0	0.0	0.0	0.0	0.0	0.0	0.0	0.0	0.0	0.0	0.0	0.0	0.0	0.0	0.0	0.0	0.0	0.0	0.0	0.0	0.0	0.0	0.0	0.0	0.0	0.0	0.0	0.0	0.0	0.0	0.0	0.0	0.0	0.0	0.0	0.0	0.0	0.0	0.0	0.0	0.0	0.0	0.0	0.0	0.0	0.0	0.0	0.0	0.0	0.0	0.0	0.0	0.0	0.0	0.0	0.0	0.0	0.0	0.0	0.0	0.0	0.0	0.0	0.0	0.0	0.0	0.0	0.0	0.0	0.0	0.0	0.0	0.0	0.0	0.0	0.0	0.0	0.0	0.0	0.0	0.0	0.0	0.0	0.0	0.0	0.0	0.0	0.0	0.0	0.0	0.0	0.0	0.0	0.0	0.0	0.0	0.0	0.0	28.257874780357216	-2.342125219642788	0.11848117888638289	-0.5849283455754486	35.892430659611115	0.2783732971465966	0.04455442602324969	-2.0382797519753537	0.004567020589082531
342.0	342.4583	2600.0	2585.4204309667234	-0.32009819801774336	-0.47679419125774564	28.14765756040439	-106.22171770655767	-37.55028910163672	175.05996622651062	208.18037683551057	-89.96457252099572	-67.81926876089346	175.05996622651068	208.18037683550983	0.0	0.0	0.0	13.697416030842119	13.742286106498447	-0.5194570892260773	-14.876976237134286	1.2523740615047994	0.4235681115723933	1.4192967391993578	0.0	0.0	0.0	0.0	0.0	0.0	0.0	0.0	0.0	0.0	0.0	0.0	0.0	0.0	0.0	0.0	0.0	0.0	0.0	0.0	0.0	0.0	0.0	0.0	0.0	0.0	0.0	0.0	0.0	0.0	0.0	0.0	0.0	0.0	0.0	0.0	0.0	0.0	0.0	0.0	0.0	0.0	0.0	0.0	0.0	0.0	0.0	0.0	26773.19099361779	-1208.7775932526665	94.03777782652473	26800.629514142853	-26661.67359082274	629.888644349788	-2648.0707490238237	26800.25889911685	0.0	0.0	0.0	0.0	0.0	0.0	0.0	0.0	0.0	0.0	0.0	0.0	0.0	0.0	0.0	0.0	0.0	0.0	0.0	0.0	0.0	0.0	0.0	0.0	0.0	0.0	0.0	0.0	26647.126682035145	-1871.221930004177	2164.034459044801	26800.25889911685	0.0	0.0	0.0	0.0	0.0	0.0	0.0	0.0	0.0	0.0	0.0	0.0	0.0	0.0	0.0	0.0	0.0	0.0	0.0	0.0	0.0	0.0	0.0	0.0	0.0	0.0	0.0	0.0	0.0	0.0	0.0	0.0	0.0	0.0	0.0	0.0	0.0	0.0	0.0	0.0	0.0	0.0	0.0	0.0	0.0	0.0	0.0	0.0	0.0	0.0	0.0	0.0	0.0	0.0	0.0	0.0	0.0	0.0	0.0	0.0	0.0	0.0	0.0	0.0	0.0	0.0	0.0	0.0	0.0	0.0	0.0	0.0	0.0	0.0	0.0	0.0	0.0	0.0	0.0	0.0	0.0	0.0	0.0	0.0	0.0	0.0	0.0	0.0	0.0	0.0	0.0	0.0	0.0	0.0	0.0	0.0	0.0	0.0	0.0	0.0	28.234872126430833	-2.3651278735691754	0.11840578055909011	-0.5878794100354088	35.930072436984794	0.27832042877202656	0.044522074334914376	-2.0583120837884015	0.004355392272600549
343.0	343.4586	2600.0	2585.7044202505017	-0.3028378470379238	-0.48744352635969723	28.141090646209218	-103.8933918327893	-44.746156959390646	177.58697744261022	210.5544822281351	-86.85407454934102	-72.47361701566477	177.58697744261025	210.5544822281347	-1.626244895739235e-15	0.0	-1.626244895739235e-15	14.0666164926143	14.093023694046318	-0.5189830402965762	-14.965308955691691	1.2956846728013602	0.41172020246288443	1.4327055511694617	0.0	0.0	0.0	0.0	0.0	0.0	0.0	0.0	0.0	0.0	0.0	0.0	0.0	0.0	0.0	0.0	0.0	0.0	0.0	0.0	0.0	0.0	0.0	0.0	0.0	0.0	0.0	0.0	0.0	0.0	0.0	0.0	0.0	0.0	0.0	0.0	0.0	0.0	0.0	0.0	0.0	0.0	0.0	0.0	0.0	0.0	0.0	0.0	26780.661627355646	-1202.732121029703	91.35460275608153	26807.81131344595	-26681.306037518898	640.0390505720899	-2517.998623250984	26807.50004981243	0.0	0.0	0.0	0.0	0.0	0.0	0.0	0.0	0.0	0.0	0.0	0.0	0.0	0.0	0.0	0.0	0.0	0.0	0.0	0.0	0.0	0.0	0.0	0.0	0.0	0.0	0.0	0.0	26664.620381639426	-1871.712946749223	2033.9049802593786	26807.50004981243	0.0	0.0	0.0	0.0	0.0	0.0	0.0	0.0	0.0	0.0	0.0	0.0	0.0	0.0	0.0	0.0	0.0	0.0	0.0	0.0	0.0	0.0	0.0	0.0	0.0	0.0	0.0	0.0	0.0	0.0	0.0	0.0	0.0	0.0	0.0	0.0	0.0	0.0	0.0	0.0	0.0	0.0	0.0	0.0	0.0	0.0	0.0	0.0	0.0	0.0	0.0	0.0	0.0	0.0	0.0	0.0	0.0	0.0	0.0	0.0	0.0	0.0	0.0	0.0	0.0	0.0	0.0	0.0	0.0	0.0	0.0	0.0	0.0	0.0	0.0	0.0	0.0	0.0	0.0	0.0	0.0	0.0	0.0	0.0	0.0	0.0	0.0	0.0	0.0	0.0	0.0	0.0	0.0	0.0	0.0	0.0	0.0	0.0	0.0	0.0	28.213034512407578	-2.3869654875924233	0.11835354627703015	-0.5907239411561465	35.9657141994338	0.27826755609273923	0.044488215734020536	-2.0772845742147785	0.004126614094754119
344.0	344.4588	2600.0	2585.794684838535	-0.2852040865660428	-0.497490889017542	28.134829987789207	-103.58099058339212	-55.67850383101905	185.15433626399934	219.3427583405928	-84.87588286338902	-81.3953432774724	185.15433626399943	219.34275834059235	0.0	0.0	0.0	14.431866108696218	14.440325295723342	-0.5188128467984934	-15.04760295927949	1.3387439748638745	0.4009962406377343	1.444956296984106	0.0	0.0	0.0	0.0	0.0	0.0	0.0	0.0	0.0	0.0	0.0	0.0	0.0	0.0	0.0	0.0	0.0	0.0	0.0	0.0	0.0	0.0	0.0	0.0	0.0	0.0	0.0	0.0	0.0	0.0	0.0	0.0	0.0	0.0	0.0	0.0	0.0	0.0	0.0	0.0	0.0	0.0	0.0	0.0	0.0	0.0	0.0	0.0	26786.046776585194	-1198.0475138387137	95.5530374567351	26812.995918878452	-26696.89530001365	647.3743537076326	-2404.0136663818835	26812.731936933993	0.0	0.0	0.0	0.0	0.0	0.0	0.0	0.0	0.0	0.0	0.0	0.0	0.0	0.0	0.0	0.0	0.0	0.0	0.0	0.0	0.0	0.0	0.0	0.0	0.0	0.0	0.0	0.0	26678.23254594422	-1872.8560605993935	1920.133412728996	26812.731936933993	0.0	0.0	0.0	0.0	0.0	0.0	0.0	0.0	0.0	0.0	0.0	0.0	0.0	0.0	0.0	0.0	0.0	0.0	0.0	0.0	0.0	0.0	0.0	0.0	0.0	0.0	0.0	0.0	0.0	0.0	0.0	0.0	0.0	0.0	0.0	0.0	0.0	0.0	0.0	0.0	0.0	0.0	0.0	0.0	0.0	0.0	0.0	0.0	0.0	0.0	0.0	0.0	0.0	0.0	0.0	0.0	0.0	0.0	0.0	0.0	0.0	0.0	0.0	0.0	0.0	0.0	0.0	0.0	0.0	0.0	0.0	0.0	0.0	0.0	0.0	0.0	0.0	0.0	0.0	0.0	0.0	0.0	0.0	0.0	0.0	0.0	0.0	0.0	0.0	0.0	0.0	0.0	0.0	0.0	0.0	0.0	0.0	0.0	0.0	0.0	28.192373728832845	-2.4076262711671577	0.11832056927211003	-0.593336972331435	35.999236913758004	0.2782146729863439	0.04444995097321182	-2.0953088725036864	0.00396645770947959
345.0	345.459	2600.0	2585.381212747347	-0.267231390215395	-0.5069188345614831	28.128895254367873	-106.69036342875188	-57.26674178821486	189.20291636378337	224.63316078477376	-88.89480364754672	-82.21938486792715	189.20291636378346	224.63316078477152	0.0	0.0	0.0	14.793357755660198	14.783861955070744	-0.5183595063335943	-15.123683571657024	1.3813348376115797	0.39154993818581585	1.4558918164290973	0.0	0.0	0.0	0.0	0.0	0.0	0.0	0.0	0.0	0.0	0.0	0.0	0.0	0.0	0.0	0.0	0.0	0.0	0.0	0.0	0.0	0.0	0.0	0.0	0.0	0.0	0.0	0.0	0.0	0.0	0.0	0.0	0.0	0.0	0.0	0.0	0.0	0.0	0.0	0.0	0.0	0.0	0.0	0.0	0.0	0.0	0.0	0.0	26782.54534394421	-1192.1916644981227	106.24079508064982	26809.27718480798	-26702.730829082644	652.1751031494384	-2294.4177817979057	26809.05666100616	0.0	0.0	0.0	0.0	0.0	0.0	0.0	0.0	0.0	0.0	0.0	0.0	0.0	0.0	0.0	0.0	0.0	0.0	0.0	0.0	0.0	0.0	0.0	0.0	0.0	0.0	0.0	0.0	26682.20505239714	-1871.721926410261	1811.659356796095	26809.05666100616	0.0	0.0	0.0	0.0	0.0	0.0	0.0	0.0	0.0	0.0	0.0	0.0	0.0	0.0	0.0	0.0	0.0	0.0	0.0	0.0	0.0	0.0	0.0	0.0	0.0	0.0	0.0	0.0	0.0	0.0	0.0	0.0	0.0	0.0	0.0	0.0	0.0	0.0	0.0	0.0	0.0	0.0	0.0	0.0	0.0	0.0	0.0	0.0	0.0	0.0	0.0	0.0	0.0	0.0	0.0	0.0	0.0	0.0	0.0	0.0	0.0	0.0	0.0	0.0	0.0	0.0	0.0	0.0	0.0	0.0	0.0	0.0	0.0	0.0	0.0	0.0	0.0	0.0	0.0	0.0	0.0	0.0	0.0	0.0	0.0	0.0	0.0	0.0	0.0	0.0	0.0	0.0	0.0	0.0	0.0	0.0	0.0	0.0	0.0	0.0	28.172919898909207	-2.427080101090791	0.11828753234240175	-0.5956741794194691	36.03078119751836	0.2781617678277154	0.0444232475307978	-2.1123998095585472	0.003757559220498791
346.0	346.4592	2600.0	2585.535068782339	-0.24899085958334638	-0.5157224711222613	28.123304224000645	-105.47074620415515	-51.895056124190894	186.06625953902864	220.08595614859075	-90.38838090316492	-75.14729371506473	186.06625953902872	220.08595614858996	0.0	0.0	0.0	15.150874981882072	15.123697484830567	-0.5176715577708431	-15.191187796263955	1.4215692972297262	0.3856219059851503	1.463579050788232	0.0	0.0	0.0	0.0	0.0	0.0	0.0	0.0	0.0	0.0	0.0	0.0	0.0	0.0	0.0	0.0	0.0	0.0	0.0	0.0	0.0	0.0	0.0	0.0	0.0	0.0	0.0	0.0	0.0	0.0	0.0	0.0	0.0	0.0	0.0	0.0	0.0	0.0	0.0	0.0	0.0	0.0	0.0	0.0	0.0	0.0	0.0	0.0	26784.331623119593	-1188.7829745940805	102.11072183977744	26810.894279330616	-26715.801722277865	669.3050032445681	-2151.328224024274	26810.63676936668	0.0	0.0	0.0	0.0	0.0	0.0	0.0	0.0	0.0	0.0	0.0	0.0	0.0	0.0	0.0	0.0	0.0	0.0	0.0	0.0	0.0	0.0	0.0	0.0	0.0	0.0	0.0	0.0	26693.12884411001	-1872.2190436430171	1667.9065751052526	26810.63676936668	0.0	0.0	0.0	0.0	0.0	0.0	0.0	0.0	0.0	0.0	0.0	0.0	0.0	0.0	0.0	0.0	0.0	0.0	0.0	0.0	0.0	0.0	0.0	0.0	0.0	0.0	0.0	0.0	0.0	0.0	0.0	0.0	0.0	0.0	0.0	0.0	0.0	0.0	0.0	0.0	0.0	0.0	0.0	0.0	0.0	0.0	0.0	0.0	0.0	0.0	0.0	0.0	0.0	0.0	0.0	0.0	0.0	0.0	0.0	0.0	0.0	0.0	0.0	0.0	0.0	0.0	0.0	0.0	0.0	0.0	0.0	0.0	0.0	0.0	0.0	0.0	0.0	0.0	0.0	0.0	0.0	0.0	0.0	0.0	0.0	0.0	0.0	0.0	0.0	0.0	0.0	0.0	0.0	0.0	0.0	0.0	0.0	0.0	0.0	0.0	28.154690367241223	-2.4453096327587818	0.11824730860776221	-0.597290005693092	36.060474967457516	0.27810889629301005	0.044392776357292274	-2.1289815925970896	0.0035305900637766503
347.0	347.4593	2600.0	2585.3505150985725	-0.23044266192309654	-0.5238795655389993	28.11807060867648	-106.79402468437551	-64.53001093422425	195.76053710605507	232.14494159362866	-90.23449148936018	-86.1790146446001	195.76053710605518	232.14494159362772	0.0	0.0	0.0	15.504006783292377	15.459857829656263	-0.5173411680993987	-15.252578704426995	1.4614761939789336	0.3808955549109338	1.470238262518388	0.0	0.0	0.0	0.0	0.0	0.0	0.0	0.0	0.0	0.0	0.0	0.0	0.0	0.0	0.0	0.0	0.0	0.0	0.0	0.0	0.0	0.0	0.0	0.0	0.0	0.0	0.0	0.0	0.0	0.0	0.0	0.0	0.0	0.0	0.0	0.0	0.0	0.0	0.0	0.0	0.0	0.0	0.0	0.0	0.0	0.0	0.0	0.0	26786.993858807324	-1187.2805533722867	109.77960426261203	26813.517610819163	-26726.999697853375	679.9570318694985	-2038.8195128338432	26813.273567771528	0.0	0.0	0.0	0.0	0.0	0.0	0.0	0.0	0.0	0.0	0.0	0.0	0.0	0.0	0.0	0.0	0.0	0.0	0.0	0.0	0.0	0.0	0.0	0.0	0.0	0.0	0.0	0.0	26702.458239355474	-1873.80523910098	1555.383335885481	26813.273567771528	0.0	0.0	0.0	0.0	0.0	0.0	0.0	0.0	0.0	0.0	0.0	0.0	0.0	0.0	0.0	0.0	0.0	0.0	0.0	0.0	0.0	0.0	0.0	0.0	0.0	0.0	0.0	0.0	0.0	0.0	0.0	0.0	0.0	0.0	0.0	0.0	0.0	0.0	0.0	0.0	0.0	0.0	0.0	0.0	0.0	0.0	0.0	0.0	0.0	0.0	0.0	0.0	0.0	0.0	0.0	0.0	0.0	0.0	0.0	0.0	0.0	0.0	0.0	0.0	0.0	0.0	0.0	0.0	0.0	0.0	0.0	0.0	0.0	0.0	0.0	0.0	0.0	0.0	0.0	0.0	0.0	0.0	0.0	0.0	0.0	0.0	0.0	0.0	0.0	0.0	0.0	0.0	0.0	0.0	0.0	0.0	0.0	0.0	0.0	0.0	28.137717905870726	-2.462282094129278	0.11823321048208597	-0.5986967811552614	36.08803673111329	0.2780559762093446	0.04435207343002662	-2.144512014286169	0.0033931799519060393
348.0	348.4594	2600.0	2585.6085673087314	-0.21162862610643876	-0.5313973705323014	28.113205151698395	-104.58860541143075	-60.19379585228308	198.5681579109935	232.36045872131416	-90.43161685575252	-79.90113962809482	198.56815791099362	232.36045872131342	3.5432335036689183e-15	0.0	3.5432335036689183e-15	15.8528931287092	15.792201961314245	-0.5170148480967555	-15.307548653690073	1.5005421852494245	0.37764699805263363	1.4753810999675083	0.0	0.0	0.0	0.0	0.0	0.0	0.0	0.0	0.0	0.0	0.0	0.0	0.0	0.0	0.0	0.0	0.0	0.0	0.0	0.0	0.0	0.0	0.0	0.0	0.0	0.0	0.0	0.0	0.0	0.0	0.0	0.0	0.0	0.0	0.0	0.0	0.0	0.0	0.0	0.0	0.0	0.0	0.0	0.0	0.0	0.0	0.0	0.0	26789.18211261879	-1186.9893353800587	116.72997856355597	26815.720162495283	-26737.649626013954	693.8216813219148	-1919.8545401089848	26815.464521505757	0.0	0.0	0.0	0.0	0.0	0.0	0.0	0.0	0.0	0.0	0.0	0.0	0.0	0.0	0.0	0.0	0.0	0.0	0.0	0.0	0.0	0.0	0.0	0.0	0.0	0.0	0.0	0.0	26711.194934826355	-1875.9648854036204	1435.9520906260327	26815.464521505757	0.0	0.0	0.0	0.0	0.0	0.0	0.0	0.0	0.0	0.0	0.0	0.0	0.0	0.0	0.0	0.0	0.0	0.0	0.0	0.0	0.0	0.0	0.0	0.0	0.0	0.0	0.0	0.0	0.0	0.0	0.0	0.0	0.0	0.0	0.0	0.0	0.0	0.0	0.0	0.0	0.0	0.0	0.0	0.0	0.0	0.0	0.0	0.0	0.0	0.0	0.0	0.0	0.0	0.0	0.0	0.0	0.0	0.0	0.0	0.0	0.0	0.0	0.0	0.0	0.0	0.0	0.0	0.0	0.0	0.0	0.0	0.0	0.0	0.0	0.0	0.0	0.0	0.0	0.0	0.0	0.0	0.0	0.0	0.0	0.0	0.0	0.0	0.0	0.0	0.0	0.0	0.0	0.0	0.0	0.0	0.0	0.0	0.0	0.0	0.0	28.122005868750858	-2.477994131249144	0.11823490977839196	-0.5997533115091286	36.11359472007897	0.2780029466573716	0.044320378560919305	-2.1591289161449243	0.003275413757135219
349.0	349.4595	2600.0	2585.3181477608687	-0.19255688961918516	-0.5382538895815929	28.108723801241194	-106.00858280583269	-75.78619017809977	220.65797489465749	256.26413743406135	-90.35613370756799	-93.89960251051525	220.6579748946576	256.2641374340623	0.0	0.0	0.0	16.197572089008688	16.12069190093976	-0.5166721666515653	-15.357187090664798	1.5395243127322822	0.3748297141645349	1.4798861297820927	0.0	0.0	0.0	0.0	0.0	0.0	0.0	0.0	0.0	0.0	0.0	0.0	0.0	0.0	0.0	0.0	0.0	0.0	0.0	0.0	0.0	0.0	0.0	0.0	0.0	0.0	0.0	0.0	0.0	0.0	0.0	0.0	0.0	0.0	0.0	0.0	0.0	0.0	0.0	0.0	0.0	0.0	0.0	0.0	0.0	0.0	0.0	0.0	26791.2454959602	-1187.4500221795695	121.82920396265901	26817.824578718522	-26747.740840486775	709.1720307430596	-1798.5787162732097	26817.521332846245	0.0	0.0	0.0	0.0	0.0	0.0	0.0	0.0	0.0	0.0	0.0	0.0	0.0	0.0	0.0	0.0	0.0	0.0	0.0	0.0	0.0	0.0	0.0	0.0	0.0	0.0	0.0	0.0	26719.35350637331	-1878.5314258807823	1314.046544494489	26817.521332846245	0.0	0.0	0.0	0.0	0.0	0.0	0.0	0.0	0.0	0.0	0.0	0.0	0.0	0.0	0.0	0.0	0.0	0.0	0.0	0.0	0.0	0.0	0.0	0.0	0.0	0.0	0.0	0.0	0.0	0.0	0.0	0.0	0.0	0.0	0.0	0.0	0.0	0.0	0.0	0.0	0.0	0.0	0.0	0.0	0.0	0.0	0.0	0.0	0.0	0.0	0.0	0.0	0.0	0.0	0.0	0.0	0.0	0.0	0.0	0.0	0.0	0.0	0.0	0.0	0.0	0.0	0.0	0.0	0.0	0.0	0.0	0.0	0.0	0.0	0.0	0.0	0.0	0.0	0.0	0.0	0.0	0.0	0.0	0.0	0.0	0.0	0.0	0.0	0.0	0.0	0.0	0.0	0.0	0.0	0.0	0.0	0.0	0.0	0.0	0.0	28.107585788972944	-2.4924142110270573	0.11825149058451481	-0.6006507521776782	36.137135872345205	0.27794977804952264	0.04429271068522859	-2.1726112482159694	0.00316286862470615
350.0	350.4596	2600.0	2585.4937673421714	-0.17326681531517504	-0.5444524534311128	28.104636353771784	-105.80353197122166	-68.3047281150393	205.76607781177273	241.24593683313154	-93.01910686067276	-84.89622500028054	205.76607781177282	241.2459368331332	0.0	0.0	0.0	16.53898734267978	16.444447731719528	-0.5144287802768254	-15.401561413964227	1.5782959797002454	0.37236418859723525	1.4836691031978815	0.0	0.0	0.0	0.0	0.0	0.0	0.0	0.0	0.0	0.0	0.0	0.0	0.0	0.0	0.0	0.0	0.0	0.0	0.0	0.0	0.0	0.0	0.0	0.0	0.0	0.0	0.0	0.0	0.0	0.0	0.0	0.0	0.0	0.0	0.0	0.0	0.0	0.0	0.0	0.0	0.0	0.0	0.0	0.0	0.0	0.0	0.0	0.0	26792.285206800483	-1179.3819028842186	116.80582110761814	26818.484891492953	-26757.69324218106	723.5575406751683	-1649.3772830953665	26818.2424588063	0.0	0.0	0.0	0.0	0.0	0.0	0.0	0.0	0.0	0.0	0.0	0.0	0.0	0.0	0.0	0.0	0.0	0.0	0.0	0.0	0.0	0.0	0.0	0.0	0.0	0.0	0.0	0.0	26727.362713471815	-1872.32064395037	1166.4589011512094	26818.2424588063	0.0	0.0	0.0	0.0	0.0	0.0	0.0	0.0	0.0	0.0	0.0	0.0	0.0	0.0	0.0	0.0	0.0	0.0	0.0	0.0	0.0	0.0	0.0	0.0	0.0	0.0	0.0	0.0	0.0	0.0	0.0	0.0	0.0	0.0	0.0	0.0	0.0	0.0	0.0	0.0	0.0	0.0	0.0	0.0	0.0	0.0	0.0	0.0	0.0	0.0	0.0	0.0	0.0	0.0	0.0	0.0	0.0	0.0	0.0	0.0	0.0	0.0	0.0	0.0	0.0	0.0	0.0	0.0	0.0	0.0	0.0	0.0	0.0	0.0	0.0	0.0	0.0	0.0	0.0	0.0	0.0	0.0	0.0	0.0	0.0	0.0	0.0	0.0	0.0	0.0	0.0	0.0	0.0	0.0	0.0	0.0	0.0	0.0	0.0	0.0	28.094463442751955	-2.505536557248043	0.11827746157323289	-0.6013492165246478	36.159085952215285	0.27789680681540485	0.044282828981952065	-2.1849959425732086	0.00265840620246188
351.0	351.4597	2600.0	2585.293200880889	-0.15376678478256856	-0.5499724054430386	28.100956870103662	-107.42529334288518	-66.78798419265512	204.55415614894514	240.50619800772358	-96.31573842021679	-82.00065252722925	204.55415614894525	240.5061980077231	0.0	0.0	0.0	16.875168571684284	16.764703526872694	-0.5135271033827175	-15.440872419536062	1.6170661142073979	0.37005571499711815	1.4870213450375365	0.0	0.0	0.0	0.0	0.0	0.0	0.0	0.0	0.0	0.0	0.0	0.0	0.0	0.0	0.0	0.0	0.0	0.0	0.0	0.0	0.0	0.0	0.0	0.0	0.0	0.0	0.0	0.0	0.0	0.0	0.0	0.0	0.0	0.0	0.0	0.0	0.0	0.0	0.0	0.0	0.0	0.0	0.0	0.0	0.0	0.0	0.0	0.0	26792.571963820606	-1178.0258288317214	124.3818736021	26818.745834590805	-26764.318967925028	734.3535649980635	-1538.5949263595778	26818.562961551026	0.0	0.0	0.0	0.0	0.0	0.0	0.0	0.0	0.0	0.0	0.0	0.0	0.0	0.0	0.0	0.0	0.0	0.0	0.0	0.0	0.0	0.0	0.0	0.0	0.0	0.0	0.0	0.0	26732.250304130946	-1872.4580673441621	1056.4155366168388	26818.562961551026	0.0	0.0	0.0	0.0	0.0	0.0	0.0	0.0	0.0	0.0	0.0	0.0	0.0	0.0	0.0	0.0	0.0	0.0	0.0	0.0	0.0	0.0	0.0	0.0	0.0	0.0	0.0	0.0	0.0	0.0	0.0	0.0	0.0	0.0	0.0	0.0	0.0	0.0	0.0	0.0	0.0	0.0	0.0	0.0	0.0	0.0	0.0	0.0	0.0	0.0	0.0	0.0	0.0	0.0	0.0	0.0	0.0	0.0	0.0	0.0	0.0	0.0	0.0	0.0	0.0	0.0	0.0	0.0	0.0	0.0	0.0	0.0	0.0	0.0	0.0	0.0	0.0	0.0	0.0	0.0	0.0	0.0	0.0	0.0	0.0	0.0	0.0	0.0	0.0	0.0	0.0	0.0	0.0	0.0	0.0	0.0	0.0	0.0	0.0	0.0	28.082667688945705	-2.517332311054289	0.11830823064713182	-0.6019261271027729	36.17867192376193	0.2778439410106565	0.0442625218433446	-2.1961721939329295	0.0024590886303039604
352.0	352.4598	2600.0	2585.5095832508437	-0.13409324992164526	-0.5548293051896179	28.097689628397458	-105.02846900986151	-89.82299498024076	232.13041417702084	270.154916512306	-92.33347789640536	-102.82839388675345	232.13041417702098	270.15491651230525	0.0	0.0	0.0	17.206810761711587	17.080890688517066	-0.5126590651289954	-15.475160692287131	1.6559144277030677	0.3678581526671398	1.4900659819340834	0.0	0.0	0.0	0.0	0.0	0.0	0.0	0.0	0.0	0.0	0.0	0.0	0.0	0.0	0.0	0.0	0.0	0.0	0.0	0.0	0.0	0.0	0.0	0.0	0.0	0.0	0.0	0.0	0.0	0.0	0.0	0.0	0.0	0.0	0.0	0.0	0.0	0.0	0.0	0.0	0.0	0.0	0.0	0.0	0.0	0.0	0.0	0.0	26797.22419641172	-1176.8699512537494	132.25446582941234	26823.38044987338	-26774.874558464377	745.9061682987301	-1426.2548079658955	26823.207981348078	0.0	0.0	0.0	0.0	0.0	0.0	0.0	0.0	0.0	0.0	0.0	0.0	0.0	0.0	0.0	0.0	0.0	0.0	0.0	0.0	0.0	0.0	0.0	0.0	0.0	0.0	0.0	0.0	26741.0645522709	-1872.812360384447	944.7364101840025	26823.207981348078	0.0	0.0	0.0	0.0	0.0	0.0	0.0	0.0	0.0	0.0	0.0	0.0	0.0	0.0	0.0	0.0	0.0	0.0	0.0	0.0	0.0	0.0	0.0	0.0	0.0	0.0	0.0	0.0	0.0	0.0	0.0	0.0	0.0	0.0	0.0	0.0	0.0	0.0	0.0	0.0	0.0	0.0	0.0	0.0	0.0	0.0	0.0	0.0	0.0	0.0	0.0	0.0	0.0	0.0	0.0	0.0	0.0	0.0	0.0	0.0	0.0	0.0	0.0	0.0	0.0	0.0	0.0	0.0	0.0	0.0	0.0	0.0	0.0	0.0	0.0	0.0	0.0	0.0	0.0	0.0	0.0	0.0	0.0	0.0	0.0	0.0	0.0	0.0	0.0	0.0	0.0	0.0	0.0	0.0	0.0	0.0	0.0	0.0	0.0	0.0	28.072190758452443	-2.5278092415475624	0.11833931376339608	-0.6024163481171625	36.19621887403796	0.27779107132929426	0.04423628912443436	-2.2061149983543817	0.0022755934518311
353.0	353.4598	2600.0	2585.6046014068556	-0.11427185251338914	-0.5590180524379978	28.094843192167588	-104.40554101782617	-90.68011070559076	228.82087449319062	267.36191216519916	-93.3976415957459	-101.9817631596743	228.82087449319076	267.36191216519944	0.0	0.0	0.0	17.533984144881085	17.39280890995213	-0.5115137107286731	-15.504356780756597	1.6947890025752586	0.36583374861940804	1.4927951526716547	0.0	0.0	0.0	0.0	0.0	0.0	0.0	0.0	0.0	0.0	0.0	0.0	0.0	0.0	0.0	0.0	0.0	0.0	0.0	0.0	0.0	0.0	0.0	0.0	0.0	0.0	0.0	0.0	0.0	0.0	0.0	0.0	0.0	0.0	0.0	0.0	0.0	0.0	0.0	0.0	0.0	0.0	0.0	0.0	0.0	0.0	0.0	0.0	26800.505198180108	-1175.6998541449911	134.9461386652495	26826.62035152874	-26784.065369773394	760.8196667994895	-1302.3130290891474	26826.498532671358	0.0	0.0	0.0	0.0	0.0	0.0	0.0	0.0	0.0	0.0	0.0	0.0	0.0	0.0	0.0	0.0	0.0	0.0	0.0	0.0	0.0	0.0	0.0	0.0	0.0	0.0	0.0	0.0	26748.42528464969	-1873.0592945348692	821.2290752820612	26826.498532671358	0.0	0.0	0.0	0.0	0.0	0.0	0.0	0.0	0.0	0.0	0.0	0.0	0.0	0.0	0.0	0.0	0.0	0.0	0.0	0.0	0.0	0.0	0.0	0.0	0.0	0.0	0.0	0.0	0.0	0.0	0.0	0.0	0.0	0.0	0.0	0.0	0.0	0.0	0.0	0.0	0.0	0.0	0.0	0.0	0.0	0.0	0.0	0.0	0.0	0.0	0.0	0.0	0.0	0.0	0.0	0.0	0.0	0.0	0.0	0.0	0.0	0.0	0.0	0.0	0.0	0.0	0.0	0.0	0.0	0.0	0.0	0.0	0.0	0.0	0.0	0.0	0.0	0.0	0.0	0.0	0.0	0.0	0.0	0.0	0.0	0.0	0.0	0.0	0.0	0.0	0.0	0.0	0.0	0.0	0.0	0.0	0.0	0.0	0.0	0.0	28.063044443524596	-2.536955556475401	0.11836651487189669	-0.6028258687757064	36.21180426379286	0.27773820453297365	0.04420950723347251	-2.214807118171735	0.00205506441290607
354.0	354.4599	2600.0	2585.804965671498	-0.09432369403896151	-0.5625225584029677	28.092428155558363	-103.30347864821852	-92.15006601772254	227.20294353763094	266.05341741849026	-93.92452839850012	-101.69280374251319	227.20294353763106	266.05341741849116	0.0	0.0	0.0	17.856498128649985	17.70047257666695	-0.5102636134619787	-15.528379608106041	1.7336551094528416	0.3640600592291043	1.4952154819372567	0.0	0.0	0.0	0.0	0.0	0.0	0.0	0.0	0.0	0.0	0.0	0.0	0.0	0.0	0.0	0.0	0.0	0.0	0.0	0.0	0.0	0.0	0.0	0.0	0.0	0.0	0.0	0.0	0.0	0.0	0.0	0.0	0.0	0.0	0.0	0.0	0.0	0.0	0.0	0.0	0.0	0.0	0.0	0.0	0.0	0.0	0.0	0.0	26801.49767066095	-1174.6418347461686	135.77573105400697	26827.569697598832	-26790.60375311375	777.8693494385808	-1171.0235688205887	26827.464031843974	0.0	0.0	0.0	0.0	0.0	0.0	0.0	0.0	0.0	0.0	0.0	0.0	0.0	0.0	0.0	0.0	0.0	0.0	0.0	0.0	0.0	0.0	0.0	0.0	0.0	0.0	0.0	0.0	26753.090059484002	-1873.1134370246261	690.2497381803536	26827.464031843974	0.0	0.0	0.0	0.0	0.0	0.0	0.0	0.0	0.0	0.0	0.0	0.0	0.0	0.0	0.0	0.0	0.0	0.0	0.0	0.0	0.0	0.0	0.0	0.0	0.0	0.0	0.0	0.0	0.0	0.0	0.0	0.0	0.0	0.0	0.0	0.0	0.0	0.0	0.0	0.0	0.0	0.0	0.0	0.0	0.0	0.0	0.0	0.0	0.0	0.0	0.0	0.0	0.0	0.0	0.0	0.0	0.0	0.0	0.0	0.0	0.0	0.0	0.0	0.0	0.0	0.0	0.0	0.0	0.0	0.0	0.0	0.0	0.0	0.0	0.0	0.0	0.0	0.0	0.0	0.0	0.0	0.0	0.0	0.0	0.0	0.0	0.0	0.0	0.0	0.0	0.0	0.0	0.0	0.0	0.0	0.0	0.0	0.0	0.0	0.0	28.05525051538576	-2.544749484614236	0.11838777300272321	-0.6031647243782305	36.225399664010624	0.2776853302089737	0.04418940999443348	-2.2222167136346194	0.0018234074345222899
355.0	355.4599	2600.0	2586.1086724027637	-0.07428551025983829	-0.5653530758081213	28.090447114009606	-100.37856947647923	-106.22649113199803	245.7707061235223	285.9425897218104	-91.65514963382701	-113.83873758067783	245.7707061235224	285.942589721812	0.0	0.0	0.0	18.174146890445076	18.003772202796547	-0.5089727472354805	-15.54718936643493	1.7725079873797096	0.36257244656329407	1.4973688605630067	0.0	0.0	0.0	0.0	0.0	0.0	0.0	0.0	0.0	0.0	0.0	0.0	0.0	0.0	0.0	0.0	0.0	0.0	0.0	0.0	0.0	0.0	0.0	0.0	0.0	0.0	0.0	0.0	0.0	0.0	0.0	0.0	0.0	0.0	0.0	0.0	0.0	0.0	0.0	0.0	0.0	0.0	0.0	0.0	0.0	0.0	0.0	0.0	26807.301665833915	-1173.859531952223	137.5863508606944	26833.34304196405	-26801.202053237535	794.7089392371655	-1042.0563208097772	26833.22334667058	0.0	0.0	0.0	0.0	0.0	0.0	0.0	0.0	0.0	0.0	0.0	0.0	0.0	0.0	0.0	0.0	0.0	0.0	0.0	0.0	0.0	0.0	0.0	0.0	0.0	0.0	0.0	0.0	26761.844054208705	-1873.5326667863199	561.6523275176713	26833.22334667058	0.0	0.0	0.0	0.0	0.0	0.0	0.0	0.0	0.0	0.0	0.0	0.0	0.0	0.0	0.0	0.0	0.0	0.0	0.0	0.0	0.0	0.0	0.0	0.0	0.0	0.0	0.0	0.0	0.0	0.0	0.0	0.0	0.0	0.0	0.0	0.0	0.0	0.0	0.0	0.0	0.0	0.0	0.0	0.0	0.0	0.0	0.0	0.0	0.0	0.0	0.0	0.0	0.0	0.0	0.0	0.0	0.0	0.0	0.0	0.0	0.0	0.0	0.0	0.0	0.0	0.0	0.0	0.0	0.0	0.0	0.0	0.0	0.0	0.0	0.0	0.0	0.0	0.0	0.0	0.0	0.0	0.0	0.0	0.0	0.0	0.0	0.0	0.0	0.0	0.0	0.0	0.0	0.0	0.0	0.0	0.0	0.0	0.0	0.0	0.0	28.048804059411555	-2.551195940588446	0.1184062633257569	-0.6034535315313401	36.236967846481825	0.2776324573531499	0.04416036275556676	-2.2283275564127076	0.00160410861930234
356.0	356.46	2600.0	2585.8133819468817	-0.05415317276149495	-0.5674822200569337	28.08891143207186	-103.13257929311294	-99.44398767552048	234.7558172991145	275.0195072212779	-96.79558373462531	-105.62220678404991	234.75581729911463	275.0195072212783	0.0	0.0	0.0	18.48683681681868	18.302644667165087	-0.5076485987063234	-15.560799380391874	1.8114665165558426	0.3613598124612381	1.499436056621359	0.0	0.0	0.0	0.0	0.0	0.0	0.0	0.0	0.0	0.0	0.0	0.0	0.0	0.0	0.0	0.0	0.0	0.0	0.0	0.0	0.0	0.0	0.0	0.0	0.0	0.0	0.0	0.0	0.0	0.0	0.0	0.0	0.0	0.0	0.0	0.0	0.0	0.0	0.0	0.0	0.0	0.0	0.0	0.0	0.0	0.0	0.0	0.0	26804.215634005457	-1172.708823177015	145.08859482552907	26830.24920567396	-26802.132667128095	808.46107870881	-922.7275286836391	26830.19476102089	0.0	0.0	0.0	0.0	0.0	0.0	0.0	0.0	0.0	0.0	0.0	0.0	0.0	0.0	0.0	0.0	0.0	0.0	0.0	0.0	0.0	0.0	0.0	0.0	0.0	0.0	0.0	0.0	26761.053552209698	-1873.1767540257304	443.3650169496122	26830.19476102089	0.0	0.0	0.0	0.0	0.0	0.0	0.0	0.0	0.0	0.0	0.0	0.0	0.0	0.0	0.0	0.0	0.0	0.0	0.0	0.0	0.0	0.0	0.0	0.0	0.0	0.0	0.0	0.0	0.0	0.0	0.0	0.0	0.0	0.0	0.0	0.0	0.0	0.0	0.0	0.0	0.0	0.0	0.0	0.0	0.0	0.0	0.0	0.0	0.0	0.0	0.0	0.0	0.0	0.0	0.0	0.0	0.0	0.0	0.0	0.0	0.0	0.0	0.0	0.0	0.0	0.0	0.0	0.0	0.0	0.0	0.0	0.0	0.0	0.0	0.0	0.0	0.0	0.0	0.0	0.0	0.0	0.0	0.0	0.0	0.0	0.0	0.0	0.0	0.0	0.0	0.0	0.0	0.0	0.0	0.0	0.0	0.0	0.0	0.0	0.0	28.0437364243423	-2.556263575657699	0.11843253172606924	-0.6037540134178953	36.246511509741325	0.2775795431664695	0.044130879977793795	-2.2330471038773685	0.0013894196027636296
357.0	357.46	2600.0	2586.1934003932397	-0.03396118810604257	-0.5689156675801071	28.087823154869913	-100.90825983466492	-103.74914851496942	240.22186646916893	280.451257530382	-96.21137440617532	-108.11907396623428	240.22186646916904	280.4512575303819	0.0	0.0	0.0	18.794655161013374	18.597049489389278	-0.5061375197045263	-15.5692158995863	1.8504210029707118	0.3604116268511453	1.5013378783807352	0.0	0.0	0.0	0.0	0.0	0.0	0.0	0.0	0.0	0.0	0.0	0.0	0.0	0.0	0.0	0.0	0.0	0.0	0.0	0.0	0.0	0.0	0.0	0.0	0.0	0.0	0.0	0.0	0.0	0.0	0.0	0.0	0.0	0.0	0.0	0.0	0.0	0.0	0.0	0.0	0.0	0.0	0.0	0.0	0.0	0.0	0.0	0.0	26808.556237459474	-1172.070442168017	138.7700862060426	26834.524288596156	-26810.26435101809	828.2676144667367	-783.9884982745541	26834.51023920639	0.0	0.0	0.0	0.0	0.0	0.0	0.0	0.0	0.0	0.0	0.0	0.0	0.0	0.0	0.0	0.0	0.0	0.0	0.0	0.0	0.0	0.0	0.0	0.0	0.0	0.0	0.0	0.0	26767.288812315466	-1873.564002947871	304.87266689874497	26834.51023920639	0.0	0.0	0.0	0.0	0.0	0.0	0.0	0.0	0.0	0.0	0.0	0.0	0.0	0.0	0.0	0.0	0.0	0.0	0.0	0.0	0.0	0.0	0.0	0.0	0.0	0.0	0.0	0.0	0.0	0.0	0.0	0.0	0.0	0.0	0.0	0.0	0.0	0.0	0.0	0.0	0.0	0.0	0.0	0.0	0.0	0.0	0.0	0.0	0.0	0.0	0.0	0.0	0.0	0.0	0.0	0.0	0.0	0.0	0.0	0.0	0.0	0.0	0.0	0.0	0.0	0.0	0.0	0.0	0.0	0.0	0.0	0.0	0.0	0.0	0.0	0.0	0.0	0.0	0.0	0.0	0.0	0.0	0.0	0.0	0.0	0.0	0.0	0.0	0.0	0.0	0.0	0.0	0.0	0.0	0.0	0.0	0.0	0.0	0.0	0.0	28.040045462007505	-2.5599545379924966	0.11846027699700304	-0.6040384601541827	36.254108987736025	0.277526676686303	0.044109311378764046	-2.236405839924736	0.00116209874110343
358.0	358.4601	2600.0	2586.1555700974036	-0.013739849415209464	-0.5696504905465841	28.087185571479182	-100.38215733250033	-110.33168350513009	238.05500582628258	280.9267585951086	-97.38092425436116	-112.98943971527115	238.05500582628267	280.9267585951114	0.0	0.0	0.0	19.0973702534583	18.886841033852402	-0.5045283639410988	-15.57276119583952	1.8893594234646163	0.3594054984924231	1.5031337407096137	0.0	0.0	0.0	0.0	0.0	0.0	0.0	0.0	0.0	0.0	0.0	0.0	0.0	0.0	0.0	0.0	0.0	0.0	0.0	0.0	0.0	0.0	0.0	0.0	0.0	0.0	0.0	0.0	0.0	0.0	0.0	0.0	0.0	0.0	0.0	0.0	0.0	0.0	0.0	0.0	0.0	0.0	0.0	0.0	0.0	0.0	0.0	0.0	26810.238362378826	-1171.225211880031	135.5042801052404	26836.151194879636	-26814.932292508896	847.91596867845	-645.2633318532995	26836.093607475923	0.0	0.0	0.0	0.0	0.0	0.0	0.0	0.0	0.0	0.0	0.0	0.0	0.0	0.0	0.0	0.0	0.0	0.0	0.0	0.0	0.0	0.0	0.0	0.0	0.0	0.0	0.0	0.0	26770.090205078886	-1873.6160099554393	166.594022666676	26836.093607475923	0.0	0.0	0.0	0.0	0.0	0.0	0.0	0.0	0.0	0.0	0.0	0.0	0.0	0.0	0.0	0.0	0.0	0.0	0.0	0.0	0.0	0.0	0.0	0.0	0.0	0.0	0.0	0.0	0.0	0.0	0.0	0.0	0.0	0.0	0.0	0.0	0.0	0.0	0.0	0.0	0.0	0.0	0.0	0.0	0.0	0.0	0.0	0.0	0.0	0.0	0.0	0.0	0.0	0.0	0.0	0.0	0.0	0.0	0.0	0.0	0.0	0.0	0.0	0.0	0.0	0.0	0.0	0.0	0.0	0.0	0.0	0.0	0.0	0.0	0.0	0.0	0.0	0.0	0.0	0.0	0.0	0.0	0.0	0.0	0.0	0.0	0.0	0.0	0.0	0.0	0.0	0.0	0.0	0.0	0.0	0.0	0.0	0.0	0.0	0.0	28.037736866413663	-2.5622631335863377	0.11848941680834559	-0.6042977408224722	36.25968762865845	0.27747380983841835	0.044079102925848705	-2.2384063990189635	0.0009281501160886464
359.0	359.4601	2600.0	2586.630693006068	0.0065246438389502505	-0.5696738379484038	28.087003567910163	-97.81303647297682	-100.12543484017439	222.52366749272542	262.88643061293766	-96.86526197895908	-101.04263371342311	222.52366749272554	262.8864306129368	0.0	0.0	0.0	19.39518168445147	19.17199993562874	-0.5028489577929217	-15.57413425572218	1.9289836036691952	0.35564096014974245	1.5055740702835545	0.0	0.0	0.0	0.0	0.0	0.0	0.0	0.0	0.0	0.0	0.0	0.0	0.0	0.0	0.0	0.0	0.0	0.0	0.0	0.0	0.0	0.0	0.0	0.0	0.0	0.0	0.0	0.0	0.0	0.0	0.0	0.0	0.0	0.0	0.0	0.0	0.0	0.0	0.0	0.0	0.0	0.0	0.0	0.0	0.0	0.0	0.0	0.0	26814.380861482747	-1170.1124620316964	119.42483208436668	26840.16479921412	-26821.479768890615	868.075483205697	-504.37767671129353	26840.263204341278	0.0	0.0	0.0	0.0	0.0	0.0	0.0	0.0	0.0	0.0	0.0	0.0	0.0	0.0	0.0	0.0	0.0	0.0	0.0	0.0	0.0	0.0	0.0	0.0	0.0	0.0	0.0	0.0	26774.75281380652	-1873.9415245888447	26.149575476686014	26840.263204341278	0.0	0.0	0.0	0.0	0.0	0.0	0.0	0.0	0.0	0.0	0.0	0.0	0.0	0.0	0.0	0.0	0.0	0.0	0.0	0.0	0.0	0.0	0.0	0.0	0.0	0.0	0.0	0.0	0.0	0.0	0.0	0.0	0.0	0.0	0.0	0.0	0.0	0.0	0.0	0.0	0.0	0.0	0.0	0.0	0.0	0.0	0.0	0.0	0.0	0.0	0.0	0.0	0.0	0.0	0.0	0.0	0.0	0.0	0.0	0.0	0.0	0.0	0.0	0.0	0.0	0.0	0.0	0.0	0.0	0.0	0.0	0.0	0.0	0.0	0.0	0.0	0.0	0.0	0.0	0.0	0.0	0.0	0.0	0.0	0.0	0.0	0.0	0.0	0.0	0.0	0.0	0.0	0.0	0.0	0.0	0.0	0.0	0.0	0.0	0.0	28.03682511357484	-2.563174886425163	0.11853517921850208	-0.6045416194951816	36.2631960281213	0.277420941317018	0.044042649048697875	-2.2390261030275846	0.000677537730845111
360.0	360.4602	2600.0	2586.576637777193	0.02681116789592466	-0.5689938065209467	28.087275753735298	-96.75960776124158	-87.76165865952134	183.07716966066195	224.90393610548145	-97.46133368871054	-86.98171566712699	183.07716966066204	224.90393610548028	0.0	0.0	0.0	19.688107390532448	19.45239557192012	-0.501061197771505	-15.574537129609006	1.969672303055647	0.347902002400622	1.5090307281950956	0.0	0.0	0.0	0.0	0.0	0.0	0.0	0.0	0.0	0.0	0.0	0.0	0.0	0.0	0.0	0.0	0.0	0.0	0.0	0.0	0.0	0.0	0.0	0.0	0.0	0.0	0.0	0.0	0.0	0.0	0.0	0.0	0.0	0.0	0.0	0.0	0.0	0.0	0.0	0.0	0.0	0.0	0.0	0.0	0.0	0.0	0.0	0.0	26817.14898557492	-1168.670101253291	89.97398325194906	26842.7525570264	-26825.66083848258	892.8231364303643	-345.66790755528143	26842.740152163264	0.0	0.0	0.0	0.0	0.0	0.0	0.0	0.0	0.0	0.0	0.0	0.0	0.0	0.0	0.0	0.0	0.0	0.0	0.0	0.0	0.0	0.0	0.0	0.0	0.0	0.0	0.0	0.0	26776.894214627577	-1874.313059642736	-132.610895684544	26842.740152163264	0.0	0.0	0.0	0.0	0.0	0.0	0.0	0.0	0.0	0.0	0.0	0.0	0.0	0.0	0.0	0.0	0.0	0.0	0.0	0.0	0.0	0.0	0.0	0.0	0.0	0.0	0.0	0.0	0.0	0.0	0.0	0.0	0.0	0.0	0.0	0.0	0.0	0.0	0.0	0.0	0.0	0.0	0.0	0.0	0.0	0.0	0.0	0.0	0.0	0.0	0.0	0.0	0.0	0.0	0.0	0.0	0.0	0.0	0.0	0.0	0.0	0.0	0.0	0.0	0.0	0.0	0.0	0.0	0.0	0.0	0.0	0.0	0.0	0.0	0.0	0.0	0.0	0.0	0.0	0.0	0.0	0.0	0.0	0.0	0.0	0.0	0.0	0.0	0.0	0.0	0.0	0.0	0.0	0.0	0.0	0.0	0.0	0.0	0.0	0.0	28.03730325858988	-2.562696741410125	0.11858941237449631	-0.6048016480754542	36.26460979676886	0.27736807471412467	0.04400576509870151	-2.238241287055126	0.0004002993394039927
